city,orbit,date,month,apparent_solar_hour,source_run_id,pair_id,n_original_cells,n_original_blocks,f0,f1,halfwidth_fraction,spanning_blocks,reference_cells,reference_whole_native_area_km2,reference_cell_fraction,endpoint_status,lower_band_lo,lower_band_hi,lower_cells,lower_blocks,lower_cells_in_reference,lower_fraction,lower_density_per_fraction,upper_band_lo,upper_band_hi,upper_cells,upper_blocks,upper_cells_in_reference,upper_fraction,upper_density_per_fraction,blocks_with_both_neighbourhoods,cells_in_both_neighbourhoods
atlanta,27835,2023-06-03,6,11.709323622945252,pooled_pilot_20260919_atlanta,near_-0.02,485177,7327,0.008509538620710373,0.10850953862071037,0.01,274,21968,107.6432,0.045278321107554566,BLOCK_SPANNED,0,0.01850953862071037,3671,1010,1540,0.007566310851503678,0.4087790088423767,0.09850953862071038,0.11850953862071037,21074,5060,693,0.04343569460217611,2.1717847301088065,812,0
atlanta,27835,2023-06-03,6,11.709323622945252,pooled_pilot_20260919_atlanta,near_-0.02,485177,7327,0.008509538620710373,0.10850953862071037,0.025,274,21968,107.6432,0.045278321107554566,BLOCK_SPANNED,0,0.03350953862071038,19226,2849,2652,0.039626775383004555,1.1825521034931068,0.08350953862071037,0.13350953862071038,53425,5990,1716,0.11011445307588777,2.202289061517755,2700,0
atlanta,27835,2023-06-03,6,11.709323622945252,pooled_pilot_20260919_atlanta,near_-0.02,485177,7327,0.008509538620710373,0.10850953862071037,0.05,274,21968,107.6432,0.045278321107554566,BLOCK_SPANNED,0,0.05850953862071037,58332,4580,4036,0.12022828782073347,2.054849357129895,0.05850953862071037,0.15850953862071038,112069,6504,3540,0.23098580518037748,2.309858051803775,4487,0
atlanta,27835,2023-06-03,6,11.709323622945252,pooled_pilot_20260919_atlanta,near_-0.01,485177,7327,0.01850953862071037,0.11850953862071037,0.01,998,77953,381.9697,0.1606691990758012,BLOCK_SPANNED,0.00850953862071037,0.028509538620710373,12347,2228,7326,0.025448444588263664,1.272422229413183,0.10850953862071037,0.12850953862071038,18649,5001,2520,0.03843751867875023,1.9218759339375109,1827,0
atlanta,27835,2023-06-03,6,11.709323622945252,pooled_pilot_20260919_atlanta,near_-0.01,485177,7327,0.01850953862071037,0.11850953862071037,0.025,998,77953,381.9697,0.1606691990758012,BLOCK_SPANNED,0,0.04350953862071037,33750,3710,13195,0.06956224223324683,1.5987814267498455,0.09350953862071038,0.14350953862071036,47522,6069,6410,0.0979477592713587,1.9589551854271743,3496,0
atlanta,27835,2023-06-03,6,11.709323622945252,pooled_pilot_20260919_atlanta,near_-0.01,485177,7327,0.01850953862071037,0.11850953862071037,0.05,998,77953,381.9697,0.1606691990758012,BLOCK_SPANNED,0,0.06850953862071038,75253,5030,20283,0.15510421969714144,2.2639799189985137,0.06850953862071037,0.1685095386207104,101429,6572,13984,0.20905566422151092,2.090556642215109,4919,0
atlanta,27835,2023-06-03,6,11.709323622945252,pooled_pilot_20260919_atlanta,historical,485177,7327,0.028509538620710373,0.12850953862071038,0.01,2262,184256,902.8543999999999,0.37977068162752975,BLOCK_SPANNED,0.01850953862071037,0.038509538620710375,22460,3154,19270,0.046292384016554784,2.314619200827739,0.11850953862071038,0.1385095386207104,16610,4973,6613,0.03423492869612533,1.711746434806266,2576,0
atlanta,27835,2023-06-03,6,11.709323622945252,pooled_pilot_20260919_atlanta,historical,485177,7327,0.028509538620710373,0.12850953862071038,0.025,2262,184256,902.8543999999999,0.37977068162752975,BLOCK_SPANNED,0.0035095386207103715,0.053509538620710374,49585,4324,38831,0.10219981573734946,2.043996314746989,0.10350953862071038,0.15350953862071037,42620,6087,16921,0.0878442300438809,1.7568846008776182,4028,0
atlanta,27835,2023-06-03,6,11.709323622945252,pooled_pilot_20260919_atlanta,historical,485177,7327,0.028509538620710373,0.12850953862071038,0.05,2262,184256,902.8543999999999,0.37977068162752975,BLOCK_SPANNED,0,0.07850953862071038,91586,5359,62522,0.18876822273108576,2.4043985743318297,0.07850953862071038,0.1785095386207104,90989,6601,37359,0.1875377439573599,1.8753774395735985,5225,0
atlanta,27835,2023-06-03,6,11.709323622945252,pooled_pilot_20260919_atlanta,near_+0.01,485177,7327,0.038509538620710375,0.1385095386207104,0.01,3260,256129,1255.0321,0.5279083715839786,BLOCK_SPANNED,0.028509538620710373,0.04850953862071038,28639,3771,26582,0.059027942379791296,2.951397118989564,0.12850953862071038,0.1485095386207104,15211,4935,8595,0.03135144493659015,1.5675722468295061,3000,0
atlanta,27835,2023-06-03,6,11.709323622945252,pooled_pilot_20260919_atlanta,near_+0.01,485177,7327,0.038509538620710375,0.1385095386207104,0.025,3260,256129,1255.0321,0.5279083715839786,BLOCK_SPANNED,0.013509538620710373,0.06350953862071038,65288,4801,58460,0.13456532358293982,2.6913064716587964,0.11350953862071039,0.16350953862071038,38656,6080,22122,0.07967401587461895,1.5934803174923793,4425,0
atlanta,27835,2023-06-03,6,11.709323622945252,pooled_pilot_20260919_atlanta,near_+0.01,485177,7327,0.038509538620710375,0.1385095386207104,0.05,3260,256129,1255.0321,0.5279083715839786,BLOCK_SPANNED,0,0.08850953862071037,106093,5633,89254,0.21866865082227724,2.4705659325526175,0.08850953862071038,0.1885095386207104,81928,6623,48221,0.1688620853832725,1.6886208538327245,5465,0
atlanta,27835,2023-06-03,6,11.709323622945252,pooled_pilot_20260919_atlanta,near_+0.02,485177,7327,0.04850953862071038,0.14850953862071037,0.01,3995,302637,1482.9213,0.6237661719331296,BLOCK_SPANNED,0.038509538620710375,0.05850953862071038,32201,4168,30729,0.066369592952675,3.3184796476337493,0.13850953862071036,0.15850953862071038,13994,4834,9337,0.02884308200924611,1.4421541004623042,3218,0
atlanta,27835,2023-06-03,6,11.709323622945252,pooled_pilot_20260919_atlanta,near_+0.02,485177,7327,0.04850953862071038,0.14850953862071037,0.025,3995,302637,1482.9213,0.6237661719331296,BLOCK_SPANNED,0.023509538620710375,0.07350953862071039,75611,5121,70895,0.15584209474068228,3.116841894813645,0.12350953862071037,0.17350953862071036,35484,6103,23816,0.07313619565643054,1.462723913128611,4690,0
atlanta,27835,2023-06-03,6,11.709323622945252,pooled_pilot_20260919_atlanta,near_+0.02,485177,7327,0.04850953862071038,0.14850953862071037,0.05,3995,302637,1482.9213,0.6237661719331296,BLOCK_SPANNED,0,0.09850953862071038,118723,5837,107465,0.2447003876935634,2.4840273451663313,0.09850953862071037,0.19850953862071036,74362,6624,51507,0.15326777650218373,1.5326777650218375,5638,0
atlanta,27835,2023-06-03,6,11.709323622945252,pooled_pilot_20260919_atlanta,grid_00,485177,7327,0,0.1,0.01,69,5378,26.3522,0.011084614480900784,BLOCK_SPANNED,0,0.01,889,354,310,0.001832320988010561,0.1832320988010561,0.09000000000000001,0.11,23318,5054,192,0.048060810796884436,2.403040539844223,271,0
atlanta,27835,2023-06-03,6,11.709323622945252,pooled_pilot_20260919_atlanta,grid_00,485177,7327,0,0.1,0.025,69,5378,26.3522,0.011084614480900784,BLOCK_SPANNED,0,0.025,9410,1837,506,0.019394983686366007,0.7757993474546402,0.07500000000000001,0.125,59361,5940,452,0.1223491632950449,2.4469832659008985,1733,0
atlanta,27835,2023-06-03,6,11.709323622945252,pooled_pilot_20260919_atlanta,grid_00,485177,7327,0,0.1,0.05,69,5378,26.3522,0.011084614480900784,BLOCK_SPANNED,0,0.05,44071,4141,741,0.09083489118404212,1.8166978236808422,0.05,0.15000000000000002,120673,6473,874,0.24871953946703987,2.4871953946703984,4072,0
atlanta,27835,2023-06-03,6,11.709323622945252,pooled_pilot_20260919_atlanta,grid_01,485177,7327,0.1,0.2,0.01,5760,408143,1999.9007,0.8412249550164167,BLOCK_SPANNED,0.09000000000000001,0.11,23318,5054,22836,0.048060810796884436,2.403040539844223,0.19,0.21000000000000002,9608,4363,8488,0.019803082174134387,0.9901541087067185,3412,0
atlanta,27835,2023-06-03,6,11.709323622945252,pooled_pilot_20260919_atlanta,grid_01,485177,7327,0.1,0.2,0.025,5760,408143,1999.9007,0.8412249550164167,BLOCK_SPANNED,0.07500000000000001,0.125,59361,5940,58052,0.1223491632950449,2.4469832659008985,0.17500000000000002,0.225,24573,5829,21799,0.05064749565622443,1.0129499131244888,5143,0
atlanta,27835,2023-06-03,6,11.709323622945252,pooled_pilot_20260919_atlanta,grid_01,485177,7327,0.1,0.2,0.05,5760,408143,1999.9007,0.8412249550164167,BLOCK_SPANNED,0.05,0.15000000000000002,120673,6473,117314,0.24871953946703987,2.4871953946703984,0.15000000000000002,0.25,50615,6536,45085,0.10432275231513448,1.043227523151345,6086,0
atlanta,27835,2023-06-03,6,11.709323622945252,pooled_pilot_20260919_atlanta,grid_02,485177,7327,0.2,0.3,0.01,6639,455578,2232.3322,0.9389933982855742,BLOCK_SPANNED,0.19,0.21000000000000002,9608,4363,9507,0.019803082174134387,0.9901541087067185,0.29,0.31,6469,3649,6370,0.013333278370574037,0.6666639185287012,2617,0
atlanta,27835,2023-06-03,6,11.709323622945252,pooled_pilot_20260919_atlanta,grid_02,485177,7327,0.2,0.3,0.025,6639,455578,2232.3322,0.9389933982855742,BLOCK_SPANNED,0.17500000000000002,0.225,24573,5829,24311,0.05064749565622443,1.0129499131244888,0.27499999999999997,0.325,16085,5342,15832,0.033152849372497045,0.6630569874499403,4727,0
atlanta,27835,2023-06-03,6,11.709323622945252,pooled_pilot_20260919_atlanta,grid_02,485177,7327,0.2,0.3,0.05,6639,455578,2232.3322,0.9389933982855742,BLOCK_SPANNED,0.15000000000000002,0.25,50615,6536,50005,0.10432275231513448,1.043227523151345,0.25,0.35,32470,6265,31945,0.0669240297870674,0.6692402978706741,5947,0
atlanta,27835,2023-06-03,6,11.709323622945252,pooled_pilot_20260919_atlanta,grid_03,485177,7327,0.3,0.4,0.01,6761,459144,2249.8056,0.9463432932723521,BLOCK_SPANNED,0.29,0.31,6469,3649,6417,0.013333278370574037,0.6666639185287012,0.39,0.41000000000000003,5065,3220,5015,0.01043948909367097,0.5219744546835481,1989,0
atlanta,27835,2023-06-03,6,11.709323622945252,pooled_pilot_20260919_atlanta,grid_03,485177,7327,0.3,0.4,0.025,6761,459144,2249.8056,0.9463432932723521,BLOCK_SPANNED,0.27499999999999997,0.325,16085,5342,15955,0.033152849372497045,0.6630569874499403,0.375,0.42500000000000004,12452,5016,12346,0.02566486045298932,0.5132972090597859,4188,0
atlanta,27835,2023-06-03,6,11.709323622945252,pooled_pilot_20260919_atlanta,grid_03,485177,7327,0.3,0.4,0.05,6761,459144,2249.8056,0.9463432932723521,BLOCK_SPANNED,0.25,0.35,32470,6265,32186,0.0669240297870674,0.6692402978706741,0.35000000000000003,0.45,25030,6015,24802,0.051589419943649434,0.5158941994364945,5599,0
atlanta,27835,2023-06-03,6,11.709323622945252,pooled_pilot_20260919_atlanta,grid_04,485177,7327,0.4,0.5,0.01,6761,456733,2237.9917,0.9413739727975563,BLOCK_SPANNED,0.39,0.41000000000000003,5065,3220,5027,0.01043948909367097,0.5219744546835481,0.49,0.51,4379,2941,4347,0.009025572110796678,0.4512786055398335,1670,0
atlanta,27835,2023-06-03,6,11.709323622945252,pooled_pilot_20260919_atlanta,grid_04,485177,7327,0.4,0.5,0.025,6761,456733,2237.9917,0.9413739727975563,BLOCK_SPANNED,0.375,0.42500000000000004,12452,5016,12349,0.02566486045298932,0.5132972090597859,0.475,0.525,10994,4809,10920,0.022659771588513056,0.4531954317702607,3801,0
atlanta,27835,2023-06-03,6,11.709323622945252,pooled_pilot_20260919_atlanta,grid_04,485177,7327,0.4,0.5,0.05,6761,456733,2237.9917,0.9413739727975563,BLOCK_SPANNED,0.35000000000000003,0.45,25030,6015,24801,0.051589419943649434,0.5158941994364945,0.45,0.55,22156,5913,21981,0.04566580856058717,0.45665808560587157,5332,0
atlanta,27835,2023-06-03,6,11.709323622945252,pooled_pilot_20260919_atlanta,grid_05,485177,7327,0.5,0.6,0.01,6701,450325,2206.5924999999997,0.9281664217388705,BLOCK_SPANNED,0.49,0.51,4379,2941,4322,0.009025572110796678,0.4512786055398335,0.59,0.61,4576,3004,4534,0.009431609495091482,0.4715804747545737,1537,0
atlanta,27835,2023-06-03,6,11.709323622945252,pooled_pilot_20260919_atlanta,grid_05,485177,7327,0.5,0.6,0.025,6701,450325,2206.5924999999997,0.9281664217388705,BLOCK_SPANNED,0.475,0.525,10994,4809,10859,0.022659771588513056,0.4531954317702607,0.575,0.625,11364,4889,11270,0.023422379873736802,0.46844759747473563,3738,0
atlanta,27835,2023-06-03,6,11.709323622945252,pooled_pilot_20260919_atlanta,grid_05,485177,7327,0.5,0.6,0.05,6701,450325,2206.5924999999997,0.9281664217388705,BLOCK_SPANNED,0.45,0.55,22156,5913,21875,0.04566580856058717,0.45665808560587157,0.5499999999999999,0.65,22784,5932,22589,0.04696018154199395,0.4696018154199391,5255,0
atlanta,27835,2023-06-03,6,11.709323622945252,pooled_pilot_20260919_atlanta,grid_06,485177,7327,0.6,0.7,0.01,6592,441589,2163.7861,0.910160621793696,BLOCK_SPANNED,0.59,0.61,4576,3004,4515,0.009431609495091482,0.4715804747545737,0.69,0.71,5522,3348,5473,0.01138141338109597,0.5690706690547981,1782,0
atlanta,27835,2023-06-03,6,11.709323622945252,pooled_pilot_20260919_atlanta,grid_06,485177,7327,0.6,0.7,0.025,6592,441589,2163.7861,0.910160621793696,BLOCK_SPANNED,0.575,0.625,11364,4889,11210,0.023422379873736802,0.46844759747473563,0.6749999999999999,0.725,13862,5084,13747,0.028571016350733856,0.5714203270146766,3952,0
atlanta,27835,2023-06-03,6,11.709323622945252,pooled_pilot_20260919_atlanta,grid_06,485177,7327,0.6,0.7,0.05,6592,441589,2163.7861,0.910160621793696,BLOCK_SPANNED,0.5499999999999999,0.65,22784,5932,22464,0.04696018154199395,0.4696018154199391,0.6499999999999999,0.75,28818,6068,28563,0.0593968799015617,0.5939687990156165,5403,0
atlanta,27835,2023-06-03,6,11.709323622945252,pooled_pilot_20260919_atlanta,grid_07,485177,7327,0.7,0.8,0.01,6246,419666,2056.3633999999997,0.8649750503424524,BLOCK_SPANNED,0.69,0.71,5522,3348,5360,0.01138141338109597,0.5690706690547981,0.79,0.81,17753,4726,17588,0.03659076996642462,1.8295384983212295,2704,0
atlanta,27835,2023-06-03,6,11.709323622945252,pooled_pilot_20260919_atlanta,grid_07,485177,7327,0.7,0.8,0.025,6246,419666,2056.3633999999997,0.8649750503424524,BLOCK_SPANNED,0.6749999999999999,0.725,13862,5084,13459,0.028571016350733856,0.5714203270146766,0.775,0.8250000000000001,47416,5846,47026,0.09772928230315947,1.9545856460631876,4620,0
atlanta,27835,2023-06-03,6,11.709323622945252,pooled_pilot_20260919_atlanta,grid_07,485177,7327,0.7,0.8,0.05,6246,419666,2056.3633999999997,0.8649750503424524,BLOCK_SPANNED,0.6499999999999999,0.75,28818,6068,27961,0.0593968799015617,0.5939687990156165,0.75,0.8500000000000001,101165,6398,100361,0.2085115329044864,2.085115329044862,5768,0
atlanta,27835,2023-06-03,6,11.709323622945252,pooled_pilot_20260919_atlanta,grid_08,485177,7327,0.8,0.9,0.01,885,67122,328.89779999999996,0.13834538735348131,BLOCK_SPANNED,0.79,0.81,17753,4726,1445,0.03659076996642462,1.8295384983212295,0.89,0.91,3107,1237,2425,0.0064038484924058645,0.32019242462029296,834,0
atlanta,27835,2023-06-03,6,11.709323622945252,pooled_pilot_20260919_atlanta,grid_08,485177,7327,0.8,0.9,0.025,885,67122,328.89779999999996,0.13834538735348131,BLOCK_SPANNED,0.775,0.8250000000000001,47416,5846,4191,0.09772928230315947,1.9545856460631876,0.875,0.925,9935,2437,6239,0.02047706300999429,0.40954126019988546,2170,0
atlanta,27835,2023-06-03,6,11.709323622945252,pooled_pilot_20260919_atlanta,grid_08,485177,7327,0.8,0.9,0.05,885,67122,328.89779999999996,0.13834538735348131,BLOCK_SPANNED,0.75,0.8500000000000001,101165,6398,10876,0.2085115329044864,2.085115329044862,0.85,0.9500000000000001,37385,4673,13731,0.07705435335970172,0.7705435335970166,4506,0
atlanta,27835,2023-06-03,6,11.709323622945252,pooled_pilot_20260919_atlanta,grid_09,485177,7327,0.9,1,0.01,0,0,0,0,NO_BLOCK_SPANS_BOTH_ENDPOINTS,0.89,0.91,3107,1237,0,0.0064038484924058645,0.32019242462029296,0.99,1,0,0,0,0,0,0,0
atlanta,27835,2023-06-03,6,11.709323622945252,pooled_pilot_20260919_atlanta,grid_09,485177,7327,0.9,1,0.025,0,0,0,0,NO_BLOCK_SPANS_BOTH_ENDPOINTS,0.875,0.925,9935,2437,0,0.02047706300999429,0.40954126019988546,0.975,1,0,0,0,0,0,0,0
atlanta,27835,2023-06-03,6,11.709323622945252,pooled_pilot_20260919_atlanta,grid_09,485177,7327,0.9,1,0.05,0,0,0,0,NO_BLOCK_SPANS_BOTH_ENDPOINTS,0.85,0.9500000000000001,37385,4673,0,0.07705435335970172,0.7705435335970166,0.95,1,10,8,0,0.00002061103473577684,0.00041222069471553643,8,0
atlanta,27896,2023-06-07,6,10.055209145853059,pooled_pilot_20260919_atlanta,near_-0.02,510119,7557,0.008509538620710373,0.10850953862071037,0.01,299,24053,117.85969999999999,0.04715174302466679,BLOCK_SPANNED,0,0.01850953862071037,3861,1093,1612,0.0075688221767862005,0.40891468619954824,0.09850953862071038,0.11850953862071037,22036,5288,772,0.04319776365906779,2.1598881829533902,872,0
atlanta,27896,2023-06-07,6,10.055209145853059,pooled_pilot_20260919_atlanta,near_-0.02,510119,7557,0.008509538620710373,0.10850953862071037,0.025,299,24053,117.85969999999999,0.04715174302466679,BLOCK_SPANNED,0,0.03350953862071038,20037,3002,2807,0.03927907017774284,1.172175798131301,0.08350953862071037,0.13350953862071038,55859,6236,1917,0.10950190053693354,2.19003801073867,2842,0
atlanta,27896,2023-06-07,6,10.055209145853059,pooled_pilot_20260919_atlanta,near_-0.02,510119,7557,0.008509538620710373,0.10850953862071037,0.05,299,24053,117.85969999999999,0.04715174302466679,BLOCK_SPANNED,0,0.05850953862071037,60462,4781,4260,0.11852528527657272,2.0257429484261706,0.05850953862071037,0.15850953862071038,117039,6761,3911,0.22943470053066048,2.2943470053066046,4692,0
atlanta,27896,2023-06-07,6,10.055209145853059,pooled_pilot_20260919_atlanta,near_-0.01,510119,7557,0.01850953862071037,0.11850953862071037,0.01,1078,83889,411.0561,0.1644498636592638,BLOCK_SPANNED,0.00850953862071037,0.028509538620710373,12902,2356,7744,0.025292137716885668,1.2646068858442832,0.10850953862071037,0.12850953862071038,19466,5212,2721,0.038159723515493446,1.9079861757746719,1930,0
atlanta,27896,2023-06-07,6,10.055209145853059,pooled_pilot_20260919_atlanta,near_-0.01,510119,7557,0.01850953862071037,0.11850953862071037,0.025,1078,83889,411.0561,0.1644498636592638,BLOCK_SPANNED,0,0.04350953862071037,35025,3887,13815,0.06866044981661142,1.5780551114354797,0.09350953862071038,0.14350953862071036,49766,6320,6935,0.09755762871016371,1.9511525742032747,3672,0
atlanta,27896,2023-06-07,6,10.055209145853059,pooled_pilot_20260919_atlanta,near_-0.01,510119,7557,0.01850953862071037,0.11850953862071037,0.05,1078,83889,411.0561,0.1644498636592638,BLOCK_SPANNED,0,0.06850953862071038,78046,5237,21145,0.15299567355852262,2.233202509296598,0.06850953862071037,0.1685095386207104,106071,6824,14967,0.20793383504633234,2.079338350463323,5131,0
atlanta,27896,2023-06-07,6,10.055209145853059,pooled_pilot_20260919_atlanta,historical,510119,7557,0.028509538620710373,0.12850953862071038,0.01,2397,195123,956.1026999999999,0.3825048665115395,BLOCK_SPANNED,0.01850953862071037,0.038509538620710375,23303,3312,20044,0.0456814978465809,2.2840748923290444,0.11850953862071038,0.1385095386207104,17369,5192,6961,0.03404891799756527,1.7024458998782632,2701,0
atlanta,27896,2023-06-07,6,10.055209145853059,pooled_pilot_20260919_atlanta,historical,510119,7557,0.028509538620710373,0.12850953862071038,0.025,2397,195123,956.1026999999999,0.3825048665115395,BLOCK_SPANNED,0.0035095386207103715,0.053509538620710374,51345,4516,40328,0.10065298489176056,2.013059697835211,0.10350953862071038,0.15350953862071037,44722,6345,17891,0.08766973980581001,1.7533947961162006,4228,0
atlanta,27896,2023-06-07,6,10.055209145853059,pooled_pilot_20260919_atlanta,historical,510119,7557,0.028509538620710373,0.12850953862071038,0.05,2397,195123,956.1026999999999,0.3825048665115395,BLOCK_SPANNED,0,0.07850953862071038,94985,5575,65025,0.18620165098731864,2.3717073652270795,0.07850953862071038,0.1785095386207104,95359,6856,39363,0.1869348132494575,1.8693481324945744,5449,0
atlanta,27896,2023-06-07,6,10.055209145853059,pooled_pilot_20260919_atlanta,near_+0.01,510119,7557,0.038509538620710375,0.1385095386207104,0.01,3431,270138,1323.6761999999999,0.5295587892236909,BLOCK_SPANNED,0.028509538620710373,0.04850953862071038,29552,3936,27536,0.05793158067039259,2.896579033519629,0.12850953862071038,0.1485095386207104,16025,5183,9088,0.03141423863843534,1.5707119319217657,3171,0
atlanta,27896,2023-06-07,6,10.055209145853059,pooled_pilot_20260919_atlanta,near_+0.01,510119,7557,0.038509538620710375,0.1385095386207104,0.025,3431,270138,1323.6761999999999,0.5295587892236909,BLOCK_SPANNED,0.013509538620710373,0.06350953862071038,67637,5000,60764,0.13259063081359448,2.6518126162718896,0.11350953862071039,0.16350953862071038,40609,6354,23288,0.07960691524918695,1.5921383049837394,4639,0
atlanta,27896,2023-06-07,6,10.055209145853059,pooled_pilot_20260919_atlanta,near_+0.01,510119,7557,0.038509538620710375,0.1385095386207104,0.05,3431,270138,1323.6761999999999,0.5295587892236909,BLOCK_SPANNED,0,0.08850953862071037,110093,5862,92803,0.21581826985468097,2.4383617090077294,0.08850953862071038,0.1885095386207104,86012,6876,50675,0.16861163767669896,1.6861163767669893,5701,0
atlanta,27896,2023-06-07,6,10.055209145853059,pooled_pilot_20260919_atlanta,near_+0.02,510119,7557,0.04850953862071038,0.14850953862071037,0.01,4190,319481,1565.4569,0.6262871996534142,BLOCK_SPANNED,0.038509538620710375,0.05850953862071038,33298,4338,31900,0.06527496525320563,3.2637482626602807,0.13850953862071036,0.15850953862071038,14801,5078,9940,0.02901479850779916,1.4507399253899569,3390,0
atlanta,27896,2023-06-07,6,10.055209145853059,pooled_pilot_20260919_atlanta,near_+0.02,510119,7557,0.04850953862071038,0.14850953862071037,0.025,4190,319481,1565.4569,0.6262871996534142,BLOCK_SPANNED,0.023509538620710375,0.07350953862071039,78324,5329,73725,0.15354064443786647,3.0708128887573287,0.12350953862071037,0.17350953862071036,37375,6383,25198,0.07326721804128056,1.4653443608256114,4928,0
atlanta,27896,2023-06-07,6,10.055209145853059,pooled_pilot_20260919_atlanta,near_+0.02,510119,7557,0.04850953862071038,0.14850953862071037,0.05,4190,319481,1565.4569,0.6262871996534142,BLOCK_SPANNED,0,0.09850953862071038,123295,6077,111971,0.241698505642801,2.453554336229395,0.09850953862071037,0.19850953862071036,78184,6886,54328,0.15326619867129043,1.5326619867129045,5892,0
atlanta,27896,2023-06-07,6,10.055209145853059,pooled_pilot_20260919_atlanta,grid_00,510119,7557,0,0.1,0.01,76,5832,28.5768,0.011432626504795939,BLOCK_SPANNED,0,0.01,942,382,340,0.0018466279436758874,0.18466279436758873,0.09000000000000001,0.11,24419,5283,213,0.04786922267157271,2.393461133578637,296,0
atlanta,27896,2023-06-07,6,10.055209145853059,pooled_pilot_20260919_atlanta,grid_00,510119,7557,0,0.1,0.025,76,5832,28.5768,0.011432626504795939,BLOCK_SPANNED,0,0.025,9855,1957,555,0.019319021640048693,0.7727608656019477,0.07500000000000001,0.125,61992,6188,489,0.12152458543986795,2.4304917087973594,1841,0
atlanta,27896,2023-06-07,6,10.055209145853059,pooled_pilot_20260919_atlanta,grid_00,510119,7557,0,0.1,0.05,76,5832,28.5768,0.011432626504795939,BLOCK_SPANNED,0,0.05,45668,4329,807,0.08952420905710236,1.790484181142047,0.05,0.15000000000000002,125884,6723,949,0.2467737919975535,2.4677379199755345,4263,0
atlanta,27896,2023-06-07,6,10.055209145853059,pooled_pilot_20260919_atlanta,grid_01,510119,7557,0.1,0.2,0.01,6012,430178,2107.8722,0.8432895069581804,BLOCK_SPANNED,0.09000000000000001,0.11,24419,5283,23929,0.04786922267157271,2.393461133578637,0.19,0.21000000000000002,10162,4586,9022,0.019920841999611857,0.9960420999805919,3611,0
atlanta,27896,2023-06-07,6,10.055209145853059,pooled_pilot_20260919_atlanta,grid_01,510119,7557,0.1,0.2,0.025,6012,430178,2107.8722,0.8432895069581804,BLOCK_SPANNED,0.07500000000000001,0.125,61992,6188,60669,0.12152458543986795,2.4304917087973594,0.17500000000000002,0.225,25936,6085,23090,0.05084303858511446,1.0168607717022893,5397,0
atlanta,27896,2023-06-07,6,10.055209145853059,pooled_pilot_20260919_atlanta,grid_01,510119,7557,0.1,0.2,0.05,6012,430178,2107.8722,0.8432895069581804,BLOCK_SPANNED,0.05,0.15000000000000002,125884,6723,122570,0.2467737919975535,2.4677379199755345,0.15000000000000002,0.25,53366,6792,47653,0.10461480556497602,1.0461480556497604,6340,0
atlanta,27896,2023-06-07,6,10.055209145853059,pooled_pilot_20260919_atlanta,grid_02,510119,7557,0.2,0.3,0.01,6900,480370,2353.813,0.9416822349294969,BLOCK_SPANNED,0.19,0.21000000000000002,10162,4586,10057,0.019920841999611857,0.9960420999805919,0.29,0.31,6794,3823,6688,0.013318460986554119,0.6659230493277053,2765,0
atlanta,27896,2023-06-07,6,10.055209145853059,pooled_pilot_20260919_atlanta,grid_02,510119,7557,0.2,0.3,0.025,6900,480370,2353.813,0.9416822349294969,BLOCK_SPANNED,0.17500000000000002,0.225,25936,6085,25671,0.05084303858511446,1.0168607717022893,0.27499999999999997,0.325,16908,5567,16652,0.033145207294768476,0.662904145895369,4949,0
atlanta,27896,2023-06-07,6,10.055209145853059,pooled_pilot_20260919_atlanta,grid_02,510119,7557,0.2,0.3,0.05,6900,480370,2353.813,0.9416822349294969,BLOCK_SPANNED,0.15000000000000002,0.25,53366,6792,52743,0.10461480556497602,1.0461480556497604,0.25,0.35,34129,6515,33600,0.0669039969105248,0.6690399691052482,6197,0
atlanta,27896,2023-06-07,6,10.055209145853059,pooled_pilot_20260919_atlanta,grid_03,510119,7557,0.3,0.4,0.01,7027,484103,2372.1047,0.9490001352625563,BLOCK_SPANNED,0.29,0.31,6794,3823,6740,0.013318460986554119,0.6659230493277053,0.39,0.41000000000000003,5339,3387,5293,0.010466185341067476,0.5233092670533733,2110,0
atlanta,27896,2023-06-07,6,10.055209145853059,pooled_pilot_20260919_atlanta,grid_03,510119,7557,0.3,0.4,0.025,7027,484103,2372.1047,0.9490001352625563,BLOCK_SPANNED,0.27499999999999997,0.325,16908,5567,16776,0.033145207294768476,0.662904145895369,0.375,0.42500000000000004,13095,5256,12993,0.02567048080937977,0.513409616187595,4400,0
atlanta,27896,2023-06-07,6,10.055209145853059,pooled_pilot_20260919_atlanta,grid_03,510119,7557,0.3,0.4,0.05,7027,484103,2372.1047,0.9490001352625563,BLOCK_SPANNED,0.25,0.35,34129,6515,33845,0.0669039969105248,0.6690399691052482,0.35000000000000003,0.45,26307,6280,26084,0.051570319866540947,0.5157031986654096,5845,0
atlanta,27896,2023-06-07,6,10.055209145853059,pooled_pilot_20260919_atlanta,grid_04,510119,7557,0.4,0.5,0.01,7030,481508,2359.3892,0.9439130869463792,BLOCK_SPANNED,0.39,0.41000000000000003,5339,3387,5300,0.010466185341067476,0.5233092670533733,0.49,0.51,4627,3099,4593,0.00907043258533793,0.45352162926689615,1762,0
atlanta,27896,2023-06-07,6,10.055209145853059,pooled_pilot_20260919_atlanta,grid_04,510119,7557,0.4,0.5,0.025,7030,481508,2359.3892,0.9439130869463792,BLOCK_SPANNED,0.375,0.42500000000000004,13095,5256,12995,0.02567048080937977,0.513409616187595,0.475,0.525,11576,5037,11500,0.0226927442420298,0.4538548848405956,3995,0
atlanta,27896,2023-06-07,6,10.055209145853059,pooled_pilot_20260919_atlanta,grid_04,510119,7557,0.4,0.5,0.05,7030,481508,2359.3892,0.9439130869463792,BLOCK_SPANNED,0.35000000000000003,0.45,26307,6280,26081,0.051570319866540947,0.5157031986654096,0.45,0.55,23343,6175,23177,0.04575991092274548,0.4575991092274546,5590,0
atlanta,27896,2023-06-07,6,10.055209145853059,pooled_pilot_20260919_atlanta,grid_05,510119,7557,0.5,0.6,0.01,6982,475325,2329.0924999999997,0.9317923856982391,BLOCK_SPANNED,0.49,0.51,4627,3099,4572,0.00907043258533793,0.45352162926689615,0.59,0.61,4843,3186,4803,0.00949386319662667,0.4746931598313331,1627,0
atlanta,27896,2023-06-07,6,10.055209145853059,pooled_pilot_20260919_atlanta,grid_05,510119,7557,0.5,0.6,0.025,6982,475325,2329.0924999999997,0.9317923856982391,BLOCK_SPANNED,0.475,0.525,11576,5037,11449,0.0226927442420298,0.4538548848405956,0.575,0.625,12010,5152,11916,0.02354352611841551,0.47087052236830973,3937,0
atlanta,27896,2023-06-07,6,10.055209145853059,pooled_pilot_20260919_atlanta,grid_05,510119,7557,0.5,0.6,0.05,6982,475325,2329.0924999999997,0.9317923856982391,BLOCK_SPANNED,0.45,0.55,23343,6175,23079,0.04575991092274548,0.4575991092274546,0.5499999999999999,0.65,24066,6234,23874,0.04717722727442028,0.47177227274420236,5534,0
atlanta,27896,2023-06-07,6,10.055209145853059,pooled_pilot_20260919_atlanta,grid_06,510119,7557,0.6,0.7,0.01,6882,467046,2288.5254,0.9155628392590749,BLOCK_SPANNED,0.59,0.61,4843,3186,4782,0.00949386319662667,0.4746931598313331,0.69,0.71,5823,3512,5778,0.011414983562658909,0.5707491781329449,1881,0
atlanta,27896,2023-06-07,6,10.055209145853059,pooled_pilot_20260919_atlanta,grid_06,510119,7557,0.6,0.7,0.025,6882,467046,2288.5254,0.9155628392590749,BLOCK_SPANNED,0.575,0.625,12010,5152,11852,0.02354352611841551,0.47087052236830973,0.6749999999999999,0.725,14587,5327,14482,0.02859528855031865,0.5719057710063725,4171,0
atlanta,27896,2023-06-07,6,10.055209145853059,pooled_pilot_20260919_atlanta,grid_06,510119,7557,0.6,0.7,0.05,6882,467046,2288.5254,0.9155628392590749,BLOCK_SPANNED,0.5499999999999999,0.65,24066,6234,23750,0.04717722727442028,0.47177227274420236,0.6499999999999999,0.75,30335,6353,30091,0.05946651663631427,0.5946651663631422,5693,0
atlanta,27896,2023-06-07,6,10.055209145853059,pooled_pilot_20260919_atlanta,grid_07,510119,7557,0.7,0.8,0.01,6532,444859,2179.8091,0.8720690662374858,BLOCK_SPANNED,0.69,0.71,5823,3512,5664,0.011414983562658909,0.5707491781329449,0.79,0.81,18794,4966,18644,0.03684238383592848,1.8421191917964224,2848,0
atlanta,27896,2023-06-07,6,10.055209145853059,pooled_pilot_20260919_atlanta,grid_07,510119,7557,0.7,0.8,0.025,6532,444859,2179.8091,0.8720690662374858,BLOCK_SPANNED,0.6749999999999999,0.725,14587,5327,14183,0.02859528855031865,0.5719057710063725,0.775,0.8250000000000001,50306,6132,49968,0.09861620523838556,1.9723241047677094,4870,0
atlanta,27896,2023-06-07,6,10.055209145853059,pooled_pilot_20260919_atlanta,grid_07,510119,7557,0.7,0.8,0.05,6532,444859,2179.8091,0.8720690662374858,BLOCK_SPANNED,0.6499999999999999,0.75,30335,6353,29480,0.05946651663631427,0.5946651663631422,0.75,0.8500000000000001,107250,6682,106520,0.21024506046628336,2.1024506046628315,6065,0
atlanta,27896,2023-06-07,6,10.055209145853059,pooled_pilot_20260919_atlanta,grid_08,510119,7557,0.8,0.9,0.01,941,71601,350.8449,0.14036136666150448,BLOCK_SPANNED,0.79,0.81,18794,4966,1570,0.03684238383592848,1.8421191917964224,0.89,0.91,3332,1326,2609,0.006531809244509614,0.32659046222548044,900,0
atlanta,27896,2023-06-07,6,10.055209145853059,pooled_pilot_20260919_atlanta,grid_08,510119,7557,0.8,0.9,0.025,941,71601,350.8449,0.14036136666150448,BLOCK_SPANNED,0.775,0.8250000000000001,50306,6132,4577,0.09861620523838556,1.9723241047677094,0.875,0.925,10667,2600,6737,0.020910807086189694,0.4182161417237935,2329,0
atlanta,27896,2023-06-07,6,10.055209145853059,pooled_pilot_20260919_atlanta,grid_08,510119,7557,0.8,0.9,0.05,941,71601,350.8449,0.14036136666150448,BLOCK_SPANNED,0.75,0.8500000000000001,107250,6682,11783,0.21024506046628336,2.1024506046628315,0.85,0.9500000000000001,39760,4913,14753,0.07794259770759372,0.7794259770759365,4744,0
atlanta,27896,2023-06-07,6,10.055209145853059,pooled_pilot_20260919_atlanta,grid_09,510119,7557,0.9,1,0.01,0,0,0,0,NO_BLOCK_SPANS_BOTH_ENDPOINTS,0.89,0.91,3332,1326,0,0.006531809244509614,0.32659046222548044,0.99,1,0,0,0,0,0,0,0
atlanta,27896,2023-06-07,6,10.055209145853059,pooled_pilot_20260919_atlanta,grid_09,510119,7557,0.9,1,0.025,0,0,0,0,NO_BLOCK_SPANS_BOTH_ENDPOINTS,0.875,0.925,10667,2600,0,0.020910807086189694,0.4182161417237935,0.975,1,0,0,0,0,0,0,0
atlanta,27896,2023-06-07,6,10.055209145853059,pooled_pilot_20260919_atlanta,grid_09,510119,7557,0.9,1,0.05,0,0,0,0,NO_BLOCK_SPANS_BOTH_ENDPOINTS,0.85,0.9500000000000001,39760,4913,0,0.07794259770759372,0.7794259770759365,0.95,1,11,8,0,0.000021563595945259832,0.00043127191890519624,8,0
atlanta,27916,2023-06-08,6,17.37627874224167,pooled_pilot_20260919_atlanta,near_-0.02,481257,7245,0.008509538620710373,0.10850953862071037,0.01,260,20373,99.8277,0.04233289074236842,BLOCK_SPANNED,0,0.01850953862071037,3493,995,1380,0.007258076246163692,0.392126264997368,0.09850953862071038,0.11850953862071037,21318,5033,714,0.044296498544436756,2.214824927221839,802,0
atlanta,27916,2023-06-08,6,17.37627874224167,pooled_pilot_20260919_atlanta,near_-0.02,481257,7245,0.008509538620710373,0.10850953862071037,0.025,260,20373,99.8277,0.04233289074236842,BLOCK_SPANNED,0,0.03350953862071038,18923,2830,2305,0.0393199475540096,1.1733956709779387,0.08350953862071037,0.13350953862071038,54020,5930,1759,0.1122477179552713,2.2449543591054253,2678,0
atlanta,27916,2023-06-08,6,17.37627874224167,pooled_pilot_20260919_atlanta,near_-0.02,481257,7245,0.008509538620710373,0.10850953862071037,0.05,260,20373,99.8277,0.04233289074236842,BLOCK_SPANNED,0,0.05850953862071037,58521,4551,3564,0.12160030919030788,2.0782988903499153,0.05850953862071037,0.15850953862071038,113424,6451,3525,0.235682805652697,2.35682805652697,4457,0
atlanta,27916,2023-06-08,6,17.37627874224167,pooled_pilot_20260919_atlanta,near_-0.01,481257,7245,0.01850953862071037,0.11850953862071037,0.01,982,75364,369.2836,0.15659824168791311,BLOCK_SPANNED,0.00850953862071037,0.028509538620710373,12077,2221,7024,0.0250946999212479,1.2547349960623948,0.10850953862071037,0.12850953862071038,18842,4973,2549,0.03915163831383232,1.9575819156916154,1823,0
atlanta,27916,2023-06-08,6,17.37627874224167,pooled_pilot_20260919_atlanta,near_-0.01,481257,7245,0.01850953862071037,0.11850953862071037,0.025,982,75364,369.2836,0.15659824168791311,BLOCK_SPANNED,0,0.04350953862071037,33569,3678,12724,0.06975275164828772,1.603159993406266,0.09350953862071038,0.14350953862071036,48093,6005,6504,0.09993205293637288,1.998641058727458,3458,0
atlanta,27916,2023-06-08,6,17.37627874224167,pooled_pilot_20260919_atlanta,near_-0.01,481257,7245,0.01850953862071037,0.11850953862071037,0.05,982,75364,369.2836,0.15659824168791311,BLOCK_SPANNED,0,0.06850953862071038,75690,4994,19732,0.15727563443233034,2.295674990647011,0.06850953862071037,0.1685095386207104,102635,6513,14116,0.21326443043945334,2.132644304394533,4884,0
atlanta,27916,2023-06-08,6,17.37627874224167,pooled_pilot_20260919_atlanta,historical,481257,7245,0.028509538620710373,0.12850953862071038,0.01,2254,182576,894.6224,0.37937318314331014,BLOCK_SPANNED,0.01850953862071037,0.038509538620710375,22368,3134,19212,0.04647828499117935,2.323914249558967,0.11850953862071038,0.1385095386207104,16763,4948,6723,0.03483170114928198,1.7415850574640988,2558,0
atlanta,27916,2023-06-08,6,17.37627874224167,pooled_pilot_20260919_atlanta,historical,481257,7245,0.028509538620710373,0.12850953862071038,0.025,2254,182576,894.6224,0.37937318314331014,BLOCK_SPANNED,0.0035095386207103715,0.053509538620710374,49623,4297,38935,0.10311122747305494,2.062224549461099,0.10350953862071038,0.15350953862071037,43165,6032,17280,0.08969220187966097,1.7938440375932199,4003,0
atlanta,27916,2023-06-08,6,17.37627874224167,pooled_pilot_20260919_atlanta,historical,481257,7245,0.028509538620710373,0.12850953862071038,0.05,2254,182576,894.6224,0.37937318314331014,BLOCK_SPANNED,0,0.07850953862071038,92167,5323,63146,0.19151305851135672,2.4393603869789735,0.07850953862071038,0.1785095386207104,92164,6536,38144,0.1915068248357946,1.9150682483579455,5183,0
atlanta,27916,2023-06-08,6,17.37627874224167,pooled_pilot_20260919_atlanta,near_+0.01,481257,7245,0.038509538620710375,0.1385095386207104,0.01,3235,253988,1244.5412,0.5277595962240549,BLOCK_SPANNED,0.028509538620710373,0.04850953862071038,28875,3748,26897,0.059999127285421304,2.9999563642710645,0.12850953862071038,0.1485095386207104,15438,4931,8770,0.03207849444267823,1.6039247221339104,3017,0
atlanta,27916,2023-06-08,6,17.37627874224167,pooled_pilot_20260919_atlanta,near_+0.01,481257,7245,0.038509538620710375,0.1385095386207104,0.025,3235,253988,1244.5412,0.5277595962240549,BLOCK_SPANNED,0.013509538620710373,0.06350953862071038,65672,4769,58975,0.13645931383855195,2.729186276771039,0.11350953862071039,0.16350953862071038,39176,6046,22478,0.08140349127389315,1.6280698254778634,4405,0
atlanta,27916,2023-06-08,6,17.37627874224167,pooled_pilot_20260919_atlanta,near_+0.01,481257,7245,0.038509538620710375,0.1385095386207104,0.05,3235,253988,1244.5412,0.5277595962240549,BLOCK_SPANNED,0,0.08850953862071037,106836,5593,90090,0.22199365411827776,2.5081325422967846,0.08850953862071038,0.1885095386207104,83035,6553,48961,0.1725377501002583,1.7253775010025825,5416,0
atlanta,27916,2023-06-08,6,17.37627874224167,pooled_pilot_20260919_atlanta,near_+0.02,481257,7245,0.04850953862071038,0.14850953862071037,0.01,3981,301803,1478.8346999999999,0.6271139952250046,BLOCK_SPANNED,0.038509538620710375,0.05850953862071038,32660,4136,31298,0.06786394795296484,3.3931973976482412,0.13850953862071036,0.15850953862071038,14248,4831,9604,0.029605803136369964,1.480290156818497,3226,0
atlanta,27916,2023-06-08,6,17.37627874224167,pooled_pilot_20260919_atlanta,near_+0.02,481257,7245,0.04850953862071038,0.14850953862071037,0.025,3981,301803,1478.8346999999999,0.6271139952250046,BLOCK_SPANNED,0.023509538620710375,0.07350953862071039,76395,5090,71922,0.15874054818942893,3.1748109637885777,0.12350953862071037,0.17350953862071036,36011,6065,24363,0.07482696355585478,1.4965392711170957,4688,0
atlanta,27916,2023-06-08,6,17.37627874224167,pooled_pilot_20260919_atlanta,near_+0.02,481257,7245,0.04850953862071038,0.14850953862071037,0.05,3981,301803,1478.8346999999999,0.6271139952250046,BLOCK_SPANNED,0,0.09850953862071038,119616,5795,108684,0.24854911201291618,2.52309690506115,0.09850953862071037,0.19850953862071036,75410,6564,52538,0.15669382471319898,1.56693824713199,5593,0
atlanta,27916,2023-06-08,6,17.37627874224167,pooled_pilot_20260919_atlanta,grid_00,481257,7245,0,0.1,0.01,71,5417,26.5433,0.011255940173337739,BLOCK_SPANNED,0,0.01,850,337,325,0.0017662080759344799,0.17662080759344798,0.09000000000000001,0.11,23609,5002,214,0.04905694878204369,2.4528474391021855,262,0
atlanta,27916,2023-06-08,6,17.37627874224167,pooled_pilot_20260919_atlanta,grid_00,481257,7245,0,0.1,0.025,71,5417,26.5433,0.011255940173337739,BLOCK_SPANNED,0,0.025,9129,1830,532,0.018969074735536315,0.7587629894214526,0.07500000000000001,0.125,60048,5899,489,0.12477325005142782,2.495465001028557,1728,0
atlanta,27916,2023-06-08,6,17.37627874224167,pooled_pilot_20260919_atlanta,grid_00,481257,7245,0,0.1,0.05,71,5417,26.5433,0.011255940173337739,BLOCK_SPANNED,0,0.05,44039,4118,783,0.09150827936009243,1.8301655872018485,0.05,0.15000000000000002,122166,6414,948,0.2538477362407196,2.5384773624071957,4046,0
atlanta,27916,2023-06-08,6,17.37627874224167,pooled_pilot_20260919_atlanta,grid_01,481257,7245,0.1,0.2,0.01,5728,406135,1990.0615,0.8439046081407647,BLOCK_SPANNED,0.09000000000000001,0.11,23609,5002,23162,0.04905694878204369,2.4528474391021855,0.19,0.21000000000000002,9783,4373,8691,0.020328016008078844,1.0164008004039413,3441,0
atlanta,27916,2023-06-08,6,17.37627874224167,pooled_pilot_20260919_atlanta,grid_01,481257,7245,0.1,0.2,0.025,5728,406135,1990.0615,0.8439046081407647,BLOCK_SPANNED,0.07500000000000001,0.125,60048,5899,58795,0.12477325005142782,2.495465001028557,0.17500000000000002,0.225,24940,5799,22186,0.05182262283977168,1.0364524567954339,5131,0
atlanta,27916,2023-06-08,6,17.37627874224167,pooled_pilot_20260919_atlanta,grid_01,481257,7245,0.1,0.2,0.05,5728,406135,1990.0615,0.8439046081407647,BLOCK_SPANNED,0.05,0.15000000000000002,122166,6414,119029,0.2538477362407196,2.5384773624071957,0.15000000000000002,0.25,51383,6482,45865,0.10676831713616633,1.0676831713616635,6036,0
atlanta,27916,2023-06-08,6,17.37627874224167,pooled_pilot_20260919_atlanta,grid_02,481257,7245,0.2,0.3,0.01,6582,452952,2219.4647999999997,0.9411852710713818,BLOCK_SPANNED,0.19,0.21000000000000002,9783,4373,9684,0.020328016008078844,1.0164008004039413,0.29,0.31,6486,3630,6386,0.013477206565307102,0.6738603282653545,2635,0
atlanta,27916,2023-06-08,6,17.37627874224167,pooled_pilot_20260919_atlanta,grid_02,481257,7245,0.2,0.3,0.025,6582,452952,2219.4647999999997,0.9411852710713818,BLOCK_SPANNED,0.17500000000000002,0.225,24940,5799,24671,0.05182262283977168,1.0364524567954339,0.27499999999999997,0.325,16153,5277,15898,0.03356418711831724,0.6712837423663442,4689,0
atlanta,27916,2023-06-08,6,17.37627874224167,pooled_pilot_20260919_atlanta,grid_02,481257,7245,0.2,0.3,0.05,6582,452952,2219.4647999999997,0.9411852710713818,BLOCK_SPANNED,0.15000000000000002,0.25,51383,6482,50757,0.10676831713616633,1.0676831713616635,0.25,0.35,32624,6199,32106,0.06778914384621938,0.677891438462194,5895,0
atlanta,27916,2023-06-08,6,17.37627874224167,pooled_pilot_20260919_atlanta,grid_03,481257,7245,0.3,0.4,0.01,6698,456088,2234.8312,0.947701539925653,BLOCK_SPANNED,0.29,0.31,6486,3630,6430,0.013477206565307102,0.6738603282653545,0.39,0.41000000000000003,5026,3184,4976,0.010443484458407877,0.5221742229203934,1983,0
atlanta,27916,2023-06-08,6,17.37627874224167,pooled_pilot_20260919_atlanta,grid_03,481257,7245,0.3,0.4,0.025,6698,456088,2234.8312,0.947701539925653,BLOCK_SPANNED,0.27499999999999997,0.325,16153,5277,16019,0.03356418711831724,0.6712837423663442,0.375,0.42500000000000004,12388,4985,12279,0.025740924287854513,0.5148184857570898,4154,0
atlanta,27916,2023-06-08,6,17.37627874224167,pooled_pilot_20260919_atlanta,grid_03,481257,7245,0.3,0.4,0.05,6698,456088,2234.8312,0.947701539925653,BLOCK_SPANNED,0.25,0.35,32624,6199,32343,0.06778914384621938,0.677891438462194,0.35000000000000003,0.45,24946,5977,24712,0.051835090190895924,0.5183509019089594,5551,0
atlanta,27916,2023-06-08,6,17.37627874224167,pooled_pilot_20260919_atlanta,grid_04,481257,7245,0.4,0.5,0.01,6699,453509,2222.1940999999997,0.9423426568340824,BLOCK_SPANNED,0.39,0.41000000000000003,5026,3184,4987,0.010443484458407877,0.5221742229203934,0.49,0.51,4340,2913,4305,0.00901805064653605,0.4509025323268021,1643,0
atlanta,27916,2023-06-08,6,17.37627874224167,pooled_pilot_20260919_atlanta,grid_04,481257,7245,0.4,0.5,0.025,6699,453509,2222.1940999999997,0.9423426568340824,BLOCK_SPANNED,0.375,0.42500000000000004,12388,4985,12289,0.025740924287854513,0.5148184857570898,0.475,0.525,10901,4773,10824,0.022651099100896195,0.4530219820179235,3779,0
atlanta,27916,2023-06-08,6,17.37627874224167,pooled_pilot_20260919_atlanta,grid_04,481257,7245,0.4,0.5,0.05,6699,453509,2222.1940999999997,0.9423426568340824,BLOCK_SPANNED,0.35000000000000003,0.45,24946,5977,24715,0.051835090190895924,0.5183509019089594,0.45,0.55,21994,5858,21822,0.04570115343776818,0.4570115343776816,5297,0
atlanta,27916,2023-06-08,6,17.37627874224167,pooled_pilot_20260919_atlanta,grid_05,481257,7245,0.5,0.6,0.01,6646,447447,2192.4903,0.9297464764148885,BLOCK_SPANNED,0.49,0.51,4340,2913,4284,0.00901805064653605,0.4509025323268021,0.59,0.61,4510,2986,4471,0.009371292261722947,0.46856461308614694,1510,0
atlanta,27916,2023-06-08,6,17.37627874224167,pooled_pilot_20260919_atlanta,grid_05,481257,7245,0.5,0.6,0.025,6646,447447,2192.4903,0.9297464764148885,BLOCK_SPANNED,0.475,0.525,10901,4773,10774,0.022651099100896195,0.4530219820179235,0.575,0.625,11196,4864,11104,0.02326407719783816,0.4652815439567628,3707,0
atlanta,27916,2023-06-08,6,17.37627874224167,pooled_pilot_20260919_atlanta,grid_05,481257,7245,0.5,0.6,0.05,6646,447447,2192.4903,0.9297464764148885,BLOCK_SPANNED,0.45,0.55,21994,5858,21728,0.04570115343776818,0.4570115343776816,0.5499999999999999,0.65,22464,5891,22274,0.04667776260916724,0.466777626091672,5215,0
atlanta,27916,2023-06-08,6,17.37627874224167,pooled_pilot_20260919_atlanta,grid_06,481257,7245,0.6,0.7,0.01,6534,438017,2146.2833,0.910151956231286,BLOCK_SPANNED,0.59,0.61,4510,2986,4446,0.009371292261722947,0.46856461308614694,0.69,0.71,5413,3300,5380,0.011247628605921576,0.5623814302960783,1754,0
atlanta,27916,2023-06-08,6,17.37627874224167,pooled_pilot_20260919_atlanta,grid_06,481257,7245,0.6,0.7,0.025,6534,438017,2146.2833,0.910151956231286,BLOCK_SPANNED,0.575,0.625,11196,4864,11032,0.02326407719783816,0.4652815439567628,0.6749999999999999,0.725,13559,5011,13470,0.028174135648936015,0.5634827129787198,3904,0
atlanta,27916,2023-06-08,6,17.37627874224167,pooled_pilot_20260919_atlanta,grid_06,481257,7245,0.6,0.7,0.05,6534,438017,2146.2833,0.910151956231286,BLOCK_SPANNED,0.5499999999999999,0.65,22464,5891,22132,0.04667776260916724,0.466777626091672,0.6499999999999999,0.75,28093,6006,27871,0.05837421585556158,0.5837421585556153,5346,0
atlanta,27916,2023-06-08,6,17.37627874224167,pooled_pilot_20260919_atlanta,grid_07,481257,7245,0.7,0.8,0.01,6179,415284,2034.8916,0.8629152407133819,BLOCK_SPANNED,0.69,0.71,5413,3300,5247,0.011247628605921576,0.5623814302960783,0.79,0.81,17104,4628,16961,0.03554026227150982,1.7770131135754894,2645,0
atlanta,27916,2023-06-08,6,17.37627874224167,pooled_pilot_20260919_atlanta,grid_07,481257,7245,0.7,0.8,0.025,6179,415284,2034.8916,0.8629152407133819,BLOCK_SPANNED,0.6749999999999999,0.725,13559,5011,13155,0.028174135648936015,0.5634827129787198,0.775,0.8250000000000001,45802,5768,45463,0.09517160269876594,1.9034320539753171,4555,0
atlanta,27916,2023-06-08,6,17.37627874224167,pooled_pilot_20260919_atlanta,grid_07,481257,7245,0.7,0.8,0.05,6179,415284,2034.8916,0.8629152407133819,BLOCK_SPANNED,0.6499999999999999,0.75,28093,6006,27235,0.05837421585556158,0.5837421585556153,0.75,0.8500000000000001,97707,6328,96955,0.20302457938274143,2.0302457938274125,5708,0
atlanta,27916,2023-06-08,6,17.37627874224167,pooled_pilot_20260919_atlanta,grid_08,481257,7245,0.8,0.9,0.01,895,68252,334.4348,0.14182027482197662,BLOCK_SPANNED,0.79,0.81,17104,4628,1470,0.03554026227150982,1.7770131135754894,0.89,0.91,3142,1252,2472,0.006528736205395454,0.32643681026977245,832,0
atlanta,27916,2023-06-08,6,17.37627874224167,pooled_pilot_20260919_atlanta,grid_08,481257,7245,0.8,0.9,0.025,895,68252,334.4348,0.14182027482197662,BLOCK_SPANNED,0.775,0.8250000000000001,45802,5768,4271,0.09517160269876594,1.9034320539753171,0.875,0.925,9841,2443,6311,0.020448533735613197,0.40897067471226356,2171,0
atlanta,27916,2023-06-08,6,17.37627874224167,pooled_pilot_20260919_atlanta,grid_08,481257,7245,0.8,0.9,0.05,895,68252,334.4348,0.14182027482197662,BLOCK_SPANNED,0.75,0.8500000000000001,97707,6328,10885,0.20302457938274143,2.0302457938274125,0.85,0.9500000000000001,35829,4639,13512,0.07444878723841938,0.7444878723841932,4468,0
atlanta,27916,2023-06-08,6,17.37627874224167,pooled_pilot_20260919_atlanta,grid_09,481257,7245,0.9,1,0.01,0,0,0,0,NO_BLOCK_SPANS_BOTH_ENDPOINTS,0.89,0.91,3142,1252,0,0.006528736205395454,0.32643681026977245,0.99,1,0,0,0,0,0,0,0
atlanta,27916,2023-06-08,6,17.37627874224167,pooled_pilot_20260919_atlanta,grid_09,481257,7245,0.9,1,0.025,0,0,0,0,NO_BLOCK_SPANS_BOTH_ENDPOINTS,0.875,0.925,9841,2443,0,0.020448533735613197,0.40897067471226356,0.975,1,0,0,0,0,0,0,0
atlanta,27916,2023-06-08,6,17.37627874224167,pooled_pilot_20260919_atlanta,grid_09,481257,7245,0.9,1,0.05,0,0,0,0,NO_BLOCK_SPANS_BOTH_ENDPOINTS,0.85,0.9500000000000001,35829,4639,0,0.07444878723841938,0.7444878723841932,0.95,1,12,9,0,0.000024934702248486774,0.000498694044969735,9,0
atlanta,28145,2023-06-23,6,11.56228652140108,pooled_pilot_20260919_atlanta,near_-0.02,253835,5016,0.008509538620710373,0.10850953862071037,0.01,134,8969,43.9481,0.03533397679595013,BLOCK_SPANNED,0,0.01850953862071037,1893,581,657,0.007457600409714972,0.40290579698030093,0.09850953862071038,0.11850953862071037,11712,3082,305,0.04614020919100991,2.3070104595504968,462,0
atlanta,28145,2023-06-23,6,11.56228652140108,pooled_pilot_20260919_atlanta,near_-0.02,253835,5016,0.008509538620710373,0.10850953862071037,0.025,134,8969,43.9481,0.03533397679595013,BLOCK_SPANNED,0,0.03350953862071038,11409,1752,1117,0.04494652037741052,1.341305258963834,0.08350953862071037,0.13350953862071038,29711,3780,790,0.11704847637244667,2.3409695274489324,1625,0
atlanta,28145,2023-06-23,6,11.56228652140108,pooled_pilot_20260919_atlanta,near_-0.02,253835,5016,0.008509538620710373,0.10850953862071037,0.05,134,8969,43.9481,0.03533397679595013,BLOCK_SPANNED,0,0.05850953862071037,34825,2868,1737,0.1371954222230977,2.344838558930889,0.05850953862071037,0.15850953862071038,62672,4210,1589,0.24690054563003527,2.4690054563003527,2777,0
atlanta,28145,2023-06-23,6,11.56228652140108,pooled_pilot_20260919_atlanta,near_-0.01,253835,5016,0.01850953862071037,0.11850953862071037,0.01,570,38521,188.75289999999998,0.15175606200878525,BLOCK_SPANNED,0.00850953862071037,0.028509538620710373,7329,1358,4050,0.02887308684775543,1.4436543423877712,0.10850953862071037,0.12850953862071038,10289,3050,1358,0.04053420529083854,2.0267102645419266,1081,0
atlanta,28145,2023-06-23,6,11.56228652140108,pooled_pilot_20260919_atlanta,near_-0.01,253835,5016,0.01850953862071037,0.11850953862071037,0.025,570,38521,188.75289999999998,0.15175606200878525,BLOCK_SPANNED,0,0.04350953862071037,20262,2331,7239,0.07982350739653712,1.8346208653782745,0.09350953862071038,0.14350953862071036,26237,3807,3458,0.10336242046999035,2.0672484093998076,2126,0
atlanta,28145,2023-06-23,6,11.56228652140108,pooled_pilot_20260919_atlanta,near_-0.01,253835,5016,0.01850953862071037,0.11850953862071037,0.05,570,38521,188.75289999999998,0.15175606200878525,BLOCK_SPANNED,0,0.06850953862071038,44684,3139,11264,0.17603561368605591,2.569505170085038,0.06850953862071037,0.1685095386207104,56139,4232,7591,0.2211633541473792,2.2116335414737915,3023,0
atlanta,28145,2023-06-23,6,11.56228652140108,pooled_pilot_20260919_atlanta,historical,253835,5016,0.028509538620710373,0.12850953862071038,0.01,1358,96379,472.2571,0.37969153190064414,BLOCK_SPANNED,0.01850953862071037,0.038509538620710375,13754,1985,11282,0.054184805089920615,2.7092402544960303,0.11850953862071038,0.1385095386207104,8986,2958,3569,0.03540094943565702,1.7700474717828505,1530,0
atlanta,28145,2023-06-23,6,11.56228652140108,pooled_pilot_20260919_atlanta,historical,253835,5016,0.028509538620710373,0.12850953862071038,0.025,1358,96379,472.2571,0.37969153190064414,BLOCK_SPANNED,0.0035095386207103715,0.053509538620710374,29750,2711,22280,0.11720211948706837,2.344042389741367,0.10350953862071038,0.15350953862071037,23304,3804,9198,0.09180767033702995,1.8361534067405996,2427,0
atlanta,28145,2023-06-23,6,11.56228652140108,pooled_pilot_20260919_atlanta,historical,253835,5016,0.028509538620710373,0.12850953862071038,0.05,1358,96379,472.2571,0.37969153190064414,BLOCK_SPANNED,0,0.07850953862071038,53855,3379,35530,0.21216538302440563,2.7024153593540237,0.07850953862071038,0.1785095386207104,50169,4240,20557,0.19764413890913388,1.9764413890913384,3224,0
atlanta,28145,2023-06-23,6,11.56228652140108,pooled_pilot_20260919_atlanta,near_+0.01,253835,5016,0.038509538620710375,0.1385095386207104,0.01,2005,135046,661.7253999999999,0.5320227706975004,BLOCK_SPANNED,0.028509538620710373,0.04850953862071038,17345,2360,15850,0.06833179033624205,3.416589516812102,0.12850953862071038,0.1485095386207104,8245,2915,4714,0.03248173025784466,1.6240865128922317,1744,0
atlanta,28145,2023-06-23,6,11.56228652140108,pooled_pilot_20260919_atlanta,near_+0.01,253835,5016,0.038509538620710375,0.1385095386207104,0.025,2005,135046,661.7253999999999,0.5320227706975004,BLOCK_SPANNED,0.013509538620710373,0.06350953862071038,39031,2990,34446,0.15376524119999213,3.0753048239998426,0.11350953862071039,0.16350953862071038,20954,3792,12131,0.08254968778931196,1.6509937557862395,2650,0
atlanta,28145,2023-06-23,6,11.56228652140108,pooled_pilot_20260919_atlanta,near_+0.01,253835,5016,0.038509538620710375,0.1385095386207104,0.05,2005,135046,661.7253999999999,0.5320227706975004,BLOCK_SPANNED,0,0.08850953862071037,62065,3575,51733,0.2445092284357949,2.762518393453495,0.08850953862071038,0.1885095386207104,44818,4254,26660,0.1765635156696279,1.7656351566962787,3386,0
atlanta,28145,2023-06-23,6,11.56228652140108,pooled_pilot_20260919_atlanta,near_+0.02,253835,5016,0.04850953862071038,0.14850953862071037,0.01,2459,157510,771.799,0.6205212047196013,BLOCK_SPANNED,0.038509538620710375,0.05850953862071038,19178,2592,18005,0.0755530167234621,3.777650836173104,0.13850953862071036,0.15850953862071038,7600,2848,5075,0.029940709516024188,1.497035475801208,1836,0
atlanta,28145,2023-06-23,6,11.56228652140108,pooled_pilot_20260919_atlanta,near_+0.02,253835,5016,0.04850953862071038,0.14850953862071037,0.025,2459,157510,771.799,0.6205212047196013,BLOCK_SPANNED,0.023509538620710375,0.07350953862071039,44827,3217,41322,0.17659897177300216,3.5319794354600424,0.12350953862071037,0.17350953862071036,19146,3754,12827,0.07542695057813147,1.5085390115626296,2790,0
atlanta,28145,2023-06-23,6,11.56228652140108,pooled_pilot_20260919_atlanta,near_+0.02,253835,5016,0.04850953862071038,0.14850953862071037,0.05,2459,157510,771.799,0.6205212047196013,BLOCK_SPANNED,0,0.09850953862071038,69199,3718,61599,0.2726140997104418,2.7673878441364272,0.09850953862071037,0.19850953862071036,40352,4242,27915,0.1589694092619221,1.5896940926192211,3486,0
atlanta,28145,2023-06-23,6,11.56228652140108,pooled_pilot_20260919_atlanta,grid_00,253835,5016,0,0.1,0.01,27,1903,9.3247,0.007496996080130794,BLOCK_SPANNED,0,0.01,374,176,105,0.0014733980735517167,0.14733980735517166,0.09000000000000001,0.11,13068,3105,88,0.05148226209939528,2.574113104969765,136,0
atlanta,28145,2023-06-23,6,11.56228652140108,pooled_pilot_20260919_atlanta,grid_00,253835,5016,0,0.1,0.025,27,1903,9.3247,0.007496996080130794,BLOCK_SPANNED,0,0.025,5382,1115,193,0.021202749817795026,0.848109992711801,0.07500000000000001,0.125,33235,3750,185,0.1309315106269821,2.618630212539643,1032,0
atlanta,28145,2023-06-23,6,11.56228652140108,pooled_pilot_20260919_atlanta,grid_00,253835,5016,0,0.1,0.05,27,1903,9.3247,0.007496996080130794,BLOCK_SPANNED,0,0.05,26361,2606,302,0.10385092678314653,2.0770185356629303,0.05,0.15000000000000002,68102,4179,402,0.2682923946658262,2.6829239466582617,2530,0
atlanta,28145,2023-06-23,6,11.56228652140108,pooled_pilot_20260919_atlanta,grid_01,253835,5016,0.1,0.2,0.01,3566,209890,1028.461,0.8268757263576733,BLOCK_SPANNED,0.09000000000000001,0.11,13068,3105,12603,0.05148226209939528,2.574113104969765,0.19,0.21000000000000002,4969,2433,4338,0.019575708629621606,0.9787854314810794,1843,0
atlanta,28145,2023-06-23,6,11.56228652140108,pooled_pilot_20260919_atlanta,grid_01,253835,5016,0.1,0.2,0.025,3566,209890,1028.461,0.8268757263576733,BLOCK_SPANNED,0.07500000000000001,0.125,33235,3750,31962,0.1309315106269821,2.618630212539643,0.17500000000000002,0.225,12757,3472,11148,0.050257056749463236,1.005141134989265,2958,0
atlanta,28145,2023-06-23,6,11.56228652140108,pooled_pilot_20260919_atlanta,grid_01,253835,5016,0.1,0.2,0.05,3566,209890,1028.461,0.8268757263576733,BLOCK_SPANNED,0.05,0.15000000000000002,68102,4179,64957,0.2682923946658262,2.6829239466582617,0.15000000000000002,0.25,26513,4081,23303,0.10444974097346701,1.0444974097346704,3695,0
atlanta,28145,2023-06-23,6,11.56228652140108,pooled_pilot_20260919_atlanta,grid_02,253835,5016,0.2,0.3,0.01,4180,232715,1140.3035,0.9167963440817855,BLOCK_SPANNED,0.19,0.21000000000000002,4969,2433,4865,0.019575708629621606,0.9787854314810794,0.29,0.31,3324,2005,3245,0.013095120846219001,0.6547560423109495,1334,0
atlanta,28145,2023-06-23,6,11.56228652140108,pooled_pilot_20260919_atlanta,grid_02,253835,5016,0.2,0.3,0.025,4180,232715,1140.3035,0.9167963440817855,BLOCK_SPANNED,0.17500000000000002,0.225,12757,3472,12484,0.050257056749463236,1.005141134989265,0.27499999999999997,0.325,8205,3070,8003,0.03232414757618138,0.646482951523627,2557,0
atlanta,28145,2023-06-23,6,11.56228652140108,pooled_pilot_20260919_atlanta,grid_02,253835,5016,0.2,0.3,0.05,4180,232715,1140.3035,0.9167963440817855,BLOCK_SPANNED,0.15000000000000002,0.25,26513,4081,25877,0.10444974097346701,1.0444974097346704,0.25,0.35,16522,3785,16095,0.06508952666101996,0.6508952666101997,3461,0
atlanta,28145,2023-06-23,6,11.56228652140108,pooled_pilot_20260919_atlanta,grid_03,253835,5016,0.3,0.4,0.01,4265,234003,1146.6146999999999,0.9218705064313432,BLOCK_SPANNED,0.29,0.31,3324,2005,3263,0.013095120846219001,0.6547560423109495,0.39,0.41000000000000003,2502,1731,2463,0.009856796738038489,0.492839836901924,996,0
atlanta,28145,2023-06-23,6,11.56228652140108,pooled_pilot_20260919_atlanta,grid_03,253835,5016,0.3,0.4,0.025,4265,234003,1146.6146999999999,0.9218705064313432,BLOCK_SPANNED,0.27499999999999997,0.325,8205,3070,8028,0.03232414757618138,0.646482951523627,0.375,0.42500000000000004,6189,2858,6087,0.024381980420351803,0.48763960840703563,2231,0
atlanta,28145,2023-06-23,6,11.56228652140108,pooled_pilot_20260919_atlanta,grid_03,253835,5016,0.3,0.4,0.05,4265,234003,1146.6146999999999,0.9218705064313432,BLOCK_SPANNED,0.25,0.35,16522,3785,16160,0.06508952666101996,0.6508952666101997,0.35000000000000003,0.45,12488,3589,12255,0.04919731321527764,0.49197313215277655,3187,0
atlanta,28145,2023-06-23,6,11.56228652140108,pooled_pilot_20260919_atlanta,grid_04,253835,5016,0.4,0.5,0.01,4249,231717,1135.4133,0.9128646561742865,BLOCK_SPANNED,0.39,0.41000000000000003,2502,1731,2457,0.009856796738038489,0.492839836901924,0.49,0.51,2241,1551,2196,0.008828569740185553,0.4414284870092773,819,0
atlanta,28145,2023-06-23,6,11.56228652140108,pooled_pilot_20260919_atlanta,grid_04,253835,5016,0.4,0.5,0.025,4249,231717,1135.4133,0.9128646561742865,BLOCK_SPANNED,0.375,0.42500000000000004,6189,2858,6073,0.024381980420351803,0.48763960840703563,0.475,0.525,5620,2679,5531,0.02214036677369157,0.442807335473831,1970,0
atlanta,28145,2023-06-23,6,11.56228652140108,pooled_pilot_20260919_atlanta,grid_04,253835,5016,0.4,0.5,0.05,4249,231717,1135.4133,0.9128646561742865,BLOCK_SPANNED,0.35000000000000003,0.45,12488,3589,12220,0.04919731321527764,0.49197313215277655,0.45,0.55,11184,3480,11000,0.04406011779305454,0.44060117793054526,2964,0
atlanta,28145,2023-06-23,6,11.56228652140108,pooled_pilot_20260919_atlanta,grid_05,253835,5016,0.5,0.6,0.01,4184,227141,1112.9909,0.8948371973920066,BLOCK_SPANNED,0.49,0.51,2241,1551,2180,0.008828569740185553,0.4414284870092773,0.59,0.61,2362,1646,2324,0.00930525735221699,0.4652628676108491,752,0
atlanta,28145,2023-06-23,6,11.56228652140108,pooled_pilot_20260919_atlanta,grid_05,253835,5016,0.5,0.6,0.025,4184,227141,1112.9909,0.8948371973920066,BLOCK_SPANNED,0.475,0.525,5620,2679,5488,0.02214036677369157,0.442807335473831,0.575,0.625,5718,2762,5623,0.02252644434376662,0.450528886875332,1917,0
atlanta,28145,2023-06-23,6,11.56228652140108,pooled_pilot_20260919_atlanta,grid_05,253835,5016,0.5,0.6,0.05,4184,227141,1112.9909,0.8948371973920066,BLOCK_SPANNED,0.45,0.55,11184,3480,10921,0.04406011779305454,0.44060117793054526,0.5499999999999999,0.65,11379,3488,11194,0.044828333366163056,0.44828333366163015,2879,0
atlanta,28145,2023-06-23,6,11.56228652140108,pooled_pilot_20260919_atlanta,grid_06,253835,5016,0.6,0.7,0.01,4077,221255,1084.1495,0.8716489057852542,BLOCK_SPANNED,0.59,0.61,2362,1646,2302,0.00930525735221699,0.4652628676108491,0.69,0.71,2782,1816,2743,0.010959875509681485,0.5479937754840738,889,0
atlanta,28145,2023-06-23,6,11.56228652140108,pooled_pilot_20260919_atlanta,grid_06,253835,5016,0.6,0.7,0.025,4077,221255,1084.1495,0.8716489057852542,BLOCK_SPANNED,0.575,0.625,5718,2762,5572,0.02252644434376662,0.450528886875332,0.6749999999999999,0.725,6970,2898,6868,0.027458782279827447,0.5491756455965484,2067,0
atlanta,28145,2023-06-23,6,11.56228652140108,pooled_pilot_20260919_atlanta,grid_06,253835,5016,0.6,0.7,0.05,4077,221255,1084.1495,0.8716489057852542,BLOCK_SPANNED,0.5499999999999999,0.65,11379,3488,11073,0.044828333366163056,0.44828333366163015,0.6499999999999999,0.75,14421,3601,14212,0.0568124963066559,0.5681249630665585,2986,0
atlanta,28145,2023-06-23,6,11.56228652140108,pooled_pilot_20260919_atlanta,grid_07,253835,5016,0.7,0.8,0.01,3789,208171,1020.0378999999999,0.8201036106131936,BLOCK_SPANNED,0.69,0.71,2782,1816,2649,0.010959875509681485,0.5479937754840738,0.79,0.81,8736,2632,8627,0.034416057675261486,1.7208028837630727,1374,0
atlanta,28145,2023-06-23,6,11.56228652140108,pooled_pilot_20260919_atlanta,grid_07,253835,5016,0.7,0.8,0.025,3789,208171,1020.0378999999999,0.8201036106131936,BLOCK_SPANNED,0.6749999999999999,0.725,6970,2898,6608,0.027458782279827447,0.5491756455965484,0.775,0.8250000000000001,23253,3440,22991,0.09160675241790928,1.832135048358184,2529,0
atlanta,28145,2023-06-23,6,11.56228652140108,pooled_pilot_20260919_atlanta,grid_07,253835,5016,0.7,0.8,0.05,3789,208171,1020.0378999999999,0.8201036106131936,BLOCK_SPANNED,0.6499999999999999,0.75,14421,3601,13691,0.0568124963066559,0.5681249630665585,0.75,0.8500000000000001,49070,3923,48403,0.19331455473043513,1.9331455473043495,3325,0
atlanta,28145,2023-06-23,6,11.56228652140108,pooled_pilot_20260919_atlanta,grid_08,253835,5016,0.8,0.9,0.01,518,34934,171.1766,0.13762483503063014,BLOCK_SPANNED,0.79,0.81,8736,2632,720,0.034416057675261486,1.7208028837630727,0.89,0.91,1669,701,1303,0.006575137392400576,0.3287568696200285,435,0
atlanta,28145,2023-06-23,6,11.56228652140108,pooled_pilot_20260919_atlanta,grid_08,253835,5016,0.8,0.9,0.025,518,34934,171.1766,0.13762483503063014,BLOCK_SPANNED,0.775,0.8250000000000001,23253,3440,2098,0.09160675241790928,1.832135048358184,0.875,0.925,5106,1370,3260,0.020115429314318357,0.4023085862863668,1168,0
atlanta,28145,2023-06-23,6,11.56228652140108,pooled_pilot_20260919_atlanta,grid_08,253835,5016,0.8,0.9,0.05,518,34934,171.1766,0.13762483503063014,BLOCK_SPANNED,0.75,0.8500000000000001,49070,3923,5342,0.19331455473043513,1.9331455473043495,0.85,0.9500000000000001,17786,2686,6757,0.07006913940157977,0.700691394015797,2534,0
atlanta,28145,2023-06-23,6,11.56228652140108,pooled_pilot_20260919_atlanta,grid_09,253835,5016,0.9,1,0.01,0,0,0,0,NO_BLOCK_SPANS_BOTH_ENDPOINTS,0.89,0.91,1669,701,0,0.006575137392400576,0.3287568696200285,0.99,1,0,0,0,0,0,0,0
atlanta,28145,2023-06-23,6,11.56228652140108,pooled_pilot_20260919_atlanta,grid_09,253835,5016,0.9,1,0.025,0,0,0,0,NO_BLOCK_SPANS_BOTH_ENDPOINTS,0.875,0.925,5106,1370,0,0.020115429314318357,0.4023085862863668,0.975,1,0,0,0,0,0,0,0
atlanta,28145,2023-06-23,6,11.56228652140108,pooled_pilot_20260919_atlanta,grid_09,253835,5016,0.9,1,0.05,0,0,0,0,NO_BLOCK_SPANS_BOTH_ENDPOINTS,0.85,0.9500000000000001,17786,2686,0,0.07006913940157977,0.700691394015797,0.95,1,9,7,0,0.00003545610337423917,0.0007091220674847827,7,0
atlanta,28598,2023-07-22,7,16.04247581698478,pooled_pilot_20260919_atlanta,near_-0.02,237294,4903,0.008509538620710373,0.10850953862071037,0.01,158,10950,53.655,0.04614528812359352,BLOCK_SPANNED,0,0.01850953862071037,1840,533,856,0.00775409407738923,0.41892422260126755,0.09850953862071038,0.11850953862071037,10863,2912,322,0.04577865432754305,2.2889327163771536,401,0
atlanta,28598,2023-07-22,7,16.04247581698478,pooled_pilot_20260919_atlanta,near_-0.02,237294,4903,0.008509538620710373,0.10850953862071037,0.025,158,10950,53.655,0.04614528812359352,BLOCK_SPANNED,0,0.03350953862071038,8454,1546,1394,0.03562669094035247,1.0631805869846742,0.08350953862071037,0.13350953862071038,27526,3585,795,0.11599956172511737,2.319991234502347,1415,0
atlanta,28598,2023-07-22,7,16.04247581698478,pooled_pilot_20260919_atlanta,near_-0.02,237294,4903,0.008509538620710373,0.10850953862071037,0.05,158,10950,53.655,0.04614528812359352,BLOCK_SPANNED,0,0.05850953862071037,27054,2656,1990,0.11401046802700447,1.948579166998399,0.05850953862071037,0.15850953862071038,57603,4025,1631,0.2427495006194847,2.427495006194847,2554,0
atlanta,28598,2023-07-22,7,16.04247581698478,pooled_pilot_20260919_atlanta,near_-0.01,237294,4903,0.01850953862071037,0.11850953862071037,0.01,525,34860,170.814,0.14690636931401552,BLOCK_SPANNED,0.00850953862071037,0.028509538620710373,5378,1169,3165,0.022663868450108305,1.133193422505415,0.10850953862071037,0.12850953862071038,9441,2851,1093,0.03978608814382159,1.9893044071910793,908,0
atlanta,28598,2023-07-22,7,16.04247581698478,pooled_pilot_20260919_atlanta,near_-0.01,237294,4903,0.01850953862071037,0.11850953862071037,0.025,525,34860,170.814,0.14690636931401552,BLOCK_SPANNED,0,0.04350953862071037,15075,2063,5551,0.06352878707426231,1.460111715457788,0.09350953862071038,0.14350953862071036,24513,3641,2781,0.1033022326733925,2.0660446534678507,1877,0
atlanta,28598,2023-07-22,7,16.04247581698478,pooled_pilot_20260919_atlanta,near_-0.01,237294,4903,0.01850953862071037,0.11850953862071037,0.05,525,34860,170.814,0.14690636931401552,BLOCK_SPANNED,0,0.06850953862071038,35567,2970,8293,0.14988579567962107,2.187809153254328,0.06850953862071037,0.1685095386207104,52283,4058,6003,0.2203300547000767,2.2033005470007665,2838,0
atlanta,28598,2023-07-22,7,16.04247581698478,pooled_pilot_20260919_atlanta,historical,237294,4903,0.028509538620710373,0.12850953862071038,0.01,1174,81083,397.3067,0.34169848373747336,BLOCK_SPANNED,0.01850953862071037,0.038509538620710375,9721,1733,8098,0.04096605898168517,2.048302949084258,0.11850953862071038,0.1385095386207104,8529,2831,2885,0.03594275455763736,1.7971377278818677,1325,0
atlanta,28598,2023-07-22,7,16.04247581698478,pooled_pilot_20260919_atlanta,historical,237294,4903,0.028509538620710373,0.12850953862071038,0.025,1174,81083,397.3067,0.34169848373747336,BLOCK_SPANNED,0.0035095386207103715,0.053509538620710374,22691,2498,16806,0.09562399386415164,1.9124798772830327,0.10350953862071038,0.15350953862071037,21923,3615,7462,0.0923875024231544,1.8477500484630884,2225,0
atlanta,28598,2023-07-22,7,16.04247581698478,pooled_pilot_20260919_atlanta,historical,237294,4903,0.028509538620710373,0.12850953862071038,0.05,1174,81083,397.3067,0.34169848373747336,BLOCK_SPANNED,0,0.07850953862071038,43957,3220,27222,0.18524277899989045,2.3594939195200473,0.07850953862071038,0.1785095386207104,46905,4053,16452,0.1976661862499684,1.9766618624996837,3049,0
atlanta,28598,2023-07-22,7,16.04247581698478,pooled_pilot_20260919_atlanta,near_+0.01,237294,4903,0.038509538620710375,0.1385095386207104,0.01,1753,116509,570.8941,0.4909900798165988,BLOCK_SPANNED,0.028509538620710373,0.04850953862071038,13098,2128,11832,0.05519735012263268,2.7598675061316333,0.12850953862071038,0.1485095386207104,7883,2798,4070,0.033220393267423536,1.6610196633711753,1573,0
atlanta,28598,2023-07-22,7,16.04247581698478,pooled_pilot_20260919_atlanta,near_+0.01,237294,4903,0.038509538620710375,0.1385095386207104,0.025,1753,116509,570.8941,0.4909900798165988,BLOCK_SPANNED,0.013509538620710373,0.06350953862071038,30413,2808,26322,0.12816590389980362,2.563318077996072,0.11350953862071039,0.16350953862071038,19931,3608,10290,0.0839928527480678,1.6798570549613563,2459,0
atlanta,28598,2023-07-22,7,16.04247581698478,pooled_pilot_20260919_atlanta,near_+0.01,237294,4903,0.038509538620710375,0.1385095386207104,0.05,1753,116509,570.8941,0.4909900798165988,BLOCK_SPANNED,0,0.08850953862071037,51452,3415,41013,0.21682806982056016,2.4497706484465223,0.08850953862071038,0.1885095386207104,42138,4039,22479,0.17757718273534098,1.7757718273534095,3196,0
atlanta,28598,2023-07-22,7,16.04247581698478,pooled_pilot_20260919_atlanta,near_+0.02,237294,4903,0.04850953862071038,0.14850953862071037,0.01,2211,140705,689.4544999999999,0.5929564169342671,BLOCK_SPANNED,0.038509538620710375,0.05850953862071038,15493,2377,14390,0.06529031496793007,3.264515748396503,0.13850953862071036,0.15850953862071038,7256,2722,4539,0.030578101426921876,1.5289050713460925,1672,0
atlanta,28598,2023-07-22,7,16.04247581698478,pooled_pilot_20260919_atlanta,near_+0.02,237294,4903,0.04850953862071038,0.14850953862071037,0.025,2211,140705,689.4544999999999,0.5929564169342671,BLOCK_SPANNED,0.023509538620710375,0.07350953862071039,36174,3046,32900,0.15244380388884674,3.048876077776934,0.12350953862071037,0.17350953862071036,18320,3594,11433,0.07720380624878842,1.5440761249757688,2632,0
atlanta,28598,2023-07-22,7,16.04247581698478,pooled_pilot_20260919_atlanta,near_+0.02,237294,4903,0.04850953862071038,0.14850953862071037,0.05,2211,140705,689.4544999999999,0.5929564169342671,BLOCK_SPANNED,0,0.09850953862071038,58009,3552,50667,0.24446045833438687,2.481591749968791,0.09850953862071037,0.19850953862071036,38145,4024,24654,0.16074995575109358,1.6074995575109359,3289,0
atlanta,28598,2023-07-22,7,16.04247581698478,pooled_pilot_20260919_atlanta,grid_00,237294,4903,0,0.1,0.01,50,3421,16.7629,0.01441671512975465,BLOCK_SPANNED,0,0.01,543,196,239,0.0022883005891425824,0.22883005891425823,0.09000000000000001,0.11,12102,2891,96,0.05100002528508938,2.5500012642544703,136,0
atlanta,28598,2023-07-22,7,16.04247581698478,pooled_pilot_20260919_atlanta,grid_00,237294,4903,0,0.1,0.025,50,3421,16.7629,0.01441671512975465,BLOCK_SPANNED,0,0.025,4226,972,405,0.01780913128861244,0.7123652515444975,0.07500000000000001,0.125,30624,3575,239,0.1290550962097651,2.581101924195303,887,0
atlanta,28598,2023-07-22,7,16.04247581698478,pooled_pilot_20260919_atlanta,grid_00,237294,4903,0,0.1,0.05,50,3421,16.7629,0.01441671512975465,BLOCK_SPANNED,0,0.05,20074,2366,554,0.08459548071169098,1.6919096142338197,0.05,0.15000000000000002,61612,4006,504,0.25964415450875283,2.596441545087528,2289,0
atlanta,28598,2023-07-22,7,16.04247581698478,pooled_pilot_20260919_atlanta,grid_01,237294,4903,0.1,0.2,0.01,3366,194212,951.6388,0.8184446298684332,BLOCK_SPANNED,0.09000000000000001,0.11,12102,2891,11620,0.05100002528508938,2.5500012642544703,0.19,0.21000000000000002,4913,2375,4221,0.020704274022942004,1.0352137011470992,1759,0
atlanta,28598,2023-07-22,7,16.04247581698478,pooled_pilot_20260919_atlanta,grid_01,237294,4903,0.1,0.2,0.025,3366,194212,951.6388,0.8184446298684332,BLOCK_SPANNED,0.07500000000000001,0.125,30624,3575,29349,0.1290550962097651,2.581101924195303,0.17500000000000002,0.225,12537,3314,10854,0.05283319426534173,1.0566638853068349,2817,0
atlanta,28598,2023-07-22,7,16.04247581698478,pooled_pilot_20260919_atlanta,grid_01,237294,4903,0.1,0.2,0.05,3366,194212,951.6388,0.8184446298684332,BLOCK_SPANNED,0.05,0.15000000000000002,61612,4006,58436,0.25964415450875283,2.596441545087528,0.15000000000000002,0.25,25937,3909,22531,0.10930322722024155,1.0930322722024157,3533,0
atlanta,28598,2023-07-22,7,16.04247581698478,pooled_pilot_20260919_atlanta,grid_02,237294,4903,0.2,0.3,0.01,3931,217538,1065.9361999999999,0.916744629025597,BLOCK_SPANNED,0.19,0.21000000000000002,4913,2375,4819,0.020704274022942004,1.0352137011470992,0.29,0.31,3268,1943,3172,0.01377194535049348,0.6885972675246734,1312,0
atlanta,28598,2023-07-22,7,16.04247581698478,pooled_pilot_20260919_atlanta,grid_02,237294,4903,0.2,0.3,0.025,3931,217538,1065.9361999999999,0.916744629025597,BLOCK_SPANNED,0.17500000000000002,0.225,12537,3314,12265,0.05283319426534173,1.0566638853068349,0.27499999999999997,0.325,8014,2951,7767,0.03377245105228114,0.6754490210456222,2471,0
atlanta,28598,2023-07-22,7,16.04247581698478,pooled_pilot_20260919_atlanta,grid_02,237294,4903,0.2,0.3,0.05,3931,217538,1065.9361999999999,0.916744629025597,BLOCK_SPANNED,0.15000000000000002,0.25,25937,3909,25281,0.10930322722024155,1.0930322722024157,0.25,0.35,16257,3631,15733,0.06850994968267213,0.6850994968267214,3319,0
atlanta,28598,2023-07-22,7,16.04247581698478,pooled_pilot_20260919_atlanta,grid_03,237294,4903,0.3,0.4,0.01,4044,220847,1082.1503,0.9306893558202062,BLOCK_SPANNED,0.29,0.31,3268,1943,3211,0.01377194535049348,0.6885972675246734,0.39,0.41000000000000003,2527,1684,2478,0.010649236811718796,0.5324618405859393,970,0
atlanta,28598,2023-07-22,7,16.04247581698478,pooled_pilot_20260919_atlanta,grid_03,237294,4903,0.3,0.4,0.025,4044,220847,1082.1503,0.9306893558202062,BLOCK_SPANNED,0.27499999999999997,0.325,8014,2951,7877,0.03377245105228114,0.6754490210456222,0.375,0.42500000000000004,6204,2738,6092,0.02614478242180586,0.5228956484361167,2144,0
atlanta,28598,2023-07-22,7,16.04247581698478,pooled_pilot_20260919_atlanta,grid_03,237294,4903,0.3,0.4,0.05,4044,220847,1082.1503,0.9306893558202062,BLOCK_SPANNED,0.25,0.35,16257,3631,15975,0.06850994968267213,0.6850994968267214,0.35000000000000003,0.45,12444,3426,12211,0.05244127537990847,0.5244127537990848,3027,0
atlanta,28598,2023-07-22,7,16.04247581698478,pooled_pilot_20260919_atlanta,grid_04,237294,4903,0.4,0.5,0.01,4022,219099,1073.5851,0.9233229664466864,BLOCK_SPANNED,0.39,0.41000000000000003,2527,1684,2475,0.010649236811718796,0.5324618405859393,0.49,0.51,2158,1533,2127,0.00909420381467715,0.45471019073385716,799,0
atlanta,28598,2023-07-22,7,16.04247581698478,pooled_pilot_20260919_atlanta,grid_04,237294,4903,0.4,0.5,0.025,4022,219099,1073.5851,0.9233229664466864,BLOCK_SPANNED,0.375,0.42500000000000004,6204,2738,6083,0.02614478242180586,0.5228956484361167,0.475,0.525,5486,2595,5410,0.023119000058998543,0.46238000117997047,1942,0
atlanta,28598,2023-07-22,7,16.04247581698478,pooled_pilot_20260919_atlanta,grid_04,237294,4903,0.4,0.5,0.05,4022,219099,1073.5851,0.9233229664466864,BLOCK_SPANNED,0.35000000000000003,0.45,12444,3426,12191,0.05244127537990847,0.5244127537990848,0.45,0.55,11051,3291,10883,0.046570920461537164,0.46570920461537146,2832,0
atlanta,28598,2023-07-22,7,16.04247581698478,pooled_pilot_20260919_atlanta,grid_05,237294,4903,0.5,0.6,0.01,3955,215459,1055.7491,0.9079833455544599,BLOCK_SPANNED,0.49,0.51,2158,1533,2115,0.00909420381467715,0.45471019073385716,0.59,0.61,2230,1547,2197,0.009397624887270643,0.46988124436353174,780,0
atlanta,28598,2023-07-22,7,16.04247581698478,pooled_pilot_20260919_atlanta,grid_05,237294,4903,0.5,0.6,0.025,3955,215459,1055.7491,0.9079833455544599,BLOCK_SPANNED,0.475,0.525,5486,2595,5368,0.023119000058998543,0.46238000117997047,0.575,0.625,5594,2606,5509,0.02357413166788878,0.4714826333577752,1880,0
atlanta,28598,2023-07-22,7,16.04247581698478,pooled_pilot_20260919_atlanta,grid_05,237294,4903,0.5,0.6,0.05,3955,215459,1055.7491,0.9079833455544599,BLOCK_SPANNED,0.45,0.55,11051,3291,10798,0.046570920461537164,0.46570920461537146,0.5499999999999999,0.65,11317,3277,11138,0.04769189275750756,0.4769189275750752,2747,0
atlanta,28598,2023-07-22,7,16.04247581698478,pooled_pilot_20260919_atlanta,grid_06,237294,4903,0.6,0.7,0.01,3835,210227,1030.1123,0.8859347476126661,BLOCK_SPANNED,0.59,0.61,2230,1547,2174,0.009397624887270643,0.46988124436353174,0.69,0.71,2797,1748,2751,0.01178706583394439,0.589353291697219,875,0
atlanta,28598,2023-07-22,7,16.04247581698478,pooled_pilot_20260919_atlanta,grid_06,237294,4903,0.6,0.7,0.025,3835,210227,1030.1123,0.8859347476126661,BLOCK_SPANNED,0.575,0.625,5594,2606,5445,0.02357413166788878,0.4714826333577752,0.6749999999999999,0.725,7018,2738,6922,0.029575126214737835,0.5915025242947561,1970,0
atlanta,28598,2023-07-22,7,16.04247581698478,pooled_pilot_20260919_atlanta,grid_06,237294,4903,0.6,0.7,0.05,3835,210227,1030.1123,0.8859347476126661,BLOCK_SPANNED,0.5499999999999999,0.65,11317,3277,11013,0.04769189275750756,0.4769189275750752,0.6499999999999999,0.75,14490,3403,14265,0.06106349085944019,0.6106349085944014,2832,0
atlanta,28598,2023-07-22,7,16.04247581698478,pooled_pilot_20260919_atlanta,grid_07,237294,4903,0.7,0.8,0.01,3555,197778,969.1121999999999,0.8334724013249387,BLOCK_SPANNED,0.69,0.71,2797,1748,2662,0.01178706583394439,0.589353291697219,0.79,0.81,8523,2502,8413,0.03591746946825457,1.7958734734127269,1330,0
atlanta,28598,2023-07-22,7,16.04247581698478,pooled_pilot_20260919_atlanta,grid_07,237294,4903,0.7,0.8,0.025,3555,197778,969.1121999999999,0.8334724013249387,BLOCK_SPANNED,0.6749999999999999,0.725,7018,2738,6700,0.029575126214737835,0.5915025242947561,0.775,0.8250000000000001,22758,3266,22470,0.09590634402892614,1.9181268805785212,2375,0
atlanta,28598,2023-07-22,7,16.04247581698478,pooled_pilot_20260919_atlanta,grid_07,237294,4903,0.7,0.8,0.05,3555,197778,969.1121999999999,0.8334724013249387,BLOCK_SPANNED,0.6499999999999999,0.75,14490,3403,13827,0.06106349085944019,0.6106349085944014,0.75,0.8500000000000001,47748,3732,47138,0.20121874130825051,2.0121874130825033,3139,0
atlanta,28598,2023-07-22,7,16.04247581698478,pooled_pilot_20260919_atlanta,grid_08,237294,4903,0.8,0.9,0.01,389,24779,121.41709999999999,0.1044232049693629,BLOCK_SPANNED,0.79,0.81,8523,2502,471,0.03591746946825457,1.7958734734127269,0.89,0.91,1270,539,976,0.0053520105860240886,0.2676005293012042,305,0
atlanta,28598,2023-07-22,7,16.04247581698478,pooled_pilot_20260919_atlanta,grid_08,237294,4903,0.8,0.9,0.025,389,24779,121.41709999999999,0.1044232049693629,BLOCK_SPANNED,0.775,0.8250000000000001,22758,3266,1377,0.09590634402892614,1.9181268805785212,0.875,0.925,4163,1169,2539,0.017543637850093132,0.3508727570018623,974,0
atlanta,28598,2023-07-22,7,16.04247581698478,pooled_pilot_20260919_atlanta,grid_08,237294,4903,0.8,0.9,0.05,389,24779,121.41709999999999,0.1044232049693629,BLOCK_SPANNED,0.75,0.8500000000000001,47748,3732,3531,0.20121874130825051,2.0121874130825033,0.85,0.9500000000000001,16358,2461,5190,0.06893558202061578,0.6893558202061572,2309,0
atlanta,28598,2023-07-22,7,16.04247581698478,pooled_pilot_20260919_atlanta,grid_09,237294,4903,0.9,1,0.01,0,0,0,0,NO_BLOCK_SPANS_BOTH_ENDPOINTS,0.89,0.91,1270,539,0,0.0053520105860240886,0.2676005293012042,0.99,1,0,0,0,0,0,0,0
atlanta,28598,2023-07-22,7,16.04247581698478,pooled_pilot_20260919_atlanta,grid_09,237294,4903,0.9,1,0.025,0,0,0,0,NO_BLOCK_SPANS_BOTH_ENDPOINTS,0.875,0.925,4163,1169,0,0.017543637850093132,0.3508727570018623,0.975,1,0,0,0,0,0,0,0
atlanta,28598,2023-07-22,7,16.04247581698478,pooled_pilot_20260919_atlanta,grid_09,237294,4903,0.9,1,0.05,0,0,0,0,NO_BLOCK_SPANS_BOTH_ENDPOINTS,0.85,0.9500000000000001,16358,2461,0,0.06893558202061578,0.6893558202061572,0.95,1,6,5,0,0.00002528508938279097,0.0005057017876558189,5,0
phoenix,27963,2023-06-11,6,16.212501193031922,pooled_pilot_20260919_phoenix,near_-0.02,516781,3232,0.008509538620710373,0.10850953862071037,0.01,1956,348107,1705.7242999999999,0.6736064212887084,BLOCK_SPANNED,0,0.01850953862071037,194096,3099,118482,0.3755865637475062,20.291514091402657,0.09850953862071038,0.11850953862071037,25068,2436,18621,0.048507975331910425,2.4253987665955226,2341,0
phoenix,27963,2023-06-11,6,16.212501193031922,pooled_pilot_20260919_phoenix,near_-0.02,516781,3232,0.008509538620710373,0.10850953862071037,0.025,1956,348107,1705.7242999999999,0.6736064212887084,BLOCK_SPANNED,0,0.03350953862071038,298479,3196,192240,0.5775734789011205,17.236091652546794,0.08350953862071037,0.13350953862071038,58561,2728,42730,0.1133187946151271,2.266375892302541,2700,0
phoenix,27963,2023-06-11,6,16.212501193031922,pooled_pilot_20260919_phoenix,near_-0.02,516781,3232,0.008509538620710373,0.10850953862071037,0.05,1956,348107,1705.7242999999999,0.6736064212887084,BLOCK_SPANNED,0,0.05850953862071037,395148,3225,261943,0.7646333746790226,13.06852511067945,0.05850953862071037,0.15850953862071038,120621,2968,85462,0.23340834899115873,2.334083489911587,2961,0
phoenix,27963,2023-06-11,6,16.212501193031922,pooled_pilot_20260919_phoenix,near_-0.01,516781,3232,0.01850953862071037,0.11850953862071037,0.01,1879,332446,1628.9854,0.6433015145680665,BLOCK_SPANNED,0.00850953862071037,0.028509538620710373,185122,3163,108103,0.35822137423782996,17.911068711891495,0.10850953862071037,0.12850953862071038,18531,2221,16787,0.03585851647022627,1.792925823511313,2191,0
phoenix,27963,2023-06-11,6,16.212501193031922,pooled_pilot_20260919_phoenix,near_-0.01,516781,3232,0.01850953862071037,0.11850953862071037,0.025,1879,332446,1628.9854,0.6433015145680665,BLOCK_SPANNED,0,0.04350953862071037,343917,3217,195630,0.6654985380654475,15.295462998742826,0.09350953862071038,0.14350953862071036,43607,2577,38414,0.0843819722474317,1.6876394449486343,2567,0
phoenix,27963,2023-06-11,6,16.212501193031922,pooled_pilot_20260919_phoenix,near_-0.01,516781,3232,0.01850953862071037,0.11850953862071037,0.05,1879,332446,1628.9854,0.6433015145680665,BLOCK_SPANNED,0,0.06850953862071038,421558,3227,253182,0.8157381947091709,11.906928744993385,0.06850953862071037,0.1685095386207104,94697,2888,78792,0.18324396601268236,1.8324396601268234,2883,0
phoenix,27963,2023-06-11,6,16.212501193031922,pooled_pilot_20260919_phoenix,historical,516781,3232,0.028509538620710373,0.12850953862071038,0.01,1375,241990,1185.751,0.4682641196174008,BLOCK_SPANNED,0.01850953862071037,0.038509538620710375,128644,3156,57857,0.2489333005663908,12.446665028319536,0.11850953862071038,0.1385095386207104,10140,1858,8710,0.019621464411423796,0.9810732205711896,1846,0
phoenix,27963,2023-06-11,6,16.212501193031922,pooled_pilot_20260919_phoenix,historical,516781,3232,0.028509538620710373,0.12850953862071038,0.025,1375,241990,1185.751,0.4682641196174008,BLOCK_SPANNED,0.0035095386207103715,0.053509538620710374,347226,3218,142749,0.6719016372505955,13.43803274501191,0.10350953862071038,0.15350953862071037,30314,2395,24483,0.05865927733411252,1.1731855466822507,2389,0
phoenix,27963,2023-06-11,6,16.212501193031922,pooled_pilot_20260919_phoenix,historical,516781,3232,0.028509538620710373,0.12850953862071038,0.05,1375,241990,1185.751,0.4682641196174008,BLOCK_SPANNED,0,0.07850953862071038,443790,3229,187877,0.8587583521840005,10.938267722254388,0.07850953862071038,0.1785095386207104,72695,2794,53832,0.1406688713400841,1.4066887134008408,2791,0
phoenix,27963,2023-06-11,6,16.212501193031922,pooled_pilot_20260919_phoenix,near_+0.01,516781,3232,0.038509538620710375,0.1385095386207104,0.01,938,163570,801.4929999999999,0.31651705461307594,BLOCK_SPANNED,0.028509538620710373,0.04850953862071038,92769,3134,29641,0.1795131786965852,8.975658934829259,0.12850953862071038,0.1485095386207104,4751,1292,4030,0.009193449449573418,0.4596724724786705,1287,0
phoenix,27963,2023-06-11,6,16.212501193031922,pooled_pilot_20260919_phoenix,near_+0.01,516781,3232,0.038509538620710375,0.1385095386207104,0.025,938,163570,801.4929999999999,0.31651705461307594,BLOCK_SPANNED,0.013509538620710373,0.06350953862071038,266207,3197,79665,0.5151253625810547,10.302507251621092,0.11350953862071039,0.16350953862071038,18357,2133,12939,0.03552181678505982,0.7104363357011966,2129,0
phoenix,27963,2023-06-11,6,16.212501193031922,pooled_pilot_20260919_phoenix,near_+0.01,516781,3232,0.038509538620710375,0.1385095386207104,0.05,938,163570,801.4929999999999,0.31651705461307594,BLOCK_SPANNED,0,0.08850953862071037,462256,3229,130681,0.8944910900362049,10.106154703498845,0.08850953862071038,0.1885095386207104,54367,2653,32734,0.10520317116921868,1.0520317116921867,2650,0
phoenix,27963,2023-06-11,6,16.212501193031922,pooled_pilot_20260919_phoenix,near_+0.02,516781,3232,0.04850953862071038,0.14850953862071037,0.01,613,106246,520.6054,0.2055919238516896,BLOCK_SPANNED,0.038509538620710375,0.05850953862071038,72408,3068,16053,0.14011351036512565,7.005675518256281,0.13850953862071036,0.15850953862071038,2547,844,2028,0.004928586770798462,0.24642933853992288,839,0
phoenix,27963,2023-06-11,6,16.212501193031922,pooled_pilot_20260919_phoenix,near_+0.02,516781,3232,0.04850953862071038,0.14850953862071037,0.025,613,106246,520.6054,0.2055919238516896,BLOCK_SPANNED,0.023509538620710375,0.07350953862071039,196825,3171,41934,0.3808673306487661,7.617346612975321,0.12350953862071037,0.17350953862071036,9016,1644,6065,0.01744646184747504,0.3489292369495009,1642,0
phoenix,27963,2023-06-11,6,16.212501193031922,pooled_pilot_20260919_phoenix,near_+0.02,516781,3232,0.04850953862071038,0.14850953862071037,0.05,613,106246,520.6054,0.2055919238516896,BLOCK_SPANNED,0,0.09850953862071038,478014,3230,87625,0.9249836971560487,9.389788137344729,0.09850953862071037,0.19850953862071036,38665,2509,18521,0.07481892716643994,0.7481892716643994,2507,0
phoenix,27963,2023-06-11,6,16.212501193031922,pooled_pilot_20260919_phoenix,grid_00,516781,3232,0,0.1,0.01,620,110629,542.0821,0.2140732728176926,BLOCK_SPANNED,0,0.01,102312,2884,34454,0.19797941487786896,19.797941487786897,0.09000000000000001,0.11,28674,2556,4374,0.05548578604863569,2.774289302431786,2263,0
phoenix,27963,2023-06-11,6,16.212501193031922,pooled_pilot_20260919_phoenix,grid_00,516781,3232,0,0.1,0.025,620,110629,542.0821,0.2140732728176926,BLOCK_SPANNED,0,0.025,247083,3157,66128,0.47811935810333583,19.124774324133433,0.07500000000000001,0.125,71971,2823,10833,0.1392678910408858,2.7853578208177168,2761,0
phoenix,27963,2023-06-11,6,16.212501193031922,pooled_pilot_20260919_phoenix,grid_00,516781,3232,0,0.1,0.05,620,110629,542.0821,0.2140732728176926,BLOCK_SPANNED,0,0.05,368020,3222,87844,0.7121391846836475,14.242783693672948,0.05,0.15000000000000002,147040,3028,22553,0.28453058452226376,2.845305845222637,3018,0
phoenix,27963,2023-06-11,6,16.212501193031922,pooled_pilot_20260919_phoenix,grid_01,516781,3232,0.1,0.2,0.01,68,11908,58.349199999999996,0.023042642821620763,BLOCK_SPANNED,0.09000000000000001,0.11,28674,2556,1349,0.05548578604863569,2.774289302431786,0.19,0.21000000000000002,79,68,44,0.000152869397288213,0.007643469864410643,66,0
phoenix,27963,2023-06-11,6,16.212501193031922,pooled_pilot_20260919_phoenix,grid_01,516781,3232,0.1,0.2,0.025,68,11908,58.349199999999996,0.023042642821620763,BLOCK_SPANNED,0.07500000000000001,0.125,71971,2823,3269,0.1392678910408858,2.7853578208177168,0.17500000000000002,0.225,316,191,129,0.000611477589152852,0.012229551783057043,190,0
phoenix,27963,2023-06-11,6,16.212501193031922,pooled_pilot_20260919_phoenix,grid_01,516781,3232,0.1,0.2,0.05,68,11908,58.349199999999996,0.023042642821620763,BLOCK_SPANNED,0.05,0.15000000000000002,147040,3028,5800,0.28453058452226376,2.845305845222637,0.15000000000000002,0.25,1710,566,401,0.0033089451818081547,0.03308945181808155,566,0
phoenix,27963,2023-06-11,6,16.212501193031922,pooled_pilot_20260919_phoenix,grid_02,516781,3232,0.2,0.3,0.01,3,508,2.4892,0.0009830082762330658,BLOCK_SPANNED,0.19,0.21000000000000002,79,68,2,0.000152869397288213,0.007643469864410643,0.29,0.31,0,0,0,0,0,0,0
phoenix,27963,2023-06-11,6,16.212501193031922,pooled_pilot_20260919_phoenix,grid_02,516781,3232,0.2,0.3,0.025,3,508,2.4892,0.0009830082762330658,BLOCK_SPANNED,0.17500000000000002,0.225,316,191,9,0.000611477589152852,0.012229551783057043,0.27499999999999997,0.325,5,5,1,0.00000967527830938057,0.0001935055661876112,2,0
phoenix,27963,2023-06-11,6,16.212501193031922,pooled_pilot_20260919_phoenix,grid_02,516781,3232,0.2,0.3,0.05,3,508,2.4892,0.0009830082762330658,BLOCK_SPANNED,0.15000000000000002,0.25,1710,566,15,0.0033089451818081547,0.03308945181808155,0.25,0.35,11,10,3,0.000021285612280637253,0.00021285612280637258,10,0
phoenix,27963,2023-06-11,6,16.212501193031922,pooled_pilot_20260919_phoenix,grid_03,516781,3232,0.3,0.4,0.01,0,0,0,0,NO_BLOCK_SPANS_BOTH_ENDPOINTS,0.29,0.31,0,0,0,0,0,0.39,0.41000000000000003,0,0,0,0,0,0,0
phoenix,27963,2023-06-11,6,16.212501193031922,pooled_pilot_20260919_phoenix,grid_03,516781,3232,0.3,0.4,0.025,0,0,0,0,NO_BLOCK_SPANS_BOTH_ENDPOINTS,0.27499999999999997,0.325,5,5,0,0.00000967527830938057,0.0001935055661876112,0.375,0.42500000000000004,0,0,0,0,0,0,0
phoenix,27963,2023-06-11,6,16.212501193031922,pooled_pilot_20260919_phoenix,grid_03,516781,3232,0.3,0.4,0.05,0,0,0,0,NO_BLOCK_SPANS_BOTH_ENDPOINTS,0.25,0.35,11,10,0,0.000021285612280637253,0.00021285612280637258,0.35000000000000003,0.45,0,0,0,0,0,0,0
phoenix,27963,2023-06-11,6,16.212501193031922,pooled_pilot_20260919_phoenix,grid_04,516781,3232,0.4,0.5,0.01,0,0,0,0,NO_BLOCK_SPANS_BOTH_ENDPOINTS,0.39,0.41000000000000003,0,0,0,0,0,0.49,0.51,0,0,0,0,0,0,0
phoenix,27963,2023-06-11,6,16.212501193031922,pooled_pilot_20260919_phoenix,grid_04,516781,3232,0.4,0.5,0.025,0,0,0,0,NO_BLOCK_SPANS_BOTH_ENDPOINTS,0.375,0.42500000000000004,0,0,0,0,0,0.475,0.525,0,0,0,0,0,0,0
phoenix,27963,2023-06-11,6,16.212501193031922,pooled_pilot_20260919_phoenix,grid_04,516781,3232,0.4,0.5,0.05,0,0,0,0,NO_BLOCK_SPANS_BOTH_ENDPOINTS,0.35000000000000003,0.45,0,0,0,0,0,0.45,0.55,0,0,0,0,0,0,0
phoenix,27963,2023-06-11,6,16.212501193031922,pooled_pilot_20260919_phoenix,grid_05,516781,3232,0.5,0.6,0.01,0,0,0,0,NO_BLOCK_SPANS_BOTH_ENDPOINTS,0.49,0.51,0,0,0,0,0,0.59,0.61,0,0,0,0,0,0,0
phoenix,27963,2023-06-11,6,16.212501193031922,pooled_pilot_20260919_phoenix,grid_05,516781,3232,0.5,0.6,0.025,0,0,0,0,NO_BLOCK_SPANS_BOTH_ENDPOINTS,0.475,0.525,0,0,0,0,0,0.575,0.625,0,0,0,0,0,0,0
phoenix,27963,2023-06-11,6,16.212501193031922,pooled_pilot_20260919_phoenix,grid_05,516781,3232,0.5,0.6,0.05,0,0,0,0,NO_BLOCK_SPANS_BOTH_ENDPOINTS,0.45,0.55,0,0,0,0,0,0.5499999999999999,0.65,0,0,0,0,0,0,0
phoenix,27963,2023-06-11,6,16.212501193031922,pooled_pilot_20260919_phoenix,grid_06,516781,3232,0.6,0.7,0.01,0,0,0,0,NO_BLOCK_SPANS_BOTH_ENDPOINTS,0.59,0.61,0,0,0,0,0,0.69,0.71,0,0,0,0,0,0,0
phoenix,27963,2023-06-11,6,16.212501193031922,pooled_pilot_20260919_phoenix,grid_06,516781,3232,0.6,0.7,0.025,0,0,0,0,NO_BLOCK_SPANS_BOTH_ENDPOINTS,0.575,0.625,0,0,0,0,0,0.6749999999999999,0.725,0,0,0,0,0,0,0
phoenix,27963,2023-06-11,6,16.212501193031922,pooled_pilot_20260919_phoenix,grid_06,516781,3232,0.6,0.7,0.05,0,0,0,0,NO_BLOCK_SPANS_BOTH_ENDPOINTS,0.5499999999999999,0.65,0,0,0,0,0,0.6499999999999999,0.75,0,0,0,0,0,0,0
phoenix,27963,2023-06-11,6,16.212501193031922,pooled_pilot_20260919_phoenix,grid_07,516781,3232,0.7,0.8,0.01,0,0,0,0,NO_BLOCK_SPANS_BOTH_ENDPOINTS,0.69,0.71,0,0,0,0,0,0.79,0.81,0,0,0,0,0,0,0
phoenix,27963,2023-06-11,6,16.212501193031922,pooled_pilot_20260919_phoenix,grid_07,516781,3232,0.7,0.8,0.025,0,0,0,0,NO_BLOCK_SPANS_BOTH_ENDPOINTS,0.6749999999999999,0.725,0,0,0,0,0,0.775,0.8250000000000001,0,0,0,0,0,0,0
phoenix,27963,2023-06-11,6,16.212501193031922,pooled_pilot_20260919_phoenix,grid_07,516781,3232,0.7,0.8,0.05,0,0,0,0,NO_BLOCK_SPANS_BOTH_ENDPOINTS,0.6499999999999999,0.75,0,0,0,0,0,0.75,0.8500000000000001,0,0,0,0,0,0,0
phoenix,27963,2023-06-11,6,16.212501193031922,pooled_pilot_20260919_phoenix,grid_08,516781,3232,0.8,0.9,0.01,0,0,0,0,NO_BLOCK_SPANS_BOTH_ENDPOINTS,0.79,0.81,0,0,0,0,0,0.89,0.91,0,0,0,0,0,0,0
phoenix,27963,2023-06-11,6,16.212501193031922,pooled_pilot_20260919_phoenix,grid_08,516781,3232,0.8,0.9,0.025,0,0,0,0,NO_BLOCK_SPANS_BOTH_ENDPOINTS,0.775,0.8250000000000001,0,0,0,0,0,0.875,0.925,0,0,0,0,0,0,0
phoenix,27963,2023-06-11,6,16.212501193031922,pooled_pilot_20260919_phoenix,grid_08,516781,3232,0.8,0.9,0.05,0,0,0,0,NO_BLOCK_SPANS_BOTH_ENDPOINTS,0.75,0.8500000000000001,0,0,0,0,0,0.85,0.9500000000000001,0,0,0,0,0,0,0
phoenix,27963,2023-06-11,6,16.212501193031922,pooled_pilot_20260919_phoenix,grid_09,516781,3232,0.9,1,0.01,0,0,0,0,NO_BLOCK_SPANS_BOTH_ENDPOINTS,0.89,0.91,0,0,0,0,0,0.99,1,0,0,0,0,0,0,0
phoenix,27963,2023-06-11,6,16.212501193031922,pooled_pilot_20260919_phoenix,grid_09,516781,3232,0.9,1,0.025,0,0,0,0,NO_BLOCK_SPANS_BOTH_ENDPOINTS,0.875,0.925,0,0,0,0,0,0.975,1,0,0,0,0,0,0,0
phoenix,27963,2023-06-11,6,16.212501193031922,pooled_pilot_20260919_phoenix,grid_09,516781,3232,0.9,1,0.05,0,0,0,0,NO_BLOCK_SPANS_BOTH_ENDPOINTS,0.85,0.9500000000000001,0,0,0,0,0,0.95,1,0,0,0,0,0,0,0
phoenix,28024,2023-06-15,6,14.544646487770107,pooled_pilot_20260919_phoenix,near_-0.02,519066,3100,0.008509538620710373,0.10850953862071037,0.01,1888,351174,1720.7526,0.6765498029152363,BLOCK_SPANNED,0,0.01850953862071037,194016,2956,118830,0.373779056998532,20.193861373741083,0.09850953862071038,0.11850953862071037,28302,2353,20989,0.054524858110529296,2.7262429055264663,2256,0
phoenix,28024,2023-06-15,6,14.544646487770107,pooled_pilot_20260919_phoenix,near_-0.02,519066,3100,0.008509538620710373,0.10850953862071037,0.025,1888,351174,1720.7526,0.6765498029152363,BLOCK_SPANNED,0,0.03350953862071038,296394,3055,191893,0.571014090693669,17.040344755470823,0.08350953862071037,0.13350953862071038,64364,2623,47024,0.1239996455171404,2.479992910342807,2588,0
phoenix,28024,2023-06-15,6,14.544646487770107,pooled_pilot_20260919_phoenix,near_-0.02,519066,3100,0.008509538620710373,0.10850953862071037,0.05,1888,351174,1720.7526,0.6765498029152363,BLOCK_SPANNED,0,0.05850953862071037,390740,3090,260235,0.7527751769524492,12.865853922252475,0.05850953862071037,0.15850953862071038,127004,2843,90023,0.2446779407628317,2.4467794076283167,2833,0
phoenix,28024,2023-06-15,6,14.544646487770107,pooled_pilot_20260919_phoenix,near_-0.01,519066,3100,0.01850953862071037,0.11850953862071037,0.01,1825,338762,1659.9338,0.652637622190627,BLOCK_SPANNED,0.00850953862071037,0.028509538620710373,182238,3013,108385,0.3510883009097109,17.55441504548554,0.10850953862071037,0.12850953862071038,22091,2140,20023,0.04255913506182258,2.1279567530911287,2107,0
phoenix,28024,2023-06-15,6,14.544646487770107,pooled_pilot_20260919_phoenix,near_-0.01,519066,3100,0.01850953862071037,0.11850953862071037,0.025,1825,338762,1659.9338,0.652637622190627,BLOCK_SPANNED,0,0.04350953862071037,340595,3078,196329,0.6561689650256423,15.081037074323476,0.09350953862071038,0.14350953862071036,49410,2486,43691,0.09519020702569615,1.9038041405139234,2473,0
phoenix,28024,2023-06-15,6,14.544646487770107,pooled_pilot_20260919_phoenix,near_-0.01,519066,3100,0.01850953862071037,0.11850953862071037,0.05,1825,338762,1659.9338,0.652637622190627,BLOCK_SPANNED,0,0.06850953862071038,416874,3093,253388,0.8031233022390216,11.722795371391365,0.06850953862071037,0.1685095386207104,101480,2771,84739,0.19550500321731726,1.9550500321731723,2764,0
phoenix,28024,2023-06-15,6,14.544646487770107,pooled_pilot_20260919_phoenix,historical,519066,3100,0.028509538620710373,0.12850953862071038,0.01,1387,257185,1260.2065,0.495476490465567,BLOCK_SPANNED,0.01850953862071037,0.038509538620710375,126021,3011,59814,0.24278415461617597,12.139207730808796,0.11850953862071038,0.1385095386207104,12226,1815,10788,0.02355384479045054,1.1776922395225267,1802,0
phoenix,28024,2023-06-15,6,14.544646487770107,pooled_pilot_20260919_phoenix,historical,519066,3100,0.028509538620710373,0.12850953862071038,0.025,1387,257185,1260.2065,0.495476490465567,BLOCK_SPANNED,0.0035095386207103715,0.053509538620710374,341518,3080,147799,0.6579471589354725,13.15894317870945,0.10350953862071038,0.15350953862071037,35663,2306,29942,0.06870609903172237,1.3741219806344476,2300,0
phoenix,28024,2023-06-15,6,14.544646487770107,pooled_pilot_20260919_phoenix,historical,519066,3100,0.028509538620710373,0.12850953862071038,0.05,1387,257185,1260.2065,0.495476490465567,BLOCK_SPANNED,0,0.07850953862071038,439133,3096,194996,0.8460060955639552,10.775838330309377,0.07850953862071038,0.1785095386207104,79497,2683,61775,0.15315393418178036,1.5315393418178034,2679,0
phoenix,28024,2023-06-15,6,14.544646487770107,pooled_pilot_20260919_phoenix,near_+0.01,519066,3100,0.038509538620710375,0.1385095386207104,0.01,967,178642,875.3457999999999,0.3441604728493101,BLOCK_SPANNED,0.028509538620710373,0.04850953862071038,90435,2997,31061,0.17422639895504619,8.711319947752308,0.12850953862071038,0.1485095386207104,5682,1320,4903,0.010946584827362995,0.5473292413681492,1315,0
phoenix,28024,2023-06-15,6,14.544646487770107,pooled_pilot_20260919_phoenix,near_+0.01,519066,3100,0.038509538620710375,0.1385095386207104,0.025,967,178642,875.3457999999999,0.3441604728493101,BLOCK_SPANNED,0.013509538620710373,0.06350953862071038,260872,3059,83969,0.5025796334184863,10.051592668369725,0.11350953862071039,0.16350953862071038,22183,2067,16499,0.042736376491621486,0.8547275298324299,2063,0
phoenix,28024,2023-06-15,6,14.544646487770107,pooled_pilot_20260919_phoenix,near_+0.01,519066,3100,0.038509538620710375,0.1385095386207104,0.05,967,178642,875.3457999999999,0.3441604728493101,BLOCK_SPANNED,0,0.08850953862071037,457945,3096,138598,0.8822481148832712,9.967830909886064,0.08850953862071038,0.1885095386207104,60872,2557,39800,0.11727217733390359,1.1727217733390356,2553,0
phoenix,28024,2023-06-15,6,14.544646487770107,pooled_pilot_20260919_phoenix,near_+0.02,519066,3100,0.04850953862071038,0.14850953862071037,0.01,667,122651,600.9899,0.23629172398115075,BLOCK_SPANNED,0.038509538620710375,0.05850953862071038,70703,2934,17658,0.13621196533774124,6.810598266887061,0.13850953862071036,0.15850953862071038,3059,878,2582,0.005893277540813692,0.29466387704068436,873,0
phoenix,28024,2023-06-15,6,14.544646487770107,pooled_pilot_20260919_phoenix,near_+0.02,519066,3100,0.04850953862071038,0.14850953862071037,0.025,667,122651,600.9899,0.23629172398115075,BLOCK_SPANNED,0.023509538620710375,0.07350953862071039,192807,3035,46062,0.37144987342650065,7.428997468530012,0.12350953862071037,0.17350953862071036,10898,1633,7978,0.02099540328204891,0.4199080656409783,1632,0
phoenix,28024,2023-06-15,6,14.544646487770107,pooled_pilot_20260919_phoenix,near_+0.02,519066,3100,0.04850953862071038,0.14850953862071037,0.05,667,122651,600.9899,0.23629172398115075,BLOCK_SPANNED,0,0.09850953862071038,474157,3097,97554,0.9134811372734873,9.273022187126958,0.09850953862071037,0.19850953862071036,44748,2417,24939,0.08620869022436453,0.8620869022436454,2414,0
phoenix,28024,2023-06-15,6,14.544646487770107,pooled_pilot_20260919_phoenix,grid_00,519066,3100,0,0.1,0.01,647,120161,588.7889,0.2314946461528977,BLOCK_SPANNED,0,0.01,103609,2749,36422,0.19960660108733763,19.960660108733762,0.09000000000000001,0.11,30469,2470,5189,0.05869966439720575,2.934983219860289,2183,0
phoenix,28024,2023-06-15,6,14.544646487770107,pooled_pilot_20260919_phoenix,grid_00,519066,3100,0,0.1,0.025,647,120161,588.7889,0.2314946461528977,BLOCK_SPANNED,0,0.025,246213,3012,70266,0.4743385234247668,18.97354093699067,0.07500000000000001,0.125,77163,2710,13059,0.14865739616927326,2.973147923385466,2638,0
phoenix,28024,2023-06-15,6,14.544646487770107,pooled_pilot_20260919_phoenix,grid_00,519066,3100,0,0.1,0.05,647,120161,588.7889,0.2314946461528977,BLOCK_SPANNED,0,0.05,364169,3085,93726,0.7015851548743319,14.031703097486638,0.05,0.15000000000000002,152702,2899,26133,0.2941860957951397,2.9418609579513966,2884,0
phoenix,28024,2023-06-15,6,14.544646487770107,pooled_pilot_20260919_phoenix,grid_01,519066,3100,0.1,0.2,0.01,97,17777,87.1073,0.03424805323407813,BLOCK_SPANNED,0.09000000000000001,0.11,30469,2470,2153,0.05869966439720575,2.934983219860289,0.19,0.21000000000000002,127,104,73,0.00024467023461371,0.01223351173068549,101,0
phoenix,28024,2023-06-15,6,14.544646487770107,pooled_pilot_20260919_phoenix,grid_01,519066,3100,0.1,0.2,0.025,97,17777,87.1073,0.03424805323407813,BLOCK_SPANNED,0.07500000000000001,0.125,77163,2710,5260,0.14865739616927326,2.973147923385466,0.17500000000000002,0.225,444,246,204,0.0008553825525077736,0.017107651050155475,245,0
phoenix,28024,2023-06-15,6,14.544646487770107,pooled_pilot_20260919_phoenix,grid_01,519066,3100,0.1,0.2,0.05,97,17777,87.1073,0.03424805323407813,BLOCK_SPANNED,0.05,0.15000000000000002,152702,2899,9076,0.2941860957951397,2.9418609579513966,0.15000000000000002,0.25,2171,625,634,0.004182512435798145,0.04182512435798146,625,0
phoenix,28024,2023-06-15,6,14.544646487770107,pooled_pilot_20260919_phoenix,grid_02,519066,3100,0.2,0.3,0.01,6,964,4.7236,0.0018571819383276886,BLOCK_SPANNED,0.19,0.21000000000000002,127,104,4,0.00024467023461371,0.01223351173068549,0.29,0.31,1,1,1,0.0000019265372804229136,0.00009632686402114559,0,0
phoenix,28024,2023-06-15,6,14.544646487770107,pooled_pilot_20260919_phoenix,grid_02,519066,3100,0.2,0.3,0.025,6,964,4.7236,0.0018571819383276886,BLOCK_SPANNED,0.17500000000000002,0.225,444,246,17,0.0008553825525077736,0.017107651050155475,0.27499999999999997,0.325,10,10,4,0.000019265372804229134,0.0003853074560845823,7,0
phoenix,28024,2023-06-15,6,14.544646487770107,pooled_pilot_20260919_phoenix,grid_02,519066,3100,0.2,0.3,0.05,6,964,4.7236,0.0018571819383276886,BLOCK_SPANNED,0.15000000000000002,0.25,2171,625,38,0.004182512435798145,0.04182512435798146,0.25,0.35,23,18,9,0.00004431035744972701,0.0004431035744972702,17,0
phoenix,28024,2023-06-15,6,14.544646487770107,pooled_pilot_20260919_phoenix,grid_03,519066,3100,0.3,0.4,0.01,0,0,0,0,NO_BLOCK_SPANS_BOTH_ENDPOINTS,0.29,0.31,1,1,0,0.0000019265372804229136,0.00009632686402114559,0.39,0.41000000000000003,0,0,0,0,0,0,0
phoenix,28024,2023-06-15,6,14.544646487770107,pooled_pilot_20260919_phoenix,grid_03,519066,3100,0.3,0.4,0.025,0,0,0,0,NO_BLOCK_SPANS_BOTH_ENDPOINTS,0.27499999999999997,0.325,10,10,0,0.000019265372804229134,0.0003853074560845823,0.375,0.42500000000000004,1,1,0,0.0000019265372804229136,0.00003853074560845824,1,0
phoenix,28024,2023-06-15,6,14.544646487770107,pooled_pilot_20260919_phoenix,grid_03,519066,3100,0.3,0.4,0.05,0,0,0,0,NO_BLOCK_SPANS_BOTH_ENDPOINTS,0.25,0.35,23,18,0,0.00004431035744972701,0.0004431035744972702,0.35000000000000003,0.45,1,1,0,0.0000019265372804229136,0.00001926537280422914,1,0
phoenix,28024,2023-06-15,6,14.544646487770107,pooled_pilot_20260919_phoenix,grid_04,519066,3100,0.4,0.5,0.01,0,0,0,0,NO_BLOCK_SPANS_BOTH_ENDPOINTS,0.39,0.41000000000000003,0,0,0,0,0,0.49,0.51,0,0,0,0,0,0,0
phoenix,28024,2023-06-15,6,14.544646487770107,pooled_pilot_20260919_phoenix,grid_04,519066,3100,0.4,0.5,0.025,0,0,0,0,NO_BLOCK_SPANS_BOTH_ENDPOINTS,0.375,0.42500000000000004,1,1,0,0.0000019265372804229136,0.00003853074560845824,0.475,0.525,0,0,0,0,0,0,0
phoenix,28024,2023-06-15,6,14.544646487770107,pooled_pilot_20260919_phoenix,grid_04,519066,3100,0.4,0.5,0.05,0,0,0,0,NO_BLOCK_SPANS_BOTH_ENDPOINTS,0.35000000000000003,0.45,1,1,0,0.0000019265372804229136,0.00001926537280422914,0.45,0.55,0,0,0,0,0,0,0
phoenix,28024,2023-06-15,6,14.544646487770107,pooled_pilot_20260919_phoenix,grid_05,519066,3100,0.5,0.6,0.01,0,0,0,0,NO_BLOCK_SPANS_BOTH_ENDPOINTS,0.49,0.51,0,0,0,0,0,0.59,0.61,0,0,0,0,0,0,0
phoenix,28024,2023-06-15,6,14.544646487770107,pooled_pilot_20260919_phoenix,grid_05,519066,3100,0.5,0.6,0.025,0,0,0,0,NO_BLOCK_SPANS_BOTH_ENDPOINTS,0.475,0.525,0,0,0,0,0,0.575,0.625,0,0,0,0,0,0,0
phoenix,28024,2023-06-15,6,14.544646487770107,pooled_pilot_20260919_phoenix,grid_05,519066,3100,0.5,0.6,0.05,0,0,0,0,NO_BLOCK_SPANS_BOTH_ENDPOINTS,0.45,0.55,0,0,0,0,0,0.5499999999999999,0.65,0,0,0,0,0,0,0
phoenix,28024,2023-06-15,6,14.544646487770107,pooled_pilot_20260919_phoenix,grid_06,519066,3100,0.6,0.7,0.01,0,0,0,0,NO_BLOCK_SPANS_BOTH_ENDPOINTS,0.59,0.61,0,0,0,0,0,0.69,0.71,0,0,0,0,0,0,0
phoenix,28024,2023-06-15,6,14.544646487770107,pooled_pilot_20260919_phoenix,grid_06,519066,3100,0.6,0.7,0.025,0,0,0,0,NO_BLOCK_SPANS_BOTH_ENDPOINTS,0.575,0.625,0,0,0,0,0,0.6749999999999999,0.725,0,0,0,0,0,0,0
phoenix,28024,2023-06-15,6,14.544646487770107,pooled_pilot_20260919_phoenix,grid_06,519066,3100,0.6,0.7,0.05,0,0,0,0,NO_BLOCK_SPANS_BOTH_ENDPOINTS,0.5499999999999999,0.65,0,0,0,0,0,0.6499999999999999,0.75,0,0,0,0,0,0,0
phoenix,28024,2023-06-15,6,14.544646487770107,pooled_pilot_20260919_phoenix,grid_07,519066,3100,0.7,0.8,0.01,0,0,0,0,NO_BLOCK_SPANS_BOTH_ENDPOINTS,0.69,0.71,0,0,0,0,0,0.79,0.81,0,0,0,0,0,0,0
phoenix,28024,2023-06-15,6,14.544646487770107,pooled_pilot_20260919_phoenix,grid_07,519066,3100,0.7,0.8,0.025,0,0,0,0,NO_BLOCK_SPANS_BOTH_ENDPOINTS,0.6749999999999999,0.725,0,0,0,0,0,0.775,0.8250000000000001,0,0,0,0,0,0,0
phoenix,28024,2023-06-15,6,14.544646487770107,pooled_pilot_20260919_phoenix,grid_07,519066,3100,0.7,0.8,0.05,0,0,0,0,NO_BLOCK_SPANS_BOTH_ENDPOINTS,0.6499999999999999,0.75,0,0,0,0,0,0.75,0.8500000000000001,0,0,0,0,0,0,0
phoenix,28024,2023-06-15,6,14.544646487770107,pooled_pilot_20260919_phoenix,grid_08,519066,3100,0.8,0.9,0.01,0,0,0,0,NO_BLOCK_SPANS_BOTH_ENDPOINTS,0.79,0.81,0,0,0,0,0,0.89,0.91,0,0,0,0,0,0,0
phoenix,28024,2023-06-15,6,14.544646487770107,pooled_pilot_20260919_phoenix,grid_08,519066,3100,0.8,0.9,0.025,0,0,0,0,NO_BLOCK_SPANS_BOTH_ENDPOINTS,0.775,0.8250000000000001,0,0,0,0,0,0.875,0.925,0,0,0,0,0,0,0
phoenix,28024,2023-06-15,6,14.544646487770107,pooled_pilot_20260919_phoenix,grid_08,519066,3100,0.8,0.9,0.05,0,0,0,0,NO_BLOCK_SPANS_BOTH_ENDPOINTS,0.75,0.8500000000000001,0,0,0,0,0,0.85,0.9500000000000001,0,0,0,0,0,0,0
phoenix,28024,2023-06-15,6,14.544646487770107,pooled_pilot_20260919_phoenix,grid_09,519066,3100,0.9,1,0.01,0,0,0,0,NO_BLOCK_SPANS_BOTH_ENDPOINTS,0.89,0.91,0,0,0,0,0,0.99,1,0,0,0,0,0,0,0
phoenix,28024,2023-06-15,6,14.544646487770107,pooled_pilot_20260919_phoenix,grid_09,519066,3100,0.9,1,0.025,0,0,0,0,NO_BLOCK_SPANS_BOTH_ENDPOINTS,0.875,0.925,0,0,0,0,0,0.975,1,0,0,0,0,0,0,0
phoenix,28024,2023-06-15,6,14.544646487770107,pooled_pilot_20260919_phoenix,grid_09,519066,3100,0.9,1,0.05,0,0,0,0,NO_BLOCK_SPANS_BOTH_ENDPOINTS,0.85,0.9500000000000001,0,0,0,0,0,0.95,1,0,0,0,0,0,0,0
phoenix,28085,2023-06-19,6,12.910034169274343,pooled_extension_20260921_phoenix,near_-0.02,534786,3194,0.008509538620710373,0.10850953862071037,0.01,1956,362767,1777.5583,0.6783404950765353,BLOCK_SPANNED,0,0.01850953862071037,197377,3058,121318,0.36907660260365827,19.93980564111401,0.09850953862071038,0.11850953862071037,30002,2435,22267,0.05610094505091756,2.8050472525458794,2336,0
phoenix,28085,2023-06-19,6,12.910034169274343,pooled_extension_20260921_phoenix,near_-0.02,534786,3194,0.008509538620710373,0.10850953862071037,0.025,1956,362767,1777.5583,0.6783404950765353,BLOCK_SPANNED,0,0.03350953862071038,302405,3153,196120,0.5654691783255358,16.8748720991357,0.08350953862071037,0.13350953862071038,67926,2713,49762,0.12701529209814766,2.5403058419629523,2681,0
phoenix,28085,2023-06-19,6,12.910034169274343,pooled_extension_20260921_phoenix,near_-0.02,534786,3194,0.008509538620710373,0.10850953862071037,0.05,1956,362767,1777.5583,0.6783404950765353,BLOCK_SPANNED,0,0.05850953862071037,400141,3186,266916,0.7482263933610828,12.788109614254184,0.05850953862071037,0.15850953862071038,133272,2938,94880,0.2492062245458931,2.492062245458931,2930,0
phoenix,28085,2023-06-19,6,12.910034169274343,pooled_extension_20260921_phoenix,near_-0.01,534786,3194,0.01850953862071037,0.11850953862071037,0.01,1888,350122,1715.5978,0.6546955230690407,BLOCK_SPANNED,0.00850953862071037,0.028509538620710373,186159,3120,110600,0.34809998765861483,17.40499938293074,0.10850953862071037,0.12850953862071038,23457,2224,21224,0.04386240477499411,2.1931202387497053,2189,0
phoenix,28085,2023-06-19,6,12.910034169274343,pooled_extension_20260921_phoenix,near_-0.01,534786,3194,0.01850953862071037,0.11850953862071037,0.025,1888,350122,1715.5978,0.6546955230690407,BLOCK_SPANNED,0,0.04350953862071037,348128,3178,200963,0.6509669288276058,14.961476252422223,0.09350953862071038,0.14350953862071036,52238,2577,46130,0.0976801935727562,1.9536038714551245,2567,0
phoenix,28085,2023-06-19,6,12.910034169274343,pooled_extension_20260921_phoenix,near_-0.01,534786,3194,0.01850953862071037,0.11850953862071037,0.05,1888,350122,1715.5978,0.6546955230690407,BLOCK_SPANNED,0,0.06850953862071038,427312,3188,260240,0.7990336321444466,11.663100470843037,0.06850953862071037,0.1685095386207104,106724,2862,89212,0.19956393772462255,1.995639377246225,2856,0
phoenix,28085,2023-06-19,6,12.910034169274343,pooled_extension_20260921_phoenix,historical,534786,3194,0.028509538620710373,0.12850953862071038,0.01,1425,264670,1296.883,0.4949082436713003,BLOCK_SPANNED,0.01850953862071037,0.038509538620710375,129462,3113,60767,0.24208187948076426,12.10409397403821,0.11850953862071038,0.1385095386207104,12845,1883,11333,0.02401895337574282,1.2009476687871408,1869,0
phoenix,28085,2023-06-19,6,12.910034169274343,pooled_extension_20260921_phoenix,historical,534786,3194,0.028509538620710373,0.12850953862071038,0.025,1425,264670,1296.883,0.4949082436713003,BLOCK_SPANNED,0.0035095386207103715,0.053509538620710374,349613,3179,150050,0.6537437404868489,13.074874809736977,0.10350953862071038,0.15350953862071037,37673,2388,31596,0.07044500043007858,1.408900008601572,2381,0
phoenix,28085,2023-06-19,6,12.910034169274343,pooled_extension_20260921_phoenix,historical,534786,3194,0.028509538620710373,0.12850953862071038,0.05,1425,264670,1296.883,0.4949082436713003,BLOCK_SPANNED,0,0.07850953862071038,450568,3191,199296,0.8425201856443512,10.73143722974445,0.07850953862071038,0.1785095386207104,83759,2773,64933,0.1566215271155191,1.5662152711551907,2770,0
phoenix,28085,2023-06-19,6,12.910034169274343,pooled_extension_20260921_phoenix,near_+0.01,534786,3194,0.038509538620710375,0.1385095386207104,0.01,991,183624,899.7576,0.34335977381606847,BLOCK_SPANNED,0.028509538620710373,0.04850953862071038,93477,3098,31770,0.1747932817987008,8.739664089935038,0.12850953862071038,0.1485095386207104,5919,1357,5119,0.011067978593306481,0.5533989296653236,1353,0
phoenix,28085,2023-06-19,6,12.910034169274343,pooled_extension_20260921_phoenix,near_+0.01,534786,3194,0.038509538620710375,0.1385095386207104,0.025,991,183624,899.7576,0.34335977381606847,BLOCK_SPANNED,0.013509538620710373,0.06350953862071038,268490,3159,85475,0.5020512878048415,10.04102575609683,0.11350953862071039,0.16350953862071038,23361,2140,17316,0.04368289371823496,0.8736578743646993,2137,0
phoenix,28085,2023-06-19,6,12.910034169274343,pooled_extension_20260921_phoenix,near_+0.01,534786,3194,0.038509538620710375,0.1385095386207104,0.05,991,183624,899.7576,0.34335977381606847,BLOCK_SPANNED,0,0.08850953862071037,470244,3191,141682,0.8793124726526125,9.934663386064267,0.08850953862071038,0.1885095386207104,64282,2647,41687,0.12020135156866485,1.2020135156866483,2644,0
phoenix,28085,2023-06-19,6,12.910034169274343,pooled_extension_20260921_phoenix,near_+0.02,534786,3194,0.04850953862071038,0.14850953862071037,0.01,679,125532,615.1068,0.23473314559468647,BLOCK_SPANNED,0.038509538620710375,0.05850953862071038,73302,3031,18052,0.1370679112766602,6.8533955638330095,0.13850953862071036,0.15850953862071038,3196,904,2695,0.005976222264606777,0.2988111132303386,900,0
phoenix,28085,2023-06-19,6,12.910034169274343,pooled_extension_20260921_phoenix,near_+0.02,534786,3194,0.04850953862071038,0.14850953862071037,0.025,679,125532,615.1068,0.23473314559468647,BLOCK_SPANNED,0.023509538620710375,0.07350953862071039,199443,3136,47181,0.3729398301376625,7.458796602753249,0.12350953862071037,0.17350953862071036,11369,1681,8333,0.021258970878070854,0.4251794175614172,1680,0
phoenix,28085,2023-06-19,6,12.910034169274343,pooled_extension_20260921_phoenix,near_+0.02,534786,3194,0.04850953862071038,0.14850953862071037,0.05,679,125532,615.1068,0.23473314559468647,BLOCK_SPANNED,0,0.09850953862071038,487370,3191,99435,0.9113364972157088,9.25125129988287,0.09850953862071037,0.19850953862071036,47243,2502,25927,0.08834000890075656,0.8834000890075657,2499,0
phoenix,28085,2023-06-19,6,12.910034169274343,pooled_extension_20260921_phoenix,grid_00,534786,3194,0,0.1,0.01,654,122453,600.0197,0.2289757024305049,BLOCK_SPANNED,0,0.01,105213,2841,36931,0.19673850848750715,19.673850848750714,0.09000000000000001,0.11,32159,2552,5455,0.06013433410747476,3.00671670537374,2258,0
phoenix,28085,2023-06-19,6,12.910034169274343,pooled_extension_20260921_phoenix,grid_00,534786,3194,0,0.1,0.025,654,122453,600.0197,0.2289757024305049,BLOCK_SPANNED,0,0.025,250729,3114,70724,0.46883987239755714,18.753594895902285,0.07500000000000001,0.125,81333,2799,13768,0.15208513311866803,3.0417026623733614,2732,0
phoenix,28085,2023-06-19,6,12.910034169274343,pooled_extension_20260921_phoenix,grid_00,534786,3194,0,0.1,0.05,654,122453,600.0197,0.2289757024305049,BLOCK_SPANNED,0,0.05,372545,3182,94663,0.6966244441701914,13.932488883403828,0.05,0.15000000000000002,159964,2997,27464,0.29911777795230243,2.991177779523024,2985,0
phoenix,28085,2023-06-19,6,12.910034169274343,pooled_extension_20260921_phoenix,grid_01,534786,3194,0.1,0.2,0.01,103,19186,94.0114,0.035876032656053075,BLOCK_SPANNED,0.09000000000000001,0.11,32159,2552,2337,0.06013433410747476,3.00671670537374,0.19,0.21000000000000002,129,107,77,0.00024121798252011085,0.012060899126005532,104,0
phoenix,28085,2023-06-19,6,12.910034169274343,pooled_extension_20260921_phoenix,grid_01,534786,3194,0.1,0.2,0.025,103,19186,94.0114,0.035876032656053075,BLOCK_SPANNED,0.07500000000000001,0.125,81333,2799,5727,0.15208513311866803,3.0417026623733614,0.17500000000000002,0.225,472,253,229,0.0008825960290658319,0.017651920581316642,252,0
phoenix,28085,2023-06-19,6,12.910034169274343,pooled_extension_20260921_phoenix,grid_01,534786,3194,0.1,0.2,0.05,103,19186,94.0114,0.035876032656053075,BLOCK_SPANNED,0.05,0.15000000000000002,159964,2997,9865,0.29911777795230243,2.991177779523024,0.15000000000000002,0.25,2252,637,685,0.004211030206475113,0.042110302064751144,637,0
phoenix,28085,2023-06-19,6,12.910034169274343,pooled_extension_20260921_phoenix,grid_02,534786,3194,0.2,0.3,0.01,7,1157,5.6693,0.002163482215316033,BLOCK_SPANNED,0.19,0.21000000000000002,129,107,5,0.00024121798252011085,0.012060899126005532,0.29,0.31,1,1,1,0.0000018699068412411694,0.00009349534206205839,0,0
phoenix,28085,2023-06-19,6,12.910034169274343,pooled_extension_20260921_phoenix,grid_02,534786,3194,0.2,0.3,0.025,7,1157,5.6693,0.002163482215316033,BLOCK_SPANNED,0.17500000000000002,0.225,472,253,25,0.0008825960290658319,0.017651920581316642,0.27499999999999997,0.325,11,11,5,0.000020568975253652863,0.0004113795050730569,8,0
phoenix,28085,2023-06-19,6,12.910034169274343,pooled_extension_20260921_phoenix,grid_02,534786,3194,0.2,0.3,0.05,7,1157,5.6693,0.002163482215316033,BLOCK_SPANNED,0.15000000000000002,0.25,2252,637,49,0.004211030206475113,0.042110302064751144,0.25,0.35,24,19,10,0.000044877764189788066,0.00044877764189788074,18,0
phoenix,28085,2023-06-19,6,12.910034169274343,pooled_extension_20260921_phoenix,grid_03,534786,3194,0.3,0.4,0.01,0,0,0,0,NO_BLOCK_SPANS_BOTH_ENDPOINTS,0.29,0.31,1,1,0,0.0000018699068412411694,0.00009349534206205839,0.39,0.41000000000000003,0,0,0,0,0,0,0
phoenix,28085,2023-06-19,6,12.910034169274343,pooled_extension_20260921_phoenix,grid_03,534786,3194,0.3,0.4,0.025,0,0,0,0,NO_BLOCK_SPANS_BOTH_ENDPOINTS,0.27499999999999997,0.325,11,11,0,0.000020568975253652863,0.0004113795050730569,0.375,0.42500000000000004,1,1,0,0.0000018699068412411694,0.00003739813682482335,1,0
phoenix,28085,2023-06-19,6,12.910034169274343,pooled_extension_20260921_phoenix,grid_03,534786,3194,0.3,0.4,0.05,0,0,0,0,NO_BLOCK_SPANS_BOTH_ENDPOINTS,0.25,0.35,24,19,0,0.000044877764189788066,0.00044877764189788074,0.35000000000000003,0.45,1,1,0,0.0000018699068412411694,0.000018699068412411697,1,0
phoenix,28085,2023-06-19,6,12.910034169274343,pooled_extension_20260921_phoenix,grid_04,534786,3194,0.4,0.5,0.01,0,0,0,0,NO_BLOCK_SPANS_BOTH_ENDPOINTS,0.39,0.41000000000000003,0,0,0,0,0,0.49,0.51,0,0,0,0,0,0,0
phoenix,28085,2023-06-19,6,12.910034169274343,pooled_extension_20260921_phoenix,grid_04,534786,3194,0.4,0.5,0.025,0,0,0,0,NO_BLOCK_SPANS_BOTH_ENDPOINTS,0.375,0.42500000000000004,1,1,0,0.0000018699068412411694,0.00003739813682482335,0.475,0.525,0,0,0,0,0,0,0
phoenix,28085,2023-06-19,6,12.910034169274343,pooled_extension_20260921_phoenix,grid_04,534786,3194,0.4,0.5,0.05,0,0,0,0,NO_BLOCK_SPANS_BOTH_ENDPOINTS,0.35000000000000003,0.45,1,1,0,0.0000018699068412411694,0.000018699068412411697,0.45,0.55,0,0,0,0,0,0,0
phoenix,28085,2023-06-19,6,12.910034169274343,pooled_extension_20260921_phoenix,grid_05,534786,3194,0.5,0.6,0.01,0,0,0,0,NO_BLOCK_SPANS_BOTH_ENDPOINTS,0.49,0.51,0,0,0,0,0,0.59,0.61,0,0,0,0,0,0,0
phoenix,28085,2023-06-19,6,12.910034169274343,pooled_extension_20260921_phoenix,grid_05,534786,3194,0.5,0.6,0.025,0,0,0,0,NO_BLOCK_SPANS_BOTH_ENDPOINTS,0.475,0.525,0,0,0,0,0,0.575,0.625,0,0,0,0,0,0,0
phoenix,28085,2023-06-19,6,12.910034169274343,pooled_extension_20260921_phoenix,grid_05,534786,3194,0.5,0.6,0.05,0,0,0,0,NO_BLOCK_SPANS_BOTH_ENDPOINTS,0.45,0.55,0,0,0,0,0,0.5499999999999999,0.65,0,0,0,0,0,0,0
phoenix,28085,2023-06-19,6,12.910034169274343,pooled_extension_20260921_phoenix,grid_06,534786,3194,0.6,0.7,0.01,0,0,0,0,NO_BLOCK_SPANS_BOTH_ENDPOINTS,0.59,0.61,0,0,0,0,0,0.69,0.71,0,0,0,0,0,0,0
phoenix,28085,2023-06-19,6,12.910034169274343,pooled_extension_20260921_phoenix,grid_06,534786,3194,0.6,0.7,0.025,0,0,0,0,NO_BLOCK_SPANS_BOTH_ENDPOINTS,0.575,0.625,0,0,0,0,0,0.6749999999999999,0.725,0,0,0,0,0,0,0
phoenix,28085,2023-06-19,6,12.910034169274343,pooled_extension_20260921_phoenix,grid_06,534786,3194,0.6,0.7,0.05,0,0,0,0,NO_BLOCK_SPANS_BOTH_ENDPOINTS,0.5499999999999999,0.65,0,0,0,0,0,0.6499999999999999,0.75,0,0,0,0,0,0,0
phoenix,28085,2023-06-19,6,12.910034169274343,pooled_extension_20260921_phoenix,grid_07,534786,3194,0.7,0.8,0.01,0,0,0,0,NO_BLOCK_SPANS_BOTH_ENDPOINTS,0.69,0.71,0,0,0,0,0,0.79,0.81,0,0,0,0,0,0,0
phoenix,28085,2023-06-19,6,12.910034169274343,pooled_extension_20260921_phoenix,grid_07,534786,3194,0.7,0.8,0.025,0,0,0,0,NO_BLOCK_SPANS_BOTH_ENDPOINTS,0.6749999999999999,0.725,0,0,0,0,0,0.775,0.8250000000000001,0,0,0,0,0,0,0
phoenix,28085,2023-06-19,6,12.910034169274343,pooled_extension_20260921_phoenix,grid_07,534786,3194,0.7,0.8,0.05,0,0,0,0,NO_BLOCK_SPANS_BOTH_ENDPOINTS,0.6499999999999999,0.75,0,0,0,0,0,0.75,0.8500000000000001,0,0,0,0,0,0,0
phoenix,28085,2023-06-19,6,12.910034169274343,pooled_extension_20260921_phoenix,grid_08,534786,3194,0.8,0.9,0.01,0,0,0,0,NO_BLOCK_SPANS_BOTH_ENDPOINTS,0.79,0.81,0,0,0,0,0,0.89,0.91,0,0,0,0,0,0,0
phoenix,28085,2023-06-19,6,12.910034169274343,pooled_extension_20260921_phoenix,grid_08,534786,3194,0.8,0.9,0.025,0,0,0,0,NO_BLOCK_SPANS_BOTH_ENDPOINTS,0.775,0.8250000000000001,0,0,0,0,0,0.875,0.925,0,0,0,0,0,0,0
phoenix,28085,2023-06-19,6,12.910034169274343,pooled_extension_20260921_phoenix,grid_08,534786,3194,0.8,0.9,0.05,0,0,0,0,NO_BLOCK_SPANS_BOTH_ENDPOINTS,0.75,0.8500000000000001,0,0,0,0,0,0.85,0.9500000000000001,0,0,0,0,0,0,0
phoenix,28085,2023-06-19,6,12.910034169274343,pooled_extension_20260921_phoenix,grid_09,534786,3194,0.9,1,0.01,0,0,0,0,NO_BLOCK_SPANS_BOTH_ENDPOINTS,0.89,0.91,0,0,0,0,0,0.99,1,0,0,0,0,0,0,0
phoenix,28085,2023-06-19,6,12.910034169274343,pooled_extension_20260921_phoenix,grid_09,534786,3194,0.9,1,0.025,0,0,0,0,NO_BLOCK_SPANS_BOTH_ENDPOINTS,0.875,0.925,0,0,0,0,0,0.975,1,0,0,0,0,0,0,0
phoenix,28085,2023-06-19,6,12.910034169274343,pooled_extension_20260921_phoenix,grid_09,534786,3194,0.9,1,0.05,0,0,0,0,NO_BLOCK_SPANS_BOTH_ENDPOINTS,0.85,0.9500000000000001,0,0,0,0,0,0.95,1,0,0,0,0,0,0,0
phoenix,28192,2023-06-26,6,10.424742770877593,pooled_extension_20260921_phoenix,near_-0.02,550489,3245,0.008509538620710373,0.10850953862071037,0.01,2014,375615,1840.5135,0.682329710493761,BLOCK_SPANNED,0,0.01850953862071037,203503,3115,125481,0.3696767782825815,19.972230851229817,0.09850953862071038,0.11850953862071037,31055,2498,23251,0.05641347965172783,2.820673982586393,2403,0
phoenix,28192,2023-06-26,6,10.424742770877593,pooled_extension_20260921_phoenix,near_-0.02,550489,3245,0.008509538620710373,0.10850953862071037,0.025,2014,375615,1840.5135,0.682329710493761,BLOCK_SPANNED,0,0.03350953862071038,311498,3207,202891,0.5658569017727875,16.886442638845015,0.08350953862071037,0.13350953862071038,70007,2772,51646,0.12717238673252326,2.5434477346504645,2742,0
phoenix,28192,2023-06-26,6,10.424742770877593,pooled_extension_20260921_phoenix,near_-0.02,550489,3245,0.008509538620710373,0.10850953862071037,0.05,2014,375615,1840.5135,0.682329710493761,BLOCK_SPANNED,0,0.05850953862071037,412033,3238,276306,0.7484854374928472,12.792536997171075,0.05850953862071037,0.15850953862071038,137057,2991,98318,0.24897318565856902,2.48973185658569,2984,0
phoenix,28192,2023-06-26,6,10.424742770877593,pooled_extension_20260921_phoenix,near_-0.01,550489,3245,0.01850953862071037,0.11850953862071037,0.01,1940,361680,1772.232,0.657015853177811,BLOCK_SPANNED,0.00850953862071037,0.028509538620710373,191433,3173,114014,0.347750817909168,17.387540895458397,0.10850953862071037,0.12850953862071038,24152,2281,21944,0.04387371954752956,2.193685977376478,2250,0
phoenix,28192,2023-06-26,6,10.424742770877593,pooled_extension_20260921_phoenix,near_-0.01,550489,3245,0.01850953862071037,0.11850953862071037,0.025,1940,361680,1772.232,0.657015853177811,BLOCK_SPANNED,0,0.04350953862071037,358490,3230,207586,0.6512210053243571,14.967315810937569,0.09350953862071038,0.14350953862071036,53831,2634,47741,0.09778760338535375,1.9557520677070754,2625,0
phoenix,28192,2023-06-26,6,10.424742770877593,pooled_extension_20260921_phoenix,near_-0.01,550489,3245,0.01850953862071037,0.11850953862071037,0.05,1940,361680,1772.232,0.657015853177811,BLOCK_SPANNED,0,0.06850953862071038,439949,3239,268824,0.7991967141941074,11.6654808992176,0.06850953862071037,0.1685095386207104,109774,2918,92171,0.19941179569437356,1.9941179569437353,2912,0
phoenix,28192,2023-06-26,6,10.424742770877593,pooled_extension_20260921_phoenix,historical,550489,3245,0.028509538620710373,0.12850953862071038,0.01,1461,273326,1339.2974,0.4965149167376641,BLOCK_SPANNED,0.01850953862071037,0.038509538620710375,133100,3169,62933,0.24178503112687083,12.08925155634354,0.11850953862071038,0.1385095386207104,13133,1931,11584,0.023856970802323026,1.192848540116151,1919,0
phoenix,28192,2023-06-26,6,10.424742770877593,pooled_extension_20260921_phoenix,historical,550489,3245,0.028509538620710373,0.12850953862071038,0.025,1461,273326,1339.2974,0.4965149167376641,BLOCK_SPANNED,0.0035095386207103715,0.053509538620710374,359808,3229,155417,0.653615240268198,13.072304805363958,0.10350953862071038,0.15350953862071037,38791,2448,32484,0.07046643983803491,1.4093287967606984,2442,0
phoenix,28192,2023-06-26,6,10.424742770877593,pooled_extension_20260921_phoenix,historical,550489,3245,0.028509538620710373,0.12850953862071038,0.05,1461,273326,1339.2974,0.4965149167376641,BLOCK_SPANNED,0,0.07850953862071038,463785,3242,206110,0.8424963986564673,10.731134247606207,0.07850953862071038,0.1785095386207104,86238,2832,66768,0.15665708124957992,1.5665708124957989,2829,0
phoenix,28192,2023-06-26,6,10.424742770877593,pooled_extension_20260921_phoenix,near_+0.01,550489,3245,0.038509538620710375,0.1385095386207104,0.01,1022,190499,933.4451,0.3460541445878119,BLOCK_SPANNED,0.028509538620710373,0.04850953862071038,96104,3151,33025,0.174579328560607,8.728966428030349,0.12850953862071038,0.1485095386207104,6040,1389,5235,0.010972063020332832,0.5486031510166411,1385,0
phoenix,28192,2023-06-26,6,10.424742770877593,pooled_extension_20260921_phoenix,near_+0.01,550489,3245,0.038509538620710375,0.1385095386207104,0.025,1022,190499,933.4451,0.3460541445878119,BLOCK_SPANNED,0.013509538620710373,0.06350953862071038,276112,3209,88944,0.501575871634129,10.031517432682579,0.11350953862071039,0.16350953862071038,23963,2197,17793,0.043530388436462855,0.8706077687292573,2193,0
phoenix,28192,2023-06-26,6,10.424742770877593,pooled_extension_20260921_phoenix,near_+0.01,550489,3245,0.038509538620710375,0.1385095386207104,0.05,1022,190499,933.4451,0.3460541445878119,BLOCK_SPANNED,0,0.08850953862071037,484020,3242,147150,0.8792546263413075,9.93400982586944,0.08850953862071038,0.1885095386207104,66205,2704,43090,0.12026580004323428,1.2026580004323426,2701,0
phoenix,28192,2023-06-26,6,10.424742770877593,pooled_extension_20260921_phoenix,near_+0.02,550489,3245,0.04850953862071038,0.14850953862071037,0.01,701,130380,638.862,0.23684396963427062,BLOCK_SPANNED,0.038509538620710375,0.05850953862071038,75430,3086,18678,0.13702362808339494,6.851181404169745,0.13850953862071036,0.15850953862071038,3251,931,2741,0.00590565842369239,0.29528292118461924,927,0
phoenix,28192,2023-06-26,6,10.424742770877593,pooled_extension_20260921_phoenix,near_+0.02,550489,3245,0.04850953862071038,0.14850953862071037,0.025,701,130380,638.862,0.23684396963427062,BLOCK_SPANNED,0.023509538620710375,0.07350953862071039,205068,3184,48813,0.37251970520755184,7.4503941041510355,0.12350953862071037,0.17350953862071036,11596,1724,8481,0.02106490774565886,0.42129815491317724,1723,0
phoenix,28192,2023-06-26,6,10.424742770877593,pooled_extension_20260921_phoenix,near_+0.02,550489,3245,0.04850953862071038,0.14850953862071037,0.05,701,130380,638.862,0.23684396963427062,BLOCK_SPANNED,0,0.09850953862071038,501651,3242,103462,0.911282514273673,9.250703302777294,0.09850953862071037,0.19850953862071036,48665,2564,26748,0.08840321968286378,0.8840321968286379,2561,0
phoenix,28192,2023-06-26,6,10.424742770877593,pooled_extension_20260921_phoenix,grid_00,550489,3245,0,0.1,0.01,687,128618,630.2282,0.2336431790644318,BLOCK_SPANNED,0,0.01,108718,2906,38661,0.19749350123254053,19.749350123254054,0.09000000000000001,0.11,33259,2609,5842,0.06041719271411418,3.0208596357057105,2320,0
phoenix,28192,2023-06-26,6,10.424742770877593,pooled_extension_20260921_phoenix,grid_00,550489,3245,0,0.1,0.025,687,128618,630.2282,0.2336431790644318,BLOCK_SPANNED,0,0.025,258347,3170,74114,0.46930456376058377,18.77218255042335,0.07500000000000001,0.125,83819,2857,14588,0.15226280634127112,3.0452561268254232,2793,0
phoenix,28192,2023-06-26,6,10.424742770877593,pooled_extension_20260921_phoenix,grid_00,550489,3245,0,0.1,0.05,687,128618,630.2282,0.2336431790644318,BLOCK_SPANNED,0,0.05,383628,3234,99299,0.6968858596629542,13.937717193259084,0.05,0.15000000000000002,164539,3049,28981,0.2988960724010834,2.9889607240108336,3038,0
phoenix,28192,2023-06-26,6,10.424742770877593,pooled_extension_20260921_phoenix,grid_01,550489,3245,0.1,0.2,0.01,103,19157,93.8693,0.03479996875505233,BLOCK_SPANNED,0.09000000000000001,0.11,33259,2609,2327,0.06041719271411418,3.0208596357057105,0.19,0.21000000000000002,132,109,77,0.0002397868077291281,0.011989340386456394,106,0
phoenix,28192,2023-06-26,6,10.424742770877593,pooled_extension_20260921_phoenix,grid_01,550489,3245,0.1,0.2,0.025,103,19157,93.8693,0.03479996875505233,BLOCK_SPANNED,0.07500000000000001,0.125,83819,2857,5714,0.15226280634127112,3.0452561268254232,0.17500000000000002,0.225,481,259,229,0.0008737685948311411,0.017475371896622825,258,0
phoenix,28192,2023-06-26,6,10.424742770877593,pooled_extension_20260921_phoenix,grid_01,550489,3245,0.1,0.2,0.05,103,19157,93.8693,0.03479996875505233,BLOCK_SPANNED,0.05,0.15000000000000002,164539,3049,9840,0.2988960724010834,2.9889607240108336,0.15000000000000002,0.25,2297,656,685,0.004172653767831873,0.041726537678318736,656,0
phoenix,28192,2023-06-26,6,10.424742770877593,pooled_extension_20260921_phoenix,grid_02,550489,3245,0.2,0.3,0.01,7,1157,5.6693,0.0021017677010803123,BLOCK_SPANNED,0.19,0.21000000000000002,132,109,5,0.0002397868077291281,0.011989340386456394,0.29,0.31,1,1,1,0.0000018165667252206675,0.00009082833626103329,0,0
phoenix,28192,2023-06-26,6,10.424742770877593,pooled_extension_20260921_phoenix,grid_02,550489,3245,0.2,0.3,0.025,7,1157,5.6693,0.0021017677010803123,BLOCK_SPANNED,0.17500000000000002,0.225,481,259,25,0.0008737685948311411,0.017475371896622825,0.27499999999999997,0.325,11,11,5,0.00001998223397742734,0.00039964467954854645,8,0
phoenix,28192,2023-06-26,6,10.424742770877593,pooled_extension_20260921_phoenix,grid_02,550489,3245,0.2,0.3,0.05,7,1157,5.6693,0.0021017677010803123,BLOCK_SPANNED,0.15000000000000002,0.25,2297,656,49,0.004172653767831873,0.041726537678318736,0.25,0.35,24,19,10,0.000043597601405296016,0.00043597601405296027,18,0
phoenix,28192,2023-06-26,6,10.424742770877593,pooled_extension_20260921_phoenix,grid_03,550489,3245,0.3,0.4,0.01,0,0,0,0,NO_BLOCK_SPANS_BOTH_ENDPOINTS,0.29,0.31,1,1,0,0.0000018165667252206675,0.00009082833626103329,0.39,0.41000000000000003,0,0,0,0,0,0,0
phoenix,28192,2023-06-26,6,10.424742770877593,pooled_extension_20260921_phoenix,grid_03,550489,3245,0.3,0.4,0.025,0,0,0,0,NO_BLOCK_SPANS_BOTH_ENDPOINTS,0.27499999999999997,0.325,11,11,0,0.00001998223397742734,0.00039964467954854645,0.375,0.42500000000000004,1,1,0,0.0000018165667252206675,0.00003633133450441332,1,0
phoenix,28192,2023-06-26,6,10.424742770877593,pooled_extension_20260921_phoenix,grid_03,550489,3245,0.3,0.4,0.05,0,0,0,0,NO_BLOCK_SPANS_BOTH_ENDPOINTS,0.25,0.35,24,19,0,0.000043597601405296016,0.00043597601405296027,0.35000000000000003,0.45,1,1,0,0.0000018165667252206675,0.00001816566725220668,1,0
phoenix,28192,2023-06-26,6,10.424742770877593,pooled_extension_20260921_phoenix,grid_04,550489,3245,0.4,0.5,0.01,0,0,0,0,NO_BLOCK_SPANS_BOTH_ENDPOINTS,0.39,0.41000000000000003,0,0,0,0,0,0.49,0.51,0,0,0,0,0,0,0
phoenix,28192,2023-06-26,6,10.424742770877593,pooled_extension_20260921_phoenix,grid_04,550489,3245,0.4,0.5,0.025,0,0,0,0,NO_BLOCK_SPANS_BOTH_ENDPOINTS,0.375,0.42500000000000004,1,1,0,0.0000018165667252206675,0.00003633133450441332,0.475,0.525,0,0,0,0,0,0,0
phoenix,28192,2023-06-26,6,10.424742770877593,pooled_extension_20260921_phoenix,grid_04,550489,3245,0.4,0.5,0.05,0,0,0,0,NO_BLOCK_SPANS_BOTH_ENDPOINTS,0.35000000000000003,0.45,1,1,0,0.0000018165667252206675,0.00001816566725220668,0.45,0.55,0,0,0,0,0,0,0
phoenix,28192,2023-06-26,6,10.424742770877593,pooled_extension_20260921_phoenix,grid_05,550489,3245,0.5,0.6,0.01,0,0,0,0,NO_BLOCK_SPANS_BOTH_ENDPOINTS,0.49,0.51,0,0,0,0,0,0.59,0.61,0,0,0,0,0,0,0
phoenix,28192,2023-06-26,6,10.424742770877593,pooled_extension_20260921_phoenix,grid_05,550489,3245,0.5,0.6,0.025,0,0,0,0,NO_BLOCK_SPANS_BOTH_ENDPOINTS,0.475,0.525,0,0,0,0,0,0.575,0.625,0,0,0,0,0,0,0
phoenix,28192,2023-06-26,6,10.424742770877593,pooled_extension_20260921_phoenix,grid_05,550489,3245,0.5,0.6,0.05,0,0,0,0,NO_BLOCK_SPANS_BOTH_ENDPOINTS,0.45,0.55,0,0,0,0,0,0.5499999999999999,0.65,0,0,0,0,0,0,0
phoenix,28192,2023-06-26,6,10.424742770877593,pooled_extension_20260921_phoenix,grid_06,550489,3245,0.6,0.7,0.01,0,0,0,0,NO_BLOCK_SPANS_BOTH_ENDPOINTS,0.59,0.61,0,0,0,0,0,0.69,0.71,0,0,0,0,0,0,0
phoenix,28192,2023-06-26,6,10.424742770877593,pooled_extension_20260921_phoenix,grid_06,550489,3245,0.6,0.7,0.025,0,0,0,0,NO_BLOCK_SPANS_BOTH_ENDPOINTS,0.575,0.625,0,0,0,0,0,0.6749999999999999,0.725,0,0,0,0,0,0,0
phoenix,28192,2023-06-26,6,10.424742770877593,pooled_extension_20260921_phoenix,grid_06,550489,3245,0.6,0.7,0.05,0,0,0,0,NO_BLOCK_SPANS_BOTH_ENDPOINTS,0.5499999999999999,0.65,0,0,0,0,0,0.6499999999999999,0.75,0,0,0,0,0,0,0
phoenix,28192,2023-06-26,6,10.424742770877593,pooled_extension_20260921_phoenix,grid_07,550489,3245,0.7,0.8,0.01,0,0,0,0,NO_BLOCK_SPANS_BOTH_ENDPOINTS,0.69,0.71,0,0,0,0,0,0.79,0.81,0,0,0,0,0,0,0
phoenix,28192,2023-06-26,6,10.424742770877593,pooled_extension_20260921_phoenix,grid_07,550489,3245,0.7,0.8,0.025,0,0,0,0,NO_BLOCK_SPANS_BOTH_ENDPOINTS,0.6749999999999999,0.725,0,0,0,0,0,0.775,0.8250000000000001,0,0,0,0,0,0,0
phoenix,28192,2023-06-26,6,10.424742770877593,pooled_extension_20260921_phoenix,grid_07,550489,3245,0.7,0.8,0.05,0,0,0,0,NO_BLOCK_SPANS_BOTH_ENDPOINTS,0.6499999999999999,0.75,0,0,0,0,0,0.75,0.8500000000000001,0,0,0,0,0,0,0
phoenix,28192,2023-06-26,6,10.424742770877593,pooled_extension_20260921_phoenix,grid_08,550489,3245,0.8,0.9,0.01,0,0,0,0,NO_BLOCK_SPANS_BOTH_ENDPOINTS,0.79,0.81,0,0,0,0,0,0.89,0.91,0,0,0,0,0,0,0
phoenix,28192,2023-06-26,6,10.424742770877593,pooled_extension_20260921_phoenix,grid_08,550489,3245,0.8,0.9,0.025,0,0,0,0,NO_BLOCK_SPANS_BOTH_ENDPOINTS,0.775,0.8250000000000001,0,0,0,0,0,0.875,0.925,0,0,0,0,0,0,0
phoenix,28192,2023-06-26,6,10.424742770877593,pooled_extension_20260921_phoenix,grid_08,550489,3245,0.8,0.9,0.05,0,0,0,0,NO_BLOCK_SPANS_BOTH_ENDPOINTS,0.75,0.8500000000000001,0,0,0,0,0,0.85,0.9500000000000001,0,0,0,0,0,0,0
phoenix,28192,2023-06-26,6,10.424742770877593,pooled_extension_20260921_phoenix,grid_09,550489,3245,0.9,1,0.01,0,0,0,0,NO_BLOCK_SPANS_BOTH_ENDPOINTS,0.89,0.91,0,0,0,0,0,0.99,1,0,0,0,0,0,0,0
phoenix,28192,2023-06-26,6,10.424742770877593,pooled_extension_20260921_phoenix,grid_09,550489,3245,0.9,1,0.025,0,0,0,0,NO_BLOCK_SPANS_BOTH_ENDPOINTS,0.875,0.925,0,0,0,0,0,0.975,1,0,0,0,0,0,0,0
phoenix,28192,2023-06-26,6,10.424742770877593,pooled_extension_20260921_phoenix,grid_09,550489,3245,0.9,1,0.05,0,0,0,0,NO_BLOCK_SPANS_BOTH_ENDPOINTS,0.85,0.9500000000000001,0,0,0,0,0,0.95,1,0,0,0,0,0,0,0
phoenix,28706,2023-07-29,7,13.325074240149092,pooled_pilot_20260919_phoenix,near_-0.02,556672,3246,0.008509538620710373,0.10850953862071037,0.01,2028,381405,1868.8845,0.6851521183030582,BLOCK_SPANNED,0,0.01850953862071037,205268,3119,127135,0.3687413773281214,19.921694693974473,0.09850953862071038,0.11850953862071037,31668,2503,23781,0.05688807771901586,2.8444038859507947,2411,0
phoenix,28706,2023-07-29,7,13.325074240149092,pooled_pilot_20260919_phoenix,near_-0.02,556672,3246,0.008509538620710373,0.10850953862071037,0.025,2028,381405,1868.8845,0.6851521183030582,BLOCK_SPANNED,0,0.03350953862071038,314224,3209,205460,0.5644688434122787,16.8450198554334,0.08350953862071037,0.13350953862071038,71303,2775,52815,0.12808799436652105,2.56175988733042,2746,0
phoenix,28706,2023-07-29,7,13.325074240149092,pooled_pilot_20260919_phoenix,near_-0.02,556672,3246,0.008509538620710373,0.10850953862071037,0.05,2028,381405,1868.8845,0.6851521183030582,BLOCK_SPANNED,0,0.05850953862071037,415973,3240,280031,0.7472497269487238,12.77141718366282,0.05850953862071037,0.15850953862071038,139298,2995,100380,0.2502335306967119,2.502335306967119,2989,0
phoenix,28706,2023-07-29,7,13.325074240149092,pooled_pilot_20260919_phoenix,near_-0.01,556672,3246,0.01850953862071037,0.11850953862071037,0.01,1954,367470,1800.6029999999998,0.6601194240055185,BLOCK_SPANNED,0.00850953862071037,0.028509538620710373,193031,3176,115450,0.34675895320763395,17.337947660381694,0.10850953862071037,0.12850953862071038,24588,2289,22382,0.04416963669809151,2.208481834904575,2259,0
phoenix,28706,2023-07-29,7,13.325074240149092,pooled_pilot_20260919_phoenix,near_-0.01,556672,3246,0.01850953862071037,0.11850953862071037,0.025,1954,367470,1800.6029999999998,0.6601194240055185,BLOCK_SPANNED,0,0.04350953862071037,361748,3232,210397,0.649840480570246,14.935586567238946,0.09350953862071038,0.14350953862071036,54823,2639,48742,0.0984834875833525,1.9696697516670505,2631,0
phoenix,28706,2023-07-29,7,13.325074240149092,pooled_pilot_20260919_phoenix,near_-0.01,556672,3246,0.01850953862071037,0.11850953862071037,0.05,1954,367470,1800.6029999999998,0.6601194240055185,BLOCK_SPANNED,0,0.06850953862071038,444276,3241,272706,0.7980929524028513,11.649369831861463,0.06850953862071037,0.1685095386207104,111630,2921,94077,0.20053101287652333,2.005310128765233,2916,0
phoenix,28706,2023-07-29,7,13.325074240149092,pooled_pilot_20260919_phoenix,historical,556672,3246,0.028509538620710373,0.12850953862071038,0.01,1479,278368,1364.0031999999999,0.5000574844791906,BLOCK_SPANNED,0.01850953862071037,0.038509538620710375,134338,3172,63857,0.24132343642216603,12.066171821108298,0.11850953862071038,0.1385095386207104,13329,1944,11786,0.023944081972867327,1.197204098643366,1932,0
phoenix,28706,2023-07-29,7,13.325074240149092,pooled_pilot_20260919_phoenix,historical,556672,3246,0.028509538620710373,0.12850953862071038,0.025,1479,278368,1364.0031999999999,0.5000574844791906,BLOCK_SPANNED,0.0035095386207103715,0.053509538620710374,363140,3232,157806,0.652341055415038,13.046821108300758,0.10350953862071038,0.15350953862071037,39456,2454,33166,0.07087836284203265,1.4175672568406534,2449,0
phoenix,28706,2023-07-29,7,13.325074240149092,pooled_pilot_20260919_phoenix,historical,556672,3246,0.028509538620710373,0.12850953862071038,0.05,1479,278368,1364.0031999999999,0.5000574844791906,BLOCK_SPANNED,0,0.07850953862071038,468491,3244,209631,0.8415925356403771,10.719621467987709,0.07850953862071038,0.1785095386207104,87715,2834,68289,0.1575703466314095,1.5757034663140947,2832,0
phoenix,28706,2023-07-29,7,13.325074240149092,pooled_pilot_20260919_phoenix,near_+0.01,556672,3246,0.038509538620710375,0.1385095386207104,0.01,1031,193385,947.5865,0.3473948752586802,BLOCK_SPANNED,0.028509538620710373,0.04850953862071038,97187,3154,33486,0.1745857524718326,8.72928762359163,0.12850953862071038,0.1485095386207104,6096,1407,5276,0.01095079328581283,0.547539664290641,1403,0
phoenix,28706,2023-07-29,7,13.325074240149092,pooled_pilot_20260919_phoenix,near_+0.01,556672,3246,0.038509538620710375,0.1385095386207104,0.025,1031,193385,947.5865,0.3473948752586802,BLOCK_SPANNED,0.013509538620710373,0.06350953862071038,278926,3212,90151,0.501059870085077,10.02119740170154,0.11350953862071039,0.16350953862071038,24295,2204,18036,0.04364329443550241,0.8728658887100484,2201,0
phoenix,28706,2023-07-29,7,13.325074240149092,pooled_pilot_20260919_phoenix,near_+0.01,556672,3246,0.038509538620710375,0.1385095386207104,0.05,1031,193385,947.5865,0.3473948752586802,BLOCK_SPANNED,0,0.08850953862071037,489036,3244,149243,0.8784993676707289,9.925476749295456,0.08850953862071038,0.1885095386207104,67372,2708,43883,0.1210263853759485,1.2102638537594848,2706,0
phoenix,28706,2023-07-29,7,13.325074240149092,pooled_pilot_20260919_phoenix,near_+0.02,556672,3246,0.04850953862071038,0.14850953862071037,0.01,704,131469,644.1981,0.23616959358473213,BLOCK_SPANNED,0.038509538620710375,0.05850953862071038,76367,3090,18885,0.13718491319843643,6.85924565992182,0.13850953862071036,0.15850953862071038,3268,940,2748,0.005870602437341918,0.29353012186709565,936,0
phoenix,28706,2023-07-29,7,13.325074240149092,pooled_pilot_20260919_phoenix,near_+0.02,556672,3246,0.04850953862071038,0.14850953862071037,0.025,704,131469,644.1981,0.23616959358473213,BLOCK_SPANNED,0.023509538620710375,0.07350953862071039,207496,3188,49290,0.3727437341917682,7.454874683835363,0.12350953862071037,0.17350953862071036,11714,1742,8529,0.0210429121637158,0.42085824327431604,1741,0
phoenix,28706,2023-07-29,7,13.325074240149092,pooled_pilot_20260919_phoenix,near_+0.02,556672,3246,0.04850953862071038,0.14850953862071037,0.05,704,131469,644.1981,0.23616959358473213,BLOCK_SPANNED,0,0.09850953862071038,507006,3244,104314,0.9107804955162107,9.245607159150074,0.09850953862071037,0.19850953862071036,49493,2568,26985,0.0889087290181651,0.8890872901816511,2566,0
phoenix,28706,2023-07-29,7,13.325074240149092,pooled_pilot_20260919_phoenix,grid_00,556672,3246,0,0.1,0.01,694,130802,640.9298,0.23497140147160267,BLOCK_SPANNED,0,0.01,109688,2916,39285,0.19704242354564266,19.704242354564265,0.09000000000000001,0.11,33913,2616,6018,0.0609209732122327,3.0460486606116364,2335,0
phoenix,28706,2023-07-29,7,13.325074240149092,pooled_pilot_20260919_phoenix,grid_00,556672,3246,0,0.1,0.025,694,130802,640.9298,0.23497140147160267,BLOCK_SPANNED,0,0.025,260576,3172,75209,0.4680961140492067,18.723844561968267,0.07500000000000001,0.125,85310,2859,15025,0.15325002874223959,3.0650005748447926,2796,0
phoenix,28706,2023-07-29,7,13.325074240149092,pooled_pilot_20260919_phoenix,grid_00,556672,3246,0,0.1,0.05,694,130802,640.9298,0.23497140147160267,BLOCK_SPANNED,0,0.05,387193,3236,100783,0.6955496234766613,13.910992469533225,0.05,0.15000000000000002,167153,3054,29678,0.3002719734421706,3.0027197344217056,3044,0
phoenix,28706,2023-07-29,7,13.325074240149092,pooled_pilot_20260919_phoenix,grid_01,556672,3246,0.1,0.2,0.01,103,19226,94.20739999999999,0.0345373936537135,BLOCK_SPANNED,0.09000000000000001,0.11,33913,2616,2349,0.0609209732122327,3.0460486606116364,0.19,0.21000000000000002,132,109,77,0.00023712347666130144,0.01185617383306506,106,0
phoenix,28706,2023-07-29,7,13.325074240149092,pooled_pilot_20260919_phoenix,grid_01,556672,3246,0.1,0.2,0.025,103,19226,94.20739999999999,0.0345373936537135,BLOCK_SPANNED,0.07500000000000001,0.125,85310,2859,5750,0.15325002874223959,3.0650005748447926,0.17500000000000002,0.225,481,259,229,0.0008640635778339849,0.0172812715566797,258,0
phoenix,28706,2023-07-29,7,13.325074240149092,pooled_pilot_20260919_phoenix,grid_01,556672,3246,0.1,0.2,0.05,103,19226,94.20739999999999,0.0345373936537135,BLOCK_SPANNED,0.05,0.15000000000000002,167153,3054,9899,0.3002719734421706,3.0027197344217056,0.15000000000000002,0.25,2301,659,686,0.004133493331800414,0.04133493331800415,659,0
phoenix,28706,2023-07-29,7,13.325074240149092,pooled_pilot_20260919_phoenix,grid_02,556672,3246,0.2,0.3,0.01,7,1157,5.6693,0.0020784232007358015,BLOCK_SPANNED,0.19,0.21000000000000002,132,109,5,0.00023712347666130144,0.01185617383306506,0.29,0.31,1,1,1,0.0000017963899747068292,0.00008981949873534138,0,0
phoenix,28706,2023-07-29,7,13.325074240149092,pooled_pilot_20260919_phoenix,grid_02,556672,3246,0.2,0.3,0.025,7,1157,5.6693,0.0020784232007358015,BLOCK_SPANNED,0.17500000000000002,0.225,481,259,25,0.0008640635778339849,0.0172812715566797,0.27499999999999997,0.325,11,11,5,0.000019760289721775122,0.0003952057944355021,8,0
phoenix,28706,2023-07-29,7,13.325074240149092,pooled_pilot_20260919_phoenix,grid_02,556672,3246,0.2,0.3,0.05,7,1157,5.6693,0.0020784232007358015,BLOCK_SPANNED,0.15000000000000002,0.25,2301,659,49,0.004133493331800414,0.04133493331800415,0.25,0.35,24,19,10,0.0000431133593929639,0.00043113359392963913,18,0
phoenix,28706,2023-07-29,7,13.325074240149092,pooled_pilot_20260919_phoenix,grid_03,556672,3246,0.3,0.4,0.01,0,0,0,0,NO_BLOCK_SPANS_BOTH_ENDPOINTS,0.29,0.31,1,1,0,0.0000017963899747068292,0.00008981949873534138,0.39,0.41000000000000003,0,0,0,0,0,0,0
phoenix,28706,2023-07-29,7,13.325074240149092,pooled_pilot_20260919_phoenix,grid_03,556672,3246,0.3,0.4,0.025,0,0,0,0,NO_BLOCK_SPANS_BOTH_ENDPOINTS,0.27499999999999997,0.325,11,11,0,0.000019760289721775122,0.0003952057944355021,0.375,0.42500000000000004,1,1,0,0.0000017963899747068292,0.000035927799494136554,1,0
phoenix,28706,2023-07-29,7,13.325074240149092,pooled_pilot_20260919_phoenix,grid_03,556672,3246,0.3,0.4,0.05,0,0,0,0,NO_BLOCK_SPANS_BOTH_ENDPOINTS,0.25,0.35,24,19,0,0.0000431133593929639,0.00043113359392963913,0.35000000000000003,0.45,1,1,0,0.0000017963899747068292,0.000017963899747068297,1,0
phoenix,28706,2023-07-29,7,13.325074240149092,pooled_pilot_20260919_phoenix,grid_04,556672,3246,0.4,0.5,0.01,0,0,0,0,NO_BLOCK_SPANS_BOTH_ENDPOINTS,0.39,0.41000000000000003,0,0,0,0,0,0.49,0.51,0,0,0,0,0,0,0
phoenix,28706,2023-07-29,7,13.325074240149092,pooled_pilot_20260919_phoenix,grid_04,556672,3246,0.4,0.5,0.025,0,0,0,0,NO_BLOCK_SPANS_BOTH_ENDPOINTS,0.375,0.42500000000000004,1,1,0,0.0000017963899747068292,0.000035927799494136554,0.475,0.525,0,0,0,0,0,0,0
phoenix,28706,2023-07-29,7,13.325074240149092,pooled_pilot_20260919_phoenix,grid_04,556672,3246,0.4,0.5,0.05,0,0,0,0,NO_BLOCK_SPANS_BOTH_ENDPOINTS,0.35000000000000003,0.45,1,1,0,0.0000017963899747068292,0.000017963899747068297,0.45,0.55,0,0,0,0,0,0,0
phoenix,28706,2023-07-29,7,13.325074240149092,pooled_pilot_20260919_phoenix,grid_05,556672,3246,0.5,0.6,0.01,0,0,0,0,NO_BLOCK_SPANS_BOTH_ENDPOINTS,0.49,0.51,0,0,0,0,0,0.59,0.61,0,0,0,0,0,0,0
phoenix,28706,2023-07-29,7,13.325074240149092,pooled_pilot_20260919_phoenix,grid_05,556672,3246,0.5,0.6,0.025,0,0,0,0,NO_BLOCK_SPANS_BOTH_ENDPOINTS,0.475,0.525,0,0,0,0,0,0.575,0.625,0,0,0,0,0,0,0
phoenix,28706,2023-07-29,7,13.325074240149092,pooled_pilot_20260919_phoenix,grid_05,556672,3246,0.5,0.6,0.05,0,0,0,0,NO_BLOCK_SPANS_BOTH_ENDPOINTS,0.45,0.55,0,0,0,0,0,0.5499999999999999,0.65,0,0,0,0,0,0,0
phoenix,28706,2023-07-29,7,13.325074240149092,pooled_pilot_20260919_phoenix,grid_06,556672,3246,0.6,0.7,0.01,0,0,0,0,NO_BLOCK_SPANS_BOTH_ENDPOINTS,0.59,0.61,0,0,0,0,0,0.69,0.71,0,0,0,0,0,0,0
phoenix,28706,2023-07-29,7,13.325074240149092,pooled_pilot_20260919_phoenix,grid_06,556672,3246,0.6,0.7,0.025,0,0,0,0,NO_BLOCK_SPANS_BOTH_ENDPOINTS,0.575,0.625,0,0,0,0,0,0.6749999999999999,0.725,0,0,0,0,0,0,0
phoenix,28706,2023-07-29,7,13.325074240149092,pooled_pilot_20260919_phoenix,grid_06,556672,3246,0.6,0.7,0.05,0,0,0,0,NO_BLOCK_SPANS_BOTH_ENDPOINTS,0.5499999999999999,0.65,0,0,0,0,0,0.6499999999999999,0.75,0,0,0,0,0,0,0
phoenix,28706,2023-07-29,7,13.325074240149092,pooled_pilot_20260919_phoenix,grid_07,556672,3246,0.7,0.8,0.01,0,0,0,0,NO_BLOCK_SPANS_BOTH_ENDPOINTS,0.69,0.71,0,0,0,0,0,0.79,0.81,0,0,0,0,0,0,0
phoenix,28706,2023-07-29,7,13.325074240149092,pooled_pilot_20260919_phoenix,grid_07,556672,3246,0.7,0.8,0.025,0,0,0,0,NO_BLOCK_SPANS_BOTH_ENDPOINTS,0.6749999999999999,0.725,0,0,0,0,0,0.775,0.8250000000000001,0,0,0,0,0,0,0
phoenix,28706,2023-07-29,7,13.325074240149092,pooled_pilot_20260919_phoenix,grid_07,556672,3246,0.7,0.8,0.05,0,0,0,0,NO_BLOCK_SPANS_BOTH_ENDPOINTS,0.6499999999999999,0.75,0,0,0,0,0,0.75,0.8500000000000001,0,0,0,0,0,0,0
phoenix,28706,2023-07-29,7,13.325074240149092,pooled_pilot_20260919_phoenix,grid_08,556672,3246,0.8,0.9,0.01,0,0,0,0,NO_BLOCK_SPANS_BOTH_ENDPOINTS,0.79,0.81,0,0,0,0,0,0.89,0.91,0,0,0,0,0,0,0
phoenix,28706,2023-07-29,7,13.325074240149092,pooled_pilot_20260919_phoenix,grid_08,556672,3246,0.8,0.9,0.025,0,0,0,0,NO_BLOCK_SPANS_BOTH_ENDPOINTS,0.775,0.8250000000000001,0,0,0,0,0,0.875,0.925,0,0,0,0,0,0,0
phoenix,28706,2023-07-29,7,13.325074240149092,pooled_pilot_20260919_phoenix,grid_08,556672,3246,0.8,0.9,0.05,0,0,0,0,NO_BLOCK_SPANS_BOTH_ENDPOINTS,0.75,0.8500000000000001,0,0,0,0,0,0.85,0.9500000000000001,0,0,0,0,0,0,0
phoenix,28706,2023-07-29,7,13.325074240149092,pooled_pilot_20260919_phoenix,grid_09,556672,3246,0.9,1,0.01,0,0,0,0,NO_BLOCK_SPANS_BOTH_ENDPOINTS,0.89,0.91,0,0,0,0,0,0.99,1,0,0,0,0,0,0,0
phoenix,28706,2023-07-29,7,13.325074240149092,pooled_pilot_20260919_phoenix,grid_09,556672,3246,0.9,1,0.025,0,0,0,0,NO_BLOCK_SPANS_BOTH_ENDPOINTS,0.875,0.925,0,0,0,0,0,0.975,1,0,0,0,0,0,0,0
phoenix,28706,2023-07-29,7,13.325074240149092,pooled_pilot_20260919_phoenix,grid_09,556672,3246,0.9,1,0.05,0,0,0,0,NO_BLOCK_SPANS_BOTH_ENDPOINTS,0.85,0.9500000000000001,0,0,0,0,0,0.95,1,0,0,0,0,0,0,0
phoenix,28828,2023-08-06,8,10.102393451268636,pooled_pilot_20260919_phoenix,near_-0.02,556673,3246,0.008509538620710373,0.10850953862071037,0.01,2028,381405,1868.8845,0.6851508875048727,BLOCK_SPANNED,0,0.01850953862071037,205269,3119,127135,0.36874251131274555,19.921755958852405,0.09850953862071038,0.11850953862071037,31668,2503,23781,0.05688797552602695,2.844398776301349,2411,0
phoenix,28828,2023-08-06,8,10.102393451268636,pooled_pilot_20260919_phoenix,near_-0.02,556673,3246,0.008509538620710373,0.10850953862071037,0.025,2028,381405,1868.8845,0.6851508875048727,BLOCK_SPANNED,0,0.03350953862071038,314225,3209,205460,0.5644696257946766,16.84504320348384,0.08350953862071037,0.13350953862071038,71303,2775,52815,0.12808776427094543,2.561755285418908,2746,0
phoenix,28828,2023-08-06,8,10.102393451268636,pooled_pilot_20260919_phoenix,near_-0.02,556673,3246,0.008509538620710373,0.10850953862071037,0.05,2028,381405,1868.8845,0.6851508875048727,BLOCK_SPANNED,0,0.05850953862071037,415974,3240,280031,0.7472501809859649,12.771424943717877,0.05850953862071037,0.15850953862071038,139298,2995,100380,0.2502330811805135,2.502330811805135,2989,0
phoenix,28828,2023-08-06,8,10.102393451268636,pooled_pilot_20260919_phoenix,near_-0.01,556673,3246,0.01850953862071037,0.11850953862071037,0.01,1954,367470,1800.6029999999998,0.6601182381757333,BLOCK_SPANNED,0.00850953862071037,0.028509538620710373,193031,3176,115450,0.34675833029444575,17.337916514722284,0.10850953862071037,0.12850953862071038,24588,2289,22382,0.0441695573523415,2.2084778676170744,2259,0
phoenix,28828,2023-08-06,8,10.102393451268636,pooled_pilot_20260919_phoenix,near_-0.01,556673,3246,0.01850953862071037,0.11850953862071037,0.025,1954,367470,1800.6029999999998,0.6601182381757333,BLOCK_SPANNED,0,0.04350953862071037,361749,3232,210397,0.6498411095921663,14.935601024342843,0.09350953862071038,0.14350953862071036,54823,2639,48742,0.09848331066892053,1.969666213378411,2631,0
phoenix,28828,2023-08-06,8,10.102393451268636,pooled_pilot_20260919_phoenix,near_-0.01,556673,3246,0.01850953862071037,0.11850953862071037,0.05,1954,367470,1800.6029999999998,0.6601182381757333,BLOCK_SPANNED,0,0.06850953862071038,444277,3241,272706,0.7980933151059958,11.649375126060662,0.06850953862071037,0.1685095386207104,111630,2921,94077,0.20053065264526931,2.0053065264526926,2916,0
phoenix,28828,2023-08-06,8,10.102393451268636,pooled_pilot_20260919_phoenix,historical,556673,3246,0.028509538620710373,0.12850953862071038,0.01,1479,278368,1364.0031999999999,0.5000565861825524,BLOCK_SPANNED,0.01850953862071037,0.038509538620710375,134338,3172,63857,0.24132300291194292,12.066150145597144,0.11850953862071038,0.1385095386207104,13329,1944,11786,0.023944038960035784,1.197201948001789,1932,0
phoenix,28828,2023-08-06,8,10.102393451268636,pooled_pilot_20260919_phoenix,historical,556673,3246,0.028509538620710373,0.12850953862071038,0.025,1479,278368,1364.0031999999999,0.5000565861825524,BLOCK_SPANNED,0.0035095386207103715,0.053509538620710374,363141,3232,157806,0.6523416799449587,13.046833598899173,0.10350953862071038,0.15350953862071037,39456,2454,33166,0.07087823551708095,1.4175647103416191,2449,0
phoenix,28828,2023-08-06,8,10.102393451268636,pooled_pilot_20260919_phoenix,historical,556673,3246,0.028509538620710373,0.12850953862071038,0.05,1479,278368,1364.0031999999999,0.5000565861825524,BLOCK_SPANNED,0,0.07850953862071038,468492,3244,209631,0.8415928202014468,10.719625092529066,0.07850953862071038,0.1785095386207104,87715,2834,68289,0.157570063574127,1.5757006357412697,2832,0
phoenix,28828,2023-08-06,8,10.102393451268636,pooled_pilot_20260919_phoenix,near_+0.01,556673,3246,0.038509538620710375,0.1385095386207104,0.01,1031,193385,947.5865,0.34739425120313,BLOCK_SPANNED,0.028509538620710373,0.04850953862071038,97187,3154,33486,0.17458543884830052,8.729271942415025,0.12850953862071038,0.1485095386207104,6096,1407,5276,0.010950773613952896,0.5475386806976443,1403,0
phoenix,28828,2023-08-06,8,10.102393451268636,pooled_pilot_20260919_phoenix,near_+0.01,556673,3246,0.038509538620710375,0.1385095386207104,0.025,1031,193385,947.5865,0.34739425120313,BLOCK_SPANNED,0.013509538620710373,0.06350953862071038,278926,3212,90151,0.5010589699877666,10.021179399755331,0.11350953862071039,0.16350953862071038,24295,2204,18036,0.04364321603526666,0.8728643207053335,2201,0
phoenix,28828,2023-08-06,8,10.102393451268636,pooled_pilot_20260919_phoenix,near_+0.01,556673,3246,0.038509538620710375,0.1385095386207104,0.05,1031,193385,947.5865,0.34739425120313,BLOCK_SPANNED,0,0.08850953862071037,489037,3244,149243,0.8784995859328547,9.92547921526838,0.08850953862071038,0.1885095386207104,67372,2708,43883,0.12102616796575369,1.2102616796575367,2706,0
phoenix,28828,2023-08-06,8,10.102393451268636,pooled_pilot_20260919_phoenix,near_+0.02,556673,3246,0.04850953862071038,0.14850953862071037,0.01,704,131469,644.1981,0.236169169332804,BLOCK_SPANNED,0.038509538620710375,0.05850953862071038,76367,3090,18885,0.13718466676127636,6.859233338063817,0.13850953862071036,0.15850953862071038,3268,940,2748,0.005870591891469499,0.29352959457347466,936,0
phoenix,28828,2023-08-06,8,10.102393451268636,pooled_pilot_20260919_phoenix,near_+0.02,556673,3246,0.04850953862071038,0.14850953862071037,0.025,704,131469,644.1981,0.236169169332804,BLOCK_SPANNED,0.023509538620710375,0.07350953862071039,207496,3188,49290,0.37274306459986384,7.454861291997275,0.12350953862071037,0.17350953862071036,11714,1742,8529,0.021042874362507253,0.42085748725014516,1741,0
phoenix,28828,2023-08-06,8,10.102393451268636,pooled_pilot_20260919_phoenix,near_+0.02,556673,3246,0.04850953862071038,0.14850953862071037,0.05,704,131469,644.1981,0.236169169332804,BLOCK_SPANNED,0,0.09850953862071038,507007,3244,104314,0.9107806557889461,9.24560878612689,0.09850953862071037,0.19850953862071036,49493,2568,26985,0.08890856930370253,0.8890856930370253,2566,0
phoenix,28828,2023-08-06,8,10.102393451268636,pooled_pilot_20260919_phoenix,grid_00,556673,3246,0,0.1,0.01,694,130802,640.9298,0.23497097937209097,BLOCK_SPANNED,0,0.01,109689,2916,39285,0.19704386596799198,19.704386596799196,0.09000000000000001,0.11,33913,2616,6018,0.06092086377460376,3.0460431887301898,2335,0
phoenix,28828,2023-08-06,8,10.102393451268636,pooled_pilot_20260919_phoenix,grid_00,556673,3246,0,0.1,0.025,694,130802,640.9298,0.23497097937209097,BLOCK_SPANNED,0,0.025,260577,3172,75209,0.4680970695542985,18.723882782171938,0.07500000000000001,0.125,85310,2859,15025,0.15324975344591887,3.0649950689183783,2796,0
phoenix,28828,2023-08-06,8,10.102393451268636,pooled_pilot_20260919_phoenix,grid_00,556673,3246,0,0.1,0.05,694,130802,640.9298,0.23497097937209097,BLOCK_SPANNED,0,0.05,387194,3236,100783,0.6955501703872831,13.91100340774566,0.05,0.15000000000000002,167153,3054,29678,0.30027143403757683,3.0027143403757677,3044,0
phoenix,28828,2023-08-06,8,10.102393451268636,pooled_pilot_20260919_phoenix,grid_01,556673,3246,0.1,0.2,0.01,103,19226,94.20739999999999,0.034537331611197236,BLOCK_SPANNED,0.09000000000000001,0.11,33913,2616,2349,0.06092086377460376,3.0460431887301898,0.19,0.21000000000000002,132,109,77,0.0002371230506958304,0.01185615253479151,106,0
phoenix,28828,2023-08-06,8,10.102393451268636,pooled_pilot_20260919_phoenix,grid_01,556673,3246,0.1,0.2,0.025,103,19226,94.20739999999999,0.034537331611197236,BLOCK_SPANNED,0.07500000000000001,0.125,85310,2859,5750,0.15324975344591887,3.0649950689183783,0.17500000000000002,0.225,481,259,229,0.0008640620256416244,0.01728124051283249,258,0
phoenix,28828,2023-08-06,8,10.102393451268636,pooled_pilot_20260919_phoenix,grid_01,556673,3246,0.1,0.2,0.05,103,19226,94.20739999999999,0.034537331611197236,BLOCK_SPANNED,0.05,0.15000000000000002,167153,3054,9899,0.30027143403757683,3.0027143403757677,0.15000000000000002,0.25,2301,659,686,0.004133485906447771,0.04133485906447772,659,0
phoenix,28828,2023-08-06,8,10.102393451268636,pooled_pilot_20260919_phoenix,grid_02,556673,3246,0.2,0.3,0.01,7,1157,5.6693,0.0020784194670839073,BLOCK_SPANNED,0.19,0.21000000000000002,132,109,5,0.0002371230506958304,0.01185615253479151,0.29,0.31,1,1,1,0.0000017963867476956848,0.00008981933738478416,0,0
phoenix,28828,2023-08-06,8,10.102393451268636,pooled_pilot_20260919_phoenix,grid_02,556673,3246,0.2,0.3,0.025,7,1157,5.6693,0.0020784194670839073,BLOCK_SPANNED,0.17500000000000002,0.225,481,259,25,0.0008640620256416244,0.01728124051283249,0.27499999999999997,0.325,11,11,5,0.000019760254224652533,0.00039520508449305034,8,0
phoenix,28828,2023-08-06,8,10.102393451268636,pooled_pilot_20260919_phoenix,grid_02,556673,3246,0.2,0.3,0.05,7,1157,5.6693,0.0020784194670839073,BLOCK_SPANNED,0.15000000000000002,0.25,2301,659,49,0.004133485906447771,0.04133485906447772,0.25,0.35,24,19,10,0.000043113281944696436,0.00043113281944696447,18,0
phoenix,28828,2023-08-06,8,10.102393451268636,pooled_pilot_20260919_phoenix,grid_03,556673,3246,0.3,0.4,0.01,0,0,0,0,NO_BLOCK_SPANS_BOTH_ENDPOINTS,0.29,0.31,1,1,0,0.0000017963867476956848,0.00008981933738478416,0.39,0.41000000000000003,0,0,0,0,0,0,0
phoenix,28828,2023-08-06,8,10.102393451268636,pooled_pilot_20260919_phoenix,grid_03,556673,3246,0.3,0.4,0.025,0,0,0,0,NO_BLOCK_SPANS_BOTH_ENDPOINTS,0.27499999999999997,0.325,11,11,0,0.000019760254224652533,0.00039520508449305034,0.375,0.42500000000000004,1,1,0,0.0000017963867476956848,0.00003592773495391366,1,0
phoenix,28828,2023-08-06,8,10.102393451268636,pooled_pilot_20260919_phoenix,grid_03,556673,3246,0.3,0.4,0.05,0,0,0,0,NO_BLOCK_SPANS_BOTH_ENDPOINTS,0.25,0.35,24,19,0,0.000043113281944696436,0.00043113281944696447,0.35000000000000003,0.45,1,1,0,0.0000017963867476956848,0.000017963867476956852,1,0
phoenix,28828,2023-08-06,8,10.102393451268636,pooled_pilot_20260919_phoenix,grid_04,556673,3246,0.4,0.5,0.01,0,0,0,0,NO_BLOCK_SPANS_BOTH_ENDPOINTS,0.39,0.41000000000000003,0,0,0,0,0,0.49,0.51,0,0,0,0,0,0,0
phoenix,28828,2023-08-06,8,10.102393451268636,pooled_pilot_20260919_phoenix,grid_04,556673,3246,0.4,0.5,0.025,0,0,0,0,NO_BLOCK_SPANS_BOTH_ENDPOINTS,0.375,0.42500000000000004,1,1,0,0.0000017963867476956848,0.00003592773495391366,0.475,0.525,0,0,0,0,0,0,0
phoenix,28828,2023-08-06,8,10.102393451268636,pooled_pilot_20260919_phoenix,grid_04,556673,3246,0.4,0.5,0.05,0,0,0,0,NO_BLOCK_SPANS_BOTH_ENDPOINTS,0.35000000000000003,0.45,1,1,0,0.0000017963867476956848,0.000017963867476956852,0.45,0.55,0,0,0,0,0,0,0
phoenix,28828,2023-08-06,8,10.102393451268636,pooled_pilot_20260919_phoenix,grid_05,556673,3246,0.5,0.6,0.01,0,0,0,0,NO_BLOCK_SPANS_BOTH_ENDPOINTS,0.49,0.51,0,0,0,0,0,0.59,0.61,0,0,0,0,0,0,0
phoenix,28828,2023-08-06,8,10.102393451268636,pooled_pilot_20260919_phoenix,grid_05,556673,3246,0.5,0.6,0.025,0,0,0,0,NO_BLOCK_SPANS_BOTH_ENDPOINTS,0.475,0.525,0,0,0,0,0,0.575,0.625,0,0,0,0,0,0,0
phoenix,28828,2023-08-06,8,10.102393451268636,pooled_pilot_20260919_phoenix,grid_05,556673,3246,0.5,0.6,0.05,0,0,0,0,NO_BLOCK_SPANS_BOTH_ENDPOINTS,0.45,0.55,0,0,0,0,0,0.5499999999999999,0.65,0,0,0,0,0,0,0
phoenix,28828,2023-08-06,8,10.102393451268636,pooled_pilot_20260919_phoenix,grid_06,556673,3246,0.6,0.7,0.01,0,0,0,0,NO_BLOCK_SPANS_BOTH_ENDPOINTS,0.59,0.61,0,0,0,0,0,0.69,0.71,0,0,0,0,0,0,0
phoenix,28828,2023-08-06,8,10.102393451268636,pooled_pilot_20260919_phoenix,grid_06,556673,3246,0.6,0.7,0.025,0,0,0,0,NO_BLOCK_SPANS_BOTH_ENDPOINTS,0.575,0.625,0,0,0,0,0,0.6749999999999999,0.725,0,0,0,0,0,0,0
phoenix,28828,2023-08-06,8,10.102393451268636,pooled_pilot_20260919_phoenix,grid_06,556673,3246,0.6,0.7,0.05,0,0,0,0,NO_BLOCK_SPANS_BOTH_ENDPOINTS,0.5499999999999999,0.65,0,0,0,0,0,0.6499999999999999,0.75,0,0,0,0,0,0,0
phoenix,28828,2023-08-06,8,10.102393451268636,pooled_pilot_20260919_phoenix,grid_07,556673,3246,0.7,0.8,0.01,0,0,0,0,NO_BLOCK_SPANS_BOTH_ENDPOINTS,0.69,0.71,0,0,0,0,0,0.79,0.81,0,0,0,0,0,0,0
phoenix,28828,2023-08-06,8,10.102393451268636,pooled_pilot_20260919_phoenix,grid_07,556673,3246,0.7,0.8,0.025,0,0,0,0,NO_BLOCK_SPANS_BOTH_ENDPOINTS,0.6749999999999999,0.725,0,0,0,0,0,0.775,0.8250000000000001,0,0,0,0,0,0,0
phoenix,28828,2023-08-06,8,10.102393451268636,pooled_pilot_20260919_phoenix,grid_07,556673,3246,0.7,0.8,0.05,0,0,0,0,NO_BLOCK_SPANS_BOTH_ENDPOINTS,0.6499999999999999,0.75,0,0,0,0,0,0.75,0.8500000000000001,0,0,0,0,0,0,0
phoenix,28828,2023-08-06,8,10.102393451268636,pooled_pilot_20260919_phoenix,grid_08,556673,3246,0.8,0.9,0.01,0,0,0,0,NO_BLOCK_SPANS_BOTH_ENDPOINTS,0.79,0.81,0,0,0,0,0,0.89,0.91,0,0,0,0,0,0,0
phoenix,28828,2023-08-06,8,10.102393451268636,pooled_pilot_20260919_phoenix,grid_08,556673,3246,0.8,0.9,0.025,0,0,0,0,NO_BLOCK_SPANS_BOTH_ENDPOINTS,0.775,0.8250000000000001,0,0,0,0,0,0.875,0.925,0,0,0,0,0,0,0
phoenix,28828,2023-08-06,8,10.102393451268636,pooled_pilot_20260919_phoenix,grid_08,556673,3246,0.8,0.9,0.05,0,0,0,0,NO_BLOCK_SPANS_BOTH_ENDPOINTS,0.75,0.8500000000000001,0,0,0,0,0,0.85,0.9500000000000001,0,0,0,0,0,0,0
phoenix,28828,2023-08-06,8,10.102393451268636,pooled_pilot_20260919_phoenix,grid_09,556673,3246,0.9,1,0.01,0,0,0,0,NO_BLOCK_SPANS_BOTH_ENDPOINTS,0.89,0.91,0,0,0,0,0,0.99,1,0,0,0,0,0,0,0
phoenix,28828,2023-08-06,8,10.102393451268636,pooled_pilot_20260919_phoenix,grid_09,556673,3246,0.9,1,0.025,0,0,0,0,NO_BLOCK_SPANS_BOTH_ENDPOINTS,0.875,0.925,0,0,0,0,0,0.975,1,0,0,0,0,0,0,0
phoenix,28828,2023-08-06,8,10.102393451268636,pooled_pilot_20260919_phoenix,grid_09,556673,3246,0.9,1,0.05,0,0,0,0,NO_BLOCK_SPANS_BOTH_ENDPOINTS,0.85,0.9500000000000001,0,0,0,0,0,0.95,1,0,0,0,0,0,0,0
phoenix,28909,2023-08-11,8,15.824449896903415,pooled_pilot_20260919_phoenix,near_-0.02,409964,2764,0.008509538620710373,0.10850953862071037,0.01,1573,275059,1347.7891,0.6709345210798997,BLOCK_SPANNED,0,0.01850953862071037,139264,2599,86448,0.3396981198349123,18.35259791158831,0.09850953862071038,0.11850953862071037,24898,2025,18072,0.06073216184835742,3.0366080924178727,1917,0
phoenix,28909,2023-08-11,8,15.824449896903415,pooled_pilot_20260919_phoenix,near_-0.02,409964,2764,0.008509538620710373,0.10850953862071037,0.025,1573,275059,1347.7891,0.6709345210798997,BLOCK_SPANNED,0,0.03350953862071038,219483,2716,142466,0.5353713984642554,15.976686654031464,0.08350953862071037,0.13350953862071038,56132,2285,39987,0.1369193392590569,2.7383867851811368,2252,0
phoenix,28909,2023-08-11,8,15.824449896903415,pooled_pilot_20260919_phoenix,near_-0.02,409964,2764,0.008509538620710373,0.10850953862071037,0.05,1573,275059,1347.7891,0.6709345210798997,BLOCK_SPANNED,0,0.05850953862071037,298121,2752,197839,0.7271882409187148,12.428541705528252,0.05850953862071037,0.15850953862071038,110790,2481,76492,0.27024324086993007,2.7024324086993006,2469,0
phoenix,28909,2023-08-11,8,15.824449896903415,pooled_pilot_20260919_phoenix,near_-0.01,409964,2764,0.01850953862071037,0.11850953862071037,0.01,1551,271298,1329.3601999999998,0.6617605448283264,BLOCK_SPANNED,0.00850953862071037,0.028509538620710373,137252,2667,81584,0.3347903718375272,16.739518591876354,0.10850953862071037,0.12850953862071038,18965,1834,17143,0.046260159428632756,2.313007971431637,1796,0
phoenix,28909,2023-08-11,8,15.824449896903415,pooled_pilot_20260919_phoenix,near_-0.01,409964,2764,0.01850953862071037,0.11850953862071037,0.025,1551,271298,1329.3601999999998,0.6617605448283264,BLOCK_SPANNED,0,0.04350953862071037,255732,2742,149613,0.6237913572899084,14.336887428932334,0.09350953862071038,0.14350953862071036,42914,2159,37785,0.10467748387663307,2.093549677532662,2149,0
phoenix,28909,2023-08-11,8,15.824449896903415,pooled_pilot_20260919_phoenix,near_-0.01,409964,2764,0.01850953862071037,0.11850953862071037,0.05,1551,271298,1329.3601999999998,0.6617605448283264,BLOCK_SPANNED,0,0.06850953862071038,320820,2752,197464,0.7825565171576041,11.42259213698803,0.06850953862071037,0.1685095386207104,88584,2421,73322,0.21607750924471417,2.160775092447141,2409,0
phoenix,28909,2023-08-11,8,15.824449896903415,pooled_pilot_20260919_phoenix,historical,409964,2764,0.028509538620710373,0.12850953862071038,0.01,1174,206134,1010.0566,0.5028100028295167,BLOCK_SPANNED,0.01850953862071037,0.038509538620710375,99530,2660,46367,0.24277741460225777,12.138870730112886,0.11850953862071038,0.1385095386207104,10243,1557,9043,0.02498512064473954,1.2492560322369768,1542,0
phoenix,28909,2023-08-11,8,15.824449896903415,pooled_pilot_20260919_phoenix,historical,409964,2764,0.028509538620710373,0.12850953862071038,0.025,1174,206134,1010.0566,0.5028100028295167,BLOCK_SPANNED,0.0035095386207103715,0.053509538620710374,262274,2740,113394,0.639748855997112,12.794977119942239,0.10350953862071038,0.15350953862071037,30786,1993,25703,0.07509439853255408,1.501887970651082,1984,0
phoenix,28909,2023-08-11,8,15.824449896903415,pooled_pilot_20260919_phoenix,historical,409964,2764,0.028509538620710373,0.12850953862071038,0.05,1174,206134,1010.0566,0.5028100028295167,BLOCK_SPANNED,0,0.07850953862071038,340315,2758,152620,0.8301094730269,10.573358188197552,0.07850953862071038,0.1785095386207104,69315,2341,53194,0.1690758212916256,1.6907582129162557,2335,0
phoenix,28909,2023-08-11,8,15.824449896903415,pooled_pilot_20260919_phoenix,near_+0.01,409964,2764,0.038509538620710375,0.1385095386207104,0.01,823,143827,704.7523,0.35082836541745127,BLOCK_SPANNED,0.028509538620710373,0.04850953862071038,73949,2624,24880,0.18037925281244208,9.018962640622101,0.12850953862071038,0.1485095386207104,4847,1120,4228,0.011822989335648983,0.5911494667824486,1117,0
phoenix,28909,2023-08-11,8,15.824449896903415,pooled_pilot_20260919_phoenix,near_+0.01,409964,2764,0.038509538620710375,0.1385095386207104,0.025,823,143827,704.7523,0.35082836541745127,BLOCK_SPANNED,0.013509538620710373,0.06350953862071038,208344,2712,66193,0.508200720063225,10.1640144012645,0.11350953862071039,0.16350953862071038,18816,1768,14033,0.04589671288210672,0.9179342576421347,1761,0
phoenix,28909,2023-08-11,8,15.824449896903415,pooled_pilot_20260919_phoenix,near_+0.01,409964,2764,0.038509538620710375,0.1385095386207104,0.05,823,143827,704.7523,0.35082836541745127,BLOCK_SPANNED,0,0.08850953862071037,356835,2759,109382,0.8704056941585114,9.834032667241189,0.08850953862071038,0.1885095386207104,52953,2219,34271,0.12916499985364568,1.2916499985364567,2214,0
phoenix,28909,2023-08-11,8,15.824449896903415,pooled_pilot_20260919_phoenix,near_+0.02,409964,2764,0.04850953862071038,0.14850953862071037,0.01,565,98306,481.69939999999997,0.23979178659589623,BLOCK_SPANNED,0.038509538620710375,0.05850953862071038,59327,2559,14271,0.14471270648154472,7.235635324077235,0.13850953862071036,0.15850953862071038,2649,751,2259,0.006461542964748124,0.3230771482374059,747,0
phoenix,28909,2023-08-11,8,15.824449896903415,pooled_pilot_20260919_phoenix,near_+0.02,409964,2764,0.04850953862071038,0.14850953862071037,0.025,565,98306,481.69939999999997,0.23979178659589623,BLOCK_SPANNED,0.023509538620710375,0.07350953862071039,159748,2673,37125,0.3896634826472568,7.793269652945135,0.12350953862071037,0.17350953862071036,9180,1392,6771,0.022392210047711508,0.4478442009542303,1391,0
phoenix,28909,2023-08-11,8,15.824449896903415,pooled_pilot_20260919_phoenix,near_+0.02,409964,2764,0.04850953862071038,0.14850953862071037,0.05,565,98306,481.69939999999997,0.23979178659589623,BLOCK_SPANNED,0,0.09850953862071038,371121,2759,76997,0.9052526563307998,9.189492398459796,0.09850953862071037,0.19850953862071036,38731,2094,21198,0.09447414894966387,0.9447414894966387,2089,0
phoenix,28909,2023-08-11,8,15.824449896903415,pooled_pilot_20260919_phoenix,grid_00,409964,2764,0,0.1,0.01,499,88297,432.6553,0.2153774477759023,BLOCK_SPANNED,0,0.01,72469,2375,24912,0.17676917973285458,17.67691797328546,0.09000000000000001,0.11,26939,2131,4285,0.06571064776419393,3.285532388209698,1829,0
phoenix,28909,2023-08-11,8,15.824449896903415,pooled_pilot_20260919_phoenix,grid_00,409964,2764,0,0.1,0.025,499,88297,432.6553,0.2153774477759023,BLOCK_SPANNED,0,0.025,179540,2667,48716,0.43794089237103745,17.5176356948415,0.07500000000000001,0.125,67527,2362,10619,0.16471446273331317,3.294289254666264,2288,0
phoenix,28909,2023-08-11,8,15.824449896903415,pooled_pilot_20260919_phoenix,grid_00,409964,2764,0,0.1,0.05,499,88297,432.6553,0.2153774477759023,BLOCK_SPANNED,0,0.05,275460,2747,66767,0.6719126557453825,13.43825311490765,0.05,0.15000000000000002,132689,2538,21271,0.32366012625498825,3.2366012625498817,2521,0
phoenix,28909,2023-08-11,8,15.824449896903415,pooled_pilot_20260919_phoenix,grid_01,409964,2764,0.1,0.2,0.01,72,12248,60.0152,0.029875793972153654,BLOCK_SPANNED,0.09000000000000001,0.11,26939,2131,1507,0.06571064776419393,3.285532388209698,0.19,0.21000000000000002,86,74,47,0.00020977451678683983,0.010488725839341982,71,0
phoenix,28909,2023-08-11,8,15.824449896903415,pooled_pilot_20260919_phoenix,grid_01,409964,2764,0.1,0.2,0.025,72,12248,60.0152,0.029875793972153654,BLOCK_SPANNED,0.07500000000000001,0.125,67527,2362,3698,0.16471446273331317,3.294289254666264,0.17500000000000002,0.225,351,202,150,0.0008561727371183811,0.017123454742367625,201,0
phoenix,28909,2023-08-11,8,15.824449896903415,pooled_pilot_20260919_phoenix,grid_01,409964,2764,0.1,0.2,0.05,72,12248,60.0152,0.029875793972153654,BLOCK_SPANNED,0.05,0.15000000000000002,132689,2538,6352,0.32366012625498825,3.2366012625498817,0.15000000000000002,0.25,1798,526,409,0.0043857509439853256,0.04385750943985327,526,0
phoenix,28909,2023-08-11,8,15.824449896903415,pooled_pilot_20260919_phoenix,grid_02,409964,2764,0.2,0.3,0.01,5,747,3.6603,0.0018221112097647598,BLOCK_SPANNED,0.19,0.21000000000000002,86,74,4,0.00020977451678683983,0.010488725839341982,0.29,0.31,0,0,0,0,0,0,0
phoenix,28909,2023-08-11,8,15.824449896903415,pooled_pilot_20260919_phoenix,grid_02,409964,2764,0.2,0.3,0.025,5,747,3.6603,0.0018221112097647598,BLOCK_SPANNED,0.17500000000000002,0.225,351,202,20,0.0008561727371183811,0.017123454742367625,0.27499999999999997,0.325,7,7,3,0.000017074669971021846,0.0003414933994204366,6,0
phoenix,28909,2023-08-11,8,15.824449896903415,pooled_pilot_20260919_phoenix,grid_02,409964,2764,0.2,0.3,0.05,5,747,3.6603,0.0018221112097647598,BLOCK_SPANNED,0.15000000000000002,0.25,1798,526,40,0.0043857509439853256,0.04385750943985327,0.25,0.35,17,13,8,0.000041467055643910196,0.00041467055643910206,12,0
phoenix,28909,2023-08-11,8,15.824449896903415,pooled_pilot_20260919_phoenix,grid_03,409964,2764,0.3,0.4,0.01,0,0,0,0,NO_BLOCK_SPANS_BOTH_ENDPOINTS,0.29,0.31,0,0,0,0,0,0.39,0.41000000000000003,0,0,0,0,0,0,0
phoenix,28909,2023-08-11,8,15.824449896903415,pooled_pilot_20260919_phoenix,grid_03,409964,2764,0.3,0.4,0.025,0,0,0,0,NO_BLOCK_SPANS_BOTH_ENDPOINTS,0.27499999999999997,0.325,7,7,0,0.000017074669971021846,0.0003414933994204366,0.375,0.42500000000000004,0,0,0,0,0,0,0
phoenix,28909,2023-08-11,8,15.824449896903415,pooled_pilot_20260919_phoenix,grid_03,409964,2764,0.3,0.4,0.05,0,0,0,0,NO_BLOCK_SPANS_BOTH_ENDPOINTS,0.25,0.35,17,13,0,0.000041467055643910196,0.00041467055643910206,0.35000000000000003,0.45,0,0,0,0,0,0,0
phoenix,28909,2023-08-11,8,15.824449896903415,pooled_pilot_20260919_phoenix,grid_04,409964,2764,0.4,0.5,0.01,0,0,0,0,NO_BLOCK_SPANS_BOTH_ENDPOINTS,0.39,0.41000000000000003,0,0,0,0,0,0.49,0.51,0,0,0,0,0,0,0
phoenix,28909,2023-08-11,8,15.824449896903415,pooled_pilot_20260919_phoenix,grid_04,409964,2764,0.4,0.5,0.025,0,0,0,0,NO_BLOCK_SPANS_BOTH_ENDPOINTS,0.375,0.42500000000000004,0,0,0,0,0,0.475,0.525,0,0,0,0,0,0,0
phoenix,28909,2023-08-11,8,15.824449896903415,pooled_pilot_20260919_phoenix,grid_04,409964,2764,0.4,0.5,0.05,0,0,0,0,NO_BLOCK_SPANS_BOTH_ENDPOINTS,0.35000000000000003,0.45,0,0,0,0,0,0.45,0.55,0,0,0,0,0,0,0
phoenix,28909,2023-08-11,8,15.824449896903415,pooled_pilot_20260919_phoenix,grid_05,409964,2764,0.5,0.6,0.01,0,0,0,0,NO_BLOCK_SPANS_BOTH_ENDPOINTS,0.49,0.51,0,0,0,0,0,0.59,0.61,0,0,0,0,0,0,0
phoenix,28909,2023-08-11,8,15.824449896903415,pooled_pilot_20260919_phoenix,grid_05,409964,2764,0.5,0.6,0.025,0,0,0,0,NO_BLOCK_SPANS_BOTH_ENDPOINTS,0.475,0.525,0,0,0,0,0,0.575,0.625,0,0,0,0,0,0,0
phoenix,28909,2023-08-11,8,15.824449896903415,pooled_pilot_20260919_phoenix,grid_05,409964,2764,0.5,0.6,0.05,0,0,0,0,NO_BLOCK_SPANS_BOTH_ENDPOINTS,0.45,0.55,0,0,0,0,0,0.5499999999999999,0.65,0,0,0,0,0,0,0
phoenix,28909,2023-08-11,8,15.824449896903415,pooled_pilot_20260919_phoenix,grid_06,409964,2764,0.6,0.7,0.01,0,0,0,0,NO_BLOCK_SPANS_BOTH_ENDPOINTS,0.59,0.61,0,0,0,0,0,0.69,0.71,0,0,0,0,0,0,0
phoenix,28909,2023-08-11,8,15.824449896903415,pooled_pilot_20260919_phoenix,grid_06,409964,2764,0.6,0.7,0.025,0,0,0,0,NO_BLOCK_SPANS_BOTH_ENDPOINTS,0.575,0.625,0,0,0,0,0,0.6749999999999999,0.725,0,0,0,0,0,0,0
phoenix,28909,2023-08-11,8,15.824449896903415,pooled_pilot_20260919_phoenix,grid_06,409964,2764,0.6,0.7,0.05,0,0,0,0,NO_BLOCK_SPANS_BOTH_ENDPOINTS,0.5499999999999999,0.65,0,0,0,0,0,0.6499999999999999,0.75,0,0,0,0,0,0,0
phoenix,28909,2023-08-11,8,15.824449896903415,pooled_pilot_20260919_phoenix,grid_07,409964,2764,0.7,0.8,0.01,0,0,0,0,NO_BLOCK_SPANS_BOTH_ENDPOINTS,0.69,0.71,0,0,0,0,0,0.79,0.81,0,0,0,0,0,0,0
phoenix,28909,2023-08-11,8,15.824449896903415,pooled_pilot_20260919_phoenix,grid_07,409964,2764,0.7,0.8,0.025,0,0,0,0,NO_BLOCK_SPANS_BOTH_ENDPOINTS,0.6749999999999999,0.725,0,0,0,0,0,0.775,0.8250000000000001,0,0,0,0,0,0,0
phoenix,28909,2023-08-11,8,15.824449896903415,pooled_pilot_20260919_phoenix,grid_07,409964,2764,0.7,0.8,0.05,0,0,0,0,NO_BLOCK_SPANS_BOTH_ENDPOINTS,0.6499999999999999,0.75,0,0,0,0,0,0.75,0.8500000000000001,0,0,0,0,0,0,0
phoenix,28909,2023-08-11,8,15.824449896903415,pooled_pilot_20260919_phoenix,grid_08,409964,2764,0.8,0.9,0.01,0,0,0,0,NO_BLOCK_SPANS_BOTH_ENDPOINTS,0.79,0.81,0,0,0,0,0,0.89,0.91,0,0,0,0,0,0,0
phoenix,28909,2023-08-11,8,15.824449896903415,pooled_pilot_20260919_phoenix,grid_08,409964,2764,0.8,0.9,0.025,0,0,0,0,NO_BLOCK_SPANS_BOTH_ENDPOINTS,0.775,0.8250000000000001,0,0,0,0,0,0.875,0.925,0,0,0,0,0,0,0
phoenix,28909,2023-08-11,8,15.824449896903415,pooled_pilot_20260919_phoenix,grid_08,409964,2764,0.8,0.9,0.05,0,0,0,0,NO_BLOCK_SPANS_BOTH_ENDPOINTS,0.75,0.8500000000000001,0,0,0,0,0,0.85,0.9500000000000001,0,0,0,0,0,0,0
phoenix,28909,2023-08-11,8,15.824449896903415,pooled_pilot_20260919_phoenix,grid_09,409964,2764,0.9,1,0.01,0,0,0,0,NO_BLOCK_SPANS_BOTH_ENDPOINTS,0.89,0.91,0,0,0,0,0,0.99,1,0,0,0,0,0,0,0
phoenix,28909,2023-08-11,8,15.824449896903415,pooled_pilot_20260919_phoenix,grid_09,409964,2764,0.9,1,0.025,0,0,0,0,NO_BLOCK_SPANS_BOTH_ENDPOINTS,0.875,0.925,0,0,0,0,0,0.975,1,0,0,0,0,0,0,0
phoenix,28909,2023-08-11,8,15.824449896903415,pooled_pilot_20260919_phoenix,grid_09,409964,2764,0.9,1,0.05,0,0,0,0,NO_BLOCK_SPANS_BOTH_ENDPOINTS,0.85,0.9500000000000001,0,0,0,0,0,0.95,1,0,0,0,0,0,0,0
phoenix,28970,2023-08-15,8,14.27834490602057,pooled_extension_20260921_phoenix,near_-0.02,446517,2999,0.008509538620710373,0.10850953862071037,0.01,1675,290471,1423.3079,0.6505261837735181,BLOCK_SPANNED,0,0.01850953862071037,170050,2816,100013,0.380836563893424,20.5751516392367,0.09850953862071038,0.11850953862071037,24340,2164,17839,0.054510802500240756,2.725540125012039,2050,0
phoenix,28970,2023-08-15,8,14.27834490602057,pooled_extension_20260921_phoenix,near_-0.02,446517,2999,0.008509538620710373,0.10850953862071037,0.025,1675,290471,1423.3079,0.6505261837735181,BLOCK_SPANNED,0,0.03350953862071038,256513,2938,159211,0.5744753279270443,17.143635859312997,0.08350953862071037,0.13350953862071038,55665,2439,39847,0.12466490637534518,2.4932981275069026,2397,0
phoenix,28970,2023-08-15,8,14.27834490602057,pooled_extension_20260921_phoenix,near_-0.02,446517,2999,0.008509538620710373,0.10850953862071037,0.05,1675,290471,1423.3079,0.6505261837735181,BLOCK_SPANNED,0,0.05850953862071037,335679,2979,214144,0.7517720489925356,12.848709231257448,0.05850953862071037,0.15850953862071038,109841,2687,75645,0.24599511328795992,2.459951132879599,2667,0
phoenix,28970,2023-08-15,8,14.27834490602057,pooled_extension_20260921_phoenix,near_-0.01,446517,2999,0.01850953862071037,0.11850953862071037,0.01,1612,279295,1368.5455,0.6254969015737363,BLOCK_SPANNED,0.00850953862071037,0.028509538620710373,156129,2886,88820,0.3496596994067415,17.48298497033707,0.10850953862071037,0.12850953862071038,18614,1948,16603,0.041687102618713286,2.084355130935664,1904,0
phoenix,28970,2023-08-15,8,14.27834490602057,pooled_extension_20260921_phoenix,near_-0.01,446517,2999,0.01850953862071037,0.11850953862071037,0.025,1612,279295,1368.5455,0.6254969015737363,BLOCK_SPANNED,0,0.04350953862071037,293206,2965,160737,0.656651370496532,15.092124424044535,0.09350953862071038,0.14350953862071036,42337,2298,36698,0.09481609882714431,1.8963219765428867,2281,0
phoenix,28970,2023-08-15,8,14.27834490602057,pooled_extension_20260921_phoenix,near_-0.01,446517,2999,0.01850953862071037,0.11850953862071037,0.05,1612,279295,1368.5455,0.6254969015737363,BLOCK_SPANNED,0,0.06850953862071038,358239,2985,207466,0.8022964411209428,11.710726086811059,0.06850953862071037,0.1685095386207104,87736,2594,71340,0.1964897193163978,1.9648971931639776,2580,0
phoenix,28970,2023-08-15,8,14.27834490602057,pooled_extension_20260921_phoenix,historical,446517,2999,0.028509538620710373,0.12850953862071038,0.01,1195,208013,1019.2637,0.4658568430765234,BLOCK_SPANNED,0.01850953862071037,0.038509538620710375,105964,2882,47119,0.23731235316908428,11.865617658454212,0.11850953862071038,0.1385095386207104,10195,1606,8842,0.022832277382496075,1.1416138691248034,1588,0
phoenix,28970,2023-08-15,8,14.27834490602057,pooled_extension_20260921_phoenix,historical,446517,2999,0.028509538620710373,0.12850953862071038,0.025,1195,208013,1019.2637,0.4658568430765234,BLOCK_SPANNED,0.0035095386207103715,0.053509538620710374,291597,2966,117460,0.6530479242671612,13.060958485343223,0.10350953862071038,0.15350953862071037,30100,2117,24560,0.06741064729898302,1.3482129459796608,2106,0
phoenix,28970,2023-08-15,8,14.27834490602057,pooled_extension_20260921_phoenix,historical,446517,2999,0.028509538620710373,0.12850953862071038,0.05,1195,208013,1019.2637,0.4658568430765234,BLOCK_SPANNED,0,0.07850953862071038,377659,2992,156436,0.8457886261889245,10.773068356381987,0.07850953862071038,0.1785095386207104,68526,2499,51263,0.1534678410900369,1.5346784109003686,2492,0
phoenix,28970,2023-08-15,8,14.27834490602057,pooled_extension_20260921_phoenix,near_+0.01,446517,2999,0.038509538620710375,0.1385095386207104,0.01,826,142985,700.6265,0.32022297023405605,BLOCK_SPANNED,0.028509538620710373,0.04850953862071038,75325,2847,24159,0.16869458497660783,8.43472924883039,0.12850953862071038,0.1485095386207104,4625,1132,3945,0.010357948297601212,0.5178974148800601,1125,0
phoenix,28970,2023-08-15,8,14.27834490602057,pooled_extension_20260921_phoenix,near_+0.01,446517,2999,0.038509538620710375,0.1385095386207104,0.025,826,142985,700.6265,0.32022297023405605,BLOCK_SPANNED,0.013509538620710373,0.06350953862071038,220784,2946,66106,0.49445821771623477,9.889164354324695,0.11350953862071039,0.16350953862071038,18357,1867,13260,0.04111153662682496,0.8222307325364994,1862,0
phoenix,28970,2023-08-15,8,14.27834490602057,pooled_extension_20260921_phoenix,near_+0.01,446517,2999,0.038509538620710375,0.1385095386207104,0.05,826,142985,700.6265,0.32022297023405605,BLOCK_SPANNED,0,0.08850953862071037,394204,2993,110135,0.8828420866394785,9.974541731854673,0.08850953862071038,0.1885095386207104,52127,2368,32668,0.11674135587222884,1.167413558722288,2362,0
phoenix,28970,2023-08-15,8,14.27834490602057,pooled_extension_20260921_phoenix,near_+0.02,446517,2999,0.04850953862071038,0.14850953862071037,0.01,559,95977,470.28729999999996,0.21494590351543166,BLOCK_SPANNED,0.038509538620710375,0.05850953862071038,59665,2772,13599,0.1336231319300273,6.681156596501364,0.13850953862071036,0.15850953862071038,2463,757,2024,0.005516027385295521,0.2758013692647758,749,0
phoenix,28970,2023-08-15,8,14.27834490602057,pooled_extension_20260921_phoenix,near_+0.02,446517,2999,0.04850953862071038,0.14850953862071037,0.025,559,95977,470.28729999999996,0.21494590351543166,BLOCK_SPANNED,0.023509538620710375,0.07350953862071039,162840,2908,35761,0.36468936233110943,7.293787246622188,0.12350953862071037,0.17350953862071036,8887,1431,6279,0.01990293762611502,0.3980587525223005,1427,0
phoenix,28970,2023-08-15,8,14.27834490602057,pooled_extension_20260921_phoenix,near_+0.02,446517,2999,0.04850953862071038,0.14850953862071037,0.05,559,95977,470.28729999999996,0.21494590351543166,BLOCK_SPANNED,0,0.09850953862071038,408522,2994,76229,0.9149080550124631,9.287507258917516,0.09850953862071037,0.19850953862071036,37874,2231,19630,0.08482095866450773,0.8482095866450774,2226,0
phoenix,28970,2023-08-15,8,14.27834490602057,pooled_extension_20260921_phoenix,grid_00,446517,2999,0,0.1,0.01,564,100697,493.4153,0.22551660966995657,BLOCK_SPANNED,0,0.01,92138,2574,31617,0.20634824653932549,20.634824653932547,0.09000000000000001,0.11,26789,2259,4389,0.05999547609609489,2.9997738048047458,1946,0
phoenix,28970,2023-08-15,8,14.27834490602057,pooled_extension_20260921_phoenix,grid_00,446517,2999,0,0.1,0.025,564,100697,493.4153,0.22551660966995657,BLOCK_SPANNED,0,0.025,214419,2884,59439,0.4802034413023468,19.20813765209387,0.07500000000000001,0.125,67082,2523,10970,0.15023392166479663,3.004678433295933,2437,0
phoenix,28970,2023-08-15,8,14.27834490602057,pooled_extension_20260921_phoenix,grid_00,446517,2999,0,0.1,0.05,564,100697,493.4153,0.22551660966995657,BLOCK_SPANNED,0,0.05,312979,2971,78659,0.7009341189697145,14.018682379394289,0.05,0.15000000000000002,131843,2758,21815,0.29526983295148895,2.952698329514889,2730,0
phoenix,28970,2023-08-15,8,14.27834490602057,pooled_extension_20260921_phoenix,grid_01,446517,2999,0.1,0.2,0.01,78,13748,67.3652,0.030789421231442477,BLOCK_SPANNED,0.09000000000000001,0.11,26789,2259,1586,0.05999547609609489,2.9997738048047458,0.19,0.21000000000000002,92,77,52,0.00020603918775768896,0.01030195938788444,76,0
phoenix,28970,2023-08-15,8,14.27834490602057,pooled_extension_20260921_phoenix,grid_01,446517,2999,0.1,0.2,0.025,78,13748,67.3652,0.030789421231442477,BLOCK_SPANNED,0.07500000000000001,0.125,67082,2523,3861,0.15023392166479663,3.004678433295933,0.17500000000000002,0.225,337,190,152,0.0007547305029819693,0.01509461005963939,190,0
phoenix,28970,2023-08-15,8,14.27834490602057,pooled_extension_20260921_phoenix,grid_01,446517,2999,0.1,0.2,0.05,78,13748,67.3652,0.030789421231442477,BLOCK_SPANNED,0.05,0.15000000000000002,131843,2758,6739,0.29526983295148895,2.952698329514889,0.15000000000000002,0.25,1677,520,458,0.0037557360638004822,0.03755736063800483,520,0
phoenix,28970,2023-08-15,8,14.27834490602057,pooled_extension_20260921_phoenix,grid_02,446517,2999,0.2,0.3,0.01,5,773,3.7877,0.0017311770884423214,BLOCK_SPANNED,0.19,0.21000000000000002,92,77,2,0.00020603918775768896,0.01030195938788444,0.29,0.31,1,1,1,0.0000022395563886705323,0.00011197781943352651,0,0
phoenix,28970,2023-08-15,8,14.27834490602057,pooled_extension_20260921_phoenix,grid_02,446517,2999,0.2,0.3,0.025,5,773,3.7877,0.0017311770884423214,BLOCK_SPANNED,0.17500000000000002,0.225,337,190,13,0.0007547305029819693,0.01509461005963939,0.27499999999999997,0.325,8,8,4,0.00001791645110936426,0.00035832902218728484,4,0
phoenix,28970,2023-08-15,8,14.27834490602057,pooled_extension_20260921_phoenix,grid_02,446517,2999,0.2,0.3,0.05,5,773,3.7877,0.0017311770884423214,BLOCK_SPANNED,0.15000000000000002,0.25,1677,520,31,0.0037557360638004822,0.03755736063800483,0.25,0.35,17,13,7,0.00003807245860739905,0.0003807245860739906,11,0
phoenix,28970,2023-08-15,8,14.27834490602057,pooled_extension_20260921_phoenix,grid_03,446517,2999,0.3,0.4,0.01,0,0,0,0,NO_BLOCK_SPANS_BOTH_ENDPOINTS,0.29,0.31,1,1,0,0.0000022395563886705323,0.00011197781943352651,0.39,0.41000000000000003,0,0,0,0,0,0,0
phoenix,28970,2023-08-15,8,14.27834490602057,pooled_extension_20260921_phoenix,grid_03,446517,2999,0.3,0.4,0.025,0,0,0,0,NO_BLOCK_SPANS_BOTH_ENDPOINTS,0.27499999999999997,0.325,8,8,0,0.00001791645110936426,0.00035832902218728484,0.375,0.42500000000000004,1,1,0,0.0000022395563886705323,0.000044791127773410605,1,0
phoenix,28970,2023-08-15,8,14.27834490602057,pooled_extension_20260921_phoenix,grid_03,446517,2999,0.3,0.4,0.05,0,0,0,0,NO_BLOCK_SPANS_BOTH_ENDPOINTS,0.25,0.35,17,13,0,0.00003807245860739905,0.0003807245860739906,0.35000000000000003,0.45,1,1,0,0.0000022395563886705323,0.00002239556388670533,1,0
phoenix,28970,2023-08-15,8,14.27834490602057,pooled_extension_20260921_phoenix,grid_04,446517,2999,0.4,0.5,0.01,0,0,0,0,NO_BLOCK_SPANS_BOTH_ENDPOINTS,0.39,0.41000000000000003,0,0,0,0,0,0.49,0.51,0,0,0,0,0,0,0
phoenix,28970,2023-08-15,8,14.27834490602057,pooled_extension_20260921_phoenix,grid_04,446517,2999,0.4,0.5,0.025,0,0,0,0,NO_BLOCK_SPANS_BOTH_ENDPOINTS,0.375,0.42500000000000004,1,1,0,0.0000022395563886705323,0.000044791127773410605,0.475,0.525,0,0,0,0,0,0,0
phoenix,28970,2023-08-15,8,14.27834490602057,pooled_extension_20260921_phoenix,grid_04,446517,2999,0.4,0.5,0.05,0,0,0,0,NO_BLOCK_SPANS_BOTH_ENDPOINTS,0.35000000000000003,0.45,1,1,0,0.0000022395563886705323,0.00002239556388670533,0.45,0.55,0,0,0,0,0,0,0
phoenix,28970,2023-08-15,8,14.27834490602057,pooled_extension_20260921_phoenix,grid_05,446517,2999,0.5,0.6,0.01,0,0,0,0,NO_BLOCK_SPANS_BOTH_ENDPOINTS,0.49,0.51,0,0,0,0,0,0.59,0.61,0,0,0,0,0,0,0
phoenix,28970,2023-08-15,8,14.27834490602057,pooled_extension_20260921_phoenix,grid_05,446517,2999,0.5,0.6,0.025,0,0,0,0,NO_BLOCK_SPANS_BOTH_ENDPOINTS,0.475,0.525,0,0,0,0,0,0.575,0.625,0,0,0,0,0,0,0
phoenix,28970,2023-08-15,8,14.27834490602057,pooled_extension_20260921_phoenix,grid_05,446517,2999,0.5,0.6,0.05,0,0,0,0,NO_BLOCK_SPANS_BOTH_ENDPOINTS,0.45,0.55,0,0,0,0,0,0.5499999999999999,0.65,0,0,0,0,0,0,0
phoenix,28970,2023-08-15,8,14.27834490602057,pooled_extension_20260921_phoenix,grid_06,446517,2999,0.6,0.7,0.01,0,0,0,0,NO_BLOCK_SPANS_BOTH_ENDPOINTS,0.59,0.61,0,0,0,0,0,0.69,0.71,0,0,0,0,0,0,0
phoenix,28970,2023-08-15,8,14.27834490602057,pooled_extension_20260921_phoenix,grid_06,446517,2999,0.6,0.7,0.025,0,0,0,0,NO_BLOCK_SPANS_BOTH_ENDPOINTS,0.575,0.625,0,0,0,0,0,0.6749999999999999,0.725,0,0,0,0,0,0,0
phoenix,28970,2023-08-15,8,14.27834490602057,pooled_extension_20260921_phoenix,grid_06,446517,2999,0.6,0.7,0.05,0,0,0,0,NO_BLOCK_SPANS_BOTH_ENDPOINTS,0.5499999999999999,0.65,0,0,0,0,0,0.6499999999999999,0.75,0,0,0,0,0,0,0
phoenix,28970,2023-08-15,8,14.27834490602057,pooled_extension_20260921_phoenix,grid_07,446517,2999,0.7,0.8,0.01,0,0,0,0,NO_BLOCK_SPANS_BOTH_ENDPOINTS,0.69,0.71,0,0,0,0,0,0.79,0.81,0,0,0,0,0,0,0
phoenix,28970,2023-08-15,8,14.27834490602057,pooled_extension_20260921_phoenix,grid_07,446517,2999,0.7,0.8,0.025,0,0,0,0,NO_BLOCK_SPANS_BOTH_ENDPOINTS,0.6749999999999999,0.725,0,0,0,0,0,0.775,0.8250000000000001,0,0,0,0,0,0,0
phoenix,28970,2023-08-15,8,14.27834490602057,pooled_extension_20260921_phoenix,grid_07,446517,2999,0.7,0.8,0.05,0,0,0,0,NO_BLOCK_SPANS_BOTH_ENDPOINTS,0.6499999999999999,0.75,0,0,0,0,0,0.75,0.8500000000000001,0,0,0,0,0,0,0
phoenix,28970,2023-08-15,8,14.27834490602057,pooled_extension_20260921_phoenix,grid_08,446517,2999,0.8,0.9,0.01,0,0,0,0,NO_BLOCK_SPANS_BOTH_ENDPOINTS,0.79,0.81,0,0,0,0,0,0.89,0.91,0,0,0,0,0,0,0
phoenix,28970,2023-08-15,8,14.27834490602057,pooled_extension_20260921_phoenix,grid_08,446517,2999,0.8,0.9,0.025,0,0,0,0,NO_BLOCK_SPANS_BOTH_ENDPOINTS,0.775,0.8250000000000001,0,0,0,0,0,0.875,0.925,0,0,0,0,0,0,0
phoenix,28970,2023-08-15,8,14.27834490602057,pooled_extension_20260921_phoenix,grid_08,446517,2999,0.8,0.9,0.05,0,0,0,0,NO_BLOCK_SPANS_BOTH_ENDPOINTS,0.75,0.8500000000000001,0,0,0,0,0,0.85,0.9500000000000001,0,0,0,0,0,0,0
phoenix,28970,2023-08-15,8,14.27834490602057,pooled_extension_20260921_phoenix,grid_09,446517,2999,0.9,1,0.01,0,0,0,0,NO_BLOCK_SPANS_BOTH_ENDPOINTS,0.89,0.91,0,0,0,0,0,0.99,1,0,0,0,0,0,0,0
phoenix,28970,2023-08-15,8,14.27834490602057,pooled_extension_20260921_phoenix,grid_09,446517,2999,0.9,1,0.025,0,0,0,0,NO_BLOCK_SPANS_BOTH_ENDPOINTS,0.875,0.925,0,0,0,0,0,0.975,1,0,0,0,0,0,0,0
phoenix,28970,2023-08-15,8,14.27834490602057,pooled_extension_20260921_phoenix,grid_09,446517,2999,0.9,1,0.05,0,0,0,0,NO_BLOCK_SPANS_BOTH_ENDPOINTS,0.85,0.9500000000000001,0,0,0,0,0,0.95,1,0,0,0,0,0,0,0
phoenix,29092,2023-08-23,8,11.150400588239203,pooled_extension_20260921_phoenix,near_-0.02,553858,3244,0.008509538620710373,0.10850953862071037,0.01,2025,379291,1858.5258999999999,0.6848163247619425,BLOCK_SPANNED,0,0.01850953862071037,203843,3117,126231,0.3680419891018998,19.88390940712572,0.09850953862071038,0.11850953862071037,31486,2502,23597,0.05684850629583756,2.8424253147918797,2410,0
phoenix,29092,2023-08-23,8,11.150400588239203,pooled_extension_20260921_phoenix,near_-0.02,553858,3244,0.008509538620710373,0.10850953862071037,0.025,2025,379291,1858.5258999999999,0.6848163247619425,BLOCK_SPANNED,0,0.03350953862071038,312373,3207,204181,0.5639947423346778,16.830871612959307,0.08350953862071037,0.13350953862071038,70918,2772,52439,0.12804365017748232,2.5608730035496454,2743,0
phoenix,29092,2023-08-23,8,11.150400588239203,pooled_extension_20260921_phoenix,near_-0.02,553858,3244,0.008509538620710373,0.10850953862071037,0.05,2025,379291,1858.5258999999999,0.6848163247619425,BLOCK_SPANNED,0,0.05850953862071037,413797,3238,278485,0.7471174922091944,12.76915712927431,0.05850953862071037,0.15850953862071038,138664,2992,99815,0.2503602006290421,2.5036020062904205,2986,0
phoenix,29092,2023-08-23,8,11.150400588239203,pooled_extension_20260921_phoenix,near_-0.01,553858,3244,0.01850953862071037,0.11850953862071037,0.01,1950,365588,1791.3812,0.6600753261666348,BLOCK_SPANNED,0.00850953862071037,0.028509538620710373,191987,3174,114711,0.3466357802902549,17.33178901451274,0.10850953862071037,0.12850953862071038,24417,2287,22206,0.04408530706426557,2.204265353213278,2257,0
phoenix,29092,2023-08-23,8,11.150400588239203,pooled_extension_20260921_phoenix,near_-0.01,553858,3244,0.01850953862071037,0.11850953862071037,0.025,1950,365588,1791.3812,0.6600753261666348,BLOCK_SPANNED,0,0.04350953862071037,359745,3230,209234,0.6495256907005045,14.92835160498192,0.09350953862071038,0.14350953862071036,54519,2636,48435,0.09843497791852786,1.9686995583705575,2628,0
phoenix,29092,2023-08-23,8,11.150400588239203,pooled_extension_20260921_phoenix,near_-0.01,553858,3244,0.01850953862071037,0.11850953862071037,0.05,1950,365588,1791.3812,0.6600753261666348,BLOCK_SPANNED,0,0.06850953862071038,441992,3239,271330,0.7980240422635405,11.648363984490453,0.06850953862071037,0.1685095386207104,111103,2918,93574,0.20059834831310552,2.005983483131055,2913,0
phoenix,29092,2023-08-23,8,11.150400588239203,pooled_extension_20260921_phoenix,historical,553858,3244,0.028509538620710373,0.12850953862071038,0.01,1475,276785,1356.2465,0.4997400055609922,BLOCK_SPANNED,0.01850953862071037,0.038509538620710375,133834,3170,63593,0.24163955382065438,12.081977691032717,0.11850953862071038,0.1385095386207104,13253,1939,11712,0.023928515973408348,1.1964257986704172,1927,0
phoenix,29092,2023-08-23,8,11.150400588239203,pooled_extension_20260921_phoenix,historical,553858,3244,0.028509538620710373,0.12850953862071038,0.025,1475,276785,1356.2465,0.4997400055609922,BLOCK_SPANNED,0.0035095386207103715,0.053509538620710374,361380,3230,156867,0.6524777108934059,13.049554217868117,0.10350953862071038,0.15350953862071037,39229,2452,32945,0.0708286239433212,1.4165724788664245,2447,0
phoenix,29092,2023-08-23,8,11.150400588239203,pooled_extension_20260921_phoenix,historical,553858,3244,0.028509538620710373,0.12850953862071038,0.05,1475,276785,1356.2465,0.4997400055609922,BLOCK_SPANNED,0,0.07850953862071038,466118,3242,208432,0.8415839438989777,10.719512032350329,0.07850953862071038,0.1785095386207104,87276,2832,67907,0.15757829624199704,1.5757829624199702,2830,0
phoenix,29092,2023-08-23,8,11.150400588239203,pooled_extension_20260921_phoenix,near_+0.01,553858,3244,0.038509538620710375,0.1385095386207104,0.01,1028,192320,942.3679999999999,0.34723701743046054,BLOCK_SPANNED,0.028509538620710373,0.04850953862071038,96874,3152,33369,0.1749076478086441,8.745382390432203,0.12850953862071038,0.1485095386207104,6081,1404,5266,0.010979348497268253,0.5489674248634121,1400,0
phoenix,29092,2023-08-23,8,11.150400588239203,pooled_extension_20260921_phoenix,near_+0.01,553858,3244,0.038509538620710375,0.1385095386207104,0.025,1028,192320,942.3679999999999,0.34723701743046054,BLOCK_SPANNED,0.013509538620710373,0.06350953862071038,277797,3210,89703,0.5015671887017972,10.031343774035943,0.11350953862071039,0.16350953862071038,24154,2200,17928,0.043610456109688764,0.8722091221937754,2197,0
phoenix,29092,2023-08-23,8,11.150400588239203,pooled_extension_20260921_phoenix,near_+0.01,553858,3244,0.038509538620710375,0.1385095386207104,0.05,1028,192320,942.3679999999999,0.34723701743046054,BLOCK_SPANNED,0,0.08850953862071037,486573,3242,148430,0.8785157928566528,9.92566232461513,0.08850953862071038,0.1885095386207104,67023,2705,43633,0.12101116170570796,1.2101116170570794,2703,0
phoenix,29092,2023-08-23,8,11.150400588239203,pooled_extension_20260921_phoenix,near_+0.02,553858,3244,0.04850953862071038,0.14850953862071037,0.01,700,130394,638.9306,0.23542857555546728,BLOCK_SPANNED,0.038509538620710375,0.05850953862071038,76120,3086,18745,0.13743594928664027,6.871797464332012,0.13850953862071036,0.15850953862071038,3262,938,2741,0.005889596250302424,0.29447981251512095,934,0
phoenix,29092,2023-08-23,8,11.150400588239203,pooled_extension_20260921_phoenix,near_+0.02,553858,3244,0.04850953862071038,0.14850953862071037,0.025,700,130394,638.9306,0.23542857555546728,BLOCK_SPANNED,0.023509538620710375,0.07350953862071039,206795,3186,48944,0.37337187510156034,7.467437502031205,0.12350953862071037,0.17350953862071036,11670,1737,8498,0.021070382661259747,0.421407653225195,1736,0
phoenix,29092,2023-08-23,8,11.150400588239203,pooled_extension_20260921_phoenix,near_+0.02,553858,3244,0.04850953862071038,0.14850953862071037,0.05,700,130394,638.9306,0.23542857555546728,BLOCK_SPANNED,0,0.09850953862071038,504460,3242,103441,0.9108110743186881,9.2459175737851,0.09850953862071037,0.19850953862071036,49226,2566,26784,0.08887837676805246,0.8887837676805247,2564,0
phoenix,29092,2023-08-23,8,11.150400588239203,pooled_extension_20260921_phoenix,grid_00,553858,3244,0,0.1,0.01,693,130191,637.9359,0.23506205561714374,BLOCK_SPANNED,0,0.01,108864,2914,38918,0.19655579588992125,19.655579588992126,0.09000000000000001,0.11,33758,2614,6010,0.06095064077796114,3.0475320388980585,2333,0
phoenix,29092,2023-08-23,8,11.150400588239203,pooled_extension_20260921_phoenix,grid_00,553858,3244,0,0.1,0.025,693,130191,637.9359,0.23506205561714374,BLOCK_SPANNED,0,0.025,258909,3170,74712,0.46746458478526987,18.698583391410793,0.07500000000000001,0.125,84873,2858,15004,0.15323963904105384,3.0647927808210773,2795,0
phoenix,29092,2023-08-23,8,11.150400588239203,pooled_extension_20260921_phoenix,grid_00,553858,3244,0,0.1,0.05,693,130191,637.9359,0.23506205561714374,BLOCK_SPANNED,0,0.05,385111,3234,100228,0.6953244333385091,13.906488666770182,0.05,0.15000000000000002,166429,3051,29622,0.3004903784002398,3.0049037840023973,3041,0
phoenix,29092,2023-08-23,8,11.150400588239203,pooled_extension_20260921_phoenix,grid_01,553858,3244,0.1,0.2,0.01,102,18925,92.7325,0.03416940804321685,BLOCK_SPANNED,0.09000000000000001,0.11,33758,2614,2316,0.06095064077796114,3.0475320388980585,0.19,0.21000000000000002,130,108,75,0.00023471720188207086,0.011735860094103533,105,0
phoenix,29092,2023-08-23,8,11.150400588239203,pooled_extension_20260921_phoenix,grid_01,553858,3244,0.1,0.2,0.025,102,18925,92.7325,0.03416940804321685,BLOCK_SPANNED,0.07500000000000001,0.125,84873,2858,5662,0.15323963904105384,3.0647927808210773,0.17500000000000002,0.225,479,258,227,0.0008648426130885533,0.01729685226177107,257,0
phoenix,29092,2023-08-23,8,11.150400588239203,pooled_extension_20260921_phoenix,grid_01,553858,3244,0.1,0.2,0.05,102,18925,92.7325,0.03416940804321685,BLOCK_SPANNED,0.05,0.15000000000000002,166429,3051,9741,0.3004903784002398,3.0049037840023973,0.15000000000000002,0.25,2293,655,681,0.004140050337812219,0.041400503378122205,655,0
phoenix,29092,2023-08-23,8,11.150400588239203,pooled_extension_20260921_phoenix,grid_02,553858,3244,0.2,0.3,0.01,7,1157,5.6693,0.0020889830967504306,BLOCK_SPANNED,0.19,0.21000000000000002,130,108,5,0.00023471720188207086,0.011735860094103533,0.29,0.31,1,1,1,0.0000018055169375543912,0.00009027584687771948,0,0
phoenix,29092,2023-08-23,8,11.150400588239203,pooled_extension_20260921_phoenix,grid_02,553858,3244,0.2,0.3,0.025,7,1157,5.6693,0.0020889830967504306,BLOCK_SPANNED,0.17500000000000002,0.225,479,258,25,0.0008648426130885533,0.01729685226177107,0.27499999999999997,0.325,11,11,5,0.0000198606863130983,0.00039721372626196565,8,0
phoenix,29092,2023-08-23,8,11.150400588239203,pooled_extension_20260921_phoenix,grid_02,553858,3244,0.2,0.3,0.05,7,1157,5.6693,0.0020889830967504306,BLOCK_SPANNED,0.15000000000000002,0.25,2293,655,49,0.004140050337812219,0.041400503378122205,0.25,0.35,24,19,10,0.000043332406501305386,0.000433324065013054,18,0
phoenix,29092,2023-08-23,8,11.150400588239203,pooled_extension_20260921_phoenix,grid_03,553858,3244,0.3,0.4,0.01,0,0,0,0,NO_BLOCK_SPANS_BOTH_ENDPOINTS,0.29,0.31,1,1,0,0.0000018055169375543912,0.00009027584687771948,0.39,0.41000000000000003,0,0,0,0,0,0,0
phoenix,29092,2023-08-23,8,11.150400588239203,pooled_extension_20260921_phoenix,grid_03,553858,3244,0.3,0.4,0.025,0,0,0,0,NO_BLOCK_SPANS_BOTH_ENDPOINTS,0.27499999999999997,0.325,11,11,0,0.0000198606863130983,0.00039721372626196565,0.375,0.42500000000000004,1,1,0,0.0000018055169375543912,0.000036110338751087793,1,0
phoenix,29092,2023-08-23,8,11.150400588239203,pooled_extension_20260921_phoenix,grid_03,553858,3244,0.3,0.4,0.05,0,0,0,0,NO_BLOCK_SPANS_BOTH_ENDPOINTS,0.25,0.35,24,19,0,0.000043332406501305386,0.000433324065013054,0.35000000000000003,0.45,1,1,0,0.0000018055169375543912,0.000018055169375543917,1,0
phoenix,29092,2023-08-23,8,11.150400588239203,pooled_extension_20260921_phoenix,grid_04,553858,3244,0.4,0.5,0.01,0,0,0,0,NO_BLOCK_SPANS_BOTH_ENDPOINTS,0.39,0.41000000000000003,0,0,0,0,0,0.49,0.51,0,0,0,0,0,0,0
phoenix,29092,2023-08-23,8,11.150400588239203,pooled_extension_20260921_phoenix,grid_04,553858,3244,0.4,0.5,0.025,0,0,0,0,NO_BLOCK_SPANS_BOTH_ENDPOINTS,0.375,0.42500000000000004,1,1,0,0.0000018055169375543912,0.000036110338751087793,0.475,0.525,0,0,0,0,0,0,0
phoenix,29092,2023-08-23,8,11.150400588239203,pooled_extension_20260921_phoenix,grid_04,553858,3244,0.4,0.5,0.05,0,0,0,0,NO_BLOCK_SPANS_BOTH_ENDPOINTS,0.35000000000000003,0.45,1,1,0,0.0000018055169375543912,0.000018055169375543917,0.45,0.55,0,0,0,0,0,0,0
phoenix,29092,2023-08-23,8,11.150400588239203,pooled_extension_20260921_phoenix,grid_05,553858,3244,0.5,0.6,0.01,0,0,0,0,NO_BLOCK_SPANS_BOTH_ENDPOINTS,0.49,0.51,0,0,0,0,0,0.59,0.61,0,0,0,0,0,0,0
phoenix,29092,2023-08-23,8,11.150400588239203,pooled_extension_20260921_phoenix,grid_05,553858,3244,0.5,0.6,0.025,0,0,0,0,NO_BLOCK_SPANS_BOTH_ENDPOINTS,0.475,0.525,0,0,0,0,0,0.575,0.625,0,0,0,0,0,0,0
phoenix,29092,2023-08-23,8,11.150400588239203,pooled_extension_20260921_phoenix,grid_05,553858,3244,0.5,0.6,0.05,0,0,0,0,NO_BLOCK_SPANS_BOTH_ENDPOINTS,0.45,0.55,0,0,0,0,0,0.5499999999999999,0.65,0,0,0,0,0,0,0
phoenix,29092,2023-08-23,8,11.150400588239203,pooled_extension_20260921_phoenix,grid_06,553858,3244,0.6,0.7,0.01,0,0,0,0,NO_BLOCK_SPANS_BOTH_ENDPOINTS,0.59,0.61,0,0,0,0,0,0.69,0.71,0,0,0,0,0,0,0
phoenix,29092,2023-08-23,8,11.150400588239203,pooled_extension_20260921_phoenix,grid_06,553858,3244,0.6,0.7,0.025,0,0,0,0,NO_BLOCK_SPANS_BOTH_ENDPOINTS,0.575,0.625,0,0,0,0,0,0.6749999999999999,0.725,0,0,0,0,0,0,0
phoenix,29092,2023-08-23,8,11.150400588239203,pooled_extension_20260921_phoenix,grid_06,553858,3244,0.6,0.7,0.05,0,0,0,0,NO_BLOCK_SPANS_BOTH_ENDPOINTS,0.5499999999999999,0.65,0,0,0,0,0,0.6499999999999999,0.75,0,0,0,0,0,0,0
phoenix,29092,2023-08-23,8,11.150400588239203,pooled_extension_20260921_phoenix,grid_07,553858,3244,0.7,0.8,0.01,0,0,0,0,NO_BLOCK_SPANS_BOTH_ENDPOINTS,0.69,0.71,0,0,0,0,0,0.79,0.81,0,0,0,0,0,0,0
phoenix,29092,2023-08-23,8,11.150400588239203,pooled_extension_20260921_phoenix,grid_07,553858,3244,0.7,0.8,0.025,0,0,0,0,NO_BLOCK_SPANS_BOTH_ENDPOINTS,0.6749999999999999,0.725,0,0,0,0,0,0.775,0.8250000000000001,0,0,0,0,0,0,0
phoenix,29092,2023-08-23,8,11.150400588239203,pooled_extension_20260921_phoenix,grid_07,553858,3244,0.7,0.8,0.05,0,0,0,0,NO_BLOCK_SPANS_BOTH_ENDPOINTS,0.6499999999999999,0.75,0,0,0,0,0,0.75,0.8500000000000001,0,0,0,0,0,0,0
phoenix,29092,2023-08-23,8,11.150400588239203,pooled_extension_20260921_phoenix,grid_08,553858,3244,0.8,0.9,0.01,0,0,0,0,NO_BLOCK_SPANS_BOTH_ENDPOINTS,0.79,0.81,0,0,0,0,0,0.89,0.91,0,0,0,0,0,0,0
phoenix,29092,2023-08-23,8,11.150400588239203,pooled_extension_20260921_phoenix,grid_08,553858,3244,0.8,0.9,0.025,0,0,0,0,NO_BLOCK_SPANS_BOTH_ENDPOINTS,0.775,0.8250000000000001,0,0,0,0,0,0.875,0.925,0,0,0,0,0,0,0
phoenix,29092,2023-08-23,8,11.150400588239203,pooled_extension_20260921_phoenix,grid_08,553858,3244,0.8,0.9,0.05,0,0,0,0,NO_BLOCK_SPANS_BOTH_ENDPOINTS,0.75,0.8500000000000001,0,0,0,0,0,0.85,0.9500000000000001,0,0,0,0,0,0,0
phoenix,29092,2023-08-23,8,11.150400588239203,pooled_extension_20260921_phoenix,grid_09,553858,3244,0.9,1,0.01,0,0,0,0,NO_BLOCK_SPANS_BOTH_ENDPOINTS,0.89,0.91,0,0,0,0,0,0.99,1,0,0,0,0,0,0,0
phoenix,29092,2023-08-23,8,11.150400588239203,pooled_extension_20260921_phoenix,grid_09,553858,3244,0.9,1,0.025,0,0,0,0,NO_BLOCK_SPANS_BOTH_ENDPOINTS,0.875,0.925,0,0,0,0,0,0.975,1,0,0,0,0,0,0,0
phoenix,29092,2023-08-23,8,11.150400588239203,pooled_extension_20260921_phoenix,grid_09,553858,3244,0.9,1,0.05,0,0,0,0,NO_BLOCK_SPANS_BOTH_ENDPOINTS,0.85,0.9500000000000001,0,0,0,0,0,0.95,1,0,0,0,0,0,0,0
phoenix,29545,2023-09-21,9,16.001164344125378,pooled_extension_20260921_phoenix,near_-0.02,341920,2282,0.008509538620710373,0.10850953862071037,0.01,1245,219749,1076.7701,0.6426912728123537,BLOCK_SPANNED,0,0.01850953862071037,136313,2134,80332,0.3986692793635938,21.538585457636515,0.09850953862071038,0.11850953862071037,15645,1587,11366,0.045756317267197005,2.2878158633598513,1503,0
phoenix,29545,2023-09-21,9,16.001164344125378,pooled_extension_20260921_phoenix,near_-0.02,341920,2282,0.008509538620710373,0.10850953862071037,0.025,1245,219749,1076.7701,0.6426912728123537,BLOCK_SPANNED,0,0.03350953862071038,204888,2229,127281,0.5992278895648104,17.882307970497127,0.08350953862071037,0.13350953862071038,37148,1825,26212,0.10864529714553112,2.1729059429106217,1785,0
phoenix,29545,2023-09-21,9,16.001164344125378,pooled_extension_20260921_phoenix,near_-0.02,341920,2282,0.008509538620710373,0.10850953862071037,0.05,1245,219749,1076.7701,0.6426912728123537,BLOCK_SPANNED,0,0.05850953862071037,265032,2271,168274,0.7751286850725316,13.247902877808075,0.05850953862071037,0.15850953862071038,76154,2028,50956,0.2227246139447824,2.227246139447824,2017,0
phoenix,29545,2023-09-21,9,16.001164344125378,pooled_extension_20260921_phoenix,near_-0.01,341920,2282,0.01850953862071037,0.11850953862071037,0.01,1191,209393,1026.0257,0.6124034861956014,BLOCK_SPANNED,0.00850953862071037,0.028509538620710373,126217,2188,72146,0.3691419045390735,18.45709522695367,0.10850953862071037,0.12850953862071038,12186,1415,10817,0.03563991576977071,1.781995788488535,1380,0
phoenix,29545,2023-09-21,9,16.001164344125378,pooled_extension_20260921_phoenix,near_-0.01,341920,2282,0.01850953862071037,0.11850953862071037,0.025,1191,209393,1026.0257,0.6124034861956014,BLOCK_SPANNED,0,0.04350953862071037,233278,2258,128291,0.6822590079550772,15.68067668799238,0.09350953862071038,0.14350953862071036,27868,1710,23800,0.08150444548432381,1.6300889096864766,1696,0
phoenix,29545,2023-09-21,9,16.001164344125378,pooled_extension_20260921_phoenix,near_-0.01,341920,2282,0.01850953862071037,0.11850953862071037,0.05,1191,209393,1026.0257,0.6124034861956014,BLOCK_SPANNED,0,0.06850953862071038,281584,2274,161793,0.8235376696303229,12.020773839825104,0.06850953862071037,0.1685095386207104,59930,1958,47236,0.1752749181094993,1.7527491810949927,1950,0
phoenix,29545,2023-09-21,9,16.001164344125378,pooled_extension_20260921_phoenix,historical,341920,2282,0.028509538620710373,0.12850953862071038,0.01,880,155194,760.4506,0.4538897987833411,BLOCK_SPANNED,0.01850953862071037,0.038509538620710375,83817,2190,37090,0.2451362891904539,12.256814459522694,0.11850953862071038,0.1385095386207104,6923,1177,5875,0.020247426298549368,1.0123713149274682,1164,0
phoenix,29545,2023-09-21,9,16.001164344125378,pooled_extension_20260921_phoenix,historical,341920,2282,0.028509538620710373,0.12850953862071038,0.025,880,155194,760.4506,0.4538897987833411,BLOCK_SPANNED,0.0035095386207103715,0.053509538620710374,231581,2260,93367,0.6772958586803931,13.545917173607862,0.10350953862071038,0.15350953862071037,19643,1550,15901,0.05744911090313524,1.148982218062705,1542,0
phoenix,29545,2023-09-21,9,16.001164344125378,pooled_extension_20260921_phoenix,historical,341920,2282,0.028509538620710373,0.12850953862071038,0.05,880,155194,760.4506,0.4538897987833411,BLOCK_SPANNED,0,0.07850953862071038,295569,2279,121125,0.8644390500701918,11.010624508270357,0.07850953862071038,0.1785095386207104,46096,1883,33832,0.1348151614412728,1.348151614412728,1880,0
phoenix,29545,2023-09-21,9,16.001164344125378,pooled_extension_20260921_phoenix,near_+0.01,341920,2282,0.038509538620710375,0.1385095386207104,0.01,595,104329,511.21209999999996,0.30512693027608795,BLOCK_SPANNED,0.028509538620710373,0.04850953862071038,58307,2166,17786,0.17052819372952738,8.526409686476367,0.12850953862071038,0.1485095386207104,3111,829,2565,0.009098619560131025,0.45493097800655086,824,0
phoenix,29545,2023-09-21,9,16.001164344125378,pooled_extension_20260921_phoenix,near_+0.01,341920,2282,0.038509538620710375,0.1385095386207104,0.025,595,104329,511.21209999999996,0.30512693027608795,BLOCK_SPANNED,0.013509538620710373,0.06350953862071038,172702,2240,49710,0.5050947590079551,10.1018951801591,0.11350953862071039,0.16350953862071038,12189,1364,8510,0.03564868975198877,0.7129737950397755,1359,0
phoenix,29545,2023-09-21,9,16.001164344125378,pooled_extension_20260921_phoenix,near_+0.01,341920,2282,0.038509538620710375,0.1385095386207104,0.05,595,104329,511.21209999999996,0.30512693027608795,BLOCK_SPANNED,0,0.08850953862071037,307175,2280,83114,0.8983826626111371,10.150122536068945,0.08850953862071038,0.1885095386207104,34596,1772,21071,0.10118156293869911,1.0118156293869909,1770,0
phoenix,29545,2023-09-21,9,16.001164344125378,pooled_extension_20260921_phoenix,near_+0.02,341920,2282,0.04850953862071038,0.14850953862071037,0.01,399,69332,339.72679999999997,0.20277257838090781,BLOCK_SPANNED,0.038509538620710375,0.05850953862071038,44902,2104,9646,0.13132311651848386,6.5661558259241914,0.13850953862071036,0.15850953862071038,1647,543,1316,0.004816916237716425,0.24084581188582102,538,0
phoenix,29545,2023-09-21,9,16.001164344125378,pooled_extension_20260921_phoenix,near_+0.02,341920,2282,0.04850953862071038,0.14850953862071037,0.025,399,69332,339.72679999999997,0.20277257838090781,BLOCK_SPANNED,0.023509538620710375,0.07350953862071039,124221,2214,25614,0.3633042817033224,7.266085634066447,0.12350953862071037,0.17350953862071036,6062,1053,4049,0.01772929340196537,0.3545858680393075,1052,0
phoenix,29545,2023-09-21,9,16.001164344125378,pooled_extension_20260921_phoenix,near_+0.02,341920,2282,0.04850953862071038,0.14850953862071037,0.05,399,69332,339.72679999999997,0.20277257838090781,BLOCK_SPANNED,0,0.09850953862071038,316971,2280,56547,0.9270326392138512,9.410587565364501,0.09850953862071037,0.19850953862071036,24849,1646,12688,0.07267489471221339,0.726748947122134,1644,0
phoenix,29545,2023-09-21,9,16.001164344125378,pooled_extension_20260921_phoenix,grid_00,341920,2282,0,0.1,0.01,396,70471,345.30789999999996,0.2061037669630323,BLOCK_SPANNED,0,0.01,72627,1976,23241,0.21240933551708002,21.240933551708,0.09000000000000001,0.11,17742,1686,2548,0.05188933083762284,2.5944665418811432,1466,0
phoenix,29545,2023-09-21,9,16.001164344125378,pooled_extension_20260921_phoenix,grid_00,341920,2282,0,0.1,0.025,396,70471,345.30789999999996,0.2061037669630323,BLOCK_SPANNED,0,0.025,171697,2194,43960,0.5021554749649041,20.086218998596163,0.07500000000000001,0.125,45385,1899,6431,0.13273572765559194,2.6547145531118392,1830,0
phoenix,29545,2023-09-21,9,16.001164344125378,pooled_extension_20260921_phoenix,grid_00,341920,2282,0,0.1,0.05,396,70471,345.30789999999996,0.2061037669630323,BLOCK_SPANNED,0,0.05,248206,2267,57060,0.7259183434721572,14.518366869443144,0.05,0.15000000000000002,92507,2079,13255,0.2705515910154422,2.7055159101544213,2064,0
phoenix,29545,2023-09-21,9,16.001164344125378,pooled_extension_20260921_phoenix,grid_01,341920,2282,0.1,0.2,0.01,58,10480,51.352,0.030650444548432382,BLOCK_SPANNED,0.09000000000000001,0.11,17742,1686,1075,0.05188933083762284,2.5944665418811432,0.19,0.21000000000000002,75,61,46,0.0002193495554515676,0.01096747777257837,58,0
phoenix,29545,2023-09-21,9,16.001164344125378,pooled_extension_20260921_phoenix,grid_01,341920,2282,0.1,0.2,0.025,58,10480,51.352,0.030650444548432382,BLOCK_SPANNED,0.07500000000000001,0.125,45385,1899,2670,0.13273572765559194,2.6547145531118392,0.17500000000000002,0.225,246,142,117,0.0007194665418811418,0.01438933083762284,140,0
phoenix,29545,2023-09-21,9,16.001164344125378,pooled_extension_20260921_phoenix,grid_01,341920,2282,0.1,0.2,0.05,58,10480,51.352,0.030650444548432382,BLOCK_SPANNED,0.05,0.15000000000000002,92507,2079,4785,0.2705515910154422,2.7055159101544213,0.15000000000000002,0.25,1190,371,383,0.0034803462798315395,0.0348034627983154,371,0
phoenix,29545,2023-09-21,9,16.001164344125378,pooled_extension_20260921_phoenix,grid_02,341920,2282,0.2,0.3,0.01,5,749,3.6700999999999997,0.002190570893776322,BLOCK_SPANNED,0.19,0.21000000000000002,75,61,3,0.0002193495554515676,0.01096747777257837,0.29,0.31,1,1,1,0.000002924660739354235,0.00014623303696771161,0,0
phoenix,29545,2023-09-21,9,16.001164344125378,pooled_extension_20260921_phoenix,grid_02,341920,2282,0.2,0.3,0.025,5,749,3.6700999999999997,0.002190570893776322,BLOCK_SPANNED,0.17500000000000002,0.225,246,142,12,0.0007194665418811418,0.01438933083762284,0.27499999999999997,0.325,6,6,3,0.00001754796443612541,0.0003509592887225079,5,0
phoenix,29545,2023-09-21,9,16.001164344125378,pooled_extension_20260921_phoenix,grid_02,341920,2282,0.2,0.3,0.05,5,749,3.6700999999999997,0.002190570893776322,BLOCK_SPANNED,0.15000000000000002,0.25,1190,371,25,0.0034803462798315395,0.0348034627983154,0.25,0.35,16,12,7,0.00004679457182966776,0.00046794571829667766,12,0
phoenix,29545,2023-09-21,9,16.001164344125378,pooled_extension_20260921_phoenix,grid_03,341920,2282,0.3,0.4,0.01,0,0,0,0,NO_BLOCK_SPANS_BOTH_ENDPOINTS,0.29,0.31,1,1,0,0.000002924660739354235,0.00014623303696771161,0.39,0.41000000000000003,0,0,0,0,0,0,0
phoenix,29545,2023-09-21,9,16.001164344125378,pooled_extension_20260921_phoenix,grid_03,341920,2282,0.3,0.4,0.025,0,0,0,0,NO_BLOCK_SPANS_BOTH_ENDPOINTS,0.27499999999999997,0.325,6,6,0,0.00001754796443612541,0.0003509592887225079,0.375,0.42500000000000004,1,1,0,0.000002924660739354235,0.00005849321478708465,1,0
phoenix,29545,2023-09-21,9,16.001164344125378,pooled_extension_20260921_phoenix,grid_03,341920,2282,0.3,0.4,0.05,0,0,0,0,NO_BLOCK_SPANS_BOTH_ENDPOINTS,0.25,0.35,16,12,0,0.00004679457182966776,0.00046794571829667766,0.35000000000000003,0.45,1,1,0,0.000002924660739354235,0.000029246607393542354,1,0
phoenix,29545,2023-09-21,9,16.001164344125378,pooled_extension_20260921_phoenix,grid_04,341920,2282,0.4,0.5,0.01,0,0,0,0,NO_BLOCK_SPANS_BOTH_ENDPOINTS,0.39,0.41000000000000003,0,0,0,0,0,0.49,0.51,0,0,0,0,0,0,0
phoenix,29545,2023-09-21,9,16.001164344125378,pooled_extension_20260921_phoenix,grid_04,341920,2282,0.4,0.5,0.025,0,0,0,0,NO_BLOCK_SPANS_BOTH_ENDPOINTS,0.375,0.42500000000000004,1,1,0,0.000002924660739354235,0.00005849321478708465,0.475,0.525,0,0,0,0,0,0,0
phoenix,29545,2023-09-21,9,16.001164344125378,pooled_extension_20260921_phoenix,grid_04,341920,2282,0.4,0.5,0.05,0,0,0,0,NO_BLOCK_SPANS_BOTH_ENDPOINTS,0.35000000000000003,0.45,1,1,0,0.000002924660739354235,0.000029246607393542354,0.45,0.55,0,0,0,0,0,0,0
phoenix,29545,2023-09-21,9,16.001164344125378,pooled_extension_20260921_phoenix,grid_05,341920,2282,0.5,0.6,0.01,0,0,0,0,NO_BLOCK_SPANS_BOTH_ENDPOINTS,0.49,0.51,0,0,0,0,0,0.59,0.61,0,0,0,0,0,0,0
phoenix,29545,2023-09-21,9,16.001164344125378,pooled_extension_20260921_phoenix,grid_05,341920,2282,0.5,0.6,0.025,0,0,0,0,NO_BLOCK_SPANS_BOTH_ENDPOINTS,0.475,0.525,0,0,0,0,0,0.575,0.625,0,0,0,0,0,0,0
phoenix,29545,2023-09-21,9,16.001164344125378,pooled_extension_20260921_phoenix,grid_05,341920,2282,0.5,0.6,0.05,0,0,0,0,NO_BLOCK_SPANS_BOTH_ENDPOINTS,0.45,0.55,0,0,0,0,0,0.5499999999999999,0.65,0,0,0,0,0,0,0
phoenix,29545,2023-09-21,9,16.001164344125378,pooled_extension_20260921_phoenix,grid_06,341920,2282,0.6,0.7,0.01,0,0,0,0,NO_BLOCK_SPANS_BOTH_ENDPOINTS,0.59,0.61,0,0,0,0,0,0.69,0.71,0,0,0,0,0,0,0
phoenix,29545,2023-09-21,9,16.001164344125378,pooled_extension_20260921_phoenix,grid_06,341920,2282,0.6,0.7,0.025,0,0,0,0,NO_BLOCK_SPANS_BOTH_ENDPOINTS,0.575,0.625,0,0,0,0,0,0.6749999999999999,0.725,0,0,0,0,0,0,0
phoenix,29545,2023-09-21,9,16.001164344125378,pooled_extension_20260921_phoenix,grid_06,341920,2282,0.6,0.7,0.05,0,0,0,0,NO_BLOCK_SPANS_BOTH_ENDPOINTS,0.5499999999999999,0.65,0,0,0,0,0,0.6499999999999999,0.75,0,0,0,0,0,0,0
phoenix,29545,2023-09-21,9,16.001164344125378,pooled_extension_20260921_phoenix,grid_07,341920,2282,0.7,0.8,0.01,0,0,0,0,NO_BLOCK_SPANS_BOTH_ENDPOINTS,0.69,0.71,0,0,0,0,0,0.79,0.81,0,0,0,0,0,0,0
phoenix,29545,2023-09-21,9,16.001164344125378,pooled_extension_20260921_phoenix,grid_07,341920,2282,0.7,0.8,0.025,0,0,0,0,NO_BLOCK_SPANS_BOTH_ENDPOINTS,0.6749999999999999,0.725,0,0,0,0,0,0.775,0.8250000000000001,0,0,0,0,0,0,0
phoenix,29545,2023-09-21,9,16.001164344125378,pooled_extension_20260921_phoenix,grid_07,341920,2282,0.7,0.8,0.05,0,0,0,0,NO_BLOCK_SPANS_BOTH_ENDPOINTS,0.6499999999999999,0.75,0,0,0,0,0,0.75,0.8500000000000001,0,0,0,0,0,0,0
phoenix,29545,2023-09-21,9,16.001164344125378,pooled_extension_20260921_phoenix,grid_08,341920,2282,0.8,0.9,0.01,0,0,0,0,NO_BLOCK_SPANS_BOTH_ENDPOINTS,0.79,0.81,0,0,0,0,0,0.89,0.91,0,0,0,0,0,0,0
phoenix,29545,2023-09-21,9,16.001164344125378,pooled_extension_20260921_phoenix,grid_08,341920,2282,0.8,0.9,0.025,0,0,0,0,NO_BLOCK_SPANS_BOTH_ENDPOINTS,0.775,0.8250000000000001,0,0,0,0,0,0.875,0.925,0,0,0,0,0,0,0
phoenix,29545,2023-09-21,9,16.001164344125378,pooled_extension_20260921_phoenix,grid_08,341920,2282,0.8,0.9,0.05,0,0,0,0,NO_BLOCK_SPANS_BOTH_ENDPOINTS,0.75,0.8500000000000001,0,0,0,0,0,0.85,0.9500000000000001,0,0,0,0,0,0,0
phoenix,29545,2023-09-21,9,16.001164344125378,pooled_extension_20260921_phoenix,grid_09,341920,2282,0.9,1,0.01,0,0,0,0,NO_BLOCK_SPANS_BOTH_ENDPOINTS,0.89,0.91,0,0,0,0,0,0.99,1,0,0,0,0,0,0,0
phoenix,29545,2023-09-21,9,16.001164344125378,pooled_extension_20260921_phoenix,grid_09,341920,2282,0.9,1,0.025,0,0,0,0,NO_BLOCK_SPANS_BOTH_ENDPOINTS,0.875,0.925,0,0,0,0,0,0.975,1,0,0,0,0,0,0,0
phoenix,29545,2023-09-21,9,16.001164344125378,pooled_extension_20260921_phoenix,grid_09,341920,2282,0.9,1,0.05,0,0,0,0,NO_BLOCK_SPANS_BOTH_ENDPOINTS,0.85,0.9500000000000001,0,0,0,0,0,0.95,1,0,0,0,0,0,0,0
phoenix,29606,2023-09-25,9,14.439810661920154,pooled_extension_20260921_phoenix,near_-0.02,556675,3246,0.008509538620710373,0.10850953862071037,0.01,2028,381405,1868.8845,0.6851484259217676,BLOCK_SPANNED,0,0.01850953862071037,205271,3119,127135,0.3687447792697714,19.921878487947932,0.09850953862071038,0.11850953862071037,31668,2503,23781,0.05688777114115058,2.8443885570575307,2411,0
phoenix,29606,2023-09-25,9,14.439810661920154,pooled_extension_20260921_phoenix,near_-0.02,556675,3246,0.008509538620710373,0.10850953862071037,0.025,2028,381405,1868.8845,0.6851484259217676,BLOCK_SPANNED,0,0.03350953862071038,314227,3209,205460,0.5644711905510397,16.845089899333065,0.08350953862071037,0.13350953862071038,71303,2775,52815,0.12808730408227423,2.5617460816454836,2746,0
phoenix,29606,2023-09-25,9,14.439810661920154,pooled_extension_20260921_phoenix,near_-0.02,556675,3246,0.008509538620710373,0.10850953862071037,0.05,2028,381405,1868.8845,0.6851484259217676,BLOCK_SPANNED,0,0.05850953862071037,415976,3240,280031,0.747251089055553,12.771440463744346,0.05850953862071037,0.15850953862071038,139298,2995,100380,0.2502321821529618,2.5023218215296175,2989,0
phoenix,29606,2023-09-25,9,14.439810661920154,pooled_extension_20260921_phoenix,near_-0.01,556675,3246,0.01850953862071037,0.11850953862071037,0.01,1954,367470,1800.6029999999998,0.6601158665289442,BLOCK_SPANNED,0.00850953862071037,0.028509538620710373,193031,3176,115450,0.3467570844747833,17.337854223739164,0.10850953862071037,0.12850953862071038,24588,2289,22382,0.04416939866169668,2.208469933084834,2259,0
phoenix,29606,2023-09-25,9,14.439810661920154,pooled_extension_20260921_phoenix,near_-0.01,556675,3246,0.01850953862071037,0.11850953862071037,0.025,1954,367470,1800.6029999999998,0.6601158665289442,BLOCK_SPANNED,0,0.04350953862071037,361751,3232,210397,0.6498423676292271,14.935629938394811,0.09350953862071038,0.14350953862071036,54823,2639,48742,0.09848295684196344,1.9696591368392693,2631,0
phoenix,29606,2023-09-25,9,14.439810661920154,pooled_extension_20260921_phoenix,near_-0.01,556675,3246,0.01850953862071037,0.11850953862071037,0.05,1954,367470,1800.6029999999998,0.6601158665289442,BLOCK_SPANNED,0,0.06850953862071038,444279,3241,272706,0.7980940405083756,11.649385714402,0.06850953862071037,0.1685095386207104,111630,2921,94077,0.20052993218664392,2.0052993218664388,2916,0
phoenix,29606,2023-09-25,9,14.439810661920154,pooled_extension_20260921_phoenix,historical,556675,3246,0.028509538620710373,0.12850953862071038,0.01,1479,278368,1364.0031999999999,0.5000547895989581,BLOCK_SPANNED,0.01850953862071037,0.038509538620710375,134338,3172,63857,0.24132213589616922,12.066106794808459,0.11850953862071038,0.1385095386207104,13329,1944,11786,0.023943952934836307,1.197197646741815,1932,0
phoenix,29606,2023-09-25,9,14.439810661920154,pooled_extension_20260921_phoenix,historical,556675,3246,0.028509538620710373,0.12850953862071038,0.025,1479,278368,1364.0031999999999,0.5000547895989581,BLOCK_SPANNED,0.0035095386207103715,0.053509538620710374,363141,3232,157806,0.6523393362374815,13.04678672474963,0.10350953862071038,0.15350953862071037,39456,2454,33166,0.07087798086854988,1.417559617370998,2449,0
phoenix,29606,2023-09-25,9,14.439810661920154,pooled_extension_20260921_phoenix,historical,556675,3246,0.028509538620710373,0.12850953862071038,0.05,1479,278368,1364.0031999999999,0.5000547895989581,BLOCK_SPANNED,0,0.07850953862071038,468494,3244,209631,0.8415933893205192,10.719632341572716,0.07850953862071038,0.1785095386207104,87715,2834,68289,0.15756949746261284,1.5756949746261282,2832,0
phoenix,29606,2023-09-25,9,14.439810661920154,pooled_extension_20260921_phoenix,near_+0.01,556675,3246,0.038509538620710375,0.1385095386207104,0.01,1031,193385,947.5865,0.347393003098756,BLOCK_SPANNED,0.028509538620710373,0.04850953862071038,97187,3154,33486,0.1745848116046167,8.729240580230833,0.12850953862071038,0.1485095386207104,6096,1407,5276,0.010950734270445054,0.5475367135222522,1403,0
phoenix,29606,2023-09-25,9,14.439810661920154,pooled_extension_20260921_phoenix,near_+0.01,556675,3246,0.038509538620710375,0.1385095386207104,0.025,1031,193385,947.5865,0.347393003098756,BLOCK_SPANNED,0.013509538620710373,0.06350953862071038,278926,3212,90151,0.5010571698028473,10.021143396056946,0.11350953862071039,0.16350953862071038,24295,2204,18036,0.043643059235640186,0.8728611847128039,2201,0
phoenix,29606,2023-09-25,9,14.439810661920154,pooled_extension_20260921_phoenix,near_+0.01,556675,3246,0.038509538620710375,0.1385095386207104,0.05,1031,193385,947.5865,0.347393003098756,BLOCK_SPANNED,0,0.08850953862071037,489039,3244,149243,0.8785000224547537,9.925484147187648,0.08850953862071038,0.1885095386207104,67372,2708,43883,0.12102573314770737,1.2102573314770735,2706,0
phoenix,29606,2023-09-25,9,14.439810661920154,pooled_extension_20260921_phoenix,near_+0.02,556675,3246,0.04850953862071038,0.14850953862071037,0.01,704,131469,644.1981,0.23616832083352046,BLOCK_SPANNED,0.038509538620710375,0.05850953862071038,76367,3090,18885,0.13718417388961243,6.85920869448062,0.13850953862071036,0.15850953862071038,3268,940,2748,0.005870570799838326,0.293528539991916,936,0
phoenix,29606,2023-09-25,9,14.439810661920154,pooled_extension_20260921_phoenix,near_+0.02,556675,3246,0.04850953862071038,0.14850953862071037,0.025,704,131469,644.1981,0.23616832083352046,BLOCK_SPANNED,0.023509538620710375,0.07350953862071039,207496,3188,49290,0.3727417254232721,7.45483450846544,0.12350953862071037,0.17350953862071036,11714,1742,8529,0.021042798760497597,0.42085597520995205,1741,0
phoenix,29606,2023-09-25,9,14.439810661920154,pooled_extension_20260921_phoenix,near_+0.02,556675,3246,0.04850953862071038,0.14850953862071037,0.05,704,131469,644.1981,0.23616832083352046,BLOCK_SPANNED,0,0.09850953862071038,507009,3244,104314,0.9107809763326896,9.245612040062985,0.09850953862071037,0.19850953862071036,49493,2568,26985,0.08890824987649885,0.8890824987649886,2566,0
phoenix,29606,2023-09-25,9,14.439810661920154,pooled_extension_20260921_phoenix,grid_00,556675,3246,0,0.1,0.01,694,130802,640.9298,0.2349701351776171,BLOCK_SPANNED,0,0.01,109691,2916,39285,0.19704675079714376,19.704675079714377,0.09000000000000001,0.11,33913,2616,6018,0.06092064490052544,3.046032245026274,2335,0
phoenix,29606,2023-09-25,9,14.439810661920154,pooled_extension_20260921_phoenix,grid_00,556675,3246,0,0.1,0.025,694,130802,640.9298,0.2349701351776171,BLOCK_SPANNED,0,0.025,260579,3172,75209,0.4680989805541833,18.72395922216733,0.07500000000000001,0.125,85310,2859,15025,0.15324920285624466,3.064984057124894,2796,0
phoenix,29606,2023-09-25,9,14.439810661920154,pooled_extension_20260921_phoenix,grid_00,556675,3246,0,0.1,0.05,694,130802,640.9298,0.2349701351776171,BLOCK_SPANNED,0,0.05,387196,3236,100783,0.6955512642026317,13.911025284052633,0.05,0.15000000000000002,167153,3054,29678,0.3002703552342031,3.0027035523420302,3044,0
phoenix,29606,2023-09-25,9,14.439810661920154,pooled_extension_20260921_phoenix,grid_01,556675,3246,0.1,0.2,0.01,103,19226,94.20739999999999,0.03453720752683343,BLOCK_SPANNED,0.09000000000000001,0.11,33913,2616,2349,0.06092064490052544,3.046032245026274,0.19,0.21000000000000002,132,109,77,0.0002371221987694795,0.011856109938473965,106,0
phoenix,29606,2023-09-25,9,14.439810661920154,pooled_extension_20260921_phoenix,grid_01,556675,3246,0.1,0.2,0.025,103,19226,94.20739999999999,0.03453720752683343,BLOCK_SPANNED,0.07500000000000001,0.125,85310,2859,5750,0.15324920285624466,3.064984057124894,0.17500000000000002,0.225,481,259,229,0.0008640589212736337,0.017281178425472676,258,0
phoenix,29606,2023-09-25,9,14.439810661920154,pooled_extension_20260921_phoenix,grid_01,556675,3246,0.1,0.2,0.05,103,19226,94.20739999999999,0.03453720752683343,BLOCK_SPANNED,0.05,0.15000000000000002,167153,3054,9899,0.3002703552342031,3.0027035523420302,0.15000000000000002,0.25,2301,659,686,0.004133471055822517,0.041334710558225185,659,0
phoenix,29606,2023-09-25,9,14.439810661920154,pooled_extension_20260921_phoenix,grid_02,556675,3246,0.2,0.3,0.01,7,1157,5.6693,0.002078411999820362,BLOCK_SPANNED,0.19,0.21000000000000002,132,109,5,0.0002371221987694795,0.011856109938473965,0.29,0.31,1,1,1,0.000001796380293708178,0.00008981901468540883,0,0
phoenix,29606,2023-09-25,9,14.439810661920154,pooled_extension_20260921_phoenix,grid_02,556675,3246,0.2,0.3,0.025,7,1157,5.6693,0.002078411999820362,BLOCK_SPANNED,0.17500000000000002,0.225,481,259,25,0.0008640589212736337,0.017281178425472676,0.27499999999999997,0.325,11,11,5,0.000019760183230789957,0.0003952036646157988,8,0
phoenix,29606,2023-09-25,9,14.439810661920154,pooled_extension_20260921_phoenix,grid_02,556675,3246,0.2,0.3,0.05,7,1157,5.6693,0.002078411999820362,BLOCK_SPANNED,0.15000000000000002,0.25,2301,659,49,0.004133471055822517,0.041334710558225185,0.25,0.35,24,19,10,0.000043113127048996275,0.00043113127048996286,18,0
phoenix,29606,2023-09-25,9,14.439810661920154,pooled_extension_20260921_phoenix,grid_03,556675,3246,0.3,0.4,0.01,0,0,0,0,NO_BLOCK_SPANS_BOTH_ENDPOINTS,0.29,0.31,1,1,0,0.000001796380293708178,0.00008981901468540883,0.39,0.41000000000000003,0,0,0,0,0,0,0
phoenix,29606,2023-09-25,9,14.439810661920154,pooled_extension_20260921_phoenix,grid_03,556675,3246,0.3,0.4,0.025,0,0,0,0,NO_BLOCK_SPANS_BOTH_ENDPOINTS,0.27499999999999997,0.325,11,11,0,0.000019760183230789957,0.0003952036646157988,0.375,0.42500000000000004,1,1,0,0.000001796380293708178,0.000035927605874163526,1,0
phoenix,29606,2023-09-25,9,14.439810661920154,pooled_extension_20260921_phoenix,grid_03,556675,3246,0.3,0.4,0.05,0,0,0,0,NO_BLOCK_SPANS_BOTH_ENDPOINTS,0.25,0.35,24,19,0,0.000043113127048996275,0.00043113127048996286,0.35000000000000003,0.45,1,1,0,0.000001796380293708178,0.000017963802937081783,1,0
phoenix,29606,2023-09-25,9,14.439810661920154,pooled_extension_20260921_phoenix,grid_04,556675,3246,0.4,0.5,0.01,0,0,0,0,NO_BLOCK_SPANS_BOTH_ENDPOINTS,0.39,0.41000000000000003,0,0,0,0,0,0.49,0.51,0,0,0,0,0,0,0
phoenix,29606,2023-09-25,9,14.439810661920154,pooled_extension_20260921_phoenix,grid_04,556675,3246,0.4,0.5,0.025,0,0,0,0,NO_BLOCK_SPANS_BOTH_ENDPOINTS,0.375,0.42500000000000004,1,1,0,0.000001796380293708178,0.000035927605874163526,0.475,0.525,0,0,0,0,0,0,0
phoenix,29606,2023-09-25,9,14.439810661920154,pooled_extension_20260921_phoenix,grid_04,556675,3246,0.4,0.5,0.05,0,0,0,0,NO_BLOCK_SPANS_BOTH_ENDPOINTS,0.35000000000000003,0.45,1,1,0,0.000001796380293708178,0.000017963802937081783,0.45,0.55,0,0,0,0,0,0,0
phoenix,29606,2023-09-25,9,14.439810661920154,pooled_extension_20260921_phoenix,grid_05,556675,3246,0.5,0.6,0.01,0,0,0,0,NO_BLOCK_SPANS_BOTH_ENDPOINTS,0.49,0.51,0,0,0,0,0,0.59,0.61,0,0,0,0,0,0,0
phoenix,29606,2023-09-25,9,14.439810661920154,pooled_extension_20260921_phoenix,grid_05,556675,3246,0.5,0.6,0.025,0,0,0,0,NO_BLOCK_SPANS_BOTH_ENDPOINTS,0.475,0.525,0,0,0,0,0,0.575,0.625,0,0,0,0,0,0,0
phoenix,29606,2023-09-25,9,14.439810661920154,pooled_extension_20260921_phoenix,grid_05,556675,3246,0.5,0.6,0.05,0,0,0,0,NO_BLOCK_SPANS_BOTH_ENDPOINTS,0.45,0.55,0,0,0,0,0,0.5499999999999999,0.65,0,0,0,0,0,0,0
phoenix,29606,2023-09-25,9,14.439810661920154,pooled_extension_20260921_phoenix,grid_06,556675,3246,0.6,0.7,0.01,0,0,0,0,NO_BLOCK_SPANS_BOTH_ENDPOINTS,0.59,0.61,0,0,0,0,0,0.69,0.71,0,0,0,0,0,0,0
phoenix,29606,2023-09-25,9,14.439810661920154,pooled_extension_20260921_phoenix,grid_06,556675,3246,0.6,0.7,0.025,0,0,0,0,NO_BLOCK_SPANS_BOTH_ENDPOINTS,0.575,0.625,0,0,0,0,0,0.6749999999999999,0.725,0,0,0,0,0,0,0
phoenix,29606,2023-09-25,9,14.439810661920154,pooled_extension_20260921_phoenix,grid_06,556675,3246,0.6,0.7,0.05,0,0,0,0,NO_BLOCK_SPANS_BOTH_ENDPOINTS,0.5499999999999999,0.65,0,0,0,0,0,0.6499999999999999,0.75,0,0,0,0,0,0,0
phoenix,29606,2023-09-25,9,14.439810661920154,pooled_extension_20260921_phoenix,grid_07,556675,3246,0.7,0.8,0.01,0,0,0,0,NO_BLOCK_SPANS_BOTH_ENDPOINTS,0.69,0.71,0,0,0,0,0,0.79,0.81,0,0,0,0,0,0,0
phoenix,29606,2023-09-25,9,14.439810661920154,pooled_extension_20260921_phoenix,grid_07,556675,3246,0.7,0.8,0.025,0,0,0,0,NO_BLOCK_SPANS_BOTH_ENDPOINTS,0.6749999999999999,0.725,0,0,0,0,0,0.775,0.8250000000000001,0,0,0,0,0,0,0
phoenix,29606,2023-09-25,9,14.439810661920154,pooled_extension_20260921_phoenix,grid_07,556675,3246,0.7,0.8,0.05,0,0,0,0,NO_BLOCK_SPANS_BOTH_ENDPOINTS,0.6499999999999999,0.75,0,0,0,0,0,0.75,0.8500000000000001,0,0,0,0,0,0,0
phoenix,29606,2023-09-25,9,14.439810661920154,pooled_extension_20260921_phoenix,grid_08,556675,3246,0.8,0.9,0.01,0,0,0,0,NO_BLOCK_SPANS_BOTH_ENDPOINTS,0.79,0.81,0,0,0,0,0,0.89,0.91,0,0,0,0,0,0,0
phoenix,29606,2023-09-25,9,14.439810661920154,pooled_extension_20260921_phoenix,grid_08,556675,3246,0.8,0.9,0.025,0,0,0,0,NO_BLOCK_SPANS_BOTH_ENDPOINTS,0.775,0.8250000000000001,0,0,0,0,0,0.875,0.925,0,0,0,0,0,0,0
phoenix,29606,2023-09-25,9,14.439810661920154,pooled_extension_20260921_phoenix,grid_08,556675,3246,0.8,0.9,0.05,0,0,0,0,NO_BLOCK_SPANS_BOTH_ENDPOINTS,0.75,0.8500000000000001,0,0,0,0,0,0.85,0.9500000000000001,0,0,0,0,0,0,0
phoenix,29606,2023-09-25,9,14.439810661920154,pooled_extension_20260921_phoenix,grid_09,556675,3246,0.9,1,0.01,0,0,0,0,NO_BLOCK_SPANS_BOTH_ENDPOINTS,0.89,0.91,0,0,0,0,0,0.99,1,0,0,0,0,0,0,0
phoenix,29606,2023-09-25,9,14.439810661920154,pooled_extension_20260921_phoenix,grid_09,556675,3246,0.9,1,0.025,0,0,0,0,NO_BLOCK_SPANS_BOTH_ENDPOINTS,0.875,0.925,0,0,0,0,0,0.975,1,0,0,0,0,0,0,0
phoenix,29606,2023-09-25,9,14.439810661920154,pooled_extension_20260921_phoenix,grid_09,556675,3246,0.9,1,0.05,0,0,0,0,NO_BLOCK_SPANS_BOTH_ENDPOINTS,0.85,0.9500000000000001,0,0,0,0,0,0.95,1,0,0,0,0,0,0,0
