scenario_id,city,amplitude_K_per_10pp,day_SD_K_per_10pp,spatial_correlation_fraction,profile,phase,label,method,datasets_requested,estimable,failed,population_target_coverage,coverage_MCSE,fixed_dates_target_coverage,mean_width,bias,bias_MCSE,day_variance_df,zero_day_variance_fraction,bootstrap_requested,bootstrap_estimable,target_outside_resampled_range_fraction
1,phoenix,-0.3,0.0,0,linear,production,SYNTHETIC_DATA,fixed_date_spatial_only,2000,2000,0,0.9415,0.0052477495176503994,0.9415,0.17583110006862251,0.0006793200752059847,0.0010192485228995637,,,,,
1,phoenix,-0.3,0.0,0,linear,production,SYNTHETIC_DATA,moment_separated_t,2000,2000,0,0.989,0.0023322735688593665,0.989,0.24689016204451855,0.0006793200752059847,0.0010192485228995637,6.0,0.603,,,
1,phoenix,-0.3,0.0,0,linear,production,SYNTHETIC_DATA,double_spatial_noise_negative_control,2000,2000,0,1.0,0.0,1.0,0.3316642811239251,0.0006793200752059847,0.0010192485228995637,,,,,
1,phoenix,-0.3,0.0,0,linear,production,SYNTHETIC_DATA,oracle_known_variance,2000,2000,0,0.9415,0.0052477495176503994,0.9415,0.17583110006862251,0.0006793200752059847,0.0010192485228995637,,,,,
1,phoenix,-0.3,0.0,0,linear,production,SYNTHETIC_DATA,existing_day_slope_bootstrap,2000,2000,0,0.9315,0.0056483515294287415,0.9315,0.1685781398498961,0.0005551977881493044,0.0008727560669866938,,,499.0,499.0,0.4649298597194389
1,phoenix,-0.3,0.0,0,linear,production,SYNTHETIC_DATA,stratified_window_day_bootstrap,2000,2000,0,0.304,0.010285523807760107,0.304,0.03614323864436648,0.0006793200752059847,0.0010192485228995637,,,499.0,499.0,0.0
2,phoenix,-0.3,0.0,0,season_offsets,production,SYNTHETIC_DATA,fixed_date_spatial_only,2000,2000,0,0.958,0.00448530935387962,0.958,0.17583110006862251,8.246272537184057e-05,0.0009874813218530112,,,,,
2,phoenix,-0.3,0.0,0,season_offsets,production,SYNTHETIC_DATA,moment_separated_t,2000,2000,0,0.996,0.0014113823011501884,0.996,0.24857007297790953,8.246272537184057e-05,0.0009874813218530112,6.0,0.5915,,,
2,phoenix,-0.3,0.0,0,season_offsets,production,SYNTHETIC_DATA,double_spatial_noise_negative_control,2000,2000,0,1.0,0.0,1.0,0.3329810330250557,8.246272537184057e-05,0.0009874813218530112,,,,,
2,phoenix,-0.3,0.0,0,season_offsets,production,SYNTHETIC_DATA,oracle_known_variance,2000,2000,0,0.958,0.00448530935387962,0.958,0.17583110006862251,8.246272537184057e-05,0.0009874813218530112,,,,,
2,phoenix,-0.3,0.0,0,season_offsets,production,SYNTHETIC_DATA,existing_day_slope_bootstrap,2000,2000,0,1.0,0.0,1.0,0.6227781596407003,0.06626723039944893,0.0008554838336685438,,,499.0,499.0,0.4649298597194389
2,phoenix,-0.3,0.0,0,season_offsets,production,SYNTHETIC_DATA,stratified_window_day_bootstrap,2000,2000,0,0.297,0.010217411609600545,0.297,0.037113039934022624,8.246272537184057e-05,0.0009874813218530112,,,499.0,499.0,0.0
3,phoenix,-0.3,0.0,0,curved_time,production,SYNTHETIC_DATA,fixed_date_spatial_only,2000,2000,0,0.954,0.0046842288586276416,0.954,0.17583110006862251,0.00027322104319447705,0.0009938702850424805,,,,,
3,phoenix,-0.3,0.0,0,curved_time,production,SYNTHETIC_DATA,moment_separated_t,2000,2000,0,1.0,0.0,1.0,0.5381203168182578,0.00027322104319447705,0.0009938702850424805,6.0,0.0005,,,
3,phoenix,-0.3,0.0,0,curved_time,production,SYNTHETIC_DATA,double_spatial_noise_negative_control,2000,2000,0,1.0,0.0,1.0,0.5825580032481146,0.00027322104319447705,0.0009938702850424805,,,,,
3,phoenix,-0.3,0.0,0,curved_time,production,SYNTHETIC_DATA,oracle_known_variance,2000,2000,0,0.954,0.0046842288586276416,0.954,0.17583110006862251,0.00027322104319447705,0.0009938702850424805,,,,,
3,phoenix,-0.3,0.0,0,curved_time,production,SYNTHETIC_DATA,existing_day_slope_bootstrap,2000,2000,0,1.0,0.0,1.0,0.5672073691900346,-0.030965733946344044,0.0008538758459134287,,,499.0,499.0,0.4649298597194389
3,phoenix,-0.3,0.0,0,curved_time,production,SYNTHETIC_DATA,stratified_window_day_bootstrap,2000,2000,0,0.66,0.010592450141492288,0.66,0.09079204019676189,0.00027322104319447705,0.0009938702850424805,,,499.0,499.0,0.0
4,phoenix,-0.3,0.0,0,month_slope,production,SYNTHETIC_DATA,fixed_date_spatial_only,2000,2000,0,0.9475,0.004987171041783106,0.9475,0.17583110006862251,0.0024486223280884836,0.0010218945361573045,,,,,
4,phoenix,-0.3,0.0,0,month_slope,production,SYNTHETIC_DATA,moment_separated_t,2000,2000,0,1.0,0.0,1.0,0.5366747822171498,0.0024486223280884836,0.0010218945361573045,6.0,0.0,,,
4,phoenix,-0.3,0.0,0,month_slope,production,SYNTHETIC_DATA,double_spatial_noise_negative_control,2000,2000,0,1.0,0.0,1.0,0.5809451638317933,0.0024486223280884836,0.0010218945361573045,,,,,
4,phoenix,-0.3,0.0,0,month_slope,production,SYNTHETIC_DATA,oracle_known_variance,2000,2000,0,0.9475,0.004987171041783106,0.9475,0.17583110006862251,0.0024486223280884836,0.0010218945361573045,,,,,
4,phoenix,-0.3,0.0,0,month_slope,production,SYNTHETIC_DATA,existing_day_slope_bootstrap,2000,2000,0,0.99,0.0022248595461287,0.99,0.4486185083771164,0.10841593924967406,0.0008903253359684076,,,499.0,499.0,0.4649298597194389
4,phoenix,-0.3,0.0,0,month_slope,production,SYNTHETIC_DATA,stratified_window_day_bootstrap,2000,2000,0,0.2365,0.009501782727467515,0.2365,0.03022356988642022,0.0024486223280884836,0.0010218945361573045,,,499.0,499.0,0.0
5,phoenix,-0.3,0.0,0,heterogeneous_day,production,SYNTHETIC_DATA,fixed_date_spatial_only,2000,2000,0,0.9485,0.004942051699446293,0.9485,0.17583110006862251,-0.0016025450201708675,0.0010199109240948006,,,,,
5,phoenix,-0.3,0.0,0,heterogeneous_day,production,SYNTHETIC_DATA,moment_separated_t,2000,2000,0,0.9915,0.0020527725154044657,0.9915,0.24881894447986894,-0.0016025450201708675,0.0010199109240948006,6.0,0.5805,,,
5,phoenix,-0.3,0.0,0,heterogeneous_day,production,SYNTHETIC_DATA,double_spatial_noise_negative_control,2000,2000,0,0.999,0.0007067531393633852,0.999,0.33316473856198625,-0.0016025450201708675,0.0010199109240948006,,,,,
5,phoenix,-0.3,0.0,0,heterogeneous_day,production,SYNTHETIC_DATA,oracle_known_variance,2000,2000,0,0.9485,0.004942051699446293,0.9485,0.17583110006862251,-0.0016025450201708675,0.0010199109240948006,,,,,
5,phoenix,-0.3,0.0,0,heterogeneous_day,production,SYNTHETIC_DATA,existing_day_slope_bootstrap,2000,2000,0,0.9245,0.005907611615534657,0.9245,0.17129850750560485,-0.0012867183585969445,0.0008877791910303709,,,499.0,499.0,0.4649298597194389
5,phoenix,-0.3,0.0,0,heterogeneous_day,production,SYNTHETIC_DATA,stratified_window_day_bootstrap,2000,2000,0,0.293,0.010177204920802175,0.293,0.03676002988096307,-0.0016025450201708675,0.0010199109240948006,,,499.0,499.0,0.0
6,phoenix,-0.3,0.0,0,serial_days,production,SYNTHETIC_DATA,fixed_date_spatial_only,2000,2000,0,0.95,0.004873397172404485,0.95,0.17583110006862251,0.0018659493562346748,0.001015381572019173,,,,,
6,phoenix,-0.3,0.0,0,serial_days,production,SYNTHETIC_DATA,moment_separated_t,2000,2000,0,0.9885,0.0023840878758971907,0.9885,0.24600781792197787,0.0018659493562346748,0.001015381572019173,6.0,0.5985,,,
6,phoenix,-0.3,0.0,0,serial_days,production,SYNTHETIC_DATA,double_spatial_noise_negative_control,2000,2000,0,1.0,0.0,1.0,0.33094789756724385,0.0018659493562346748,0.001015381572019173,,,,,
6,phoenix,-0.3,0.0,0,serial_days,production,SYNTHETIC_DATA,oracle_known_variance,2000,2000,0,0.95,0.004873397172404485,0.95,0.17583110006862251,0.0018659493562346748,0.001015381572019173,,,,,
6,phoenix,-0.3,0.0,0,serial_days,production,SYNTHETIC_DATA,existing_day_slope_bootstrap,2000,2000,0,0.9185,0.006117914268768402,0.9185,0.16705963758515127,0.0007134728954837914,0.0008855187428669249,,,499.0,499.0,0.4649298597194389
6,phoenix,-0.3,0.0,0,serial_days,production,SYNTHETIC_DATA,stratified_window_day_bootstrap,2000,2000,0,0.2985,0.010232246820713425,0.2985,0.03675529956242251,0.0018659493562346748,0.001015381572019173,,,499.0,499.0,0.0
7,phoenix,-0.3,0.0,1,linear,production,SYNTHETIC_DATA,fixed_date_spatial_only,2000,2000,0,0.9475,0.004987171041783106,0.9475,0.13211621980258162,0.0011005174466486153,0.0007580450978091133,,,,,
7,phoenix,-0.3,0.0,1,linear,production,SYNTHETIC_DATA,moment_separated_t,2000,2000,0,0.9905,0.0021690723823791537,0.9905,0.18107367633754928,0.0011005174466486153,0.0007580450978091133,6.0,0.637,,,
7,phoenix,-0.3,0.0,1,linear,production,SYNTHETIC_DATA,double_spatial_noise_negative_control,2000,2000,0,1.0,0.0,1.0,0.2456813220701045,0.0011005174466486153,0.0007580450978091133,,,,,
7,phoenix,-0.3,0.0,1,linear,production,SYNTHETIC_DATA,oracle_known_variance,2000,2000,0,0.9475,0.004987171041783106,0.9475,0.13211621980258162,0.0011005174466486153,0.0007580450978091133,,,,,
7,phoenix,-0.3,0.0,1,linear,production,SYNTHETIC_DATA,existing_day_slope_bootstrap,2000,2000,0,0.865,0.007641171376170017,0.865,0.10304141604490001,0.0002837428720051686,0.0006598226346174263,,,499.0,499.0,0.4649298597194389
7,phoenix,-0.3,0.0,1,linear,production,SYNTHETIC_DATA,stratified_window_day_bootstrap,2000,2000,0,0.307,0.010313849911647929,0.307,0.028844801176459763,0.0011005174466486153,0.0007580450978091133,,,499.0,499.0,0.0
8,phoenix,-0.3,0.0,1,season_offsets,production,SYNTHETIC_DATA,fixed_date_spatial_only,2000,2000,0,0.963,0.004220841148396847,0.963,0.13211621980258162,-0.0005840081325417579,0.0007258406043499403,,,,,
8,phoenix,-0.3,0.0,1,season_offsets,production,SYNTHETIC_DATA,moment_separated_t,2000,2000,0,0.9905,0.0021690723823791537,0.9905,0.1804434831395855,-0.0005840081325417579,0.0007258406043499403,6.0,0.636,,,
8,phoenix,-0.3,0.0,1,season_offsets,production,SYNTHETIC_DATA,double_spatial_noise_negative_control,2000,2000,0,1.0,0.0,1.0,0.2451773142654214,-0.0005840081325417579,0.0007258406043499403,,,,,
8,phoenix,-0.3,0.0,1,season_offsets,production,SYNTHETIC_DATA,oracle_known_variance,2000,2000,0,0.963,0.004220841148396847,0.963,0.13211621980258162,-0.0005840081325417579,0.0007258406043499403,,,,,
8,phoenix,-0.3,0.0,1,season_offsets,production,SYNTHETIC_DATA,existing_day_slope_bootstrap,2000,2000,0,1.0,0.0,1.0,0.6084917538772192,0.06565861189671336,0.0006364639078233457,,,499.0,499.0,0.4649298597194389
8,phoenix,-0.3,0.0,1,season_offsets,production,SYNTHETIC_DATA,stratified_window_day_bootstrap,2000,2000,0,0.3485,0.010654758326682027,0.3485,0.029461772959500317,-0.0005840081325417579,0.0007258406043499403,,,499.0,499.0,0.0
9,phoenix,-0.3,0.0,1,curved_time,production,SYNTHETIC_DATA,fixed_date_spatial_only,2000,2000,0,0.954,0.0046842288586276416,0.954,0.13211621980258162,0.000416507520636393,0.0007441669258659476,,,,,
9,phoenix,-0.3,0.0,1,curved_time,production,SYNTHETIC_DATA,moment_separated_t,2000,2000,0,1.0,0.0,1.0,0.5253345178197634,0.000416507520636393,0.0007441669258659476,6.0,0.0,,,
9,phoenix,-0.3,0.0,1,curved_time,production,SYNTHETIC_DATA,double_spatial_noise_negative_control,2000,2000,0,1.0,0.0,1.0,0.5511122212549476,0.000416507520636393,0.0007441669258659476,,,,,
9,phoenix,-0.3,0.0,1,curved_time,production,SYNTHETIC_DATA,oracle_known_variance,2000,2000,0,0.954,0.0046842288586276416,0.954,0.13211621980258162,0.000416507520636393,0.0007441669258659476,,,,,
9,phoenix,-0.3,0.0,1,curved_time,production,SYNTHETIC_DATA,existing_day_slope_bootstrap,2000,2000,0,1.0,0.0,1.0,0.5722593839879891,-0.03055002710736953,0.0006466665712279015,,,499.0,499.0,0.4649298597194389
9,phoenix,-0.3,0.0,1,curved_time,production,SYNTHETIC_DATA,stratified_window_day_bootstrap,2000,2000,0,0.818,0.008627745939699432,0.818,0.09108696777410007,0.000416507520636393,0.0007441669258659476,,,499.0,499.0,0.0
10,phoenix,-0.3,0.0,1,month_slope,production,SYNTHETIC_DATA,fixed_date_spatial_only,2000,2000,0,0.9485,0.004942051699446293,0.9485,0.13211621980258162,0.0007138954908659443,0.0007554033839983434,,,,,
10,phoenix,-0.3,0.0,1,month_slope,production,SYNTHETIC_DATA,moment_separated_t,2000,2000,0,1.0,0.0,1.0,0.5201031528802053,0.0007138954908659443,0.0007554033839983434,6.0,0.0,,,
10,phoenix,-0.3,0.0,1,month_slope,production,SYNTHETIC_DATA,double_spatial_noise_negative_control,2000,2000,0,1.0,0.0,1.0,0.5457895544320983,0.0007138954908659443,0.0007554033839983434,,,,,
10,phoenix,-0.3,0.0,1,month_slope,production,SYNTHETIC_DATA,oracle_known_variance,2000,2000,0,0.9485,0.004942051699446293,0.9485,0.13211621980258162,0.0007138954908659443,0.0007554033839983434,,,,,
10,phoenix,-0.3,0.0,1,month_slope,production,SYNTHETIC_DATA,existing_day_slope_bootstrap,2000,2000,0,1.0,0.0,1.0,0.43215762060495877,0.1065158594192975,0.0006506493063565228,,,499.0,499.0,0.4649298597194389
10,phoenix,-0.3,0.0,1,month_slope,production,SYNTHETIC_DATA,stratified_window_day_bootstrap,2000,2000,0,0.192,0.008807269724494646,0.192,0.017005059546036507,0.0007138954908659443,0.0007554033839983434,,,499.0,499.0,0.0
11,phoenix,-0.3,0.0,1,heterogeneous_day,production,SYNTHETIC_DATA,fixed_date_spatial_only,2000,2000,0,0.9465,0.005031786462082825,0.9465,0.13211621980258162,-0.0006783731665514554,0.0007521523181047592,,,,,
11,phoenix,-0.3,0.0,1,heterogeneous_day,production,SYNTHETIC_DATA,moment_separated_t,2000,2000,0,0.9875,0.0024843258642939696,0.9875,0.18101679851788316,-0.0006783731665514554,0.0007521523181047592,6.0,0.6195,,,
11,phoenix,-0.3,0.0,1,heterogeneous_day,production,SYNTHETIC_DATA,double_spatial_noise_negative_control,2000,2000,0,0.998,0.0009989994994993746,0.998,0.24561086839673188,-0.0006783731665514554,0.0007521523181047592,,,,,
11,phoenix,-0.3,0.0,1,heterogeneous_day,production,SYNTHETIC_DATA,oracle_known_variance,2000,2000,0,0.9465,0.005031786462082825,0.9465,0.13211621980258162,-0.0006783731665514554,0.0007521523181047592,,,,,
11,phoenix,-0.3,0.0,1,heterogeneous_day,production,SYNTHETIC_DATA,existing_day_slope_bootstrap,2000,2000,0,0.8785,0.007305400399704318,0.8785,0.10484766852906513,-0.0007671640277578716,0.0006414518259432207,,,499.0,499.0,0.4649298597194389
11,phoenix,-0.3,0.0,1,heterogeneous_day,production,SYNTHETIC_DATA,stratified_window_day_bootstrap,2000,2000,0,0.3415,0.010603719866160178,0.3415,0.0290514514676238,-0.0006783731665514554,0.0007521523181047592,,,499.0,499.0,0.0
12,phoenix,-0.3,0.0,1,serial_days,production,SYNTHETIC_DATA,fixed_date_spatial_only,2000,2000,0,0.9595,0.004407933189148855,0.9595,0.13211621980258162,-0.0006574389526127178,0.0007457512525624561,,,,,
12,phoenix,-0.3,0.0,1,serial_days,production,SYNTHETIC_DATA,moment_separated_t,2000,2000,0,0.9915,0.0020527725154044657,0.9915,0.17979172312900335,-0.0006574389526127178,0.0007457512525624561,6.0,0.6235,,,
12,phoenix,-0.3,0.0,1,serial_days,production,SYNTHETIC_DATA,double_spatial_noise_negative_control,2000,2000,0,1.0,0.0,1.0,0.2446324341102557,-0.0006574389526127178,0.0007457512525624561,,,,,
12,phoenix,-0.3,0.0,1,serial_days,production,SYNTHETIC_DATA,oracle_known_variance,2000,2000,0,0.9595,0.004407933189148855,0.9595,0.13211621980258162,-0.0006574389526127178,0.0007457512525624561,,,,,
12,phoenix,-0.3,0.0,1,serial_days,production,SYNTHETIC_DATA,existing_day_slope_bootstrap,2000,2000,0,0.879,0.007292427579345577,0.879,0.10487326643644654,-0.000756237744558009,0.000639885434060164,,,499.0,499.0,0.4649298597194389
12,phoenix,-0.3,0.0,1,serial_days,production,SYNTHETIC_DATA,stratified_window_day_bootstrap,2000,2000,0,0.3195,0.010426402783318895,0.3195,0.02946071779778492,-0.0006574389526127178,0.0007457512525624561,,,499.0,499.0,0.0
13,phoenix,-0.3,0.05,0,linear,production,SYNTHETIC_DATA,fixed_date_spatial_only,2000,2000,0,0.8405,0.008187177474563502,0.9595,0.17583110006862251,0.00035710931725813663,0.0013988672064513166,,,,,
13,phoenix,-0.3,0.05,0,linear,production,SYNTHETIC_DATA,moment_separated_t,2000,2000,0,0.971,0.0037522659820433853,0.9965,0.31466044368950336,0.00035710931725813663,0.0013988672064513166,6.0,0.232,,,
13,phoenix,-0.3,0.05,0,linear,production,SYNTHETIC_DATA,double_spatial_noise_negative_control,2000,2000,0,0.9965,0.0013205585939290896,1.0,0.38686619256787963,0.00035710931725813663,0.0013988672064513166,,,,,
13,phoenix,-0.3,0.05,0,linear,production,SYNTHETIC_DATA,oracle_known_variance,2000,2000,0,0.9545,0.004659922209651143,0.9985,0.25402625933634404,0.00035710931725813663,0.0013988672064513166,,,,,
13,phoenix,-0.3,0.05,0,linear,production,SYNTHETIC_DATA,existing_day_slope_bootstrap,2000,2000,0,0.9335,0.005571254347092763,0.9605,0.23608617713317057,0.0002558944823843574,0.0012130493169292367,,,499.0,499.0,0.4649298597194389
13,phoenix,-0.3,0.05,0,linear,production,SYNTHETIC_DATA,stratified_window_day_bootstrap,2000,2000,0,0.2795,0.010034434463386564,0.384,0.04731453437331862,0.00035710931725813663,0.0013988672064513166,,,499.0,499.0,0.0
14,phoenix,-0.3,0.05,0,season_offsets,production,SYNTHETIC_DATA,fixed_date_spatial_only,2000,2000,0,0.8265,0.008467518821945422,0.9465,0.17583110006862251,-0.0018125844678194831,0.0014485442113390038,,,,,
14,phoenix,-0.3,0.05,0,season_offsets,production,SYNTHETIC_DATA,moment_separated_t,2000,2000,0,0.9655,0.00408103847078167,0.995,0.3133514833206936,-0.0018125844678194831,0.0014485442113390038,6.0,0.24,,,
14,phoenix,-0.3,0.05,0,season_offsets,production,SYNTHETIC_DATA,double_spatial_noise_negative_control,2000,2000,0,0.996,0.0014113823011501884,1.0,0.3858541217820129,-0.0018125844678194831,0.0014485442113390038,,,,,
14,phoenix,-0.3,0.05,0,season_offsets,production,SYNTHETIC_DATA,oracle_known_variance,2000,2000,0,0.9475,0.004987171041783106,0.996,0.25402625933634404,-0.0018125844678194831,0.0014485442113390038,,,,,
14,phoenix,-0.3,0.05,0,season_offsets,production,SYNTHETIC_DATA,existing_day_slope_bootstrap,2000,2000,0,0.9995,0.000499874984371065,1.0,0.6346975406703607,0.06547293152800193,0.0012182625228045019,,,499.0,499.0,0.4649298597194389
14,phoenix,-0.3,0.05,0,season_offsets,production,SYNTHETIC_DATA,stratified_window_day_bootstrap,2000,2000,0,0.2435,0.009597076377730876,0.341,0.04375680859362233,-0.0018125844678194831,0.0014485442113390038,,,499.0,499.0,0.0
15,phoenix,-0.3,0.05,0,curved_time,production,SYNTHETIC_DATA,fixed_date_spatial_only,2000,2000,0,0.8175,0.008636948245763661,0.938,0.17583110006862251,-0.0009480442115512317,0.0014604925537344273,,,,,
15,phoenix,-0.3,0.05,0,curved_time,production,SYNTHETIC_DATA,moment_separated_t,2000,2000,0,1.0,0.0,1.0,0.5812463919558174,-0.0009480442115512317,0.0014604925537344273,6.0,0.002,,,
15,phoenix,-0.3,0.05,0,curved_time,production,SYNTHETIC_DATA,double_spatial_noise_negative_control,2000,2000,0,1.0,0.0,1.0,0.6231549214376858,-0.0009480442115512317,0.0014604925537344273,,,,,
15,phoenix,-0.3,0.05,0,curved_time,production,SYNTHETIC_DATA,oracle_known_variance,2000,2000,0,0.9495,0.0048964145045124596,0.9955,0.25402625933634404,-0.0009480442115512317,0.0014604925537344273,,,,,
15,phoenix,-0.3,0.05,0,curved_time,production,SYNTHETIC_DATA,existing_day_slope_bootstrap,2000,2000,0,0.9995,0.000499874984371065,1.0,0.5733993701534525,-0.031978662460854776,0.0012463898825640662,,,499.0,499.0,0.4649298597194389
15,phoenix,-0.3,0.05,0,curved_time,production,SYNTHETIC_DATA,stratified_window_day_bootstrap,2000,2000,0,0.492,0.011178908712392278,0.6305,0.09173825495870123,-0.0009480442115512317,0.0014604925537344273,,,499.0,499.0,0.0
16,phoenix,-0.3,0.05,0,month_slope,production,SYNTHETIC_DATA,fixed_date_spatial_only,2000,2000,0,0.8245,0.008505872971071223,0.951,0.17583110006862251,0.001827149186894982,0.001441671738072202,,,,,
16,phoenix,-0.3,0.05,0,month_slope,production,SYNTHETIC_DATA,moment_separated_t,2000,2000,0,0.9995,0.000499874984371065,1.0,0.5724437023815521,0.001827149186894982,0.001441671738072202,6.0,0.0025,,,
16,phoenix,-0.3,0.05,0,month_slope,production,SYNTHETIC_DATA,double_spatial_noise_negative_control,2000,2000,0,0.9995,0.000499874984371065,1.0,0.6149057951865009,0.001827149186894982,0.001441671738072202,,,,,
16,phoenix,-0.3,0.05,0,month_slope,production,SYNTHETIC_DATA,oracle_known_variance,2000,2000,0,0.951,0.004826955562256609,0.994,0.25402625933634404,0.001827149186894982,0.001441671738072202,,,,,
16,phoenix,-0.3,0.05,0,month_slope,production,SYNTHETIC_DATA,existing_day_slope_bootstrap,2000,2000,0,0.961,0.004328914413568374,0.99,0.4720438306892629,0.10790208900952722,0.0012441001636051305,,,499.0,499.0,0.4649298597194389
16,phoenix,-0.3,0.05,0,month_slope,production,SYNTHETIC_DATA,stratified_window_day_bootstrap,2000,2000,0,0.233,0.009452803816857726,0.3425,0.04144354681308639,0.001827149186894982,0.001441671738072202,,,499.0,499.0,0.0
17,phoenix,-0.3,0.05,0,heterogeneous_day,production,SYNTHETIC_DATA,fixed_date_spatial_only,2000,2000,0,0.6875,0.010364452469860624,0.9495,0.17583110006862251,0.0012236259897652312,0.001955858173141136,,,,,
17,phoenix,-0.3,0.05,0,heterogeneous_day,production,SYNTHETIC_DATA,moment_separated_t,2000,2000,0,0.926,0.005853375094763702,0.996,0.34786531401995247,0.0012236259897652312,0.001955858173141136,6.0,0.164,,,
17,phoenix,-0.3,0.05,0,heterogeneous_day,production,SYNTHETIC_DATA,double_spatial_noise_negative_control,2000,2000,0,0.9755,0.0034568591235397466,1.0,0.41506239737773515,0.0012236259897652312,0.001955858173141136,,,,,
17,phoenix,-0.3,0.05,0,heterogeneous_day,production,SYNTHETIC_DATA,oracle_known_variance,2000,2000,0,0.953,0.004732388403332932,0.9995,0.3495013916178697,0.0012236259897652312,0.001955858173141136,,,,,
17,phoenix,-0.3,0.05,0,heterogeneous_day,production,SYNTHETIC_DATA,existing_day_slope_bootstrap,2000,2000,0,0.9155,0.006219314672855845,0.9735,0.26702676527710933,-0.00047674806531028266,0.0014455878516485476,,,499.0,499.0,0.4649298597194389
17,phoenix,-0.3,0.05,0,heterogeneous_day,production,SYNTHETIC_DATA,stratified_window_day_bootstrap,2000,2000,0,0.2005,0.008952646256833787,0.3645,0.04744875167285248,0.0012236259897652312,0.001955858173141136,,,499.0,499.0,0.0
18,phoenix,-0.3,0.05,0,serial_days,production,SYNTHETIC_DATA,fixed_date_spatial_only,2000,2000,0,0.883,0.007187176079657434,0.948,0.17583110006862251,0.0004862043678221,0.0012621331160923809,,,,,
18,phoenix,-0.3,0.05,0,serial_days,production,SYNTHETIC_DATA,moment_separated_t,2000,2000,0,0.9725,0.003656757443418962,0.9925,0.2723277702746632,0.0004862043678221,0.0012621331160923809,6.0,0.394,,,
18,phoenix,-0.3,0.05,0,serial_days,production,SYNTHETIC_DATA,double_spatial_noise_negative_control,2000,2000,0,0.9965,0.0013205585939290896,0.9995,0.3518679061443564,0.0004862043678221,0.0012621331160923809,,,,,
18,phoenix,-0.3,0.05,0,serial_days,production,SYNTHETIC_DATA,oracle_known_variance,2000,2000,0,0.945,0.005097793640389931,0.983,0.22033322426236748,0.0004862043678221,0.0012621331160923809,,,,,
18,phoenix,-0.3,0.05,0,serial_days,production,SYNTHETIC_DATA,existing_day_slope_bootstrap,2000,2000,0,0.9305,0.005686376262612245,0.956,0.22130354430679358,-8.950049756184885e-05,0.001147162613868512,,,499.0,499.0,0.4649298597194389
18,phoenix,-0.3,0.05,0,serial_days,production,SYNTHETIC_DATA,stratified_window_day_bootstrap,2000,2000,0,0.287,0.010115112456122274,0.3565,0.04368580954950535,0.0004862043678221,0.0012621331160923809,,,499.0,499.0,0.0
19,phoenix,-0.3,0.05,1,linear,production,SYNTHETIC_DATA,fixed_date_spatial_only,2000,2000,0,0.7355,0.00986254911267873,0.9515,0.13211621980258162,0.0009066753075668137,0.0013114609347316217,,,,,
19,phoenix,-0.3,0.05,1,linear,production,SYNTHETIC_DATA,moment_separated_t,2000,2000,0,0.957,0.004536022486716751,0.998,0.2746595858162558,0.0009066753075668137,0.0013114609347316217,6.0,0.073,,,
19,phoenix,-0.3,0.05,1,linear,production,SYNTHETIC_DATA,double_spatial_noise_negative_control,2000,2000,0,0.99,0.0022248595461287,1.0,0.3226700836967524,0.0009066753075668137,0.0013114609347316217,,,,,
19,phoenix,-0.3,0.05,1,linear,production,SYNTHETIC_DATA,oracle_known_variance,2000,2000,0,0.9435,0.005162739098579358,1.0,0.22598110588276552,0.0009066753075668137,0.0013114609347316217,,,,,
19,phoenix,-0.3,0.05,1,linear,production,SYNTHETIC_DATA,existing_day_slope_bootstrap,2000,2000,0,0.9025,0.006633014020790248,0.965,0.19293493638188428,0.000989976238443748,0.0011156039577220295,,,499.0,499.0,0.4649298597194389
19,phoenix,-0.3,0.05,1,linear,production,SYNTHETIC_DATA,stratified_window_day_bootstrap,2000,2000,0,0.264,0.009856571412007322,0.3885,0.03828119877709648,0.0009066753075668137,0.0013114609347316217,,,499.0,499.0,0.0
20,phoenix,-0.3,0.05,1,season_offsets,production,SYNTHETIC_DATA,fixed_date_spatial_only,2000,2000,0,0.763,0.009508706536643142,0.953,0.13211621980258162,0.002240703643003661,0.0012724529289828616,,,,,
20,phoenix,-0.3,0.05,1,season_offsets,production,SYNTHETIC_DATA,moment_separated_t,2000,2000,0,0.965,0.00410944035119139,0.9995,0.27323171285056597,0.002240703643003661,0.0012724529289828616,6.0,0.0715,,,
20,phoenix,-0.3,0.05,1,season_offsets,production,SYNTHETIC_DATA,double_spatial_noise_negative_control,2000,2000,0,0.9915,0.0020527725154044657,1.0,0.32148381808898024,0.002240703643003661,0.0012724529289828616,,,,,
20,phoenix,-0.3,0.05,1,season_offsets,production,SYNTHETIC_DATA,oracle_known_variance,2000,2000,0,0.953,0.004732388403332932,0.999,0.22598110588276552,0.002240703643003661,0.0012724529289828616,,,,,
20,phoenix,-0.3,0.05,1,season_offsets,production,SYNTHETIC_DATA,existing_day_slope_bootstrap,2000,2000,0,1.0,0.0,1.0,0.6277868555342837,0.06731202987617349,0.0010627993317005654,,,499.0,499.0,0.4649298597194389
20,phoenix,-0.3,0.05,1,season_offsets,production,SYNTHETIC_DATA,stratified_window_day_bootstrap,2000,2000,0,0.271,0.009938787652425219,0.4125,0.039343315371102465,0.002240703643003661,0.0012724529289828616,,,499.0,499.0,0.0
21,phoenix,-0.3,0.05,1,curved_time,production,SYNTHETIC_DATA,fixed_date_spatial_only,2000,2000,0,0.744,0.00975868843646522,0.9465,0.13211621980258162,0.0015654096383789509,0.00128323332611396,,,,,
21,phoenix,-0.3,0.05,1,curved_time,production,SYNTHETIC_DATA,moment_separated_t,2000,2000,0,1.0,0.0,1.0,0.5685433057914776,0.0015654096383789509,0.00128323332611396,6.0,0.0,,,
21,phoenix,-0.3,0.05,1,curved_time,production,SYNTHETIC_DATA,double_spatial_noise_negative_control,2000,2000,0,1.0,0.0,1.0,0.592934437646162,0.0015654096383789509,0.00128323332611396,,,,,
21,phoenix,-0.3,0.05,1,curved_time,production,SYNTHETIC_DATA,oracle_known_variance,2000,2000,0,0.954,0.0046842288586276416,0.9975,0.22598110588276552,0.0015654096383789509,0.00128323332611396,,,,,
21,phoenix,-0.3,0.05,1,curved_time,production,SYNTHETIC_DATA,existing_day_slope_bootstrap,2000,2000,0,0.9995,0.000499874984371065,1.0,0.5743800507351422,-0.02940845176773109,0.0010943021684704853,,,499.0,499.0,0.4649298597194389
21,phoenix,-0.3,0.05,1,curved_time,production,SYNTHETIC_DATA,stratified_window_day_bootstrap,2000,2000,0,0.538,0.011148004305704227,0.74,0.08916832544144387,0.0015654096383789509,0.00128323332611396,,,499.0,499.0,0.0
22,phoenix,-0.3,0.05,1,month_slope,production,SYNTHETIC_DATA,fixed_date_spatial_only,2000,2000,0,0.749,0.009695333929267212,0.9475,0.13211621980258162,-0.001428893380230842,0.001290055848919618,,,,,
22,phoenix,-0.3,0.05,1,month_slope,production,SYNTHETIC_DATA,moment_separated_t,2000,2000,0,0.9995,0.000499874984371065,1.0,0.5624689360172265,-0.001428893380230842,0.001290055848919618,6.0,0.0,,,
22,phoenix,-0.3,0.05,1,month_slope,production,SYNTHETIC_DATA,double_spatial_noise_negative_control,2000,2000,0,1.0,0.0,1.0,0.586832496422458,-0.001428893380230842,0.001290055848919618,,,,,
22,phoenix,-0.3,0.05,1,month_slope,production,SYNTHETIC_DATA,oracle_known_variance,2000,2000,0,0.9485,0.004942051699446293,0.9995,0.22598110588276552,-0.001428893380230842,0.001290055848919618,,,,,
22,phoenix,-0.3,0.05,1,month_slope,production,SYNTHETIC_DATA,existing_day_slope_bootstrap,2000,2000,0,0.9795,0.0031685761786644775,0.9995,0.45789337092524646,0.10501769098672153,0.0010673335024108514,,,499.0,499.0,0.4649298597194389
22,phoenix,-0.3,0.05,1,month_slope,production,SYNTHETIC_DATA,stratified_window_day_bootstrap,2000,2000,0,0.217,0.009217130790001842,0.3495,0.03305350204177505,-0.001428893380230842,0.001290055848919618,,,499.0,499.0,0.0
23,phoenix,-0.3,0.05,1,heterogeneous_day,production,SYNTHETIC_DATA,fixed_date_spatial_only,2000,2000,0,0.5705,0.011068643774193837,0.9475,0.13211621980258162,0.00016789064103968655,0.001811028483630974,,,,,
23,phoenix,-0.3,0.05,1,heterogeneous_day,production,SYNTHETIC_DATA,moment_separated_t,2000,2000,0,0.9195,0.006083574196144895,0.997,0.3122357925674201,0.00016789064103968655,0.001811028483630974,6.0,0.0445,,,
23,phoenix,-0.3,0.05,1,heterogeneous_day,production,SYNTHETIC_DATA,double_spatial_noise_negative_control,2000,2000,0,0.966,0.004052406692324946,1.0,0.3557817699630298,0.00016789064103968655,0.001811028483630974,,,,,
23,phoenix,-0.3,0.05,1,heterogeneous_day,production,SYNTHETIC_DATA,oracle_known_variance,2000,2000,0,0.963,0.004220841148396847,1.0,0.32968066750479863,0.00016789064103968655,0.001811028483630974,,,,,
23,phoenix,-0.3,0.05,1,heterogeneous_day,production,SYNTHETIC_DATA,existing_day_slope_bootstrap,2000,2000,0,0.9025,0.006633014020790248,0.959,0.2284817717463441,0.0006159475800356913,0.001307228766826032,,,499.0,499.0,0.4649298597194389
23,phoenix,-0.3,0.05,1,heterogeneous_day,production,SYNTHETIC_DATA,stratified_window_day_bootstrap,2000,2000,0,0.182,0.00862774593969943,0.4075,0.0401327117622333,0.00016789064103968655,0.001811028483630974,,,499.0,499.0,0.0
24,phoenix,-0.3,0.05,1,serial_days,production,SYNTHETIC_DATA,fixed_date_spatial_only,2000,2000,0,0.8275,0.008448187675472178,0.9445,0.13211621980258162,0.000734012260592339,0.0010616533287119904,,,,,
24,phoenix,-0.3,0.05,1,serial_days,production,SYNTHETIC_DATA,moment_separated_t,2000,2000,0,0.96,0.004381780460041331,0.994,0.21509683028219054,0.000734012260592339,0.0010616533287119904,6.0,0.244,,,
24,phoenix,-0.3,0.05,1,serial_days,production,SYNTHETIC_DATA,double_spatial_noise_negative_control,2000,2000,0,0.9945,0.0016537457482938467,1.0,0.2726339624958532,0.000734012260592339,0.0010616533287119904,,,,,
24,phoenix,-0.3,0.05,1,serial_days,production,SYNTHETIC_DATA,oracle_known_variance,2000,2000,0,0.9545,0.004659922209651143,0.994,0.18730950188773876,0.000734012260592339,0.0010616533287119904,,,,,
24,phoenix,-0.3,0.05,1,serial_days,production,SYNTHETIC_DATA,existing_day_slope_bootstrap,2000,2000,0,0.9085,0.006447005118657811,0.9505,0.17508843650061545,-0.00015000123491113726,0.0009797652469703585,,,499.0,499.0,0.4649298597194389
24,phoenix,-0.3,0.05,1,serial_days,production,SYNTHETIC_DATA,stratified_window_day_bootstrap,2000,2000,0,0.305,0.010295023069425343,0.3725,0.036463154772696335,0.000734012260592339,0.0010616533287119904,,,499.0,499.0,0.0
25,phoenix,-0.3,0.15,0,linear,production,SYNTHETIC_DATA,fixed_date_spatial_only,2000,2000,0,0.4565,0.011137947521873139,0.959,0.17583110006862251,0.0032908538141296633,0.0032408065879569554,,,,,
25,phoenix,-0.3,0.15,0,linear,production,SYNTHETIC_DATA,moment_separated_t,2000,2000,0,0.953,0.004732388403332932,1.0,0.6929922126649717,0.0032908538141296633,0.0032408065879569554,6.0,0.0055,,,
25,phoenix,-0.3,0.15,0,linear,production,SYNTHETIC_DATA,double_spatial_noise_negative_control,2000,2000,0,0.9665,0.004023540107914917,1.0,0.730092520069187,0.0032908538141296633,0.0032408065879569554,,,,,
25,phoenix,-0.3,0.15,0,linear,production,SYNTHETIC_DATA,oracle_known_variance,2000,2000,0,0.9555,0.004610843198374891,1.0,0.5774352412877173,0.0032908538141296633,0.0032408065879569554,,,,,
25,phoenix,-0.3,0.15,0,linear,production,SYNTHETIC_DATA,existing_day_slope_bootstrap,2000,2000,0,0.928,0.0057799653978203,0.995,0.5155153469778418,0.004007028368395864,0.0027348273494230977,,,499.0,499.0,0.4649298597194389
25,phoenix,-0.3,0.15,0,linear,production,SYNTHETIC_DATA,stratified_window_day_bootstrap,2000,2000,0,0.2455,0.009623662244696662,0.588,0.09410122341977478,0.0032908538141296633,0.0032408065879569554,,,499.0,499.0,0.0
26,phoenix,-0.3,0.15,0,season_offsets,production,SYNTHETIC_DATA,fixed_date_spatial_only,2000,2000,0,0.455,0.011134967444945675,0.9465,0.17583110006862251,0.003438880415084492,0.0033020357576576584,,,,,
26,phoenix,-0.3,0.15,0,season_offsets,production,SYNTHETIC_DATA,moment_separated_t,2000,2000,0,0.9505,0.004850244839180801,0.9995,0.6894888500071363,0.003438880415084492,0.0033020357576576584,6.0,0.0065,,,
26,phoenix,-0.3,0.15,0,season_offsets,production,SYNTHETIC_DATA,double_spatial_noise_negative_control,2000,2000,0,0.963,0.004220841148396847,0.9995,0.7267855205270257,0.003438880415084492,0.0033020357576576584,,,,,
26,phoenix,-0.3,0.15,0,season_offsets,production,SYNTHETIC_DATA,oracle_known_variance,2000,2000,0,0.9465,0.005031786462082825,1.0,0.5774352412877173,0.003438880415084492,0.0033020357576576584,,,,,
26,phoenix,-0.3,0.15,0,season_offsets,production,SYNTHETIC_DATA,existing_day_slope_bootstrap,2000,2000,0,0.976,0.0034222799417931915,0.9985,0.7838040712875491,0.0667014139137887,0.0027918157430121423,,,499.0,499.0,0.4649298597194389
26,phoenix,-0.3,0.15,0,season_offsets,production,SYNTHETIC_DATA,stratified_window_day_bootstrap,2000,2000,0,0.2585,0.00978973314243039,0.5795,0.09240999713591552,0.003438880415084492,0.0033020357576576584,,,499.0,499.0,0.0
27,phoenix,-0.3,0.15,0,curved_time,production,SYNTHETIC_DATA,fixed_date_spatial_only,2000,2000,0,0.439,0.011096823869918815,0.9555,0.17583110006862251,0.001666710509566494,0.0033380292958652214,,,,,
27,phoenix,-0.3,0.15,0,curved_time,production,SYNTHETIC_DATA,moment_separated_t,2000,2000,0,0.9745,0.00352489361541593,1.0,0.8481584237604567,0.001666710509566494,0.0033380292958652214,6.0,0.0025,,,
27,phoenix,-0.3,0.15,0,curved_time,production,SYNTHETIC_DATA,double_spatial_noise_negative_control,2000,2000,0,0.982,0.002972877394041,1.0,0.8787121162912607,0.001666710509566494,0.0033380292958652214,,,,,
27,phoenix,-0.3,0.15,0,curved_time,production,SYNTHETIC_DATA,oracle_known_variance,2000,2000,0,0.9485,0.004942051699446293,1.0,0.5774352412877173,0.001666710509566494,0.0033380292958652214,,,,,
27,phoenix,-0.3,0.15,0,curved_time,production,SYNTHETIC_DATA,existing_day_slope_bootstrap,2000,2000,0,0.9695,0.0038451105315712303,0.9975,0.7175964870301009,-0.03011197722183609,0.0028066945730537435,,,499.0,499.0,0.4649298597194389
27,phoenix,-0.3,0.15,0,curved_time,production,SYNTHETIC_DATA,stratified_window_day_bootstrap,2000,2000,0,0.317,0.010404590333117398,0.667,0.11967718888672699,0.001666710509566494,0.0033380292958652214,,,499.0,499.0,0.0
28,phoenix,-0.3,0.15,0,month_slope,production,SYNTHETIC_DATA,fixed_date_spatial_only,2000,2000,0,0.429,0.011067045676240792,0.952,0.17583110006862251,-0.004696058253651408,0.0033682840331214214,,,,,
28,phoenix,-0.3,0.15,0,month_slope,production,SYNTHETIC_DATA,moment_separated_t,2000,2000,0,0.9735,0.00359150038284837,1.0,0.8365121295515644,-0.004696058253651408,0.0033682840331214214,6.0,0.002,,,
28,phoenix,-0.3,0.15,0,month_slope,production,SYNTHETIC_DATA,double_spatial_noise_negative_control,2000,2000,0,0.982,0.002972877394041,1.0,0.8673500139415351,-0.004696058253651408,0.0033682840331214214,,,,,
28,phoenix,-0.3,0.15,0,month_slope,production,SYNTHETIC_DATA,oracle_known_variance,2000,2000,0,0.949,0.004919298730510276,1.0,0.5774352412877173,-0.004696058253651408,0.0033682840331214214,,,,,
28,phoenix,-0.3,0.15,0,month_slope,production,SYNTHETIC_DATA,existing_day_slope_bootstrap,2000,2000,0,0.918,0.006134981662564281,0.997,0.6528007228293137,0.10427341590257073,0.002806920013835131,,,499.0,499.0,0.4649298597194389
28,phoenix,-0.3,0.15,0,month_slope,production,SYNTHETIC_DATA,stratified_window_day_bootstrap,2000,2000,0,0.226,0.009352112060919715,0.5685,0.0903367790715937,-0.004696058253651408,0.0033682840331214214,,,499.0,499.0,0.0
29,phoenix,-0.3,0.15,0,heterogeneous_day,production,SYNTHETIC_DATA,fixed_date_spatial_only,2000,2000,0,0.298,0.010227316363543272,0.952,0.17583110006862251,-0.0042401701718837665,0.005228714035439612,,,,,
29,phoenix,-0.3,0.15,0,heterogeneous_day,production,SYNTHETIC_DATA,moment_separated_t,2000,2000,0,0.9075,0.006478570444164362,1.0,0.838809730509897,-0.0042401701718837665,0.005228714035439612,6.0,0.0015,,,
29,phoenix,-0.3,0.15,0,heterogeneous_day,production,SYNTHETIC_DATA,double_spatial_noise_negative_control,2000,2000,0,0.9235,0.005943389184631948,1.0,0.8701681352241603,-0.0042401701718837665,0.005228714035439612,,,,,
29,phoenix,-0.3,0.15,0,heterogeneous_day,production,SYNTHETIC_DATA,oracle_known_variance,2000,2000,0,0.956,0.004586065852122058,1.0,0.9230538438654112,-0.0042401701718837665,0.005228714035439612,,,,,
29,phoenix,-0.3,0.15,0,heterogeneous_day,production,SYNTHETIC_DATA,existing_day_slope_bootstrap,2000,2000,0,0.918,0.006134981662564281,0.9955,0.6379746568700527,-0.0014483923398201505,0.003504587179458598,,,499.0,499.0,0.4649298597194389
29,phoenix,-0.3,0.15,0,heterogeneous_day,production,SYNTHETIC_DATA,stratified_window_day_bootstrap,2000,2000,0,0.1575,0.00814535910810567,0.5675,0.09166309274974777,-0.0042401701718837665,0.005228714035439612,,,499.0,499.0,0.0
30,phoenix,-0.3,0.15,0,serial_days,production,SYNTHETIC_DATA,fixed_date_spatial_only,2000,2000,0,0.565,0.011085463454452412,0.9455,0.17583110006862251,0.0021312614384643024,0.002521681254140466,,,,,
30,phoenix,-0.3,0.15,0,serial_days,production,SYNTHETIC_DATA,moment_separated_t,2000,2000,0,0.918,0.006134981662564281,0.9975,0.45652164387662036,0.0021312614384643024,0.002521681254140466,6.0,0.0465,,,
30,phoenix,-0.3,0.15,0,serial_days,production,SYNTHETIC_DATA,double_spatial_noise_negative_control,2000,2000,0,0.9605,0.004355441998236229,0.9995,0.5108108757251545,0.0021312614384643024,0.002521681254140466,,,,,
30,phoenix,-0.3,0.15,0,serial_days,production,SYNTHETIC_DATA,oracle_known_variance,2000,2000,0,0.9485,0.004942051699446293,1.0,0.4354169971578056,0.0021312614384643024,0.002521681254140466,,,,,
30,phoenix,-0.3,0.15,0,serial_days,production,SYNTHETIC_DATA,existing_day_slope_bootstrap,2000,2000,0,0.9265,0.005835141386461857,0.992,0.4485843253636513,0.004788827877940745,0.002351964028169381,,,499.0,499.0,0.4649298597194389
30,phoenix,-0.3,0.15,0,serial_days,production,SYNTHETIC_DATA,stratified_window_day_bootstrap,2000,2000,0,0.261,0.00982036150047441,0.547,0.07997989702125662,0.0021312614384643024,0.002521681254140466,,,499.0,499.0,0.0
31,phoenix,-0.3,0.15,1,linear,production,SYNTHETIC_DATA,fixed_date_spatial_only,2000,2000,0,0.3595,0.010729859039148651,0.95,0.13211621980258162,-0.002992498997926996,0.0032288853900545368,,,,,
31,phoenix,-0.3,0.15,1,linear,production,SYNTHETIC_DATA,moment_separated_t,2000,2000,0,0.9545,0.004659922209651143,1.0,0.6754185008745874,-0.002992498997926996,0.0032288853900545368,6.0,0.001,,,
31,phoenix,-0.3,0.15,1,linear,production,SYNTHETIC_DATA,double_spatial_noise_negative_control,2000,2000,0,0.966,0.004052406692324946,1.0,0.6970439920456853,-0.002992498997926996,0.0032288853900545368,,,,,
31,phoenix,-0.3,0.15,1,linear,production,SYNTHETIC_DATA,oracle_known_variance,2000,2000,0,0.951,0.004826955562256609,1.0,0.5656585345105176,-0.002992498997926996,0.0032288853900545368,,,,,
31,phoenix,-0.3,0.15,1,linear,production,SYNTHETIC_DATA,existing_day_slope_bootstrap,2000,2000,0,0.915,0.006235984284778145,0.994,0.49456026038826373,-0.0010951527443386825,0.002675157373117159,,,499.0,499.0,0.4649298597194389
31,phoenix,-0.3,0.15,1,linear,production,SYNTHETIC_DATA,stratified_window_day_bootstrap,2000,2000,0,0.2255,0.009344777953488247,0.653,0.08519446425548297,-0.002992498997926996,0.0032288853900545368,,,499.0,499.0,0.0
32,phoenix,-0.3,0.15,1,season_offsets,production,SYNTHETIC_DATA,fixed_date_spatial_only,2000,2000,0,0.337,0.01056955533596376,0.9555,0.13211621980258162,0.0028656386394245305,0.003292082835506333,,,,,
32,phoenix,-0.3,0.15,1,season_offsets,production,SYNTHETIC_DATA,moment_separated_t,2000,2000,0,0.9585,0.004459694496263168,1.0,0.6913676811961995,0.0028656386394245305,0.003292082835506333,6.0,0.0005,,,
32,phoenix,-0.3,0.15,1,season_offsets,production,SYNTHETIC_DATA,double_spatial_noise_negative_control,2000,2000,0,0.9645,0.0041376170678302255,1.0,0.7125167602179844,0.0028656386394245305,0.003292082835506333,,,,,
32,phoenix,-0.3,0.15,1,season_offsets,production,SYNTHETIC_DATA,oracle_known_variance,2000,2000,0,0.947,0.005009540897128201,1.0,0.5656585345105176,0.0028656386394245305,0.003292082835506333,,,,,
32,phoenix,-0.3,0.15,1,season_offsets,production,SYNTHETIC_DATA,existing_day_slope_bootstrap,2000,2000,0,0.9745,0.00352489361541593,0.999,0.7669707530540432,0.066362407682083,0.0027741812514359035,,,499.0,499.0,0.4649298597194389
32,phoenix,-0.3,0.15,1,season_offsets,production,SYNTHETIC_DATA,stratified_window_day_bootstrap,2000,2000,0,0.2315,0.009431536195127493,0.663,0.08971347806944664,0.0028656386394245305,0.003292082835506333,,,499.0,499.0,0.0
33,phoenix,-0.3,0.15,1,curved_time,production,SYNTHETIC_DATA,fixed_date_spatial_only,2000,2000,0,0.355,0.010699883176932354,0.9535,0.13211621980258162,-0.0018794074930596038,0.003191226242799417,,,,,
33,phoenix,-0.3,0.15,1,curved_time,production,SYNTHETIC_DATA,moment_separated_t,2000,2000,0,0.978,0.0032799390238234627,1.0,0.8332683803077787,-0.0018794074930596038,0.003191226242799417,6.0,0.0,,,
33,phoenix,-0.3,0.15,1,curved_time,production,SYNTHETIC_DATA,double_spatial_noise_negative_control,2000,2000,0,0.9805,0.003091904752737377,1.0,0.8509019453259378,-0.0018794074930596038,0.003191226242799417,,,,,
33,phoenix,-0.3,0.15,1,curved_time,production,SYNTHETIC_DATA,oracle_known_variance,2000,2000,0,0.952,0.004779958158812692,1.0,0.5656585345105176,-0.0018794074930596038,0.003191226242799417,,,,,
33,phoenix,-0.3,0.15,1,curved_time,production,SYNTHETIC_DATA,existing_day_slope_bootstrap,2000,2000,0,0.9705,0.0037835003634200943,0.9995,0.6965701970616899,-0.03248236114152123,0.0027402405514548095,,,499.0,499.0,0.4649298597194389
33,phoenix,-0.3,0.15,1,curved_time,production,SYNTHETIC_DATA,stratified_window_day_bootstrap,2000,2000,0,0.302,0.010266352809055414,0.7335,0.11567245372913637,-0.0018794074930596038,0.003191226242799417,,,499.0,499.0,0.0
34,phoenix,-0.3,0.15,1,month_slope,production,SYNTHETIC_DATA,fixed_date_spatial_only,2000,2000,0,0.3535,0.010689662062011128,0.947,0.13211621980258162,0.0024864308053259058,0.0032311980118627445,,,,,
34,phoenix,-0.3,0.15,1,month_slope,production,SYNTHETIC_DATA,moment_separated_t,2000,2000,0,0.981,0.0030527856131736483,1.0,0.8393892096035447,0.0024864308053259058,0.0032311980118627445,6.0,0.0,,,
34,phoenix,-0.3,0.15,1,month_slope,production,SYNTHETIC_DATA,double_spatial_noise_negative_control,2000,2000,0,0.986,0.0026271657732240663,1.0,0.8568198172320773,0.0024864308053259058,0.0032311980118627445,,,,,
34,phoenix,-0.3,0.15,1,month_slope,production,SYNTHETIC_DATA,oracle_known_variance,2000,2000,0,0.9475,0.004987171041783106,1.0,0.5656585345105176,0.0024864308053259058,0.0032311980118627445,,,,,
34,phoenix,-0.3,0.15,1,month_slope,production,SYNTHETIC_DATA,existing_day_slope_bootstrap,2000,2000,0,0.918,0.006134981662564281,0.997,0.6406780736091797,0.10740934274104692,0.002752862953255492,,,499.0,499.0,0.4649298597194389
34,phoenix,-0.3,0.15,1,month_slope,production,SYNTHETIC_DATA,stratified_window_day_bootstrap,2000,2000,0,0.234,0.009466889668734923,0.6485,0.08693994706584644,0.0024864308053259058,0.0032311980118627445,,,499.0,499.0,0.0
35,phoenix,-0.3,0.15,1,heterogeneous_day,production,SYNTHETIC_DATA,fixed_date_spatial_only,2000,2000,0,0.217,0.009217130790001842,0.9535,0.13211621980258162,0.004766740504628264,0.004985713668849967,,,,,
35,phoenix,-0.3,0.15,1,heterogeneous_day,production,SYNTHETIC_DATA,moment_separated_t,2000,2000,0,0.919,0.006100778638829636,1.0,0.8297682047056983,0.004766740504628264,0.004985713668849967,6.0,0.001,,,
35,phoenix,-0.3,0.15,1,heterogeneous_day,production,SYNTHETIC_DATA,double_spatial_noise_negative_control,2000,2000,0,0.9285,0.005761412587204635,1.0,0.8478025734498629,0.004766740504628264,0.004985713668849967,,,,,
35,phoenix,-0.3,0.15,1,heterogeneous_day,production,SYNTHETIC_DATA,oracle_known_variance,2000,2000,0,0.9655,0.00408103847078167,1.0,0.9157327767740396,0.004766740504628264,0.004985713668849967,,,,,
35,phoenix,-0.3,0.15,1,heterogeneous_day,production,SYNTHETIC_DATA,existing_day_slope_bootstrap,2000,2000,0,0.905,0.006556485338960196,0.9975,0.6256096912119505,0.00012183466852736213,0.0034931849144051973,,,499.0,499.0,0.4649298597194389
35,phoenix,-0.3,0.15,1,heterogeneous_day,production,SYNTHETIC_DATA,stratified_window_day_bootstrap,2000,2000,0,0.1565,0.008124276890899276,0.6585,0.09164441212307173,0.004766740504628264,0.004985713668849967,,,499.0,499.0,0.0
36,phoenix,-0.3,0.15,1,serial_days,production,SYNTHETIC_DATA,fixed_date_spatial_only,2000,2000,0,0.449,0.01112202769282652,0.953,0.13211621980258162,-0.0030265114534304065,0.002431121180412854,,,,,
36,phoenix,-0.3,0.15,1,serial_days,production,SYNTHETIC_DATA,moment_separated_t,2000,2000,0,0.9275,0.005798437289477226,1.0,0.4363223421832519,-0.0030265114534304065,0.002431121180412854,6.0,0.0095,,,
36,phoenix,-0.3,0.15,1,serial_days,production,SYNTHETIC_DATA,double_spatial_noise_negative_control,2000,2000,0,0.9575,0.004510751046111944,1.0,0.4690631030602988,-0.0030265114534304065,0.002431121180412854,,,,,
36,phoenix,-0.3,0.15,1,serial_days,production,SYNTHETIC_DATA,oracle_known_variance,2000,2000,0,0.9495,0.0048964145045124596,1.0,0.4196737794972456,-0.0030265114534304065,0.002431121180412854,,,,,
36,phoenix,-0.3,0.15,1,serial_days,production,SYNTHETIC_DATA,existing_day_slope_bootstrap,2000,2000,0,0.9225,0.005978869040211535,0.992,0.42196491855484103,-0.0036669912868640335,0.002286907533478816,,,499.0,499.0,0.4649298597194389
36,phoenix,-0.3,0.15,1,serial_days,production,SYNTHETIC_DATA,stratified_window_day_bootstrap,2000,2000,0,0.2555,0.009752429184567299,0.592,0.07505893072044346,-0.0030265114534304065,0.002431121180412854,,,499.0,499.0,0.0
37,phoenix,0.0,0.0,0,linear,production,SYNTHETIC_DATA,fixed_date_spatial_only,2000,2000,0,0.9485,0.004942051699446293,0.9485,0.17583110006862251,-0.0022104242880725787,0.0010266530672276505,,,,,
37,phoenix,0.0,0.0,0,linear,production,SYNTHETIC_DATA,moment_separated_t,2000,2000,0,0.993,0.0018642692938521525,0.993,0.2488000291149098,-0.0022104242880725787,0.0010266530672276505,6.0,0.575,,,
37,phoenix,0.0,0.0,0,linear,production,SYNTHETIC_DATA,double_spatial_noise_negative_control,2000,2000,0,1.0,0.0,1.0,0.3331540477182195,-0.0022104242880725787,0.0010266530672276505,,,,,
37,phoenix,0.0,0.0,0,linear,production,SYNTHETIC_DATA,oracle_known_variance,2000,2000,0,0.9485,0.004942051699446293,0.9485,0.17583110006862251,-0.0022104242880725787,0.0010266530672276505,,,,,
37,phoenix,0.0,0.0,0,linear,production,SYNTHETIC_DATA,existing_day_slope_bootstrap,2000,2000,0,0.933,0.0055906618570612885,0.933,0.1707326839058701,-0.0007942338267801074,0.0008779444468432602,,,499.0,499.0,0.4649298597194389
37,phoenix,0.0,0.0,0,linear,production,SYNTHETIC_DATA,stratified_window_day_bootstrap,2000,2000,0,0.232,0.009438643970401681,0.232,0.027819130735504585,-0.0022104242880725787,0.0010266530672276505,,,499.0,499.0,0.0
38,phoenix,0.0,0.0,0,season_offsets,production,SYNTHETIC_DATA,fixed_date_spatial_only,2000,2000,0,0.958,0.00448530935387962,0.958,0.17583110006862251,0.0006076169832862945,0.0009957391334623066,,,,,
38,phoenix,0.0,0.0,0,season_offsets,production,SYNTHETIC_DATA,moment_separated_t,2000,2000,0,0.9955,0.0014966211945579198,0.9955,0.24699756644459822,0.0006076169832862945,0.0009957391334623066,6.0,0.59,,,
38,phoenix,0.0,0.0,0,season_offsets,production,SYNTHETIC_DATA,double_spatial_noise_negative_control,2000,2000,0,0.999,0.0007067531393633852,0.999,0.3316647043953221,0.0006076169832862945,0.0009957391334623066,,,,,
38,phoenix,0.0,0.0,0,season_offsets,production,SYNTHETIC_DATA,oracle_known_variance,2000,2000,0,0.958,0.00448530935387962,0.958,0.17583110006862251,0.0006076169832862945,0.0009957391334623066,,,,,
38,phoenix,0.0,0.0,0,season_offsets,production,SYNTHETIC_DATA,existing_day_slope_bootstrap,2000,2000,0,1.0,0.0,1.0,0.6217956769089803,0.06652837423714783,0.0008633361396713807,,,499.0,499.0,0.4649298597194389
38,phoenix,0.0,0.0,0,season_offsets,production,SYNTHETIC_DATA,stratified_window_day_bootstrap,2000,2000,0,0.229,0.009395717109406818,0.229,0.027603973825582245,0.0006076169832862945,0.0009957391334623066,,,499.0,499.0,0.0
39,phoenix,0.0,0.0,0,curved_time,production,SYNTHETIC_DATA,fixed_date_spatial_only,2000,2000,0,0.953,0.004732388403332932,0.953,0.17583110006862251,0.0016447111119132756,0.000980911486586198,,,,,
39,phoenix,0.0,0.0,0,curved_time,production,SYNTHETIC_DATA,moment_separated_t,2000,2000,0,1.0,0.0,1.0,0.537534928333964,0.0016447111119132756,0.000980911486586198,6.0,0.0015,,,
39,phoenix,0.0,0.0,0,curved_time,production,SYNTHETIC_DATA,double_spatial_noise_negative_control,2000,2000,0,1.0,0.0,1.0,0.5820696269477083,0.0016447111119132756,0.000980911486586198,,,,,
39,phoenix,0.0,0.0,0,curved_time,production,SYNTHETIC_DATA,oracle_known_variance,2000,2000,0,0.953,0.004732388403332932,0.953,0.17583110006862251,0.0016447111119132756,0.000980911486586198,,,,,
39,phoenix,0.0,0.0,0,curved_time,production,SYNTHETIC_DATA,existing_day_slope_bootstrap,2000,2000,0,1.0,0.0,1.0,0.5658988319044054,-0.028814941378205762,0.0008485700752060096,,,499.0,499.0,0.4649298597194389
39,phoenix,0.0,0.0,0,curved_time,production,SYNTHETIC_DATA,stratified_window_day_bootstrap,2000,2000,0,0.504,0.011179982110898032,0.504,0.06287069963953183,0.0016447111119132756,0.000980911486586198,,,499.0,499.0,0.0
40,phoenix,0.0,0.0,0,month_slope,production,SYNTHETIC_DATA,fixed_date_spatial_only,2000,2000,0,0.947,0.005009540897128201,0.947,0.17583110006862251,-0.00016340283574958525,0.0010116889688506136,,,,,
40,phoenix,0.0,0.0,0,month_slope,production,SYNTHETIC_DATA,moment_separated_t,2000,2000,0,0.999,0.0007067531393633852,0.999,0.5332878665029166,-0.00016340283574958525,0.0010116889688506136,6.0,0.0005,,,
40,phoenix,0.0,0.0,0,month_slope,production,SYNTHETIC_DATA,double_spatial_noise_negative_control,2000,2000,0,1.0,0.0,1.0,0.5778650685879524,-0.00016340283574958525,0.0010116889688506136,,,,,
40,phoenix,0.0,0.0,0,month_slope,production,SYNTHETIC_DATA,oracle_known_variance,2000,2000,0,0.947,0.005009540897128201,0.947,0.17583110006862251,-0.00016340283574958525,0.0010116889688506136,,,,,
40,phoenix,0.0,0.0,0,month_slope,production,SYNTHETIC_DATA,existing_day_slope_bootstrap,2000,2000,0,0.9955,0.0014966211945579198,0.9955,0.44816905903187215,0.1059716767733525,0.0008486961301936088,,,499.0,499.0,0.4649298597194389
40,phoenix,0.0,0.0,0,month_slope,production,SYNTHETIC_DATA,stratified_window_day_bootstrap,2000,2000,0,0.392,0.010916409666186039,0.392,0.046177110477044855,-0.00016340283574958525,0.0010116889688506136,,,499.0,499.0,0.0
41,phoenix,0.0,0.0,0,heterogeneous_day,production,SYNTHETIC_DATA,fixed_date_spatial_only,2000,2000,0,0.9505,0.004850244839180801,0.9505,0.17583110006862251,0.0008949739405207894,0.0010037053925391693,,,,,
41,phoenix,0.0,0.0,0,heterogeneous_day,production,SYNTHETIC_DATA,moment_separated_t,2000,2000,0,0.9925,0.0019292161620720412,0.9925,0.24788529495269926,0.0008949739405207894,0.0010037053925391693,6.0,0.5925,,,
41,phoenix,0.0,0.0,0,heterogeneous_day,production,SYNTHETIC_DATA,double_spatial_noise_negative_control,2000,2000,0,1.0,0.0,1.0,0.33247334145738305,0.0008949739405207894,0.0010037053925391693,,,,,
41,phoenix,0.0,0.0,0,heterogeneous_day,production,SYNTHETIC_DATA,oracle_known_variance,2000,2000,0,0.9505,0.004850244839180801,0.9505,0.17583110006862251,0.0008949739405207894,0.0010037053925391693,,,,,
41,phoenix,0.0,0.0,0,heterogeneous_day,production,SYNTHETIC_DATA,existing_day_slope_bootstrap,2000,2000,0,0.9285,0.005761412587204635,0.9285,0.16924222058348856,0.0006574926132611912,0.0008614448154639563,,,499.0,499.0,0.4649298597194389
41,phoenix,0.0,0.0,0,heterogeneous_day,production,SYNTHETIC_DATA,stratified_window_day_bootstrap,2000,2000,0,0.228,0.009381257911389069,0.228,0.02764030755541063,0.0008949739405207894,0.0010037053925391693,,,499.0,499.0,0.0
42,phoenix,0.0,0.0,0,serial_days,production,SYNTHETIC_DATA,fixed_date_spatial_only,2000,2000,0,0.956,0.004586065852122058,0.956,0.17583110006862251,-0.0014986303822680975,0.000984332908015428,,,,,
42,phoenix,0.0,0.0,0,serial_days,production,SYNTHETIC_DATA,moment_separated_t,2000,2000,0,0.9905,0.0021690723823791537,0.9905,0.24717127408437295,-0.0014986303822680975,0.000984332908015428,6.0,0.5935,,,
42,phoenix,0.0,0.0,0,serial_days,production,SYNTHETIC_DATA,double_spatial_noise_negative_control,2000,2000,0,0.9995,0.000499874984371065,0.9995,0.33185691934225897,-0.0014986303822680975,0.000984332908015428,,,,,
42,phoenix,0.0,0.0,0,serial_days,production,SYNTHETIC_DATA,oracle_known_variance,2000,2000,0,0.956,0.004586065852122058,0.956,0.17583110006862251,-0.0014986303822680975,0.000984332908015428,,,,,
42,phoenix,0.0,0.0,0,serial_days,production,SYNTHETIC_DATA,existing_day_slope_bootstrap,2000,2000,0,0.9425,0.005205465877325487,0.9425,0.16920928884730319,-0.002088919942138198,0.0008466524379955327,,,499.0,499.0,0.4649298597194389
42,phoenix,0.0,0.0,0,serial_days,production,SYNTHETIC_DATA,stratified_window_day_bootstrap,2000,2000,0,0.2285,0.00938849695105665,0.2285,0.027699507684399535,-0.0014986303822680975,0.000984332908015428,,,499.0,499.0,0.0
43,phoenix,0.0,0.0,1,linear,production,SYNTHETIC_DATA,fixed_date_spatial_only,2000,2000,0,0.9595,0.004407933189148855,0.9595,0.13211621980258162,-4.088314085324399e-05,0.0007318942493424305,,,,,
43,phoenix,0.0,0.0,1,linear,production,SYNTHETIC_DATA,moment_separated_t,2000,2000,0,0.992,0.001991983935678198,0.992,0.18216014598504837,-4.088314085324399e-05,0.0007318942493424305,6.0,0.612,,,
43,phoenix,0.0,0.0,1,linear,production,SYNTHETIC_DATA,double_spatial_noise_negative_control,2000,2000,0,1.0,0.0,1.0,0.24655207862704617,-4.088314085324399e-05,0.0007318942493424305,,,,,
43,phoenix,0.0,0.0,1,linear,production,SYNTHETIC_DATA,oracle_known_variance,2000,2000,0,0.9595,0.004407933189148855,0.9595,0.13211621980258162,-4.088314085324399e-05,0.0007318942493424305,,,,,
43,phoenix,0.0,0.0,1,linear,production,SYNTHETIC_DATA,existing_day_slope_bootstrap,2000,2000,0,0.891,0.006968464680257768,0.891,0.10476403194472377,-0.0002225520457776158,0.0006287256175579951,,,499.0,499.0,0.4649298597194389
43,phoenix,0.0,0.0,1,linear,production,SYNTHETIC_DATA,stratified_window_day_bootstrap,2000,2000,0,0.1415,0.007793514932301086,0.1415,0.012838084607720467,-4.088314085324399e-05,0.0007318942493424305,,,499.0,499.0,0.0
44,phoenix,0.0,0.0,1,season_offsets,production,SYNTHETIC_DATA,fixed_date_spatial_only,2000,2000,0,0.9475,0.004987171041783106,0.9475,0.13211621980258162,-2.8523031316977865e-05,0.0007769157706938785,,,,,
44,phoenix,0.0,0.0,1,season_offsets,production,SYNTHETIC_DATA,moment_separated_t,2000,2000,0,0.9895,0.0022792268425937726,0.9895,0.18071814619674637,-2.8523031316977865e-05,0.0007769157706938785,6.0,0.631,,,
44,phoenix,0.0,0.0,1,season_offsets,production,SYNTHETIC_DATA,double_spatial_noise_negative_control,2000,2000,0,1.0,0.0,1.0,0.2454107409359076,-2.8523031316977865e-05,0.0007769157706938785,,,,,
44,phoenix,0.0,0.0,1,season_offsets,production,SYNTHETIC_DATA,oracle_known_variance,2000,2000,0,0.9475,0.004987171041783106,0.9475,0.13211621980258162,-2.8523031316977865e-05,0.0007769157706938785,,,,,
44,phoenix,0.0,0.0,1,season_offsets,production,SYNTHETIC_DATA,existing_day_slope_bootstrap,2000,2000,0,1.0,0.0,1.0,0.6099120510865079,0.06617930780649271,0.0006576195173772766,,,499.0,499.0,0.4649298597194389
44,phoenix,0.0,0.0,1,season_offsets,production,SYNTHETIC_DATA,stratified_window_day_bootstrap,2000,2000,0,0.1405,0.007770448828735699,0.1405,0.012696501056771343,-2.8523031316977865e-05,0.0007769157706938785,,,499.0,499.0,0.0
45,phoenix,0.0,0.0,1,curved_time,production,SYNTHETIC_DATA,fixed_date_spatial_only,2000,2000,0,0.952,0.004779958158812692,0.952,0.13211621980258162,-0.0013951518415473668,0.0007353683720594748,,,,,
45,phoenix,0.0,0.0,1,curved_time,production,SYNTHETIC_DATA,moment_separated_t,2000,2000,0,1.0,0.0,1.0,0.5257890608195771,-0.0013951518415473668,0.0007353683720594748,6.0,0.0,,,
45,phoenix,0.0,0.0,1,curved_time,production,SYNTHETIC_DATA,double_spatial_noise_negative_control,2000,2000,0,1.0,0.0,1.0,0.5515577978578953,-0.0013951518415473668,0.0007353683720594748,,,,,
45,phoenix,0.0,0.0,1,curved_time,production,SYNTHETIC_DATA,oracle_known_variance,2000,2000,0,0.952,0.004779958158812692,0.952,0.13211621980258162,-0.0013951518415473668,0.0007353683720594748,,,,,
45,phoenix,0.0,0.0,1,curved_time,production,SYNTHETIC_DATA,existing_day_slope_bootstrap,2000,2000,0,1.0,0.0,1.0,0.5721510600901816,-0.03252888573603877,0.0006222707062157061,,,499.0,499.0,0.4649298597194389
45,phoenix,0.0,0.0,1,curved_time,production,SYNTHETIC_DATA,stratified_window_day_bootstrap,2000,2000,0,0.6505,0.010661842007833357,0.6505,0.06254146977038395,-0.0013951518415473668,0.0007353683720594748,,,499.0,499.0,0.0
46,phoenix,0.0,0.0,1,month_slope,production,SYNTHETIC_DATA,fixed_date_spatial_only,2000,2000,0,0.955,0.004635461142108735,0.955,0.13211621980258162,0.00032390205897910165,0.0007403825841833587,,,,,
46,phoenix,0.0,0.0,1,month_slope,production,SYNTHETIC_DATA,moment_separated_t,2000,2000,0,1.0,0.0,1.0,0.5195702168220084,0.00032390205897910165,0.0007403825841833587,6.0,0.0,,,
46,phoenix,0.0,0.0,1,month_slope,production,SYNTHETIC_DATA,double_spatial_noise_negative_control,2000,2000,0,1.0,0.0,1.0,0.5452867907148637,0.00032390205897910165,0.0007403825841833587,,,,,
46,phoenix,0.0,0.0,1,month_slope,production,SYNTHETIC_DATA,oracle_known_variance,2000,2000,0,0.955,0.004635461142108735,0.955,0.13211621980258162,0.00032390205897910165,0.0007403825841833587,,,,,
46,phoenix,0.0,0.0,1,month_slope,production,SYNTHETIC_DATA,existing_day_slope_bootstrap,2000,2000,0,1.0,0.0,1.0,0.43162482227052845,0.10609877121653956,0.0006378636489016436,,,499.0,499.0,0.4649298597194389
46,phoenix,0.0,0.0,1,month_slope,production,SYNTHETIC_DATA,stratified_window_day_bootstrap,2000,2000,0,0.4545,0.011133951454896865,0.4545,0.04136736778541688,0.00032390205897910165,0.0007403825841833587,,,499.0,499.0,0.0
47,phoenix,0.0,0.0,1,heterogeneous_day,production,SYNTHETIC_DATA,fixed_date_spatial_only,2000,2000,0,0.9555,0.004610843198374891,0.9555,0.13211621980258162,0.0009537031054332588,0.000747892758181823,,,,,
47,phoenix,0.0,0.0,1,heterogeneous_day,production,SYNTHETIC_DATA,moment_separated_t,2000,2000,0,0.9915,0.0020527725154044657,0.9915,0.18139956593239107,0.0009537031054332588,0.000747892758181823,6.0,0.623,,,
47,phoenix,0.0,0.0,1,heterogeneous_day,production,SYNTHETIC_DATA,double_spatial_noise_negative_control,2000,2000,0,1.0,0.0,1.0,0.24593697771538858,0.0009537031054332588,0.000747892758181823,,,,,
47,phoenix,0.0,0.0,1,heterogeneous_day,production,SYNTHETIC_DATA,oracle_known_variance,2000,2000,0,0.9555,0.004610843198374891,0.9555,0.13211621980258162,0.0009537031054332588,0.000747892758181823,,,,,
47,phoenix,0.0,0.0,1,heterogeneous_day,production,SYNTHETIC_DATA,existing_day_slope_bootstrap,2000,2000,0,0.8755,0.007382403064043579,0.8755,0.10461513641466691,3.2447083864906715e-05,0.0006563161104339044,,,499.0,499.0,0.4649298597194389
47,phoenix,0.0,0.0,1,heterogeneous_day,production,SYNTHETIC_DATA,stratified_window_day_bootstrap,2000,2000,0,0.143,0.007827866886962246,0.143,0.012743612512587665,0.0009537031054332588,0.000747892758181823,,,499.0,499.0,0.0
48,phoenix,0.0,0.0,1,serial_days,production,SYNTHETIC_DATA,fixed_date_spatial_only,2000,2000,0,0.9525,0.00475624589355933,0.9525,0.13211621980258162,0.0008980423027273863,0.0007379470464553218,,,,,
48,phoenix,0.0,0.0,1,serial_days,production,SYNTHETIC_DATA,moment_separated_t,2000,2000,0,0.9925,0.0019292161620720412,0.9925,0.18203722451071258,0.0008980423027273863,0.0007379470464553218,6.0,0.6105,,,
48,phoenix,0.0,0.0,1,serial_days,production,SYNTHETIC_DATA,double_spatial_noise_negative_control,2000,2000,0,1.0,0.0,1.0,0.2464178994539629,0.0008980423027273863,0.0007379470464553218,,,,,
48,phoenix,0.0,0.0,1,serial_days,production,SYNTHETIC_DATA,oracle_known_variance,2000,2000,0,0.9525,0.00475624589355933,0.9525,0.13211621980258162,0.0008980423027273863,0.0007379470464553218,,,,,
48,phoenix,0.0,0.0,1,serial_days,production,SYNTHETIC_DATA,existing_day_slope_bootstrap,2000,2000,0,0.884,0.0071604469134265636,0.884,0.10599907977467588,0.00046521833890110893,0.000644117573217964,,,499.0,499.0,0.4649298597194389
48,phoenix,0.0,0.0,1,serial_days,production,SYNTHETIC_DATA,stratified_window_day_bootstrap,2000,2000,0,0.1445,0.007861925654698091,0.1445,0.012784763934845077,0.0008980423027273863,0.0007379470464553218,,,499.0,499.0,0.0
49,phoenix,0.0,0.05,0,linear,production,SYNTHETIC_DATA,fixed_date_spatial_only,2000,2000,0,0.8355,0.008289745170992895,0.9535,0.17583110006862251,0.001284594282964473,0.0014264977216612523,,,,,
49,phoenix,0.0,0.05,0,linear,production,SYNTHETIC_DATA,moment_separated_t,2000,2000,0,0.97,0.003814446224552132,0.9955,0.31277765536058816,0.001284594282964473,0.0014264977216612523,6.0,0.248,,,
49,phoenix,0.0,0.05,0,linear,production,SYNTHETIC_DATA,double_spatial_noise_negative_control,2000,2000,0,0.9965,0.0013205585939290896,1.0,0.3852326878356182,0.001284594282964473,0.0014264977216612523,,,,,
49,phoenix,0.0,0.05,0,linear,production,SYNTHETIC_DATA,oracle_known_variance,2000,2000,0,0.9545,0.004659922209651143,0.995,0.2540262593363441,0.001284594282964473,0.0014264977216612523,,,,,
49,phoenix,0.0,0.05,0,linear,production,SYNTHETIC_DATA,existing_day_slope_bootstrap,2000,2000,0,0.9245,0.005907611615534657,0.9665,0.2335968915243032,0.0004978129130980233,0.0012277704653063692,,,499.0,499.0,0.4649298597194389
49,phoenix,0.0,0.05,0,linear,production,SYNTHETIC_DATA,stratified_window_day_bootstrap,2000,2000,0,0.228,0.009381257911389069,0.316,0.039971069312394594,0.001284594282964473,0.0014264977216612523,,,499.0,499.0,0.0
50,phoenix,0.0,0.05,0,season_offsets,production,SYNTHETIC_DATA,fixed_date_spatial_only,2000,2000,0,0.8205,0.008581367897951934,0.9475,0.17583110006862251,-0.0015418192740964504,0.001481465519996765,,,,,
50,phoenix,0.0,0.05,0,season_offsets,production,SYNTHETIC_DATA,moment_separated_t,2000,2000,0,0.9685,0.0039056209493497944,0.9975,0.31165007271996104,-0.0015418192740964504,0.001481465519996765,6.0,0.223,,,
50,phoenix,0.0,0.05,0,season_offsets,production,SYNTHETIC_DATA,double_spatial_noise_negative_control,2000,2000,0,0.9935,0.0017969070649312877,1.0,0.3841312985301686,-0.0015418192740964504,0.001481465519996765,,,,,
50,phoenix,0.0,0.05,0,season_offsets,production,SYNTHETIC_DATA,oracle_known_variance,2000,2000,0,0.944,0.005141206084179083,0.998,0.25402625933634404,-0.0015418192740964504,0.001481465519996765,,,,,
50,phoenix,0.0,0.05,0,season_offsets,production,SYNTHETIC_DATA,existing_day_slope_bootstrap,2000,2000,0,1.0,0.0,1.0,0.6385118066041737,0.06575491224874014,0.0012366971745211989,,,499.0,499.0,0.4649298597194389
50,phoenix,0.0,0.05,0,season_offsets,production,SYNTHETIC_DATA,stratified_window_day_bootstrap,2000,2000,0,0.2105,0.009115639034099584,0.3205,0.039464823341827826,-0.0015418192740964504,0.001481465519996765,,,499.0,499.0,0.0
51,phoenix,0.0,0.05,0,curved_time,production,SYNTHETIC_DATA,fixed_date_spatial_only,2000,2000,0,0.8355,0.008289745170992895,0.9465,0.17583110006862251,-0.00016564903480407466,0.0014594359332622813,,,,,
51,phoenix,0.0,0.05,0,curved_time,production,SYNTHETIC_DATA,moment_separated_t,2000,2000,0,0.9995,0.000499874984371065,1.0,0.5846155757460062,-0.00016564903480407466,0.0014594359332622813,6.0,0.001,,,
51,phoenix,0.0,0.05,0,curved_time,production,SYNTHETIC_DATA,double_spatial_noise_negative_control,2000,2000,0,1.0,0.0,1.0,0.6263513606728776,-0.00016564903480407466,0.0014594359332622813,,,,,
51,phoenix,0.0,0.05,0,curved_time,production,SYNTHETIC_DATA,oracle_known_variance,2000,2000,0,0.943,0.005184158562389852,0.9925,0.25402625933634404,-0.00016564903480407466,0.0014594359332622813,,,,,
51,phoenix,0.0,0.05,0,curved_time,production,SYNTHETIC_DATA,existing_day_slope_bootstrap,2000,2000,0,0.9995,0.000499874984371065,1.0,0.5785388778882982,-0.03218924978415445,0.001244938069309979,,,499.0,499.0,0.4649298597194389
51,phoenix,0.0,0.05,0,curved_time,production,SYNTHETIC_DATA,stratified_window_day_bootstrap,2000,2000,0,0.382,0.01086452944218018,0.499,0.06701525880094023,-0.00016564903480407466,0.0014594359332622813,,,499.0,499.0,0.0
52,phoenix,0.0,0.05,0,month_slope,production,SYNTHETIC_DATA,fixed_date_spatial_only,2000,2000,0,0.843,0.008134832512104968,0.9445,0.17583110006862251,0.0005179706352471529,0.0014440200742466384,,,,,
52,phoenix,0.0,0.05,0,month_slope,production,SYNTHETIC_DATA,moment_separated_t,2000,2000,0,0.9985,0.0008653756409790912,1.0,0.5703080163186874,0.0005179706352471529,0.0014440200742466384,6.0,0.003,,,
52,phoenix,0.0,0.05,0,month_slope,production,SYNTHETIC_DATA,double_spatial_noise_negative_control,2000,2000,0,0.9995,0.000499874984371065,1.0,0.6129064095678202,0.0005179706352471529,0.0014440200742466384,,,,,
52,phoenix,0.0,0.05,0,month_slope,production,SYNTHETIC_DATA,oracle_known_variance,2000,2000,0,0.9495,0.0048964145045124596,0.9945,0.25402625933634404,0.0005179706352471529,0.0014440200742466384,,,,,
52,phoenix,0.0,0.05,0,month_slope,production,SYNTHETIC_DATA,existing_day_slope_bootstrap,2000,2000,0,0.968,0.003935479640399632,0.9915,0.46957055543933596,0.10607819186322698,0.0012310169414583765,,,499.0,499.0,0.4649298597194389
52,phoenix,0.0,0.05,0,month_slope,production,SYNTHETIC_DATA,stratified_window_day_bootstrap,2000,2000,0,0.293,0.010177204920802175,0.411,0.05261283214778155,0.0005179706352471529,0.0014440200742466384,,,499.0,499.0,0.0
53,phoenix,0.0,0.05,0,heterogeneous_day,production,SYNTHETIC_DATA,fixed_date_spatial_only,2000,2000,0,0.677,0.010456361699941333,0.9585,0.17583110006862251,0.0015804606464803804,0.00197003100898342,,,,,
53,phoenix,0.0,0.05,0,heterogeneous_day,production,SYNTHETIC_DATA,moment_separated_t,2000,2000,0,0.9265,0.005835141386461857,0.9975,0.34444425267820356,0.0015804606464803804,0.00197003100898342,6.0,0.185,,,
53,phoenix,0.0,0.05,0,heterogeneous_day,production,SYNTHETIC_DATA,double_spatial_noise_negative_control,2000,2000,0,0.976,0.0034222799417931915,1.0,0.41230433719628473,0.0015804606464803804,0.00197003100898342,,,,,
53,phoenix,0.0,0.05,0,heterogeneous_day,production,SYNTHETIC_DATA,oracle_known_variance,2000,2000,0,0.955,0.004635461142108735,1.0,0.3495013916178697,0.0015804606464803804,0.00197003100898342,,,,,
53,phoenix,0.0,0.05,0,heterogeneous_day,production,SYNTHETIC_DATA,existing_day_slope_bootstrap,2000,2000,0,0.9125,0.006318375978050056,0.967,0.26611746408561215,0.001041188522151517,0.0014541442167163396,,,499.0,499.0,0.4649298597194389
53,phoenix,0.0,0.05,0,heterogeneous_day,production,SYNTHETIC_DATA,stratified_window_day_bootstrap,2000,2000,0,0.164,0.0082796135175502,0.323,0.039529672489931826,0.0015804606464803804,0.00197003100898342,,,499.0,499.0,0.0
54,phoenix,0.0,0.05,0,serial_days,production,SYNTHETIC_DATA,fixed_date_spatial_only,2000,2000,0,0.882,0.007213736895673421,0.95,0.17583110006862251,0.00039176239155500314,0.0012487468896914,,,,,
54,phoenix,0.0,0.05,0,serial_days,production,SYNTHETIC_DATA,moment_separated_t,2000,2000,0,0.969,0.003875499967746099,0.9915,0.26978631123268937,0.00039176239155500314,0.0012487468896914,6.0,0.4205,,,
54,phoenix,0.0,0.05,0,serial_days,production,SYNTHETIC_DATA,double_spatial_noise_negative_control,2000,2000,0,0.998,0.0009989994994993746,1.0,0.34992697739318274,0.00039176239155500314,0.0012487468896914,,,,,
54,phoenix,0.0,0.05,0,serial_days,production,SYNTHETIC_DATA,oracle_known_variance,2000,2000,0,0.9465,0.005031786462082825,0.9835,0.22033322426236743,0.00039176239155500314,0.0012487468896914,,,,,
54,phoenix,0.0,0.05,0,serial_days,production,SYNTHETIC_DATA,existing_day_slope_bootstrap,2000,2000,0,0.9285,0.005761412587204635,0.955,0.21721367447005502,0.0008914212233596503,0.0011186739761948525,,,499.0,499.0,0.4649298597194389
54,phoenix,0.0,0.05,0,serial_days,production,SYNTHETIC_DATA,stratified_window_day_bootstrap,2000,2000,0,0.2435,0.009597076377730876,0.2995,0.035864447478059905,0.00039176239155500314,0.0012487468896914,,,499.0,499.0,0.0
55,phoenix,0.0,0.05,1,linear,production,SYNTHETIC_DATA,fixed_date_spatial_only,2000,2000,0,0.739,0.00982036150047441,0.9435,0.13211621980258162,0.003968789158909266,0.0012787400933769871,,,,,
55,phoenix,0.0,0.05,1,linear,production,SYNTHETIC_DATA,moment_separated_t,2000,2000,0,0.967,0.003994433626936366,0.997,0.2745519522094329,0.003968789158909266,0.0012787400933769871,6.0,0.0665,,,
55,phoenix,0.0,0.05,1,linear,production,SYNTHETIC_DATA,double_spatial_noise_negative_control,2000,2000,0,0.9925,0.0019292161620720412,1.0,0.32254969698608377,0.003968789158909266,0.0012787400933769871,,,,,
55,phoenix,0.0,0.05,1,linear,production,SYNTHETIC_DATA,oracle_known_variance,2000,2000,0,0.9565,0.004561126505590477,1.0,0.22598110588276552,0.003968789158909266,0.0012787400933769871,,,,,
55,phoenix,0.0,0.05,1,linear,production,SYNTHETIC_DATA,existing_day_slope_bootstrap,2000,2000,0,0.9145,0.006252589463574273,0.962,0.19565057539163822,0.0030369609325884834,0.001099632272557261,,,499.0,499.0,0.4649298597194389
55,phoenix,0.0,0.05,1,linear,production,SYNTHETIC_DATA,stratified_window_day_bootstrap,2000,2000,0,0.204,0.009010660353159474,0.3155,0.030885798025531652,0.003968789158909266,0.0012787400933769871,,,499.0,499.0,0.0
56,phoenix,0.0,0.05,1,season_offsets,production,SYNTHETIC_DATA,fixed_date_spatial_only,2000,2000,0,0.744,0.00975868843646522,0.9485,0.13211621980258162,0.0004321162815280207,0.0012892368239566902,,,,,
56,phoenix,0.0,0.05,1,season_offsets,production,SYNTHETIC_DATA,moment_separated_t,2000,2000,0,0.9655,0.00408103847078167,0.999,0.2757401200053644,0.0004321162815280207,0.0012892368239566902,6.0,0.073,,,
56,phoenix,0.0,0.05,1,season_offsets,production,SYNTHETIC_DATA,double_spatial_noise_negative_control,2000,2000,0,0.992,0.001991983935678198,1.0,0.32360767924200556,0.0004321162815280207,0.0012892368239566902,,,,,
56,phoenix,0.0,0.05,1,season_offsets,production,SYNTHETIC_DATA,oracle_known_variance,2000,2000,0,0.951,0.004826955562256609,0.998,0.22598110588276552,0.0004321162815280207,0.0012892368239566902,,,,,
56,phoenix,0.0,0.05,1,season_offsets,production,SYNTHETIC_DATA,existing_day_slope_bootstrap,2000,2000,0,1.0,0.0,1.0,0.6261517965071403,0.0665146173659363,0.0010824161370386488,,,499.0,499.0,0.4649298597194389
56,phoenix,0.0,0.05,1,season_offsets,production,SYNTHETIC_DATA,stratified_window_day_bootstrap,2000,2000,0,0.2075,0.009067627859589299,0.337,0.03087221589597788,0.0004321162815280207,0.0012892368239566902,,,499.0,499.0,0.0
57,phoenix,0.0,0.05,1,curved_time,production,SYNTHETIC_DATA,fixed_date_spatial_only,2000,2000,0,0.7465,0.009727223396221554,0.9375,0.13211621980258162,-0.0014856541685941873,0.001300217639740558,,,,,
57,phoenix,0.0,0.05,1,curved_time,production,SYNTHETIC_DATA,moment_separated_t,2000,2000,0,1.0,0.0,1.0,0.5680560840311845,-0.0014856541685941873,0.001300217639740558,6.0,0.0,,,
57,phoenix,0.0,0.05,1,curved_time,production,SYNTHETIC_DATA,double_spatial_noise_negative_control,2000,2000,0,1.0,0.0,1.0,0.5924640442403184,-0.0014856541685941873,0.001300217639740558,,,,,
57,phoenix,0.0,0.05,1,curved_time,production,SYNTHETIC_DATA,oracle_known_variance,2000,2000,0,0.9445,0.005119558086397692,0.9995,0.22598110588276552,-0.0014856541685941873,0.001300217639740558,,,,,
57,phoenix,0.0,0.05,1,curved_time,production,SYNTHETIC_DATA,existing_day_slope_bootstrap,2000,2000,0,1.0,0.0,1.0,0.5710815359826392,-0.03224463099989648,0.0011122688489929816,,,499.0,499.0,0.4649298597194389
57,phoenix,0.0,0.05,1,curved_time,production,SYNTHETIC_DATA,stratified_window_day_bootstrap,2000,2000,0,0.418,0.011028961873177366,0.6085,0.06605980695985587,-0.0014856541685941873,0.001300217639740558,,,499.0,499.0,0.0
58,phoenix,0.0,0.05,1,month_slope,production,SYNTHETIC_DATA,fixed_date_spatial_only,2000,2000,0,0.7615,0.009529369076701774,0.9455,0.13211621980258162,0.0013069670653500102,0.0012846593040252783,,,,,
58,phoenix,0.0,0.05,1,month_slope,production,SYNTHETIC_DATA,moment_separated_t,2000,2000,0,1.0,0.0,1.0,0.5579103763090086,0.0013069670653500102,0.0012846593040252783,6.0,0.0,,,
58,phoenix,0.0,0.05,1,month_slope,production,SYNTHETIC_DATA,double_spatial_noise_negative_control,2000,2000,0,1.0,0.0,1.0,0.5824758793687494,0.0013069670653500102,0.0012846593040252783,,,,,
58,phoenix,0.0,0.05,1,month_slope,production,SYNTHETIC_DATA,oracle_known_variance,2000,2000,0,0.949,0.004919298730510276,0.999,0.22598110588276552,0.0013069670653500102,0.0012846593040252783,,,,,
58,phoenix,0.0,0.05,1,month_slope,production,SYNTHETIC_DATA,existing_day_slope_bootstrap,2000,2000,0,0.971,0.0037522659820433853,0.9985,0.45233209404702907,0.1064382483360582,0.0011191384726889813,,,499.0,499.0,0.4649298597194389
58,phoenix,0.0,0.05,1,month_slope,production,SYNTHETIC_DATA,stratified_window_day_bootstrap,2000,2000,0,0.307,0.010313849911647929,0.4705,0.047781037467863954,0.0013069670653500102,0.0012846593040252783,,,499.0,499.0,0.0
59,phoenix,0.0,0.05,1,heterogeneous_day,production,SYNTHETIC_DATA,fixed_date_spatial_only,2000,2000,0,0.5425,0.011139877692326787,0.9545,0.13211621980258162,0.0019584871940741475,0.0019355079576986998,,,,,
59,phoenix,0.0,0.05,1,heterogeneous_day,production,SYNTHETIC_DATA,moment_separated_t,2000,2000,0,0.915,0.006235984284778145,0.9995,0.3195387513678127,0.0019584871940741475,0.0019355079576986998,6.0,0.037,,,
59,phoenix,0.0,0.05,1,heterogeneous_day,production,SYNTHETIC_DATA,double_spatial_noise_negative_control,2000,2000,0,0.9605,0.004355441998236229,1.0,0.36232523262183775,0.0019584871940741475,0.0019355079576986998,,,,,
59,phoenix,0.0,0.05,1,heterogeneous_day,production,SYNTHETIC_DATA,oracle_known_variance,2000,2000,0,0.948,0.0049646752159632785,1.0,0.32968066750479863,0.0019584871940741475,0.0019355079576986998,,,,,
59,phoenix,0.0,0.05,1,heterogeneous_day,production,SYNTHETIC_DATA,existing_day_slope_bootstrap,2000,2000,0,0.895,0.006854742883580681,0.975,0.23460943714513116,0.0013435184506726246,0.0013602898070192956,,,499.0,499.0,0.4649298597194389
59,phoenix,0.0,0.05,1,heterogeneous_day,production,SYNTHETIC_DATA,stratified_window_day_bootstrap,2000,2000,0,0.134,0.007617217339685143,0.327,0.031137794132272318,0.0019584871940741475,0.0019355079576986998,,,499.0,499.0,0.0
60,phoenix,0.0,0.05,1,serial_days,production,SYNTHETIC_DATA,fixed_date_spatial_only,2000,2000,0,0.822,0.00855324499824482,0.947,0.13211621980258162,-0.0010217651507210216,0.0010917144235674657,,,,,
60,phoenix,0.0,0.05,1,serial_days,production,SYNTHETIC_DATA,moment_separated_t,2000,2000,0,0.957,0.004536022486716751,0.9955,0.2165229735079671,-0.0010217651507210216,0.0010917144235674657,6.0,0.2395,,,
60,phoenix,0.0,0.05,1,serial_days,production,SYNTHETIC_DATA,double_spatial_noise_negative_control,2000,2000,0,0.99,0.0022248595461287,1.0,0.2739003430630295,-0.0010217651507210216,0.0010917144235674657,,,,,
60,phoenix,0.0,0.05,1,serial_days,production,SYNTHETIC_DATA,oracle_known_variance,2000,2000,0,0.945,0.005097793640389931,0.9935,0.18730950188773876,-0.0010217651507210216,0.0010917144235674657,,,,,
60,phoenix,0.0,0.05,1,serial_days,production,SYNTHETIC_DATA,existing_day_slope_bootstrap,2000,2000,0,0.9065,0.006509905913298595,0.95,0.17390191119625267,-0.0008255604088934567,0.0009960742948898834,,,499.0,499.0,0.4649298597194389
60,phoenix,0.0,0.05,1,serial_days,production,SYNTHETIC_DATA,stratified_window_day_bootstrap,2000,2000,0,0.212,0.009139365404665688,0.3045,0.026927516877788393,-0.0010217651507210216,0.0010917144235674657,,,499.0,499.0,0.0
61,phoenix,0.0,0.15,0,linear,production,SYNTHETIC_DATA,fixed_date_spatial_only,2000,2000,0,0.4195,0.011034485715247448,0.9555,0.17583110006862251,-0.0009336602549787672,0.003394577150435968,,,,,
61,phoenix,0.0,0.15,0,linear,production,SYNTHETIC_DATA,moment_separated_t,2000,2000,0,0.943,0.005184158562389852,1.0,0.6902140081143188,-0.0009336602549787672,0.003394577150435968,6.0,0.0105,,,
61,phoenix,0.0,0.15,0,linear,production,SYNTHETIC_DATA,double_spatial_noise_negative_control,2000,2000,0,0.9595,0.004407933189148855,1.0,0.7275895287118419,-0.0009336602549787672,0.003394577150435968,,,,,
61,phoenix,0.0,0.15,0,linear,production,SYNTHETIC_DATA,oracle_known_variance,2000,2000,0,0.946,0.005053909377897473,1.0,0.5774352412877173,-0.0009336602549787672,0.003394577150435968,,,,,
61,phoenix,0.0,0.15,0,linear,production,SYNTHETIC_DATA,existing_day_slope_bootstrap,2000,2000,0,0.919,0.006100778638829636,0.9895,0.512413415593388,-0.001001704662760865,0.002863154507177348,,,499.0,499.0,0.4649298597194389
61,phoenix,0.0,0.15,0,linear,production,SYNTHETIC_DATA,stratified_window_day_bootstrap,2000,2000,0,0.212,0.009139365404665688,0.556,0.08758032491891773,-0.0009336602549787672,0.003394577150435968,,,499.0,499.0,0.0
62,phoenix,0.0,0.15,0,season_offsets,production,SYNTHETIC_DATA,fixed_date_spatial_only,2000,2000,0,0.454,0.011132924144177037,0.958,0.17583110006862251,0.002474035038988457,0.003276370162055225,,,,,
62,phoenix,0.0,0.15,0,season_offsets,production,SYNTHETIC_DATA,moment_separated_t,2000,2000,0,0.9535,0.004708383480558906,1.0,0.6904426394580263,0.002474035038988457,0.003276370162055225,6.0,0.007,,,
62,phoenix,0.0,0.15,0,season_offsets,production,SYNTHETIC_DATA,double_spatial_noise_negative_control,2000,2000,0,0.9665,0.004023540107914917,1.0,0.727648506657013,0.002474035038988457,0.003276370162055225,,,,,
62,phoenix,0.0,0.15,0,season_offsets,production,SYNTHETIC_DATA,oracle_known_variance,2000,2000,0,0.946,0.005053909377897473,1.0,0.5774352412877173,0.002474035038988457,0.003276370162055225,,,,,
62,phoenix,0.0,0.15,0,season_offsets,production,SYNTHETIC_DATA,existing_day_slope_bootstrap,2000,2000,0,0.9665,0.004023540107914917,0.9985,0.7702268044053739,0.0684193016015087,0.0027181223201904114,,,499.0,499.0,0.4649298597194389
62,phoenix,0.0,0.15,0,season_offsets,production,SYNTHETIC_DATA,stratified_window_day_bootstrap,2000,2000,0,0.2285,0.00938849695105665,0.568,0.08773198912438286,0.002474035038988457,0.003276370162055225,,,499.0,499.0,0.0
63,phoenix,0.0,0.15,0,curved_time,production,SYNTHETIC_DATA,fixed_date_spatial_only,2000,2000,0,0.4525,0.011129774256470793,0.953,0.17583110006862251,-0.0006116014875960464,0.003351279770901116,,,,,
63,phoenix,0.0,0.15,0,curved_time,production,SYNTHETIC_DATA,moment_separated_t,2000,2000,0,0.9755,0.0034568591235397466,1.0,0.848972096077629,-0.0006116014875960464,0.003351279770901116,6.0,0.0005,,,
63,phoenix,0.0,0.15,0,curved_time,production,SYNTHETIC_DATA,double_spatial_noise_negative_control,2000,2000,0,0.981,0.0030527856131736483,1.0,0.8794766517855879,-0.0006116014875960464,0.003351279770901116,,,,,
63,phoenix,0.0,0.15,0,curved_time,production,SYNTHETIC_DATA,oracle_known_variance,2000,2000,0,0.946,0.005053909377897473,1.0,0.5774352412877173,-0.0006116014875960464,0.003351279770901116,,,,,
63,phoenix,0.0,0.15,0,curved_time,production,SYNTHETIC_DATA,existing_day_slope_bootstrap,2000,2000,0,0.9635,0.004193313129257102,0.997,0.7125440057545481,-0.03064264400063071,0.0027809046399193157,,,499.0,499.0,0.4649298597194389
63,phoenix,0.0,0.15,0,curved_time,production,SYNTHETIC_DATA,stratified_window_day_bootstrap,2000,2000,0,0.2595,0.009802034227648871,0.605,0.10198543184389934,-0.0006116014875960464,0.003351279770901116,,,499.0,499.0,0.0
64,phoenix,0.0,0.15,0,month_slope,production,SYNTHETIC_DATA,fixed_date_spatial_only,2000,2000,0,0.428,0.011063814893606997,0.9385,0.17583110006862251,-0.0019289549835290343,0.003402394246848778,,,,,
64,phoenix,0.0,0.15,0,month_slope,production,SYNTHETIC_DATA,moment_separated_t,2000,2000,0,0.9735,0.00359150038284837,1.0,0.8408112889178763,-0.0019289549835290343,0.003402394246848778,6.0,0.0025,,,
64,phoenix,0.0,0.15,0,month_slope,production,SYNTHETIC_DATA,double_spatial_noise_negative_control,2000,2000,0,0.979,0.00320616593457045,1.0,0.8713647160147012,-0.0019289549835290343,0.003402394246848778,,,,,
64,phoenix,0.0,0.15,0,month_slope,production,SYNTHETIC_DATA,oracle_known_variance,2000,2000,0,0.9485,0.004942051699446293,1.0,0.5774352412877173,-0.0019289549835290343,0.003402394246848778,,,,,
64,phoenix,0.0,0.15,0,month_slope,production,SYNTHETIC_DATA,existing_day_slope_bootstrap,2000,2000,0,0.9095,0.006415206543830059,0.9945,0.6536748932782908,0.10434583493933887,0.002853579091370961,,,499.0,499.0,0.4649298597194389
64,phoenix,0.0,0.15,0,month_slope,production,SYNTHETIC_DATA,stratified_window_day_bootstrap,2000,2000,0,0.2285,0.00938849695105665,0.604,0.09711334304632117,-0.0019289549835290343,0.003402394246848778,,,499.0,499.0,0.0
65,phoenix,0.0,0.15,0,heterogeneous_day,production,SYNTHETIC_DATA,fixed_date_spatial_only,2000,2000,0,0.2885,0.010130837823201,0.948,0.17583110006862251,-0.00337215646089429,0.005295228190508223,,,,,
65,phoenix,0.0,0.15,0,heterogeneous_day,production,SYNTHETIC_DATA,moment_separated_t,2000,2000,0,0.9015,0.0066632480818291625,1.0,0.8342156402014498,-0.00337215646089429,0.005295228190508223,6.0,0.0045,,,
65,phoenix,0.0,0.15,0,heterogeneous_day,production,SYNTHETIC_DATA,double_spatial_noise_negative_control,2000,2000,0,0.9205,0.006048956521582876,1.0,0.8659033947488235,-0.00337215646089429,0.005295228190508223,,,,,
65,phoenix,0.0,0.15,0,heterogeneous_day,production,SYNTHETIC_DATA,oracle_known_variance,2000,2000,0,0.9435,0.005162739098579358,1.0,0.9230538438654112,-0.00337215646089429,0.005295228190508223,,,,,
65,phoenix,0.0,0.15,0,heterogeneous_day,production,SYNTHETIC_DATA,existing_day_slope_bootstrap,2000,2000,0,0.9025,0.006633014020790248,0.9915,0.6356933219825591,-0.001247275575957849,0.0036887897303000245,,,499.0,499.0,0.4649298597194389
65,phoenix,0.0,0.15,0,heterogeneous_day,production,SYNTHETIC_DATA,stratified_window_day_bootstrap,2000,2000,0,0.1365,0.007676840170278394,0.586,0.08924475161796915,-0.00337215646089429,0.005295228190508223,,,499.0,499.0,0.0
66,phoenix,0.0,0.15,0,serial_days,production,SYNTHETIC_DATA,fixed_date_spatial_only,2000,2000,0,0.5725,0.011062182198824967,0.955,0.17583110006862251,0.00036371658143153463,0.00244220236034148,,,,,
66,phoenix,0.0,0.15,0,serial_days,production,SYNTHETIC_DATA,moment_separated_t,2000,2000,0,0.928,0.0057799653978203,0.9995,0.46296156847753944,0.00036371658143153463,0.00244220236034148,6.0,0.051,,,
66,phoenix,0.0,0.15,0,serial_days,production,SYNTHETIC_DATA,double_spatial_noise_negative_control,2000,2000,0,0.9695,0.0038451105315712303,1.0,0.5166711232067392,0.00036371658143153463,0.00244220236034148,,,,,
66,phoenix,0.0,0.15,0,serial_days,production,SYNTHETIC_DATA,oracle_known_variance,2000,2000,0,0.956,0.004586065852122058,1.0,0.4354169971578056,0.00036371658143153463,0.00244220236034148,,,,,
66,phoenix,0.0,0.15,0,serial_days,production,SYNTHETIC_DATA,existing_day_slope_bootstrap,2000,2000,0,0.936,0.00547284204047586,0.9885,0.45355509331340466,-0.0019346785571960176,0.0023005850243040115,,,499.0,499.0,0.4649298597194389
66,phoenix,0.0,0.15,0,serial_days,production,SYNTHETIC_DATA,stratified_window_day_bootstrap,2000,2000,0,0.2695,0.009921435128044732,0.5255,0.07803909442676386,0.00036371658143153463,0.00244220236034148,,,499.0,499.0,0.0
67,phoenix,0.0,0.15,1,linear,production,SYNTHETIC_DATA,fixed_date_spatial_only,2000,2000,0,0.363,0.010752464833702085,0.9475,0.13211621980258162,0.002603729919080749,0.0031616342119995975,,,,,
67,phoenix,0.0,0.15,1,linear,production,SYNTHETIC_DATA,moment_separated_t,2000,2000,0,0.9535,0.004708383480558906,1.0,0.6802480916148025,0.002603729919080749,0.0031616342119995975,6.0,0.0,,,
67,phoenix,0.0,0.15,1,linear,production,SYNTHETIC_DATA,double_spatial_noise_negative_control,2000,2000,0,0.9625,0.004248161366991606,1.0,0.7016907066557875,0.002603729919080749,0.0031616342119995975,,,,,
67,phoenix,0.0,0.15,1,linear,production,SYNTHETIC_DATA,oracle_known_variance,2000,2000,0,0.9495,0.0048964145045124596,1.0,0.5656585345105176,0.002603729919080749,0.0031616342119995975,,,,,
67,phoenix,0.0,0.15,1,linear,production,SYNTHETIC_DATA,existing_day_slope_bootstrap,2000,2000,0,0.9225,0.005978869040211535,0.996,0.4985233642689744,0.0018749957204419652,0.0026473081863816663,,,499.0,499.0,0.4649298597194389
67,phoenix,0.0,0.15,1,linear,production,SYNTHETIC_DATA,stratified_window_day_bootstrap,2000,2000,0,0.242,0.009576951498258723,0.647,0.08629026979012126,0.002603729919080749,0.0031616342119995975,,,499.0,499.0,0.0
68,phoenix,0.0,0.15,1,season_offsets,production,SYNTHETIC_DATA,fixed_date_spatial_only,2000,2000,0,0.331,0.010522333391410862,0.9435,0.13211621980258162,-0.00017219926566090072,0.0032924827291353964,,,,,
68,phoenix,0.0,0.15,1,season_offsets,production,SYNTHETIC_DATA,moment_separated_t,2000,2000,0,0.9595,0.004407933189148855,1.0,0.676473074072687,-0.00017219926566090072,0.0032924827291353964,6.0,0.0,,,
68,phoenix,0.0,0.15,1,season_offsets,production,SYNTHETIC_DATA,double_spatial_noise_negative_control,2000,2000,0,0.9665,0.004023540107914917,1.0,0.6980582087501489,-0.00017219926566090072,0.0032924827291353964,,,,,
68,phoenix,0.0,0.15,1,season_offsets,production,SYNTHETIC_DATA,oracle_known_variance,2000,2000,0,0.9485,0.004942051699446293,1.0,0.5656585345105176,-0.00017219926566090072,0.0032924827291353964,,,,,
68,phoenix,0.0,0.15,1,season_offsets,production,SYNTHETIC_DATA,existing_day_slope_bootstrap,2000,2000,0,0.9775,0.003316153645415119,0.998,0.7663446546270298,0.06626399094835753,0.0027496618302533297,,,499.0,499.0,0.4649298597194389
68,phoenix,0.0,0.15,1,season_offsets,production,SYNTHETIC_DATA,stratified_window_day_bootstrap,2000,2000,0,0.2175,0.00922479674572833,0.634,0.08569592348978887,-0.00017219926566090072,0.0032924827291353964,,,499.0,499.0,0.0
69,phoenix,0.0,0.15,1,curved_time,production,SYNTHETIC_DATA,fixed_date_spatial_only,2000,2000,0,0.3645,0.010761964272380763,0.9465,0.13211621980258162,-0.002399164179427082,0.0031812302163125045,,,,,
69,phoenix,0.0,0.15,1,curved_time,production,SYNTHETIC_DATA,moment_separated_t,2000,2000,0,0.975,0.003491060010942237,1.0,0.8263289512326264,-0.002399164179427082,0.0031812302163125045,6.0,0.0005,,,
69,phoenix,0.0,0.15,1,curved_time,production,SYNTHETIC_DATA,double_spatial_noise_negative_control,2000,2000,0,0.978,0.0032799390238234627,1.0,0.8441732480806499,-0.002399164179427082,0.0031812302163125045,,,,,
69,phoenix,0.0,0.15,1,curved_time,production,SYNTHETIC_DATA,oracle_known_variance,2000,2000,0,0.952,0.004779958158812692,1.0,0.5656585345105176,-0.002399164179427082,0.0031812302163125045,,,,,
69,phoenix,0.0,0.15,1,curved_time,production,SYNTHETIC_DATA,existing_day_slope_bootstrap,2000,2000,0,0.9585,0.004459694496263168,0.9985,0.6966793701595213,-0.03208721275502466,0.002731837343118531,,,499.0,499.0,0.4649298597194389
69,phoenix,0.0,0.15,1,curved_time,production,SYNTHETIC_DATA,stratified_window_day_bootstrap,2000,2000,0,0.277,0.010006772706522319,0.7,0.10203804763313036,-0.002399164179427082,0.0031812302163125045,,,499.0,499.0,0.0
70,phoenix,0.0,0.15,1,month_slope,production,SYNTHETIC_DATA,fixed_date_spatial_only,2000,2000,0,0.363,0.010752464833702085,0.9435,0.13211621980258162,0.002502551935912197,0.0031436993015933256,,,,,
70,phoenix,0.0,0.15,1,month_slope,production,SYNTHETIC_DATA,moment_separated_t,2000,2000,0,0.985,0.002717995584985378,1.0,0.8350934999572343,0.002502551935912197,0.0031436993015933256,6.0,0.0,,,
70,phoenix,0.0,0.15,1,month_slope,production,SYNTHETIC_DATA,double_spatial_noise_negative_control,2000,2000,0,0.988,0.0024347484469653133,1.0,0.8525257091300266,0.002502551935912197,0.0031436993015933256,,,,,
70,phoenix,0.0,0.15,1,month_slope,production,SYNTHETIC_DATA,oracle_known_variance,2000,2000,0,0.957,0.004536022486716751,1.0,0.5656585345105176,0.002502551935912197,0.0031436993015933256,,,,,
70,phoenix,0.0,0.15,1,month_slope,production,SYNTHETIC_DATA,existing_day_slope_bootstrap,2000,2000,0,0.9275,0.005798437289477226,0.9975,0.6377052735038659,0.10890662227742469,0.002694584488195579,,,499.0,499.0,0.4649298597194389
70,phoenix,0.0,0.15,1,month_slope,production,SYNTHETIC_DATA,stratified_window_day_bootstrap,2000,2000,0,0.262,0.009832497139587684,0.6605,0.09518416115301781,0.002502551935912197,0.0031436993015933256,,,499.0,499.0,0.0
71,phoenix,0.0,0.15,1,heterogeneous_day,production,SYNTHETIC_DATA,fixed_date_spatial_only,2000,2000,0,0.2335,0.009459855971419438,0.9555,0.13211621980258162,-0.00122284464473754,0.005206390921518395,,,,,
71,phoenix,0.0,0.15,1,heterogeneous_day,production,SYNTHETIC_DATA,moment_separated_t,2000,2000,0,0.9095,0.006415206543830059,1.0,0.8257352094162032,-0.00122284464473754,0.005206390921518395,6.0,0.0005,,,
71,phoenix,0.0,0.15,1,heterogeneous_day,production,SYNTHETIC_DATA,double_spatial_noise_negative_control,2000,2000,0,0.9195,0.006083574196144895,1.0,0.8438532787845013,-0.00122284464473754,0.005206390921518395,,,,,
71,phoenix,0.0,0.15,1,heterogeneous_day,production,SYNTHETIC_DATA,oracle_known_variance,2000,2000,0,0.9485,0.004942051699446293,1.0,0.9157327767740396,-0.00122284464473754,0.005206390921518395,,,,,
71,phoenix,0.0,0.15,1,heterogeneous_day,production,SYNTHETIC_DATA,existing_day_slope_bootstrap,2000,2000,0,0.91,0.0063992187023104614,0.996,0.620873542791481,-0.0017964573547088144,0.003509939633512173,,,499.0,499.0,0.4649298597194389
71,phoenix,0.0,0.15,1,heterogeneous_day,production,SYNTHETIC_DATA,stratified_window_day_bootstrap,2000,2000,0,0.1605,0.008207915386990781,0.64,0.08554624316895647,-0.00122284464473754,0.005206390921518395,,,499.0,499.0,0.0
72,phoenix,0.0,0.15,1,serial_days,production,SYNTHETIC_DATA,fixed_date_spatial_only,2000,2000,0,0.4785,0.011169998880931009,0.9455,0.13211621980258162,0.001063707079662649,0.002388429348238194,,,,,
72,phoenix,0.0,0.15,1,serial_days,production,SYNTHETIC_DATA,moment_separated_t,2000,2000,0,0.932,0.005629209535982825,1.0,0.4362564883050554,0.001063707079662649,0.002388429348238194,6.0,0.008,,,
72,phoenix,0.0,0.15,1,serial_days,production,SYNTHETIC_DATA,double_spatial_noise_negative_control,2000,2000,0,0.9545,0.004659922209651143,1.0,0.4690949722831897,0.001063707079662649,0.002388429348238194,,,,,
72,phoenix,0.0,0.15,1,serial_days,production,SYNTHETIC_DATA,oracle_known_variance,2000,2000,0,0.9415,0.0052477495176503994,1.0,0.4196737794972456,0.001063707079662649,0.002388429348238194,,,,,
72,phoenix,0.0,0.15,1,serial_days,production,SYNTHETIC_DATA,existing_day_slope_bootstrap,2000,2000,0,0.919,0.006100778638829636,0.9915,0.4277435458101288,-0.000558032247401159,0.0022951708291257655,,,499.0,499.0,0.4649298597194389
72,phoenix,0.0,0.15,1,serial_days,production,SYNTHETIC_DATA,stratified_window_day_bootstrap,2000,2000,0,0.2615,0.009826437553864574,0.584,0.07161757795953275,0.001063707079662649,0.002388429348238194,,,499.0,499.0,0.0
73,phoenix,0.3,0.0,0,linear,production,SYNTHETIC_DATA,fixed_date_spatial_only,2000,2000,0,0.941,0.005268728499363013,0.941,0.17583110006862251,-0.0018657362360446983,0.0010081680585497686,,,,,
73,phoenix,0.3,0.0,0,linear,production,SYNTHETIC_DATA,moment_separated_t,2000,2000,0,0.991,0.002111752826445369,0.991,0.247427476258673,-0.0018657362360446983,0.0010081680585497686,6.0,0.5895,,,
73,phoenix,0.3,0.0,0,linear,production,SYNTHETIC_DATA,double_spatial_noise_negative_control,2000,2000,0,1.0,0.0,1.0,0.3320448284637222,-0.0018657362360446983,0.0010081680585497686,,,,,
73,phoenix,0.3,0.0,0,linear,production,SYNTHETIC_DATA,oracle_known_variance,2000,2000,0,0.941,0.005268728499363013,0.941,0.17583110006862251,-0.0018657362360446983,0.0010081680585497686,,,,,
73,phoenix,0.3,0.0,0,linear,production,SYNTHETIC_DATA,existing_day_slope_bootstrap,2000,2000,0,0.921,0.006031542091372652,0.921,0.16807038356083037,-0.0006067674421666862,0.000865986073763317,,,499.0,499.0,0.4649298597194389
73,phoenix,0.3,0.0,0,linear,production,SYNTHETIC_DATA,stratified_window_day_bootstrap,2000,2000,0,0.318,0.010413356807485279,0.318,0.037707208497854805,-0.0018657362360446983,0.0010081680585497686,,,499.0,499.0,0.0
74,phoenix,0.3,0.0,0,season_offsets,production,SYNTHETIC_DATA,fixed_date_spatial_only,2000,2000,0,0.959,0.00443390347211123,0.959,0.17583110006862251,0.0022491290548921593,0.0009832165078908323,,,,,
74,phoenix,0.3,0.0,0,season_offsets,production,SYNTHETIC_DATA,moment_separated_t,2000,2000,0,0.992,0.001991983935678198,0.992,0.24675261397437379,0.0022491290548921593,0.0009832165078908323,6.0,0.5975,,,
74,phoenix,0.3,0.0,0,season_offsets,production,SYNTHETIC_DATA,double_spatial_noise_negative_control,2000,2000,0,1.0,0.0,1.0,0.3315336804667745,0.0022491290548921593,0.0009832165078908323,,,,,
74,phoenix,0.3,0.0,0,season_offsets,production,SYNTHETIC_DATA,oracle_known_variance,2000,2000,0,0.959,0.00443390347211123,0.959,0.17583110006862251,0.0022491290548921593,0.0009832165078908323,,,,,
74,phoenix,0.3,0.0,0,season_offsets,production,SYNTHETIC_DATA,existing_day_slope_bootstrap,2000,2000,0,1.0,0.0,1.0,0.6166376606873093,0.06825030046757088,0.0008647338726858943,,,499.0,499.0,0.4649298597194389
74,phoenix,0.3,0.0,0,season_offsets,production,SYNTHETIC_DATA,stratified_window_day_bootstrap,2000,2000,0,0.301,0.010256680749638257,0.301,0.03695317097130532,0.0022491290548921593,0.0009832165078908323,,,499.0,499.0,0.0
75,phoenix,0.3,0.0,0,curved_time,production,SYNTHETIC_DATA,fixed_date_spatial_only,2000,2000,0,0.952,0.004779958158812692,0.952,0.1758311000686225,-7.024852443689492e-05,0.0010097365023027688,,,,,
75,phoenix,0.3,0.0,0,curved_time,production,SYNTHETIC_DATA,moment_separated_t,2000,2000,0,1.0,0.0,1.0,0.5402613066418723,-7.024852443689492e-05,0.0010097365023027688,6.0,0.0005,,,
75,phoenix,0.3,0.0,0,curved_time,production,SYNTHETIC_DATA,double_spatial_noise_negative_control,2000,2000,0,1.0,0.0,1.0,0.584543745459722,-7.024852443689492e-05,0.0010097365023027688,,,,,
75,phoenix,0.3,0.0,0,curved_time,production,SYNTHETIC_DATA,oracle_known_variance,2000,2000,0,0.952,0.004779958158812692,0.952,0.1758311000686225,-7.024852443689492e-05,0.0010097365023027688,,,,,
75,phoenix,0.3,0.0,0,curved_time,production,SYNTHETIC_DATA,existing_day_slope_bootstrap,2000,2000,0,1.0,0.0,1.0,0.5700386534596178,-0.030778969418797986,0.0008664030295718563,,,499.0,499.0,0.4649298597194389
75,phoenix,0.3,0.0,0,curved_time,production,SYNTHETIC_DATA,stratified_window_day_bootstrap,2000,2000,0,0.3155,0.010391336535787877,0.3155,0.03929951526317635,-7.024852443689492e-05,0.0010097365023027688,,,499.0,499.0,0.0
76,phoenix,0.3,0.0,0,month_slope,production,SYNTHETIC_DATA,fixed_date_spatial_only,2000,2000,0,0.9475,0.004987171041783106,0.9475,0.17583110006862251,-0.0013193650937671534,0.0010138671073566731,,,,,
76,phoenix,0.3,0.0,0,month_slope,production,SYNTHETIC_DATA,moment_separated_t,2000,2000,0,1.0,0.0,1.0,0.5332056667487267,-0.0013193650937671534,0.0010138671073566731,6.0,0.0005,,,
76,phoenix,0.3,0.0,0,month_slope,production,SYNTHETIC_DATA,double_spatial_noise_negative_control,2000,2000,0,1.0,0.0,1.0,0.5777123621873762,-0.0013193650937671534,0.0010138671073566731,,,,,
76,phoenix,0.3,0.0,0,month_slope,production,SYNTHETIC_DATA,oracle_known_variance,2000,2000,0,0.9475,0.004987171041783106,0.9475,0.17583110006862251,-0.0013193650937671534,0.0010138671073566731,,,,,
76,phoenix,0.3,0.0,0,month_slope,production,SYNTHETIC_DATA,existing_day_slope_bootstrap,2000,2000,0,0.9945,0.0016537457482938467,0.9945,0.4489383420466683,0.10521639416313436,0.0008679749928914267,,,499.0,499.0,0.4649298597194389
76,phoenix,0.3,0.0,0,month_slope,production,SYNTHETIC_DATA,stratified_window_day_bootstrap,2000,2000,0,0.539,0.01114627740548386,0.539,0.0713678840286713,-0.0013193650937671534,0.0010138671073566731,,,499.0,499.0,0.0
77,phoenix,0.3,0.0,0,heterogeneous_day,production,SYNTHETIC_DATA,fixed_date_spatial_only,2000,2000,0,0.95,0.004873397172404485,0.95,0.17583110006862251,0.0005733122767811401,0.0010100985294284861,,,,,
77,phoenix,0.3,0.0,0,heterogeneous_day,production,SYNTHETIC_DATA,moment_separated_t,2000,2000,0,0.9945,0.0016537457482938467,0.9945,0.24746408703727438,0.0005733122767811401,0.0010100985294284861,6.0,0.6105,,,
77,phoenix,0.3,0.0,0,heterogeneous_day,production,SYNTHETIC_DATA,double_spatial_noise_negative_control,2000,2000,0,0.9995,0.000499874984371065,0.9995,0.3321764741632963,0.0005733122767811401,0.0010100985294284861,,,,,
77,phoenix,0.3,0.0,0,heterogeneous_day,production,SYNTHETIC_DATA,oracle_known_variance,2000,2000,0,0.95,0.004873397172404485,0.95,0.17583110006862251,0.0005733122767811401,0.0010100985294284861,,,,,
77,phoenix,0.3,0.0,0,heterogeneous_day,production,SYNTHETIC_DATA,existing_day_slope_bootstrap,2000,2000,0,0.9325,0.005609979946488223,0.9325,0.16883708735187375,-0.00011743528065221909,0.0008654064272424673,,,499.0,499.0,0.4649298597194389
77,phoenix,0.3,0.0,0,heterogeneous_day,production,SYNTHETIC_DATA,stratified_window_day_bootstrap,2000,2000,0,0.2995,0.01024206400097168,0.2995,0.03650521508864058,0.0005733122767811401,0.0010100985294284861,,,499.0,499.0,0.0
78,phoenix,0.3,0.0,0,serial_days,production,SYNTHETIC_DATA,fixed_date_spatial_only,2000,2000,0,0.955,0.004635461142108735,0.955,0.17583110006862251,-0.000970873360104481,0.0009955229114369422,,,,,
78,phoenix,0.3,0.0,0,serial_days,production,SYNTHETIC_DATA,moment_separated_t,2000,2000,0,0.992,0.001991983935678198,0.992,0.24724169233745724,-0.000970873360104481,0.0009955229114369422,6.0,0.5925,,,
78,phoenix,0.3,0.0,0,serial_days,production,SYNTHETIC_DATA,double_spatial_noise_negative_control,2000,2000,0,0.9995,0.000499874984371065,0.9995,0.331895533937624,-0.000970873360104481,0.0009955229114369422,,,,,
78,phoenix,0.3,0.0,0,serial_days,production,SYNTHETIC_DATA,oracle_known_variance,2000,2000,0,0.955,0.004635461142108735,0.955,0.17583110006862251,-0.000970873360104481,0.0009955229114369422,,,,,
78,phoenix,0.3,0.0,0,serial_days,production,SYNTHETIC_DATA,existing_day_slope_bootstrap,2000,2000,0,0.9335,0.005571254347092763,0.9335,0.16878888599203878,-0.00015875397329644485,0.0008675456065046867,,,499.0,499.0,0.4649298597194389
78,phoenix,0.3,0.0,0,serial_days,production,SYNTHETIC_DATA,stratified_window_day_bootstrap,2000,2000,0,0.3055,0.010299751210587564,0.3055,0.03707251327847458,-0.000970873360104481,0.0009955229114369422,,,499.0,499.0,0.0
79,phoenix,0.3,0.0,1,linear,production,SYNTHETIC_DATA,fixed_date_spatial_only,2000,2000,0,0.942,0.005226662414964259,0.942,0.13211621980258162,-0.0013132997204888292,0.0007580304998960967,,,,,
79,phoenix,0.3,0.0,1,linear,production,SYNTHETIC_DATA,moment_separated_t,2000,2000,0,0.987,0.0025328837320335107,0.987,0.1805250694548486,-0.0013132997204888292,0.0007580304998960967,6.0,0.629,,,
79,phoenix,0.3,0.0,1,linear,production,SYNTHETIC_DATA,double_spatial_noise_negative_control,2000,2000,0,0.9995,0.000499874984371065,0.9995,0.24523546439216176,-0.0013132997204888292,0.0007580304998960967,,,,,
79,phoenix,0.3,0.0,1,linear,production,SYNTHETIC_DATA,oracle_known_variance,2000,2000,0,0.942,0.005226662414964259,0.942,0.13211621980258162,-0.0013132997204888292,0.0007580304998960967,,,,,
79,phoenix,0.3,0.0,1,linear,production,SYNTHETIC_DATA,existing_day_slope_bootstrap,2000,2000,0,0.8715,0.007482905518580331,0.8715,0.10410822030140385,-0.00101709473598451,0.0006402685441153045,,,499.0,499.0,0.4649298597194389
79,phoenix,0.3,0.0,1,linear,production,SYNTHETIC_DATA,stratified_window_day_bootstrap,2000,2000,0,0.329,0.010506164856882839,0.329,0.029166981563787726,-0.0013132997204888292,0.0007580304998960967,,,499.0,499.0,0.0
80,phoenix,0.3,0.0,1,season_offsets,production,SYNTHETIC_DATA,fixed_date_spatial_only,2000,2000,0,0.9525,0.00475624589355933,0.9525,0.13211621980258162,-0.0001015594769277277,0.0007426523013958776,,,,,
80,phoenix,0.3,0.0,1,season_offsets,production,SYNTHETIC_DATA,moment_separated_t,2000,2000,0,0.9905,0.0021690723823791537,0.9905,0.18079682752627527,-0.0001015594769277277,0.0007426523013958776,6.0,0.626,,,
80,phoenix,0.3,0.0,1,season_offsets,production,SYNTHETIC_DATA,double_spatial_noise_negative_control,2000,2000,0,0.999,0.0007067531393633852,0.999,0.24547761487796246,-0.0001015594769277277,0.0007426523013958776,,,,,
80,phoenix,0.3,0.0,1,season_offsets,production,SYNTHETIC_DATA,oracle_known_variance,2000,2000,0,0.9525,0.00475624589355933,0.9525,0.13211621980258162,-0.0001015594769277277,0.0007426523013958776,,,,,
80,phoenix,0.3,0.0,1,season_offsets,production,SYNTHETIC_DATA,existing_day_slope_bootstrap,2000,2000,0,1.0,0.0,1.0,0.6078151420236118,0.06542927292396536,0.0006446725581801253,,,499.0,499.0,0.4649298597194389
80,phoenix,0.3,0.0,1,season_offsets,production,SYNTHETIC_DATA,stratified_window_day_bootstrap,2000,2000,0,0.3395,0.010588667291023928,0.3395,0.02922832299886197,-0.0001015594769277277,0.0007426523013958776,,,499.0,499.0,0.0
81,phoenix,0.3,0.0,1,curved_time,production,SYNTHETIC_DATA,fixed_date_spatial_only,2000,2000,0,0.9535,0.004708383480558906,0.9535,0.13211621980258162,-0.0001341824088955994,0.0007436028447770084,,,,,
81,phoenix,0.3,0.0,1,curved_time,production,SYNTHETIC_DATA,moment_separated_t,2000,2000,0,1.0,0.0,1.0,0.5234766766953257,-0.0001341824088955994,0.0007436028447770084,6.0,0.0,,,
81,phoenix,0.3,0.0,1,curved_time,production,SYNTHETIC_DATA,double_spatial_noise_negative_control,2000,2000,0,1.0,0.0,1.0,0.5493354840263276,-0.0001341824088955994,0.0007436028447770084,,,,,
81,phoenix,0.3,0.0,1,curved_time,production,SYNTHETIC_DATA,oracle_known_variance,2000,2000,0,0.9535,0.004708383480558906,0.9535,0.13211621980258162,-0.0001341824088955994,0.0007436028447770084,,,,,
81,phoenix,0.3,0.0,1,curved_time,production,SYNTHETIC_DATA,existing_day_slope_bootstrap,2000,2000,0,1.0,0.0,1.0,0.5708546891639174,-0.0314827038479737,0.0006472392190379712,,,499.0,499.0,0.4649298597194389
81,phoenix,0.3,0.0,1,curved_time,production,SYNTHETIC_DATA,stratified_window_day_bootstrap,2000,2000,0,0.3785,0.010845223603042953,0.3785,0.033573467547165003,-0.0001341824088955994,0.0007436028447770084,,,499.0,499.0,0.0
82,phoenix,0.3,0.0,1,month_slope,production,SYNTHETIC_DATA,fixed_date_spatial_only,2000,2000,0,0.956,0.004586065852122058,0.956,0.13211621980258162,0.0006857348206214895,0.00074251926491017,,,,,
82,phoenix,0.3,0.0,1,month_slope,production,SYNTHETIC_DATA,moment_separated_t,2000,2000,0,1.0,0.0,1.0,0.5200200355576999,0.0006857348206214895,0.00074251926491017,6.0,0.0,,,
82,phoenix,0.3,0.0,1,month_slope,production,SYNTHETIC_DATA,double_spatial_noise_negative_control,2000,2000,0,1.0,0.0,1.0,0.5457087790166323,0.0006857348206214895,0.00074251926491017,,,,,
82,phoenix,0.3,0.0,1,month_slope,production,SYNTHETIC_DATA,oracle_known_variance,2000,2000,0,0.956,0.004586065852122058,0.956,0.13211621980258162,0.0006857348206214895,0.00074251926491017,,,,,
82,phoenix,0.3,0.0,1,month_slope,production,SYNTHETIC_DATA,existing_day_slope_bootstrap,2000,2000,0,1.0,0.0,1.0,0.43205276122326897,0.10652093544540123,0.000638556338599505,,,499.0,499.0,0.4649298597194389
82,phoenix,0.3,0.0,1,month_slope,production,SYNTHETIC_DATA,stratified_window_day_bootstrap,2000,2000,0,0.6975,0.010271167168340705,0.6975,0.07114131576881018,0.0006857348206214895,0.00074251926491017,,,499.0,499.0,0.0
83,phoenix,0.3,0.0,1,heterogeneous_day,production,SYNTHETIC_DATA,fixed_date_spatial_only,2000,2000,0,0.9505,0.004850244839180801,0.9505,0.13211621980258162,-0.00020413607881817678,0.0007548460783273425,,,,,
83,phoenix,0.3,0.0,1,heterogeneous_day,production,SYNTHETIC_DATA,moment_separated_t,2000,2000,0,0.988,0.0024347484469653133,0.988,0.18099765750156752,-0.00020413607881817678,0.0007548460783273425,6.0,0.62,,,
83,phoenix,0.3,0.0,1,heterogeneous_day,production,SYNTHETIC_DATA,double_spatial_noise_negative_control,2000,2000,0,0.9995,0.000499874984371065,0.9995,0.24564442385872287,-0.00020413607881817678,0.0007548460783273425,,,,,
83,phoenix,0.3,0.0,1,heterogeneous_day,production,SYNTHETIC_DATA,oracle_known_variance,2000,2000,0,0.9505,0.004850244839180801,0.9505,0.13211621980258162,-0.00020413607881817678,0.0007548460783273425,,,,,
83,phoenix,0.3,0.0,1,heterogeneous_day,production,SYNTHETIC_DATA,existing_day_slope_bootstrap,2000,2000,0,0.8705,0.007507654427316162,0.8705,0.10497328914961307,0.0002959397871630831,0.0006601021824332122,,,499.0,499.0,0.4649298597194389
83,phoenix,0.3,0.0,1,heterogeneous_day,production,SYNTHETIC_DATA,stratified_window_day_bootstrap,2000,2000,0,0.336,0.01056181802532121,0.336,0.029376753743135132,-0.00020413607881817678,0.0007548460783273425,,,499.0,499.0,0.0
84,phoenix,0.3,0.0,1,serial_days,production,SYNTHETIC_DATA,fixed_date_spatial_only,2000,2000,0,0.957,0.004536022486716751,0.957,0.13211621980258162,0.00014170795539044328,0.000745698086815807,,,,,
84,phoenix,0.3,0.0,1,serial_days,production,SYNTHETIC_DATA,moment_separated_t,2000,2000,0,0.992,0.001991983935678198,0.992,0.18090166924753198,0.00014170795539044328,0.000745698086815807,6.0,0.622,,,
84,phoenix,0.3,0.0,1,serial_days,production,SYNTHETIC_DATA,double_spatial_noise_negative_control,2000,2000,0,0.999,0.0007067531393633852,0.999,0.24550413845247324,0.00014170795539044328,0.000745698086815807,,,,,
84,phoenix,0.3,0.0,1,serial_days,production,SYNTHETIC_DATA,oracle_known_variance,2000,2000,0,0.957,0.004536022486716751,0.957,0.13211621980258162,0.00014170795539044328,0.000745698086815807,,,,,
84,phoenix,0.3,0.0,1,serial_days,production,SYNTHETIC_DATA,existing_day_slope_bootstrap,2000,2000,0,0.862,0.007712198130234985,0.862,0.10373572237839486,-0.00030361758025982175,0.0006523334335431901,,,499.0,499.0,0.4649298597194389
84,phoenix,0.3,0.0,1,serial_days,production,SYNTHETIC_DATA,stratified_window_day_bootstrap,2000,2000,0,0.3255,0.01047735057159013,0.3255,0.029161890020069515,0.00014170795539044328,0.000745698086815807,,,499.0,499.0,0.0
85,phoenix,0.3,0.05,0,linear,production,SYNTHETIC_DATA,fixed_date_spatial_only,2000,2000,0,0.8325,0.008349962574766428,0.9535,0.17583110006862251,-0.0003783992487083052,0.0014538832486260356,,,,,
85,phoenix,0.3,0.05,0,linear,production,SYNTHETIC_DATA,moment_separated_t,2000,2000,0,0.9655,0.00408103847078167,0.994,0.3079621910208721,-0.0003783992487083052,0.0014538832486260356,6.0,0.2575,,,
85,phoenix,0.3,0.05,0,linear,production,SYNTHETIC_DATA,double_spatial_noise_negative_control,2000,2000,0,0.9945,0.0016537457482938467,0.9995,0.38130719374619004,-0.0003783992487083052,0.0014538832486260356,,,,,
85,phoenix,0.3,0.05,0,linear,production,SYNTHETIC_DATA,oracle_known_variance,2000,2000,0,0.947,0.005009540897128201,0.9955,0.25402625933634404,-0.0003783992487083052,0.0014538832486260356,,,,,
85,phoenix,0.3,0.05,0,linear,production,SYNTHETIC_DATA,existing_day_slope_bootstrap,2000,2000,0,0.9205,0.006048956521582876,0.9625,0.22968297228330153,-0.00013128057470694737,0.001245576795793569,,,499.0,499.0,0.4649298597194389
85,phoenix,0.3,0.05,0,linear,production,SYNTHETIC_DATA,stratified_window_day_bootstrap,2000,2000,0,0.2655,0.009874455681200862,0.3485,0.045432570325870884,-0.0003783992487083052,0.0014538832486260356,,,499.0,499.0,0.0
86,phoenix,0.3,0.05,0,season_offsets,production,SYNTHETIC_DATA,fixed_date_spatial_only,2000,2000,0,0.8325,0.008349962574766428,0.9575,0.17583110006862251,-0.0008288210755444316,0.0014193565989607888,,,,,
86,phoenix,0.3,0.05,0,season_offsets,production,SYNTHETIC_DATA,moment_separated_t,2000,2000,0,0.9675,0.00396508196636589,0.9965,0.311550706544422,-0.0008288210755444316,0.0014193565989607888,6.0,0.2355,,,
86,phoenix,0.3,0.05,0,season_offsets,production,SYNTHETIC_DATA,double_spatial_noise_negative_control,2000,2000,0,0.9935,0.0017969070649312877,1.0,0.3842160860554456,-0.0008288210755444316,0.0014193565989607888,,,,,
86,phoenix,0.3,0.05,0,season_offsets,production,SYNTHETIC_DATA,oracle_known_variance,2000,2000,0,0.9515,0.004803527349771207,0.997,0.25402625933634404,-0.0008288210755444316,0.0014193565989607888,,,,,
86,phoenix,0.3,0.05,0,season_offsets,production,SYNTHETIC_DATA,existing_day_slope_bootstrap,2000,2000,0,0.9995,0.000499874984371065,1.0,0.6386034329074082,0.06429040386761514,0.0012147271363284542,,,499.0,499.0,0.4649298597194389
86,phoenix,0.3,0.05,0,season_offsets,production,SYNTHETIC_DATA,stratified_window_day_bootstrap,2000,2000,0,0.2775,0.010012336140981284,0.374,0.04452923983636076,-0.0008288210755444316,0.0014193565989607888,,,499.0,499.0,0.0
87,phoenix,0.3,0.05,0,curved_time,production,SYNTHETIC_DATA,fixed_date_spatial_only,2000,2000,0,0.829,0.008418996377241174,0.9485,0.17583110006862251,0.003119365551782748,0.001451620676070436,,,,,
87,phoenix,0.3,0.05,0,curved_time,production,SYNTHETIC_DATA,moment_separated_t,2000,2000,0,1.0,0.0,1.0,0.5815004560215511,0.003119365551782748,0.001451620676070436,6.0,0.0015,,,
87,phoenix,0.3,0.05,0,curved_time,production,SYNTHETIC_DATA,double_spatial_noise_negative_control,2000,2000,0,1.0,0.0,1.0,0.6234535620547428,0.003119365551782748,0.001451620676070436,,,,,
87,phoenix,0.3,0.05,0,curved_time,production,SYNTHETIC_DATA,oracle_known_variance,2000,2000,0,0.9535,0.004708383480558906,0.999,0.25402625933634404,0.003119365551782748,0.001451620676070436,,,,,
87,phoenix,0.3,0.05,0,curved_time,production,SYNTHETIC_DATA,existing_day_slope_bootstrap,2000,2000,0,0.9995,0.000499874984371065,1.0,0.5789077742615184,-0.02850465630213339,0.0012675504394320772,,,499.0,499.0,0.4649298597194389
87,phoenix,0.3,0.05,0,curved_time,production,SYNTHETIC_DATA,stratified_window_day_bootstrap,2000,2000,0,0.2745,0.009978721110442961,0.3725,0.049416221191952533,0.003119365551782748,0.001451620676070436,,,499.0,499.0,0.0
88,phoenix,0.3,0.05,0,month_slope,production,SYNTHETIC_DATA,fixed_date_spatial_only,2000,2000,0,0.8285,0.00842875287334965,0.9495,0.17583110006862251,0.00022960600981880808,0.0014270078374579121,,,,,
88,phoenix,0.3,0.05,0,month_slope,production,SYNTHETIC_DATA,moment_separated_t,2000,2000,0,0.999,0.0007067531393633852,1.0,0.5741099882321614,0.00022960600981880808,0.0014270078374579121,6.0,0.001,,,
88,phoenix,0.3,0.05,0,month_slope,production,SYNTHETIC_DATA,double_spatial_noise_negative_control,2000,2000,0,0.9995,0.000499874984371065,1.0,0.6164839670605181,0.00022960600981880808,0.0014270078374579121,,,,,
88,phoenix,0.3,0.05,0,month_slope,production,SYNTHETIC_DATA,oracle_known_variance,2000,2000,0,0.957,0.004536022486716751,0.995,0.25402625933634404,0.00022960600981880808,0.0014270078374579121,,,,,
88,phoenix,0.3,0.05,0,month_slope,production,SYNTHETIC_DATA,existing_day_slope_bootstrap,2000,2000,0,0.969,0.003875499967746099,0.988,0.47356893046417203,0.1071403682311236,0.0012052163693896296,,,499.0,499.0,0.4649298597194389
88,phoenix,0.3,0.05,0,month_slope,production,SYNTHETIC_DATA,stratified_window_day_bootstrap,2000,2000,0,0.407,0.010985240097512661,0.539,0.07306705454793402,0.00022960600981880808,0.0014270078374579121,,,499.0,499.0,0.0
89,phoenix,0.3,0.05,0,heterogeneous_day,production,SYNTHETIC_DATA,fixed_date_spatial_only,2000,2000,0,0.656,0.010622240818207805,0.9435,0.17583110006862251,0.0008022172228138402,0.0020312984654989566,,,,,
89,phoenix,0.3,0.05,0,heterogeneous_day,production,SYNTHETIC_DATA,moment_separated_t,2000,2000,0,0.9305,0.005686376262612245,0.9945,0.34782543302073565,0.0008022172228138402,0.0020312984654989566,6.0,0.159,,,
89,phoenix,0.3,0.05,0,heterogeneous_day,production,SYNTHETIC_DATA,double_spatial_noise_negative_control,2000,2000,0,0.9725,0.003656757443418962,1.0,0.4150019234266839,0.0008022172228138402,0.0020312984654989566,,,,,
89,phoenix,0.3,0.05,0,heterogeneous_day,production,SYNTHETIC_DATA,oracle_known_variance,2000,2000,0,0.9495,0.0048964145045124596,0.9995,0.3495013916178697,0.0008022172228138402,0.0020312984654989566,,,,,
89,phoenix,0.3,0.05,0,heterogeneous_day,production,SYNTHETIC_DATA,existing_day_slope_bootstrap,2000,2000,0,0.9285,0.005761412587204635,0.964,0.2678748242123049,0.0004910363614981344,0.0014408707106308698,,,499.0,499.0,0.4649298597194389
89,phoenix,0.3,0.05,0,heterogeneous_day,production,SYNTHETIC_DATA,stratified_window_day_bootstrap,2000,2000,0,0.1885,0.008745505988792188,0.349,0.0454518581720925,0.0008022172228138402,0.0020312984654989566,,,499.0,499.0,0.0
90,phoenix,0.3,0.05,0,serial_days,production,SYNTHETIC_DATA,fixed_date_spatial_only,2000,2000,0,0.8845,0.007147018609182434,0.949,0.17583110006862251,0.0009217447250149181,0.0012607881782014563,,,,,
90,phoenix,0.3,0.05,0,serial_days,production,SYNTHETIC_DATA,moment_separated_t,2000,2000,0,0.971,0.0037522659820433853,0.993,0.27052125121522974,0.0009217447250149181,0.0012607881782014563,6.0,0.407,,,
90,phoenix,0.3,0.05,0,serial_days,production,SYNTHETIC_DATA,double_spatial_noise_negative_control,2000,2000,0,0.995,0.0015771810295587513,0.9995,0.35044986174319515,0.0009217447250149181,0.0012607881782014563,,,,,
90,phoenix,0.3,0.05,0,serial_days,production,SYNTHETIC_DATA,oracle_known_variance,2000,2000,0,0.9515,0.004803527349771207,0.985,0.22033322426236748,0.0009217447250149181,0.0012607881782014563,,,,,
90,phoenix,0.3,0.05,0,serial_days,production,SYNTHETIC_DATA,existing_day_slope_bootstrap,2000,2000,0,0.9305,0.005686376262612245,0.9495,0.21869929510453395,-0.00013199723142334296,0.001133557814030707,,,499.0,499.0,0.4649298597194389
90,phoenix,0.3,0.05,0,serial_days,production,SYNTHETIC_DATA,stratified_window_day_bootstrap,2000,2000,0,0.2865,0.010109840503192916,0.3385,0.042304038668852066,0.0009217447250149181,0.0012607881782014563,,,499.0,499.0,0.0
91,phoenix,0.3,0.05,1,linear,production,SYNTHETIC_DATA,fixed_date_spatial_only,2000,2000,0,0.7395,0.009814268948831592,0.949,0.13211621980258162,1.646908215457199e-05,0.0012971634012372464,,,,,
91,phoenix,0.3,0.05,1,linear,production,SYNTHETIC_DATA,moment_separated_t,2000,2000,0,0.9625,0.004248161366991606,0.999,0.27089239634709666,1.646908215457199e-05,0.0012971634012372464,6.0,0.0685,,,
91,phoenix,0.3,0.05,1,linear,production,SYNTHETIC_DATA,double_spatial_noise_negative_control,2000,2000,0,0.991,0.002111752826445369,1.0,0.3194017100323449,1.646908215457199e-05,0.0012971634012372464,,,,,
91,phoenix,0.3,0.05,1,linear,production,SYNTHETIC_DATA,oracle_known_variance,2000,2000,0,0.952,0.004779958158812692,0.999,0.22598110588276552,1.646908215457199e-05,0.0012971634012372464,,,,,
91,phoenix,0.3,0.05,1,linear,production,SYNTHETIC_DATA,existing_day_slope_bootstrap,2000,2000,0,0.898,0.006767421961131136,0.9625,0.19243308746951812,-0.0015154694159173023,0.001101360077497687,,,499.0,499.0,0.4649298597194389
91,phoenix,0.3,0.05,1,linear,production,SYNTHETIC_DATA,stratified_window_day_bootstrap,2000,2000,0,0.2675,0.009898074307662071,0.379,0.03734745845513841,1.646908215457199e-05,0.0012971634012372464,,,499.0,499.0,0.0
92,phoenix,0.3,0.05,1,season_offsets,production,SYNTHETIC_DATA,fixed_date_spatial_only,2000,2000,0,0.749,0.009695333929267212,0.943,0.13211621980258162,0.003136498633818837,0.0012761890168862238,,,,,
92,phoenix,0.3,0.05,1,season_offsets,production,SYNTHETIC_DATA,moment_separated_t,2000,2000,0,0.9665,0.004023540107914917,0.9995,0.2714467061543645,0.003136498633818837,0.0012761890168862238,6.0,0.0745,,,
92,phoenix,0.3,0.05,1,season_offsets,production,SYNTHETIC_DATA,double_spatial_noise_negative_control,2000,2000,0,0.9925,0.0019292161620720412,1.0,0.31982633215517775,0.003136498633818837,0.0012761890168862238,,,,,
92,phoenix,0.3,0.05,1,season_offsets,production,SYNTHETIC_DATA,oracle_known_variance,2000,2000,0,0.9555,0.004610843198374891,0.9985,0.22598110588276552,0.003136498633818837,0.0012761890168862238,,,,,
92,phoenix,0.3,0.05,1,season_offsets,production,SYNTHETIC_DATA,existing_day_slope_bootstrap,2000,2000,0,1.0,0.0,1.0,0.6272438040046836,0.06872292826077307,0.0010843683757193693,,,499.0,499.0,0.4649298597194389
92,phoenix,0.3,0.05,1,season_offsets,production,SYNTHETIC_DATA,stratified_window_day_bootstrap,2000,2000,0,0.239,0.009536220425304776,0.41,0.038561787444606865,0.003136498633818837,0.0012761890168862238,,,499.0,499.0,0.0
93,phoenix,0.3,0.05,1,curved_time,production,SYNTHETIC_DATA,fixed_date_spatial_only,2000,2000,0,0.7325,0.009898074307662071,0.952,0.13211621980258162,-0.0002141027243488074,0.0013120460223501836,,,,,
93,phoenix,0.3,0.05,1,curved_time,production,SYNTHETIC_DATA,moment_separated_t,2000,2000,0,0.9995,0.000499874984371065,1.0,0.5665885157551818,-0.0002141027243488074,0.0013120460223501836,6.0,0.0,,,
93,phoenix,0.3,0.05,1,curved_time,production,SYNTHETIC_DATA,double_spatial_noise_negative_control,2000,2000,0,0.9995,0.000499874984371065,1.0,0.5910599772716095,-0.0002141027243488074,0.0013120460223501836,,,,,
93,phoenix,0.3,0.05,1,curved_time,production,SYNTHETIC_DATA,oracle_known_variance,2000,2000,0,0.942,0.005226662414964259,0.999,0.22598110588276552,-0.0002141027243488074,0.0013120460223501836,,,,,
93,phoenix,0.3,0.05,1,curved_time,production,SYNTHETIC_DATA,existing_day_slope_bootstrap,2000,2000,0,0.9995,0.000499874984371065,1.0,0.5678758918108433,-0.031456582183511626,0.0011147788706977215,,,499.0,499.0,0.4649298597194389
93,phoenix,0.3,0.05,1,curved_time,production,SYNTHETIC_DATA,stratified_window_day_bootstrap,2000,2000,0,0.264,0.009856571412007322,0.4165,0.040854888767600614,-0.0002141027243488074,0.0013120460223501836,,,499.0,499.0,0.0
94,phoenix,0.3,0.05,1,month_slope,production,SYNTHETIC_DATA,fixed_date_spatial_only,2000,2000,0,0.748,0.009708140913686821,0.9595,0.13211621980258162,-0.00011714890512121223,0.0012904596790439342,,,,,
94,phoenix,0.3,0.05,1,month_slope,production,SYNTHETIC_DATA,moment_separated_t,2000,2000,0,0.9995,0.000499874984371065,1.0,0.5617309318076417,-0.00011714890512121223,0.0012904596790439342,6.0,0.0,,,
94,phoenix,0.3,0.05,1,month_slope,production,SYNTHETIC_DATA,double_spatial_noise_negative_control,2000,2000,0,1.0,0.0,1.0,0.5861020982943089,-0.00011714890512121223,0.0012904596790439342,,,,,
94,phoenix,0.3,0.05,1,month_slope,production,SYNTHETIC_DATA,oracle_known_variance,2000,2000,0,0.948,0.0049646752159632785,1.0,0.22598110588276552,-0.00011714890512121223,0.0012904596790439342,,,,,
94,phoenix,0.3,0.05,1,month_slope,production,SYNTHETIC_DATA,existing_day_slope_bootstrap,2000,2000,0,0.977,0.0033519397369284566,0.999,0.45631847990905644,0.10622618077616454,0.0010893571778817506,,,499.0,499.0,0.4649298597194389
94,phoenix,0.3,0.05,1,month_slope,production,SYNTHETIC_DATA,stratified_window_day_bootstrap,2000,2000,0,0.446,0.011114944894150398,0.664,0.07221794840198256,-0.00011714890512121223,0.0012904596790439342,,,499.0,499.0,0.0
95,phoenix,0.3,0.05,1,heterogeneous_day,production,SYNTHETIC_DATA,fixed_date_spatial_only,2000,2000,0,0.567,0.011079508111825181,0.948,0.13211621980258162,0.003550670642131679,0.0018803105965364483,,,,,
95,phoenix,0.3,0.05,1,heterogeneous_day,production,SYNTHETIC_DATA,moment_separated_t,2000,2000,0,0.921,0.006031542091372652,0.9995,0.3151595016255254,0.003550670642131679,0.0018803105965364483,6.0,0.0465,,,
95,phoenix,0.3,0.05,1,heterogeneous_day,production,SYNTHETIC_DATA,double_spatial_noise_negative_control,2000,2000,0,0.9625,0.004248161366991606,1.0,0.35853096157355147,0.003550670642131679,0.0018803105965364483,,,,,
95,phoenix,0.3,0.05,1,heterogeneous_day,production,SYNTHETIC_DATA,oracle_known_variance,2000,2000,0,0.9505,0.004850244839180801,1.0,0.32968066750479863,0.003550670642131679,0.0018803105965364483,,,,,
95,phoenix,0.3,0.05,1,heterogeneous_day,production,SYNTHETIC_DATA,existing_day_slope_bootstrap,2000,2000,0,0.904,0.006587260432076448,0.958,0.2296020407812951,0.0018311727092383903,0.0013313746198153253,,,499.0,499.0,0.4649298597194389
95,phoenix,0.3,0.05,1,heterogeneous_day,production,SYNTHETIC_DATA,stratified_window_day_bootstrap,2000,2000,0,0.179,0.008572018432084709,0.3965,0.038184691806103,0.003550670642131679,0.0018803105965364483,,,499.0,499.0,0.0
96,phoenix,0.3,0.05,1,serial_days,production,SYNTHETIC_DATA,fixed_date_spatial_only,2000,2000,0,0.8365,0.008269454335081607,0.953,0.13211621980258162,0.0012947184970419935,0.0010792892614973997,,,,,
96,phoenix,0.3,0.05,1,serial_days,production,SYNTHETIC_DATA,moment_separated_t,2000,2000,0,0.958,0.00448530935387962,0.9945,0.21689115005127976,0.0012947184970419935,0.0010792892614973997,6.0,0.2575,,,
96,phoenix,0.3,0.05,1,serial_days,production,SYNTHETIC_DATA,double_spatial_noise_negative_control,2000,2000,0,0.993,0.0018642692938521525,1.0,0.27422620480630394,0.0012947184970419935,0.0010792892614973997,,,,,
96,phoenix,0.3,0.05,1,serial_days,production,SYNTHETIC_DATA,oracle_known_variance,2000,2000,0,0.9515,0.004803527349771207,0.993,0.18730950188773876,0.0012947184970419935,0.0010792892614973997,,,,,
96,phoenix,0.3,0.05,1,serial_days,production,SYNTHETIC_DATA,existing_day_slope_bootstrap,2000,2000,0,0.9095,0.006415206543830059,0.953,0.17505148471733217,0.0011052468627939524,0.0009663593929411629,,,499.0,499.0,0.4649298597194389
96,phoenix,0.3,0.05,1,serial_days,production,SYNTHETIC_DATA,stratified_window_day_bootstrap,2000,2000,0,0.2775,0.010012336140981284,0.3815,0.0360250415221987,0.0012947184970419935,0.0010792892614973997,,,499.0,499.0,0.0
97,phoenix,0.3,0.15,0,linear,production,SYNTHETIC_DATA,fixed_date_spatial_only,2000,2000,0,0.46,0.011144505372604026,0.9535,0.17583110006862251,-0.003976274779521493,0.0032843309719607274,,,,,
97,phoenix,0.3,0.15,0,linear,production,SYNTHETIC_DATA,moment_separated_t,2000,2000,0,0.9545,0.004659922209651143,1.0,0.6874119374370834,-0.003976274779521493,0.0032843309719607274,6.0,0.0055,,,
97,phoenix,0.3,0.15,0,linear,production,SYNTHETIC_DATA,double_spatial_noise_negative_control,2000,2000,0,0.971,0.0037522659820433853,1.0,0.7248034291961396,-0.003976274779521493,0.0032843309719607274,,,,,
97,phoenix,0.3,0.15,0,linear,production,SYNTHETIC_DATA,oracle_known_variance,2000,2000,0,0.9475,0.004987171041783106,1.0,0.5774352412877173,-0.003976274779521493,0.0032843309719607274,,,,,
97,phoenix,0.3,0.15,0,linear,production,SYNTHETIC_DATA,existing_day_slope_bootstrap,2000,2000,0,0.925,0.0058896094946948715,0.9945,0.5126319161339374,-0.003892149240984583,0.0027767832555406656,,,499.0,499.0,0.4649298597194389
97,phoenix,0.3,0.15,0,linear,production,SYNTHETIC_DATA,stratified_window_day_bootstrap,2000,2000,0,0.2525,0.009714518773464798,0.5985,0.09332779444083159,-0.003976274779521493,0.0032843309719607274,,,499.0,499.0,0.0
98,phoenix,0.3,0.15,0,season_offsets,production,SYNTHETIC_DATA,fixed_date_spatial_only,2000,2000,0,0.447,0.011117351303255644,0.9495,0.17583110006862251,0.0011412529472899706,0.0032728331683385768,,,,,
98,phoenix,0.3,0.15,0,season_offsets,production,SYNTHETIC_DATA,moment_separated_t,2000,2000,0,0.954,0.0046842288586276416,1.0,0.6925365542864425,0.0011412529472899706,0.0032728331683385768,6.0,0.008,,,
98,phoenix,0.3,0.15,0,season_offsets,production,SYNTHETIC_DATA,double_spatial_noise_negative_control,2000,2000,0,0.9695,0.0038451105315712303,1.0,0.7297727955320179,0.0011412529472899706,0.0032728331683385768,,,,,
98,phoenix,0.3,0.15,0,season_offsets,production,SYNTHETIC_DATA,oracle_known_variance,2000,2000,0,0.954,0.0046842288586276416,1.0,0.5774352412877173,0.0011412529472899706,0.0032728331683385768,,,,,
98,phoenix,0.3,0.15,0,season_offsets,production,SYNTHETIC_DATA,existing_day_slope_bootstrap,2000,2000,0,0.974,0.0035583704135460676,0.998,0.7718583669282534,0.06769472638981724,0.0027482958053504872,,,499.0,499.0,0.4649298597194389
98,phoenix,0.3,0.15,0,season_offsets,production,SYNTHETIC_DATA,stratified_window_day_bootstrap,2000,2000,0,0.232,0.009438643970401681,0.5845,0.09160121249051227,0.0011412529472899706,0.0032728331683385768,,,499.0,499.0,0.0
99,phoenix,0.3,0.15,0,curved_time,production,SYNTHETIC_DATA,fixed_date_spatial_only,2000,2000,0,0.47,0.011160197130875422,0.947,0.17583110006862251,-0.0015438892942967822,0.0032046669545888395,,,,,
99,phoenix,0.3,0.15,0,curved_time,production,SYNTHETIC_DATA,moment_separated_t,2000,2000,0,0.977,0.0033519397369284566,0.9995,0.8474924851603368,-0.0015438892942967822,0.0032046669545888395,6.0,0.003,,,
99,phoenix,0.3,0.15,0,curved_time,production,SYNTHETIC_DATA,double_spatial_noise_negative_control,2000,2000,0,0.988,0.0024347484469653133,1.0,0.8781308919718909,-0.0015438892942967822,0.0032046669545888395,,,,,
99,phoenix,0.3,0.15,0,curved_time,production,SYNTHETIC_DATA,oracle_known_variance,2000,2000,0,0.953,0.004732388403332932,1.0,0.5774352412877173,-0.0015438892942967822,0.0032046669545888395,,,,,
99,phoenix,0.3,0.15,0,curved_time,production,SYNTHETIC_DATA,existing_day_slope_bootstrap,2000,2000,0,0.974,0.0035583704135460676,0.9985,0.7121095766922922,-0.03394070698504635,0.002703368917562197,,,499.0,499.0,0.4649298597194389
99,phoenix,0.3,0.15,0,curved_time,production,SYNTHETIC_DATA,stratified_window_day_bootstrap,2000,2000,0,0.242,0.009576951498258723,0.572,0.09160537772357832,-0.0015438892942967822,0.0032046669545888395,,,499.0,499.0,0.0
100,phoenix,0.3,0.15,0,month_slope,production,SYNTHETIC_DATA,fixed_date_spatial_only,2000,2000,0,0.4375,0.01109264959331178,0.9505,0.17583110006862251,-0.0018067853717623388,0.0033459556260276475,,,,,
100,phoenix,0.3,0.15,0,month_slope,production,SYNTHETIC_DATA,moment_separated_t,2000,2000,0,0.9725,0.003656757443418962,1.0,0.8399892159292872,-0.0018067853717623388,0.0033459556260276475,6.0,0.001,,,
100,phoenix,0.3,0.15,0,month_slope,production,SYNTHETIC_DATA,double_spatial_noise_negative_control,2000,2000,0,0.982,0.002972877394041,1.0,0.870677188662068,-0.0018067853717623388,0.0033459556260276475,,,,,
100,phoenix,0.3,0.15,0,month_slope,production,SYNTHETIC_DATA,oracle_known_variance,2000,2000,0,0.943,0.005184158562389852,1.0,0.5774352412877173,-0.0018067853717623388,0.0033459556260276475,,,,,
100,phoenix,0.3,0.15,0,month_slope,production,SYNTHETIC_DATA,existing_day_slope_bootstrap,2000,2000,0,0.9115,0.006350895606133045,0.9945,0.6548227159485687,0.1071240459751571,0.0027705898766086532,,,499.0,499.0,0.4649298597194389
100,phoenix,0.3,0.15,0,month_slope,production,SYNTHETIC_DATA,stratified_window_day_bootstrap,2000,2000,0,0.27,0.009927235264664578,0.636,0.10913473089230664,-0.0018067853717623388,0.0033459556260276475,,,499.0,499.0,0.0
101,phoenix,0.3,0.15,0,heterogeneous_day,production,SYNTHETIC_DATA,fixed_date_spatial_only,2000,2000,0,0.2775,0.010012336140981284,0.96,0.17583110006862251,0.0035496263156042382,0.005255115336503623,,,,,
101,phoenix,0.3,0.15,0,heterogeneous_day,production,SYNTHETIC_DATA,moment_separated_t,2000,2000,0,0.917,0.006168914004912047,1.0,0.8464700882735535,0.0035496263156042382,0.005255115336503623,6.0,0.002,,,
101,phoenix,0.3,0.15,0,heterogeneous_day,production,SYNTHETIC_DATA,double_spatial_noise_negative_control,2000,2000,0,0.931,0.0056674068144081545,1.0,0.8774747052221071,0.0035496263156042382,0.005255115336503623,,,,,
101,phoenix,0.3,0.15,0,heterogeneous_day,production,SYNTHETIC_DATA,oracle_known_variance,2000,2000,0,0.9505,0.004850244839180801,1.0,0.9230538438654112,0.0035496263156042382,0.005255115336503623,,,,,
101,phoenix,0.3,0.15,0,heterogeneous_day,production,SYNTHETIC_DATA,existing_day_slope_bootstrap,2000,2000,0,0.932,0.005629209535982825,0.9955,0.6469137639514775,0.0014449518271059491,0.0034828865064434004,,,499.0,499.0,0.4649298597194389
101,phoenix,0.3,0.15,0,heterogeneous_day,production,SYNTHETIC_DATA,stratified_window_day_bootstrap,2000,2000,0,0.1445,0.007861925654698091,0.591,0.09127313694548894,0.0035496263156042382,0.005255115336503623,,,499.0,499.0,0.0
102,phoenix,0.3,0.15,0,serial_days,production,SYNTHETIC_DATA,fixed_date_spatial_only,2000,2000,0,0.5815,0.011030814793114786,0.95,0.17583110006862251,0.002523041133502205,0.0024605496855192323,,,,,
102,phoenix,0.3,0.15,0,serial_days,production,SYNTHETIC_DATA,moment_separated_t,2000,2000,0,0.925,0.0058896094946948715,0.997,0.4610363895016146,0.002523041133502205,0.0024605496855192323,6.0,0.065,,,
102,phoenix,0.3,0.15,0,serial_days,production,SYNTHETIC_DATA,double_spatial_noise_negative_control,2000,2000,0,0.9645,0.0041376170678302255,1.0,0.5150702991373767,0.002523041133502205,0.0024605496855192323,,,,,
102,phoenix,0.3,0.15,0,serial_days,production,SYNTHETIC_DATA,oracle_known_variance,2000,2000,0,0.954,0.0046842288586276416,1.0,0.43541699715780563,0.002523041133502205,0.0024605496855192323,,,,,
102,phoenix,0.3,0.15,0,serial_days,production,SYNTHETIC_DATA,existing_day_slope_bootstrap,2000,2000,0,0.918,0.006134981662564281,0.9875,0.45017676171406956,0.005238521353766482,0.0023644790889007818,,,499.0,499.0,0.4649298597194389
102,phoenix,0.3,0.15,0,serial_days,production,SYNTHETIC_DATA,stratified_window_day_bootstrap,2000,2000,0,0.2745,0.009978721110442961,0.5155,0.07921200518963774,0.002523041133502205,0.0024605496855192323,,,499.0,499.0,0.0
103,phoenix,0.3,0.15,1,linear,production,SYNTHETIC_DATA,fixed_date_spatial_only,2000,2000,0,0.3465,0.010640435846336371,0.9605,0.13211621980258162,0.00732401920001522,0.003264859055858723,,,,,
103,phoenix,0.3,0.15,1,linear,production,SYNTHETIC_DATA,moment_separated_t,2000,2000,0,0.956,0.004586065852122058,1.0,0.674204962292585,0.00732401920001522,0.003264859055858723,6.0,0.0,,,
103,phoenix,0.3,0.15,1,linear,production,SYNTHETIC_DATA,double_spatial_noise_negative_control,2000,2000,0,0.9655,0.00408103847078167,1.0,0.6959567254745892,0.00732401920001522,0.003264859055858723,,,,,
103,phoenix,0.3,0.15,1,linear,production,SYNTHETIC_DATA,oracle_known_variance,2000,2000,0,0.9475,0.004987171041783106,1.0,0.5656585345105176,0.00732401920001522,0.003264859055858723,,,,,
103,phoenix,0.3,0.15,1,linear,production,SYNTHETIC_DATA,existing_day_slope_bootstrap,2000,2000,0,0.9145,0.006252589463574273,0.9965,0.4929326208151224,0.005415617287751237,0.0027704854265458087,,,499.0,499.0,0.4649298597194389
103,phoenix,0.3,0.15,1,linear,production,SYNTHETIC_DATA,stratified_window_day_bootstrap,2000,2000,0,0.231,0.009424409795843983,0.6615,0.08835432666377221,0.00732401920001522,0.003264859055858723,,,499.0,499.0,0.0
104,phoenix,0.3,0.15,1,season_offsets,production,SYNTHETIC_DATA,fixed_date_spatial_only,2000,2000,0,0.35,0.01066536450385077,0.96,0.13211621980258162,-0.0010699889359348815,0.0032463760321141,,,,,
104,phoenix,0.3,0.15,1,season_offsets,production,SYNTHETIC_DATA,moment_separated_t,2000,2000,0,0.9555,0.004610843198374891,1.0,0.6812011570617069,-0.0010699889359348815,0.0032463760321141,6.0,0.0,,,
104,phoenix,0.3,0.15,1,season_offsets,production,SYNTHETIC_DATA,double_spatial_noise_negative_control,2000,2000,0,0.9625,0.004248161366991606,1.0,0.7027267848330427,-0.0010699889359348815,0.0032463760321141,,,,,
104,phoenix,0.3,0.15,1,season_offsets,production,SYNTHETIC_DATA,oracle_known_variance,2000,2000,0,0.943,0.005184158562389852,1.0,0.5656585345105176,-0.0010699889359348815,0.0032463760321141,,,,,
104,phoenix,0.3,0.15,1,season_offsets,production,SYNTHETIC_DATA,existing_day_slope_bootstrap,2000,2000,0,0.9775,0.003316153645415119,0.9995,0.76307522032663,0.06689325020348029,0.0028093148466013167,,,499.0,499.0,0.4649298597194389
104,phoenix,0.3,0.15,1,season_offsets,production,SYNTHETIC_DATA,stratified_window_day_bootstrap,2000,2000,0,0.2385,0.009529369076701773,0.647,0.08851246320019635,-0.0010699889359348815,0.0032463760321141,,,499.0,499.0,0.0
105,phoenix,0.3,0.15,1,curved_time,production,SYNTHETIC_DATA,fixed_date_spatial_only,2000,2000,0,0.3505,0.010668874120543367,0.9595,0.13211621980258162,-0.0011317349580113715,0.003224580488922443,,,,,
105,phoenix,0.3,0.15,1,curved_time,production,SYNTHETIC_DATA,moment_separated_t,2000,2000,0,0.975,0.003491060010942237,1.0,0.8280784501453625,-0.0011317349580113715,0.003224580488922443,6.0,0.0,,,
105,phoenix,0.3,0.15,1,curved_time,production,SYNTHETIC_DATA,double_spatial_noise_negative_control,2000,2000,0,0.979,0.00320616593457045,1.0,0.8457011092816982,-0.0011317349580113715,0.003224580488922443,,,,,
105,phoenix,0.3,0.15,1,curved_time,production,SYNTHETIC_DATA,oracle_known_variance,2000,2000,0,0.945,0.005097793640389931,1.0,0.5656585345105176,-0.0011317349580113715,0.003224580488922443,,,,,
105,phoenix,0.3,0.15,1,curved_time,production,SYNTHETIC_DATA,existing_day_slope_bootstrap,2000,2000,0,0.9685,0.0039056209493497944,0.9995,0.6942440481442338,-0.031514442910865643,0.002686174643887486,,,499.0,499.0,0.4649298597194389
105,phoenix,0.3,0.15,1,curved_time,production,SYNTHETIC_DATA,stratified_window_day_bootstrap,2000,2000,0,0.226,0.009352112060919715,0.6465,0.08867379553291932,-0.0011317349580113715,0.003224580488922443,,,499.0,499.0,0.0
106,phoenix,0.3,0.15,1,month_slope,production,SYNTHETIC_DATA,fixed_date_spatial_only,2000,2000,0,0.3725,0.010810729623850556,0.955,0.13211621980258162,0.002963723887433586,0.0030953348383365004,,,,,
106,phoenix,0.3,0.15,1,month_slope,production,SYNTHETIC_DATA,moment_separated_t,2000,2000,0,0.9855,0.00267298989897081,1.0,0.8357821797201127,0.002963723887433586,0.0030953348383365004,6.0,0.0,,,
106,phoenix,0.3,0.15,1,month_slope,production,SYNTHETIC_DATA,double_spatial_noise_negative_control,2000,2000,0,0.988,0.0024347484469653133,1.0,0.8531914518426013,0.002963723887433586,0.0030953348383365004,,,,,
106,phoenix,0.3,0.15,1,month_slope,production,SYNTHETIC_DATA,oracle_known_variance,2000,2000,0,0.9585,0.004459694496263168,1.0,0.5656585345105176,0.002963723887433586,0.0030953348383365004,,,,,
106,phoenix,0.3,0.15,1,month_slope,production,SYNTHETIC_DATA,existing_day_slope_bootstrap,2000,2000,0,0.919,0.006100778638829636,0.9965,0.6382137666042702,0.10967635781215643,0.0026290333670274954,,,499.0,499.0,0.4649298597194389
106,phoenix,0.3,0.15,1,month_slope,production,SYNTHETIC_DATA,stratified_window_day_bootstrap,2000,2000,0,0.284,0.010083253443209686,0.7,0.1020827605448451,0.002963723887433586,0.0030953348383365004,,,499.0,499.0,0.0
107,phoenix,0.3,0.15,1,heterogeneous_day,production,SYNTHETIC_DATA,fixed_date_spatial_only,2000,2000,0,0.222,0.009292900515985308,0.96,0.13211621980258162,0.0045043919321769614,0.005220980079352347,,,,,
107,phoenix,0.3,0.15,1,heterogeneous_day,production,SYNTHETIC_DATA,moment_separated_t,2000,2000,0,0.9155,0.006219314672855845,1.0,0.8367390998574926,0.0045043919321769614,0.005220980079352347,6.0,0.0,,,
107,phoenix,0.3,0.15,1,heterogeneous_day,production,SYNTHETIC_DATA,double_spatial_noise_negative_control,2000,2000,0,0.926,0.005853375094763702,1.0,0.8545399539149848,0.0045043919321769614,0.005220980079352347,,,,,
107,phoenix,0.3,0.15,1,heterogeneous_day,production,SYNTHETIC_DATA,oracle_known_variance,2000,2000,0,0.957,0.004536022486716751,1.0,0.9157327767740396,0.0045043919321769614,0.005220980079352347,,,,,
107,phoenix,0.3,0.15,1,heterogeneous_day,production,SYNTHETIC_DATA,existing_day_slope_bootstrap,2000,2000,0,0.9075,0.006478570444164362,0.9965,0.6302056667652404,0.003579936972875825,0.0035915381260016943,,,499.0,499.0,0.4649298597194389
107,phoenix,0.3,0.15,1,heterogeneous_day,production,SYNTHETIC_DATA,stratified_window_day_bootstrap,2000,2000,0,0.1505,0.007995303308818247,0.666,0.09029711584584456,0.0045043919321769614,0.005220980079352347,,,499.0,499.0,0.0
108,phoenix,0.3,0.15,1,serial_days,production,SYNTHETIC_DATA,fixed_date_spatial_only,2000,2000,0,0.4695,0.011159519478902305,0.9465,0.13211621980258162,-0.001212108190320303,0.002367073831589551,,,,,
108,phoenix,0.3,0.15,1,serial_days,production,SYNTHETIC_DATA,moment_separated_t,2000,2000,0,0.929,0.005742778073371805,1.0,0.4421072734257039,-0.001212108190320303,0.002367073831589551,6.0,0.005,,,
108,phoenix,0.3,0.15,1,serial_days,production,SYNTHETIC_DATA,double_spatial_noise_negative_control,2000,2000,0,0.9565,0.004561126505590477,1.0,0.4744908364093792,-0.001212108190320303,0.002367073831589551,,,,,
108,phoenix,0.3,0.15,1,serial_days,production,SYNTHETIC_DATA,oracle_known_variance,2000,2000,0,0.951,0.004826955562256609,1.0,0.4196737794972456,-0.001212108190320303,0.002367073831589551,,,,,
108,phoenix,0.3,0.15,1,serial_days,production,SYNTHETIC_DATA,existing_day_slope_bootstrap,2000,2000,0,0.9245,0.005907611615534657,0.991,0.42858135009010495,-0.0030169410285529564,0.0023026785605366152,,,499.0,499.0,0.4649298597194389
108,phoenix,0.3,0.15,1,serial_days,production,SYNTHETIC_DATA,stratified_window_day_bootstrap,2000,2000,0,0.269,0.009915618992276781,0.6115,0.07674047564909144,-0.001212108190320303,0.002367073831589551,,,499.0,499.0,0.0
109,atlanta,-0.3,0.0,0,linear,production,SYNTHETIC_DATA,fixed_date_spatial_only,2000,2000,0,0.9555,0.004610843198374891,0.9555,0.03855960512935594,2.107694180473532e-05,0.00021446079846118788,,,,,
109,atlanta,-0.3,0.0,0,linear,production,SYNTHETIC_DATA,moment_separated_t,2000,2000,0,1.0,0.0,1.0,0.10947080236980705,2.107694180473532e-05,0.00021446079846118788,2.0,0.6565,,,
109,atlanta,-0.3,0.0,0,linear,production,SYNTHETIC_DATA,double_spatial_noise_negative_control,2000,2000,0,1.0,0.0,1.0,0.14042770549898864,2.107694180473532e-05,0.00021446079846118788,,,,,
109,atlanta,-0.3,0.0,0,linear,production,SYNTHETIC_DATA,oracle_known_variance,2000,2000,0,0.9555,0.004610843198374891,0.9555,0.03855960512935594,2.107694180473532e-05,0.00021446079846118788,,,,,
109,atlanta,-0.3,0.0,0,linear,production,SYNTHETIC_DATA,existing_day_slope_bootstrap,2000,2000,0,0.943,0.005184158562389852,0.943,0.07744862742682317,5.0953849676626196e-05,0.0002083869536301972,,,499.0,497.0,0.5895372233400402
109,atlanta,-0.3,0.0,0,linear,production,SYNTHETIC_DATA,stratified_window_day_bootstrap,2000,2000,0,0.0,0.0,0.0,0.0,2.107694180473532e-05,0.00021446079846118788,,,499.0,499.0,0.0
110,atlanta,-0.3,0.0,0,season_offsets,production,SYNTHETIC_DATA,fixed_date_spatial_only,2000,2000,0,0.948,0.0049646752159632785,0.948,0.038559605129355946,-0.0003267029809937833,0.00022290538796813404,,,,,
110,atlanta,-0.3,0.0,0,season_offsets,production,SYNTHETIC_DATA,moment_separated_t,2000,2000,0,1.0,0.0,1.0,0.11084967781408404,-0.0003267029809937833,0.00022290538796813404,2.0,0.614,,,
110,atlanta,-0.3,0.0,0,season_offsets,production,SYNTHETIC_DATA,double_spatial_noise_negative_control,2000,2000,0,1.0,0.0,1.0,0.14144545925933927,-0.0003267029809937833,0.00022290538796813404,,,,,
110,atlanta,-0.3,0.0,0,season_offsets,production,SYNTHETIC_DATA,oracle_known_variance,2000,2000,0,0.948,0.0049646752159632785,0.948,0.038559605129355946,-0.0003267029809937833,0.00022290538796813404,,,,,
110,atlanta,-0.3,0.0,0,season_offsets,production,SYNTHETIC_DATA,existing_day_slope_bootstrap,2000,2000,0,0.9435,0.005162739098579358,0.9435,0.29513392642205755,0.07330459566813252,0.00021267170887249447,,,499.0,497.0,0.5895372233400402
110,atlanta,-0.3,0.0,0,season_offsets,production,SYNTHETIC_DATA,stratified_window_day_bootstrap,2000,2000,0,0.0,0.0,0.0,0.0,-0.0003267029809937833,0.00022290538796813404,,,499.0,499.0,0.0
111,atlanta,-0.3,0.0,0,curved_time,production,SYNTHETIC_DATA,fixed_date_spatial_only,2000,2000,0,0.942,0.005226662414964259,0.942,0.03855960512935593,0.00011628282366109724,0.00022720808071522808,,,,,
111,atlanta,-0.3,0.0,0,curved_time,production,SYNTHETIC_DATA,moment_separated_t,2000,2000,0,1.0,0.0,1.0,1.8147806703394103,0.00011628282366109724,0.00022720808071522808,2.0,0.0,,,
111,atlanta,-0.3,0.0,0,curved_time,production,SYNTHETIC_DATA,double_spatial_noise_negative_control,2000,2000,0,1.0,0.0,1.0,1.816758856001345,0.00011628282366109724,0.00022720808071522808,,,,,
111,atlanta,-0.3,0.0,0,curved_time,production,SYNTHETIC_DATA,oracle_known_variance,2000,2000,0,0.942,0.005226662414964259,0.942,0.03855960512935593,0.00011628282366109724,0.00022720808071522808,,,,,
111,atlanta,-0.3,0.0,0,curved_time,production,SYNTHETIC_DATA,existing_day_slope_bootstrap,2000,2000,0,1.0,0.0,1.0,1.3473894345954749,0.04359863097593884,0.00021418947388435593,,,499.0,497.0,0.5895372233400402
111,atlanta,-0.3,0.0,0,curved_time,production,SYNTHETIC_DATA,stratified_window_day_bootstrap,2000,2000,0,0.0,0.0,0.0,0.0,0.00011628282366109724,0.00022720808071522808,,,499.0,499.0,0.0
112,atlanta,-0.3,0.0,0,month_slope,production,SYNTHETIC_DATA,fixed_date_spatial_only,2000,2000,0,0.9545,0.004659922209651143,0.9545,0.03855960512935594,-0.0002346984911783127,0.0002181271877639875,,,,,
112,atlanta,-0.3,0.0,0,month_slope,production,SYNTHETIC_DATA,moment_separated_t,2000,2000,0,1.0,0.0,1.0,0.11137822447406288,-0.0002346984911783127,0.0002181271877639875,2.0,0.617,,,
112,atlanta,-0.3,0.0,0,month_slope,production,SYNTHETIC_DATA,double_spatial_noise_negative_control,2000,2000,0,1.0,0.0,1.0,0.1419513401411649,-0.0002346984911783127,0.0002181271877639875,,,,,
112,atlanta,-0.3,0.0,0,month_slope,production,SYNTHETIC_DATA,oracle_known_variance,2000,2000,0,0.9545,0.004659922209651143,0.9545,0.03855960512935594,-0.0002346984911783127,0.0002181271877639875,,,,,
112,atlanta,-0.3,0.0,0,month_slope,production,SYNTHETIC_DATA,existing_day_slope_bootstrap,2000,2000,0,0.943,0.005184158562389852,0.943,0.2484884793383467,0.05957186441705527,0.00020669634145681798,,,499.0,497.0,0.5895372233400402
112,atlanta,-0.3,0.0,0,month_slope,production,SYNTHETIC_DATA,stratified_window_day_bootstrap,2000,2000,0,0.0,0.0,0.0,0.0,-0.0002346984911783127,0.0002181271877639875,,,499.0,499.0,0.0
113,atlanta,-0.3,0.0,0,heterogeneous_day,production,SYNTHETIC_DATA,fixed_date_spatial_only,2000,2000,0,0.9505,0.004850244839180801,0.9505,0.03855960512935593,0.00010743142465583794,0.00021838365223310373,,,,,
113,atlanta,-0.3,0.0,0,heterogeneous_day,production,SYNTHETIC_DATA,moment_separated_t,2000,2000,0,1.0,0.0,1.0,0.10901582453902067,0.00010743142465583794,0.00021838365223310373,2.0,0.6425,,,
113,atlanta,-0.3,0.0,0,heterogeneous_day,production,SYNTHETIC_DATA,double_spatial_noise_negative_control,2000,2000,0,1.0,0.0,1.0,0.13998776556763745,0.00010743142465583794,0.00021838365223310373,,,,,
113,atlanta,-0.3,0.0,0,heterogeneous_day,production,SYNTHETIC_DATA,oracle_known_variance,2000,2000,0,0.9505,0.004850244839180801,0.9505,0.03855960512935593,0.00010743142465583794,0.00021838365223310373,,,,,
113,atlanta,-0.3,0.0,0,heterogeneous_day,production,SYNTHETIC_DATA,existing_day_slope_bootstrap,2000,2000,0,0.942,0.005226662414964259,0.942,0.07862638459095525,-4.644474242816343e-05,0.0002076498903177797,,,499.0,497.0,0.5895372233400402
113,atlanta,-0.3,0.0,0,heterogeneous_day,production,SYNTHETIC_DATA,stratified_window_day_bootstrap,2000,2000,0,0.0,0.0,0.0,0.0,0.00010743142465583794,0.00021838365223310373,,,499.0,499.0,0.0
114,atlanta,-0.3,0.0,0,serial_days,production,SYNTHETIC_DATA,fixed_date_spatial_only,2000,2000,0,0.9515,0.004803527349771207,0.9515,0.038559605129355946,0.00017128384687354004,0.00022137428100990627,,,,,
114,atlanta,-0.3,0.0,0,serial_days,production,SYNTHETIC_DATA,moment_separated_t,2000,2000,0,1.0,0.0,1.0,0.10958799021658291,0.00017128384687354004,0.00022137428100990627,2.0,0.6495,,,
114,atlanta,-0.3,0.0,0,serial_days,production,SYNTHETIC_DATA,double_spatial_noise_negative_control,2000,2000,0,1.0,0.0,1.0,0.1404805450597482,0.00017128384687354004,0.00022137428100990627,,,,,
114,atlanta,-0.3,0.0,0,serial_days,production,SYNTHETIC_DATA,oracle_known_variance,2000,2000,0,0.9515,0.004803527349771207,0.9515,0.038559605129355946,0.00017128384687354004,0.00022137428100990627,,,,,
114,atlanta,-0.3,0.0,0,serial_days,production,SYNTHETIC_DATA,existing_day_slope_bootstrap,2000,2000,0,0.945,0.005097793640389931,0.945,0.07807668523859883,0.00026881987316383014,0.00020492387938122913,,,499.0,497.0,0.5895372233400402
114,atlanta,-0.3,0.0,0,serial_days,production,SYNTHETIC_DATA,stratified_window_day_bootstrap,2000,2000,0,0.0,0.0,0.0,0.0,0.00017128384687354004,0.00022137428100990627,,,499.0,499.0,0.0
115,atlanta,-0.3,0.0,1,linear,production,SYNTHETIC_DATA,fixed_date_spatial_only,2000,2000,0,0.9485,0.004942051699446293,0.9485,0.02632856941623207,-0.00013579671230277,0.00014884445925423019,,,,,
115,atlanta,-0.3,0.0,1,linear,production,SYNTHETIC_DATA,moment_separated_t,2000,2000,0,1.0,0.0,1.0,0.07712673364966548,-0.00013579671230277,0.00014884445925423019,2.0,0.6335,,,
115,atlanta,-0.3,0.0,1,linear,production,SYNTHETIC_DATA,double_spatial_noise_negative_control,2000,2000,0,1.0,0.0,1.0,0.09797400838090542,-0.00013579671230277,0.00014884445925423019,,,,,
115,atlanta,-0.3,0.0,1,linear,production,SYNTHETIC_DATA,oracle_known_variance,2000,2000,0,0.9485,0.004942051699446293,0.9485,0.02632856941623207,-0.00013579671230277,0.00014884445925423019,,,,,
115,atlanta,-0.3,0.0,1,linear,production,SYNTHETIC_DATA,existing_day_slope_bootstrap,2000,2000,0,0.947,0.005009540897128201,0.947,0.04891596277101295,-7.919450868668434e-05,0.00019043714848547934,,,499.0,497.0,0.5895372233400402
115,atlanta,-0.3,0.0,1,linear,production,SYNTHETIC_DATA,stratified_window_day_bootstrap,2000,2000,0,0.0,0.0,0.0,0.0,-0.00013579671230277,0.00014884445925423019,,,499.0,499.0,0.0
116,atlanta,-0.3,0.0,1,season_offsets,production,SYNTHETIC_DATA,fixed_date_spatial_only,2000,2000,0,0.955,0.004635461142108735,0.955,0.02632856941623207,-5.142500604383471e-05,0.00015000792614574548,,,,,
116,atlanta,-0.3,0.0,1,season_offsets,production,SYNTHETIC_DATA,moment_separated_t,2000,2000,0,1.0,0.0,1.0,0.0747589163303325,-5.142500604383471e-05,0.00015000792614574548,2.0,0.6495,,,
116,atlanta,-0.3,0.0,1,season_offsets,production,SYNTHETIC_DATA,double_spatial_noise_negative_control,2000,2000,0,1.0,0.0,1.0,0.09590166416108468,-5.142500604383471e-05,0.00015000792614574548,,,,,
116,atlanta,-0.3,0.0,1,season_offsets,production,SYNTHETIC_DATA,oracle_known_variance,2000,2000,0,0.955,0.004635461142108735,0.955,0.02632856941623207,-5.142500604383471e-05,0.00015000792614574548,,,,,
116,atlanta,-0.3,0.0,1,season_offsets,production,SYNTHETIC_DATA,existing_day_slope_bootstrap,2000,2000,0,0.9425,0.005205465877325487,0.9425,0.27698920856850306,0.07355721001413684,0.00018623240314199387,,,499.0,497.0,0.5895372233400402
116,atlanta,-0.3,0.0,1,season_offsets,production,SYNTHETIC_DATA,stratified_window_day_bootstrap,2000,2000,0,0.0,0.0,0.0,0.0,-5.142500604383471e-05,0.00015000792614574548,,,499.0,499.0,0.0
117,atlanta,-0.3,0.0,1,curved_time,production,SYNTHETIC_DATA,fixed_date_spatial_only,2000,2000,0,0.9435,0.005162739098579358,0.9435,0.02632856941623207,0.0002588641615043811,0.0001535741304686894,,,,,
117,atlanta,-0.3,0.0,1,curved_time,production,SYNTHETIC_DATA,moment_separated_t,2000,2000,0,1.0,0.0,1.0,1.814337387499013,0.0002588641615043811,0.0001535741304686894,2.0,0.0,,,
117,atlanta,-0.3,0.0,1,curved_time,production,SYNTHETIC_DATA,double_spatial_noise_negative_control,2000,2000,0,1.0,0.0,1.0,1.8152584732309485,0.0002588641615043811,0.0001535741304686894,,,,,
117,atlanta,-0.3,0.0,1,curved_time,production,SYNTHETIC_DATA,oracle_known_variance,2000,2000,0,0.9435,0.005162739098579358,0.9435,0.02632856941623207,0.0002588641615043811,0.0001535741304686894,,,,,
117,atlanta,-0.3,0.0,1,curved_time,production,SYNTHETIC_DATA,existing_day_slope_bootstrap,2000,2000,0,1.0,0.0,1.0,1.3455416089307968,0.04378606780081451,0.00019535519978661325,,,499.0,497.0,0.5895372233400402
117,atlanta,-0.3,0.0,1,curved_time,production,SYNTHETIC_DATA,stratified_window_day_bootstrap,2000,2000,0,0.0,0.0,0.0,0.0,0.0002588641615043811,0.0001535741304686894,,,499.0,499.0,0.0
118,atlanta,-0.3,0.0,1,month_slope,production,SYNTHETIC_DATA,fixed_date_spatial_only,2000,2000,0,0.942,0.005226662414964259,0.942,0.02632856941623207,0.00014844394168928336,0.00015218620378670687,,,,,
118,atlanta,-0.3,0.0,1,month_slope,production,SYNTHETIC_DATA,moment_separated_t,2000,2000,0,1.0,0.0,1.0,0.07473903777839361,0.00014844394168928336,0.00015218620378670687,2.0,0.655,,,
118,atlanta,-0.3,0.0,1,month_slope,production,SYNTHETIC_DATA,double_spatial_noise_negative_control,2000,2000,0,1.0,0.0,1.0,0.09590028041862757,0.00014844394168928336,0.00015218620378670687,,,,,
118,atlanta,-0.3,0.0,1,month_slope,production,SYNTHETIC_DATA,oracle_known_variance,2000,2000,0,0.942,0.005226662414964259,0.942,0.02632856941623207,0.00014844394168928336,0.00015218620378670687,,,,,
118,atlanta,-0.3,0.0,1,month_slope,production,SYNTHETIC_DATA,existing_day_slope_bootstrap,2000,2000,0,0.948,0.0049646752159632785,0.948,0.22934883446611323,0.05969962675544893,0.00018886282103700372,,,499.0,497.0,0.5895372233400402
118,atlanta,-0.3,0.0,1,month_slope,production,SYNTHETIC_DATA,stratified_window_day_bootstrap,2000,2000,0,0.0,0.0,0.0,0.0,0.00014844394168928336,0.00015218620378670687,,,499.0,499.0,0.0
119,atlanta,-0.3,0.0,1,heterogeneous_day,production,SYNTHETIC_DATA,fixed_date_spatial_only,2000,2000,0,0.958,0.00448530935387962,0.958,0.02632856941623207,-0.00013080780714946522,0.00014776609216886832,,,,,
119,atlanta,-0.3,0.0,1,heterogeneous_day,production,SYNTHETIC_DATA,moment_separated_t,2000,2000,0,1.0,0.0,1.0,0.07481835893813615,-0.00013080780714946522,0.00014776609216886832,2.0,0.653,,,
119,atlanta,-0.3,0.0,1,heterogeneous_day,production,SYNTHETIC_DATA,double_spatial_noise_negative_control,2000,2000,0,1.0,0.0,1.0,0.09594738983471535,-0.00013080780714946522,0.00014776609216886832,,,,,
119,atlanta,-0.3,0.0,1,heterogeneous_day,production,SYNTHETIC_DATA,oracle_known_variance,2000,2000,0,0.958,0.00448530935387962,0.958,0.02632856941623207,-0.00013080780714946522,0.00014776609216886832,,,,,
119,atlanta,-0.3,0.0,1,heterogeneous_day,production,SYNTHETIC_DATA,existing_day_slope_bootstrap,2000,2000,0,0.947,0.005009540897128201,0.947,0.04854513335241787,-0.0002983567099248057,0.0001849964259660112,,,499.0,497.0,0.5895372233400402
119,atlanta,-0.3,0.0,1,heterogeneous_day,production,SYNTHETIC_DATA,stratified_window_day_bootstrap,2000,2000,0,0.0,0.0,0.0,0.0,-0.00013080780714946522,0.00014776609216886832,,,499.0,499.0,0.0
120,atlanta,-0.3,0.0,1,serial_days,production,SYNTHETIC_DATA,fixed_date_spatial_only,2000,2000,0,0.954,0.0046842288586276416,0.954,0.02632856941623207,8.34096133738793e-05,0.00014684104079149037,,,,,
120,atlanta,-0.3,0.0,1,serial_days,production,SYNTHETIC_DATA,moment_separated_t,2000,2000,0,1.0,0.0,1.0,0.07680769001604312,8.34096133738793e-05,0.00014684104079149037,2.0,0.6325,,,
120,atlanta,-0.3,0.0,1,serial_days,production,SYNTHETIC_DATA,double_spatial_noise_negative_control,2000,2000,0,1.0,0.0,1.0,0.09769317915937008,8.34096133738793e-05,0.00014684104079149037,,,,,
120,atlanta,-0.3,0.0,1,serial_days,production,SYNTHETIC_DATA,oracle_known_variance,2000,2000,0,0.954,0.0046842288586276416,0.954,0.02632856941623207,8.34096133738793e-05,0.00014684104079149037,,,,,
120,atlanta,-0.3,0.0,1,serial_days,production,SYNTHETIC_DATA,existing_day_slope_bootstrap,2000,2000,0,0.9495,0.0048964145045124596,0.9495,0.04893421581901951,6.384212648047894e-06,0.00018365487549103443,,,499.0,497.0,0.5895372233400402
120,atlanta,-0.3,0.0,1,serial_days,production,SYNTHETIC_DATA,stratified_window_day_bootstrap,2000,2000,0,0.0,0.0,0.0,0.0,8.34096133738793e-05,0.00014684104079149037,,,499.0,499.0,0.0
121,atlanta,-0.3,0.05,0,linear,production,SYNTHETIC_DATA,fixed_date_spatial_only,2000,2000,0,0.218,0.009232442797006652,0.953,0.03855960512935593,0.0005374472330110477,0.001576308094282974,,,,,
121,atlanta,-0.3,0.05,0,linear,production,SYNTHETIC_DATA,moment_separated_t,2000,2000,0,0.939,0.005351588549206677,1.0,0.5312330011308655,0.0005374472330110477,0.001576308094282974,2.0,0.053,,,
121,atlanta,-0.3,0.05,0,linear,production,SYNTHETIC_DATA,double_spatial_noise_negative_control,2000,2000,0,0.959,0.00443390347211123,1.0,0.5412528871800458,0.0005374472330110477,0.001576308094282974,,,,,
121,atlanta,-0.3,0.05,0,linear,production,SYNTHETIC_DATA,oracle_known_variance,2000,2000,0,0.955,0.004635461142108735,1.0,0.27984999475007033,0.0005374472330110477,0.001576308094282974,,,,,
121,atlanta,-0.3,0.05,0,linear,production,SYNTHETIC_DATA,existing_day_slope_bootstrap,2000,2000,0,0.905,0.006556485338960196,0.997,0.36877889181817775,0.0010780900158340807,0.0012961368616111802,,,499.0,497.0,0.5895372233400402
121,atlanta,-0.3,0.05,0,linear,production,SYNTHETIC_DATA,stratified_window_day_bootstrap,2000,2000,0,0.0,0.0,0.0,0.0,0.0005374472330110477,0.001576308094282974,,,499.0,499.0,0.0
122,atlanta,-0.3,0.05,0,season_offsets,production,SYNTHETIC_DATA,fixed_date_spatial_only,2000,2000,0,0.212,0.009139365404665688,0.94,0.03855960512935593,0.0017278757545432536,0.0016038273945120857,,,,,
122,atlanta,-0.3,0.05,0,season_offsets,production,SYNTHETIC_DATA,moment_separated_t,2000,2000,0,0.937,0.00543281694887652,1.0,0.5232865528786527,0.0017278757545432536,0.0016038273945120857,2.0,0.0525,,,
122,atlanta,-0.3,0.05,0,season_offsets,production,SYNTHETIC_DATA,double_spatial_noise_negative_control,2000,2000,0,0.9505,0.004850244839180801,1.0,0.5333815910028912,0.0017278757545432536,0.0016038273945120857,,,,,
122,atlanta,-0.3,0.05,0,season_offsets,production,SYNTHETIC_DATA,oracle_known_variance,2000,2000,0,0.9455,0.005075911248239078,1.0,0.27984999475007033,0.0017278757545432536,0.0016038273945120857,,,,,
122,atlanta,-0.3,0.05,0,season_offsets,production,SYNTHETIC_DATA,existing_day_slope_bootstrap,2000,2000,0,0.877,0.007344079247938437,0.9975,0.4867998371229789,0.07492182381441322,0.001345469672563469,,,499.0,497.0,0.5895372233400402
122,atlanta,-0.3,0.05,0,season_offsets,production,SYNTHETIC_DATA,stratified_window_day_bootstrap,2000,2000,0,0.0,0.0,0.0,0.0,0.0017278757545432536,0.0016038273945120857,,,499.0,499.0,0.0
123,atlanta,-0.3,0.05,0,curved_time,production,SYNTHETIC_DATA,fixed_date_spatial_only,2000,2000,0,0.2045,0.009018862178789517,0.951,0.03855960512935593,-0.0005437475734650273,0.0016056238384023606,,,,,
123,atlanta,-0.3,0.05,0,curved_time,production,SYNTHETIC_DATA,moment_separated_t,2000,2000,0,1.0,0.0,1.0,1.8696189283165445,-0.0005437475734650273,0.0016056238384023606,2.0,0.0,,,
123,atlanta,-0.3,0.05,0,curved_time,production,SYNTHETIC_DATA,double_spatial_noise_negative_control,2000,2000,0,1.0,0.0,1.0,1.8716606264300009,-0.0005437475734650273,0.0016056238384023606,,,,,
123,atlanta,-0.3,0.05,0,curved_time,production,SYNTHETIC_DATA,oracle_known_variance,2000,2000,0,0.946,0.005053909377897473,1.0,0.27984999475007033,-0.0005437475734650273,0.0016056238384023606,,,,,
123,atlanta,-0.3,0.05,0,curved_time,production,SYNTHETIC_DATA,existing_day_slope_bootstrap,2000,2000,0,1.0,0.0,1.0,1.3872914919617414,0.04213119650058988,0.0013170992019426349,,,499.0,497.0,0.5895372233400402
123,atlanta,-0.3,0.05,0,curved_time,production,SYNTHETIC_DATA,stratified_window_day_bootstrap,2000,2000,0,0.0,0.0,0.0,0.0,-0.0005437475734650273,0.0016056238384023606,,,499.0,499.0,0.0
124,atlanta,-0.3,0.05,0,month_slope,production,SYNTHETIC_DATA,fixed_date_spatial_only,2000,2000,0,0.217,0.009217130790001842,0.9555,0.03855960512935593,-0.0010445881710837803,0.0016312994568296979,,,,,
124,atlanta,-0.3,0.05,0,month_slope,production,SYNTHETIC_DATA,moment_separated_t,2000,2000,0,0.944,0.005141206084179083,1.0,0.5424599078893463,-0.0010445881710837803,0.0016312994568296979,2.0,0.049,,,
124,atlanta,-0.3,0.05,0,month_slope,production,SYNTHETIC_DATA,double_spatial_noise_negative_control,2000,2000,0,0.958,0.00448530935387962,1.0,0.5521358597606894,-0.0010445881710837803,0.0016312994568296979,,,,,
124,atlanta,-0.3,0.05,0,month_slope,production,SYNTHETIC_DATA,oracle_known_variance,2000,2000,0,0.948,0.0049646752159632785,1.0,0.27984999475007033,-0.0010445881710837803,0.0016312994568296979,,,,,
124,atlanta,-0.3,0.05,0,month_slope,production,SYNTHETIC_DATA,existing_day_slope_bootstrap,2000,2000,0,0.897,0.006796727153564427,0.995,0.4629556092796023,0.0578272805368273,0.0013346357311307293,,,499.0,497.0,0.5895372233400402
124,atlanta,-0.3,0.05,0,month_slope,production,SYNTHETIC_DATA,stratified_window_day_bootstrap,2000,2000,0,0.0,0.0,0.0,0.0,-0.0010445881710837803,0.0016312994568296979,,,499.0,499.0,0.0
125,atlanta,-0.3,0.05,0,heterogeneous_day,production,SYNTHETIC_DATA,fixed_date_spatial_only,2000,2000,0,0.1455,0.007884470495854494,0.9495,0.03855960512935593,-0.0012034435694325812,0.0025029823161562734,,,,,
125,atlanta,-0.3,0.05,0,heterogeneous_day,production,SYNTHETIC_DATA,moment_separated_t,2000,2000,0,0.8815,0.007226954752867907,1.0,0.5479437929923417,-0.0012034435694325812,0.0025029823161562734,2.0,0.0535,,,
125,atlanta,-0.3,0.05,0,heterogeneous_day,production,SYNTHETIC_DATA,double_spatial_noise_negative_control,2000,2000,0,0.8955,0.006840312492861713,1.0,0.5577569432064661,-0.0012034435694325812,0.0025029823161562734,,,,,
125,atlanta,-0.3,0.05,0,heterogeneous_day,production,SYNTHETIC_DATA,oracle_known_variance,2000,2000,0,0.9475,0.004987171041783106,1.0,0.4399542978338069,-0.0012034435694325812,0.0025029823161562734,,,,,
125,atlanta,-0.3,0.05,0,heterogeneous_day,production,SYNTHETIC_DATA,existing_day_slope_bootstrap,2000,2000,0,0.894,0.006883458433084346,0.996,0.39715431241200166,-0.00037147756082912044,0.0018995929122134002,,,499.0,497.0,0.5895372233400402
125,atlanta,-0.3,0.05,0,heterogeneous_day,production,SYNTHETIC_DATA,stratified_window_day_bootstrap,2000,2000,0,0.0,0.0,0.0,0.0,-0.0012034435694325812,0.0025029823161562734,,,499.0,499.0,0.0
126,atlanta,-0.3,0.05,0,serial_days,production,SYNTHETIC_DATA,fixed_date_spatial_only,2000,2000,0,0.6605,0.010588667291023928,0.9595,0.03855960512935593,-2.4886438377921927e-05,0.00045700134313907153,,,,,
126,atlanta,-0.3,0.05,0,serial_days,production,SYNTHETIC_DATA,moment_separated_t,2000,2000,0,0.997,0.0012229063741758816,1.0,0.4062452838831453,-2.4886438377921927e-05,0.00045700134313907153,2.0,0.087,,,
126,atlanta,-0.3,0.05,0,serial_days,production,SYNTHETIC_DATA,double_spatial_noise_negative_control,2000,2000,0,0.9995,0.000499874984371065,1.0,0.4190473846679374,-2.4886438377921927e-05,0.00045700134313907153,,,,,
126,atlanta,-0.3,0.05,0,serial_days,production,SYNTHETIC_DATA,oracle_known_variance,2000,2000,0,0.956,0.004586065852122058,1.0,0.08236038493920586,-2.4886438377921927e-05,0.00045700134313907153,,,,,
126,atlanta,-0.3,0.05,0,serial_days,production,SYNTHETIC_DATA,existing_day_slope_bootstrap,2000,2000,0,0.977,0.0033519397369284566,0.992,0.2642065499725804,-9.725856082038664e-05,0.0007697205789272094,,,499.0,497.0,0.5895372233400402
126,atlanta,-0.3,0.05,0,serial_days,production,SYNTHETIC_DATA,stratified_window_day_bootstrap,2000,2000,0,0.0,0.0,0.0,0.0,-2.4886438377921927e-05,0.00045700134313907153,,,499.0,499.0,0.0
127,atlanta,-0.3,0.05,1,linear,production,SYNTHETIC_DATA,fixed_date_spatial_only,2000,2000,0,0.136,0.00766498532288223,0.9435,0.02632856941623207,-0.00027540757109751555,0.0015981730124990557,,,,,
127,atlanta,-0.3,0.05,1,linear,production,SYNTHETIC_DATA,moment_separated_t,2000,2000,0,0.952,0.004779958158812692,1.0,0.5313520487527955,-0.00027540757109751555,0.0015981730124990557,2.0,0.024,,,
127,atlanta,-0.3,0.05,1,linear,production,SYNTHETIC_DATA,double_spatial_noise_negative_control,2000,2000,0,0.9605,0.004355441998236229,1.0,0.5361626234670789,-0.00027540757109751555,0.0015981730124990557,,,,,
127,atlanta,-0.3,0.05,1,linear,production,SYNTHETIC_DATA,oracle_known_variance,2000,2000,0,0.948,0.0049646752159632785,1.0,0.27842839291528426,-0.00027540757109751555,0.0015981730124990557,,,,,
127,atlanta,-0.3,0.05,1,linear,production,SYNTHETIC_DATA,existing_day_slope_bootstrap,2000,2000,0,0.9065,0.006509905913298595,0.999,0.3704302516666143,-0.0006467502544385181,0.001277346931951049,,,499.0,497.0,0.5895372233400402
127,atlanta,-0.3,0.05,1,linear,production,SYNTHETIC_DATA,stratified_window_day_bootstrap,2000,2000,0,0.0,0.0,0.0,0.0,-0.00027540757109751555,0.0015981730124990557,,,499.0,499.0,0.0
128,atlanta,-0.3,0.05,1,season_offsets,production,SYNTHETIC_DATA,fixed_date_spatial_only,2000,2000,0,0.1595,0.008187177474563502,0.944,0.02632856941623207,-0.0011198210844229324,0.0015767343820581531,,,,,
128,atlanta,-0.3,0.05,1,season_offsets,production,SYNTHETIC_DATA,moment_separated_t,2000,2000,0,0.9375,0.005412658773652742,1.0,0.5307178633739704,-0.0011198210844229324,0.0015767343820581531,2.0,0.029,,,
128,atlanta,-0.3,0.05,1,season_offsets,production,SYNTHETIC_DATA,double_spatial_noise_negative_control,2000,2000,0,0.951,0.004826955562256609,1.0,0.5355962277991521,-0.0011198210844229324,0.0015767343820581531,,,,,
128,atlanta,-0.3,0.05,1,season_offsets,production,SYNTHETIC_DATA,oracle_known_variance,2000,2000,0,0.948,0.0049646752159632785,1.0,0.27842839291528426,-0.0011198210844229324,0.0015767343820581531,,,,,
128,atlanta,-0.3,0.05,1,season_offsets,production,SYNTHETIC_DATA,existing_day_slope_bootstrap,2000,2000,0,0.8905,0.006982469119158352,0.997,0.4889064093787805,0.07258083974152206,0.001297374067333066,,,499.0,497.0,0.5895372233400402
128,atlanta,-0.3,0.05,1,season_offsets,production,SYNTHETIC_DATA,stratified_window_day_bootstrap,2000,2000,0,0.0,0.0,0.0,0.0,-0.0011198210844229324,0.0015767343820581531,,,499.0,499.0,0.0
129,atlanta,-0.3,0.05,1,curved_time,production,SYNTHETIC_DATA,fixed_date_spatial_only,2000,2000,0,0.1415,0.007793514932301086,0.961,0.02632856941623207,-0.002764764264890361,0.0016175562835923454,,,,,
129,atlanta,-0.3,0.05,1,curved_time,production,SYNTHETIC_DATA,moment_separated_t,2000,2000,0,1.0,0.0,1.0,1.8845858236961934,-0.002764764264890361,0.0016175562835923454,2.0,0.0,,,
129,atlanta,-0.3,0.05,1,curved_time,production,SYNTHETIC_DATA,double_spatial_noise_negative_control,2000,2000,0,1.0,0.0,1.0,1.8855270044894092,-0.002764764264890361,0.0016175562835923454,,,,,
129,atlanta,-0.3,0.05,1,curved_time,production,SYNTHETIC_DATA,oracle_known_variance,2000,2000,0,0.9425,0.005205465877325487,1.0,0.27842839291528426,-0.002764764264890361,0.0016175562835923454,,,,,
129,atlanta,-0.3,0.05,1,curved_time,production,SYNTHETIC_DATA,existing_day_slope_bootstrap,2000,2000,0,1.0,0.0,1.0,1.3963899319254152,0.04134744115371177,0.0013439640378031924,,,499.0,497.0,0.5895372233400402
129,atlanta,-0.3,0.05,1,curved_time,production,SYNTHETIC_DATA,stratified_window_day_bootstrap,2000,2000,0,0.0,0.0,0.0,0.0,-0.002764764264890361,0.0016175562835923454,,,499.0,499.0,0.0
130,atlanta,-0.3,0.05,1,month_slope,production,SYNTHETIC_DATA,fixed_date_spatial_only,2000,2000,0,0.1455,0.007884470495854494,0.957,0.02632856941623207,-0.0023798714786711778,0.0015610895580129831,,,,,
130,atlanta,-0.3,0.05,1,month_slope,production,SYNTHETIC_DATA,moment_separated_t,2000,2000,0,0.945,0.005097793640389931,1.0,0.5378302309693018,-0.0023798714786711778,0.0015610895580129831,2.0,0.02,,,
130,atlanta,-0.3,0.05,1,month_slope,production,SYNTHETIC_DATA,double_spatial_noise_negative_control,2000,2000,0,0.9545,0.004659922209651143,1.0,0.5424799002755821,-0.0023798714786711778,0.0015610895580129831,,,,,
130,atlanta,-0.3,0.05,1,month_slope,production,SYNTHETIC_DATA,oracle_known_variance,2000,2000,0,0.958,0.00448530935387962,1.0,0.27842839291528426,-0.0023798714786711778,0.0015610895580129831,,,,,
130,atlanta,-0.3,0.05,1,month_slope,production,SYNTHETIC_DATA,existing_day_slope_bootstrap,2000,2000,0,0.898,0.006767421961131136,0.999,0.4596378257166447,0.05832141206905491,0.0012902235600432243,,,499.0,497.0,0.5895372233400402
130,atlanta,-0.3,0.05,1,month_slope,production,SYNTHETIC_DATA,stratified_window_day_bootstrap,2000,2000,0,0.0,0.0,0.0,0.0,-0.0023798714786711778,0.0015610895580129831,,,499.0,499.0,0.0
131,atlanta,-0.3,0.05,1,heterogeneous_day,production,SYNTHETIC_DATA,fixed_date_spatial_only,2000,2000,0,0.086,0.0062691307212403855,0.939,0.02632856941623207,0.003119452352927705,0.002472855950818726,,,,,
131,atlanta,-0.3,0.05,1,heterogeneous_day,production,SYNTHETIC_DATA,moment_separated_t,2000,2000,0,0.886,0.007106475919891659,1.0,0.55319668919297,0.003119452352927705,0.002472855950818726,2.0,0.0195,,,
131,atlanta,-0.3,0.05,1,heterogeneous_day,production,SYNTHETIC_DATA,double_spatial_noise_negative_control,2000,2000,0,0.8915,0.00695441406590088,1.0,0.5577120303428471,0.003119452352927705,0.002472855950818726,,,,,
131,atlanta,-0.3,0.05,1,heterogeneous_day,production,SYNTHETIC_DATA,oracle_known_variance,2000,2000,0,0.9535,0.004708383480558906,1.0,0.43905140314342633,0.003119452352927705,0.002472855950818726,,,,,
131,atlanta,-0.3,0.05,1,heterogeneous_day,production,SYNTHETIC_DATA,existing_day_slope_bootstrap,2000,2000,0,0.8855,0.007120033356663438,0.9975,0.3918514310079787,0.0019277485256616257,0.0019156121609244772,,,499.0,497.0,0.5895372233400402
131,atlanta,-0.3,0.05,1,heterogeneous_day,production,SYNTHETIC_DATA,stratified_window_day_bootstrap,2000,2000,0,0.0,0.0,0.0,0.0,0.003119452352927705,0.002472855950818726,,,499.0,499.0,0.0
132,atlanta,-0.3,0.05,1,serial_days,production,SYNTHETIC_DATA,fixed_date_spatial_only,2000,2000,0,0.4755,0.011166909823223253,0.951,0.02632856941623207,-0.000549322206553247,0.0004557858790395606,,,,,
132,atlanta,-0.3,0.05,1,serial_days,production,SYNTHETIC_DATA,moment_separated_t,2000,2000,0,0.9865,0.0025804796065847873,1.0,0.4046704300878238,-0.000549322206553247,0.0004557858790395606,2.0,0.0555,,,
132,atlanta,-0.3,0.05,1,serial_days,production,SYNTHETIC_DATA,double_spatial_noise_negative_control,2000,2000,0,0.9945,0.0016537457482938467,1.0,0.4112156237378545,-0.000549322206553247,0.0004557858790395606,,,,,
132,atlanta,-0.3,0.05,1,serial_days,production,SYNTHETIC_DATA,oracle_known_variance,2000,2000,0,0.9405,0.005289600646551685,1.0,0.07739239902669812,-0.000549322206553247,0.0004557858790395606,,,,,
132,atlanta,-0.3,0.05,1,serial_days,production,SYNTHETIC_DATA,existing_day_slope_bootstrap,2000,2000,0,0.9815,0.003013117156700015,0.995,0.2556702771485261,-0.00039751060959247536,0.0007608360934962956,,,499.0,497.0,0.5895372233400402
132,atlanta,-0.3,0.05,1,serial_days,production,SYNTHETIC_DATA,stratified_window_day_bootstrap,2000,2000,0,0.0,0.0,0.0,0.0,-0.000549322206553247,0.0004557858790395606,,,499.0,499.0,0.0
133,atlanta,-0.3,0.15,0,linear,production,SYNTHETIC_DATA,fixed_date_spatial_only,2000,2000,0,0.0735,0.005835141386461857,0.9505,0.03855960512935593,-0.003037777007329584,0.004734040871457083,,,,,
133,atlanta,-0.3,0.15,0,linear,production,SYNTHETIC_DATA,moment_separated_t,2000,2000,0,0.9485,0.004942051699446293,1.0,1.6321326554253168,-0.003037777007329584,0.004734040871457083,2.0,0.0085,,,
133,atlanta,-0.3,0.15,0,linear,production,SYNTHETIC_DATA,double_spatial_noise_negative_control,2000,2000,0,0.9495,0.0048964145045124596,1.0,1.6355984129957428,-0.003037777007329584,0.004734040871457083,,,,,
133,atlanta,-0.3,0.15,0,linear,production,SYNTHETIC_DATA,oracle_known_variance,2000,2000,0,0.9565,0.004561126505590477,1.0,0.8324358418957429,-0.003037777007329584,0.004734040871457083,,,,,
133,atlanta,-0.3,0.15,0,linear,production,SYNTHETIC_DATA,existing_day_slope_bootstrap,2000,2000,0,0.901,0.006678285708173917,0.9985,1.1026113378261235,-0.0023957291036713125,0.0038916971276662577,,,499.0,497.0,0.5895372233400402
133,atlanta,-0.3,0.15,0,linear,production,SYNTHETIC_DATA,stratified_window_day_bootstrap,2000,2000,0,0.0,0.0,0.0,0.0,-0.003037777007329584,0.004734040871457083,,,499.0,499.0,0.0
134,atlanta,-0.3,0.15,0,season_offsets,production,SYNTHETIC_DATA,fixed_date_spatial_only,2000,2000,0,0.07,0.005705260730238366,0.9555,0.03855960512935593,0.0008852415232142096,0.004722591662063435,,,,,
134,atlanta,-0.3,0.15,0,season_offsets,production,SYNTHETIC_DATA,moment_separated_t,2000,2000,0,0.953,0.004732388403332932,1.0,1.6129762448589573,0.0008852415232142096,0.004722591662063435,2.0,0.006,,,
134,atlanta,-0.3,0.15,0,season_offsets,production,SYNTHETIC_DATA,double_spatial_noise_negative_control,2000,2000,0,0.9545,0.004659922209651143,1.0,1.6164649974508742,0.0008852415232142096,0.004722591662063435,,,,,
134,atlanta,-0.3,0.15,0,season_offsets,production,SYNTHETIC_DATA,oracle_known_variance,2000,2000,0,0.9505,0.004850244839180801,1.0,0.8324358418957429,0.0008852415232142096,0.004722591662063435,,,,,
134,atlanta,-0.3,0.15,0,season_offsets,production,SYNTHETIC_DATA,existing_day_slope_bootstrap,2000,2000,0,0.909,0.0064311352030570765,1.0,1.1566759952169479,0.0712287320601879,0.0038238001589222833,,,499.0,497.0,0.5895372233400402
134,atlanta,-0.3,0.15,0,season_offsets,production,SYNTHETIC_DATA,stratified_window_day_bootstrap,2000,2000,0,0.0,0.0,0.0,0.0,0.0008852415232142096,0.004722591662063435,,,499.0,499.0,0.0
135,atlanta,-0.3,0.15,0,curved_time,production,SYNTHETIC_DATA,fixed_date_spatial_only,2000,2000,0,0.0675,0.005609979946488223,0.947,0.038559605129355926,0.004093318997908845,0.004825456582797077,,,,,
135,atlanta,-0.3,0.15,0,curved_time,production,SYNTHETIC_DATA,moment_separated_t,2000,2000,0,0.9675,0.00396508196636589,1.0,2.3456113745782776,0.004093318997908845,0.004825456582797077,2.0,0.002,,,
135,atlanta,-0.3,0.15,0,curved_time,production,SYNTHETIC_DATA,double_spatial_noise_negative_control,2000,2000,0,0.9685,0.0039056209493497944,1.0,2.3478646659999205,0.004093318997908845,0.004825456582797077,,,,,
135,atlanta,-0.3,0.15,0,curved_time,production,SYNTHETIC_DATA,oracle_known_variance,2000,2000,0,0.9455,0.005075911248239078,1.0,0.8324358418957429,0.004093318997908845,0.004825456582797077,,,,,
135,atlanta,-0.3,0.15,0,curved_time,production,SYNTHETIC_DATA,existing_day_slope_bootstrap,2000,2000,0,0.9595,0.004407933189148855,0.9995,1.6627240492057764,0.0447937319931976,0.003861367355709578,,,499.0,497.0,0.5895372233400402
135,atlanta,-0.3,0.15,0,curved_time,production,SYNTHETIC_DATA,stratified_window_day_bootstrap,2000,2000,0,0.0,0.0,0.0,0.0,0.004093318997908845,0.004825456582797077,,,499.0,499.0,0.0
136,atlanta,-0.3,0.15,0,month_slope,production,SYNTHETIC_DATA,fixed_date_spatial_only,2000,2000,0,0.078,0.005996498978570746,0.947,0.03855960512935593,0.0044116293645185475,0.004727049992291191,,,,,
136,atlanta,-0.3,0.15,0,month_slope,production,SYNTHETIC_DATA,moment_separated_t,2000,2000,0,0.946,0.005053909377897473,1.0,1.6075125605861107,0.0044116293645185475,0.004727049992291191,2.0,0.0055,,,
136,atlanta,-0.3,0.15,0,month_slope,production,SYNTHETIC_DATA,double_spatial_noise_negative_control,2000,2000,0,0.95,0.004873397172404485,1.0,1.6109916289395543,0.0044116293645185475,0.004727049992291191,,,,,
136,atlanta,-0.3,0.15,0,month_slope,production,SYNTHETIC_DATA,oracle_known_variance,2000,2000,0,0.955,0.004635461142108735,1.0,0.8324358418957429,0.0044116293645185475,0.004727049992291191,,,,,
136,atlanta,-0.3,0.15,0,month_slope,production,SYNTHETIC_DATA,existing_day_slope_bootstrap,2000,2000,0,0.897,0.006796727153564427,1.0,1.1171375626062316,0.06017698651341339,0.003910781801513239,,,499.0,497.0,0.5895372233400402
136,atlanta,-0.3,0.15,0,month_slope,production,SYNTHETIC_DATA,stratified_window_day_bootstrap,2000,2000,0,0.0,0.0,0.0,0.0,0.0044116293645185475,0.004727049992291191,,,499.0,499.0,0.0
137,atlanta,-0.3,0.15,0,heterogeneous_day,production,SYNTHETIC_DATA,fixed_date_spatial_only,2000,2000,0,0.0505,0.00489641450451246,0.9475,0.03855960512935593,0.010704582233666922,0.007206573283926753,,,,,
137,atlanta,-0.3,0.15,0,heterogeneous_day,production,SYNTHETIC_DATA,moment_separated_t,2000,2000,0,0.8875,0.007065541380531291,1.0,1.6101424963269442,0.010704582233666922,0.007206573283926753,2.0,0.0045,,,
137,atlanta,-0.3,0.15,0,heterogeneous_day,production,SYNTHETIC_DATA,double_spatial_noise_negative_control,2000,2000,0,0.89,0.006996427659884721,1.0,1.6135770763446753,0.010704582233666922,0.007206573283926753,,,,,
137,atlanta,-0.3,0.15,0,heterogeneous_day,production,SYNTHETIC_DATA,oracle_known_variance,2000,2000,0,0.9545,0.004659922209651143,1.0,1.3153491218912523,0.010704582233666922,0.007206573283926753,,,,,
137,atlanta,-0.3,0.15,0,heterogeneous_day,production,SYNTHETIC_DATA,existing_day_slope_bootstrap,2000,2000,0,0.878,0.007318333143551201,0.999,1.1349785914413817,0.007556000670312875,0.005597523543024085,,,499.0,497.0,0.5895372233400402
137,atlanta,-0.3,0.15,0,heterogeneous_day,production,SYNTHETIC_DATA,stratified_window_day_bootstrap,2000,2000,0,0.0,0.0,0.0,0.0,0.010704582233666922,0.007206573283926753,,,499.0,499.0,0.0
138,atlanta,-0.3,0.15,0,serial_days,production,SYNTHETIC_DATA,fixed_date_spatial_only,2000,2000,0,0.2615,0.009826437553864574,0.9565,0.03855960512935592,8.294680533896265e-05,0.0012615454334403938,,,,,
138,atlanta,-0.3,0.15,0,serial_days,production,SYNTHETIC_DATA,moment_separated_t,2000,2000,0,0.988,0.0024347484469653133,1.0,1.2298565923459588,8.294680533896265e-05,0.0012615454334403938,2.0,0.0095,,,
138,atlanta,-0.3,0.15,0,serial_days,production,SYNTHETIC_DATA,double_spatial_noise_negative_control,2000,2000,0,0.993,0.0018642692938521525,1.0,1.2344829924481644,8.294680533896265e-05,0.0012615454334403938,,,,,
138,atlanta,-0.3,0.15,0,serial_days,production,SYNTHETIC_DATA,oracle_known_variance,2000,2000,0,0.951,0.004826955562256609,1.0,0.22170780744969892,8.294680533896265e-05,0.0012615454334403938,,,,,
138,atlanta,-0.3,0.15,0,serial_days,production,SYNTHETIC_DATA,existing_day_slope_bootstrap,2000,2000,0,0.983,0.0028905881754411173,0.9995,0.7615754211936863,0.0025448845545304904,0.0022158614099312573,,,499.0,497.0,0.5895372233400402
138,atlanta,-0.3,0.15,0,serial_days,production,SYNTHETIC_DATA,stratified_window_day_bootstrap,2000,2000,0,0.0,0.0,0.0,0.0,8.294680533896265e-05,0.0012615454334403938,,,499.0,499.0,0.0
139,atlanta,-0.3,0.15,1,linear,production,SYNTHETIC_DATA,fixed_date_spatial_only,2000,2000,0,0.053,0.005009540897128199,0.945,0.02632856941623207,-0.007636142288868436,0.004717027371868667,,,,,
139,atlanta,-0.3,0.15,1,linear,production,SYNTHETIC_DATA,moment_separated_t,2000,2000,0,0.9575,0.004510751046111944,1.0,1.6376936793590284,-0.007636142288868436,0.004717027371868667,2.0,0.0055,,,
139,atlanta,-0.3,0.15,1,linear,production,SYNTHETIC_DATA,double_spatial_noise_negative_control,2000,2000,0,0.959,0.00443390347211123,1.0,1.639340641470852,-0.007636142288868436,0.004717027371868667,,,,,
139,atlanta,-0.3,0.15,1,linear,production,SYNTHETIC_DATA,oracle_known_variance,2000,2000,0,0.951,0.004826955562256609,1.0,0.8319590021704483,-0.007636142288868436,0.004717027371868667,,,,,
139,atlanta,-0.3,0.15,1,linear,production,SYNTHETIC_DATA,existing_day_slope_bootstrap,2000,2000,0,0.903,0.006617816860566631,1.0,1.1114739304907881,-0.005059345819236151,0.003801185746073079,,,499.0,497.0,0.5895372233400402
139,atlanta,-0.3,0.15,1,linear,production,SYNTHETIC_DATA,stratified_window_day_bootstrap,2000,2000,0,0.0,0.0,0.0,0.0,-0.007636142288868436,0.004717027371868667,,,499.0,499.0,0.0
140,atlanta,-0.3,0.15,1,season_offsets,production,SYNTHETIC_DATA,fixed_date_spatial_only,2000,2000,0,0.051,0.004919298730510275,0.949,0.02632856941623207,0.0007161035114923338,0.004603604656324702,,,,,
140,atlanta,-0.3,0.15,1,season_offsets,production,SYNTHETIC_DATA,moment_separated_t,2000,2000,0,0.9555,0.004610843198374891,1.0,1.6119620009388205,0.0007161035114923338,0.004603604656324702,2.0,0.003,,,
140,atlanta,-0.3,0.15,1,season_offsets,production,SYNTHETIC_DATA,double_spatial_noise_negative_control,2000,2000,0,0.956,0.004586065852122058,1.0,1.6135875268195041,0.0007161035114923338,0.004603604656324702,,,,,
140,atlanta,-0.3,0.15,1,season_offsets,production,SYNTHETIC_DATA,oracle_known_variance,2000,2000,0,0.9575,0.004510751046111944,1.0,0.8319590021704483,0.0007161035114923338,0.004603604656324702,,,,,
140,atlanta,-0.3,0.15,1,season_offsets,production,SYNTHETIC_DATA,existing_day_slope_bootstrap,2000,2000,0,0.9075,0.006478570444164362,0.9995,1.1368780400542347,0.06814195415436014,0.0037729153077696383,,,499.0,497.0,0.5895372233400402
140,atlanta,-0.3,0.15,1,season_offsets,production,SYNTHETIC_DATA,stratified_window_day_bootstrap,2000,2000,0,0.0,0.0,0.0,0.0,0.0007161035114923338,0.004603604656324702,,,499.0,499.0,0.0
141,atlanta,-0.3,0.15,1,curved_time,production,SYNTHETIC_DATA,fixed_date_spatial_only,2000,2000,0,0.053,0.005009540897128199,0.946,0.02632856941623207,-0.0019823370100931392,0.004739143606077201,,,,,
141,atlanta,-0.3,0.15,1,curved_time,production,SYNTHETIC_DATA,moment_separated_t,2000,2000,0,0.977,0.0033519397369284566,1.0,2.3121820823503523,-0.0019823370100931392,0.004739143606077201,2.0,0.0015,,,
141,atlanta,-0.3,0.15,1,curved_time,production,SYNTHETIC_DATA,double_spatial_noise_negative_control,2000,2000,0,0.977,0.0033519397369284566,1.0,2.3132633332432313,-0.0019823370100931392,0.004739143606077201,,,,,
141,atlanta,-0.3,0.15,1,curved_time,production,SYNTHETIC_DATA,oracle_known_variance,2000,2000,0,0.9525,0.00475624589355933,1.0,0.8319590021704483,-0.0019823370100931392,0.004739143606077201,,,,,
141,atlanta,-0.3,0.15,1,curved_time,production,SYNTHETIC_DATA,existing_day_slope_bootstrap,2000,2000,0,0.9585,0.004459694496263168,1.0,1.6397275736828765,0.041151471042420076,0.00384263921624808,,,499.0,497.0,0.5895372233400402
141,atlanta,-0.3,0.15,1,curved_time,production,SYNTHETIC_DATA,stratified_window_day_bootstrap,2000,2000,0,0.0,0.0,0.0,0.0,-0.0019823370100931392,0.004739143606077201,,,499.0,499.0,0.0
142,atlanta,-0.3,0.15,1,month_slope,production,SYNTHETIC_DATA,fixed_date_spatial_only,2000,2000,0,0.041,0.004433903472111228,0.9505,0.02632856941623207,-0.006098961839884021,0.004624300496606621,,,,,
142,atlanta,-0.3,0.15,1,month_slope,production,SYNTHETIC_DATA,moment_separated_t,2000,2000,0,0.9565,0.004561126505590477,1.0,1.6151250786779165,-0.006098961839884021,0.004624300496606621,2.0,0.002,,,
142,atlanta,-0.3,0.15,1,month_slope,production,SYNTHETIC_DATA,double_spatial_noise_negative_control,2000,2000,0,0.959,0.00443390347211123,1.0,1.6167285130206808,-0.006098961839884021,0.004624300496606621,,,,,
142,atlanta,-0.3,0.15,1,month_slope,production,SYNTHETIC_DATA,oracle_known_variance,2000,2000,0,0.955,0.004635461142108735,1.0,0.8319590021704483,-0.006098961839884021,0.004624300496606621,,,,,
142,atlanta,-0.3,0.15,1,month_slope,production,SYNTHETIC_DATA,existing_day_slope_bootstrap,2000,2000,0,0.8995,0.006723085229267885,1.0,1.1406598832814951,0.05738466011354674,0.003702636161521837,,,499.0,497.0,0.5895372233400402
142,atlanta,-0.3,0.15,1,month_slope,production,SYNTHETIC_DATA,stratified_window_day_bootstrap,2000,2000,0,0.0,0.0,0.0,0.0,-0.006098961839884021,0.004624300496606621,,,499.0,499.0,0.0
143,atlanta,-0.3,0.15,1,heterogeneous_day,production,SYNTHETIC_DATA,fixed_date_spatial_only,2000,2000,0,0.033,0.003994433626936364,0.953,0.02632856941623208,-0.004614758973282687,0.007432255183468101,,,,,
143,atlanta,-0.3,0.15,1,heterogeneous_day,production,SYNTHETIC_DATA,moment_separated_t,2000,2000,0,0.8835,0.007173832657652395,1.0,1.6429677825334779,-0.004614758973282687,0.007432255183468101,2.0,0.004,,,
143,atlanta,-0.3,0.15,1,heterogeneous_day,production,SYNTHETIC_DATA,double_spatial_noise_negative_control,2000,2000,0,0.884,0.0071604469134265636,1.0,1.6446080770354101,-0.004614758973282687,0.007432255183468101,,,,,
143,atlanta,-0.3,0.15,1,heterogeneous_day,production,SYNTHETIC_DATA,oracle_known_variance,2000,2000,0,0.9485,0.004942051699446293,1.0,1.3150473994802854,-0.004614758973282687,0.007432255183468101,,,,,
143,atlanta,-0.3,0.15,1,heterogeneous_day,production,SYNTHETIC_DATA,existing_day_slope_bootstrap,2000,2000,0,0.8835,0.007173832657652395,0.999,1.1673879603926858,-0.00679407799055083,0.005758634248332496,,,499.0,497.0,0.5895372233400402
143,atlanta,-0.3,0.15,1,heterogeneous_day,production,SYNTHETIC_DATA,stratified_window_day_bootstrap,2000,2000,0,0.0,0.0,0.0,0.0,-0.004614758973282687,0.007432255183468101,,,499.0,499.0,0.0
144,atlanta,-0.3,0.15,1,serial_days,production,SYNTHETIC_DATA,fixed_date_spatial_only,2000,2000,0,0.188,0.008736589723685096,0.957,0.02632856941623207,-0.0002329540808254294,0.0012580236093695685,,,,,
144,atlanta,-0.3,0.15,1,serial_days,production,SYNTHETIC_DATA,moment_separated_t,2000,2000,0,0.9925,0.0019292161620720412,1.0,1.2349984446882336,-0.0002329540808254294,0.0012580236093695685,2.0,0.0055,,,
144,atlanta,-0.3,0.15,1,serial_days,production,SYNTHETIC_DATA,double_spatial_noise_negative_control,2000,2000,0,0.9935,0.0017969070649312877,1.0,1.2371075617640828,-0.0002329540808254294,0.0012580236093695685,,,,,
144,atlanta,-0.3,0.15,1,serial_days,production,SYNTHETIC_DATA,oracle_known_variance,2000,2000,0,0.949,0.004919298730510276,1.0,0.21991066891791802,-0.0002329540808254294,0.0012580236093695685,,,,,
144,atlanta,-0.3,0.15,1,serial_days,production,SYNTHETIC_DATA,existing_day_slope_bootstrap,2000,2000,0,0.98,0.003130495168499707,0.999,0.7744846131116987,-0.003717673202391078,0.002254932285111748,,,499.0,497.0,0.5895372233400402
144,atlanta,-0.3,0.15,1,serial_days,production,SYNTHETIC_DATA,stratified_window_day_bootstrap,2000,2000,0,0.0,0.0,0.0,0.0,-0.0002329540808254294,0.0012580236093695685,,,499.0,499.0,0.0
145,atlanta,0.0,0.0,0,linear,production,SYNTHETIC_DATA,fixed_date_spatial_only,2000,2000,0,0.9455,0.005075911248239078,0.9455,0.03855960512935593,-0.0005516624099004737,0.00022639123381068915,,,,,
145,atlanta,0.0,0.0,0,linear,production,SYNTHETIC_DATA,moment_separated_t,2000,2000,0,1.0,0.0,1.0,0.1103955606303519,-0.0005516624099004737,0.00022639123381068915,2.0,0.635,,,
145,atlanta,0.0,0.0,0,linear,production,SYNTHETIC_DATA,double_spatial_noise_negative_control,2000,2000,0,1.0,0.0,1.0,0.14111741155783464,-0.0005516624099004737,0.00022639123381068915,,,,,
145,atlanta,0.0,0.0,0,linear,production,SYNTHETIC_DATA,oracle_known_variance,2000,2000,0,0.9455,0.005075911248239078,0.9455,0.03855960512935593,-0.0005516624099004737,0.00022639123381068915,,,,,
145,atlanta,0.0,0.0,0,linear,production,SYNTHETIC_DATA,existing_day_slope_bootstrap,2000,2000,0,0.942,0.005226662414964259,0.942,0.07880065676598727,-0.00029759849816313254,0.00020967080985725292,,,499.0,497.0,0.5895372233400402
145,atlanta,0.0,0.0,0,linear,production,SYNTHETIC_DATA,stratified_window_day_bootstrap,2000,2000,0,0.0,0.0,0.0,0.0,-0.0005516624099004737,0.00022639123381068915,,,499.0,499.0,0.0
146,atlanta,0.0,0.0,0,season_offsets,production,SYNTHETIC_DATA,fixed_date_spatial_only,2000,2000,0,0.9465,0.005031786462082825,0.9465,0.03855960512935593,0.00038955213770455077,0.0002199421844024917,,,,,
146,atlanta,0.0,0.0,0,season_offsets,production,SYNTHETIC_DATA,moment_separated_t,2000,2000,0,1.0,0.0,1.0,0.11199912203172108,0.00038955213770455077,0.0002199421844024917,2.0,0.6245,,,
146,atlanta,0.0,0.0,0,season_offsets,production,SYNTHETIC_DATA,double_spatial_noise_negative_control,2000,2000,0,1.0,0.0,1.0,0.14253179259944412,0.00038955213770455077,0.0002199421844024917,,,,,
146,atlanta,0.0,0.0,0,season_offsets,production,SYNTHETIC_DATA,oracle_known_variance,2000,2000,0,0.9465,0.005031786462082825,0.9465,0.03855960512935593,0.00038955213770455077,0.0002199421844024917,,,,,
146,atlanta,0.0,0.0,0,season_offsets,production,SYNTHETIC_DATA,existing_day_slope_bootstrap,2000,2000,0,0.935,0.005512485827646179,0.935,0.29403679518058246,0.07388079103644414,0.00021139695544134963,,,499.0,497.0,0.5895372233400402
146,atlanta,0.0,0.0,0,season_offsets,production,SYNTHETIC_DATA,stratified_window_day_bootstrap,2000,2000,0,0.0,0.0,0.0,0.0,0.00038955213770455077,0.0002199421844024917,,,499.0,499.0,0.0
147,atlanta,0.0,0.0,0,curved_time,production,SYNTHETIC_DATA,fixed_date_spatial_only,2000,2000,0,0.9565,0.004561126505590477,0.9565,0.03855960512935593,2.588815419241944e-05,0.00021347124330028066,,,,,
147,atlanta,0.0,0.0,0,curved_time,production,SYNTHETIC_DATA,moment_separated_t,2000,2000,0,1.0,0.0,1.0,1.8132833079538195,2.588815419241944e-05,0.00021347124330028066,2.0,0.0,,,
147,atlanta,0.0,0.0,0,curved_time,production,SYNTHETIC_DATA,double_spatial_noise_negative_control,2000,2000,0,1.0,0.0,1.0,1.8152629409457095,2.588815419241944e-05,0.00021347124330028066,,,,,
147,atlanta,0.0,0.0,0,curved_time,production,SYNTHETIC_DATA,oracle_known_variance,2000,2000,0,0.9565,0.004561126505590477,0.9565,0.03855960512935593,2.588815419241944e-05,0.00021347124330028066,,,,,
147,atlanta,0.0,0.0,0,curved_time,production,SYNTHETIC_DATA,existing_day_slope_bootstrap,2000,2000,0,1.0,0.0,1.0,1.346408245455489,0.04348074521053914,0.00020899094840805098,,,499.0,497.0,0.5895372233400402
147,atlanta,0.0,0.0,0,curved_time,production,SYNTHETIC_DATA,stratified_window_day_bootstrap,2000,2000,0,0.0,0.0,0.0,0.0,2.588815419241944e-05,0.00021347124330028066,,,499.0,499.0,0.0
148,atlanta,0.0,0.0,0,month_slope,production,SYNTHETIC_DATA,fixed_date_spatial_only,2000,2000,0,0.9505,0.004850244839180801,0.9505,0.03855960512935593,7.582539821731527e-05,0.0002193320816633713,,,,,
148,atlanta,0.0,0.0,0,month_slope,production,SYNTHETIC_DATA,moment_separated_t,2000,2000,0,1.0,0.0,1.0,0.11065441755006467,7.582539821731527e-05,0.0002193320816633713,2.0,0.636,,,
148,atlanta,0.0,0.0,0,month_slope,production,SYNTHETIC_DATA,double_spatial_noise_negative_control,2000,2000,0,1.0,0.0,1.0,0.1413797224287866,7.582539821731527e-05,0.0002193320816633713,,,,,
148,atlanta,0.0,0.0,0,month_slope,production,SYNTHETIC_DATA,oracle_known_variance,2000,2000,0,0.9505,0.004850244839180801,0.9505,0.03855960512935593,7.582539821731527e-05,0.0002193320816633713,,,,,
148,atlanta,0.0,0.0,0,month_slope,production,SYNTHETIC_DATA,existing_day_slope_bootstrap,2000,2000,0,0.939,0.005351588549206677,0.939,0.24660353963113377,0.05977878958446526,0.00021192456069249783,,,499.0,497.0,0.5895372233400402
148,atlanta,0.0,0.0,0,month_slope,production,SYNTHETIC_DATA,stratified_window_day_bootstrap,2000,2000,0,0.0,0.0,0.0,0.0,7.582539821731527e-05,0.0002193320816633713,,,499.0,499.0,0.0
149,atlanta,0.0,0.0,0,heterogeneous_day,production,SYNTHETIC_DATA,fixed_date_spatial_only,2000,2000,0,0.946,0.005053909377897473,0.946,0.03855960512935593,-6.336385802520404e-05,0.00022493705800301936,,,,,
149,atlanta,0.0,0.0,0,heterogeneous_day,production,SYNTHETIC_DATA,moment_separated_t,2000,2000,0,1.0,0.0,1.0,0.10948685267208902,-6.336385802520404e-05,0.00022493705800301936,2.0,0.6605,,,
149,atlanta,0.0,0.0,0,heterogeneous_day,production,SYNTHETIC_DATA,double_spatial_noise_negative_control,2000,2000,0,1.0,0.0,1.0,0.1404835064235714,-6.336385802520404e-05,0.00022493705800301936,,,,,
149,atlanta,0.0,0.0,0,heterogeneous_day,production,SYNTHETIC_DATA,oracle_known_variance,2000,2000,0,0.946,0.005053909377897473,0.946,0.03855960512935593,-6.336385802520404e-05,0.00022493705800301936,,,,,
149,atlanta,0.0,0.0,0,heterogeneous_day,production,SYNTHETIC_DATA,existing_day_slope_bootstrap,2000,2000,0,0.928,0.0057799653978203,0.928,0.07844421464618916,0.00024739807460800306,0.00021608809596785088,,,499.0,497.0,0.5895372233400402
149,atlanta,0.0,0.0,0,heterogeneous_day,production,SYNTHETIC_DATA,stratified_window_day_bootstrap,2000,2000,0,0.0,0.0,0.0,0.0,-6.336385802520404e-05,0.00022493705800301936,,,499.0,499.0,0.0
150,atlanta,0.0,0.0,0,serial_days,production,SYNTHETIC_DATA,fixed_date_spatial_only,2000,2000,0,0.955,0.004635461142108735,0.955,0.03855960512935593,-0.0002695650670010515,0.000215239720063118,,,,,
150,atlanta,0.0,0.0,0,serial_days,production,SYNTHETIC_DATA,moment_separated_t,2000,2000,0,1.0,0.0,1.0,0.1109979492940388,-0.0002695650670010515,0.000215239720063118,2.0,0.628,,,
150,atlanta,0.0,0.0,0,serial_days,production,SYNTHETIC_DATA,double_spatial_noise_negative_control,2000,2000,0,1.0,0.0,1.0,0.14166191623440225,-0.0002695650670010515,0.000215239720063118,,,,,
150,atlanta,0.0,0.0,0,serial_days,production,SYNTHETIC_DATA,oracle_known_variance,2000,2000,0,0.955,0.004635461142108735,0.955,0.03855960512935593,-0.0002695650670010515,0.000215239720063118,,,,,
150,atlanta,0.0,0.0,0,serial_days,production,SYNTHETIC_DATA,existing_day_slope_bootstrap,2000,2000,0,0.943,0.005184158562389852,0.943,0.07893983465262852,-5.122731640023037e-05,0.0002064788128425284,,,499.0,497.0,0.5895372233400402
150,atlanta,0.0,0.0,0,serial_days,production,SYNTHETIC_DATA,stratified_window_day_bootstrap,2000,2000,0,0.0,0.0,0.0,0.0,-0.0002695650670010515,0.000215239720063118,,,499.0,499.0,0.0
151,atlanta,0.0,0.0,1,linear,production,SYNTHETIC_DATA,fixed_date_spatial_only,2000,2000,0,0.949,0.004919298730510276,0.949,0.02632856941623207,6.402548620380385e-05,0.0001503109881439645,,,,,
151,atlanta,0.0,0.0,1,linear,production,SYNTHETIC_DATA,moment_separated_t,2000,2000,0,1.0,0.0,1.0,0.07408525362197856,6.402548620380385e-05,0.0001503109881439645,2.0,0.6655,,,
151,atlanta,0.0,0.0,1,linear,production,SYNTHETIC_DATA,double_spatial_noise_negative_control,2000,2000,0,1.0,0.0,1.0,0.09534695945051248,6.402548620380385e-05,0.0001503109881439645,,,,,
151,atlanta,0.0,0.0,1,linear,production,SYNTHETIC_DATA,oracle_known_variance,2000,2000,0,0.949,0.004919298730510276,0.949,0.02632856941623207,6.402548620380385e-05,0.0001503109881439645,,,,,
151,atlanta,0.0,0.0,1,linear,production,SYNTHETIC_DATA,existing_day_slope_bootstrap,2000,2000,0,0.943,0.005184158562389852,0.943,0.04789342187743445,-0.00016634450605992827,0.00018853641508544664,,,499.0,497.0,0.5895372233400402
151,atlanta,0.0,0.0,1,linear,production,SYNTHETIC_DATA,stratified_window_day_bootstrap,2000,2000,0,0.0,0.0,0.0,0.0,6.402548620380385e-05,0.0001503109881439645,,,499.0,499.0,0.0
152,atlanta,0.0,0.0,1,season_offsets,production,SYNTHETIC_DATA,fixed_date_spatial_only,2000,2000,0,0.9465,0.005031786462082825,0.9465,0.02632856941623207,1.3048655050719802e-05,0.0001509068853111546,,,,,
152,atlanta,0.0,0.0,1,season_offsets,production,SYNTHETIC_DATA,moment_separated_t,2000,2000,0,1.0,0.0,1.0,0.07507934864935517,1.3048655050719802e-05,0.0001509068853111546,2.0,0.652,,,
152,atlanta,0.0,0.0,1,season_offsets,production,SYNTHETIC_DATA,double_spatial_noise_negative_control,2000,2000,0,1.0,0.0,1.0,0.0961923617099827,1.3048655050719802e-05,0.0001509068853111546,,,,,
152,atlanta,0.0,0.0,1,season_offsets,production,SYNTHETIC_DATA,oracle_known_variance,2000,2000,0,0.9465,0.005031786462082825,0.9465,0.02632856941623207,1.3048655050719802e-05,0.0001509068853111546,,,,,
152,atlanta,0.0,0.0,1,season_offsets,production,SYNTHETIC_DATA,existing_day_slope_bootstrap,2000,2000,0,0.949,0.004919298730510276,0.949,0.27757712090160896,0.0735715494357122,0.00018866128909137602,,,499.0,497.0,0.5895372233400402
152,atlanta,0.0,0.0,1,season_offsets,production,SYNTHETIC_DATA,stratified_window_day_bootstrap,2000,2000,0,0.0,0.0,0.0,0.0,1.3048655050719802e-05,0.0001509068853111546,,,499.0,499.0,0.0
153,atlanta,0.0,0.0,1,curved_time,production,SYNTHETIC_DATA,fixed_date_spatial_only,2000,2000,0,0.952,0.004779958158812692,0.952,0.02632856941623207,0.00011198210456303042,0.000147498546680757,,,,,
153,atlanta,0.0,0.0,1,curved_time,production,SYNTHETIC_DATA,moment_separated_t,2000,2000,0,1.0,0.0,1.0,1.813677023475926,0.00011198210456303042,0.000147498546680757,2.0,0.0,,,
153,atlanta,0.0,0.0,1,curved_time,production,SYNTHETIC_DATA,double_spatial_noise_negative_control,2000,2000,0,1.0,0.0,1.0,1.8145984188917315,0.00011198210456303042,0.000147498546680757,,,,,
153,atlanta,0.0,0.0,1,curved_time,production,SYNTHETIC_DATA,oracle_known_variance,2000,2000,0,0.952,0.004779958158812692,0.952,0.02632856941623207,0.00011198210456303042,0.000147498546680757,,,,,
153,atlanta,0.0,0.0,1,curved_time,production,SYNTHETIC_DATA,existing_day_slope_bootstrap,2000,2000,0,1.0,0.0,1.0,1.3448354679255,0.04354704861771829,0.0001869884540773722,,,499.0,497.0,0.5895372233400402
153,atlanta,0.0,0.0,1,curved_time,production,SYNTHETIC_DATA,stratified_window_day_bootstrap,2000,2000,0,0.0,0.0,0.0,0.0,0.00011198210456303042,0.000147498546680757,,,499.0,499.0,0.0
154,atlanta,0.0,0.0,1,month_slope,production,SYNTHETIC_DATA,fixed_date_spatial_only,2000,2000,0,0.942,0.005226662414964259,0.942,0.02632856941623207,-0.00019140921007583476,0.00015316502984441413,,,,,
154,atlanta,0.0,0.0,1,month_slope,production,SYNTHETIC_DATA,moment_separated_t,2000,2000,0,1.0,0.0,1.0,0.07630159555841345,-0.00019140921007583476,0.00015316502984441413,2.0,0.65,,,
154,atlanta,0.0,0.0,1,month_slope,production,SYNTHETIC_DATA,double_spatial_noise_negative_control,2000,2000,0,1.0,0.0,1.0,0.09726794179172361,-0.00019140921007583476,0.00015316502984441413,,,,,
154,atlanta,0.0,0.0,1,month_slope,production,SYNTHETIC_DATA,oracle_known_variance,2000,2000,0,0.942,0.005226662414964259,0.942,0.02632856941623207,-0.00019140921007583476,0.00015316502984441413,,,,,
154,atlanta,0.0,0.0,1,month_slope,production,SYNTHETIC_DATA,existing_day_slope_bootstrap,2000,2000,0,0.9475,0.004987171041783106,0.9475,0.22949496625563953,0.059437874154724034,0.0001885821045310221,,,499.0,497.0,0.5895372233400402
154,atlanta,0.0,0.0,1,month_slope,production,SYNTHETIC_DATA,stratified_window_day_bootstrap,2000,2000,0,0.0,0.0,0.0,0.0,-0.00019140921007583476,0.00015316502984441413,,,499.0,499.0,0.0
155,atlanta,0.0,0.0,1,heterogeneous_day,production,SYNTHETIC_DATA,fixed_date_spatial_only,2000,2000,0,0.952,0.004779958158812692,0.952,0.02632856941623207,-0.0002850503086228594,0.0001468422672261116,,,,,
155,atlanta,0.0,0.0,1,heterogeneous_day,production,SYNTHETIC_DATA,moment_separated_t,2000,2000,0,1.0,0.0,1.0,0.07652762406209056,-0.0002850503086228594,0.0001468422672261116,2.0,0.6485,,,
155,atlanta,0.0,0.0,1,heterogeneous_day,production,SYNTHETIC_DATA,double_spatial_noise_negative_control,2000,2000,0,1.0,0.0,1.0,0.09748848586532596,-0.0002850503086228594,0.0001468422672261116,,,,,
155,atlanta,0.0,0.0,1,heterogeneous_day,production,SYNTHETIC_DATA,oracle_known_variance,2000,2000,0,0.952,0.004779958158812692,0.952,0.02632856941623207,-0.0002850503086228594,0.0001468422672261116,,,,,
155,atlanta,0.0,0.0,1,heterogeneous_day,production,SYNTHETIC_DATA,existing_day_slope_bootstrap,2000,2000,0,0.9395,0.005331029450303197,0.9395,0.049198002574289926,-0.00018372242803626763,0.00018546864996964123,,,499.0,497.0,0.5895372233400402
155,atlanta,0.0,0.0,1,heterogeneous_day,production,SYNTHETIC_DATA,stratified_window_day_bootstrap,2000,2000,0,0.0,0.0,0.0,0.0,-0.0002850503086228594,0.0001468422672261116,,,499.0,499.0,0.0
156,atlanta,0.0,0.0,1,serial_days,production,SYNTHETIC_DATA,fixed_date_spatial_only,2000,2000,0,0.946,0.005053909377897473,0.946,0.02632856941623207,0.00010846239808683645,0.00015193824905878229,,,,,
156,atlanta,0.0,0.0,1,serial_days,production,SYNTHETIC_DATA,moment_separated_t,2000,2000,0,1.0,0.0,1.0,0.07630762648947362,0.00010846239808683645,0.00015193824905878229,2.0,0.6365,,,
156,atlanta,0.0,0.0,1,serial_days,production,SYNTHETIC_DATA,double_spatial_noise_negative_control,2000,2000,0,1.0,0.0,1.0,0.09722472635785673,0.00010846239808683645,0.00015193824905878229,,,,,
156,atlanta,0.0,0.0,1,serial_days,production,SYNTHETIC_DATA,oracle_known_variance,2000,2000,0,0.946,0.005053909377897473,0.946,0.02632856941623207,0.00010846239808683645,0.00015193824905878229,,,,,
156,atlanta,0.0,0.0,1,serial_days,production,SYNTHETIC_DATA,existing_day_slope_bootstrap,2000,2000,0,0.947,0.005009540897128201,0.947,0.04956881297686449,0.00014735975662698766,0.00019270553752556583,,,499.0,497.0,0.5895372233400402
156,atlanta,0.0,0.0,1,serial_days,production,SYNTHETIC_DATA,stratified_window_day_bootstrap,2000,2000,0,0.0,0.0,0.0,0.0,0.00010846239808683645,0.00015193824905878229,,,499.0,499.0,0.0
157,atlanta,0.0,0.05,0,linear,production,SYNTHETIC_DATA,fixed_date_spatial_only,2000,2000,0,0.2265,0.009359427065798419,0.9455,0.03855960512935593,-0.0004256096085975766,0.0015809627758995683,,,,,
157,atlanta,0.0,0.05,0,linear,production,SYNTHETIC_DATA,moment_separated_t,2000,2000,0,0.9445,0.005119558086397692,1.0,0.5381451342802437,-0.0004256096085975766,0.0015809627758995683,2.0,0.05,,,
157,atlanta,0.0,0.05,0,linear,production,SYNTHETIC_DATA,double_spatial_noise_negative_control,2000,2000,0,0.9585,0.004459694496263168,1.0,0.5480704577838577,-0.0004256096085975766,0.0015809627758995683,,,,,
157,atlanta,0.0,0.05,0,linear,production,SYNTHETIC_DATA,oracle_known_variance,2000,2000,0,0.953,0.004732388403332932,1.0,0.27984999475007033,-0.0004256096085975766,0.0015809627758995683,,,,,
157,atlanta,0.0,0.05,0,linear,production,SYNTHETIC_DATA,existing_day_slope_bootstrap,2000,2000,0,0.911,0.006367063687446513,0.996,0.37702213274990615,-0.0002815537347150862,0.001300969826103085,,,499.0,497.0,0.5895372233400402
157,atlanta,0.0,0.05,0,linear,production,SYNTHETIC_DATA,stratified_window_day_bootstrap,2000,2000,0,0.0,0.0,0.0,0.0,-0.0004256096085975766,0.0015809627758995683,,,499.0,499.0,0.0
158,atlanta,0.0,0.05,0,season_offsets,production,SYNTHETIC_DATA,fixed_date_spatial_only,2000,2000,0,0.218,0.009232442797006652,0.9605,0.03855960512935593,0.004649666346000614,0.0016033579004948288,,,,,
158,atlanta,0.0,0.05,0,season_offsets,production,SYNTHETIC_DATA,moment_separated_t,2000,2000,0,0.942,0.005226662414964259,1.0,0.5306512912156804,0.004649666346000614,0.0016033579004948288,2.0,0.049,,,
158,atlanta,0.0,0.05,0,season_offsets,production,SYNTHETIC_DATA,double_spatial_noise_negative_control,2000,2000,0,0.9545,0.004659922209651143,1.0,0.540683846971641,0.004649666346000614,0.0016033579004948288,,,,,
158,atlanta,0.0,0.05,0,season_offsets,production,SYNTHETIC_DATA,oracle_known_variance,2000,2000,0,0.944,0.005141206084179083,1.0,0.27984999475007033,0.004649666346000614,0.0016033579004948288,,,,,
158,atlanta,0.0,0.05,0,season_offsets,production,SYNTHETIC_DATA,existing_day_slope_bootstrap,2000,2000,0,0.876,0.007369667563737186,0.9975,0.487584949946719,0.07602996013777139,0.0013113050007717716,,,499.0,497.0,0.5895372233400402
158,atlanta,0.0,0.05,0,season_offsets,production,SYNTHETIC_DATA,stratified_window_day_bootstrap,2000,2000,0,0.0,0.0,0.0,0.0,0.004649666346000614,0.0016033579004948288,,,499.0,499.0,0.0
159,atlanta,0.0,0.05,0,curved_time,production,SYNTHETIC_DATA,fixed_date_spatial_only,2000,2000,0,0.215,0.009186266924055712,0.9495,0.03855960512935593,-0.00010518096891575002,0.0016371596635409251,,,,,
159,atlanta,0.0,0.05,0,curved_time,production,SYNTHETIC_DATA,moment_separated_t,2000,2000,0,0.9995,0.000499874984371065,1.0,1.8832160445589408,-0.00010518096891575002,0.0016371596635409251,2.0,0.0005,,,
159,atlanta,0.0,0.05,0,curved_time,production,SYNTHETIC_DATA,double_spatial_noise_negative_control,2000,2000,0,0.9995,0.000499874984371065,1.0,1.8852525087694052,-0.00010518096891575002,0.0016371596635409251,,,,,
159,atlanta,0.0,0.05,0,curved_time,production,SYNTHETIC_DATA,oracle_known_variance,2000,2000,0,0.9425,0.005205465877325487,1.0,0.27984999475007033,-0.00010518096891575002,0.0016371596635409251,,,,,
159,atlanta,0.0,0.05,0,curved_time,production,SYNTHETIC_DATA,existing_day_slope_bootstrap,2000,2000,0,1.0,0.0,0.9995,1.3992850169029603,0.043829519512837964,0.001318141654007965,,,499.0,497.0,0.5895372233400402
159,atlanta,0.0,0.05,0,curved_time,production,SYNTHETIC_DATA,stratified_window_day_bootstrap,2000,2000,0,0.0,0.0,0.0,0.0,-0.00010518096891575002,0.0016371596635409251,,,499.0,499.0,0.0
160,atlanta,0.0,0.05,0,month_slope,production,SYNTHETIC_DATA,fixed_date_spatial_only,2000,2000,0,0.211,0.009123568380847484,0.9485,0.03855960512935593,-0.0010028046222338748,0.001644945885102514,,,,,
160,atlanta,0.0,0.05,0,month_slope,production,SYNTHETIC_DATA,moment_separated_t,2000,2000,0,0.9395,0.005331029450303197,1.0,0.53584693889192,-0.0010028046222338748,0.001644945885102514,2.0,0.054,,,
160,atlanta,0.0,0.05,0,month_slope,production,SYNTHETIC_DATA,double_spatial_noise_negative_control,2000,2000,0,0.953,0.004732388403332932,1.0,0.5457762012053747,-0.0010028046222338748,0.001644945885102514,,,,,
160,atlanta,0.0,0.05,0,month_slope,production,SYNTHETIC_DATA,oracle_known_variance,2000,2000,0,0.9405,0.005289600646551685,1.0,0.27984999475007033,-0.0010028046222338748,0.001644945885102514,,,,,
160,atlanta,0.0,0.05,0,month_slope,production,SYNTHETIC_DATA,existing_day_slope_bootstrap,2000,2000,0,0.88,0.0072663608498339805,0.9945,0.4523876955765712,0.05767268114608085,0.001334462676243864,,,499.0,497.0,0.5895372233400402
160,atlanta,0.0,0.05,0,month_slope,production,SYNTHETIC_DATA,stratified_window_day_bootstrap,2000,2000,0,0.0,0.0,0.0,0.0,-0.0010028046222338748,0.001644945885102514,,,499.0,499.0,0.0
161,atlanta,0.0,0.05,0,heterogeneous_day,production,SYNTHETIC_DATA,fixed_date_spatial_only,2000,2000,0,0.1415,0.007793514932301086,0.9535,0.038559605129355926,-0.0014968564450716156,0.0024880842207591386,,,,,
161,atlanta,0.0,0.05,0,heterogeneous_day,production,SYNTHETIC_DATA,moment_separated_t,2000,2000,0,0.878,0.007318333143551201,1.0,0.5595448712314801,-0.0014968564450716156,0.0024880842207591386,2.0,0.043,,,
161,atlanta,0.0,0.05,0,heterogeneous_day,production,SYNTHETIC_DATA,double_spatial_noise_negative_control,2000,2000,0,0.8945,0.006869124762296869,1.0,0.5689895357839476,-0.0014968564450716156,0.0024880842207591386,,,,,
161,atlanta,0.0,0.05,0,heterogeneous_day,production,SYNTHETIC_DATA,oracle_known_variance,2000,2000,0,0.957,0.004536022486716751,1.0,0.4399542978338069,-0.0014968564450716156,0.0024880842207591386,,,,,
161,atlanta,0.0,0.05,0,heterogeneous_day,production,SYNTHETIC_DATA,existing_day_slope_bootstrap,2000,2000,0,0.892,0.006940316995642202,0.9985,0.40335523103598464,-0.000573158757964761,0.0018987317133597557,,,499.0,497.0,0.5895372233400402
161,atlanta,0.0,0.05,0,heterogeneous_day,production,SYNTHETIC_DATA,stratified_window_day_bootstrap,2000,2000,0,0.0,0.0,0.0,0.0,-0.0014968564450716156,0.0024880842207591386,,,499.0,499.0,0.0
162,atlanta,0.0,0.05,0,serial_days,production,SYNTHETIC_DATA,fixed_date_spatial_only,2000,2000,0,0.642,0.010719981343267347,0.94,0.03855960512935593,-0.0002674325383722377,0.0004674014883531904,,,,,
162,atlanta,0.0,0.05,0,serial_days,production,SYNTHETIC_DATA,moment_separated_t,2000,2000,0,0.995,0.0015771810295587513,1.0,0.4140024724333861,-0.0002674325383722377,0.0004674014883531904,2.0,0.087,,,
162,atlanta,0.0,0.05,0,serial_days,production,SYNTHETIC_DATA,double_spatial_noise_negative_control,2000,2000,0,1.0,0.0,1.0,0.42656867107375773,-0.0002674325383722377,0.0004674014883531904,,,,,
162,atlanta,0.0,0.05,0,serial_days,production,SYNTHETIC_DATA,oracle_known_variance,2000,2000,0,0.947,0.005009540897128201,1.0,0.08236038493920586,-0.0002674325383722377,0.0004674014883531904,,,,,
162,atlanta,0.0,0.05,0,serial_days,production,SYNTHETIC_DATA,existing_day_slope_bootstrap,2000,2000,0,0.983,0.0028905881754411173,0.9955,0.26420646996199304,0.0002851249288255979,0.0007601731037107294,,,499.0,497.0,0.5895372233400402
162,atlanta,0.0,0.05,0,serial_days,production,SYNTHETIC_DATA,stratified_window_day_bootstrap,2000,2000,0,0.0,0.0,0.0,0.0,-0.0002674325383722377,0.0004674014883531904,,,499.0,499.0,0.0
163,atlanta,0.0,0.05,1,linear,production,SYNTHETIC_DATA,fixed_date_spatial_only,2000,2000,0,0.1475,0.007929178709046731,0.953,0.02632856941623207,0.0010783137527258938,0.0015875480390706185,,,,,
163,atlanta,0.0,0.05,1,linear,production,SYNTHETIC_DATA,moment_separated_t,2000,2000,0,0.9445,0.005119558086397692,1.0,0.5335356934097074,0.0010783137527258938,0.0015875480390706185,2.0,0.03,,,
163,atlanta,0.0,0.05,1,linear,production,SYNTHETIC_DATA,double_spatial_noise_negative_control,2000,2000,0,0.9555,0.004610843198374891,1.0,0.538375381470283,0.0010783137527258938,0.0015875480390706185,,,,,
163,atlanta,0.0,0.05,1,linear,production,SYNTHETIC_DATA,oracle_known_variance,2000,2000,0,0.9545,0.004659922209651143,1.0,0.27842839291528426,0.0010783137527258938,0.0015875480390706185,,,,,
163,atlanta,0.0,0.05,1,linear,production,SYNTHETIC_DATA,existing_day_slope_bootstrap,2000,2000,0,0.909,0.0064311352030570765,0.9975,0.36553161943752505,-0.0015716068785238614,0.0012972119522705167,,,499.0,497.0,0.5895372233400402
163,atlanta,0.0,0.05,1,linear,production,SYNTHETIC_DATA,stratified_window_day_bootstrap,2000,2000,0,0.0,0.0,0.0,0.0,0.0010783137527258938,0.0015875480390706185,,,499.0,499.0,0.0
164,atlanta,0.0,0.05,1,season_offsets,production,SYNTHETIC_DATA,fixed_date_spatial_only,2000,2000,0,0.141,0.007781998457979801,0.9505,0.02632856941623207,-0.0016905462828017716,0.0015674679584021403,,,,,
164,atlanta,0.0,0.05,1,season_offsets,production,SYNTHETIC_DATA,moment_separated_t,2000,2000,0,0.953,0.004732388403332932,1.0,0.5372661159321469,-0.0016905462828017716,0.0015674679584021403,2.0,0.021,,,
164,atlanta,0.0,0.05,1,season_offsets,production,SYNTHETIC_DATA,double_spatial_noise_negative_control,2000,2000,0,0.9605,0.004355441998236229,1.0,0.5419122055521389,-0.0016905462828017716,0.0015674679584021403,,,,,
164,atlanta,0.0,0.05,1,season_offsets,production,SYNTHETIC_DATA,oracle_known_variance,2000,2000,0,0.9565,0.004561126505590477,1.0,0.27842839291528426,-0.0016905462828017716,0.0015674679584021403,,,,,
164,atlanta,0.0,0.05,1,season_offsets,production,SYNTHETIC_DATA,existing_day_slope_bootstrap,2000,2000,0,0.8945,0.006869124762296869,0.9975,0.4972131457881801,0.07342240514118009,0.001292865668376313,,,499.0,497.0,0.5895372233400402
164,atlanta,0.0,0.05,1,season_offsets,production,SYNTHETIC_DATA,stratified_window_day_bootstrap,2000,2000,0,0.0,0.0,0.0,0.0,-0.0016905462828017716,0.0015674679584021403,,,499.0,499.0,0.0
165,atlanta,0.0,0.05,1,curved_time,production,SYNTHETIC_DATA,fixed_date_spatial_only,2000,2000,0,0.1435,0.007839252196478947,0.957,0.02632856941623207,0.0006050161373926846,0.0016116602659755257,,,,,
165,atlanta,0.0,0.05,1,curved_time,production,SYNTHETIC_DATA,moment_separated_t,2000,2000,0,1.0,0.0,1.0,1.8470114125737838,0.0006050161373926846,0.0016116602659755257,2.0,0.0,,,
165,atlanta,0.0,0.05,1,curved_time,production,SYNTHETIC_DATA,double_spatial_noise_negative_control,2000,2000,0,1.0,0.0,1.0,1.8479739937174118,0.0006050161373926846,0.0016116602659755257,,,,,
165,atlanta,0.0,0.05,1,curved_time,production,SYNTHETIC_DATA,oracle_known_variance,2000,2000,0,0.9445,0.005119558086397692,1.0,0.27842839291528426,0.0006050161373926846,0.0016116602659755257,,,,,
165,atlanta,0.0,0.05,1,curved_time,production,SYNTHETIC_DATA,existing_day_slope_bootstrap,2000,2000,0,1.0,0.0,1.0,1.3701500569726124,0.04410366668817836,0.0013158151448953888,,,499.0,497.0,0.5895372233400402
165,atlanta,0.0,0.05,1,curved_time,production,SYNTHETIC_DATA,stratified_window_day_bootstrap,2000,2000,0,0.0,0.0,0.0,0.0,0.0006050161373926846,0.0016116602659755257,,,499.0,499.0,0.0
166,atlanta,0.0,0.05,1,month_slope,production,SYNTHETIC_DATA,fixed_date_spatial_only,2000,2000,0,0.1535,0.00806032722660811,0.957,0.02632856941623207,-0.0003513737785483365,0.0016234966363203845,,,,,
166,atlanta,0.0,0.05,1,month_slope,production,SYNTHETIC_DATA,moment_separated_t,2000,2000,0,0.947,0.005009540897128201,1.0,0.5505123357843716,-0.0003513737785483365,0.0016234966363203845,2.0,0.024,,,
166,atlanta,0.0,0.05,1,month_slope,production,SYNTHETIC_DATA,double_spatial_noise_negative_control,2000,2000,0,0.956,0.004586065852122058,1.0,0.5550922505491466,-0.0003513737785483365,0.0016234966363203845,,,,,
166,atlanta,0.0,0.05,1,month_slope,production,SYNTHETIC_DATA,oracle_known_variance,2000,2000,0,0.948,0.0049646752159632785,1.0,0.27842839291528426,-0.0003513737785483365,0.0016234966363203845,,,,,
166,atlanta,0.0,0.05,1,month_slope,production,SYNTHETIC_DATA,existing_day_slope_bootstrap,2000,2000,0,0.8925,0.006926173185822025,0.998,0.46564751122455306,0.06024909864098678,0.00133913338333113,,,499.0,497.0,0.5895372233400402
166,atlanta,0.0,0.05,1,month_slope,production,SYNTHETIC_DATA,stratified_window_day_bootstrap,2000,2000,0,0.0,0.0,0.0,0.0,-0.0003513737785483365,0.0016234966363203845,,,499.0,499.0,0.0
167,atlanta,0.0,0.05,1,heterogeneous_day,production,SYNTHETIC_DATA,fixed_date_spatial_only,2000,2000,0,0.079,0.006031542091372653,0.953,0.02632856941623207,-0.002171091271600253,0.0026147342622449654,,,,,
167,atlanta,0.0,0.05,1,heterogeneous_day,production,SYNTHETIC_DATA,moment_separated_t,2000,2000,0,0.8825,0.0072004774147274445,1.0,0.5541671324633319,-0.002171091271600253,0.0026147342622449654,2.0,0.02,,,
167,atlanta,0.0,0.05,1,heterogeneous_day,production,SYNTHETIC_DATA,double_spatial_noise_negative_control,2000,2000,0,0.889,0.007024208140424086,1.0,0.5587060938961397,-0.002171091271600253,0.0026147342622449654,,,,,
167,atlanta,0.0,0.05,1,heterogeneous_day,production,SYNTHETIC_DATA,oracle_known_variance,2000,2000,0,0.94,0.005310367218940704,1.0,0.43905140314342633,-0.002171091271600253,0.0026147342622449654,,,,,
167,atlanta,0.0,0.05,1,heterogeneous_day,production,SYNTHETIC_DATA,existing_day_slope_bootstrap,2000,2000,0,0.8815,0.007226954752867907,0.999,0.3967632219783778,-0.002078682717405192,0.001993901639809378,,,499.0,497.0,0.5895372233400402
167,atlanta,0.0,0.05,1,heterogeneous_day,production,SYNTHETIC_DATA,stratified_window_day_bootstrap,2000,2000,0,0.0,0.0,0.0,0.0,-0.002171091271600253,0.0026147342622449654,,,499.0,499.0,0.0
168,atlanta,0.0,0.05,1,serial_days,production,SYNTHETIC_DATA,fixed_date_spatial_only,2000,2000,0,0.484,0.011174614087296258,0.947,0.02632856941623207,-0.00032174549450197774,0.0004471778888464921,,,,,
168,atlanta,0.0,0.05,1,serial_days,production,SYNTHETIC_DATA,moment_separated_t,2000,2000,0,0.994,0.0017268468374467964,1.0,0.40999320684004165,-0.00032174549450197774,0.0004471778888464921,2.0,0.0405,,,
168,atlanta,0.0,0.05,1,serial_days,production,SYNTHETIC_DATA,double_spatial_noise_negative_control,2000,2000,0,0.9995,0.000499874984371065,1.0,0.4161658470486909,-0.00032174549450197774,0.0004471778888464921,,,,,
168,atlanta,0.0,0.05,1,serial_days,production,SYNTHETIC_DATA,oracle_known_variance,2000,2000,0,0.9515,0.004803527349771207,1.0,0.07739239902669812,-0.00032174549450197774,0.0004471778888464921,,,,,
168,atlanta,0.0,0.05,1,serial_days,production,SYNTHETIC_DATA,existing_day_slope_bootstrap,2000,2000,0,0.98,0.003130495168499707,0.998,0.2577481615498456,0.0016711402389251616,0.0007600582526911702,,,499.0,497.0,0.5895372233400402
168,atlanta,0.0,0.05,1,serial_days,production,SYNTHETIC_DATA,stratified_window_day_bootstrap,2000,2000,0,0.0,0.0,0.0,0.0,-0.00032174549450197774,0.0004471778888464921,,,499.0,499.0,0.0
169,atlanta,0.0,0.15,0,linear,production,SYNTHETIC_DATA,fixed_date_spatial_only,2000,2000,0,0.0675,0.005609979946488223,0.9525,0.03855960512935592,-5.571973321982249e-05,0.004736212840063554,,,,,
169,atlanta,0.0,0.15,0,linear,production,SYNTHETIC_DATA,moment_separated_t,2000,2000,0,0.9605,0.004355441998236229,1.0,1.6152987683662043,-5.571973321982249e-05,0.004736212840063554,2.0,0.0065,,,
169,atlanta,0.0,0.15,0,linear,production,SYNTHETIC_DATA,double_spatial_noise_negative_control,2000,2000,0,0.963,0.004220841148396847,1.0,1.6186618473164094,-5.571973321982249e-05,0.004736212840063554,,,,,
169,atlanta,0.0,0.15,0,linear,production,SYNTHETIC_DATA,oracle_known_variance,2000,2000,0,0.952,0.004779958158812692,1.0,0.8324358418957429,-5.571973321982249e-05,0.004736212840063554,,,,,
169,atlanta,0.0,0.15,0,linear,production,SYNTHETIC_DATA,existing_day_slope_bootstrap,2000,2000,0,0.898,0.006767421961131136,0.9995,1.0969695143074973,-0.0013364986149386308,0.0039599849045848425,,,499.0,497.0,0.5895372233400402
169,atlanta,0.0,0.15,0,linear,production,SYNTHETIC_DATA,stratified_window_day_bootstrap,2000,2000,0,0.0,0.0,0.0,0.0,-5.571973321982249e-05,0.004736212840063554,,,499.0,499.0,0.0
170,atlanta,0.0,0.15,0,season_offsets,production,SYNTHETIC_DATA,fixed_date_spatial_only,2000,2000,0,0.064,0.005472842040475863,0.9525,0.03855960512935592,0.005798869361560622,0.004716778159054782,,,,,
170,atlanta,0.0,0.15,0,season_offsets,production,SYNTHETIC_DATA,moment_separated_t,2000,2000,0,0.9505,0.004850244839180801,1.0,1.6194443070436984,0.005798869361560622,0.004716778159054782,2.0,0.007,,,
170,atlanta,0.0,0.15,0,season_offsets,production,SYNTHETIC_DATA,double_spatial_noise_negative_control,2000,2000,0,0.9525,0.00475624589355933,1.0,1.622928380597474,0.005798869361560622,0.004716778159054782,,,,,
170,atlanta,0.0,0.15,0,season_offsets,production,SYNTHETIC_DATA,oracle_known_variance,2000,2000,0,0.953,0.004732388403332932,1.0,0.8324358418957429,0.005798869361560622,0.004716778159054782,,,,,
170,atlanta,0.0,0.15,0,season_offsets,production,SYNTHETIC_DATA,existing_day_slope_bootstrap,2000,2000,0,0.898,0.006767421961131136,0.998,1.147585814005472,0.07642986153008494,0.0038512473619853244,,,499.0,497.0,0.5895372233400402
170,atlanta,0.0,0.15,0,season_offsets,production,SYNTHETIC_DATA,stratified_window_day_bootstrap,2000,2000,0,0.0,0.0,0.0,0.0,0.005798869361560622,0.004716778159054782,,,499.0,499.0,0.0
171,atlanta,0.0,0.15,0,curved_time,production,SYNTHETIC_DATA,fixed_date_spatial_only,2000,2000,0,0.0705,0.0057240610583745525,0.9425,0.03855960512935593,-0.0027244286297049784,0.004678813814404196,,,,,
171,atlanta,0.0,0.15,0,curved_time,production,SYNTHETIC_DATA,moment_separated_t,2000,2000,0,0.976,0.0034222799417931915,1.0,2.3034615873825546,-0.0027244286297049784,0.004678813814404196,2.0,0.0025,,,
171,atlanta,0.0,0.15,0,curved_time,production,SYNTHETIC_DATA,double_spatial_noise_negative_control,2000,2000,0,0.977,0.0033519397369284566,1.0,2.3058320328865434,-0.0027244286297049784,0.004678813814404196,,,,,
171,atlanta,0.0,0.15,0,curved_time,production,SYNTHETIC_DATA,oracle_known_variance,2000,2000,0,0.954,0.0046842288586276416,1.0,0.8324358418957429,-0.0027244286297049784,0.004678813814404196,,,,,
171,atlanta,0.0,0.15,0,curved_time,production,SYNTHETIC_DATA,existing_day_slope_bootstrap,2000,2000,0,0.961,0.004328914413568374,0.999,1.6338623321124912,0.043358843300142946,0.003855104402300654,,,499.0,497.0,0.5895372233400402
171,atlanta,0.0,0.15,0,curved_time,production,SYNTHETIC_DATA,stratified_window_day_bootstrap,2000,2000,0,0.0,0.0,0.0,0.0,-0.0027244286297049784,0.004678813814404196,,,499.0,499.0,0.0
172,atlanta,0.0,0.15,0,month_slope,production,SYNTHETIC_DATA,fixed_date_spatial_only,2000,2000,0,0.086,0.0062691307212403855,0.951,0.03855960512935592,0.004311078731326525,0.004659283636217876,,,,,
172,atlanta,0.0,0.15,0,month_slope,production,SYNTHETIC_DATA,moment_separated_t,2000,2000,0,0.959,0.00443390347211123,1.0,1.6176680655043296,0.004311078731326525,0.004659283636217876,2.0,0.0055,,,
172,atlanta,0.0,0.15,0,month_slope,production,SYNTHETIC_DATA,double_spatial_noise_negative_control,2000,2000,0,0.961,0.004328914413568374,1.0,1.621103528851199,0.004311078731326525,0.004659283636217876,,,,,
172,atlanta,0.0,0.15,0,month_slope,production,SYNTHETIC_DATA,oracle_known_variance,2000,2000,0,0.9525,0.00475624589355933,1.0,0.8324358418957429,0.004311078731326525,0.004659283636217876,,,,,
172,atlanta,0.0,0.15,0,month_slope,production,SYNTHETIC_DATA,existing_day_slope_bootstrap,2000,2000,0,0.899,0.006737915107805974,1.0,1.1296603741090963,0.06460318170842386,0.0038629028626218725,,,499.0,497.0,0.5895372233400402
172,atlanta,0.0,0.15,0,month_slope,production,SYNTHETIC_DATA,stratified_window_day_bootstrap,2000,2000,0,0.0,0.0,0.0,0.0,0.004311078731326525,0.004659283636217876,,,499.0,499.0,0.0
173,atlanta,0.0,0.15,0,heterogeneous_day,production,SYNTHETIC_DATA,fixed_date_spatial_only,2000,2000,0,0.0395,0.00435544199823623,0.9595,0.03855960512935593,-0.0003083180013401674,0.007511990984992929,,,,,
173,atlanta,0.0,0.15,0,heterogeneous_day,production,SYNTHETIC_DATA,moment_separated_t,2000,2000,0,0.89,0.006996427659884721,1.0,1.666975510200839,-0.0003083180013401674,0.007511990984992929,2.0,0.003,,,
173,atlanta,0.0,0.15,0,heterogeneous_day,production,SYNTHETIC_DATA,double_spatial_noise_negative_control,2000,2000,0,0.891,0.006968464680257768,1.0,1.6703123812208096,-0.0003083180013401674,0.007511990984992929,,,,,
173,atlanta,0.0,0.15,0,heterogeneous_day,production,SYNTHETIC_DATA,oracle_known_variance,2000,2000,0,0.95,0.004873397172404485,1.0,1.3153491218912523,-0.0003083180013401674,0.007511990984992929,,,,,
173,atlanta,0.0,0.15,0,heterogeneous_day,production,SYNTHETIC_DATA,existing_day_slope_bootstrap,2000,2000,0,0.877,0.007344079247938437,1.0,1.1727095581414546,-0.0010186130711321165,0.005779997639919965,,,499.0,497.0,0.5895372233400402
173,atlanta,0.0,0.15,0,heterogeneous_day,production,SYNTHETIC_DATA,stratified_window_day_bootstrap,2000,2000,0,0.0,0.0,0.0,0.0,-0.0003083180013401674,0.007511990984992929,,,499.0,499.0,0.0
174,atlanta,0.0,0.15,0,serial_days,production,SYNTHETIC_DATA,fixed_date_spatial_only,2000,2000,0,0.259,0.009795891996137973,0.9475,0.03855960512935593,0.0014918826772484448,0.0012661827335787867,,,,,
174,atlanta,0.0,0.15,0,serial_days,production,SYNTHETIC_DATA,moment_separated_t,2000,2000,0,0.9885,0.0023840878758971907,1.0,1.2269365438579265,0.0014918826772484448,0.0012661827335787867,2.0,0.01,,,
174,atlanta,0.0,0.15,0,serial_days,production,SYNTHETIC_DATA,double_spatial_noise_negative_control,2000,2000,0,0.9915,0.0020527725154044657,1.0,1.231562660176763,0.0014918826772484448,0.0012661827335787867,,,,,
174,atlanta,0.0,0.15,0,serial_days,production,SYNTHETIC_DATA,oracle_known_variance,2000,2000,0,0.947,0.005009540897128201,1.0,0.22170780744969895,0.0014918826772484448,0.0012661827335787867,,,,,
174,atlanta,0.0,0.15,0,serial_days,production,SYNTHETIC_DATA,existing_day_slope_bootstrap,2000,2000,0,0.979,0.00320616593457045,1.0,0.7529295126713361,0.002909092921041947,0.00219457523942936,,,499.0,497.0,0.5895372233400402
174,atlanta,0.0,0.15,0,serial_days,production,SYNTHETIC_DATA,stratified_window_day_bootstrap,2000,2000,0,0.0,0.0,0.0,0.0,0.0014918826772484448,0.0012661827335787867,,,499.0,499.0,0.0
175,atlanta,0.0,0.15,1,linear,production,SYNTHETIC_DATA,fixed_date_spatial_only,2000,2000,0,0.0525,0.004987171041783107,0.9535,0.02632856941623207,0.0018191937852781478,0.004783207078539215,,,,,
175,atlanta,0.0,0.15,1,linear,production,SYNTHETIC_DATA,moment_separated_t,2000,2000,0,0.9505,0.004850244839180801,1.0,1.6183098642247438,0.0018191937852781478,0.004783207078539215,2.0,0.0025,,,
175,atlanta,0.0,0.15,1,linear,production,SYNTHETIC_DATA,double_spatial_noise_negative_control,2000,2000,0,0.9505,0.004850244839180801,1.0,1.6199425582919413,0.0018191937852781478,0.004783207078539215,,,,,
175,atlanta,0.0,0.15,1,linear,production,SYNTHETIC_DATA,oracle_known_variance,2000,2000,0,0.945,0.005097793640389931,1.0,0.8319590021704483,0.0018191937852781478,0.004783207078539215,,,,,
175,atlanta,0.0,0.15,1,linear,production,SYNTHETIC_DATA,existing_day_slope_bootstrap,2000,2000,0,0.9005,0.006693270874542581,1.0,1.1100997634749634,0.0013571956840762662,0.003930943421456209,,,499.0,497.0,0.5895372233400402
175,atlanta,0.0,0.15,1,linear,production,SYNTHETIC_DATA,stratified_window_day_bootstrap,2000,2000,0,0.0,0.0,0.0,0.0,0.0018191937852781478,0.004783207078539215,,,499.0,499.0,0.0
176,atlanta,0.0,0.15,1,season_offsets,production,SYNTHETIC_DATA,fixed_date_spatial_only,2000,2000,0,0.0455,0.004659922209651144,0.9445,0.02632856941623207,0.0019373644270490513,0.004686725080094142,,,,,
176,atlanta,0.0,0.15,1,season_offsets,production,SYNTHETIC_DATA,moment_separated_t,2000,2000,0,0.9545,0.004659922209651143,1.0,1.6285865730532436,0.0019373644270490513,0.004686725080094142,2.0,0.0035,,,
176,atlanta,0.0,0.15,1,season_offsets,production,SYNTHETIC_DATA,double_spatial_noise_negative_control,2000,2000,0,0.9555,0.004610843198374891,1.0,1.6301906053040356,0.0019373644270490513,0.004686725080094142,,,,,
176,atlanta,0.0,0.15,1,season_offsets,production,SYNTHETIC_DATA,oracle_known_variance,2000,2000,0,0.9565,0.004561126505590477,1.0,0.8319590021704483,0.0019373644270490513,0.004686725080094142,,,,,
176,atlanta,0.0,0.15,1,season_offsets,production,SYNTHETIC_DATA,existing_day_slope_bootstrap,2000,2000,0,0.8985,0.006752693906878944,0.9995,1.1579436148032838,0.07374842721278538,0.0038175424279758533,,,499.0,497.0,0.5895372233400402
176,atlanta,0.0,0.15,1,season_offsets,production,SYNTHETIC_DATA,stratified_window_day_bootstrap,2000,2000,0,0.0,0.0,0.0,0.0,0.0019373644270490513,0.004686725080094142,,,499.0,499.0,0.0
177,atlanta,0.0,0.15,1,curved_time,production,SYNTHETIC_DATA,fixed_date_spatial_only,2000,2000,0,0.0495,0.004850244839180801,0.9535,0.02632856941623207,-0.000749147043780756,0.00471987618523051,,,,,
177,atlanta,0.0,0.15,1,curved_time,production,SYNTHETIC_DATA,moment_separated_t,2000,2000,0,0.974,0.0035583704135460676,1.0,2.356981093851973,-0.000749147043780756,0.00471987618523051,2.0,0.002,,,
177,atlanta,0.0,0.15,1,curved_time,production,SYNTHETIC_DATA,double_spatial_noise_negative_control,2000,2000,0,0.9745,0.00352489361541593,1.0,2.3580471317325116,-0.000749147043780756,0.00471987618523051,,,,,
177,atlanta,0.0,0.15,1,curved_time,production,SYNTHETIC_DATA,oracle_known_variance,2000,2000,0,0.949,0.004919298730510276,1.0,0.8319590021704483,-0.000749147043780756,0.00471987618523051,,,,,
177,atlanta,0.0,0.15,1,curved_time,production,SYNTHETIC_DATA,existing_day_slope_bootstrap,2000,2000,0,0.9595,0.004407933189148855,1.0,1.6701818477385781,0.04557023244627513,0.0038021719889436098,,,499.0,497.0,0.5895372233400402
177,atlanta,0.0,0.15,1,curved_time,production,SYNTHETIC_DATA,stratified_window_day_bootstrap,2000,2000,0,0.0,0.0,0.0,0.0,-0.000749147043780756,0.00471987618523051,,,499.0,499.0,0.0
178,atlanta,0.0,0.15,1,month_slope,production,SYNTHETIC_DATA,fixed_date_spatial_only,2000,2000,0,0.0515,0.004942051699446294,0.9525,0.02632856941623207,-5.058592636452852e-05,0.004777736117950342,,,,,
178,atlanta,0.0,0.15,1,month_slope,production,SYNTHETIC_DATA,moment_separated_t,2000,2000,0,0.952,0.004779958158812692,1.0,1.6267394982651768,-5.058592636452852e-05,0.004777736117950342,2.0,0.0025,,,
178,atlanta,0.0,0.15,1,month_slope,production,SYNTHETIC_DATA,double_spatial_noise_negative_control,2000,2000,0,0.9545,0.004659922209651143,1.0,1.6283631999822459,-5.058592636452852e-05,0.004777736117950342,,,,,
178,atlanta,0.0,0.15,1,month_slope,production,SYNTHETIC_DATA,oracle_known_variance,2000,2000,0,0.9525,0.00475624589355933,1.0,0.8319590021704483,-5.058592636452852e-05,0.004777736117950342,,,,,
178,atlanta,0.0,0.15,1,month_slope,production,SYNTHETIC_DATA,existing_day_slope_bootstrap,2000,2000,0,0.902,0.006648157639526908,0.9995,1.1423054734312337,0.06280923793829805,0.0038688986490201405,,,499.0,497.0,0.5895372233400402
178,atlanta,0.0,0.15,1,month_slope,production,SYNTHETIC_DATA,stratified_window_day_bootstrap,2000,2000,0,0.0,0.0,0.0,0.0,-5.058592636452852e-05,0.004777736117950342,,,499.0,499.0,0.0
179,atlanta,0.0,0.15,1,heterogeneous_day,production,SYNTHETIC_DATA,fixed_date_spatial_only,2000,2000,0,0.0335,0.004023540107914919,0.9535,0.02632856941623207,-0.007512174251844366,0.007273521149117997,,,,,
179,atlanta,0.0,0.15,1,heterogeneous_day,production,SYNTHETIC_DATA,moment_separated_t,2000,2000,0,0.895,0.006854742883580681,1.0,1.6339285832420527,-0.007512174251844366,0.007273521149117997,2.0,0.0035,,,
179,atlanta,0.0,0.15,1,heterogeneous_day,production,SYNTHETIC_DATA,double_spatial_noise_negative_control,2000,2000,0,0.896,0.0068258332824644935,1.0,1.6355411317680688,-0.007512174251844366,0.007273521149117997,,,,,
179,atlanta,0.0,0.15,1,heterogeneous_day,production,SYNTHETIC_DATA,oracle_known_variance,2000,2000,0,0.959,0.00443390347211123,1.0,1.3150473994802854,-0.007512174251844366,0.007273521149117997,,,,,
179,atlanta,0.0,0.15,1,heterogeneous_day,production,SYNTHETIC_DATA,existing_day_slope_bootstrap,2000,2000,0,0.8885,0.00703803061942757,1.0,1.1670238798156665,0.00029421734961829936,0.005578322324001695,,,499.0,497.0,0.5895372233400402
179,atlanta,0.0,0.15,1,heterogeneous_day,production,SYNTHETIC_DATA,stratified_window_day_bootstrap,2000,2000,0,0.0,0.0,0.0,0.0,-0.007512174251844366,0.007273521149117997,,,499.0,499.0,0.0
180,atlanta,0.0,0.15,1,serial_days,production,SYNTHETIC_DATA,fixed_date_spatial_only,2000,2000,0,0.2015,0.008969329685099104,0.951,0.02632856941623207,0.000729833349713971,0.0012441256749196306,,,,,
180,atlanta,0.0,0.15,1,serial_days,production,SYNTHETIC_DATA,moment_separated_t,2000,2000,0,0.994,0.0017268468374467964,1.0,1.2614154359728202,0.000729833349713971,0.0012441256749196306,2.0,0.004,,,
180,atlanta,0.0,0.15,1,serial_days,production,SYNTHETIC_DATA,double_spatial_noise_negative_control,2000,2000,0,0.9945,0.0016537457482938467,1.0,1.2634753858201309,0.000729833349713971,0.0012441256749196306,,,,,
180,atlanta,0.0,0.15,1,serial_days,production,SYNTHETIC_DATA,oracle_known_variance,2000,2000,0,0.9495,0.0048964145045124596,1.0,0.21991066891791808,0.000729833349713971,0.0012441256749196306,,,,,
180,atlanta,0.0,0.15,1,serial_days,production,SYNTHETIC_DATA,existing_day_slope_bootstrap,2000,2000,0,0.9765,0.0033873108803297025,0.9995,0.7733855763647148,0.00014519192224667814,0.0022578783426122385,,,499.0,497.0,0.5895372233400402
180,atlanta,0.0,0.15,1,serial_days,production,SYNTHETIC_DATA,stratified_window_day_bootstrap,2000,2000,0,0.0,0.0,0.0,0.0,0.000729833349713971,0.0012441256749196306,,,499.0,499.0,0.0
181,atlanta,0.3,0.0,0,linear,production,SYNTHETIC_DATA,fixed_date_spatial_only,2000,2000,0,0.946,0.005053909377897473,0.946,0.03855960512935593,2.6689335312408663e-05,0.0002206825761472643,,,,,
181,atlanta,0.3,0.0,0,linear,production,SYNTHETIC_DATA,moment_separated_t,2000,2000,0,1.0,0.0,1.0,0.1113077268724631,2.6689335312408663e-05,0.0002206825761472643,2.0,0.622,,,
181,atlanta,0.3,0.0,0,linear,production,SYNTHETIC_DATA,double_spatial_noise_negative_control,2000,2000,0,1.0,0.0,1.0,0.14192303781038323,2.6689335312408663e-05,0.0002206825761472643,,,,,
181,atlanta,0.3,0.0,0,linear,production,SYNTHETIC_DATA,oracle_known_variance,2000,2000,0,0.946,0.005053909377897473,0.946,0.03855960512935593,2.6689335312408663e-05,0.0002206825761472643,,,,,
181,atlanta,0.3,0.0,0,linear,production,SYNTHETIC_DATA,existing_day_slope_bootstrap,2000,2000,0,0.9435,0.005162739098579358,0.9435,0.0802263808990351,0.00012795643725178543,0.000211294516619384,,,499.0,497.0,0.5895372233400402
181,atlanta,0.3,0.0,0,linear,production,SYNTHETIC_DATA,stratified_window_day_bootstrap,2000,2000,0,0.0,0.0,0.0,0.0,2.6689335312408663e-05,0.0002206825761472643,,,499.0,499.0,0.0
182,atlanta,0.3,0.0,0,season_offsets,production,SYNTHETIC_DATA,fixed_date_spatial_only,2000,2000,0,0.9505,0.004850244839180801,0.9505,0.038559605129355946,-0.00010074842855559565,0.0002167622701479597,,,,,
182,atlanta,0.3,0.0,0,season_offsets,production,SYNTHETIC_DATA,moment_separated_t,2000,2000,0,1.0,0.0,1.0,0.10915196349532545,-0.00010074842855559565,0.0002167622701479597,2.0,0.6425,,,
182,atlanta,0.3,0.0,0,season_offsets,production,SYNTHETIC_DATA,double_spatial_noise_negative_control,2000,2000,0,1.0,0.0,1.0,0.14005650924133875,-0.00010074842855559565,0.0002167622701479597,,,,,
182,atlanta,0.3,0.0,0,season_offsets,production,SYNTHETIC_DATA,oracle_known_variance,2000,2000,0,0.9505,0.004850244839180801,0.9505,0.038559605129355946,-0.00010074842855559565,0.0002167622701479597,,,,,
182,atlanta,0.3,0.0,0,season_offsets,production,SYNTHETIC_DATA,existing_day_slope_bootstrap,2000,2000,0,0.9425,0.005205465877325487,0.9425,0.2938088120634869,0.07345803590876562,0.0002072895741356203,,,499.0,497.0,0.5895372233400402
182,atlanta,0.3,0.0,0,season_offsets,production,SYNTHETIC_DATA,stratified_window_day_bootstrap,2000,2000,0,0.0,0.0,0.0,0.0,-0.00010074842855559565,0.0002167622701479597,,,499.0,499.0,0.0
183,atlanta,0.3,0.0,0,curved_time,production,SYNTHETIC_DATA,fixed_date_spatial_only,2000,2000,0,0.9565,0.004561126505590477,0.9565,0.038559605129355974,-0.0005082280031810471,0.00021418837248556044,,,,,
183,atlanta,0.3,0.0,0,curved_time,production,SYNTHETIC_DATA,moment_separated_t,2000,2000,0,1.0,0.0,1.0,1.814423960660156,-0.0005082280031810471,0.00021418837248556044,2.0,0.0,,,
183,atlanta,0.3,0.0,0,curved_time,production,SYNTHETIC_DATA,double_spatial_noise_negative_control,2000,2000,0,1.0,0.0,1.0,1.8164022816706984,-0.0005082280031810471,0.00021418837248556044,,,,,
183,atlanta,0.3,0.0,0,curved_time,production,SYNTHETIC_DATA,oracle_known_variance,2000,2000,0,0.9565,0.004561126505590477,0.9565,0.038559605129355974,-0.0005082280031810471,0.00021418837248556044,,,,,
183,atlanta,0.3,0.0,0,curved_time,production,SYNTHETIC_DATA,existing_day_slope_bootstrap,2000,2000,0,1.0,0.0,1.0,1.3473005310175319,0.042902714338687045,0.00020459195900480976,,,499.0,497.0,0.5895372233400402
183,atlanta,0.3,0.0,0,curved_time,production,SYNTHETIC_DATA,stratified_window_day_bootstrap,2000,2000,0,0.0,0.0,0.0,0.0,-0.0005082280031810471,0.00021418837248556044,,,499.0,499.0,0.0
184,atlanta,0.3,0.0,0,month_slope,production,SYNTHETIC_DATA,fixed_date_spatial_only,2000,2000,0,0.944,0.005141206084179083,0.944,0.038559605129355946,-0.00012189234822120204,0.00022277011168036375,,,,,
184,atlanta,0.3,0.0,0,month_slope,production,SYNTHETIC_DATA,moment_separated_t,2000,2000,0,1.0,0.0,1.0,0.1103853401030318,-0.00012189234822120204,0.00022277011168036375,2.0,0.629,,,
184,atlanta,0.3,0.0,0,month_slope,production,SYNTHETIC_DATA,double_spatial_noise_negative_control,2000,2000,0,1.0,0.0,1.0,0.14115748685932059,-0.00012189234822120204,0.00022277011168036375,,,,,
184,atlanta,0.3,0.0,0,month_slope,production,SYNTHETIC_DATA,oracle_known_variance,2000,2000,0,0.944,0.005141206084179083,0.944,0.038559605129355946,-0.00012189234822120204,0.00022277011168036375,,,,,
184,atlanta,0.3,0.0,0,month_slope,production,SYNTHETIC_DATA,existing_day_slope_bootstrap,2000,2000,0,0.941,0.005268728499363013,0.941,0.250179192593018,0.060076119574180825,0.00020067501176423768,,,499.0,497.0,0.5895372233400402
184,atlanta,0.3,0.0,0,month_slope,production,SYNTHETIC_DATA,stratified_window_day_bootstrap,2000,2000,0,0.0,0.0,0.0,0.0,-0.00012189234822120204,0.00022277011168036375,,,499.0,499.0,0.0
185,atlanta,0.3,0.0,0,heterogeneous_day,production,SYNTHETIC_DATA,fixed_date_spatial_only,2000,2000,0,0.9545,0.004659922209651143,0.9545,0.03855960512935594,-0.00021207448413119778,0.00021969573661613574,,,,,
185,atlanta,0.3,0.0,0,heterogeneous_day,production,SYNTHETIC_DATA,moment_separated_t,2000,2000,0,1.0,0.0,1.0,0.11039403132602534,-0.00021207448413119778,0.00021969573661613574,2.0,0.6285,,,
185,atlanta,0.3,0.0,0,heterogeneous_day,production,SYNTHETIC_DATA,double_spatial_noise_negative_control,2000,2000,0,1.0,0.0,1.0,0.14113577813451625,-0.00021207448413119778,0.00021969573661613574,,,,,
185,atlanta,0.3,0.0,0,heterogeneous_day,production,SYNTHETIC_DATA,oracle_known_variance,2000,2000,0,0.9545,0.004659922209651143,0.9545,0.03855960512935594,-0.00021207448413119778,0.00021969573661613574,,,,,
185,atlanta,0.3,0.0,0,heterogeneous_day,production,SYNTHETIC_DATA,existing_day_slope_bootstrap,2000,2000,0,0.9485,0.004942051699446293,0.9485,0.07914128889519802,-0.00024020543081172766,0.0002102520712533461,,,499.0,497.0,0.5895372233400402
185,atlanta,0.3,0.0,0,heterogeneous_day,production,SYNTHETIC_DATA,stratified_window_day_bootstrap,2000,2000,0,0.0,0.0,0.0,0.0,-0.00021207448413119778,0.00021969573661613574,,,499.0,499.0,0.0
186,atlanta,0.3,0.0,0,serial_days,production,SYNTHETIC_DATA,fixed_date_spatial_only,2000,2000,0,0.9565,0.004561126505590477,0.9565,0.03855960512935594,-0.0001557869995170858,0.00022049128080694854,,,,,
186,atlanta,0.3,0.0,0,serial_days,production,SYNTHETIC_DATA,moment_separated_t,2000,2000,0,1.0,0.0,1.0,0.11108201137109311,-0.0001557869995170858,0.00022049128080694854,2.0,0.6355,,,
186,atlanta,0.3,0.0,0,serial_days,production,SYNTHETIC_DATA,double_spatial_noise_negative_control,2000,2000,0,1.0,0.0,1.0,0.14174452111510977,-0.0001557869995170858,0.00022049128080694854,,,,,
186,atlanta,0.3,0.0,0,serial_days,production,SYNTHETIC_DATA,oracle_known_variance,2000,2000,0,0.9565,0.004561126505590477,0.9565,0.03855960512935594,-0.0001557869995170858,0.00022049128080694854,,,,,
186,atlanta,0.3,0.0,0,serial_days,production,SYNTHETIC_DATA,existing_day_slope_bootstrap,2000,2000,0,0.937,0.00543281694887652,0.937,0.07907008776231012,-0.00013064331327056571,0.00021212148288570564,,,499.0,497.0,0.5895372233400402
186,atlanta,0.3,0.0,0,serial_days,production,SYNTHETIC_DATA,stratified_window_day_bootstrap,2000,2000,0,0.0,0.0,0.0,0.0,-0.0001557869995170858,0.00022049128080694854,,,499.0,499.0,0.0
187,atlanta,0.3,0.0,1,linear,production,SYNTHETIC_DATA,fixed_date_spatial_only,2000,2000,0,0.941,0.005268728499363013,0.941,0.02632856941623207,0.00020096520662963864,0.00015371427575016947,,,,,
187,atlanta,0.3,0.0,1,linear,production,SYNTHETIC_DATA,moment_separated_t,2000,2000,0,1.0,0.0,1.0,0.0749915257918255,0.00020096520662963864,0.00015371427575016947,2.0,0.6605,,,
187,atlanta,0.3,0.0,1,linear,production,SYNTHETIC_DATA,double_spatial_noise_negative_control,2000,2000,0,1.0,0.0,1.0,0.09613124367491942,0.00020096520662963864,0.00015371427575016947,,,,,
187,atlanta,0.3,0.0,1,linear,production,SYNTHETIC_DATA,oracle_known_variance,2000,2000,0,0.941,0.005268728499363013,0.941,0.02632856941623207,0.00020096520662963864,0.00015371427575016947,,,,,
187,atlanta,0.3,0.0,1,linear,production,SYNTHETIC_DATA,existing_day_slope_bootstrap,2000,2000,0,0.9415,0.0052477495176503994,0.9415,0.047644584713384376,4.8713747566874214e-05,0.00018791813196661876,,,499.0,497.0,0.5895372233400402
187,atlanta,0.3,0.0,1,linear,production,SYNTHETIC_DATA,stratified_window_day_bootstrap,2000,2000,0,0.0,0.0,0.0,0.0,0.00020096520662963864,0.00015371427575016947,,,499.0,499.0,0.0
188,atlanta,0.3,0.0,1,season_offsets,production,SYNTHETIC_DATA,fixed_date_spatial_only,2000,2000,0,0.9555,0.004610843198374891,0.9555,0.02632856941623207,5.1694087348405524e-05,0.0001496031698313754,,,,,
188,atlanta,0.3,0.0,1,season_offsets,production,SYNTHETIC_DATA,moment_separated_t,2000,2000,0,1.0,0.0,1.0,0.07472912359902083,5.1694087348405524e-05,0.0001496031698313754,2.0,0.658,,,
188,atlanta,0.3,0.0,1,season_offsets,production,SYNTHETIC_DATA,double_spatial_noise_negative_control,2000,2000,0,1.0,0.0,1.0,0.09588671805983712,5.1694087348405524e-05,0.0001496031698313754,,,,,
188,atlanta,0.3,0.0,1,season_offsets,production,SYNTHETIC_DATA,oracle_known_variance,2000,2000,0,0.9555,0.004610843198374891,0.9555,0.02632856941623207,5.1694087348405524e-05,0.0001496031698313754,,,,,
188,atlanta,0.3,0.0,1,season_offsets,production,SYNTHETIC_DATA,existing_day_slope_bootstrap,2000,2000,0,0.9535,0.004708383480558906,0.9535,0.27693975821569056,0.07353762591569671,0.0001900003114034695,,,499.0,497.0,0.5895372233400402
188,atlanta,0.3,0.0,1,season_offsets,production,SYNTHETIC_DATA,stratified_window_day_bootstrap,2000,2000,0,0.0,0.0,0.0,0.0,5.1694087348405524e-05,0.0001496031698313754,,,499.0,499.0,0.0
189,atlanta,0.3,0.0,1,curved_time,production,SYNTHETIC_DATA,fixed_date_spatial_only,2000,2000,0,0.9545,0.004659922209651143,0.9545,0.02632856941623207,0.00017094622425701972,0.00014902812060289879,,,,,
189,atlanta,0.3,0.0,1,curved_time,production,SYNTHETIC_DATA,moment_separated_t,2000,2000,0,1.0,0.0,1.0,1.8163723172541004,0.00017094622425701972,0.00014902812060289879,2.0,0.0,,,
189,atlanta,0.3,0.0,1,curved_time,production,SYNTHETIC_DATA,double_spatial_noise_negative_control,2000,2000,0,1.0,0.0,1.0,1.8172923654098845,0.00017094622425701972,0.00014902812060289879,,,,,
189,atlanta,0.3,0.0,1,curved_time,production,SYNTHETIC_DATA,oracle_known_variance,2000,2000,0,0.9545,0.004659922209651143,0.9545,0.02632856941623207,0.00017094622425701972,0.00014902812060289879,,,,,
189,atlanta,0.3,0.0,1,curved_time,production,SYNTHETIC_DATA,existing_day_slope_bootstrap,2000,2000,0,1.0,0.0,1.0,1.3466891453943017,0.043628948926324684,0.00018532177212843103,,,499.0,497.0,0.5895372233400402
189,atlanta,0.3,0.0,1,curved_time,production,SYNTHETIC_DATA,stratified_window_day_bootstrap,2000,2000,0,0.0,0.0,0.0,0.0,0.00017094622425701972,0.00014902812060289879,,,499.0,499.0,0.0
190,atlanta,0.3,0.0,1,month_slope,production,SYNTHETIC_DATA,fixed_date_spatial_only,2000,2000,0,0.9435,0.005162739098579358,0.9435,0.02632856941623207,-0.00016982937451473967,0.00015226506329139627,,,,,
190,atlanta,0.3,0.0,1,month_slope,production,SYNTHETIC_DATA,moment_separated_t,2000,2000,0,1.0,0.0,1.0,0.07602070497351737,-0.00016982937451473967,0.00015226506329139627,2.0,0.645,,,
190,atlanta,0.3,0.0,1,month_slope,production,SYNTHETIC_DATA,double_spatial_noise_negative_control,2000,2000,0,1.0,0.0,1.0,0.09700267372217346,-0.00016982937451473967,0.00015226506329139627,,,,,
190,atlanta,0.3,0.0,1,month_slope,production,SYNTHETIC_DATA,oracle_known_variance,2000,2000,0,0.9435,0.005162739098579358,0.9435,0.02632856941623207,-0.00016982937451473967,0.00015226506329139627,,,,,
190,atlanta,0.3,0.0,1,month_slope,production,SYNTHETIC_DATA,existing_day_slope_bootstrap,2000,2000,0,0.954,0.0046842288586276416,0.954,0.23082741817732386,0.05964482370861657,0.00019393785079691663,,,499.0,497.0,0.5895372233400402
190,atlanta,0.3,0.0,1,month_slope,production,SYNTHETIC_DATA,stratified_window_day_bootstrap,2000,2000,0,0.0,0.0,0.0,0.0,-0.00016982937451473967,0.00015226506329139627,,,499.0,499.0,0.0
191,atlanta,0.3,0.0,1,heterogeneous_day,production,SYNTHETIC_DATA,fixed_date_spatial_only,2000,2000,0,0.958,0.00448530935387962,0.958,0.02632856941623207,-0.00022733478356890682,0.00014552088704060062,,,,,
191,atlanta,0.3,0.0,1,heterogeneous_day,production,SYNTHETIC_DATA,moment_separated_t,2000,2000,0,1.0,0.0,1.0,0.07538085287404707,-0.00022733478356890682,0.00014552088704060062,2.0,0.6505,,,
191,atlanta,0.3,0.0,1,heterogeneous_day,production,SYNTHETIC_DATA,double_spatial_noise_negative_control,2000,2000,0,1.0,0.0,1.0,0.09643683028219195,-0.00022733478356890682,0.00014552088704060062,,,,,
191,atlanta,0.3,0.0,1,heterogeneous_day,production,SYNTHETIC_DATA,oracle_known_variance,2000,2000,0,0.958,0.00448530935387962,0.958,0.02632856941623207,-0.00022733478356890682,0.00014552088704060062,,,,,
191,atlanta,0.3,0.0,1,heterogeneous_day,production,SYNTHETIC_DATA,existing_day_slope_bootstrap,2000,2000,0,0.947,0.005009540897128201,0.947,0.04735910864577965,-0.0002754323717509396,0.00018510599828588462,,,499.0,497.0,0.5895372233400402
191,atlanta,0.3,0.0,1,heterogeneous_day,production,SYNTHETIC_DATA,stratified_window_day_bootstrap,2000,2000,0,0.0,0.0,0.0,0.0,-0.00022733478356890682,0.00014552088704060062,,,499.0,499.0,0.0
192,atlanta,0.3,0.0,1,serial_days,production,SYNTHETIC_DATA,fixed_date_spatial_only,2000,2000,0,0.955,0.004635461142108735,0.955,0.02632856941623207,-0.00013684997507896915,0.0001493856143367389,,,,,
192,atlanta,0.3,0.0,1,serial_days,production,SYNTHETIC_DATA,moment_separated_t,2000,2000,0,1.0,0.0,1.0,0.07531643769128732,-0.00013684997507896915,0.0001493856143367389,2.0,0.6585,,,
192,atlanta,0.3,0.0,1,serial_days,production,SYNTHETIC_DATA,double_spatial_noise_negative_control,2000,2000,0,1.0,0.0,1.0,0.09638058595119141,-0.00013684997507896915,0.0001493856143367389,,,,,
192,atlanta,0.3,0.0,1,serial_days,production,SYNTHETIC_DATA,oracle_known_variance,2000,2000,0,0.955,0.004635461142108735,0.955,0.02632856941623207,-0.00013684997507896915,0.0001493856143367389,,,,,
192,atlanta,0.3,0.0,1,serial_days,production,SYNTHETIC_DATA,existing_day_slope_bootstrap,2000,2000,0,0.944,0.005141206084179083,0.944,0.04912210894200694,-8.189068685328294e-05,0.00019122085010541063,,,499.0,497.0,0.5895372233400402
192,atlanta,0.3,0.0,1,serial_days,production,SYNTHETIC_DATA,stratified_window_day_bootstrap,2000,2000,0,0.0,0.0,0.0,0.0,-0.00013684997507896915,0.0001493856143367389,,,499.0,499.0,0.0
193,atlanta,0.3,0.05,0,linear,production,SYNTHETIC_DATA,fixed_date_spatial_only,2000,2000,0,0.2025,0.008985926496472138,0.951,0.03855960512935593,0.0014948783018222938,0.0015722077804526684,,,,,
193,atlanta,0.3,0.05,0,linear,production,SYNTHETIC_DATA,moment_separated_t,2000,2000,0,0.941,0.005268728499363013,1.0,0.5290804413621909,0.0014948783018222938,0.0015722077804526684,2.0,0.047,,,
193,atlanta,0.3,0.05,0,linear,production,SYNTHETIC_DATA,double_spatial_noise_negative_control,2000,2000,0,0.9595,0.004407933189148855,1.0,0.5389237867790582,0.0014948783018222938,0.0015722077804526684,,,,,
193,atlanta,0.3,0.05,0,linear,production,SYNTHETIC_DATA,oracle_known_variance,2000,2000,0,0.9535,0.004708383480558906,1.0,0.27984999475007033,0.0014948783018222938,0.0015722077804526684,,,,,
193,atlanta,0.3,0.05,0,linear,production,SYNTHETIC_DATA,existing_day_slope_bootstrap,2000,2000,0,0.894,0.006883458433084346,0.997,0.36709392576269384,0.001183754094650968,0.001327383290439843,,,499.0,497.0,0.5895372233400402
193,atlanta,0.3,0.05,0,linear,production,SYNTHETIC_DATA,stratified_window_day_bootstrap,2000,2000,0,0.0,0.0,0.0,0.0,0.0014948783018222938,0.0015722077804526684,,,499.0,499.0,0.0
194,atlanta,0.3,0.05,0,season_offsets,production,SYNTHETIC_DATA,fixed_date_spatial_only,2000,2000,0,0.2105,0.009115639034099584,0.9485,0.03855960512935593,-0.0004961827748560983,0.0016046794109403578,,,,,
194,atlanta,0.3,0.05,0,season_offsets,production,SYNTHETIC_DATA,moment_separated_t,2000,2000,0,0.9465,0.005031786462082825,1.0,0.5351197822911852,-0.0004961827748560983,0.0016046794109403578,2.0,0.046,,,
194,atlanta,0.3,0.05,0,season_offsets,production,SYNTHETIC_DATA,double_spatial_noise_negative_control,2000,2000,0,0.9605,0.004355441998236229,1.0,0.5449795420849114,-0.0004961827748560983,0.0016046794109403578,,,,,
194,atlanta,0.3,0.05,0,season_offsets,production,SYNTHETIC_DATA,oracle_known_variance,2000,2000,0,0.945,0.005097793640389931,1.0,0.27984999475007033,-0.0004961827748560983,0.0016046794109403578,,,,,
194,atlanta,0.3,0.05,0,season_offsets,production,SYNTHETIC_DATA,existing_day_slope_bootstrap,2000,2000,0,0.8815,0.007226954752867907,0.9965,0.49056796241259365,0.07213722300422665,0.0012864022958157014,,,499.0,497.0,0.5895372233400402
194,atlanta,0.3,0.05,0,season_offsets,production,SYNTHETIC_DATA,stratified_window_day_bootstrap,2000,2000,0,0.0,0.0,0.0,0.0,-0.0004961827748560983,0.0016046794109403578,,,499.0,499.0,0.0
195,atlanta,0.3,0.05,0,curved_time,production,SYNTHETIC_DATA,fixed_date_spatial_only,2000,2000,0,0.2075,0.009067627859589299,0.945,0.03855960512935596,-0.0031767945237343954,0.0015827549938732322,,,,,
195,atlanta,0.3,0.05,0,curved_time,production,SYNTHETIC_DATA,moment_separated_t,2000,2000,0,1.0,0.0,1.0,1.8899300780725652,-0.0031767945237343954,0.0015827549938732322,2.0,0.0,,,
195,atlanta,0.3,0.05,0,curved_time,production,SYNTHETIC_DATA,double_spatial_noise_negative_control,2000,2000,0,1.0,0.0,1.0,1.8919435997867804,-0.0031767945237343954,0.0015827549938732322,,,,,
195,atlanta,0.3,0.05,0,curved_time,production,SYNTHETIC_DATA,oracle_known_variance,2000,2000,0,0.947,0.005009540897128201,1.0,0.27984999475007033,-0.0031767945237343954,0.0015827549938732322,,,,,
195,atlanta,0.3,0.05,0,curved_time,production,SYNTHETIC_DATA,existing_day_slope_bootstrap,2000,2000,0,1.0,0.0,1.0,1.4036726442458742,0.04217638466619337,0.0012776787678117798,,,499.0,497.0,0.5895372233400402
195,atlanta,0.3,0.05,0,curved_time,production,SYNTHETIC_DATA,stratified_window_day_bootstrap,2000,2000,0,0.0,0.0,0.0,0.0,-0.0031767945237343954,0.0015827549938732322,,,499.0,499.0,0.0
196,atlanta,0.3,0.05,0,month_slope,production,SYNTHETIC_DATA,fixed_date_spatial_only,2000,2000,0,0.2005,0.008952646256833787,0.9535,0.03855960512935593,0.001402960697281182,0.0016472455996582958,,,,,
196,atlanta,0.3,0.05,0,month_slope,production,SYNTHETIC_DATA,moment_separated_t,2000,2000,0,0.9435,0.005162739098579358,1.0,0.5652399356098321,0.001402960697281182,0.0016472455996582958,2.0,0.0425,,,
196,atlanta,0.3,0.05,0,month_slope,production,SYNTHETIC_DATA,double_spatial_noise_negative_control,2000,2000,0,0.9575,0.004510751046111944,1.0,0.5746213702687251,0.001402960697281182,0.0016472455996582958,,,,,
196,atlanta,0.3,0.05,0,month_slope,production,SYNTHETIC_DATA,oracle_known_variance,2000,2000,0,0.943,0.005184158562389852,1.0,0.27984999475007033,0.001402960697281182,0.0016472455996582958,,,,,
196,atlanta,0.3,0.05,0,month_slope,production,SYNTHETIC_DATA,existing_day_slope_bootstrap,2000,2000,0,0.8895,0.007010340576605391,0.996,0.47601210469050903,0.0600109391331914,0.001324555101116843,,,499.0,497.0,0.5895372233400402
196,atlanta,0.3,0.05,0,month_slope,production,SYNTHETIC_DATA,stratified_window_day_bootstrap,2000,2000,0,0.0,0.0,0.0,0.0,0.001402960697281182,0.0016472455996582958,,,499.0,499.0,0.0
197,atlanta,0.3,0.05,0,heterogeneous_day,production,SYNTHETIC_DATA,fixed_date_spatial_only,2000,2000,0,0.1285,0.007482905518580333,0.9365,0.03855960512935593,0.0003979109961801379,0.0025131959241728855,,,,,
197,atlanta,0.3,0.05,0,heterogeneous_day,production,SYNTHETIC_DATA,moment_separated_t,2000,2000,0,0.8795,0.007279414468211026,1.0,0.5589191186290932,0.0003979109961801379,0.0025131959241728855,2.0,0.054,,,
197,atlanta,0.3,0.05,0,heterogeneous_day,production,SYNTHETIC_DATA,double_spatial_noise_negative_control,2000,2000,0,0.891,0.006968464680257768,1.0,0.568531723491937,0.0003979109961801379,0.0025131959241728855,,,,,
197,atlanta,0.3,0.05,0,heterogeneous_day,production,SYNTHETIC_DATA,oracle_known_variance,2000,2000,0,0.954,0.0046842288586276416,1.0,0.4399542978338069,0.0003979109961801379,0.0025131959241728855,,,,,
197,atlanta,0.3,0.05,0,heterogeneous_day,production,SYNTHETIC_DATA,existing_day_slope_bootstrap,2000,2000,0,0.8915,0.00695441406590088,0.994,0.4019458688705615,0.0009425269059272253,0.0019241496802813625,,,499.0,497.0,0.5895372233400402
197,atlanta,0.3,0.05,0,heterogeneous_day,production,SYNTHETIC_DATA,stratified_window_day_bootstrap,2000,2000,0,0.0,0.0,0.0,0.0,0.0003979109961801379,0.0025131959241728855,,,499.0,499.0,0.0
198,atlanta,0.3,0.05,0,serial_days,production,SYNTHETIC_DATA,fixed_date_spatial_only,2000,2000,0,0.6275,0.010810729623850556,0.944,0.03855960512935593,2.8902292787797213e-05,0.00047563961165842067,,,,,
198,atlanta,0.3,0.05,0,serial_days,production,SYNTHETIC_DATA,moment_separated_t,2000,2000,0,0.996,0.0014113823011501884,1.0,0.4220034803797502,2.8902292787797213e-05,0.00047563961165842067,2.0,0.0865,,,
198,atlanta,0.3,0.05,0,serial_days,production,SYNTHETIC_DATA,double_spatial_noise_negative_control,2000,2000,0,1.0,0.0,1.0,0.4345651637561608,2.8902292787797213e-05,0.00047563961165842067,,,,,
198,atlanta,0.3,0.05,0,serial_days,production,SYNTHETIC_DATA,oracle_known_variance,2000,2000,0,0.9515,0.004803527349771207,1.0,0.08236038493920586,2.8902292787797213e-05,0.00047563961165842067,,,,,
198,atlanta,0.3,0.05,0,serial_days,production,SYNTHETIC_DATA,existing_day_slope_bootstrap,2000,2000,0,0.9735,0.00359150038284837,0.993,0.2701020501790132,-0.0009866282816894099,0.0007691573612566971,,,499.0,497.0,0.5895372233400402
198,atlanta,0.3,0.05,0,serial_days,production,SYNTHETIC_DATA,stratified_window_day_bootstrap,2000,2000,0,0.0,0.0,0.0,0.0,2.8902292787797213e-05,0.00047563961165842067,,,499.0,499.0,0.0
199,atlanta,0.3,0.05,1,linear,production,SYNTHETIC_DATA,fixed_date_spatial_only,2000,2000,0,0.1315,0.007556710593902615,0.949,0.02632856941623207,-0.0010381731668745535,0.0016259938477258683,,,,,
199,atlanta,0.3,0.05,1,linear,production,SYNTHETIC_DATA,moment_separated_t,2000,2000,0,0.951,0.004826955562256609,1.0,0.552868361085317,-0.0010381731668745535,0.0016259938477258683,2.0,0.0175,,,
199,atlanta,0.3,0.05,1,linear,production,SYNTHETIC_DATA,double_spatial_noise_negative_control,2000,2000,0,0.9555,0.004610843198374891,1.0,0.5573768047905887,-0.0010381731668745535,0.0016259938477258683,,,,,
199,atlanta,0.3,0.05,1,linear,production,SYNTHETIC_DATA,oracle_known_variance,2000,2000,0,0.9475,0.004987171041783106,1.0,0.27842839291528426,-0.0010381731668745535,0.0016259938477258683,,,,,
199,atlanta,0.3,0.05,1,linear,production,SYNTHETIC_DATA,existing_day_slope_bootstrap,2000,2000,0,0.8955,0.006840312492861713,0.9995,0.3801941479493978,-0.00032270713161764765,0.0013390261864038148,,,499.0,497.0,0.5895372233400402
199,atlanta,0.3,0.05,1,linear,production,SYNTHETIC_DATA,stratified_window_day_bootstrap,2000,2000,0,0.0,0.0,0.0,0.0,-0.0010381731668745535,0.0016259938477258683,,,499.0,499.0,0.0
200,atlanta,0.3,0.05,1,season_offsets,production,SYNTHETIC_DATA,fixed_date_spatial_only,2000,2000,0,0.161,0.008218241904446474,0.9405,0.02632856941623207,0.0003348815884622447,0.001607451340409383,,,,,
200,atlanta,0.3,0.05,1,season_offsets,production,SYNTHETIC_DATA,moment_separated_t,2000,2000,0,0.953,0.004732388403332932,1.0,0.5492089502469769,0.0003348815884622447,0.001607451340409383,2.0,0.013,,,
200,atlanta,0.3,0.05,1,season_offsets,production,SYNTHETIC_DATA,double_spatial_noise_negative_control,2000,2000,0,0.9595,0.004407933189148855,1.0,0.553742058387256,0.0003348815884622447,0.001607451340409383,,,,,
200,atlanta,0.3,0.05,1,season_offsets,production,SYNTHETIC_DATA,oracle_known_variance,2000,2000,0,0.9465,0.005031786462082825,1.0,0.27842839291528426,0.0003348815884622447,0.001607451340409383,,,,,
200,atlanta,0.3,0.05,1,season_offsets,production,SYNTHETIC_DATA,existing_day_slope_bootstrap,2000,2000,0,0.8835,0.007173832657652395,0.998,0.49556401784748083,0.07258392897424946,0.001296418467557937,,,499.0,497.0,0.5895372233400402
200,atlanta,0.3,0.05,1,season_offsets,production,SYNTHETIC_DATA,stratified_window_day_bootstrap,2000,2000,0,0.0,0.0,0.0,0.0,0.0003348815884622447,0.001607451340409383,,,499.0,499.0,0.0
201,atlanta,0.3,0.05,1,curved_time,production,SYNTHETIC_DATA,fixed_date_spatial_only,2000,2000,0,0.142,0.007804998398462359,0.9475,0.02632856941623207,0.0007061885831055,0.0016138483520040047,,,,,
201,atlanta,0.3,0.05,1,curved_time,production,SYNTHETIC_DATA,moment_separated_t,2000,2000,0,0.9995,0.000499874984371065,1.0,1.8582124382915743,0.0007061885831055,0.0016138483520040047,2.0,0.0,,,
201,atlanta,0.3,0.05,1,curved_time,production,SYNTHETIC_DATA,double_spatial_noise_negative_control,2000,2000,0,0.9995,0.000499874984371065,1.0,1.8591667767374451,0.0007061885831055,0.0016138483520040047,,,,,
201,atlanta,0.3,0.05,1,curved_time,production,SYNTHETIC_DATA,oracle_known_variance,2000,2000,0,0.9425,0.005205465877325487,1.0,0.27842839291528426,0.0007061885831055,0.0016138483520040047,,,,,
201,atlanta,0.3,0.05,1,curved_time,production,SYNTHETIC_DATA,existing_day_slope_bootstrap,2000,2000,0,0.9995,0.000499874984371065,1.0,1.3774978446426778,0.04419387983073701,0.0013236413517521014,,,499.0,497.0,0.5895372233400402
201,atlanta,0.3,0.05,1,curved_time,production,SYNTHETIC_DATA,stratified_window_day_bootstrap,2000,2000,0,0.0,0.0,0.0,0.0,0.0007061885831055,0.0016138483520040047,,,499.0,499.0,0.0
202,atlanta,0.3,0.05,1,month_slope,production,SYNTHETIC_DATA,fixed_date_spatial_only,2000,2000,0,0.1455,0.007884470495854494,0.96,0.02632856941623207,0.0022102532808437997,0.0016126028695972272,,,,,
202,atlanta,0.3,0.05,1,month_slope,production,SYNTHETIC_DATA,moment_separated_t,2000,2000,0,0.9465,0.005031786462082825,1.0,0.5352301260874571,0.0022102532808437997,0.0016126028695972272,2.0,0.024,,,
202,atlanta,0.3,0.05,1,month_slope,production,SYNTHETIC_DATA,double_spatial_noise_negative_control,2000,2000,0,0.9515,0.004803527349771207,1.0,0.5399979809809784,0.0022102532808437997,0.0016126028695972272,,,,,
202,atlanta,0.3,0.05,1,month_slope,production,SYNTHETIC_DATA,oracle_known_variance,2000,2000,0,0.9415,0.0052477495176503994,1.0,0.27842839291528426,0.0022102532808437997,0.0016126028695972272,,,,,
202,atlanta,0.3,0.05,1,month_slope,production,SYNTHETIC_DATA,existing_day_slope_bootstrap,2000,2000,0,0.87,0.007519973404208289,0.9975,0.452307015806761,0.061467904398188396,0.001340676245919438,,,499.0,497.0,0.5895372233400402
202,atlanta,0.3,0.05,1,month_slope,production,SYNTHETIC_DATA,stratified_window_day_bootstrap,2000,2000,0,0.0,0.0,0.0,0.0,0.0022102532808437997,0.0016126028695972272,,,499.0,499.0,0.0
203,atlanta,0.3,0.05,1,heterogeneous_day,production,SYNTHETIC_DATA,fixed_date_spatial_only,2000,2000,0,0.0955,0.006571900410079264,0.9535,0.02632856941623207,-0.003899635475401671,0.00241049468866767,,,,,
203,atlanta,0.3,0.05,1,heterogeneous_day,production,SYNTHETIC_DATA,moment_separated_t,2000,2000,0,0.8825,0.0072004774147274445,1.0,0.5483440739866874,-0.003899635475401671,0.00241049468866767,2.0,0.0275,,,
203,atlanta,0.3,0.05,1,heterogeneous_day,production,SYNTHETIC_DATA,double_spatial_noise_negative_control,2000,2000,0,0.8885,0.00703803061942757,1.0,0.5530928960140371,-0.003899635475401671,0.00241049468866767,,,,,
203,atlanta,0.3,0.05,1,heterogeneous_day,production,SYNTHETIC_DATA,oracle_known_variance,2000,2000,0,0.958,0.00448530935387962,1.0,0.43905140314342633,-0.003899635475401671,0.00241049468866767,,,,,
203,atlanta,0.3,0.05,1,heterogeneous_day,production,SYNTHETIC_DATA,existing_day_slope_bootstrap,2000,2000,0,0.8855,0.007120033356663438,0.999,0.39356878241968773,-0.0035382231129314195,0.0018719234861140988,,,499.0,497.0,0.5895372233400402
203,atlanta,0.3,0.05,1,heterogeneous_day,production,SYNTHETIC_DATA,stratified_window_day_bootstrap,2000,2000,0,0.0,0.0,0.0,0.0,-0.003899635475401671,0.00241049468866767,,,499.0,499.0,0.0
204,atlanta,0.3,0.05,1,serial_days,production,SYNTHETIC_DATA,fixed_date_spatial_only,2000,2000,0,0.491,0.011178528525704981,0.9455,0.02632856941623207,-0.00010165073958113466,0.0004306265354830983,,,,,
204,atlanta,0.3,0.05,1,serial_days,production,SYNTHETIC_DATA,moment_separated_t,2000,2000,0,0.993,0.0018642692938521525,1.0,0.4018170195688866,-0.00010165073958113466,0.0004306265354830983,2.0,0.048,,,
204,atlanta,0.3,0.05,1,serial_days,production,SYNTHETIC_DATA,double_spatial_noise_negative_control,2000,2000,0,0.999,0.0007067531393633852,1.0,0.4082878637291025,-0.00010165073958113466,0.0004306265354830983,,,,,
204,atlanta,0.3,0.05,1,serial_days,production,SYNTHETIC_DATA,oracle_known_variance,2000,2000,0,0.963,0.004220841148396847,1.0,0.07739239902669812,-0.00010165073958113466,0.0004306265354830983,,,,,
204,atlanta,0.3,0.05,1,serial_days,production,SYNTHETIC_DATA,existing_day_slope_bootstrap,2000,2000,0,0.979,0.00320616593457045,0.998,0.2528844282396093,-0.000509731018353119,0.0007450776447333101,,,499.0,497.0,0.5895372233400402
204,atlanta,0.3,0.05,1,serial_days,production,SYNTHETIC_DATA,stratified_window_day_bootstrap,2000,2000,0,0.0,0.0,0.0,0.0,-0.00010165073958113466,0.0004306265354830983,,,499.0,499.0,0.0
205,atlanta,0.3,0.15,0,linear,production,SYNTHETIC_DATA,fixed_date_spatial_only,2000,2000,0,0.072,0.005779965397820302,0.9535,0.03855960512935593,0.007045709438096157,0.004751076283179059,,,,,
205,atlanta,0.3,0.15,0,linear,production,SYNTHETIC_DATA,moment_separated_t,2000,2000,0,0.952,0.004779958158812692,1.0,1.5867534092090205,0.007045709438096157,0.004751076283179059,2.0,0.0045,,,
205,atlanta,0.3,0.15,0,linear,production,SYNTHETIC_DATA,double_spatial_noise_negative_control,2000,2000,0,0.9545,0.004659922209651143,1.0,1.590283157887972,0.007045709438096157,0.004751076283179059,,,,,
205,atlanta,0.3,0.15,0,linear,production,SYNTHETIC_DATA,oracle_known_variance,2000,2000,0,0.9465,0.005031786462082825,1.0,0.8324358418957429,0.007045709438096157,0.004751076283179059,,,,,
205,atlanta,0.3,0.15,0,linear,production,SYNTHETIC_DATA,existing_day_slope_bootstrap,2000,2000,0,0.9025,0.006633014020790248,0.9995,1.0870963010823125,0.005008292143769279,0.003929072797213108,,,499.0,497.0,0.5895372233400402
205,atlanta,0.3,0.15,0,linear,production,SYNTHETIC_DATA,stratified_window_day_bootstrap,2000,2000,0,0.0,0.0,0.0,0.0,0.007045709438096157,0.004751076283179059,,,499.0,499.0,0.0
206,atlanta,0.3,0.15,0,season_offsets,production,SYNTHETIC_DATA,fixed_date_spatial_only,2000,2000,0,0.0775,0.005978869040211535,0.953,0.03855960512935593,-0.0031183146912951553,0.004772346869570615,,,,,
206,atlanta,0.3,0.15,0,season_offsets,production,SYNTHETIC_DATA,moment_separated_t,2000,2000,0,0.945,0.005097793640389931,1.0,1.5700300724365863,-0.0031183146912951553,0.004772346869570615,2.0,0.007,,,
206,atlanta,0.3,0.15,0,season_offsets,production,SYNTHETIC_DATA,double_spatial_noise_negative_control,2000,2000,0,0.947,0.005009540897128201,1.0,1.5736733313016693,-0.0031183146912951553,0.004772346869570615,,,,,
206,atlanta,0.3,0.15,0,season_offsets,production,SYNTHETIC_DATA,oracle_known_variance,2000,2000,0,0.9525,0.00475624589355933,1.0,0.8324358418957429,-0.0031183146912951553,0.004772346869570615,,,,,
206,atlanta,0.3,0.15,0,season_offsets,production,SYNTHETIC_DATA,existing_day_slope_bootstrap,2000,2000,0,0.8825,0.0072004774147274445,0.999,1.1250209666655282,0.07328899981983668,0.0039582512218545906,,,499.0,497.0,0.5895372233400402
206,atlanta,0.3,0.15,0,season_offsets,production,SYNTHETIC_DATA,stratified_window_day_bootstrap,2000,2000,0,0.0,0.0,0.0,0.0,-0.0031183146912951553,0.004772346869570615,,,499.0,499.0,0.0
207,atlanta,0.3,0.15,0,curved_time,production,SYNTHETIC_DATA,fixed_date_spatial_only,2000,2000,0,0.067,0.005590661857061291,0.953,0.038559605129355946,-0.0034878472788468684,0.004749323531367648,,,,,
207,atlanta,0.3,0.15,0,curved_time,production,SYNTHETIC_DATA,moment_separated_t,2000,2000,0,0.975,0.003491060010942237,1.0,2.2993949162618375,-0.0034878472788468684,0.004749323531367648,2.0,0.003,,,
207,atlanta,0.3,0.15,0,curved_time,production,SYNTHETIC_DATA,double_spatial_noise_negative_control,2000,2000,0,0.976,0.0034222799417931915,1.0,2.3016858377073324,-0.0034878472788468684,0.004749323531367648,,,,,
207,atlanta,0.3,0.15,0,curved_time,production,SYNTHETIC_DATA,oracle_known_variance,2000,2000,0,0.953,0.004732388403332932,1.0,0.8324358418957429,-0.0034878472788468684,0.004749323531367648,,,,,
207,atlanta,0.3,0.15,0,curved_time,production,SYNTHETIC_DATA,existing_day_slope_bootstrap,2000,2000,0,0.963,0.004220841148396847,0.9995,1.6312321049031933,0.03825363191270721,0.003892996989349392,,,499.0,497.0,0.5895372233400402
207,atlanta,0.3,0.15,0,curved_time,production,SYNTHETIC_DATA,stratified_window_day_bootstrap,2000,2000,0,0.0,0.0,0.0,0.0,-0.0034878472788468684,0.004749323531367648,,,499.0,499.0,0.0
208,atlanta,0.3,0.15,0,month_slope,production,SYNTHETIC_DATA,fixed_date_spatial_only,2000,2000,0,0.075,0.005889609494694873,0.9585,0.03855960512935593,0.008048089838264088,0.0047277084624335166,,,,,
208,atlanta,0.3,0.15,0,month_slope,production,SYNTHETIC_DATA,moment_separated_t,2000,2000,0,0.9475,0.004987171041783106,1.0,1.6181506074217227,0.008048089838264088,0.0047277084624335166,2.0,0.0085,,,
208,atlanta,0.3,0.15,0,month_slope,production,SYNTHETIC_DATA,double_spatial_noise_negative_control,2000,2000,0,0.949,0.004919298730510276,1.0,1.6216693237399171,0.008048089838264088,0.0047277084624335166,,,,,
208,atlanta,0.3,0.15,0,month_slope,production,SYNTHETIC_DATA,oracle_known_variance,2000,2000,0,0.953,0.004732388403332932,1.0,0.8324358418957429,0.008048089838264088,0.0047277084624335166,,,,,
208,atlanta,0.3,0.15,0,month_slope,production,SYNTHETIC_DATA,existing_day_slope_bootstrap,2000,2000,0,0.9015,0.0066632480818291625,0.9995,1.1531330610607267,0.06457993552173419,0.003775230099425973,,,499.0,497.0,0.5895372233400402
208,atlanta,0.3,0.15,0,month_slope,production,SYNTHETIC_DATA,stratified_window_day_bootstrap,2000,2000,0,0.0,0.0,0.0,0.0,0.008048089838264088,0.0047277084624335166,,,499.0,499.0,0.0
209,atlanta,0.3,0.15,0,heterogeneous_day,production,SYNTHETIC_DATA,fixed_date_spatial_only,2000,2000,0,0.043,0.004536022486716748,0.95,0.03855960512935593,-0.002728882859580664,0.007365870648982011,,,,,
209,atlanta,0.3,0.15,0,heterogeneous_day,production,SYNTHETIC_DATA,moment_separated_t,2000,2000,0,0.8945,0.006869124762296869,1.0,1.6894881235268373,-0.002728882859580664,0.007365870648982011,2.0,0.0035,,,
209,atlanta,0.3,0.15,0,heterogeneous_day,production,SYNTHETIC_DATA,double_spatial_noise_negative_control,2000,2000,0,0.896,0.0068258332824644935,1.0,1.6927459582288749,-0.002728882859580664,0.007365870648982011,,,,,
209,atlanta,0.3,0.15,0,heterogeneous_day,production,SYNTHETIC_DATA,oracle_known_variance,2000,2000,0,0.9525,0.00475624589355933,1.0,1.3153491218912523,-0.002728882859580664,0.007365870648982011,,,,,
209,atlanta,0.3,0.15,0,heterogeneous_day,production,SYNTHETIC_DATA,existing_day_slope_bootstrap,2000,2000,0,0.8875,0.007065541380531291,0.9995,1.1839527751046837,-0.0017151585457662018,0.005694214287980346,,,499.0,497.0,0.5895372233400402
209,atlanta,0.3,0.15,0,heterogeneous_day,production,SYNTHETIC_DATA,stratified_window_day_bootstrap,2000,2000,0,0.0,0.0,0.0,0.0,-0.002728882859580664,0.007365870648982011,,,499.0,499.0,0.0
210,atlanta,0.3,0.15,0,serial_days,production,SYNTHETIC_DATA,fixed_date_spatial_only,2000,2000,0,0.269,0.009915618992276781,0.9475,0.038559605129355926,-0.0004287530801801924,0.0012587153158347673,,,,,
210,atlanta,0.3,0.15,0,serial_days,production,SYNTHETIC_DATA,moment_separated_t,2000,2000,0,0.991,0.002111752826445369,1.0,1.2654459261784778,-0.0004287530801801924,0.0012587153158347673,2.0,0.0115,,,
210,atlanta,0.3,0.15,0,serial_days,production,SYNTHETIC_DATA,double_spatial_noise_negative_control,2000,2000,0,0.996,0.0014113823011501884,1.0,1.2700327250539079,-0.0004287530801801924,0.0012587153158347673,,,,,
210,atlanta,0.3,0.15,0,serial_days,production,SYNTHETIC_DATA,oracle_known_variance,2000,2000,0,0.9545,0.004659922209651143,1.0,0.22170780744969892,-0.0004287530801801924,0.0012587153158347673,,,,,
210,atlanta,0.3,0.15,0,serial_days,production,SYNTHETIC_DATA,existing_day_slope_bootstrap,2000,2000,0,0.9825,0.002932042803234629,0.9985,0.7782298198825078,-3.9104206525692575e-05,0.002266324088026258,,,499.0,497.0,0.5895372233400402
210,atlanta,0.3,0.15,0,serial_days,production,SYNTHETIC_DATA,stratified_window_day_bootstrap,2000,2000,0,0.0,0.0,0.0,0.0,-0.0004287530801801924,0.0012587153158347673,,,499.0,499.0,0.0
211,atlanta,0.3,0.15,1,linear,production,SYNTHETIC_DATA,fixed_date_spatial_only,2000,2000,0,0.0435,0.004561126505590478,0.948,0.02632856941623207,0.0009030674535791511,0.004787364214441766,,,,,
211,atlanta,0.3,0.15,1,linear,production,SYNTHETIC_DATA,moment_separated_t,2000,2000,0,0.949,0.004919298730510276,1.0,1.6416277046423962,0.0009030674535791511,0.004787364214441766,2.0,0.0015,,,
211,atlanta,0.3,0.15,1,linear,production,SYNTHETIC_DATA,double_spatial_noise_negative_control,2000,2000,0,0.949,0.004919298730510276,1.0,1.6431841378894139,0.0009030674535791511,0.004787364214441766,,,,,
211,atlanta,0.3,0.15,1,linear,production,SYNTHETIC_DATA,oracle_known_variance,2000,2000,0,0.943,0.005184158562389852,1.0,0.8319590021704483,0.0009030674535791511,0.004787364214441766,,,,,
211,atlanta,0.3,0.15,1,linear,production,SYNTHETIC_DATA,existing_day_slope_bootstrap,2000,2000,0,0.9085,0.006447005118657811,0.9995,1.114767870074642,0.0017972659117746791,0.003953728818621391,,,499.0,497.0,0.5895372233400402
211,atlanta,0.3,0.15,1,linear,production,SYNTHETIC_DATA,stratified_window_day_bootstrap,2000,2000,0,0.0,0.0,0.0,0.0,0.0009030674535791511,0.004787364214441766,,,499.0,499.0,0.0
212,atlanta,0.3,0.15,1,season_offsets,production,SYNTHETIC_DATA,fixed_date_spatial_only,2000,2000,0,0.052,0.004964675215963275,0.9535,0.02632856941623207,-0.0009274678156256879,0.004604386948078029,,,,,
212,atlanta,0.3,0.15,1,season_offsets,production,SYNTHETIC_DATA,moment_separated_t,2000,2000,0,0.9575,0.004510751046111944,1.0,1.6136869702769476,-0.0009274678156256879,0.004604386948078029,2.0,0.0015,,,
212,atlanta,0.3,0.15,1,season_offsets,production,SYNTHETIC_DATA,double_spatial_noise_negative_control,2000,2000,0,0.9575,0.004510751046111944,1.0,1.6152511717153635,-0.0009274678156256879,0.004604386948078029,,,,,
212,atlanta,0.3,0.15,1,season_offsets,production,SYNTHETIC_DATA,oracle_known_variance,2000,2000,0,0.9625,0.004248161366991606,1.0,0.8319590021704483,-0.0009274678156256879,0.004604386948078029,,,,,
212,atlanta,0.3,0.15,1,season_offsets,production,SYNTHETIC_DATA,existing_day_slope_bootstrap,2000,2000,0,0.902,0.006648157639526908,1.0,1.150745289532037,0.07310469069467376,0.0038598755455699265,,,499.0,497.0,0.5895372233400402
212,atlanta,0.3,0.15,1,season_offsets,production,SYNTHETIC_DATA,stratified_window_day_bootstrap,2000,2000,0,0.0,0.0,0.0,0.0,-0.0009274678156256879,0.004604386948078029,,,499.0,499.0,0.0
213,atlanta,0.3,0.15,1,curved_time,production,SYNTHETIC_DATA,fixed_date_spatial_only,2000,2000,0,0.051,0.004919298730510275,0.946,0.02632856941623208,0.0005616220536170804,0.0048472693979709595,,,,,
213,atlanta,0.3,0.15,1,curved_time,production,SYNTHETIC_DATA,moment_separated_t,2000,2000,0,0.978,0.0032799390238234627,1.0,2.349990102330274,0.0005616220536170804,0.0048472693979709595,2.0,0.001,,,
213,atlanta,0.3,0.15,1,curved_time,production,SYNTHETIC_DATA,double_spatial_noise_negative_control,2000,2000,0,0.979,0.00320616593457045,1.0,2.3510248375603298,0.0005616220536170804,0.0048472693979709595,,,,,
213,atlanta,0.3,0.15,1,curved_time,production,SYNTHETIC_DATA,oracle_known_variance,2000,2000,0,0.9505,0.004850244839180801,1.0,0.8319590021704483,0.0005616220536170804,0.0048472693979709595,,,,,
213,atlanta,0.3,0.15,1,curved_time,production,SYNTHETIC_DATA,existing_day_slope_bootstrap,2000,2000,0,0.957,0.004536022486716751,0.9995,1.6640722614026564,0.046264859522297114,0.003992667977651772,,,499.0,497.0,0.5895372233400402
213,atlanta,0.3,0.15,1,curved_time,production,SYNTHETIC_DATA,stratified_window_day_bootstrap,2000,2000,0,0.0,0.0,0.0,0.0,0.0005616220536170804,0.0048472693979709595,,,499.0,499.0,0.0
214,atlanta,0.3,0.15,1,month_slope,production,SYNTHETIC_DATA,fixed_date_spatial_only,2000,2000,0,0.056,0.005141206084179081,0.942,0.02632856941623207,-0.002857851634745848,0.004770228313852807,,,,,
214,atlanta,0.3,0.15,1,month_slope,production,SYNTHETIC_DATA,moment_separated_t,2000,2000,0,0.9505,0.004850244839180801,1.0,1.6152531759653608,-0.002857851634745848,0.004770228313852807,2.0,0.0035,,,
214,atlanta,0.3,0.15,1,month_slope,production,SYNTHETIC_DATA,double_spatial_noise_negative_control,2000,2000,0,0.953,0.004732388403332932,1.0,1.616875116519502,-0.002857851634745848,0.004770228313852807,,,,,
214,atlanta,0.3,0.15,1,month_slope,production,SYNTHETIC_DATA,oracle_known_variance,2000,2000,0,0.957,0.004536022486716751,1.0,0.8319590021704483,-0.002857851634745848,0.004770228313852807,,,,,
214,atlanta,0.3,0.15,1,month_slope,production,SYNTHETIC_DATA,existing_day_slope_bootstrap,2000,2000,0,0.9015,0.0066632480818291625,1.0,1.131480016655063,0.05686706020749522,0.003933351567491535,,,499.0,497.0,0.5895372233400402
214,atlanta,0.3,0.15,1,month_slope,production,SYNTHETIC_DATA,stratified_window_day_bootstrap,2000,2000,0,0.0,0.0,0.0,0.0,-0.002857851634745848,0.004770228313852807,,,499.0,499.0,0.0
215,atlanta,0.3,0.15,1,heterogeneous_day,production,SYNTHETIC_DATA,fixed_date_spatial_only,2000,2000,0,0.033,0.003994433626936364,0.9405,0.02632856941623208,7.21505328302614e-05,0.007592808335241993,,,,,
215,atlanta,0.3,0.15,1,heterogeneous_day,production,SYNTHETIC_DATA,moment_separated_t,2000,2000,0,0.8905,0.006982469119158352,1.0,1.6696855679566924,7.21505328302614e-05,0.007592808335241993,2.0,0.003,,,
215,atlanta,0.3,0.15,1,heterogeneous_day,production,SYNTHETIC_DATA,double_spatial_noise_negative_control,2000,2000,0,0.8905,0.006982469119158352,1.0,1.671329268131909,7.21505328302614e-05,0.007592808335241993,,,,,
215,atlanta,0.3,0.15,1,heterogeneous_day,production,SYNTHETIC_DATA,oracle_known_variance,2000,2000,0,0.948,0.0049646752159632785,1.0,1.3150473994802854,7.21505328302614e-05,0.007592808335241993,,,,,
215,atlanta,0.3,0.15,1,heterogeneous_day,production,SYNTHETIC_DATA,existing_day_slope_bootstrap,2000,2000,0,0.888,0.007051808278732484,0.9995,1.1758674951028654,0.0016549618747477438,0.005801538071416628,,,499.0,497.0,0.5895372233400402
215,atlanta,0.3,0.15,1,heterogeneous_day,production,SYNTHETIC_DATA,stratified_window_day_bootstrap,2000,2000,0,0.0,0.0,0.0,0.0,7.21505328302614e-05,0.007592808335241993,,,499.0,499.0,0.0
216,atlanta,0.3,0.15,1,serial_days,production,SYNTHETIC_DATA,fixed_date_spatial_only,2000,2000,0,0.177,0.00853437168161781,0.9515,0.02632856941623207,-0.00010239867436793299,0.0012568636608538404,,,,,
216,atlanta,0.3,0.15,1,serial_days,production,SYNTHETIC_DATA,moment_separated_t,2000,2000,0,0.9915,0.0020527725154044657,1.0,1.2476859376547378,-0.00010239867436793299,0.0012568636608538404,2.0,0.003,,,
216,atlanta,0.3,0.15,1,serial_days,production,SYNTHETIC_DATA,double_spatial_noise_negative_control,2000,2000,0,0.993,0.0018642692938521525,1.0,1.2498413939234783,-0.00010239867436793299,0.0012568636608538404,,,,,
216,atlanta,0.3,0.15,1,serial_days,production,SYNTHETIC_DATA,oracle_known_variance,2000,2000,0,0.9535,0.004708383480558906,1.0,0.21991066891791802,-0.00010239867436793299,0.0012568636608538404,,,,,
216,atlanta,0.3,0.15,1,serial_days,production,SYNTHETIC_DATA,existing_day_slope_bootstrap,2000,2000,0,0.981,0.0030527856131736483,0.9995,0.7769840827551765,0.0024255955913546037,0.002282950446570575,,,499.0,497.0,0.5895372233400402
216,atlanta,0.3,0.15,1,serial_days,production,SYNTHETIC_DATA,stratified_window_day_bootstrap,2000,2000,0,0.0,0.0,0.0,0.0,-0.00010239867436793299,0.0012568636608538404,,,499.0,499.0,0.0
