city,orbit,window_id,source_population,geometry_azimuth_status,reconstruction_expected,artifact_path,artifact_exists,artifact_hash_match,identity_match,array_shape_match,n_domain_pixels_recalculated,n_view_valid_pixels_recalculated,coverage_recalculated,view_p95_recalculated_deg,azimuth_valid_fraction_recalculated,metric_match,audit_pass,role
atlanta,344,jun_sep,existing_d0047,AZIMUTH_INCOMPLETE,True,data/raw/v2/hitl/g3_sampling_design_revision2/geometry_azimuth_reconstruction/atlanta/00344.npz,True,True,True,True,1370545,1370545,1.0,12.037920951843263,0.015222411522423561,True,True,historical_provenance_only_not_v6_2_study_sample
atlanta,405,jun_sep,existing_d0047,RESOLVED_VERIFIED_ZERO_MAPPED_CELLS,True,data/raw/v2/hitl/g3_sampling_design_revision2/geometry_azimuth_reconstruction/atlanta/00405.npz,True,True,True,True,1370545,0,0.0,,0.0,True,True,historical_provenance_only_not_v6_2_study_sample
atlanta,436,jun_sep,existing_d0047,RESOLVED_VERIFIED_ZERO_MAPPED_CELLS,True,data/raw/v2/hitl/g3_sampling_design_revision2/geometry_azimuth_reconstruction/atlanta/00436.npz,True,True,True,True,1370545,0,0.0,,0.0,True,True,historical_provenance_only_not_v6_2_study_sample
atlanta,451,jun_sep,existing_d0047,AZIMUTH_INCOMPLETE,True,data/raw/v2/hitl/g3_sampling_design_revision2/geometry_azimuth_reconstruction/atlanta/00451.npz,True,True,True,True,1370545,1370545,1.0,25.082223892211914,0.0,True,True,historical_provenance_only_not_v6_2_study_sample
atlanta,497,jun_sep,existing_d0047,AZIMUTH_INCOMPLETE,True,data/raw/v2/hitl/g3_sampling_design_revision2/geometry_azimuth_reconstruction/atlanta/00497.npz,True,True,True,True,1370545,1370545,1.0,11.855087280273438,0.8584198256897804,True,True,historical_provenance_only_not_v6_2_study_sample
atlanta,543,jun_sep,existing_d0047,COMPLETE,True,data/raw/v2/hitl/g3_sampling_design_revision2/geometry_azimuth_reconstruction/atlanta/00543.npz,True,True,True,True,1370545,473417,0.3454224414375303,27.408651733398436,1.0,True,True,historical_provenance_only_not_v6_2_study_sample
atlanta,558,jun_sep,existing_d0047,AZIMUTH_INCOMPLETE,True,data/raw/v2/hitl/g3_sampling_design_revision2/geometry_azimuth_reconstruction/atlanta/00558.npz,True,True,True,True,1370545,161736,0.11800852945361152,29.218409538269043,0.0,True,True,historical_provenance_only_not_v6_2_study_sample
atlanta,604,jun_sep,existing_d0047,AZIMUTH_INCOMPLETE,True,data/raw/v2/hitl/g3_sampling_design_revision2/geometry_azimuth_reconstruction/atlanta/00604.npz,True,True,True,True,1370545,1370545,1.0,14.600863075256347,0.0,True,True,historical_provenance_only_not_v6_2_study_sample
atlanta,624,jun_sep,existing_d0047,AZIMUTH_INCOMPLETE,True,data/raw/v2/hitl/g3_sampling_design_revision2/geometry_azimuth_reconstruction/atlanta/00624.npz,True,True,True,True,1370545,1370545,1.0,12.055312728881837,0.00584074218650245,True,True,historical_provenance_only_not_v6_2_study_sample
atlanta,716,jun_sep,existing_d0047,RESOLVED_VERIFIED_ZERO_MAPPED_CELLS,True,data/raw/v2/hitl/g3_sampling_design_revision2/geometry_azimuth_reconstruction/atlanta/00716.npz,True,True,True,True,1370545,0,0.0,,0.0,True,True,historical_provenance_only_not_v6_2_study_sample
atlanta,731,jun_sep,existing_d0047,AZIMUTH_INCOMPLETE,True,data/raw/v2/hitl/g3_sampling_design_revision2/geometry_azimuth_reconstruction/atlanta/00731.npz,True,True,True,True,1370545,1345583,0.981786807437917,25.02168502807617,0.0,True,True,historical_provenance_only_not_v6_2_study_sample
atlanta,838,jun_sep,existing_d0047,AZIMUTH_INCOMPLETE,True,data/raw/v2/hitl/g3_sampling_design_revision2/geometry_azimuth_reconstruction/atlanta/00838.npz,True,True,True,True,1370545,93326,0.06809407936258934,27.683377742767334,0.0,True,True,historical_provenance_only_not_v6_2_study_sample
atlanta,884,jun_sep,existing_d0047,AZIMUTH_INCOMPLETE,True,data/raw/v2/hitl/g3_sampling_design_revision2/geometry_azimuth_reconstruction/atlanta/00884.npz,True,True,True,True,1370545,1370545,1.0,16.74873847961426,0.0,True,True,historical_provenance_only_not_v6_2_study_sample
atlanta,5130,jun_sep,existing_d0047,AZIMUTH_INCOMPLETE,True,data/raw/v2/hitl/g3_sampling_design_revision2/geometry_azimuth_reconstruction/atlanta/05130.npz,True,True,True,True,1370545,1370545,1.0,8.74774169921875,0.6305031939848746,True,True,historical_provenance_only_not_v6_2_study_sample
atlanta,5145,jun_sep,existing_d0047,RESOLVED_VERIFIED_ZERO_MAPPED_CELLS,True,data/raw/v2/hitl/g3_sampling_design_revision2/geometry_azimuth_reconstruction/atlanta/05145.npz,True,True,True,True,1370545,0,0.0,,0.0,True,True,historical_provenance_only_not_v6_2_study_sample
atlanta,5191,jun_sep,existing_d0047,AZIMUTH_INCOMPLETE,True,data/raw/v2/hitl/g3_sampling_design_revision2/geometry_azimuth_reconstruction/atlanta/05191.npz,True,True,True,True,1370545,601719,0.43903629578014586,20.126808166503906,0.0,True,True,historical_provenance_only_not_v6_2_study_sample
atlanta,5237,jun_sep,existing_d0047,COMPLETE,True,data/raw/v2/hitl/g3_sampling_design_revision2/geometry_azimuth_reconstruction/atlanta/05237.npz,True,True,True,True,1370545,805085,0.5874196031505715,27.342754364013672,1.0,True,True,historical_provenance_only_not_v6_2_study_sample
atlanta,5252,jun_sep,existing_d0047,AZIMUTH_INCOMPLETE,True,data/raw/v2/hitl/g3_sampling_design_revision2/geometry_azimuth_reconstruction/atlanta/05252.npz,True,True,True,True,1370545,445806,0.3252764411237865,29.134145736694336,0.0,True,True,historical_provenance_only_not_v6_2_study_sample
atlanta,5379,jun_sep,existing_d0047,AZIMUTH_INCOMPLETE,True,data/raw/v2/hitl/g3_sampling_design_revision2/geometry_azimuth_reconstruction/atlanta/05379.npz,True,True,True,True,1370545,1370545,1.0,9.402770233154298,0.46628822840548834,True,True,historical_provenance_only_not_v6_2_study_sample
atlanta,5440,jun_sep,existing_d0047,AZIMUTH_INCOMPLETE,True,data/raw/v2/hitl/g3_sampling_design_revision2/geometry_azimuth_reconstruction/atlanta/05440.npz,True,True,True,True,1370545,1370545,1.0,20.583572006225587,0.0,True,True,historical_provenance_only_not_v6_2_study_sample
atlanta,5501,jun_sep,existing_d0047,AZIMUTH_INCOMPLETE,True,data/raw/v2/hitl/g3_sampling_design_revision2/geometry_azimuth_reconstruction/atlanta/05501.npz,True,True,True,True,1370545,98425,0.07181449715259258,27.7707763671875,0.0,True,True,historical_provenance_only_not_v6_2_study_sample
atlanta,5593,jun_sep,existing_d0047,RESOLVED_VERIFIED_ZERO_MAPPED_CELLS,True,data/raw/v2/hitl/g3_sampling_design_revision2/geometry_azimuth_reconstruction/atlanta/05593.npz,True,True,True,True,1370545,0,0.0,,0.0,True,True,historical_provenance_only_not_v6_2_study_sample
atlanta,5608,jun_sep,existing_d0047,AZIMUTH_INCOMPLETE,True,data/raw/v2/hitl/g3_sampling_design_revision2/geometry_azimuth_reconstruction/atlanta/05608.npz,True,True,True,True,1370545,1370545,1.0,15.418143653869631,0.0,True,True,historical_provenance_only_not_v6_2_study_sample
atlanta,5970,jun_sep,existing_d0047,RESOLVED_VERIFIED_ZERO_MAPPED_CELLS,True,data/raw/v2/hitl/g3_sampling_design_revision2/geometry_azimuth_reconstruction/atlanta/05970.npz,True,True,True,True,1370545,0,0.0,,0.0,True,True,historical_provenance_only_not_v6_2_study_sample
atlanta,5985,jun_sep,existing_d0047,AZIMUTH_INCOMPLETE,True,data/raw/v2/hitl/g3_sampling_design_revision2/geometry_azimuth_reconstruction/atlanta/05985.npz,True,True,True,True,1370545,1370545,1.0,17.563800811767578,0.0,True,True,historical_provenance_only_not_v6_2_study_sample
atlanta,6031,jun_sep,existing_d0047,COMPLETE,True,data/raw/v2/hitl/g3_sampling_design_revision2/geometry_azimuth_reconstruction/atlanta/06031.npz,True,True,True,True,1370545,573808,0.4186714044412989,27.205683994293214,1.0,True,True,historical_provenance_only_not_v6_2_study_sample
atlanta,6092,jun_sep,existing_d0047,COMPLETE,True,data/raw/v2/hitl/g3_sampling_design_revision2/geometry_azimuth_reconstruction/atlanta/06092.npz,True,True,True,True,1370545,1370545,1.0,20.02613639831543,1.0,True,True,historical_provenance_only_not_v6_2_study_sample
atlanta,6153,jun_sep,existing_d0047,AZIMUTH_INCOMPLETE,True,data/raw/v2/hitl/g3_sampling_design_revision2/geometry_azimuth_reconstruction/atlanta/06153.npz,True,True,True,True,1370545,1370545,1.0,7.082961750030518,0.18366124424955035,True,True,historical_provenance_only_not_v6_2_study_sample
atlanta,6280,jun_sep,existing_d0047,COMPLETE,True,data/raw/v2/hitl/g3_sampling_design_revision2/geometry_azimuth_reconstruction/atlanta/06280.npz,True,True,True,True,1370545,132105,0.09638866290417315,29.68793296813965,1.0,True,True,historical_provenance_only_not_v6_2_study_sample
atlanta,6356,jun_sep,existing_d0047,AZIMUTH_INCOMPLETE,True,data/raw/v2/hitl/g3_sampling_design_revision2/geometry_azimuth_reconstruction/atlanta/06356.npz,True,True,True,True,1370545,364727,0.2661182230426582,27.401845932006836,0.0,True,True,historical_provenance_only_not_v6_2_study_sample
atlanta,6402,jun_sep,existing_d0047,RESOLVED_VERIFIED_ZERO_MAPPED_CELLS,True,data/raw/v2/hitl/g3_sampling_design_revision2/geometry_azimuth_reconstruction/atlanta/06402.npz,True,True,True,True,1370545,0,0.0,,0.0,True,True,historical_provenance_only_not_v6_2_study_sample
atlanta,6417,jun_sep,existing_d0047,RESOLVED_VERIFIED_ZERO_MAPPED_CELLS,True,data/raw/v2/hitl/g3_sampling_design_revision2/geometry_azimuth_reconstruction/atlanta/06417.npz,True,True,True,True,1370545,0,0.0,,0.0,True,True,historical_provenance_only_not_v6_2_study_sample
atlanta,6463,jun_sep,existing_d0047,AZIMUTH_INCOMPLETE,True,data/raw/v2/hitl/g3_sampling_design_revision2/geometry_azimuth_reconstruction/atlanta/06463.npz,True,True,True,True,1370545,1370545,1.0,9.360158920288086,0.8817149382180082,True,True,historical_provenance_only_not_v6_2_study_sample
atlanta,6509,jun_sep,existing_d0047,RESOLVED_VERIFIED_ZERO_MAPPED_CELLS,True,data/raw/v2/hitl/g3_sampling_design_revision2/geometry_azimuth_reconstruction/atlanta/06509.npz,True,True,True,True,1370545,0,0.0,,0.0,True,True,historical_provenance_only_not_v6_2_study_sample
atlanta,6524,jun_sep,existing_d0047,AZIMUTH_INCOMPLETE,True,data/raw/v2/hitl/g3_sampling_design_revision2/geometry_azimuth_reconstruction/atlanta/06524.npz,True,True,True,True,1370545,1370545,1.0,13.363879203796387,0.0,True,True,historical_provenance_only_not_v6_2_study_sample
atlanta,6901,jun_sep,existing_d0047,COMPLETE,True,data/raw/v2/hitl/g3_sampling_design_revision2/geometry_azimuth_reconstruction/atlanta/06901.npz,True,True,True,True,1370545,1237502,0.9029269378240043,26.5980881690979,1.0,True,True,historical_provenance_only_not_v6_2_study_sample
atlanta,6916,jun_sep,existing_d0047,AZIMUTH_INCOMPLETE,True,data/raw/v2/hitl/g3_sampling_design_revision2/geometry_azimuth_reconstruction/atlanta/06916.npz,True,True,True,True,1370545,513022,0.37431970493489813,29.5198974609375,0.0,True,True,historical_provenance_only_not_v6_2_study_sample
atlanta,6962,jun_sep,existing_d0047,COMPLETE,True,data/raw/v2/hitl/g3_sampling_design_revision2/geometry_azimuth_reconstruction/atlanta/06962.npz,True,True,True,True,1370545,1370545,1.0,21.543872833251953,1.0,True,True,historical_provenance_only_not_v6_2_study_sample
atlanta,6977,jun_sep,existing_d0047,RESOLVED_VERIFIED_ZERO_MAPPED_CELLS,True,data/raw/v2/hitl/g3_sampling_design_revision2/geometry_azimuth_reconstruction/atlanta/06977.npz,True,True,True,True,1370545,0,0.0,,0.0,True,True,historical_provenance_only_not_v6_2_study_sample
atlanta,10821,jun_sep,existing_d0047,RESOLVED_VERIFIED_ZERO_MAPPED_CELLS,True,data/raw/v2/hitl/g3_sampling_design_revision2/geometry_azimuth_reconstruction/atlanta/10821.npz,True,True,True,True,1370545,0,0.0,,0.0,True,True,historical_provenance_only_not_v6_2_study_sample
atlanta,10867,jun_sep,existing_d0047,AZIMUTH_INCOMPLETE,True,data/raw/v2/hitl/g3_sampling_design_revision2/geometry_azimuth_reconstruction/atlanta/10867.npz,True,True,True,True,1370545,1370545,1.0,7.435023212432862,0.7371242826758698,True,True,historical_provenance_only_not_v6_2_study_sample
atlanta,10928,jun_sep,existing_d0047,AZIMUTH_INCOMPLETE,True,data/raw/v2/hitl/g3_sampling_design_revision2/geometry_azimuth_reconstruction/atlanta/10928.npz,True,True,True,True,1370545,1370545,1.0,6.884660720825195,0.0,True,True,historical_provenance_only_not_v6_2_study_sample
atlanta,10948,jun_sep,existing_d0047,COMPLETE,True,data/raw/v2/hitl/g3_sampling_design_revision2/geometry_azimuth_reconstruction/atlanta/10948.npz,True,True,True,True,1370545,1370545,1.0,19.362057876586913,1.0,True,True,historical_provenance_only_not_v6_2_study_sample
atlanta,10963,jun_sep,existing_d0047,RESOLVED_VERIFIED_ZERO_MAPPED_CELLS,True,data/raw/v2/hitl/g3_sampling_design_revision2/geometry_azimuth_reconstruction/atlanta/10963.npz,True,True,True,True,1370545,0,0.0,,0.0,True,True,historical_provenance_only_not_v6_2_study_sample
atlanta,11009,jun_sep,existing_d0047,COMPLETE,True,data/raw/v2/hitl/g3_sampling_design_revision2/geometry_azimuth_reconstruction/atlanta/11009.npz,True,True,True,True,1370545,1370545,1.0,16.789388275146486,1.0,True,True,historical_provenance_only_not_v6_2_study_sample
atlanta,11131,jun_sep,existing_d0047,RESOLVED_VERIFIED_ZERO_MAPPED_CELLS,True,data/raw/v2/hitl/g3_sampling_design_revision2/geometry_azimuth_reconstruction/atlanta/11131.npz,True,True,True,True,1370545,0,0.0,,0.0,True,True,historical_provenance_only_not_v6_2_study_sample
atlanta,11192,jun_sep,existing_d0047,RESOLVED_VERIFIED_ZERO_MAPPED_CELLS,True,data/raw/v2/hitl/g3_sampling_design_revision2/geometry_azimuth_reconstruction/atlanta/11192.npz,True,True,True,True,1370545,0,0.0,,0.0,True,True,historical_provenance_only_not_v6_2_study_sample
atlanta,11238,jun_sep,existing_d0047,RESOLVED_VERIFIED_ZERO_MAPPED_CELLS,True,data/raw/v2/hitl/g3_sampling_design_revision2/geometry_azimuth_reconstruction/atlanta/11238.npz,True,True,True,True,1370545,0,0.0,,0.0,True,True,historical_provenance_only_not_v6_2_study_sample
atlanta,11599,jun_sep,existing_d0047,AZIMUTH_INCOMPLETE,True,data/raw/v2/hitl/g3_sampling_design_revision2/geometry_azimuth_reconstruction/atlanta/11599.npz,True,True,True,True,1370545,913872,0.666794596310227,29.495922756195068,0.0,True,True,historical_provenance_only_not_v6_2_study_sample
atlanta,11645,jun_sep,existing_d0047,RESOLVED_UNAVAILABLE,False,,True,True,True,True,,,,,,True,True,historical_provenance_only_not_v6_2_study_sample
atlanta,11660,jun_sep,existing_d0047,RESOLVED_UNAVAILABLE,False,,True,True,True,True,,,,,,True,True,historical_provenance_only_not_v6_2_study_sample
atlanta,11706,jun_sep,existing_d0047,COMPLETE,True,data/raw/v2/hitl/g3_sampling_design_revision2/geometry_azimuth_reconstruction/atlanta/11706.npz,True,True,True,True,1370545,1370545,1.0,23.951662063598633,1.0,True,True,historical_provenance_only_not_v6_2_study_sample
atlanta,11767,jun_sep,existing_d0047,COMPLETE,True,data/raw/v2/hitl/g3_sampling_design_revision2/geometry_azimuth_reconstruction/atlanta/11767.npz,True,True,True,True,1370545,1370545,1.0,23.730011367797854,1.0,True,True,historical_provenance_only_not_v6_2_study_sample
atlanta,11782,jun_sep,existing_d0047,RESOLVED_UNAVAILABLE,False,,True,True,True,True,,,,,,True,True,historical_provenance_only_not_v6_2_study_sample
atlanta,11828,jun_sep,existing_d0047,RESOLVED_UNAVAILABLE,False,,True,True,True,True,,,,,,True,True,historical_provenance_only_not_v6_2_study_sample
atlanta,11843,jun_sep,existing_d0047,RESOLVED_VERIFIED_ZERO_MAPPED_CELLS,True,data/raw/v2/hitl/g3_sampling_design_revision2/geometry_azimuth_reconstruction/atlanta/11843.npz,True,True,True,True,1370545,0,0.0,,0.0,True,True,historical_provenance_only_not_v6_2_study_sample
atlanta,11889,jun_sep,existing_d0047,AZIMUTH_INCOMPLETE,True,data/raw/v2/hitl/g3_sampling_design_revision2/geometry_azimuth_reconstruction/atlanta/11889.npz,True,True,True,True,1370545,1370545,1.0,23.29288101196289,0.0,True,True,historical_provenance_only_not_v6_2_study_sample
atlanta,12031,jun_sep,existing_d0047,RESOLVED_UNAVAILABLE,False,,True,True,True,True,,,,,,True,True,historical_provenance_only_not_v6_2_study_sample
atlanta,12092,jun_sep,existing_d0047,RESOLVED_VERIFIED_ZERO_MAPPED_CELLS,True,data/raw/v2/hitl/g3_sampling_design_revision2/geometry_azimuth_reconstruction/atlanta/12092.npz,True,True,True,True,1370545,0,0.0,,0.0,True,True,historical_provenance_only_not_v6_2_study_sample
atlanta,12153,jun_sep,existing_d0047,AZIMUTH_INCOMPLETE,True,data/raw/v2/hitl/g3_sampling_design_revision2/geometry_azimuth_reconstruction/atlanta/12153.npz,True,True,True,True,1370545,513717,0.3748268024763871,29.03425064086914,0.0,True,True,historical_provenance_only_not_v6_2_study_sample
atlanta,12560,jun_sep,existing_d0047,COMPLETE,True,data/raw/v2/hitl/g3_sampling_design_revision2/geometry_azimuth_reconstruction/atlanta/12560.npz,True,True,True,True,1370545,1370545,1.0,22.320653915405273,1.0,True,True,historical_provenance_only_not_v6_2_study_sample
atlanta,12575,jun_sep,existing_d0047,AZIMUTH_INCOMPLETE,True,data/raw/v2/hitl/g3_sampling_design_revision2/geometry_azimuth_reconstruction/atlanta/12575.npz,True,True,True,True,1370545,97933,0.07145551587142342,29.528503036499025,0.0,True,True,historical_provenance_only_not_v6_2_study_sample
atlanta,12621,jun_sep,existing_d0047,COMPLETE,True,data/raw/v2/hitl/g3_sampling_design_revision2/geometry_azimuth_reconstruction/atlanta/12621.npz,True,True,True,True,1370545,1370545,1.0,24.603540802001955,1.0,True,True,historical_provenance_only_not_v6_2_study_sample
atlanta,12636,jun_sep,existing_d0047,AZIMUTH_INCOMPLETE,True,data/raw/v2/hitl/g3_sampling_design_revision2/geometry_azimuth_reconstruction/atlanta/12636.npz,True,True,True,True,1370545,339308,0.2475715864856681,29.424283981323242,0.0,True,True,historical_provenance_only_not_v6_2_study_sample
atlanta,12682,jun_sep,existing_d0047,COMPLETE,True,data/raw/v2/hitl/g3_sampling_design_revision2/geometry_azimuth_reconstruction/atlanta/12682.npz,True,True,True,True,1370545,1339861,0.9776118259524496,26.19221305847168,1.0,True,True,historical_provenance_only_not_v6_2_study_sample
atlanta,16469,jun_sep,existing_d0047,RESOLVED_VERIFIED_ZERO_MAPPED_CELLS,True,data/raw/v2/hitl/g3_sampling_design_revision2/geometry_azimuth_reconstruction/atlanta/16469.npz,True,True,True,True,1370545,0,0.0,,0.0,True,True,historical_provenance_only_not_v6_2_study_sample
atlanta,16484,jun_sep,existing_d0047,AZIMUTH_INCOMPLETE,True,data/raw/v2/hitl/g3_sampling_design_revision2/geometry_azimuth_reconstruction/atlanta/16484.npz,True,True,True,True,1370545,1370545,1.0,16.765829849243165,0.0,True,True,historical_provenance_only_not_v6_2_study_sample
atlanta,16530,jun_sep,existing_d0047,RESOLVED_VERIFIED_ZERO_MAPPED_CELLS,True,data/raw/v2/hitl/g3_sampling_design_revision2/geometry_azimuth_reconstruction/atlanta/16530.npz,True,True,True,True,1370545,0,0.0,,0.0,True,True,historical_provenance_only_not_v6_2_study_sample
atlanta,16545,jun_sep,existing_d0047,AZIMUTH_INCOMPLETE,True,data/raw/v2/hitl/g3_sampling_design_revision2/geometry_azimuth_reconstruction/atlanta/16545.npz,True,True,True,True,1370545,1370545,1.0,15.83235263824463,0.0,True,True,historical_provenance_only_not_v6_2_study_sample
atlanta,16580,jun_sep,existing_d0047,RESOLVED_VERIFIED_ZERO_MAPPED_CELLS,True,data/raw/v2/hitl/g3_sampling_design_revision2/geometry_azimuth_reconstruction/atlanta/16580.npz,True,True,True,True,1370545,0,0.0,,0.0,True,True,historical_provenance_only_not_v6_2_study_sample
atlanta,16626,jun_sep,existing_d0047,AZIMUTH_INCOMPLETE,True,data/raw/v2/hitl/g3_sampling_design_revision2/geometry_azimuth_reconstruction/atlanta/16626.npz,True,True,True,True,1370545,1370545,1.0,14.460728836059575,0.7346902144767228,True,True,historical_provenance_only_not_v6_2_study_sample
atlanta,16641,jun_sep,existing_d0047,RESOLVED_VERIFIED_ZERO_MAPPED_CELLS,True,data/raw/v2/hitl/g3_sampling_design_revision2/geometry_azimuth_reconstruction/atlanta/16641.npz,True,True,True,True,1370545,0,0.0,,0.0,True,True,historical_provenance_only_not_v6_2_study_sample
atlanta,16688,jun_sep,existing_d0047,AZIMUTH_INCOMPLETE,True,data/raw/v2/hitl/g3_sampling_design_revision2/geometry_azimuth_reconstruction/atlanta/16688.npz,True,True,True,True,1370545,1370545,1.0,15.462496376037597,0.8401883922089388,True,True,historical_provenance_only_not_v6_2_study_sample
atlanta,16703,jun_sep,existing_d0047,RESOLVED_VERIFIED_ZERO_MAPPED_CELLS,True,data/raw/v2/hitl/g3_sampling_design_revision2/geometry_azimuth_reconstruction/atlanta/16703.npz,True,True,True,True,1370545,0,0.0,,0.0,True,True,historical_provenance_only_not_v6_2_study_sample
atlanta,16810,jun_sep,existing_d0047,AZIMUTH_INCOMPLETE,True,data/raw/v2/hitl/g3_sampling_design_revision2/geometry_azimuth_reconstruction/atlanta/16810.npz,True,True,True,True,1370545,1370545,1.0,17.089746475219727,0.9524408173390877,True,True,historical_provenance_only_not_v6_2_study_sample
atlanta,16825,jun_sep,existing_d0047,RESOLVED_VERIFIED_ZERO_MAPPED_CELLS,True,data/raw/v2/hitl/g3_sampling_design_revision2/geometry_azimuth_reconstruction/atlanta/16825.npz,True,True,True,True,1370545,0,0.0,,0.0,True,True,historical_provenance_only_not_v6_2_study_sample
atlanta,17278,jun_sep,existing_d0047,COMPLETE,True,data/raw/v2/hitl/g3_sampling_design_revision2/geometry_azimuth_reconstruction/atlanta/17278.npz,True,True,True,True,1370545,1370372,0.9998737728421905,20.61005945205688,1.0,True,True,historical_provenance_only_not_v6_2_study_sample
atlanta,17293,jun_sep,existing_d0047,RESOLVED_VERIFIED_ZERO_MAPPED_CELLS,True,data/raw/v2/hitl/g3_sampling_design_revision2/geometry_azimuth_reconstruction/atlanta/17293.npz,True,True,True,True,1370545,0,0.0,,0.0,True,True,historical_provenance_only_not_v6_2_study_sample
atlanta,17339,jun_sep,existing_d0047,COMPLETE,True,data/raw/v2/hitl/g3_sampling_design_revision2/geometry_azimuth_reconstruction/atlanta/17339.npz,True,True,True,True,1370545,1370545,1.0,22.196509552001952,1.0,True,True,historical_provenance_only_not_v6_2_study_sample
atlanta,17354,jun_sep,existing_d0047,AZIMUTH_INCOMPLETE,True,data/raw/v2/hitl/g3_sampling_design_revision2/geometry_azimuth_reconstruction/atlanta/17354.npz,True,True,True,True,1370545,4917,0.0035876239014406676,27.88585090637207,0.0,True,True,historical_provenance_only_not_v6_2_study_sample
atlanta,17462,jun_sep,existing_d0047,COMPLETE,True,data/raw/v2/hitl/g3_sampling_design_revision2/geometry_azimuth_reconstruction/atlanta/17462.npz,True,True,True,True,1370545,1370545,1.0,25.85320167541504,1.0,True,True,historical_provenance_only_not_v6_2_study_sample
atlanta,17477,jun_sep,existing_d0047,AZIMUTH_INCOMPLETE,True,data/raw/v2/hitl/g3_sampling_design_revision2/geometry_azimuth_reconstruction/atlanta/17477.npz,True,True,True,True,1370545,459257,0.33509078505266154,29.55881233215332,0.0,True,True,historical_provenance_only_not_v6_2_study_sample
atlanta,17523,jun_sep,existing_d0047,AZIMUTH_INCOMPLETE,True,data/raw/v2/hitl/g3_sampling_design_revision2/geometry_azimuth_reconstruction/atlanta/17523.npz,True,True,True,True,1370545,1341228,0.9786092393901696,26.929812431335442,0.0,True,True,historical_provenance_only_not_v6_2_study_sample
atlanta,17605,jun_sep,existing_d0047,RESOLVED_VERIFIED_ZERO_MAPPED_CELLS,True,data/raw/v2/hitl/g3_sampling_design_revision2/geometry_azimuth_reconstruction/atlanta/17605.npz,True,True,True,True,1370545,0,0.0,,0.0,True,True,historical_provenance_only_not_v6_2_study_sample
atlanta,17743,jun_sep,existing_d0047,AZIMUTH_INCOMPLETE,True,data/raw/v2/hitl/g3_sampling_design_revision2/geometry_azimuth_reconstruction/atlanta/17743.npz,True,True,True,True,1370545,1370545,1.0,13.878756523132324,0.0,True,True,historical_provenance_only_not_v6_2_study_sample
atlanta,17789,jun_sep,existing_d0047,RESOLVED_VERIFIED_ZERO_MAPPED_CELLS,True,data/raw/v2/hitl/g3_sampling_design_revision2/geometry_azimuth_reconstruction/atlanta/17789.npz,True,True,True,True,1370545,0,0.0,,0.0,True,True,historical_provenance_only_not_v6_2_study_sample
atlanta,17804,jun_sep,existing_d0047,AZIMUTH_INCOMPLETE,True,data/raw/v2/hitl/g3_sampling_design_revision2/geometry_azimuth_reconstruction/atlanta/17804.npz,True,True,True,True,1370545,1370545,1.0,9.874709510803223,0.0,True,True,historical_provenance_only_not_v6_2_study_sample
atlanta,17819,jun_sep,existing_d0047,RESOLVED_VERIFIED_ZERO_MAPPED_CELLS,True,data/raw/v2/hitl/g3_sampling_design_revision2/geometry_azimuth_reconstruction/atlanta/17819.npz,True,True,True,True,1370545,0,0.0,,0.0,True,True,historical_provenance_only_not_v6_2_study_sample
atlanta,18227,jun_sep,existing_d0047,AZIMUTH_INCOMPLETE,True,data/raw/v2/hitl/g3_sampling_design_revision2/geometry_azimuth_reconstruction/atlanta/18227.npz,True,True,True,True,1370545,8952,0.006531708189078067,30.028568840026857,0.0,True,True,historical_provenance_only_not_v6_2_study_sample
atlanta,18334,jun_sep,existing_d0047,COMPLETE,True,data/raw/v2/hitl/g3_sampling_design_revision2/geometry_azimuth_reconstruction/atlanta/18334.npz,True,True,True,True,1370545,1370545,1.0,26.13658676147461,1.0,True,True,historical_provenance_only_not_v6_2_study_sample
atlanta,18349,jun_sep,existing_d0047,AZIMUTH_INCOMPLETE,True,data/raw/v2/hitl/g3_sampling_design_revision2/geometry_azimuth_reconstruction/atlanta/18349.npz,True,True,True,True,1370545,455644,0.33245460747366923,30.356304168701172,0.0,True,True,historical_provenance_only_not_v6_2_study_sample
atlanta,22136,jun_sep,existing_d0047,COMPLETE,True,data/raw/v2/hitl/g3_sampling_design_revision2/geometry_azimuth_reconstruction/atlanta/22136.npz,True,True,True,True,1370545,1366379,0.9969603332980675,27.65650424957275,1.0,True,True,historical_provenance_only_not_v6_2_study_sample
atlanta,22197,jun_sep,existing_d0047,AZIMUTH_INCOMPLETE,True,data/raw/v2/hitl/g3_sampling_design_revision2/geometry_azimuth_reconstruction/atlanta/22197.npz,True,True,True,True,1370545,1370545,1.0,22.6250732421875,0.0,True,True,historical_provenance_only_not_v6_2_study_sample
atlanta,22212,jun_sep,existing_d0047,RESOLVED_VERIFIED_ZERO_MAPPED_CELLS,True,data/raw/v2/hitl/g3_sampling_design_revision2/geometry_azimuth_reconstruction/atlanta/22212.npz,True,True,True,True,1370545,0,0.0,,0.0,True,True,historical_provenance_only_not_v6_2_study_sample
atlanta,22401,jun_sep,existing_d0047,AZIMUTH_INCOMPLETE,True,data/raw/v2/hitl/g3_sampling_design_revision2/geometry_azimuth_reconstruction/atlanta/22401.npz,True,True,True,True,1370545,1370545,1.0,18.82663230895996,0.4299362662298575,True,True,historical_provenance_only_not_v6_2_study_sample
atlanta,22416,jun_sep,existing_d0047,RESOLVED_VERIFIED_ZERO_MAPPED_CELLS,True,data/raw/v2/hitl/g3_sampling_design_revision2/geometry_azimuth_reconstruction/atlanta/22416.npz,True,True,True,True,1370545,0,0.0,,0.0,True,True,historical_provenance_only_not_v6_2_study_sample
atlanta,22462,jun_sep,existing_d0047,RESOLVED_VERIFIED_ZERO_MAPPED_CELLS,True,data/raw/v2/hitl/g3_sampling_design_revision2/geometry_azimuth_reconstruction/atlanta/22462.npz,True,True,True,True,1370545,0,0.0,,0.0,True,True,historical_provenance_only_not_v6_2_study_sample
atlanta,22477,jun_sep,existing_d0047,RESOLVED_VERIFIED_ZERO_MAPPED_CELLS,True,data/raw/v2/hitl/g3_sampling_design_revision2/geometry_azimuth_reconstruction/atlanta/22477.npz,True,True,True,True,1370545,0,0.0,,0.0,True,True,historical_provenance_only_not_v6_2_study_sample
atlanta,22916,jun_sep,existing_d0047,AZIMUTH_INCOMPLETE,True,data/raw/v2/hitl/g3_sampling_design_revision2/geometry_azimuth_reconstruction/atlanta/22916.npz,True,True,True,True,1370545,1370545,1.0,12.552645683288576,0.0,True,True,historical_provenance_only_not_v6_2_study_sample
atlanta,22977,jun_sep,existing_d0047,AZIMUTH_INCOMPLETE,True,data/raw/v2/hitl/g3_sampling_design_revision2/geometry_azimuth_reconstruction/atlanta/22977.npz,True,True,True,True,1370545,1370545,1.0,19.753889083862305,0.0,True,True,historical_provenance_only_not_v6_2_study_sample
atlanta,23023,jun_sep,existing_d0047,COMPLETE,True,data/raw/v2/hitl/g3_sampling_design_revision2/geometry_azimuth_reconstruction/atlanta/23023.npz,True,True,True,True,1370545,61310,0.044734029163580914,28.30398941040039,1.0,True,True,historical_provenance_only_not_v6_2_study_sample
atlanta,23038,jun_sep,existing_d0047,AZIMUTH_INCOMPLETE,True,data/raw/v2/hitl/g3_sampling_design_revision2/geometry_azimuth_reconstruction/atlanta/23038.npz,True,True,True,True,1370545,1370545,1.0,26.987496185302735,0.0,True,True,historical_provenance_only_not_v6_2_study_sample
atlanta,23084,jun_sep,existing_d0047,COMPLETE,True,data/raw/v2/hitl/g3_sampling_design_revision2/geometry_azimuth_reconstruction/atlanta/23084.npz,True,True,True,True,1370545,1110697,0.8104053496966536,27.93376235961914,1.0,True,True,historical_provenance_only_not_v6_2_study_sample
atlanta,23099,jun_sep,existing_d0047,AZIMUTH_INCOMPLETE,True,data/raw/v2/hitl/g3_sampling_design_revision2/geometry_azimuth_reconstruction/atlanta/23099.npz,True,True,True,True,1370545,783681,0.5718024581462119,30.171010971069336,0.0,True,True,historical_provenance_only_not_v6_2_study_sample
atlanta,23145,jun_sep,existing_d0047,AZIMUTH_INCOMPLETE,True,data/raw/v2/hitl/g3_sampling_design_revision2/geometry_azimuth_reconstruction/atlanta/23145.npz,True,True,True,True,1370545,1370545,1.0,23.276955795288085,0.0,True,True,historical_provenance_only_not_v6_2_study_sample
atlanta,23160,jun_sep,existing_d0047,RESOLVED_VERIFIED_ZERO_MAPPED_CELLS,True,data/raw/v2/hitl/g3_sampling_design_revision2/geometry_azimuth_reconstruction/atlanta/23160.npz,True,True,True,True,1370545,0,0.0,,0.0,True,True,historical_provenance_only_not_v6_2_study_sample
atlanta,23227,jun_sep,existing_d0047,COMPLETE,True,data/raw/v2/hitl/g3_sampling_design_revision2/geometry_azimuth_reconstruction/atlanta/23227.npz,True,True,True,True,1370545,1370545,1.0,27.239294052124023,1.0,True,True,historical_provenance_only_not_v6_2_study_sample
atlanta,23303,jun_sep,existing_d0047,RESOLVED_VERIFIED_ZERO_MAPPED_CELLS,True,data/raw/v2/hitl/g3_sampling_design_revision2/geometry_azimuth_reconstruction/atlanta/23303.npz,True,True,True,True,1370545,0,0.0,,0.0,True,True,historical_provenance_only_not_v6_2_study_sample
atlanta,23350,jun_sep,existing_d0047,AZIMUTH_INCOMPLETE,True,data/raw/v2/hitl/g3_sampling_design_revision2/geometry_azimuth_reconstruction/atlanta/23350.npz,True,True,True,True,1370545,1370545,1.0,12.522697448730469,0.05218507965809222,True,True,historical_provenance_only_not_v6_2_study_sample
atlanta,23457,jun_sep,existing_d0047,RESOLVED_VERIFIED_ZERO_MAPPED_CELLS,True,data/raw/v2/hitl/g3_sampling_design_revision2/geometry_azimuth_reconstruction/atlanta/23457.npz,True,True,True,True,1370545,0,0.0,,0.0,True,True,historical_provenance_only_not_v6_2_study_sample
atlanta,23851,jun_sep,existing_d0047,COMPLETE,True,data/raw/v2/hitl/g3_sampling_design_revision2/geometry_azimuth_reconstruction/atlanta/23851.npz,True,True,True,True,1370545,910194,0.6641109923424623,28.210994815826417,1.0,True,True,historical_provenance_only_not_v6_2_study_sample
atlanta,23867,jun_sep,existing_d0047,AZIMUTH_INCOMPLETE,True,data/raw/v2/hitl/g3_sampling_design_revision2/geometry_azimuth_reconstruction/atlanta/23867.npz,True,True,True,True,1370545,1103718,0.8053132148160038,30.78549575805664,0.0,True,True,historical_provenance_only_not_v6_2_study_sample
atlanta,23974,jun_sep,existing_d0047,AZIMUTH_INCOMPLETE,True,data/raw/v2/hitl/g3_sampling_design_revision2/geometry_azimuth_reconstruction/atlanta/23974.npz,True,True,True,True,1370545,1370545,1.0,17.457064056396483,0.4446661729457989,True,True,historical_provenance_only_not_v6_2_study_sample
atlanta,27835,jun_sep,existing_d0047,AZIMUTH_INCOMPLETE,True,data/raw/v2/hitl/g3_sampling_design_revision2/geometry_azimuth_reconstruction/atlanta/27835.npz,True,True,True,True,1370545,1370545,1.0,9.843368339538575,0.0,True,True,historical_provenance_only_not_v6_2_study_sample
atlanta,27881,jun_sep,existing_d0047,RESOLVED_VERIFIED_ZERO_MAPPED_CELLS,True,data/raw/v2/hitl/g3_sampling_design_revision2/geometry_azimuth_reconstruction/atlanta/27881.npz,True,True,True,True,1370545,0,0.0,,0.0,True,True,historical_provenance_only_not_v6_2_study_sample
atlanta,27896,jun_sep,existing_d0047,AZIMUTH_INCOMPLETE,True,data/raw/v2/hitl/g3_sampling_design_revision2/geometry_azimuth_reconstruction/atlanta/27896.npz,True,True,True,True,1370545,1370545,1.0,19.71196174621582,0.0,True,True,historical_provenance_only_not_v6_2_study_sample
atlanta,27916,jun_sep,existing_d0047,AZIMUTH_INCOMPLETE,True,data/raw/v2/hitl/g3_sampling_design_revision2/geometry_azimuth_reconstruction/atlanta/27916.npz,True,True,True,True,1370545,1370545,1.0,10.726444816589355,3.210401701512902e-05,True,True,historical_provenance_only_not_v6_2_study_sample
atlanta,27931,jun_sep,existing_d0047,RESOLVED_VERIFIED_ZERO_MAPPED_CELLS,True,data/raw/v2/hitl/g3_sampling_design_revision2/geometry_azimuth_reconstruction/atlanta/27931.npz,True,True,True,True,1370545,0,0.0,,0.0,True,True,historical_provenance_only_not_v6_2_study_sample
atlanta,27962,jun_sep,existing_d0047,RESOLVED_VERIFIED_ZERO_MAPPED_CELLS,True,data/raw/v2/hitl/g3_sampling_design_revision2/geometry_azimuth_reconstruction/atlanta/27962.npz,True,True,True,True,1370545,0,0.0,,0.0,True,True,historical_provenance_only_not_v6_2_study_sample
atlanta,28023,jun_sep,existing_d0047,COMPLETE,True,data/raw/v2/hitl/g3_sampling_design_revision2/geometry_azimuth_reconstruction/atlanta/28023.npz,True,True,True,True,1370545,717180,0.5232808846115962,30.746250247955324,1.0,True,True,historical_provenance_only_not_v6_2_study_sample
atlanta,28038,jun_sep,existing_d0047,AZIMUTH_INCOMPLETE,True,data/raw/v2/hitl/g3_sampling_design_revision2/geometry_azimuth_reconstruction/atlanta/28038.npz,True,True,True,True,1370545,1113272,0.8122841643287889,28.057052040100096,0.0,True,True,historical_provenance_only_not_v6_2_study_sample
atlanta,28099,jun_sep,existing_d0047,AZIMUTH_INCOMPLETE,True,data/raw/v2/hitl/g3_sampling_design_revision2/geometry_azimuth_reconstruction/atlanta/28099.npz,True,True,True,True,1370545,175578,0.12810816135187097,28.457957172393797,0.0,True,True,historical_provenance_only_not_v6_2_study_sample
atlanta,28145,jun_sep,existing_d0047,AZIMUTH_INCOMPLETE,True,data/raw/v2/hitl/g3_sampling_design_revision2/geometry_azimuth_reconstruction/atlanta/28145.npz,True,True,True,True,1370545,1370545,1.0,20.51097259521485,0.0,True,True,historical_provenance_only_not_v6_2_study_sample
atlanta,28160,jun_sep,existing_d0047,RESOLVED_VERIFIED_ZERO_MAPPED_CELLS,True,data/raw/v2/hitl/g3_sampling_design_revision2/geometry_azimuth_reconstruction/atlanta/28160.npz,True,True,True,True,1370545,0,0.0,,0.0,True,True,historical_provenance_only_not_v6_2_study_sample
atlanta,28598,jun_sep,existing_d0047,AZIMUTH_INCOMPLETE,True,data/raw/v2/hitl/g3_sampling_design_revision2/geometry_azimuth_reconstruction/atlanta/28598.npz,True,True,True,True,1370545,1370545,1.0,13.484773063659668,0.0,True,True,historical_provenance_only_not_v6_2_study_sample
atlanta,28659,jun_sep,existing_d0047,RESOLVED_VERIFIED_ZERO_MAPPED_CELLS,True,data/raw/v2/hitl/g3_sampling_design_revision2/geometry_azimuth_reconstruction/atlanta/28659.npz,True,True,True,True,1370545,0,0.0,,0.0,True,True,historical_provenance_only_not_v6_2_study_sample
atlanta,28705,jun_sep,existing_d0047,COMPLETE,True,data/raw/v2/hitl/g3_sampling_design_revision2/geometry_azimuth_reconstruction/atlanta/28705.npz,True,True,True,True,1370545,38614,0.02817419347777709,28.36540298461914,1.0,True,True,historical_provenance_only_not_v6_2_study_sample
atlanta,28720,jun_sep,existing_d0047,AZIMUTH_INCOMPLETE,True,data/raw/v2/hitl/g3_sampling_design_revision2/geometry_azimuth_reconstruction/atlanta/28720.npz,True,True,True,True,1370545,1370545,1.0,25.627016830444337,0.0,True,True,historical_provenance_only_not_v6_2_study_sample
atlanta,28766,jun_sep,existing_d0047,RESOLVED_VERIFIED_ZERO_MAPPED_CELLS,True,data/raw/v2/hitl/g3_sampling_design_revision2/geometry_azimuth_reconstruction/atlanta/28766.npz,True,True,True,True,1370545,0,0.0,,0.0,True,True,historical_provenance_only_not_v6_2_study_sample
atlanta,28781,jun_sep,existing_d0047,AZIMUTH_INCOMPLETE,True,data/raw/v2/hitl/g3_sampling_design_revision2/geometry_azimuth_reconstruction/atlanta/28781.npz,True,True,True,True,1370545,1159570,0.846064886596208,29.932827854156496,0.0,True,True,historical_provenance_only_not_v6_2_study_sample
atlanta,28923,jun_sep,existing_d0047,AZIMUTH_INCOMPLETE,True,data/raw/v2/hitl/g3_sampling_design_revision2/geometry_azimuth_reconstruction/atlanta/28923.npz,True,True,True,True,1370545,933281,0.6809561159976506,27.863056182861328,0.0,True,True,historical_provenance_only_not_v6_2_study_sample
atlanta,28969,jun_sep,existing_d0047,COMPLETE,True,data/raw/v2/hitl/g3_sampling_design_revision2/geometry_azimuth_reconstruction/atlanta/28969.npz,True,True,True,True,1370545,1300979,0.9492420898255803,29.79973983764648,1.0,True,True,historical_provenance_only_not_v6_2_study_sample
atlanta,28984,jun_sep,existing_d0047,AZIMUTH_INCOMPLETE,True,data/raw/v2/hitl/g3_sampling_design_revision2/geometry_azimuth_reconstruction/atlanta/28984.npz,True,True,True,True,1370545,726509,0.5300876658555538,28.00567054748535,0.0,True,True,historical_provenance_only_not_v6_2_study_sample
atlanta,29030,jun_sep,existing_d0047,COMPLETE,True,data/raw/v2/hitl/g3_sampling_design_revision2/geometry_azimuth_reconstruction/atlanta/29030.npz,True,True,True,True,1370545,1366964,0.9973871707970187,28.384272384643552,1.0,True,True,historical_provenance_only_not_v6_2_study_sample
atlanta,29045,jun_sep,existing_d0047,AZIMUTH_INCOMPLETE,True,data/raw/v2/hitl/g3_sampling_design_revision2/geometry_azimuth_reconstruction/atlanta/29045.npz,True,True,True,True,1370545,405843,0.2961179676697956,28.182344245910645,0.0,True,True,historical_provenance_only_not_v6_2_study_sample
atlanta,29091,jun_sep,existing_d0047,AZIMUTH_INCOMPLETE,True,data/raw/v2/hitl/g3_sampling_design_revision2/geometry_azimuth_reconstruction/atlanta/29091.npz,True,True,True,True,1370545,1370545,1.0,25.91914291381836,0.0,True,True,historical_provenance_only_not_v6_2_study_sample
atlanta,29106,jun_sep,existing_d0047,AZIMUTH_INCOMPLETE,True,data/raw/v2/hitl/g3_sampling_design_revision2/geometry_azimuth_reconstruction/atlanta/29106.npz,True,True,True,True,1370545,78048,0.056946689090836125,29.179426193237305,0.0,True,True,historical_provenance_only_not_v6_2_study_sample
atlanta,29483,jun_sep,existing_d0047,COMPLETE,True,data/raw/v2/hitl/g3_sampling_design_revision2/geometry_azimuth_reconstruction/atlanta/29483.npz,True,True,True,True,1370545,1364860,0.9958520150742952,27.476720905303956,1.0,True,True,historical_provenance_only_not_v6_2_study_sample
atlanta,29544,jun_sep,existing_d0047,RESOLVED_VERIFIED_ZERO_MAPPED_CELLS,True,data/raw/v2/hitl/g3_sampling_design_revision2/geometry_azimuth_reconstruction/atlanta/29544.npz,True,True,True,True,1370545,0,0.0,,0.0,True,True,historical_provenance_only_not_v6_2_study_sample
atlanta,29559,jun_sep,existing_d0047,AZIMUTH_INCOMPLETE,True,data/raw/v2/hitl/g3_sampling_design_revision2/geometry_azimuth_reconstruction/atlanta/29559.npz,True,True,True,True,1370545,114021,0.08319391191095513,31.240188598632812,0.0,True,True,historical_provenance_only_not_v6_2_study_sample
atlanta,29605,jun_sep,existing_d0047,AZIMUTH_INCOMPLETE,True,data/raw/v2/hitl/g3_sampling_design_revision2/geometry_azimuth_reconstruction/atlanta/29605.npz,True,True,True,True,1370545,1370545,1.0,22.69991569519043,0.8995779051399261,True,True,historical_provenance_only_not_v6_2_study_sample
atlanta,29620,jun_sep,existing_d0047,RESOLVED_VERIFIED_ZERO_MAPPED_CELLS,True,data/raw/v2/hitl/g3_sampling_design_revision2/geometry_azimuth_reconstruction/atlanta/29620.npz,True,True,True,True,1370545,0,0.0,,0.0,True,True,historical_provenance_only_not_v6_2_study_sample
atlanta,29666,jun_sep,existing_d0047,RESOLVED_VERIFIED_ZERO_MAPPED_CELLS,True,data/raw/v2/hitl/g3_sampling_design_revision2/geometry_azimuth_reconstruction/atlanta/29666.npz,True,True,True,True,1370545,0,0.0,,0.0,True,True,historical_provenance_only_not_v6_2_study_sample
atlanta,29681,jun_sep,existing_d0047,RESOLVED_VERIFIED_ZERO_MAPPED_CELLS,True,data/raw/v2/hitl/g3_sampling_design_revision2/geometry_azimuth_reconstruction/atlanta/29681.npz,True,True,True,True,1370545,0,0.0,,0.0,True,True,historical_provenance_only_not_v6_2_study_sample
atlanta,33495,jun_sep,existing_d0047,AZIMUTH_INCOMPLETE,True,data/raw/v2/hitl/g3_sampling_design_revision2/geometry_azimuth_reconstruction/atlanta/33495.npz,True,True,True,True,1370545,1370545,1.0,25.72992057800293,0.0,True,True,historical_provenance_only_not_v6_2_study_sample
atlanta,33510,jun_sep,existing_d0047,AZIMUTH_INCOMPLETE,True,data/raw/v2/hitl/g3_sampling_design_revision2/geometry_azimuth_reconstruction/atlanta/33510.npz,True,True,True,True,1370545,28709,0.02094714146562134,30.970691680908203,0.0,True,True,historical_provenance_only_not_v6_2_study_sample
atlanta,33591,jun_sep,existing_d0047,RESOLVED_VERIFIED_ZERO_MAPPED_CELLS,True,data/raw/v2/hitl/g3_sampling_design_revision2/geometry_azimuth_reconstruction/atlanta/33591.npz,True,True,True,True,1370545,0,0.0,,0.0,True,True,historical_provenance_only_not_v6_2_study_sample
atlanta,33637,jun_sep,existing_d0047,AZIMUTH_INCOMPLETE,True,data/raw/v2/hitl/g3_sampling_design_revision2/geometry_azimuth_reconstruction/atlanta/33637.npz,True,True,True,True,1370545,1370545,1.0,14.441858863830568,0.07847316213623048,True,True,historical_provenance_only_not_v6_2_study_sample
atlanta,33683,jun_sep,existing_d0047,RESOLVED_VERIFIED_ZERO_MAPPED_CELLS,True,data/raw/v2/hitl/g3_sampling_design_revision2/geometry_azimuth_reconstruction/atlanta/33683.npz,True,True,True,True,1370545,0,0.0,,0.0,True,True,historical_provenance_only_not_v6_2_study_sample
atlanta,33698,jun_sep,existing_d0047,AZIMUTH_INCOMPLETE,True,data/raw/v2/hitl/g3_sampling_design_revision2/geometry_azimuth_reconstruction/atlanta/33698.npz,True,True,True,True,1370545,1370545,1.0,13.57049465179444,0.0,True,True,historical_provenance_only_not_v6_2_study_sample
atlanta,33744,jun_sep,existing_d0047,RESOLVED_VERIFIED_ZERO_MAPPED_CELLS,True,data/raw/v2/hitl/g3_sampling_design_revision2/geometry_azimuth_reconstruction/atlanta/33744.npz,True,True,True,True,1370545,0,0.0,,0.0,True,True,historical_provenance_only_not_v6_2_study_sample
atlanta,33759,jun_sep,existing_d0047,AZIMUTH_INCOMPLETE,True,data/raw/v2/hitl/g3_sampling_design_revision2/geometry_azimuth_reconstruction/atlanta/33759.npz,True,True,True,True,1370545,1370545,1.0,16.176780700683594,0.0,True,True,historical_provenance_only_not_v6_2_study_sample
atlanta,33820,jun_sep,existing_d0047,AZIMUTH_INCOMPLETE,True,data/raw/v2/hitl/g3_sampling_design_revision2/geometry_azimuth_reconstruction/atlanta/33820.npz,True,True,True,True,1370545,1370545,1.0,19.240879821777348,0.0,True,True,historical_provenance_only_not_v6_2_study_sample
atlanta,34258,jun_sep,existing_d0047,RESOLVED_VERIFIED_ZERO_MAPPED_CELLS,True,data/raw/v2/hitl/g3_sampling_design_revision2/geometry_azimuth_reconstruction/atlanta/34258.npz,True,True,True,True,1370545,0,0.0,,0.0,True,True,historical_provenance_only_not_v6_2_study_sample
atlanta,34319,jun_sep,existing_d0047,COMPLETE,True,data/raw/v2/hitl/g3_sampling_design_revision2/geometry_azimuth_reconstruction/atlanta/34319.npz,True,True,True,True,1370545,371608,0.2711388535217742,28.450094127655028,1.0,True,True,historical_provenance_only_not_v6_2_study_sample
atlanta,34334,jun_sep,existing_d0047,AZIMUTH_INCOMPLETE,True,data/raw/v2/hitl/g3_sampling_design_revision2/geometry_azimuth_reconstruction/atlanta/34334.npz,True,True,True,True,1370545,1367844,0.9980292511373213,29.699630165100096,0.0,True,True,historical_provenance_only_not_v6_2_study_sample
atlanta,34395,jun_sep,existing_d0047,AZIMUTH_INCOMPLETE,True,data/raw/v2/hitl/g3_sampling_design_revision2/geometry_azimuth_reconstruction/atlanta/34395.npz,True,True,True,True,1370545,141371,0.10314947703285919,30.45262908935547,0.0,True,True,historical_provenance_only_not_v6_2_study_sample
atlanta,34441,jun_sep,existing_d0047,AZIMUTH_INCOMPLETE,True,data/raw/v2/hitl/g3_sampling_design_revision2/geometry_azimuth_reconstruction/atlanta/34441.npz,True,True,True,True,1370545,1370545,1.0,21.57484130859375,0.0,True,True,historical_provenance_only_not_v6_2_study_sample
atlanta,34476,jun_sep,existing_d0047,AZIMUTH_INCOMPLETE,True,data/raw/v2/hitl/g3_sampling_design_revision2/geometry_azimuth_reconstruction/atlanta/34476.npz,True,True,True,True,1370545,1167493,0.8518457985691823,27.804527282714844,0.0,True,True,historical_provenance_only_not_v6_2_study_sample
atlanta,34720,jun_sep,existing_d0047,RESOLVED_UNAVAILABLE,False,,True,True,True,True,,,,,,True,True,historical_provenance_only_not_v6_2_study_sample
atlanta,34766,jun_sep,existing_d0047,RESOLVED_UNAVAILABLE,False,,True,True,True,True,,,,,,True,True,historical_provenance_only_not_v6_2_study_sample
atlanta,35158,jun_sep,existing_d0047,COMPLETE,True,data/raw/v2/hitl/g3_sampling_design_revision2/geometry_azimuth_reconstruction/atlanta/35158.npz,True,True,True,True,1370545,1342166,0.9792936386619921,27.671911239624023,1.0,True,True,historical_provenance_only_not_v6_2_study_sample
atlanta,35173,jun_sep,existing_d0047,AZIMUTH_INCOMPLETE,True,data/raw/v2/hitl/g3_sampling_design_revision2/geometry_azimuth_reconstruction/atlanta/35173.npz,True,True,True,True,1370545,612444,0.44686164992758354,31.126423931121828,0.0,True,True,historical_provenance_only_not_v6_2_study_sample
atlanta,35219,jun_sep,existing_d0047,COMPLETE,True,data/raw/v2/hitl/g3_sampling_design_revision2/geometry_azimuth_reconstruction/atlanta/35219.npz,True,True,True,True,1370545,1370545,1.0,26.707401275634766,1.0,True,True,historical_provenance_only_not_v6_2_study_sample
atlanta,35234,jun_sep,existing_d0047,AZIMUTH_INCOMPLETE,True,data/raw/v2/hitl/g3_sampling_design_revision2/geometry_azimuth_reconstruction/atlanta/35234.npz,True,True,True,True,1370545,251246,0.18331831497688875,31.24645233154297,0.0,True,True,historical_provenance_only_not_v6_2_study_sample
atlanta,35341,jun_sep,existing_d0047,RESOLVED_UNAVAILABLE,False,,True,True,True,True,,,,,,True,True,historical_provenance_only_not_v6_2_study_sample
atlanta,35356,jun_sep,existing_d0047,RESOLVED_VERIFIED_ZERO_MAPPED_CELLS,True,data/raw/v2/hitl/g3_sampling_design_revision2/geometry_azimuth_reconstruction/atlanta/35356.npz,True,True,True,True,1370545,0,0.0,,0.0,True,True,historical_provenance_only_not_v6_2_study_sample
atlanta,39175,jun_sep,existing_d0047,RESOLVED_VERIFIED_ZERO_MAPPED_CELLS,True,data/raw/v2/hitl/g3_sampling_design_revision2/geometry_azimuth_reconstruction/atlanta/39175.npz,True,True,True,True,1370545,0,0.0,,0.0,True,True,historical_provenance_only_not_v6_2_study_sample
atlanta,39256,jun_sep,existing_d0047,COMPLETE,True,data/raw/v2/hitl/g3_sampling_design_revision2/geometry_azimuth_reconstruction/atlanta/39256.npz,True,True,True,True,1370545,686699,0.5010408268243655,30.58076343536377,1.0,True,True,historical_provenance_only_not_v6_2_study_sample
atlanta,39271,jun_sep,existing_d0047,AZIMUTH_INCOMPLETE,True,data/raw/v2/hitl/g3_sampling_design_revision2/geometry_azimuth_reconstruction/atlanta/39271.npz,True,True,True,True,1370545,1183553,0.8635637647797044,27.52393341064453,0.0,True,True,historical_provenance_only_not_v6_2_study_sample
atlanta,39379,jun_sep,existing_d0047,AZIMUTH_INCOMPLETE,True,data/raw/v2/hitl/g3_sampling_design_revision2/geometry_azimuth_reconstruction/atlanta/39379.npz,True,True,True,True,1370545,1370545,1.0,21.34068832397461,0.9385828265398072,True,True,historical_provenance_only_not_v6_2_study_sample
atlanta,39395,jun_sep,existing_d0047,RESOLVED_VERIFIED_ZERO_MAPPED_CELLS,True,data/raw/v2/hitl/g3_sampling_design_revision2/geometry_azimuth_reconstruction/atlanta/39395.npz,True,True,True,True,1370545,0,0.0,,0.0,True,True,historical_provenance_only_not_v6_2_study_sample
atlanta,39441,jun_sep,existing_d0047,AZIMUTH_INCOMPLETE,True,data/raw/v2/hitl/g3_sampling_design_revision2/geometry_azimuth_reconstruction/atlanta/39441.npz,True,True,True,True,1370545,1370545,1.0,13.618012046813966,0.0,True,True,historical_provenance_only_not_v6_2_study_sample
atlanta,39456,jun_sep,existing_d0047,RESOLVED_VERIFIED_ZERO_MAPPED_CELLS,True,data/raw/v2/hitl/g3_sampling_design_revision2/geometry_azimuth_reconstruction/atlanta/39456.npz,True,True,True,True,1370545,0,0.0,,0.0,True,True,historical_provenance_only_not_v6_2_study_sample
atlanta,39487,jun_sep,existing_d0047,RESOLVED_VERIFIED_ZERO_MAPPED_CELLS,True,data/raw/v2/hitl/g3_sampling_design_revision2/geometry_azimuth_reconstruction/atlanta/39487.npz,True,True,True,True,1370545,0,0.0,,0.0,True,True,historical_provenance_only_not_v6_2_study_sample
atlanta,39881,jun_sep,existing_d0047,COMPLETE,True,data/raw/v2/hitl/g3_sampling_design_revision2/geometry_azimuth_reconstruction/atlanta/39881.npz,True,True,True,True,1370545,36,2.6266923012378286e-05,25.271893978118896,1.0,True,True,historical_provenance_only_not_v6_2_study_sample
atlanta,39896,jun_sep,existing_d0047,AZIMUTH_INCOMPLETE,True,data/raw/v2/hitl/g3_sampling_design_revision2/geometry_azimuth_reconstruction/atlanta/39896.npz,True,True,True,True,1370545,619982,0.4523616517516754,29.771779441833495,0.0,True,True,historical_provenance_only_not_v6_2_study_sample
atlanta,39957,jun_sep,existing_d0047,AZIMUTH_INCOMPLETE,True,data/raw/v2/hitl/g3_sampling_design_revision2/geometry_azimuth_reconstruction/atlanta/39957.npz,True,True,True,True,1370545,147,0.00010725660230054468,30.170246887207032,0.0,True,True,historical_provenance_only_not_v6_2_study_sample
atlanta,40003,jun_sep,existing_d0047,AZIMUTH_INCOMPLETE,True,data/raw/v2/hitl/g3_sampling_design_revision2/geometry_azimuth_reconstruction/atlanta/40003.npz,True,True,True,True,1370545,1370545,1.0,16.85053062438965,0.7337825463592951,True,True,historical_provenance_only_not_v6_2_study_sample
atlanta,40018,jun_sep,existing_d0047,RESOLVED_VERIFIED_ZERO_MAPPED_CELLS,True,data/raw/v2/hitl/g3_sampling_design_revision2/geometry_azimuth_reconstruction/atlanta/40018.npz,True,True,True,True,1370545,0,0.0,,0.0,True,True,historical_provenance_only_not_v6_2_study_sample
atlanta,40064,jun_sep,existing_d0047,AZIMUTH_INCOMPLETE,True,data/raw/v2/hitl/g3_sampling_design_revision2/geometry_azimuth_reconstruction/atlanta/40064.npz,True,True,True,True,1370545,1370545,1.0,10.043818855285645,0.0,True,True,historical_provenance_only_not_v6_2_study_sample
atlanta,40079,jun_sep,existing_d0047,RESOLVED_VERIFIED_ZERO_MAPPED_CELLS,True,data/raw/v2/hitl/g3_sampling_design_revision2/geometry_azimuth_reconstruction/atlanta/40079.npz,True,True,True,True,1370545,0,0.0,,0.0,True,True,historical_provenance_only_not_v6_2_study_sample
atlanta,40160,jun_sep,existing_d0047,RESOLVED_VERIFIED_ZERO_MAPPED_CELLS,True,data/raw/v2/hitl/g3_sampling_design_revision2/geometry_azimuth_reconstruction/atlanta/40160.npz,True,True,True,True,1370545,0,0.0,,0.0,True,True,historical_provenance_only_not_v6_2_study_sample
atlanta,40206,jun_sep,existing_d0047,RESOLVED_VERIFIED_ZERO_MAPPED_CELLS,True,data/raw/v2/hitl/g3_sampling_design_revision2/geometry_azimuth_reconstruction/atlanta/40206.npz,True,True,True,True,1370545,0,0.0,,0.0,True,True,historical_provenance_only_not_v6_2_study_sample
atlanta,40252,jun_sep,existing_d0047,COMPLETE,True,data/raw/v2/hitl/g3_sampling_design_revision2/geometry_azimuth_reconstruction/atlanta/40252.npz,True,True,True,True,1370545,6939,0.005062949410635915,31.217840576171874,1.0,True,True,historical_provenance_only_not_v6_2_study_sample
atlanta,40267,jun_sep,existing_d0047,AZIMUTH_INCOMPLETE,True,data/raw/v2/hitl/g3_sampling_design_revision2/geometry_azimuth_reconstruction/atlanta/40267.npz,True,True,True,True,1370545,1370545,1.0,23.38440856933594,0.0,True,True,historical_provenance_only_not_v6_2_study_sample
atlanta,40328,jun_sep,existing_d0047,AZIMUTH_INCOMPLETE,True,data/raw/v2/hitl/g3_sampling_design_revision2/geometry_azimuth_reconstruction/atlanta/40328.npz,True,True,True,True,1370545,1209060,0.8821746093707248,28.360177993774414,0.0,True,True,historical_provenance_only_not_v6_2_study_sample
atlanta,40375,jun_sep,existing_d0047,AZIMUTH_INCOMPLETE,True,data/raw/v2/hitl/g3_sampling_design_revision2/geometry_azimuth_reconstruction/atlanta/40375.npz,True,True,True,True,1370545,1354104,0.9880040421875969,29.61048126220703,0.0,True,True,historical_provenance_only_not_v6_2_study_sample
atlanta,40390,jun_sep,existing_d0047,AZIMUTH_INCOMPLETE,True,data/raw/v2/hitl/g3_sampling_design_revision2/geometry_azimuth_reconstruction/atlanta/40390.npz,True,True,True,True,1370545,377553,0.2754765440025683,28.705524444580078,0.0,True,True,historical_provenance_only_not_v6_2_study_sample
atlanta,40768,jun_sep,existing_d0047,COMPLETE,True,data/raw/v2/hitl/g3_sampling_design_revision2/geometry_azimuth_reconstruction/atlanta/40768.npz,True,True,True,True,1370545,1370545,1.0,12.068877410888673,1.0,True,True,historical_provenance_only_not_v6_2_study_sample
atlanta,40783,jun_sep,existing_d0047,RESOLVED_VERIFIED_ZERO_MAPPED_CELLS,True,data/raw/v2/hitl/g3_sampling_design_revision2/geometry_azimuth_reconstruction/atlanta/40783.npz,True,True,True,True,1370545,0,0.0,,0.0,True,True,historical_provenance_only_not_v6_2_study_sample
atlanta,40815,jun_sep,existing_d0047,RESOLVED_VERIFIED_ZERO_MAPPED_CELLS,True,data/raw/v2/hitl/g3_sampling_design_revision2/geometry_azimuth_reconstruction/atlanta/40815.npz,True,True,True,True,1370545,0,0.0,,0.0,True,True,historical_provenance_only_not_v6_2_study_sample
atlanta,40876,jun_sep,existing_d0047,RESOLVED_VERIFIED_ZERO_MAPPED_CELLS,True,data/raw/v2/hitl/g3_sampling_design_revision2/geometry_azimuth_reconstruction/atlanta/40876.npz,True,True,True,True,1370545,0,0.0,,0.0,True,True,historical_provenance_only_not_v6_2_study_sample
atlanta,40891,jun_sep,existing_d0047,AZIMUTH_INCOMPLETE,True,data/raw/v2/hitl/g3_sampling_design_revision2/geometry_azimuth_reconstruction/atlanta/40891.npz,True,True,True,True,1370545,1370545,1.0,24.12014694213867,0.0,True,True,historical_provenance_only_not_v6_2_study_sample
atlanta,40999,jun_sep,existing_d0047,COMPLETE,True,data/raw/v2/hitl/g3_sampling_design_revision2/geometry_azimuth_reconstruction/atlanta/40999.npz,True,True,True,True,1370545,1370545,1.0,25.436618041992187,1.0,True,True,historical_provenance_only_not_v6_2_study_sample
atlanta,41014,jun_sep,existing_d0047,AZIMUTH_INCOMPLETE,True,data/raw/v2/hitl/g3_sampling_design_revision2/geometry_azimuth_reconstruction/atlanta/41014.npz,True,True,True,True,1370545,191319,0.13959337343903339,30.59086036682129,0.0,True,True,historical_provenance_only_not_v6_2_study_sample
denver_aurora,11040,jun_sep,new_d0069,RESOLVED_UNAVAILABLE,False,,True,True,True,True,,,,,,True,True,historical_provenance_only_not_v6_2_study_sample
denver_aurora,11055,jun_sep,new_d0069,RESOLVED_UNAVAILABLE,False,,True,True,True,True,,,,,,True,True,historical_provenance_only_not_v6_2_study_sample
denver_aurora,11162,jun_sep,new_d0069,RESOLVED_UNAVAILABLE,False,,True,True,True,True,,,,,,True,True,historical_provenance_only_not_v6_2_study_sample
denver_aurora,11223,jun_sep,new_d0069,RESOLVED_UNAVAILABLE,False,,True,True,True,True,,,,,,True,True,historical_provenance_only_not_v6_2_study_sample
denver_aurora,11646,jun_sep,new_d0069,RESOLVED_UNAVAILABLE,False,,True,True,True,True,,,,,,True,True,historical_provenance_only_not_v6_2_study_sample
denver_aurora,12561,jun_sep,new_d0069,RESOLVED_UNAVAILABLE,False,,True,True,True,True,,,,,,True,True,historical_provenance_only_not_v6_2_study_sample
denver_aurora,12622,jun_sep,new_d0069,RESOLVED_UNAVAILABLE,False,,True,True,True,True,,,,,,True,True,historical_provenance_only_not_v6_2_study_sample
denver_aurora,34721,jun_sep,new_d0069,RESOLVED_UNAVAILABLE,False,,True,True,True,True,,,,,,True,True,historical_provenance_only_not_v6_2_study_sample
denver_aurora,34736,jun_sep,new_d0069,RESOLVED_UNAVAILABLE,False,,True,True,True,True,,,,,,True,True,historical_provenance_only_not_v6_2_study_sample
denver_aurora,345,jun_sep,new_d0069,RESOLVED_VERIFIED_ZERO_MAPPED_CELLS,True,data/raw/v2/hitl/g3_sampling_design_revision2/geometry_azimuth_reconstruction/denver_aurora/00345.npz,True,True,True,True,346536,0,0.0,,0.0,True,True,historical_provenance_only_not_v6_2_study_sample
denver_aurora,376,jun_sep,new_d0069,COMPLETE,True,data/raw/v2/hitl/g3_sampling_design_revision2/geometry_azimuth_reconstruction/denver_aurora/00376.npz,True,True,True,True,346536,277472,0.8007018029872798,26.955584049224854,1.0,True,True,historical_provenance_only_not_v6_2_study_sample
denver_aurora,422,jun_sep,new_d0069,RESOLVED_VERIFIED_ZERO_MAPPED_CELLS,True,data/raw/v2/hitl/g3_sampling_design_revision2/geometry_azimuth_reconstruction/denver_aurora/00422.npz,True,True,True,True,346536,0,0.0,,0.0,True,True,historical_provenance_only_not_v6_2_study_sample
denver_aurora,437,jun_sep,new_d0069,AZIMUTH_INCOMPLETE,True,data/raw/v2/hitl/g3_sampling_design_revision2/geometry_azimuth_reconstruction/denver_aurora/00437.npz,True,True,True,True,346536,346536,1.0,8.892935514450073,0.0,True,True,historical_provenance_only_not_v6_2_study_sample
denver_aurora,483,jun_sep,new_d0069,COMPLETE,True,data/raw/v2/hitl/g3_sampling_design_revision2/geometry_azimuth_reconstruction/denver_aurora/00483.npz,True,True,True,True,346536,346536,1.0,19.115267276763916,1.0,True,True,historical_provenance_only_not_v6_2_study_sample
denver_aurora,498,jun_sep,new_d0069,RESOLVED_VERIFIED_ZERO_MAPPED_CELLS,True,data/raw/v2/hitl/g3_sampling_design_revision2/geometry_azimuth_reconstruction/denver_aurora/00498.npz,True,True,True,True,346536,0,0.0,,0.0,True,True,historical_provenance_only_not_v6_2_study_sample
denver_aurora,529,jun_sep,new_d0069,RESOLVED_VERIFIED_ZERO_MAPPED_CELLS,True,data/raw/v2/hitl/g3_sampling_design_revision2/geometry_azimuth_reconstruction/denver_aurora/00529.npz,True,True,True,True,346536,0,0.0,,0.0,True,True,historical_provenance_only_not_v6_2_study_sample
denver_aurora,544,jun_sep,new_d0069,AZIMUTH_INCOMPLETE,True,data/raw/v2/hitl/g3_sampling_design_revision2/geometry_azimuth_reconstruction/denver_aurora/00544.npz,True,True,True,True,346536,346536,1.0,20.399390697479248,0.0,True,True,historical_provenance_only_not_v6_2_study_sample
denver_aurora,590,jun_sep,new_d0069,AZIMUTH_INCOMPLETE,True,data/raw/v2/hitl/g3_sampling_design_revision2/geometry_azimuth_reconstruction/denver_aurora/00590.npz,True,True,True,True,346536,340545,0.9827117528914745,8.139257621765136,0.0,True,True,historical_provenance_only_not_v6_2_study_sample
denver_aurora,640,jun_sep,new_d0069,COMPLETE,True,data/raw/v2/hitl/g3_sampling_design_revision2/geometry_azimuth_reconstruction/denver_aurora/00640.npz,True,True,True,True,346536,262806,0.758380081723111,29.518133640289307,1.0,True,True,historical_provenance_only_not_v6_2_study_sample
denver_aurora,747,jun_sep,new_d0069,COMPLETE,True,data/raw/v2/hitl/g3_sampling_design_revision2/geometry_azimuth_reconstruction/denver_aurora/00747.npz,True,True,True,True,346536,346536,1.0,20.2380108833313,1.0,True,True,historical_provenance_only_not_v6_2_study_sample
denver_aurora,762,jun_sep,new_d0069,RESOLVED_VERIFIED_ZERO_MAPPED_CELLS,True,data/raw/v2/hitl/g3_sampling_design_revision2/geometry_azimuth_reconstruction/denver_aurora/00762.npz,True,True,True,True,346536,0,0.0,,0.0,True,True,historical_provenance_only_not_v6_2_study_sample
denver_aurora,808,jun_sep,new_d0069,AZIMUTH_INCOMPLETE,True,data/raw/v2/hitl/g3_sampling_design_revision2/geometry_azimuth_reconstruction/denver_aurora/00808.npz,True,True,True,True,346536,346536,1.0,18.8296160697937,0.0,True,True,historical_provenance_only_not_v6_2_study_sample
denver_aurora,854,jun_sep,new_d0069,AZIMUTH_INCOMPLETE,True,data/raw/v2/hitl/g3_sampling_design_revision2/geometry_azimuth_reconstruction/denver_aurora/00854.npz,True,True,True,True,346536,346536,1.0,8.13974380493164,0.0,True,True,historical_provenance_only_not_v6_2_study_sample
denver_aurora,869,jun_sep,new_d0069,RESOLVED_VERIFIED_ZERO_MAPPED_CELLS,True,data/raw/v2/hitl/g3_sampling_design_revision2/geometry_azimuth_reconstruction/denver_aurora/00869.npz,True,True,True,True,346536,0,0.0,,0.0,True,True,historical_provenance_only_not_v6_2_study_sample
denver_aurora,5131,jun_sep,new_d0069,RESOLVED_VERIFIED_ZERO_MAPPED_CELLS,True,data/raw/v2/hitl/g3_sampling_design_revision2/geometry_azimuth_reconstruction/denver_aurora/05131.npz,True,True,True,True,346536,0,0.0,,0.0,True,True,historical_provenance_only_not_v6_2_study_sample
denver_aurora,5162,jun_sep,new_d0069,RESOLVED_VERIFIED_ZERO_MAPPED_CELLS,True,data/raw/v2/hitl/g3_sampling_design_revision2/geometry_azimuth_reconstruction/denver_aurora/05162.npz,True,True,True,True,346536,0,0.0,,0.0,True,True,historical_provenance_only_not_v6_2_study_sample
denver_aurora,5177,jun_sep,new_d0069,AZIMUTH_INCOMPLETE,True,data/raw/v2/hitl/g3_sampling_design_revision2/geometry_azimuth_reconstruction/denver_aurora/05177.npz,True,True,True,True,346536,346536,1.0,8.74678087234497,0.0,True,True,historical_provenance_only_not_v6_2_study_sample
denver_aurora,5223,jun_sep,new_d0069,COMPLETE,True,data/raw/v2/hitl/g3_sampling_design_revision2/geometry_azimuth_reconstruction/denver_aurora/05223.npz,True,True,True,True,346536,186745,0.5388906203107325,27.333894729614258,1.0,True,True,historical_provenance_only_not_v6_2_study_sample
denver_aurora,5238,jun_sep,new_d0069,AZIMUTH_INCOMPLETE,True,data/raw/v2/hitl/g3_sampling_design_revision2/geometry_azimuth_reconstruction/denver_aurora/05238.npz,True,True,True,True,346536,346536,1.0,22.509582996368408,0.0,True,True,historical_provenance_only_not_v6_2_study_sample
denver_aurora,5284,jun_sep,new_d0069,AZIMUTH_INCOMPLETE,True,data/raw/v2/hitl/g3_sampling_design_revision2/geometry_azimuth_reconstruction/denver_aurora/05284.npz,True,True,True,True,346536,346536,1.0,18.515916347503662,0.0,True,True,historical_provenance_only_not_v6_2_study_sample
denver_aurora,5288,jun_sep,new_d0069,COMPLETE,True,data/raw/v2/hitl/g3_sampling_design_revision2/geometry_azimuth_reconstruction/denver_aurora/05288.npz,True,True,True,True,346536,346536,1.0,23.301358222961426,1.0,True,True,historical_provenance_only_not_v6_2_study_sample
denver_aurora,5299,jun_sep,new_d0069,AZIMUTH_INCOMPLETE,True,data/raw/v2/hitl/g3_sampling_design_revision2/geometry_azimuth_reconstruction/denver_aurora/05299.npz,True,True,True,True,346536,8278,0.02388785003578272,29.232614517211914,0.0,True,True,historical_provenance_only_not_v6_2_study_sample
denver_aurora,5330,jun_sep,new_d0069,RESOLVED_VERIFIED_ZERO_MAPPED_CELLS,True,data/raw/v2/hitl/g3_sampling_design_revision2/geometry_azimuth_reconstruction/denver_aurora/05330.npz,True,True,True,True,346536,0,0.0,,0.0,True,True,historical_provenance_only_not_v6_2_study_sample
denver_aurora,5349,jun_sep,new_d0069,AZIMUTH_INCOMPLETE,True,data/raw/v2/hitl/g3_sampling_design_revision2/geometry_azimuth_reconstruction/denver_aurora/05349.npz,True,True,True,True,346536,346536,1.0,9.5928955078125,0.8981087102061547,True,True,historical_provenance_only_not_v6_2_study_sample
denver_aurora,5364,jun_sep,new_d0069,RESOLVED_VERIFIED_ZERO_MAPPED_CELLS,True,data/raw/v2/hitl/g3_sampling_design_revision2/geometry_azimuth_reconstruction/denver_aurora/05364.npz,True,True,True,True,346536,0,0.0,,0.0,True,True,historical_provenance_only_not_v6_2_study_sample
denver_aurora,5410,jun_sep,new_d0069,AZIMUTH_INCOMPLETE,True,data/raw/v2/hitl/g3_sampling_design_revision2/geometry_azimuth_reconstruction/denver_aurora/05410.npz,True,True,True,True,346536,346536,1.0,11.422683000564575,0.0,True,True,historical_provenance_only_not_v6_2_study_sample
denver_aurora,5456,jun_sep,new_d0069,COMPLETE,True,data/raw/v2/hitl/g3_sampling_design_revision2/geometry_azimuth_reconstruction/denver_aurora/05456.npz,True,True,True,True,346536,341486,0.985427199482882,28.085512161254883,1.0,True,True,historical_provenance_only_not_v6_2_study_sample
denver_aurora,5471,jun_sep,new_d0069,AZIMUTH_INCOMPLETE,True,data/raw/v2/hitl/g3_sampling_design_revision2/geometry_azimuth_reconstruction/denver_aurora/05471.npz,True,True,True,True,346536,346536,1.0,24.48578929901123,0.0,True,True,historical_provenance_only_not_v6_2_study_sample
denver_aurora,5532,jun_sep,new_d0069,RESOLVED_VERIFIED_ZERO_MAPPED_CELLS,True,data/raw/v2/hitl/g3_sampling_design_revision2/geometry_azimuth_reconstruction/denver_aurora/05532.npz,True,True,True,True,346536,0,0.0,,0.0,True,True,historical_provenance_only_not_v6_2_study_sample
denver_aurora,5563,jun_sep,new_d0069,RESOLVED_VERIFIED_ZERO_MAPPED_CELLS,True,data/raw/v2/hitl/g3_sampling_design_revision2/geometry_azimuth_reconstruction/denver_aurora/05563.npz,True,True,True,True,346536,0,0.0,,0.0,True,True,historical_provenance_only_not_v6_2_study_sample
denver_aurora,5578,jun_sep,new_d0069,AZIMUTH_INCOMPLETE,True,data/raw/v2/hitl/g3_sampling_design_revision2/geometry_azimuth_reconstruction/denver_aurora/05578.npz,True,True,True,True,346536,346536,1.0,7.418951749801636,0.0,True,True,historical_provenance_only_not_v6_2_study_sample
denver_aurora,5971,jun_sep,new_d0069,AZIMUTH_INCOMPLETE,True,data/raw/v2/hitl/g3_sampling_design_revision2/geometry_azimuth_reconstruction/denver_aurora/05971.npz,True,True,True,True,346536,346536,1.0,7.0331467390060425,0.0,True,True,historical_provenance_only_not_v6_2_study_sample
denver_aurora,6032,jun_sep,new_d0069,AZIMUTH_INCOMPLETE,True,data/raw/v2/hitl/g3_sampling_design_revision2/geometry_azimuth_reconstruction/denver_aurora/06032.npz,True,True,True,True,346536,346536,1.0,19.31744384765625,0.0,True,True,historical_provenance_only_not_v6_2_study_sample
denver_aurora,6078,jun_sep,new_d0069,COMPLETE,True,data/raw/v2/hitl/g3_sampling_design_revision2/geometry_azimuth_reconstruction/denver_aurora/06078.npz,True,True,True,True,346536,346536,1.0,21.471360683441162,1.0,True,True,historical_provenance_only_not_v6_2_study_sample
denver_aurora,6093,jun_sep,new_d0069,AZIMUTH_INCOMPLETE,True,data/raw/v2/hitl/g3_sampling_design_revision2/geometry_azimuth_reconstruction/denver_aurora/06093.npz,True,True,True,True,346536,238333,0.6877582704250064,29.363756561279295,0.0,True,True,historical_provenance_only_not_v6_2_study_sample
denver_aurora,6139,jun_sep,new_d0069,AZIMUTH_INCOMPLETE,True,data/raw/v2/hitl/g3_sampling_design_revision2/geometry_azimuth_reconstruction/denver_aurora/06139.npz,True,True,True,True,346536,346536,1.0,9.459319591522217,0.9077469584689614,True,True,historical_provenance_only_not_v6_2_study_sample
denver_aurora,6185,jun_sep,new_d0069,RESOLVED_VERIFIED_ZERO_MAPPED_CELLS,True,data/raw/v2/hitl/g3_sampling_design_revision2/geometry_azimuth_reconstruction/denver_aurora/06185.npz,True,True,True,True,346536,0,0.0,,0.0,True,True,historical_provenance_only_not_v6_2_study_sample
denver_aurora,6200,jun_sep,new_d0069,AZIMUTH_INCOMPLETE,True,data/raw/v2/hitl/g3_sampling_design_revision2/geometry_azimuth_reconstruction/denver_aurora/06200.npz,True,True,True,True,346536,346536,1.0,11.017973184585571,0.0,True,True,historical_provenance_only_not_v6_2_study_sample
denver_aurora,6250,jun_sep,new_d0069,COMPLETE,True,data/raw/v2/hitl/g3_sampling_design_revision2/geometry_azimuth_reconstruction/denver_aurora/06250.npz,True,True,True,True,346536,41296,0.11916799409008011,29.9136643409729,1.0,True,True,historical_provenance_only_not_v6_2_study_sample
denver_aurora,6261,jun_sep,new_d0069,AZIMUTH_INCOMPLETE,True,data/raw/v2/hitl/g3_sampling_design_revision2/geometry_azimuth_reconstruction/denver_aurora/06261.npz,True,True,True,True,346536,346536,1.0,23.60378885269165,0.0,True,True,historical_provenance_only_not_v6_2_study_sample
denver_aurora,6265,jun_sep,new_d0069,AZIMUTH_INCOMPLETE,True,data/raw/v2/hitl/g3_sampling_design_revision2/geometry_azimuth_reconstruction/denver_aurora/06265.npz,True,True,True,True,346536,346536,1.0,17.798309326171875,0.0,True,True,historical_provenance_only_not_v6_2_study_sample
denver_aurora,6311,jun_sep,new_d0069,COMPLETE,True,data/raw/v2/hitl/g3_sampling_design_revision2/geometry_azimuth_reconstruction/denver_aurora/06311.npz,True,True,True,True,346536,346536,1.0,23.970930099487305,1.0,True,True,historical_provenance_only_not_v6_2_study_sample
denver_aurora,6326,jun_sep,new_d0069,AZIMUTH_INCOMPLETE,True,data/raw/v2/hitl/g3_sampling_design_revision2/geometry_azimuth_reconstruction/denver_aurora/06326.npz,True,True,True,True,346536,346536,1.0,26.276512145996094,0.0,True,True,historical_provenance_only_not_v6_2_study_sample
denver_aurora,6372,jun_sep,new_d0069,COMPLETE,True,data/raw/v2/hitl/g3_sampling_design_revision2/geometry_azimuth_reconstruction/denver_aurora/06372.npz,True,True,True,True,346536,346536,1.0,15.889307975769043,1.0,True,True,historical_provenance_only_not_v6_2_study_sample
denver_aurora,6387,jun_sep,new_d0069,AZIMUTH_INCOMPLETE,True,data/raw/v2/hitl/g3_sampling_design_revision2/geometry_azimuth_reconstruction/denver_aurora/06387.npz,True,True,True,True,346536,7449,0.02149560218851721,27.41703224182129,0.0,True,True,historical_provenance_only_not_v6_2_study_sample
denver_aurora,6433,jun_sep,new_d0069,COMPLETE,True,data/raw/v2/hitl/g3_sampling_design_revision2/geometry_azimuth_reconstruction/denver_aurora/06433.npz,True,True,True,True,346536,346536,1.0,7.205563068389893,1.0,True,True,historical_provenance_only_not_v6_2_study_sample
denver_aurora,6448,jun_sep,new_d0069,RESOLVED_VERIFIED_ZERO_MAPPED_CELLS,True,data/raw/v2/hitl/g3_sampling_design_revision2/geometry_azimuth_reconstruction/denver_aurora/06448.npz,True,True,True,True,346536,0,0.0,,0.0,True,True,historical_provenance_only_not_v6_2_study_sample
denver_aurora,6479,jun_sep,new_d0069,RESOLVED_VERIFIED_ZERO_MAPPED_CELLS,True,data/raw/v2/hitl/g3_sampling_design_revision2/geometry_azimuth_reconstruction/denver_aurora/06479.npz,True,True,True,True,346536,0,0.0,,0.0,True,True,historical_provenance_only_not_v6_2_study_sample
denver_aurora,6494,jun_sep,new_d0069,AZIMUTH_INCOMPLETE,True,data/raw/v2/hitl/g3_sampling_design_revision2/geometry_azimuth_reconstruction/denver_aurora/06494.npz,True,True,True,True,346536,346536,1.0,7.9582531452178955,0.0,True,True,historical_provenance_only_not_v6_2_study_sample
denver_aurora,6509,jun_sep,new_d0069,RESOLVED_VERIFIED_ZERO_MAPPED_CELLS,True,data/raw/v2/hitl/g3_sampling_design_revision2/geometry_azimuth_reconstruction/denver_aurora/06509.npz,True,True,True,True,346536,0,0.0,,0.0,True,True,historical_provenance_only_not_v6_2_study_sample
denver_aurora,6540,jun_sep,new_d0069,RESOLVED_VERIFIED_ZERO_MAPPED_CELLS,True,data/raw/v2/hitl/g3_sampling_design_revision2/geometry_azimuth_reconstruction/denver_aurora/06540.npz,True,True,True,True,346536,0,0.0,,0.0,True,True,historical_provenance_only_not_v6_2_study_sample
denver_aurora,6902,jun_sep,new_d0069,AZIMUTH_INCOMPLETE,True,data/raw/v2/hitl/g3_sampling_design_revision2/geometry_azimuth_reconstruction/denver_aurora/06902.npz,True,True,True,True,346536,346536,1.0,24.187179565429688,0.0,True,True,historical_provenance_only_not_v6_2_study_sample
denver_aurora,6948,jun_sep,new_d0069,COMPLETE,True,data/raw/v2/hitl/g3_sampling_design_revision2/geometry_azimuth_reconstruction/denver_aurora/06948.npz,True,True,True,True,346536,346536,1.0,21.442194938659668,1.0,True,True,historical_provenance_only_not_v6_2_study_sample
denver_aurora,10807,jun_sep,new_d0069,RESOLVED_VERIFIED_ZERO_MAPPED_CELLS,True,data/raw/v2/hitl/g3_sampling_design_revision2/geometry_azimuth_reconstruction/denver_aurora/10807.npz,True,True,True,True,346536,0,0.0,,0.0,True,True,historical_provenance_only_not_v6_2_study_sample
denver_aurora,10838,jun_sep,new_d0069,RESOLVED_VERIFIED_ZERO_MAPPED_CELLS,True,data/raw/v2/hitl/g3_sampling_design_revision2/geometry_azimuth_reconstruction/denver_aurora/10838.npz,True,True,True,True,346536,0,0.0,,0.0,True,True,historical_provenance_only_not_v6_2_study_sample
denver_aurora,10853,jun_sep,new_d0069,COMPLETE,True,data/raw/v2/hitl/g3_sampling_design_revision2/geometry_azimuth_reconstruction/denver_aurora/10853.npz,True,True,True,True,346536,346536,1.0,8.971721410751343,1.0,True,True,historical_provenance_only_not_v6_2_study_sample
denver_aurora,10868,jun_sep,new_d0069,RESOLVED_VERIFIED_ZERO_MAPPED_CELLS,True,data/raw/v2/hitl/g3_sampling_design_revision2/geometry_azimuth_reconstruction/denver_aurora/10868.npz,True,True,True,True,346536,0,0.0,,0.0,True,True,historical_provenance_only_not_v6_2_study_sample
denver_aurora,10899,jun_sep,new_d0069,RESOLVED_VERIFIED_ZERO_MAPPED_CELLS,True,data/raw/v2/hitl/g3_sampling_design_revision2/geometry_azimuth_reconstruction/denver_aurora/10899.npz,True,True,True,True,346536,0,0.0,,0.0,True,True,historical_provenance_only_not_v6_2_study_sample
denver_aurora,10914,jun_sep,new_d0069,AZIMUTH_INCOMPLETE,True,data/raw/v2/hitl/g3_sampling_design_revision2/geometry_azimuth_reconstruction/denver_aurora/10914.npz,True,True,True,True,346536,346536,1.0,6.821866750717163,0.0,True,True,historical_provenance_only_not_v6_2_study_sample
denver_aurora,10933,jun_sep,new_d0069,RESOLVED_VERIFIED_ZERO_MAPPED_CELLS,True,data/raw/v2/hitl/g3_sampling_design_revision2/geometry_azimuth_reconstruction/denver_aurora/10933.npz,True,True,True,True,346536,0,0.0,,0.0,True,True,historical_provenance_only_not_v6_2_study_sample
denver_aurora,11101,jun_sep,new_d0069,AZIMUTH_INCOMPLETE,True,data/raw/v2/hitl/g3_sampling_design_revision2/geometry_azimuth_reconstruction/denver_aurora/11101.npz,True,True,True,True,346536,346536,1.0,5.159947633743286,0.97354675993259,True,True,historical_provenance_only_not_v6_2_study_sample
denver_aurora,11116,jun_sep,new_d0069,RESOLVED_VERIFIED_ZERO_MAPPED_CELLS,True,data/raw/v2/hitl/g3_sampling_design_revision2/geometry_azimuth_reconstruction/denver_aurora/11116.npz,True,True,True,True,346536,0,0.0,,0.0,True,True,historical_provenance_only_not_v6_2_study_sample
denver_aurora,11147,jun_sep,new_d0069,RESOLVED_VERIFIED_ZERO_MAPPED_CELLS,True,data/raw/v2/hitl/g3_sampling_design_revision2/geometry_azimuth_reconstruction/denver_aurora/11147.npz,True,True,True,True,346536,0,0.0,,0.0,True,True,historical_provenance_only_not_v6_2_study_sample
denver_aurora,11177,jun_sep,new_d0069,RESOLVED_VERIFIED_ZERO_MAPPED_CELLS,True,data/raw/v2/hitl/g3_sampling_design_revision2/geometry_azimuth_reconstruction/denver_aurora/11177.npz,True,True,True,True,346536,0,0.0,,0.0,True,True,historical_provenance_only_not_v6_2_study_sample
denver_aurora,11208,jun_sep,new_d0069,RESOLVED_VERIFIED_ZERO_MAPPED_CELLS,True,data/raw/v2/hitl/g3_sampling_design_revision2/geometry_azimuth_reconstruction/denver_aurora/11208.npz,True,True,True,True,346536,0,0.0,,0.0,True,True,historical_provenance_only_not_v6_2_study_sample
denver_aurora,11631,jun_sep,new_d0069,COMPLETE,True,data/raw/v2/hitl/g3_sampling_design_revision2/geometry_azimuth_reconstruction/denver_aurora/11631.npz,True,True,True,True,346536,346536,1.0,24.697912216186523,1.0,True,True,historical_provenance_only_not_v6_2_study_sample
denver_aurora,11692,jun_sep,new_d0069,COMPLETE,True,data/raw/v2/hitl/g3_sampling_design_revision2/geometry_azimuth_reconstruction/denver_aurora/11692.npz,True,True,True,True,346536,346536,1.0,22.42672872543335,1.0,True,True,historical_provenance_only_not_v6_2_study_sample
denver_aurora,11707,jun_sep,new_d0069,AZIMUTH_INCOMPLETE,True,data/raw/v2/hitl/g3_sampling_design_revision2/geometry_azimuth_reconstruction/denver_aurora/11707.npz,True,True,True,True,346536,346536,1.0,27.36969757080078,0.0,True,True,historical_provenance_only_not_v6_2_study_sample
denver_aurora,11753,jun_sep,new_d0069,COMPLETE,True,data/raw/v2/hitl/g3_sampling_design_revision2/geometry_azimuth_reconstruction/denver_aurora/11753.npz,True,True,True,True,346536,346536,1.0,22.00884771347046,1.0,True,True,historical_provenance_only_not_v6_2_study_sample
denver_aurora,11768,jun_sep,new_d0069,AZIMUTH_INCOMPLETE,True,data/raw/v2/hitl/g3_sampling_design_revision2/geometry_azimuth_reconstruction/denver_aurora/11768.npz,True,True,True,True,346536,346536,1.0,27.497886657714844,0.0,True,True,historical_provenance_only_not_v6_2_study_sample
denver_aurora,11814,jun_sep,new_d0069,COMPLETE,True,data/raw/v2/hitl/g3_sampling_design_revision2/geometry_azimuth_reconstruction/denver_aurora/11814.npz,True,True,True,True,346536,346536,1.0,21.70431613922119,1.0,True,True,historical_provenance_only_not_v6_2_study_sample
denver_aurora,11829,jun_sep,new_d0069,AZIMUTH_INCOMPLETE,True,data/raw/v2/hitl/g3_sampling_design_revision2/geometry_azimuth_reconstruction/denver_aurora/11829.npz,True,True,True,True,346536,346536,1.0,27.720505237579346,0.0,True,True,historical_provenance_only_not_v6_2_study_sample
denver_aurora,11875,jun_sep,new_d0069,AZIMUTH_INCOMPLETE,True,data/raw/v2/hitl/g3_sampling_design_revision2/geometry_azimuth_reconstruction/denver_aurora/11875.npz,True,True,True,True,346536,346536,1.0,21.48772954940796,0.0,True,True,historical_provenance_only_not_v6_2_study_sample
denver_aurora,11879,jun_sep,new_d0069,COMPLETE,True,data/raw/v2/hitl/g3_sampling_design_revision2/geometry_azimuth_reconstruction/denver_aurora/11879.npz,True,True,True,True,346536,346536,1.0,26.986507892608643,1.0,True,True,historical_provenance_only_not_v6_2_study_sample
denver_aurora,11890,jun_sep,new_d0069,AZIMUTH_INCOMPLETE,True,data/raw/v2/hitl/g3_sampling_design_revision2/geometry_azimuth_reconstruction/denver_aurora/11890.npz,True,True,True,True,346536,346533,0.999991342890782,27.95971221923828,0.0,True,True,historical_provenance_only_not_v6_2_study_sample
denver_aurora,11894,jun_sep,new_d0069,AZIMUTH_INCOMPLETE,True,data/raw/v2/hitl/g3_sampling_design_revision2/geometry_azimuth_reconstruction/denver_aurora/11894.npz,True,True,True,True,346536,346536,1.0,21.61790657043457,0.0,True,True,historical_provenance_only_not_v6_2_study_sample
denver_aurora,11955,jun_sep,new_d0069,AZIMUTH_INCOMPLETE,True,data/raw/v2/hitl/g3_sampling_design_revision2/geometry_azimuth_reconstruction/denver_aurora/11955.npz,True,True,True,True,346536,320996,0.926299143523328,21.958940982818604,0.0,True,True,historical_provenance_only_not_v6_2_study_sample
denver_aurora,12001,jun_sep,new_d0069,COMPLETE,True,data/raw/v2/hitl/g3_sampling_design_revision2/geometry_azimuth_reconstruction/denver_aurora/12001.npz,True,True,True,True,346536,346536,1.0,26.388539791107178,1.0,True,True,historical_provenance_only_not_v6_2_study_sample
denver_aurora,12016,jun_sep,new_d0069,AZIMUTH_INCOMPLETE,True,data/raw/v2/hitl/g3_sampling_design_revision2/geometry_azimuth_reconstruction/denver_aurora/12016.npz,True,True,True,True,346536,346536,1.0,22.11530637741089,0.0,True,True,historical_provenance_only_not_v6_2_study_sample
denver_aurora,12123,jun_sep,new_d0069,AZIMUTH_INCOMPLETE,True,data/raw/v2/hitl/g3_sampling_design_revision2/geometry_azimuth_reconstruction/denver_aurora/12123.npz,True,True,True,True,346536,346536,1.0,25.827395915985107,0.0,True,True,historical_provenance_only_not_v6_2_study_sample
denver_aurora,12138,jun_sep,new_d0069,AZIMUTH_INCOMPLETE,True,data/raw/v2/hitl/g3_sampling_design_revision2/geometry_azimuth_reconstruction/denver_aurora/12138.npz,True,True,True,True,346536,346536,1.0,22.929800033569336,0.0,True,True,historical_provenance_only_not_v6_2_study_sample
denver_aurora,12607,jun_sep,new_d0069,COMPLETE,True,data/raw/v2/hitl/g3_sampling_design_revision2/geometry_azimuth_reconstruction/denver_aurora/12607.npz,True,True,True,True,346536,344608,0.9944363644758409,22.03714370727539,1.0,True,True,historical_provenance_only_not_v6_2_study_sample
denver_aurora,12668,jun_sep,new_d0069,COMPLETE,True,data/raw/v2/hitl/g3_sampling_design_revision2/geometry_azimuth_reconstruction/denver_aurora/12668.npz,True,True,True,True,346536,346536,1.0,23.905041694641113,1.0,True,True,historical_provenance_only_not_v6_2_study_sample
denver_aurora,12683,jun_sep,new_d0069,AZIMUTH_INCOMPLETE,True,data/raw/v2/hitl/g3_sampling_design_revision2/geometry_azimuth_reconstruction/denver_aurora/12683.npz,True,True,True,True,346536,346536,1.0,24.848975658416748,0.0,True,True,historical_provenance_only_not_v6_2_study_sample
denver_aurora,16470,jun_sep,new_d0069,AZIMUTH_INCOMPLETE,True,data/raw/v2/hitl/g3_sampling_design_revision2/geometry_azimuth_reconstruction/denver_aurora/16470.npz,True,True,True,True,346536,346536,1.0,9.526509046554565,0.0,True,True,historical_provenance_only_not_v6_2_study_sample
denver_aurora,16516,jun_sep,new_d0069,RESOLVED_VERIFIED_ZERO_MAPPED_CELLS,True,data/raw/v2/hitl/g3_sampling_design_revision2/geometry_azimuth_reconstruction/denver_aurora/16516.npz,True,True,True,True,346536,0,0.0,,0.0,True,True,historical_provenance_only_not_v6_2_study_sample
denver_aurora,16531,jun_sep,new_d0069,AZIMUTH_INCOMPLETE,True,data/raw/v2/hitl/g3_sampling_design_revision2/geometry_azimuth_reconstruction/denver_aurora/16531.npz,True,True,True,True,346536,346536,1.0,8.817177057266235,0.0,True,True,historical_provenance_only_not_v6_2_study_sample
denver_aurora,16546,jun_sep,new_d0069,RESOLVED_VERIFIED_ZERO_MAPPED_CELLS,True,data/raw/v2/hitl/g3_sampling_design_revision2/geometry_azimuth_reconstruction/denver_aurora/16546.npz,True,True,True,True,346536,0,0.0,,0.0,True,True,historical_provenance_only_not_v6_2_study_sample
denver_aurora,16577,jun_sep,new_d0069,RESOLVED_VERIFIED_ZERO_MAPPED_CELLS,True,data/raw/v2/hitl/g3_sampling_design_revision2/geometry_azimuth_reconstruction/denver_aurora/16577.npz,True,True,True,True,346536,0,0.0,,0.0,True,True,historical_provenance_only_not_v6_2_study_sample
denver_aurora,16592,jun_sep,new_d0069,AZIMUTH_INCOMPLETE,True,data/raw/v2/hitl/g3_sampling_design_revision2/geometry_azimuth_reconstruction/denver_aurora/16592.npz,True,True,True,True,346536,346536,1.0,8.19268012046814,0.0,True,True,historical_provenance_only_not_v6_2_study_sample
denver_aurora,16596,jun_sep,new_d0069,AZIMUTH_INCOMPLETE,True,data/raw/v2/hitl/g3_sampling_design_revision2/geometry_azimuth_reconstruction/denver_aurora/16596.npz,True,True,True,True,346536,346536,1.0,7.005202293395996,0.043314403121176445,True,True,historical_provenance_only_not_v6_2_study_sample
denver_aurora,16638,jun_sep,new_d0069,RESOLVED_VERIFIED_ZERO_MAPPED_CELLS,True,data/raw/v2/hitl/g3_sampling_design_revision2/geometry_azimuth_reconstruction/denver_aurora/16638.npz,True,True,True,True,346536,0,0.0,,0.0,True,True,historical_provenance_only_not_v6_2_study_sample
denver_aurora,16642,jun_sep,new_d0069,RESOLVED_VERIFIED_ZERO_MAPPED_CELLS,True,data/raw/v2/hitl/g3_sampling_design_revision2/geometry_azimuth_reconstruction/denver_aurora/16642.npz,True,True,True,True,346536,0,0.0,,0.0,True,True,historical_provenance_only_not_v6_2_study_sample
denver_aurora,16657,jun_sep,new_d0069,AZIMUTH_INCOMPLETE,True,data/raw/v2/hitl/g3_sampling_design_revision2/geometry_azimuth_reconstruction/denver_aurora/16657.npz,True,True,True,True,346536,346536,1.0,7.6714900732040405,0.12622930950896877,True,True,historical_provenance_only_not_v6_2_study_sample
denver_aurora,16672,jun_sep,new_d0069,RESOLVED_VERIFIED_ZERO_MAPPED_CELLS,True,data/raw/v2/hitl/g3_sampling_design_revision2/geometry_azimuth_reconstruction/denver_aurora/16672.npz,True,True,True,True,346536,0,0.0,,0.0,True,True,historical_provenance_only_not_v6_2_study_sample
denver_aurora,16719,jun_sep,new_d0069,AZIMUTH_INCOMPLETE,True,data/raw/v2/hitl/g3_sampling_design_revision2/geometry_azimuth_reconstruction/denver_aurora/16719.npz,True,True,True,True,346536,346536,1.0,8.584993600845337,0.16461204607890667,True,True,historical_provenance_only_not_v6_2_study_sample
denver_aurora,16734,jun_sep,new_d0069,RESOLVED_VERIFIED_ZERO_MAPPED_CELLS,True,data/raw/v2/hitl/g3_sampling_design_revision2/geometry_azimuth_reconstruction/denver_aurora/16734.npz,True,True,True,True,346536,0,0.0,,0.0,True,True,historical_provenance_only_not_v6_2_study_sample
denver_aurora,16780,jun_sep,new_d0069,AZIMUTH_INCOMPLETE,True,data/raw/v2/hitl/g3_sampling_design_revision2/geometry_azimuth_reconstruction/denver_aurora/16780.npz,True,True,True,True,346536,346536,1.0,9.124931335449219,0.3607388554147333,True,True,historical_provenance_only_not_v6_2_study_sample
denver_aurora,16795,jun_sep,new_d0069,RESOLVED_VERIFIED_ZERO_MAPPED_CELLS,True,data/raw/v2/hitl/g3_sampling_design_revision2/geometry_azimuth_reconstruction/denver_aurora/16795.npz,True,True,True,True,346536,0,0.0,,0.0,True,True,historical_provenance_only_not_v6_2_study_sample
denver_aurora,16841,jun_sep,new_d0069,AZIMUTH_INCOMPLETE,True,data/raw/v2/hitl/g3_sampling_design_revision2/geometry_azimuth_reconstruction/denver_aurora/16841.npz,True,True,True,True,346536,346536,1.0,10.669639587402344,0.0,True,True,historical_provenance_only_not_v6_2_study_sample
denver_aurora,16856,jun_sep,new_d0069,RESOLVED_VERIFIED_ZERO_MAPPED_CELLS,True,data/raw/v2/hitl/g3_sampling_design_revision2/geometry_azimuth_reconstruction/denver_aurora/16856.npz,True,True,True,True,346536,0,0.0,,0.0,True,True,historical_provenance_only_not_v6_2_study_sample
denver_aurora,17264,jun_sep,new_d0069,COMPLETE,True,data/raw/v2/hitl/g3_sampling_design_revision2/geometry_azimuth_reconstruction/denver_aurora/17264.npz,True,True,True,True,346536,346536,1.0,18.948972702026367,1.0,True,True,historical_provenance_only_not_v6_2_study_sample
denver_aurora,17325,jun_sep,new_d0069,COMPLETE,True,data/raw/v2/hitl/g3_sampling_design_revision2/geometry_azimuth_reconstruction/denver_aurora/17325.npz,True,True,True,True,346536,346536,1.0,20.254837036132812,1.0,True,True,historical_provenance_only_not_v6_2_study_sample
denver_aurora,17340,jun_sep,new_d0069,AZIMUTH_INCOMPLETE,True,data/raw/v2/hitl/g3_sampling_design_revision2/geometry_azimuth_reconstruction/denver_aurora/17340.npz,True,True,True,True,346536,297872,0.8595701456702911,27.82537422180176,0.0,True,True,historical_provenance_only_not_v6_2_study_sample
denver_aurora,17448,jun_sep,new_d0069,COMPLETE,True,data/raw/v2/hitl/g3_sampling_design_revision2/geometry_azimuth_reconstruction/denver_aurora/17448.npz,True,True,True,True,346536,346536,1.0,23.41438102722168,1.0,True,True,historical_provenance_only_not_v6_2_study_sample
denver_aurora,17463,jun_sep,new_d0069,AZIMUTH_INCOMPLETE,True,data/raw/v2/hitl/g3_sampling_design_revision2/geometry_azimuth_reconstruction/denver_aurora/17463.npz,True,True,True,True,346536,346536,1.0,26.30271625518799,0.0,True,True,historical_provenance_only_not_v6_2_study_sample
denver_aurora,17509,jun_sep,new_d0069,AZIMUTH_INCOMPLETE,True,data/raw/v2/hitl/g3_sampling_design_revision2/geometry_azimuth_reconstruction/denver_aurora/17509.npz,True,True,True,True,346536,346536,1.0,24.622814655303955,0.0,True,True,historical_provenance_only_not_v6_2_study_sample
denver_aurora,17524,jun_sep,new_d0069,AZIMUTH_INCOMPLETE,True,data/raw/v2/hitl/g3_sampling_design_revision2/geometry_azimuth_reconstruction/denver_aurora/17524.npz,True,True,True,True,346536,346536,1.0,24.92134380340576,0.0,True,True,historical_provenance_only_not_v6_2_study_sample
denver_aurora,17528,jun_sep,new_d0069,AZIMUTH_INCOMPLETE,True,data/raw/v2/hitl/g3_sampling_design_revision2/geometry_azimuth_reconstruction/denver_aurora/17528.npz,True,True,True,True,346536,346536,1.0,18.03560447692871,0.0,True,True,historical_provenance_only_not_v6_2_study_sample
denver_aurora,17571,jun_sep,new_d0069,AZIMUTH_INCOMPLETE,True,data/raw/v2/hitl/g3_sampling_design_revision2/geometry_azimuth_reconstruction/denver_aurora/17571.npz,True,True,True,True,346536,346536,1.0,25.838051319122314,0.0,True,True,historical_provenance_only_not_v6_2_study_sample
denver_aurora,17590,jun_sep,new_d0069,AZIMUTH_INCOMPLETE,True,data/raw/v2/hitl/g3_sampling_design_revision2/geometry_azimuth_reconstruction/denver_aurora/17590.npz,True,True,True,True,346536,346536,1.0,16.742778301239014,0.0,True,True,historical_provenance_only_not_v6_2_study_sample
denver_aurora,17636,jun_sep,new_d0069,COMPLETE,True,data/raw/v2/hitl/g3_sampling_design_revision2/geometry_azimuth_reconstruction/denver_aurora/17636.npz,True,True,True,True,346536,77518,0.2236939307892975,30.02846336364746,1.0,True,True,historical_provenance_only_not_v6_2_study_sample
denver_aurora,17651,jun_sep,new_d0069,AZIMUTH_INCOMPLETE,True,data/raw/v2/hitl/g3_sampling_design_revision2/geometry_azimuth_reconstruction/denver_aurora/17651.npz,True,True,True,True,346536,346536,1.0,15.532979249954224,0.0,True,True,historical_provenance_only_not_v6_2_study_sample
denver_aurora,17713,jun_sep,new_d0069,AZIMUTH_INCOMPLETE,True,data/raw/v2/hitl/g3_sampling_design_revision2/geometry_azimuth_reconstruction/denver_aurora/17713.npz,True,True,True,True,346536,346536,1.0,14.4330472946167,0.0,True,True,historical_provenance_only_not_v6_2_study_sample
denver_aurora,17759,jun_sep,new_d0069,RESOLVED_VERIFIED_ZERO_MAPPED_CELLS,True,data/raw/v2/hitl/g3_sampling_design_revision2/geometry_azimuth_reconstruction/denver_aurora/17759.npz,True,True,True,True,346536,0,0.0,,0.0,True,True,historical_provenance_only_not_v6_2_study_sample
denver_aurora,17774,jun_sep,new_d0069,AZIMUTH_INCOMPLETE,True,data/raw/v2/hitl/g3_sampling_design_revision2/geometry_azimuth_reconstruction/denver_aurora/17774.npz,True,True,True,True,346536,346536,1.0,11.071571350097656,0.0,True,True,historical_provenance_only_not_v6_2_study_sample
denver_aurora,17789,jun_sep,new_d0069,RESOLVED_VERIFIED_ZERO_MAPPED_CELLS,True,data/raw/v2/hitl/g3_sampling_design_revision2/geometry_azimuth_reconstruction/denver_aurora/17789.npz,True,True,True,True,346536,0,0.0,,0.0,True,True,historical_provenance_only_not_v6_2_study_sample
denver_aurora,17820,jun_sep,new_d0069,RESOLVED_VERIFIED_ZERO_MAPPED_CELLS,True,data/raw/v2/hitl/g3_sampling_design_revision2/geometry_azimuth_reconstruction/denver_aurora/17820.npz,True,True,True,True,346536,0,0.0,,0.0,True,True,historical_provenance_only_not_v6_2_study_sample
denver_aurora,18213,jun_sep,new_d0069,AZIMUTH_INCOMPLETE,True,data/raw/v2/hitl/g3_sampling_design_revision2/geometry_azimuth_reconstruction/denver_aurora/18213.npz,True,True,True,True,346536,274373,0.791759009164993,29.82371940612793,0.0,True,True,historical_provenance_only_not_v6_2_study_sample
denver_aurora,18259,jun_sep,new_d0069,COMPLETE,True,data/raw/v2/hitl/g3_sampling_design_revision2/geometry_azimuth_reconstruction/denver_aurora/18259.npz,True,True,True,True,346536,346536,1.0,22.144675254821777,1.0,True,True,historical_provenance_only_not_v6_2_study_sample
denver_aurora,18320,jun_sep,new_d0069,COMPLETE,True,data/raw/v2/hitl/g3_sampling_design_revision2/geometry_azimuth_reconstruction/denver_aurora/18320.npz,True,True,True,True,346536,346536,1.0,24.010140895843506,1.0,True,True,historical_provenance_only_not_v6_2_study_sample
denver_aurora,22137,jun_sep,new_d0069,AZIMUTH_INCOMPLETE,True,data/raw/v2/hitl/g3_sampling_design_revision2/geometry_azimuth_reconstruction/denver_aurora/22137.npz,True,True,True,True,346536,346536,1.0,26.771482467651367,0.0,True,True,historical_provenance_only_not_v6_2_study_sample
denver_aurora,22183,jun_sep,new_d0069,COMPLETE,True,data/raw/v2/hitl/g3_sampling_design_revision2/geometry_azimuth_reconstruction/denver_aurora/22183.npz,True,True,True,True,346536,346536,1.0,22.216991424560547,1.0,True,True,historical_provenance_only_not_v6_2_study_sample
denver_aurora,22198,jun_sep,new_d0069,AZIMUTH_INCOMPLETE,True,data/raw/v2/hitl/g3_sampling_design_revision2/geometry_azimuth_reconstruction/denver_aurora/22198.npz,True,True,True,True,346536,335005,0.9667249578687351,30.28134651184082,0.0,True,True,historical_provenance_only_not_v6_2_study_sample
denver_aurora,22245,jun_sep,new_d0069,AZIMUTH_INCOMPLETE,True,data/raw/v2/hitl/g3_sampling_design_revision2/geometry_azimuth_reconstruction/denver_aurora/22245.npz,True,True,True,True,346536,346536,1.0,17.894641876220703,0.0,True,True,historical_provenance_only_not_v6_2_study_sample
denver_aurora,22249,jun_sep,new_d0069,COMPLETE,True,data/raw/v2/hitl/g3_sampling_design_revision2/geometry_azimuth_reconstruction/denver_aurora/22249.npz,True,True,True,True,346536,346536,1.0,23.635530471801758,1.0,True,True,historical_provenance_only_not_v6_2_study_sample
denver_aurora,22260,jun_sep,new_d0069,AZIMUTH_INCOMPLETE,True,data/raw/v2/hitl/g3_sampling_design_revision2/geometry_azimuth_reconstruction/denver_aurora/22260.npz,True,True,True,True,346536,43126,0.12444883071311494,30.658540725708008,0.0,True,True,historical_provenance_only_not_v6_2_study_sample
denver_aurora,22310,jun_sep,new_d0069,AZIMUTH_INCOMPLETE,True,data/raw/v2/hitl/g3_sampling_design_revision2/geometry_azimuth_reconstruction/denver_aurora/22310.npz,True,True,True,True,346536,346536,1.0,18.92594051361084,0.6263909088810398,True,True,historical_provenance_only_not_v6_2_study_sample
denver_aurora,22325,jun_sep,new_d0069,RESOLVED_VERIFIED_ZERO_MAPPED_CELLS,True,data/raw/v2/hitl/g3_sampling_design_revision2/geometry_azimuth_reconstruction/denver_aurora/22325.npz,True,True,True,True,346536,0,0.0,,0.0,True,True,historical_provenance_only_not_v6_2_study_sample
denver_aurora,22371,jun_sep,new_d0069,AZIMUTH_INCOMPLETE,True,data/raw/v2/hitl/g3_sampling_design_revision2/geometry_azimuth_reconstruction/denver_aurora/22371.npz,True,True,True,True,346536,346536,1.0,13.292499303817749,0.016162822910173836,True,True,historical_provenance_only_not_v6_2_study_sample
denver_aurora,22417,jun_sep,new_d0069,RESOLVED_VERIFIED_ZERO_MAPPED_CELLS,True,data/raw/v2/hitl/g3_sampling_design_revision2/geometry_azimuth_reconstruction/denver_aurora/22417.npz,True,True,True,True,346536,0,0.0,,0.0,True,True,historical_provenance_only_not_v6_2_study_sample
denver_aurora,22539,jun_sep,new_d0069,RESOLVED_VERIFIED_ZERO_MAPPED_CELLS,True,data/raw/v2/hitl/g3_sampling_design_revision2/geometry_azimuth_reconstruction/denver_aurora/22539.npz,True,True,True,True,346536,0,0.0,,0.0,True,True,historical_provenance_only_not_v6_2_study_sample
denver_aurora,22902,jun_sep,new_d0069,AZIMUTH_INCOMPLETE,True,data/raw/v2/hitl/g3_sampling_design_revision2/geometry_azimuth_reconstruction/denver_aurora/22902.npz,True,True,True,True,346536,346536,1.0,9.159873008728027,0.0,True,True,historical_provenance_only_not_v6_2_study_sample
denver_aurora,22948,jun_sep,new_d0069,RESOLVED_VERIFIED_ZERO_MAPPED_CELLS,True,data/raw/v2/hitl/g3_sampling_design_revision2/geometry_azimuth_reconstruction/denver_aurora/22948.npz,True,True,True,True,346536,0,0.0,,0.0,True,True,historical_provenance_only_not_v6_2_study_sample
denver_aurora,22963,jun_sep,new_d0069,AZIMUTH_INCOMPLETE,True,data/raw/v2/hitl/g3_sampling_design_revision2/geometry_azimuth_reconstruction/denver_aurora/22963.npz,True,True,True,True,346536,346536,1.0,11.450332641601562,0.0,True,True,historical_provenance_only_not_v6_2_study_sample
denver_aurora,23009,jun_sep,new_d0069,COMPLETE,True,data/raw/v2/hitl/g3_sampling_design_revision2/geometry_azimuth_reconstruction/denver_aurora/23009.npz,True,True,True,True,346536,523,0.0015092227070203385,28.18936538696289,1.0,True,True,historical_provenance_only_not_v6_2_study_sample
denver_aurora,23024,jun_sep,new_d0069,AZIMUTH_INCOMPLETE,True,data/raw/v2/hitl/g3_sampling_design_revision2/geometry_azimuth_reconstruction/denver_aurora/23024.npz,True,True,True,True,346536,346536,1.0,17.36780834197998,0.0,True,True,historical_provenance_only_not_v6_2_study_sample
denver_aurora,23070,jun_sep,new_d0069,COMPLETE,True,data/raw/v2/hitl/g3_sampling_design_revision2/geometry_azimuth_reconstruction/denver_aurora/23070.npz,True,True,True,True,346536,303464,0.8757069972528106,28.031051635742188,1.0,True,True,historical_provenance_only_not_v6_2_study_sample
denver_aurora,23146,jun_sep,new_d0069,AZIMUTH_INCOMPLETE,True,data/raw/v2/hitl/g3_sampling_design_revision2/geometry_azimuth_reconstruction/denver_aurora/23146.npz,True,True,True,True,346536,340443,0.9824174111780595,29.943115234375,0.0,True,True,historical_provenance_only_not_v6_2_study_sample
denver_aurora,23150,jun_sep,new_d0069,AZIMUTH_INCOMPLETE,True,data/raw/v2/hitl/g3_sampling_design_revision2/geometry_azimuth_reconstruction/denver_aurora/23150.npz,True,True,True,True,346536,346536,1.0,23.71091604232788,0.0,True,True,historical_provenance_only_not_v6_2_study_sample
denver_aurora,23192,jun_sep,new_d0069,AZIMUTH_INCOMPLETE,True,data/raw/v2/hitl/g3_sampling_design_revision2/geometry_azimuth_reconstruction/denver_aurora/23192.npz,True,True,True,True,346536,346536,1.0,16.748329162597656,0.0,True,True,historical_provenance_only_not_v6_2_study_sample
denver_aurora,23196,jun_sep,new_d0069,COMPLETE,True,data/raw/v2/hitl/g3_sampling_design_revision2/geometry_azimuth_reconstruction/denver_aurora/23196.npz,True,True,True,True,346536,346536,1.0,22.230584621429443,1.0,True,True,historical_provenance_only_not_v6_2_study_sample
denver_aurora,23258,jun_sep,new_d0069,AZIMUTH_INCOMPLETE,True,data/raw/v2/hitl/g3_sampling_design_revision2/geometry_azimuth_reconstruction/denver_aurora/23258.npz,True,True,True,True,346536,346536,1.0,15.820530414581299,0.3746508299282037,True,True,historical_provenance_only_not_v6_2_study_sample
denver_aurora,23273,jun_sep,new_d0069,RESOLVED_VERIFIED_ZERO_MAPPED_CELLS,True,data/raw/v2/hitl/g3_sampling_design_revision2/geometry_azimuth_reconstruction/denver_aurora/23273.npz,True,True,True,True,346536,0,0.0,,0.0,True,True,historical_provenance_only_not_v6_2_study_sample
denver_aurora,23320,jun_sep,new_d0069,AZIMUTH_INCOMPLETE,True,data/raw/v2/hitl/g3_sampling_design_revision2/geometry_azimuth_reconstruction/denver_aurora/23320.npz,True,True,True,True,346536,346536,1.0,9.905887365341187,0.0,True,True,historical_provenance_only_not_v6_2_study_sample
denver_aurora,23366,jun_sep,new_d0069,RESOLVED_VERIFIED_ZERO_MAPPED_CELLS,True,data/raw/v2/hitl/g3_sampling_design_revision2/geometry_azimuth_reconstruction/denver_aurora/23366.npz,True,True,True,True,346536,0,0.0,,0.0,True,True,historical_provenance_only_not_v6_2_study_sample
denver_aurora,23381,jun_sep,new_d0069,AZIMUTH_INCOMPLETE,True,data/raw/v2/hitl/g3_sampling_design_revision2/geometry_azimuth_reconstruction/denver_aurora/23381.npz,True,True,True,True,346536,346536,1.0,11.092462539672852,0.0,True,True,historical_provenance_only_not_v6_2_study_sample
denver_aurora,23427,jun_sep,new_d0069,RESOLVED_VERIFIED_ZERO_MAPPED_CELLS,True,data/raw/v2/hitl/g3_sampling_design_revision2/geometry_azimuth_reconstruction/denver_aurora/23427.npz,True,True,True,True,346536,0,0.0,,0.0,True,True,historical_provenance_only_not_v6_2_study_sample
denver_aurora,23975,jun_sep,new_d0069,AZIMUTH_INCOMPLETE,True,data/raw/v2/hitl/g3_sampling_design_revision2/geometry_azimuth_reconstruction/denver_aurora/23975.npz,True,True,True,True,346536,32461,0.09367280744280536,31.175844192504883,0.0,True,True,historical_provenance_only_not_v6_2_study_sample
denver_aurora,24021,jun_sep,new_d0069,AZIMUTH_INCOMPLETE,True,data/raw/v2/hitl/g3_sampling_design_revision2/geometry_azimuth_reconstruction/denver_aurora/24021.npz,True,True,True,True,346536,346536,1.0,10.429292678833008,0.045507537456425884,True,True,historical_provenance_only_not_v6_2_study_sample
denver_aurora,27821,jun_sep,new_d0069,AZIMUTH_INCOMPLETE,True,data/raw/v2/hitl/g3_sampling_design_revision2/geometry_azimuth_reconstruction/denver_aurora/27821.npz,True,True,True,True,346536,346536,1.0,10.898032665252686,0.05015640510654016,True,True,historical_provenance_only_not_v6_2_study_sample
denver_aurora,27932,jun_sep,new_d0069,RESOLVED_VERIFIED_ZERO_MAPPED_CELLS,True,data/raw/v2/hitl/g3_sampling_design_revision2/geometry_azimuth_reconstruction/denver_aurora/27932.npz,True,True,True,True,346536,0,0.0,,0.0,True,True,historical_provenance_only_not_v6_2_study_sample
denver_aurora,27993,jun_sep,new_d0069,COMPLETE,True,data/raw/v2/hitl/g3_sampling_design_revision2/geometry_azimuth_reconstruction/denver_aurora/27993.npz,True,True,True,True,346536,324327,0.9359114204584805,30.27633056640625,1.0,True,True,historical_provenance_only_not_v6_2_study_sample
denver_aurora,28008,jun_sep,new_d0069,AZIMUTH_INCOMPLETE,True,data/raw/v2/hitl/g3_sampling_design_revision2/geometry_azimuth_reconstruction/denver_aurora/28008.npz,True,True,True,True,346536,346536,1.0,22.621549606323242,0.0,True,True,historical_provenance_only_not_v6_2_study_sample
denver_aurora,28054,jun_sep,new_d0069,COMPLETE,True,data/raw/v2/hitl/g3_sampling_design_revision2/geometry_azimuth_reconstruction/denver_aurora/28054.npz,True,True,True,True,346536,346536,1.0,22.859585285186768,1.0,True,True,historical_provenance_only_not_v6_2_study_sample
denver_aurora,28069,jun_sep,new_d0069,AZIMUTH_INCOMPLETE,True,data/raw/v2/hitl/g3_sampling_design_revision2/geometry_azimuth_reconstruction/denver_aurora/28069.npz,True,True,True,True,346536,295754,0.8534582265623196,28.237957668304443,0.0,True,True,historical_provenance_only_not_v6_2_study_sample
denver_aurora,28115,jun_sep,new_d0069,AZIMUTH_INCOMPLETE,True,data/raw/v2/hitl/g3_sampling_design_revision2/geometry_azimuth_reconstruction/denver_aurora/28115.npz,True,True,True,True,346536,346536,1.0,16.50523281097412,0.0,True,True,historical_provenance_only_not_v6_2_study_sample
denver_aurora,28176,jun_sep,new_d0069,AZIMUTH_INCOMPLETE,True,data/raw/v2/hitl/g3_sampling_design_revision2/geometry_azimuth_reconstruction/denver_aurora/28176.npz,True,True,True,True,346536,346536,1.0,10.282199382781982,0.0,True,True,historical_provenance_only_not_v6_2_study_sample
denver_aurora,28569,jun_sep,new_d0069,RESOLVED_VERIFIED_ZERO_MAPPED_CELLS,True,data/raw/v2/hitl/g3_sampling_design_revision2/geometry_azimuth_reconstruction/denver_aurora/28569.npz,True,True,True,True,346536,0,0.0,,0.0,True,True,historical_provenance_only_not_v6_2_study_sample
denver_aurora,28599,jun_sep,new_d0069,RESOLVED_VERIFIED_ZERO_MAPPED_CELLS,True,data/raw/v2/hitl/g3_sampling_design_revision2/geometry_azimuth_reconstruction/denver_aurora/28599.npz,True,True,True,True,346536,0,0.0,,0.0,True,True,historical_provenance_only_not_v6_2_study_sample
denver_aurora,28691,jun_sep,new_d0069,COMPLETE,True,data/raw/v2/hitl/g3_sampling_design_revision2/geometry_azimuth_reconstruction/denver_aurora/28691.npz,True,True,True,True,346536,1307,0.003771613916014498,28.286871719360352,1.0,True,True,historical_provenance_only_not_v6_2_study_sample
denver_aurora,28706,jun_sep,new_d0069,AZIMUTH_INCOMPLETE,True,data/raw/v2/hitl/g3_sampling_design_revision2/geometry_azimuth_reconstruction/denver_aurora/28706.npz,True,True,True,True,346536,346536,1.0,16.640729904174805,0.0,True,True,historical_provenance_only_not_v6_2_study_sample
denver_aurora,28813,jun_sep,new_d0069,AZIMUTH_INCOMPLETE,True,data/raw/v2/hitl/g3_sampling_design_revision2/geometry_azimuth_reconstruction/denver_aurora/28813.npz,True,True,True,True,346536,346536,1.0,24.876700401306152,0.0,True,True,historical_provenance_only_not_v6_2_study_sample
denver_aurora,28828,jun_sep,new_d0069,AZIMUTH_INCOMPLETE,True,data/raw/v2/hitl/g3_sampling_design_revision2/geometry_azimuth_reconstruction/denver_aurora/28828.npz,True,True,True,True,346536,346536,1.0,27.36137580871582,0.0,True,True,historical_provenance_only_not_v6_2_study_sample
denver_aurora,28893,jun_sep,new_d0069,AZIMUTH_INCOMPLETE,True,data/raw/v2/hitl/g3_sampling_design_revision2/geometry_azimuth_reconstruction/denver_aurora/28893.npz,True,True,True,True,346536,346536,1.0,26.0802059173584,0.0,True,True,historical_provenance_only_not_v6_2_study_sample
denver_aurora,28939,jun_sep,new_d0069,COMPLETE,True,data/raw/v2/hitl/g3_sampling_design_revision2/geometry_azimuth_reconstruction/denver_aurora/28939.npz,True,True,True,True,346536,346536,1.0,22.49118995666504,1.0,True,True,historical_provenance_only_not_v6_2_study_sample
denver_aurora,29000,jun_sep,new_d0069,COMPLETE,True,data/raw/v2/hitl/g3_sampling_design_revision2/geometry_azimuth_reconstruction/denver_aurora/29000.npz,True,True,True,True,346536,346536,1.0,20.993593215942383,1.0,True,True,historical_provenance_only_not_v6_2_study_sample
denver_aurora,29015,jun_sep,new_d0069,AZIMUTH_INCOMPLETE,True,data/raw/v2/hitl/g3_sampling_design_revision2/geometry_azimuth_reconstruction/denver_aurora/29015.npz,True,True,True,True,346536,283443,0.8179323360343514,28.15078945159912,0.0,True,True,historical_provenance_only_not_v6_2_study_sample
denver_aurora,29061,jun_sep,new_d0069,AZIMUTH_INCOMPLETE,True,data/raw/v2/hitl/g3_sampling_design_revision2/geometry_azimuth_reconstruction/denver_aurora/29061.npz,True,True,True,True,346536,346536,1.0,18.96194362640381,0.0,True,True,historical_provenance_only_not_v6_2_study_sample
denver_aurora,29545,jun_sep,new_d0069,AZIMUTH_INCOMPLETE,True,data/raw/v2/hitl/g3_sampling_design_revision2/geometry_azimuth_reconstruction/denver_aurora/29545.npz,True,True,True,True,346536,346536,1.0,29.2719783782959,0.0,True,True,historical_provenance_only_not_v6_2_study_sample
denver_aurora,29591,jun_sep,new_d0069,AZIMUTH_INCOMPLETE,True,data/raw/v2/hitl/g3_sampling_design_revision2/geometry_azimuth_reconstruction/denver_aurora/29591.npz,True,True,True,True,346536,346536,1.0,22.075124740600586,0.9824087540688413,True,True,historical_provenance_only_not_v6_2_study_sample
denver_aurora,29606,jun_sep,new_d0069,AZIMUTH_INCOMPLETE,True,data/raw/v2/hitl/g3_sampling_design_revision2/geometry_azimuth_reconstruction/denver_aurora/29606.npz,True,True,True,True,346536,300337,0.8666834037444883,31.236299514770508,0.0,True,True,historical_provenance_only_not_v6_2_study_sample
denver_aurora,29652,jun_sep,new_d0069,AZIMUTH_INCOMPLETE,True,data/raw/v2/hitl/g3_sampling_design_revision2/geometry_azimuth_reconstruction/denver_aurora/29652.npz,True,True,True,True,346536,346536,1.0,17.266077518463135,0.9985023201052704,True,True,historical_provenance_only_not_v6_2_study_sample
denver_aurora,29667,jun_sep,new_d0069,AZIMUTH_INCOMPLETE,True,data/raw/v2/hitl/g3_sampling_design_revision2/geometry_azimuth_reconstruction/denver_aurora/29667.npz,True,True,True,True,346536,42430,0.12244038137451808,30.42421531677246,0.0,True,True,historical_provenance_only_not_v6_2_study_sample
denver_aurora,33496,jun_sep,new_d0069,AZIMUTH_INCOMPLETE,True,data/raw/v2/hitl/g3_sampling_design_revision2/geometry_azimuth_reconstruction/denver_aurora/33496.npz,True,True,True,True,346536,346536,1.0,28.33060121536255,0.0,True,True,historical_provenance_only_not_v6_2_study_sample
denver_aurora,33561,jun_sep,new_d0069,AZIMUTH_INCOMPLETE,True,data/raw/v2/hitl/g3_sampling_design_revision2/geometry_azimuth_reconstruction/denver_aurora/33561.npz,True,True,True,True,346536,115232,0.3325253364729783,28.260459995269777,0.0,True,True,historical_provenance_only_not_v6_2_study_sample
denver_aurora,33607,jun_sep,new_d0069,AZIMUTH_INCOMPLETE,True,data/raw/v2/hitl/g3_sampling_design_revision2/geometry_azimuth_reconstruction/denver_aurora/33607.npz,True,True,True,True,346536,346536,1.0,11.908526420593262,1.1542812290786528e-05,True,True,historical_provenance_only_not_v6_2_study_sample
denver_aurora,33653,jun_sep,new_d0069,RESOLVED_VERIFIED_ZERO_MAPPED_CELLS,True,data/raw/v2/hitl/g3_sampling_design_revision2/geometry_azimuth_reconstruction/denver_aurora/33653.npz,True,True,True,True,346536,0,0.0,,0.0,True,True,historical_provenance_only_not_v6_2_study_sample
denver_aurora,33668,jun_sep,new_d0069,AZIMUTH_INCOMPLETE,True,data/raw/v2/hitl/g3_sampling_design_revision2/geometry_azimuth_reconstruction/denver_aurora/33668.npz,True,True,True,True,346536,346536,1.0,10.330167531967163,0.0,True,True,historical_provenance_only_not_v6_2_study_sample
denver_aurora,33714,jun_sep,new_d0069,RESOLVED_VERIFIED_ZERO_MAPPED_CELLS,True,data/raw/v2/hitl/g3_sampling_design_revision2/geometry_azimuth_reconstruction/denver_aurora/33714.npz,True,True,True,True,346536,0,0.0,,0.0,True,True,historical_provenance_only_not_v6_2_study_sample
denver_aurora,33729,jun_sep,new_d0069,RESOLVED_VERIFIED_ZERO_MAPPED_CELLS,True,data/raw/v2/hitl/g3_sampling_design_revision2/geometry_azimuth_reconstruction/denver_aurora/33729.npz,True,True,True,True,346536,0,0.0,,0.0,True,True,historical_provenance_only_not_v6_2_study_sample
denver_aurora,33775,jun_sep,new_d0069,AZIMUTH_INCOMPLETE,True,data/raw/v2/hitl/g3_sampling_design_revision2/geometry_azimuth_reconstruction/denver_aurora/33775.npz,True,True,True,True,346536,3985,0.011499526744696079,30.730735778808594,0.0,True,True,historical_provenance_only_not_v6_2_study_sample
denver_aurora,34244,jun_sep,new_d0069,RESOLVED_VERIFIED_ZERO_MAPPED_CELLS,True,data/raw/v2/hitl/g3_sampling_design_revision2/geometry_azimuth_reconstruction/denver_aurora/34244.npz,True,True,True,True,346536,0,0.0,,0.0,True,True,historical_provenance_only_not_v6_2_study_sample
denver_aurora,34259,jun_sep,new_d0069,AZIMUTH_INCOMPLETE,True,data/raw/v2/hitl/g3_sampling_design_revision2/geometry_azimuth_reconstruction/denver_aurora/34259.npz,True,True,True,True,346536,346536,1.0,13.350175857543945,0.0,True,True,historical_provenance_only_not_v6_2_study_sample
denver_aurora,34488,jun_sep,new_d0069,AZIMUTH_INCOMPLETE,True,data/raw/v2/hitl/g3_sampling_design_revision2/geometry_azimuth_reconstruction/denver_aurora/34488.npz,True,True,True,True,346536,346536,1.0,18.257322311401367,0.0,True,True,historical_provenance_only_not_v6_2_study_sample
denver_aurora,34614,jun_sep,new_d0069,AZIMUTH_INCOMPLETE,True,data/raw/v2/hitl/g3_sampling_design_revision2/geometry_azimuth_reconstruction/denver_aurora/34614.npz,True,True,True,True,346536,346536,1.0,16.056644439697266,0.0427516910220006,True,True,historical_provenance_only_not_v6_2_study_sample
denver_aurora,34675,jun_sep,new_d0069,AZIMUTH_INCOMPLETE,True,data/raw/v2/hitl/g3_sampling_design_revision2/geometry_azimuth_reconstruction/denver_aurora/34675.npz,True,True,True,True,346536,346536,1.0,10.280497074127197,0.0,True,True,historical_provenance_only_not_v6_2_study_sample
denver_aurora,35144,jun_sep,new_d0069,RESOLVED_VERIFIED_ZERO_MAPPED_CELLS,True,data/raw/v2/hitl/g3_sampling_design_revision2/geometry_azimuth_reconstruction/denver_aurora/35144.npz,True,True,True,True,346536,0,0.0,,0.0,True,True,historical_provenance_only_not_v6_2_study_sample
denver_aurora,35159,jun_sep,new_d0069,AZIMUTH_INCOMPLETE,True,data/raw/v2/hitl/g3_sampling_design_revision2/geometry_azimuth_reconstruction/denver_aurora/35159.npz,True,True,True,True,346536,346536,1.0,26.80518341064453,0.0,True,True,historical_provenance_only_not_v6_2_study_sample
denver_aurora,35220,jun_sep,new_d0069,AZIMUTH_INCOMPLETE,True,data/raw/v2/hitl/g3_sampling_design_revision2/geometry_azimuth_reconstruction/denver_aurora/35220.npz,True,True,True,True,346536,346536,1.0,28.169029235839844,0.0,True,True,historical_provenance_only_not_v6_2_study_sample
denver_aurora,35327,jun_sep,new_d0069,COMPLETE,True,data/raw/v2/hitl/g3_sampling_design_revision2/geometry_azimuth_reconstruction/denver_aurora/35327.npz,True,True,True,True,346536,346536,1.0,18.78450584411621,1.0,True,True,historical_provenance_only_not_v6_2_study_sample
denver_aurora,35342,jun_sep,new_d0069,AZIMUTH_INCOMPLETE,True,data/raw/v2/hitl/g3_sampling_design_revision2/geometry_azimuth_reconstruction/denver_aurora/35342.npz,True,True,True,True,346536,103035,0.2973284160952975,30.696016311645508,0.0,True,True,historical_provenance_only_not_v6_2_study_sample
denver_aurora,39160,jun_sep,new_d0069,AZIMUTH_INCOMPLETE,True,data/raw/v2/hitl/g3_sampling_design_revision2/geometry_azimuth_reconstruction/denver_aurora/39160.npz,True,True,True,True,346536,342284,0.987729990534894,27.37738256454468,0.0,True,True,historical_provenance_only_not_v6_2_study_sample
denver_aurora,39176,jun_sep,new_d0069,AZIMUTH_INCOMPLETE,True,data/raw/v2/hitl/g3_sampling_design_revision2/geometry_azimuth_reconstruction/denver_aurora/39176.npz,True,True,True,True,346536,346536,1.0,24.36828088760376,0.0,True,True,historical_provenance_only_not_v6_2_study_sample
denver_aurora,39226,jun_sep,new_d0069,COMPLETE,True,data/raw/v2/hitl/g3_sampling_design_revision2/geometry_azimuth_reconstruction/denver_aurora/39226.npz,True,True,True,True,346536,346178,0.9989669182999746,28.846790313720703,1.0,True,True,historical_provenance_only_not_v6_2_study_sample
denver_aurora,39288,jun_sep,new_d0069,COMPLETE,True,data/raw/v2/hitl/g3_sampling_design_revision2/geometry_azimuth_reconstruction/denver_aurora/39288.npz,True,True,True,True,346536,3,8.657109218089895e-06,21.374027252197266,1.0,True,True,historical_provenance_only_not_v6_2_study_sample
denver_aurora,39303,jun_sep,new_d0069,AZIMUTH_INCOMPLETE,True,data/raw/v2/hitl/g3_sampling_design_revision2/geometry_azimuth_reconstruction/denver_aurora/39303.npz,True,True,True,True,346536,324056,0.9351293949257797,27.734309673309326,0.0,True,True,historical_provenance_only_not_v6_2_study_sample
denver_aurora,39349,jun_sep,new_d0069,AZIMUTH_INCOMPLETE,True,data/raw/v2/hitl/g3_sampling_design_revision2/geometry_azimuth_reconstruction/denver_aurora/39349.npz,True,True,True,True,346536,346536,1.0,17.116331100463867,0.7323885541473325,True,True,historical_provenance_only_not_v6_2_study_sample
denver_aurora,39411,jun_sep,new_d0069,AZIMUTH_INCOMPLETE,True,data/raw/v2/hitl/g3_sampling_design_revision2/geometry_azimuth_reconstruction/denver_aurora/39411.npz,True,True,True,True,346536,346536,1.0,10.711545944213867,0.0,True,True,historical_provenance_only_not_v6_2_study_sample
denver_aurora,39457,jun_sep,new_d0069,RESOLVED_VERIFIED_ZERO_MAPPED_CELLS,True,data/raw/v2/hitl/g3_sampling_design_revision2/geometry_azimuth_reconstruction/denver_aurora/39457.npz,True,True,True,True,346536,0,0.0,,0.0,True,True,historical_provenance_only_not_v6_2_study_sample
denver_aurora,39867,jun_sep,new_d0069,COMPLETE,True,data/raw/v2/hitl/g3_sampling_design_revision2/geometry_azimuth_reconstruction/denver_aurora/39867.npz,True,True,True,True,346536,4874,0.014064916776323384,26.110376358032227,1.0,True,True,historical_provenance_only_not_v6_2_study_sample
denver_aurora,39928,jun_sep,new_d0069,COMPLETE,True,data/raw/v2/hitl/g3_sampling_design_revision2/geometry_azimuth_reconstruction/denver_aurora/39928.npz,True,True,True,True,346536,346536,1.0,22.970903396606445,1.0,True,True,historical_provenance_only_not_v6_2_study_sample
denver_aurora,39989,jun_sep,new_d0069,AZIMUTH_INCOMPLETE,True,data/raw/v2/hitl/g3_sampling_design_revision2/geometry_azimuth_reconstruction/denver_aurora/39989.npz,True,True,True,True,346536,346536,1.0,17.649878978729248,0.9997662580511115,True,True,historical_provenance_only_not_v6_2_study_sample
denver_aurora,40050,jun_sep,new_d0069,AZIMUTH_INCOMPLETE,True,data/raw/v2/hitl/g3_sampling_design_revision2/geometry_azimuth_reconstruction/denver_aurora/40050.npz,True,True,True,True,346536,346536,1.0,11.92207932472229,0.12146212803287393,True,True,historical_provenance_only_not_v6_2_study_sample
denver_aurora,40065,jun_sep,new_d0069,RESOLVED_VERIFIED_ZERO_MAPPED_CELLS,True,data/raw/v2/hitl/g3_sampling_design_revision2/geometry_azimuth_reconstruction/denver_aurora/40065.npz,True,True,True,True,346536,0,0.0,,0.0,True,True,historical_provenance_only_not_v6_2_study_sample
denver_aurora,40096,jun_sep,new_d0069,RESOLVED_VERIFIED_ZERO_MAPPED_CELLS,True,data/raw/v2/hitl/g3_sampling_design_revision2/geometry_azimuth_reconstruction/denver_aurora/40096.npz,True,True,True,True,346536,0,0.0,,0.0,True,True,historical_provenance_only_not_v6_2_study_sample
denver_aurora,40111,jun_sep,new_d0069,AZIMUTH_INCOMPLETE,True,data/raw/v2/hitl/g3_sampling_design_revision2/geometry_azimuth_reconstruction/denver_aurora/40111.npz,True,True,True,True,346536,346536,1.0,9.304399251937866,0.0,True,True,historical_provenance_only_not_v6_2_study_sample
denver_aurora,40126,jun_sep,new_d0069,RESOLVED_VERIFIED_ZERO_MAPPED_CELLS,True,data/raw/v2/hitl/g3_sampling_design_revision2/geometry_azimuth_reconstruction/denver_aurora/40126.npz,True,True,True,True,346536,0,0.0,,0.0,True,True,historical_provenance_only_not_v6_2_study_sample
denver_aurora,40157,jun_sep,new_d0069,RESOLVED_VERIFIED_ZERO_MAPPED_CELLS,True,data/raw/v2/hitl/g3_sampling_design_revision2/geometry_azimuth_reconstruction/denver_aurora/40157.npz,True,True,True,True,346536,0,0.0,,0.0,True,True,historical_provenance_only_not_v6_2_study_sample
denver_aurora,40237,jun_sep,new_d0069,AZIMUTH_INCOMPLETE,True,data/raw/v2/hitl/g3_sampling_design_revision2/geometry_azimuth_reconstruction/denver_aurora/40237.npz,True,True,True,True,346536,346536,1.0,17.394933700561523,0.0,True,True,historical_provenance_only_not_v6_2_study_sample
denver_aurora,40283,jun_sep,new_d0069,COMPLETE,True,data/raw/v2/hitl/g3_sampling_design_revision2/geometry_azimuth_reconstruction/denver_aurora/40283.npz,True,True,True,True,346536,346514,0.9999365145324006,28.911184310913086,1.0,True,True,historical_provenance_only_not_v6_2_study_sample
denver_aurora,40298,jun_sep,new_d0069,AZIMUTH_INCOMPLETE,True,data/raw/v2/hitl/g3_sampling_design_revision2/geometry_azimuth_reconstruction/denver_aurora/40298.npz,True,True,True,True,346536,346536,1.0,24.015464305877686,0.0,True,True,historical_provenance_only_not_v6_2_study_sample
denver_aurora,40344,jun_sep,new_d0069,AZIMUTH_INCOMPLETE,True,data/raw/v2/hitl/g3_sampling_design_revision2/geometry_azimuth_reconstruction/denver_aurora/40344.npz,True,True,True,True,346536,346536,1.0,23.90084218978882,0.0,True,True,historical_provenance_only_not_v6_2_study_sample
denver_aurora,40359,jun_sep,new_d0069,AZIMUTH_INCOMPLETE,True,data/raw/v2/hitl/g3_sampling_design_revision2/geometry_azimuth_reconstruction/denver_aurora/40359.npz,True,True,True,True,346536,343238,0.9904829512662465,28.35394468307495,0.0,True,True,historical_provenance_only_not_v6_2_study_sample
denver_aurora,40406,jun_sep,new_d0069,AZIMUTH_INCOMPLETE,True,data/raw/v2/hitl/g3_sampling_design_revision2/geometry_azimuth_reconstruction/denver_aurora/40406.npz,True,True,True,True,346536,346536,1.0,18.4612774848938,0.0,True,True,historical_provenance_only_not_v6_2_study_sample
denver_aurora,40800,jun_sep,new_d0069,RESOLVED_VERIFIED_ZERO_MAPPED_CELLS,True,data/raw/v2/hitl/g3_sampling_design_revision2/geometry_azimuth_reconstruction/denver_aurora/40800.npz,True,True,True,True,346536,0,0.0,,0.0,True,True,historical_provenance_only_not_v6_2_study_sample
denver_aurora,40816,jun_sep,new_d0069,AZIMUTH_INCOMPLETE,True,data/raw/v2/hitl/g3_sampling_design_revision2/geometry_azimuth_reconstruction/denver_aurora/40816.npz,True,True,True,True,346536,346536,1.0,8.721156120300293,0.0,True,True,historical_provenance_only_not_v6_2_study_sample
denver_aurora,40862,jun_sep,new_d0069,RESOLVED_VERIFIED_ZERO_MAPPED_CELLS,True,data/raw/v2/hitl/g3_sampling_design_revision2/geometry_azimuth_reconstruction/denver_aurora/40862.npz,True,True,True,True,346536,0,0.0,,0.0,True,True,historical_provenance_only_not_v6_2_study_sample
denver_aurora,40985,jun_sep,new_d0069,COMPLETE,True,data/raw/v2/hitl/g3_sampling_design_revision2/geometry_azimuth_reconstruction/denver_aurora/40985.npz,True,True,True,True,346536,346536,1.0,23.773269653320312,1.0,True,True,historical_provenance_only_not_v6_2_study_sample
minneapolis_st_paul,376,jun_sep,existing_d0047,COMPLETE,True,data/raw/v2/hitl/g3_sampling_design_revision2/geometry_azimuth_reconstruction/minneapolis_st_paul/00376.npz,True,True,True,True,571534,434805,0.7607683882323711,26.94527816772461,1.0,True,True,historical_provenance_only_not_v6_2_study_sample
minneapolis_st_paul,422,jun_sep,existing_d0047,RESOLVED_VERIFIED_ZERO_MAPPED_CELLS,True,data/raw/v2/hitl/g3_sampling_design_revision2/geometry_azimuth_reconstruction/minneapolis_st_paul/00422.npz,True,True,True,True,571534,0,0.0,,0.0,True,True,historical_provenance_only_not_v6_2_study_sample
minneapolis_st_paul,437,jun_sep,existing_d0047,AZIMUTH_INCOMPLETE,True,data/raw/v2/hitl/g3_sampling_design_revision2/geometry_azimuth_reconstruction/minneapolis_st_paul/00437.npz,True,True,True,True,571534,571534,1.0,7.9020845413208,0.7083358120426781,True,True,historical_provenance_only_not_v6_2_study_sample
minneapolis_st_paul,483,jun_sep,existing_d0047,COMPLETE,True,data/raw/v2/hitl/g3_sampling_design_revision2/geometry_azimuth_reconstruction/minneapolis_st_paul/00483.npz,True,True,True,True,571534,571534,1.0,22.295333766937254,1.0,True,True,historical_provenance_only_not_v6_2_study_sample
minneapolis_st_paul,498,jun_sep,existing_d0047,AZIMUTH_INCOMPLETE,True,data/raw/v2/hitl/g3_sampling_design_revision2/geometry_azimuth_reconstruction/minneapolis_st_paul/00498.npz,True,True,True,True,571534,571534,1.0,25.66804437637329,0.0,True,True,historical_provenance_only_not_v6_2_study_sample
minneapolis_st_paul,529,jun_sep,existing_d0047,COMPLETE,True,data/raw/v2/hitl/g3_sampling_design_revision2/geometry_azimuth_reconstruction/minneapolis_st_paul/00529.npz,True,True,True,True,571534,42509,0.0743770274384376,27.336809158325195,1.0,True,True,historical_provenance_only_not_v6_2_study_sample
minneapolis_st_paul,544,jun_sep,existing_d0047,AZIMUTH_INCOMPLETE,True,data/raw/v2/hitl/g3_sampling_design_revision2/geometry_azimuth_reconstruction/minneapolis_st_paul/00544.npz,True,True,True,True,571534,571534,1.0,10.48051505088806,0.0,True,True,historical_provenance_only_not_v6_2_study_sample
minneapolis_st_paul,547,jun_sep,existing_d0047,AZIMUTH_INCOMPLETE,True,data/raw/v2/hitl/g3_sampling_design_revision2/geometry_azimuth_reconstruction/minneapolis_st_paul/00547.npz,True,True,True,True,571534,571534,1.0,21.356590938568115,0.0,True,True,historical_provenance_only_not_v6_2_study_sample
minneapolis_st_paul,559,jun_sep,existing_d0047,RESOLVED_VERIFIED_ZERO_MAPPED_CELLS,True,data/raw/v2/hitl/g3_sampling_design_revision2/geometry_azimuth_reconstruction/minneapolis_st_paul/00559.npz,True,True,True,True,571534,0,0.0,,0.0,True,True,historical_provenance_only_not_v6_2_study_sample
minneapolis_st_paul,578,jun_sep,existing_d0047,RESOLVED_VERIFIED_ZERO_MAPPED_CELLS,True,data/raw/v2/hitl/g3_sampling_design_revision2/geometry_azimuth_reconstruction/minneapolis_st_paul/00578.npz,True,True,True,True,571534,0,0.0,,0.0,True,True,historical_provenance_only_not_v6_2_study_sample
minneapolis_st_paul,590,jun_sep,existing_d0047,AZIMUTH_INCOMPLETE,True,data/raw/v2/hitl/g3_sampling_design_revision2/geometry_azimuth_reconstruction/minneapolis_st_paul/00590.npz,True,True,True,True,571534,571534,1.0,14.705536651611329,0.9962714379197039,True,True,historical_provenance_only_not_v6_2_study_sample
minneapolis_st_paul,593,jun_sep,existing_d0047,AZIMUTH_INCOMPLETE,True,data/raw/v2/hitl/g3_sampling_design_revision2/geometry_azimuth_reconstruction/minneapolis_st_paul/00593.npz,True,True,True,True,571534,571534,1.0,6.984012937545775,0.0,True,True,historical_provenance_only_not_v6_2_study_sample
minneapolis_st_paul,605,jun_sep,existing_d0047,AZIMUTH_INCOMPLETE,True,data/raw/v2/hitl/g3_sampling_design_revision2/geometry_azimuth_reconstruction/minneapolis_st_paul/00605.npz,True,True,True,True,571534,252906,0.442503858038192,29.182497024536133,0.0,True,True,historical_provenance_only_not_v6_2_study_sample
minneapolis_st_paul,807,jun_sep,existing_d0047,AZIMUTH_INCOMPLETE,True,data/raw/v2/hitl/g3_sampling_design_revision2/geometry_azimuth_reconstruction/minneapolis_st_paul/00807.npz,True,True,True,True,571534,571534,1.0,23.54274206161499,0.0,True,True,historical_provenance_only_not_v6_2_study_sample
minneapolis_st_paul,838,jun_sep,existing_d0047,RESOLVED_VERIFIED_ZERO_MAPPED_CELLS,True,data/raw/v2/hitl/g3_sampling_design_revision2/geometry_azimuth_reconstruction/minneapolis_st_paul/00838.npz,True,True,True,True,571534,0,0.0,,0.0,True,True,historical_provenance_only_not_v6_2_study_sample
minneapolis_st_paul,853,jun_sep,existing_d0047,AZIMUTH_INCOMPLETE,True,data/raw/v2/hitl/g3_sampling_design_revision2/geometry_azimuth_reconstruction/minneapolis_st_paul/00853.npz,True,True,True,True,571534,571534,1.0,9.777663326263427,0.0,True,True,historical_provenance_only_not_v6_2_study_sample
minneapolis_st_paul,5162,jun_sep,existing_d0047,RESOLVED_VERIFIED_ZERO_MAPPED_CELLS,True,data/raw/v2/hitl/g3_sampling_design_revision2/geometry_azimuth_reconstruction/minneapolis_st_paul/05162.npz,True,True,True,True,571534,0,0.0,,0.0,True,True,historical_provenance_only_not_v6_2_study_sample
minneapolis_st_paul,5177,jun_sep,existing_d0047,AZIMUTH_INCOMPLETE,True,data/raw/v2/hitl/g3_sampling_design_revision2/geometry_azimuth_reconstruction/minneapolis_st_paul/05177.npz,True,True,True,True,571534,571534,1.0,8.036567211151121,0.5834491036403784,True,True,historical_provenance_only_not_v6_2_study_sample
minneapolis_st_paul,5223,jun_sep,existing_d0047,COMPLETE,True,data/raw/v2/hitl/g3_sampling_design_revision2/geometry_azimuth_reconstruction/minneapolis_st_paul/05223.npz,True,True,True,True,571534,363325,0.6357014630800617,27.24849662780762,1.0,True,True,historical_provenance_only_not_v6_2_study_sample
minneapolis_st_paul,5241,jun_sep,existing_d0047,AZIMUTH_INCOMPLETE,True,data/raw/v2/hitl/g3_sampling_design_revision2/geometry_azimuth_reconstruction/minneapolis_st_paul/05241.npz,True,True,True,True,571534,571534,1.0,21.966311168670654,0.0,True,True,historical_provenance_only_not_v6_2_study_sample
minneapolis_st_paul,5253,jun_sep,existing_d0047,RESOLVED_VERIFIED_ZERO_MAPPED_CELLS,True,data/raw/v2/hitl/g3_sampling_design_revision2/geometry_azimuth_reconstruction/minneapolis_st_paul/05253.npz,True,True,True,True,571534,0,0.0,,0.0,True,True,historical_provenance_only_not_v6_2_study_sample
minneapolis_st_paul,5272,jun_sep,existing_d0047,RESOLVED_VERIFIED_ZERO_MAPPED_CELLS,True,data/raw/v2/hitl/g3_sampling_design_revision2/geometry_azimuth_reconstruction/minneapolis_st_paul/05272.npz,True,True,True,True,571534,0,0.0,,0.0,True,True,historical_provenance_only_not_v6_2_study_sample
minneapolis_st_paul,5284,jun_sep,existing_d0047,COMPLETE,True,data/raw/v2/hitl/g3_sampling_design_revision2/geometry_azimuth_reconstruction/minneapolis_st_paul/05284.npz,True,True,True,True,571534,571534,1.0,21.820250988006592,1.0,True,True,historical_provenance_only_not_v6_2_study_sample
minneapolis_st_paul,5302,jun_sep,existing_d0047,AZIMUTH_INCOMPLETE,True,data/raw/v2/hitl/g3_sampling_design_revision2/geometry_azimuth_reconstruction/minneapolis_st_paul/05302.npz,True,True,True,True,571534,343571,0.6011383399762744,27.247539520263672,0.0,True,True,historical_provenance_only_not_v6_2_study_sample
minneapolis_st_paul,5330,jun_sep,existing_d0047,RESOLVED_VERIFIED_ZERO_MAPPED_CELLS,True,data/raw/v2/hitl/g3_sampling_design_revision2/geometry_azimuth_reconstruction/minneapolis_st_paul/05330.npz,True,True,True,True,571534,0,0.0,,0.0,True,True,historical_provenance_only_not_v6_2_study_sample
minneapolis_st_paul,5345,jun_sep,existing_d0047,AZIMUTH_INCOMPLETE,True,data/raw/v2/hitl/g3_sampling_design_revision2/geometry_azimuth_reconstruction/minneapolis_st_paul/05345.npz,True,True,True,True,571534,571534,1.0,12.346473169326782,0.0,True,True,historical_provenance_only_not_v6_2_study_sample
minneapolis_st_paul,5348,jun_sep,existing_d0047,AZIMUTH_INCOMPLETE,True,data/raw/v2/hitl/g3_sampling_design_revision2/geometry_azimuth_reconstruction/minneapolis_st_paul/05348.npz,True,True,True,True,571534,571534,1.0,8.677332878112793,0.0,True,True,historical_provenance_only_not_v6_2_study_sample
minneapolis_st_paul,5363,jun_sep,existing_d0047,RESOLVED_VERIFIED_ZERO_MAPPED_CELLS,True,data/raw/v2/hitl/g3_sampling_design_revision2/geometry_azimuth_reconstruction/minneapolis_st_paul/05363.npz,True,True,True,True,571534,0,0.0,,0.0,True,True,historical_provenance_only_not_v6_2_study_sample
minneapolis_st_paul,5394,jun_sep,existing_d0047,COMPLETE,True,data/raw/v2/hitl/g3_sampling_design_revision2/geometry_azimuth_reconstruction/minneapolis_st_paul/05394.npz,True,True,True,True,571534,571534,1.0,24.967432022094727,1.0,True,True,historical_provenance_only_not_v6_2_study_sample
minneapolis_st_paul,5409,jun_sep,existing_d0047,AZIMUTH_INCOMPLETE,True,data/raw/v2/hitl/g3_sampling_design_revision2/geometry_azimuth_reconstruction/minneapolis_st_paul/05409.npz,True,True,True,True,571534,571534,1.0,18.63727378845215,0.0,True,True,historical_provenance_only_not_v6_2_study_sample
minneapolis_st_paul,5424,jun_sep,existing_d0047,RESOLVED_VERIFIED_ZERO_MAPPED_CELLS,True,data/raw/v2/hitl/g3_sampling_design_revision2/geometry_azimuth_reconstruction/minneapolis_st_paul/05424.npz,True,True,True,True,571534,0,0.0,,0.0,True,True,historical_provenance_only_not_v6_2_study_sample
minneapolis_st_paul,5455,jun_sep,existing_d0047,AZIMUTH_INCOMPLETE,True,data/raw/v2/hitl/g3_sampling_design_revision2/geometry_azimuth_reconstruction/minneapolis_st_paul/05455.npz,True,True,True,True,571534,571534,1.0,14.623145246505738,0.9910469018466093,True,True,historical_provenance_only_not_v6_2_study_sample
minneapolis_st_paul,5501,jun_sep,existing_d0047,RESOLVED_VERIFIED_ZERO_MAPPED_CELLS,True,data/raw/v2/hitl/g3_sampling_design_revision2/geometry_azimuth_reconstruction/minneapolis_st_paul/05501.npz,True,True,True,True,571534,0,0.0,,0.0,True,True,historical_provenance_only_not_v6_2_study_sample
minneapolis_st_paul,5986,jun_sep,existing_d0047,AZIMUTH_INCOMPLETE,True,data/raw/v2/hitl/g3_sampling_design_revision2/geometry_azimuth_reconstruction/minneapolis_st_paul/05986.npz,True,True,True,True,571534,195369,0.34183268187019494,29.576700592041014,0.0,True,True,historical_provenance_only_not_v6_2_study_sample
minneapolis_st_paul,6032,jun_sep,existing_d0047,AZIMUTH_INCOMPLETE,True,data/raw/v2/hitl/g3_sampling_design_revision2/geometry_azimuth_reconstruction/minneapolis_st_paul/06032.npz,True,True,True,True,571534,571534,1.0,9.611294984817505,0.0,True,True,historical_provenance_only_not_v6_2_study_sample
minneapolis_st_paul,6078,jun_sep,existing_d0047,COMPLETE,True,data/raw/v2/hitl/g3_sampling_design_revision2/geometry_azimuth_reconstruction/minneapolis_st_paul/06078.npz,True,True,True,True,571534,571534,1.0,23.738891220092775,1.0,True,True,historical_provenance_only_not_v6_2_study_sample
minneapolis_st_paul,6139,jun_sep,existing_d0047,AZIMUTH_INCOMPLETE,True,data/raw/v2/hitl/g3_sampling_design_revision2/geometry_azimuth_reconstruction/minneapolis_st_paul/06139.npz,True,True,True,True,571534,571534,1.0,15.356696653366088,0.9994663484587094,True,True,historical_provenance_only_not_v6_2_study_sample
minneapolis_st_paul,6200,jun_sep,existing_d0047,AZIMUTH_INCOMPLETE,True,data/raw/v2/hitl/g3_sampling_design_revision2/geometry_azimuth_reconstruction/minneapolis_st_paul/06200.npz,True,True,True,True,571534,571534,1.0,6.672846674919127,0.11142994117585306,True,True,historical_provenance_only_not_v6_2_study_sample
minneapolis_st_paul,6203,jun_sep,existing_d0047,AZIMUTH_INCOMPLETE,True,data/raw/v2/hitl/g3_sampling_design_revision2/geometry_azimuth_reconstruction/minneapolis_st_paul/06203.npz,True,True,True,True,571534,571534,1.0,14.337631559371948,0.0,True,True,historical_provenance_only_not_v6_2_study_sample
minneapolis_st_paul,6215,jun_sep,existing_d0047,AZIMUTH_INCOMPLETE,True,data/raw/v2/hitl/g3_sampling_design_revision2/geometry_azimuth_reconstruction/minneapolis_st_paul/06215.npz,True,True,True,True,571534,2650,0.0046366445390825396,29.50061101913452,0.0,True,True,historical_provenance_only_not_v6_2_study_sample
minneapolis_st_paul,6218,jun_sep,existing_d0047,RESOLVED_VERIFIED_ZERO_MAPPED_CELLS,True,data/raw/v2/hitl/g3_sampling_design_revision2/geometry_azimuth_reconstruction/minneapolis_st_paul/06218.npz,True,True,True,True,571534,0,0.0,,0.0,True,True,historical_provenance_only_not_v6_2_study_sample
minneapolis_st_paul,6261,jun_sep,existing_d0047,AZIMUTH_INCOMPLETE,True,data/raw/v2/hitl/g3_sampling_design_revision2/geometry_azimuth_reconstruction/minneapolis_st_paul/06261.npz,True,True,True,True,571534,571534,1.0,13.139613151550293,0.0,True,True,historical_provenance_only_not_v6_2_study_sample
minneapolis_st_paul,6264,jun_sep,existing_d0047,AZIMUTH_INCOMPLETE,True,data/raw/v2/hitl/g3_sampling_design_revision2/geometry_azimuth_reconstruction/minneapolis_st_paul/06264.npz,True,True,True,True,571534,571534,1.0,22.807990264892577,0.0,True,True,historical_provenance_only_not_v6_2_study_sample
minneapolis_st_paul,6279,jun_sep,existing_d0047,RESOLVED_VERIFIED_ZERO_MAPPED_CELLS,True,data/raw/v2/hitl/g3_sampling_design_revision2/geometry_azimuth_reconstruction/minneapolis_st_paul/06279.npz,True,True,True,True,571534,0,0.0,,0.0,True,True,historical_provenance_only_not_v6_2_study_sample
minneapolis_st_paul,6310,jun_sep,existing_d0047,AZIMUTH_INCOMPLETE,True,data/raw/v2/hitl/g3_sampling_design_revision2/geometry_azimuth_reconstruction/minneapolis_st_paul/06310.npz,True,True,True,True,571534,571534,1.0,11.13758406639099,0.66662700731715,True,True,historical_provenance_only_not_v6_2_study_sample
minneapolis_st_paul,6325,jun_sep,existing_d0047,AZIMUTH_INCOMPLETE,True,data/raw/v2/hitl/g3_sampling_design_revision2/geometry_azimuth_reconstruction/minneapolis_st_paul/06325.npz,True,True,True,True,571534,483692,0.8463048567539289,27.26866407394409,0.0,True,True,historical_provenance_only_not_v6_2_study_sample
minneapolis_st_paul,6356,jun_sep,existing_d0047,RESOLVED_VERIFIED_ZERO_MAPPED_CELLS,True,data/raw/v2/hitl/g3_sampling_design_revision2/geometry_azimuth_reconstruction/minneapolis_st_paul/06356.npz,True,True,True,True,571534,0,0.0,,0.0,True,True,historical_provenance_only_not_v6_2_study_sample
minneapolis_st_paul,6371,jun_sep,existing_d0047,AZIMUTH_INCOMPLETE,True,data/raw/v2/hitl/g3_sampling_design_revision2/geometry_azimuth_reconstruction/minneapolis_st_paul/06371.npz,True,True,True,True,571534,571534,1.0,5.164859509468078,0.00019946319903977716,True,True,historical_provenance_only_not_v6_2_study_sample
minneapolis_st_paul,6386,jun_sep,existing_d0047,AZIMUTH_INCOMPLETE,True,data/raw/v2/hitl/g3_sampling_design_revision2/geometry_azimuth_reconstruction/minneapolis_st_paul/06386.npz,True,True,True,True,571534,70419,0.12321051765949183,27.448158264160156,0.0,True,True,historical_provenance_only_not_v6_2_study_sample
minneapolis_st_paul,6417,jun_sep,existing_d0047,COMPLETE,True,data/raw/v2/hitl/g3_sampling_design_revision2/geometry_azimuth_reconstruction/minneapolis_st_paul/06417.npz,True,True,True,True,571534,199135,0.34842196614724585,27.730712127685546,1.0,True,True,historical_provenance_only_not_v6_2_study_sample
minneapolis_st_paul,6432,jun_sep,existing_d0047,AZIMUTH_INCOMPLETE,True,data/raw/v2/hitl/g3_sampling_design_revision2/geometry_azimuth_reconstruction/minneapolis_st_paul/06432.npz,True,True,True,True,571534,571534,1.0,10.72926459312439,0.0,True,True,historical_provenance_only_not_v6_2_study_sample
minneapolis_st_paul,10807,jun_sep,existing_d0047,AZIMUTH_INCOMPLETE,True,data/raw/v2/hitl/g3_sampling_design_revision2/geometry_azimuth_reconstruction/minneapolis_st_paul/10807.npz,True,True,True,True,571534,571534,1.0,25.33348150253296,0.0,True,True,historical_provenance_only_not_v6_2_study_sample
minneapolis_st_paul,10838,jun_sep,existing_d0047,RESOLVED_VERIFIED_ZERO_MAPPED_CELLS,True,data/raw/v2/hitl/g3_sampling_design_revision2/geometry_azimuth_reconstruction/minneapolis_st_paul/10838.npz,True,True,True,True,571534,0,0.0,,0.0,True,True,historical_provenance_only_not_v6_2_study_sample
minneapolis_st_paul,10853,jun_sep,existing_d0047,COMPLETE,True,data/raw/v2/hitl/g3_sampling_design_revision2/geometry_azimuth_reconstruction/minneapolis_st_paul/10853.npz,True,True,True,True,571534,571534,1.0,15.115409564971923,1.0,True,True,historical_provenance_only_not_v6_2_study_sample
minneapolis_st_paul,10868,jun_sep,existing_d0047,AZIMUTH_INCOMPLETE,True,data/raw/v2/hitl/g3_sampling_design_revision2/geometry_azimuth_reconstruction/minneapolis_st_paul/10868.npz,True,True,True,True,571534,571534,1.0,26.78288459777832,0.0,True,True,historical_provenance_only_not_v6_2_study_sample
minneapolis_st_paul,10899,jun_sep,existing_d0047,RESOLVED_VERIFIED_ZERO_MAPPED_CELLS,True,data/raw/v2/hitl/g3_sampling_design_revision2/geometry_azimuth_reconstruction/minneapolis_st_paul/10899.npz,True,True,True,True,571534,0,0.0,,0.0,True,True,historical_provenance_only_not_v6_2_study_sample
minneapolis_st_paul,10914,jun_sep,existing_d0047,COMPLETE,True,data/raw/v2/hitl/g3_sampling_design_revision2/geometry_azimuth_reconstruction/minneapolis_st_paul/10914.npz,True,True,True,True,571534,571534,1.0,13.64544358253479,1.0,True,True,historical_provenance_only_not_v6_2_study_sample
minneapolis_st_paul,10917,jun_sep,existing_d0047,AZIMUTH_INCOMPLETE,True,data/raw/v2/hitl/g3_sampling_design_revision2/geometry_azimuth_reconstruction/minneapolis_st_paul/10917.npz,True,True,True,True,571534,571534,1.0,6.427812767028809,0.5326559749726175,True,True,historical_provenance_only_not_v6_2_study_sample
minneapolis_st_paul,10929,jun_sep,existing_d0047,AZIMUTH_INCOMPLETE,True,data/raw/v2/hitl/g3_sampling_design_revision2/geometry_azimuth_reconstruction/minneapolis_st_paul/10929.npz,True,True,True,True,571534,565993,0.9903050387203561,28.00355110168457,0.0,True,True,historical_provenance_only_not_v6_2_study_sample
minneapolis_st_paul,10963,jun_sep,existing_d0047,COMPLETE,True,data/raw/v2/hitl/g3_sampling_design_revision2/geometry_azimuth_reconstruction/minneapolis_st_paul/10963.npz,True,True,True,True,571534,271104,0.4743444834428048,29.664371967315674,1.0,True,True,historical_provenance_only_not_v6_2_study_sample
minneapolis_st_paul,10978,jun_sep,existing_d0047,AZIMUTH_INCOMPLETE,True,data/raw/v2/hitl/g3_sampling_design_revision2/geometry_azimuth_reconstruction/minneapolis_st_paul/10978.npz,True,True,True,True,571534,571534,1.0,8.000386381149292,0.17199676659656293,True,True,historical_provenance_only_not_v6_2_study_sample
minneapolis_st_paul,10993,jun_sep,existing_d0047,RESOLVED_VERIFIED_ZERO_MAPPED_CELLS,True,data/raw/v2/hitl/g3_sampling_design_revision2/geometry_azimuth_reconstruction/minneapolis_st_paul/10993.npz,True,True,True,True,571534,0,0.0,,0.0,True,True,historical_provenance_only_not_v6_2_study_sample
minneapolis_st_paul,11021,jun_sep,existing_d0047,RESOLVED_VERIFIED_ZERO_MAPPED_CELLS,True,data/raw/v2/hitl/g3_sampling_design_revision2/geometry_azimuth_reconstruction/minneapolis_st_paul/11021.npz,True,True,True,True,571534,0,0.0,,0.0,True,True,historical_provenance_only_not_v6_2_study_sample
minneapolis_st_paul,11024,jun_sep,existing_d0047,RESOLVED_VERIFIED_ZERO_MAPPED_CELLS,True,data/raw/v2/hitl/g3_sampling_design_revision2/geometry_azimuth_reconstruction/minneapolis_st_paul/11024.npz,True,True,True,True,571534,0,0.0,,0.0,True,True,historical_provenance_only_not_v6_2_study_sample
minneapolis_st_paul,11039,jun_sep,existing_d0047,RESOLVED_UNAVAILABLE,False,,True,True,True,True,,,,,,True,True,historical_provenance_only_not_v6_2_study_sample
minneapolis_st_paul,11054,jun_sep,existing_d0047,RESOLVED_UNAVAILABLE,False,,True,True,True,True,,,,,,True,True,historical_provenance_only_not_v6_2_study_sample
minneapolis_st_paul,11085,jun_sep,existing_d0047,COMPLETE,True,data/raw/v2/hitl/g3_sampling_design_revision2/geometry_azimuth_reconstruction/minneapolis_st_paul/11085.npz,True,True,True,True,571534,546377,0.955983371068038,29.075318145751954,1.0,True,True,historical_provenance_only_not_v6_2_study_sample
minneapolis_st_paul,11100,jun_sep,existing_d0047,RESOLVED_UNAVAILABLE,False,,True,True,True,True,,,,,,True,True,historical_provenance_only_not_v6_2_study_sample
minneapolis_st_paul,11115,jun_sep,existing_d0047,RESOLVED_VERIFIED_ZERO_MAPPED_CELLS,True,data/raw/v2/hitl/g3_sampling_design_revision2/geometry_azimuth_reconstruction/minneapolis_st_paul/11115.npz,True,True,True,True,571534,0,0.0,,0.0,True,True,historical_provenance_only_not_v6_2_study_sample
minneapolis_st_paul,11146,jun_sep,existing_d0047,RESOLVED_VERIFIED_ZERO_MAPPED_CELLS,True,data/raw/v2/hitl/g3_sampling_design_revision2/geometry_azimuth_reconstruction/minneapolis_st_paul/11146.npz,True,True,True,True,571534,0,0.0,,0.0,True,True,historical_provenance_only_not_v6_2_study_sample
minneapolis_st_paul,11161,jun_sep,existing_d0047,RESOLVED_UNAVAILABLE,False,,True,True,True,True,,,,,,True,True,historical_provenance_only_not_v6_2_study_sample
minneapolis_st_paul,11176,jun_sep,existing_d0047,RESOLVED_VERIFIED_ZERO_MAPPED_CELLS,True,data/raw/v2/hitl/g3_sampling_design_revision2/geometry_azimuth_reconstruction/minneapolis_st_paul/11176.npz,True,True,True,True,571534,0,0.0,,0.0,True,True,historical_provenance_only_not_v6_2_study_sample
minneapolis_st_paul,11207,jun_sep,existing_d0047,AZIMUTH_INCOMPLETE,True,data/raw/v2/hitl/g3_sampling_design_revision2/geometry_azimuth_reconstruction/minneapolis_st_paul/11207.npz,True,True,True,True,571534,571534,1.0,26.266169834136964,0.0,True,True,historical_provenance_only_not_v6_2_study_sample
minneapolis_st_paul,11646,jun_sep,existing_d0047,RESOLVED_UNAVAILABLE,False,,True,True,True,True,,,,,,True,True,historical_provenance_only_not_v6_2_study_sample
minneapolis_st_paul,11722,jun_sep,existing_d0047,RESOLVED_VERIFIED_ZERO_MAPPED_CELLS,True,data/raw/v2/hitl/g3_sampling_design_revision2/geometry_azimuth_reconstruction/minneapolis_st_paul/11722.npz,True,True,True,True,571534,0,0.0,,0.0,True,True,historical_provenance_only_not_v6_2_study_sample
minneapolis_st_paul,11783,jun_sep,existing_d0047,RESOLVED_UNAVAILABLE,False,,True,True,True,True,,,,,,True,True,historical_provenance_only_not_v6_2_study_sample
minneapolis_st_paul,11829,jun_sep,existing_d0047,RESOLVED_VERIFIED_ZERO_MAPPED_CELLS,True,data/raw/v2/hitl/g3_sampling_design_revision2/geometry_azimuth_reconstruction/minneapolis_st_paul/11829.npz,True,True,True,True,571534,0,0.0,,0.0,True,True,historical_provenance_only_not_v6_2_study_sample
minneapolis_st_paul,11832,jun_sep,existing_d0047,AZIMUTH_INCOMPLETE,True,data/raw/v2/hitl/g3_sampling_design_revision2/geometry_azimuth_reconstruction/minneapolis_st_paul/11832.npz,True,True,True,True,571534,571534,1.0,25.26418113708496,0.0,True,True,historical_provenance_only_not_v6_2_study_sample
minneapolis_st_paul,11890,jun_sep,existing_d0047,AZIMUTH_INCOMPLETE,True,data/raw/v2/hitl/g3_sampling_design_revision2/geometry_azimuth_reconstruction/minneapolis_st_paul/11890.npz,True,True,True,True,571534,571534,1.0,16.701264095306396,0.0,True,True,historical_provenance_only_not_v6_2_study_sample
minneapolis_st_paul,11908,jun_sep,existing_d0047,RESOLVED_VERIFIED_ZERO_MAPPED_CELLS,True,data/raw/v2/hitl/g3_sampling_design_revision2/geometry_azimuth_reconstruction/minneapolis_st_paul/11908.npz,True,True,True,True,571534,0,0.0,,0.0,True,True,historical_provenance_only_not_v6_2_study_sample
minneapolis_st_paul,11924,jun_sep,existing_d0047,RESOLVED_VERIFIED_ZERO_MAPPED_CELLS,True,data/raw/v2/hitl/g3_sampling_design_revision2/geometry_azimuth_reconstruction/minneapolis_st_paul/11924.npz,True,True,True,True,571534,0,0.0,,0.0,True,True,historical_provenance_only_not_v6_2_study_sample
minneapolis_st_paul,11936,jun_sep,existing_d0047,AZIMUTH_INCOMPLETE,True,data/raw/v2/hitl/g3_sampling_design_revision2/geometry_azimuth_reconstruction/minneapolis_st_paul/11936.npz,True,True,True,True,571534,571534,1.0,23.537470149993897,0.0,True,True,historical_provenance_only_not_v6_2_study_sample
minneapolis_st_paul,11939,jun_sep,existing_d0047,COMPLETE,True,data/raw/v2/hitl/g3_sampling_design_revision2/geometry_azimuth_reconstruction/minneapolis_st_paul/11939.npz,True,True,True,True,571534,571534,1.0,13.000269842147826,1.0,True,True,historical_provenance_only_not_v6_2_study_sample
minneapolis_st_paul,12000,jun_sep,existing_d0047,COMPLETE,True,data/raw/v2/hitl/g3_sampling_design_revision2/geometry_azimuth_reconstruction/minneapolis_st_paul/12000.npz,True,True,True,True,571534,571534,1.0,12.73043451309204,1.0,True,True,historical_provenance_only_not_v6_2_study_sample
minneapolis_st_paul,12030,jun_sep,existing_d0047,RESOLVED_VERIFIED_ZERO_MAPPED_CELLS,True,data/raw/v2/hitl/g3_sampling_design_revision2/geometry_azimuth_reconstruction/minneapolis_st_paul/12030.npz,True,True,True,True,571534,0,0.0,,0.0,True,True,historical_provenance_only_not_v6_2_study_sample
minneapolis_st_paul,12091,jun_sep,existing_d0047,RESOLVED_VERIFIED_ZERO_MAPPED_CELLS,True,data/raw/v2/hitl/g3_sampling_design_revision2/geometry_azimuth_reconstruction/minneapolis_st_paul/12091.npz,True,True,True,True,571534,0,0.0,,0.0,True,True,historical_provenance_only_not_v6_2_study_sample
minneapolis_st_paul,12668,jun_sep,existing_d0047,RESOLVED_VERIFIED_ZERO_MAPPED_CELLS,True,data/raw/v2/hitl/g3_sampling_design_revision2/geometry_azimuth_reconstruction/minneapolis_st_paul/12668.npz,True,True,True,True,571534,0,0.0,,0.0,True,True,historical_provenance_only_not_v6_2_study_sample
minneapolis_st_paul,12683,jun_sep,existing_d0047,RESOLVED_UNAVAILABLE,False,,True,True,True,True,,,,,,True,True,historical_provenance_only_not_v6_2_study_sample
minneapolis_st_paul,16470,jun_sep,existing_d0047,AZIMUTH_INCOMPLETE,True,data/raw/v2/hitl/g3_sampling_design_revision2/geometry_azimuth_reconstruction/minneapolis_st_paul/16470.npz,True,True,True,True,571534,571534,1.0,7.44566752910614,0.3881221414648997,True,True,historical_provenance_only_not_v6_2_study_sample
minneapolis_st_paul,16485,jun_sep,existing_d0047,AZIMUTH_INCOMPLETE,True,data/raw/v2/hitl/g3_sampling_design_revision2/geometry_azimuth_reconstruction/minneapolis_st_paul/16485.npz,True,True,True,True,571534,252400,0.4416185213828049,29.454445552825927,0.0,True,True,historical_provenance_only_not_v6_2_study_sample
minneapolis_st_paul,16516,jun_sep,existing_d0047,COMPLETE,True,data/raw/v2/hitl/g3_sampling_design_revision2/geometry_azimuth_reconstruction/minneapolis_st_paul/16516.npz,True,True,True,True,571534,17281,0.030236171426371833,27.381147384643555,1.0,True,True,historical_provenance_only_not_v6_2_study_sample
minneapolis_st_paul,16531,jun_sep,existing_d0047,AZIMUTH_INCOMPLETE,True,data/raw/v2/hitl/g3_sampling_design_revision2/geometry_azimuth_reconstruction/minneapolis_st_paul/16531.npz,True,True,True,True,571534,571534,1.0,8.553538513183591,0.2961766054163007,True,True,historical_provenance_only_not_v6_2_study_sample
minneapolis_st_paul,16546,jun_sep,existing_d0047,AZIMUTH_INCOMPLETE,True,data/raw/v2/hitl/g3_sampling_design_revision2/geometry_azimuth_reconstruction/minneapolis_st_paul/16546.npz,True,True,True,True,571534,326528,0.5713185917198277,29.520706176757812,0.0,True,True,historical_provenance_only_not_v6_2_study_sample
minneapolis_st_paul,16549,jun_sep,existing_d0047,RESOLVED_VERIFIED_ZERO_MAPPED_CELLS,True,data/raw/v2/hitl/g3_sampling_design_revision2/geometry_azimuth_reconstruction/minneapolis_st_paul/16549.npz,True,True,True,True,571534,0,0.0,,0.0,True,True,historical_provenance_only_not_v6_2_study_sample
minneapolis_st_paul,16577,jun_sep,existing_d0047,COMPLETE,True,data/raw/v2/hitl/g3_sampling_design_revision2/geometry_azimuth_reconstruction/minneapolis_st_paul/16577.npz,True,True,True,True,571534,10341,0.018093411765529258,27.706825256347656,1.0,True,True,historical_provenance_only_not_v6_2_study_sample
minneapolis_st_paul,16580,jun_sep,existing_d0047,COMPLETE,True,data/raw/v2/hitl/g3_sampling_design_revision2/geometry_azimuth_reconstruction/minneapolis_st_paul/16580.npz,True,True,True,True,571534,566973,0.9920197223612244,29.36818962097168,1.0,True,True,historical_provenance_only_not_v6_2_study_sample
minneapolis_st_paul,16592,jun_sep,existing_d0047,AZIMUTH_INCOMPLETE,True,data/raw/v2/hitl/g3_sampling_design_revision2/geometry_azimuth_reconstruction/minneapolis_st_paul/16592.npz,True,True,True,True,571534,571534,1.0,9.400235414505005,0.0,True,True,historical_provenance_only_not_v6_2_study_sample
minneapolis_st_paul,16595,jun_sep,existing_d0047,AZIMUTH_INCOMPLETE,True,data/raw/v2/hitl/g3_sampling_design_revision2/geometry_azimuth_reconstruction/minneapolis_st_paul/16595.npz,True,True,True,True,571534,571534,1.0,11.469089031219482,0.0,True,True,historical_provenance_only_not_v6_2_study_sample
minneapolis_st_paul,16607,jun_sep,existing_d0047,AZIMUTH_INCOMPLETE,True,data/raw/v2/hitl/g3_sampling_design_revision2/geometry_azimuth_reconstruction/minneapolis_st_paul/16607.npz,True,True,True,True,571534,384719,0.6731340567665266,29.37365379333496,0.0,True,True,historical_provenance_only_not_v6_2_study_sample
minneapolis_st_paul,16610,jun_sep,existing_d0047,RESOLVED_VERIFIED_ZERO_MAPPED_CELLS,True,data/raw/v2/hitl/g3_sampling_design_revision2/geometry_azimuth_reconstruction/minneapolis_st_paul/16610.npz,True,True,True,True,571534,0,0.0,,0.0,True,True,historical_provenance_only_not_v6_2_study_sample
minneapolis_st_paul,16641,jun_sep,existing_d0047,COMPLETE,True,data/raw/v2/hitl/g3_sampling_design_revision2/geometry_azimuth_reconstruction/minneapolis_st_paul/16641.npz,True,True,True,True,571534,534307,0.9348647674504054,29.61317710876465,1.0,True,True,historical_provenance_only_not_v6_2_study_sample
minneapolis_st_paul,16656,jun_sep,existing_d0047,AZIMUTH_INCOMPLETE,True,data/raw/v2/hitl/g3_sampling_design_revision2/geometry_azimuth_reconstruction/minneapolis_st_paul/16656.npz,True,True,True,True,571534,571534,1.0,10.805255937576295,0.0,True,True,historical_provenance_only_not_v6_2_study_sample
minneapolis_st_paul,16671,jun_sep,existing_d0047,RESOLVED_VERIFIED_ZERO_MAPPED_CELLS,True,data/raw/v2/hitl/g3_sampling_design_revision2/geometry_azimuth_reconstruction/minneapolis_st_paul/16671.npz,True,True,True,True,571534,0,0.0,,0.0,True,True,historical_provenance_only_not_v6_2_study_sample
minneapolis_st_paul,16703,jun_sep,existing_d0047,COMPLETE,True,data/raw/v2/hitl/g3_sampling_design_revision2/geometry_azimuth_reconstruction/minneapolis_st_paul/16703.npz,True,True,True,True,571534,424346,0.7424685145590638,29.215874195098877,1.0,True,True,historical_provenance_only_not_v6_2_study_sample
minneapolis_st_paul,16718,jun_sep,existing_d0047,AZIMUTH_INCOMPLETE,True,data/raw/v2/hitl/g3_sampling_design_revision2/geometry_azimuth_reconstruction/minneapolis_st_paul/16718.npz,True,True,True,True,571534,571534,1.0,10.176014709472655,0.0,True,True,historical_provenance_only_not_v6_2_study_sample
minneapolis_st_paul,16733,jun_sep,existing_d0047,RESOLVED_VERIFIED_ZERO_MAPPED_CELLS,True,data/raw/v2/hitl/g3_sampling_design_revision2/geometry_azimuth_reconstruction/minneapolis_st_paul/16733.npz,True,True,True,True,571534,0,0.0,,0.0,True,True,historical_provenance_only_not_v6_2_study_sample
minneapolis_st_paul,16779,jun_sep,existing_d0047,AZIMUTH_INCOMPLETE,True,data/raw/v2/hitl/g3_sampling_design_revision2/geometry_azimuth_reconstruction/minneapolis_st_paul/16779.npz,True,True,True,True,571534,571534,1.0,9.762447357177734,0.0,True,True,historical_provenance_only_not_v6_2_study_sample
minneapolis_st_paul,16794,jun_sep,existing_d0047,RESOLVED_VERIFIED_ZERO_MAPPED_CELLS,True,data/raw/v2/hitl/g3_sampling_design_revision2/geometry_azimuth_reconstruction/minneapolis_st_paul/16794.npz,True,True,True,True,571534,0,0.0,,0.0,True,True,historical_provenance_only_not_v6_2_study_sample
minneapolis_st_paul,16825,jun_sep,existing_d0047,AZIMUTH_INCOMPLETE,True,data/raw/v2/hitl/g3_sampling_design_revision2/geometry_azimuth_reconstruction/minneapolis_st_paul/16825.npz,True,True,True,True,571534,310925,0.5440183786091466,29.352493286132812,0.0,True,True,historical_provenance_only_not_v6_2_study_sample
minneapolis_st_paul,16840,jun_sep,existing_d0047,AZIMUTH_INCOMPLETE,True,data/raw/v2/hitl/g3_sampling_design_revision2/geometry_azimuth_reconstruction/minneapolis_st_paul/16840.npz,True,True,True,True,571534,562186,0.9836440176787383,9.022547006607056,0.0,True,True,historical_provenance_only_not_v6_2_study_sample
minneapolis_st_paul,17310,jun_sep,existing_d0047,RESOLVED_VERIFIED_ZERO_MAPPED_CELLS,True,data/raw/v2/hitl/g3_sampling_design_revision2/geometry_azimuth_reconstruction/minneapolis_st_paul/17310.npz,True,True,True,True,571534,0,0.0,,0.0,True,True,historical_provenance_only_not_v6_2_study_sample
minneapolis_st_paul,17325,jun_sep,existing_d0047,COMPLETE,True,data/raw/v2/hitl/g3_sampling_design_revision2/geometry_azimuth_reconstruction/minneapolis_st_paul/17325.npz,True,True,True,True,571534,571534,1.0,22.822288608551027,1.0,True,True,historical_provenance_only_not_v6_2_study_sample
minneapolis_st_paul,17340,jun_sep,existing_d0047,AZIMUTH_INCOMPLETE,True,data/raw/v2/hitl/g3_sampling_design_revision2/geometry_azimuth_reconstruction/minneapolis_st_paul/17340.npz,True,True,True,True,571534,571534,1.0,17.344054508209226,0.0,True,True,historical_provenance_only_not_v6_2_study_sample
minneapolis_st_paul,17355,jun_sep,existing_d0047,RESOLVED_VERIFIED_ZERO_MAPPED_CELLS,True,data/raw/v2/hitl/g3_sampling_design_revision2/geometry_azimuth_reconstruction/minneapolis_st_paul/17355.npz,True,True,True,True,571534,0,0.0,,0.0,True,True,historical_provenance_only_not_v6_2_study_sample
minneapolis_st_paul,17371,jun_sep,existing_d0047,RESOLVED_VERIFIED_ZERO_MAPPED_CELLS,True,data/raw/v2/hitl/g3_sampling_design_revision2/geometry_azimuth_reconstruction/minneapolis_st_paul/17371.npz,True,True,True,True,571534,0,0.0,,0.0,True,True,historical_provenance_only_not_v6_2_study_sample
minneapolis_st_paul,17416,jun_sep,existing_d0047,RESOLVED_VERIFIED_ZERO_MAPPED_CELLS,True,data/raw/v2/hitl/g3_sampling_design_revision2/geometry_azimuth_reconstruction/minneapolis_st_paul/17416.npz,True,True,True,True,571534,0,0.0,,0.0,True,True,historical_provenance_only_not_v6_2_study_sample
minneapolis_st_paul,17448,jun_sep,existing_d0047,COMPLETE,True,data/raw/v2/hitl/g3_sampling_design_revision2/geometry_azimuth_reconstruction/minneapolis_st_paul/17448.npz,True,True,True,True,571534,571534,1.0,25.031154823303222,1.0,True,True,historical_provenance_only_not_v6_2_study_sample
minneapolis_st_paul,17463,jun_sep,existing_d0047,AZIMUTH_INCOMPLETE,True,data/raw/v2/hitl/g3_sampling_design_revision2/geometry_azimuth_reconstruction/minneapolis_st_paul/17463.npz,True,True,True,True,571534,571534,1.0,15.877189016342161,0.0,True,True,historical_provenance_only_not_v6_2_study_sample
minneapolis_st_paul,17509,jun_sep,existing_d0047,COMPLETE,True,data/raw/v2/hitl/g3_sampling_design_revision2/geometry_azimuth_reconstruction/minneapolis_st_paul/17509.npz,True,True,True,True,571534,571534,1.0,25.846078300476073,1.0,True,True,historical_provenance_only_not_v6_2_study_sample
minneapolis_st_paul,17524,jun_sep,existing_d0047,AZIMUTH_INCOMPLETE,True,data/raw/v2/hitl/g3_sampling_design_revision2/geometry_azimuth_reconstruction/minneapolis_st_paul/17524.npz,True,True,True,True,571534,571534,1.0,14.779530477523803,0.0,True,True,historical_provenance_only_not_v6_2_study_sample
minneapolis_st_paul,17527,jun_sep,existing_d0047,AZIMUTH_INCOMPLETE,True,data/raw/v2/hitl/g3_sampling_design_revision2/geometry_azimuth_reconstruction/minneapolis_st_paul/17527.npz,True,True,True,True,571534,571534,1.0,22.981608486175535,0.0,True,True,historical_provenance_only_not_v6_2_study_sample
minneapolis_st_paul,17539,jun_sep,existing_d0047,RESOLVED_VERIFIED_ZERO_MAPPED_CELLS,True,data/raw/v2/hitl/g3_sampling_design_revision2/geometry_azimuth_reconstruction/minneapolis_st_paul/17539.npz,True,True,True,True,571534,0,0.0,,0.0,True,True,historical_provenance_only_not_v6_2_study_sample
minneapolis_st_paul,17542,jun_sep,existing_d0047,RESOLVED_VERIFIED_ZERO_MAPPED_CELLS,True,data/raw/v2/hitl/g3_sampling_design_revision2/geometry_azimuth_reconstruction/minneapolis_st_paul/17542.npz,True,True,True,True,571534,0,0.0,,0.0,True,True,historical_provenance_only_not_v6_2_study_sample
minneapolis_st_paul,17571,jun_sep,existing_d0047,AZIMUTH_INCOMPLETE,True,data/raw/v2/hitl/g3_sampling_design_revision2/geometry_azimuth_reconstruction/minneapolis_st_paul/17571.npz,True,True,True,True,571534,571280,0.9995555819951218,26.660625457763672,0.0,True,True,historical_provenance_only_not_v6_2_study_sample
minneapolis_st_paul,17574,jun_sep,existing_d0047,AZIMUTH_INCOMPLETE,True,data/raw/v2/hitl/g3_sampling_design_revision2/geometry_azimuth_reconstruction/minneapolis_st_paul/17574.npz,True,True,True,True,571534,571534,1.0,18.268066215515137,0.9636312100417473,True,True,historical_provenance_only_not_v6_2_study_sample
minneapolis_st_paul,17586,jun_sep,existing_d0047,AZIMUTH_INCOMPLETE,True,data/raw/v2/hitl/g3_sampling_design_revision2/geometry_azimuth_reconstruction/minneapolis_st_paul/17586.npz,True,True,True,True,571534,571534,1.0,13.7994767665863,0.0,True,True,historical_provenance_only_not_v6_2_study_sample
minneapolis_st_paul,17604,jun_sep,existing_d0047,RESOLVED_VERIFIED_ZERO_MAPPED_CELLS,True,data/raw/v2/hitl/g3_sampling_design_revision2/geometry_azimuth_reconstruction/minneapolis_st_paul/17604.npz,True,True,True,True,571534,0,0.0,,0.0,True,True,historical_provenance_only_not_v6_2_study_sample
minneapolis_st_paul,17635,jun_sep,existing_d0047,AZIMUTH_INCOMPLETE,True,data/raw/v2/hitl/g3_sampling_design_revision2/geometry_azimuth_reconstruction/minneapolis_st_paul/17635.npz,True,True,True,True,571534,571534,1.0,19.43647966384888,0.9727067855980571,True,True,historical_provenance_only_not_v6_2_study_sample
minneapolis_st_paul,17650,jun_sep,existing_d0047,AZIMUTH_INCOMPLETE,True,data/raw/v2/hitl/g3_sampling_design_revision2/geometry_azimuth_reconstruction/minneapolis_st_paul/17650.npz,True,True,True,True,571534,571534,1.0,21.290197372436523,0.0,True,True,historical_provenance_only_not_v6_2_study_sample
minneapolis_st_paul,17712,jun_sep,existing_d0047,AZIMUTH_INCOMPLETE,True,data/raw/v2/hitl/g3_sampling_design_revision2/geometry_azimuth_reconstruction/minneapolis_st_paul/17712.npz,True,True,True,True,571534,571534,1.0,20.513953113555907,0.0,True,True,historical_provenance_only_not_v6_2_study_sample
minneapolis_st_paul,17727,jun_sep,existing_d0047,RESOLVED_VERIFIED_ZERO_MAPPED_CELLS,True,data/raw/v2/hitl/g3_sampling_design_revision2/geometry_azimuth_reconstruction/minneapolis_st_paul/17727.npz,True,True,True,True,571534,0,0.0,,0.0,True,True,historical_provenance_only_not_v6_2_study_sample
minneapolis_st_paul,17758,jun_sep,existing_d0047,AZIMUTH_INCOMPLETE,True,data/raw/v2/hitl/g3_sampling_design_revision2/geometry_azimuth_reconstruction/minneapolis_st_paul/17758.npz,True,True,True,True,571534,571534,1.0,22.41472339630127,0.0,True,True,historical_provenance_only_not_v6_2_study_sample
minneapolis_st_paul,17773,jun_sep,existing_d0047,AZIMUTH_INCOMPLETE,True,data/raw/v2/hitl/g3_sampling_design_revision2/geometry_azimuth_reconstruction/minneapolis_st_paul/17773.npz,True,True,True,True,571534,571534,1.0,18.125288009643555,0.0,True,True,historical_provenance_only_not_v6_2_study_sample
minneapolis_st_paul,18228,jun_sep,existing_d0047,RESOLVED_VERIFIED_ZERO_MAPPED_CELLS,True,data/raw/v2/hitl/g3_sampling_design_revision2/geometry_azimuth_reconstruction/minneapolis_st_paul/18228.npz,True,True,True,True,571534,0,0.0,,0.0,True,True,historical_provenance_only_not_v6_2_study_sample
minneapolis_st_paul,18350,jun_sep,existing_d0047,RESOLVED_VERIFIED_ZERO_MAPPED_CELLS,True,data/raw/v2/hitl/g3_sampling_design_revision2/geometry_azimuth_reconstruction/minneapolis_st_paul/18350.npz,True,True,True,True,571534,0,0.0,,0.0,True,True,historical_provenance_only_not_v6_2_study_sample
minneapolis_st_paul,22137,jun_sep,existing_d0047,AZIMUTH_INCOMPLETE,True,data/raw/v2/hitl/g3_sampling_design_revision2/geometry_azimuth_reconstruction/minneapolis_st_paul/22137.npz,True,True,True,True,571534,571534,1.0,17.40177021026611,0.0,True,True,historical_provenance_only_not_v6_2_study_sample
minneapolis_st_paul,22152,jun_sep,existing_d0047,RESOLVED_VERIFIED_ZERO_MAPPED_CELLS,True,data/raw/v2/hitl/g3_sampling_design_revision2/geometry_azimuth_reconstruction/minneapolis_st_paul/22152.npz,True,True,True,True,571534,0,0.0,,0.0,True,True,historical_provenance_only_not_v6_2_study_sample
minneapolis_st_paul,22168,jun_sep,existing_d0047,RESOLVED_VERIFIED_ZERO_MAPPED_CELLS,True,data/raw/v2/hitl/g3_sampling_design_revision2/geometry_azimuth_reconstruction/minneapolis_st_paul/22168.npz,True,True,True,True,571534,0,0.0,,0.0,True,True,historical_provenance_only_not_v6_2_study_sample
minneapolis_st_paul,22183,jun_sep,existing_d0047,AZIMUTH_INCOMPLETE,True,data/raw/v2/hitl/g3_sampling_design_revision2/geometry_azimuth_reconstruction/minneapolis_st_paul/22183.npz,True,True,True,True,571534,571534,1.0,24.35873851776123,0.9474466960845724,True,True,historical_provenance_only_not_v6_2_study_sample
minneapolis_st_paul,22198,jun_sep,existing_d0047,AZIMUTH_INCOMPLETE,True,data/raw/v2/hitl/g3_sampling_design_revision2/geometry_azimuth_reconstruction/minneapolis_st_paul/22198.npz,True,True,True,True,571534,571534,1.0,20.024934196472167,0.0,True,True,historical_provenance_only_not_v6_2_study_sample
minneapolis_st_paul,22216,jun_sep,existing_d0047,RESOLVED_VERIFIED_ZERO_MAPPED_CELLS,True,data/raw/v2/hitl/g3_sampling_design_revision2/geometry_azimuth_reconstruction/minneapolis_st_paul/22216.npz,True,True,True,True,571534,0,0.0,,0.0,True,True,historical_provenance_only_not_v6_2_study_sample
minneapolis_st_paul,22245,jun_sep,existing_d0047,AZIMUTH_INCOMPLETE,True,data/raw/v2/hitl/g3_sampling_design_revision2/geometry_azimuth_reconstruction/minneapolis_st_paul/22245.npz,True,True,True,True,571534,571534,1.0,21.2897310256958,0.0,True,True,historical_provenance_only_not_v6_2_study_sample
minneapolis_st_paul,22248,jun_sep,existing_d0047,AZIMUTH_INCOMPLETE,True,data/raw/v2/hitl/g3_sampling_design_revision2/geometry_azimuth_reconstruction/minneapolis_st_paul/22248.npz,True,True,True,True,571534,571534,1.0,12.808069658279418,0.0,True,True,historical_provenance_only_not_v6_2_study_sample
minneapolis_st_paul,22260,jun_sep,existing_d0047,AZIMUTH_INCOMPLETE,True,data/raw/v2/hitl/g3_sampling_design_revision2/geometry_azimuth_reconstruction/minneapolis_st_paul/22260.npz,True,True,True,True,571534,571534,1.0,23.65475845336914,0.0,True,True,historical_provenance_only_not_v6_2_study_sample
minneapolis_st_paul,22291,jun_sep,existing_d0047,RESOLVED_VERIFIED_ZERO_MAPPED_CELLS,True,data/raw/v2/hitl/g3_sampling_design_revision2/geometry_azimuth_reconstruction/minneapolis_st_paul/22291.npz,True,True,True,True,571534,0,0.0,,0.0,True,True,historical_provenance_only_not_v6_2_study_sample
minneapolis_st_paul,22306,jun_sep,existing_d0047,AZIMUTH_INCOMPLETE,True,data/raw/v2/hitl/g3_sampling_design_revision2/geometry_azimuth_reconstruction/minneapolis_st_paul/22306.npz,True,True,True,True,571534,571534,1.0,17.933212280273438,0.0,True,True,historical_provenance_only_not_v6_2_study_sample
minneapolis_st_paul,22355,jun_sep,existing_d0047,COMPLETE,True,data/raw/v2/hitl/g3_sampling_design_revision2/geometry_azimuth_reconstruction/minneapolis_st_paul/22355.npz,True,True,True,True,571534,162632,0.28455349987927225,30.857987308502196,1.0,True,True,historical_provenance_only_not_v6_2_study_sample
minneapolis_st_paul,22370,jun_sep,existing_d0047,AZIMUTH_INCOMPLETE,True,data/raw/v2/hitl/g3_sampling_design_revision2/geometry_azimuth_reconstruction/minneapolis_st_paul/22370.npz,True,True,True,True,571534,571534,1.0,11.46220908164978,0.0,True,True,historical_provenance_only_not_v6_2_study_sample
minneapolis_st_paul,22416,jun_sep,existing_d0047,COMPLETE,True,data/raw/v2/hitl/g3_sampling_design_revision2/geometry_azimuth_reconstruction/minneapolis_st_paul/22416.npz,True,True,True,True,571534,431706,0.7553461386374214,28.936580181121826,1.0,True,True,historical_provenance_only_not_v6_2_study_sample
minneapolis_st_paul,22477,jun_sep,existing_d0047,AZIMUTH_INCOMPLETE,True,data/raw/v2/hitl/g3_sampling_design_revision2/geometry_azimuth_reconstruction/minneapolis_st_paul/22477.npz,True,True,True,True,571534,571534,1.0,28.385019302368164,0.0,True,True,historical_provenance_only_not_v6_2_study_sample
minneapolis_st_paul,22978,jun_sep,existing_d0047,AZIMUTH_INCOMPLETE,True,data/raw/v2/hitl/g3_sampling_design_revision2/geometry_azimuth_reconstruction/minneapolis_st_paul/22978.npz,True,True,True,True,571534,168346,0.29455115531184495,30.633054733276367,0.0,True,True,historical_provenance_only_not_v6_2_study_sample
minneapolis_st_paul,23009,jun_sep,existing_d0047,COMPLETE,True,data/raw/v2/hitl/g3_sampling_design_revision2/geometry_azimuth_reconstruction/minneapolis_st_paul/23009.npz,True,True,True,True,571534,126980,0.2221740088953588,28.048368453979492,1.0,True,True,historical_provenance_only_not_v6_2_study_sample
minneapolis_st_paul,23024,jun_sep,existing_d0047,AZIMUTH_INCOMPLETE,True,data/raw/v2/hitl/g3_sampling_design_revision2/geometry_azimuth_reconstruction/minneapolis_st_paul/23024.npz,True,True,True,True,571534,571534,1.0,10.179680395126342,0.0,True,True,historical_provenance_only_not_v6_2_study_sample
minneapolis_st_paul,23039,jun_sep,existing_d0047,RESOLVED_VERIFIED_ZERO_MAPPED_CELLS,True,data/raw/v2/hitl/g3_sampling_design_revision2/geometry_azimuth_reconstruction/minneapolis_st_paul/23039.npz,True,True,True,True,571534,0,0.0,,0.0,True,True,historical_provenance_only_not_v6_2_study_sample
minneapolis_st_paul,23070,jun_sep,existing_d0047,COMPLETE,True,data/raw/v2/hitl/g3_sampling_design_revision2/geometry_azimuth_reconstruction/minneapolis_st_paul/23070.npz,True,True,True,True,571534,488420,0.8545773304825259,28.099109840393066,1.0,True,True,historical_provenance_only_not_v6_2_study_sample
minneapolis_st_paul,23100,jun_sep,existing_d0047,RESOLVED_VERIFIED_ZERO_MAPPED_CELLS,True,data/raw/v2/hitl/g3_sampling_design_revision2/geometry_azimuth_reconstruction/minneapolis_st_paul/23100.npz,True,True,True,True,571534,0,0.0,,0.0,True,True,historical_provenance_only_not_v6_2_study_sample
minneapolis_st_paul,23134,jun_sep,existing_d0047,AZIMUTH_INCOMPLETE,True,data/raw/v2/hitl/g3_sampling_design_revision2/geometry_azimuth_reconstruction/minneapolis_st_paul/23134.npz,True,True,True,True,571534,571534,1.0,16.31342782974243,0.006946218422701012,True,True,historical_provenance_only_not_v6_2_study_sample
minneapolis_st_paul,23146,jun_sep,existing_d0047,AZIMUTH_INCOMPLETE,True,data/raw/v2/hitl/g3_sampling_design_revision2/geometry_azimuth_reconstruction/minneapolis_st_paul/23146.npz,True,True,True,True,571534,571534,1.0,19.347951889038086,0.0,True,True,historical_provenance_only_not_v6_2_study_sample
minneapolis_st_paul,23177,jun_sep,existing_d0047,RESOLVED_VERIFIED_ZERO_MAPPED_CELLS,True,data/raw/v2/hitl/g3_sampling_design_revision2/geometry_azimuth_reconstruction/minneapolis_st_paul/23177.npz,True,True,True,True,571534,0,0.0,,0.0,True,True,historical_provenance_only_not_v6_2_study_sample
minneapolis_st_paul,23192,jun_sep,existing_d0047,AZIMUTH_INCOMPLETE,True,data/raw/v2/hitl/g3_sampling_design_revision2/geometry_azimuth_reconstruction/minneapolis_st_paul/23192.npz,True,True,True,True,571534,571534,1.0,20.531063938140868,0.0,True,True,historical_provenance_only_not_v6_2_study_sample
minneapolis_st_paul,23195,jun_sep,existing_d0047,AZIMUTH_INCOMPLETE,True,data/raw/v2/hitl/g3_sampling_design_revision2/geometry_azimuth_reconstruction/minneapolis_st_paul/23195.npz,True,True,True,True,571534,571534,1.0,11.297938251495362,0.0,True,True,historical_provenance_only_not_v6_2_study_sample
minneapolis_st_paul,23208,jun_sep,existing_d0047,AZIMUTH_INCOMPLETE,True,data/raw/v2/hitl/g3_sampling_design_revision2/geometry_azimuth_reconstruction/minneapolis_st_paul/23208.npz,True,True,True,True,571534,571534,1.0,24.688632583618162,0.0,True,True,historical_provenance_only_not_v6_2_study_sample
minneapolis_st_paul,23211,jun_sep,existing_d0047,AZIMUTH_INCOMPLETE,True,data/raw/v2/hitl/g3_sampling_design_revision2/geometry_azimuth_reconstruction/minneapolis_st_paul/23211.npz,True,True,True,True,571534,315069,0.5512690408619609,27.901470184326172,0.0,True,True,historical_provenance_only_not_v6_2_study_sample
minneapolis_st_paul,23239,jun_sep,existing_d0047,RESOLVED_VERIFIED_ZERO_MAPPED_CELLS,True,data/raw/v2/hitl/g3_sampling_design_revision2/geometry_azimuth_reconstruction/minneapolis_st_paul/23239.npz,True,True,True,True,571534,0,0.0,,0.0,True,True,historical_provenance_only_not_v6_2_study_sample
minneapolis_st_paul,23272,jun_sep,existing_d0047,AZIMUTH_INCOMPLETE,True,data/raw/v2/hitl/g3_sampling_design_revision2/geometry_azimuth_reconstruction/minneapolis_st_paul/23272.npz,True,True,True,True,571534,3451,0.006038135963914657,28.313602447509766,0.0,True,True,historical_provenance_only_not_v6_2_study_sample
minneapolis_st_paul,23303,jun_sep,existing_d0047,COMPLETE,True,data/raw/v2/hitl/g3_sampling_design_revision2/geometry_azimuth_reconstruction/minneapolis_st_paul/23303.npz,True,True,True,True,571534,366814,0.6418060867769897,30.284606456756592,1.0,True,True,historical_provenance_only_not_v6_2_study_sample
minneapolis_st_paul,23319,jun_sep,existing_d0047,AZIMUTH_INCOMPLETE,True,data/raw/v2/hitl/g3_sampling_design_revision2/geometry_azimuth_reconstruction/minneapolis_st_paul/23319.npz,True,True,True,True,571534,571534,1.0,12.577631711959839,0.0,True,True,historical_provenance_only_not_v6_2_study_sample
minneapolis_st_paul,23334,jun_sep,existing_d0047,RESOLVED_VERIFIED_ZERO_MAPPED_CELLS,True,data/raw/v2/hitl/g3_sampling_design_revision2/geometry_azimuth_reconstruction/minneapolis_st_paul/23334.npz,True,True,True,True,571534,0,0.0,,0.0,True,True,historical_provenance_only_not_v6_2_study_sample
minneapolis_st_paul,23365,jun_sep,existing_d0047,COMPLETE,True,data/raw/v2/hitl/g3_sampling_design_revision2/geometry_azimuth_reconstruction/minneapolis_st_paul/23365.npz,True,True,True,True,571534,571534,1.0,27.599162769317626,1.0,True,True,historical_provenance_only_not_v6_2_study_sample
minneapolis_st_paul,23395,jun_sep,existing_d0047,RESOLVED_VERIFIED_ZERO_MAPPED_CELLS,True,data/raw/v2/hitl/g3_sampling_design_revision2/geometry_azimuth_reconstruction/minneapolis_st_paul/23395.npz,True,True,True,True,571534,0,0.0,,0.0,True,True,historical_provenance_only_not_v6_2_study_sample
minneapolis_st_paul,23426,jun_sep,existing_d0047,AZIMUTH_INCOMPLETE,True,data/raw/v2/hitl/g3_sampling_design_revision2/geometry_azimuth_reconstruction/minneapolis_st_paul/23426.npz,True,True,True,True,571534,571534,1.0,22.4290207862854,0.0,True,True,historical_provenance_only_not_v6_2_study_sample
minneapolis_st_paul,23868,jun_sep,existing_d0047,RESOLVED_VERIFIED_ZERO_MAPPED_CELLS,True,data/raw/v2/hitl/g3_sampling_design_revision2/geometry_azimuth_reconstruction/minneapolis_st_paul/23868.npz,True,True,True,True,571534,0,0.0,,0.0,True,True,historical_provenance_only_not_v6_2_study_sample
minneapolis_st_paul,24006,jun_sep,existing_d0047,RESOLVED_VERIFIED_ZERO_MAPPED_CELLS,True,data/raw/v2/hitl/g3_sampling_design_revision2/geometry_azimuth_reconstruction/minneapolis_st_paul/24006.npz,True,True,True,True,571534,0,0.0,,0.0,True,True,historical_provenance_only_not_v6_2_study_sample
minneapolis_st_paul,24021,jun_sep,existing_d0047,AZIMUTH_INCOMPLETE,True,data/raw/v2/hitl/g3_sampling_design_revision2/geometry_azimuth_reconstruction/minneapolis_st_paul/24021.npz,True,True,True,True,571534,571534,1.0,15.727213621139526,0.45372978685432536,True,True,historical_provenance_only_not_v6_2_study_sample
minneapolis_st_paul,27836,jun_sep,existing_d0047,RESOLVED_VERIFIED_ZERO_MAPPED_CELLS,True,data/raw/v2/hitl/g3_sampling_design_revision2/geometry_azimuth_reconstruction/minneapolis_st_paul/27836.npz,True,True,True,True,571534,0,0.0,,0.0,True,True,historical_provenance_only_not_v6_2_study_sample
minneapolis_st_paul,27839,jun_sep,existing_d0047,AZIMUTH_INCOMPLETE,True,data/raw/v2/hitl/g3_sampling_design_revision2/geometry_azimuth_reconstruction/minneapolis_st_paul/27839.npz,True,True,True,True,571534,1667,0.002916711866660601,28.02541732788086,0.0,True,True,historical_provenance_only_not_v6_2_study_sample
minneapolis_st_paul,27870,jun_sep,existing_d0047,COMPLETE,True,data/raw/v2/hitl/g3_sampling_design_revision2/geometry_azimuth_reconstruction/minneapolis_st_paul/27870.npz,True,True,True,True,571534,480513,0.8407426329842144,30.414044952392576,1.0,True,True,historical_provenance_only_not_v6_2_study_sample
minneapolis_st_paul,27885,jun_sep,existing_d0047,AZIMUTH_INCOMPLETE,True,data/raw/v2/hitl/g3_sampling_design_revision2/geometry_azimuth_reconstruction/minneapolis_st_paul/27885.npz,True,True,True,True,571534,571534,1.0,13.8927921295166,0.0,True,True,historical_provenance_only_not_v6_2_study_sample
minneapolis_st_paul,27897,jun_sep,existing_d0047,AZIMUTH_INCOMPLETE,True,data/raw/v2/hitl/g3_sampling_design_revision2/geometry_azimuth_reconstruction/minneapolis_st_paul/27897.npz,True,True,True,True,571534,143117,0.2504085496225946,30.379204559326173,0.0,True,True,historical_provenance_only_not_v6_2_study_sample
minneapolis_st_paul,27900,jun_sep,existing_d0047,RESOLVED_VERIFIED_ZERO_MAPPED_CELLS,True,data/raw/v2/hitl/g3_sampling_design_revision2/geometry_azimuth_reconstruction/minneapolis_st_paul/27900.npz,True,True,True,True,571534,0,0.0,,0.0,True,True,historical_provenance_only_not_v6_2_study_sample
minneapolis_st_paul,27931,jun_sep,existing_d0047,AZIMUTH_INCOMPLETE,True,data/raw/v2/hitl/g3_sampling_design_revision2/geometry_azimuth_reconstruction/minneapolis_st_paul/27931.npz,True,True,True,True,571534,571534,1.0,25.07549304962158,0.999471597490263,True,True,historical_provenance_only_not_v6_2_study_sample
minneapolis_st_paul,27946,jun_sep,existing_d0047,AZIMUTH_INCOMPLETE,True,data/raw/v2/hitl/g3_sampling_design_revision2/geometry_azimuth_reconstruction/minneapolis_st_paul/27946.npz,True,True,True,True,571534,571534,1.0,19.93919849395752,0.0,True,True,historical_provenance_only_not_v6_2_study_sample
minneapolis_st_paul,27961,jun_sep,existing_d0047,RESOLVED_VERIFIED_ZERO_MAPPED_CELLS,True,data/raw/v2/hitl/g3_sampling_design_revision2/geometry_azimuth_reconstruction/minneapolis_st_paul/27961.npz,True,True,True,True,571534,0,0.0,,0.0,True,True,historical_provenance_only_not_v6_2_study_sample
minneapolis_st_paul,27992,jun_sep,existing_d0047,AZIMUTH_INCOMPLETE,True,data/raw/v2/hitl/g3_sampling_design_revision2/geometry_azimuth_reconstruction/minneapolis_st_paul/27992.npz,True,True,True,True,571534,571534,1.0,17.896467399597167,0.13766285120395286,True,True,historical_provenance_only_not_v6_2_study_sample
minneapolis_st_paul,28007,jun_sep,existing_d0047,AZIMUTH_INCOMPLETE,True,data/raw/v2/hitl/g3_sampling_design_revision2/geometry_azimuth_reconstruction/minneapolis_st_paul/28007.npz,True,True,True,True,571534,571534,1.0,26.248064708709716,0.0,True,True,historical_provenance_only_not_v6_2_study_sample
minneapolis_st_paul,28038,jun_sep,existing_d0047,RESOLVED_VERIFIED_ZERO_MAPPED_CELLS,True,data/raw/v2/hitl/g3_sampling_design_revision2/geometry_azimuth_reconstruction/minneapolis_st_paul/28038.npz,True,True,True,True,571534,0,0.0,,0.0,True,True,historical_provenance_only_not_v6_2_study_sample
minneapolis_st_paul,28068,jun_sep,existing_d0047,AZIMUTH_INCOMPLETE,True,data/raw/v2/hitl/g3_sampling_design_revision2/geometry_azimuth_reconstruction/minneapolis_st_paul/28068.npz,True,True,True,True,571534,390798,0.6837703443714634,28.227901458740234,0.0,True,True,historical_provenance_only_not_v6_2_study_sample
minneapolis_st_paul,28099,jun_sep,existing_d0047,RESOLVED_VERIFIED_ZERO_MAPPED_CELLS,True,data/raw/v2/hitl/g3_sampling_design_revision2/geometry_azimuth_reconstruction/minneapolis_st_paul/28099.npz,True,True,True,True,571534,0,0.0,,0.0,True,True,historical_provenance_only_not_v6_2_study_sample
minneapolis_st_paul,28114,jun_sep,existing_d0047,AZIMUTH_INCOMPLETE,True,data/raw/v2/hitl/g3_sampling_design_revision2/geometry_azimuth_reconstruction/minneapolis_st_paul/28114.npz,True,True,True,True,571534,571534,1.0,9.287345266342163,0.0,True,True,historical_provenance_only_not_v6_2_study_sample
minneapolis_st_paul,28129,jun_sep,existing_d0047,AZIMUTH_INCOMPLETE,True,data/raw/v2/hitl/g3_sampling_design_revision2/geometry_azimuth_reconstruction/minneapolis_st_paul/28129.npz,True,True,True,True,571534,12968,0.02268981372936693,28.54545783996582,0.0,True,True,historical_provenance_only_not_v6_2_study_sample
minneapolis_st_paul,28630,jun_sep,existing_d0047,COMPLETE,True,data/raw/v2/hitl/g3_sampling_design_revision2/geometry_azimuth_reconstruction/minneapolis_st_paul/28630.npz,True,True,True,True,571534,15843,0.027720135634975347,28.126585006713867,1.0,True,True,historical_provenance_only_not_v6_2_study_sample
minneapolis_st_paul,28660,jun_sep,existing_d0047,AZIMUTH_INCOMPLETE,True,data/raw/v2/hitl/g3_sampling_design_revision2/geometry_azimuth_reconstruction/minneapolis_st_paul/28660.npz,True,True,True,True,571534,142593,0.24949171877788548,30.421506881713867,0.0,True,True,historical_provenance_only_not_v6_2_study_sample
minneapolis_st_paul,28770,jun_sep,existing_d0047,AZIMUTH_INCOMPLETE,True,data/raw/v2/hitl/g3_sampling_design_revision2/geometry_azimuth_reconstruction/minneapolis_st_paul/28770.npz,True,True,True,True,571534,571534,1.0,21.085552215576172,0.0,True,True,historical_provenance_only_not_v6_2_study_sample
minneapolis_st_paul,28782,jun_sep,existing_d0047,RESOLVED_VERIFIED_ZERO_MAPPED_CELLS,True,data/raw/v2/hitl/g3_sampling_design_revision2/geometry_azimuth_reconstruction/minneapolis_st_paul/28782.npz,True,True,True,True,571534,0,0.0,,0.0,True,True,historical_provenance_only_not_v6_2_study_sample
minneapolis_st_paul,28785,jun_sep,existing_d0047,RESOLVED_VERIFIED_ZERO_MAPPED_CELLS,True,data/raw/v2/hitl/g3_sampling_design_revision2/geometry_azimuth_reconstruction/minneapolis_st_paul/28785.npz,True,True,True,True,571534,0,0.0,,0.0,True,True,historical_provenance_only_not_v6_2_study_sample
minneapolis_st_paul,28892,jun_sep,existing_d0047,AZIMUTH_INCOMPLETE,True,data/raw/v2/hitl/g3_sampling_design_revision2/geometry_azimuth_reconstruction/minneapolis_st_paul/28892.npz,True,True,True,True,571534,519849,0.9095679347160449,27.854263687133788,0.0,True,True,historical_provenance_only_not_v6_2_study_sample
minneapolis_st_paul,28923,jun_sep,existing_d0047,RESOLVED_VERIFIED_ZERO_MAPPED_CELLS,True,data/raw/v2/hitl/g3_sampling_design_revision2/geometry_azimuth_reconstruction/minneapolis_st_paul/28923.npz,True,True,True,True,571534,0,0.0,,0.0,True,True,historical_provenance_only_not_v6_2_study_sample
minneapolis_st_paul,28938,jun_sep,existing_d0047,AZIMUTH_INCOMPLETE,True,data/raw/v2/hitl/g3_sampling_design_revision2/geometry_azimuth_reconstruction/minneapolis_st_paul/28938.npz,True,True,True,True,571534,564279,0.9873060920260212,11.628365612030029,0.0,True,True,historical_provenance_only_not_v6_2_study_sample
minneapolis_st_paul,28953,jun_sep,existing_d0047,AZIMUTH_INCOMPLETE,True,data/raw/v2/hitl/g3_sampling_design_revision2/geometry_azimuth_reconstruction/minneapolis_st_paul/28953.npz,True,True,True,True,571534,183169,0.32048662021856966,27.978682708740234,0.0,True,True,historical_provenance_only_not_v6_2_study_sample
minneapolis_st_paul,28999,jun_sep,existing_d0047,AZIMUTH_INCOMPLETE,True,data/raw/v2/hitl/g3_sampling_design_revision2/geometry_azimuth_reconstruction/minneapolis_st_paul/28999.npz,True,True,True,True,571534,571534,1.0,10.782626962661743,0.0,True,True,historical_provenance_only_not_v6_2_study_sample
minneapolis_st_paul,29014,jun_sep,existing_d0047,AZIMUTH_INCOMPLETE,True,data/raw/v2/hitl/g3_sampling_design_revision2/geometry_azimuth_reconstruction/minneapolis_st_paul/29014.npz,True,True,True,True,571534,394218,0.6897542403426568,28.257291793823242,0.0,True,True,historical_provenance_only_not_v6_2_study_sample
minneapolis_st_paul,29045,jun_sep,existing_d0047,RESOLVED_VERIFIED_ZERO_MAPPED_CELLS,True,data/raw/v2/hitl/g3_sampling_design_revision2/geometry_azimuth_reconstruction/minneapolis_st_paul/29045.npz,True,True,True,True,571534,0,0.0,,0.0,True,True,historical_provenance_only_not_v6_2_study_sample
minneapolis_st_paul,29060,jun_sep,existing_d0047,AZIMUTH_INCOMPLETE,True,data/raw/v2/hitl/g3_sampling_design_revision2/geometry_azimuth_reconstruction/minneapolis_st_paul/29060.npz,True,True,True,True,571534,571534,1.0,9.929862022399902,0.0,True,True,historical_provenance_only_not_v6_2_study_sample
minneapolis_st_paul,29106,jun_sep,existing_d0047,AZIMUTH_INCOMPLETE,True,data/raw/v2/hitl/g3_sampling_design_revision2/geometry_azimuth_reconstruction/minneapolis_st_paul/29106.npz,True,True,True,True,571534,79,0.00013822449758019644,28.45462417602539,0.0,True,True,historical_provenance_only_not_v6_2_study_sample
minneapolis_st_paul,29606,jun_sep,existing_d0047,AZIMUTH_INCOMPLETE,True,data/raw/v2/hitl/g3_sampling_design_revision2/geometry_azimuth_reconstruction/minneapolis_st_paul/29606.npz,True,True,True,True,571534,571534,1.0,21.647600364685058,0.0,True,True,historical_provenance_only_not_v6_2_study_sample
minneapolis_st_paul,33560,jun_sep,existing_d0047,AZIMUTH_INCOMPLETE,True,data/raw/v2/hitl/g3_sampling_design_revision2/geometry_azimuth_reconstruction/minneapolis_st_paul/33560.npz,True,True,True,True,571534,265251,0.46410362288157836,28.21919345855713,0.0,True,True,historical_provenance_only_not_v6_2_study_sample
minneapolis_st_paul,33591,jun_sep,existing_d0047,COMPLETE,True,data/raw/v2/hitl/g3_sampling_design_revision2/geometry_azimuth_reconstruction/minneapolis_st_paul/33591.npz,True,True,True,True,571534,180032,0.3149978828906067,28.614587783813477,1.0,True,True,historical_provenance_only_not_v6_2_study_sample
minneapolis_st_paul,33606,jun_sep,existing_d0047,AZIMUTH_INCOMPLETE,True,data/raw/v2/hitl/g3_sampling_design_revision2/geometry_azimuth_reconstruction/minneapolis_st_paul/33606.npz,True,True,True,True,571534,571534,1.0,11.315892553329467,0.0,True,True,historical_provenance_only_not_v6_2_study_sample
minneapolis_st_paul,33621,jun_sep,existing_d0047,RESOLVED_VERIFIED_ZERO_MAPPED_CELLS,True,data/raw/v2/hitl/g3_sampling_design_revision2/geometry_azimuth_reconstruction/minneapolis_st_paul/33621.npz,True,True,True,True,571534,0,0.0,,0.0,True,True,historical_provenance_only_not_v6_2_study_sample
minneapolis_st_paul,33652,jun_sep,existing_d0047,COMPLETE,True,data/raw/v2/hitl/g3_sampling_design_revision2/geometry_azimuth_reconstruction/minneapolis_st_paul/33652.npz,True,True,True,True,571534,571534,1.0,27.857730865478516,1.0,True,True,historical_provenance_only_not_v6_2_study_sample
minneapolis_st_paul,33667,jun_sep,existing_d0047,AZIMUTH_INCOMPLETE,True,data/raw/v2/hitl/g3_sampling_design_revision2/geometry_azimuth_reconstruction/minneapolis_st_paul/33667.npz,True,True,True,True,571534,571534,1.0,16.79987144470215,0.0,True,True,historical_provenance_only_not_v6_2_study_sample
minneapolis_st_paul,33774,jun_sep,existing_d0047,AZIMUTH_INCOMPLETE,True,data/raw/v2/hitl/g3_sampling_design_revision2/geometry_azimuth_reconstruction/minneapolis_st_paul/33774.npz,True,True,True,True,571534,571534,1.0,21.685934257507324,0.0,True,True,historical_provenance_only_not_v6_2_study_sample
minneapolis_st_paul,34259,jun_sep,existing_d0047,AZIMUTH_INCOMPLETE,True,data/raw/v2/hitl/g3_sampling_design_revision2/geometry_azimuth_reconstruction/minneapolis_st_paul/34259.npz,True,True,True,True,571534,492382,0.8615095514877505,9.934802722930907,0.0,True,True,historical_provenance_only_not_v6_2_study_sample
minneapolis_st_paul,34274,jun_sep,existing_d0047,AZIMUTH_INCOMPLETE,True,data/raw/v2/hitl/g3_sampling_design_revision2/geometry_azimuth_reconstruction/minneapolis_st_paul/34274.npz,True,True,True,True,571534,37793,0.06612554983605524,30.602371215820312,0.0,True,True,historical_provenance_only_not_v6_2_study_sample
minneapolis_st_paul,34305,jun_sep,existing_d0047,COMPLETE,True,data/raw/v2/hitl/g3_sampling_design_revision2/geometry_azimuth_reconstruction/minneapolis_st_paul/34305.npz,True,True,True,True,571534,240724,0.4211892905758888,28.320862674713133,1.0,True,True,historical_provenance_only_not_v6_2_study_sample
minneapolis_st_paul,34381,jun_sep,existing_d0047,AZIMUTH_INCOMPLETE,True,data/raw/v2/hitl/g3_sampling_design_revision2/geometry_azimuth_reconstruction/minneapolis_st_paul/34381.npz,True,True,True,True,571534,571534,1.0,17.216711044311523,0.0,True,True,historical_provenance_only_not_v6_2_study_sample
minneapolis_st_paul,34399,jun_sep,existing_d0047,RESOLVED_VERIFIED_ZERO_MAPPED_CELLS,True,data/raw/v2/hitl/g3_sampling_design_revision2/geometry_azimuth_reconstruction/minneapolis_st_paul/34399.npz,True,True,True,True,571534,0,0.0,,0.0,True,True,historical_provenance_only_not_v6_2_study_sample
minneapolis_st_paul,34430,jun_sep,existing_d0047,AZIMUTH_INCOMPLETE,True,data/raw/v2/hitl/g3_sampling_design_revision2/geometry_azimuth_reconstruction/minneapolis_st_paul/34430.npz,True,True,True,True,571534,571534,1.0,15.041519832611083,0.0,True,True,historical_provenance_only_not_v6_2_study_sample
minneapolis_st_paul,34445,jun_sep,existing_d0047,AZIMUTH_INCOMPLETE,True,data/raw/v2/hitl/g3_sampling_design_revision2/geometry_azimuth_reconstruction/minneapolis_st_paul/34445.npz,True,True,True,True,571534,570301,0.9978426480314382,27.45122718811035,0.0,True,True,historical_provenance_only_not_v6_2_study_sample
minneapolis_st_paul,34506,jun_sep,existing_d0047,AZIMUTH_INCOMPLETE,True,data/raw/v2/hitl/g3_sampling_design_revision2/geometry_azimuth_reconstruction/minneapolis_st_paul/34506.npz,True,True,True,True,571534,464811,0.8132692018322619,28.021763801574707,0.0,True,True,historical_provenance_only_not_v6_2_study_sample
minneapolis_st_paul,34537,jun_sep,existing_d0047,RESOLVED_VERIFIED_ZERO_MAPPED_CELLS,True,data/raw/v2/hitl/g3_sampling_design_revision2/geometry_azimuth_reconstruction/minneapolis_st_paul/34537.npz,True,True,True,True,571534,0,0.0,,0.0,True,True,historical_provenance_only_not_v6_2_study_sample
minneapolis_st_paul,34613,jun_sep,existing_d0047,AZIMUTH_INCOMPLETE,True,data/raw/v2/hitl/g3_sampling_design_revision2/geometry_azimuth_reconstruction/minneapolis_st_paul/34613.npz,True,True,True,True,571534,571534,1.0,10.549063682556152,0.0,True,True,historical_provenance_only_not_v6_2_study_sample
minneapolis_st_paul,34628,jun_sep,existing_d0047,AZIMUTH_INCOMPLETE,True,data/raw/v2/hitl/g3_sampling_design_revision2/geometry_azimuth_reconstruction/minneapolis_st_paul/34628.npz,True,True,True,True,571534,7692,0.01345851690363128,28.829219818115234,0.0,True,True,historical_provenance_only_not_v6_2_study_sample
minneapolis_st_paul,34674,jun_sep,existing_d0047,AZIMUTH_INCOMPLETE,True,data/raw/v2/hitl/g3_sampling_design_revision2/geometry_azimuth_reconstruction/minneapolis_st_paul/34674.npz,True,True,True,True,571534,571534,1.0,13.316818523406981,0.0,True,True,historical_provenance_only_not_v6_2_study_sample
minneapolis_st_paul,34689,jun_sep,existing_d0047,RESOLVED_VERIFIED_ZERO_MAPPED_CELLS,True,data/raw/v2/hitl/g3_sampling_design_revision2/geometry_azimuth_reconstruction/minneapolis_st_paul/34689.npz,True,True,True,True,571534,0,0.0,,0.0,True,True,historical_provenance_only_not_v6_2_study_sample
minneapolis_st_paul,34720,jun_sep,existing_d0047,RESOLVED_UNAVAILABLE,False,,True,True,True,True,,,,,,True,True,historical_provenance_only_not_v6_2_study_sample
minneapolis_st_paul,35266,jun_sep,existing_d0047,AZIMUTH_INCOMPLETE,True,data/raw/v2/hitl/g3_sampling_design_revision2/geometry_azimuth_reconstruction/minneapolis_st_paul/35266.npz,True,True,True,True,571534,571534,1.0,24.34453992843628,0.999984252905339,True,True,historical_provenance_only_not_v6_2_study_sample
minneapolis_st_paul,35296,jun_sep,existing_d0047,RESOLVED_VERIFIED_ZERO_MAPPED_CELLS,True,data/raw/v2/hitl/g3_sampling_design_revision2/geometry_azimuth_reconstruction/minneapolis_st_paul/35296.npz,True,True,True,True,571534,0,0.0,,0.0,True,True,historical_provenance_only_not_v6_2_study_sample
minneapolis_st_paul,39160,jun_sep,existing_d0047,COMPLETE,True,data/raw/v2/hitl/g3_sampling_design_revision2/geometry_azimuth_reconstruction/minneapolis_st_paul/39160.npz,True,True,True,True,571534,41056,0.07183474648927272,27.10991668701172,1.0,True,True,historical_provenance_only_not_v6_2_study_sample
minneapolis_st_paul,39163,jun_sep,existing_d0047,AZIMUTH_INCOMPLETE,True,data/raw/v2/hitl/g3_sampling_design_revision2/geometry_azimuth_reconstruction/minneapolis_st_paul/39163.npz,True,True,True,True,571534,571534,1.0,20.192467498779298,0.7205590568540104,True,True,historical_provenance_only_not_v6_2_study_sample
minneapolis_st_paul,39179,jun_sep,existing_d0047,AZIMUTH_INCOMPLETE,True,data/raw/v2/hitl/g3_sampling_design_revision2/geometry_azimuth_reconstruction/minneapolis_st_paul/39179.npz,True,True,True,True,571534,571534,1.0,22.80009021759033,0.0,True,True,historical_provenance_only_not_v6_2_study_sample
minneapolis_st_paul,39191,jun_sep,existing_d0047,RESOLVED_VERIFIED_ZERO_MAPPED_CELLS,True,data/raw/v2/hitl/g3_sampling_design_revision2/geometry_azimuth_reconstruction/minneapolis_st_paul/39191.npz,True,True,True,True,571534,0,0.0,,0.0,True,True,historical_provenance_only_not_v6_2_study_sample
minneapolis_st_paul,39194,jun_sep,existing_d0047,RESOLVED_VERIFIED_ZERO_MAPPED_CELLS,True,data/raw/v2/hitl/g3_sampling_design_revision2/geometry_azimuth_reconstruction/minneapolis_st_paul/39194.npz,True,True,True,True,571534,0,0.0,,0.0,True,True,historical_provenance_only_not_v6_2_study_sample
minneapolis_st_paul,39222,jun_sep,existing_d0047,RESOLVED_VERIFIED_ZERO_MAPPED_CELLS,True,data/raw/v2/hitl/g3_sampling_design_revision2/geometry_azimuth_reconstruction/minneapolis_st_paul/39222.npz,True,True,True,True,571534,0,0.0,,0.0,True,True,historical_provenance_only_not_v6_2_study_sample
minneapolis_st_paul,39225,jun_sep,existing_d0047,AZIMUTH_INCOMPLETE,True,data/raw/v2/hitl/g3_sampling_design_revision2/geometry_azimuth_reconstruction/minneapolis_st_paul/39225.npz,True,True,True,True,571534,571534,1.0,16.12277364730835,0.04427033212372317,True,True,historical_provenance_only_not_v6_2_study_sample
minneapolis_st_paul,39240,jun_sep,existing_d0047,AZIMUTH_INCOMPLETE,True,data/raw/v2/hitl/g3_sampling_design_revision2/geometry_azimuth_reconstruction/minneapolis_st_paul/39240.npz,True,True,True,True,571534,571534,1.0,26.38315773010254,0.0,True,True,historical_provenance_only_not_v6_2_study_sample
minneapolis_st_paul,39271,jun_sep,existing_d0047,RESOLVED_VERIFIED_ZERO_MAPPED_CELLS,True,data/raw/v2/hitl/g3_sampling_design_revision2/geometry_azimuth_reconstruction/minneapolis_st_paul/39271.npz,True,True,True,True,571534,0,0.0,,0.0,True,True,historical_provenance_only_not_v6_2_study_sample
minneapolis_st_paul,39302,jun_sep,existing_d0047,AZIMUTH_INCOMPLETE,True,data/raw/v2/hitl/g3_sampling_design_revision2/geometry_azimuth_reconstruction/minneapolis_st_paul/39302.npz,True,True,True,True,571534,415715,0.7273670507791312,27.84172668457031,0.0,True,True,historical_provenance_only_not_v6_2_study_sample
minneapolis_st_paul,39348,jun_sep,existing_d0047,AZIMUTH_INCOMPLETE,True,data/raw/v2/hitl/g3_sampling_design_revision2/geometry_azimuth_reconstruction/minneapolis_st_paul/39348.npz,True,True,True,True,571534,571534,1.0,8.700675058364869,0.0,True,True,historical_provenance_only_not_v6_2_study_sample
minneapolis_st_paul,39363,jun_sep,existing_d0047,AZIMUTH_INCOMPLETE,True,data/raw/v2/hitl/g3_sampling_design_revision2/geometry_azimuth_reconstruction/minneapolis_st_paul/39363.npz,True,True,True,True,571534,81883,0.14326881690328133,28.228609085083008,0.0,True,True,historical_provenance_only_not_v6_2_study_sample
minneapolis_st_paul,39395,jun_sep,existing_d0047,AZIMUTH_INCOMPLETE,True,data/raw/v2/hitl/g3_sampling_design_revision2/geometry_azimuth_reconstruction/minneapolis_st_paul/39395.npz,True,True,True,True,571534,290522,0.5083197150125802,30.295873641967773,0.0,True,True,historical_provenance_only_not_v6_2_study_sample
minneapolis_st_paul,39410,jun_sep,existing_d0047,AZIMUTH_INCOMPLETE,True,data/raw/v2/hitl/g3_sampling_design_revision2/geometry_azimuth_reconstruction/minneapolis_st_paul/39410.npz,True,True,True,True,571534,571534,1.0,11.661907196044922,0.0,True,True,historical_provenance_only_not_v6_2_study_sample
minneapolis_st_paul,39928,jun_sep,existing_d0047,COMPLETE,True,data/raw/v2/hitl/g3_sampling_design_revision2/geometry_azimuth_reconstruction/minneapolis_st_paul/39928.npz,True,True,True,True,571534,571534,1.0,24.831557083129884,1.0,True,True,historical_provenance_only_not_v6_2_study_sample
minneapolis_st_paul,39943,jun_sep,existing_d0047,AZIMUTH_INCOMPLETE,True,data/raw/v2/hitl/g3_sampling_design_revision2/geometry_azimuth_reconstruction/minneapolis_st_paul/39943.npz,True,True,True,True,571534,571534,1.0,18.650604248046875,0.0,True,True,historical_provenance_only_not_v6_2_study_sample
minneapolis_st_paul,39958,jun_sep,existing_d0047,RESOLVED_VERIFIED_ZERO_MAPPED_CELLS,True,data/raw/v2/hitl/g3_sampling_design_revision2/geometry_azimuth_reconstruction/minneapolis_st_paul/39958.npz,True,True,True,True,571534,0,0.0,,0.0,True,True,historical_provenance_only_not_v6_2_study_sample
minneapolis_st_paul,40050,jun_sep,existing_d0047,AZIMUTH_INCOMPLETE,True,data/raw/v2/hitl/g3_sampling_design_revision2/geometry_azimuth_reconstruction/minneapolis_st_paul/40050.npz,True,True,True,True,571534,571534,1.0,16.87464218139648,0.4869789023925086,True,True,historical_provenance_only_not_v6_2_study_sample
minneapolis_st_paul,40065,jun_sep,existing_d0047,AZIMUTH_INCOMPLETE,True,data/raw/v2/hitl/g3_sampling_design_revision2/geometry_azimuth_reconstruction/minneapolis_st_paul/40065.npz,True,True,True,True,571534,571534,1.0,28.15095720291138,0.0,True,True,historical_provenance_only_not_v6_2_study_sample
minneapolis_st_paul,40068,jun_sep,existing_d0047,AZIMUTH_INCOMPLETE,True,data/raw/v2/hitl/g3_sampling_design_revision2/geometry_azimuth_reconstruction/minneapolis_st_paul/40068.npz,True,True,True,True,571534,55540,0.09717707083043178,27.97146987915039,0.0,True,True,historical_provenance_only_not_v6_2_study_sample
minneapolis_st_paul,40114,jun_sep,existing_d0047,AZIMUTH_INCOMPLETE,True,data/raw/v2/hitl/g3_sampling_design_revision2/geometry_azimuth_reconstruction/minneapolis_st_paul/40114.npz,True,True,True,True,571534,571534,1.0,12.165411615371703,0.0,True,True,historical_provenance_only_not_v6_2_study_sample
minneapolis_st_paul,40126,jun_sep,existing_d0047,AZIMUTH_INCOMPLETE,True,data/raw/v2/hitl/g3_sampling_design_revision2/geometry_azimuth_reconstruction/minneapolis_st_paul/40126.npz,True,True,True,True,571534,405469,0.7094398583461351,30.45309829711914,0.0,True,True,historical_provenance_only_not_v6_2_study_sample
minneapolis_st_paul,40129,jun_sep,existing_d0047,RESOLVED_VERIFIED_ZERO_MAPPED_CELLS,True,data/raw/v2/hitl/g3_sampling_design_revision2/geometry_azimuth_reconstruction/minneapolis_st_paul/40129.npz,True,True,True,True,571534,0,0.0,,0.0,True,True,historical_provenance_only_not_v6_2_study_sample
minneapolis_st_paul,40160,jun_sep,existing_d0047,COMPLETE,True,data/raw/v2/hitl/g3_sampling_design_revision2/geometry_azimuth_reconstruction/minneapolis_st_paul/40160.npz,True,True,True,True,571534,571534,1.0,27.87356004714966,1.0,True,True,historical_provenance_only_not_v6_2_study_sample
minneapolis_st_paul,40172,jun_sep,existing_d0047,RESOLVED_VERIFIED_ZERO_MAPPED_CELLS,True,data/raw/v2/hitl/g3_sampling_design_revision2/geometry_azimuth_reconstruction/minneapolis_st_paul/40172.npz,True,True,True,True,571534,0,0.0,,0.0,True,True,historical_provenance_only_not_v6_2_study_sample
minneapolis_st_paul,40175,jun_sep,existing_d0047,AZIMUTH_INCOMPLETE,True,data/raw/v2/hitl/g3_sampling_design_revision2/geometry_azimuth_reconstruction/minneapolis_st_paul/40175.npz,True,True,True,True,571534,571534,1.0,16.840594577789307,0.0,True,True,historical_provenance_only_not_v6_2_study_sample
minneapolis_st_paul,40190,jun_sep,existing_d0047,RESOLVED_VERIFIED_ZERO_MAPPED_CELLS,True,data/raw/v2/hitl/g3_sampling_design_revision2/geometry_azimuth_reconstruction/minneapolis_st_paul/40190.npz,True,True,True,True,571534,0,0.0,,0.0,True,True,historical_provenance_only_not_v6_2_study_sample
minneapolis_st_paul,40221,jun_sep,existing_d0047,AZIMUTH_INCOMPLETE,True,data/raw/v2/hitl/g3_sampling_design_revision2/geometry_azimuth_reconstruction/minneapolis_st_paul/40221.npz,True,True,True,True,571534,571534,1.0,22.901031494140625,0.4438178656037961,True,True,historical_provenance_only_not_v6_2_study_sample
minneapolis_st_paul,40236,jun_sep,existing_d0047,AZIMUTH_INCOMPLETE,True,data/raw/v2/hitl/g3_sampling_design_revision2/geometry_azimuth_reconstruction/minneapolis_st_paul/40236.npz,True,True,True,True,571534,571534,1.0,22.5142050743103,0.0,True,True,historical_provenance_only_not_v6_2_study_sample
minneapolis_st_paul,40251,jun_sep,existing_d0047,RESOLVED_VERIFIED_ZERO_MAPPED_CELLS,True,data/raw/v2/hitl/g3_sampling_design_revision2/geometry_azimuth_reconstruction/minneapolis_st_paul/40251.npz,True,True,True,True,571534,0,0.0,,0.0,True,True,historical_provenance_only_not_v6_2_study_sample
minneapolis_st_paul,40297,jun_sep,existing_d0047,AZIMUTH_INCOMPLETE,True,data/raw/v2/hitl/g3_sampling_design_revision2/geometry_azimuth_reconstruction/minneapolis_st_paul/40297.npz,True,True,True,True,571534,571534,1.0,27.090567302703857,0.0,True,True,historical_provenance_only_not_v6_2_study_sample
minneapolis_st_paul,40312,jun_sep,existing_d0047,RESOLVED_VERIFIED_ZERO_MAPPED_CELLS,True,data/raw/v2/hitl/g3_sampling_design_revision2/geometry_azimuth_reconstruction/minneapolis_st_paul/40312.npz,True,True,True,True,571534,0,0.0,,0.0,True,True,historical_provenance_only_not_v6_2_study_sample
minneapolis_st_paul,40358,jun_sep,existing_d0047,AZIMUTH_INCOMPLETE,True,data/raw/v2/hitl/g3_sampling_design_revision2/geometry_azimuth_reconstruction/minneapolis_st_paul/40358.npz,True,True,True,True,571534,460251,0.8052906738706709,28.574440002441406,0.0,True,True,historical_provenance_only_not_v6_2_study_sample
minneapolis_st_paul,40390,jun_sep,existing_d0047,RESOLVED_VERIFIED_ZERO_MAPPED_CELLS,True,data/raw/v2/hitl/g3_sampling_design_revision2/geometry_azimuth_reconstruction/minneapolis_st_paul/40390.npz,True,True,True,True,571534,0,0.0,,0.0,True,True,historical_provenance_only_not_v6_2_study_sample
minneapolis_st_paul,40831,jun_sep,existing_d0047,AZIMUTH_INCOMPLETE,True,data/raw/v2/hitl/g3_sampling_design_revision2/geometry_azimuth_reconstruction/minneapolis_st_paul/40831.npz,True,True,True,True,571534,462142,0.8085993134266728,30.31580686569214,0.0,True,True,historical_provenance_only_not_v6_2_study_sample
minneapolis_st_paul,40939,jun_sep,existing_d0047,AZIMUTH_INCOMPLETE,True,data/raw/v2/hitl/g3_sampling_design_revision2/geometry_azimuth_reconstruction/minneapolis_st_paul/40939.npz,True,True,True,True,571534,571534,1.0,13.86286973953247,0.0,True,True,historical_provenance_only_not_v6_2_study_sample
minneapolis_st_paul,40985,jun_sep,existing_d0047,COMPLETE,True,data/raw/v2/hitl/g3_sampling_design_revision2/geometry_azimuth_reconstruction/minneapolis_st_paul/40985.npz,True,True,True,True,571534,526367,0.9209723306050034,25.365053367614745,1.0,True,True,historical_provenance_only_not_v6_2_study_sample
minneapolis_st_paul,41015,jun_sep,existing_d0047,RESOLVED_VERIFIED_ZERO_MAPPED_CELLS,True,data/raw/v2/hitl/g3_sampling_design_revision2/geometry_azimuth_reconstruction/minneapolis_st_paul/41015.npz,True,True,True,True,571534,0,0.0,,0.0,True,True,historical_provenance_only_not_v6_2_study_sample
phoenix,10685,phoenix_apr_may,new_d0069,RESOLVED_UNAVAILABLE,False,,True,True,True,True,,,,,,True,True,historical_provenance_only_not_v6_2_study_sample
phoenix,21393,phoenix_apr_may,new_d0069,RESOLVED_UNAVAILABLE,False,,True,True,True,True,,,,,,True,True,historical_provenance_only_not_v6_2_study_sample
phoenix,32708,phoenix_apr_may,new_d0069,RESOLVED_UNAVAILABLE,False,,True,True,True,True,,,,,,True,True,historical_provenance_only_not_v6_2_study_sample
phoenix,5009,phoenix_apr_may,new_d0069,AZIMUTH_INCOMPLETE,True,data/raw/v2/hitl/g3_sampling_design_revision2/geometry_azimuth_reconstruction/phoenix/05009.npz,True,True,True,True,588636,588636,1.0,8.759181022644043,0.6146565959268546,True,True,historical_provenance_only_not_v6_2_study_sample
phoenix,5055,phoenix_apr_may,new_d0069,RESOLVED_VERIFIED_ZERO_MAPPED_CELLS,True,data/raw/v2/hitl/g3_sampling_design_revision2/geometry_azimuth_reconstruction/phoenix/05055.npz,True,True,True,True,588636,0,0.0,,0.0,True,True,historical_provenance_only_not_v6_2_study_sample
phoenix,5070,phoenix_apr_may,new_d0069,AZIMUTH_INCOMPLETE,True,data/raw/v2/hitl/g3_sampling_design_revision2/geometry_azimuth_reconstruction/phoenix/05070.npz,True,True,True,True,588636,588636,1.0,19.2979474067688,0.0,True,True,historical_provenance_only_not_v6_2_study_sample
phoenix,5116,phoenix_apr_may,new_d0069,COMPLETE,True,data/raw/v2/hitl/g3_sampling_design_revision2/geometry_azimuth_reconstruction/phoenix/05116.npz,True,True,True,True,588636,369811,0.62825073559891,27.04694366455078,1.0,True,True,historical_provenance_only_not_v6_2_study_sample
phoenix,9877,phoenix_apr_may,new_d0069,COMPLETE,True,data/raw/v2/hitl/g3_sampling_design_revision2/geometry_azimuth_reconstruction/phoenix/09877.npz,True,True,True,True,588636,102871,0.17476165236241073,27.40206527709961,1.0,True,True,historical_provenance_only_not_v6_2_study_sample
phoenix,9892,phoenix_apr_may,new_d0069,AZIMUTH_INCOMPLETE,True,data/raw/v2/hitl/g3_sampling_design_revision2/geometry_azimuth_reconstruction/phoenix/09892.npz,True,True,True,True,588636,588636,1.0,24.931303024291992,0.0,True,True,historical_provenance_only_not_v6_2_study_sample
phoenix,9938,phoenix_apr_may,new_d0069,RESOLVED_VERIFIED_ZERO_MAPPED_CELLS,True,data/raw/v2/hitl/g3_sampling_design_revision2/geometry_azimuth_reconstruction/phoenix/09938.npz,True,True,True,True,588636,0,0.0,,0.0,True,True,historical_provenance_only_not_v6_2_study_sample
phoenix,9953,phoenix_apr_may,new_d0069,AZIMUTH_INCOMPLETE,True,data/raw/v2/hitl/g3_sampling_design_revision2/geometry_azimuth_reconstruction/phoenix/09953.npz,True,True,True,True,588636,588636,1.0,21.80155611038208,0.0,True,True,historical_provenance_only_not_v6_2_study_sample
phoenix,9999,phoenix_apr_may,new_d0069,RESOLVED_VERIFIED_ZERO_MAPPED_CELLS,True,data/raw/v2/hitl/g3_sampling_design_revision2/geometry_azimuth_reconstruction/phoenix/09999.npz,True,True,True,True,588636,0,0.0,,0.0,True,True,historical_provenance_only_not_v6_2_study_sample
phoenix,10034,phoenix_apr_may,new_d0069,AZIMUTH_INCOMPLETE,True,data/raw/v2/hitl/g3_sampling_design_revision2/geometry_azimuth_reconstruction/phoenix/10034.npz,True,True,True,True,588636,588636,1.0,6.956981062889099,0.0,True,True,historical_provenance_only_not_v6_2_study_sample
phoenix,10156,phoenix_apr_may,new_d0069,AZIMUTH_INCOMPLETE,True,data/raw/v2/hitl/g3_sampling_design_revision2/geometry_azimuth_reconstruction/phoenix/10156.npz,True,True,True,True,588636,588636,1.0,4.3267210721969604,0.3342778899013992,True,True,historical_provenance_only_not_v6_2_study_sample
phoenix,10278,phoenix_apr_may,new_d0069,AZIMUTH_INCOMPLETE,True,data/raw/v2/hitl/g3_sampling_design_revision2/geometry_azimuth_reconstruction/phoenix/10278.npz,True,True,True,True,588636,588636,1.0,5.431106805801392,0.0,True,True,historical_provenance_only_not_v6_2_study_sample
phoenix,10670,phoenix_apr_may,new_d0069,COMPLETE,True,data/raw/v2/hitl/g3_sampling_design_revision2/geometry_azimuth_reconstruction/phoenix/10670.npz,True,True,True,True,588636,247843,0.42104628327183524,27.151172637939453,1.0,True,True,historical_provenance_only_not_v6_2_study_sample
phoenix,10746,phoenix_apr_may,new_d0069,AZIMUTH_INCOMPLETE,True,data/raw/v2/hitl/g3_sampling_design_revision2/geometry_azimuth_reconstruction/phoenix/10746.npz,True,True,True,True,588636,502941,0.8544176706827309,29.018524169921875,0.0,True,True,historical_provenance_only_not_v6_2_study_sample
phoenix,10792,phoenix_apr_may,new_d0069,COMPLETE,True,data/raw/v2/hitl/g3_sampling_design_revision2/geometry_azimuth_reconstruction/phoenix/10792.npz,True,True,True,True,588636,468234,0.795455935416794,27.0133113861084,1.0,True,True,historical_provenance_only_not_v6_2_study_sample
phoenix,15536,phoenix_apr_may,new_d0069,RESOLVED_VERIFIED_ZERO_MAPPED_CELLS,True,data/raw/v2/hitl/g3_sampling_design_revision2/geometry_azimuth_reconstruction/phoenix/15536.npz,True,True,True,True,588636,0,0.0,,0.0,True,True,historical_provenance_only_not_v6_2_study_sample
phoenix,15551,phoenix_apr_may,new_d0069,AZIMUTH_INCOMPLETE,True,data/raw/v2/hitl/g3_sampling_design_revision2/geometry_azimuth_reconstruction/phoenix/15551.npz,True,True,True,True,588636,588636,1.0,16.846457958221436,0.0,True,True,historical_provenance_only_not_v6_2_study_sample
phoenix,15598,phoenix_apr_may,new_d0069,RESOLVED_VERIFIED_ZERO_MAPPED_CELLS,True,data/raw/v2/hitl/g3_sampling_design_revision2/geometry_azimuth_reconstruction/phoenix/15598.npz,True,True,True,True,588636,0,0.0,,0.0,True,True,historical_provenance_only_not_v6_2_study_sample
phoenix,15613,phoenix_apr_may,new_d0069,AZIMUTH_INCOMPLETE,True,data/raw/v2/hitl/g3_sampling_design_revision2/geometry_azimuth_reconstruction/phoenix/15613.npz,True,True,True,True,588636,588636,1.0,15.029520988464355,0.0,True,True,historical_provenance_only_not_v6_2_study_sample
phoenix,15694,phoenix_apr_may,new_d0069,AZIMUTH_INCOMPLETE,True,data/raw/v2/hitl/g3_sampling_design_revision2/geometry_azimuth_reconstruction/phoenix/15694.npz,True,True,True,True,588636,588636,1.0,5.920663237571716,0.043203269932521965,True,True,historical_provenance_only_not_v6_2_study_sample
phoenix,15755,phoenix_apr_may,new_d0069,AZIMUTH_INCOMPLETE,True,data/raw/v2/hitl/g3_sampling_design_revision2/geometry_azimuth_reconstruction/phoenix/15755.npz,True,True,True,True,588636,588636,1.0,7.318441867828369,0.2646729048172385,True,True,historical_provenance_only_not_v6_2_study_sample
phoenix,15816,phoenix_apr_may,new_d0069,AZIMUTH_INCOMPLETE,True,data/raw/v2/hitl/g3_sampling_design_revision2/geometry_azimuth_reconstruction/phoenix/15816.npz,True,True,True,True,588636,588636,1.0,9.821245193481445,0.23858207788854233,True,True,historical_provenance_only_not_v6_2_study_sample
phoenix,15877,phoenix_apr_may,new_d0069,AZIMUTH_INCOMPLETE,True,data/raw/v2/hitl/g3_sampling_design_revision2/geometry_azimuth_reconstruction/phoenix/15877.npz,True,True,True,True,588636,588636,1.0,10.516112327575684,0.8047621959920902,True,True,historical_provenance_only_not_v6_2_study_sample
phoenix,15892,phoenix_apr_may,new_d0069,RESOLVED_VERIFIED_ZERO_MAPPED_CELLS,True,data/raw/v2/hitl/g3_sampling_design_revision2/geometry_azimuth_reconstruction/phoenix/15892.npz,True,True,True,True,588636,0,0.0,,0.0,True,True,historical_provenance_only_not_v6_2_study_sample
phoenix,15938,phoenix_apr_may,new_d0069,AZIMUTH_INCOMPLETE,True,data/raw/v2/hitl/g3_sampling_design_revision2/geometry_azimuth_reconstruction/phoenix/15938.npz,True,True,True,True,588636,588636,1.0,11.85886836051941,0.0,True,True,historical_provenance_only_not_v6_2_study_sample
phoenix,16301,phoenix_apr_may,new_d0069,RESOLVED_VERIFIED_ZERO_MAPPED_CELLS,True,data/raw/v2/hitl/g3_sampling_design_revision2/geometry_azimuth_reconstruction/phoenix/16301.npz,True,True,True,True,588636,0,0.0,,0.0,True,True,historical_provenance_only_not_v6_2_study_sample
phoenix,16347,phoenix_apr_may,new_d0069,AZIMUTH_INCOMPLETE,True,data/raw/v2/hitl/g3_sampling_design_revision2/geometry_azimuth_reconstruction/phoenix/16347.npz,True,True,True,True,588636,588636,1.0,12.325752019882202,0.8506037687127529,True,True,historical_provenance_only_not_v6_2_study_sample
phoenix,16362,phoenix_apr_may,new_d0069,RESOLVED_VERIFIED_ZERO_MAPPED_CELLS,True,data/raw/v2/hitl/g3_sampling_design_revision2/geometry_azimuth_reconstruction/phoenix/16362.npz,True,True,True,True,588636,0,0.0,,0.0,True,True,historical_provenance_only_not_v6_2_study_sample
phoenix,16408,phoenix_apr_may,new_d0069,AZIMUTH_INCOMPLETE,True,data/raw/v2/hitl/g3_sampling_design_revision2/geometry_azimuth_reconstruction/phoenix/16408.npz,True,True,True,True,588636,588636,1.0,13.727653503417969,0.9866963624379073,True,True,historical_provenance_only_not_v6_2_study_sample
phoenix,16423,phoenix_apr_may,new_d0069,RESOLVED_VERIFIED_ZERO_MAPPED_CELLS,True,data/raw/v2/hitl/g3_sampling_design_revision2/geometry_azimuth_reconstruction/phoenix/16423.npz,True,True,True,True,588636,0,0.0,,0.0,True,True,historical_provenance_only_not_v6_2_study_sample
phoenix,21190,phoenix_apr_may,new_d0069,AZIMUTH_INCOMPLETE,True,data/raw/v2/hitl/g3_sampling_design_revision2/geometry_azimuth_reconstruction/phoenix/21190.npz,True,True,True,True,588636,588636,1.0,28.31392478942871,0.0,True,True,historical_provenance_only_not_v6_2_study_sample
phoenix,21251,phoenix_apr_may,new_d0069,AZIMUTH_INCOMPLETE,True,data/raw/v2/hitl/g3_sampling_design_revision2/geometry_azimuth_reconstruction/phoenix/21251.npz,True,True,True,True,588636,356964,0.606425702811245,29.98752784729004,0.0,True,True,historical_provenance_only_not_v6_2_study_sample
phoenix,21297,phoenix_apr_may,new_d0069,AZIMUTH_INCOMPLETE,True,data/raw/v2/hitl/g3_sampling_design_revision2/geometry_azimuth_reconstruction/phoenix/21297.npz,True,True,True,True,588636,588636,1.0,24.95417833328247,0.0,True,True,historical_provenance_only_not_v6_2_study_sample
phoenix,21332,phoenix_apr_may,new_d0069,AZIMUTH_INCOMPLETE,True,data/raw/v2/hitl/g3_sampling_design_revision2/geometry_azimuth_reconstruction/phoenix/21332.npz,True,True,True,True,588636,196101,0.33314476178826985,28.0000057220459,0.0,True,True,historical_provenance_only_not_v6_2_study_sample
phoenix,21439,phoenix_apr_may,new_d0069,AZIMUTH_INCOMPLETE,True,data/raw/v2/hitl/g3_sampling_design_revision2/geometry_azimuth_reconstruction/phoenix/21439.npz,True,True,True,True,588636,588636,1.0,16.22901725769043,0.7481176822348616,True,True,historical_provenance_only_not_v6_2_study_sample
phoenix,21454,phoenix_apr_may,new_d0069,RESOLVED_VERIFIED_ZERO_MAPPED_CELLS,True,data/raw/v2/hitl/g3_sampling_design_revision2/geometry_azimuth_reconstruction/phoenix/21454.npz,True,True,True,True,588636,0,0.0,,0.0,True,True,historical_provenance_only_not_v6_2_study_sample
phoenix,21500,phoenix_apr_may,new_d0069,AZIMUTH_INCOMPLETE,True,data/raw/v2/hitl/g3_sampling_design_revision2/geometry_azimuth_reconstruction/phoenix/21500.npz,True,True,True,True,588636,588636,1.0,9.5401029586792,0.0,True,True,historical_provenance_only_not_v6_2_study_sample
phoenix,21561,phoenix_apr_may,new_d0069,AZIMUTH_INCOMPLETE,True,data/raw/v2/hitl/g3_sampling_design_revision2/geometry_azimuth_reconstruction/phoenix/21561.npz,True,True,True,True,588636,588636,1.0,9.945001602172852,0.0,True,True,historical_provenance_only_not_v6_2_study_sample
phoenix,21954,phoenix_apr_may,new_d0069,AZIMUTH_INCOMPLETE,True,data/raw/v2/hitl/g3_sampling_design_revision2/geometry_azimuth_reconstruction/phoenix/21954.npz,True,True,True,True,588636,588636,1.0,11.072598218917847,0.32100653035152454,True,True,historical_provenance_only_not_v6_2_study_sample
phoenix,22015,phoenix_apr_may,new_d0069,AZIMUTH_INCOMPLETE,True,data/raw/v2/hitl/g3_sampling_design_revision2/geometry_azimuth_reconstruction/phoenix/22015.npz,True,True,True,True,588636,588636,1.0,9.34842824935913,0.009950121976909329,True,True,historical_provenance_only_not_v6_2_study_sample
phoenix,22061,phoenix_apr_may,new_d0069,RESOLVED_VERIFIED_ZERO_MAPPED_CELLS,True,data/raw/v2/hitl/g3_sampling_design_revision2/geometry_azimuth_reconstruction/phoenix/22061.npz,True,True,True,True,588636,0,0.0,,0.0,True,True,historical_provenance_only_not_v6_2_study_sample
phoenix,22076,phoenix_apr_may,new_d0069,AZIMUTH_INCOMPLETE,True,data/raw/v2/hitl/g3_sampling_design_revision2/geometry_azimuth_reconstruction/phoenix/22076.npz,True,True,True,True,588636,588636,1.0,13.648916244506836,0.0,True,True,historical_provenance_only_not_v6_2_study_sample
phoenix,22122,phoenix_apr_may,new_d0069,RESOLVED_VERIFIED_ZERO_MAPPED_CELLS,True,data/raw/v2/hitl/g3_sampling_design_revision2/geometry_azimuth_reconstruction/phoenix/22122.npz,True,True,True,True,588636,0,0.0,,0.0,True,True,historical_provenance_only_not_v6_2_study_sample
phoenix,26875,phoenix_apr_may,new_d0069,COMPLETE,True,data/raw/v2/hitl/g3_sampling_design_revision2/geometry_azimuth_reconstruction/phoenix/26875.npz,True,True,True,True,588636,265891,0.45170699719351176,27.57808494567871,1.0,True,True,historical_provenance_only_not_v6_2_study_sample
phoenix,26890,phoenix_apr_may,new_d0069,AZIMUTH_INCOMPLETE,True,data/raw/v2/hitl/g3_sampling_design_revision2/geometry_azimuth_reconstruction/phoenix/26890.npz,True,True,True,True,588636,588517,0.9997978377129499,29.003475189208984,0.0,True,True,historical_provenance_only_not_v6_2_study_sample
phoenix,26936,phoenix_apr_may,new_d0069,AZIMUTH_INCOMPLETE,True,data/raw/v2/hitl/g3_sampling_design_revision2/geometry_azimuth_reconstruction/phoenix/26936.npz,True,True,True,True,588636,441774,0.750504556296251,28.561565589904784,0.0,True,True,historical_provenance_only_not_v6_2_study_sample
phoenix,26971,phoenix_apr_may,new_d0069,AZIMUTH_INCOMPLETE,True,data/raw/v2/hitl/g3_sampling_design_revision2/geometry_azimuth_reconstruction/phoenix/26971.npz,True,True,True,True,588636,588636,1.0,24.077953338623047,0.0,True,True,historical_provenance_only_not_v6_2_study_sample
phoenix,27017,phoenix_apr_may,new_d0069,COMPLETE,True,data/raw/v2/hitl/g3_sampling_design_revision2/geometry_azimuth_reconstruction/phoenix/27017.npz,True,True,True,True,588636,390709,0.6637531513532982,30.817523193359374,1.0,True,True,historical_provenance_only_not_v6_2_study_sample
phoenix,27078,phoenix_apr_may,new_d0069,COMPLETE,True,data/raw/v2/hitl/g3_sampling_design_revision2/geometry_azimuth_reconstruction/phoenix/27078.npz,True,True,True,True,588636,588636,1.0,29.039050102233887,1.0,True,True,historical_provenance_only_not_v6_2_study_sample
phoenix,27139,phoenix_apr_may,new_d0069,COMPLETE,True,data/raw/v2/hitl/g3_sampling_design_revision2/geometry_azimuth_reconstruction/phoenix/27139.npz,True,True,True,True,588636,588636,1.0,23.574514865875244,1.0,True,True,historical_provenance_only_not_v6_2_study_sample
phoenix,27200,phoenix_apr_may,new_d0069,AZIMUTH_INCOMPLETE,True,data/raw/v2/hitl/g3_sampling_design_revision2/geometry_azimuth_reconstruction/phoenix/27200.npz,True,True,True,True,588636,588636,1.0,16.984803676605225,0.0,True,True,historical_provenance_only_not_v6_2_study_sample
phoenix,27215,phoenix_apr_may,new_d0069,RESOLVED_VERIFIED_ZERO_MAPPED_CELLS,True,data/raw/v2/hitl/g3_sampling_design_revision2/geometry_azimuth_reconstruction/phoenix/27215.npz,True,True,True,True,588636,0,0.0,,0.0,True,True,historical_provenance_only_not_v6_2_study_sample
phoenix,27714,phoenix_apr_may,new_d0069,AZIMUTH_INCOMPLETE,True,data/raw/v2/hitl/g3_sampling_design_revision2/geometry_azimuth_reconstruction/phoenix/27714.npz,True,True,True,True,588636,588636,1.0,21.108271598815918,0.0,True,True,historical_provenance_only_not_v6_2_study_sample
phoenix,27775,phoenix_apr_may,new_d0069,RESOLVED_VERIFIED_ZERO_MAPPED_CELLS,True,data/raw/v2/hitl/g3_sampling_design_revision2/geometry_azimuth_reconstruction/phoenix/27775.npz,True,True,True,True,588636,0,0.0,,0.0,True,True,historical_provenance_only_not_v6_2_study_sample
phoenix,32769,phoenix_apr_may,new_d0069,AZIMUTH_INCOMPLETE,True,data/raw/v2/hitl/g3_sampling_design_revision2/geometry_azimuth_reconstruction/phoenix/32769.npz,True,True,True,True,588636,588636,1.0,18.96207094192505,0.9914225429637331,True,True,historical_provenance_only_not_v6_2_study_sample
phoenix,32875,phoenix_apr_may,new_d0069,RESOLVED_VERIFIED_ZERO_MAPPED_CELLS,True,data/raw/v2/hitl/g3_sampling_design_revision2/geometry_azimuth_reconstruction/phoenix/32875.npz,True,True,True,True,588636,0,0.0,,0.0,True,True,historical_provenance_only_not_v6_2_study_sample
phoenix,33328,phoenix_apr_may,new_d0069,AZIMUTH_INCOMPLETE,True,data/raw/v2/hitl/g3_sampling_design_revision2/geometry_azimuth_reconstruction/phoenix/33328.npz,True,True,True,True,588636,391671,0.6653874380771818,30.581904411315918,0.0,True,True,historical_provenance_only_not_v6_2_study_sample
phoenix,33374,phoenix_apr_may,new_d0069,AZIMUTH_INCOMPLETE,True,data/raw/v2/hitl/g3_sampling_design_revision2/geometry_azimuth_reconstruction/phoenix/33374.npz,True,True,True,True,588636,588636,1.0,18.888367652893066,0.7546599256586414,True,True,historical_provenance_only_not_v6_2_study_sample
phoenix,38211,phoenix_apr_may,new_d0069,AZIMUTH_INCOMPLETE,True,data/raw/v2/hitl/g3_sampling_design_revision2/geometry_azimuth_reconstruction/phoenix/38211.npz,True,True,True,True,588636,588636,1.0,13.358569145202637,0.0,True,True,historical_provenance_only_not_v6_2_study_sample
phoenix,38292,phoenix_apr_may,new_d0069,COMPLETE,True,data/raw/v2/hitl/g3_sampling_design_revision2/geometry_azimuth_reconstruction/phoenix/38292.npz,True,True,True,True,588636,588636,1.0,6.849947810173035,1.0,True,True,historical_provenance_only_not_v6_2_study_sample
phoenix,38353,phoenix_apr_may,new_d0069,AZIMUTH_INCOMPLETE,True,data/raw/v2/hitl/g3_sampling_design_revision2/geometry_azimuth_reconstruction/phoenix/38353.npz,True,True,True,True,588636,588636,1.0,10.024749755859375,0.0,True,True,historical_provenance_only_not_v6_2_study_sample
phoenix,38521,phoenix_apr_may,new_d0069,RESOLVED_VERIFIED_ZERO_MAPPED_CELLS,True,data/raw/v2/hitl/g3_sampling_design_revision2/geometry_azimuth_reconstruction/phoenix/38521.npz,True,True,True,True,588636,0,0.0,,0.0,True,True,historical_provenance_only_not_v6_2_study_sample
phoenix,38536,phoenix_apr_may,new_d0069,AZIMUTH_INCOMPLETE,True,data/raw/v2/hitl/g3_sampling_design_revision2/geometry_azimuth_reconstruction/phoenix/38536.npz,True,True,True,True,588636,588636,1.0,19.799389839172363,0.0,True,True,historical_provenance_only_not_v6_2_study_sample
phoenix,38884,phoenix_apr_may,new_d0069,AZIMUTH_INCOMPLETE,True,data/raw/v2/hitl/g3_sampling_design_revision2/geometry_azimuth_reconstruction/phoenix/38884.npz,True,True,True,True,588636,7753,0.013171127827723755,30.549689102172852,0.0,True,True,historical_provenance_only_not_v6_2_study_sample
phoenix,38945,phoenix_apr_may,new_d0069,RESOLVED_VERIFIED_ZERO_MAPPED_CELLS,True,data/raw/v2/hitl/g3_sampling_design_revision2/geometry_azimuth_reconstruction/phoenix/38945.npz,True,True,True,True,588636,0,0.0,,0.0,True,True,historical_provenance_only_not_v6_2_study_sample
phoenix,39006,phoenix_apr_may,new_d0069,RESOLVED_VERIFIED_ZERO_MAPPED_CELLS,True,data/raw/v2/hitl/g3_sampling_design_revision2/geometry_azimuth_reconstruction/phoenix/39006.npz,True,True,True,True,588636,0,0.0,,0.0,True,True,historical_provenance_only_not_v6_2_study_sample
phoenix,39052,phoenix_apr_may,new_d0069,RESOLVED_VERIFIED_ZERO_MAPPED_CELLS,True,data/raw/v2/hitl/g3_sampling_design_revision2/geometry_azimuth_reconstruction/phoenix/39052.npz,True,True,True,True,588636,0,0.0,,0.0,True,True,historical_provenance_only_not_v6_2_study_sample
phoenix,39114,phoenix_apr_may,new_d0069,AZIMUTH_INCOMPLETE,True,data/raw/v2/hitl/g3_sampling_design_revision2/geometry_azimuth_reconstruction/phoenix/39114.npz,True,True,True,True,588636,588636,1.0,9.987982273101807,0.0,True,True,historical_provenance_only_not_v6_2_study_sample
