city,orbit,date,pair_id,f0,f1,support_status,group_km,model,quantity,units,status,point,q025,q975,SE,width95,estimable,failed
atlanta,27835,2023-06-03,near_-0.02,0.0085095386207103,0.1085095386207103,BLOCK_RANGE_ONLY,1.0,linear,temperature,K,ESTIMABLE,0.3379081934826518,0.3264814934321842,0.3495265896424703,0.0059993408539273,0.023045096210286,1000.0,0.0
atlanta,27835,2023-06-03,near_-0.02,0.0085095386207103,0.1085095386207103,BLOCK_RANGE_ONLY,1.0,linear,emitted_flux,W/m2,ESTIMABLE,2.3511908026902133,2.279918311159684,2.4268656731613283,0.0383103927691728,0.1469473620016441,1000.0,0.0
atlanta,27835,2023-06-03,near_-0.02,0.0085095386207103,0.1085095386207103,BLOCK_RANGE_ONLY,1.0,linear,temperature_equivalent,K,ESTIMABLE,0.3514095243358497,0.340739792748036,0.3627394959101252,0.0057355173044583,0.0219997031620891,1000.0,0.0
atlanta,27835,2023-06-03,near_-0.02,0.0085095386207103,0.1085095386207103,BLOCK_RANGE_ONLY,1.0,linear,temperature_minus_equivalent,K,ESTIMABLE,-0.0135013308531978,-0.0175904225961891,-0.0094231159881215,0.002069055915547,0.0081673066080675,1000.0,0.0
atlanta,27835,2023-06-03,near_-0.02,0.0085095386207103,0.1085095386207103,BLOCK_RANGE_ONLY,1.0,quadratic,temperature,K,ESTIMABLE,0.3227652905327276,0.2957269742679428,0.351915263378875,0.0147526553555154,0.0561882891109322,1000.0,0.0
atlanta,27835,2023-06-03,near_-0.02,0.0085095386207103,0.1085095386207103,BLOCK_RANGE_ONLY,1.0,quadratic,emitted_flux,W/m2,ESTIMABLE,2.062722221955605,1.884512882955779,2.250074680819484,0.0930947209218672,0.3655617978637053,1000.0,0.0
atlanta,27835,2023-06-03,near_-0.02,0.0085095386207103,0.1085095386207103,BLOCK_RANGE_ONLY,1.0,quadratic,temperature_equivalent,K,ESTIMABLE,0.308231504703258,0.2815659898584826,0.3362724235568208,0.0139315993107867,0.0547064336983382,1000.0,0.0
atlanta,27835,2023-06-03,near_-0.02,0.0085095386207103,0.1085095386207103,BLOCK_RANGE_ONLY,1.0,quadratic,temperature_minus_equivalent,K,ESTIMABLE,0.0145337858294696,0.0046655767301057,0.0254037163105362,0.0053870258185185,0.0207381395804304,1000.0,0.0
atlanta,27835,2023-06-03,near_-0.02,0.0085095386207103,0.1085095386207103,BLOCK_RANGE_ONLY,1.0,quadratic_minus_linear,temperature,K,ESTIMABLE,-0.0151429029499242,-0.0405239848459168,0.0105975303122245,0.012968713123079,0.0511215151581413,1000.0,0.0
atlanta,27835,2023-06-03,near_-0.02,0.0085095386207103,0.1085095386207103,BLOCK_RANGE_ONLY,1.0,quadratic_minus_linear,emitted_flux,W/m2,ESTIMABLE,-0.2884685807346083,-0.4403928778467554,-0.1342773916773663,0.0780398657931764,0.306115486169389,1000.0,0.0
atlanta,27835,2023-06-03,near_-0.02,0.0085095386207103,0.1085095386207103,BLOCK_RANGE_ONLY,1.0,quadratic_minus_linear,temperature_equivalent,K,ESTIMABLE,-0.0431780196325917,-0.0659053934619606,-0.0201007749328383,0.0116781788452841,0.0458046185291223,1000.0,0.0
atlanta,27835,2023-06-03,near_-0.02,0.0085095386207103,0.1085095386207103,BLOCK_RANGE_ONLY,1.0,quadratic_minus_linear,temperature_minus_equivalent,K,ESTIMABLE,0.0280351166826675,0.018160804812985,0.0382824510027585,0.0051853998538809,0.0201216461897734,1000.0,0.0
atlanta,27835,2023-06-03,near_-0.02,0.0085095386207103,0.1085095386207103,BLOCK_RANGE_ONLY,8.0,linear,temperature,K,ESTIMABLE,0.3379081934826518,0.3135650334085736,0.3620683201176879,0.0124364339006838,0.0485032867091143,1000.0,0.0
atlanta,27835,2023-06-03,near_-0.02,0.0085095386207103,0.1085095386207103,BLOCK_RANGE_ONLY,8.0,linear,emitted_flux,W/m2,ESTIMABLE,2.3511908026902133,2.1885013706626557,2.517385572089726,0.082201940094345,0.3288842014270696,1000.0,0.0
atlanta,27835,2023-06-03,near_-0.02,0.0085095386207103,0.1085095386207103,BLOCK_RANGE_ONLY,8.0,linear,temperature_equivalent,K,ESTIMABLE,0.3514095243358497,0.3270559592680783,0.3762936604331244,0.0123064971691019,0.0492377011650461,1000.0,0.0
atlanta,27835,2023-06-03,near_-0.02,0.0085095386207103,0.1085095386207103,BLOCK_RANGE_ONLY,8.0,linear,temperature_minus_equivalent,K,ESTIMABLE,-0.0135013308531978,-0.0221344266151955,-0.0058017869209139,0.0042594431091738,0.0163326396942815,1000.0,0.0
atlanta,27835,2023-06-03,near_-0.02,0.0085095386207103,0.1085095386207103,BLOCK_RANGE_ONLY,8.0,quadratic,temperature,K,ESTIMABLE,0.3227652905327276,0.2765005292320256,0.3750988930957887,0.0256123331140679,0.098598363863763,1000.0,0.0
atlanta,27835,2023-06-03,near_-0.02,0.0085095386207103,0.1085095386207103,BLOCK_RANGE_ONLY,8.0,quadratic,emitted_flux,W/m2,ESTIMABLE,2.062722221955605,1.7275804598318945,2.419564910589174,0.1736538777171016,0.6919844507572797,1000.0,0.0
atlanta,27835,2023-06-03,near_-0.02,0.0085095386207103,0.1085095386207103,BLOCK_RANGE_ONLY,8.0,quadratic,temperature_equivalent,K,ESTIMABLE,0.308231504703258,0.2580897611728304,0.3616463791325827,0.025987495566032,0.1035566179597523,1000.0,0.0
atlanta,27835,2023-06-03,near_-0.02,0.0085095386207103,0.1085095386207103,BLOCK_RANGE_ONLY,8.0,quadratic,temperature_minus_equivalent,K,ESTIMABLE,0.0145337858294696,-0.0006446264946174,0.0317670412048922,0.008291894303891,0.0324116676995097,1000.0,0.0
atlanta,27835,2023-06-03,near_-0.02,0.0085095386207103,0.1085095386207103,BLOCK_RANGE_ONLY,8.0,quadratic_minus_linear,temperature,K,ESTIMABLE,-0.0151429029499242,-0.0533068838645647,0.025065448028046,0.0198342310751973,0.0783723318926108,1000.0,0.0
atlanta,27835,2023-06-03,near_-0.02,0.0085095386207103,0.1085095386207103,BLOCK_RANGE_ONLY,8.0,quadratic_minus_linear,emitted_flux,W/m2,ESTIMABLE,-0.2884685807346083,-0.5353650340510413,-0.0251169908338676,0.1286099053735634,0.5102480432171737,1000.0,0.0
atlanta,27835,2023-06-03,near_-0.02,0.0085095386207103,0.1085095386207103,BLOCK_RANGE_ONLY,8.0,quadratic_minus_linear,temperature_equivalent,K,ESTIMABLE,-0.0431780196325917,-0.0801009322844066,-0.0037602658924939,0.019244949074168,0.0763406663919127,1000.0,0.0
atlanta,27835,2023-06-03,near_-0.02,0.0085095386207103,0.1085095386207103,BLOCK_RANGE_ONLY,8.0,quadratic_minus_linear,temperature_minus_equivalent,K,ESTIMABLE,0.0280351166826675,0.0130769343863141,0.0446191418407777,0.0082599120406097,0.0315422074544636,1000.0,0.0
atlanta,27835,2023-06-03,near_-0.01,0.0185095386207103,0.1185095386207103,BLOCK_RANGE_ONLY,1.0,linear,temperature,K,ESTIMABLE,0.3379081934826518,0.3264814934321842,0.3495265896424703,0.0059993408539273,0.023045096210286,1000.0,0.0
atlanta,27835,2023-06-03,near_-0.01,0.0185095386207103,0.1185095386207103,BLOCK_RANGE_ONLY,1.0,linear,emitted_flux,W/m2,ESTIMABLE,2.3511908026902133,2.279918311159684,2.4268656731613283,0.0383103927691728,0.1469473620016441,1000.0,0.0
atlanta,27835,2023-06-03,near_-0.01,0.0185095386207103,0.1185095386207103,BLOCK_RANGE_ONLY,1.0,linear,temperature_equivalent,K,ESTIMABLE,0.3514095243358497,0.340739792748036,0.3627394959101252,0.0057355173044583,0.0219997031620891,1000.0,0.0
atlanta,27835,2023-06-03,near_-0.01,0.0185095386207103,0.1185095386207103,BLOCK_RANGE_ONLY,1.0,linear,temperature_minus_equivalent,K,ESTIMABLE,-0.0135013308531978,-0.0175904225961891,-0.0094231159881215,0.002069055915547,0.0081673066080675,1000.0,0.0
atlanta,27835,2023-06-03,near_-0.01,0.0185095386207103,0.1185095386207103,BLOCK_RANGE_ONLY,1.0,quadratic,temperature,K,ESTIMABLE,0.3231120248942387,0.2965415414330728,0.3516705493067438,0.0144817584561641,0.0551290078736709,1000.0,0.0
atlanta,27835,2023-06-03,near_-0.01,0.0185095386207103,0.1185095386207103,BLOCK_RANGE_ONLY,1.0,quadratic,emitted_flux,W/m2,ESTIMABLE,2.069327426353188,1.8930955733082644,2.2534622802814184,0.0914644956282725,0.360366706973154,1000.0,0.0
atlanta,27835,2023-06-03,near_-0.01,0.0185095386207103,0.1185095386207103,BLOCK_RANGE_ONLY,1.0,quadratic,temperature_equivalent,K,ESTIMABLE,0.3092199737241685,0.282850064809692,0.3367795123858272,0.0136877665225398,0.0539294475761352,1000.0,0.0
atlanta,27835,2023-06-03,near_-0.01,0.0185095386207103,0.1185095386207103,BLOCK_RANGE_ONLY,1.0,quadratic,temperature_minus_equivalent,K,ESTIMABLE,0.0138920511700701,0.004201455350224,0.024524418772709,0.0052775384778473,0.020322963422485,1000.0,0.0
atlanta,27835,2023-06-03,near_-0.01,0.0185095386207103,0.1185095386207103,BLOCK_RANGE_ONLY,1.0,quadratic_minus_linear,temperature,K,ESTIMABLE,-0.014796168588413,-0.0395953933678792,0.0103548904339739,0.0126718734282239,0.0499502838018531,1000.0,0.0
atlanta,27835,2023-06-03,near_-0.01,0.0185095386207103,0.1185095386207103,BLOCK_RANGE_ONLY,1.0,quadratic_minus_linear,emitted_flux,W/m2,ESTIMABLE,-0.2818633763370251,-0.4303169517339612,-0.1312040928985629,0.0762543654180256,0.2991128588353982,1000.0,0.0
atlanta,27835,2023-06-03,near_-0.01,0.0185095386207103,0.1185095386207103,BLOCK_RANGE_ONLY,1.0,quadratic_minus_linear,temperature_equivalent,K,ESTIMABLE,-0.0421895506116811,-0.0643979804857664,-0.019640757809708,0.0114110975707192,0.0447572226760584,1000.0,0.0
atlanta,27835,2023-06-03,near_-0.01,0.0185095386207103,0.1185095386207103,BLOCK_RANGE_ONLY,1.0,quadratic_minus_linear,temperature_minus_equivalent,K,ESTIMABLE,0.027393382023268,0.0177453906548315,0.0374063264640868,0.0050666539942306,0.0196609358092552,1000.0,0.0
atlanta,27835,2023-06-03,near_-0.01,0.0185095386207103,0.1185095386207103,BLOCK_RANGE_ONLY,8.0,linear,temperature,K,ESTIMABLE,0.3379081934826518,0.3135650334085736,0.3620683201176879,0.0124364339006838,0.0485032867091143,1000.0,0.0
atlanta,27835,2023-06-03,near_-0.01,0.0185095386207103,0.1185095386207103,BLOCK_RANGE_ONLY,8.0,linear,emitted_flux,W/m2,ESTIMABLE,2.3511908026902133,2.1885013706626557,2.517385572089726,0.082201940094345,0.3288842014270696,1000.0,0.0
atlanta,27835,2023-06-03,near_-0.01,0.0185095386207103,0.1185095386207103,BLOCK_RANGE_ONLY,8.0,linear,temperature_equivalent,K,ESTIMABLE,0.3514095243358497,0.3270559592680783,0.3762936604331244,0.0123064971691019,0.0492377011650461,1000.0,0.0
atlanta,27835,2023-06-03,near_-0.01,0.0185095386207103,0.1185095386207103,BLOCK_RANGE_ONLY,8.0,linear,temperature_minus_equivalent,K,ESTIMABLE,-0.0135013308531978,-0.0221344266151955,-0.0058017869209139,0.0042594431091738,0.0163326396942815,1000.0,0.0
atlanta,27835,2023-06-03,near_-0.01,0.0185095386207103,0.1185095386207103,BLOCK_RANGE_ONLY,8.0,quadratic,temperature,K,ESTIMABLE,0.3231120248942387,0.2777333570468983,0.3748143461192207,0.0252137311844616,0.0970809890723224,1000.0,0.0
atlanta,27835,2023-06-03,near_-0.01,0.0185095386207103,0.1185095386207103,BLOCK_RANGE_ONLY,8.0,quadratic,emitted_flux,W/m2,ESTIMABLE,2.069327426353188,1.738831533072165,2.421610058753651,0.1710331183619568,0.6827785256814858,1000.0,0.0
atlanta,27835,2023-06-03,near_-0.01,0.0185095386207103,0.1185095386207103,BLOCK_RANGE_ONLY,8.0,quadratic,temperature_equivalent,K,ESTIMABLE,0.3092199737241685,0.2597726850127316,0.3619525906077143,0.025595531427293,0.1021799055949827,1000.0,0.0
atlanta,27835,2023-06-03,near_-0.01,0.0185095386207103,0.1185095386207103,BLOCK_RANGE_ONLY,8.0,quadratic,temperature_minus_equivalent,K,ESTIMABLE,0.0138920511700701,-0.0010770284171156,0.0308395613870451,0.0081284946878653,0.0319165898041607,1000.0,0.0
atlanta,27835,2023-06-03,near_-0.01,0.0185095386207103,0.1185095386207103,BLOCK_RANGE_ONLY,8.0,quadratic_minus_linear,temperature,K,ESTIMABLE,-0.014796168588413,-0.0520753311783137,0.0244886748032472,0.0193804545257028,0.076564005981561,1000.0,0.0
atlanta,27835,2023-06-03,near_-0.01,0.0185095386207103,0.1185095386207103,BLOCK_RANGE_ONLY,8.0,quadratic_minus_linear,emitted_flux,W/m2,ESTIMABLE,-0.2818633763370251,-0.52314188739763,-0.0245372086340882,0.125670849150763,0.4986046787635417,1000.0,0.0
atlanta,27835,2023-06-03,near_-0.01,0.0185095386207103,0.1185095386207103,BLOCK_RANGE_ONLY,8.0,quadratic_minus_linear,temperature_equivalent,K,ESTIMABLE,-0.0421895506116811,-0.0782727963693645,-0.0036734682028083,0.0188053274683484,0.0745993281665561,1000.0,0.0
atlanta,27835,2023-06-03,near_-0.01,0.0185095386207103,0.1185095386207103,BLOCK_RANGE_ONLY,8.0,quadratic_minus_linear,temperature_minus_equivalent,K,ESTIMABLE,0.027393382023268,0.0127802986442336,0.0436007011616784,0.0080707549694363,0.0308204025174448,1000.0,0.0
atlanta,27835,2023-06-03,historical,0.0285095386207103,0.1285095386207103,BLOCK_RANGE_ONLY,1.0,linear,temperature,K,ESTIMABLE,0.3379081934826518,0.3264814934321842,0.3495265896424703,0.0059993408539273,0.023045096210286,1000.0,0.0
atlanta,27835,2023-06-03,historical,0.0285095386207103,0.1285095386207103,BLOCK_RANGE_ONLY,1.0,linear,emitted_flux,W/m2,ESTIMABLE,2.3511908026902133,2.279918311159684,2.4268656731613283,0.0383103927691728,0.1469473620016441,1000.0,0.0
atlanta,27835,2023-06-03,historical,0.0285095386207103,0.1285095386207103,BLOCK_RANGE_ONLY,1.0,linear,temperature_equivalent,K,ESTIMABLE,0.3514095243358497,0.340739792748036,0.3627394959101252,0.0057355173044583,0.0219997031620891,1000.0,0.0
atlanta,27835,2023-06-03,historical,0.0285095386207103,0.1285095386207103,BLOCK_RANGE_ONLY,1.0,linear,temperature_minus_equivalent,K,ESTIMABLE,-0.0135013308531978,-0.0175904225961891,-0.0094231159881215,0.002069055915547,0.0081673066080675,1000.0,0.0
atlanta,27835,2023-06-03,historical,0.0285095386207103,0.1285095386207103,BLOCK_RANGE_ONLY,1.0,quadratic,temperature,K,ESTIMABLE,0.3234587592557498,0.2973580052227781,0.3514258002725008,0.0142118980099217,0.0540677950497227,1000.0,0.0
atlanta,27835,2023-06-03,historical,0.0285095386207103,0.1285095386207103,BLOCK_RANGE_ONLY,1.0,quadratic,emitted_flux,W/m2,ESTIMABLE,2.0759326307507715,1.9025487640859051,2.255717393206014,0.0898401759808428,0.353168629120109,1000.0,0.0
atlanta,27835,2023-06-03,historical,0.0285095386207103,0.1285095386207103,BLOCK_RANGE_ONLY,1.0,quadratic,temperature_equivalent,K,ESTIMABLE,0.3102084520664334,0.2842643954484572,0.3371170809868971,0.0134448129231852,0.0528526855384399,1000.0,0.0
atlanta,27835,2023-06-03,historical,0.0285095386207103,0.1285095386207103,BLOCK_RANGE_ONLY,1.0,quadratic,temperature_minus_equivalent,K,ESTIMABLE,0.0132503071893163,0.0037276383664506,0.0235987919864216,0.0051684602219253,0.0198711536199709,1000.0,0.0
atlanta,27835,2023-06-03,historical,0.0285095386207103,0.1285095386207103,BLOCK_RANGE_ONLY,1.0,quadratic_minus_linear,temperature,K,ESTIMABLE,-0.014449434226902,-0.0386668018898417,0.0101122505557232,0.0123750337943298,0.0487790524455649,1000.0,0.0
atlanta,27835,2023-06-03,historical,0.0285095386207103,0.1285095386207103,BLOCK_RANGE_ONLY,1.0,quadratic_minus_linear,emitted_flux,W/m2,ESTIMABLE,-0.2752581719394418,-0.4202410256211671,-0.1281307941197599,0.0744688673226277,0.2921102315014071,1000.0,0.0
atlanta,27835,2023-06-03,historical,0.0285095386207103,0.1285095386207103,BLOCK_RANGE_ONLY,1.0,quadratic_minus_linear,temperature_equivalent,K,ESTIMABLE,-0.0412010722694162,-0.0628905458335879,-0.0191807386675734,0.0111440115958004,0.0437098071660145,1000.0,0.0
atlanta,27835,2023-06-03,historical,0.0285095386207103,0.1285095386207103,BLOCK_RANGE_ONLY,1.0,quadratic_minus_linear,temperature_minus_equivalent,K,ESTIMABLE,0.0267516380425142,0.0173299618529067,0.0365301973488235,0.0049479086173182,0.0192002354959167,1000.0,0.0
atlanta,27835,2023-06-03,historical,0.0285095386207103,0.1285095386207103,BLOCK_RANGE_ONLY,8.0,linear,temperature,K,ESTIMABLE,0.3379081934826518,0.3135650334085736,0.3620683201176879,0.0124364339006838,0.0485032867091143,1000.0,0.0
atlanta,27835,2023-06-03,historical,0.0285095386207103,0.1285095386207103,BLOCK_RANGE_ONLY,8.0,linear,emitted_flux,W/m2,ESTIMABLE,2.3511908026902133,2.1885013706626557,2.517385572089726,0.082201940094345,0.3288842014270696,1000.0,0.0
atlanta,27835,2023-06-03,historical,0.0285095386207103,0.1285095386207103,BLOCK_RANGE_ONLY,8.0,linear,temperature_equivalent,K,ESTIMABLE,0.3514095243358497,0.3270559592680783,0.3762936604331244,0.0123064971691019,0.0492377011650461,1000.0,0.0
atlanta,27835,2023-06-03,historical,0.0285095386207103,0.1285095386207103,BLOCK_RANGE_ONLY,8.0,linear,temperature_minus_equivalent,K,ESTIMABLE,-0.0135013308531978,-0.0221344266151955,-0.0058017869209139,0.0042594431091738,0.0163326396942815,1000.0,0.0
atlanta,27835,2023-06-03,historical,0.0285095386207103,0.1285095386207103,BLOCK_RANGE_ONLY,8.0,quadratic,temperature,K,ESTIMABLE,0.3234587592557498,0.2789663669890219,0.3743116240202588,0.0248170246794859,0.0953452570312368,1000.0,0.0
atlanta,27835,2023-06-03,historical,0.0285095386207103,0.1285095386207103,BLOCK_RANGE_ONLY,8.0,quadratic,emitted_flux,W/m2,ESTIMABLE,2.0759326307507715,1.7512382089138574,2.422722078411991,0.1684228734143038,0.6714838694981335,1000.0,0.0
atlanta,27835,2023-06-03,historical,0.0285095386207103,0.1285095386207103,BLOCK_RANGE_ONLY,8.0,quadratic,temperature_equivalent,K,ESTIMABLE,0.3102084520664334,0.261628494027417,0.3621190890435443,0.0252051335462006,0.1004905950161272,1000.0,0.0
atlanta,27835,2023-06-03,historical,0.0285095386207103,0.1285095386207103,BLOCK_RANGE_ONLY,8.0,quadratic,temperature_minus_equivalent,K,ESTIMABLE,0.0132503071893163,-0.0014953184917447,0.029832723631421,0.0079662350320235,0.0313280421231658,1000.0,0.0
atlanta,27835,2023-06-03,historical,0.0285095386207103,0.1285095386207103,BLOCK_RANGE_ONLY,8.0,quadratic_minus_linear,temperature,K,ESTIMABLE,-0.014449434226902,-0.0508437784920628,0.0239119015784484,0.0189266783642811,0.0747556800705112,1000.0,0.0
atlanta,27835,2023-06-03,historical,0.0285095386207103,0.1285095386207103,BLOCK_RANGE_ONLY,8.0,quadratic_minus_linear,emitted_flux,W/m2,ESTIMABLE,-0.2752581719394418,-0.5109187407442187,-0.0239574264343089,0.1227318022129437,0.4869613143099098,1000.0,0.0
atlanta,27835,2023-06-03,historical,0.0285095386207103,0.1285095386207103,BLOCK_RANGE_ONLY,8.0,quadratic_minus_linear,temperature_equivalent,K,ESTIMABLE,-0.0412010722694162,-0.0764446285760456,-0.0035866704406956,0.0183656991371453,0.0728579581353499,1000.0,0.0
atlanta,27835,2023-06-03,historical,0.0285095386207103,0.1285095386207103,BLOCK_RANGE_ONLY,8.0,quadratic_minus_linear,temperature_minus_equivalent,K,ESTIMABLE,0.0267516380425142,0.0124836561306567,0.0425822409274654,0.0078815979684973,0.0300985847968086,1000.0,0.0
atlanta,27835,2023-06-03,near_+0.01,0.0385095386207103,0.1385095386207104,BLOCK_RANGE_ONLY,1.0,linear,temperature,K,ESTIMABLE,0.3379081934826518,0.3264814934321842,0.3495265896424703,0.0059993408539273,0.023045096210286,1000.0,0.0
atlanta,27835,2023-06-03,near_+0.01,0.0385095386207103,0.1385095386207104,BLOCK_RANGE_ONLY,1.0,linear,emitted_flux,W/m2,ESTIMABLE,2.3511908026902133,2.279918311159684,2.4268656731613283,0.0383103927691728,0.1469473620016441,1000.0,0.0
atlanta,27835,2023-06-03,near_+0.01,0.0385095386207103,0.1385095386207104,BLOCK_RANGE_ONLY,1.0,linear,temperature_equivalent,K,ESTIMABLE,0.3514095243358497,0.340739792748036,0.3627394959101252,0.0057355173044583,0.0219997031620891,1000.0,0.0
atlanta,27835,2023-06-03,near_+0.01,0.0385095386207103,0.1385095386207104,BLOCK_RANGE_ONLY,1.0,linear,temperature_minus_equivalent,K,ESTIMABLE,-0.0135013308531978,-0.0175904225961891,-0.0094231159881215,0.002069055915547,0.0081673066080675,1000.0,0.0
atlanta,27835,2023-06-03,near_+0.01,0.0385095386207103,0.1385095386207104,BLOCK_RANGE_ONLY,1.0,quadratic,temperature,K,ESTIMABLE,0.3238054936172608,0.2981591221328897,0.3511810512382579,0.0139431341965794,0.0530219291053681,1000.0,0.0
atlanta,27835,2023-06-03,near_+0.01,0.0385095386207103,0.1385095386207104,BLOCK_RANGE_ONLY,1.0,quadratic,emitted_flux,W/m2,ESTIMABLE,2.082537835148355,1.9132410953455967,2.258210041105465,0.0882220881793437,0.3449689457598681,1000.0,0.0
atlanta,27835,2023-06-03,near_+0.01,0.0385095386207103,0.1385095386207104,BLOCK_RANGE_ONLY,1.0,quadratic,temperature_equivalent,K,ESTIMABLE,0.31119693973028,0.2858641419784732,0.3374902075325692,0.0132027873543107,0.051626065554096,1000.0,0.0
atlanta,27835,2023-06-03,near_+0.01,0.0385095386207103,0.1385095386207104,BLOCK_RANGE_ONLY,1.0,quadratic,temperature_minus_equivalent,K,ESTIMABLE,0.0126085538869807,0.0032538161018995,0.0226948552909017,0.0050598174961546,0.0194410391890022,1000.0,0.0
atlanta,27835,2023-06-03,near_+0.01,0.0385095386207103,0.1385095386207104,BLOCK_RANGE_ONLY,1.0,quadratic_minus_linear,temperature,K,ESTIMABLE,-0.0141026998653909,-0.0377382104118042,0.0098696106774726,0.0120781942258913,0.0476078210892769,1000.0,0.0
atlanta,27835,2023-06-03,near_+0.01,0.0385095386207103,0.1385095386207104,BLOCK_RANGE_ONLY,1.0,quadratic_minus_linear,emitted_flux,W/m2,ESTIMABLE,-0.2686529675418581,-0.4101650995083728,-0.1250574953409565,0.0726833716749922,0.2851076041674162,1000.0,0.0
atlanta,27835,2023-06-03,near_+0.01,0.0385095386207103,0.1385095386207104,BLOCK_RANGE_ONLY,1.0,quadratic_minus_linear,temperature_equivalent,K,ESTIMABLE,-0.0402125846055696,-0.0613830895047414,-0.0187207175064926,0.0108769209454979,0.0426623719982487,1000.0,0.0
atlanta,27835,2023-06-03,near_+0.01,0.0385095386207103,0.1385095386207104,BLOCK_RANGE_ONLY,1.0,quadratic_minus_linear,temperature_minus_equivalent,K,ESTIMABLE,0.0261098847401786,0.016914542293464,0.0356540636569644,0.0048291637467125,0.0187395213635003,1000.0,0.0
atlanta,27835,2023-06-03,near_+0.01,0.0385095386207103,0.1385095386207104,BLOCK_RANGE_ONLY,8.0,linear,temperature,K,ESTIMABLE,0.3379081934826518,0.3135650334085736,0.3620683201176879,0.0124364339006838,0.0485032867091143,1000.0,0.0
atlanta,27835,2023-06-03,near_+0.01,0.0385095386207103,0.1385095386207104,BLOCK_RANGE_ONLY,8.0,linear,emitted_flux,W/m2,ESTIMABLE,2.3511908026902133,2.1885013706626557,2.517385572089726,0.082201940094345,0.3288842014270696,1000.0,0.0
atlanta,27835,2023-06-03,near_+0.01,0.0385095386207103,0.1385095386207104,BLOCK_RANGE_ONLY,8.0,linear,temperature_equivalent,K,ESTIMABLE,0.3514095243358497,0.3270559592680783,0.3762936604331244,0.0123064971691019,0.0492377011650461,1000.0,0.0
atlanta,27835,2023-06-03,near_+0.01,0.0385095386207103,0.1385095386207104,BLOCK_RANGE_ONLY,8.0,linear,temperature_minus_equivalent,K,ESTIMABLE,-0.0135013308531978,-0.0221344266151955,-0.0058017869209139,0.0042594431091738,0.0163326396942815,1000.0,0.0
atlanta,27835,2023-06-03,near_+0.01,0.0385095386207103,0.1385095386207104,BLOCK_RANGE_ONLY,8.0,quadratic,temperature,K,ESTIMABLE,0.3238054936172608,0.2801993769311456,0.3744770560535572,0.0244223059649521,0.0942776791224115,1000.0,0.0
atlanta,27835,2023-06-03,near_+0.01,0.0385095386207103,0.1385095386207104,BLOCK_RANGE_ONLY,8.0,quadratic,emitted_flux,W/m2,ESTIMABLE,2.082537835148355,1.7632485285762234,2.4240581144704,0.1658236393996116,0.6608095858941765,1000.0,0.0
atlanta,27835,2023-06-03,near_+0.01,0.0385095386207103,0.1385095386207104,BLOCK_RANGE_ONLY,8.0,quadratic,temperature_equivalent,K,ESTIMABLE,0.31119693973028,0.2634250467835784,0.3623191289506109,0.024816376272478,0.0988940821670325,1000.0,0.0
atlanta,27835,2023-06-03,near_+0.01,0.0385095386207103,0.1385095386207104,BLOCK_RANGE_ONLY,8.0,quadratic,temperature_minus_equivalent,K,ESTIMABLE,0.0126085538869807,-0.001728827147585,0.028753395028959,0.0078051865200795,0.030482222176544,1000.0,0.0
atlanta,27835,2023-06-03,near_+0.01,0.0385095386207103,0.1385095386207104,BLOCK_RANGE_ONLY,8.0,quadratic_minus_linear,temperature,K,ESTIMABLE,-0.0141026998653909,-0.0496122258058119,0.0233351283536495,0.0184729026195308,0.0729473541594614,1000.0,0.0
atlanta,27835,2023-06-03,near_+0.01,0.0385095386207103,0.1385095386207104,BLOCK_RANGE_ONLY,8.0,quadratic_minus_linear,emitted_flux,W/m2,ESTIMABLE,-0.2686529675418581,-0.4986955940908072,-0.0233776442345296,0.1197927652435105,0.4753179498562776,1000.0,0.0
atlanta,27835,2023-06-03,near_+0.01,0.0385095386207103,0.1385095386207104,BLOCK_RANGE_ONLY,8.0,quadratic_minus_linear,temperature_equivalent,K,ESTIMABLE,-0.0402125846055696,-0.074616428903198,-0.0034998726063193,0.0179260641825444,0.0711165562968787,1000.0,0.0
atlanta,27835,2023-06-03,near_+0.01,0.0385095386207103,0.1385095386207104,BLOCK_RANGE_ONLY,8.0,quadratic_minus_linear,temperature_minus_equivalent,K,ESTIMABLE,0.0261098847401786,0.0121870068453048,0.0415637611375786,0.0076924411328087,0.0293767542922737,1000.0,0.0
atlanta,27835,2023-06-03,near_+0.02,0.0485095386207103,0.1485095386207103,BLOCK_RANGE_ONLY,1.0,linear,temperature,K,ESTIMABLE,0.3379081934826518,0.3264814934321842,0.3495265896424702,0.0059993408539273,0.023045096210286,1000.0,0.0
atlanta,27835,2023-06-03,near_+0.02,0.0485095386207103,0.1485095386207103,BLOCK_RANGE_ONLY,1.0,linear,emitted_flux,W/m2,ESTIMABLE,2.3511908026902133,2.2799183111596837,2.426865673161328,0.0383103927691728,0.1469473620016441,1000.0,0.0
atlanta,27835,2023-06-03,near_+0.02,0.0485095386207103,0.1485095386207103,BLOCK_RANGE_ONLY,1.0,linear,temperature_equivalent,K,ESTIMABLE,0.3514095243358497,0.340739792748036,0.3627394959101252,0.0057355173044584,0.0219997031620891,1000.0,0.0
atlanta,27835,2023-06-03,near_+0.02,0.0485095386207103,0.1485095386207103,BLOCK_RANGE_ONLY,1.0,linear,temperature_minus_equivalent,K,ESTIMABLE,-0.0135013308531979,-0.0175904225961892,-0.0094231159881216,0.002069055915547,0.0081673066080675,1000.0,0.0
atlanta,27835,2023-06-03,near_+0.02,0.0485095386207103,0.1485095386207103,BLOCK_RANGE_ONLY,1.0,quadratic,temperature,K,ESTIMABLE,0.3241522279787718,0.2989811830982203,0.3511676474123091,0.0136755316723301,0.0521864643140888,1000.0,0.0
atlanta,27835,2023-06-03,near_+0.02,0.0485095386207103,0.1485095386207103,BLOCK_RANGE_ONLY,1.0,quadratic,emitted_flux,W/m2,ESTIMABLE,2.0891430395459385,1.923884372242942,2.2626988771166965,0.0866105815007587,0.3388145048737545,1000.0,0.0
atlanta,27835,2023-06-03,near_+0.02,0.0485095386207103,0.1485095386207103,BLOCK_RANGE_ONLY,1.0,quadratic,temperature_equivalent,K,ESTIMABLE,0.3121854367158789,0.2874565734295288,0.338162148477636,0.0129617421129469,0.0507055750481072,1000.0,0.0
atlanta,27835,2023-06-03,near_+0.02,0.0485095386207103,0.1485095386207103,BLOCK_RANGE_ONLY,1.0,quadratic,temperature_minus_equivalent,K,ESTIMABLE,0.0119667912628929,0.0027799885563403,0.0218480577452586,0.0049516389564643,0.0190680691889182,1000.0,0.0
atlanta,27835,2023-06-03,near_+0.02,0.0485095386207103,0.1485095386207103,BLOCK_RANGE_ONLY,1.0,quadratic_minus_linear,temperature,K,ESTIMABLE,-0.0137559655038799,-0.0368096189337666,0.009626970799222,0.011781354727856,0.0464365897329887,1000.0,0.0
atlanta,27835,2023-06-03,near_+0.02,0.0485095386207103,0.1485095386207103,BLOCK_RANGE_ONLY,1.0,quadratic_minus_linear,emitted_flux,W/m2,ESTIMABLE,-0.2620477631442748,-0.4000891733955788,-0.1219841965621531,0.0708978786600528,0.2781049768334256,1000.0,0.0
atlanta,27835,2023-06-03,near_+0.02,0.0485095386207103,0.1485095386207103,BLOCK_RANGE_ONLY,1.0,quadratic_minus_linear,temperature_equivalent,K,ESTIMABLE,-0.0392240876199707,-0.059875611498488,-0.0182606943263508,0.0106098256473217,0.0416149171721372,1000.0,0.0
atlanta,27835,2023-06-03,near_+0.02,0.0485095386207103,0.1485095386207103,BLOCK_RANGE_ONLY,1.0,quadratic_minus_linear,temperature_minus_equivalent,K,ESTIMABLE,0.0254681221160908,0.0164991249996452,0.0347779253884526,0.0047104194083701,0.0182788003888073,1000.0,0.0
atlanta,27835,2023-06-03,near_+0.02,0.0485095386207103,0.1485095386207103,BLOCK_RANGE_ONLY,8.0,linear,temperature,K,ESTIMABLE,0.3379081934826518,0.3135650334085735,0.3620683201176878,0.0124364339006838,0.0485032867091143,1000.0,0.0
atlanta,27835,2023-06-03,near_+0.02,0.0485095386207103,0.1485095386207103,BLOCK_RANGE_ONLY,8.0,linear,emitted_flux,W/m2,ESTIMABLE,2.3511908026902133,2.1885013706626557,2.517385572089725,0.082201940094345,0.3288842014270692,1000.0,0.0
atlanta,27835,2023-06-03,near_+0.02,0.0485095386207103,0.1485095386207103,BLOCK_RANGE_ONLY,8.0,linear,temperature_equivalent,K,ESTIMABLE,0.3514095243358497,0.3270559592680783,0.3762936604331244,0.0123064971691019,0.0492377011650461,1000.0,0.0
atlanta,27835,2023-06-03,near_+0.02,0.0485095386207103,0.1485095386207103,BLOCK_RANGE_ONLY,8.0,linear,temperature_minus_equivalent,K,ESTIMABLE,-0.0135013308531979,-0.0221344266151955,-0.005801786920914,0.0042594431091738,0.0163326396942815,1000.0,0.0
atlanta,27835,2023-06-03,near_+0.02,0.0485095386207103,0.1485095386207103,BLOCK_RANGE_ONLY,8.0,quadratic,temperature,K,ESTIMABLE,0.3241522279787718,0.2811259188514842,0.3744283147251693,0.0240296729972104,0.093302395873685,1000.0,0.0
atlanta,27835,2023-06-03,near_+0.02,0.0485095386207103,0.1485095386207103,BLOCK_RANGE_ONLY,8.0,quadratic,emitted_flux,W/m2,ESTIMABLE,2.0891430395459385,1.7747609304700782,2.425661259390284,0.163235942305672,0.650900328920206,1000.0,0.0
atlanta,27835,2023-06-03,near_+0.02,0.0485095386207103,0.1485095386207103,BLOCK_RANGE_ONLY,8.0,quadratic,temperature_equivalent,K,ESTIMABLE,0.3121854367158789,0.2651471478469986,0.3625591626159988,0.0244293383677845,0.0974120147690001,1000.0,0.0
atlanta,27835,2023-06-03,near_+0.02,0.0485095386207103,0.1485095386207103,BLOCK_RANGE_ONLY,8.0,quadratic,temperature_minus_equivalent,K,ESTIMABLE,0.0119667912628929,-0.0019995512178983,0.0277262663361017,0.007645425779939,0.0297258175540001,1000.0,0.0
atlanta,27835,2023-06-03,near_+0.02,0.0485095386207103,0.1485095386207103,BLOCK_RANGE_ONLY,8.0,quadratic_minus_linear,temperature,K,ESTIMABLE,-0.0137559655038799,-0.0483937392919761,0.0227583551288507,0.0180191273229308,0.0711520944208268,1000.0,0.0
atlanta,27835,2023-06-03,near_+0.02,0.0485095386207103,0.1485095386207103,BLOCK_RANGE_ONLY,8.0,quadratic_minus_linear,emitted_flux,W/m2,ESTIMABLE,-0.2620477631442748,-0.4864724474373961,-0.0227978620347502,0.1168537389946206,0.4636745854026459,1000.0,0.0
atlanta,27835,2023-06-03,near_+0.02,0.0485095386207103,0.1485095386207103,BLOCK_RANGE_ONLY,8.0,quadratic_minus_linear,temperature_equivalent,K,ESTIMABLE,-0.0392240876199707,-0.0727944452216618,-0.0034130746995132,0.0174864227168319,0.0693813705221486,1000.0,0.0
atlanta,27835,2023-06-03,near_+0.02,0.0485095386207103,0.1485095386207103,BLOCK_RANGE_ONLY,8.0,quadratic_minus_linear,temperature_minus_equivalent,K,ESTIMABLE,0.0254681221160908,0.0118903507881226,0.0405452617914028,0.007503284567001,0.0286549110032802,1000.0,0.0
atlanta,27835,2023-06-03,grid_00,0.0,0.1,BLOCK_RANGE_ONLY,1.0,linear,temperature,K,ESTIMABLE,0.3379081934826518,0.3264814934321842,0.3495265896424703,0.0059993408539273,0.023045096210286,1000.0,0.0
atlanta,27835,2023-06-03,grid_00,0.0,0.1,BLOCK_RANGE_ONLY,1.0,linear,emitted_flux,W/m2,ESTIMABLE,2.3511908026902133,2.279918311159684,2.4268656731613283,0.0383103927691728,0.1469473620016441,1000.0,0.0
atlanta,27835,2023-06-03,grid_00,0.0,0.1,BLOCK_RANGE_ONLY,1.0,linear,temperature_equivalent,K,ESTIMABLE,0.3514095243358497,0.340739792748036,0.3627394959101252,0.0057355173044583,0.0219997031620891,1000.0,0.0
atlanta,27835,2023-06-03,grid_00,0.0,0.1,BLOCK_RANGE_ONLY,1.0,linear,temperature_minus_equivalent,K,ESTIMABLE,-0.0135013308531978,-0.0175904225961891,-0.0094231159881215,0.002069055915547,0.0081673066080675,1000.0,0.0
atlanta,27835,2023-06-03,grid_00,0.0,0.1,BLOCK_RANGE_ONLY,1.0,quadratic,temperature,K,ESTIMABLE,0.3224702355886871,0.2950371708962844,0.3521181584376723,0.0149839502990681,0.0570809875413879,1000.0,0.0
atlanta,27835,2023-06-03,grid_00,0.0,0.1,BLOCK_RANGE_ONLY,1.0,quadratic,emitted_flux,W/m2,ESTIMABLE,2.0571014977637128,1.877209409453371,2.246775542685556,0.094486389609931,0.3695661332321851,1000.0,0.0
atlanta,27835,2023-06-03,grid_00,0.0,0.1,BLOCK_RANGE_ONLY,1.0,quadratic,temperature_equivalent,K,ESTIMABLE,0.3073903705131329,0.2804733137254246,0.3357785788521439,0.0141397479089891,0.0553052651267193,1000.0,0.0
atlanta,27835,2023-06-03,grid_00,0.0,0.1,BLOCK_RANGE_ONLY,1.0,quadratic,temperature_minus_equivalent,K,ESTIMABLE,0.0150798650755542,0.0049896005016449,0.0261834188971978,0.0054804983250368,0.0211938183955529,1000.0,0.0
atlanta,27835,2023-06-03,grid_00,0.0,0.1,BLOCK_RANGE_ONLY,1.0,quadratic_minus_linear,temperature,K,ESTIMABLE,-0.0154379578939647,-0.041314173350439,0.0108040056537144,0.0132213100527681,0.0521181790041534,1000.0,0.0
atlanta,27835,2023-06-03,grid_00,0.0,0.1,BLOCK_RANGE_ONLY,1.0,quadratic_minus_linear,emitted_flux,W/m2,ESTIMABLE,-0.2940893049265005,-0.4489670260863799,-0.1368926271424869,0.0795592459136596,0.312074398943893,1000.0,0.0
atlanta,27835,2023-06-03,grid_00,0.0,0.1,BLOCK_RANGE_ONLY,1.0,quadratic_minus_linear,temperature_equivalent,K,ESTIMABLE,-0.0440191538227168,-0.0671881152856812,-0.0204922266903238,0.0119054489685884,0.0466958885953573,1000.0,0.0
atlanta,27835,2023-06-03,grid_00,0.0,0.1,BLOCK_RANGE_ONLY,1.0,quadratic_minus_linear,temperature_minus_equivalent,K,ESTIMABLE,0.028581195928752,0.0185142915630063,0.0390279889584346,0.0052864474658329,0.0205136973954282,1000.0,0.0
atlanta,27835,2023-06-03,grid_00,0.0,0.1,BLOCK_RANGE_ONLY,8.0,linear,temperature,K,ESTIMABLE,0.3379081934826518,0.3135650334085736,0.3620683201176879,0.0124364339006838,0.0485032867091143,1000.0,0.0
atlanta,27835,2023-06-03,grid_00,0.0,0.1,BLOCK_RANGE_ONLY,8.0,linear,emitted_flux,W/m2,ESTIMABLE,2.3511908026902133,2.1885013706626557,2.517385572089726,0.082201940094345,0.3288842014270696,1000.0,0.0
atlanta,27835,2023-06-03,grid_00,0.0,0.1,BLOCK_RANGE_ONLY,8.0,linear,temperature_equivalent,K,ESTIMABLE,0.3514095243358497,0.3270559592680783,0.3762936604331244,0.0123064971691019,0.0492377011650461,1000.0,0.0
atlanta,27835,2023-06-03,grid_00,0.0,0.1,BLOCK_RANGE_ONLY,8.0,linear,temperature_minus_equivalent,K,ESTIMABLE,-0.0135013308531978,-0.0221344266151955,-0.0058017869209139,0.0042594431091738,0.0163326396942815,1000.0,0.0
atlanta,27835,2023-06-03,grid_00,0.0,0.1,BLOCK_RANGE_ONLY,8.0,quadratic,temperature,K,ESTIMABLE,0.3224702355886871,0.2754526823106859,0.3758399546180979,0.025952952335061,0.1003872723074119,1000.0,0.0
atlanta,27835,2023-06-03,grid_00,0.0,0.1,BLOCK_RANGE_ONLY,8.0,quadratic,emitted_flux,W/m2,ESTIMABLE,2.0571014977637128,1.716781872329172,2.4180002835809686,0.1758919518171993,0.7012184112517967,1000.0,0.0
atlanta,27835,2023-06-03,grid_00,0.0,0.1,BLOCK_RANGE_ONLY,8.0,quadratic,temperature_equivalent,K,ESTIMABLE,0.3073903705131329,0.2564745450845705,0.3614121146964749,0.0263222197891555,0.1049375696119043,1000.0,0.0
atlanta,27835,2023-06-03,grid_00,0.0,0.1,BLOCK_RANGE_ONLY,8.0,quadratic,temperature_minus_equivalent,K,ESTIMABLE,0.0150798650755542,-0.0003852189222951,0.0326224597847005,0.0084317879519587,0.0330076787069956,1000.0,0.0
atlanta,27835,2023-06-03,grid_00,0.0,0.1,BLOCK_RANGE_ONLY,8.0,quadratic_minus_linear,temperature,K,ESTIMABLE,-0.0154379578939647,-0.0543548783792739,0.0255562554312278,0.0202203742685755,0.0799111338105017,1000.0,0.0
atlanta,27835,2023-06-03,grid_00,0.0,0.1,BLOCK_RANGE_ONLY,8.0,quadratic_minus_linear,emitted_flux,W/m2,ESTIMABLE,-0.2940893049265005,-0.5457663679024222,-0.0256103587359299,0.131110913462159,0.5201560091664923,1000.0,0.0
atlanta,27835,2023-06-03,grid_00,0.0,0.1,BLOCK_RANGE_ONLY,8.0,quadratic_minus_linear,temperature_equivalent,K,ESTIMABLE,-0.0440191538227168,-0.0816565664973438,-0.0038341266648118,0.019619041411273,0.077822439832532,1000.0,0.0
atlanta,27835,2023-06-03,grid_00,0.0,0.1,BLOCK_RANGE_ONLY,8.0,quadratic_minus_linear,temperature_minus_equivalent,K,ESTIMABLE,0.028581195928752,0.0133293523838129,0.0454857724700626,0.0084208759712376,0.0321564200862497,1000.0,0.0
atlanta,27835,2023-06-03,grid_01,0.1,0.2,BLOCK_RANGE_ONLY,1.0,linear,temperature,K,ESTIMABLE,0.3379081934826518,0.3264814934321842,0.3495265896424703,0.0059993408539273,0.023045096210286,1000.0,0.0
atlanta,27835,2023-06-03,grid_01,0.1,0.2,BLOCK_RANGE_ONLY,1.0,linear,emitted_flux,W/m2,ESTIMABLE,2.3511908026902133,2.279918311159684,2.4268656731613283,0.0383103927691728,0.1469473620016441,1000.0,0.0
atlanta,27835,2023-06-03,grid_01,0.1,0.2,BLOCK_RANGE_ONLY,1.0,linear,temperature_equivalent,K,ESTIMABLE,0.3514095243358497,0.340739792748036,0.3627394959101252,0.0057355173044583,0.0219997031620891,1000.0,0.0
atlanta,27835,2023-06-03,grid_01,0.1,0.2,BLOCK_RANGE_ONLY,1.0,linear,temperature_minus_equivalent,K,ESTIMABLE,-0.0135013308531978,-0.0175904225961891,-0.0094231159881215,0.002069055915547,0.0081673066080675,1000.0,0.0
atlanta,27835,2023-06-03,grid_01,0.1,0.2,BLOCK_RANGE_ONLY,1.0,quadratic,temperature,K,ESTIMABLE,0.3259375792037977,0.3027435886875644,0.3498852925679391,0.0123188606542122,0.0471417038803746,1000.0,0.0
atlanta,27835,2023-06-03,grid_01,0.1,0.2,BLOCK_RANGE_ONLY,1.0,quadratic,emitted_flux,W/m2,ESTIMABLE,2.123153541739547,1.975343988744448,2.2801563493130876,0.0784322842282088,0.3048123605686397,1000.0,0.0
atlanta,27835,2023-06-03,grid_01,0.1,0.2,BLOCK_RANGE_ONLY,1.0,quadratic,temperature_equivalent,K,ESTIMABLE,0.3172754008815559,0.2951562268704492,0.3407754260471322,0.0117383903774073,0.0456191991766829,1000.0,0.0
atlanta,27835,2023-06-03,grid_01,0.1,0.2,BLOCK_RANGE_ONLY,1.0,quadratic,temperature_minus_equivalent,K,ESTIMABLE,0.0086621783222418,0.0004575135407781,0.0173784454971092,0.0044032557363125,0.016920931956331,1000.0,0.0
atlanta,27835,2023-06-03,grid_01,0.1,0.2,BLOCK_RANGE_ONLY,1.0,quadratic_minus_linear,temperature,K,ESTIMABLE,-0.011970614278854,-0.0320282585700638,0.008377130171967,0.0102529158021415,0.0404053887420308,1000.0,0.0
atlanta,27835,2023-06-03,grid_01,0.1,0.2,BLOCK_RANGE_ONLY,1.0,quadratic_minus_linear,emitted_flux,W/m2,ESTIMABLE,-0.2280372609506664,-0.3482077649584383,-0.106159639354455,0.0617043430467693,0.2420481256039833,1000.0,0.0
atlanta,27835,2023-06-03,grid_01,0.1,0.2,BLOCK_RANGE_ONLY,1.0,quadratic_minus_linear,temperature_equivalent,K,ESTIMABLE,-0.0341341234542937,-0.0521131944928356,-0.0158919817837002,0.0092344673378939,0.0362212127091353,1000.0,0.0
atlanta,27835,2023-06-03,grid_01,0.1,0.2,BLOCK_RANGE_ONLY,1.0,quadratic_minus_linear,temperature_minus_equivalent,K,ESTIMABLE,0.0221635091754396,0.0143598878317515,0.0302665765651969,0.0040990089696743,0.0159066887334453,1000.0,0.0
atlanta,27835,2023-06-03,grid_01,0.1,0.2,BLOCK_RANGE_ONLY,8.0,linear,temperature,K,ESTIMABLE,0.3379081934826518,0.3135650334085736,0.3620683201176879,0.0124364339006838,0.0485032867091143,1000.0,0.0
atlanta,27835,2023-06-03,grid_01,0.1,0.2,BLOCK_RANGE_ONLY,8.0,linear,emitted_flux,W/m2,ESTIMABLE,2.3511908026902133,2.1885013706626557,2.517385572089726,0.082201940094345,0.3288842014270696,1000.0,0.0
atlanta,27835,2023-06-03,grid_01,0.1,0.2,BLOCK_RANGE_ONLY,8.0,linear,temperature_equivalent,K,ESTIMABLE,0.3514095243358497,0.3270559592680783,0.3762936604331244,0.0123064971691019,0.0492377011650461,1000.0,0.0
atlanta,27835,2023-06-03,grid_01,0.1,0.2,BLOCK_RANGE_ONLY,8.0,linear,temperature_minus_equivalent,K,ESTIMABLE,-0.0135013308531978,-0.0221344266151955,-0.0058017869209139,0.0042594431091738,0.0163326396942815,1000.0,0.0
atlanta,27835,2023-06-03,grid_01,0.1,0.2,BLOCK_RANGE_ONLY,8.0,quadratic,temperature,K,ESTIMABLE,0.3259375792037977,0.2853424594932917,0.3713808373614238,0.0220451883662969,0.0860383778681321,1000.0,0.0
atlanta,27835,2023-06-03,grid_01,0.1,0.2,BLOCK_RANGE_ONLY,8.0,quadratic,emitted_flux,W/m2,ESTIMABLE,2.123153541739547,1.838738781112298,2.4310078116525315,0.1501168150227508,0.5922690305402336,1000.0,0.0
atlanta,27835,2023-06-03,grid_01,0.1,0.2,BLOCK_RANGE_ONLY,8.0,quadratic,temperature_equivalent,K,ESTIMABLE,0.3172754008815559,0.2747178925407184,0.3633596884302562,0.0224670363976951,0.0886417958895378,1000.0,0.0
atlanta,27835,2023-06-03,grid_01,0.1,0.2,BLOCK_RANGE_ONLY,8.0,quadratic,temperature_minus_equivalent,K,ESTIMABLE,0.0086621783222418,-0.0040433403525006,0.0225229942086691,0.0068465739611361,0.0265663345611697,1000.0,0.0
atlanta,27835,2023-06-03,grid_01,0.1,0.2,BLOCK_RANGE_ONLY,8.0,quadratic_minus_linear,temperature,K,ESTIMABLE,-0.011970614278854,-0.042160060268946,0.0197885231832394,0.0156826259466583,0.0619485834521855,1000.0,0.0
atlanta,27835,2023-06-03,grid_01,0.1,0.2,BLOCK_RANGE_ONLY,8.0,quadratic_minus_linear,emitted_flux,W/m2,ESTIMABLE,-0.2280372609506664,-0.4237852346906021,-0.019812536738136,0.1017207620098819,0.403972697952466,1000.0,0.0
atlanta,27835,2023-06-03,grid_01,0.1,0.2,BLOCK_RANGE_ONLY,8.0,quadratic_minus_linear,temperature_equivalent,K,ESTIMABLE,-0.0341341234542937,-0.0634184987092155,-0.0029661471273258,0.0152225906852767,0.0604523515818896,1000.0,0.0
atlanta,27835,2023-06-03,grid_01,0.1,0.2,BLOCK_RANGE_ONLY,8.0,quadratic_minus_linear,temperature_minus_equivalent,K,ESTIMABLE,0.0221635091754396,0.0103520312574059,0.0353006520493713,0.0065293178368646,0.0249486207919654,1000.0,0.0
atlanta,27835,2023-06-03,grid_02,0.2,0.3,BLOCK_RANGE_ONLY,1.0,linear,temperature,K,ESTIMABLE,0.3379081934826517,0.3264814934321841,0.3495265896424702,0.0059993408539273,0.023045096210286,1000.0,0.0
atlanta,27835,2023-06-03,grid_02,0.2,0.3,BLOCK_RANGE_ONLY,1.0,linear,emitted_flux,W/m2,ESTIMABLE,2.351190802690213,2.2799183111596837,2.4268656731613274,0.0383103927691728,0.1469473620016437,1000.0,0.0
atlanta,27835,2023-06-03,grid_02,0.2,0.3,BLOCK_RANGE_ONLY,1.0,linear,temperature_equivalent,K,ESTIMABLE,0.3514095243358497,0.340739792748036,0.3627394959101252,0.0057355173044584,0.0219997031620891,1000.0,0.0
atlanta,27835,2023-06-03,grid_02,0.2,0.3,BLOCK_RANGE_ONLY,1.0,linear,temperature_minus_equivalent,K,ESTIMABLE,-0.0135013308531979,-0.0175904225961892,-0.0094231159881216,0.002069055915547,0.0081673066080675,1000.0,0.0
atlanta,27835,2023-06-03,grid_02,0.2,0.3,BLOCK_RANGE_ONLY,1.0,quadratic,temperature,K,ESTIMABLE,0.3294049228189083,0.310799503969738,0.349384677236134,0.0098291810868493,0.0385851732663959,1000.0,0.0
atlanta,27835,2023-06-03,grid_02,0.2,0.3,BLOCK_RANGE_ONLY,1.0,quadratic,emitted_flux,W/m2,ESTIMABLE,2.1892055857153805,2.07242417847393,2.3179091129404155,0.0633498608447293,0.2454849344664853,1000.0,0.0
atlanta,27835,2023-06-03,grid_02,0.2,0.3,BLOCK_RANGE_ONLY,1.0,quadratic,temperature_equivalent,K,ESTIMABLE,0.3271613635535004,0.3096834059742974,0.3464270083100572,0.0094820168430365,0.0367436023357597,1000.0,0.0
atlanta,27835,2023-06-03,grid_02,0.2,0.3,BLOCK_RANGE_ONLY,1.0,quadratic,temperature_minus_equivalent,K,ESTIMABLE,0.0022435592654078,-0.0039060834599028,0.0089554630541141,0.0034002518196421,0.012861546514017,1000.0,0.0
atlanta,27835,2023-06-03,grid_02,0.2,0.3,BLOCK_RANGE_ONLY,1.0,quadratic_minus_linear,temperature,K,ESTIMABLE,-0.0085032706637434,-0.0227423437896885,0.0059432208711258,0.0072845341064069,0.0286855646608144,1000.0,0.0
atlanta,27835,2023-06-03,grid_02,0.2,0.3,BLOCK_RANGE_ONLY,1.0,quadratic_minus_linear,emitted_flux,W/m2,ESTIMABLE,-0.1619852169748323,-0.2474485038304965,-0.0754266515664226,0.0438499095024584,0.1720218522640739,1000.0,0.0
atlanta,27835,2023-06-03,grid_02,0.2,0.3,BLOCK_RANGE_ONLY,1.0,quadratic_minus_linear,temperature_equivalent,K,ESTIMABLE,-0.0242481607823492,-0.037036105511332,-0.0112915349620706,0.0065630516578447,0.0257445705492614,1000.0,0.0
atlanta,27835,2023-06-03,grid_02,0.2,0.3,BLOCK_RANGE_ONLY,1.0,quadratic_minus_linear,temperature_minus_equivalent,K,ESTIMABLE,0.0157448901186058,0.0102027127632876,0.0215039382344518,0.0029116527225414,0.0113012254711641,1000.0,0.0
atlanta,27835,2023-06-03,grid_02,0.2,0.3,BLOCK_RANGE_ONLY,8.0,linear,temperature,K,ESTIMABLE,0.3379081934826517,0.3135650334085735,0.3620683201176878,0.0124364339006838,0.0485032867091143,1000.0,0.0
atlanta,27835,2023-06-03,grid_02,0.2,0.3,BLOCK_RANGE_ONLY,8.0,linear,emitted_flux,W/m2,ESTIMABLE,2.351190802690213,2.1885013706626553,2.517385572089725,0.082201940094345,0.3288842014270696,1000.0,0.0
atlanta,27835,2023-06-03,grid_02,0.2,0.3,BLOCK_RANGE_ONLY,8.0,linear,temperature_equivalent,K,ESTIMABLE,0.3514095243358497,0.3270559592680783,0.3762936604331244,0.0123064971691019,0.0492377011650461,1000.0,0.0
atlanta,27835,2023-06-03,grid_02,0.2,0.3,BLOCK_RANGE_ONLY,8.0,linear,temperature_minus_equivalent,K,ESTIMABLE,-0.0135013308531979,-0.0221344266151956,-0.005801786920914,0.0042594431091737,0.0163326396942816,1000.0,0.0
atlanta,27835,2023-06-03,grid_02,0.2,0.3,BLOCK_RANGE_ONLY,8.0,quadratic,temperature,K,ESTIMABLE,0.3294049228189083,0.2953332080813396,0.3677119291474392,0.0184284840848476,0.0723787210660995,1000.0,0.0
atlanta,27835,2023-06-03,grid_02,0.2,0.3,BLOCK_RANGE_ONLY,8.0,quadratic,emitted_flux,W/m2,ESTIMABLE,2.1892055857153805,1.9544653980114577,2.450682411585724,0.1259363958501478,0.496217013574266,1000.0,0.0
atlanta,27835,2023-06-03,grid_02,0.2,0.3,BLOCK_RANGE_ONLY,8.0,quadratic,temperature_equivalent,K,ESTIMABLE,0.3271613635535004,0.2920321961628787,0.3663055693735188,0.0188498305787584,0.0742733732106401,1000.0,0.0
atlanta,27835,2023-06-03,grid_02,0.2,0.3,BLOCK_RANGE_ONLY,8.0,quadratic,temperature_minus_equivalent,K,ESTIMABLE,0.0022435592654078,-0.0083004493221241,0.0135368585115672,0.0054601488211353,0.0218373078336913,1000.0,0.0
atlanta,27835,2023-06-03,grid_02,0.2,0.3,BLOCK_RANGE_ONLY,8.0,quadratic_minus_linear,temperature,K,ESTIMABLE,-0.0085032706637434,-0.0299702745979123,0.014020790935251,0.0111449575129174,0.0439910655331634,1000.0,0.0
atlanta,27835,2023-06-03,grid_02,0.2,0.3,BLOCK_RANGE_ONLY,8.0,quadratic_minus_linear,emitted_flux,W/m2,ESTIMABLE,-0.1619852169748323,-0.3020632629034947,-0.0140147147403421,0.0723325198475753,0.2880485481631526,1000.0,0.0
atlanta,27835,2023-06-03,grid_02,0.2,0.3,BLOCK_RANGE_ONLY,8.0,quadratic_minus_linear,temperature_equivalent,K,ESTIMABLE,-0.0242481607823492,-0.0452070085966028,-0.0020981603540676,0.0108256139942129,0.0431088482425351,1000.0,0.0
atlanta,27835,2023-06-03,grid_02,0.2,0.3,BLOCK_RANGE_ONLY,8.0,quadratic_minus_linear,temperature_minus_equivalent,K,ESTIMABLE,0.0157448901186058,0.0073542394700204,0.0251135756124797,0.0046379035253133,0.0177593361424593,1000.0,0.0
atlanta,27835,2023-06-03,grid_03,0.3,0.4,BLOCK_RANGE_ONLY,1.0,linear,temperature,K,ESTIMABLE,0.3379081934826519,0.3264814934321843,0.3495265896424703,0.0059993408539273,0.023045096210286,1000.0,0.0
atlanta,27835,2023-06-03,grid_03,0.3,0.4,BLOCK_RANGE_ONLY,1.0,linear,emitted_flux,W/m2,ESTIMABLE,2.351190802690214,2.279918311159685,2.4268656731613287,0.0383103927691728,0.1469473620016437,1000.0,0.0
atlanta,27835,2023-06-03,grid_03,0.3,0.4,BLOCK_RANGE_ONLY,1.0,linear,temperature_equivalent,K,ESTIMABLE,0.3514095243358497,0.340739792748036,0.3627394959101252,0.0057355173044583,0.0219997031620891,1000.0,0.0
atlanta,27835,2023-06-03,grid_03,0.3,0.4,BLOCK_RANGE_ONLY,1.0,linear,temperature_minus_equivalent,K,ESTIMABLE,-0.0135013308531977,-0.0175904225961891,-0.0094231159881214,0.0020690559155469,0.0081673066080676,1000.0,0.0
atlanta,27835,2023-06-03,grid_03,0.3,0.4,BLOCK_RANGE_ONLY,1.0,quadratic,temperature,K,ESTIMABLE,0.3328722664340191,0.3184740295699826,0.3476244126510038,0.0076872742650096,0.0291503830810211,1000.0,0.0
atlanta,27835,2023-06-03,grid_03,0.3,0.4,BLOCK_RANGE_ONLY,1.0,quadratic,emitted_flux,W/m2,ESTIMABLE,2.2552576296912163,2.1631910028213617,2.3561067300639627,0.0501240740652212,0.1929157272426009,1000.0,0.0
atlanta,27835,2023-06-03,grid_03,0.3,0.4,BLOCK_RANGE_ONLY,1.0,quadratic,temperature_equivalent,K,ESTIMABLE,0.3370482587341712,0.3232676680542127,0.3521454952357644,0.0075031364963177,0.0288778271815516,1000.0,0.0
atlanta,27835,2023-06-03,grid_03,0.3,0.4,BLOCK_RANGE_ONLY,1.0,quadratic,temperature_minus_equivalent,K,ESTIMABLE,-0.004175992300152,-0.0088258470530667,0.0008441205902097,0.0025602541828187,0.0096699676432764,1000.0,0.0
atlanta,27835,2023-06-03,grid_03,0.3,0.4,BLOCK_RANGE_ONLY,1.0,quadratic_minus_linear,temperature,K,ESTIMABLE,-0.0050359270486328,-0.0134564290093132,0.0035093115702848,0.0043161908688373,0.0169657405795981,1000.0,0.0
atlanta,27835,2023-06-03,grid_03,0.3,0.4,BLOCK_RANGE_ONLY,1.0,quadratic_minus_linear,emitted_flux,W/m2,ESTIMABLE,-0.0959331729989978,-0.1466892427025548,-0.0446936637783903,0.0259969122776412,0.1019955789241644,1000.0,0.0
atlanta,27835,2023-06-03,grid_03,0.3,0.4,BLOCK_RANGE_ONLY,1.0,quadratic_minus_linear,temperature_equivalent,K,ESTIMABLE,-0.0143612656016784,-0.0219568476133446,-0.0066908862048237,0.0038913465227729,0.0152659614085209,1000.0,0.0
atlanta,27835,2023-06-03,grid_03,0.3,0.4,BLOCK_RANGE_ONLY,1.0,quadratic_minus_linear,temperature_minus_equivalent,K,ESTIMABLE,0.0093253385530456,0.0060395507213883,0.012739618029291,0.0017245154525726,0.0067000673079026,1000.0,0.0
atlanta,27835,2023-06-03,grid_03,0.3,0.4,BLOCK_RANGE_ONLY,8.0,linear,temperature,K,ESTIMABLE,0.3379081934826519,0.3135650334085736,0.362068320117688,0.0124364339006838,0.0485032867091143,1000.0,0.0
atlanta,27835,2023-06-03,grid_03,0.3,0.4,BLOCK_RANGE_ONLY,8.0,linear,emitted_flux,W/m2,ESTIMABLE,2.351190802690214,2.1885013706626566,2.5173855720897262,0.082201940094345,0.3288842014270696,1000.0,0.0
atlanta,27835,2023-06-03,grid_03,0.3,0.4,BLOCK_RANGE_ONLY,8.0,linear,temperature_equivalent,K,ESTIMABLE,0.3514095243358497,0.3270559592680783,0.3762936604331244,0.012306497169102,0.0492377011650461,1000.0,0.0
atlanta,27835,2023-06-03,grid_03,0.3,0.4,BLOCK_RANGE_ONLY,8.0,linear,temperature_minus_equivalent,K,ESTIMABLE,-0.0135013308531977,-0.0221344266151954,-0.0058017869209138,0.0042594431091738,0.0163326396942816,1000.0,0.0
atlanta,27835,2023-06-03,grid_03,0.3,0.4,BLOCK_RANGE_ONLY,8.0,quadratic,temperature,K,ESTIMABLE,0.3328722664340191,0.3043274365477091,0.3645566648251222,0.0153105134331235,0.0602292282774131,1000.0,0.0
atlanta,27835,2023-06-03,grid_03,0.3,0.4,BLOCK_RANGE_ONLY,8.0,quadratic,emitted_flux,W/m2,ESTIMABLE,2.2552576296912163,2.056911863454592,2.4750081659696277,0.1044640208661099,0.4180963025150359,1000.0,0.0
atlanta,27835,2023-06-03,grid_03,0.3,0.4,BLOCK_RANGE_ONLY,8.0,quadratic,temperature_equivalent,K,ESTIMABLE,0.3370482587341712,0.3073619920994346,0.3699479829013299,0.0156373218107851,0.0625859908018952,1000.0,0.0
atlanta,27835,2023-06-03,grid_03,0.3,0.4,BLOCK_RANGE_ONLY,8.0,quadratic,temperature_minus_equivalent,K,ESTIMABLE,-0.004175992300152,-0.0127628368672172,0.0048892532319631,0.0044619936075386,0.0176520900991804,1000.0,0.0
atlanta,27835,2023-06-03,grid_03,0.3,0.4,BLOCK_RANGE_ONLY,8.0,quadratic_minus_linear,temperature,K,ESTIMABLE,-0.0050359270486328,-0.0177730939149898,0.0082530586872627,0.0066075335570143,0.0260261526022525,1000.0,0.0
atlanta,27835,2023-06-03,grid_03,0.3,0.4,BLOCK_RANGE_ONLY,8.0,quadratic_minus_linear,emitted_flux,W/m2,ESTIMABLE,-0.0959331729989978,-0.1798870814810391,-0.0082168927425482,0.0429501063999646,0.1716701887384909,1000.0,0.0
atlanta,27835,2023-06-03,grid_03,0.3,0.4,BLOCK_RANGE_ONLY,8.0,quadratic_minus_linear,temperature_equivalent,K,ESTIMABLE,-0.0143612656016784,-0.0269255988087124,-0.0012301663448156,0.0064286978129212,0.0256954324638968,1000.0,0.0
atlanta,27835,2023-06-03,grid_03,0.3,0.4,BLOCK_RANGE_ONLY,8.0,quadratic_minus_linear,temperature_minus_equivalent,K,ESTIMABLE,0.0093253385530456,0.0043555652423044,0.0149206269216867,0.002747182876019,0.0105650616793822,1000.0,0.0
atlanta,27835,2023-06-03,grid_04,0.4,0.5,BLOCK_RANGE_ONLY,1.0,linear,temperature,K,ESTIMABLE,0.3379081934826517,0.3264814934321841,0.3495265896424702,0.0059993408539273,0.023045096210286,1000.0,0.0
atlanta,27835,2023-06-03,grid_04,0.4,0.5,BLOCK_RANGE_ONLY,1.0,linear,emitted_flux,W/m2,ESTIMABLE,2.351190802690213,2.2799183111596837,2.4268656731613274,0.0383103927691728,0.1469473620016437,1000.0,0.0
atlanta,27835,2023-06-03,grid_04,0.4,0.5,BLOCK_RANGE_ONLY,1.0,linear,temperature_equivalent,K,ESTIMABLE,0.3514095243358497,0.340739792748036,0.3627394959101252,0.0057355173044584,0.0219997031620891,1000.0,0.0
atlanta,27835,2023-06-03,grid_04,0.4,0.5,BLOCK_RANGE_ONLY,1.0,linear,temperature_minus_equivalent,K,ESTIMABLE,-0.0135013308531979,-0.0175904225961892,-0.0094231159881216,0.002069055915547,0.0081673066080675,1000.0,0.0
atlanta,27835,2023-06-03,grid_04,0.4,0.5,BLOCK_RANGE_ONLY,1.0,quadratic,temperature,K,ESTIMABLE,0.3363396100491296,0.3248837126618376,0.3486622943615842,0.0062608691233813,0.0237785816997465,1000.0,0.0
atlanta,27835,2023-06-03,grid_04,0.4,0.5,BLOCK_RANGE_ONLY,1.0,quadratic,emitted_flux,W/m2,ESTIMABLE,2.321309673667049,2.2452808976089447,2.400136137286336,0.0406112915923903,0.1548552396773912,1000.0,0.0
atlanta,27835,2023-06-03,grid_04,0.4,0.5,BLOCK_RANGE_ONLY,1.0,quadratic,temperature_equivalent,K,ESTIMABLE,0.3469360866289435,0.3355548476613407,0.3587374346259793,0.0060797317158461,0.0231825869646385,1000.0,0.0
atlanta,27835,2023-06-03,grid_04,0.4,0.5,BLOCK_RANGE_ONLY,1.0,quadratic,temperature_minus_equivalent,K,ESTIMABLE,-0.0105964765798138,-0.0148132792488864,-0.0064609703524045,0.0020900036522137,0.0083523088964819,1000.0,0.0
atlanta,27835,2023-06-03,grid_04,0.4,0.5,BLOCK_RANGE_ONLY,1.0,quadratic_minus_linear,temperature,K,ESTIMABLE,-0.0015685834335221,-0.0041686701078083,0.0010831154033783,0.0013481401456406,0.0052517855111866,1000.0,0.0
atlanta,27835,2023-06-03,grid_04,0.4,0.5,BLOCK_RANGE_ONLY,1.0,quadratic_minus_linear,emitted_flux,W/m2,ESTIMABLE,-0.0298811290231637,-0.0459299815746134,-0.0136436612703038,0.0081547902870718,0.0322863203043096,1000.0,0.0
atlanta,27835,2023-06-03,grid_04,0.4,0.5,BLOCK_RANGE_ONLY,1.0,quadratic_minus_linear,temperature_equivalent,K,ESTIMABLE,-0.0044734377069062,-0.0068754200707601,-0.0020427310726361,0.0012207649126897,0.004832688998124,1000.0,0.0
atlanta,27835,2023-06-03,grid_04,0.4,0.5,BLOCK_RANGE_ONLY,1.0,quadratic_minus_linear,temperature_minus_equivalent,K,ESTIMABLE,0.0029048542733841,0.0018810267957528,0.0039721997806382,0.0005389411733155,0.0020911729848854,1000.0,0.0
atlanta,27835,2023-06-03,grid_04,0.4,0.5,BLOCK_RANGE_ONLY,8.0,linear,temperature,K,ESTIMABLE,0.3379081934826517,0.3135650334085735,0.3620683201176878,0.0124364339006838,0.0485032867091143,1000.0,0.0
atlanta,27835,2023-06-03,grid_04,0.4,0.5,BLOCK_RANGE_ONLY,8.0,linear,emitted_flux,W/m2,ESTIMABLE,2.351190802690213,2.1885013706626553,2.517385572089725,0.082201940094345,0.3288842014270696,1000.0,0.0
atlanta,27835,2023-06-03,grid_04,0.4,0.5,BLOCK_RANGE_ONLY,8.0,linear,temperature_equivalent,K,ESTIMABLE,0.3514095243358497,0.3270559592680783,0.3762936604331244,0.0123064971691019,0.0492377011650461,1000.0,0.0
atlanta,27835,2023-06-03,grid_04,0.4,0.5,BLOCK_RANGE_ONLY,8.0,linear,temperature_minus_equivalent,K,ESTIMABLE,-0.0135013308531979,-0.0221344266151956,-0.005801786920914,0.0042594431091737,0.0163326396942816,1000.0,0.0
atlanta,27835,2023-06-03,grid_04,0.4,0.5,BLOCK_RANGE_ONLY,8.0,quadratic,temperature,K,ESTIMABLE,0.3363396100491296,0.3110674494732183,0.3630783182592038,0.0130536859877442,0.0520108687859855,1000.0,0.0
atlanta,27835,2023-06-03,grid_04,0.4,0.5,BLOCK_RANGE_ONLY,8.0,quadratic,emitted_flux,W/m2,ESTIMABLE,2.321309673667049,2.151742172106804,2.5017508848952215,0.0877116053891645,0.3500087127884175,1000.0,0.0
atlanta,27835,2023-06-03,grid_04,0.4,0.5,BLOCK_RANGE_ONLY,8.0,quadratic,temperature_equivalent,K,ESTIMABLE,0.3469360866289435,0.3215541265151572,0.3739524463775936,0.0131308154895925,0.0523983198624364,1000.0,0.0
atlanta,27835,2023-06-03,grid_04,0.4,0.5,BLOCK_RANGE_ONLY,8.0,quadratic,temperature_minus_equivalent,K,ESTIMABLE,-0.0105964765798138,-0.0186832906070408,-0.0031562719950535,0.0041431212858077,0.0155270186119872,1000.0,0.0
atlanta,27835,2023-06-03,grid_04,0.4,0.5,BLOCK_RANGE_ONLY,8.0,quadratic_minus_linear,temperature,K,ESTIMABLE,-0.0015685834335221,-0.0055543955210678,0.0024676192336083,0.0020719608610711,0.0080220147546762,1000.0,0.0
atlanta,27835,2023-06-03,grid_04,0.4,0.5,BLOCK_RANGE_ONLY,8.0,quadratic_minus_linear,emitted_flux,W/m2,ESTIMABLE,-0.0298811290231637,-0.0569357493280985,-0.0024190707447543,0.013611321048166,0.0545166785833442,1000.0,0.0
atlanta,27835,2023-06-03,grid_04,0.4,0.5,BLOCK_RANGE_ONLY,8.0,quadratic_minus_linear,temperature_equivalent,K,ESTIMABLE,-0.0044734377069062,-0.0085224468237399,-0.0003621650994574,0.0020375010330085,0.0081602817242824,1000.0,0.0
atlanta,27835,2023-06-03,grid_04,0.4,0.5,BLOCK_RANGE_ONLY,8.0,quadratic_minus_linear,temperature_minus_equivalent,K,ESTIMABLE,0.0029048542733841,0.0013419706029412,0.0046863407312978,0.0008625421763726,0.0033443701283565,1000.0,0.0
atlanta,27835,2023-06-03,grid_05,0.5,0.6,BLOCK_RANGE_ONLY,1.0,linear,temperature,K,ESTIMABLE,0.3379081934826517,0.3264814934321841,0.3495265896424702,0.0059993408539273,0.023045096210286,1000.0,0.0
atlanta,27835,2023-06-03,grid_05,0.5,0.6,BLOCK_RANGE_ONLY,1.0,linear,emitted_flux,W/m2,ESTIMABLE,2.351190802690213,2.2799183111596837,2.4268656731613274,0.0383103927691728,0.1469473620016437,1000.0,0.0
atlanta,27835,2023-06-03,grid_05,0.5,0.6,BLOCK_RANGE_ONLY,1.0,linear,temperature_equivalent,K,ESTIMABLE,0.3514095243358497,0.340739792748036,0.3627394959101252,0.0057355173044584,0.0219997031620891,1000.0,0.0
atlanta,27835,2023-06-03,grid_05,0.5,0.6,BLOCK_RANGE_ONLY,1.0,linear,temperature_minus_equivalent,K,ESTIMABLE,-0.0135013308531979,-0.0175904225961892,-0.0094231159881216,0.002069055915547,0.0081673066080675,1000.0,0.0
atlanta,27835,2023-06-03,grid_05,0.5,0.6,BLOCK_RANGE_ONLY,1.0,quadratic,temperature,K,ESTIMABLE,0.3398069536642402,0.3281693427136128,0.3513561212314856,0.0060766512572275,0.0231867785178727,1000.0,0.0
atlanta,27835,2023-06-03,grid_05,0.5,0.6,BLOCK_RANGE_ONLY,1.0,quadratic,emitted_flux,W/m2,ESTIMABLE,2.387361717642883,2.316232355853544,2.4613582404682446,0.0377328435287576,0.1451258846147007,1000.0,0.0
atlanta,27835,2023-06-03,grid_05,0.5,0.6,BLOCK_RANGE_ONLY,1.0,quadratic,temperature_equivalent,K,ESTIMABLE,0.356824847443022,0.3461759915913632,0.367904097566155,0.00564933426592,0.0217281059747918,1000.0,0.0
atlanta,27835,2023-06-03,grid_05,0.5,0.6,BLOCK_RANGE_ONLY,1.0,quadratic,temperature_minus_equivalent,K,ESTIMABLE,-0.0170178937787817,-0.0215012007276394,-0.0125730670318106,0.0022363457671953,0.0089281336958288,1000.0,0.0
atlanta,27835,2023-06-03,grid_05,0.5,0.6,BLOCK_RANGE_ONLY,1.0,quadratic_minus_linear,temperature,K,ESTIMABLE,0.0018987601815885,-0.0013279882588173,0.0050643508582624,0.0016212254178759,0.0063923391170797,1000.0,0.0
atlanta,27835,2023-06-03,grid_05,0.5,0.6,BLOCK_RANGE_ONLY,1.0,quadratic_minus_linear,emitted_flux,W/m2,ESTIMABLE,0.0361709149526703,0.0167723117976738,0.0554051857996094,0.0097364281611915,0.0386328740019355,1000.0,0.0
atlanta,27835,2023-06-03,grid_05,0.5,0.6,BLOCK_RANGE_ONLY,1.0,quadratic_minus_linear,temperature_equivalent,K,ESTIMABLE,0.0054153231071722,0.0025110171995237,0.0082945311292149,0.0014576721057204,0.0057835139296912,1000.0,0.0
atlanta,27835,2023-06-03,grid_05,0.5,0.6,BLOCK_RANGE_ONLY,1.0,quadratic_minus_linear,temperature_minus_equivalent,K,ESTIMABLE,-0.0035165629255837,-0.0047873975856176,-0.0022812264064704,0.0006535460123104,0.0025061711791472,1000.0,0.0
atlanta,27835,2023-06-03,grid_05,0.5,0.6,BLOCK_RANGE_ONLY,8.0,linear,temperature,K,ESTIMABLE,0.3379081934826517,0.3135650334085735,0.3620683201176878,0.0124364339006838,0.0485032867091143,1000.0,0.0
atlanta,27835,2023-06-03,grid_05,0.5,0.6,BLOCK_RANGE_ONLY,8.0,linear,emitted_flux,W/m2,ESTIMABLE,2.351190802690213,2.1885013706626553,2.517385572089725,0.082201940094345,0.3288842014270696,1000.0,0.0
atlanta,27835,2023-06-03,grid_05,0.5,0.6,BLOCK_RANGE_ONLY,8.0,linear,temperature_equivalent,K,ESTIMABLE,0.3514095243358497,0.3270559592680783,0.3762936604331244,0.0123064971691019,0.0492377011650461,1000.0,0.0
atlanta,27835,2023-06-03,grid_05,0.5,0.6,BLOCK_RANGE_ONLY,8.0,linear,temperature_minus_equivalent,K,ESTIMABLE,-0.0135013308531979,-0.0221344266151956,-0.005801786920914,0.0042594431091737,0.0163326396942816,1000.0,0.0
atlanta,27835,2023-06-03,grid_05,0.5,0.6,BLOCK_RANGE_ONLY,8.0,quadratic,temperature,K,ESTIMABLE,0.3398069536642402,0.3162309309746867,0.3635399160262138,0.0121478275633056,0.0473089850515271,1000.0,0.0
atlanta,27835,2023-06-03,grid_05,0.5,0.6,BLOCK_RANGE_ONLY,8.0,quadratic,emitted_flux,W/m2,ESTIMABLE,2.387361717642883,2.2264703415699603,2.542506145353808,0.0787512412157011,0.3160358037838477,1000.0,0.0
atlanta,27835,2023-06-03,grid_05,0.5,0.6,BLOCK_RANGE_ONLY,8.0,quadratic,temperature_equivalent,K,ESTIMABLE,0.356824847443022,0.3327391646422697,0.3800554467875983,0.0117904624003245,0.0473162821453285,1000.0,0.0
atlanta,27835,2023-06-03,grid_05,0.5,0.6,BLOCK_RANGE_ONLY,8.0,quadratic,temperature_minus_equivalent,K,ESTIMABLE,-0.0170178937787817,-0.0264709134116914,-0.008363886406194,0.0046457319061373,0.0181070270054974,1000.0,0.0
atlanta,27835,2023-06-03,grid_05,0.5,0.6,BLOCK_RANGE_ONLY,8.0,quadratic_minus_linear,temperature,K,ESTIMABLE,0.0018987601815885,-0.0032323450329747,0.0066291105187582,0.0024719717378954,0.0098614555517329,1000.0,0.0
atlanta,27835,2023-06-03,grid_05,0.5,0.6,BLOCK_RANGE_ONLY,8.0,quadratic_minus_linear,emitted_flux,W/m2,ESTIMABLE,0.0361709149526703,0.0033787512530399,0.0667372984684329,0.0159267915859966,0.0633585472153929,1000.0,0.0
atlanta,27835,2023-06-03,grid_05,0.5,0.6,BLOCK_RANGE_ONLY,8.0,quadratic_minus_linear,temperature_equivalent,K,ESTIMABLE,0.0054153231071722,0.0005058433821716,0.009989808260434,0.0023843511004428,0.0094839648782624,1000.0,0.0
atlanta,27835,2023-06-03,grid_05,0.5,0.6,BLOCK_RANGE_ONLY,8.0,quadratic_minus_linear,temperature_minus_equivalent,K,ESTIMABLE,-0.0035165629255837,-0.0056177295267428,-0.0016274945737269,0.0010499731634362,0.0039902349530159,1000.0,0.0
atlanta,27835,2023-06-03,grid_06,0.6,0.7,BLOCK_RANGE_ONLY,1.0,linear,temperature,K,ESTIMABLE,0.3379081934826517,0.3264814934321841,0.3495265896424702,0.0059993408539273,0.023045096210286,1000.0,0.0
atlanta,27835,2023-06-03,grid_06,0.6,0.7,BLOCK_RANGE_ONLY,1.0,linear,emitted_flux,W/m2,ESTIMABLE,2.351190802690213,2.2799183111596837,2.4268656731613274,0.0383103927691728,0.1469473620016437,1000.0,0.0
atlanta,27835,2023-06-03,grid_06,0.6,0.7,BLOCK_RANGE_ONLY,1.0,linear,temperature_equivalent,K,ESTIMABLE,0.3514095243358497,0.340739792748036,0.3627394959101252,0.0057355173044584,0.0219997031620891,1000.0,0.0
atlanta,27835,2023-06-03,grid_06,0.6,0.7,BLOCK_RANGE_ONLY,1.0,linear,temperature_minus_equivalent,K,ESTIMABLE,-0.0135013308531979,-0.0175904225961892,-0.0094231159881216,0.002069055915547,0.0081673066080675,1000.0,0.0
atlanta,27835,2023-06-03,grid_06,0.6,0.7,BLOCK_RANGE_ONLY,1.0,quadratic,temperature,K,ESTIMABLE,0.3432742972793509,0.3294933411583445,0.3570843054760949,0.0072302012828859,0.0275909643177503,1000.0,0.0
atlanta,27835,2023-06-03,grid_06,0.6,0.7,BLOCK_RANGE_ONLY,1.0,quadratic,emitted_flux,W/m2,ESTIMABLE,2.4534137616187173,2.374521430036375,2.536169571403772,0.0428473363091153,0.1616481413673969,1000.0,0.0
atlanta,27835,2023-06-03,grid_06,0.6,0.7,BLOCK_RANGE_ONLY,1.0,quadratic,temperature_equivalent,K,ESTIMABLE,0.3667145413818389,0.354902433676861,0.3791065370005739,0.0064156586019131,0.0242041033237129,1000.0,0.0
atlanta,27835,2023-06-03,grid_06,0.6,0.7,BLOCK_RANGE_ONLY,1.0,quadratic,temperature_minus_equivalent,K,ESTIMABLE,-0.023440244102488,-0.0291414123493873,-0.0174759999775299,0.0029076060586716,0.0116654123718574,1000.0,0.0
atlanta,27835,2023-06-03,grid_06,0.6,0.7,BLOCK_RANGE_ONLY,1.0,quadratic_minus_linear,temperature,K,ESTIMABLE,0.0053661037966991,-0.0037543870413236,0.0144013153318124,0.0045893543800922,0.0181557023731361,1000.0,0.0
atlanta,27835,2023-06-03,grid_06,0.6,0.7,BLOCK_RANGE_ONLY,1.0,quadratic_minus_linear,emitted_flux,W/m2,ESTIMABLE,0.1022229589285044,0.0475052995857062,0.155750094523158,0.0275813657041695,0.1082447949374518,1000.0,0.0
atlanta,27835,2023-06-03,grid_06,0.6,0.7,BLOCK_RANGE_ONLY,1.0,quadratic_minus_linear,temperature_equivalent,K,ESTIMABLE,0.0153050170459891,0.0071122718879564,0.0233201606857875,0.0041296851481303,0.016207888797831,1000.0,0.0
atlanta,27835,2023-06-03,grid_06,0.6,0.7,BLOCK_RANGE_ONLY,1.0,quadratic_minus_linear,temperature_minus_equivalent,K,ESTIMABLE,-0.00993891324929,-0.013541197063957,-0.0064341645921822,0.0018395211827257,0.0071070324717748,1000.0,0.0
atlanta,27835,2023-06-03,grid_06,0.6,0.7,BLOCK_RANGE_ONLY,8.0,linear,temperature,K,ESTIMABLE,0.3379081934826517,0.3135650334085735,0.3620683201176878,0.0124364339006838,0.0485032867091143,1000.0,0.0
atlanta,27835,2023-06-03,grid_06,0.6,0.7,BLOCK_RANGE_ONLY,8.0,linear,emitted_flux,W/m2,ESTIMABLE,2.351190802690213,2.1885013706626553,2.517385572089725,0.082201940094345,0.3288842014270696,1000.0,0.0
atlanta,27835,2023-06-03,grid_06,0.6,0.7,BLOCK_RANGE_ONLY,8.0,linear,temperature_equivalent,K,ESTIMABLE,0.3514095243358497,0.3270559592680783,0.3762936604331244,0.0123064971691019,0.0492377011650461,1000.0,0.0
atlanta,27835,2023-06-03,grid_06,0.6,0.7,BLOCK_RANGE_ONLY,8.0,linear,temperature_minus_equivalent,K,ESTIMABLE,-0.0135013308531979,-0.0221344266151956,-0.005801786920914,0.0042594431091737,0.0163326396942816,1000.0,0.0
atlanta,27835,2023-06-03,grid_06,0.6,0.7,BLOCK_RANGE_ONLY,8.0,quadratic,temperature,K,ESTIMABLE,0.3432742972793509,0.3177281351136851,0.3679481083385968,0.0128811805169164,0.0502199732249117,1000.0,0.0
atlanta,27835,2023-06-03,grid_06,0.6,0.7,BLOCK_RANGE_ONLY,8.0,quadratic,emitted_flux,W/m2,ESTIMABLE,2.4534137616187173,2.2932955621939564,2.607272176020991,0.0802373259444888,0.3139766138270348,1000.0,0.0
atlanta,27835,2023-06-03,grid_06,0.6,0.7,BLOCK_RANGE_ONLY,8.0,quadratic,temperature_equivalent,K,ESTIMABLE,0.3667145413818389,0.3427423293950568,0.3897547323253462,0.0120140483709976,0.0470124029302894,1000.0,0.0
atlanta,27835,2023-06-03,grid_06,0.6,0.7,BLOCK_RANGE_ONLY,8.0,quadratic,temperature_minus_equivalent,K,ESTIMABLE,-0.023440244102488,-0.0342632093248163,-0.0121736533546503,0.0057587241324621,0.0220895559701659,1000.0,0.0
atlanta,27835,2023-06-03,grid_06,0.6,0.7,BLOCK_RANGE_ONLY,8.0,quadratic_minus_linear,temperature,K,ESTIMABLE,0.0053661037966991,-0.0089231938277672,0.01882819621513,0.0070080216250022,0.0277513900428973,1000.0,0.0
atlanta,27835,2023-06-03,grid_06,0.6,0.7,BLOCK_RANGE_ONLY,8.0,quadratic_minus_linear,emitted_flux,W/m2,ESTIMABLE,0.1022229589285044,0.0091765732508338,0.1884072718300734,0.045275771980286,0.1792306985792396,1000.0,0.0
atlanta,27835,2023-06-03,grid_06,0.6,0.7,BLOCK_RANGE_ONLY,8.0,quadratic_minus_linear,temperature_equivalent,K,ESTIMABLE,0.0153050170459891,0.0013738591001839,0.0282089794233002,0.0067787002723123,0.0268351203231162,1000.0,0.0
atlanta,27835,2023-06-03,grid_06,0.6,0.7,BLOCK_RANGE_ONLY,8.0,quadratic_minus_linear,temperature_minus_equivalent,K,ESTIMABLE,-0.00993891324929,-0.0157457922971257,-0.0046199880668058,0.0029366326929405,0.0111258042303199,1000.0,0.0
atlanta,27835,2023-06-03,grid_07,0.7,0.8,BLOCK_RANGE_ONLY,1.0,linear,temperature,K,ESTIMABLE,0.3379081934826521,0.3264814934321845,0.3495265896424706,0.0059993408539273,0.023045096210286,1000.0,0.0
atlanta,27835,2023-06-03,grid_07,0.7,0.8,BLOCK_RANGE_ONLY,1.0,linear,emitted_flux,W/m2,ESTIMABLE,2.3511908026902155,2.279918311159686,2.42686567316133,0.0383103927691728,0.1469473620016441,1000.0,0.0
atlanta,27835,2023-06-03,grid_07,0.7,0.8,BLOCK_RANGE_ONLY,1.0,linear,temperature_equivalent,K,ESTIMABLE,0.3514095243358497,0.340739792748036,0.3627394959101252,0.0057355173044583,0.0219997031620891,1000.0,0.0
atlanta,27835,2023-06-03,grid_07,0.7,0.8,BLOCK_RANGE_ONLY,1.0,linear,temperature_minus_equivalent,K,ESTIMABLE,-0.0135013308531976,-0.0175904225961889,-0.0094231159881212,0.0020690559155468,0.0081673066080676,1000.0,0.0
atlanta,27835,2023-06-03,grid_07,0.7,0.8,BLOCK_RANGE_ONLY,1.0,quadratic,temperature,K,ESTIMABLE,0.3467416408944619,0.3294881194419575,0.3646490123050903,0.0092330299711066,0.0351608928631327,1000.0,0.0
atlanta,27835,2023-06-03,grid_07,0.7,0.8,BLOCK_RANGE_ONLY,1.0,quadratic,emitted_flux,W/m2,ESTIMABLE,2.5194658055945545,2.418002918643531,2.6223315754439827,0.0537183139056351,0.2043286568004516,1000.0,0.0
atlanta,27835,2023-06-03,grid_07,0.7,0.8,BLOCK_RANGE_ONLY,1.0,quadratic,temperature_equivalent,K,ESTIMABLE,0.3766051686509399,0.3614125091814159,0.3920101390610398,0.00804414907689,0.0305976298796238,1000.0,0.0
atlanta,27835,2023-06-03,grid_07,0.7,0.8,BLOCK_RANGE_ONLY,1.0,quadratic,temperature_minus_equivalent,K,ESTIMABLE,-0.029863527756478,-0.037640515279714,-0.0220576114999388,0.0038375511404944,0.0155829037797752,1000.0,0.0
atlanta,27835,2023-06-03,grid_07,0.7,0.8,BLOCK_RANGE_ONLY,1.0,quadratic_minus_linear,temperature,K,ESTIMABLE,0.0088334474118098,-0.00618078582383,0.0236872301121878,0.0075577038287962,0.0298680159360179,1000.0,0.0
atlanta,27835,2023-06-03,grid_07,0.7,0.8,BLOCK_RANGE_ONLY,1.0,quadratic_minus_linear,emitted_flux,W/m2,ESTIMABLE,0.1682750029043389,0.0782382873737385,0.2563401826839157,0.0454345871218548,0.1781018953101771,1000.0,0.0
atlanta,27835,2023-06-03,grid_07,0.7,0.8,BLOCK_RANGE_ONLY,1.0,quadratic_minus_linear,temperature_equivalent,K,ESTIMABLE,0.0251956443150902,0.0117137285947862,0.0383807504771084,0.0068034436443975,0.0266670218823222,1000.0,0.0
atlanta,27835,2023-06-03,grid_07,0.7,0.8,BLOCK_RANGE_ONLY,1.0,quadratic_minus_linear,temperature_minus_equivalent,K,ESTIMABLE,-0.0163621969032804,-0.0223115122259829,-0.0105978947294293,0.0030266312522558,0.0117136174965535,1000.0,0.0
atlanta,27835,2023-06-03,grid_07,0.7,0.8,BLOCK_RANGE_ONLY,8.0,linear,temperature,K,ESTIMABLE,0.3379081934826521,0.3135650334085738,0.3620683201176882,0.0124364339006838,0.0485032867091143,1000.0,0.0
atlanta,27835,2023-06-03,grid_07,0.7,0.8,BLOCK_RANGE_ONLY,8.0,linear,emitted_flux,W/m2,ESTIMABLE,2.3511908026902155,2.188501370662658,2.5173855720897276,0.0822019400943451,0.3288842014270696,1000.0,0.0
atlanta,27835,2023-06-03,grid_07,0.7,0.8,BLOCK_RANGE_ONLY,8.0,linear,temperature_equivalent,K,ESTIMABLE,0.3514095243358497,0.3270559592680783,0.3762936604331244,0.0123064971691019,0.0492377011650461,1000.0,0.0
atlanta,27835,2023-06-03,grid_07,0.7,0.8,BLOCK_RANGE_ONLY,8.0,linear,temperature_minus_equivalent,K,ESTIMABLE,-0.0135013308531976,-0.0221344266151952,-0.0058017869209137,0.0042594431091736,0.0163326396942815,1000.0,0.0
atlanta,27835,2023-06-03,grid_07,0.7,0.8,BLOCK_RANGE_ONLY,8.0,quadratic,temperature,K,ESTIMABLE,0.3467416408944619,0.3170074186955541,0.374347233127463,0.0150154589963601,0.0573398144319088,1000.0,0.0
atlanta,27835,2023-06-03,grid_07,0.7,0.8,BLOCK_RANGE_ONLY,8.0,quadratic,emitted_flux,W/m2,ESTIMABLE,2.5194658055945545,2.3313349646906794,2.692762087165468,0.0916631723489336,0.3614271224747885,1000.0,0.0
atlanta,27835,2023-06-03,grid_07,0.7,0.8,BLOCK_RANGE_ONLY,8.0,quadratic,temperature_equivalent,K,ESTIMABLE,0.3766051686509399,0.3484369294811458,0.4025589767762156,0.0137261376642664,0.0541220472950698,1000.0,0.0
atlanta,27835,2023-06-03,grid_07,0.7,0.8,BLOCK_RANGE_ONLY,8.0,quadratic,temperature_minus_equivalent,K,ESTIMABLE,-0.029863527756478,-0.0436004552570953,-0.0159199116625252,0.0072046581465055,0.02768054359457,1000.0,0.0
atlanta,27835,2023-06-03,grid_07,0.7,0.8,BLOCK_RANGE_ONLY,8.0,quadratic_minus_linear,temperature,K,ESTIMABLE,0.0088334474118098,-0.0146129289589551,0.0310305956744847,0.0115454835446788,0.0456435246334399,1000.0,0.0
atlanta,27835,2023-06-03,grid_07,0.7,0.8,BLOCK_RANGE_ONLY,8.0,quadratic_minus_linear,emitted_flux,W/m2,ESTIMABLE,0.1682750029043389,0.014974395248628,0.3118636613792626,0.0746590019705428,0.2968892661306345,1000.0,0.0
atlanta,27835,2023-06-03,grid_07,0.7,0.8,BLOCK_RANGE_ONLY,8.0,quadratic_minus_linear,temperature_equivalent,K,ESTIMABLE,0.0251956443150902,0.0022418820547471,0.0466948993420587,0.0111789905769459,0.0444530172873115,1000.0,0.0
atlanta,27835,2023-06-03,grid_07,0.7,0.8,BLOCK_RANGE_ONLY,8.0,quadratic_minus_linear,temperature_minus_equivalent,K,ESTIMABLE,-0.0163621969032804,-0.0259236303692361,-0.0076157443994086,0.0048279904548736,0.0183078859698274,1000.0,0.0
atlanta,27835,2023-06-03,grid_08,0.8,0.9,BLOCK_RANGE_ONLY,1.0,linear,temperature,K,ESTIMABLE,0.3379081934826517,0.3264814934321841,0.3495265896424702,0.0059993408539273,0.023045096210286,1000.0,0.0
atlanta,27835,2023-06-03,grid_08,0.8,0.9,BLOCK_RANGE_ONLY,1.0,linear,emitted_flux,W/m2,ESTIMABLE,2.351190802690213,2.2799183111596837,2.4268656731613274,0.0383103927691728,0.1469473620016437,1000.0,0.0
atlanta,27835,2023-06-03,grid_08,0.8,0.9,BLOCK_RANGE_ONLY,1.0,linear,temperature_equivalent,K,ESTIMABLE,0.3514095243358497,0.340739792748036,0.3627394959101252,0.0057355173044584,0.0219997031620891,1000.0,0.0
atlanta,27835,2023-06-03,grid_08,0.8,0.9,BLOCK_RANGE_ONLY,1.0,linear,temperature_minus_equivalent,K,ESTIMABLE,-0.0135013308531979,-0.0175904225961892,-0.0094231159881216,0.002069055915547,0.0081673066080675,1000.0,0.0
atlanta,27835,2023-06-03,grid_08,0.8,0.9,BLOCK_RANGE_ONLY,1.0,quadratic,temperature,K,ESTIMABLE,0.3502089845095722,0.3283744506878881,0.3731926090976595,0.0116552471475676,0.0448181584097714,1000.0,0.0
atlanta,27835,2023-06-03,grid_08,0.8,0.9,BLOCK_RANGE_ONLY,1.0,quadratic,emitted_flux,W/m2,ESTIMABLE,2.585517849570386,2.4567934701976792,2.717290164663677,0.0676243783039771,0.2604966944659979,1000.0,0.0
atlanta,27835,2023-06-03,grid_08,0.8,0.9,BLOCK_RANGE_ONLY,1.0,quadratic,temperature_equivalent,K,ESTIMABLE,0.3864967294558141,0.3672205959899372,0.4062329564524233,0.0101274905074142,0.0390123604624861,1000.0,0.0
atlanta,27835,2023-06-03,grid_08,0.8,0.9,BLOCK_RANGE_ONLY,1.0,quadratic,temperature_minus_equivalent,K,ESTIMABLE,-0.0362877449462419,-0.0460903439345191,-0.0263688553083903,0.0048804726114456,0.0197214886261288,1000.0,0.0
atlanta,27835,2023-06-03,grid_08,0.8,0.9,BLOCK_RANGE_ONLY,1.0,quadratic_minus_linear,temperature,K,ESTIMABLE,0.0123007910269204,-0.0086071846063364,0.032973144892563,0.0105260872345215,0.0415803294988994,1000.0,0.0
atlanta,27835,2023-06-03,grid_08,0.8,0.9,BLOCK_RANGE_ONLY,1.0,quadratic_minus_linear,emitted_flux,W/m2,ESTIMABLE,0.234327046880173,0.1089712751617704,0.3570992515626628,0.0632890824061847,0.2481279764008924,1000.0,0.0
atlanta,27835,2023-06-03,grid_08,0.8,0.9,BLOCK_RANGE_ONLY,1.0,quadratic_minus_linear,temperature_equivalent,K,ESTIMABLE,0.0350872051199644,0.0163153873407352,0.0534708364094839,0.0094778982621721,0.0371554490687486,1000.0,0.0
atlanta,27835,2023-06-03,grid_08,0.8,0.9,BLOCK_RANGE_ONLY,1.0,quadratic_minus_linear,temperature_minus_equivalent,K,ESTIMABLE,-0.0227864140930439,-0.0310761300921608,-0.0147633481061104,0.0042139045287399,0.0163127819860504,1000.0,0.0
atlanta,27835,2023-06-03,grid_08,0.8,0.9,BLOCK_RANGE_ONLY,8.0,linear,temperature,K,ESTIMABLE,0.3379081934826517,0.3135650334085735,0.3620683201176878,0.0124364339006838,0.0485032867091143,1000.0,0.0
atlanta,27835,2023-06-03,grid_08,0.8,0.9,BLOCK_RANGE_ONLY,8.0,linear,emitted_flux,W/m2,ESTIMABLE,2.351190802690213,2.1885013706626553,2.517385572089725,0.082201940094345,0.3288842014270696,1000.0,0.0
atlanta,27835,2023-06-03,grid_08,0.8,0.9,BLOCK_RANGE_ONLY,8.0,linear,temperature_equivalent,K,ESTIMABLE,0.3514095243358497,0.3270559592680783,0.3762936604331244,0.0123064971691019,0.0492377011650461,1000.0,0.0
atlanta,27835,2023-06-03,grid_08,0.8,0.9,BLOCK_RANGE_ONLY,8.0,linear,temperature_minus_equivalent,K,ESTIMABLE,-0.0135013308531979,-0.0221344266151956,-0.005801786920914,0.0042594431091737,0.0163326396942816,1000.0,0.0
atlanta,27835,2023-06-03,grid_08,0.8,0.9,BLOCK_RANGE_ONLY,8.0,quadratic,temperature,K,ESTIMABLE,0.3502089845095722,0.3156466434249411,0.3843699566656802,0.0180606563168053,0.068723313240739,1000.0,0.0
atlanta,27835,2023-06-03,grid_08,0.8,0.9,BLOCK_RANGE_ONLY,8.0,quadratic,emitted_flux,W/m2,ESTIMABLE,2.585517849570386,2.3578883562461495,2.7956923080445955,0.1099731060944356,0.437803951798446,1000.0,0.0
atlanta,27835,2023-06-03,grid_08,0.8,0.9,BLOCK_RANGE_ONLY,8.0,quadratic,temperature_equivalent,K,ESTIMABLE,0.3864967294558141,0.3524122264610085,0.4179774184310886,0.0164695168641808,0.0655651919700801,1000.0,0.0
atlanta,27835,2023-06-03,grid_08,0.8,0.9,BLOCK_RANGE_ONLY,8.0,quadratic,temperature_minus_equivalent,K,ESTIMABLE,-0.0362877449462419,-0.0528580481470421,-0.0193861906846214,0.0088213845373017,0.0334718574624206,1000.0,0.0
atlanta,27835,2023-06-03,grid_08,0.8,0.9,BLOCK_RANGE_ONLY,8.0,quadratic_minus_linear,temperature,K,ESTIMABLE,0.0123007910269204,-0.0203343438934049,0.0432335958736895,0.0160831624323327,0.0635679397670945,1000.0,0.0
atlanta,27835,2023-06-03,grid_08,0.8,0.9,BLOCK_RANGE_ONLY,8.0,quadratic_minus_linear,emitted_flux,W/m2,ESTIMABLE,0.234327046880173,0.0207722172464219,0.4359976741870327,0.1040474691220487,0.4152254569406108,1000.0,0.0
atlanta,27835,2023-06-03,grid_08,0.8,0.9,BLOCK_RANGE_ONLY,8.0,quadratic_minus_linear,temperature_equivalent,K,ESTIMABLE,0.0350872051199644,0.0031099122459167,0.0652900485347913,0.0155808787546566,0.0621801362888746,1000.0,0.0
atlanta,27835,2023-06-03,grid_08,0.8,0.9,BLOCK_RANGE_ONLY,8.0,quadratic_minus_linear,temperature_minus_equivalent,K,ESTIMABLE,-0.0227864140930439,-0.0360499943742747,-0.0106145034132754,0.0067201859051283,0.0254354909609992,1000.0,0.0
atlanta,27835,2023-06-03,grid_09,0.9,1.0,NO_SPANNING_BLOCKS,,,,,NOT_ESTIMATED_NO_REFERENCE_BLOCKS,,,,,,,
atlanta,27896,2023-06-07,near_-0.02,0.0085095386207103,0.1085095386207103,BLOCK_RANGE_ONLY,1.0,linear,temperature,K,ESTIMABLE,0.2282295514587814,0.2196771638588717,0.2366206892595564,0.0042510197143684,0.0169435254006846,1000.0,0.0
atlanta,27896,2023-06-07,near_-0.02,0.0085095386207103,0.1085095386207103,BLOCK_RANGE_ONLY,1.0,linear,emitted_flux,W/m2,ESTIMABLE,1.555312140175611,1.5039733399507973,1.6108017247946351,0.0268989566961403,0.1068283848438378,1000.0,0.0
atlanta,27896,2023-06-07,near_-0.02,0.0085095386207103,0.1085095386207103,BLOCK_RANGE_ONLY,1.0,linear,temperature_equivalent,K,ESTIMABLE,0.232325417810614,0.2246484429980668,0.2406237145482165,0.0040225023972585,0.0159752715501497,1000.0,0.0
atlanta,27896,2023-06-07,near_-0.02,0.0085095386207103,0.1085095386207103,BLOCK_RANGE_ONLY,1.0,linear,temperature_minus_equivalent,K,ESTIMABLE,-0.0040958663518325,-0.0072944558055327,-0.0008641610711068,0.0016209618378567,0.0064302947344259,1000.0,0.0
atlanta,27896,2023-06-07,near_-0.02,0.0085095386207103,0.1085095386207103,BLOCK_RANGE_ONLY,1.0,quadratic,temperature,K,ESTIMABLE,0.2621670926591131,0.2398575419538627,0.2826490922135005,0.0108582800356715,0.0427915502596378,1000.0,0.0
atlanta,27896,2023-06-07,near_-0.02,0.0085095386207103,0.1085095386207103,BLOCK_RANGE_ONLY,1.0,quadratic,emitted_flux,W/m2,ESTIMABLE,1.5377411253819235,1.4038078774963842,1.6686061585064256,0.066480750365352,0.2647982810100413,1000.0,0.0
atlanta,27896,2023-06-07,near_-0.02,0.0085095386207103,0.1085095386207103,BLOCK_RANGE_ONLY,1.0,quadratic,temperature_equivalent,K,ESTIMABLE,0.229697863491765,0.2096717652610081,0.2492688883760848,0.0099412779246924,0.0395971231150767,1000.0,0.0
atlanta,27896,2023-06-07,near_-0.02,0.0085095386207103,0.1085095386207103,BLOCK_RANGE_ONLY,1.0,quadratic,temperature_minus_equivalent,K,ESTIMABLE,0.032469229167348,0.024321835519431,0.0402656030433001,0.0040133903423006,0.0159437675238691,1000.0,0.0
atlanta,27896,2023-06-07,near_-0.02,0.0085095386207103,0.1085095386207103,BLOCK_RANGE_ONLY,1.0,quadratic_minus_linear,temperature,K,ESTIMABLE,0.0339375412003316,0.0152326473978703,0.0521687311457324,0.009291308580124,0.0369360837478621,1000.0,0.0
atlanta,27896,2023-06-07,near_-0.02,0.0085095386207103,0.1085095386207103,BLOCK_RANGE_ONLY,1.0,quadratic_minus_linear,emitted_flux,W/m2,ESTIMABLE,-0.0175710147936873,-0.1312865271414204,0.0934006363270831,0.0561345449480433,0.2246871634685035,1000.0,0.0
atlanta,27896,2023-06-07,near_-0.02,0.0085095386207103,0.1085095386207103,BLOCK_RANGE_ONLY,1.0,quadratic_minus_linear,temperature_equivalent,K,ESTIMABLE,-0.0026275543188489,-0.0196303585837029,0.0139678532871016,0.0083941357128295,0.0335982118708045,1000.0,0.0
atlanta,27896,2023-06-07,near_-0.02,0.0085095386207103,0.1085095386207103,BLOCK_RANGE_ONLY,1.0,quadratic_minus_linear,temperature_minus_equivalent,K,ESTIMABLE,0.0365650955191806,0.0290719827440989,0.0438967036416967,0.0036624997990008,0.0148247208975978,1000.0,0.0
atlanta,27896,2023-06-07,near_-0.02,0.0085095386207103,0.1085095386207103,BLOCK_RANGE_ONLY,8.0,linear,temperature,K,ESTIMABLE,0.2282295514587814,0.2117409809644951,0.2443519730706244,0.0086181915079793,0.0326109921061293,1000.0,0.0
atlanta,27896,2023-06-07,near_-0.02,0.0085095386207103,0.1085095386207103,BLOCK_RANGE_ONLY,8.0,linear,emitted_flux,W/m2,ESTIMABLE,1.555312140175611,1.4509749847178346,1.6605871737781537,0.0541477218882746,0.2096121890603191,1000.0,0.0
atlanta,27896,2023-06-07,near_-0.02,0.0085095386207103,0.1085095386207103,BLOCK_RANGE_ONLY,8.0,linear,temperature_equivalent,K,ESTIMABLE,0.232325417810614,0.2167238953444382,0.2480695343784489,0.0080973018243975,0.0313456390340107,1000.0,0.0
atlanta,27896,2023-06-07,near_-0.02,0.0085095386207103,0.1085095386207103,BLOCK_RANGE_ONLY,8.0,linear,temperature_minus_equivalent,K,ESTIMABLE,-0.0040958663518325,-0.012078597311478,0.0037778696647471,0.0040615474993223,0.0158564669762251,1000.0,0.0
atlanta,27896,2023-06-07,near_-0.02,0.0085095386207103,0.1085095386207103,BLOCK_RANGE_ONLY,8.0,quadratic,temperature,K,ESTIMABLE,0.2621670926591131,0.2262579052669737,0.2971677614544414,0.0182147082107755,0.0709098561874677,1000.0,0.0
atlanta,27896,2023-06-07,near_-0.02,0.0085095386207103,0.1085095386207103,BLOCK_RANGE_ONLY,8.0,quadratic,emitted_flux,W/m2,ESTIMABLE,1.5377411253819235,1.311617690888644,1.7503601430096605,0.1150569279815242,0.4387424521210163,1000.0,0.0
atlanta,27896,2023-06-07,near_-0.02,0.0085095386207103,0.1085095386207103,BLOCK_RANGE_ONLY,8.0,quadratic,temperature_equivalent,K,ESTIMABLE,0.229697863491765,0.1958894360567057,0.2614971505307608,0.0172051712492494,0.065607714474055,1000.0,0.0
atlanta,27896,2023-06-07,near_-0.02,0.0085095386207103,0.1085095386207103,BLOCK_RANGE_ONLY,8.0,quadratic,temperature_minus_equivalent,K,ESTIMABLE,0.032469229167348,0.0207402503663004,0.0446088645250984,0.0062438771897843,0.0238686141587979,1000.0,0.0
atlanta,27896,2023-06-07,near_-0.02,0.0085095386207103,0.1085095386207103,BLOCK_RANGE_ONLY,8.0,quadratic_minus_linear,temperature,K,ESTIMABLE,0.0339375412003316,0.008122731342599,0.0601260200493513,0.0134549407641645,0.0520032887067522,1000.0,0.0
atlanta,27896,2023-06-07,near_-0.02,0.0085095386207103,0.1085095386207103,BLOCK_RANGE_ONLY,8.0,quadratic_minus_linear,emitted_flux,W/m2,ESTIMABLE,-0.0175710147936873,-0.1814804209702015,0.1470568313742746,0.0845629654567611,0.3285372523444761,1000.0,0.0
atlanta,27896,2023-06-07,near_-0.02,0.0085095386207103,0.1085095386207103,BLOCK_RANGE_ONLY,8.0,quadratic_minus_linear,temperature_equivalent,K,ESTIMABLE,-0.0026275543188489,-0.027133008025963,0.0219941970301405,0.0126451090010916,0.0491272050561036,1000.0,0.0
atlanta,27896,2023-06-07,near_-0.02,0.0085095386207103,0.1085095386207103,BLOCK_RANGE_ONLY,8.0,quadratic_minus_linear,temperature_minus_equivalent,K,ESTIMABLE,0.0365650955191806,0.0262298962124057,0.0467662569085113,0.0051622433539069,0.0205363606961055,1000.0,0.0
atlanta,27896,2023-06-07,near_-0.01,0.0185095386207103,0.1185095386207103,BLOCK_RANGE_ONLY,1.0,linear,temperature,K,ESTIMABLE,0.2282295514587814,0.2196771638588717,0.2366206892595564,0.0042510197143684,0.0169435254006846,1000.0,0.0
atlanta,27896,2023-06-07,near_-0.01,0.0185095386207103,0.1185095386207103,BLOCK_RANGE_ONLY,1.0,linear,emitted_flux,W/m2,ESTIMABLE,1.555312140175611,1.5039733399507973,1.6108017247946351,0.0268989566961403,0.1068283848438378,1000.0,0.0
atlanta,27896,2023-06-07,near_-0.01,0.0185095386207103,0.1185095386207103,BLOCK_RANGE_ONLY,1.0,linear,temperature_equivalent,K,ESTIMABLE,0.232325417810614,0.2246484429980668,0.2406237145482165,0.0040225023972585,0.0159752715501497,1000.0,0.0
atlanta,27896,2023-06-07,near_-0.01,0.0185095386207103,0.1185095386207103,BLOCK_RANGE_ONLY,1.0,linear,temperature_minus_equivalent,K,ESTIMABLE,-0.0040958663518325,-0.0072944558055327,-0.0008641610711068,0.0016209618378567,0.0064302947344259,1000.0,0.0
atlanta,27896,2023-06-07,near_-0.01,0.0185095386207103,0.1185095386207103,BLOCK_RANGE_ONLY,1.0,quadratic,temperature,K,ESTIMABLE,0.2613899107790435,0.2394976356443371,0.2814792480107802,0.0106622881104932,0.0419816123664431,1000.0,0.0
atlanta,27896,2023-06-07,near_-0.01,0.0185095386207103,0.1185095386207103,BLOCK_RANGE_ONLY,1.0,quadratic,emitted_flux,W/m2,ESTIMABLE,1.538143507930249,1.4067037317955204,1.666637647072945,0.0653033197212274,0.2599339152774245,1000.0,0.0
atlanta,27896,2023-06-07,near_-0.01,0.0185095386207103,0.1185095386207103,BLOCK_RANGE_ONLY,1.0,quadratic,temperature_equivalent,K,ESTIMABLE,0.2297580346925087,0.21010472157039,0.2489744680323994,0.0097652161706309,0.0388697464620094,1000.0,0.0
atlanta,27896,2023-06-07,near_-0.01,0.0185095386207103,0.1185095386207103,BLOCK_RANGE_ONLY,1.0,quadratic,temperature_minus_equivalent,K,ESTIMABLE,0.0316318760865347,0.0236502477535845,0.0392785456837132,0.0039367424487734,0.0156282979301286,1000.0,0.0
atlanta,27896,2023-06-07,near_-0.01,0.0185095386207103,0.1185095386207103,BLOCK_RANGE_ONLY,1.0,quadratic_minus_linear,temperature,K,ESTIMABLE,0.033160359320262,0.0148840328123004,0.0509750849212944,0.0090784984716623,0.036091052108994,1000.0,0.0
atlanta,27896,2023-06-07,near_-0.01,0.0185095386207103,0.1185095386207103,BLOCK_RANGE_ONLY,1.0,quadratic_minus_linear,emitted_flux,W/m2,ESTIMABLE,-0.0171686322453619,-0.1282868216028916,0.0912618976325915,0.0548489316414274,0.2195487192354831,1000.0,0.0
atlanta,27896,2023-06-07,near_-0.01,0.0185095386207103,0.1185095386207103,BLOCK_RANGE_ONLY,1.0,quadratic_minus_linear,temperature_equivalent,K,ESTIMABLE,-0.0025673831181052,-0.0191818745628694,0.0136479889465348,0.0082018957503445,0.0328298635094043,1000.0,0.0
atlanta,27896,2023-06-07,near_-0.01,0.0185095386207103,0.1185095386207103,BLOCK_RANGE_ONLY,1.0,quadratic_minus_linear,temperature_minus_equivalent,K,ESTIMABLE,0.0357277424383673,0.0284069453326017,0.0428908170100096,0.0035785575733331,0.0144838716774078,1000.0,0.0
atlanta,27896,2023-06-07,near_-0.01,0.0185095386207103,0.1185095386207103,BLOCK_RANGE_ONLY,8.0,linear,temperature,K,ESTIMABLE,0.2282295514587814,0.2117409809644951,0.2443519730706244,0.0086181915079793,0.0326109921061293,1000.0,0.0
atlanta,27896,2023-06-07,near_-0.01,0.0185095386207103,0.1185095386207103,BLOCK_RANGE_ONLY,8.0,linear,emitted_flux,W/m2,ESTIMABLE,1.555312140175611,1.4509749847178346,1.6605871737781537,0.0541477218882746,0.2096121890603191,1000.0,0.0
atlanta,27896,2023-06-07,near_-0.01,0.0185095386207103,0.1185095386207103,BLOCK_RANGE_ONLY,8.0,linear,temperature_equivalent,K,ESTIMABLE,0.232325417810614,0.2167238953444382,0.2480695343784489,0.0080973018243975,0.0313456390340107,1000.0,0.0
atlanta,27896,2023-06-07,near_-0.01,0.0185095386207103,0.1185095386207103,BLOCK_RANGE_ONLY,8.0,linear,temperature_minus_equivalent,K,ESTIMABLE,-0.0040958663518325,-0.012078597311478,0.0037778696647471,0.0040615474993223,0.0158564669762251,1000.0,0.0
atlanta,27896,2023-06-07,near_-0.01,0.0185095386207103,0.1185095386207103,BLOCK_RANGE_ONLY,8.0,quadratic,temperature,K,ESTIMABLE,0.2613899107790435,0.2261463569157006,0.2957670339596929,0.0179386024547349,0.0696206770439922,1000.0,0.0
atlanta,27896,2023-06-07,near_-0.01,0.0185095386207103,0.1185095386207103,BLOCK_RANGE_ONLY,8.0,quadratic,emitted_flux,W/m2,ESTIMABLE,1.538143507930249,1.3144605718245292,1.7475373958607263,0.1133240059743159,0.4330768240361973,1000.0,0.0
atlanta,27896,2023-06-07,near_-0.01,0.0185095386207103,0.1185095386207103,BLOCK_RANGE_ONLY,8.0,quadratic,temperature_equivalent,K,ESTIMABLE,0.2297580346925087,0.1963144164625973,0.2610749174570799,0.0169460488675226,0.0647605009944825,1000.0,0.0
atlanta,27896,2023-06-07,near_-0.01,0.0185095386207103,0.1185095386207103,BLOCK_RANGE_ONLY,8.0,quadratic,temperature_minus_equivalent,K,ESTIMABLE,0.0316318760865347,0.0201117603579721,0.0436124680425281,0.00615467785673,0.0235007076845559,1000.0,0.0
atlanta,27896,2023-06-07,near_-0.01,0.0185095386207103,0.1185095386207103,BLOCK_RANGE_ONLY,8.0,quadratic_minus_linear,temperature,K,ESTIMABLE,0.033160359320262,0.0079374607935505,0.0587588285425746,0.0131461452086123,0.0508213677490241,1000.0,0.0
atlanta,27896,2023-06-07,near_-0.01,0.0185095386207103,0.1185095386207103,BLOCK_RANGE_ONLY,8.0,quadratic_minus_linear,emitted_flux,W/m2,ESTIMABLE,-0.0171686322453619,-0.177328300064548,0.1436814969323514,0.0826274932497468,0.3210097969968995,1000.0,0.0
atlanta,27896,2023-06-07,near_-0.01,0.0185095386207103,0.1185095386207103,BLOCK_RANGE_ONLY,8.0,quadratic_minus_linear,temperature_equivalent,K,ESTIMABLE,-0.0025673831181052,-0.0265123058713442,0.021489321606694,0.0123556965179456,0.0480016274780382,1000.0,0.0
atlanta,27896,2023-06-07,near_-0.01,0.0185095386207103,0.1185095386207103,BLOCK_RANGE_ONLY,8.0,quadratic_minus_linear,temperature_minus_equivalent,K,ESTIMABLE,0.0357277424383673,0.0256298928301356,0.0456979195609134,0.0050443073291803,0.0200680267307778,1000.0,0.0
atlanta,27896,2023-06-07,historical,0.0285095386207103,0.1285095386207103,BLOCK_RANGE_ONLY,1.0,linear,temperature,K,ESTIMABLE,0.2282295514587814,0.2196771638588717,0.2366206892595564,0.0042510197143684,0.0169435254006846,1000.0,0.0
atlanta,27896,2023-06-07,historical,0.0285095386207103,0.1285095386207103,BLOCK_RANGE_ONLY,1.0,linear,emitted_flux,W/m2,ESTIMABLE,1.555312140175611,1.5039733399507973,1.6108017247946351,0.0268989566961403,0.1068283848438378,1000.0,0.0
atlanta,27896,2023-06-07,historical,0.0285095386207103,0.1285095386207103,BLOCK_RANGE_ONLY,1.0,linear,temperature_equivalent,K,ESTIMABLE,0.232325417810614,0.2246484429980668,0.2406237145482165,0.0040225023972585,0.0159752715501497,1000.0,0.0
atlanta,27896,2023-06-07,historical,0.0285095386207103,0.1285095386207103,BLOCK_RANGE_ONLY,1.0,linear,temperature_minus_equivalent,K,ESTIMABLE,-0.0040958663518325,-0.0072944558055327,-0.0008641610711068,0.0016209618378567,0.0064302947344259,1000.0,0.0
atlanta,27896,2023-06-07,historical,0.0285095386207103,0.1285095386207103,BLOCK_RANGE_ONLY,1.0,quadratic,temperature,K,ESTIMABLE,0.2606127288989739,0.2391389891035207,0.2801655347242888,0.0104669532562601,0.041026545620768,1000.0,0.0
atlanta,27896,2023-06-07,historical,0.0285095386207103,0.1285095386207103,BLOCK_RANGE_ONLY,1.0,quadratic,emitted_flux,W/m2,ESTIMABLE,1.5385458904785745,1.409601467036342,1.6646530383043732,0.0641300442775152,0.255051571268031,1000.0,0.0
atlanta,27896,2023-06-07,historical,0.0285095386207103,0.1285095386207103,BLOCK_RANGE_ONLY,1.0,quadratic,temperature_equivalent,K,ESTIMABLE,0.2298182059277564,0.2105379608872411,0.2486776409265743,0.0095897755392918,0.0381396800393332,1000.0,0.0
atlanta,27896,2023-06-07,historical,0.0285095386207103,0.1285095386207103,BLOCK_RANGE_ONLY,1.0,quadratic,temperature_minus_equivalent,K,ESTIMABLE,0.0307945229712174,0.0229850632900982,0.038291488303664,0.0038603986109595,0.0153064250135657,1000.0,0.0
atlanta,27896,2023-06-07,historical,0.0285095386207103,0.1285095386207103,BLOCK_RANGE_ONLY,1.0,quadratic_minus_linear,temperature,K,ESTIMABLE,0.0323831774401925,0.0145354182267306,0.0497814386968565,0.0088656885896318,0.0352460204701259,1000.0,0.0
atlanta,27896,2023-06-07,historical,0.0285095386207103,0.1285095386207103,BLOCK_RANGE_ONLY,1.0,quadratic_minus_linear,emitted_flux,W/m2,ESTIMABLE,-0.0167662496970366,-0.1252871160643627,0.0891231589381,0.053563318444983,0.2144102750024627,1000.0,0.0
atlanta,27896,2023-06-07,historical,0.0285095386207103,0.1285095386207103,BLOCK_RANGE_ONLY,1.0,quadratic_minus_linear,temperature_equivalent,K,ESTIMABLE,-0.0025072118828575,-0.0187333886237937,0.0133281255818019,0.0080096555459433,0.0320615142055956,1000.0,0.0
atlanta,27896,2023-06-07,historical,0.0285095386207103,0.1285095386207103,BLOCK_RANGE_ONLY,1.0,quadratic_minus_linear,temperature_minus_equivalent,K,ESTIMABLE,0.03489038932305,0.0277419078525059,0.0418849301048047,0.0034946159953118,0.0141430222522988,1000.0,0.0
atlanta,27896,2023-06-07,historical,0.0285095386207103,0.1285095386207103,BLOCK_RANGE_ONLY,8.0,linear,temperature,K,ESTIMABLE,0.2282295514587814,0.2117409809644951,0.2443519730706244,0.0086181915079793,0.0326109921061293,1000.0,0.0
atlanta,27896,2023-06-07,historical,0.0285095386207103,0.1285095386207103,BLOCK_RANGE_ONLY,8.0,linear,emitted_flux,W/m2,ESTIMABLE,1.555312140175611,1.4509749847178346,1.6605871737781537,0.0541477218882746,0.2096121890603191,1000.0,0.0
atlanta,27896,2023-06-07,historical,0.0285095386207103,0.1285095386207103,BLOCK_RANGE_ONLY,8.0,linear,temperature_equivalent,K,ESTIMABLE,0.232325417810614,0.2167238953444382,0.2480695343784489,0.0080973018243975,0.0313456390340107,1000.0,0.0
atlanta,27896,2023-06-07,historical,0.0285095386207103,0.1285095386207103,BLOCK_RANGE_ONLY,8.0,linear,temperature_minus_equivalent,K,ESTIMABLE,-0.0040958663518325,-0.012078597311478,0.0037778696647471,0.0040615474993223,0.0158564669762251,1000.0,0.0
atlanta,27896,2023-06-07,historical,0.0285095386207103,0.1285095386207103,BLOCK_RANGE_ONLY,8.0,quadratic,temperature,K,ESTIMABLE,0.2606127288989739,0.2260348085644276,0.2945934628774851,0.0176635800013215,0.0685586543130574,1000.0,0.0
atlanta,27896,2023-06-07,historical,0.0285095386207103,0.1285095386207103,BLOCK_RANGE_ONLY,8.0,quadratic,emitted_flux,W/m2,ESTIMABLE,1.5385458904785745,1.317393023903795,1.7447146487117926,0.1115977430148874,0.4273216248079976,1000.0,0.0
atlanta,27896,2023-06-07,historical,0.0285095386207103,0.1285095386207103,BLOCK_RANGE_ONLY,8.0,quadratic,temperature_equivalent,K,ESTIMABLE,0.2298182059277564,0.19675278862547,0.2606526860867433,0.0166879219113516,0.0638998974612732,1000.0,0.0
atlanta,27896,2023-06-07,historical,0.0285095386207103,0.1285095386207103,BLOCK_RANGE_ONLY,8.0,quadratic,temperature_minus_equivalent,K,ESTIMABLE,0.0307945229712174,0.0194832688311614,0.0425031533832083,0.0060664622826902,0.0230198845520469,1000.0,0.0
atlanta,27896,2023-06-07,historical,0.0285095386207103,0.1285095386207103,BLOCK_RANGE_ONLY,8.0,quadratic_minus_linear,temperature,K,ESTIMABLE,0.0323831774401925,0.007752190244502,0.057391637035798,0.0128373507521374,0.0496394467912959,1000.0,0.0
atlanta,27896,2023-06-07,historical,0.0285095386207103,0.1285095386207103,BLOCK_RANGE_ONLY,8.0,quadratic_minus_linear,emitted_flux,W/m2,ESTIMABLE,-0.0167662496970366,-0.1731761791588948,0.140306162490428,0.080692022016191,0.3134823416493228,1000.0,0.0
atlanta,27896,2023-06-07,historical,0.0285095386207103,0.1285095386207103,BLOCK_RANGE_ONLY,8.0,quadratic_minus_linear,temperature_equivalent,K,ESTIMABLE,-0.0025072118828575,-0.0258916000425159,0.0209844486145612,0.0120662838000143,0.0468760486570772,1000.0,0.0
atlanta,27896,2023-06-07,historical,0.0285095386207103,0.1285095386207103,BLOCK_RANGE_ONLY,8.0,quadratic_minus_linear,temperature_minus_equivalent,K,ESTIMABLE,0.03489038932305,0.0250298891219324,0.0446295822130498,0.0049263743343637,0.0195996930911174,1000.0,0.0
atlanta,27896,2023-06-07,near_+0.01,0.0385095386207103,0.1385095386207104,BLOCK_RANGE_ONLY,1.0,linear,temperature,K,ESTIMABLE,0.2282295514587814,0.2196771638588717,0.2366206892595564,0.0042510197143684,0.0169435254006846,1000.0,0.0
atlanta,27896,2023-06-07,near_+0.01,0.0385095386207103,0.1385095386207104,BLOCK_RANGE_ONLY,1.0,linear,emitted_flux,W/m2,ESTIMABLE,1.555312140175611,1.5039733399507973,1.6108017247946351,0.0268989566961403,0.1068283848438378,1000.0,0.0
atlanta,27896,2023-06-07,near_+0.01,0.0385095386207103,0.1385095386207104,BLOCK_RANGE_ONLY,1.0,linear,temperature_equivalent,K,ESTIMABLE,0.232325417810614,0.2246484429980668,0.2406237145482165,0.0040225023972585,0.0159752715501497,1000.0,0.0
atlanta,27896,2023-06-07,near_+0.01,0.0385095386207103,0.1385095386207104,BLOCK_RANGE_ONLY,1.0,linear,temperature_minus_equivalent,K,ESTIMABLE,-0.0040958663518325,-0.0072944558055327,-0.0008641610711068,0.0016209618378567,0.0064302947344259,1000.0,0.0
atlanta,27896,2023-06-07,near_+0.01,0.0385095386207103,0.1385095386207104,BLOCK_RANGE_ONLY,1.0,quadratic,temperature,K,ESTIMABLE,0.2598355470189044,0.2387803425627043,0.2790636570025208,0.0102723129569618,0.0402833144398165,1000.0,0.0
atlanta,27896,2023-06-07,near_+0.01,0.0385095386207103,0.1385095386207104,BLOCK_RANGE_ONLY,1.0,quadratic,emitted_flux,W/m2,ESTIMABLE,1.5389482730268995,1.412499202277164,1.6626684295358014,0.0629611563299935,0.2501692272586373,1000.0,0.0
atlanta,27896,2023-06-07,near_+0.01,0.0385095386207103,0.1385095386207104,BLOCK_RANGE_ONLY,1.0,quadratic,temperature_equivalent,K,ESTIMABLE,0.229878377197565,0.2109712019944936,0.2483808146616382,0.009414990768898,0.0374096126671446,1000.0,0.0
atlanta,27896,2023-06-07,near_+0.01,0.0385095386207103,0.1385095386207104,BLOCK_RANGE_ONLY,1.0,quadratic,temperature_minus_equivalent,K,ESTIMABLE,0.0299571698213394,0.0223361505054853,0.0373044309031527,0.0037843772292584,0.0149682803976673,1000.0,0.0
atlanta,27896,2023-06-07,near_+0.01,0.0385095386207103,0.1385095386207104,BLOCK_RANGE_ONLY,1.0,quadratic_minus_linear,temperature,K,ESTIMABLE,0.0316059955601229,0.0141868036411607,0.0485877924724185,0.0086528789507392,0.0344009888312577,1000.0,0.0
atlanta,27896,2023-06-07,near_+0.01,0.0385095386207103,0.1385095386207104,BLOCK_RANGE_ONLY,1.0,quadratic_minus_linear,emitted_flux,W/m2,ESTIMABLE,-0.0163638671487111,-0.1222874105258337,0.0869844202436084,0.0522777053668383,0.2092718307694421,1000.0,0.0
atlanta,27896,2023-06-07,near_+0.01,0.0385095386207103,0.1385095386207104,BLOCK_RANGE_ONLY,1.0,quadratic_minus_linear,temperature_equivalent,K,ESTIMABLE,-0.002447040613049,-0.0182849007664216,0.0130082631929596,0.0078174151008361,0.0312931639593813,1000.0,0.0
atlanta,27896,2023-06-07,near_+0.01,0.0385095386207103,0.1385095386207104,BLOCK_RANGE_ONLY,1.0,quadratic_minus_linear,temperature_minus_equivalent,K,ESTIMABLE,0.0340530361731719,0.0270768703039223,0.0408790429260267,0.0034106751114481,0.0138021726221044,1000.0,0.0
atlanta,27896,2023-06-07,near_+0.01,0.0385095386207103,0.1385095386207104,BLOCK_RANGE_ONLY,8.0,linear,temperature,K,ESTIMABLE,0.2282295514587814,0.2117409809644951,0.2443519730706244,0.0086181915079793,0.0326109921061293,1000.0,0.0
atlanta,27896,2023-06-07,near_+0.01,0.0385095386207103,0.1385095386207104,BLOCK_RANGE_ONLY,8.0,linear,emitted_flux,W/m2,ESTIMABLE,1.555312140175611,1.4509749847178346,1.6605871737781537,0.0541477218882746,0.2096121890603191,1000.0,0.0
atlanta,27896,2023-06-07,near_+0.01,0.0385095386207103,0.1385095386207104,BLOCK_RANGE_ONLY,8.0,linear,temperature_equivalent,K,ESTIMABLE,0.232325417810614,0.2167238953444382,0.2480695343784489,0.0080973018243975,0.0313456390340107,1000.0,0.0
atlanta,27896,2023-06-07,near_+0.01,0.0385095386207103,0.1385095386207104,BLOCK_RANGE_ONLY,8.0,linear,temperature_minus_equivalent,K,ESTIMABLE,-0.0040958663518325,-0.012078597311478,0.0037778696647471,0.0040615474993223,0.0158564669762251,1000.0,0.0
atlanta,27896,2023-06-07,near_+0.01,0.0385095386207103,0.1385095386207104,BLOCK_RANGE_ONLY,8.0,quadratic,temperature,K,ESTIMABLE,0.2598355470189044,0.2259232602131546,0.293574647098226,0.0173896922487399,0.0676513868850713,1000.0,0.0
atlanta,27896,2023-06-07,near_+0.01,0.0385095386207103,0.1385095386207104,BLOCK_RANGE_ONLY,8.0,quadratic,emitted_flux,W/m2,ESTIMABLE,1.5389482730268995,1.3199349891835366,1.7415408719158103,0.1098784529577834,0.4216058827322737,1000.0,0.0
atlanta,27896,2023-06-07,near_+0.01,0.0385095386207103,0.1385095386207104,BLOCK_RANGE_ONLY,8.0,quadratic,temperature_equivalent,K,ESTIMABLE,0.229878377197565,0.1971327884223526,0.260177949132499,0.0164308373150174,0.0630451607101463,1000.0,0.0
atlanta,27896,2023-06-07,near_+0.01,0.0385095386207103,0.1385095386207104,BLOCK_RANGE_ONLY,8.0,quadratic,temperature_minus_equivalent,K,ESTIMABLE,0.0299571698213394,0.0188547757859792,0.0414310942492857,0.0059792740109613,0.0225763184633065,1000.0,0.0
atlanta,27896,2023-06-07,near_+0.01,0.0385095386207103,0.1385095386207104,BLOCK_RANGE_ONLY,8.0,quadratic_minus_linear,temperature,K,ESTIMABLE,0.0316059955601229,0.0075669196954535,0.0560244455290213,0.0125285574760074,0.0484575258335677,1000.0,0.0
atlanta,27896,2023-06-07,near_+0.01,0.0385095386207103,0.1385095386207104,BLOCK_RANGE_ONLY,8.0,quadratic_minus_linear,emitted_flux,W/m2,ESTIMABLE,-0.0163638671487111,-0.1690240582532413,0.1369308280485049,0.078756551827863,0.3059548863017463,1000.0,0.0
atlanta,27896,2023-06-07,near_+0.01,0.0385095386207103,0.1385095386207104,BLOCK_RANGE_ONLY,8.0,quadratic_minus_linear,temperature_equivalent,K,ESTIMABLE,-0.002447040613049,-0.025270890539366,0.0204795780537438,0.0117768708580102,0.0457504685931098,1000.0,0.0
atlanta,27896,2023-06-07,near_+0.01,0.0385095386207103,0.1385095386207104,BLOCK_RANGE_ONLY,8.0,quadratic_minus_linear,temperature_minus_equivalent,K,ESTIMABLE,0.0340530361731719,0.0244298850879069,0.0435612448648622,0.0048084445939996,0.0191313597769552,1000.0,0.0
atlanta,27896,2023-06-07,near_+0.02,0.0485095386207103,0.1485095386207103,BLOCK_RANGE_ONLY,1.0,linear,temperature,K,ESTIMABLE,0.2282295514587814,0.2196771638588717,0.2366206892595564,0.0042510197143684,0.0169435254006846,1000.0,0.0
atlanta,27896,2023-06-07,near_+0.02,0.0485095386207103,0.1485095386207103,BLOCK_RANGE_ONLY,1.0,linear,emitted_flux,W/m2,ESTIMABLE,1.5553121401756107,1.503973339950797,1.610801724794635,0.0268989566961403,0.1068283848438378,1000.0,0.0
atlanta,27896,2023-06-07,near_+0.02,0.0485095386207103,0.1485095386207103,BLOCK_RANGE_ONLY,1.0,linear,temperature_equivalent,K,ESTIMABLE,0.232325417810614,0.2246484429980668,0.2406237145482165,0.0040225023972585,0.0159752715501497,1000.0,0.0
atlanta,27896,2023-06-07,near_+0.02,0.0485095386207103,0.1485095386207103,BLOCK_RANGE_ONLY,1.0,linear,temperature_minus_equivalent,K,ESTIMABLE,-0.0040958663518325,-0.0072944558055328,-0.0008641610711069,0.0016209618378567,0.0064302947344258,1000.0,0.0
atlanta,27896,2023-06-07,near_+0.02,0.0485095386207103,0.1485095386207103,BLOCK_RANGE_ONLY,1.0,quadratic,temperature,K,ESTIMABLE,0.2590583651388349,0.2384216960218879,0.27807089441671,0.0100784074536737,0.0396491983948221,1000.0,0.0
atlanta,27896,2023-06-07,near_+0.02,0.0485095386207103,0.1485095386207103,BLOCK_RANGE_ONLY,1.0,quadratic,emitted_flux,W/m2,ESTIMABLE,1.539350655575225,1.4153969375179851,1.6597958735090996,0.061796904847527,0.2443989359911142,1000.0,0.0
atlanta,27896,2023-06-07,near_+0.02,0.0485095386207103,0.1485095386207103,BLOCK_RANGE_ONLY,1.0,quadratic,temperature_equivalent,K,ESTIMABLE,0.2299385485018774,0.2114044448922016,0.2479511848362562,0.0092408990910184,0.0365467399440546,1000.0,0.0
atlanta,27896,2023-06-07,near_+0.02,0.0485095386207103,0.1485095386207103,BLOCK_RANGE_ONLY,1.0,quadratic,temperature_minus_equivalent,K,ESTIMABLE,0.0291198166369574,0.0216873297151277,0.0363612652001474,0.0037086981317662,0.0146739354850197,1000.0,0.0
atlanta,27896,2023-06-07,near_+0.02,0.0485095386207103,0.1485095386207103,BLOCK_RANGE_ONLY,1.0,quadratic_minus_linear,temperature,K,ESTIMABLE,0.0308288136800534,0.0138381890555909,0.0473941462479807,0.0084400695733762,0.0335559571923897,1000.0,0.0
atlanta,27896,2023-06-07,near_+0.02,0.0485095386207103,0.1485095386207103,BLOCK_RANGE_ONLY,1.0,quadratic_minus_linear,emitted_flux,W/m2,ESTIMABLE,-0.0159614846003857,-0.1192877049873048,0.0848456815491168,0.0509920924159409,0.2041333865364217,1000.0,0.0
atlanta,27896,2023-06-07,near_+0.02,0.0485095386207103,0.1485095386207103,BLOCK_RANGE_ONLY,1.0,quadratic_minus_linear,temperature_equivalent,K,ESTIMABLE,-0.0023868693087365,-0.0178364109907519,0.0126884017799511,0.0076251744163532,0.0305248127707031,1000.0,0.0
atlanta,27896,2023-06-07,near_+0.02,0.0485095386207103,0.1485095386207103,BLOCK_RANGE_ONLY,1.0,quadratic_minus_linear,temperature_minus_equivalent,K,ESTIMABLE,0.03321568298879,0.0264118326867399,0.0398731554736755,0.0033267349729501,0.0134613227869355,1000.0,0.0
atlanta,27896,2023-06-07,near_+0.02,0.0485095386207103,0.1485095386207103,BLOCK_RANGE_ONLY,8.0,linear,temperature,K,ESTIMABLE,0.2282295514587814,0.211740980964495,0.2443519730706244,0.0086181915079793,0.0326109921061293,1000.0,0.0
atlanta,27896,2023-06-07,near_+0.02,0.0485095386207103,0.1485095386207103,BLOCK_RANGE_ONLY,8.0,linear,emitted_flux,W/m2,ESTIMABLE,1.5553121401756107,1.4509749847178344,1.6605871737781537,0.0541477218882746,0.2096121890603191,1000.0,0.0
atlanta,27896,2023-06-07,near_+0.02,0.0485095386207103,0.1485095386207103,BLOCK_RANGE_ONLY,8.0,linear,temperature_equivalent,K,ESTIMABLE,0.232325417810614,0.2167238953444382,0.2480695343784489,0.0080973018243975,0.0313456390340107,1000.0,0.0
atlanta,27896,2023-06-07,near_+0.02,0.0485095386207103,0.1485095386207103,BLOCK_RANGE_ONLY,8.0,linear,temperature_minus_equivalent,K,ESTIMABLE,-0.0040958663518325,-0.012078597311478,0.003777869664747,0.0040615474993222,0.0158564669762251,1000.0,0.0
atlanta,27896,2023-06-07,near_+0.02,0.0485095386207103,0.1485095386207103,BLOCK_RANGE_ONLY,8.0,quadratic,temperature,K,ESTIMABLE,0.2590583651388349,0.2258120266614172,0.2924414837681303,0.0171169936658697,0.066629457106713,1000.0,0.0
atlanta,27896,2023-06-07,near_+0.02,0.0485095386207103,0.1485095386207103,BLOCK_RANGE_ONLY,8.0,quadratic,emitted_flux,W/m2,ESTIMABLE,1.539350655575225,1.322632545851152,1.7380157971349832,0.1081664683032764,0.4153832512838313,1000.0,0.0
atlanta,27896,2023-06-07,near_+0.02,0.0485095386207103,0.1485095386207103,BLOCK_RANGE_ONLY,8.0,quadratic,temperature_equivalent,K,ESTIMABLE,0.2299385485018774,0.1975360491741824,0.2596506671697128,0.0161748448011158,0.0621146179955303,1000.0,0.0
atlanta,27896,2023-06-07,near_+0.02,0.0485095386207103,0.1485095386207103,BLOCK_RANGE_ONLY,8.0,quadratic,temperature_minus_equivalent,K,ESTIMABLE,0.0291198166369574,0.0181440938461764,0.0404254400011451,0.0058931586393092,0.0222813461549687,1000.0,0.0
atlanta,27896,2023-06-07,near_+0.02,0.0485095386207103,0.1485095386207103,BLOCK_RANGE_ONLY,8.0,quadratic_minus_linear,temperature,K,ESTIMABLE,0.0308288136800534,0.007381649146405,0.0546534784194709,0.0122197654697043,0.0472718292730658,1000.0,0.0
atlanta,27896,2023-06-07,near_+0.02,0.0485095386207103,0.1485095386207103,BLOCK_RANGE_ONLY,8.0,quadratic_minus_linear,emitted_flux,W/m2,ESTIMABLE,-0.0159614846003857,-0.1648719373475879,0.1335554936065817,0.0768210827637648,0.2984274309541697,1000.0,0.0
atlanta,27896,2023-06-07,near_+0.02,0.0485095386207103,0.1485095386207103,BLOCK_RANGE_ONLY,8.0,quadratic_minus_linear,temperature_equivalent,K,ESTIMABLE,-0.0023868693087365,-0.0246501773619499,0.0199747099241861,0.0114874577037312,0.044624887286136,1000.0,0.0
atlanta,27896,2023-06-07,near_+0.02,0.0485095386207103,0.1485095386207103,BLOCK_RANGE_ONLY,8.0,quadratic_minus_linear,temperature_minus_equivalent,K,ESTIMABLE,0.03321568298879,0.023829880727893,0.0424929075164642,0.004690518355201,0.0186630267885711,1000.0,0.0
atlanta,27896,2023-06-07,grid_00,0.0,0.1,BLOCK_RANGE_ONLY,1.0,linear,temperature,K,ESTIMABLE,0.2282295514587814,0.2196771638588717,0.2366206892595564,0.0042510197143684,0.0169435254006846,1000.0,0.0
atlanta,27896,2023-06-07,grid_00,0.0,0.1,BLOCK_RANGE_ONLY,1.0,linear,emitted_flux,W/m2,ESTIMABLE,1.555312140175611,1.5039733399507973,1.6108017247946351,0.0268989566961403,0.1068283848438378,1000.0,0.0
atlanta,27896,2023-06-07,grid_00,0.0,0.1,BLOCK_RANGE_ONLY,1.0,linear,temperature_equivalent,K,ESTIMABLE,0.232325417810614,0.2246484429980668,0.2406237145482165,0.0040225023972585,0.0159752715501497,1000.0,0.0
atlanta,27896,2023-06-07,grid_00,0.0,0.1,BLOCK_RANGE_ONLY,1.0,linear,temperature_minus_equivalent,K,ESTIMABLE,-0.0040958663518325,-0.0072944558055327,-0.0008641610711068,0.0016209618378567,0.0064302947344259,1000.0,0.0
atlanta,27896,2023-06-07,grid_00,0.0,0.1,BLOCK_RANGE_ONLY,1.0,quadratic,temperature,K,ESTIMABLE,0.2628284385814899,0.2401658302627656,0.2836697779627289,0.0110255513683084,0.0435039476999633,1000.0,0.0
atlanta,27896,2023-06-07,grid_00,0.0,0.1,BLOCK_RANGE_ONLY,1.0,quadratic,emitted_flux,W/m2,ESTIMABLE,1.537398716398396,1.401551507111742,1.6702368524050288,0.0674857991489328,0.2686853452932867,1000.0,0.0
atlanta,27896,2023-06-07,grid_00,0.0,0.1,BLOCK_RANGE_ONLY,1.0,quadratic,temperature_equivalent,K,ESTIMABLE,0.2296466606033504,0.2093344187982282,0.2495127836786338,0.0100915631740966,0.0401783648804055,1000.0,0.0
atlanta,27896,2023-06-07,grid_00,0.0,0.1,BLOCK_RANGE_ONLY,1.0,quadratic,temperature_minus_equivalent,K,ESTIMABLE,0.0331817779781394,0.0248945656420365,0.0411055432994197,0.0040788407929544,0.0162109776573831,1000.0,0.0
atlanta,27896,2023-06-07,grid_00,0.0,0.1,BLOCK_RANGE_ONLY,1.0,quadratic_minus_linear,temperature,K,ESTIMABLE,0.0345988871227084,0.0155293023258352,0.0531844690103644,0.0094724003307089,0.0376551666845291,1000.0,0.0
atlanta,27896,2023-06-07,grid_00,0.0,0.1,BLOCK_RANGE_ONLY,1.0,quadratic_minus_linear,emitted_flux,W/m2,ESTIMABLE,-0.0179134237772149,-0.1338391381545073,0.0952206042791214,0.0572285426376456,0.2290597424336287,1000.0,0.0
atlanta,27896,2023-06-07,grid_00,0.0,0.1,BLOCK_RANGE_ONLY,1.0,quadratic_minus_linear,temperature_equivalent,K,ESTIMABLE,-0.0026787572072635,-0.0200119962826249,0.0142400438515963,0.0085577228600051,0.0342520401342213,1000.0,0.0
atlanta,27896,2023-06-07,grid_00,0.0,0.1,BLOCK_RANGE_ONLY,1.0,quadratic_minus_linear,temperature_minus_equivalent,K,ESTIMABLE,0.0372776443299719,0.0296378988439057,0.0447526665402094,0.0037339312383728,0.0151147676963036,1000.0,0.0
atlanta,27896,2023-06-07,grid_00,0.0,0.1,BLOCK_RANGE_ONLY,8.0,linear,temperature,K,ESTIMABLE,0.2282295514587814,0.2117409809644951,0.2443519730706244,0.0086181915079793,0.0326109921061293,1000.0,0.0
atlanta,27896,2023-06-07,grid_00,0.0,0.1,BLOCK_RANGE_ONLY,8.0,linear,emitted_flux,W/m2,ESTIMABLE,1.555312140175611,1.4509749847178346,1.6605871737781537,0.0541477218882746,0.2096121890603191,1000.0,0.0
atlanta,27896,2023-06-07,grid_00,0.0,0.1,BLOCK_RANGE_ONLY,8.0,linear,temperature_equivalent,K,ESTIMABLE,0.232325417810614,0.2167238953444382,0.2480695343784489,0.0080973018243975,0.0313456390340107,1000.0,0.0
atlanta,27896,2023-06-07,grid_00,0.0,0.1,BLOCK_RANGE_ONLY,8.0,linear,temperature_minus_equivalent,K,ESTIMABLE,-0.0040958663518325,-0.012078597311478,0.0037778696647471,0.0040615474993223,0.0158564669762251,1000.0,0.0
atlanta,27896,2023-06-07,grid_00,0.0,0.1,BLOCK_RANGE_ONLY,8.0,quadratic,temperature,K,ESTIMABLE,0.2628284385814899,0.2263528277672971,0.298399106573828,0.0184504782195826,0.0720462788065308,1000.0,0.0
atlanta,27896,2023-06-07,grid_00,0.0,0.1,BLOCK_RANGE_ONLY,8.0,quadratic,emitted_flux,W/m2,ESTIMABLE,1.537398716398396,1.3084625619645138,1.752762170597696,0.1165365866163602,0.4442996086331821,1000.0,0.0
atlanta,27896,2023-06-07,grid_00,0.0,0.1,BLOCK_RANGE_ONLY,8.0,quadratic,temperature_equivalent,K,ESTIMABLE,0.2296466606033504,0.1954177799086011,0.2618564527369969,0.0174264231341382,0.0664386728283958,1000.0,0.0
atlanta,27896,2023-06-07,grid_00,0.0,0.1,BLOCK_RANGE_ONLY,8.0,quadratic,temperature_minus_equivalent,K,ESTIMABLE,0.0331817779781394,0.0212656376526176,0.0454499707724332,0.0063205252949012,0.0241843331198155,1000.0,0.0
atlanta,27896,2023-06-07,grid_00,0.0,0.1,BLOCK_RANGE_ONLY,8.0,quadratic_minus_linear,temperature,K,ESTIMABLE,0.0345988871227084,0.0082803880318398,0.0612894369422336,0.0137177123447678,0.0530090489103938,1000.0,0.0
atlanta,27896,2023-06-07,grid_00,0.0,0.1,BLOCK_RANGE_ONLY,8.0,quadratic_minus_linear,emitted_flux,W/m2,ESTIMABLE,-0.0179134237772149,-0.1850136842906531,0.1499290852534104,0.0862099637238175,0.3349427695440635,1000.0,0.0
atlanta,27896,2023-06-07,grid_00,0.0,0.1,BLOCK_RANGE_ONLY,8.0,quadratic_minus_linear,temperature_equivalent,K,ESTIMABLE,-0.0026787572072635,-0.0276611940281029,0.022423824636445,0.0128913854791276,0.0500850186645479,1000.0,0.0
atlanta,27896,2023-06-07,grid_00,0.0,0.1,BLOCK_RANGE_ONLY,8.0,quadratic_minus_linear,temperature_minus_equivalent,K,ESTIMABLE,0.0372776443299719,0.0267404711511522,0.0476753627002268,0.0052626037022494,0.0209348915490745,1000.0,0.0
atlanta,27896,2023-06-07,grid_01,0.1,0.2,BLOCK_RANGE_ONLY,1.0,linear,temperature,K,ESTIMABLE,0.2282295514587814,0.2196771638588717,0.2366206892595564,0.0042510197143684,0.0169435254006846,1000.0,0.0
atlanta,27896,2023-06-07,grid_01,0.1,0.2,BLOCK_RANGE_ONLY,1.0,linear,emitted_flux,W/m2,ESTIMABLE,1.555312140175611,1.5039733399507973,1.6108017247946351,0.0268989566961403,0.1068283848438378,1000.0,0.0
atlanta,27896,2023-06-07,grid_01,0.1,0.2,BLOCK_RANGE_ONLY,1.0,linear,temperature_equivalent,K,ESTIMABLE,0.232325417810614,0.2246484429980668,0.2406237145482165,0.0040225023972585,0.0159752715501497,1000.0,0.0
atlanta,27896,2023-06-07,grid_01,0.1,0.2,BLOCK_RANGE_ONLY,1.0,linear,temperature_minus_equivalent,K,ESTIMABLE,-0.0040958663518325,-0.0072944558055327,-0.0008641610711068,0.0016209618378567,0.0064302947344259,1000.0,0.0
atlanta,27896,2023-06-07,grid_01,0.1,0.2,BLOCK_RANGE_ONLY,1.0,quadratic,temperature,K,ESTIMABLE,0.2550566197807944,0.2365666084807131,0.2720058496842577,0.0090933780343498,0.0354392412035445,1000.0,0.0
atlanta,27896,2023-06-07,grid_01,0.1,0.2,BLOCK_RANGE_ONLY,1.0,quadratic,emitted_flux,W/m2,ESTIMABLE,1.54142254188165,1.4303175099684793,1.6506582827107008,0.0558864068999441,0.2203407727422215,1000.0,0.0
atlanta,27896,2023-06-07,grid_01,0.1,0.2,BLOCK_RANGE_ONLY,1.0,quadratic,temperature_equivalent,K,ESTIMABLE,0.2302483738706655,0.2136352609061745,0.2465845455476596,0.0083570933987343,0.0329492846414851,1000.0,0.0
atlanta,27896,2023-06-07,grid_01,0.1,0.2,BLOCK_RANGE_ONLY,1.0,quadratic,temperature_minus_equivalent,K,ESTIMABLE,0.0248082459101288,0.0182109488393731,0.0312883860028408,0.0033253191715323,0.0130774371634677,1000.0,0.0
atlanta,27896,2023-06-07,grid_01,0.1,0.2,BLOCK_RANGE_ONLY,1.0,quadratic_minus_linear,temperature,K,ESTIMABLE,0.0268270683220129,0.0120431564701369,0.0412480067659849,0.0073443092686417,0.029204850295848,1000.0,0.0
atlanta,27896,2023-06-07,grid_01,0.1,0.2,BLOCK_RANGE_ONLY,1.0,quadratic_minus_linear,emitted_flux,W/m2,ESTIMABLE,-0.0138895982939608,-0.1038420827692187,0.073833217334206,0.0443724144479386,0.1776753001034247,1000.0,0.0
atlanta,27896,2023-06-07,grid_01,0.1,0.2,BLOCK_RANGE_ONLY,1.0,quadratic_minus_linear,temperature_equivalent,K,ESTIMABLE,-0.0020770439399484,-0.0155270860742646,0.0110414360549924,0.0066353145350228,0.0265685221292571,1000.0,0.0
atlanta,27896,2023-06-07,grid_01,0.1,0.2,BLOCK_RANGE_ONLY,1.0,quadratic_minus_linear,temperature_minus_equivalent,K,ESTIMABLE,0.0289041122619614,0.0229875222272506,0.0346936916400226,0.0028945375150325,0.0117061694127719,1000.0,0.0
atlanta,27896,2023-06-07,grid_01,0.1,0.2,BLOCK_RANGE_ONLY,8.0,linear,temperature,K,ESTIMABLE,0.2282295514587814,0.2117409809644951,0.2443519730706244,0.0086181915079793,0.0326109921061293,1000.0,0.0
atlanta,27896,2023-06-07,grid_01,0.1,0.2,BLOCK_RANGE_ONLY,8.0,linear,emitted_flux,W/m2,ESTIMABLE,1.555312140175611,1.4509749847178346,1.6605871737781537,0.0541477218882746,0.2096121890603191,1000.0,0.0
atlanta,27896,2023-06-07,grid_01,0.1,0.2,BLOCK_RANGE_ONLY,8.0,linear,temperature_equivalent,K,ESTIMABLE,0.232325417810614,0.2167238953444382,0.2480695343784489,0.0080973018243975,0.0313456390340107,1000.0,0.0
atlanta,27896,2023-06-07,grid_01,0.1,0.2,BLOCK_RANGE_ONLY,8.0,linear,temperature_minus_equivalent,K,ESTIMABLE,-0.0040958663518325,-0.012078597311478,0.0037778696647471,0.0040615474993223,0.0158564669762251,1000.0,0.0
atlanta,27896,2023-06-07,grid_01,0.1,0.2,BLOCK_RANGE_ONLY,8.0,quadratic,temperature,K,ESTIMABLE,0.2550566197807944,0.2249281798002957,0.2859358147193347,0.0157340038810769,0.061007634919039,1000.0,0.0
atlanta,27896,2023-06-07,grid_01,0.1,0.2,BLOCK_RANGE_ONLY,8.0,quadratic,emitted_flux,W/m2,ESTIMABLE,1.54142254188165,1.3395562117868915,1.7224375607399132,0.099481197561196,0.3828813489530216,1000.0,0.0
atlanta,27896,2023-06-07,grid_01,0.1,0.2,BLOCK_RANGE_ONLY,8.0,quadratic,temperature_equivalent,K,ESTIMABLE,0.2302483738706655,0.2000660221811657,0.257320500679279,0.0148761346086161,0.0572544784981132,1000.0,0.0
atlanta,27896,2023-06-07,grid_01,0.1,0.2,BLOCK_RANGE_ONLY,8.0,quadratic,temperature_minus_equivalent,K,ESTIMABLE,0.0248082459101288,0.0146688316186098,0.0351504718170297,0.0054686193371894,0.0204816401984198,1000.0,0.0
atlanta,27896,2023-06-07,grid_01,0.1,0.2,BLOCK_RANGE_ONLY,8.0,quadratic_minus_linear,temperature,K,ESTIMABLE,0.0268270683220129,0.0064276825413549,0.0475492379298308,0.0106298054594816,0.0411215553884758,1000.0,0.0
atlanta,27896,2023-06-07,grid_01,0.1,0.2,BLOCK_RANGE_ONLY,8.0,quadratic_minus_linear,emitted_flux,W/m2,ESTIMABLE,-0.0138895982939608,-0.1434924752341193,0.1161757408341781,0.0668552847351924,0.2596682160682975,1000.0,0.0
atlanta,27896,2023-06-07,grid_01,0.1,0.2,BLOCK_RANGE_ONLY,8.0,quadratic_minus_linear,temperature_equivalent,K,ESTIMABLE,-0.0020770439399484,-0.0214540384032147,0.0173751591198822,0.0099972532090631,0.038829197523097,1000.0,0.0
atlanta,27896,2023-06-07,grid_01,0.1,0.2,BLOCK_RANGE_ONLY,8.0,quadratic_minus_linear,temperature_minus_equivalent,K,ESTIMABLE,0.0289041122619614,0.0207347042009598,0.0369919892143813,0.00408337765925,0.0162572850134214,1000.0,0.0
atlanta,27896,2023-06-07,grid_02,0.2,0.3,BLOCK_RANGE_ONLY,1.0,linear,temperature,K,ESTIMABLE,0.2282295514587814,0.2196771638588716,0.2366206892595563,0.0042510197143684,0.0169435254006846,1000.0,0.0
atlanta,27896,2023-06-07,grid_02,0.2,0.3,BLOCK_RANGE_ONLY,1.0,linear,emitted_flux,W/m2,ESTIMABLE,1.5553121401756105,1.5039733399507969,1.610801724794635,0.0268989566961403,0.1068283848438378,1000.0,0.0
atlanta,27896,2023-06-07,grid_02,0.2,0.3,BLOCK_RANGE_ONLY,1.0,linear,temperature_equivalent,K,ESTIMABLE,0.232325417810614,0.2246484429980668,0.2406237145482165,0.0040225023972585,0.0159752715501497,1000.0,0.0
atlanta,27896,2023-06-07,grid_02,0.2,0.3,BLOCK_RANGE_ONLY,1.0,linear,temperature_minus_equivalent,K,ESTIMABLE,-0.0040958663518325,-0.0072944558055328,-0.0008641610711069,0.0016209618378567,0.0064302947344258,1000.0,0.0
atlanta,27896,2023-06-07,grid_02,0.2,0.3,BLOCK_RANGE_ONLY,1.0,quadratic,temperature,K,ESTIMABLE,0.2472848009800989,0.2323448419500968,0.2615664783334466,0.0072714713175884,0.0292216363833497,1000.0,0.0
atlanta,27896,2023-06-07,grid_02,0.2,0.3,BLOCK_RANGE_ONLY,1.0,quadratic,emitted_flux,W/m2,ESTIMABLE,1.5454463673649037,1.4558213100917663,1.63391098850996,0.0449756529765073,0.1780896784181933,1000.0,0.0
atlanta,27896,2023-06-07,grid_02,0.2,0.3,BLOCK_RANGE_ONLY,1.0,quadratic,temperature_equivalent,K,ESTIMABLE,0.2308500905911614,0.2174485143952864,0.2440798276095065,0.0067255788482872,0.0266313132142201,1000.0,0.0
atlanta,27896,2023-06-07,grid_02,0.2,0.3,BLOCK_RANGE_ONLY,1.0,quadratic,temperature_minus_equivalent,K,ESTIMABLE,0.0164347103889374,0.0114506281891619,0.0214157088813266,0.0026245517025386,0.0099650806921646,1000.0,0.0
atlanta,27896,2023-06-07,grid_02,0.2,0.3,BLOCK_RANGE_ONLY,1.0,quadratic_minus_linear,temperature,K,ESTIMABLE,0.0190552495213174,0.0085570106144385,0.0293197454182608,0.0052162648694471,0.0207627348038222,1000.0,0.0
atlanta,27896,2023-06-07,grid_02,0.2,0.3,BLOCK_RANGE_ONLY,1.0,quadratic_minus_linear,emitted_flux,W/m2,ESTIMABLE,-0.0098657728107067,-0.0738450273839301,0.0524458303892905,0.0315163089607828,0.1262908577732207,1000.0,0.0
atlanta,27896,2023-06-07,grid_02,0.2,0.3,BLOCK_RANGE_ONLY,1.0,quadratic_minus_linear,temperature_equivalent,K,ESTIMABLE,-0.0014753272194525,-0.0110419840236474,0.0078429258392219,0.0047128837609609,0.0188849098628693,1000.0,0.0
atlanta,27896,2023-06-07,grid_02,0.2,0.3,BLOCK_RANGE_ONLY,1.0,quadratic_minus_linear,temperature_minus_equivalent,K,ESTIMABLE,0.02053057674077,0.0163295891194307,0.0246308115179502,0.0020552754583251,0.0083012223985194,1000.0,0.0
atlanta,27896,2023-06-07,grid_02,0.2,0.3,BLOCK_RANGE_ONLY,8.0,linear,temperature,K,ESTIMABLE,0.2282295514587814,0.211740980964495,0.2443519730706243,0.0086181915079793,0.0326109921061293,1000.0,0.0
atlanta,27896,2023-06-07,grid_02,0.2,0.3,BLOCK_RANGE_ONLY,8.0,linear,emitted_flux,W/m2,ESTIMABLE,1.5553121401756105,1.450974984717834,1.6605871737781532,0.0541477218882746,0.2096121890603191,1000.0,0.0
atlanta,27896,2023-06-07,grid_02,0.2,0.3,BLOCK_RANGE_ONLY,8.0,linear,temperature_equivalent,K,ESTIMABLE,0.232325417810614,0.2167238953444382,0.2480695343784489,0.0080973018243975,0.0313456390340107,1000.0,0.0
atlanta,27896,2023-06-07,grid_02,0.2,0.3,BLOCK_RANGE_ONLY,8.0,linear,temperature_minus_equivalent,K,ESTIMABLE,-0.0040958663518325,-0.012078597311478,0.003777869664747,0.0040615474993222,0.0158564669762251,1000.0,0.0
atlanta,27896,2023-06-07,grid_02,0.2,0.3,BLOCK_RANGE_ONLY,8.0,quadratic,temperature,K,ESTIMABLE,0.2472848009800989,0.2214060942605325,0.2724678571222708,0.0131822369346715,0.0510617628617382,1000.0,0.0
atlanta,27896,2023-06-07,grid_02,0.2,0.3,BLOCK_RANGE_ONLY,8.0,quadratic,emitted_flux,W/m2,ESTIMABLE,1.5454463673649037,1.376354757490351,1.6986914349368334,0.08343540950411,0.3223366774464824,1000.0,0.0
atlanta,27896,2023-06-07,grid_02,0.2,0.3,BLOCK_RANGE_ONLY,8.0,quadratic,temperature_equivalent,K,ESTIMABLE,0.2308500905911614,0.2055673652780285,0.2537686945916348,0.0124767854813078,0.0482013293136063,1000.0,0.0
atlanta,27896,2023-06-07,grid_02,0.2,0.3,BLOCK_RANGE_ONLY,8.0,quadratic,temperature_minus_equivalent,K,ESTIMABLE,0.0164347103889374,0.0076325675399381,0.0254850665758667,0.0047589244928261,0.0178524990359285,1000.0,0.0
atlanta,27896,2023-06-07,grid_02,0.2,0.3,BLOCK_RANGE_ONLY,8.0,quadratic_minus_linear,temperature,K,ESTIMABLE,0.0190552495213174,0.0045749770508701,0.0338366204989898,0.0075421255036413,0.0292616434481197,1000.0,0.0
atlanta,27896,2023-06-07,grid_02,0.2,0.3,BLOCK_RANGE_ONLY,8.0,quadratic_minus_linear,emitted_flux,W/m2,ESTIMABLE,-0.0098657728107067,-0.1019712661775856,0.082413387650638,0.0475008062213362,0.1843846538282237,1000.0,0.0
atlanta,27896,2023-06-07,grid_02,0.2,0.3,BLOCK_RANGE_ONLY,8.0,quadratic_minus_linear,temperature_equivalent,K,ESTIMABLE,-0.0014753272194525,-0.0152465153145598,0.0123254153591915,0.007103112867652,0.0275719306737514,1000.0,0.0
atlanta,27896,2023-06-07,grid_02,0.2,0.3,BLOCK_RANGE_ONLY,8.0,quadratic_minus_linear,temperature_minus_equivalent,K,ESTIMABLE,0.02053057674077,0.0147089169118475,0.0262793653238758,0.0029047766791954,0.0115704484120283,1000.0,0.0
atlanta,27896,2023-06-07,grid_03,0.3,0.4,BLOCK_RANGE_ONLY,1.0,linear,temperature,K,ESTIMABLE,0.2282295514587815,0.2196771638588718,0.2366206892595565,0.0042510197143684,0.0169435254006846,1000.0,0.0
atlanta,27896,2023-06-07,grid_03,0.3,0.4,BLOCK_RANGE_ONLY,1.0,linear,emitted_flux,W/m2,ESTIMABLE,1.5553121401756114,1.5039733399507975,1.6108017247946356,0.0268989566961403,0.1068283848438378,1000.0,0.0
atlanta,27896,2023-06-07,grid_03,0.3,0.4,BLOCK_RANGE_ONLY,1.0,linear,temperature_equivalent,K,ESTIMABLE,0.232325417810614,0.2246484429980668,0.2406237145482165,0.0040225023972586,0.0159752715501497,1000.0,0.0
atlanta,27896,2023-06-07,grid_03,0.3,0.4,BLOCK_RANGE_ONLY,1.0,linear,temperature_minus_equivalent,K,ESTIMABLE,-0.0040958663518324,-0.0072944558055327,-0.0008641610711068,0.0016209618378568,0.0064302947344258,1000.0,0.0
atlanta,27896,2023-06-07,grid_03,0.3,0.4,BLOCK_RANGE_ONLY,1.0,quadratic,temperature,K,ESTIMABLE,0.2395129821794035,0.2278787659156197,0.2503396683058169,0.0056671947307246,0.0224609023901971,1000.0,0.0
atlanta,27896,2023-06-07,grid_03,0.3,0.4,BLOCK_RANGE_ONLY,1.0,quadratic,emitted_flux,W/m2,ESTIMABLE,1.549470192848159,1.475925719343954,1.618018074028474,0.0353961825653754,0.14209235468452,1000.0,0.0
atlanta,27896,2023-06-07,grid_03,0.3,0.4,BLOCK_RANGE_ONLY,1.0,quadratic,temperature_equivalent,K,ESTIMABLE,0.2314518107649519,0.2204545645403627,0.2417029456476186,0.0052931226760059,0.0212483811072559,1000.0,0.0
atlanta,27896,2023-06-07,grid_03,0.3,0.4,BLOCK_RANGE_ONLY,1.0,quadratic,temperature_minus_equivalent,K,ESTIMABLE,0.0080611714144516,0.0041799196498746,0.0120604271706868,0.0020318724040082,0.0078805075208121,1000.0,0.0
atlanta,27896,2023-06-07,grid_03,0.3,0.4,BLOCK_RANGE_ONLY,1.0,quadratic_minus_linear,temperature,K,ESTIMABLE,0.011283430720622,0.0050708647587402,0.017382585858282,0.0030883635941264,0.0123117210995418,1000.0,0.0
atlanta,27896,2023-06-07,grid_03,0.3,0.4,BLOCK_RANGE_ONLY,1.0,quadratic_minus_linear,emitted_flux,W/m2,ESTIMABLE,-0.0058419473274526,-0.0437576277917632,0.0310584434443749,0.0186602730994077,0.0748160712361381,1000.0,0.0
atlanta,27896,2023-06-07,grid_03,0.3,0.4,BLOCK_RANGE_ONLY,1.0,quadratic_minus_linear,temperature_equivalent,K,ESTIMABLE,-0.000873607045662,-0.0065434081223529,0.0046445131973484,0.0027904375487243,0.0111879213197013,1000.0,0.0
atlanta,27896,2023-06-07,grid_03,0.3,0.4,BLOCK_RANGE_ONLY,1.0,quadratic_minus_linear,temperature_minus_equivalent,K,ESTIMABLE,0.0121570377662841,0.009686182406419,0.0145723867715069,0.0012164139734187,0.0048862043650878,1000.0,0.0
atlanta,27896,2023-06-07,grid_03,0.3,0.4,BLOCK_RANGE_ONLY,8.0,linear,temperature,K,ESTIMABLE,0.2282295514587815,0.2117409809644951,0.2443519730706244,0.0086181915079793,0.0326109921061293,1000.0,0.0
atlanta,27896,2023-06-07,grid_03,0.3,0.4,BLOCK_RANGE_ONLY,8.0,linear,emitted_flux,W/m2,ESTIMABLE,1.5553121401756114,1.450974984717835,1.660587173778154,0.0541477218882746,0.2096121890603191,1000.0,0.0
atlanta,27896,2023-06-07,grid_03,0.3,0.4,BLOCK_RANGE_ONLY,8.0,linear,temperature_equivalent,K,ESTIMABLE,0.232325417810614,0.2167238953444382,0.2480695343784489,0.0080973018243975,0.0313456390340107,1000.0,0.0
atlanta,27896,2023-06-07,grid_03,0.3,0.4,BLOCK_RANGE_ONLY,8.0,linear,temperature_minus_equivalent,K,ESTIMABLE,-0.0040958663518324,-0.0120785973114779,0.0037778696647471,0.0040615474993224,0.0158564669762251,1000.0,0.0
atlanta,27896,2023-06-07,grid_03,0.3,0.4,BLOCK_RANGE_ONLY,8.0,quadratic,temperature,K,ESTIMABLE,0.2395129821794035,0.2174196440899162,0.2602083718629579,0.010911352984278,0.0427887277730416,1000.0,0.0
atlanta,27896,2023-06-07,grid_03,0.3,0.4,BLOCK_RANGE_ONLY,8.0,quadratic,emitted_flux,W/m2,ESTIMABLE,1.549470192848159,1.4119094210744485,1.676635254434464,0.0691060973642625,0.2647258333600155,1000.0,0.0
atlanta,27896,2023-06-07,grid_03,0.3,0.4,BLOCK_RANGE_ONLY,8.0,quadratic,temperature_equivalent,K,ESTIMABLE,0.2314518107649519,0.2108830235155593,0.2504697683949303,0.010334082877443,0.0395867448793709,1000.0,0.0
atlanta,27896,2023-06-07,grid_03,0.3,0.4,BLOCK_RANGE_ONLY,8.0,quadratic,temperature_minus_equivalent,K,ESTIMABLE,0.0080611714144516,-0.0001463349491805,0.0160515922050965,0.0042630681619266,0.016197927154277,1000.0,0.0
atlanta,27896,2023-06-07,grid_03,0.3,0.4,BLOCK_RANGE_ONLY,8.0,quadratic_minus_linear,temperature,K,ESTIMABLE,0.011283430720622,0.0027222715603852,0.0201159456825088,0.004455144329037,0.0173936741221236,1000.0,0.0
atlanta,27896,2023-06-07,grid_03,0.3,0.4,BLOCK_RANGE_ONLY,8.0,quadratic_minus_linear,emitted_flux,W/m2,ESTIMABLE,-0.0058419473274526,-0.0604500571210521,0.0486475753493267,0.0281469417383445,0.1090976324703789,1000.0,0.0
atlanta,27896,2023-06-07,grid_03,0.3,0.4,BLOCK_RANGE_ONLY,8.0,quadratic_minus_linear,temperature_equivalent,K,ESTIMABLE,-0.000873607045662,-0.0090386247114352,0.0072753607849705,0.004209026280565,0.0163139854964057,1000.0,0.0
atlanta,27896,2023-06-07,grid_03,0.3,0.4,BLOCK_RANGE_ONLY,8.0,quadratic_minus_linear,temperature_minus_equivalent,K,ESTIMABLE,0.0121570377662841,0.0087426458618218,0.0155936315020585,0.0017280846571598,0.0068509856402367,1000.0,0.0
atlanta,27896,2023-06-07,grid_04,0.4,0.5,BLOCK_RANGE_ONLY,1.0,linear,temperature,K,ESTIMABLE,0.2282295514587814,0.2196771638588716,0.2366206892595563,0.0042510197143684,0.0169435254006846,1000.0,0.0
atlanta,27896,2023-06-07,grid_04,0.4,0.5,BLOCK_RANGE_ONLY,1.0,linear,emitted_flux,W/m2,ESTIMABLE,1.5553121401756105,1.5039733399507969,1.610801724794635,0.0268989566961403,0.1068283848438378,1000.0,0.0
atlanta,27896,2023-06-07,grid_04,0.4,0.5,BLOCK_RANGE_ONLY,1.0,linear,temperature_equivalent,K,ESTIMABLE,0.232325417810614,0.2246484429980668,0.2406237145482165,0.0040225023972585,0.0159752715501497,1000.0,0.0
atlanta,27896,2023-06-07,grid_04,0.4,0.5,BLOCK_RANGE_ONLY,1.0,linear,temperature_minus_equivalent,K,ESTIMABLE,-0.0040958663518325,-0.0072944558055328,-0.0008641610711069,0.0016209618378567,0.0064302947344258,1000.0,0.0
atlanta,27896,2023-06-07,grid_04,0.4,0.5,BLOCK_RANGE_ONLY,1.0,quadratic,temperature,K,ESTIMABLE,0.2317411633787079,0.2225782548305273,0.2404501160618854,0.004518620038897,0.0178718612313581,1000.0,0.0
atlanta,27896,2023-06-07,grid_04,0.4,0.5,BLOCK_RANGE_ONLY,1.0,quadratic,emitted_flux,W/m2,ESTIMABLE,1.553494018331412,1.4964129279286225,1.6099827443822643,0.0285224756078539,0.1135698164536418,1000.0,0.0
atlanta,27896,2023-06-07,grid_04,0.4,0.5,BLOCK_RANGE_ONLY,1.0,quadratic,temperature_equivalent,K,ESTIMABLE,0.23205353439198,0.2235179402437737,0.2405012337756872,0.0042652688878138,0.0169832935319135,1000.0,0.0
atlanta,27896,2023-06-07,grid_04,0.4,0.5,BLOCK_RANGE_ONLY,1.0,quadratic,temperature_minus_equivalent,K,ESTIMABLE,-0.0003123710132721,-0.0036009188000702,0.0029434809630588,0.00166686538155,0.0065443997631291,1000.0,0.0
atlanta,27896,2023-06-07,grid_04,0.4,0.5,BLOCK_RANGE_ONLY,1.0,quadratic_minus_linear,temperature,K,ESTIMABLE,0.0035116119199265,0.0015782763057515,0.0054036688457117,0.0009615561020294,0.0038253925399601,1000.0,0.0
atlanta,27896,2023-06-07,grid_04,0.4,0.5,BLOCK_RANGE_ONLY,1.0,quadratic_minus_linear,emitted_flux,W/m2,ESTIMABLE,-0.0018181218441986,-0.0135556970604722,0.0095760486776346,0.0058047694905579,0.0231317457381069,1000.0,0.0
atlanta,27896,2023-06-07,grid_04,0.4,0.5,BLOCK_RANGE_ONLY,1.0,quadratic_minus_linear,temperature_equivalent,K,ESTIMABLE,-0.0002718834186339,-0.0020271288229949,0.0014320394629379,0.0008680450731794,0.0034591682859328,1000.0,0.0
atlanta,27896,2023-06-07,grid_04,0.4,0.5,BLOCK_RANGE_ONLY,1.0,quadratic_minus_linear,temperature_minus_equivalent,K,ESTIMABLE,0.0037834953385604,0.0030017157619277,0.0045366705506333,0.0003805992479208,0.0015349547887055,1000.0,0.0
atlanta,27896,2023-06-07,grid_04,0.4,0.5,BLOCK_RANGE_ONLY,8.0,linear,temperature,K,ESTIMABLE,0.2282295514587814,0.211740980964495,0.2443519730706243,0.0086181915079793,0.0326109921061293,1000.0,0.0
atlanta,27896,2023-06-07,grid_04,0.4,0.5,BLOCK_RANGE_ONLY,8.0,linear,emitted_flux,W/m2,ESTIMABLE,1.5553121401756105,1.450974984717834,1.6605871737781532,0.0541477218882746,0.2096121890603191,1000.0,0.0
atlanta,27896,2023-06-07,grid_04,0.4,0.5,BLOCK_RANGE_ONLY,8.0,linear,temperature_equivalent,K,ESTIMABLE,0.232325417810614,0.2167238953444382,0.2480695343784489,0.0080973018243975,0.0313456390340107,1000.0,0.0
atlanta,27896,2023-06-07,grid_04,0.4,0.5,BLOCK_RANGE_ONLY,8.0,linear,temperature_minus_equivalent,K,ESTIMABLE,-0.0040958663518325,-0.012078597311478,0.003777869664747,0.0040615474993222,0.0158564669762251,1000.0,0.0
atlanta,27896,2023-06-07,grid_04,0.4,0.5,BLOCK_RANGE_ONLY,8.0,quadratic,temperature,K,ESTIMABLE,0.2317411633787079,0.2138043070347474,0.2489319903870915,0.009133325690395,0.0351276833523441,1000.0,0.0
atlanta,27896,2023-06-07,grid_04,0.4,0.5,BLOCK_RANGE_ONLY,8.0,quadratic,emitted_flux,W/m2,ESTIMABLE,1.553494018331412,1.4398867893406528,1.666011536418994,0.0577846352381918,0.2261247470783411,1000.0,0.0
atlanta,27896,2023-06-07,grid_04,0.4,0.5,BLOCK_RANGE_ONLY,8.0,quadratic,temperature_equivalent,K,ESTIMABLE,0.23205353439198,0.2150660152612246,0.2488808239863431,0.0086411411714705,0.0338148087251184,1000.0,0.0
atlanta,27896,2023-06-07,grid_04,0.4,0.5,BLOCK_RANGE_ONLY,8.0,quadratic,temperature_minus_equivalent,K,ESTIMABLE,-0.0003123710132721,-0.0083745221572495,0.0074042927211691,0.0040601695214301,0.0157788148784187,1000.0,0.0
atlanta,27896,2023-06-07,grid_04,0.4,0.5,BLOCK_RANGE_ONLY,8.0,quadratic_minus_linear,temperature,K,ESTIMABLE,0.0035116119199265,0.0008366544680118,0.006238348147581,0.0013735813576368,0.0054016936795692,1000.0,0.0
atlanta,27896,2023-06-07,grid_04,0.4,0.5,BLOCK_RANGE_ONLY,8.0,quadratic_minus_linear,emitted_flux,W/m2,ESTIMABLE,-0.0018181218441986,-0.0192320370728697,0.014981384603397,0.0087977445779098,0.0342134216762668,1000.0,0.0
atlanta,27896,2023-06-07,grid_04,0.4,0.5,BLOCK_RANGE_ONLY,8.0,quadratic_minus_linear,temperature_equivalent,K,ESTIMABLE,-0.0002718834186339,-0.0028758474880561,0.0022405743249294,0.0013155995667799,0.0051164218129855,1000.0,0.0
atlanta,27896,2023-06-07,grid_04,0.4,0.5,BLOCK_RANGE_ONLY,8.0,quadratic_minus_linear,temperature_minus_equivalent,K,ESTIMABLE,0.0037834953385604,0.0027083094542454,0.0049380257866589,0.0005653634070891,0.0022297163324134,1000.0,0.0
atlanta,27896,2023-06-07,grid_05,0.5,0.6,BLOCK_RANGE_ONLY,1.0,linear,temperature,K,ESTIMABLE,0.2282295514587814,0.2196771638588716,0.2366206892595563,0.0042510197143684,0.0169435254006846,1000.0,0.0
atlanta,27896,2023-06-07,grid_05,0.5,0.6,BLOCK_RANGE_ONLY,1.0,linear,emitted_flux,W/m2,ESTIMABLE,1.5553121401756105,1.5039733399507969,1.610801724794635,0.0268989566961403,0.1068283848438378,1000.0,0.0
atlanta,27896,2023-06-07,grid_05,0.5,0.6,BLOCK_RANGE_ONLY,1.0,linear,temperature_equivalent,K,ESTIMABLE,0.232325417810614,0.2246484429980668,0.2406237145482165,0.0040225023972585,0.0159752715501497,1000.0,0.0
atlanta,27896,2023-06-07,grid_05,0.5,0.6,BLOCK_RANGE_ONLY,1.0,linear,temperature_minus_equivalent,K,ESTIMABLE,-0.0040958663518325,-0.0072944558055328,-0.0008641610711069,0.0016209618378567,0.0064302947344258,1000.0,0.0
atlanta,27896,2023-06-07,grid_05,0.5,0.6,BLOCK_RANGE_ONLY,1.0,quadratic,temperature,K,ESTIMABLE,0.2239693445780124,0.2161618602015532,0.2327647123748945,0.0042162528318898,0.0166028521733412,1000.0,0.0
atlanta,27896,2023-06-07,grid_05,0.5,0.6,BLOCK_RANGE_ONLY,1.0,quadratic,emitted_flux,W/m2,ESTIMABLE,1.557517843814666,1.5060953731592828,1.6124230775483002,0.0265468450943033,0.1063277043890174,1000.0,0.0
atlanta,27896,2023-06-07,grid_05,0.5,0.6,BLOCK_RANGE_ONLY,1.0,quadratic,temperature_equivalent,K,ESTIMABLE,0.2326552614724164,0.2249657512258622,0.2408661927437705,0.0039698642496191,0.0159004415179083,1000.0,0.0
atlanta,27896,2023-06-07,grid_05,0.5,0.6,BLOCK_RANGE_ONLY,1.0,quadratic,temperature_minus_equivalent,K,ESTIMABLE,-0.0086859168944039,-0.0120604053268862,-0.005263437921044,0.0016846563399715,0.0067969674058422,1000.0,0.0
atlanta,27896,2023-06-07,grid_05,0.5,0.6,BLOCK_RANGE_ONLY,1.0,quadratic_minus_linear,temperature,K,ESTIMABLE,-0.0042602068807689,-0.0065424261153855,-0.001900023099223,0.0011701369713421,0.0046424030161625,1000.0,0.0
atlanta,27896,2023-06-07,grid_05,0.5,0.6,BLOCK_RANGE_ONLY,1.0,quadratic_minus_linear,emitted_flux,W/m2,ESTIMABLE,0.0022057036390554,-0.0117290392769709,0.0163464609797206,0.0070531128300642,0.0280755002566915,1000.0,0.0
atlanta,27896,2023-06-07,grid_05,0.5,0.6,BLOCK_RANGE_ONLY,1.0,quadratic_minus_linear,temperature_equivalent,K,ESTIMABLE,0.0003298436618024,-0.00175397975283,0.0024444365276309,0.001054728974892,0.004198416280461,1000.0,0.0
atlanta,27896,2023-06-07,grid_05,0.5,0.6,BLOCK_RANGE_ONLY,1.0,quadratic_minus_linear,temperature_minus_equivalent,K,ESTIMABLE,-0.0045900505425713,-0.0055364979189596,-0.0036578589038901,0.0004687503061414,0.0018786390150695,1000.0,0.0
atlanta,27896,2023-06-07,grid_05,0.5,0.6,BLOCK_RANGE_ONLY,8.0,linear,temperature,K,ESTIMABLE,0.2282295514587814,0.211740980964495,0.2443519730706243,0.0086181915079793,0.0326109921061293,1000.0,0.0
atlanta,27896,2023-06-07,grid_05,0.5,0.6,BLOCK_RANGE_ONLY,8.0,linear,emitted_flux,W/m2,ESTIMABLE,1.5553121401756105,1.450974984717834,1.6605871737781532,0.0541477218882746,0.2096121890603191,1000.0,0.0
atlanta,27896,2023-06-07,grid_05,0.5,0.6,BLOCK_RANGE_ONLY,8.0,linear,temperature_equivalent,K,ESTIMABLE,0.232325417810614,0.2167238953444382,0.2480695343784489,0.0080973018243975,0.0313456390340107,1000.0,0.0
atlanta,27896,2023-06-07,grid_05,0.5,0.6,BLOCK_RANGE_ONLY,8.0,linear,temperature_minus_equivalent,K,ESTIMABLE,-0.0040958663518325,-0.012078597311478,0.003777869664747,0.0040615474993222,0.0158564669762251,1000.0,0.0
atlanta,27896,2023-06-07,grid_05,0.5,0.6,BLOCK_RANGE_ONLY,8.0,quadratic,temperature,K,ESTIMABLE,0.2239693445780124,0.2078587019032348,0.2398661667437818,0.0081762713543381,0.032007464840547,1000.0,0.0
atlanta,27896,2023-06-07,grid_05,0.5,0.6,BLOCK_RANGE_ONLY,8.0,quadratic,emitted_flux,W/m2,ESTIMABLE,1.557517843814666,1.4567173186226487,1.6586945448551285,0.0514946763189591,0.2019772262324797,1000.0,0.0
atlanta,27896,2023-06-07,grid_05,0.5,0.6,BLOCK_RANGE_ONLY,8.0,quadratic,temperature_equivalent,K,ESTIMABLE,0.2326552614724164,0.2175824854983332,0.2477864666337865,0.0077005839256165,0.0302039811354532,1000.0,0.0
atlanta,27896,2023-06-07,grid_05,0.5,0.6,BLOCK_RANGE_ONLY,8.0,quadratic,temperature_minus_equivalent,K,ESTIMABLE,-0.0086859168944039,-0.0168635118488513,-0.0003797574822853,0.0041929771277444,0.016483754366566,1000.0,0.0
atlanta,27896,2023-06-07,grid_05,0.5,0.6,BLOCK_RANGE_ONLY,8.0,quadratic_minus_linear,temperature,K,ESTIMABLE,-0.0042602068807689,-0.0075803754564467,-0.0009841967237568,0.0017317336322789,0.0065961787326898,1000.0,0.0
atlanta,27896,2023-06-07,grid_05,0.5,0.6,BLOCK_RANGE_ONLY,8.0,quadratic_minus_linear,emitted_flux,W/m2,ESTIMABLE,0.0022057036390554,-0.018209988925549,0.0225882190918844,0.0105724421486275,0.0407982080174335,1000.0,0.0
atlanta,27896,2023-06-07,grid_05,0.5,0.6,BLOCK_RANGE_ONLY,8.0,quadratic_minus_linear,temperature_equivalent,K,ESTIMABLE,0.0003298436618024,-0.0027234099255608,0.0033776293948591,0.0015810040615518,0.0061010393204199,1000.0,0.0
atlanta,27896,2023-06-07,grid_05,0.5,0.6,BLOCK_RANGE_ONLY,8.0,quadratic_minus_linear,temperature_minus_equivalent,K,ESTIMABLE,-0.0045900505425713,-0.0059404356274944,-0.0033607282214109,0.0006616803109866,0.0025797074060834,1000.0,0.0
atlanta,27896,2023-06-07,grid_06,0.6,0.7,BLOCK_RANGE_ONLY,1.0,linear,temperature,K,ESTIMABLE,0.2282295514587814,0.2196771638588716,0.2366206892595563,0.0042510197143684,0.0169435254006846,1000.0,0.0
atlanta,27896,2023-06-07,grid_06,0.6,0.7,BLOCK_RANGE_ONLY,1.0,linear,emitted_flux,W/m2,ESTIMABLE,1.5553121401756105,1.5039733399507969,1.610801724794635,0.0268989566961403,0.1068283848438378,1000.0,0.0
atlanta,27896,2023-06-07,grid_06,0.6,0.7,BLOCK_RANGE_ONLY,1.0,linear,temperature_equivalent,K,ESTIMABLE,0.232325417810614,0.2246484429980668,0.2406237145482165,0.0040225023972585,0.0159752715501497,1000.0,0.0
atlanta,27896,2023-06-07,grid_06,0.6,0.7,BLOCK_RANGE_ONLY,1.0,linear,temperature_minus_equivalent,K,ESTIMABLE,-0.0040958663518325,-0.0072944558055328,-0.0008641610711069,0.0016209618378567,0.0064302947344258,1000.0,0.0
atlanta,27896,2023-06-07,grid_06,0.6,0.7,BLOCK_RANGE_ONLY,1.0,quadratic,temperature,K,ESTIMABLE,0.216197525777317,0.2064577698049074,0.2267655961417956,0.0049187070227288,0.0203078263368882,1000.0,0.0
atlanta,27896,2023-06-07,grid_06,0.6,0.7,BLOCK_RANGE_ONLY,1.0,quadratic,emitted_flux,W/m2,ESTIMABLE,1.5615416692979198,1.5039776724194769,1.6263138278196967,0.0304384600330293,0.1223361554002198,1000.0,0.0
atlanta,27896,2023-06-07,grid_06,0.6,0.7,BLOCK_RANGE_ONLY,1.0,quadratic,temperature_equivalent,K,ESTIMABLE,0.2332569920061473,0.2246490908313404,0.2429436193255895,0.0045518519784357,0.018294528494249,1000.0,0.0
atlanta,27896,2023-06-07,grid_06,0.6,0.7,BLOCK_RANGE_ONLY,1.0,quadratic,temperature_minus_equivalent,K,ESTIMABLE,-0.0170594662288303,-0.0211491973134681,-0.0128635831057127,0.0020754221196431,0.0082856142077554,1000.0,0.0
atlanta,27896,2023-06-07,grid_06,0.6,0.7,BLOCK_RANGE_ONLY,1.0,quadratic_minus_linear,temperature,K,ESTIMABLE,-0.0120320256814643,-0.0184450005706992,-0.0054254772974066,0.0032972535347741,0.0130195232732925,1000.0,0.0
atlanta,27896,2023-06-07,grid_06,0.6,0.7,BLOCK_RANGE_ONLY,1.0,quadratic_minus_linear,emitted_flux,W/m2,ESTIMABLE,0.0062295291223093,-0.0330993324675321,0.046143194157224,0.0199087655923161,0.0792425266247562,1000.0,0.0
atlanta,27896,2023-06-07,grid_06,0.6,0.7,BLOCK_RANGE_ONLY,1.0,quadratic_minus_linear,temperature_equivalent,K,ESTIMABLE,0.0009315741955333,-0.0049494679698113,0.0069003429849857,0.0029771954843586,0.0118498109547971,1000.0,0.0
atlanta,27896,2023-06-07,grid_06,0.6,0.7,BLOCK_RANGE_ONLY,1.0,quadratic_minus_linear,temperature_minus_equivalent,K,ESTIMABLE,-0.0129635998769977,-0.0156018888761812,-0.0102654487135878,0.0013054758893188,0.0053364401625933,1000.0,0.0
atlanta,27896,2023-06-07,grid_06,0.6,0.7,BLOCK_RANGE_ONLY,8.0,linear,temperature,K,ESTIMABLE,0.2282295514587814,0.211740980964495,0.2443519730706243,0.0086181915079793,0.0326109921061293,1000.0,0.0
atlanta,27896,2023-06-07,grid_06,0.6,0.7,BLOCK_RANGE_ONLY,8.0,linear,emitted_flux,W/m2,ESTIMABLE,1.5553121401756105,1.450974984717834,1.6605871737781532,0.0541477218882746,0.2096121890603191,1000.0,0.0
atlanta,27896,2023-06-07,grid_06,0.6,0.7,BLOCK_RANGE_ONLY,8.0,linear,temperature_equivalent,K,ESTIMABLE,0.232325417810614,0.2167238953444382,0.2480695343784489,0.0080973018243975,0.0313456390340107,1000.0,0.0
atlanta,27896,2023-06-07,grid_06,0.6,0.7,BLOCK_RANGE_ONLY,8.0,linear,temperature_minus_equivalent,K,ESTIMABLE,-0.0040958663518325,-0.012078597311478,0.003777869664747,0.0040615474993222,0.0158564669762251,1000.0,0.0
atlanta,27896,2023-06-07,grid_06,0.6,0.7,BLOCK_RANGE_ONLY,8.0,quadratic,temperature,K,ESTIMABLE,0.216197525777317,0.2001401018679654,0.2327305725743324,0.0083282020404365,0.032590470706367,1000.0,0.0
atlanta,27896,2023-06-07,grid_06,0.6,0.7,BLOCK_RANGE_ONLY,8.0,quadratic,emitted_flux,W/m2,ESTIMABLE,1.5615416692979198,1.4579963080606673,1.662716053268511,0.0520918952589501,0.2047197452078437,1000.0,0.0
atlanta,27896,2023-06-07,grid_06,0.6,0.7,BLOCK_RANGE_ONLY,8.0,quadratic,temperature_equivalent,K,ESTIMABLE,0.2332569920061473,0.2177737201413748,0.2483879374561041,0.0077899259857774,0.0306142173147293,1000.0,0.0
atlanta,27896,2023-06-07,grid_06,0.6,0.7,BLOCK_RANGE_ONLY,8.0,quadratic,temperature_minus_equivalent,K,ESTIMABLE,-0.0170594662288303,-0.0259590074012972,-0.0078262108663864,0.0046327106413775,0.0181327965349108,1000.0,0.0
atlanta,27896,2023-06-07,grid_06,0.6,0.7,BLOCK_RANGE_ONLY,8.0,quadratic_minus_linear,temperature,K,ESTIMABLE,-0.0120320256814643,-0.0214430769223872,-0.0028360073049474,0.0048150636417296,0.0186070696174398,1000.0,0.0
atlanta,27896,2023-06-07,grid_06,0.6,0.7,BLOCK_RANGE_ONLY,8.0,quadratic_minus_linear,emitted_flux,W/m2,ESTIMABLE,0.0062295291223093,-0.0520257436362274,0.0640976790530194,0.0299228842059979,0.1161234226892468,1000.0,0.0
atlanta,27896,2023-06-07,grid_06,0.6,0.7,BLOCK_RANGE_ONLY,8.0,quadratic_minus_linear,temperature_equivalent,K,ESTIMABLE,0.0009315741955333,-0.0077797263274433,0.0095848639063518,0.0044746931727343,0.0173645902337952,1000.0,0.0
atlanta,27896,2023-06-07,grid_06,0.6,0.7,BLOCK_RANGE_ONLY,8.0,quadratic_minus_linear,temperature_minus_equivalent,K,ESTIMABLE,-0.0129635998769977,-0.0165573872710035,-0.0093739129720984,0.0018277985392693,0.0071834742989051,1000.0,0.0
atlanta,27896,2023-06-07,grid_07,0.7,0.8,BLOCK_RANGE_ONLY,1.0,linear,temperature,K,ESTIMABLE,0.2282295514587816,0.2196771638588719,0.2366206892595566,0.0042510197143684,0.0169435254006847,1000.0,0.0
atlanta,27896,2023-06-07,grid_07,0.7,0.8,BLOCK_RANGE_ONLY,1.0,linear,emitted_flux,W/m2,ESTIMABLE,1.5553121401756125,1.5039733399507986,1.6108017247946365,0.0268989566961403,0.1068283848438378,1000.0,0.0
atlanta,27896,2023-06-07,grid_07,0.7,0.8,BLOCK_RANGE_ONLY,1.0,linear,temperature_equivalent,K,ESTIMABLE,0.232325417810614,0.2246484429980668,0.2406237145482165,0.0040225023972584,0.0159752715501497,1000.0,0.0
atlanta,27896,2023-06-07,grid_07,0.7,0.8,BLOCK_RANGE_ONLY,1.0,linear,temperature_minus_equivalent,K,ESTIMABLE,-0.0040958663518323,-0.0072944558055325,-0.0008641610711066,0.0016209618378569,0.0064302947344259,1000.0,0.0
atlanta,27896,2023-06-07,grid_07,0.7,0.8,BLOCK_RANGE_ONLY,1.0,quadratic,temperature,K,ESTIMABLE,0.2084257069766217,0.1964659521106598,0.2212196012156433,0.0062983013229753,0.0247536491049834,1000.0,0.0
atlanta,27896,2023-06-07,grid_07,0.7,0.8,BLOCK_RANGE_ONLY,1.0,quadratic,emitted_flux,W/m2,ESTIMABLE,1.5655654947811757,1.492016122581338,1.640854065628762,0.0384555094747785,0.148837943047424,1000.0,0.0
atlanta,27896,2023-06-07,grid_07,0.7,0.8,BLOCK_RANGE_ONLY,1.0,quadratic,temperature_equivalent,K,ESTIMABLE,0.2338587259934001,0.2228604948412225,0.2451182239585506,0.0057507755951448,0.022257729117328,1000.0,0.0
atlanta,27896,2023-06-07,grid_07,0.7,0.8,BLOCK_RANGE_ONLY,1.0,quadratic,temperature_minus_equivalent,K,ESTIMABLE,-0.0254330190167784,-0.0308007651202121,-0.0199340226246086,0.0026807389552145,0.0108667424956034,1000.0,0.0
atlanta,27896,2023-06-07,grid_07,0.7,0.8,BLOCK_RANGE_ONLY,1.0,quadratic_minus_linear,temperature,K,ESTIMABLE,-0.0198038444821599,-0.0303767917277297,-0.0089001808345618,0.0054251793666188,0.0214766108931678,1000.0,0.0
atlanta,27896,2023-06-07,grid_07,0.7,0.8,BLOCK_RANGE_ONLY,1.0,quadratic_minus_linear,emitted_flux,W/m2,ESTIMABLE,0.0102533546055634,-0.0544881604391282,0.0761402495425128,0.0327648132802103,0.130628409981641,1000.0,0.0
atlanta,27896,2023-06-07,grid_07,0.7,0.8,BLOCK_RANGE_ONLY,1.0,quadratic_minus_linear,temperature_equivalent,K,ESTIMABLE,0.0015333081827861,-0.0081476957876404,0.0113864045343802,0.004899746924492,0.0195341003220207,1000.0,0.0
atlanta,27896,2023-06-07,grid_07,0.7,0.8,BLOCK_RANGE_ONLY,1.0,quadratic_minus_linear,temperature_minus_equivalent,K,ESTIMABLE,-0.0213371526649461,-0.0256609762066629,-0.016915282463477,0.0021444039507592,0.0087456937431858,1000.0,0.0
atlanta,27896,2023-06-07,grid_07,0.7,0.8,BLOCK_RANGE_ONLY,8.0,linear,temperature,K,ESTIMABLE,0.2282295514587816,0.2117409809644952,0.2443519730706246,0.0086181915079793,0.0326109921061293,1000.0,0.0
atlanta,27896,2023-06-07,grid_07,0.7,0.8,BLOCK_RANGE_ONLY,8.0,linear,emitted_flux,W/m2,ESTIMABLE,1.5553121401756125,1.450974984717836,1.660587173778155,0.0541477218882747,0.2096121890603191,1000.0,0.0
atlanta,27896,2023-06-07,grid_07,0.7,0.8,BLOCK_RANGE_ONLY,8.0,linear,temperature_equivalent,K,ESTIMABLE,0.232325417810614,0.2167238953444382,0.2480695343784489,0.0080973018243975,0.0313456390340107,1000.0,0.0
atlanta,27896,2023-06-07,grid_07,0.7,0.8,BLOCK_RANGE_ONLY,8.0,linear,temperature_minus_equivalent,K,ESTIMABLE,-0.0040958663518323,-0.0120785973114778,0.0037778696647472,0.0040615474993224,0.0158564669762251,1000.0,0.0
atlanta,27896,2023-06-07,grid_07,0.7,0.8,BLOCK_RANGE_ONLY,8.0,quadratic,temperature,K,ESTIMABLE,0.2084257069766217,0.1899971376084809,0.2273054001681444,0.0095362595427408,0.0373082625596635,1000.0,0.0
atlanta,27896,2023-06-07,grid_07,0.7,0.8,BLOCK_RANGE_ONLY,8.0,quadratic,emitted_flux,W/m2,ESTIMABLE,1.5655654947811757,1.4463185206933464,1.6778376322909907,0.0593688104734805,0.2315191115976442,1000.0,0.0
atlanta,27896,2023-06-07,grid_07,0.7,0.8,BLOCK_RANGE_ONLY,8.0,quadratic,temperature_equivalent,K,ESTIMABLE,0.2338587259934001,0.2160276689441744,0.2506496044646183,0.0088781667688158,0.0346219355204439,1000.0,0.0
atlanta,27896,2023-06-07,grid_07,0.7,0.8,BLOCK_RANGE_ONLY,8.0,quadratic,temperature_minus_equivalent,K,ESTIMABLE,-0.0254330190167784,-0.0358496495237686,-0.0153387049379363,0.0053035690327928,0.0205109445858323,1000.0,0.0
atlanta,27896,2023-06-07,grid_07,0.7,0.8,BLOCK_RANGE_ONLY,8.0,quadratic_minus_linear,temperature,K,ESTIMABLE,-0.0198038444821599,-0.034968487647329,-0.0046885504015543,0.0079021854729099,0.0302799372457746,1000.0,0.0
atlanta,27896,2023-06-07,grid_07,0.7,0.8,BLOCK_RANGE_ONLY,8.0,quadratic_minus_linear,emitted_flux,W/m2,ESTIMABLE,0.0102533546055634,-0.086021438617218,0.1056168819839146,0.0492768475890718,0.1916383206011327,1000.0,0.0
atlanta,27896,2023-06-07,grid_07,0.7,0.8,BLOCK_RANGE_ONLY,8.0,quadratic_minus_linear,temperature_equivalent,K,ESTIMABLE,0.0015333081827861,-0.0128629977569744,0.0157939169285839,0.007368947006426,0.0286569146855583,1000.0,0.0
atlanta,27896,2023-06-07,grid_07,0.7,0.8,BLOCK_RANGE_ONLY,8.0,quadratic_minus_linear,temperature_minus_equivalent,K,ESTIMABLE,-0.0213371526649461,-0.0272178239396055,-0.0154051304597472,0.0030047847887239,0.0118126934798582,1000.0,0.0
atlanta,27896,2023-06-07,grid_08,0.8,0.9,BLOCK_RANGE_ONLY,1.0,linear,temperature,K,ESTIMABLE,0.2282295514587814,0.2196771638588716,0.2366206892595563,0.0042510197143684,0.0169435254006846,1000.0,0.0
atlanta,27896,2023-06-07,grid_08,0.8,0.9,BLOCK_RANGE_ONLY,1.0,linear,emitted_flux,W/m2,ESTIMABLE,1.5553121401756105,1.5039733399507969,1.610801724794635,0.0268989566961403,0.1068283848438378,1000.0,0.0
atlanta,27896,2023-06-07,grid_08,0.8,0.9,BLOCK_RANGE_ONLY,1.0,linear,temperature_equivalent,K,ESTIMABLE,0.232325417810614,0.2246484429980668,0.2406237145482165,0.0040225023972585,0.0159752715501497,1000.0,0.0
atlanta,27896,2023-06-07,grid_08,0.8,0.9,BLOCK_RANGE_ONLY,1.0,linear,temperature_minus_equivalent,K,ESTIMABLE,-0.0040958663518325,-0.0072944558055328,-0.0008641610711069,0.0016209618378567,0.0064302947344258,1000.0,0.0
atlanta,27896,2023-06-07,grid_08,0.8,0.9,BLOCK_RANGE_ONLY,1.0,quadratic,temperature,K,ESTIMABLE,0.200653888175926,0.1856112541982373,0.2172212987325948,0.0080125869905462,0.0316100445343574,1000.0,0.0
atlanta,27896,2023-06-07,grid_08,0.8,0.9,BLOCK_RANGE_ONLY,1.0,quadratic,emitted_flux,W/m2,ESTIMABLE,1.569589320264428,1.4779434855215965,1.669817985566825,0.0485974697263994,0.1918745000452284,1000.0,0.0
atlanta,27896,2023-06-07,grid_08,0.8,0.9,BLOCK_RANGE_ONLY,1.0,quadratic,temperature_equivalent,K,ESTIMABLE,0.2344604634340612,0.2207562695998021,0.24945013566428,0.007267483142957,0.0286938660644778,1000.0,0.0
atlanta,27896,2023-06-07,grid_08,0.8,0.9,BLOCK_RANGE_ONLY,1.0,quadratic,temperature_minus_equivalent,K,ESTIMABLE,-0.0338065752581351,-0.0404724481548518,-0.0271420448643955,0.003387478603056,0.0133304032904562,1000.0,0.0
atlanta,27896,2023-06-07,grid_08,0.8,0.9,BLOCK_RANGE_ONLY,1.0,quadratic_minus_linear,temperature,K,ESTIMABLE,-0.0275756632828553,-0.0423141674283922,-0.012374884371717,0.0075532305269943,0.0299392830566751,1000.0,0.0
atlanta,27896,2023-06-07,grid_08,0.8,0.9,BLOCK_RANGE_ONLY,1.0,quadratic_minus_linear,emitted_flux,W/m2,ESTIMABLE,0.0142771800888175,-0.0758769884107242,0.1061373049278012,0.045620922022964,0.1820142933385254,1000.0,0.0
atlanta,27896,2023-06-07,grid_08,0.8,0.9,BLOCK_RANGE_ONLY,1.0,quadratic_minus_linear,temperature_equivalent,K,ESTIMABLE,0.0021350456234472,-0.0113458260537285,0.0158726580410828,0.0068223333744532,0.0272184840948113,1000.0,0.0
atlanta,27896,2023-06-07,grid_08,0.8,0.9,BLOCK_RANGE_ONLY,1.0,quadratic_minus_linear,temperature_minus_equivalent,K,ESTIMABLE,-0.0297107089063025,-0.0357199070701075,-0.0235653060185609,0.0029836757626187,0.0121546010515466,1000.0,0.0
atlanta,27896,2023-06-07,grid_08,0.8,0.9,BLOCK_RANGE_ONLY,8.0,linear,temperature,K,ESTIMABLE,0.2282295514587814,0.211740980964495,0.2443519730706243,0.0086181915079793,0.0326109921061293,1000.0,0.0
atlanta,27896,2023-06-07,grid_08,0.8,0.9,BLOCK_RANGE_ONLY,8.0,linear,emitted_flux,W/m2,ESTIMABLE,1.5553121401756105,1.450974984717834,1.6605871737781532,0.0541477218882746,0.2096121890603191,1000.0,0.0
atlanta,27896,2023-06-07,grid_08,0.8,0.9,BLOCK_RANGE_ONLY,8.0,linear,temperature_equivalent,K,ESTIMABLE,0.232325417810614,0.2167238953444382,0.2480695343784489,0.0080973018243975,0.0313456390340107,1000.0,0.0
atlanta,27896,2023-06-07,grid_08,0.8,0.9,BLOCK_RANGE_ONLY,8.0,linear,temperature_minus_equivalent,K,ESTIMABLE,-0.0040958663518325,-0.012078597311478,0.003777869664747,0.0040615474993222,0.0158564669762251,1000.0,0.0
atlanta,27896,2023-06-07,grid_08,0.8,0.9,BLOCK_RANGE_ONLY,8.0,quadratic,temperature,K,ESTIMABLE,0.200653888175926,0.1789388269321447,0.2227875461239022,0.0114714996308382,0.0438487191917575,1000.0,0.0
atlanta,27896,2023-06-07,grid_08,0.8,0.9,BLOCK_RANGE_ONLY,8.0,quadratic,emitted_flux,W/m2,ESTIMABLE,1.569589320264428,1.432741622906417,1.705349189050329,0.0713089896527373,0.272607566143912,1000.0,0.0
atlanta,27896,2023-06-07,grid_08,0.8,0.9,BLOCK_RANGE_ONLY,8.0,quadratic,temperature_equivalent,K,ESTIMABLE,0.2344604634340612,0.2139977012003811,0.2547645102297423,0.0106637868687432,0.0407668090293611,1000.0,0.0
atlanta,27896,2023-06-07,grid_08,0.8,0.9,BLOCK_RANGE_ONLY,8.0,quadratic,temperature_minus_equivalent,K,ESTIMABLE,-0.0338065752581351,-0.0465387533429601,-0.0220009971174804,0.0061301372690992,0.0245377562254796,1000.0,0.0
atlanta,27896,2023-06-07,grid_08,0.8,0.9,BLOCK_RANGE_ONLY,8.0,quadratic_minus_linear,temperature,K,ESTIMABLE,-0.0275756632828553,-0.0487128293623224,-0.0065412558920391,0.010989904162287,0.0421715734702832,1000.0,0.0
atlanta,27896,2023-06-07,grid_08,0.8,0.9,BLOCK_RANGE_ONLY,8.0,quadratic_minus_linear,emitted_flux,W/m2,ESTIMABLE,0.0142771800888175,-0.1200171335982084,0.1471360849148092,0.0686313533330008,0.2671532185130177,1000.0,0.0
atlanta,27896,2023-06-07,grid_08,0.8,0.9,BLOCK_RANGE_ONLY,8.0,quadratic_minus_linear,temperature_equivalent,K,ESTIMABLE,0.0021350456234472,-0.0179460227573088,0.0220033376822314,0.0102633201047625,0.0399493604395402,1000.0,0.0
atlanta,27896,2023-06-07,grid_08,0.8,0.9,BLOCK_RANGE_ONLY,8.0,quadratic_minus_linear,temperature_minus_equivalent,K,ESTIMABLE,-0.0297107089063025,-0.0378796230280911,-0.0214499249951814,0.0041834781154651,0.0164296980329096,1000.0,0.0
atlanta,27896,2023-06-07,grid_09,0.9,1.0,NO_SPANNING_BLOCKS,,,,,NOT_ESTIMATED_NO_REFERENCE_BLOCKS,,,,,,,
atlanta,27916,2023-06-08,near_-0.02,0.0085095386207103,0.1085095386207103,BLOCK_RANGE_ONLY,1.0,linear,temperature,K,ESTIMABLE,0.0973995510329285,0.0926193887827463,0.1021987686107726,0.0024469555782321,0.0095793798280262,1000.0,0.0
atlanta,27916,2023-06-08,near_-0.02,0.0085095386207103,0.1085095386207103,BLOCK_RANGE_ONLY,1.0,linear,emitted_flux,W/m2,ESTIMABLE,0.5242823213760864,0.4988736007101784,0.5508465778573348,0.0131294408217595,0.0519729771471563,1000.0,0.0
atlanta,27916,2023-06-08,near_-0.02,0.0085095386207103,0.1085095386207103,BLOCK_RANGE_ONLY,1.0,linear,temperature_equivalent,K,ESTIMABLE,0.0782574153976725,0.0744634162718142,0.0822241044503314,0.0019605070321183,0.0077606881785172,1000.0,0.0
atlanta,27916,2023-06-08,near_-0.02,0.0085095386207103,0.1085095386207103,BLOCK_RANGE_ONLY,1.0,linear,temperature_minus_equivalent,K,ESTIMABLE,0.019142135635256,0.0173797241040458,0.0211241327323602,0.000936145259674,0.0037444086283143,1000.0,0.0
atlanta,27916,2023-06-08,near_-0.02,0.0085095386207103,0.1085095386207103,BLOCK_RANGE_ONLY,1.0,quadratic,temperature,K,ESTIMABLE,0.199260089906558,0.187785950010321,0.2101435961317017,0.0057054837670931,0.0223576461213807,1000.0,0.0
atlanta,27916,2023-06-08,near_-0.02,0.0085095386207103,0.1085095386207103,BLOCK_RANGE_ONLY,1.0,quadratic,emitted_flux,W/m2,ESTIMABLE,0.9376046425713792,0.8786868578374718,0.9955709447621476,0.0298486190915697,0.1168840869246758,1000.0,0.0
atlanta,27916,2023-06-08,near_-0.02,0.0085095386207103,0.1085095386207103,BLOCK_RANGE_ONLY,1.0,quadratic,temperature_equivalent,K,ESTIMABLE,0.1399934799291031,0.1311909788623282,0.1486545475928821,0.0044596582367144,0.0174635687305539,1000.0,0.0
atlanta,27916,2023-06-08,near_-0.02,0.0085095386207103,0.1085095386207103,BLOCK_RANGE_ONLY,1.0,quadratic,temperature_minus_equivalent,K,ESTIMABLE,0.0592666099774548,0.054983127319016,0.0638855127845722,0.0023123834700681,0.0089023854655561,1000.0,0.0
atlanta,27916,2023-06-08,near_-0.02,0.0085095386207103,0.1085095386207103,BLOCK_RANGE_ONLY,1.0,quadratic_minus_linear,temperature,K,ESTIMABLE,0.1018605388736294,0.0918436627907525,0.1113287265611885,0.0050750144983283,0.0194850637704359,1000.0,0.0
atlanta,27916,2023-06-08,near_-0.02,0.0085095386207103,0.1085095386207103,BLOCK_RANGE_ONLY,1.0,quadratic_minus_linear,emitted_flux,W/m2,ESTIMABLE,0.4133223211952929,0.3620741262468008,0.4620087151514208,0.0262734247639855,0.0999345889046199,1000.0,0.0
atlanta,27916,2023-06-08,near_-0.02,0.0085095386207103,0.1085095386207103,BLOCK_RANGE_ONLY,1.0,quadratic_minus_linear,temperature_equivalent,K,ESTIMABLE,0.0617360645314306,0.0540784868298544,0.0690085622079905,0.0039255380904985,0.0149300753781361,1000.0,0.0
atlanta,27916,2023-06-08,near_-0.02,0.0085095386207103,0.1085095386207103,BLOCK_RANGE_ONLY,1.0,quadratic_minus_linear,temperature_minus_equivalent,K,ESTIMABLE,0.0401244743421987,0.0359104485372508,0.0440214677380431,0.0020848507535123,0.0081110192007923,1000.0,0.0
atlanta,27916,2023-06-08,near_-0.02,0.0085095386207103,0.1085095386207103,BLOCK_RANGE_ONLY,8.0,linear,temperature,K,ESTIMABLE,0.0973995510329285,0.0882723049888312,0.1065065979391321,0.0046921305007243,0.0182342929503008,1000.0,0.0
atlanta,27916,2023-06-08,near_-0.02,0.0085095386207103,0.1085095386207103,BLOCK_RANGE_ONLY,8.0,linear,emitted_flux,W/m2,ESTIMABLE,0.5242823213760864,0.4707914124307732,0.5740246729841659,0.025940668553073,0.1032332605533926,1000.0,0.0
atlanta,27916,2023-06-08,near_-0.02,0.0085095386207103,0.1085095386207103,BLOCK_RANGE_ONLY,8.0,linear,temperature_equivalent,K,ESTIMABLE,0.0782574153976725,0.0702703778594738,0.0856852798650777,0.0038734943447668,0.0154149020056039,1000.0,0.0
atlanta,27916,2023-06-08,near_-0.02,0.0085095386207103,0.1085095386207103,BLOCK_RANGE_ONLY,8.0,linear,temperature_minus_equivalent,K,ESTIMABLE,0.019142135635256,0.0164865970730139,0.0219534663940994,0.001377806383366,0.0054668693210854,1000.0,0.0
atlanta,27916,2023-06-08,near_-0.02,0.0085095386207103,0.1085095386207103,BLOCK_RANGE_ONLY,8.0,quadratic,temperature,K,ESTIMABLE,0.199260089906558,0.1806813366014719,0.220649793439424,0.0102340245792205,0.039968456837952,1000.0,0.0
atlanta,27916,2023-06-08,near_-0.02,0.0085095386207103,0.1085095386207103,BLOCK_RANGE_ONLY,8.0,quadratic,emitted_flux,W/m2,ESTIMABLE,0.9376046425713792,0.8385186225196404,1.0459635339982103,0.0537067663699672,0.2074449114785699,1000.0,0.0
atlanta,27916,2023-06-08,near_-0.02,0.0085095386207103,0.1085095386207103,BLOCK_RANGE_ONLY,8.0,quadratic,temperature_equivalent,K,ESTIMABLE,0.1399934799291031,0.1251901425493301,0.1561845659212451,0.0080243215880828,0.030994423371915,1000.0,0.0
atlanta,27916,2023-06-08,near_-0.02,0.0085095386207103,0.1085095386207103,BLOCK_RANGE_ONLY,8.0,quadratic,temperature_minus_equivalent,K,ESTIMABLE,0.0592666099774548,0.0530633092522405,0.0661432018862739,0.0033589006857545,0.0130798926340334,1000.0,0.0
atlanta,27916,2023-06-08,near_-0.02,0.0085095386207103,0.1085095386207103,BLOCK_RANGE_ONLY,8.0,quadratic_minus_linear,temperature,K,ESTIMABLE,0.1018605388736294,0.0861696115411317,0.1194197693774241,0.0084596656010767,0.0332501578362923,1000.0,0.0
atlanta,27916,2023-06-08,near_-0.02,0.0085095386207103,0.1085095386207103,BLOCK_RANGE_ONLY,8.0,quadratic_minus_linear,emitted_flux,W/m2,ESTIMABLE,0.4133223211952929,0.3294769332386081,0.4976453503320512,0.0422036131723885,0.168168417093443,1000.0,0.0
atlanta,27916,2023-06-08,near_-0.02,0.0085095386207103,0.1085095386207103,BLOCK_RANGE_ONLY,8.0,quadratic_minus_linear,temperature_equivalent,K,ESTIMABLE,0.0617360645314306,0.0492113154055132,0.0743367238674579,0.0063060774960804,0.0251254084619446,1000.0,0.0
atlanta,27916,2023-06-08,near_-0.02,0.0085095386207103,0.1085095386207103,BLOCK_RANGE_ONLY,8.0,quadratic_minus_linear,temperature_minus_equivalent,K,ESTIMABLE,0.0401244743421987,0.0346515869531523,0.0464711392307504,0.0030312119618765,0.011819552277598,1000.0,0.0
atlanta,27916,2023-06-08,near_-0.01,0.0185095386207103,0.1185095386207103,BLOCK_RANGE_ONLY,1.0,linear,temperature,K,ESTIMABLE,0.0973995510329285,0.0926193887827463,0.1021987686107726,0.0024469555782321,0.0095793798280262,1000.0,0.0
atlanta,27916,2023-06-08,near_-0.01,0.0185095386207103,0.1185095386207103,BLOCK_RANGE_ONLY,1.0,linear,emitted_flux,W/m2,ESTIMABLE,0.5242823213760864,0.4988736007101784,0.5508465778573348,0.0131294408217595,0.0519729771471563,1000.0,0.0
atlanta,27916,2023-06-08,near_-0.01,0.0185095386207103,0.1185095386207103,BLOCK_RANGE_ONLY,1.0,linear,temperature_equivalent,K,ESTIMABLE,0.0782574153976725,0.0744634162718142,0.0822241044503314,0.0019605070321183,0.0077606881785172,1000.0,0.0
atlanta,27916,2023-06-08,near_-0.01,0.0185095386207103,0.1185095386207103,BLOCK_RANGE_ONLY,1.0,linear,temperature_minus_equivalent,K,ESTIMABLE,0.019142135635256,0.0173797241040458,0.0211241327323602,0.000936145259674,0.0037444086283143,1000.0,0.0
atlanta,27916,2023-06-08,near_-0.01,0.0185095386207103,0.1185095386207103,BLOCK_RANGE_ONLY,1.0,quadratic,temperature,K,ESTIMABLE,0.1969239376288617,0.1856442232650348,0.2076570682827335,0.0055999566315197,0.0220128450176987,1000.0,0.0
atlanta,27916,2023-06-08,near_-0.01,0.0185095386207103,0.1185095386207103,BLOCK_RANGE_ONLY,1.0,quadratic,emitted_flux,W/m2,ESTIMABLE,0.9281251729675416,0.8704145282038663,0.9851016696876754,0.0293063344625006,0.1146871414838091,1000.0,0.0
atlanta,27916,2023-06-08,near_-0.01,0.0185095386207103,0.1185095386207103,BLOCK_RANGE_ONLY,1.0,quadratic,temperature_equivalent,K,ESTIMABLE,0.1385771676895615,0.1299551261214034,0.1470902220390471,0.0043785769026073,0.0171350959176436,1000.0,0.0
atlanta,27916,2023-06-08,near_-0.01,0.0185095386207103,0.1185095386207103,BLOCK_RANGE_ONLY,1.0,quadratic,temperature_minus_equivalent,K,ESTIMABLE,0.0583467699393002,0.0541385518288503,0.0628890321507674,0.002268593719312,0.0087504803219171,1000.0,0.0
atlanta,27916,2023-06-08,near_-0.01,0.0185095386207103,0.1185095386207103,BLOCK_RANGE_ONLY,1.0,quadratic_minus_linear,temperature,K,ESTIMABLE,0.0995243865959331,0.0897383167244799,0.1087820707664514,0.0049582326641227,0.0190437540419715,1000.0,0.0
atlanta,27916,2023-06-08,near_-0.01,0.0185095386207103,0.1185095386207103,BLOCK_RANGE_ONLY,1.0,quadratic_minus_linear,emitted_flux,W/m2,ESTIMABLE,0.4038428515914551,0.3537546854448892,0.4513979189437794,0.0256693554764311,0.0976432334988902,1000.0,0.0
atlanta,27916,2023-06-08,near_-0.01,0.0185095386207103,0.1185095386207103,BLOCK_RANGE_ONLY,1.0,quadratic_minus_linear,temperature_equivalent,K,ESTIMABLE,0.060319752291889,0.0528356029186326,0.0674231566322859,0.0038352317271012,0.0145875537136532,1000.0,0.0
atlanta,27916,2023-06-08,near_-0.01,0.0185095386207103,0.1185095386207103,BLOCK_RANGE_ONLY,1.0,quadratic_minus_linear,temperature_minus_equivalent,K,ESTIMABLE,0.0392046343040441,0.0350892226884741,0.0430123576574037,0.0020369526282963,0.0079231349689296,1000.0,0.0
atlanta,27916,2023-06-08,near_-0.01,0.0185095386207103,0.1185095386207103,BLOCK_RANGE_ONLY,8.0,linear,temperature,K,ESTIMABLE,0.0973995510329285,0.0882723049888312,0.1065065979391321,0.0046921305007243,0.0182342929503008,1000.0,0.0
atlanta,27916,2023-06-08,near_-0.01,0.0185095386207103,0.1185095386207103,BLOCK_RANGE_ONLY,8.0,linear,emitted_flux,W/m2,ESTIMABLE,0.5242823213760864,0.4707914124307732,0.5740246729841659,0.025940668553073,0.1032332605533926,1000.0,0.0
atlanta,27916,2023-06-08,near_-0.01,0.0185095386207103,0.1185095386207103,BLOCK_RANGE_ONLY,8.0,linear,temperature_equivalent,K,ESTIMABLE,0.0782574153976725,0.0702703778594738,0.0856852798650777,0.0038734943447668,0.0154149020056039,1000.0,0.0
atlanta,27916,2023-06-08,near_-0.01,0.0185095386207103,0.1185095386207103,BLOCK_RANGE_ONLY,8.0,linear,temperature_minus_equivalent,K,ESTIMABLE,0.019142135635256,0.0164865970730139,0.0219534663940994,0.001377806383366,0.0054668693210854,1000.0,0.0
atlanta,27916,2023-06-08,near_-0.01,0.0185095386207103,0.1185095386207103,BLOCK_RANGE_ONLY,8.0,quadratic,temperature,K,ESTIMABLE,0.1969239376288617,0.1785873757726096,0.2179333393682278,0.0100580610191714,0.0393459635956181,1000.0,0.0
atlanta,27916,2023-06-08,near_-0.01,0.0185095386207103,0.1185095386207103,BLOCK_RANGE_ONLY,8.0,quadratic,emitted_flux,W/m2,ESTIMABLE,0.9281251729675416,0.8302361137986825,1.0348769983441413,0.052840872775495,0.2046408845454588,1000.0,0.0
atlanta,27916,2023-06-08,near_-0.01,0.0185095386207103,0.1185095386207103,BLOCK_RANGE_ONLY,8.0,quadratic,temperature_equivalent,K,ESTIMABLE,0.1385771676895615,0.1239528398962249,0.1545278906900435,0.0078948415815748,0.0305750507938185,1000.0,0.0
atlanta,27916,2023-06-08,near_-0.01,0.0185095386207103,0.1185095386207103,BLOCK_RANGE_ONLY,8.0,quadratic,temperature_minus_equivalent,K,ESTIMABLE,0.0583467699393002,0.0522429211849765,0.0650956826397433,0.0032951070098511,0.0128527614547667,1000.0,0.0
atlanta,27916,2023-06-08,near_-0.01,0.0185095386207103,0.1185095386207103,BLOCK_RANGE_ONLY,8.0,quadratic_minus_linear,temperature,K,ESTIMABLE,0.0995243865959331,0.0842072535393424,0.116681902623773,0.0082631914575752,0.0324746490844305,1000.0,0.0
atlanta,27916,2023-06-08,near_-0.01,0.0185095386207103,0.1185095386207103,BLOCK_RANGE_ONLY,8.0,quadratic_minus_linear,emitted_flux,W/m2,ESTIMABLE,0.4038428515914551,0.3219209943410581,0.4862878023166087,0.0412242473275533,0.1643668079755506,1000.0,0.0
atlanta,27916,2023-06-08,near_-0.01,0.0185095386207103,0.1185095386207103,BLOCK_RANGE_ONLY,8.0,quadratic_minus_linear,temperature_equivalent,K,ESTIMABLE,0.060319752291889,0.0480824869563207,0.0726395808008263,0.006159656579538,0.0245570938445055,1000.0,0.0
atlanta,27916,2023-06-08,near_-0.01,0.0185095386207103,0.1185095386207103,BLOCK_RANGE_ONLY,8.0,quadratic_minus_linear,temperature_minus_equivalent,K,ESTIMABLE,0.0392046343040441,0.033861489633242,0.0454079988131019,0.0029613919079475,0.0115465091798599,1000.0,0.0
atlanta,27916,2023-06-08,historical,0.0285095386207103,0.1285095386207103,BLOCK_RANGE_ONLY,1.0,linear,temperature,K,ESTIMABLE,0.0973995510329285,0.0926193887827463,0.1021987686107726,0.0024469555782321,0.0095793798280262,1000.0,0.0
atlanta,27916,2023-06-08,historical,0.0285095386207103,0.1285095386207103,BLOCK_RANGE_ONLY,1.0,linear,emitted_flux,W/m2,ESTIMABLE,0.5242823213760864,0.4988736007101784,0.5508465778573348,0.0131294408217595,0.0519729771471563,1000.0,0.0
atlanta,27916,2023-06-08,historical,0.0285095386207103,0.1285095386207103,BLOCK_RANGE_ONLY,1.0,linear,temperature_equivalent,K,ESTIMABLE,0.0782574153976725,0.0744634162718142,0.0822241044503314,0.0019605070321183,0.0077606881785172,1000.0,0.0
atlanta,27916,2023-06-08,historical,0.0285095386207103,0.1285095386207103,BLOCK_RANGE_ONLY,1.0,linear,temperature_minus_equivalent,K,ESTIMABLE,0.019142135635256,0.0173797241040458,0.0211241327323602,0.000936145259674,0.0037444086283143,1000.0,0.0
atlanta,27916,2023-06-08,historical,0.0285095386207103,0.1285095386207103,BLOCK_RANGE_ONLY,1.0,quadratic,temperature,K,ESTIMABLE,0.1945877853511654,0.1835024965197487,0.2051341645512949,0.0054948886726889,0.0216316680315461,1000.0,0.0
atlanta,27916,2023-06-08,historical,0.0285095386207103,0.1285095386207103,BLOCK_RANGE_ONLY,1.0,quadratic,emitted_flux,W/m2,ESTIMABLE,0.918645703363704,0.8621750899686512,0.9746323946132032,0.0287665240784636,0.1124573046445519,1000.0,0.0
atlanta,27916,2023-06-08,historical,0.0285095386207103,0.1285095386207103,BLOCK_RANGE_ONLY,1.0,quadratic,temperature_equivalent,K,ESTIMABLE,0.137160874576125,0.1287242016981423,0.1455259198183497,0.0042978674193529,0.0168017181202074,1000.0,0.0
atlanta,27916,2023-06-08,historical,0.0285095386207103,0.1285095386207103,BLOCK_RANGE_ONLY,1.0,quadratic,temperature_minus_equivalent,K,ESTIMABLE,0.0574269107750404,0.0533232771702102,0.0618923177087105,0.0022249739366135,0.0085690405385003,1000.0,0.0
atlanta,27916,2023-06-08,historical,0.0285095386207103,0.1285095386207103,BLOCK_RANGE_ONLY,1.0,quadratic_minus_linear,temperature,K,ESTIMABLE,0.0971882343182369,0.087631022399858,0.1062354149717144,0.0048414551672932,0.0186043925718564,1000.0,0.0
atlanta,27916,2023-06-08,historical,0.0285095386207103,0.1285095386207103,BLOCK_RANGE_ONLY,1.0,quadratic_minus_linear,emitted_flux,W/m2,ESTIMABLE,0.3943633819876174,0.3454352446429775,0.440787122736138,0.0250652999642235,0.0953518780931605,1000.0,0.0
atlanta,27916,2023-06-08,historical,0.0285095386207103,0.1285095386207103,BLOCK_RANGE_ONLY,1.0,quadratic_minus_linear,temperature_equivalent,K,ESTIMABLE,0.0589034591784525,0.051592733735849,0.0658377750224815,0.0037449298563271,0.0142450412866324,1000.0,0.0
atlanta,27916,2023-06-08,historical,0.0285095386207103,0.1285095386207103,BLOCK_RANGE_ONLY,1.0,quadratic_minus_linear,temperature_minus_equivalent,K,ESTIMABLE,0.0382847751397843,0.0342679802753092,0.0420032274921768,0.0019890552616162,0.0077352472168675,1000.0,0.0
atlanta,27916,2023-06-08,historical,0.0285095386207103,0.1285095386207103,BLOCK_RANGE_ONLY,8.0,linear,temperature,K,ESTIMABLE,0.0973995510329285,0.0882723049888312,0.1065065979391321,0.0046921305007243,0.0182342929503008,1000.0,0.0
atlanta,27916,2023-06-08,historical,0.0285095386207103,0.1285095386207103,BLOCK_RANGE_ONLY,8.0,linear,emitted_flux,W/m2,ESTIMABLE,0.5242823213760864,0.4707914124307732,0.5740246729841659,0.025940668553073,0.1032332605533926,1000.0,0.0
atlanta,27916,2023-06-08,historical,0.0285095386207103,0.1285095386207103,BLOCK_RANGE_ONLY,8.0,linear,temperature_equivalent,K,ESTIMABLE,0.0782574153976725,0.0702703778594738,0.0856852798650777,0.0038734943447668,0.0154149020056039,1000.0,0.0
atlanta,27916,2023-06-08,historical,0.0285095386207103,0.1285095386207103,BLOCK_RANGE_ONLY,8.0,linear,temperature_minus_equivalent,K,ESTIMABLE,0.019142135635256,0.0164865970730139,0.0219534663940994,0.001377806383366,0.0054668693210854,1000.0,0.0
atlanta,27916,2023-06-08,historical,0.0285095386207103,0.1285095386207103,BLOCK_RANGE_ONLY,8.0,quadratic,temperature,K,ESTIMABLE,0.1945877853511654,0.1767857011026233,0.2152700183681697,0.0098828817511154,0.0384843172655464,1000.0,0.0
atlanta,27916,2023-06-08,historical,0.0285095386207103,0.1285095386207103,BLOCK_RANGE_ONLY,8.0,quadratic,emitted_flux,W/m2,ESTIMABLE,0.918645703363704,0.8219536050777246,1.0237904626900722,0.0519790425870314,0.2018368576123476,1000.0,0.0
atlanta,27916,2023-06-08,historical,0.0285095386207103,0.1285095386207103,BLOCK_RANGE_ONLY,8.0,quadratic,temperature_equivalent,K,ESTIMABLE,0.137160874576125,0.1227155518393459,0.1528712416293899,0.0077659721684675,0.030155689790044,1000.0,0.0
atlanta,27916,2023-06-08,historical,0.0285095386207103,0.1285095386207103,BLOCK_RANGE_ONLY,8.0,quadratic,temperature_minus_equivalent,K,ESTIMABLE,0.0574269107750404,0.0514258069555588,0.0640212243757454,0.0032315656604027,0.0125954174201865,1000.0,0.0
atlanta,27916,2023-06-08,historical,0.0285095386207103,0.1285095386207103,BLOCK_RANGE_ONLY,8.0,quadratic_minus_linear,temperature,K,ESTIMABLE,0.0971882343182369,0.082244895537553,0.1139440358701218,0.0080667311787934,0.0316991403325687,1000.0,0.0
atlanta,27916,2023-06-08,historical,0.0285095386207103,0.1285095386207103,BLOCK_RANGE_ONLY,8.0,quadratic_minus_linear,emitted_flux,W/m2,ESTIMABLE,0.3943633819876174,0.314365055443508,0.4749302018091778,0.0402449266550771,0.1605651463656697,1000.0,0.0
atlanta,27916,2023-06-08,historical,0.0285095386207103,0.1285095386207103,BLOCK_RANGE_ONLY,8.0,quadratic_minus_linear,temperature_equivalent,K,ESTIMABLE,0.0589034591784525,0.0469536706565094,0.0709424651981692,0.0060132463709996,0.0239887945416597,1000.0,0.0
atlanta,27916,2023-06-08,historical,0.0285095386207103,0.1285095386207103,BLOCK_RANGE_ONLY,8.0,quadratic_minus_linear,temperature_minus_equivalent,K,ESTIMABLE,0.0382847751397843,0.0330713809042947,0.0443423051594658,0.0028915757312174,0.011270924255171,1000.0,0.0
atlanta,27916,2023-06-08,near_+0.01,0.0385095386207103,0.1385095386207104,BLOCK_RANGE_ONLY,1.0,linear,temperature,K,ESTIMABLE,0.0973995510329285,0.0926193887827463,0.1021987686107726,0.0024469555782321,0.0095793798280262,1000.0,0.0
atlanta,27916,2023-06-08,near_+0.01,0.0385095386207103,0.1385095386207104,BLOCK_RANGE_ONLY,1.0,linear,emitted_flux,W/m2,ESTIMABLE,0.5242823213760864,0.4988736007101784,0.5508465778573348,0.0131294408217595,0.0519729771471563,1000.0,0.0
atlanta,27916,2023-06-08,near_+0.01,0.0385095386207103,0.1385095386207104,BLOCK_RANGE_ONLY,1.0,linear,temperature_equivalent,K,ESTIMABLE,0.0782574153976725,0.0744634162718142,0.0822241044503314,0.0019605070321183,0.0077606881785172,1000.0,0.0
atlanta,27916,2023-06-08,near_+0.01,0.0385095386207103,0.1385095386207104,BLOCK_RANGE_ONLY,1.0,linear,temperature_minus_equivalent,K,ESTIMABLE,0.019142135635256,0.0173797241040458,0.0211241327323602,0.000936145259674,0.0037444086283143,1000.0,0.0
atlanta,27916,2023-06-08,near_+0.01,0.0385095386207103,0.1385095386207104,BLOCK_RANGE_ONLY,1.0,quadratic,temperature,K,ESTIMABLE,0.1922516330734691,0.1813832403831994,0.202671940169912,0.0053903067415123,0.0212886997867126,1000.0,0.0
atlanta,27916,2023-06-08,near_+0.01,0.0385095386207103,0.1385095386207104,BLOCK_RANGE_ONLY,1.0,quadratic,emitted_flux,W/m2,ESTIMABLE,0.9091662337598662,0.8537052502744645,0.9641613788558556,0.0282293298797588,0.1104561285813912,1000.0,0.0
atlanta,27916,2023-06-08,near_+0.01,0.0385095386207103,0.1385095386207104,BLOCK_RANGE_ONLY,1.0,quadratic,temperature_equivalent,K,ESTIMABLE,0.1357446005881684,0.1274588716874987,0.1439613808457551,0.0042175509782267,0.0165025091582563,1000.0,0.0
atlanta,27916,2023-06-08,near_+0.01,0.0385095386207103,0.1385095386207104,BLOCK_RANGE_ONLY,1.0,quadratic,temperature_minus_equivalent,K,ESTIMABLE,0.0565070324853007,0.052507469037782,0.0608982928782725,0.0021815343766543,0.0083908238404905,1000.0,0.0
atlanta,27916,2023-06-08,near_+0.01,0.0385095386207103,0.1385095386207104,BLOCK_RANGE_ONLY,1.0,quadratic_minus_linear,temperature,K,ESTIMABLE,0.0948520820405406,0.085523728075236,0.1036887591769774,0.0047246823294538,0.0181650311017413,1000.0,0.0
atlanta,27916,2023-06-08,near_+0.01,0.0385095386207103,0.1385095386207104,BLOCK_RANGE_ONLY,1.0,quadratic_minus_linear,emitted_flux,W/m2,ESTIMABLE,0.3848839123837797,0.3371158038410658,0.4301763265284966,0.0244612592478834,0.0930605226874307,1000.0,0.0
atlanta,27916,2023-06-08,near_+0.01,0.0385095386207103,0.1385095386207104,BLOCK_RANGE_ONLY,1.0,quadratic_minus_linear,temperature_equivalent,K,ESTIMABLE,0.0574871851904958,0.0503498792811072,0.0642524173777246,0.003654632630443,0.0139025380966174,1000.0,0.0
atlanta,27916,2023-06-08,near_+0.01,0.0385095386207103,0.1385095386207104,BLOCK_RANGE_ONLY,1.0,quadratic_minus_linear,temperature_minus_equivalent,K,ESTIMABLE,0.0373648968500447,0.0334467212981581,0.0409940772429336,0.0019411587760644,0.0075473559447754,1000.0,0.0
atlanta,27916,2023-06-08,near_+0.01,0.0385095386207103,0.1385095386207104,BLOCK_RANGE_ONLY,8.0,linear,temperature,K,ESTIMABLE,0.0973995510329285,0.0882723049888312,0.1065065979391321,0.0046921305007243,0.0182342929503008,1000.0,0.0
atlanta,27916,2023-06-08,near_+0.01,0.0385095386207103,0.1385095386207104,BLOCK_RANGE_ONLY,8.0,linear,emitted_flux,W/m2,ESTIMABLE,0.5242823213760864,0.4707914124307732,0.5740246729841659,0.025940668553073,0.1032332605533926,1000.0,0.0
atlanta,27916,2023-06-08,near_+0.01,0.0385095386207103,0.1385095386207104,BLOCK_RANGE_ONLY,8.0,linear,temperature_equivalent,K,ESTIMABLE,0.0782574153976725,0.0702703778594738,0.0856852798650777,0.0038734943447668,0.0154149020056039,1000.0,0.0
atlanta,27916,2023-06-08,near_+0.01,0.0385095386207103,0.1385095386207104,BLOCK_RANGE_ONLY,8.0,linear,temperature_minus_equivalent,K,ESTIMABLE,0.019142135635256,0.0164865970730139,0.0219534663940994,0.001377806383366,0.0054668693210854,1000.0,0.0
atlanta,27916,2023-06-08,near_+0.01,0.0385095386207103,0.1385095386207104,BLOCK_RANGE_ONLY,8.0,quadratic,temperature,K,ESTIMABLE,0.1922516330734691,0.1749622510241194,0.2126066973681117,0.0097085292300922,0.0376444463439923,1000.0,0.0
atlanta,27916,2023-06-08,near_+0.01,0.0385095386207103,0.1385095386207104,BLOCK_RANGE_ONLY,8.0,quadratic,emitted_flux,W/m2,ESTIMABLE,0.9091662337598662,0.8136710963567668,1.0127039270360034,0.051121481313469,0.1990328306792366,1000.0,0.0
atlanta,27916,2023-06-08,near_+0.01,0.0385095386207103,0.1385095386207104,BLOCK_RANGE_ONLY,8.0,quadratic,temperature_equivalent,K,ESTIMABLE,0.1357446005881684,0.1214782783783519,0.1512146187383706,0.0076377440275804,0.0297363403600186,1000.0,0.0
atlanta,27916,2023-06-08,near_+0.01,0.0385095386207103,0.1385095386207104,BLOCK_RANGE_ONLY,8.0,quadratic,temperature_minus_equivalent,K,ESTIMABLE,0.0565070324853007,0.0506540182203499,0.0629821389973165,0.0031682919778547,0.0123281207769666,1000.0,0.0
atlanta,27916,2023-06-08,near_+0.01,0.0385095386207103,0.1385095386207104,BLOCK_RANGE_ONLY,8.0,quadratic_minus_linear,temperature,K,ESTIMABLE,0.0948520820405406,0.0802825375357637,0.1112061691164706,0.0078702858030163,0.0309236315807069,1000.0,0.0
atlanta,27916,2023-06-08,near_+0.01,0.0385095386207103,0.1385095386207104,BLOCK_RANGE_ONLY,8.0,quadratic_minus_linear,emitted_flux,W/m2,ESTIMABLE,0.3848839123837797,0.3068091165459579,0.4634423805137183,0.0392656545348774,0.1566332639677604,1000.0,0.0
atlanta,27916,2023-06-08,near_+0.01,0.0385095386207103,0.1385095386207104,BLOCK_RANGE_ONLY,8.0,quadratic_minus_linear,temperature_equivalent,K,ESTIMABLE,0.0574871851904958,0.0458248665056842,0.0692280308729721,0.0058668473749106,0.0234031643672878,1000.0,0.0
atlanta,27916,2023-06-08,near_+0.01,0.0385095386207103,0.1385095386207104,BLOCK_RANGE_ONLY,8.0,quadratic_minus_linear,temperature_minus_equivalent,K,ESTIMABLE,0.0373648968500447,0.0322812607665976,0.0432765672475475,0.002821763897856,0.0109953064809499,1000.0,0.0
atlanta,27916,2023-06-08,near_+0.02,0.0485095386207103,0.1485095386207103,BLOCK_RANGE_ONLY,1.0,linear,temperature,K,ESTIMABLE,0.0973995510329285,0.0926193887827463,0.1021987686107726,0.0024469555782321,0.0095793798280262,1000.0,0.0
atlanta,27916,2023-06-08,near_+0.02,0.0485095386207103,0.1485095386207103,BLOCK_RANGE_ONLY,1.0,linear,emitted_flux,W/m2,ESTIMABLE,0.5242823213760864,0.4988736007101784,0.5508465778573347,0.0131294408217595,0.0519729771471563,1000.0,0.0
atlanta,27916,2023-06-08,near_+0.02,0.0485095386207103,0.1485095386207103,BLOCK_RANGE_ONLY,1.0,linear,temperature_equivalent,K,ESTIMABLE,0.0782574153976725,0.0744634162718142,0.0822241044503314,0.0019605070321183,0.0077606881785172,1000.0,0.0
atlanta,27916,2023-06-08,near_+0.02,0.0485095386207103,0.1485095386207103,BLOCK_RANGE_ONLY,1.0,linear,temperature_minus_equivalent,K,ESTIMABLE,0.019142135635256,0.0173797241040458,0.0211241327323602,0.000936145259674,0.0037444086283143,1000.0,0.0
atlanta,27916,2023-06-08,near_+0.02,0.0485095386207103,0.1485095386207103,BLOCK_RANGE_ONLY,1.0,quadratic,temperature,K,ESTIMABLE,0.1899154807957728,0.179304670685283,0.200119156356781,0.0052862396844967,0.0208144856714979,1000.0,0.0
atlanta,27916,2023-06-08,near_+0.02,0.0485095386207103,0.1485095386207103,BLOCK_RANGE_ONLY,1.0,quadratic,emitted_flux,W/m2,ESTIMABLE,0.8996867641560284,0.8452891082102553,0.9533769679652044,0.0276949041041525,0.1080878597549491,1000.0,0.0
atlanta,27916,2023-06-08,near_+0.02,0.0485095386207103,0.1485095386207103,BLOCK_RANGE_ONLY,1.0,quadratic,temperature_equivalent,K,ESTIMABLE,0.1343283457250663,0.1262015788175404,0.1423500399733925,0.0041376503078199,0.016148461155852,1000.0,0.0
atlanta,27916,2023-06-08,near_+0.02,0.0485095386207103,0.1485095386207103,BLOCK_RANGE_ONLY,1.0,quadratic,temperature_minus_equivalent,K,ESTIMABLE,0.0555871350707065,0.0516617723980482,0.0599281867555767,0.002138286083531,0.0082664143575284,1000.0,0.0
atlanta,27916,2023-06-08,near_+0.02,0.0485095386207103,0.1485095386207103,BLOCK_RANGE_ONLY,1.0,quadratic_minus_linear,temperature,K,ESTIMABLE,0.0925159297628443,0.0834164337506141,0.1011420947931685,0.0046079145048059,0.0177256610425544,1000.0,0.0
atlanta,27916,2023-06-08,near_+0.02,0.0485095386207103,0.1485095386207103,BLOCK_RANGE_ONLY,1.0,quadratic_minus_linear,emitted_flux,W/m2,ESTIMABLE,0.375404442779942,0.3287963630391542,0.4195655303208551,0.0238572344512595,0.0907691672817009,1000.0,0.0
atlanta,27916,2023-06-08,near_+0.02,0.0485095386207103,0.1485095386207103,BLOCK_RANGE_ONLY,1.0,quadratic_minus_linear,temperature_equivalent,K,ESTIMABLE,0.0560709303273938,0.0491070395540106,0.0626670836971655,0.0035643402171486,0.0135600441431549,1000.0,0.0
atlanta,27916,2023-06-08,near_+0.02,0.0485095386207103,0.1485095386207103,BLOCK_RANGE_ONLY,1.0,quadratic_minus_linear,temperature_minus_equivalent,K,ESTIMABLE,0.0364449994354504,0.032625445757642,0.0399849069103535,0.0018932633066444,0.0073594611527114,1000.0,0.0
atlanta,27916,2023-06-08,near_+0.02,0.0485095386207103,0.1485095386207103,BLOCK_RANGE_ONLY,8.0,linear,temperature,K,ESTIMABLE,0.0973995510329285,0.0882723049888312,0.1065065979391321,0.0046921305007243,0.0182342929503008,1000.0,0.0
atlanta,27916,2023-06-08,near_+0.02,0.0485095386207103,0.1485095386207103,BLOCK_RANGE_ONLY,8.0,linear,emitted_flux,W/m2,ESTIMABLE,0.5242823213760864,0.4707914124307732,0.5740246729841658,0.025940668553073,0.1032332605533926,1000.0,0.0
atlanta,27916,2023-06-08,near_+0.02,0.0485095386207103,0.1485095386207103,BLOCK_RANGE_ONLY,8.0,linear,temperature_equivalent,K,ESTIMABLE,0.0782574153976725,0.0702703778594738,0.0856852798650777,0.0038734943447668,0.0154149020056039,1000.0,0.0
atlanta,27916,2023-06-08,near_+0.02,0.0485095386207103,0.1485095386207103,BLOCK_RANGE_ONLY,8.0,linear,temperature_minus_equivalent,K,ESTIMABLE,0.019142135635256,0.0164865970730139,0.0219534663940993,0.001377806383366,0.0054668693210854,1000.0,0.0
atlanta,27916,2023-06-08,near_+0.02,0.0485095386207103,0.1485095386207103,BLOCK_RANGE_ONLY,8.0,quadratic,temperature,K,ESTIMABLE,0.1899154807957728,0.1728060905826281,0.2099321157380511,0.0095350488084985,0.037126025155423,1000.0,0.0
atlanta,27916,2023-06-08,near_+0.02,0.0485095386207103,0.1485095386207103,BLOCK_RANGE_ONLY,8.0,quadratic,emitted_flux,W/m2,ESTIMABLE,0.8996867641560284,0.8060066792135984,1.0016173913819346,0.0502684074338233,0.1956107121683362,1000.0,0.0
atlanta,27916,2023-06-08,near_+0.02,0.0485095386207103,0.1485095386207103,BLOCK_RANGE_ONLY,8.0,quadratic,temperature_equivalent,K,ESTIMABLE,0.1343283457250663,0.1203333508516905,0.1495580220160164,0.00751018977383,0.0292246711643258,1000.0,0.0
atlanta,27916,2023-06-08,near_+0.02,0.0485095386207103,0.1485095386207103,BLOCK_RANGE_ONLY,8.0,quadratic,temperature_minus_equivalent,K,ESTIMABLE,0.0555871350707065,0.0498559479787297,0.0619126879321404,0.0031053024863144,0.0120567399534107,1000.0,0.0
atlanta,27916,2023-06-08,near_+0.02,0.0485095386207103,0.1485095386207103,BLOCK_RANGE_ONLY,8.0,quadratic_minus_linear,temperature,K,ESTIMABLE,0.0925159297628443,0.0783201795339743,0.1084683023628195,0.0076738564747637,0.0301481228288451,1000.0,0.0
atlanta,27916,2023-06-08,near_+0.02,0.0485095386207103,0.1485095386207103,BLOCK_RANGE_ONLY,8.0,quadratic_minus_linear,emitted_flux,W/m2,ESTIMABLE,0.375404442779942,0.299253177648408,0.4519545592182586,0.0382864346924954,0.1527013815698507,1000.0,0.0
atlanta,27916,2023-06-08,near_+0.02,0.0485095386207103,0.1485095386207103,BLOCK_RANGE_ONLY,8.0,quadratic_minus_linear,temperature_equivalent,K,ESTIMABLE,0.0560709303273938,0.0446960745036705,0.0675114522838498,0.0057204601473243,0.0228153777801793,1000.0,0.0
atlanta,27916,2023-06-08,near_+0.02,0.0485095386207103,0.1485095386207103,BLOCK_RANGE_ONLY,8.0,quadratic_minus_linear,temperature_minus_equivalent,K,ESTIMABLE,0.0364449994354504,0.031491188779908,0.0422108073061725,0.0027519569213203,0.0107196185262645,1000.0,0.0
atlanta,27916,2023-06-08,grid_00,0.0,0.1,BLOCK_RANGE_ONLY,1.0,linear,temperature,K,ESTIMABLE,0.0973995510329285,0.0926193887827463,0.1021987686107726,0.0024469555782321,0.0095793798280262,1000.0,0.0
atlanta,27916,2023-06-08,grid_00,0.0,0.1,BLOCK_RANGE_ONLY,1.0,linear,emitted_flux,W/m2,ESTIMABLE,0.5242823213760864,0.4988736007101784,0.5508465778573348,0.0131294408217595,0.0519729771471563,1000.0,0.0
atlanta,27916,2023-06-08,grid_00,0.0,0.1,BLOCK_RANGE_ONLY,1.0,linear,temperature_equivalent,K,ESTIMABLE,0.0782574153976725,0.0744634162718142,0.0822241044503314,0.0019605070321183,0.0077606881785172,1000.0,0.0
atlanta,27916,2023-06-08,grid_00,0.0,0.1,BLOCK_RANGE_ONLY,1.0,linear,temperature_minus_equivalent,K,ESTIMABLE,0.019142135635256,0.0173797241040458,0.0211241327323602,0.000936145259674,0.0037444086283143,1000.0,0.0
atlanta,27916,2023-06-08,grid_00,0.0,0.1,BLOCK_RANGE_ONLY,1.0,quadratic,temperature,K,ESTIMABLE,0.2012480477096497,0.189608460655723,0.2122595166079283,0.0057956253411644,0.0226510559522052,1000.0,0.0
atlanta,27916,2023-06-08,grid_00,0.0,0.1,BLOCK_RANGE_ONLY,1.0,quadratic,emitted_flux,W/m2,ESTIMABLE,0.94567123384115,0.8859903572182627,1.0044798148198535,0.0303119274860721,0.118489457601591,1000.0,0.0
atlanta,27916,2023-06-08,grid_00,0.0,0.1,BLOCK_RANGE_ONLY,1.0,quadratic,temperature_equivalent,K,ESTIMABLE,0.1411987113621648,0.1322821043689216,0.1499857348408369,0.0045289327225548,0.0177036304719152,1000.0,0.0
atlanta,27916,2023-06-08,grid_00,0.0,0.1,BLOCK_RANGE_ONLY,1.0,quadratic,temperature_minus_equivalent,K,ESTIMABLE,0.0600493363474848,0.0557019196039009,0.0647342564154525,0.0023497732321491,0.0090323368115516,1000.0,0.0
atlanta,27916,2023-06-08,grid_00,0.0,0.1,BLOCK_RANGE_ONLY,1.0,quadratic_minus_linear,temperature,K,ESTIMABLE,0.1038484966767211,0.0936350085059589,0.1134958131450855,0.0051743936472264,0.0198608046391266,1000.0,0.0
atlanta,27916,2023-06-08,grid_00,0.0,0.1,BLOCK_RANGE_ONLY,1.0,quadratic_minus_linear,emitted_flux,W/m2,ESTIMABLE,0.4213889124650636,0.3691535865274589,0.4710380131639619,0.0267874700083403,0.1018844266365029,1000.0,0.0
atlanta,27916,2023-06-08,grid_00,0.0,0.1,BLOCK_RANGE_ONLY,1.0,quadratic_minus_linear,temperature_equivalent,K,ESTIMABLE,0.0629412959644923,0.0551361352937789,0.0703576880802245,0.0040023880732563,0.0152215527864456,1000.0,0.0
atlanta,27916,2023-06-08,grid_00,0.0,0.1,BLOCK_RANGE_ONLY,1.0,quadratic_minus_linear,temperature_minus_equivalent,K,ESTIMABLE,0.0409072007122287,0.0366092607994401,0.0448801580404336,0.0021256103617377,0.0082708972409935,1000.0,0.0
atlanta,27916,2023-06-08,grid_00,0.0,0.1,BLOCK_RANGE_ONLY,8.0,linear,temperature,K,ESTIMABLE,0.0973995510329285,0.0882723049888312,0.1065065979391321,0.0046921305007243,0.0182342929503008,1000.0,0.0
atlanta,27916,2023-06-08,grid_00,0.0,0.1,BLOCK_RANGE_ONLY,8.0,linear,emitted_flux,W/m2,ESTIMABLE,0.5242823213760864,0.4707914124307732,0.5740246729841659,0.025940668553073,0.1032332605533926,1000.0,0.0
atlanta,27916,2023-06-08,grid_00,0.0,0.1,BLOCK_RANGE_ONLY,8.0,linear,temperature_equivalent,K,ESTIMABLE,0.0782574153976725,0.0702703778594738,0.0856852798650777,0.0038734943447668,0.0154149020056039,1000.0,0.0
atlanta,27916,2023-06-08,grid_00,0.0,0.1,BLOCK_RANGE_ONLY,8.0,linear,temperature_minus_equivalent,K,ESTIMABLE,0.019142135635256,0.0164865970730139,0.0219534663940994,0.001377806383366,0.0054668693210854,1000.0,0.0
atlanta,27916,2023-06-08,grid_00,0.0,0.1,BLOCK_RANGE_ONLY,8.0,quadratic,temperature,K,ESTIMABLE,0.2012480477096497,0.1825111221297441,0.2230177300550377,0.0103843492761912,0.0405066079252936,1000.0,0.0
atlanta,27916,2023-06-08,grid_00,0.0,0.1,BLOCK_RANGE_ONLY,8.0,quadratic,emitted_flux,W/m2,ESTIMABLE,0.94567123384115,0.8452653680968234,1.0553962634230771,0.0544466568885951,0.2101308953262537,1000.0,0.0
atlanta,27916,2023-06-08,grid_00,0.0,0.1,BLOCK_RANGE_ONLY,8.0,quadratic,temperature_equivalent,K,ESTIMABLE,0.1411987113621648,0.1261980322876269,0.1575941313740855,0.0081349623092849,0.0313960990864586,1000.0,0.0
atlanta,27916,2023-06-08,grid_00,0.0,0.1,BLOCK_RANGE_ONLY,8.0,quadratic,temperature_minus_equivalent,K,ESTIMABLE,0.0600493363474848,0.0537062413681291,0.0670756576111682,0.0034133741804596,0.013369416243039,1000.0,0.0
atlanta,27916,2023-06-08,grid_00,0.0,0.1,BLOCK_RANGE_ONLY,8.0,quadratic_minus_linear,temperature,K,ESTIMABLE,0.1038484966767211,0.0878394876615204,0.1217495676652794,0.0086268662423185,0.033910080003759,1000.0,0.0
atlanta,27916,2023-06-08,grid_00,0.0,0.1,BLOCK_RANGE_ONLY,8.0,quadratic_minus_linear,emitted_flux,W/m2,ESTIMABLE,0.4213889124650636,0.3359066886250511,0.507310099679449,0.0430370415873854,0.1714034110543978,1000.0,0.0
atlanta,27916,2023-06-08,grid_00,0.0,0.1,BLOCK_RANGE_ONLY,8.0,quadratic_minus_linear,temperature_equivalent,K,ESTIMABLE,0.0629412959644923,0.0501719059022917,0.0757809359442831,0.0064306830290043,0.0256090300419913,1000.0,0.0
atlanta,27916,2023-06-08,grid_00,0.0,0.1,BLOCK_RANGE_ONLY,8.0,quadratic_minus_linear,temperature_minus_equivalent,K,ESTIMABLE,0.0409072007122287,0.0353246331239371,0.0473758060519425,0.0030906283413216,0.0120511729280053,1000.0,0.0
atlanta,27916,2023-06-08,grid_01,0.1,0.2,BLOCK_RANGE_ONLY,1.0,linear,temperature,K,ESTIMABLE,0.0973995510329285,0.0926193887827463,0.1021987686107726,0.0024469555782321,0.0095793798280262,1000.0,0.0
atlanta,27916,2023-06-08,grid_01,0.1,0.2,BLOCK_RANGE_ONLY,1.0,linear,emitted_flux,W/m2,ESTIMABLE,0.5242823213760864,0.4988736007101784,0.5508465778573348,0.0131294408217595,0.0519729771471563,1000.0,0.0
atlanta,27916,2023-06-08,grid_01,0.1,0.2,BLOCK_RANGE_ONLY,1.0,linear,temperature_equivalent,K,ESTIMABLE,0.0782574153976725,0.0744634162718142,0.0822241044503314,0.0019605070321183,0.0077606881785172,1000.0,0.0
atlanta,27916,2023-06-08,grid_01,0.1,0.2,BLOCK_RANGE_ONLY,1.0,linear,temperature_minus_equivalent,K,ESTIMABLE,0.019142135635256,0.0173797241040458,0.0211241327323602,0.000936145259674,0.0037444086283143,1000.0,0.0
atlanta,27916,2023-06-08,grid_01,0.1,0.2,BLOCK_RANGE_ONLY,1.0,quadratic,temperature,K,ESTIMABLE,0.1778865249326868,0.1684705708261592,0.1872092802166402,0.0047598121612901,0.0187387093904809,1000.0,0.0
atlanta,27916,2023-06-08,grid_01,0.1,0.2,BLOCK_RANGE_ONLY,1.0,quadratic,emitted_flux,W/m2,ESTIMABLE,0.850876537802773,0.8010918491337601,0.8997870640751313,0.0249936120572477,0.0986952149413712,1000.0,0.0
atlanta,27916,2023-06-08,grid_01,0.1,0.2,BLOCK_RANGE_ONLY,1.0,quadratic,temperature_equivalent,K,ESTIMABLE,0.1270362868322081,0.1195991692763868,0.1343433306667378,0.0037338150441805,0.0147441613903509,1000.0,0.0
atlanta,27916,2023-06-08,grid_01,0.1,0.2,BLOCK_RANGE_ONLY,1.0,quadratic,temperature_minus_equivalent,K,ESTIMABLE,0.0508502381004787,0.0473418596401223,0.0547580352100749,0.0019191147267392,0.0074161755699526,1000.0,0.0
atlanta,27916,2023-06-08,grid_01,0.1,0.2,BLOCK_RANGE_ONLY,1.0,quadratic_minus_linear,temperature,K,ESTIMABLE,0.0804869738997582,0.0725658780469399,0.0879984668753117,0.0040067674853938,0.0154325888283718,1000.0,0.0
atlanta,27916,2023-06-08,grid_01,0.1,0.2,BLOCK_RANGE_ONLY,1.0,quadratic_minus_linear,emitted_flux,W/m2,ESTIMABLE,0.3265942164266865,0.2859591785083423,0.3649300510875481,0.0207473873805227,0.0789708725792057,1000.0,0.0
atlanta,27916,2023-06-08,grid_01,0.1,0.2,BLOCK_RANGE_ONLY,1.0,quadratic_minus_linear,temperature_equivalent,K,ESTIMABLE,0.0487788714345356,0.0427078335928499,0.054504506774046,0.0030995044304543,0.0117966731811961,1000.0,0.0
atlanta,27916,2023-06-08,grid_01,0.1,0.2,BLOCK_RANGE_ONLY,1.0,quadratic_minus_linear,temperature_minus_equivalent,K,ESTIMABLE,0.0317081024652226,0.0283967042151304,0.034788324394707,0.0016466697115019,0.0063916201795766,1000.0,0.0
atlanta,27916,2023-06-08,grid_01,0.1,0.2,BLOCK_RANGE_ONLY,8.0,linear,temperature,K,ESTIMABLE,0.0973995510329285,0.0882723049888312,0.1065065979391321,0.0046921305007243,0.0182342929503008,1000.0,0.0
atlanta,27916,2023-06-08,grid_01,0.1,0.2,BLOCK_RANGE_ONLY,8.0,linear,emitted_flux,W/m2,ESTIMABLE,0.5242823213760864,0.4707914124307732,0.5740246729841659,0.025940668553073,0.1032332605533926,1000.0,0.0
atlanta,27916,2023-06-08,grid_01,0.1,0.2,BLOCK_RANGE_ONLY,8.0,linear,temperature_equivalent,K,ESTIMABLE,0.0782574153976725,0.0702703778594738,0.0856852798650777,0.0038734943447668,0.0154149020056039,1000.0,0.0
atlanta,27916,2023-06-08,grid_01,0.1,0.2,BLOCK_RANGE_ONLY,8.0,linear,temperature_minus_equivalent,K,ESTIMABLE,0.019142135635256,0.0164865970730139,0.0219534663940994,0.001377806383366,0.0054668693210854,1000.0,0.0
atlanta,27916,2023-06-08,grid_01,0.1,0.2,BLOCK_RANGE_ONLY,8.0,quadratic,temperature,K,ESTIMABLE,0.1778865249326868,0.1625435627690534,0.1960252490719397,0.0086575638686065,0.0334816863028863,1000.0,0.0
atlanta,27916,2023-06-08,grid_01,0.1,0.2,BLOCK_RANGE_ONLY,8.0,quadratic,emitted_flux,W/m2,ESTIMABLE,0.850876537802773,0.7649511585984612,0.9443082135766948,0.0459563068193922,0.1793570549782335,1000.0,0.0
atlanta,27916,2023-06-08,grid_01,0.1,0.2,BLOCK_RANGE_ONLY,8.0,quadratic,temperature_equivalent,K,ESTIMABLE,0.1270362868322081,0.1142005994533079,0.1409950611889627,0.0068654750289014,0.0267944617356547,1000.0,0.0
atlanta,27916,2023-06-08,grid_01,0.1,0.2,BLOCK_RANGE_ONLY,8.0,quadratic,temperature_minus_equivalent,K,ESTIMABLE,0.0508502381004787,0.0456706497414444,0.0565885330741602,0.0027861963281999,0.0109178833327158,1000.0,0.0
atlanta,27916,2023-06-08,grid_01,0.1,0.2,BLOCK_RANGE_ONLY,8.0,quadratic_minus_linear,temperature,K,ESTIMABLE,0.0804869738997582,0.0680951451923804,0.0943722007544641,0.0066627403869661,0.0262770555620837,1000.0,0.0
atlanta,27916,2023-06-08,grid_01,0.1,0.2,BLOCK_RANGE_ONLY,8.0,quadratic_minus_linear,emitted_flux,W/m2,ESTIMABLE,0.3265942164266865,0.2603472996495508,0.3932322293147963,0.0332453884070671,0.1328849296652455,1000.0,0.0
atlanta,27916,2023-06-08,grid_01,0.1,0.2,BLOCK_RANGE_ONLY,8.0,quadratic_minus_linear,temperature_equivalent,K,ESTIMABLE,0.0487788714345356,0.038884064718708,0.0587334503941946,0.0049669178746639,0.0198493856754865,1000.0,0.0
atlanta,27916,2023-06-08,grid_01,0.1,0.2,BLOCK_RANGE_ONLY,8.0,quadratic_minus_linear,temperature_minus_equivalent,K,ESTIMABLE,0.0317081024652226,0.0274071902771989,0.0367228114799792,0.002392618439384,0.0093156212027802,1000.0,0.0
atlanta,27916,2023-06-08,grid_02,0.2,0.3,BLOCK_RANGE_ONLY,1.0,linear,temperature,K,ESTIMABLE,0.0973995510329285,0.0926193887827463,0.1021987686107726,0.0024469555782321,0.0095793798280262,1000.0,0.0
atlanta,27916,2023-06-08,grid_02,0.2,0.3,BLOCK_RANGE_ONLY,1.0,linear,emitted_flux,W/m2,ESTIMABLE,0.5242823213760863,0.4988736007101783,0.5508465778573346,0.0131294408217595,0.0519729771471562,1000.0,0.0
atlanta,27916,2023-06-08,grid_02,0.2,0.3,BLOCK_RANGE_ONLY,1.0,linear,temperature_equivalent,K,ESTIMABLE,0.0782574153976725,0.0744634162718142,0.0822241044503314,0.0019605070321183,0.0077606881785172,1000.0,0.0
atlanta,27916,2023-06-08,grid_02,0.2,0.3,BLOCK_RANGE_ONLY,1.0,linear,temperature_minus_equivalent,K,ESTIMABLE,0.019142135635256,0.0173797241040458,0.0211241327323601,0.000936145259674,0.0037444086283143,1000.0,0.0
atlanta,27916,2023-06-08,grid_02,0.2,0.3,BLOCK_RANGE_ONLY,1.0,quadratic,temperature,K,ESTIMABLE,0.1545250021557239,0.147192151209113,0.1620461144223582,0.0038018613503046,0.0148539632132451,1000.0,0.0
atlanta,27916,2023-06-08,grid_02,0.2,0.3,BLOCK_RANGE_ONLY,1.0,quadratic,emitted_flux,W/m2,ESTIMABLE,0.7560818417643956,0.7159206885168924,0.7938762473011818,0.0200897321253843,0.0779555587842893,1000.0,0.0
atlanta,27916,2023-06-08,grid_02,0.2,0.3,BLOCK_RANGE_ONLY,1.0,quadratic,temperature_equivalent,K,ESTIMABLE,0.1128757744185122,0.1068770436549968,0.1185213057363782,0.0030008161562181,0.0116442620813813,1000.0,0.0
atlanta,27916,2023-06-08,grid_02,0.2,0.3,BLOCK_RANGE_ONLY,1.0,quadratic,temperature_minus_equivalent,K,ESTIMABLE,0.0416492277372117,0.0388943671337128,0.0448828497575463,0.0015178666531334,0.0059884826238334,1000.0,0.0
atlanta,27916,2023-06-08,grid_02,0.2,0.3,BLOCK_RANGE_ONLY,1.0,quadratic_minus_linear,temperature,K,ESTIMABLE,0.0571254511227954,0.0514929348007205,0.0624358842774442,0.0028400388990503,0.0109429494767236,1000.0,0.0
atlanta,27916,2023-06-08,grid_02,0.2,0.3,BLOCK_RANGE_ONLY,1.0,quadratic_minus_linear,emitted_flux,W/m2,ESTIMABLE,0.2317995203883093,0.2029267870748155,0.2589559780598809,0.0147101534404443,0.0560291909850653,1000.0,0.0
atlanta,27916,2023-06-08,grid_02,0.2,0.3,BLOCK_RANGE_ONLY,1.0,quadratic_minus_linear,temperature_equivalent,K,ESTIMABLE,0.0346183590208397,0.0303043720286922,0.0386748529740003,0.0021972896275653,0.0083704809453081,1000.0,0.0
atlanta,27916,2023-06-08,grid_02,0.2,0.3,BLOCK_RANGE_ONLY,1.0,quadratic_minus_linear,temperature_minus_equivalent,K,ESTIMABLE,0.0225070921019556,0.0201734980913967,0.024709402566876,0.0011679815853647,0.0045359044754793,1000.0,0.0
atlanta,27916,2023-06-08,grid_02,0.2,0.3,BLOCK_RANGE_ONLY,8.0,linear,temperature,K,ESTIMABLE,0.0973995510329285,0.0882723049888312,0.1065065979391321,0.0046921305007243,0.0182342929503008,1000.0,0.0
atlanta,27916,2023-06-08,grid_02,0.2,0.3,BLOCK_RANGE_ONLY,8.0,linear,emitted_flux,W/m2,ESTIMABLE,0.5242823213760863,0.4707914124307731,0.5740246729841657,0.025940668553073,0.1032332605533925,1000.0,0.0
atlanta,27916,2023-06-08,grid_02,0.2,0.3,BLOCK_RANGE_ONLY,8.0,linear,temperature_equivalent,K,ESTIMABLE,0.0782574153976725,0.0702703778594738,0.0856852798650777,0.0038734943447668,0.0154149020056039,1000.0,0.0
atlanta,27916,2023-06-08,grid_02,0.2,0.3,BLOCK_RANGE_ONLY,8.0,linear,temperature_minus_equivalent,K,ESTIMABLE,0.019142135635256,0.0164865970730139,0.0219534663940993,0.001377806383366,0.0054668693210854,1000.0,0.0
atlanta,27916,2023-06-08,grid_02,0.2,0.3,BLOCK_RANGE_ONLY,8.0,quadratic,temperature,K,ESTIMABLE,0.1545250021557239,0.141462160934895,0.1694050257800393,0.007057967184328,0.0279428648451443,1000.0,0.0
atlanta,27916,2023-06-08,grid_02,0.2,0.3,BLOCK_RANGE_ONLY,8.0,quadratic,emitted_flux,W/m2,ESTIMABLE,0.7560818417643956,0.6836210087609845,0.8314853288560031,0.0381014554796569,0.1478643200950186,1000.0,0.0
atlanta,27916,2023-06-08,grid_02,0.2,0.3,BLOCK_RANGE_ONLY,8.0,quadratic,temperature_equivalent,K,ESTIMABLE,0.1128757744185122,0.1020528025452833,0.1241394559902971,0.0056912555123059,0.0220866534450138,1000.0,0.0
atlanta,27916,2023-06-08,grid_02,0.2,0.3,BLOCK_RANGE_ONLY,8.0,quadratic,temperature_minus_equivalent,K,ESTIMABLE,0.0416492277372117,0.0375980976128302,0.0461242213045985,0.0022028343922513,0.0085261236917683,1000.0,0.0
atlanta,27916,2023-06-08,grid_02,0.2,0.3,BLOCK_RANGE_ONLY,8.0,quadratic_minus_linear,temperature,K,ESTIMABLE,0.0571254511227954,0.0481995640778438,0.0667576140646214,0.0047015087102273,0.0185580499867775,1000.0,0.0
atlanta,27916,2023-06-08,grid_02,0.2,0.3,BLOCK_RANGE_ONLY,8.0,quadratic_minus_linear,emitted_flux,W/m2,ESTIMABLE,0.2317995203883093,0.1852793632551177,0.2792140203910896,0.0234631591039149,0.0939346571359719,1000.0,0.0
atlanta,27916,2023-06-08,grid_02,0.2,0.3,BLOCK_RANGE_ONLY,8.0,quadratic_minus_linear,temperature_equivalent,K,ESTIMABLE,0.0346183590208397,0.0276704237710603,0.0417012463716119,0.0035049559539515,0.0140308226005515,1000.0,0.0
atlanta,27916,2023-06-08,grid_02,0.2,0.3,BLOCK_RANGE_ONLY,8.0,quadratic_minus_linear,temperature_minus_equivalent,K,ESTIMABLE,0.0225070921019556,0.0194457398437225,0.0260749117711129,0.0016956689353575,0.0066291719273903,1000.0,0.0
atlanta,27916,2023-06-08,grid_03,0.3,0.4,BLOCK_RANGE_ONLY,1.0,linear,temperature,K,ESTIMABLE,0.0973995510329286,0.0926193887827464,0.1021987686107726,0.0024469555782321,0.0095793798280262,1000.0,0.0
atlanta,27916,2023-06-08,grid_03,0.3,0.4,BLOCK_RANGE_ONLY,1.0,linear,emitted_flux,W/m2,ESTIMABLE,0.5242823213760867,0.4988736007101786,0.5508465778573349,0.0131294408217595,0.0519729771471563,1000.0,0.0
atlanta,27916,2023-06-08,grid_03,0.3,0.4,BLOCK_RANGE_ONLY,1.0,linear,temperature_equivalent,K,ESTIMABLE,0.0782574153976725,0.0744634162718142,0.0822241044503314,0.0019605070321183,0.0077606881785172,1000.0,0.0
atlanta,27916,2023-06-08,grid_03,0.3,0.4,BLOCK_RANGE_ONLY,1.0,linear,temperature_minus_equivalent,K,ESTIMABLE,0.0191421356352561,0.0173797241040458,0.0211241327323602,0.000936145259674,0.0037444086283143,1000.0,0.0
atlanta,27916,2023-06-08,grid_03,0.3,0.4,BLOCK_RANGE_ONLY,1.0,quadratic,temperature,K,ESTIMABLE,0.1311634793787612,0.1254460886137432,0.1368705650625531,0.0029973799965422,0.0114244764488098,1000.0,0.0
atlanta,27916,2023-06-08,grid_03,0.3,0.4,BLOCK_RANGE_ONLY,1.0,quadratic,emitted_flux,W/m2,ESTIMABLE,0.661287145726019,0.6293071849496212,0.6914751439433542,0.0159863387780129,0.0621679589937329,1000.0,0.0
atlanta,27916,2023-06-08,grid_03,0.3,0.4,BLOCK_RANGE_ONLY,1.0,quadratic,temperature_equivalent,K,ESTIMABLE,0.0987171735187644,0.0939410557203828,0.1032258662613557,0.0023875678756236,0.0092848105409728,1000.0,0.0
atlanta,27916,2023-06-08,grid_03,0.3,0.4,BLOCK_RANGE_ONLY,1.0,quadratic,temperature_minus_equivalent,K,ESTIMABLE,0.0324463058599968,0.0303317371526124,0.034916413274961,0.0011766248237052,0.0045846761223485,1000.0,0.0
atlanta,27916,2023-06-08,grid_03,0.3,0.4,BLOCK_RANGE_ONLY,1.0,quadratic_minus_linear,temperature,K,ESTIMABLE,0.0337639283458326,0.030418526364043,0.0368670538836922,0.00167608335556,0.0064485275196491,1000.0,0.0
atlanta,27916,2023-06-08,grid_03,0.3,0.4,BLOCK_RANGE_ONLY,1.0,quadratic_minus_linear,emitted_flux,W/m2,ESTIMABLE,0.1370048243499323,0.1199974144587687,0.1531256644680473,0.0086817131270017,0.0331282500092785,1000.0,0.0
atlanta,27916,2023-06-08,grid_03,0.3,0.4,BLOCK_RANGE_ONLY,1.0,quadratic_minus_linear,temperature_equivalent,K,ESTIMABLE,0.0204597581210919,0.0179189194602315,0.0228674007560997,0.0012966312452147,0.0049484812958681,1000.0,0.0
atlanta,27916,2023-06-08,grid_03,0.3,0.4,BLOCK_RANGE_ONLY,1.0,quadratic_minus_linear,temperature_minus_equivalent,K,ESTIMABLE,0.0133041702247407,0.0119387646733552,0.0146567094838667,0.0006902587539736,0.0027179448105115,1000.0,0.0
atlanta,27916,2023-06-08,grid_03,0.3,0.4,BLOCK_RANGE_ONLY,8.0,linear,temperature,K,ESTIMABLE,0.0973995510329286,0.0882723049888313,0.1065065979391322,0.0046921305007243,0.0182342929503009,1000.0,0.0
atlanta,27916,2023-06-08,grid_03,0.3,0.4,BLOCK_RANGE_ONLY,8.0,linear,emitted_flux,W/m2,ESTIMABLE,0.5242823213760867,0.4707914124307734,0.574024672984166,0.0259406685530731,0.1032332605533926,1000.0,0.0
atlanta,27916,2023-06-08,grid_03,0.3,0.4,BLOCK_RANGE_ONLY,8.0,linear,temperature_equivalent,K,ESTIMABLE,0.0782574153976725,0.0702703778594738,0.0856852798650777,0.0038734943447668,0.0154149020056039,1000.0,0.0
atlanta,27916,2023-06-08,grid_03,0.3,0.4,BLOCK_RANGE_ONLY,8.0,linear,temperature_minus_equivalent,K,ESTIMABLE,0.0191421356352561,0.0164865970730139,0.0219534663940994,0.001377806383366,0.0054668693210854,1000.0,0.0
atlanta,27916,2023-06-08,grid_03,0.3,0.4,BLOCK_RANGE_ONLY,8.0,quadratic,temperature,K,ESTIMABLE,0.1311634793787612,0.1204627664378744,0.1425185854179282,0.0056937839613108,0.0220558189800537,1000.0,0.0
atlanta,27916,2023-06-08,grid_03,0.3,0.4,BLOCK_RANGE_ONLY,8.0,quadratic,emitted_flux,W/m2,ESTIMABLE,0.661287145726019,0.5992093813257715,0.7230004394237244,0.0313632709696374,0.1237910580979528,1000.0,0.0
atlanta,27916,2023-06-08,grid_03,0.3,0.4,BLOCK_RANGE_ONLY,8.0,quadratic,temperature_equivalent,K,ESTIMABLE,0.0987171735187644,0.0894462314751763,0.1079344963362828,0.0046841278538132,0.0184882648611065,1000.0,0.0
atlanta,27916,2023-06-08,grid_03,0.3,0.4,BLOCK_RANGE_ONLY,8.0,quadratic,temperature_minus_equivalent,K,ESTIMABLE,0.0324463058599968,0.0293934676107198,0.0359563954679442,0.0017090636617537,0.0065629278572243,1000.0,0.0
atlanta,27916,2023-06-08,grid_03,0.3,0.4,BLOCK_RANGE_ONLY,8.0,quadratic_minus_linear,temperature,K,ESTIMABLE,0.0337639283458326,0.0285676741650891,0.039489870117305,0.0027493717878014,0.0109221959522159,1000.0,0.0
atlanta,27916,2023-06-08,grid_03,0.3,0.4,BLOCK_RANGE_ONLY,8.0,quadratic_minus_linear,emitted_flux,W/m2,ESTIMABLE,0.1370048243499323,0.1096010758978,0.1644558179202418,0.0137105398504564,0.0548547420224417,1000.0,0.0
atlanta,27916,2023-06-08,grid_03,0.3,0.4,BLOCK_RANGE_ONLY,8.0,quadratic_minus_linear,temperature_equivalent,K,ESTIMABLE,0.0204597581210919,0.0163672527683488,0.0245594100915269,0.0020478110045573,0.0081921573231781,1000.0,0.0
atlanta,27916,2023-06-08,grid_03,0.3,0.4,BLOCK_RANGE_ONLY,8.0,quadratic_minus_linear,temperature_minus_equivalent,K,ESTIMABLE,0.0133041702247407,0.0114905838010229,0.0154105835352936,0.0010024973970284,0.0039199997342706,1000.0,0.0
atlanta,27916,2023-06-08,grid_04,0.4,0.5,BLOCK_RANGE_ONLY,1.0,linear,temperature,K,ESTIMABLE,0.0973995510329285,0.0926193887827463,0.1021987686107726,0.0024469555782321,0.0095793798280262,1000.0,0.0
atlanta,27916,2023-06-08,grid_04,0.4,0.5,BLOCK_RANGE_ONLY,1.0,linear,emitted_flux,W/m2,ESTIMABLE,0.5242823213760863,0.4988736007101783,0.5508465778573346,0.0131294408217595,0.0519729771471562,1000.0,0.0
atlanta,27916,2023-06-08,grid_04,0.4,0.5,BLOCK_RANGE_ONLY,1.0,linear,temperature_equivalent,K,ESTIMABLE,0.0782574153976725,0.0744634162718142,0.0822241044503314,0.0019605070321183,0.0077606881785172,1000.0,0.0
atlanta,27916,2023-06-08,grid_04,0.4,0.5,BLOCK_RANGE_ONLY,1.0,linear,temperature_minus_equivalent,K,ESTIMABLE,0.019142135635256,0.0173797241040458,0.0211241327323601,0.000936145259674,0.0037444086283143,1000.0,0.0
atlanta,27916,2023-06-08,grid_04,0.4,0.5,BLOCK_RANGE_ONLY,1.0,quadratic,temperature,K,ESTIMABLE,0.1078019566017982,0.1028358413141735,0.1126425552451569,0.0024992445180414,0.0098067139309834,1000.0,0.0
atlanta,27916,2023-06-08,grid_04,0.4,0.5,BLOCK_RANGE_ONLY,1.0,quadratic,emitted_flux,W/m2,ESTIMABLE,0.5664924496876417,0.540619446625085,0.5927700637984388,0.0134379208077475,0.0521506171733537,1000.0,0.0
atlanta,27916,2023-06-08,grid_04,0.4,0.5,BLOCK_RANGE_ONLY,1.0,quadratic,temperature_equivalent,K,ESTIMABLE,0.0845604835309927,0.0806969274617685,0.0884846049022854,0.0020066899467149,0.0077876774405169,1000.0,0.0
atlanta,27916,2023-06-08,grid_04,0.4,0.5,BLOCK_RANGE_ONLY,1.0,quadratic,temperature_minus_equivalent,K,ESTIMABLE,0.0232414730708055,0.021469123327311,0.0252288140657665,0.0009616860878088,0.0037596907384555,1000.0,0.0
atlanta,27916,2023-06-08,grid_04,0.4,0.5,BLOCK_RANGE_ONLY,1.0,quadratic_minus_linear,temperature,K,ESTIMABLE,0.0104024055688697,0.0093233448103263,0.0113600434624403,0.0005333751794078,0.0020366986521139,1000.0,0.0
atlanta,27916,2023-06-08,grid_04,0.4,0.5,BLOCK_RANGE_ONLY,1.0,quadratic_minus_linear,emitted_flux,W/m2,ESTIMABLE,0.0422101283115553,0.036724757856002,0.0472762099075002,0.0027211521184762,0.0105514520514982,1000.0,0.0
atlanta,27916,2023-06-08,grid_04,0.4,0.5,BLOCK_RANGE_ONLY,1.0,quadratic_minus_linear,temperature_equivalent,K,ESTIMABLE,0.0063030681333202,0.0054839698113923,0.0070598270173732,0.0004063518884552,0.0015758572059809,1000.0,0.0
atlanta,27916,2023-06-08,grid_04,0.4,0.5,BLOCK_RANGE_ONLY,1.0,quadratic_minus_linear,temperature_minus_equivalent,K,ESTIMABLE,0.0040993374355494,0.0036653071494695,0.0045223353548445,0.0002204722794754,0.000857028205375,1000.0,0.0
atlanta,27916,2023-06-08,grid_04,0.4,0.5,BLOCK_RANGE_ONLY,8.0,linear,temperature,K,ESTIMABLE,0.0973995510329285,0.0882723049888312,0.1065065979391321,0.0046921305007243,0.0182342929503008,1000.0,0.0
atlanta,27916,2023-06-08,grid_04,0.4,0.5,BLOCK_RANGE_ONLY,8.0,linear,emitted_flux,W/m2,ESTIMABLE,0.5242823213760863,0.4707914124307731,0.5740246729841657,0.025940668553073,0.1032332605533925,1000.0,0.0
atlanta,27916,2023-06-08,grid_04,0.4,0.5,BLOCK_RANGE_ONLY,8.0,linear,temperature_equivalent,K,ESTIMABLE,0.0782574153976725,0.0702703778594738,0.0856852798650777,0.0038734943447668,0.0154149020056039,1000.0,0.0
atlanta,27916,2023-06-08,grid_04,0.4,0.5,BLOCK_RANGE_ONLY,8.0,linear,temperature_minus_equivalent,K,ESTIMABLE,0.019142135635256,0.0164865970730139,0.0219534663940993,0.001377806383366,0.0054668693210854,1000.0,0.0
atlanta,27916,2023-06-08,grid_04,0.4,0.5,BLOCK_RANGE_ONLY,8.0,quadratic,temperature,K,ESTIMABLE,0.1078019566017982,0.0986492693378608,0.1173064898260073,0.0047713978253853,0.0186572204881464,1000.0,0.0
atlanta,27916,2023-06-08,grid_04,0.4,0.5,BLOCK_RANGE_ONLY,8.0,quadratic,emitted_flux,W/m2,ESTIMABLE,0.5664924496876417,0.5136770036262397,0.6176513635885964,0.0266042046529865,0.1039743599623567,1000.0,0.0
atlanta,27916,2023-06-08,grid_04,0.4,0.5,BLOCK_RANGE_ONLY,8.0,quadratic,temperature_equivalent,K,ESTIMABLE,0.0845604835309927,0.0766738256244593,0.0922003454383642,0.0039728151290311,0.0155265198139048,1000.0,0.0
atlanta,27916,2023-06-08,grid_04,0.4,0.5,BLOCK_RANGE_ONLY,8.0,quadratic,temperature_minus_equivalent,K,ESTIMABLE,0.0232414730708055,0.0205966870015652,0.0260681294467679,0.0014032658918984,0.0054714424452026,1000.0,0.0
atlanta,27916,2023-06-08,grid_04,0.4,0.5,BLOCK_RANGE_ONLY,8.0,quadratic_minus_linear,temperature,K,ESTIMABLE,0.0104024055688697,0.0087447726466485,0.0121541187341163,0.000869880848021,0.0034093460874678,1000.0,0.0
atlanta,27916,2023-06-08,grid_04,0.4,0.5,BLOCK_RANGE_ONLY,8.0,quadratic_minus_linear,emitted_flux,W/m2,ESTIMABLE,0.0422101283115553,0.0338566253987661,0.0507698366773888,0.0041991730022401,0.0169132112786226,1000.0,0.0
atlanta,27916,2023-06-08,grid_04,0.4,0.5,BLOCK_RANGE_ONLY,8.0,quadratic_minus_linear,temperature_equivalent,K,ESTIMABLE,0.0063030681333202,0.0050556486153212,0.0075815330590643,0.0006270836062831,0.0025258844437431,1000.0,0.0
atlanta,27916,2023-06-08,grid_04,0.4,0.5,BLOCK_RANGE_ONLY,8.0,quadratic_minus_linear,temperature_minus_equivalent,K,ESTIMABLE,0.0040993374355494,0.0034678439110939,0.0048071806849324,0.0003387536516176,0.0013393367738384,1000.0,0.0
atlanta,27916,2023-06-08,grid_05,0.5,0.6,BLOCK_RANGE_ONLY,1.0,linear,temperature,K,ESTIMABLE,0.0973995510329285,0.0926193887827463,0.1021987686107726,0.0024469555782321,0.0095793798280262,1000.0,0.0
atlanta,27916,2023-06-08,grid_05,0.5,0.6,BLOCK_RANGE_ONLY,1.0,linear,emitted_flux,W/m2,ESTIMABLE,0.5242823213760863,0.4988736007101783,0.5508465778573346,0.0131294408217595,0.0519729771471562,1000.0,0.0
atlanta,27916,2023-06-08,grid_05,0.5,0.6,BLOCK_RANGE_ONLY,1.0,linear,temperature_equivalent,K,ESTIMABLE,0.0782574153976725,0.0744634162718142,0.0822241044503314,0.0019605070321183,0.0077606881785172,1000.0,0.0
atlanta,27916,2023-06-08,grid_05,0.5,0.6,BLOCK_RANGE_ONLY,1.0,linear,temperature_minus_equivalent,K,ESTIMABLE,0.019142135635256,0.0173797241040458,0.0211241327323601,0.000936145259674,0.0037444086283143,1000.0,0.0
atlanta,27916,2023-06-08,grid_05,0.5,0.6,BLOCK_RANGE_ONLY,1.0,quadratic,temperature,K,ESTIMABLE,0.0844404338248354,0.0796535290528607,0.0895767903166242,0.0024979909284873,0.0099232612637634,1000.0,0.0
atlanta,27916,2023-06-08,grid_05,0.5,0.6,BLOCK_RANGE_ONLY,1.0,quadratic,emitted_flux,W/m2,ESTIMABLE,0.4716977536492646,0.445191089970473,0.4988808682242254,0.0133656799751971,0.0536897782537524,1000.0,0.0
atlanta,27916,2023-06-08,grid_05,0.5,0.6,BLOCK_RANGE_ONLY,1.0,quadratic,temperature_equivalent,K,ESTIMABLE,0.0704057038535097,0.066448060542902,0.0744645014284856,0.001995633438738,0.0080164408855836,1000.0,0.0
atlanta,27916,2023-06-08,grid_05,0.5,0.6,BLOCK_RANGE_ONLY,1.0,quadratic,temperature_minus_equivalent,K,ESTIMABLE,0.0140347299713256,0.0122239701680676,0.0160024733583867,0.0009619564631097,0.0037785031903191,1000.0,0.0
atlanta,27916,2023-06-08,grid_05,0.5,0.6,BLOCK_RANGE_ONLY,1.0,quadratic_minus_linear,temperature,K,ESTIMABLE,-0.0129591172080931,-0.0142638972669193,-0.0115735460214128,0.0007010862641559,0.0026903512455065,1000.0,0.0
atlanta,27916,2023-06-08,grid_05,0.5,0.6,BLOCK_RANGE_ONLY,1.0,quadratic_minus_linear,emitted_flux,W/m2,ESTIMABLE,-0.0525845677268217,-0.0592631205951349,-0.0458655018594838,0.0035335806681635,0.013397618735651,1000.0,0.0
atlanta,27916,2023-06-08,grid_05,0.5,0.6,BLOCK_RANGE_ONLY,1.0,quadratic_minus_linear,temperature_equivalent,K,ESTIMABLE,-0.0078517115441627,-0.0088488765383459,-0.0068484554747314,0.0005276099083009,0.0020004210636145,1000.0,0.0
atlanta,27916,2023-06-08,grid_05,0.5,0.6,BLOCK_RANGE_ONLY,1.0,quadratic_minus_linear,temperature_minus_equivalent,K,ESTIMABLE,-0.0051074056639303,-0.0056495866426195,-0.0045677786548938,0.0002844155565709,0.0010818079877257,1000.0,0.0
atlanta,27916,2023-06-08,grid_05,0.5,0.6,BLOCK_RANGE_ONLY,8.0,linear,temperature,K,ESTIMABLE,0.0973995510329285,0.0882723049888312,0.1065065979391321,0.0046921305007243,0.0182342929503008,1000.0,0.0
atlanta,27916,2023-06-08,grid_05,0.5,0.6,BLOCK_RANGE_ONLY,8.0,linear,emitted_flux,W/m2,ESTIMABLE,0.5242823213760863,0.4707914124307731,0.5740246729841657,0.025940668553073,0.1032332605533925,1000.0,0.0
atlanta,27916,2023-06-08,grid_05,0.5,0.6,BLOCK_RANGE_ONLY,8.0,linear,temperature_equivalent,K,ESTIMABLE,0.0782574153976725,0.0702703778594738,0.0856852798650777,0.0038734943447668,0.0154149020056039,1000.0,0.0
atlanta,27916,2023-06-08,grid_05,0.5,0.6,BLOCK_RANGE_ONLY,8.0,linear,temperature_minus_equivalent,K,ESTIMABLE,0.019142135635256,0.0164865970730139,0.0219534663940993,0.001377806383366,0.0054668693210854,1000.0,0.0
atlanta,27916,2023-06-08,grid_05,0.5,0.6,BLOCK_RANGE_ONLY,8.0,quadratic,temperature,K,ESTIMABLE,0.0844404338248354,0.075383081141556,0.0932684241713187,0.0045668462865617,0.0178853430297627,1000.0,0.0
atlanta,27916,2023-06-08,grid_05,0.5,0.6,BLOCK_RANGE_ONLY,8.0,quadratic,emitted_flux,W/m2,ESTIMABLE,0.4716977536492646,0.4212781284068091,0.5194706129608457,0.0249821481777995,0.0981924845540365,1000.0,0.0
atlanta,27916,2023-06-08,grid_05,0.5,0.6,BLOCK_RANGE_ONLY,8.0,quadratic,temperature_equivalent,K,ESTIMABLE,0.0704057038535097,0.0628778044786301,0.0775389264434849,0.0037300845445945,0.0146611219648548,1000.0,0.0
atlanta,27916,2023-06-08,grid_05,0.5,0.6,BLOCK_RANGE_ONLY,8.0,quadratic,temperature_minus_equivalent,K,ESTIMABLE,0.0140347299713256,0.0112237322993806,0.0167280444195288,0.001413597118308,0.0055043121201481,1000.0,0.0
atlanta,27916,2023-06-08,grid_05,0.5,0.6,BLOCK_RANGE_ONLY,8.0,quadratic_minus_linear,temperature,K,ESTIMABLE,-0.0129591172080931,-0.0156829381616459,-0.0105322948464605,0.0013027380929909,0.0051506433151853,1000.0,0.0
atlanta,27916,2023-06-08,grid_05,0.5,0.6,BLOCK_RANGE_ONLY,8.0,quadratic_minus_linear,emitted_flux,W/m2,ESTIMABLE,-0.0525845677268217,-0.0657672151510034,-0.0404059248876267,0.0062834932856645,0.0253612902633766,1000.0,0.0
atlanta,27916,2023-06-08,grid_05,0.5,0.6,BLOCK_RANGE_ONLY,8.0,quadratic_minus_linear,temperature_equivalent,K,ESTIMABLE,-0.0078517115441627,-0.0098194578712352,-0.0060330515108873,0.0009382701538914,0.0037864063603478,1000.0,0.0
atlanta,27916,2023-06-08,grid_05,0.5,0.6,BLOCK_RANGE_ONLY,8.0,quadratic_minus_linear,temperature_minus_equivalent,K,ESTIMABLE,-0.0051074056639303,-0.0059962591713966,-0.0042619640523135,0.0004533870489026,0.0017342951190831,1000.0,0.0
atlanta,27916,2023-06-08,grid_06,0.6,0.7,BLOCK_RANGE_ONLY,1.0,linear,temperature,K,ESTIMABLE,0.0973995510329285,0.0926193887827463,0.1021987686107726,0.0024469555782321,0.0095793798280262,1000.0,0.0
atlanta,27916,2023-06-08,grid_06,0.6,0.7,BLOCK_RANGE_ONLY,1.0,linear,emitted_flux,W/m2,ESTIMABLE,0.5242823213760863,0.4988736007101783,0.5508465778573346,0.0131294408217595,0.0519729771471562,1000.0,0.0
atlanta,27916,2023-06-08,grid_06,0.6,0.7,BLOCK_RANGE_ONLY,1.0,linear,temperature_equivalent,K,ESTIMABLE,0.0782574153976725,0.0744634162718142,0.0822241044503314,0.0019605070321183,0.0077606881785172,1000.0,0.0
atlanta,27916,2023-06-08,grid_06,0.6,0.7,BLOCK_RANGE_ONLY,1.0,linear,temperature_minus_equivalent,K,ESTIMABLE,0.019142135635256,0.0173797241040458,0.0211241327323601,0.000936145259674,0.0037444086283143,1000.0,0.0
atlanta,27916,2023-06-08,grid_06,0.6,0.7,BLOCK_RANGE_ONLY,1.0,quadratic,temperature,K,ESTIMABLE,0.0610789110478725,0.0555709686498139,0.0671562931725948,0.0029942433764153,0.0115853245227808,1000.0,0.0
atlanta,27916,2023-06-08,grid_06,0.6,0.7,BLOCK_RANGE_ONLY,1.0,quadratic,emitted_flux,W/m2,ESTIMABLE,0.3769030576108877,0.34626043663759,0.4082523118150652,0.0158036098476795,0.0619918751774751,1000.0,0.0
atlanta,27916,2023-06-08,grid_06,0.6,0.7,BLOCK_RANGE_ONLY,1.0,quadratic,temperature_equivalent,K,ESTIMABLE,0.0562528338849688,0.0516782918451696,0.060933073453333,0.0023593238564035,0.0092547816081633,1000.0,0.0
atlanta,27916,2023-06-08,grid_06,0.6,0.7,BLOCK_RANGE_ONLY,1.0,quadratic,temperature_minus_equivalent,K,ESTIMABLE,0.0048260771629037,0.0027218685779017,0.0072036726375909,0.0011773975869813,0.0044818040596892,1000.0,0.0
atlanta,27916,2023-06-08,grid_06,0.6,0.7,BLOCK_RANGE_ONLY,1.0,quadratic_minus_linear,temperature,K,ESTIMABLE,-0.0363206399850559,-0.039833004585716,-0.0326415475561772,0.0018521214911891,0.0071914570295387,1000.0,0.0
atlanta,27916,2023-06-08,grid_06,0.6,0.7,BLOCK_RANGE_ONLY,1.0,quadratic_minus_linear,emitted_flux,W/m2,ESTIMABLE,-0.1473792637651986,-0.1647785991024798,-0.1290663659935703,0.0095192811324777,0.0357122331089095,1000.0,0.0
atlanta,27916,2023-06-08,grid_06,0.6,0.7,BLOCK_RANGE_ONLY,1.0,quadratic_minus_linear,temperature_equivalent,K,ESTIMABLE,-0.0220045815127036,-0.0246019312160981,-0.0192706274836822,0.0014211571133912,0.0053313037324159,1000.0,0.0
atlanta,27916,2023-06-08,grid_06,0.6,0.7,BLOCK_RANGE_ONLY,1.0,quadratic_minus_linear,temperature_minus_equivalent,K,ESTIMABLE,-0.0143160584723522,-0.0157417467902625,-0.0128217478732355,0.0007573430384557,0.002919998917027,1000.0,0.0
atlanta,27916,2023-06-08,grid_06,0.6,0.7,BLOCK_RANGE_ONLY,8.0,linear,temperature,K,ESTIMABLE,0.0973995510329285,0.0882723049888312,0.1065065979391321,0.0046921305007243,0.0182342929503008,1000.0,0.0
atlanta,27916,2023-06-08,grid_06,0.6,0.7,BLOCK_RANGE_ONLY,8.0,linear,emitted_flux,W/m2,ESTIMABLE,0.5242823213760863,0.4707914124307731,0.5740246729841657,0.025940668553073,0.1032332605533925,1000.0,0.0
atlanta,27916,2023-06-08,grid_06,0.6,0.7,BLOCK_RANGE_ONLY,8.0,linear,temperature_equivalent,K,ESTIMABLE,0.0782574153976725,0.0702703778594738,0.0856852798650777,0.0038734943447668,0.0154149020056039,1000.0,0.0
atlanta,27916,2023-06-08,grid_06,0.6,0.7,BLOCK_RANGE_ONLY,8.0,linear,temperature_minus_equivalent,K,ESTIMABLE,0.019142135635256,0.0164865970730139,0.0219534663940993,0.001377806383366,0.0054668693210854,1000.0,0.0
atlanta,27916,2023-06-08,grid_06,0.6,0.7,BLOCK_RANGE_ONLY,8.0,quadratic,temperature,K,ESTIMABLE,0.0610789110478725,0.050300829610593,0.0709407107208285,0.0051661125799825,0.0206398811102355,1000.0,0.0
atlanta,27916,2023-06-08,grid_06,0.6,0.7,BLOCK_RANGE_ONLY,8.0,quadratic,emitted_flux,W/m2,ESTIMABLE,0.3769030576108877,0.3235048016955337,0.4272837508289037,0.0270670802450788,0.1037789491333699,1000.0,0.0
atlanta,27916,2023-06-08,grid_06,0.6,0.7,BLOCK_RANGE_ONLY,8.0,quadratic,temperature_equivalent,K,ESTIMABLE,0.0562528338849688,0.048281302604461,0.06377444526386,0.0040408404324475,0.0154931426593989,1000.0,0.0
atlanta,27916,2023-06-08,grid_06,0.6,0.7,BLOCK_RANGE_ONLY,8.0,quadratic,temperature_minus_equivalent,K,ESTIMABLE,0.0048260771629037,0.0012715513983892,0.0081419799045652,0.0017347079321749,0.006870428506176,1000.0,0.0
atlanta,27916,2023-06-08,grid_06,0.6,0.7,BLOCK_RANGE_ONLY,8.0,quadratic_minus_linear,temperature,K,ESTIMABLE,-0.0363206399850559,-0.0427728628425379,-0.0304934772217111,0.0032218545552346,0.0122793856208268,1000.0,0.0
atlanta,27916,2023-06-08,grid_06,0.6,0.7,BLOCK_RANGE_ONLY,8.0,quadratic_minus_linear,emitted_flux,W/m2,ESTIMABLE,-0.1473792637651986,-0.1792322255302077,-0.1163926372325761,0.0159225187987233,0.0628395882976316,1000.0,0.0
atlanta,27916,2023-06-08,grid_06,0.6,0.7,BLOCK_RANGE_ONLY,8.0,quadratic_minus_linear,temperature_equivalent,K,ESTIMABLE,-0.0220045815127036,-0.0267608429074883,-0.0173786888544228,0.0023772688098301,0.0093821540530655,1000.0,0.0
atlanta,27916,2023-06-08,grid_06,0.6,0.7,BLOCK_RANGE_ONLY,8.0,quadratic_minus_linear,temperature_minus_equivalent,K,ESTIMABLE,-0.0143160584723522,-0.0166035145183567,-0.0121760016887347,0.0011306751655622,0.0044275128296219,1000.0,0.0
atlanta,27916,2023-06-08,grid_07,0.7,0.8,BLOCK_RANGE_ONLY,1.0,linear,temperature,K,ESTIMABLE,0.0973995510329286,0.0926193887827464,0.1021987686107727,0.0024469555782321,0.0095793798280262,1000.0,0.0
atlanta,27916,2023-06-08,grid_07,0.7,0.8,BLOCK_RANGE_ONLY,1.0,linear,emitted_flux,W/m2,ESTIMABLE,0.5242823213760869,0.4988736007101789,0.5508465778573353,0.0131294408217595,0.0519729771471563,1000.0,0.0
atlanta,27916,2023-06-08,grid_07,0.7,0.8,BLOCK_RANGE_ONLY,1.0,linear,temperature_equivalent,K,ESTIMABLE,0.0782574153976725,0.0744634162718142,0.0822241044503314,0.0019605070321183,0.0077606881785172,1000.0,0.0
atlanta,27916,2023-06-08,grid_07,0.7,0.8,BLOCK_RANGE_ONLY,1.0,linear,temperature_minus_equivalent,K,ESTIMABLE,0.0191421356352561,0.0173797241040459,0.0211241327323603,0.000936145259674,0.0037444086283143,1000.0,0.0
atlanta,27916,2023-06-08,grid_07,0.7,0.8,BLOCK_RANGE_ONLY,1.0,quadratic,temperature,K,ESTIMABLE,0.0377173882709097,0.0308584298893055,0.0452646982155843,0.0037977397641446,0.0144062683262787,1000.0,0.0
atlanta,27916,2023-06-08,grid_07,0.7,0.8,BLOCK_RANGE_ONLY,1.0,quadratic,emitted_flux,W/m2,ESTIMABLE,0.2821083615725107,0.2459119596584865,0.3204205003567214,0.0198473112710553,0.0745085406982348,1000.0,0.0
atlanta,27916,2023-06-08,grid_07,0.7,0.8,BLOCK_RANGE_ONLY,1.0,quadratic,temperature_equivalent,K,ESTIMABLE,0.0421018730243076,0.0366989743857189,0.0478208827605755,0.0029626100485982,0.0111219083748565,1000.0,0.0
atlanta,27916,2023-06-08,grid_07,0.7,0.8,BLOCK_RANGE_ONLY,1.0,quadratic,temperature_minus_equivalent,K,ESTIMABLE,-0.0043844847533979,-0.0071892447716915,-0.001252641996,0.0015191489829103,0.0059366027756914,1000.0,0.0
atlanta,27916,2023-06-08,grid_07,0.7,0.8,BLOCK_RANGE_ONLY,1.0,quadratic_minus_linear,temperature,K,ESTIMABLE,-0.0596821627620189,-0.0653411301377198,-0.0536921635628132,0.0030167839311123,0.0116489665749066,1000.0,0.0
atlanta,27916,2023-06-08,grid_07,0.7,0.8,BLOCK_RANGE_ONLY,1.0,quadratic_minus_linear,emitted_flux,W/m2,ESTIMABLE,-0.2421739598035762,-0.2707099572071673,-0.2119088630448695,0.0155497984448053,0.0588010941622977,1000.0,0.0
atlanta,27916,2023-06-08,grid_07,0.7,0.8,BLOCK_RANGE_ONLY,1.0,quadratic_minus_linear,temperature_equivalent,K,ESTIMABLE,-0.0361555423733648,-0.0404151537613032,-0.0316383608290848,0.0023211533554894,0.0087767929322183,1000.0,0.0
atlanta,27916,2023-06-08,grid_07,0.7,0.8,BLOCK_RANGE_ONLY,1.0,quadratic_minus_linear,temperature_minus_equivalent,K,ESTIMABLE,-0.0235266203886541,-0.0258796530189196,-0.0210738110893386,0.0012356762551738,0.0048058419295809,1000.0,0.0
atlanta,27916,2023-06-08,grid_07,0.7,0.8,BLOCK_RANGE_ONLY,8.0,linear,temperature,K,ESTIMABLE,0.0973995510329286,0.0882723049888313,0.1065065979391322,0.0046921305007243,0.0182342929503009,1000.0,0.0
atlanta,27916,2023-06-08,grid_07,0.7,0.8,BLOCK_RANGE_ONLY,8.0,linear,emitted_flux,W/m2,ESTIMABLE,0.5242823213760869,0.4707914124307736,0.5740246729841664,0.0259406685530731,0.1032332605533927,1000.0,0.0
atlanta,27916,2023-06-08,grid_07,0.7,0.8,BLOCK_RANGE_ONLY,8.0,linear,temperature_equivalent,K,ESTIMABLE,0.0782574153976725,0.0702703778594738,0.0856852798650777,0.0038734943447668,0.0154149020056039,1000.0,0.0
atlanta,27916,2023-06-08,grid_07,0.7,0.8,BLOCK_RANGE_ONLY,8.0,linear,temperature_minus_equivalent,K,ESTIMABLE,0.0191421356352561,0.016486597073014,0.0219534663940994,0.001377806383366,0.0054668693210854,1000.0,0.0
atlanta,27916,2023-06-08,grid_07,0.7,0.8,BLOCK_RANGE_ONLY,8.0,quadratic,temperature,K,ESTIMABLE,0.0377173882709097,0.0247879746884916,0.0497193098899908,0.0063454030415732,0.0249313352014992,1000.0,0.0
atlanta,27916,2023-06-08,grid_07,0.7,0.8,BLOCK_RANGE_ONLY,8.0,quadratic,emitted_flux,W/m2,ESTIMABLE,0.2821083615725107,0.219754434011089,0.3421309527183953,0.0321456221197538,0.1223765187073062,1000.0,0.0
atlanta,27916,2023-06-08,grid_07,0.7,0.8,BLOCK_RANGE_ONLY,8.0,quadratic,temperature_equivalent,K,ESTIMABLE,0.0421018730243076,0.0327947136418316,0.0510618292243719,0.0047983716975179,0.0182671155825403,1000.0,0.0
atlanta,27916,2023-06-08,grid_07,0.7,0.8,BLOCK_RANGE_ONLY,8.0,quadratic,temperature_minus_equivalent,K,ESTIMABLE,-0.0043844847533979,-0.0089124078726872,-0.0002452836268164,0.0022367449370914,0.0086671242458707,1000.0,0.0
atlanta,27916,2023-06-08,grid_07,0.7,0.8,BLOCK_RANGE_ONLY,8.0,quadratic_minus_linear,temperature,K,ESTIMABLE,-0.0596821627620189,-0.0699091155680558,-0.0502118973023862,0.0051774852388223,0.0196972182656695,1000.0,0.0
atlanta,27916,2023-06-08,grid_07,0.7,0.8,BLOCK_RANGE_ONLY,8.0,quadratic_minus_linear,emitted_flux,W/m2,ESTIMABLE,-0.2421739598035762,-0.2934220957138657,-0.1921609971477247,0.0256859106316453,0.1012610985661409,1000.0,0.0
atlanta,27916,2023-06-08,grid_07,0.7,0.8,BLOCK_RANGE_ONLY,8.0,quadratic_minus_linear,temperature_equivalent,K,ESTIMABLE,-0.0361555423733648,-0.0438067970592229,-0.0286891627228129,0.0038344401586934,0.0151176343364099,1000.0,0.0
atlanta,27916,2023-06-08,grid_07,0.7,0.8,BLOCK_RANGE_ONLY,8.0,quadratic_minus_linear,temperature_minus_equivalent,K,ESTIMABLE,-0.0235266203886541,-0.0272641465473321,-0.0201515059721576,0.0018260235036756,0.0071126405751745,1000.0,0.0
atlanta,27916,2023-06-08,grid_08,0.8,0.9,BLOCK_RANGE_ONLY,1.0,linear,temperature,K,ESTIMABLE,0.0973995510329285,0.0926193887827463,0.1021987686107726,0.0024469555782321,0.0095793798280262,1000.0,0.0
atlanta,27916,2023-06-08,grid_08,0.8,0.9,BLOCK_RANGE_ONLY,1.0,linear,emitted_flux,W/m2,ESTIMABLE,0.5242823213760863,0.4988736007101783,0.5508465778573346,0.0131294408217595,0.0519729771471562,1000.0,0.0
atlanta,27916,2023-06-08,grid_08,0.8,0.9,BLOCK_RANGE_ONLY,1.0,linear,temperature_equivalent,K,ESTIMABLE,0.0782574153976725,0.0744634162718142,0.0822241044503314,0.0019605070321183,0.0077606881785172,1000.0,0.0
atlanta,27916,2023-06-08,grid_08,0.8,0.9,BLOCK_RANGE_ONLY,1.0,linear,temperature_minus_equivalent,K,ESTIMABLE,0.019142135635256,0.0173797241040458,0.0211241327323601,0.000936145259674,0.0037444086283143,1000.0,0.0
atlanta,27916,2023-06-08,grid_08,0.8,0.9,BLOCK_RANGE_ONLY,1.0,quadratic,temperature,K,ESTIMABLE,0.0143558654939469,0.0056369058456597,0.0237692663486065,0.0047552035114893,0.0181323605029467,1000.0,0.0
atlanta,27916,2023-06-08,grid_08,0.8,0.9,BLOCK_RANGE_ONLY,1.0,quadratic,emitted_flux,W/m2,ESTIMABLE,0.1873136655341337,0.1408754447519396,0.2361536075737619,0.0247209717166789,0.0952781628218222,1000.0,0.0
atlanta,27916,2023-06-08,grid_08,0.8,0.9,BLOCK_RANGE_ONLY,1.0,quadratic,temperature_equivalent,K,ESTIMABLE,0.0279528206707482,0.0210221500812451,0.0352424300653893,0.0036896052326192,0.0142202799841442,1000.0,0.0
atlanta,27916,2023-06-08,grid_08,0.8,0.9,BLOCK_RANGE_ONLY,1.0,quadratic,temperature_minus_equivalent,K,ESTIMABLE,-0.0135969551768013,-0.0171869077512639,-0.0096146911181448,0.0019210062650066,0.0075722166331191,1000.0,0.0
atlanta,27916,2023-06-08,grid_08,0.8,0.9,BLOCK_RANGE_ONLY,1.0,quadratic_minus_linear,temperature,K,ESTIMABLE,-0.0830436855389816,-0.0908820217912639,-0.0747610677781711,0.0041837083737359,0.0161209540130928,1000.0,0.0
atlanta,27916,2023-06-08,grid_08,0.8,0.9,BLOCK_RANGE_ONLY,1.0,quadratic_minus_linear,emitted_flux,W/m2,ESTIMABLE,-0.3369686558419525,-0.3766816711011559,-0.2950567060959906,0.02158760634075,0.0816249650051652,1000.0,0.0
atlanta,27916,2023-06-08,grid_08,0.8,0.9,BLOCK_RANGE_ONLY,1.0,quadratic_minus_linear,temperature_equivalent,K,ESTIMABLE,-0.0503045947269242,-0.0562317653370229,-0.0440496355526732,0.0032219954284533,0.0121821297843496,1000.0,0.0
atlanta,27916,2023-06-08,grid_08,0.8,0.9,BLOCK_RANGE_ONLY,1.0,quadratic_minus_linear,temperature_minus_equivalent,K,ESTIMABLE,-0.0327390908120573,-0.0360304118928246,-0.0293388832925883,0.0017149732838006,0.0066915286002363,1000.0,0.0
atlanta,27916,2023-06-08,grid_08,0.8,0.9,BLOCK_RANGE_ONLY,8.0,linear,temperature,K,ESTIMABLE,0.0973995510329285,0.0882723049888312,0.1065065979391321,0.0046921305007243,0.0182342929503008,1000.0,0.0
atlanta,27916,2023-06-08,grid_08,0.8,0.9,BLOCK_RANGE_ONLY,8.0,linear,emitted_flux,W/m2,ESTIMABLE,0.5242823213760863,0.4707914124307731,0.5740246729841657,0.025940668553073,0.1032332605533925,1000.0,0.0
atlanta,27916,2023-06-08,grid_08,0.8,0.9,BLOCK_RANGE_ONLY,8.0,linear,temperature_equivalent,K,ESTIMABLE,0.0782574153976725,0.0702703778594738,0.0856852798650777,0.0038734943447668,0.0154149020056039,1000.0,0.0
atlanta,27916,2023-06-08,grid_08,0.8,0.9,BLOCK_RANGE_ONLY,8.0,linear,temperature_minus_equivalent,K,ESTIMABLE,0.019142135635256,0.0164865970730139,0.0219534663940993,0.001377806383366,0.0054668693210854,1000.0,0.0
atlanta,27916,2023-06-08,grid_08,0.8,0.9,BLOCK_RANGE_ONLY,8.0,quadratic,temperature,K,ESTIMABLE,0.0143558654939469,-0.0011032515552971,0.0286785444953784,0.007847442049352,0.0297817960506756,1000.0,0.0
atlanta,27916,2023-06-08,grid_08,0.8,0.9,BLOCK_RANGE_ONLY,8.0,quadratic,emitted_flux,W/m2,ESTIMABLE,0.1873136655341337,0.1093282903009971,0.2624812730188919,0.039067253461114,0.1531529827178948,1000.0,0.0
atlanta,27916,2023-06-08,grid_08,0.8,0.9,BLOCK_RANGE_ONLY,8.0,quadratic,temperature_equivalent,K,ESTIMABLE,0.0279528206707482,0.0163141572900343,0.0391721779693639,0.0058307805078818,0.0228580206793296,1000.0,0.0
atlanta,27916,2023-06-08,grid_08,0.8,0.9,BLOCK_RANGE_ONLY,8.0,quadratic,temperature_minus_equivalent,K,ESTIMABLE,-0.0135969551768013,-0.0193307176561077,-0.0085304968093301,0.0028250158193398,0.0108002208467775,1000.0,0.0
atlanta,27916,2023-06-08,grid_08,0.8,0.9,BLOCK_RANGE_ONLY,8.0,quadratic_minus_linear,temperature,K,ESTIMABLE,-0.0830436855389816,-0.0972485684810565,-0.0698502519217566,0.0071396881170216,0.0273983165592999,1000.0,0.0
atlanta,27916,2023-06-08,grid_08,0.8,0.9,BLOCK_RANGE_ONLY,8.0,quadratic_minus_linear,emitted_flux,W/m2,ESTIMABLE,-0.3369686558419525,-0.407589423418265,-0.2678752082408155,0.0354711218897076,0.1397142151774495,1000.0,0.0
atlanta,27916,2023-06-08,grid_08,0.8,0.9,BLOCK_RANGE_ONLY,8.0,quadratic_minus_linear,temperature_equivalent,K,ESTIMABLE,-0.0503045947269242,-0.0608466004852203,-0.0399921263435629,0.0052944741182329,0.0208544741416574,1000.0,0.0
atlanta,27916,2023-06-08,grid_08,0.8,0.9,BLOCK_RANGE_ONLY,8.0,quadratic_minus_linear,temperature_minus_equivalent,K,ESTIMABLE,-0.0327390908120573,-0.0379032098526825,-0.0281055056603265,0.0025247524410184,0.009797704192356,1000.0,0.0
atlanta,27916,2023-06-08,grid_09,0.9,1.0,NO_SPANNING_BLOCKS,,,,,NOT_ESTIMATED_NO_REFERENCE_BLOCKS,,,,,,,
atlanta,28145,2023-06-23,near_-0.02,0.0085095386207103,0.1085095386207103,BLOCK_RANGE_ONLY,1.0,linear,temperature,K,ESTIMABLE,0.2218047245761159,0.2046551830021606,0.2390428150125113,0.0085358713805753,0.0343876320103506,1000.0,0.0
atlanta,28145,2023-06-23,near_-0.02,0.0085095386207103,0.1085095386207103,BLOCK_RANGE_ONLY,1.0,linear,emitted_flux,W/m2,ESTIMABLE,1.4122495435618487,1.302867175104204,1.5248222558218998,0.0557598175290018,0.2219550807176957,1000.0,0.0
atlanta,28145,2023-06-23,near_-0.02,0.0085095386207103,0.1085095386207103,BLOCK_RANGE_ONLY,1.0,linear,temperature_equivalent,K,ESTIMABLE,0.2109338753857059,0.1945813378796231,0.2277660289424133,0.0083366629963054,0.0331846910627902,1000.0,0.0
atlanta,28145,2023-06-23,near_-0.02,0.0085095386207103,0.1085095386207103,BLOCK_RANGE_ONLY,1.0,linear,temperature_minus_equivalent,K,ESTIMABLE,0.0108708491904099,0.0041183720958953,0.0176089609190401,0.0034731676242327,0.0134905888231447,1000.0,0.0
atlanta,28145,2023-06-23,near_-0.02,0.0085095386207103,0.1085095386207103,BLOCK_RANGE_ONLY,1.0,quadratic,temperature,K,ESTIMABLE,0.2841492063795033,0.2405296209547003,0.3266260724371829,0.0219036734150199,0.0860964514824826,1000.0,0.0
atlanta,28145,2023-06-23,near_-0.02,0.0085095386207103,0.1085095386207103,BLOCK_RANGE_ONLY,1.0,quadratic,emitted_flux,W/m2,ESTIMABLE,1.5418532215295684,1.2629065423344297,1.8125834346963592,0.1421167701986913,0.5496768923619297,1000.0,0.0
atlanta,28145,2023-06-23,near_-0.02,0.0085095386207103,0.1085095386207103,BLOCK_RANGE_ONLY,1.0,quadratic,temperature_equivalent,K,ESTIMABLE,0.2303127768827835,0.1886079054643687,0.2708050868108714,0.0212517532680396,0.0821971813465026,1000.0,0.0
atlanta,28145,2023-06-23,near_-0.02,0.0085095386207103,0.1085095386207103,BLOCK_RANGE_ONLY,1.0,quadratic,temperature_minus_equivalent,K,ESTIMABLE,0.0538364294967197,0.0364381477195897,0.0702501866681912,0.0082958302750997,0.0338120389486015,1000.0,0.0
atlanta,28145,2023-06-23,near_-0.02,0.0085095386207103,0.1085095386207103,BLOCK_RANGE_ONLY,1.0,quadratic_minus_linear,temperature,K,ESTIMABLE,0.0623444818033873,0.025656443940876,0.099368721074351,0.0195628537181651,0.0737122771334749,1000.0,0.0
atlanta,28145,2023-06-23,near_-0.02,0.0085095386207103,0.1085095386207103,BLOCK_RANGE_ONLY,1.0,quadratic_minus_linear,emitted_flux,W/m2,ESTIMABLE,0.1296036779677196,-0.1224547064835481,0.373873216511015,0.1274029901266549,0.4963279229945632,1000.0,0.0
atlanta,28145,2023-06-23,near_-0.02,0.0085095386207103,0.1085095386207103,BLOCK_RANGE_ONLY,1.0,quadratic_minus_linear,temperature_equivalent,K,ESTIMABLE,0.0193789014970775,-0.0183062144709609,0.0559133950597569,0.0190515593831751,0.0742196095307178,1000.0,0.0
atlanta,28145,2023-06-23,near_-0.02,0.0085095386207103,0.1085095386207103,BLOCK_RANGE_ONLY,1.0,quadratic_minus_linear,temperature_minus_equivalent,K,ESTIMABLE,0.0429655803063098,0.0278200133311922,0.0569079271644118,0.0075191871678833,0.0290879138332195,1000.0,0.0
atlanta,28145,2023-06-23,near_-0.02,0.0085095386207103,0.1085095386207103,BLOCK_RANGE_ONLY,8.0,linear,temperature,K,ESTIMABLE,0.2218047245761159,0.1992524040537499,0.2433932198008073,0.0109871975717534,0.0441408157470574,1000.0,0.0
atlanta,28145,2023-06-23,near_-0.02,0.0085095386207103,0.1085095386207103,BLOCK_RANGE_ONLY,8.0,linear,emitted_flux,W/m2,ESTIMABLE,1.4122495435618487,1.260819309125511,1.5476213002380823,0.0739850059604401,0.2868019911125712,1000.0,0.0
atlanta,28145,2023-06-23,near_-0.02,0.0085095386207103,0.1085095386207103,BLOCK_RANGE_ONLY,8.0,linear,temperature_equivalent,K,ESTIMABLE,0.2109338753857059,0.1882959092467402,0.2311753281707624,0.0110614982307203,0.0428794189240221,1000.0,0.0
atlanta,28145,2023-06-23,near_-0.02,0.0085095386207103,0.1085095386207103,BLOCK_RANGE_ONLY,8.0,linear,temperature_minus_equivalent,K,ESTIMABLE,0.0108708491904099,0.0013898357955514,0.0197162251730199,0.0047442876241581,0.0183263893774684,1000.0,0.0
atlanta,28145,2023-06-23,near_-0.02,0.0085095386207103,0.1085095386207103,BLOCK_RANGE_ONLY,8.0,quadratic,temperature,K,ESTIMABLE,0.2841492063795033,0.2325979823844855,0.3397907993558456,0.0277656910383243,0.1071928169713601,1000.0,0.0
atlanta,28145,2023-06-23,near_-0.02,0.0085095386207103,0.1085095386207103,BLOCK_RANGE_ONLY,8.0,quadratic,emitted_flux,W/m2,ESTIMABLE,1.5418532215295684,1.185275741436583,1.8904339777767871,0.1740974543324805,0.705158236340204,1000.0,0.0
atlanta,28145,2023-06-23,near_-0.02,0.0085095386207103,0.1085095386207103,BLOCK_RANGE_ONLY,8.0,quadratic,temperature_equivalent,K,ESTIMABLE,0.2303127768827835,0.177004398532253,0.2824518565647124,0.0260344037765826,0.1054474580324593,1000.0,0.0
atlanta,28145,2023-06-23,near_-0.02,0.0085095386207103,0.1085095386207103,BLOCK_RANGE_ONLY,8.0,quadratic,temperature_minus_equivalent,K,ESTIMABLE,0.0538364294967197,0.032106363787501,0.0768445089374849,0.0112985991320248,0.0447381451499839,1000.0,0.0
atlanta,28145,2023-06-23,near_-0.02,0.0085095386207103,0.1085095386207103,BLOCK_RANGE_ONLY,8.0,quadratic_minus_linear,temperature,K,ESTIMABLE,0.0623444818033873,0.0153018408527322,0.1096168158558971,0.0238497879084178,0.0943149750031649,1000.0,0.0
atlanta,28145,2023-06-23,near_-0.02,0.0085095386207103,0.1085095386207103,BLOCK_RANGE_ONLY,8.0,quadratic_minus_linear,emitted_flux,W/m2,ESTIMABLE,0.1296036779677196,-0.1832492820199437,0.4525458476530266,0.1527137640606667,0.6357951296729704,1000.0,0.0
atlanta,28145,2023-06-23,near_-0.02,0.0085095386207103,0.1085095386207103,BLOCK_RANGE_ONLY,8.0,quadratic_minus_linear,temperature_equivalent,K,ESTIMABLE,0.0193789014970775,-0.0273950674814926,0.0676812112681034,0.0228369572187756,0.0950762787495961,1000.0,0.0
atlanta,28145,2023-06-23,near_-0.02,0.0085095386207103,0.1085095386207103,BLOCK_RANGE_ONLY,8.0,quadratic_minus_linear,temperature_minus_equivalent,K,ESTIMABLE,0.0429655803063098,0.0250109382116489,0.0617038529399502,0.0093010422135057,0.0366929147283013,1000.0,0.0
atlanta,28145,2023-06-23,near_-0.01,0.0185095386207103,0.1185095386207103,BLOCK_RANGE_ONLY,1.0,linear,temperature,K,ESTIMABLE,0.2218047245761159,0.2046551830021606,0.2390428150125113,0.0085358713805753,0.0343876320103506,1000.0,0.0
atlanta,28145,2023-06-23,near_-0.01,0.0185095386207103,0.1185095386207103,BLOCK_RANGE_ONLY,1.0,linear,emitted_flux,W/m2,ESTIMABLE,1.4122495435618487,1.302867175104204,1.5248222558218998,0.0557598175290018,0.2219550807176957,1000.0,0.0
atlanta,28145,2023-06-23,near_-0.01,0.0185095386207103,0.1185095386207103,BLOCK_RANGE_ONLY,1.0,linear,temperature_equivalent,K,ESTIMABLE,0.2109338753857059,0.1945813378796231,0.2277660289424133,0.0083366629963054,0.0331846910627902,1000.0,0.0
atlanta,28145,2023-06-23,near_-0.01,0.0185095386207103,0.1185095386207103,BLOCK_RANGE_ONLY,1.0,linear,temperature_minus_equivalent,K,ESTIMABLE,0.0108708491904099,0.0041183720958953,0.0176089609190401,0.0034731676242327,0.0134905888231447,1000.0,0.0
atlanta,28145,2023-06-23,near_-0.01,0.0185095386207103,0.1185095386207103,BLOCK_RANGE_ONLY,1.0,quadratic,temperature,K,ESTIMABLE,0.2827110366602625,0.2399693996087199,0.3243652770379689,0.0214882522453591,0.0843958774292489,1000.0,0.0
atlanta,28145,2023-06-23,near_-0.01,0.0185095386207103,0.1185095386207103,BLOCK_RANGE_ONLY,1.0,quadratic,emitted_flux,W/m2,ESTIMABLE,1.5388635088915965,1.2663345107640067,1.8056142599714875,0.1394168225797261,0.539279749207481,1000.0,0.0
atlanta,28145,2023-06-23,near_-0.01,0.0185095386207103,0.1185095386207103,BLOCK_RANGE_ONLY,1.0,quadratic,temperature_equivalent,K,ESTIMABLE,0.2298657017799996,0.189120314881184,0.2697625319994444,0.0208479251109732,0.0806422171182603,1000.0,0.0
atlanta,28145,2023-06-23,near_-0.01,0.0185095386207103,0.1185095386207103,BLOCK_RANGE_ONLY,1.0,quadratic,temperature_minus_equivalent,K,ESTIMABLE,0.0528453348802628,0.0357679285730801,0.0689770019463386,0.0081384470368747,0.0332090733732585,1000.0,0.0
atlanta,28145,2023-06-23,near_-0.01,0.0185095386207103,0.1185095386207103,BLOCK_RANGE_ONLY,1.0,quadratic_minus_linear,temperature,K,ESTIMABLE,0.0609063120841466,0.0250631041199685,0.0970751137503561,0.0191112788054514,0.0720120096303876,1000.0,0.0
atlanta,28145,2023-06-23,near_-0.01,0.0185095386207103,0.1185095386207103,BLOCK_RANGE_ONLY,1.0,quadratic_minus_linear,emitted_flux,W/m2,ESTIMABLE,0.1266139653297477,-0.1196364346764458,0.3652448514119675,0.1244634012629823,0.4848812860884133,1000.0,0.0
atlanta,28145,2023-06-23,near_-0.01,0.0185095386207103,0.1185095386207103,BLOCK_RANGE_ONLY,1.0,quadratic_minus_linear,temperature_equivalent,K,ESTIMABLE,0.0189318263942936,-0.0178849363499111,0.0546226717276837,0.0186119028733885,0.0725076080775948,1000.0,0.0
atlanta,28145,2023-06-23,near_-0.01,0.0185095386207103,0.1185095386207103,BLOCK_RANGE_ONLY,1.0,quadratic_minus_linear,temperature_minus_equivalent,K,ESTIMABLE,0.0419744856898529,0.0271797354828929,0.0555910855489593,0.0073456939894706,0.0284113500660663,1000.0,0.0
atlanta,28145,2023-06-23,near_-0.01,0.0185095386207103,0.1185095386207103,BLOCK_RANGE_ONLY,8.0,linear,temperature,K,ESTIMABLE,0.2218047245761159,0.1992524040537499,0.2433932198008073,0.0109871975717534,0.0441408157470574,1000.0,0.0
atlanta,28145,2023-06-23,near_-0.01,0.0185095386207103,0.1185095386207103,BLOCK_RANGE_ONLY,8.0,linear,emitted_flux,W/m2,ESTIMABLE,1.4122495435618487,1.260819309125511,1.5476213002380823,0.0739850059604401,0.2868019911125712,1000.0,0.0
atlanta,28145,2023-06-23,near_-0.01,0.0185095386207103,0.1185095386207103,BLOCK_RANGE_ONLY,8.0,linear,temperature_equivalent,K,ESTIMABLE,0.2109338753857059,0.1882959092467402,0.2311753281707624,0.0110614982307203,0.0428794189240221,1000.0,0.0
atlanta,28145,2023-06-23,near_-0.01,0.0185095386207103,0.1185095386207103,BLOCK_RANGE_ONLY,8.0,linear,temperature_minus_equivalent,K,ESTIMABLE,0.0108708491904099,0.0013898357955514,0.0197162251730199,0.0047442876241581,0.0183263893774684,1000.0,0.0
atlanta,28145,2023-06-23,near_-0.01,0.0185095386207103,0.1185095386207103,BLOCK_RANGE_ONLY,8.0,quadratic,temperature,K,ESTIMABLE,0.2827110366602625,0.2323080198379847,0.337685578402726,0.0272569520061392,0.1053775585647413,1000.0,0.0
atlanta,28145,2023-06-23,near_-0.01,0.0185095386207103,0.1185095386207103,BLOCK_RANGE_ONLY,8.0,quadratic,emitted_flux,W/m2,ESTIMABLE,1.5388635088915965,1.1887450256639225,1.880569156030488,0.1709059167271759,0.6918241303665655,1000.0,0.0
atlanta,28145,2023-06-23,near_-0.01,0.0185095386207103,0.1185095386207103,BLOCK_RANGE_ONLY,8.0,quadratic,temperature_equivalent,K,ESTIMABLE,0.2298657017799996,0.1775229264310852,0.2809759661281077,0.0255570237258634,0.1034530396970225,1000.0,0.0
atlanta,28145,2023-06-23,near_-0.01,0.0185095386207103,0.1185095386207103,BLOCK_RANGE_ONLY,8.0,quadratic,temperature_minus_equivalent,K,ESTIMABLE,0.0528453348802628,0.0315542900519122,0.0755148731411102,0.0111040020709496,0.0439605830891979,1000.0,0.0
atlanta,28145,2023-06-23,near_-0.01,0.0185095386207103,0.1185095386207103,BLOCK_RANGE_ONLY,8.0,quadratic_minus_linear,temperature,K,ESTIMABLE,0.0609063120841466,0.0149505567401052,0.1070609127070274,0.0232969539206374,0.0921103559669222,1000.0,0.0
atlanta,28145,2023-06-23,near_-0.01,0.0185095386207103,0.1185095386207103,BLOCK_RANGE_ONLY,8.0,quadratic_minus_linear,emitted_flux,W/m2,ESTIMABLE,0.1266139653297477,-0.1790604725354981,0.4419882607070114,0.1491843243259998,0.6210487332425096,1000.0,0.0
atlanta,28145,2023-06-23,near_-0.01,0.0185095386207103,0.1185095386207103,BLOCK_RANGE_ONLY,8.0,quadratic_minus_linear,temperature_equivalent,K,ESTIMABLE,0.0189318263942936,-0.0267689364003814,0.0661017567780376,0.0223090599625387,0.0928706931784191,1000.0,0.0
atlanta,28145,2023-06-23,near_-0.01,0.0185095386207103,0.1185095386207103,BLOCK_RANGE_ONLY,8.0,quadratic_minus_linear,temperature_minus_equivalent,K,ESTIMABLE,0.0419744856898529,0.0244372312652146,0.0602809626897772,0.0090876558947814,0.0358437314245626,1000.0,0.0
atlanta,28145,2023-06-23,historical,0.0285095386207103,0.1285095386207103,BLOCK_RANGE_ONLY,1.0,linear,temperature,K,ESTIMABLE,0.2218047245761159,0.2046551830021606,0.2390428150125113,0.0085358713805753,0.0343876320103506,1000.0,0.0
atlanta,28145,2023-06-23,historical,0.0285095386207103,0.1285095386207103,BLOCK_RANGE_ONLY,1.0,linear,emitted_flux,W/m2,ESTIMABLE,1.4122495435618487,1.302867175104204,1.5248222558218998,0.0557598175290018,0.2219550807176957,1000.0,0.0
atlanta,28145,2023-06-23,historical,0.0285095386207103,0.1285095386207103,BLOCK_RANGE_ONLY,1.0,linear,temperature_equivalent,K,ESTIMABLE,0.2109338753857059,0.1945813378796231,0.2277660289424133,0.0083366629963054,0.0331846910627902,1000.0,0.0
atlanta,28145,2023-06-23,historical,0.0285095386207103,0.1285095386207103,BLOCK_RANGE_ONLY,1.0,linear,temperature_minus_equivalent,K,ESTIMABLE,0.0108708491904099,0.0041183720958953,0.0176089609190401,0.0034731676242327,0.0134905888231447,1000.0,0.0
atlanta,28145,2023-06-23,historical,0.0285095386207103,0.1285095386207103,BLOCK_RANGE_ONLY,1.0,quadratic,temperature,K,ESTIMABLE,0.2812728669410217,0.2392140088808108,0.3222538983904359,0.0210743191925917,0.0830398895096251,1000.0,0.0
atlanta,28145,2023-06-23,historical,0.0285095386207103,0.1285095386207103,BLOCK_RANGE_ONLY,1.0,quadratic,emitted_flux,W/m2,ESTIMABLE,1.5358737962536244,1.270081225487465,1.798709664097959,0.1367267606479119,0.528628438610494,1000.0,0.0
atlanta,28145,2023-06-23,historical,0.0285095386207103,0.1285095386207103,BLOCK_RANGE_ONLY,1.0,quadratic,temperature_equivalent,K,ESTIMABLE,0.2294186285836303,0.1896803730527835,0.2687296481076288,0.0204455785467651,0.0790492750548452,1000.0,0.0
atlanta,28145,2023-06-23,historical,0.0285095386207103,0.1285095386207103,BLOCK_RANGE_ONLY,1.0,quadratic,temperature_minus_equivalent,K,ESTIMABLE,0.0518542383573913,0.0352000454240615,0.0677036477317478,0.0079817327553448,0.0325036023076862,1000.0,0.0
atlanta,28145,2023-06-23,historical,0.0285095386207103,0.1285095386207103,BLOCK_RANGE_ONLY,1.0,quadratic_minus_linear,temperature,K,ESTIMABLE,0.0594681423649058,0.0244697642990609,0.0947815064263613,0.0186597046853319,0.0703117421273003,1000.0,0.0
atlanta,28145,2023-06-23,historical,0.0285095386207103,0.1285095386207103,BLOCK_RANGE_ONLY,1.0,quadratic_minus_linear,emitted_flux,W/m2,ESTIMABLE,0.1236242526917756,-0.1168181628693438,0.3566184939610562,0.1215238134161907,0.4734366568304001,1000.0,0.0
atlanta,28145,2023-06-23,historical,0.0285095386207103,0.1285095386207103,BLOCK_RANGE_ONLY,1.0,quadratic_minus_linear,temperature_equivalent,K,ESTIMABLE,0.0184847531979244,-0.0174636565363897,0.0533319642867226,0.0181722501517846,0.0707956208231124,1000.0,0.0
atlanta,28145,2023-06-23,historical,0.0285095386207103,0.1285095386207103,BLOCK_RANGE_ONLY,1.0,quadratic_minus_linear,temperature_minus_equivalent,K,ESTIMABLE,0.0409833891669814,0.0265394397136912,0.0542741159213069,0.0071722021439483,0.0277346762076157,1000.0,0.0
atlanta,28145,2023-06-23,historical,0.0285095386207103,0.1285095386207103,BLOCK_RANGE_ONLY,8.0,linear,temperature,K,ESTIMABLE,0.2218047245761159,0.1992524040537499,0.2433932198008073,0.0109871975717534,0.0441408157470574,1000.0,0.0
atlanta,28145,2023-06-23,historical,0.0285095386207103,0.1285095386207103,BLOCK_RANGE_ONLY,8.0,linear,emitted_flux,W/m2,ESTIMABLE,1.4122495435618487,1.260819309125511,1.5476213002380823,0.0739850059604401,0.2868019911125712,1000.0,0.0
atlanta,28145,2023-06-23,historical,0.0285095386207103,0.1285095386207103,BLOCK_RANGE_ONLY,8.0,linear,temperature_equivalent,K,ESTIMABLE,0.2109338753857059,0.1882959092467402,0.2311753281707624,0.0110614982307203,0.0428794189240221,1000.0,0.0
atlanta,28145,2023-06-23,historical,0.0285095386207103,0.1285095386207103,BLOCK_RANGE_ONLY,8.0,linear,temperature_minus_equivalent,K,ESTIMABLE,0.0108708491904099,0.0013898357955514,0.0197162251730199,0.0047442876241581,0.0183263893774684,1000.0,0.0
atlanta,28145,2023-06-23,historical,0.0285095386207103,0.1285095386207103,BLOCK_RANGE_ONLY,8.0,quadratic,temperature,K,ESTIMABLE,0.2812728669410217,0.2315266173793712,0.3353396464536472,0.0267499663722715,0.1038130290742759,1000.0,0.0
atlanta,28145,2023-06-23,historical,0.0285095386207103,0.1285095386207103,BLOCK_RANGE_ONLY,8.0,quadratic,emitted_flux,W/m2,ESTIMABLE,1.5358737962536244,1.1921973226065374,1.8717309634968993,0.1677279248858591,0.6795336408903618,1000.0,0.0
atlanta,28145,2023-06-23,historical,0.0285095386207103,0.1285095386207103,BLOCK_RANGE_ONLY,8.0,quadratic,temperature_equivalent,K,ESTIMABLE,0.2294186285836303,0.1780389179189555,0.2796536887640555,0.0250816736655126,0.1016147708451,1000.0,0.0
atlanta,28145,2023-06-23,historical,0.0285095386207103,0.1285095386207103,BLOCK_RANGE_ONLY,8.0,quadratic,temperature_minus_equivalent,K,ESTIMABLE,0.0518542383573913,0.0310023150807543,0.0741852370697725,0.010910111730605,0.0431829219890182,1000.0,0.0
atlanta,28145,2023-06-23,historical,0.0285095386207103,0.1285095386207103,BLOCK_RANGE_ONLY,8.0,quadratic_minus_linear,temperature,K,ESTIMABLE,0.0594681423649058,0.0145992726274783,0.1045045972641863,0.0227441239687854,0.089905324636708,1000.0,0.0
atlanta,28145,2023-06-23,historical,0.0285095386207103,0.1285095386207103,BLOCK_RANGE_ONLY,8.0,quadratic_minus_linear,emitted_flux,W/m2,ESTIMABLE,0.1236242526917756,-0.1748716630510525,0.4314306737609963,0.1456548906233052,0.6063023368120489,1000.0,0.0
atlanta,28145,2023-06-23,historical,0.0285095386207103,0.1285095386207103,BLOCK_RANGE_ONLY,8.0,quadratic_minus_linear,temperature_equivalent,K,ESTIMABLE,0.0184847531979244,-0.0261428015805719,0.0645223260842627,0.0217811684091984,0.0906651276648347,1000.0,0.0
atlanta,28145,2023-06-23,historical,0.0285095386207103,0.1285095386207103,BLOCK_RANGE_ONLY,8.0,quadratic_minus_linear,temperature_minus_equivalent,K,ESTIMABLE,0.0409833891669814,0.0238628054326783,0.0588580679704069,0.0088742750194685,0.0349952625377285,1000.0,0.0
atlanta,28145,2023-06-23,near_+0.01,0.0385095386207103,0.1385095386207104,BLOCK_RANGE_ONLY,1.0,linear,temperature,K,ESTIMABLE,0.2218047245761159,0.2046551830021606,0.2390428150125113,0.0085358713805753,0.0343876320103506,1000.0,0.0
atlanta,28145,2023-06-23,near_+0.01,0.0385095386207103,0.1385095386207104,BLOCK_RANGE_ONLY,1.0,linear,emitted_flux,W/m2,ESTIMABLE,1.4122495435618487,1.302867175104204,1.5248222558218998,0.0557598175290018,0.2219550807176957,1000.0,0.0
atlanta,28145,2023-06-23,near_+0.01,0.0385095386207103,0.1385095386207104,BLOCK_RANGE_ONLY,1.0,linear,temperature_equivalent,K,ESTIMABLE,0.2109338753857059,0.1945813378796231,0.2277660289424133,0.0083366629963054,0.0331846910627902,1000.0,0.0
atlanta,28145,2023-06-23,near_+0.01,0.0385095386207103,0.1385095386207104,BLOCK_RANGE_ONLY,1.0,linear,temperature_minus_equivalent,K,ESTIMABLE,0.0108708491904099,0.0041183720958953,0.0176089609190401,0.0034731676242327,0.0134905888231447,1000.0,0.0
atlanta,28145,2023-06-23,near_+0.01,0.0385095386207103,0.1385095386207104,BLOCK_RANGE_ONLY,1.0,quadratic,temperature,K,ESTIMABLE,0.279834697221781,0.2387060199698208,0.3199872626301629,0.0206619636938271,0.081281242660342,1000.0,0.0
atlanta,28145,2023-06-23,near_+0.01,0.0385095386207103,0.1385095386207104,BLOCK_RANGE_ONLY,1.0,quadratic,emitted_flux,W/m2,ESTIMABLE,1.5328840836156523,1.2731240765379797,1.7918178474376696,0.1340471795631721,0.5186937708996899,1000.0,0.0
atlanta,28145,2023-06-23,near_+0.01,0.0385095386207103,0.1385095386207104,BLOCK_RANGE_ONLY,1.0,quadratic,temperature_equivalent,K,ESTIMABLE,0.2289715572935051,0.1901352200216735,0.2676986860605694,0.020044802553461,0.0775634660388959,1000.0,0.0
atlanta,28145,2023-06-23,near_+0.01,0.0385095386207103,0.1385095386207104,BLOCK_RANGE_ONLY,1.0,quadratic,temperature_minus_equivalent,K,ESTIMABLE,0.0508631399282758,0.0346304491381418,0.0664293256041148,0.0078257275906352,0.0317988764659729,1000.0,0.0
atlanta,28145,2023-06-23,near_+0.01,0.0385095386207103,0.1385095386207104,BLOCK_RANGE_ONLY,1.0,quadratic_minus_linear,temperature,K,ESTIMABLE,0.058029972645665,0.0238764244781533,0.0924878991023664,0.0182081314167772,0.068611474624213,1000.0,0.0
atlanta,28145,2023-06-23,near_+0.01,0.0385095386207103,0.1385095386207104,BLOCK_RANGE_ONLY,1.0,quadratic_minus_linear,emitted_flux,W/m2,ESTIMABLE,0.1206345400538035,-0.1139998910622415,0.3480020661912315,0.1185842266619025,0.462001957253473,1000.0,0.0
atlanta,28145,2023-06-23,near_+0.01,0.0385095386207103,0.1385095386207104,BLOCK_RANGE_ONLY,1.0,quadratic_minus_linear,temperature_equivalent,K,ESTIMABLE,0.0180376819077991,-0.0170423750303371,0.0520424710874763,0.0177326012295595,0.0690848461178134,1000.0,0.0
atlanta,28145,2023-06-23,near_+0.01,0.0385095386207103,0.1385095386207104,BLOCK_RANGE_ONLY,1.0,quadratic_minus_linear,temperature_minus_equivalent,K,ESTIMABLE,0.0399922907378658,0.0258991260241468,0.0529571414165247,0.0069987116984579,0.0270580153923778,1000.0,0.0
atlanta,28145,2023-06-23,near_+0.01,0.0385095386207103,0.1385095386207104,BLOCK_RANGE_ONLY,8.0,linear,temperature,K,ESTIMABLE,0.2218047245761159,0.1992524040537499,0.2433932198008073,0.0109871975717534,0.0441408157470574,1000.0,0.0
atlanta,28145,2023-06-23,near_+0.01,0.0385095386207103,0.1385095386207104,BLOCK_RANGE_ONLY,8.0,linear,emitted_flux,W/m2,ESTIMABLE,1.4122495435618487,1.260819309125511,1.5476213002380823,0.0739850059604401,0.2868019911125712,1000.0,0.0
atlanta,28145,2023-06-23,near_+0.01,0.0385095386207103,0.1385095386207104,BLOCK_RANGE_ONLY,8.0,linear,temperature_equivalent,K,ESTIMABLE,0.2109338753857059,0.1882959092467402,0.2311753281707624,0.0110614982307203,0.0428794189240221,1000.0,0.0
atlanta,28145,2023-06-23,near_+0.01,0.0385095386207103,0.1385095386207104,BLOCK_RANGE_ONLY,8.0,linear,temperature_minus_equivalent,K,ESTIMABLE,0.0108708491904099,0.0013898357955514,0.0197162251730199,0.0047442876241581,0.0183263893774684,1000.0,0.0
atlanta,28145,2023-06-23,near_+0.01,0.0385095386207103,0.1385095386207104,BLOCK_RANGE_ONLY,8.0,quadratic,temperature,K,ESTIMABLE,0.279834697221781,0.2306394217311555,0.3325375561381892,0.0262448357509381,0.1018981344070336,1000.0,0.0
atlanta,28145,2023-06-23,near_+0.01,0.0385095386207103,0.1385095386207104,BLOCK_RANGE_ONLY,8.0,quadratic,emitted_flux,W/m2,ESTIMABLE,1.5328840836156523,1.1956496195491526,1.862873083808578,0.1645642635797038,0.6672234642594252,1000.0,0.0
atlanta,28145,2023-06-23,near_+0.01,0.0385095386207103,0.1385095386207104,BLOCK_RANGE_ONLY,8.0,quadratic,temperature_equivalent,K,ESTIMABLE,0.2289715572935051,0.1785549119505319,0.2783284826927555,0.0246084709237081,0.0997735707422236,1000.0,0.0
atlanta,28145,2023-06-23,near_+0.01,0.0385095386207103,0.1385095386207104,BLOCK_RANGE_ONLY,8.0,quadratic,temperature_minus_equivalent,K,ESTIMABLE,0.0508631399282758,0.0304503338966677,0.0728582006958649,0.0107169664373272,0.0424078667991972,1000.0,0.0
atlanta,28145,2023-06-23,near_+0.01,0.0385095386207103,0.1385095386207104,BLOCK_RANGE_ONLY,8.0,quadratic_minus_linear,temperature,K,ESTIMABLE,0.058029972645665,0.0142479885148513,0.1019482818213451,0.0221912983544911,0.0877002933064937,1000.0,0.0
atlanta,28145,2023-06-23,near_+0.01,0.0385095386207103,0.1385095386207104,BLOCK_RANGE_ONLY,8.0,quadratic_minus_linear,emitted_flux,W/m2,ESTIMABLE,0.1206345400538035,-0.1706828535666069,0.4208730868149812,0.142125463401963,0.5915559403815882,1000.0,0.0
atlanta,28145,2023-06-23,near_+0.01,0.0385095386207103,0.1385095386207104,BLOCK_RANGE_ONLY,8.0,quadratic_minus_linear,temperature_equivalent,K,ESTIMABLE,0.0180376819077991,-0.0255166630220642,0.0629429191860381,0.0212532826257443,0.0884595822081024,1000.0,0.0
atlanta,28145,2023-06-23,near_+0.01,0.0385095386207103,0.1385095386207104,BLOCK_RANGE_ONLY,8.0,quadratic_minus_linear,temperature_minus_equivalent,K,ESTIMABLE,0.0399922907378658,0.0232822953867077,0.0574351687820042,0.0086608999508964,0.0341528733952965,1000.0,0.0
atlanta,28145,2023-06-23,near_+0.02,0.0485095386207103,0.1485095386207103,BLOCK_RANGE_ONLY,1.0,linear,temperature,K,ESTIMABLE,0.2218047245761159,0.2046551830021606,0.2390428150125112,0.0085358713805753,0.0343876320103506,1000.0,0.0
atlanta,28145,2023-06-23,near_+0.02,0.0485095386207103,0.1485095386207103,BLOCK_RANGE_ONLY,1.0,linear,emitted_flux,W/m2,ESTIMABLE,1.4122495435618485,1.3028671751042038,1.5248222558218996,0.0557598175290018,0.2219550807176957,1000.0,0.0
atlanta,28145,2023-06-23,near_+0.02,0.0485095386207103,0.1485095386207103,BLOCK_RANGE_ONLY,1.0,linear,temperature_equivalent,K,ESTIMABLE,0.2109338753857059,0.1945813378796231,0.2277660289424133,0.0083366629963054,0.0331846910627902,1000.0,0.0
atlanta,28145,2023-06-23,near_+0.02,0.0485095386207103,0.1485095386207103,BLOCK_RANGE_ONLY,1.0,linear,temperature_minus_equivalent,K,ESTIMABLE,0.0108708491904099,0.0041183720958952,0.01760896091904,0.0034731676242327,0.0134905888231447,1000.0,0.0
atlanta,28145,2023-06-23,near_+0.02,0.0485095386207103,0.1485095386207103,BLOCK_RANGE_ONLY,1.0,quadratic,temperature,K,ESTIMABLE,0.2783965275025402,0.2378706771542203,0.3177315008876993,0.0202512821154995,0.079860823733479,1000.0,0.0
atlanta,28145,2023-06-23,near_+0.02,0.0485095386207103,0.1485095386207103,BLOCK_RANGE_ONLY,1.0,quadratic,emitted_flux,W/m2,ESTIMABLE,1.52989437097768,1.2754281658672957,1.7849258813894584,0.1313787206245234,0.5094977155221629,1000.0,0.0
atlanta,28145,2023-06-23,near_+0.02,0.0485095386207103,0.1485095386207103,BLOCK_RANGE_ONLY,1.0,quadratic,temperature_equivalent,K,ESTIMABLE,0.2285244879096808,0.1904796378141583,0.2666677118125107,0.0196456930069465,0.0761880739983524,1000.0,0.0
atlanta,28145,2023-06-23,near_+0.02,0.0485095386207103,0.1485095386207103,BLOCK_RANGE_ONLY,1.0,quadratic,temperature_minus_equivalent,K,ESTIMABLE,0.0498720395928594,0.0339434728304236,0.0651549961085997,0.0076704747806014,0.0312115232781761,1000.0,0.0
atlanta,28145,2023-06-23,near_+0.02,0.0485095386207103,0.1485095386207103,BLOCK_RANGE_ONLY,1.0,quadratic_minus_linear,temperature,K,ESTIMABLE,0.0565918029264243,0.0232830846572457,0.0901942917783715,0.0177565590647566,0.0669112071211257,1000.0,0.0
atlanta,28145,2023-06-23,near_+0.02,0.0485095386207103,0.1485095386207103,BLOCK_RANGE_ONLY,1.0,quadratic_minus_linear,emitted_flux,W/m2,ESTIMABLE,0.1176448274158314,-0.1111816192551392,0.3393856384214067,0.1156446410834292,0.450567257676546,1000.0,0.0
atlanta,28145,2023-06-23,near_+0.02,0.0485095386207103,0.1485095386207103,BLOCK_RANGE_ONLY,1.0,quadratic_minus_linear,temperature_equivalent,K,ESTIMABLE,0.0175906125239748,-0.01662109183181,0.0507536030289926,0.0172929561190573,0.0673746948608027,1000.0,0.0
atlanta,28145,2023-06-23,near_+0.02,0.0485095386207103,0.1485095386207103,BLOCK_RANGE_ONLY,1.0,quadratic_minus_linear,temperature_minus_equivalent,K,ESTIMABLE,0.0390011904024494,0.0252587944147574,0.0516401620347875,0.0068252227269796,0.02638136762003,1000.0,0.0
atlanta,28145,2023-06-23,near_+0.02,0.0485095386207103,0.1485095386207103,BLOCK_RANGE_ONLY,8.0,linear,temperature,K,ESTIMABLE,0.2218047245761159,0.1992524040537498,0.2433932198008073,0.0109871975717534,0.0441408157470574,1000.0,0.0
atlanta,28145,2023-06-23,near_+0.02,0.0485095386207103,0.1485095386207103,BLOCK_RANGE_ONLY,8.0,linear,emitted_flux,W/m2,ESTIMABLE,1.4122495435618485,1.260819309125511,1.5476213002380823,0.0739850059604401,0.2868019911125712,1000.0,0.0
atlanta,28145,2023-06-23,near_+0.02,0.0485095386207103,0.1485095386207103,BLOCK_RANGE_ONLY,8.0,linear,temperature_equivalent,K,ESTIMABLE,0.2109338753857059,0.1882959092467402,0.2311753281707624,0.0110614982307203,0.0428794189240221,1000.0,0.0
atlanta,28145,2023-06-23,near_+0.02,0.0485095386207103,0.1485095386207103,BLOCK_RANGE_ONLY,8.0,linear,temperature_minus_equivalent,K,ESTIMABLE,0.0108708491904099,0.0013898357955514,0.0197162251730198,0.0047442876241581,0.0183263893774684,1000.0,0.0
atlanta,28145,2023-06-23,near_+0.02,0.0485095386207103,0.1485095386207103,BLOCK_RANGE_ONLY,8.0,quadratic,temperature,K,ESTIMABLE,0.2783965275025402,0.2299412302142221,0.3297202432395172,0.0257416693455022,0.0997790130252951,1000.0,0.0
atlanta,28145,2023-06-23,near_+0.02,0.0485095386207103,0.1485095386207103,BLOCK_RANGE_ONLY,8.0,quadratic,emitted_flux,W/m2,ESTIMABLE,1.52989437097768,1.1987901688990088,1.8539321235878965,0.1614157754229676,0.6551419546888875,1000.0,0.0
atlanta,28145,2023-06-23,near_+0.02,0.0485095386207103,0.1485095386207103,BLOCK_RANGE_ONLY,8.0,quadratic,temperature_equivalent,K,ESTIMABLE,0.2285244879096808,0.1790243131336552,0.276990863954191,0.0241375414764754,0.0979665508205357,1000.0,0.0
atlanta,28145,2023-06-23,near_+0.02,0.0485095386207103,0.1485095386207103,BLOCK_RANGE_ONLY,8.0,quadratic,temperature_minus_equivalent,K,ESTIMABLE,0.0498720395928594,0.0298983464996095,0.071532616332297,0.0105246071779486,0.0416342698326874,1000.0,0.0
atlanta,28145,2023-06-23,near_+0.02,0.0485095386207103,0.1485095386207103,BLOCK_RANGE_ONLY,8.0,quadratic_minus_linear,temperature,K,ESTIMABLE,0.0565918029264243,0.0138967044022244,0.0993919663785039,0.0216384774102058,0.0854952619762795,1000.0,0.0
atlanta,28145,2023-06-23,near_+0.02,0.0485095386207103,0.1485095386207103,BLOCK_RANGE_ONLY,8.0,quadratic_minus_linear,emitted_flux,W/m2,ESTIMABLE,0.1176448274158314,-0.1664940440821611,0.4103154998689661,0.1385960431571272,0.5768095439511273,1000.0,0.0
atlanta,28145,2023-06-23,near_+0.02,0.0485095386207103,0.1485095386207103,BLOCK_RANGE_ONLY,8.0,quadratic_minus_linear,temperature_equivalent,K,ESTIMABLE,0.0175906125239748,-0.0248905207248014,0.0613635360825128,0.0207254026860099,0.0862540568073143,1000.0,0.0
atlanta,28145,2023-06-23,near_+0.02,0.0485095386207103,0.1485095386207103,BLOCK_RANGE_ONLY,8.0,quadratic_minus_linear,temperature_minus_equivalent,K,ESTIMABLE,0.0390011904024494,0.0227017788234358,0.0560122651245689,0.0084475310891066,0.0333104863011331,1000.0,0.0
atlanta,28145,2023-06-23,grid_00,0.0,0.1,BLOCK_RANGE_ONLY,1.0,linear,temperature,K,ESTIMABLE,0.2218047245761159,0.2046551830021606,0.2390428150125113,0.0085358713805753,0.0343876320103506,1000.0,0.0
atlanta,28145,2023-06-23,grid_00,0.0,0.1,BLOCK_RANGE_ONLY,1.0,linear,emitted_flux,W/m2,ESTIMABLE,1.4122495435618487,1.302867175104204,1.5248222558218998,0.0557598175290018,0.2219550807176957,1000.0,0.0
atlanta,28145,2023-06-23,grid_00,0.0,0.1,BLOCK_RANGE_ONLY,1.0,linear,temperature_equivalent,K,ESTIMABLE,0.2109338753857059,0.1945813378796231,0.2277660289424133,0.0083366629963054,0.0331846910627902,1000.0,0.0
atlanta,28145,2023-06-23,grid_00,0.0,0.1,BLOCK_RANGE_ONLY,1.0,linear,temperature_minus_equivalent,K,ESTIMABLE,0.0108708491904099,0.0041183720958953,0.0176089609190401,0.0034731676242327,0.0134905888231447,1000.0,0.0
atlanta,28145,2023-06-23,grid_00,0.0,0.1,BLOCK_RANGE_ONLY,1.0,quadratic,temperature,K,ESTIMABLE,0.2853730224564049,0.2409253713478061,0.3286673025289269,0.022258287262483,0.0877419311811207,1000.0,0.0
atlanta,28145,2023-06-23,grid_00,0.0,0.1,BLOCK_RANGE_ONLY,1.0,quadratic,emitted_flux,W/m2,ESTIMABLE,1.5443973290453334,1.2602448379897286,1.818513880843937,0.1444216715195524,0.5582690428542083,1000.0,0.0
atlanta,28145,2023-06-23,grid_00,0.0,0.1,BLOCK_RANGE_ONLY,1.0,quadratic,temperature_equivalent,K,ESTIMABLE,0.230693218669387,0.1882100381910476,0.2716922610339054,0.0215964971817612,0.0834822228428578,1000.0,0.0
atlanta,28145,2023-06-23,grid_00,0.0,0.1,BLOCK_RANGE_ONLY,1.0,quadratic,temperature_minus_equivalent,K,ESTIMABLE,0.0546798037870178,0.0370348148720627,0.0713366408759535,0.0084302549628138,0.0343018260038907,1000.0,0.0
atlanta,28145,2023-06-23,grid_00,0.0,0.1,BLOCK_RANGE_ONLY,1.0,quadratic_minus_linear,temperature,K,ESTIMABLE,0.0635682978802889,0.0261613487529978,0.1013204750847789,0.0199471237180646,0.075159126331781,1000.0,0.0
atlanta,28145,2023-06-23,grid_00,0.0,0.1,BLOCK_RANGE_ONLY,1.0,quadratic_minus_linear,emitted_flux,W/m2,ESTIMABLE,0.1321477854834847,-0.1248529257621675,0.3812155571154086,0.1299044453722658,0.5060684828775762,1000.0,0.0
atlanta,28145,2023-06-23,grid_00,0.0,0.1,BLOCK_RANGE_ONLY,1.0,quadratic_minus_linear,temperature_equivalent,K,ESTIMABLE,0.0197593432836811,-0.0186647013822053,0.0570117535792007,0.0194256897638601,0.0756764549614061,1000.0,0.0
atlanta,28145,2023-06-23,grid_00,0.0,0.1,BLOCK_RANGE_ONLY,1.0,quadratic_minus_linear,temperature_minus_equivalent,K,ESTIMABLE,0.0438089545966078,0.0283648461251749,0.0580284402138704,0.007666822861935,0.0296635940886955,1000.0,0.0
atlanta,28145,2023-06-23,grid_00,0.0,0.1,BLOCK_RANGE_ONLY,8.0,linear,temperature,K,ESTIMABLE,0.2218047245761159,0.1992524040537499,0.2433932198008073,0.0109871975717534,0.0441408157470574,1000.0,0.0
atlanta,28145,2023-06-23,grid_00,0.0,0.1,BLOCK_RANGE_ONLY,8.0,linear,emitted_flux,W/m2,ESTIMABLE,1.4122495435618487,1.260819309125511,1.5476213002380823,0.0739850059604401,0.2868019911125712,1000.0,0.0
atlanta,28145,2023-06-23,grid_00,0.0,0.1,BLOCK_RANGE_ONLY,8.0,linear,temperature_equivalent,K,ESTIMABLE,0.2109338753857059,0.1882959092467402,0.2311753281707624,0.0110614982307203,0.0428794189240221,1000.0,0.0
atlanta,28145,2023-06-23,grid_00,0.0,0.1,BLOCK_RANGE_ONLY,8.0,linear,temperature_minus_equivalent,K,ESTIMABLE,0.0108708491904099,0.0013898357955514,0.0197162251730199,0.0047442876241581,0.0183263893774684,1000.0,0.0
atlanta,28145,2023-06-23,grid_00,0.0,0.1,BLOCK_RANGE_ONLY,8.0,quadratic,temperature,K,ESTIMABLE,0.2853730224564049,0.2328126479484962,0.3415822452564157,0.0281999143383888,0.1087695973079194,1000.0,0.0
atlanta,28145,2023-06-23,grid_00,0.0,0.1,BLOCK_RANGE_ONLY,8.0,quadratic,emitted_flux,W/m2,ESTIMABLE,1.5443973290453334,1.1822906665245647,1.8994060860779125,0.1768234245367373,0.7171154195533478,1000.0,0.0
atlanta,28145,2023-06-23,grid_00,0.0,0.1,BLOCK_RANGE_ONLY,8.0,quadratic,temperature_equivalent,K,ESTIMABLE,0.230693218669387,0.1765582438288149,0.2837942048197589,0.026442148812327,0.107235960990944,1000.0,0.0
atlanta,28145,2023-06-23,grid_00,0.0,0.1,BLOCK_RANGE_ONLY,8.0,quadratic,temperature_minus_equivalent,K,ESTIMABLE,0.0546798037870178,0.032618522822479,0.077975967436819,0.0114647219151196,0.04535744461434,1000.0,0.0
atlanta,28145,2023-06-23,grid_00,0.0,0.1,BLOCK_RANGE_ONLY,8.0,quadratic_minus_linear,temperature,K,ESTIMABLE,0.0635682978802889,0.0156007674250563,0.1117917616420777,0.0243202270978679,0.0961909942170213,1000.0,0.0
atlanta,28145,2023-06-23,grid_00,0.0,0.1,BLOCK_RANGE_ONLY,8.0,quadratic_minus_linear,emitted_flux,W/m2,ESTIMABLE,0.1321477854834847,-0.1868137656282124,0.461529867038889,0.1557171588772709,0.6483436326671015,1000.0,0.0
atlanta,28145,2023-06-23,grid_00,0.0,0.1,BLOCK_RANGE_ONLY,8.0,quadratic_minus_linear,temperature_equivalent,K,ESTIMABLE,0.0197593432836811,-0.0279278731987901,0.069025272907632,0.0232861778732459,0.0969531461064221,1000.0,0.0
atlanta,28145,2023-06-23,grid_00,0.0,0.1,BLOCK_RANGE_ONLY,8.0,quadratic_minus_linear,temperature_minus_equivalent,K,ESTIMABLE,0.0438089545966078,0.0254991331687194,0.0629146633739733,0.0094826281640813,0.0374155302052538,1000.0,0.0
atlanta,28145,2023-06-23,grid_01,0.1,0.2,BLOCK_RANGE_ONLY,1.0,linear,temperature,K,ESTIMABLE,0.2218047245761159,0.2046551830021606,0.2390428150125113,0.0085358713805753,0.0343876320103506,1000.0,0.0
atlanta,28145,2023-06-23,grid_01,0.1,0.2,BLOCK_RANGE_ONLY,1.0,linear,emitted_flux,W/m2,ESTIMABLE,1.4122495435618487,1.302867175104204,1.5248222558218998,0.0557598175290018,0.2219550807176957,1000.0,0.0
atlanta,28145,2023-06-23,grid_01,0.1,0.2,BLOCK_RANGE_ONLY,1.0,linear,temperature_equivalent,K,ESTIMABLE,0.2109338753857059,0.1945813378796231,0.2277660289424133,0.0083366629963054,0.0331846910627902,1000.0,0.0
atlanta,28145,2023-06-23,grid_01,0.1,0.2,BLOCK_RANGE_ONLY,1.0,linear,temperature_minus_equivalent,K,ESTIMABLE,0.0108708491904099,0.0041183720958953,0.0176089609190401,0.0034731676242327,0.0134905888231447,1000.0,0.0
atlanta,28145,2023-06-23,grid_01,0.1,0.2,BLOCK_RANGE_ONLY,1.0,quadratic,temperature,K,ESTIMABLE,0.2709913252639971,0.2343262217834011,0.3062875726208423,0.0181674282357416,0.0719613508374411,1000.0,0.0
atlanta,28145,2023-06-23,grid_01,0.1,0.2,BLOCK_RANGE_ONLY,1.0,quadratic,emitted_flux,W/m2,ESTIMABLE,1.5145002026656127,1.2825173227746036,1.74644828817763,0.1178431592184428,0.4639309654030263,1000.0,0.0
atlanta,28145,2023-06-23,grid_01,0.1,0.2,BLOCK_RANGE_ONLY,1.0,quadratic,temperature_equivalent,K,ESTIMABLE,0.2262225372032276,0.1915393398607733,0.2609120066750165,0.0176212842448771,0.0693726668142431,1000.0,0.0
atlanta,28145,2023-06-23,grid_01,0.1,0.2,BLOCK_RANGE_ONLY,1.0,quadratic,temperature_minus_equivalent,K,ESTIMABLE,0.0447687880607695,0.0305098448381941,0.0586015131365777,0.0068848907820485,0.0280916682983836,1000.0,0.0
atlanta,28145,2023-06-23,grid_01,0.1,0.2,BLOCK_RANGE_ONLY,1.0,quadratic_minus_linear,temperature,K,ESTIMABLE,0.0491866006878811,0.0202279505439222,0.0783844018448302,0.0154314097345577,0.058156451300908,1000.0,0.0
atlanta,28145,2023-06-23,grid_01,0.1,0.2,BLOCK_RANGE_ONLY,1.0,quadratic_minus_linear,emitted_flux,W/m2,ESTIMABLE,0.1022506591037639,-0.0966702076911455,0.2950192542904463,0.1005086018196551,0.3916894619815919,1000.0,0.0
atlanta,28145,2023-06-23,grid_01,0.1,0.2,BLOCK_RANGE_ONLY,1.0,quadratic_minus_linear,temperature_equivalent,K,ESTIMABLE,0.0152886618175216,-0.0144518584106734,0.044117412763083,0.0150292640813212,0.0585692711737564,1000.0,0.0
atlanta,28145,2023-06-23,grid_01,0.1,0.2,BLOCK_RANGE_ONLY,1.0,quadratic_minus_linear,temperature_minus_equivalent,K,ESTIMABLE,0.0338979388703595,0.021961413749249,0.0448588972311887,0.0059319468000285,0.0228974834819397,1000.0,0.0
atlanta,28145,2023-06-23,grid_01,0.1,0.2,BLOCK_RANGE_ONLY,8.0,linear,temperature,K,ESTIMABLE,0.2218047245761159,0.1992524040537499,0.2433932198008073,0.0109871975717534,0.0441408157470574,1000.0,0.0
atlanta,28145,2023-06-23,grid_01,0.1,0.2,BLOCK_RANGE_ONLY,8.0,linear,emitted_flux,W/m2,ESTIMABLE,1.4122495435618487,1.260819309125511,1.5476213002380823,0.0739850059604401,0.2868019911125712,1000.0,0.0
atlanta,28145,2023-06-23,grid_01,0.1,0.2,BLOCK_RANGE_ONLY,8.0,linear,temperature_equivalent,K,ESTIMABLE,0.2109338753857059,0.1882959092467402,0.2311753281707624,0.0110614982307203,0.0428794189240221,1000.0,0.0
atlanta,28145,2023-06-23,grid_01,0.1,0.2,BLOCK_RANGE_ONLY,8.0,linear,temperature_minus_equivalent,K,ESTIMABLE,0.0108708491904099,0.0013898357955514,0.0197162251730199,0.0047442876241581,0.0183263893774684,1000.0,0.0
atlanta,28145,2023-06-23,grid_01,0.1,0.2,BLOCK_RANGE_ONLY,8.0,quadratic,temperature,K,ESTIMABLE,0.2709913252639971,0.2266733535198371,0.3163913287774406,0.0231867425741068,0.0897179752576034,1000.0,0.0
atlanta,28145,2023-06-23,grid_01,0.1,0.2,BLOCK_RANGE_ONLY,8.0,quadratic,emitted_flux,W/m2,ESTIMABLE,1.5145002026656127,1.2114293242864864,1.8039885005597345,0.145481251669143,0.5925591762732478,1000.0,0.0
atlanta,28145,2023-06-23,grid_01,0.1,0.2,BLOCK_RANGE_ONLY,8.0,quadratic,temperature_equivalent,K,ESTIMABLE,0.2262225372032276,0.1809134416560681,0.2695193278027503,0.0217542214171517,0.0886058861466821,1000.0,0.0
atlanta,28145,2023-06-23,grid_01,0.1,0.2,BLOCK_RANGE_ONLY,8.0,quadratic,temperature_minus_equivalent,K,ESTIMABLE,0.0447687880607695,0.0265408468969205,0.0643506250738004,0.0095483674721879,0.0378097781768799,1000.0,0.0
atlanta,28145,2023-06-23,grid_01,0.1,0.2,BLOCK_RANGE_ONLY,8.0,quadratic_minus_linear,temperature,K,ESTIMABLE,0.0491866006878811,0.0120879262987867,0.0862293802202144,0.0187920663404074,0.0741414539214276,1000.0,0.0
atlanta,28145,2023-06-23,grid_01,0.1,0.2,BLOCK_RANGE_ONLY,8.0,quadratic_minus_linear,emitted_flux,W/m2,ESTIMABLE,0.1022506591037639,-0.1449256707837563,0.355953997578738,0.1204230290615102,0.5008796683624943,1000.0,0.0
atlanta,28145,2023-06-23,grid_01,0.1,0.2,BLOCK_RANGE_ONLY,8.0,quadratic_minus_linear,temperature_equivalent,K,ESTIMABLE,0.0152886618175216,-0.021666425956981,0.0532315962719351,0.0180074204846079,0.0748980222289162,1000.0,0.0
atlanta,28145,2023-06-23,grid_01,0.1,0.2,BLOCK_RANGE_ONLY,8.0,quadratic_minus_linear,temperature_minus_equivalent,K,ESTIMABLE,0.0338979388703595,0.0197125690867026,0.0486843591017183,0.0073490018962105,0.0289717900150156,1000.0,0.0
atlanta,28145,2023-06-23,grid_02,0.2,0.3,BLOCK_RANGE_ONLY,1.0,linear,temperature,K,ESTIMABLE,0.2218047245761158,0.2046551830021606,0.2390428150125112,0.0085358713805753,0.0343876320103506,1000.0,0.0
atlanta,28145,2023-06-23,grid_02,0.2,0.3,BLOCK_RANGE_ONLY,1.0,linear,emitted_flux,W/m2,ESTIMABLE,1.4122495435618485,1.3028671751042036,1.5248222558218991,0.0557598175290018,0.2219550807176957,1000.0,0.0
atlanta,28145,2023-06-23,grid_02,0.2,0.3,BLOCK_RANGE_ONLY,1.0,linear,temperature_equivalent,K,ESTIMABLE,0.2109338753857059,0.1945813378796231,0.2277660289424133,0.0083366629963054,0.0331846910627902,1000.0,0.0
atlanta,28145,2023-06-23,grid_02,0.2,0.3,BLOCK_RANGE_ONLY,1.0,linear,temperature_minus_equivalent,K,ESTIMABLE,0.0108708491904099,0.0041183720958952,0.01760896091904,0.0034731676242327,0.0134905888231447,1000.0,0.0
atlanta,28145,2023-06-23,grid_02,0.2,0.3,BLOCK_RANGE_ONLY,1.0,quadratic,temperature,K,ESTIMABLE,0.2566096280715892,0.2275565786983796,0.2841891055463619,0.0143341021279841,0.0566325268479822,1000.0,0.0
atlanta,28145,2023-06-23,grid_02,0.2,0.3,BLOCK_RANGE_ONLY,1.0,quadratic,emitted_flux,W/m2,ESTIMABLE,1.4846030762858915,1.2979310774017034,1.6699173622333046,0.0929766766302204,0.3719862848316011,1000.0,0.0
atlanta,28145,2023-06-23,grid_02,0.2,0.3,BLOCK_RANGE_ONLY,1.0,quadratic,temperature_equivalent,K,ESTIMABLE,0.2217520463548794,0.1938434571263513,0.2494649989805466,0.0139023893465025,0.0556215418541952,1000.0,0.0
atlanta,28145,2023-06-23,grid_02,0.2,0.3,BLOCK_RANGE_ONLY,1.0,quadratic,temperature_minus_equivalent,K,ESTIMABLE,0.0348575817167098,0.0237128763911546,0.045847359779072,0.005454871022772,0.0221344833879173,1000.0,0.0
atlanta,28145,2023-06-23,grid_02,0.2,0.3,BLOCK_RANGE_ONLY,1.0,quadratic_minus_linear,temperature,K,ESTIMABLE,0.0348049034954733,0.0142945523348465,0.0554483286048815,0.0109158603161123,0.0411537762700349,1000.0,0.0
atlanta,28145,2023-06-23,grid_02,0.2,0.3,BLOCK_RANGE_ONLY,1.0,quadratic_minus_linear,emitted_flux,W/m2,ESTIMABLE,0.0723535327240434,-0.0684874896201233,0.2088549765921985,0.0711129693132238,0.2773424662123218,1000.0,0.0
atlanta,28145,2023-06-23,grid_02,0.2,0.3,BLOCK_RANGE_ONLY,1.0,quadratic_minus_linear,temperature_equivalent,K,ESTIMABLE,0.0108181709691734,-0.0102388461776158,0.0312304192859727,0.0106332334767004,0.0414692654635885,1000.0,0.0
atlanta,28145,2023-06-23,grid_02,0.2,0.3,BLOCK_RANGE_ONLY,1.0,quadratic_minus_linear,temperature_minus_equivalent,K,ESTIMABLE,0.0239867325262999,0.0155561897301345,0.0317530680209458,0.0041973011720724,0.0161968782908112,1000.0,0.0
atlanta,28145,2023-06-23,grid_02,0.2,0.3,BLOCK_RANGE_ONLY,8.0,linear,temperature,K,ESTIMABLE,0.2218047245761158,0.1992524040537498,0.2433932198008073,0.0109871975717534,0.0441408157470574,1000.0,0.0
atlanta,28145,2023-06-23,grid_02,0.2,0.3,BLOCK_RANGE_ONLY,8.0,linear,emitted_flux,W/m2,ESTIMABLE,1.4122495435618485,1.260819309125511,1.547621300238082,0.0739850059604401,0.286801991112571,1000.0,0.0
atlanta,28145,2023-06-23,grid_02,0.2,0.3,BLOCK_RANGE_ONLY,8.0,linear,temperature_equivalent,K,ESTIMABLE,0.2109338753857059,0.1882959092467402,0.2311753281707624,0.0110614982307202,0.0428794189240221,1000.0,0.0
atlanta,28145,2023-06-23,grid_02,0.2,0.3,BLOCK_RANGE_ONLY,8.0,linear,temperature_minus_equivalent,K,ESTIMABLE,0.0108708491904099,0.0013898357955514,0.0197162251730198,0.0047442876241581,0.0183263893774684,1000.0,0.0
atlanta,28145,2023-06-23,grid_02,0.2,0.3,BLOCK_RANGE_ONLY,8.0,quadratic,temperature,K,ESTIMABLE,0.2566096280715892,0.2211365096706291,0.2917839215185698,0.0184704720037634,0.0706474118479407,1000.0,0.0
atlanta,28145,2023-06-23,grid_02,0.2,0.3,BLOCK_RANGE_ONLY,8.0,quadratic,emitted_flux,W/m2,ESTIMABLE,1.4846030762858915,1.2418066675039876,1.708349931428603,0.1164243548185811,0.4665432639246154,1000.0,0.0
atlanta,28145,2023-06-23,grid_02,0.2,0.3,BLOCK_RANGE_ONLY,8.0,quadratic,temperature_equivalent,K,ESTIMABLE,0.2217520463548794,0.1854539716559756,0.255213341321641,0.0174084379228928,0.0697593696656653,1000.0,0.0
atlanta,28145,2023-06-23,grid_02,0.2,0.3,BLOCK_RANGE_ONLY,8.0,quadratic,temperature_minus_equivalent,K,ESTIMABLE,0.0348575817167098,0.0200048418490882,0.0505725637160981,0.0077471206597601,0.0305677218670098,1000.0,0.0
atlanta,28145,2023-06-23,grid_02,0.2,0.3,BLOCK_RANGE_ONLY,8.0,quadratic_minus_linear,temperature,K,ESTIMABLE,0.0348049034954733,0.0085750851725172,0.0608520878156219,0.0132647469229968,0.0522770026431046,1000.0,0.0
atlanta,28145,2023-06-23,grid_02,0.2,0.3,BLOCK_RANGE_ONLY,8.0,quadratic_minus_linear,emitted_flux,W/m2,ESTIMABLE,0.0723535327240434,-0.1030375759393002,0.2510877262211722,0.0851301531378308,0.3541253021604724,1000.0,0.0
atlanta,28145,2023-06-23,grid_02,0.2,0.3,BLOCK_RANGE_ONLY,8.0,quadratic_minus_linear,temperature_equivalent,K,ESTIMABLE,0.0108181709691734,-0.0154046048049366,0.0375458536373599,0.012729330511335,0.0529504584422966,1000.0,0.0
atlanta,28145,2023-06-23,grid_02,0.2,0.3,BLOCK_RANGE_ONLY,8.0,quadratic_minus_linear,temperature_minus_equivalent,K,ESTIMABLE,0.0239867325262999,0.0139382486680875,0.0343657053322451,0.0052164429158516,0.0204274566641576,1000.0,0.0
atlanta,28145,2023-06-23,grid_03,0.3,0.4,BLOCK_RANGE_ONLY,1.0,linear,temperature,K,ESTIMABLE,0.221804724576116,0.2046551830021607,0.2390428150125113,0.0085358713805754,0.0343876320103506,1000.0,0.0
atlanta,28145,2023-06-23,grid_03,0.3,0.4,BLOCK_RANGE_ONLY,1.0,linear,emitted_flux,W/m2,ESTIMABLE,1.4122495435618492,1.3028671751042045,1.5248222558219002,0.0557598175290018,0.2219550807176957,1000.0,0.0
atlanta,28145,2023-06-23,grid_03,0.3,0.4,BLOCK_RANGE_ONLY,1.0,linear,temperature_equivalent,K,ESTIMABLE,0.2109338753857059,0.1945813378796231,0.2277660289424133,0.0083366629963054,0.0331846910627902,1000.0,0.0
atlanta,28145,2023-06-23,grid_03,0.3,0.4,BLOCK_RANGE_ONLY,1.0,linear,temperature_minus_equivalent,K,ESTIMABLE,0.01087084919041,0.0041183720958953,0.0176089609190401,0.0034731676242328,0.0134905888231447,1000.0,0.0
atlanta,28145,2023-06-23,grid_03,0.3,0.4,BLOCK_RANGE_ONLY,1.0,quadratic,temperature,K,ESTIMABLE,0.2422279308791816,0.2195655251090418,0.2636573192697258,0.0110301612500987,0.044091794160684,1000.0,0.0
atlanta,28145,2023-06-23,grid_03,0.3,0.4,BLOCK_RANGE_ONLY,1.0,quadratic,emitted_flux,W/m2,ESTIMABLE,1.454705949906172,1.3108840611697403,1.5937075219061934,0.0716280383114981,0.2828234607364528,1000.0,0.0
atlanta,28145,2023-06-23,grid_03,0.3,0.4,BLOCK_RANGE_ONLY,1.0,quadratic,temperature_equivalent,K,ESTIMABLE,0.2172817461054705,0.1957797664722051,0.2380672591014899,0.0107097812230798,0.0422874926292848,1000.0,0.0
atlanta,28145,2023-06-23,grid_03,0.3,0.4,BLOCK_RANGE_ONLY,1.0,quadratic,temperature_minus_equivalent,K,ESTIMABLE,0.024946184773711,0.0164338123320985,0.033148630866206,0.0042579858179902,0.0167148185341075,1000.0,0.0
atlanta,28145,2023-06-23,grid_03,0.3,0.4,BLOCK_RANGE_ONLY,1.0,quadratic_minus_linear,temperature,K,ESTIMABLE,0.0204232063030656,0.0083611541257708,0.032508877647305,0.0064008237562828,0.0241477235215341,1000.0,0.0
atlanta,28145,2023-06-23,grid_03,0.3,0.4,BLOCK_RANGE_ONLY,1.0,quadratic_minus_linear,emitted_flux,W/m2,ESTIMABLE,0.0424564063443226,-0.0403040465014041,0.1226906988939504,0.0417179939819809,0.1629947453953546,1000.0,0.0
atlanta,28145,2023-06-23,grid_03,0.3,0.4,BLOCK_RANGE_ONLY,1.0,quadratic_minus_linear,temperature_equivalent,K,ESTIMABLE,0.0063478707197646,-0.0060255474318623,0.0183450096377057,0.0062376645406934,0.0243705570695681,1000.0,0.0
atlanta,28145,2023-06-23,grid_03,0.3,0.4,BLOCK_RANGE_ONLY,1.0,quadratic_minus_linear,temperature_minus_equivalent,K,ESTIMABLE,0.014075335583301,0.0091432981033349,0.0185462976136883,0.0024632823048429,0.0094029995103534,1000.0,0.0
atlanta,28145,2023-06-23,grid_03,0.3,0.4,BLOCK_RANGE_ONLY,8.0,linear,temperature,K,ESTIMABLE,0.221804724576116,0.1992524040537499,0.2433932198008074,0.0109871975717534,0.0441408157470575,1000.0,0.0
atlanta,28145,2023-06-23,grid_03,0.3,0.4,BLOCK_RANGE_ONLY,8.0,linear,emitted_flux,W/m2,ESTIMABLE,1.4122495435618492,1.2608193091255118,1.547621300238083,0.0739850059604401,0.2868019911125712,1000.0,0.0
atlanta,28145,2023-06-23,grid_03,0.3,0.4,BLOCK_RANGE_ONLY,8.0,linear,temperature_equivalent,K,ESTIMABLE,0.2109338753857059,0.1882959092467402,0.2311753281707624,0.0110614982307204,0.0428794189240221,1000.0,0.0
atlanta,28145,2023-06-23,grid_03,0.3,0.4,BLOCK_RANGE_ONLY,8.0,linear,temperature_minus_equivalent,K,ESTIMABLE,0.01087084919041,0.0013898357955515,0.0197162251730199,0.0047442876241582,0.0183263893774684,1000.0,0.0
atlanta,28145,2023-06-23,grid_03,0.3,0.4,BLOCK_RANGE_ONLY,8.0,quadratic,temperature,K,ESTIMABLE,0.2422279308791816,0.2145443808425298,0.2684152483823071,0.0143469537959872,0.0538708675397772,1000.0,0.0
atlanta,28145,2023-06-23,grid_03,0.3,0.4,BLOCK_RANGE_ONLY,8.0,quadratic,emitted_flux,W/m2,ESTIMABLE,1.454705949906172,1.2703401923769233,1.6266015559370042,0.0918478681734437,0.3562613635600808,1000.0,0.0
atlanta,28145,2023-06-23,grid_03,0.3,0.4,BLOCK_RANGE_ONLY,8.0,quadratic,temperature_equivalent,K,ESTIMABLE,0.2172817461054705,0.1897190834808867,0.2429866508785408,0.0137329790831174,0.0532675673976541,1000.0,0.0
atlanta,28145,2023-06-23,grid_03,0.3,0.4,BLOCK_RANGE_ONLY,8.0,quadratic,temperature_minus_equivalent,K,ESTIMABLE,0.024946184773711,0.013206899844054,0.0373560309535437,0.006162698101124,0.0241491311094897,1000.0,0.0
atlanta,28145,2023-06-23,grid_03,0.3,0.4,BLOCK_RANGE_ONLY,8.0,quadratic_minus_linear,temperature,K,ESTIMABLE,0.0204232063030656,0.0050622440462476,0.0353471415530086,0.0077400715021574,0.0302848975067609,1000.0,0.0
atlanta,28145,2023-06-23,grid_03,0.3,0.4,BLOCK_RANGE_ONLY,8.0,quadratic_minus_linear,emitted_flux,W/m2,ESTIMABLE,0.0424564063443226,-0.0611494810948443,0.1461253955220471,0.0498411948449555,0.2072748766168915,1000.0,0.0
atlanta,28145,2023-06-23,grid_03,0.3,0.4,BLOCK_RANGE_ONLY,8.0,quadratic_minus_linear,temperature_equivalent,K,ESTIMABLE,0.0063478707197646,-0.0091424096905711,0.0218516175874569,0.0074523060132603,0.0309940272780281,1000.0,0.0
atlanta,28145,2023-06-23,grid_03,0.3,0.4,BLOCK_RANGE_ONLY,8.0,quadratic_minus_linear,temperature_minus_equivalent,K,ESTIMABLE,0.014075335583301,0.0081591468489424,0.0202243189600908,0.0030870549031274,0.0120651721111484,1000.0,0.0
atlanta,28145,2023-06-23,grid_04,0.4,0.5,BLOCK_RANGE_ONLY,1.0,linear,temperature,K,ESTIMABLE,0.2218047245761158,0.2046551830021606,0.2390428150125112,0.0085358713805753,0.0343876320103506,1000.0,0.0
atlanta,28145,2023-06-23,grid_04,0.4,0.5,BLOCK_RANGE_ONLY,1.0,linear,emitted_flux,W/m2,ESTIMABLE,1.4122495435618485,1.3028671751042036,1.5248222558218991,0.0557598175290018,0.2219550807176957,1000.0,0.0
atlanta,28145,2023-06-23,grid_04,0.4,0.5,BLOCK_RANGE_ONLY,1.0,linear,temperature_equivalent,K,ESTIMABLE,0.2109338753857059,0.1945813378796231,0.2277660289424133,0.0083366629963054,0.0331846910627902,1000.0,0.0
atlanta,28145,2023-06-23,grid_04,0.4,0.5,BLOCK_RANGE_ONLY,1.0,linear,temperature_minus_equivalent,K,ESTIMABLE,0.0108708491904099,0.0041183720958952,0.01760896091904,0.0034731676242327,0.0134905888231447,1000.0,0.0
atlanta,28145,2023-06-23,grid_04,0.4,0.5,BLOCK_RANGE_ONLY,1.0,quadratic,temperature,K,ESTIMABLE,0.2278462336867737,0.2098574881214475,0.2455782024978387,0.0088684479399681,0.0357207143763911,1000.0,0.0
atlanta,28145,2023-06-23,grid_04,0.4,0.5,BLOCK_RANGE_ONLY,1.0,quadratic,emitted_flux,W/m2,ESTIMABLE,1.4248088235264504,1.310358896399305,1.5417368013075363,0.0578338188263741,0.2313779049082316,1000.0,0.0
atlanta,28145,2023-06-23,grid_04,0.4,0.5,BLOCK_RANGE_ONLY,1.0,quadratic,temperature_equivalent,K,ESTIMABLE,0.2128116364359584,0.195701260203721,0.2302953676247114,0.0086469084695529,0.0345941074209903,1000.0,0.0
atlanta,28145,2023-06-23,grid_04,0.4,0.5,BLOCK_RANGE_ONLY,1.0,quadratic,temperature_minus_equivalent,K,ESTIMABLE,0.0150345972508152,0.0084548446215981,0.0221056991762201,0.0035391739974323,0.013650854554622,1000.0,0.0
atlanta,28145,2023-06-23,grid_04,0.4,0.5,BLOCK_RANGE_ONLY,1.0,quadratic_minus_linear,temperature,K,ESTIMABLE,0.0060415091106578,0.0024307870863687,0.0095708997702854,0.0018899791930484,0.0071401126839167,1000.0,0.0
atlanta,28145,2023-06-23,grid_04,0.4,0.5,BLOCK_RANGE_ONLY,1.0,quadratic_minus_linear,emitted_flux,W/m2,ESTIMABLE,0.0125592799646021,-0.0120722976786722,0.0360894351347072,0.0123283774988128,0.0481617328133794,1000.0,0.0
atlanta,28145,2023-06-23,grid_04,0.4,0.5,BLOCK_RANGE_ONLY,1.0,quadratic_minus_linear,temperature_equivalent,K,ESTIMABLE,0.0018777610502525,-0.0018047189832472,0.0053959387323843,0.001843260123942,0.0072006577156315,1000.0,0.0
atlanta,28145,2023-06-23,grid_04,0.4,0.5,BLOCK_RANGE_ONLY,1.0,quadratic_minus_linear,temperature_minus_equivalent,K,ESTIMABLE,0.0041637480604053,0.0026889547261559,0.0055320280535323,0.0007340408578646,0.0028430733273763,1000.0,0.0
atlanta,28145,2023-06-23,grid_04,0.4,0.5,BLOCK_RANGE_ONLY,8.0,linear,temperature,K,ESTIMABLE,0.2218047245761158,0.1992524040537498,0.2433932198008073,0.0109871975717534,0.0441408157470574,1000.0,0.0
atlanta,28145,2023-06-23,grid_04,0.4,0.5,BLOCK_RANGE_ONLY,8.0,linear,emitted_flux,W/m2,ESTIMABLE,1.4122495435618485,1.260819309125511,1.547621300238082,0.0739850059604401,0.286801991112571,1000.0,0.0
atlanta,28145,2023-06-23,grid_04,0.4,0.5,BLOCK_RANGE_ONLY,8.0,linear,temperature_equivalent,K,ESTIMABLE,0.2109338753857059,0.1882959092467402,0.2311753281707624,0.0110614982307202,0.0428794189240221,1000.0,0.0
atlanta,28145,2023-06-23,grid_04,0.4,0.5,BLOCK_RANGE_ONLY,8.0,linear,temperature_minus_equivalent,K,ESTIMABLE,0.0108708491904099,0.0013898357955514,0.0197162251730198,0.0047442876241581,0.0183263893774684,1000.0,0.0
atlanta,28145,2023-06-23,grid_04,0.4,0.5,BLOCK_RANGE_ONLY,8.0,quadratic,temperature,K,ESTIMABLE,0.2278462336867737,0.2052246050118628,0.2501193090396169,0.0114741131572358,0.044894704027754,1000.0,0.0
atlanta,28145,2023-06-23,grid_04,0.4,0.5,BLOCK_RANGE_ONLY,8.0,quadratic,emitted_flux,W/m2,ESTIMABLE,1.4248088235264504,1.2662351097638551,1.5635893259205598,0.0762167702442894,0.2973542161567044,1000.0,0.0
atlanta,28145,2023-06-23,grid_04,0.4,0.5,BLOCK_RANGE_ONLY,8.0,quadratic,temperature_equivalent,K,ESTIMABLE,0.2128116364359584,0.1891054565061026,0.2335632038084355,0.011395348445298,0.0444577473023329,1000.0,0.0
atlanta,28145,2023-06-23,grid_04,0.4,0.5,BLOCK_RANGE_ONLY,8.0,quadratic,temperature_minus_equivalent,K,ESTIMABLE,0.0150345972508152,0.0055753827985089,0.0245457150945688,0.0050053531284124,0.0189703322960598,1000.0,0.0
atlanta,28145,2023-06-23,grid_04,0.4,0.5,BLOCK_RANGE_ONLY,8.0,quadratic_minus_linear,temperature,K,ESTIMABLE,0.0060415091106578,0.0015535167738907,0.0104893464776073,0.0022377097944869,0.0089358297037165,1000.0,0.0
atlanta,28145,2023-06-23,grid_04,0.4,0.5,BLOCK_RANGE_ONLY,8.0,quadratic_minus_linear,emitted_flux,W/m2,ESTIMABLE,0.0125592799646021,-0.0190413836146748,0.04115513593282,0.0145846192701824,0.0601965195474948,1000.0,0.0
atlanta,28145,2023-06-23,grid_04,0.4,0.5,BLOCK_RANGE_ONLY,8.0,quadratic_minus_linear,temperature_equivalent,K,ESTIMABLE,0.0018777610502525,-0.0028462982917886,0.006153172077478,0.0021806026214346,0.0089994703692667,1000.0,0.0
atlanta,28145,2023-06-23,grid_04,0.4,0.5,BLOCK_RANGE_ONLY,8.0,quadratic_minus_linear,temperature_minus_equivalent,K,ESTIMABLE,0.0041637480604053,0.0024028151845427,0.0061849827103174,0.0009813525726605,0.0037821675257746,1000.0,0.0
atlanta,28145,2023-06-23,grid_05,0.5,0.6,BLOCK_RANGE_ONLY,1.0,linear,temperature,K,ESTIMABLE,0.2218047245761158,0.2046551830021606,0.2390428150125112,0.0085358713805753,0.0343876320103506,1000.0,0.0
atlanta,28145,2023-06-23,grid_05,0.5,0.6,BLOCK_RANGE_ONLY,1.0,linear,emitted_flux,W/m2,ESTIMABLE,1.4122495435618485,1.3028671751042036,1.5248222558218991,0.0557598175290018,0.2219550807176957,1000.0,0.0
atlanta,28145,2023-06-23,grid_05,0.5,0.6,BLOCK_RANGE_ONLY,1.0,linear,temperature_equivalent,K,ESTIMABLE,0.2109338753857059,0.1945813378796231,0.2277660289424133,0.0083366629963054,0.0331846910627902,1000.0,0.0
atlanta,28145,2023-06-23,grid_05,0.5,0.6,BLOCK_RANGE_ONLY,1.0,linear,temperature_minus_equivalent,K,ESTIMABLE,0.0108708491904099,0.0041183720958952,0.01760896091904,0.0034731676242327,0.0134905888231447,1000.0,0.0
atlanta,28145,2023-06-23,grid_05,0.5,0.6,BLOCK_RANGE_ONLY,1.0,quadratic,temperature,K,ESTIMABLE,0.2134645364943659,0.1958588351253192,0.2312688532639929,0.0087419230606151,0.0354100181386737,1000.0,0.0
atlanta,28145,2023-06-23,grid_05,0.5,0.6,BLOCK_RANGE_ONLY,1.0,quadratic,emitted_flux,W/m2,ESTIMABLE,1.3949116971467297,1.2811737806153347,1.507591329514976,0.0573339914907887,0.2264175488996411,1000.0,0.0
atlanta,28145,2023-06-23,grid_05,0.5,0.6,BLOCK_RANGE_ONLY,1.0,quadratic,temperature_equivalent,K,ESTIMABLE,0.2083417173274142,0.1913385035187459,0.2251894425830642,0.0085717959427672,0.0338509390643182,1000.0,0.0
atlanta,28145,2023-06-23,grid_05,0.5,0.6,BLOCK_RANGE_ONLY,1.0,quadratic,temperature_minus_equivalent,K,ESTIMABLE,0.0051228191669516,-0.0015918669688799,0.0122319160057089,0.003597374423437,0.0138237829745888,1000.0,0.0
atlanta,28145,2023-06-23,grid_05,0.5,0.6,BLOCK_RANGE_ONLY,1.0,quadratic_minus_linear,temperature,K,ESTIMABLE,-0.0083401880817499,-0.0133422459878023,-0.003366013458636,0.0026382638636728,0.0099762325291662,1000.0,0.0
atlanta,28145,2023-06-23,grid_05,0.5,0.6,BLOCK_RANGE_ONLY,1.0,quadratic_minus_linear,emitted_flux,W/m2,ESTIMABLE,-0.0173378464151185,-0.0501707923770072,0.0160426348619715,0.0170835597625735,0.0662134272389788,1000.0,0.0
atlanta,28145,2023-06-23,grid_05,0.5,0.6,BLOCK_RANGE_ONLY,1.0,quadratic_minus_linear,temperature_equivalent,K,ESTIMABLE,-0.0025921580582917,-0.0075008619508082,0.002398273649274,0.0025541183545356,0.0098991356000823,1000.0,0.0
atlanta,28145,2023-06-23,grid_05,0.5,0.6,BLOCK_RANGE_ONLY,1.0,quadratic_minus_linear,temperature_minus_equivalent,K,ESTIMABLE,-0.0057480300234582,-0.0076188590599169,-0.0037367417077562,0.0010149200291399,0.0038821173521607,1000.0,0.0
atlanta,28145,2023-06-23,grid_05,0.5,0.6,BLOCK_RANGE_ONLY,8.0,linear,temperature,K,ESTIMABLE,0.2218047245761158,0.1992524040537498,0.2433932198008073,0.0109871975717534,0.0441408157470574,1000.0,0.0
atlanta,28145,2023-06-23,grid_05,0.5,0.6,BLOCK_RANGE_ONLY,8.0,linear,emitted_flux,W/m2,ESTIMABLE,1.4122495435618485,1.260819309125511,1.547621300238082,0.0739850059604401,0.286801991112571,1000.0,0.0
atlanta,28145,2023-06-23,grid_05,0.5,0.6,BLOCK_RANGE_ONLY,8.0,linear,temperature_equivalent,K,ESTIMABLE,0.2109338753857059,0.1882959092467402,0.2311753281707624,0.0110614982307202,0.0428794189240221,1000.0,0.0
atlanta,28145,2023-06-23,grid_05,0.5,0.6,BLOCK_RANGE_ONLY,8.0,linear,temperature_minus_equivalent,K,ESTIMABLE,0.0108708491904099,0.0013898357955514,0.0197162251730198,0.0047442876241581,0.0183263893774684,1000.0,0.0
atlanta,28145,2023-06-23,grid_05,0.5,0.6,BLOCK_RANGE_ONLY,8.0,quadratic,temperature,K,ESTIMABLE,0.2134645364943659,0.1911430624315338,0.2350101975001046,0.0108912306285555,0.0438671350685708,1000.0,0.0
atlanta,28145,2023-06-23,grid_05,0.5,0.6,BLOCK_RANGE_ONLY,8.0,quadratic,emitted_flux,W/m2,ESTIMABLE,1.3949116971467297,1.2420666083536824,1.5405066254372015,0.075322811487068,0.2984400170835191,1000.0,0.0
atlanta,28145,2023-06-23,grid_05,0.5,0.6,BLOCK_RANGE_ONLY,8.0,quadratic,temperature_equivalent,K,ESTIMABLE,0.2083417173274142,0.1854928261221658,0.2301114096151579,0.0112612735337121,0.044618583492992,1000.0,0.0
atlanta,28145,2023-06-23,grid_05,0.5,0.6,BLOCK_RANGE_ONLY,8.0,quadratic,temperature_minus_equivalent,K,ESTIMABLE,0.0051228191669516,-0.0040766570693449,0.0136927106800715,0.004608833657428,0.0177693677494164,1000.0,0.0
atlanta,28145,2023-06-23,grid_05,0.5,0.6,BLOCK_RANGE_ONLY,8.0,quadratic_minus_linear,temperature,K,ESTIMABLE,-0.0083401880817499,-0.015499761200019,-0.0019833981946775,0.0033540163578389,0.0135163630053414,1000.0,0.0
atlanta,28145,2023-06-23,grid_05,0.5,0.6,BLOCK_RANGE_ONLY,8.0,quadratic_minus_linear,emitted_flux,W/m2,ESTIMABLE,-0.0173378464151185,-0.0623266867682415,0.0236105076911469,0.0208048604975043,0.0859371944593885,1000.0,0.0
atlanta,28145,2023-06-23,grid_05,0.5,0.6,BLOCK_RANGE_ONLY,8.0,quadratic_minus_linear,temperature_equivalent,K,ESTIMABLE,-0.0025921580582917,-0.0093182000438318,0.0035303194266575,0.0031104919013273,0.0128485194704893,1000.0,0.0
atlanta,28145,2023-06-23,grid_05,0.5,0.6,BLOCK_RANGE_ONLY,8.0,quadratic_minus_linear,temperature_minus_equivalent,K,ESTIMABLE,-0.0057480300234582,-0.0081127046039934,-0.0033172485101172,0.0012288385151699,0.0047954560938761,1000.0,0.0
atlanta,28145,2023-06-23,grid_06,0.6,0.7,BLOCK_RANGE_ONLY,1.0,linear,temperature,K,ESTIMABLE,0.2218047245761158,0.2046551830021606,0.2390428150125112,0.0085358713805753,0.0343876320103506,1000.0,0.0
atlanta,28145,2023-06-23,grid_06,0.6,0.7,BLOCK_RANGE_ONLY,1.0,linear,emitted_flux,W/m2,ESTIMABLE,1.4122495435618485,1.3028671751042036,1.5248222558218991,0.0557598175290018,0.2219550807176957,1000.0,0.0
atlanta,28145,2023-06-23,grid_06,0.6,0.7,BLOCK_RANGE_ONLY,1.0,linear,temperature_equivalent,K,ESTIMABLE,0.2109338753857059,0.1945813378796231,0.2277660289424133,0.0083366629963054,0.0331846910627902,1000.0,0.0
atlanta,28145,2023-06-23,grid_06,0.6,0.7,BLOCK_RANGE_ONLY,1.0,linear,temperature_minus_equivalent,K,ESTIMABLE,0.0108708491904099,0.0041183720958952,0.01760896091904,0.0034731676242327,0.0134905888231447,1000.0,0.0
atlanta,28145,2023-06-23,grid_06,0.6,0.7,BLOCK_RANGE_ONLY,1.0,quadratic,temperature,K,ESTIMABLE,0.1990828393019581,0.1777810296979444,0.2203531780935418,0.0107228730760253,0.0425721483955974,1000.0,0.0
atlanta,28145,2023-06-23,grid_06,0.6,0.7,BLOCK_RANGE_ONLY,1.0,quadratic,emitted_flux,W/m2,ESTIMABLE,1.3650145707670092,1.2257855809215124,1.5063358441680654,0.0704122419258565,0.2805502632465531,1000.0,0.0
atlanta,28145,2023-06-23,grid_06,0.6,0.7,BLOCK_RANGE_ONLY,1.0,quadratic,temperature_equivalent,K,ESTIMABLE,0.2038719887608522,0.1830592603464907,0.2250017089840113,0.01052662418838,0.0419424486375206,1000.0,0.0
atlanta,28145,2023-06-23,grid_06,0.6,0.7,BLOCK_RANGE_ONLY,1.0,quadratic,temperature_minus_equivalent,K,ESTIMABLE,-0.004789149458894,-0.013319728292149,0.004310419835791,0.0044018236944626,0.01763014812794,1000.0,0.0
atlanta,28145,2023-06-23,grid_06,0.6,0.7,BLOCK_RANGE_ONLY,1.0,quadratic_minus_linear,temperature,K,ESTIMABLE,-0.0227218852741577,-0.0360732591437903,-0.0092964153509087,0.0071509292649006,0.0267768437928815,1000.0,0.0
atlanta,28145,2023-06-23,grid_06,0.6,0.7,BLOCK_RANGE_ONLY,1.0,quadratic_minus_linear,emitted_flux,W/m2,ESTIMABLE,-0.0472349727948391,-0.1364494985357095,0.0442282509737487,0.0464754600741633,0.1806777495094582,1000.0,0.0
atlanta,28145,2023-06-23,grid_06,0.6,0.7,BLOCK_RANGE_ONLY,1.0,quadratic_minus_linear,temperature_equivalent,K,ESTIMABLE,-0.0070618866248537,-0.0203988813264757,0.0066124665906258,0.0069481379660377,0.0270113479171016,1000.0,0.0
atlanta,28145,2023-06-23,grid_06,0.6,0.7,BLOCK_RANGE_ONLY,1.0,quadratic_minus_linear,temperature_minus_equivalent,K,ESTIMABLE,-0.0156599986493039,-0.0206958974345569,-0.0101560653785604,0.0027460986586301,0.0105398320559965,1000.0,0.0
atlanta,28145,2023-06-23,grid_06,0.6,0.7,BLOCK_RANGE_ONLY,8.0,linear,temperature,K,ESTIMABLE,0.2218047245761158,0.1992524040537498,0.2433932198008073,0.0109871975717534,0.0441408157470574,1000.0,0.0
atlanta,28145,2023-06-23,grid_06,0.6,0.7,BLOCK_RANGE_ONLY,8.0,linear,emitted_flux,W/m2,ESTIMABLE,1.4122495435618485,1.260819309125511,1.547621300238082,0.0739850059604401,0.286801991112571,1000.0,0.0
atlanta,28145,2023-06-23,grid_06,0.6,0.7,BLOCK_RANGE_ONLY,8.0,linear,temperature_equivalent,K,ESTIMABLE,0.2109338753857059,0.1882959092467402,0.2311753281707624,0.0110614982307202,0.0428794189240221,1000.0,0.0
atlanta,28145,2023-06-23,grid_06,0.6,0.7,BLOCK_RANGE_ONLY,8.0,linear,temperature_minus_equivalent,K,ESTIMABLE,0.0108708491904099,0.0013898357955514,0.0197162251730198,0.0047442876241581,0.0183263893774684,1000.0,0.0
atlanta,28145,2023-06-23,grid_06,0.6,0.7,BLOCK_RANGE_ONLY,8.0,quadratic,temperature,K,ESTIMABLE,0.1990828393019581,0.1734546033438332,0.2238724365158426,0.0129122414321526,0.0504178331720093,1000.0,0.0
atlanta,28145,2023-06-23,grid_06,0.6,0.7,BLOCK_RANGE_ONLY,8.0,quadratic,emitted_flux,W/m2,ESTIMABLE,1.3650145707670092,1.1995305328836603,1.5466973216327236,0.0896081496268227,0.347166788749063,1000.0,0.0
atlanta,28145,2023-06-23,grid_06,0.6,0.7,BLOCK_RANGE_ONLY,8.0,quadratic,temperature_equivalent,K,ESTIMABLE,0.2038719887608522,0.1791349716984513,0.2310371570933298,0.0133965102158947,0.0519021853948785,1000.0,0.0
atlanta,28145,2023-06-23,grid_06,0.6,0.7,BLOCK_RANGE_ONLY,8.0,quadratic,temperature_minus_equivalent,K,ESTIMABLE,-0.004789149458894,-0.0147382197539872,0.0051328078106508,0.0051518488584901,0.0198710275646381,1000.0,0.0
atlanta,28145,2023-06-23,grid_06,0.6,0.7,BLOCK_RANGE_ONLY,8.0,quadratic_minus_linear,temperature,K,ESTIMABLE,-0.0227218852741577,-0.0409379739906409,-0.0055509895208032,0.0088676348972787,0.0353869844698376,1000.0,0.0
atlanta,28145,2023-06-23,grid_06,0.6,0.7,BLOCK_RANGE_ONLY,8.0,quadratic_minus_linear,emitted_flux,W/m2,ESTIMABLE,-0.0472349727948391,-0.1672481859651826,0.0649554583452038,0.0560761803867393,0.2322036443103864,1000.0,0.0
atlanta,28145,2023-06-23,grid_06,0.6,0.7,BLOCK_RANGE_ONLY,8.0,quadratic_minus_linear,temperature_equivalent,K,ESTIMABLE,-0.0070618866248537,-0.0250092096816246,0.0097086916078467,0.0083834412227824,0.0347179012894713,1000.0,0.0
atlanta,28145,2023-06-23,grid_06,0.6,0.7,BLOCK_RANGE_ONLY,8.0,quadratic_minus_linear,temperature_minus_equivalent,K,ESTIMABLE,-0.0156599986493039,-0.022310294843388,-0.0089884659550229,0.0033421874436123,0.0133218288883651,1000.0,0.0
atlanta,28145,2023-06-23,grid_07,0.7,0.8,BLOCK_RANGE_ONLY,1.0,linear,temperature,K,ESTIMABLE,0.2218047245761161,0.2046551830021608,0.2390428150125114,0.0085358713805754,0.0343876320103506,1000.0,0.0
atlanta,28145,2023-06-23,grid_07,0.7,0.8,BLOCK_RANGE_ONLY,1.0,linear,emitted_flux,W/m2,ESTIMABLE,1.4122495435618498,1.3028671751042051,1.524822255821901,0.0557598175290018,0.2219550807176957,1000.0,0.0
atlanta,28145,2023-06-23,grid_07,0.7,0.8,BLOCK_RANGE_ONLY,1.0,linear,temperature_equivalent,K,ESTIMABLE,0.2109338753857059,0.1945813378796231,0.2277660289424133,0.0083366629963054,0.0331846910627902,1000.0,0.0
atlanta,28145,2023-06-23,grid_07,0.7,0.8,BLOCK_RANGE_ONLY,1.0,linear,temperature_minus_equivalent,K,ESTIMABLE,0.0108708491904101,0.0041183720958955,0.0176089609190403,0.0034731676242328,0.0134905888231447,1000.0,0.0
atlanta,28145,2023-06-23,grid_07,0.7,0.8,BLOCK_RANGE_ONLY,1.0,quadratic,temperature,K,ESTIMABLE,0.1847011421095505,0.156982826587137,0.2130574410228962,0.0139400765236216,0.0560746144357591,1000.0,0.0
atlanta,28145,2023-06-23,grid_07,0.7,0.8,BLOCK_RANGE_ONLY,1.0,quadratic,emitted_flux,W/m2,ESTIMABLE,1.33511744438729,1.1489805120597816,1.5142711235656876,0.0914157661364847,0.365290611505906,1000.0,0.0
atlanta,28145,2023-06-23,grid_07,0.7,0.8,BLOCK_RANGE_ONLY,1.0,quadratic,temperature_equivalent,K,ESTIMABLE,0.1994024507174003,0.1715797764943104,0.2261882824836263,0.0136660838680521,0.0546085059893158,1000.0,0.0
atlanta,28145,2023-06-23,grid_07,0.7,0.8,BLOCK_RANGE_ONLY,1.0,quadratic,temperature_minus_equivalent,K,ESTIMABLE,-0.0147013086078498,-0.0252411388421086,-0.0036232271135228,0.0056418223426199,0.0216179117285858,1000.0,0.0
atlanta,28145,2023-06-23,grid_07,0.7,0.8,BLOCK_RANGE_ONLY,1.0,quadratic_minus_linear,temperature,K,ESTIMABLE,-0.0371035824665655,-0.0588435434034541,-0.0152359013176981,0.0116661082097633,0.0436076420857559,1000.0,0.0
atlanta,28145,2023-06-23,grid_07,0.7,0.8,BLOCK_RANGE_ONLY,1.0,quadratic_minus_linear,emitted_flux,W/m2,ESTIMABLE,-0.0771320991745598,-0.222746475945282,0.0724261007349868,0.0758706136563061,0.2951725766802689,1000.0,0.0
atlanta,28145,2023-06-23,grid_07,0.7,0.8,BLOCK_RANGE_ONLY,1.0,quadratic_minus_linear,temperature_equivalent,K,ESTIMABLE,-0.0115314246683055,-0.033298029725914,0.0108287544659546,0.0113422810178094,0.0441267841918687,1000.0,0.0
atlanta,28145,2023-06-23,grid_07,0.7,0.8,BLOCK_RANGE_ONLY,1.0,quadratic_minus_linear,temperature_minus_equivalent,K,ESTIMABLE,-0.0255721577982599,-0.0338278887899074,-0.0165007150459604,0.0044801072454161,0.0173271737439469,1000.0,0.0
atlanta,28145,2023-06-23,grid_07,0.7,0.8,BLOCK_RANGE_ONLY,8.0,linear,temperature,K,ESTIMABLE,0.2218047245761161,0.19925240405375,0.2433932198008075,0.0109871975717534,0.0441408157470575,1000.0,0.0
atlanta,28145,2023-06-23,grid_07,0.7,0.8,BLOCK_RANGE_ONLY,8.0,linear,emitted_flux,W/m2,ESTIMABLE,1.4122495435618498,1.2608193091255124,1.5476213002380836,0.0739850059604402,0.2868019911125712,1000.0,0.0
atlanta,28145,2023-06-23,grid_07,0.7,0.8,BLOCK_RANGE_ONLY,8.0,linear,temperature_equivalent,K,ESTIMABLE,0.2109338753857059,0.1882959092467402,0.2311753281707624,0.0110614982307204,0.0428794189240221,1000.0,0.0
atlanta,28145,2023-06-23,grid_07,0.7,0.8,BLOCK_RANGE_ONLY,8.0,linear,temperature_minus_equivalent,K,ESTIMABLE,0.0108708491904101,0.0013898357955516,0.0197162251730201,0.0047442876241582,0.0183263893774684,1000.0,0.0
atlanta,28145,2023-06-23,grid_07,0.7,0.8,BLOCK_RANGE_ONLY,8.0,quadratic,temperature,K,ESTIMABLE,0.1847011421095505,0.1524143245419771,0.2172828224231572,0.0166125403035925,0.0648684978811801,1000.0,0.0
atlanta,28145,2023-06-23,grid_07,0.7,0.8,BLOCK_RANGE_ONLY,8.0,quadratic,emitted_flux,W/m2,ESTIMABLE,1.33511744438729,1.120670834047351,1.5626736662092326,0.1134781023552599,0.4420028321618816,1000.0,0.0
atlanta,28145,2023-06-23,grid_07,0.7,0.8,BLOCK_RANGE_ONLY,8.0,quadratic,temperature_equivalent,K,ESTIMABLE,0.1994024507174003,0.1673488558905703,0.233426273613287,0.0169643571682061,0.0660774177227167,1000.0,0.0
atlanta,28145,2023-06-23,grid_07,0.7,0.8,BLOCK_RANGE_ONLY,8.0,quadratic,temperature_minus_equivalent,K,ESTIMABLE,-0.0147013086078498,-0.0266003498903618,-0.0017938264539346,0.0063994917745275,0.0248065234364272,1000.0,0.0
atlanta,28145,2023-06-23,grid_07,0.7,0.8,BLOCK_RANGE_ONLY,8.0,quadratic_minus_linear,temperature,K,ESTIMABLE,-0.0371035824665655,-0.0662230289062788,-0.0089895021389072,0.0143931898463369,0.0572335267673715,1000.0,0.0
atlanta,28145,2023-06-23,grid_07,0.7,0.8,BLOCK_RANGE_ONLY,8.0,quadratic_minus_linear,emitted_flux,W/m2,ESTIMABLE,-0.0771320991745598,-0.2731268905792428,0.1064742184461877,0.0913662874291867,0.3796011090254306,1000.0,0.0
atlanta,28145,2023-06-23,grid_07,0.7,0.8,BLOCK_RANGE_ONLY,8.0,quadratic_minus_linear,temperature_equivalent,K,ESTIMABLE,-0.0115314246683055,-0.0408385430086795,0.0159148463147189,0.0136587204234567,0.0567533893233985,1000.0,0.0
atlanta,28145,2023-06-23,grid_07,0.7,0.8,BLOCK_RANGE_ONLY,8.0,quadratic_minus_linear,temperature_minus_equivalent,K,ESTIMABLE,-0.0255721577982599,-0.0365546232573606,-0.0147823420983329,0.005472011432101,0.0217722811590277,1000.0,0.0
atlanta,28145,2023-06-23,grid_08,0.8,0.9,BLOCK_RANGE_ONLY,1.0,linear,temperature,K,ESTIMABLE,0.2218047245761158,0.2046551830021606,0.2390428150125112,0.0085358713805753,0.0343876320103506,1000.0,0.0
atlanta,28145,2023-06-23,grid_08,0.8,0.9,BLOCK_RANGE_ONLY,1.0,linear,emitted_flux,W/m2,ESTIMABLE,1.4122495435618485,1.3028671751042036,1.5248222558218991,0.0557598175290018,0.2219550807176957,1000.0,0.0
atlanta,28145,2023-06-23,grid_08,0.8,0.9,BLOCK_RANGE_ONLY,1.0,linear,temperature_equivalent,K,ESTIMABLE,0.2109338753857059,0.1945813378796231,0.2277660289424133,0.0083366629963054,0.0331846910627902,1000.0,0.0
atlanta,28145,2023-06-23,grid_08,0.8,0.9,BLOCK_RANGE_ONLY,1.0,linear,temperature_minus_equivalent,K,ESTIMABLE,0.0108708491904099,0.0041183720958952,0.01760896091904,0.0034731676242327,0.0134905888231447,1000.0,0.0
atlanta,28145,2023-06-23,grid_08,0.8,0.9,BLOCK_RANGE_ONLY,1.0,quadratic,temperature,K,ESTIMABLE,0.1703194449171426,0.1350990849503613,0.2051848312915052,0.0177329748840218,0.0700857463411438,1000.0,0.0
atlanta,28145,2023-06-23,grid_08,0.8,0.9,BLOCK_RANGE_ONLY,1.0,quadratic,emitted_flux,W/m2,ESTIMABLE,1.305220318007568,1.0792070768128974,1.5365018365352263,0.1161208940550797,0.4572947597223291,1000.0,0.0
atlanta,28145,2023-06-23,grid_08,0.8,0.9,BLOCK_RANGE_ONLY,1.0,quadratic,temperature_equivalent,K,ESTIMABLE,0.194933103178073,0.1611523480191408,0.2295125437995494,0.0173586351333522,0.0683601957804086,1000.0,0.0
atlanta,28145,2023-06-23,grid_08,0.8,0.9,BLOCK_RANGE_ONLY,1.0,quadratic,temperature_minus_equivalent,K,ESTIMABLE,-0.0246136582609303,-0.0379518635493266,-0.0107182130279653,0.0070924598049935,0.0272336505213612,1000.0,0.0
atlanta,28145,2023-06-23,grid_08,0.8,0.9,BLOCK_RANGE_ONLY,1.0,quadratic_minus_linear,temperature,K,ESTIMABLE,-0.0514852796589732,-0.0817348870022002,-0.0211753872844875,0.0161816967727505,0.0605594997177127,1000.0,0.0
atlanta,28145,2023-06-23,grid_08,0.8,0.9,BLOCK_RANGE_ONLY,1.0,quadratic_minus_linear,emitted_flux,W/m2,ESTIMABLE,-0.1070292255542804,-0.3090434533548532,0.1006088188060089,0.1052662951594634,0.4096522721608621,1000.0,0.0
atlanta,28145,2023-06-23,grid_08,0.8,0.9,BLOCK_RANGE_ONLY,1.0,quadratic_minus_linear,temperature_equivalent,K,ESTIMABLE,-0.0160007722076329,-0.0461955916157663,0.0150427826014492,0.0157361401452311,0.0612383742172156,1000.0,0.0
atlanta,28145,2023-06-23,grid_08,0.8,0.9,BLOCK_RANGE_ONLY,1.0,quadratic_minus_linear,temperature_minus_equivalent,K,ESTIMABLE,-0.0354845074513403,-0.0469988496724876,-0.0229185265985192,0.0062145420334423,0.0240803230739683,1000.0,0.0
atlanta,28145,2023-06-23,grid_08,0.8,0.9,BLOCK_RANGE_ONLY,8.0,linear,temperature,K,ESTIMABLE,0.2218047245761158,0.1992524040537498,0.2433932198008073,0.0109871975717534,0.0441408157470574,1000.0,0.0
atlanta,28145,2023-06-23,grid_08,0.8,0.9,BLOCK_RANGE_ONLY,8.0,linear,emitted_flux,W/m2,ESTIMABLE,1.4122495435618485,1.260819309125511,1.547621300238082,0.0739850059604401,0.286801991112571,1000.0,0.0
atlanta,28145,2023-06-23,grid_08,0.8,0.9,BLOCK_RANGE_ONLY,8.0,linear,temperature_equivalent,K,ESTIMABLE,0.2109338753857059,0.1882959092467402,0.2311753281707624,0.0110614982307202,0.0428794189240221,1000.0,0.0
atlanta,28145,2023-06-23,grid_08,0.8,0.9,BLOCK_RANGE_ONLY,8.0,linear,temperature_minus_equivalent,K,ESTIMABLE,0.0108708491904099,0.0013898357955514,0.0197162251730198,0.0047442876241581,0.0183263893774684,1000.0,0.0
atlanta,28145,2023-06-23,grid_08,0.8,0.9,BLOCK_RANGE_ONLY,8.0,quadratic,temperature,K,ESTIMABLE,0.1703194449171426,0.1290392554739146,0.2125265265469221,0.0211274810191193,0.0834872710730075,1000.0,0.0
atlanta,28145,2023-06-23,grid_08,0.8,0.9,BLOCK_RANGE_ONLY,8.0,quadratic,emitted_flux,W/m2,ESTIMABLE,1.305220318007568,1.0349412829820337,1.5882581272999885,0.1421847517638217,0.5533168443179546,1000.0,0.0
atlanta,28145,2023-06-23,grid_08,0.8,0.9,BLOCK_RANGE_ONLY,8.0,quadratic,temperature_equivalent,K,ESTIMABLE,0.194933103178073,0.1545374967699004,0.2372523096569466,0.021254879688179,0.0827148128870462,1000.0,0.0
atlanta,28145,2023-06-23,grid_08,0.8,0.9,BLOCK_RANGE_ONLY,8.0,quadratic,temperature_minus_equivalent,K,ESTIMABLE,-0.0246136582609303,-0.0401713658312691,-0.0086216956140636,0.0080297280934417,0.0315496702172054,1000.0,0.0
atlanta,28145,2023-06-23,grid_08,0.8,0.9,BLOCK_RANGE_ONLY,8.0,quadratic_minus_linear,temperature,K,ESTIMABLE,-0.0514852796589732,-0.0915110797602616,-0.0125019615851,0.0199207510293269,0.0790091181751616,1000.0,0.0
atlanta,28145,2023-06-23,grid_08,0.8,0.9,BLOCK_RANGE_ONLY,8.0,quadratic_minus_linear,emitted_flux,W/m2,ESTIMABLE,-0.1070292255542804,-0.3785277996077278,0.1482909931274356,0.1266594790601966,0.5268187927351635,1000.0,0.0
atlanta,28145,2023-06-23,grid_08,0.8,0.9,BLOCK_RANGE_ONLY,8.0,quadratic_minus_linear,temperature_equivalent,K,ESTIMABLE,-0.0160007722076329,-0.0565839384971866,0.0221741771412425,0.0189339820243817,0.0787581156384291,1000.0,0.0
atlanta,28145,2023-06-23,grid_08,0.8,0.9,BLOCK_RANGE_ONLY,8.0,quadratic_minus_linear,temperature_minus_equivalent,K,ESTIMABLE,-0.0354845074513403,-0.0507779436517088,-0.0205706765596711,0.0076044369324255,0.0302072670920376,1000.0,0.0
atlanta,28145,2023-06-23,grid_09,0.9,1.0,NO_SPANNING_BLOCKS,,,,,NOT_ESTIMATED_NO_REFERENCE_BLOCKS,,,,,,,
atlanta,28598,2023-07-22,near_-0.02,0.0085095386207103,0.1085095386207103,BLOCK_RANGE_ONLY,1.0,linear,temperature,K,ESTIMABLE,0.1608455050969203,0.1498332103866767,0.1715125597682842,0.0055213186991221,0.0216793493816074,1000.0,0.0
atlanta,28598,2023-07-22,near_-0.02,0.0085095386207103,0.1085095386207103,BLOCK_RANGE_ONLY,1.0,linear,emitted_flux,W/m2,ESTIMABLE,0.8826717524276035,0.8047468841977984,0.955175907734796,0.038853328421086,0.1504290235369976,1000.0,0.0
atlanta,28598,2023-07-22,near_-0.02,0.0085095386207103,0.1085095386207103,BLOCK_RANGE_ONLY,1.0,linear,temperature_equivalent,K,ESTIMABLE,0.1317863112672057,0.1201451610901727,0.1426188248568607,0.0058045931710437,0.0224736637666879,1000.0,0.0
atlanta,28598,2023-07-22,near_-0.02,0.0085095386207103,0.1085095386207103,BLOCK_RANGE_ONLY,1.0,linear,temperature_minus_equivalent,K,ESTIMABLE,0.0290591938297145,0.0247825254021706,0.0332211057701829,0.0021169085147689,0.0084385803680123,1000.0,0.0
atlanta,28598,2023-07-22,near_-0.02,0.0085095386207103,0.1085095386207103,BLOCK_RANGE_ONLY,1.0,quadratic,temperature,K,ESTIMABLE,0.2601737980739845,0.2303647786864362,0.288260093703362,0.0150918747767892,0.0578953150169258,1000.0,0.0
atlanta,28598,2023-07-22,near_-0.02,0.0085095386207103,0.1085095386207103,BLOCK_RANGE_ONLY,1.0,quadratic,emitted_flux,W/m2,ESTIMABLE,1.3633664035962356,1.1504120289370443,1.5608243284529295,0.1053286707035752,0.4104122995158854,1000.0,0.0
atlanta,28598,2023-07-22,near_-0.02,0.0085095386207103,0.1085095386207103,BLOCK_RANGE_ONLY,1.0,quadratic,temperature_equivalent,K,ESTIMABLE,0.203625587346778,0.1717937232050871,0.233149719240663,0.0157464466053032,0.0613559960355758,1000.0,0.0
atlanta,28598,2023-07-22,near_-0.02,0.0085095386207103,0.1085095386207103,BLOCK_RANGE_ONLY,1.0,quadratic,temperature_minus_equivalent,K,ESTIMABLE,0.0565482107272064,0.0464210887503018,0.0674770528989408,0.0052779543583923,0.0210559641486389,1000.0,0.0
atlanta,28598,2023-07-22,near_-0.02,0.0085095386207103,0.1085095386207103,BLOCK_RANGE_ONLY,1.0,quadratic_minus_linear,temperature,K,ESTIMABLE,0.0993282929770641,0.0726571742928415,0.1253056868418538,0.0134901555255388,0.0526485125490123,1000.0,0.0
atlanta,28598,2023-07-22,near_-0.02,0.0085095386207103,0.1085095386207103,BLOCK_RANGE_ONLY,1.0,quadratic_minus_linear,emitted_flux,W/m2,ESTIMABLE,0.4806946511686321,0.2982456884777574,0.6522730901978809,0.0939208770932355,0.3540274017201235,1000.0,0.0
atlanta,28598,2023-07-22,near_-0.02,0.0085095386207103,0.1085095386207103,BLOCK_RANGE_ONLY,1.0,quadratic_minus_linear,temperature_equivalent,K,ESTIMABLE,0.0718392760795723,0.0445666363613199,0.0974854712571215,0.0140414192921059,0.0529188348958015,1000.0,0.0
atlanta,28598,2023-07-22,near_-0.02,0.0085095386207103,0.1085095386207103,BLOCK_RANGE_ONLY,1.0,quadratic_minus_linear,temperature_minus_equivalent,K,ESTIMABLE,0.0274890168974918,0.018145862679165,0.0372781245190395,0.0048818222157674,0.0191322618398744,1000.0,0.0
atlanta,28598,2023-07-22,near_-0.02,0.0085095386207103,0.1085095386207103,BLOCK_RANGE_ONLY,8.0,linear,temperature,K,ESTIMABLE,0.1608455050969203,0.1425799720980547,0.1781050926700033,0.0093401175905453,0.0355251205719486,1000.0,0.0
atlanta,28598,2023-07-22,near_-0.02,0.0085095386207103,0.1085095386207103,BLOCK_RANGE_ONLY,8.0,linear,emitted_flux,W/m2,ESTIMABLE,0.8826717524276035,0.7559288205152808,1.0037447459183382,0.0643665580176695,0.2478159254030574,1000.0,0.0
atlanta,28598,2023-07-22,near_-0.02,0.0085095386207103,0.1085095386207103,BLOCK_RANGE_ONLY,8.0,linear,temperature_equivalent,K,ESTIMABLE,0.1317863112672057,0.1128529175210445,0.1498758982354346,0.0096161908566155,0.03702298071439,1000.0,0.0
atlanta,28598,2023-07-22,near_-0.02,0.0085095386207103,0.1085095386207103,BLOCK_RANGE_ONLY,8.0,linear,temperature_minus_equivalent,K,ESTIMABLE,0.0290591938297145,0.0242212188287185,0.0344008411390159,0.0026373067079789,0.0101796223102974,1000.0,0.0
atlanta,28598,2023-07-22,near_-0.02,0.0085095386207103,0.1085095386207103,BLOCK_RANGE_ONLY,8.0,quadratic,temperature,K,ESTIMABLE,0.2601737980739845,0.2236873154608917,0.2965950192883309,0.0191213724376601,0.0729077038274391,1000.0,0.0
atlanta,28598,2023-07-22,near_-0.02,0.0085095386207103,0.1085095386207103,BLOCK_RANGE_ONLY,8.0,quadratic,emitted_flux,W/m2,ESTIMABLE,1.3633664035962356,1.1117523478142577,1.624752444506348,0.1351380722617266,0.5130000966920905,1000.0,0.0
atlanta,28598,2023-07-22,near_-0.02,0.0085095386207103,0.1085095386207103,BLOCK_RANGE_ONLY,8.0,quadratic,temperature_equivalent,K,ESTIMABLE,0.203625587346778,0.1660160111247208,0.2427101051134215,0.0202032754811951,0.0766940939887007,1000.0,0.0
atlanta,28598,2023-07-22,near_-0.02,0.0085095386207103,0.1085095386207103,BLOCK_RANGE_ONLY,8.0,quadratic,temperature_minus_equivalent,K,ESTIMABLE,0.0565482107272064,0.0433468098648428,0.0691849677754071,0.0066081400696368,0.0258381579105643,1000.0,0.0
atlanta,28598,2023-07-22,near_-0.02,0.0085095386207103,0.1085095386207103,BLOCK_RANGE_ONLY,8.0,quadratic_minus_linear,temperature,K,ESTIMABLE,0.0993282929770641,0.0710881561402351,0.1294761582203241,0.0144363375361559,0.0583880020800889,1000.0,0.0
atlanta,28598,2023-07-22,near_-0.02,0.0085095386207103,0.1085095386207103,BLOCK_RANGE_ONLY,8.0,quadratic_minus_linear,emitted_flux,W/m2,ESTIMABLE,0.4806946511686321,0.2885267877705137,0.6783192581011387,0.1010314615054247,0.389792470330625,1000.0,0.0
atlanta,28598,2023-07-22,near_-0.02,0.0085095386207103,0.1085095386207103,BLOCK_RANGE_ONLY,8.0,quadratic_minus_linear,temperature_equivalent,K,ESTIMABLE,0.0718392760795723,0.0431188917883972,0.1014164579815883,0.0151062491396011,0.0582975661931911,1000.0,0.0
atlanta,28598,2023-07-22,near_-0.02,0.0085095386207103,0.1085095386207103,BLOCK_RANGE_ONLY,8.0,quadratic_minus_linear,temperature_minus_equivalent,K,ESTIMABLE,0.0274890168974918,0.014989914237909,0.0387933247677627,0.0062014136794648,0.0238034105298536,1000.0,0.0
atlanta,28598,2023-07-22,near_-0.01,0.0185095386207103,0.1185095386207103,BLOCK_RANGE_ONLY,1.0,linear,temperature,K,ESTIMABLE,0.1608455050969203,0.1498332103866767,0.1715125597682842,0.0055213186991221,0.0216793493816074,1000.0,0.0
atlanta,28598,2023-07-22,near_-0.01,0.0185095386207103,0.1185095386207103,BLOCK_RANGE_ONLY,1.0,linear,emitted_flux,W/m2,ESTIMABLE,0.8826717524276035,0.8047468841977984,0.955175907734796,0.038853328421086,0.1504290235369976,1000.0,0.0
atlanta,28598,2023-07-22,near_-0.01,0.0185095386207103,0.1185095386207103,BLOCK_RANGE_ONLY,1.0,linear,temperature_equivalent,K,ESTIMABLE,0.1317863112672057,0.1201451610901727,0.1426188248568607,0.0058045931710437,0.0224736637666879,1000.0,0.0
atlanta,28598,2023-07-22,near_-0.01,0.0185095386207103,0.1185095386207103,BLOCK_RANGE_ONLY,1.0,linear,temperature_minus_equivalent,K,ESTIMABLE,0.0290591938297145,0.0247825254021706,0.0332211057701829,0.0021169085147689,0.0084385803680123,1000.0,0.0
atlanta,28598,2023-07-22,near_-0.01,0.0185095386207103,0.1185095386207103,BLOCK_RANGE_ONLY,1.0,quadratic,temperature,K,ESTIMABLE,0.257867169853764,0.2286400404959508,0.2853411715728501,0.0148006019454622,0.0567011310768992,1000.0,0.0
atlanta,28598,2023-07-22,near_-0.01,0.0185095386207103,0.1185095386207103,BLOCK_RANGE_ONLY,1.0,quadratic,emitted_flux,W/m2,ESTIMABLE,1.3522035836739137,1.1431723563570086,1.5479721025639035,0.1033032527876241,0.4047997462068951,1000.0,0.0
atlanta,28598,2023-07-22,near_-0.01,0.0185095386207103,0.1185095386207103,BLOCK_RANGE_ONLY,1.0,quadratic,temperature_equivalent,K,ESTIMABLE,0.2019567581504588,0.1707117256555179,0.231227786941487,0.0154434084153146,0.0605160612859691,1000.0,0.0
atlanta,28598,2023-07-22,near_-0.01,0.0185095386207103,0.1185095386207103,BLOCK_RANGE_ONLY,1.0,quadratic,temperature_minus_equivalent,K,ESTIMABLE,0.0559104117033051,0.0459742631441728,0.0665853477299753,0.0051742685529757,0.0206110845858024,1000.0,0.0
atlanta,28598,2023-07-22,near_-0.01,0.0185095386207103,0.1185095386207103,BLOCK_RANGE_ONLY,1.0,quadratic_minus_linear,temperature,K,ESTIMABLE,0.0970216647568437,0.070973114288065,0.1223838227105266,0.0131769791759784,0.0514107084224615,1000.0,0.0
atlanta,28598,2023-07-22,near_-0.01,0.0185095386207103,0.1185095386207103,BLOCK_RANGE_ONLY,1.0,quadratic_minus_linear,emitted_flux,W/m2,ESTIMABLE,0.4695318312463099,0.2913122350775094,0.6371755548507078,0.0917402589276183,0.3458633197731983,1000.0,0.0
atlanta,28598,2023-07-22,near_-0.01,0.0185095386207103,0.1185095386207103,BLOCK_RANGE_ONLY,1.0,quadratic_minus_linear,temperature_equivalent,K,ESTIMABLE,0.0701704468832531,0.0435303604035183,0.0952280443288955,0.0137151963949432,0.0516976839253771,1000.0,0.0
atlanta,28598,2023-07-22,near_-0.01,0.0185095386207103,0.1185095386207103,BLOCK_RANGE_ONLY,1.0,quadratic_minus_linear,temperature_minus_equivalent,K,ESTIMABLE,0.0268512178735905,0.0177249077513345,0.0364138409735368,0.0047684370199784,0.0186889332222022,1000.0,0.0
atlanta,28598,2023-07-22,near_-0.01,0.0185095386207103,0.1185095386207103,BLOCK_RANGE_ONLY,8.0,linear,temperature,K,ESTIMABLE,0.1608455050969203,0.1425799720980547,0.1781050926700033,0.0093401175905453,0.0355251205719486,1000.0,0.0
atlanta,28598,2023-07-22,near_-0.01,0.0185095386207103,0.1185095386207103,BLOCK_RANGE_ONLY,8.0,linear,emitted_flux,W/m2,ESTIMABLE,0.8826717524276035,0.7559288205152808,1.0037447459183382,0.0643665580176695,0.2478159254030574,1000.0,0.0
atlanta,28598,2023-07-22,near_-0.01,0.0185095386207103,0.1185095386207103,BLOCK_RANGE_ONLY,8.0,linear,temperature_equivalent,K,ESTIMABLE,0.1317863112672057,0.1128529175210445,0.1498758982354346,0.0096161908566155,0.03702298071439,1000.0,0.0
atlanta,28598,2023-07-22,near_-0.01,0.0185095386207103,0.1185095386207103,BLOCK_RANGE_ONLY,8.0,linear,temperature_minus_equivalent,K,ESTIMABLE,0.0290591938297145,0.0242212188287185,0.0344008411390159,0.0026373067079789,0.0101796223102974,1000.0,0.0
atlanta,28598,2023-07-22,near_-0.01,0.0185095386207103,0.1185095386207103,BLOCK_RANGE_ONLY,8.0,quadratic,temperature,K,ESTIMABLE,0.257867169853764,0.2219942504086537,0.2936134032019325,0.0188217159791522,0.0716191527932787,1000.0,0.0
atlanta,28598,2023-07-22,near_-0.01,0.0185095386207103,0.1185095386207103,BLOCK_RANGE_ONLY,8.0,quadratic,emitted_flux,W/m2,ESTIMABLE,1.3522035836739137,1.1043271038933922,1.6100641020221036,0.1330289985496059,0.5057369981287114,1000.0,0.0
atlanta,28598,2023-07-22,near_-0.01,0.0185095386207103,0.1185095386207103,BLOCK_RANGE_ONLY,8.0,quadratic,temperature_equivalent,K,ESTIMABLE,0.2019567581504588,0.1649063404932263,0.2405134010313815,0.0198876483238051,0.0756070605381552,1000.0,0.0
atlanta,28598,2023-07-22,near_-0.01,0.0185095386207103,0.1185095386207103,BLOCK_RANGE_ONLY,8.0,quadratic,temperature_minus_equivalent,K,ESTIMABLE,0.0559104117033051,0.0429623337331464,0.0683338366348325,0.0064763542069969,0.0253715029016861,1000.0,0.0
atlanta,28598,2023-07-22,near_-0.01,0.0185095386207103,0.1185095386207103,BLOCK_RANGE_ONLY,8.0,quadratic_minus_linear,temperature,K,ESTIMABLE,0.0970216647568437,0.0694490221181419,0.126455265523364,0.014097778925791,0.0570062434052221,1000.0,0.0
atlanta,28598,2023-07-22,near_-0.01,0.0185095386207103,0.1185095386207103,BLOCK_RANGE_ONLY,8.0,quadratic_minus_linear,emitted_flux,W/m2,ESTIMABLE,0.4695318312463099,0.2817793486881489,0.6624301142540379,0.0986700031895485,0.3806507655658889,1000.0,0.0
atlanta,28598,2023-07-22,near_-0.01,0.0185095386207103,0.1185095386207103,BLOCK_RANGE_ONLY,8.0,quadratic_minus_linear,temperature_equivalent,K,ESTIMABLE,0.0701704468832531,0.042110318081265,0.0990397274220583,0.0147529259691544,0.0569294093407933,1000.0,0.0
atlanta,28598,2023-07-22,near_-0.01,0.0185095386207103,0.1185095386207103,BLOCK_RANGE_ONLY,8.0,quadratic_minus_linear,temperature_minus_equivalent,K,ESTIMABLE,0.0268512178735905,0.0146432730681759,0.0378973721452803,0.0060572189680338,0.0232540990771043,1000.0,0.0
atlanta,28598,2023-07-22,historical,0.0285095386207103,0.1285095386207103,BLOCK_RANGE_ONLY,1.0,linear,temperature,K,ESTIMABLE,0.1608455050969203,0.1498332103866767,0.1715125597682842,0.0055213186991221,0.0216793493816074,1000.0,0.0
atlanta,28598,2023-07-22,historical,0.0285095386207103,0.1285095386207103,BLOCK_RANGE_ONLY,1.0,linear,emitted_flux,W/m2,ESTIMABLE,0.8826717524276035,0.8047468841977984,0.955175907734796,0.038853328421086,0.1504290235369976,1000.0,0.0
atlanta,28598,2023-07-22,historical,0.0285095386207103,0.1285095386207103,BLOCK_RANGE_ONLY,1.0,linear,temperature_equivalent,K,ESTIMABLE,0.1317863112672057,0.1201451610901727,0.1426188248568607,0.0058045931710437,0.0224736637666879,1000.0,0.0
atlanta,28598,2023-07-22,historical,0.0285095386207103,0.1285095386207103,BLOCK_RANGE_ONLY,1.0,linear,temperature_minus_equivalent,K,ESTIMABLE,0.0290591938297145,0.0247825254021706,0.0332211057701829,0.0021169085147689,0.0084385803680123,1000.0,0.0
atlanta,28598,2023-07-22,historical,0.0285095386207103,0.1285095386207103,BLOCK_RANGE_ONLY,1.0,quadratic,temperature,K,ESTIMABLE,0.2555605416335435,0.2269656706947787,0.2824222494423383,0.014510243868401,0.0554565787475596,1000.0,0.0
atlanta,28598,2023-07-22,historical,0.0285095386207103,0.1285095386207103,BLOCK_RANGE_ONLY,1.0,quadratic,emitted_flux,W/m2,ESTIMABLE,1.3410407637515915,1.1359326837769732,1.5339427790844145,0.1012842879848193,0.3980100953074412,1000.0,0.0
atlanta,28598,2023-07-22,historical,0.0285095386207103,0.1285095386207103,BLOCK_RANGE_ONLY,1.0,quadratic,temperature_equivalent,K,ESTIMABLE,0.200287955513545,0.1696297392697545,0.2291298707391575,0.0151413444153554,0.059500131469403,1000.0,0.0
atlanta,28598,2023-07-22,historical,0.0285095386207103,0.1285095386207103,BLOCK_RANGE_ONLY,1.0,quadratic,temperature_minus_equivalent,K,ESTIMABLE,0.0552725861199984,0.0456061840682761,0.0657243365597015,0.0050710010327766,0.0201181524914253,1000.0,0.0
atlanta,28598,2023-07-22,historical,0.0285095386207103,0.1285095386207103,BLOCK_RANGE_ONLY,1.0,quadratic_minus_linear,temperature,K,ESTIMABLE,0.0947150365366232,0.0692890542832886,0.1194619585791993,0.012863805417054,0.0501729042959107,1000.0,0.0
atlanta,28598,2023-07-22,historical,0.0285095386207103,0.1285095386207103,BLOCK_RANGE_ONLY,1.0,quadratic_minus_linear,emitted_flux,W/m2,ESTIMABLE,0.458369011323988,0.2843787816772614,0.6220780195035348,0.0895596496979342,0.3376992378262733,1000.0,0.0
atlanta,28598,2023-07-22,historical,0.0285095386207103,0.1285095386207103,BLOCK_RANGE_ONLY,1.0,quadratic_minus_linear,temperature_equivalent,K,ESTIMABLE,0.0685016442463393,0.0424940946859749,0.0929706660013053,0.0133889850487704,0.0504765713153304,1000.0,0.0
atlanta,28598,2023-07-22,historical,0.0285095386207103,0.1285095386207103,BLOCK_RANGE_ONLY,1.0,quadratic_minus_linear,temperature_minus_equivalent,K,ESTIMABLE,0.0262133922902839,0.0173039304719242,0.0355495051728982,0.0046550553033693,0.0182455747009739,1000.0,0.0
atlanta,28598,2023-07-22,historical,0.0285095386207103,0.1285095386207103,BLOCK_RANGE_ONLY,8.0,linear,temperature,K,ESTIMABLE,0.1608455050969203,0.1425799720980547,0.1781050926700033,0.0093401175905453,0.0355251205719486,1000.0,0.0
atlanta,28598,2023-07-22,historical,0.0285095386207103,0.1285095386207103,BLOCK_RANGE_ONLY,8.0,linear,emitted_flux,W/m2,ESTIMABLE,0.8826717524276035,0.7559288205152808,1.0037447459183382,0.0643665580176695,0.2478159254030574,1000.0,0.0
atlanta,28598,2023-07-22,historical,0.0285095386207103,0.1285095386207103,BLOCK_RANGE_ONLY,8.0,linear,temperature_equivalent,K,ESTIMABLE,0.1317863112672057,0.1128529175210445,0.1498758982354346,0.0096161908566155,0.03702298071439,1000.0,0.0
atlanta,28598,2023-07-22,historical,0.0285095386207103,0.1285095386207103,BLOCK_RANGE_ONLY,8.0,linear,temperature_minus_equivalent,K,ESTIMABLE,0.0290591938297145,0.0242212188287185,0.0344008411390159,0.0026373067079789,0.0101796223102974,1000.0,0.0
atlanta,28598,2023-07-22,historical,0.0285095386207103,0.1285095386207103,BLOCK_RANGE_ONLY,8.0,quadratic,temperature,K,ESTIMABLE,0.2555605416335435,0.2205552581884006,0.2907445265813936,0.0185234068330729,0.070189268392993,1000.0,0.0
atlanta,28598,2023-07-22,historical,0.0285095386207103,0.1285095386207103,BLOCK_RANGE_ONLY,8.0,quadratic,emitted_flux,W/m2,ESTIMABLE,1.3410407637515915,1.098053105582767,1.5957568102822266,0.1309285666987882,0.4977037046994597,1000.0,0.0
atlanta,28598,2023-07-22,historical,0.0285095386207103,0.1285095386207103,BLOCK_RANGE_ONLY,8.0,quadratic,temperature_equivalent,K,ESTIMABLE,0.200287955513545,0.1639687277047457,0.2383737289541358,0.019573323172998,0.07440500124939,1000.0,0.0
atlanta,28598,2023-07-22,historical,0.0285095386207103,0.1285095386207103,BLOCK_RANGE_ONLY,8.0,quadratic,temperature_minus_equivalent,K,ESTIMABLE,0.0552725861199984,0.0425837664357919,0.0674566969207438,0.0063451136592007,0.0248729304849518,1000.0,0.0
atlanta,28598,2023-07-22,historical,0.0285095386207103,0.1285095386207103,BLOCK_RANGE_ONLY,8.0,quadratic_minus_linear,temperature,K,ESTIMABLE,0.0947150365366232,0.0678098880960486,0.123434296214984,0.0137592296160294,0.0556244081189353,1000.0,0.0
atlanta,28598,2023-07-22,historical,0.0285095386207103,0.1285095386207103,BLOCK_RANGE_ONLY,8.0,quadratic_minus_linear,emitted_flux,W/m2,ESTIMABLE,0.458369011323988,0.275031909605784,0.6465409704069369,0.0963085774327575,0.3715090608011528,1000.0,0.0
atlanta,28598,2023-07-22,historical,0.0285095386207103,0.1285095386207103,BLOCK_RANGE_ONLY,8.0,quadratic_minus_linear,temperature_equivalent,K,ESTIMABLE,0.0685016442463393,0.0411017540746229,0.0966630507430636,0.0143996189773659,0.0555612966684407,1000.0,0.0
atlanta,28598,2023-07-22,historical,0.0285095386207103,0.1285095386207103,BLOCK_RANGE_ONLY,8.0,quadratic_minus_linear,temperature_minus_equivalent,K,ESTIMABLE,0.0262133922902839,0.0142966022649298,0.0370013913571609,0.0059130294172362,0.022704789092231,1000.0,0.0
atlanta,28598,2023-07-22,near_+0.01,0.0385095386207103,0.1385095386207104,BLOCK_RANGE_ONLY,1.0,linear,temperature,K,ESTIMABLE,0.1608455050969203,0.1498332103866767,0.1715125597682842,0.0055213186991221,0.0216793493816074,1000.0,0.0
atlanta,28598,2023-07-22,near_+0.01,0.0385095386207103,0.1385095386207104,BLOCK_RANGE_ONLY,1.0,linear,emitted_flux,W/m2,ESTIMABLE,0.8826717524276035,0.8047468841977984,0.955175907734796,0.038853328421086,0.1504290235369976,1000.0,0.0
atlanta,28598,2023-07-22,near_+0.01,0.0385095386207103,0.1385095386207104,BLOCK_RANGE_ONLY,1.0,linear,temperature_equivalent,K,ESTIMABLE,0.1317863112672057,0.1201451610901727,0.1426188248568607,0.0058045931710437,0.0224736637666879,1000.0,0.0
atlanta,28598,2023-07-22,near_+0.01,0.0385095386207103,0.1385095386207104,BLOCK_RANGE_ONLY,1.0,linear,temperature_minus_equivalent,K,ESTIMABLE,0.0290591938297145,0.0247825254021706,0.0332211057701829,0.0021169085147689,0.0084385803680123,1000.0,0.0
atlanta,28598,2023-07-22,near_+0.01,0.0385095386207103,0.1385095386207104,BLOCK_RANGE_ONLY,1.0,quadratic,temperature,K,ESTIMABLE,0.253253913413323,0.2252579727126262,0.2795018963657885,0.014220856577423,0.0542439236531623,1000.0,0.0
atlanta,28598,2023-07-22,near_+0.01,0.0385095386207103,0.1385095386207104,BLOCK_RANGE_ONLY,1.0,quadratic,emitted_flux,W/m2,ESTIMABLE,1.3298779438292694,1.1286786614230444,1.5198144187192872,0.0992721700198313,0.3911357572962428,1000.0,0.0
atlanta,28598,2023-07-22,near_+0.01,0.0385095386207103,0.1385095386207104,BLOCK_RANGE_ONLY,1.0,quadratic,temperature_equivalent,K,ESTIMABLE,0.1986191794349565,0.1685456194733689,0.2270171871826605,0.0148403134180848,0.0584715677092916,1000.0,0.0
atlanta,28598,2023-07-22,near_+0.01,0.0385095386207103,0.1385095386207104,BLOCK_RANGE_ONLY,1.0,quadratic,temperature_minus_equivalent,K,ESTIMABLE,0.0546347339783664,0.0450756800389921,0.0648615091876448,0.0049681776797496,0.0197858291486526,1000.0,0.0
atlanta,28598,2023-07-22,near_+0.01,0.0385095386207103,0.1385095386207104,BLOCK_RANGE_ONLY,1.0,quadratic_minus_linear,temperature,K,ESTIMABLE,0.0924084083164027,0.0676049942785122,0.116540094447872,0.0125506344426967,0.0489351001693598,1000.0,0.0
atlanta,28598,2023-07-22,near_+0.01,0.0385095386207103,0.1385095386207104,BLOCK_RANGE_ONLY,1.0,quadratic_minus_linear,emitted_flux,W/m2,ESTIMABLE,0.4472061914016658,0.2774453282770134,0.6069804841563616,0.0873790500731918,0.3295351558793482,1000.0,0.0
atlanta,28598,2023-07-22,near_+0.01,0.0385095386207103,0.1385095386207104,BLOCK_RANGE_ONLY,1.0,quadratic_minus_linear,temperature_equivalent,K,ESTIMABLE,0.0668328681677508,0.0414578392084621,0.0907133362719648,0.0130627853529457,0.0492554970635026,1000.0,0.0
atlanta,28598,2023-07-22,near_+0.01,0.0385095386207103,0.1385095386207104,BLOCK_RANGE_ONLY,1.0,quadratic_minus_linear,temperature_minus_equivalent,K,ESTIMABLE,0.0255755401486519,0.0168829308416205,0.0346851171198122,0.0045416771063163,0.0178021862781916,1000.0,0.0
atlanta,28598,2023-07-22,near_+0.01,0.0385095386207103,0.1385095386207104,BLOCK_RANGE_ONLY,8.0,linear,temperature,K,ESTIMABLE,0.1608455050969203,0.1425799720980547,0.1781050926700033,0.0093401175905453,0.0355251205719486,1000.0,0.0
atlanta,28598,2023-07-22,near_+0.01,0.0385095386207103,0.1385095386207104,BLOCK_RANGE_ONLY,8.0,linear,emitted_flux,W/m2,ESTIMABLE,0.8826717524276035,0.7559288205152808,1.0037447459183382,0.0643665580176695,0.2478159254030574,1000.0,0.0
atlanta,28598,2023-07-22,near_+0.01,0.0385095386207103,0.1385095386207104,BLOCK_RANGE_ONLY,8.0,linear,temperature_equivalent,K,ESTIMABLE,0.1317863112672057,0.1128529175210445,0.1498758982354346,0.0096161908566155,0.03702298071439,1000.0,0.0
atlanta,28598,2023-07-22,near_+0.01,0.0385095386207103,0.1385095386207104,BLOCK_RANGE_ONLY,8.0,linear,temperature_minus_equivalent,K,ESTIMABLE,0.0290591938297145,0.0242212188287185,0.0344008411390159,0.0026373067079789,0.0101796223102974,1000.0,0.0
atlanta,28598,2023-07-22,near_+0.01,0.0385095386207103,0.1385095386207104,BLOCK_RANGE_ONLY,8.0,quadratic,temperature,K,ESTIMABLE,0.253253913413323,0.2186486480286451,0.287971042631912,0.0182265111530069,0.0693223946032668,1000.0,0.0
atlanta,28598,2023-07-22,near_+0.01,0.0385095386207103,0.1385095386207104,BLOCK_RANGE_ONLY,8.0,quadratic,emitted_flux,W/m2,ESTIMABLE,1.3298779438292694,1.0911953040615012,1.5814495185423498,0.1288371993745578,0.4902542144808486,1000.0,0.0
atlanta,28598,2023-07-22,near_+0.01,0.0385095386207103,0.1385095386207104,BLOCK_RANGE_ONLY,8.0,quadratic,temperature_equivalent,K,ESTIMABLE,0.1986191794349565,0.1629438784919699,0.2362341005447021,0.0192603631508474,0.0732902220527321,1000.0,0.0
atlanta,28598,2023-07-22,near_+0.01,0.0385095386207103,0.1385095386207104,BLOCK_RANGE_ONLY,8.0,quadratic,temperature_minus_equivalent,K,ESTIMABLE,0.0546347339783664,0.0422357073944468,0.0665705353261221,0.0062144527395424,0.0243348279316752,1000.0,0.0
atlanta,28598,2023-07-22,near_+0.01,0.0385095386207103,0.1385095386207104,BLOCK_RANGE_ONLY,8.0,quadratic_minus_linear,temperature,K,ESTIMABLE,0.0924084083164027,0.0661707540739553,0.1204132439519951,0.0134206903107203,0.0542424898780397,1000.0,0.0
atlanta,28598,2023-07-22,near_+0.01,0.0385095386207103,0.1385095386207104,BLOCK_RANGE_ONLY,8.0,quadratic_minus_linear,emitted_flux,W/m2,ESTIMABLE,0.4472061914016658,0.2682951954738,0.6306518265598359,0.0939471866902354,0.3623566310860358,1000.0,0.0
atlanta,28598,2023-07-22,near_+0.01,0.0385095386207103,0.1385095386207104,BLOCK_RANGE_ONLY,8.0,quadratic_minus_linear,temperature_equivalent,K,ESTIMABLE,0.0668328681677508,0.0400931997682405,0.0942864279416525,0.0140463285303039,0.0541932281734119,1000.0,0.0
atlanta,28598,2023-07-22,near_+0.01,0.0385095386207103,0.1385095386207104,BLOCK_RANGE_ONLY,8.0,quadratic_minus_linear,temperature_minus_equivalent,K,ESTIMABLE,0.0255755401486519,0.0139499018293543,0.0361053824045769,0.0057688451602209,0.0221554805752225,1000.0,0.0
atlanta,28598,2023-07-22,near_+0.02,0.0485095386207103,0.1485095386207103,BLOCK_RANGE_ONLY,1.0,linear,temperature,K,ESTIMABLE,0.1608455050969202,0.1498332103866767,0.1715125597682842,0.0055213186991221,0.0216793493816074,1000.0,0.0
atlanta,28598,2023-07-22,near_+0.02,0.0485095386207103,0.1485095386207103,BLOCK_RANGE_ONLY,1.0,linear,emitted_flux,W/m2,ESTIMABLE,0.8826717524276034,0.8047468841977983,0.955175907734796,0.038853328421086,0.1504290235369976,1000.0,0.0
atlanta,28598,2023-07-22,near_+0.02,0.0485095386207103,0.1485095386207103,BLOCK_RANGE_ONLY,1.0,linear,temperature_equivalent,K,ESTIMABLE,0.1317863112672057,0.1201451610901727,0.1426188248568607,0.0058045931710437,0.0224736637666879,1000.0,0.0
atlanta,28598,2023-07-22,near_+0.02,0.0485095386207103,0.1485095386207103,BLOCK_RANGE_ONLY,1.0,linear,temperature_minus_equivalent,K,ESTIMABLE,0.0290591938297145,0.0247825254021706,0.0332211057701829,0.0021169085147689,0.0084385803680123,1000.0,0.0
atlanta,28598,2023-07-22,near_+0.02,0.0485095386207103,0.1485095386207103,BLOCK_RANGE_ONLY,1.0,quadratic,temperature,K,ESTIMABLE,0.2509472851931025,0.223516192237293,0.2767561882087129,0.0139325005642748,0.0532399959714199,1000.0,0.0
atlanta,28598,2023-07-22,near_+0.02,0.0485095386207103,0.1485095386207103,BLOCK_RANGE_ONLY,1.0,quadratic,emitted_flux,W/m2,ESTIMABLE,1.3187151239069472,1.1214178026070625,1.5056826398863978,0.0972673238043855,0.3842648372793353,1000.0,0.0
atlanta,28598,2023-07-22,near_+0.02,0.0485095386207103,0.1485095386207103,BLOCK_RANGE_ONLY,1.0,quadratic,temperature_equivalent,K,ESTIMABLE,0.1969504299138975,0.1674604891874125,0.2249040350296624,0.0145403788946067,0.0574435458422499,1000.0,0.0
atlanta,28598,2023-07-22,near_+0.02,0.0485095386207103,0.1485095386207103,BLOCK_RANGE_ONLY,1.0,quadratic,temperature_minus_equivalent,K,ESTIMABLE,0.0539968552792049,0.0446237163536684,0.0639409457402095,0.0048658264466125,0.0193172293865411,1000.0,0.0
atlanta,28598,2023-07-22,near_+0.02,0.0485095386207103,0.1485095386207103,BLOCK_RANGE_ONLY,1.0,quadratic_minus_linear,temperature,K,ESTIMABLE,0.0901017800961822,0.0659209342737357,0.1136182303165447,0.0122374664666874,0.0476972960428089,1000.0,0.0
atlanta,28598,2023-07-22,near_+0.02,0.0485095386207103,0.1485095386207103,BLOCK_RANGE_ONLY,1.0,quadratic_minus_linear,emitted_flux,W/m2,ESTIMABLE,0.4360433714793438,0.2705118748767655,0.5918829488091882,0.0851984607908879,0.3213710739324227,1000.0,0.0
atlanta,28598,2023-07-22,near_+0.02,0.0485095386207103,0.1485095386207103,BLOCK_RANGE_ONLY,1.0,quadratic_minus_linear,temperature_equivalent,K,ESTIMABLE,0.0651641186466918,0.0404215939706972,0.0884560551383728,0.0127365974170568,0.0480344611676756,1000.0,0.0
atlanta,28598,2023-07-22,near_+0.02,0.0485095386207103,0.1485095386207103,BLOCK_RANGE_ONLY,1.0,quadratic_minus_linear,temperature_minus_equivalent,K,ESTIMABLE,0.0249376614494904,0.0164619088611695,0.0338206768169732,0.0044283024734162,0.0173587679558036,1000.0,0.0
atlanta,28598,2023-07-22,near_+0.02,0.0485095386207103,0.1485095386207103,BLOCK_RANGE_ONLY,8.0,linear,temperature,K,ESTIMABLE,0.1608455050969202,0.1425799720980547,0.1781050926700033,0.0093401175905453,0.0355251205719486,1000.0,0.0
atlanta,28598,2023-07-22,near_+0.02,0.0485095386207103,0.1485095386207103,BLOCK_RANGE_ONLY,8.0,linear,emitted_flux,W/m2,ESTIMABLE,0.8826717524276034,0.7559288205152807,1.003744745918338,0.0643665580176695,0.2478159254030573,1000.0,0.0
atlanta,28598,2023-07-22,near_+0.02,0.0485095386207103,0.1485095386207103,BLOCK_RANGE_ONLY,8.0,linear,temperature_equivalent,K,ESTIMABLE,0.1317863112672057,0.1128529175210445,0.1498758982354346,0.0096161908566155,0.03702298071439,1000.0,0.0
atlanta,28598,2023-07-22,near_+0.02,0.0485095386207103,0.1485095386207103,BLOCK_RANGE_ONLY,8.0,linear,temperature_minus_equivalent,K,ESTIMABLE,0.0290591938297145,0.0242212188287184,0.0344008411390159,0.0026373067079789,0.0101796223102974,1000.0,0.0
atlanta,28598,2023-07-22,near_+0.02,0.0485095386207103,0.1485095386207103,BLOCK_RANGE_ONLY,8.0,quadratic,temperature,K,ESTIMABLE,0.2509472851931025,0.2165420743766208,0.2851489409956618,0.0179310991498383,0.068606866619041,1000.0,0.0
atlanta,28598,2023-07-22,near_+0.02,0.0485095386207103,0.1485095386207103,BLOCK_RANGE_ONLY,8.0,quadratic,emitted_flux,W/m2,ESTIMABLE,1.3187151239069472,1.083907264376655,1.5668433800985535,0.1267553452512068,0.4829361157218987,1000.0,0.0
atlanta,28598,2023-07-22,near_+0.02,0.0485095386207103,0.1485095386207103,BLOCK_RANGE_ONLY,8.0,quadratic,temperature_equivalent,K,ESTIMABLE,0.1969504299138975,0.1618547442443471,0.2340498252194109,0.0189488352634486,0.0721950809750637,1000.0,0.0
atlanta,28598,2023-07-22,near_+0.02,0.0485095386207103,0.1485095386207103,BLOCK_RANGE_ONLY,8.0,quadratic,temperature_minus_equivalent,K,ESTIMABLE,0.0539968552792049,0.0418710110415654,0.0656858736405736,0.0060844085495625,0.0238148625990082,1000.0,0.0
atlanta,28598,2023-07-22,near_+0.02,0.0485095386207103,0.1485095386207103,BLOCK_RANGE_ONLY,8.0,quadratic_minus_linear,temperature,K,ESTIMABLE,0.0901017800961822,0.0645316200518621,0.1173921916890061,0.0130821617865471,0.052860571637144,1000.0,0.0
atlanta,28598,2023-07-22,near_+0.02,0.0485095386207103,0.1485095386207103,BLOCK_RANGE_ONLY,8.0,quadratic_minus_linear,emitted_flux,W/m2,ESTIMABLE,0.4360433714793438,0.2616314240857496,0.6147626827127346,0.0915858336703389,0.353131258626985,1000.0,0.0
atlanta,28598,2023-07-22,near_+0.02,0.0485095386207103,0.1485095386207103,BLOCK_RANGE_ONLY,8.0,quadratic_minus_linear,temperature_equivalent,K,ESTIMABLE,0.0651641186466918,0.0390930369416111,0.0919098590150937,0.0136930550318528,0.0528168220734826,1000.0,0.0
atlanta,28598,2023-07-22,near_+0.02,0.0485095386207103,0.1485095386207103,BLOCK_RANGE_ONLY,8.0,quadratic_minus_linear,temperature_minus_equivalent,K,ESTIMABLE,0.0249376614494904,0.0136031717626348,0.035209345288482,0.0056246663438629,0.0216061735258471,1000.0,0.0
atlanta,28598,2023-07-22,grid_00,0.0,0.1,BLOCK_RANGE_ONLY,1.0,linear,temperature,K,ESTIMABLE,0.1608455050969203,0.1498332103866767,0.1715125597682842,0.0055213186991221,0.0216793493816074,1000.0,0.0
atlanta,28598,2023-07-22,grid_00,0.0,0.1,BLOCK_RANGE_ONLY,1.0,linear,emitted_flux,W/m2,ESTIMABLE,0.8826717524276035,0.8047468841977984,0.955175907734796,0.038853328421086,0.1504290235369976,1000.0,0.0
atlanta,28598,2023-07-22,grid_00,0.0,0.1,BLOCK_RANGE_ONLY,1.0,linear,temperature_equivalent,K,ESTIMABLE,0.1317863112672057,0.1201451610901727,0.1426188248568607,0.0058045931710437,0.0224736637666879,1000.0,0.0
atlanta,28598,2023-07-22,grid_00,0.0,0.1,BLOCK_RANGE_ONLY,1.0,linear,temperature_minus_equivalent,K,ESTIMABLE,0.0290591938297145,0.0247825254021706,0.0332211057701829,0.0021169085147689,0.0084385803680123,1000.0,0.0
atlanta,28598,2023-07-22,grid_00,0.0,0.1,BLOCK_RANGE_ONLY,1.0,quadratic,temperature,K,ESTIMABLE,0.2621366322663432,0.2318929455382035,0.2907439617634057,0.0153404159292253,0.0588510162252022,1000.0,0.0
atlanta,28598,2023-07-22,grid_00,0.0,0.1,BLOCK_RANGE_ONLY,1.0,quadratic,emitted_flux,W/m2,ESTIMABLE,1.372865448320739,1.1565726562791552,1.572280311533742,0.1070570158936576,0.4157076552545868,1000.0,0.0
atlanta,28598,2023-07-22,grid_00,0.0,0.1,BLOCK_RANGE_ONLY,1.0,quadratic,temperature_equivalent,K,ESTIMABLE,0.2050457049138003,0.1727144619907804,0.2348628859548156,0.0160050443943615,0.0621484239640352,1000.0,0.0
atlanta,28598,2023-07-22,grid_00,0.0,0.1,BLOCK_RANGE_ONLY,1.0,quadratic,temperature_minus_equivalent,K,ESTIMABLE,0.0570909273525428,0.0468004059650805,0.0682570361008697,0.0053664976075546,0.0214566301357891,1000.0,0.0
atlanta,28598,2023-07-22,grid_00,0.0,0.1,BLOCK_RANGE_ONLY,1.0,quadratic_minus_linear,temperature,K,ESTIMABLE,0.1012911271694229,0.0740902316578653,0.1277920584088537,0.0137566560575141,0.0537018267509883,1000.0,0.0
atlanta,28598,2023-07-22,grid_00,0.0,0.1,BLOCK_RANGE_ONLY,1.0,quadratic_minus_linear,emitted_flux,W/m2,ESTIMABLE,0.4901936958931354,0.304145737426188,0.6651203962093121,0.0957764891235621,0.360974658783124,1000.0,0.0
atlanta,28598,2023-07-22,grid_00,0.0,0.1,BLOCK_RANGE_ONLY,1.0,quadratic_minus_linear,temperature_equivalent,K,ESTIMABLE,0.0732593936465946,0.0454484674545938,0.0994064756967048,0.0143190289553869,0.053958008242111,1000.0,0.0
atlanta,28598,2023-07-22,grid_00,0.0,0.1,BLOCK_RANGE_ONLY,1.0,quadratic_minus_linear,temperature_minus_equivalent,K,ESTIMABLE,0.0280317335228282,0.0185040582974312,0.0380135487849619,0.0049783104984917,0.0195094904875306,1000.0,0.0
atlanta,28598,2023-07-22,grid_00,0.0,0.1,BLOCK_RANGE_ONLY,8.0,linear,temperature,K,ESTIMABLE,0.1608455050969203,0.1425799720980547,0.1781050926700033,0.0093401175905453,0.0355251205719486,1000.0,0.0
atlanta,28598,2023-07-22,grid_00,0.0,0.1,BLOCK_RANGE_ONLY,8.0,linear,emitted_flux,W/m2,ESTIMABLE,0.8826717524276035,0.7559288205152808,1.0037447459183382,0.0643665580176695,0.2478159254030574,1000.0,0.0
atlanta,28598,2023-07-22,grid_00,0.0,0.1,BLOCK_RANGE_ONLY,8.0,linear,temperature_equivalent,K,ESTIMABLE,0.1317863112672057,0.1128529175210445,0.1498758982354346,0.0096161908566155,0.03702298071439,1000.0,0.0
atlanta,28598,2023-07-22,grid_00,0.0,0.1,BLOCK_RANGE_ONLY,8.0,linear,temperature_minus_equivalent,K,ESTIMABLE,0.0290591938297145,0.0242212188287185,0.0344008411390159,0.0026373067079789,0.0101796223102974,1000.0,0.0
atlanta,28598,2023-07-22,grid_00,0.0,0.1,BLOCK_RANGE_ONLY,8.0,quadratic,temperature,K,ESTIMABLE,0.2621366322663432,0.2251373818947226,0.2990223576857908,0.0193773805463429,0.0738849757910681,1000.0,0.0
atlanta,28598,2023-07-22,grid_00,0.0,0.1,BLOCK_RANGE_ONLY,8.0,quadratic,emitted_flux,W/m2,ESTIMABLE,1.372865448320739,1.1175653873240277,1.6380344957127724,0.1369393036881478,0.5204691083887447,1000.0,0.0
atlanta,28598,2023-07-22,grid_00,0.0,0.1,BLOCK_RANGE_ONLY,8.0,quadratic,temperature_equivalent,K,ESTIMABLE,0.2050457049138003,0.1668847529652296,0.2446965319716795,0.0204728403873235,0.0778117790064499,1000.0,0.0
atlanta,28598,2023-07-22,grid_00,0.0,0.1,BLOCK_RANGE_ONLY,8.0,quadratic,temperature_minus_equivalent,K,ESTIMABLE,0.0570909273525428,0.0436739514452578,0.0699092305174632,0.0067206893731033,0.0262352790722053,1000.0,0.0
atlanta,28598,2023-07-22,grid_00,0.0,0.1,BLOCK_RANGE_ONLY,8.0,quadratic_minus_linear,temperature,K,ESTIMABLE,0.1012911271694229,0.0724829835667874,0.1320467985277044,0.014724442137624,0.059563814960917,1000.0,0.0
atlanta,28598,2023-07-22,grid_00,0.0,0.1,BLOCK_RANGE_ONLY,8.0,quadratic_minus_linear,emitted_flux,W/m2,ESTIMABLE,0.4901936958931354,0.2942685471167409,0.6918401864228316,0.1030409775456174,0.3975716393060907,1000.0,0.0
atlanta,28598,2023-07-22,grid_00,0.0,0.1,BLOCK_RANGE_ONLY,8.0,quadratic_minus_linear,temperature_equivalent,K,ESTIMABLE,0.0732593936465946,0.0439771491192487,0.1034389884653904,0.0154069233476159,0.0594618393461416,1000.0,0.0
atlanta,28598,2023-07-22,grid_00,0.0,0.1,BLOCK_RANGE_ONLY,8.0,quadratic_minus_linear,temperature_minus_equivalent,K,ESTIMABLE,0.0280317335228282,0.0152848665416185,0.0395557169298808,0.0063241206993914,0.0242708503882622,1000.0,0.0
atlanta,28598,2023-07-22,grid_01,0.1,0.2,BLOCK_RANGE_ONLY,1.0,linear,temperature,K,ESTIMABLE,0.1608455050969203,0.1498332103866767,0.1715125597682842,0.0055213186991221,0.0216793493816074,1000.0,0.0
atlanta,28598,2023-07-22,grid_01,0.1,0.2,BLOCK_RANGE_ONLY,1.0,linear,emitted_flux,W/m2,ESTIMABLE,0.8826717524276035,0.8047468841977984,0.955175907734796,0.038853328421086,0.1504290235369976,1000.0,0.0
atlanta,28598,2023-07-22,grid_01,0.1,0.2,BLOCK_RANGE_ONLY,1.0,linear,temperature_equivalent,K,ESTIMABLE,0.1317863112672057,0.1201451610901727,0.1426188248568607,0.0058045931710437,0.0224736637666879,1000.0,0.0
atlanta,28598,2023-07-22,grid_01,0.1,0.2,BLOCK_RANGE_ONLY,1.0,linear,temperature_minus_equivalent,K,ESTIMABLE,0.0290591938297145,0.0247825254021706,0.0332211057701829,0.0021169085147689,0.0084385803680123,1000.0,0.0
atlanta,28598,2023-07-22,grid_01,0.1,0.2,BLOCK_RANGE_ONLY,1.0,quadratic,temperature,K,ESTIMABLE,0.2390703500641382,0.2139495604908224,0.2618576969796419,0.0124667580672548,0.0479081364888194,1000.0,0.0
atlanta,28598,2023-07-22,grid_01,0.1,0.2,BLOCK_RANGE_ONLY,1.0,quadratic,emitted_flux,W/m2,ESTIMABLE,1.2612372490975188,1.083112208248011,1.4295491270646778,0.0870782749333716,0.3464369188166669,1000.0,0.0
atlanta,28598,2023-07-22,grid_01,0.1,0.2,BLOCK_RANGE_ONLY,1.0,quadratic,temperature_equivalent,K,ESTIMABLE,0.1883583820264789,0.1617359306739473,0.2135203766818165,0.0130161803128494,0.0517844460078691,1000.0,0.0
atlanta,28598,2023-07-22,grid_01,0.1,0.2,BLOCK_RANGE_ONLY,1.0,quadratic,temperature_minus_equivalent,K,ESTIMABLE,0.0507119680376593,0.0424656306319847,0.0595262091934924,0.0043475327077315,0.0170605785615077,1000.0,0.0
atlanta,28598,2023-07-22,grid_01,0.1,0.2,BLOCK_RANGE_ONLY,1.0,quadratic_minus_linear,temperature,K,ESTIMABLE,0.0782248449672179,0.0572496316101011,0.0985734170955808,0.0106250075775351,0.0413237854854797,1000.0,0.0
atlanta,28598,2023-07-22,grid_01,0.1,0.2,BLOCK_RANGE_ONLY,1.0,quadratic_minus_linear,emitted_flux,W/m2,ESTIMABLE,0.3785654966699152,0.2348112034237084,0.5141450427375804,0.0739707042035887,0.279333839313872,1000.0,0.0
atlanta,28598,2023-07-22,grid_01,0.1,0.2,BLOCK_RANGE_ONLY,1.0,quadratic_minus_linear,temperature_equivalent,K,ESTIMABLE,0.0565720707592731,0.0350860815274487,0.0768339796557725,0.0110572319881746,0.0417478981283238,1000.0,0.0
atlanta,28598,2023-07-22,grid_01,0.1,0.2,BLOCK_RANGE_ONLY,1.0,quadratic_minus_linear,temperature_minus_equivalent,K,ESTIMABLE,0.0216527742079447,0.0142936934659047,0.0293688067587957,0.0038445897751587,0.015075113292891,1000.0,0.0
atlanta,28598,2023-07-22,grid_01,0.1,0.2,BLOCK_RANGE_ONLY,8.0,linear,temperature,K,ESTIMABLE,0.1608455050969203,0.1425799720980547,0.1781050926700033,0.0093401175905453,0.0355251205719486,1000.0,0.0
atlanta,28598,2023-07-22,grid_01,0.1,0.2,BLOCK_RANGE_ONLY,8.0,linear,emitted_flux,W/m2,ESTIMABLE,0.8826717524276035,0.7559288205152808,1.0037447459183382,0.0643665580176695,0.2478159254030574,1000.0,0.0
atlanta,28598,2023-07-22,grid_01,0.1,0.2,BLOCK_RANGE_ONLY,8.0,linear,temperature_equivalent,K,ESTIMABLE,0.1317863112672057,0.1128529175210445,0.1498758982354346,0.0096161908566155,0.03702298071439,1000.0,0.0
atlanta,28598,2023-07-22,grid_01,0.1,0.2,BLOCK_RANGE_ONLY,8.0,linear,temperature_minus_equivalent,K,ESTIMABLE,0.0290591938297145,0.0242212188287185,0.0344008411390159,0.0026373067079789,0.0101796223102974,1000.0,0.0
atlanta,28598,2023-07-22,grid_01,0.1,0.2,BLOCK_RANGE_ONLY,8.0,quadratic,temperature,K,ESTIMABLE,0.2390703500641382,0.2073362456342707,0.2706341965761167,0.0164364994921482,0.063297950941846,1000.0,0.0
atlanta,28598,2023-07-22,grid_01,0.1,0.2,BLOCK_RANGE_ONLY,8.0,quadratic,emitted_flux,W/m2,ESTIMABLE,1.2612372490975188,1.0435988647351582,1.49189888217347,0.1162055833245482,0.4483000174383118,1000.0,0.0
atlanta,28598,2023-07-22,grid_01,0.1,0.2,BLOCK_RANGE_ONLY,8.0,quadratic,temperature_equivalent,K,ESTIMABLE,0.1883583820264789,0.1558312081592333,0.2228429641777523,0.017370302901936,0.067011756018519,1000.0,0.0
atlanta,28598,2023-07-22,grid_01,0.1,0.2,BLOCK_RANGE_ONLY,8.0,quadratic,temperature_minus_equivalent,K,ESTIMABLE,0.0507119680376593,0.0399048415482724,0.0611093495155135,0.0054262230172949,0.021204507967241,1000.0,0.0
atlanta,28598,2023-07-22,grid_01,0.1,0.2,BLOCK_RANGE_ONLY,8.0,quadratic_minus_linear,temperature,K,ESTIMABLE,0.0782248449672179,0.056021184017547,0.1018366542017815,0.0113392698974273,0.0458154701842344,1000.0,0.0
atlanta,28598,2023-07-22,grid_01,0.1,0.2,BLOCK_RANGE_ONLY,8.0,quadratic_minus_linear,emitted_flux,W/m2,ESTIMABLE,0.3785654966699152,0.2273193577560673,0.533253087061776,0.0794278421262964,0.3059337293057086,1000.0,0.0
atlanta,28598,2023-07-22,grid_01,0.1,0.2,BLOCK_RANGE_ONLY,8.0,quadratic_minus_linear,temperature_equivalent,K,ESTIMABLE,0.0565720707592731,0.0339652882886454,0.0797064072711506,0.0118743207334705,0.0457411189825052,1000.0,0.0
atlanta,28598,2023-07-22,grid_01,0.1,0.2,BLOCK_RANGE_ONLY,8.0,quadratic_minus_linear,temperature_minus_equivalent,K,ESTIMABLE,0.0216527742079447,0.0118127472153282,0.0305951630261008,0.0048823759773423,0.0187824158107726,1000.0,0.0
atlanta,28598,2023-07-22,grid_02,0.2,0.3,BLOCK_RANGE_ONLY,1.0,linear,temperature,K,ESTIMABLE,0.1608455050969202,0.1498332103866767,0.1715125597682841,0.0055213186991221,0.0216793493816074,1000.0,0.0
atlanta,28598,2023-07-22,grid_02,0.2,0.3,BLOCK_RANGE_ONLY,1.0,linear,emitted_flux,W/m2,ESTIMABLE,0.8826717524276032,0.8047468841977982,0.9551759077347958,0.0388533284210859,0.1504290235369976,1000.0,0.0
atlanta,28598,2023-07-22,grid_02,0.2,0.3,BLOCK_RANGE_ONLY,1.0,linear,temperature_equivalent,K,ESTIMABLE,0.1317863112672057,0.1201451610901727,0.1426188248568607,0.0058045931710438,0.0224736637666879,1000.0,0.0
atlanta,28598,2023-07-22,grid_02,0.2,0.3,BLOCK_RANGE_ONLY,1.0,linear,temperature_minus_equivalent,K,ESTIMABLE,0.0290591938297145,0.0247825254021706,0.0332211057701828,0.0021169085147689,0.0084385803680122,1000.0,0.0
atlanta,28598,2023-07-22,grid_02,0.2,0.3,BLOCK_RANGE_ONLY,1.0,quadratic,temperature,K,ESTIMABLE,0.2160040678619333,0.1959710073341329,0.2347662647137132,0.0097536815000759,0.0387952573795803,1000.0,0.0
atlanta,28598,2023-07-22,grid_02,0.2,0.3,BLOCK_RANGE_ONLY,1.0,quadratic,emitted_flux,W/m2,ESTIMABLE,1.149609049874298,1.003644534233491,1.277926626211387,0.0682292199525438,0.2742820919778961,1000.0,0.0
atlanta,28598,2023-07-22,grid_02,0.2,0.3,BLOCK_RANGE_ONLY,1.0,quadratic,temperature_equivalent,K,ESTIMABLE,0.1716737142740498,0.1498609242637116,0.1908531116922219,0.0101970876385014,0.0409921874285103,1000.0,0.0
atlanta,28598,2023-07-22,grid_02,0.2,0.3,BLOCK_RANGE_ONLY,1.0,quadratic,temperature_minus_equivalent,K,ESTIMABLE,0.0443303535878834,0.0379904311140032,0.051261364964856,0.0034022807912024,0.0132709338508527,1000.0,0.0
atlanta,28598,2023-07-22,grid_02,0.2,0.3,BLOCK_RANGE_ONLY,1.0,quadratic_minus_linear,temperature,K,ESTIMABLE,0.055158562765013,0.0404090315623368,0.0695319112495528,0.0074938999481075,0.0291228796872159,1000.0,0.0
atlanta,28598,2023-07-22,grid_02,0.2,0.3,BLOCK_RANGE_ONLY,1.0,quadratic_minus_linear,emitted_flux,W/m2,ESTIMABLE,0.2669372974466949,0.1654766694212286,0.3631696892658488,0.0521667851085112,0.1976930198446201,1000.0,0.0
atlanta,28598,2023-07-22,grid_02,0.2,0.3,BLOCK_RANGE_ONLY,1.0,quadratic_minus_linear,temperature_equivalent,K,ESTIMABLE,0.0398874030068441,0.0247247194352269,0.0542663416902499,0.0077967348859558,0.029541622255023,1000.0,0.0
atlanta,28598,2023-07-22,grid_02,0.2,0.3,BLOCK_RANGE_ONLY,1.0,quadratic_minus_linear,temperature_minus_equivalent,K,ESTIMABLE,0.0152711597581689,0.010081094090793,0.020713146173699,0.0027112761625625,0.010632052082906,1000.0,0.0
atlanta,28598,2023-07-22,grid_02,0.2,0.3,BLOCK_RANGE_ONLY,8.0,linear,temperature,K,ESTIMABLE,0.1608455050969202,0.1425799720980547,0.1781050926700033,0.0093401175905453,0.0355251205719486,1000.0,0.0
atlanta,28598,2023-07-22,grid_02,0.2,0.3,BLOCK_RANGE_ONLY,8.0,linear,emitted_flux,W/m2,ESTIMABLE,0.8826717524276032,0.7559288205152805,1.0037447459183375,0.0643665580176695,0.2478159254030572,1000.0,0.0
atlanta,28598,2023-07-22,grid_02,0.2,0.3,BLOCK_RANGE_ONLY,8.0,linear,temperature_equivalent,K,ESTIMABLE,0.1317863112672057,0.1128529175210445,0.1498758982354346,0.0096161908566155,0.03702298071439,1000.0,0.0
atlanta,28598,2023-07-22,grid_02,0.2,0.3,BLOCK_RANGE_ONLY,8.0,linear,temperature_minus_equivalent,K,ESTIMABLE,0.0290591938297145,0.0242212188287184,0.0344008411390159,0.002637306707979,0.0101796223102974,1000.0,0.0
atlanta,28598,2023-07-22,grid_02,0.2,0.3,BLOCK_RANGE_ONLY,8.0,quadratic,temperature,K,ESTIMABLE,0.2160040678619333,0.1893611181884133,0.2426508610539987,0.0137034351394967,0.0532897428655853,1000.0,0.0
atlanta,28598,2023-07-22,grid_02,0.2,0.3,BLOCK_RANGE_ONLY,8.0,quadratic,emitted_flux,W/m2,ESTIMABLE,1.149609049874298,0.96871286140172,1.3386887762587296,0.0968040624987287,0.3699759148570096,1000.0,0.0
atlanta,28598,2023-07-22,grid_02,0.2,0.3,BLOCK_RANGE_ONLY,8.0,quadratic,temperature_equivalent,K,ESTIMABLE,0.1716737142740498,0.1446414430309857,0.1999363449800228,0.0144678589033677,0.055294901949037,1000.0,0.0
atlanta,28598,2023-07-22,grid_02,0.2,0.3,BLOCK_RANGE_ONLY,8.0,quadratic,temperature_minus_equivalent,K,ESTIMABLE,0.0443303535878834,0.0359155428804515,0.0525642994017074,0.0042288572499763,0.0166487565212558,1000.0,0.0
atlanta,28598,2023-07-22,grid_02,0.2,0.3,BLOCK_RANGE_ONLY,8.0,quadratic_minus_linear,temperature,K,ESTIMABLE,0.055158562765013,0.0394811754329425,0.0715330908797714,0.0079560585529875,0.0320519154468289,1000.0,0.0
atlanta,28598,2023-07-22,grid_02,0.2,0.3,BLOCK_RANGE_ONLY,8.0,quadratic_minus_linear,emitted_flux,W/m2,ESTIMABLE,0.2669372974466949,0.1606947692609863,0.3752077418902812,0.055821549381747,0.2145129726292949,1000.0,0.0
atlanta,28598,2023-07-22,grid_02,0.2,0.3,BLOCK_RANGE_ONLY,8.0,quadratic_minus_linear,temperature_equivalent,K,ESTIMABLE,0.0398874030068441,0.024009160962386,0.056076792065032,0.0083438712035001,0.032067631102646,1000.0,0.0
atlanta,28598,2023-07-22,grid_02,0.2,0.3,BLOCK_RANGE_ONLY,8.0,quadratic_minus_linear,temperature_minus_equivalent,K,ESTIMABLE,0.0152711597581689,0.0083475092266271,0.0216281038943408,0.0034413414636264,0.0132805946677136,1000.0,0.0
atlanta,28598,2023-07-22,grid_03,0.3,0.4,BLOCK_RANGE_ONLY,1.0,linear,temperature,K,ESTIMABLE,0.1608455050969203,0.1498332103866768,0.1715125597682842,0.0055213186991221,0.0216793493816074,1000.0,0.0
atlanta,28598,2023-07-22,grid_03,0.3,0.4,BLOCK_RANGE_ONLY,1.0,linear,emitted_flux,W/m2,ESTIMABLE,0.8826717524276038,0.8047468841977986,0.9551759077347964,0.038853328421086,0.1504290235369977,1000.0,0.0
atlanta,28598,2023-07-22,grid_03,0.3,0.4,BLOCK_RANGE_ONLY,1.0,linear,temperature_equivalent,K,ESTIMABLE,0.1317863112672057,0.1201451610901727,0.1426188248568607,0.0058045931710437,0.0224736637666879,1000.0,0.0
atlanta,28598,2023-07-22,grid_03,0.3,0.4,BLOCK_RANGE_ONLY,1.0,linear,temperature_minus_equivalent,K,ESTIMABLE,0.0290591938297145,0.0247825254021706,0.033221105770183,0.0021169085147689,0.0084385803680123,1000.0,0.0
atlanta,28598,2023-07-22,grid_03,0.3,0.4,BLOCK_RANGE_ONLY,1.0,quadratic,temperature,K,ESTIMABLE,0.1929377856597285,0.1775803711479559,0.2069822729014259,0.007380453859622,0.02940190175347,1000.0,0.0
atlanta,28598,2023-07-22,grid_03,0.3,0.4,BLOCK_RANGE_ONLY,1.0,quadratic,emitted_flux,W/m2,ESTIMABLE,1.0379808506510784,0.9257061734270552,1.135512894078385,0.0517591163171966,0.2098067206513297,1000.0,0.0
atlanta,28598,2023-07-22,grid_03,0.3,0.4,BLOCK_RANGE_ONLY,1.0,quadratic,temperature_equivalent,K,ESTIMABLE,0.154991700670962,0.138215751960594,0.1695670010388937,0.0077343648205376,0.0313512490782997,1000.0,0.0
atlanta,28598,2023-07-22,grid_03,0.3,0.4,BLOCK_RANGE_ONLY,1.0,quadratic,temperature_minus_equivalent,K,ESTIMABLE,0.0379460849887664,0.0330621016215373,0.0435087820968277,0.0026116524295408,0.0104466804752904,1000.0,0.0
atlanta,28598,2023-07-22,grid_03,0.3,0.4,BLOCK_RANGE_ONLY,1.0,quadratic_minus_linear,temperature,K,ESTIMABLE,0.0320922805628081,0.0235684315145725,0.0404408246923891,0.0043644973494595,0.0168723931778165,1000.0,0.0
atlanta,28598,2023-07-22,grid_03,0.3,0.4,BLOCK_RANGE_ONLY,1.0,quadratic_minus_linear,emitted_flux,W/m2,ESTIMABLE,0.1553090982234746,0.0961460838649901,0.2121943357941174,0.0303687509355273,0.1160482519291272,1000.0,0.0
atlanta,28598,2023-07-22,grid_03,0.3,0.4,BLOCK_RANGE_ONLY,1.0,quadratic_minus_linear,temperature_equivalent,K,ESTIMABLE,0.0232053894037562,0.0143649463328898,0.0317035593611862,0.0045381374872342,0.0173386130282963,1000.0,0.0
atlanta,28598,2023-07-22,grid_03,0.3,0.4,BLOCK_RANGE_ONLY,1.0,quadratic_minus_linear,temperature_minus_equivalent,K,ESTIMABLE,0.0088868911590518,0.0058662609330959,0.0120462353046168,0.0015786161780082,0.0061799743715208,1000.0,0.0
atlanta,28598,2023-07-22,grid_03,0.3,0.4,BLOCK_RANGE_ONLY,8.0,linear,temperature,K,ESTIMABLE,0.1608455050969203,0.1425799720980547,0.1781050926700034,0.0093401175905453,0.0355251205719486,1000.0,0.0
atlanta,28598,2023-07-22,grid_03,0.3,0.4,BLOCK_RANGE_ONLY,8.0,linear,emitted_flux,W/m2,ESTIMABLE,0.8826717524276038,0.755928820515281,1.0037447459183384,0.0643665580176695,0.2478159254030574,1000.0,0.0
atlanta,28598,2023-07-22,grid_03,0.3,0.4,BLOCK_RANGE_ONLY,8.0,linear,temperature_equivalent,K,ESTIMABLE,0.1317863112672057,0.1128529175210445,0.1498758982354346,0.0096161908566155,0.03702298071439,1000.0,0.0
atlanta,28598,2023-07-22,grid_03,0.3,0.4,BLOCK_RANGE_ONLY,8.0,linear,temperature_minus_equivalent,K,ESTIMABLE,0.0290591938297145,0.0242212188287185,0.0344008411390159,0.0026373067079789,0.0101796223102974,1000.0,0.0
atlanta,28598,2023-07-22,grid_03,0.3,0.4,BLOCK_RANGE_ONLY,8.0,quadratic,temperature,K,ESTIMABLE,0.1929377856597285,0.1706202772421556,0.2141925404630178,0.0113295954931672,0.0435722632208621,1000.0,0.0
atlanta,28598,2023-07-22,grid_03,0.3,0.4,BLOCK_RANGE_ONLY,8.0,quadratic,emitted_flux,W/m2,ESTIMABLE,1.0379808506510784,0.8880143214254116,1.191169396076995,0.0797134847812625,0.3031550746515831,1000.0,0.0
atlanta,28598,2023-07-22,grid_03,0.3,0.4,BLOCK_RANGE_ONLY,8.0,quadratic,temperature_equivalent,K,ESTIMABLE,0.154991700670962,0.1325844818392681,0.1778852804270926,0.0119116651113821,0.0453007985878244,1000.0,0.0
atlanta,28598,2023-07-22,grid_03,0.3,0.4,BLOCK_RANGE_ONLY,8.0,quadratic,temperature_minus_equivalent,K,ESTIMABLE,0.0379460849887664,0.0318064175625234,0.0443726511833044,0.0032377093146784,0.012566233620781,1000.0,0.0
atlanta,28598,2023-07-22,grid_03,0.3,0.4,BLOCK_RANGE_ONLY,8.0,quadratic_minus_linear,temperature,K,ESTIMABLE,0.0320922805628081,0.0229543163521903,0.041246409020651,0.0045791564659693,0.0182920926684606,1000.0,0.0
atlanta,28598,2023-07-22,grid_03,0.3,0.4,BLOCK_RANGE_ONLY,8.0,quadratic_minus_linear,emitted_flux,W/m2,ESTIMABLE,0.1553090982234746,0.0938252627951807,0.2177970748642634,0.0322371348784795,0.1239718120690826,1000.0,0.0
atlanta,28598,2023-07-22,grid_03,0.3,0.4,BLOCK_RANGE_ONLY,8.0,quadratic_minus_linear,temperature_equivalent,K,ESTIMABLE,0.0232053894037562,0.014015930582164,0.0325466096135954,0.0048178199970932,0.0185306790314314,1000.0,0.0
atlanta,28598,2023-07-22,grid_03,0.3,0.4,BLOCK_RANGE_ONLY,8.0,quadratic_minus_linear,temperature_minus_equivalent,K,ESTIMABLE,0.0088868911590518,0.0048736923094156,0.012625754660233,0.0020018228123853,0.0077520623508174,1000.0,0.0
atlanta,28598,2023-07-22,grid_04,0.4,0.5,BLOCK_RANGE_ONLY,1.0,linear,temperature,K,ESTIMABLE,0.1608455050969202,0.1498332103866767,0.1715125597682841,0.0055213186991221,0.0216793493816074,1000.0,0.0
atlanta,28598,2023-07-22,grid_04,0.4,0.5,BLOCK_RANGE_ONLY,1.0,linear,emitted_flux,W/m2,ESTIMABLE,0.8826717524276032,0.8047468841977982,0.9551759077347958,0.0388533284210859,0.1504290235369976,1000.0,0.0
atlanta,28598,2023-07-22,grid_04,0.4,0.5,BLOCK_RANGE_ONLY,1.0,linear,temperature_equivalent,K,ESTIMABLE,0.1317863112672057,0.1201451610901727,0.1426188248568607,0.0058045931710438,0.0224736637666879,1000.0,0.0
atlanta,28598,2023-07-22,grid_04,0.4,0.5,BLOCK_RANGE_ONLY,1.0,linear,temperature_minus_equivalent,K,ESTIMABLE,0.0290591938297145,0.0247825254021706,0.0332211057701828,0.0021169085147689,0.0084385803680122,1000.0,0.0
atlanta,28598,2023-07-22,grid_04,0.4,0.5,BLOCK_RANGE_ONLY,1.0,quadratic,temperature,K,ESTIMABLE,0.1698715034575235,0.1580165870638128,0.1810001096104615,0.0057819067628874,0.0229835225466487,1000.0,0.0
atlanta,28598,2023-07-22,grid_04,0.4,0.5,BLOCK_RANGE_ONLY,1.0,quadratic,emitted_flux,W/m2,ESTIMABLE,0.9263526514278578,0.843366084985061,1.0023371143161026,0.0406689680860642,0.1589710293310415,1000.0,0.0
atlanta,28598,2023-07-22,grid_04,0.4,0.5,BLOCK_RANGE_ONLY,1.0,quadratic,temperature_equivalent,K,ESTIMABLE,0.1383123402323463,0.1259142992594974,0.1496655652607657,0.0060762154432137,0.0237512660012683,1000.0,0.0
atlanta,28598,2023-07-22,grid_04,0.4,0.5,BLOCK_RANGE_ONLY,1.0,quadratic,temperature_minus_equivalent,K,ESTIMABLE,0.0315591632251772,0.0272962338947648,0.0361542551575914,0.0021528353564839,0.0088580212628265,1000.0,0.0
atlanta,28598,2023-07-22,grid_04,0.4,0.5,BLOCK_RANGE_ONLY,1.0,quadratic_minus_linear,temperature,K,ESTIMABLE,0.0090259983606033,0.0065976665216074,0.0114742633788544,0.001249675184302,0.0048765968572469,1000.0,0.0
atlanta,28598,2023-07-22,grid_04,0.4,0.5,BLOCK_RANGE_ONLY,1.0,quadratic_minus_linear,emitted_flux,W/m2,ESTIMABLE,0.0436808990002546,0.0267583465761076,0.0602140924235454,0.008621355743405,0.0334557458474378,1000.0,0.0
atlanta,28598,2023-07-22,grid_04,0.4,0.5,BLOCK_RANGE_ONLY,1.0,quadratic_minus_linear,temperature_equivalent,K,ESTIMABLE,0.0065260289651405,0.0039976785681162,0.0089964839286665,0.0012881251580123,0.0049988053605503,1000.0,0.0
atlanta,28598,2023-07-22,grid_04,0.4,0.5,BLOCK_RANGE_ONLY,1.0,quadratic_minus_linear,temperature_minus_equivalent,K,ESTIMABLE,0.0024999693954627,0.0016496872087255,0.0033940772905776,0.0004493553344297,0.0017443900818521,1000.0,0.0
atlanta,28598,2023-07-22,grid_04,0.4,0.5,BLOCK_RANGE_ONLY,8.0,linear,temperature,K,ESTIMABLE,0.1608455050969202,0.1425799720980547,0.1781050926700033,0.0093401175905453,0.0355251205719486,1000.0,0.0
atlanta,28598,2023-07-22,grid_04,0.4,0.5,BLOCK_RANGE_ONLY,8.0,linear,emitted_flux,W/m2,ESTIMABLE,0.8826717524276032,0.7559288205152805,1.0037447459183375,0.0643665580176695,0.2478159254030572,1000.0,0.0
atlanta,28598,2023-07-22,grid_04,0.4,0.5,BLOCK_RANGE_ONLY,8.0,linear,temperature_equivalent,K,ESTIMABLE,0.1317863112672057,0.1128529175210445,0.1498758982354346,0.0096161908566155,0.03702298071439,1000.0,0.0
atlanta,28598,2023-07-22,grid_04,0.4,0.5,BLOCK_RANGE_ONLY,8.0,linear,temperature_minus_equivalent,K,ESTIMABLE,0.0290591938297145,0.0242212188287184,0.0344008411390159,0.002637306707979,0.0101796223102974,1000.0,0.0
atlanta,28598,2023-07-22,grid_04,0.4,0.5,BLOCK_RANGE_ONLY,8.0,quadratic,temperature,K,ESTIMABLE,0.1698715034575235,0.1512764435822068,0.1874188056572293,0.0095856827510928,0.0361423620750224,1000.0,0.0
atlanta,28598,2023-07-22,grid_04,0.4,0.5,BLOCK_RANGE_ONLY,8.0,quadratic,emitted_flux,W/m2,ESTIMABLE,0.9263526514278578,0.7961817550714844,1.0548530630689223,0.0667336273174391,0.258671307997438,1000.0,0.0
atlanta,28598,2023-07-22,grid_04,0.4,0.5,BLOCK_RANGE_ONLY,8.0,quadratic,temperature_equivalent,K,ESTIMABLE,0.1383123402323463,0.1188657003040475,0.1575129585340335,0.0099704533499092,0.0386472582299859,1000.0,0.0
atlanta,28598,2023-07-22,grid_04,0.4,0.5,BLOCK_RANGE_ONLY,8.0,quadratic,temperature_minus_equivalent,K,ESTIMABLE,0.0315591632251772,0.0267290141152369,0.0368244874338923,0.0026906456317592,0.0100954733186553,1000.0,0.0
atlanta,28598,2023-07-22,grid_04,0.4,0.5,BLOCK_RANGE_ONLY,8.0,quadratic_minus_linear,temperature,K,ESTIMABLE,0.0090259983606033,0.0065450850440356,0.0114716853492182,0.0012603414340932,0.0049266003051825,1000.0,0.0
atlanta,28598,2023-07-22,grid_04,0.4,0.5,BLOCK_RANGE_ONLY,8.0,quadratic_minus_linear,emitted_flux,W/m2,ESTIMABLE,0.0436808990002546,0.026950038078072,0.061029940600711,0.0088512470433976,0.034079902522639,1000.0,0.0
atlanta,28598,2023-07-22,grid_04,0.4,0.5,BLOCK_RANGE_ONLY,8.0,quadratic_minus_linear,temperature_equivalent,K,ESTIMABLE,0.0065260289651405,0.0040258328190702,0.0091180456367283,0.0013225540094319,0.005092212817658,1000.0,0.0
atlanta,28598,2023-07-22,grid_04,0.4,0.5,BLOCK_RANGE_ONLY,8.0,quadratic_minus_linear,temperature_minus_equivalent,K,ESTIMABLE,0.0024999693954627,0.0013709117606488,0.0036111714969689,0.0005727827154046,0.0022402597363201,1000.0,0.0
atlanta,28598,2023-07-22,grid_05,0.5,0.6,BLOCK_RANGE_ONLY,1.0,linear,temperature,K,ESTIMABLE,0.1608455050969202,0.1498332103866767,0.1715125597682841,0.0055213186991221,0.0216793493816074,1000.0,0.0
atlanta,28598,2023-07-22,grid_05,0.5,0.6,BLOCK_RANGE_ONLY,1.0,linear,emitted_flux,W/m2,ESTIMABLE,0.8826717524276032,0.8047468841977982,0.9551759077347958,0.0388533284210859,0.1504290235369976,1000.0,0.0
atlanta,28598,2023-07-22,grid_05,0.5,0.6,BLOCK_RANGE_ONLY,1.0,linear,temperature_equivalent,K,ESTIMABLE,0.1317863112672057,0.1201451610901727,0.1426188248568607,0.0058045931710438,0.0224736637666879,1000.0,0.0
atlanta,28598,2023-07-22,grid_05,0.5,0.6,BLOCK_RANGE_ONLY,1.0,linear,temperature_minus_equivalent,K,ESTIMABLE,0.0290591938297145,0.0247825254021706,0.0332211057701828,0.0021169085147689,0.0084385803680122,1000.0,0.0
atlanta,28598,2023-07-22,grid_05,0.5,0.6,BLOCK_RANGE_ONLY,1.0,quadratic,temperature,K,ESTIMABLE,0.1468052212553186,0.1359957013520011,0.157503907055211,0.0056579450975654,0.0215082057032099,1000.0,0.0
atlanta,28598,2023-07-22,grid_05,0.5,0.6,BLOCK_RANGE_ONLY,1.0,quadratic,emitted_flux,W/m2,ESTIMABLE,0.8147244522046375,0.7363557550510373,0.8884224675481341,0.039750509242993,0.1520667124970968,1000.0,0.0
atlanta,28598,2023-07-22,grid_05,0.5,0.6,BLOCK_RANGE_ONLY,1.0,quadratic,temperature_equivalent,K,ESTIMABLE,0.1216356319736746,0.1099293150826511,0.1326454584185711,0.0059380668754336,0.0227161433359199,1000.0,0.0
atlanta,28598,2023-07-22,grid_05,0.5,0.6,BLOCK_RANGE_ONLY,1.0,quadratic,temperature_minus_equivalent,K,ESTIMABLE,0.0251695892816439,0.0207145578566182,0.0295552885624523,0.0022395212410811,0.0088407307058341,1000.0,0.0
atlanta,28598,2023-07-22,grid_05,0.5,0.6,BLOCK_RANGE_ONLY,1.0,quadratic_minus_linear,temperature,K,ESTIMABLE,-0.0140402838416016,-0.0176808576020477,-0.01025099097263,0.0019227816544548,0.0074298666294176,1000.0,0.0
atlanta,28598,2023-07-22,grid_05,0.5,0.6,BLOCK_RANGE_ONLY,1.0,quadratic_minus_linear,emitted_flux,W/m2,ESTIMABLE,-0.0679473002229656,-0.092348003049958,-0.0423996104604676,0.0133256779552986,0.0499483925894903,1000.0,0.0
atlanta,28598,2023-07-22,grid_05,0.5,0.6,BLOCK_RANGE_ONLY,1.0,quadratic_minus_linear,temperature_equivalent,K,ESTIMABLE,-0.010150679293531,-0.0137957492085647,-0.0063344616777342,0.0019906924416956,0.0074612875308304,1000.0,0.0
atlanta,28598,2023-07-22,grid_05,0.5,0.6,BLOCK_RANGE_ONLY,1.0,quadratic_minus_linear,temperature_minus_equivalent,K,ESTIMABLE,-0.0038896045480705,-0.0052573719879689,-0.0025685958916946,0.0006918942940772,0.0026887760962742,1000.0,0.0
atlanta,28598,2023-07-22,grid_05,0.5,0.6,BLOCK_RANGE_ONLY,8.0,linear,temperature,K,ESTIMABLE,0.1608455050969202,0.1425799720980547,0.1781050926700033,0.0093401175905453,0.0355251205719486,1000.0,0.0
atlanta,28598,2023-07-22,grid_05,0.5,0.6,BLOCK_RANGE_ONLY,8.0,linear,emitted_flux,W/m2,ESTIMABLE,0.8826717524276032,0.7559288205152805,1.0037447459183375,0.0643665580176695,0.2478159254030572,1000.0,0.0
atlanta,28598,2023-07-22,grid_05,0.5,0.6,BLOCK_RANGE_ONLY,8.0,linear,temperature_equivalent,K,ESTIMABLE,0.1317863112672057,0.1128529175210445,0.1498758982354346,0.0096161908566155,0.03702298071439,1000.0,0.0
atlanta,28598,2023-07-22,grid_05,0.5,0.6,BLOCK_RANGE_ONLY,8.0,linear,temperature_minus_equivalent,K,ESTIMABLE,0.0290591938297145,0.0242212188287184,0.0344008411390159,0.002637306707979,0.0101796223102974,1000.0,0.0
atlanta,28598,2023-07-22,grid_05,0.5,0.6,BLOCK_RANGE_ONLY,8.0,quadratic,temperature,K,ESTIMABLE,0.1468052212553186,0.1290994282486763,0.1636761592010431,0.008852167752579,0.0345767309523667,1000.0,0.0
atlanta,28598,2023-07-22,grid_05,0.5,0.6,BLOCK_RANGE_ONLY,8.0,quadratic,emitted_flux,W/m2,ESTIMABLE,0.8147244522046375,0.6935513352674677,0.9259455638051974,0.0605676365162836,0.2323942285377297,1000.0,0.0
atlanta,28598,2023-07-22,grid_05,0.5,0.6,BLOCK_RANGE_ONLY,8.0,quadratic,temperature_equivalent,K,ESTIMABLE,0.1216356319736746,0.1035359604924067,0.1382515185108772,0.0090477364129902,0.0347155580184704,1000.0,0.0
atlanta,28598,2023-07-22,grid_05,0.5,0.6,BLOCK_RANGE_ONLY,8.0,quadratic,temperature_minus_equivalent,K,ESTIMABLE,0.0251695892816439,0.0199118056723115,0.0309095417839191,0.0028549561093955,0.0109977361116076,1000.0,0.0
atlanta,28598,2023-07-22,grid_05,0.5,0.6,BLOCK_RANGE_ONLY,8.0,quadratic_minus_linear,temperature,K,ESTIMABLE,-0.0140402838416016,-0.0189605312763432,-0.0098492360703727,0.0022711731485193,0.0091112952059705,1000.0,0.0
atlanta,28598,2023-07-22,grid_05,0.5,0.6,BLOCK_RANGE_ONLY,8.0,quadratic_minus_linear,emitted_flux,W/m2,ESTIMABLE,-0.0679473002229656,-0.0992676296340404,-0.0401209549261676,0.0152767962128431,0.0591466747078728,1000.0,0.0
atlanta,28598,2023-07-22,grid_05,0.5,0.6,BLOCK_RANGE_ONLY,8.0,quadratic_minus_linear,temperature_equivalent,K,ESTIMABLE,-0.010150679293531,-0.0148322071175584,-0.005993686579653,0.0022824415653111,0.0088385205379054,1000.0,0.0
atlanta,28598,2023-07-22,grid_05,0.5,0.6,BLOCK_RANGE_ONLY,8.0,quadratic_minus_linear,temperature_minus_equivalent,K,ESTIMABLE,-0.0038896045480705,-0.0055783390341516,-0.0021496480250446,0.0008957074568451,0.003428691009107,1000.0,0.0
atlanta,28598,2023-07-22,grid_06,0.6,0.7,BLOCK_RANGE_ONLY,1.0,linear,temperature,K,ESTIMABLE,0.1608455050969202,0.1498332103866767,0.1715125597682841,0.0055213186991221,0.0216793493816074,1000.0,0.0
atlanta,28598,2023-07-22,grid_06,0.6,0.7,BLOCK_RANGE_ONLY,1.0,linear,emitted_flux,W/m2,ESTIMABLE,0.8826717524276032,0.8047468841977982,0.9551759077347958,0.0388533284210859,0.1504290235369976,1000.0,0.0
atlanta,28598,2023-07-22,grid_06,0.6,0.7,BLOCK_RANGE_ONLY,1.0,linear,temperature_equivalent,K,ESTIMABLE,0.1317863112672057,0.1201451610901727,0.1426188248568607,0.0058045931710438,0.0224736637666879,1000.0,0.0
atlanta,28598,2023-07-22,grid_06,0.6,0.7,BLOCK_RANGE_ONLY,1.0,linear,temperature_minus_equivalent,K,ESTIMABLE,0.0290591938297145,0.0247825254021706,0.0332211057701828,0.0021169085147689,0.0084385803680122,1000.0,0.0
atlanta,28598,2023-07-22,grid_06,0.6,0.7,BLOCK_RANGE_ONLY,1.0,quadratic,temperature,K,ESTIMABLE,0.1237389390531137,0.1097989309382626,0.1376303377665203,0.0070863805931542,0.0278314068282577,1000.0,0.0
atlanta,28598,2023-07-22,grid_06,0.6,0.7,BLOCK_RANGE_ONLY,1.0,quadratic,emitted_flux,W/m2,ESTIMABLE,0.7030962529814175,0.6058976721626855,0.8009039658183019,0.0495723731690644,0.1950062936556164,1000.0,0.0
atlanta,28598,2023-07-22,grid_06,0.6,0.7,BLOCK_RANGE_ONLY,1.0,quadratic,temperature_equivalent,K,ESTIMABLE,0.1049615749112717,0.0904450482426469,0.1195711032130716,0.0074041346628863,0.0291260549704247,1000.0,0.0
atlanta,28598,2023-07-22,grid_06,0.6,0.7,BLOCK_RANGE_ONLY,1.0,quadratic,temperature_minus_equivalent,K,ESTIMABLE,0.0187773641418419,0.013306178870246,0.0242313851634318,0.0028215293853163,0.0109252062931857,1000.0,0.0
atlanta,28598,2023-07-22,grid_06,0.6,0.7,BLOCK_RANGE_ONLY,1.0,quadratic_minus_linear,temperature,K,ESTIMABLE,-0.0371065660438064,-0.0468423201991753,-0.0269612463005524,0.0050452988798269,0.0198810738986228,1000.0,0.0
atlanta,28598,2023-07-22,grid_06,0.6,0.7,BLOCK_RANGE_ONLY,1.0,quadratic_minus_linear,emitted_flux,W/m2,ESTIMABLE,-0.1795754994461856,-0.2433991406545083,-0.1118614665886895,0.0350998402806346,0.1315376740658188,1000.0,0.0
atlanta,28598,2023-07-22,grid_06,0.6,0.7,BLOCK_RANGE_ONLY,1.0,quadratic_minus_linear,temperature_equivalent,K,ESTIMABLE,-0.0268247363559339,-0.0363574610208118,-0.0167104953041473,0.0052426654569552,0.0196469657166645,1000.0,0.0
atlanta,28598,2023-07-22,grid_06,0.6,0.7,BLOCK_RANGE_ONLY,1.0,quadratic_minus_linear,temperature_minus_equivalent,K,ESTIMABLE,-0.0102818296878725,-0.0138798548252544,-0.0067883018989381,0.0018222116114048,0.0070915529263163,1000.0,0.0
atlanta,28598,2023-07-22,grid_06,0.6,0.7,BLOCK_RANGE_ONLY,8.0,linear,temperature,K,ESTIMABLE,0.1608455050969202,0.1425799720980547,0.1781050926700033,0.0093401175905453,0.0355251205719486,1000.0,0.0
atlanta,28598,2023-07-22,grid_06,0.6,0.7,BLOCK_RANGE_ONLY,8.0,linear,emitted_flux,W/m2,ESTIMABLE,0.8826717524276032,0.7559288205152805,1.0037447459183375,0.0643665580176695,0.2478159254030572,1000.0,0.0
atlanta,28598,2023-07-22,grid_06,0.6,0.7,BLOCK_RANGE_ONLY,8.0,linear,temperature_equivalent,K,ESTIMABLE,0.1317863112672057,0.1128529175210445,0.1498758982354346,0.0096161908566155,0.03702298071439,1000.0,0.0
atlanta,28598,2023-07-22,grid_06,0.6,0.7,BLOCK_RANGE_ONLY,8.0,linear,temperature_minus_equivalent,K,ESTIMABLE,0.0290591938297145,0.0242212188287184,0.0344008411390159,0.002637306707979,0.0101796223102974,1000.0,0.0
atlanta,28598,2023-07-22,grid_06,0.6,0.7,BLOCK_RANGE_ONLY,8.0,quadratic,temperature,K,ESTIMABLE,0.1237389390531137,0.1050800269296983,0.1411736390507094,0.0093694404520442,0.0360936121210111,1000.0,0.0
atlanta,28598,2023-07-22,grid_06,0.6,0.7,BLOCK_RANGE_ONLY,8.0,quadratic,emitted_flux,W/m2,ESTIMABLE,0.7030962529814175,0.580243068535639,0.8214997849316475,0.0632410024481741,0.2412567163960085,1000.0,0.0
atlanta,28598,2023-07-22,grid_06,0.6,0.7,BLOCK_RANGE_ONLY,8.0,quadratic,temperature_equivalent,K,ESTIMABLE,0.1049615749112717,0.0866138897988932,0.1226477580383189,0.0094455621778361,0.0360338682394257,1000.0,0.0
atlanta,28598,2023-07-22,grid_06,0.6,0.7,BLOCK_RANGE_ONLY,8.0,quadratic,temperature_minus_equivalent,K,ESTIMABLE,0.0187773641418419,0.0117103780784805,0.0260188813140519,0.0036350346424224,0.0143085032355713,1000.0,0.0
atlanta,28598,2023-07-22,grid_06,0.6,0.7,BLOCK_RANGE_ONLY,8.0,quadratic_minus_linear,temperature,K,ESTIMABLE,-0.0371065660438064,-0.0487267137768117,-0.0260205520953457,0.0056283189994898,0.0227061616814659,1000.0,0.0
atlanta,28598,2023-07-22,grid_06,0.6,0.7,BLOCK_RANGE_ONLY,8.0,quadratic_minus_linear,emitted_flux,W/m2,ESTIMABLE,-0.1795754994461856,-0.2563835282842016,-0.1091304503474008,0.0387858305324216,0.1472530779368007,1000.0,0.0
atlanta,28598,2023-07-22,grid_06,0.6,0.7,BLOCK_RANGE_ONLY,8.0,quadratic_minus_linear,temperature_equivalent,K,ESTIMABLE,-0.0268247363559339,-0.0382873375431032,-0.0163012326775046,0.0057938468398453,0.0219861048655985,1000.0,0.0
atlanta,28598,2023-07-22,grid_06,0.6,0.7,BLOCK_RANGE_ONLY,8.0,quadratic_minus_linear,temperature_minus_equivalent,K,ESTIMABLE,-0.0102818296878725,-0.0146318627822758,-0.0056712971643364,0.0023296017669135,0.0089605656179394,1000.0,0.0
atlanta,28598,2023-07-22,grid_07,0.7,0.8,BLOCK_RANGE_ONLY,1.0,linear,temperature,K,ESTIMABLE,0.1608455050969204,0.1498332103866768,0.1715125597682843,0.0055213186991221,0.0216793493816074,1000.0,0.0
atlanta,28598,2023-07-22,grid_07,0.7,0.8,BLOCK_RANGE_ONLY,1.0,linear,emitted_flux,W/m2,ESTIMABLE,0.8826717524276042,0.804746884197799,0.9551759077347968,0.038853328421086,0.1504290235369977,1000.0,0.0
atlanta,28598,2023-07-22,grid_07,0.7,0.8,BLOCK_RANGE_ONLY,1.0,linear,temperature_equivalent,K,ESTIMABLE,0.1317863112672057,0.1201451610901727,0.1426188248568607,0.0058045931710437,0.0224736637666879,1000.0,0.0
atlanta,28598,2023-07-22,grid_07,0.7,0.8,BLOCK_RANGE_ONLY,1.0,linear,temperature_minus_equivalent,K,ESTIMABLE,0.0290591938297146,0.0247825254021707,0.033221105770183,0.0021169085147688,0.0084385803680123,1000.0,0.0
atlanta,28598,2023-07-22,grid_07,0.7,0.8,BLOCK_RANGE_ONLY,1.0,quadratic,temperature,K,ESTIMABLE,0.1006726568509088,0.082515183362784,0.1189241420022042,0.0093831651038777,0.0364089586394201,1000.0,0.0
atlanta,28598,2023-07-22,grid_07,0.7,0.8,BLOCK_RANGE_ONLY,1.0,quadratic,emitted_flux,W/m2,ESTIMABLE,0.5914680537581974,0.4685820108289703,0.713906910597404,0.0654669119081727,0.2453248997684337,1000.0,0.0
atlanta,28598,2023-07-22,grid_07,0.7,0.8,BLOCK_RANGE_ONLY,1.0,quadratic,temperature_equivalent,K,ESTIMABLE,0.0882901680618033,0.0699404923826662,0.1065762617338151,0.0097766154612233,0.0366357693511488,1000.0,0.0
atlanta,28598,2023-07-22,grid_07,0.7,0.8,BLOCK_RANGE_ONLY,1.0,quadratic,temperature_minus_equivalent,K,ESTIMABLE,0.0123824887891055,0.0049126549471953,0.0195179227578558,0.0036700762518548,0.0146052678106604,1000.0,0.0
atlanta,28598,2023-07-22,grid_07,0.7,0.8,BLOCK_RANGE_ONLY,1.0,quadratic_minus_linear,temperature,K,ESTIMABLE,-0.0601728482460115,-0.0760898334669793,-0.0438005036745214,0.0081753007623258,0.0322893297924578,1000.0,0.0
atlanta,28598,2023-07-22,grid_07,0.7,0.8,BLOCK_RANGE_ONLY,1.0,quadratic_minus_linear,emitted_flux,W/m2,ESTIMABLE,-0.2912036986694067,-0.3942528337706686,-0.1811960005911695,0.056899939008118,0.2130568331794991,1000.0,0.0
atlanta,28598,2023-07-22,grid_07,0.7,0.8,BLOCK_RANGE_ONLY,1.0,quadratic_minus_linear,temperature_equivalent,K,ESTIMABLE,-0.0434961432054024,-0.0588845598532927,-0.0270667417605082,0.0084974950020203,0.0318178180927844,1000.0,0.0
atlanta,28598,2023-07-22,grid_07,0.7,0.8,BLOCK_RANGE_ONLY,1.0,quadratic_minus_linear,temperature_minus_equivalent,K,ESTIMABLE,-0.0166767050406091,-0.022585534261745,-0.0110112675206507,0.0029538405569991,0.0115742667410942,1000.0,0.0
atlanta,28598,2023-07-22,grid_07,0.7,0.8,BLOCK_RANGE_ONLY,8.0,linear,temperature,K,ESTIMABLE,0.1608455050969204,0.1425799720980548,0.1781050926700035,0.0093401175905453,0.0355251205719486,1000.0,0.0
atlanta,28598,2023-07-22,grid_07,0.7,0.8,BLOCK_RANGE_ONLY,8.0,linear,emitted_flux,W/m2,ESTIMABLE,0.8826717524276042,0.7559288205152813,1.0037447459183388,0.0643665580176695,0.2478159254030575,1000.0,0.0
atlanta,28598,2023-07-22,grid_07,0.7,0.8,BLOCK_RANGE_ONLY,8.0,linear,temperature_equivalent,K,ESTIMABLE,0.1317863112672057,0.1128529175210445,0.1498758982354346,0.0096161908566154,0.03702298071439,1000.0,0.0
atlanta,28598,2023-07-22,grid_07,0.7,0.8,BLOCK_RANGE_ONLY,8.0,linear,temperature_minus_equivalent,K,ESTIMABLE,0.0290591938297146,0.0242212188287186,0.034400841139016,0.0026373067079787,0.0101796223102974,1000.0,0.0
atlanta,28598,2023-07-22,grid_07,0.7,0.8,BLOCK_RANGE_ONLY,8.0,quadratic,temperature,K,ESTIMABLE,0.1006726568509088,0.0791988597475634,0.1207246935062044,0.0109618399549713,0.041525833758641,1000.0,0.0
atlanta,28598,2023-07-22,grid_07,0.7,0.8,BLOCK_RANGE_ONLY,8.0,quadratic,emitted_flux,W/m2,ESTIMABLE,0.5914680537581974,0.4414649416474516,0.7277868547990496,0.0737992845994242,0.286321913151598,1000.0,0.0
atlanta,28598,2023-07-22,grid_07,0.7,0.8,BLOCK_RANGE_ONLY,8.0,quadratic,temperature_equivalent,K,ESTIMABLE,0.0882901680618033,0.0658917306826666,0.1086494156460148,0.0110207710664363,0.0427576849633482,1000.0,0.0
atlanta,28598,2023-07-22,grid_07,0.7,0.8,BLOCK_RANGE_ONLY,8.0,quadratic,temperature_minus_equivalent,K,ESTIMABLE,0.0123824887891055,0.0033380053251543,0.0216802262026926,0.0047354836226662,0.0183422208775382,1000.0,0.0
atlanta,28598,2023-07-22,grid_07,0.7,0.8,BLOCK_RANGE_ONLY,8.0,quadratic_minus_linear,temperature,K,ESTIMABLE,-0.0601728482460115,-0.0788721678851291,-0.0422986655923123,0.0090082019514929,0.0365735022928168,1000.0,0.0
atlanta,28598,2023-07-22,grid_07,0.7,0.8,BLOCK_RANGE_ONLY,8.0,quadratic_minus_linear,emitted_flux,W/m2,ESTIMABLE,-0.2912036986694067,-0.4131702526009123,-0.1767358958051404,0.0623796843283633,0.2364343567957718,1000.0,0.0
atlanta,28598,2023-07-22,grid_07,0.7,0.8,BLOCK_RANGE_ONLY,8.0,quadratic_minus_linear,temperature_equivalent,K,ESTIMABLE,-0.0434961432054024,-0.0617068214078628,-0.0263984456346278,0.0093167934993473,0.0353083757732349,1000.0,0.0
atlanta,28598,2023-07-22,grid_07,0.7,0.8,BLOCK_RANGE_ONLY,8.0,quadratic_minus_linear,temperature_minus_equivalent,K,ESTIMABLE,-0.0166767050406091,-0.0236673290369543,-0.0091867701803961,0.0037682173584876,0.0144805588565581,1000.0,0.0
atlanta,28598,2023-07-22,grid_08,0.8,0.9,BLOCK_RANGE_ONLY,1.0,linear,temperature,K,ESTIMABLE,0.1608455050969202,0.1498332103866767,0.1715125597682841,0.0055213186991221,0.0216793493816074,1000.0,0.0
atlanta,28598,2023-07-22,grid_08,0.8,0.9,BLOCK_RANGE_ONLY,1.0,linear,emitted_flux,W/m2,ESTIMABLE,0.8826717524276032,0.8047468841977982,0.9551759077347958,0.0388533284210859,0.1504290235369976,1000.0,0.0
atlanta,28598,2023-07-22,grid_08,0.8,0.9,BLOCK_RANGE_ONLY,1.0,linear,temperature_equivalent,K,ESTIMABLE,0.1317863112672057,0.1201451610901727,0.1426188248568607,0.0058045931710438,0.0224736637666879,1000.0,0.0
atlanta,28598,2023-07-22,grid_08,0.8,0.9,BLOCK_RANGE_ONLY,1.0,linear,temperature_minus_equivalent,K,ESTIMABLE,0.0290591938297145,0.0247825254021706,0.0332211057701828,0.0021169085147689,0.0084385803680122,1000.0,0.0
atlanta,28598,2023-07-22,grid_08,0.8,0.9,BLOCK_RANGE_ONLY,1.0,quadratic,temperature,K,ESTIMABLE,0.077606374648704,0.0539183822453737,0.101233106401123,0.0120620618094027,0.0473147241557493,1000.0,0.0
atlanta,28598,2023-07-22,grid_08,0.8,0.9,BLOCK_RANGE_ONLY,1.0,quadratic,emitted_flux,W/m2,ESTIMABLE,0.4798398545349771,0.3254651427601737,0.6386108921756244,0.0840570764695966,0.3131457494154506,1000.0,0.0
atlanta,28598,2023-07-22,grid_08,0.8,0.9,BLOCK_RANGE_ONLY,1.0,quadratic,temperature_equivalent,K,ESTIMABLE,0.0716214104426171,0.0485739404101778,0.0953305159873366,0.0125508469467349,0.0467565755771587,1000.0,0.0
atlanta,28598,2023-07-22,grid_08,0.8,0.9,BLOCK_RANGE_ONLY,1.0,quadratic,temperature_minus_equivalent,K,ESTIMABLE,0.0059849642060868,-0.003414411302946,0.0149353942120977,0.0046409912390467,0.0183498055150437,1000.0,0.0
atlanta,28598,2023-07-22,grid_08,0.8,0.9,BLOCK_RANGE_ONLY,1.0,quadratic_minus_linear,temperature,K,ESTIMABLE,-0.0832391304482162,-0.1050798297165788,-0.0606417525455671,0.0113065730702903,0.0444380771710116,1000.0,0.0
atlanta,28598,2023-07-22,grid_08,0.8,0.9,BLOCK_RANGE_ONLY,1.0,quadratic_minus_linear,emitted_flux,W/m2,ESTIMABLE,-0.4028318978926261,-0.5450820331711786,-0.2505305345936486,0.0787044249529386,0.29455149857753,1000.0,0.0
atlanta,28598,2023-07-22,grid_08,0.8,0.9,BLOCK_RANGE_ONLY,1.0,quadratic_minus_linear,temperature_equivalent,K,ESTIMABLE,-0.0601649008245885,-0.0814032710582495,-0.0374219657967358,0.0117519623594174,0.0439813052615136,1000.0,0.0
atlanta,28598,2023-07-22,grid_08,0.8,0.9,BLOCK_RANGE_ONLY,1.0,quadratic_minus_linear,temperature_minus_equivalent,K,ESTIMABLE,-0.0230742296236276,-0.0312894507983165,-0.01523698526072,0.0040854526916821,0.0160524655375964,1000.0,0.0
atlanta,28598,2023-07-22,grid_08,0.8,0.9,BLOCK_RANGE_ONLY,8.0,linear,temperature,K,ESTIMABLE,0.1608455050969202,0.1425799720980547,0.1781050926700033,0.0093401175905453,0.0355251205719486,1000.0,0.0
atlanta,28598,2023-07-22,grid_08,0.8,0.9,BLOCK_RANGE_ONLY,8.0,linear,emitted_flux,W/m2,ESTIMABLE,0.8826717524276032,0.7559288205152805,1.0037447459183375,0.0643665580176695,0.2478159254030572,1000.0,0.0
atlanta,28598,2023-07-22,grid_08,0.8,0.9,BLOCK_RANGE_ONLY,8.0,linear,temperature_equivalent,K,ESTIMABLE,0.1317863112672057,0.1128529175210445,0.1498758982354346,0.0096161908566155,0.03702298071439,1000.0,0.0
atlanta,28598,2023-07-22,grid_08,0.8,0.9,BLOCK_RANGE_ONLY,8.0,linear,temperature_minus_equivalent,K,ESTIMABLE,0.0290591938297145,0.0242212188287184,0.0344008411390159,0.002637306707979,0.0101796223102974,1000.0,0.0
atlanta,28598,2023-07-22,grid_08,0.8,0.9,BLOCK_RANGE_ONLY,8.0,quadratic,temperature,K,ESTIMABLE,0.077606374648704,0.0496258173721113,0.1013309643408831,0.0132471671070386,0.0517051469687717,1000.0,0.0
atlanta,28598,2023-07-22,grid_08,0.8,0.9,BLOCK_RANGE_ONLY,8.0,quadratic,emitted_flux,W/m2,ESTIMABLE,0.4798398545349771,0.2932606963731426,0.6450555661660649,0.0894939586976636,0.3517948697929222,1000.0,0.0
atlanta,28598,2023-07-22,grid_08,0.8,0.9,BLOCK_RANGE_ONLY,8.0,quadratic,temperature_equivalent,K,ESTIMABLE,0.0716214104426171,0.043766595529064,0.0962930056048932,0.0133624074779502,0.0525264100758292,1000.0,0.0
atlanta,28598,2023-07-22,grid_08,0.8,0.9,BLOCK_RANGE_ONLY,8.0,quadratic,temperature_minus_equivalent,K,ESTIMABLE,0.0059849642060868,-0.0051177853217821,0.0175691919936064,0.0059817968088542,0.0226869773153885,1000.0,0.0
atlanta,28598,2023-07-22,grid_08,0.8,0.9,BLOCK_RANGE_ONLY,8.0,quadratic_minus_linear,temperature,K,ESTIMABLE,-0.0832391304482162,-0.1088946864402099,-0.0586915825842245,0.0123922318565763,0.0502031038559853,1000.0,0.0
atlanta,28598,2023-07-22,grid_08,0.8,0.9,BLOCK_RANGE_ONLY,8.0,quadratic_minus_linear,emitted_flux,W/m2,ESTIMABLE,-0.4028318978926261,-0.5717634111380848,-0.244341341262879,0.0859885666991737,0.3274220698752058,1000.0,0.0
atlanta,28598,2023-07-22,grid_08,0.8,0.9,BLOCK_RANGE_ONLY,8.0,quadratic_minus_linear,temperature_equivalent,K,ESTIMABLE,-0.0601649008245885,-0.0853852097726118,-0.0364946866933735,0.0128408579328726,0.0488905230792383,1000.0,0.0
atlanta,28598,2023-07-22,grid_08,0.8,0.9,BLOCK_RANGE_ONLY,8.0,quadratic_minus_linear,temperature_minus_equivalent,K,ESTIMABLE,-0.0230742296236276,-0.0326767729004682,-0.012682106911535,0.0052073677824406,0.0199946659889332,1000.0,0.0
atlanta,28598,2023-07-22,grid_09,0.9,1.0,NO_SPANNING_BLOCKS,,,,,NOT_ESTIMATED_NO_REFERENCE_BLOCKS,,,,,,,
phoenix,27963,2023-06-11,near_-0.02,0.0085095386207103,0.1085095386207103,BLOCK_RANGE_ONLY,1.0,linear,temperature,K,ESTIMABLE,0.8927882384055235,0.862440155574091,0.9249069336722938,0.0165714316525904,0.0624667780982027,1000.0,0.0
phoenix,27963,2023-06-11,near_-0.02,0.0085095386207103,0.1085095386207103,BLOCK_RANGE_ONLY,1.0,linear,emitted_flux,W/m2,ESTIMABLE,6.601969773220041,6.3999988358897335,6.822148901592732,0.1055388817292147,0.4221500657029988,1000.0,0.0
phoenix,27963,2023-06-11,near_-0.02,0.0085095386207103,0.1085095386207103,BLOCK_RANGE_ONLY,1.0,linear,temperature_equivalent,K,ESTIMABLE,0.9897390604989482,0.9593213061940716,1.0229091336114635,0.0158971544212131,0.0635878274173918,1000.0,0.0
phoenix,27963,2023-06-11,near_-0.02,0.0085095386207103,0.1085095386207103,BLOCK_RANGE_ONLY,1.0,linear,temperature_minus_equivalent,K,ESTIMABLE,-0.0969508220934247,-0.1138307430656224,-0.0810717043656499,0.0081933779067189,0.0327590386999724,1000.0,0.0
phoenix,27963,2023-06-11,near_-0.02,0.0085095386207103,0.1085095386207103,BLOCK_RANGE_ONLY,1.0,quadratic,temperature,K,ESTIMABLE,0.8987946265398322,0.8676086776529206,0.930587610725236,0.0165735581036409,0.0629789330723152,1000.0,0.0
phoenix,27963,2023-06-11,near_-0.02,0.0085095386207103,0.1085095386207103,BLOCK_RANGE_ONLY,1.0,quadratic,emitted_flux,W/m2,ESTIMABLE,6.621330071318179,6.418344597265846,6.842790814395879,0.1058483461456222,0.4244462171300327,1000.0,0.0
phoenix,27963,2023-06-11,near_-0.02,0.0085095386207103,0.1085095386207103,BLOCK_RANGE_ONLY,1.0,quadratic,temperature_equivalent,K,ESTIMABLE,0.99265527530207,0.9620838972269184,1.0260193853624884,0.0159442066142705,0.06393548813557,1000.0,0.0
phoenix,27963,2023-06-11,near_-0.02,0.0085095386207103,0.1085095386207103,BLOCK_RANGE_ONLY,1.0,quadratic,temperature_minus_equivalent,K,ESTIMABLE,-0.0938606487622378,-0.111427823874507,-0.077969197199751,0.0083225051916567,0.033458626674756,1000.0,0.0
phoenix,27963,2023-06-11,near_-0.02,0.0085095386207103,0.1085095386207103,BLOCK_RANGE_ONLY,1.0,quadratic_minus_linear,temperature,K,ESTIMABLE,0.0060063881343087,0.0031931904350217,0.0089939764164537,0.0014713766652642,0.0058007859814319,1000.0,0.0
phoenix,27963,2023-06-11,near_-0.02,0.0085095386207103,0.1085095386207103,BLOCK_RANGE_ONLY,1.0,quadratic_minus_linear,emitted_flux,W/m2,ESTIMABLE,0.0193602980981379,0.0048120997436891,0.0366686440441164,0.0080139346016299,0.0318565443004273,1000.0,0.0
phoenix,27963,2023-06-11,near_-0.02,0.0085095386207103,0.1085095386207103,BLOCK_RANGE_ONLY,1.0,quadratic_minus_linear,temperature_equivalent,K,ESTIMABLE,0.0029162148031218,0.000724879864606,0.0055229244996283,0.0012071470497469,0.0047980446350223,1000.0,0.0
phoenix,27963,2023-06-11,near_-0.02,0.0085095386207103,0.1085095386207103,BLOCK_RANGE_ONLY,1.0,quadratic_minus_linear,temperature_minus_equivalent,K,ESTIMABLE,0.0030901733311868,0.001931549196742,0.0043165248557152,0.0005880493115842,0.0023849756589732,1000.0,0.0
phoenix,27963,2023-06-11,near_-0.02,0.0085095386207103,0.1085095386207103,BLOCK_RANGE_ONLY,8.0,linear,temperature,K,ESTIMABLE,0.8927882384055235,0.8260392132753568,0.955330603002811,0.0323647995327886,0.1292913897274542,1000.0,0.0
phoenix,27963,2023-06-11,near_-0.02,0.0085095386207103,0.1085095386207103,BLOCK_RANGE_ONLY,8.0,linear,emitted_flux,W/m2,ESTIMABLE,6.601969773220041,6.15258453010008,7.076638355179633,0.23521518620283,0.9240538250795528,1000.0,0.0
phoenix,27963,2023-06-11,near_-0.02,0.0085095386207103,0.1085095386207103,BLOCK_RANGE_ONLY,8.0,linear,temperature_equivalent,K,ESTIMABLE,0.9897390604989482,0.9220716211956984,1.0612611825883662,0.0354298810171834,0.1391895613926679,1000.0,0.0
phoenix,27963,2023-06-11,near_-0.02,0.0085095386207103,0.1085095386207103,BLOCK_RANGE_ONLY,8.0,linear,temperature_minus_equivalent,K,ESTIMABLE,-0.0969508220934247,-0.1285562646267471,-0.0697304182987124,0.0155536582319841,0.0588258463280347,1000.0,0.0
phoenix,27963,2023-06-11,near_-0.02,0.0085095386207103,0.1085095386207103,BLOCK_RANGE_ONLY,8.0,quadratic,temperature,K,ESTIMABLE,0.8987946265398322,0.8347402870666026,0.9607494971161912,0.0315745178398082,0.1260092100495886,1000.0,0.0
phoenix,27963,2023-06-11,near_-0.02,0.0085095386207103,0.1085095386207103,BLOCK_RANGE_ONLY,8.0,quadratic,emitted_flux,W/m2,ESTIMABLE,6.621330071318179,6.174082190194765,7.088234676577917,0.227594728840694,0.914152486383152,1000.0,0.0
phoenix,27963,2023-06-11,near_-0.02,0.0085095386207103,0.1085095386207103,BLOCK_RANGE_ONLY,8.0,quadratic,temperature_equivalent,K,ESTIMABLE,0.99265527530207,0.9253076948722224,1.0630091055327184,0.0342833001720244,0.137701410660496,1000.0,0.0
phoenix,27963,2023-06-11,near_-0.02,0.0085095386207103,0.1085095386207103,BLOCK_RANGE_ONLY,8.0,quadratic,temperature_minus_equivalent,K,ESTIMABLE,-0.0938606487622378,-0.1267328625096261,-0.0647571470028531,0.0161071907746557,0.0619757155067729,1000.0,0.0
phoenix,27963,2023-06-11,near_-0.02,0.0085095386207103,0.1085095386207103,BLOCK_RANGE_ONLY,8.0,quadratic_minus_linear,temperature,K,ESTIMABLE,0.0060063881343087,-0.000429265203722,0.0175936205902052,0.004688215793906,0.0180228857939272,1000.0,0.0
phoenix,27963,2023-06-11,near_-0.02,0.0085095386207103,0.1085095386207103,BLOCK_RANGE_ONLY,8.0,quadratic_minus_linear,emitted_flux,W/m2,ESTIMABLE,0.0193602980981379,-0.0065732205529429,0.0963501745877646,0.0256931088463857,0.1029233951407076,1000.0,0.0
phoenix,27963,2023-06-11,near_-0.02,0.0085095386207103,0.1085095386207103,BLOCK_RANGE_ONLY,8.0,quadratic_minus_linear,temperature_equivalent,K,ESTIMABLE,0.0029162148031218,-0.0009901483182687,0.0145087031422932,0.0038693200738263,0.0154988514605619,1000.0,0.0
phoenix,27963,2023-06-11,near_-0.02,0.0085095386207103,0.1085095386207103,BLOCK_RANGE_ONLY,8.0,quadratic_minus_linear,temperature_minus_equivalent,K,ESTIMABLE,0.0030901733311868,-0.0004585759912119,0.0058168462840544,0.0015853469541888,0.0062754222752663,1000.0,0.0
phoenix,27963,2023-06-11,near_-0.01,0.0185095386207103,0.1185095386207103,BLOCK_RANGE_ONLY,1.0,linear,temperature,K,ESTIMABLE,0.8927882384055235,0.862440155574091,0.9249069336722938,0.0165714316525904,0.0624667780982027,1000.0,0.0
phoenix,27963,2023-06-11,near_-0.01,0.0185095386207103,0.1185095386207103,BLOCK_RANGE_ONLY,1.0,linear,emitted_flux,W/m2,ESTIMABLE,6.601969773220041,6.3999988358897335,6.822148901592732,0.1055388817292147,0.4221500657029988,1000.0,0.0
phoenix,27963,2023-06-11,near_-0.01,0.0185095386207103,0.1185095386207103,BLOCK_RANGE_ONLY,1.0,linear,temperature_equivalent,K,ESTIMABLE,0.9897390604989482,0.9593213061940716,1.0229091336114635,0.0158971544212131,0.0635878274173918,1000.0,0.0
phoenix,27963,2023-06-11,near_-0.01,0.0185095386207103,0.1185095386207103,BLOCK_RANGE_ONLY,1.0,linear,temperature_minus_equivalent,K,ESTIMABLE,-0.0969508220934247,-0.1138307430656224,-0.0810717043656499,0.0081933779067189,0.0327590386999724,1000.0,0.0
phoenix,27963,2023-06-11,near_-0.01,0.0185095386207103,0.1185095386207103,BLOCK_RANGE_ONLY,1.0,quadratic,temperature,K,ESTIMABLE,0.8662161944202788,0.8353284532150757,0.901004697827671,0.0168244484221369,0.0656762446125953,1000.0,0.0
phoenix,27963,2023-06-11,near_-0.01,0.0185095386207103,0.1185095386207103,BLOCK_RANGE_ONLY,1.0,quadratic,emitted_flux,W/m2,ESTIMABLE,6.516320514276456,6.312732883826257,6.737235280565931,0.1067645177717535,0.4245023967396735,1000.0,0.0
phoenix,27963,2023-06-11,near_-0.01,0.0185095386207103,0.1185095386207103,BLOCK_RANGE_ONLY,1.0,quadratic,temperature_equivalent,K,ESTIMABLE,0.9768388070269792,0.9461813875475472,1.010115616636766,0.016079847058905,0.0639342290892188,1000.0,0.0
phoenix,27963,2023-06-11,near_-0.01,0.0185095386207103,0.1185095386207103,BLOCK_RANGE_ONLY,1.0,quadratic,temperature_minus_equivalent,K,ESTIMABLE,-0.1106226126067005,-0.1259418827374478,-0.0940394684356175,0.0081961680254827,0.0319024143018302,1000.0,0.0
phoenix,27963,2023-06-11,near_-0.01,0.0185095386207103,0.1185095386207103,BLOCK_RANGE_ONLY,1.0,quadratic_minus_linear,temperature,K,ESTIMABLE,-0.0265720439852447,-0.0347106515407401,-0.0180478473929367,0.0041655340125385,0.0166628041478033,1000.0,0.0
phoenix,27963,2023-06-11,near_-0.01,0.0185095386207103,0.1185095386207103,BLOCK_RANGE_ONLY,1.0,quadratic_minus_linear,emitted_flux,W/m2,ESTIMABLE,-0.0856492589435848,-0.1347446841630104,-0.0279378158921357,0.0274610728073343,0.1068068682708747,1000.0,0.0
phoenix,27963,2023-06-11,near_-0.01,0.0185095386207103,0.1185095386207103,BLOCK_RANGE_ONLY,1.0,quadratic_minus_linear,temperature_equivalent,K,ESTIMABLE,-0.0129002534719688,-0.0202990717672335,-0.0042079810140037,0.0041360951983444,0.0160910907532297,1000.0,0.0
phoenix,27963,2023-06-11,near_-0.01,0.0185095386207103,0.1185095386207103,BLOCK_RANGE_ONLY,1.0,quadratic_minus_linear,temperature_minus_equivalent,K,ESTIMABLE,-0.0136717905132758,-0.0185160688858842,-0.0088965769902796,0.0025120574775981,0.0096194918956046,1000.0,0.0
phoenix,27963,2023-06-11,near_-0.01,0.0185095386207103,0.1185095386207103,BLOCK_RANGE_ONLY,8.0,linear,temperature,K,ESTIMABLE,0.8927882384055235,0.8260392132753568,0.955330603002811,0.0323647995327886,0.1292913897274542,1000.0,0.0
phoenix,27963,2023-06-11,near_-0.01,0.0185095386207103,0.1185095386207103,BLOCK_RANGE_ONLY,8.0,linear,emitted_flux,W/m2,ESTIMABLE,6.601969773220041,6.15258453010008,7.076638355179633,0.23521518620283,0.9240538250795528,1000.0,0.0
phoenix,27963,2023-06-11,near_-0.01,0.0185095386207103,0.1185095386207103,BLOCK_RANGE_ONLY,8.0,linear,temperature_equivalent,K,ESTIMABLE,0.9897390604989482,0.9220716211956984,1.0612611825883662,0.0354298810171834,0.1391895613926679,1000.0,0.0
phoenix,27963,2023-06-11,near_-0.01,0.0185095386207103,0.1185095386207103,BLOCK_RANGE_ONLY,8.0,linear,temperature_minus_equivalent,K,ESTIMABLE,-0.0969508220934247,-0.1285562646267471,-0.0697304182987124,0.0155536582319841,0.0588258463280347,1000.0,0.0
phoenix,27963,2023-06-11,near_-0.01,0.0185095386207103,0.1185095386207103,BLOCK_RANGE_ONLY,8.0,quadratic,temperature,K,ESTIMABLE,0.8662161944202788,0.7984531043979968,0.9313296752188116,0.03324164044987,0.1328765708208147,1000.0,0.0
phoenix,27963,2023-06-11,near_-0.01,0.0185095386207103,0.1185095386207103,BLOCK_RANGE_ONLY,8.0,quadratic,emitted_flux,W/m2,ESTIMABLE,6.516320514276456,6.046545796252327,7.029036496411231,0.2597067969927101,0.9824907001589036,1000.0,0.0
phoenix,27963,2023-06-11,near_-0.01,0.0185095386207103,0.1185095386207103,BLOCK_RANGE_ONLY,8.0,quadratic,temperature_equivalent,K,ESTIMABLE,0.9768388070269792,0.9061109230072604,1.0540864216527013,0.0391155046462404,0.147975498645441,1000.0,0.0
phoenix,27963,2023-06-11,near_-0.01,0.0185095386207103,0.1185095386207103,BLOCK_RANGE_ONLY,8.0,quadratic,temperature_minus_equivalent,K,ESTIMABLE,-0.1106226126067005,-0.1467488414213064,-0.0777140417036349,0.0179406641841318,0.0690347997176715,1000.0,0.0
phoenix,27963,2023-06-11,near_-0.01,0.0185095386207103,0.1185095386207103,BLOCK_RANGE_ONLY,8.0,quadratic_minus_linear,temperature,K,ESTIMABLE,-0.0265720439852447,-0.0413021739042807,-0.0094573471857034,0.0083110675209199,0.0318448267185773,1000.0,0.0
phoenix,27963,2023-06-11,near_-0.01,0.0185095386207103,0.1185095386207103,BLOCK_RANGE_ONLY,8.0,quadratic_minus_linear,emitted_flux,W/m2,ESTIMABLE,-0.0856492589435848,-0.1958278829990799,0.0874692569975208,0.0701690474147663,0.2832971399966007,1000.0,0.0
phoenix,27963,2023-06-11,near_-0.01,0.0185095386207103,0.1185095386207103,BLOCK_RANGE_ONLY,8.0,quadratic_minus_linear,temperature_equivalent,K,ESTIMABLE,-0.0129002534719688,-0.0294871992171167,0.0131772775422533,0.0105684683709061,0.04266447675937,1000.0,0.0
phoenix,27963,2023-06-11,near_-0.01,0.0185095386207103,0.1185095386207103,BLOCK_RANGE_ONLY,8.0,quadratic_minus_linear,temperature_minus_equivalent,K,ESTIMABLE,-0.0136717905132758,-0.025763951398148,-0.0049951784170458,0.005264939121138,0.0207687729811021,1000.0,0.0
phoenix,27963,2023-06-11,historical,0.0285095386207103,0.1285095386207103,BLOCK_RANGE_ONLY,1.0,linear,temperature,K,ESTIMABLE,0.8927882384055235,0.862440155574091,0.9249069336722938,0.0165714316525904,0.0624667780982027,1000.0,0.0
phoenix,27963,2023-06-11,historical,0.0285095386207103,0.1285095386207103,BLOCK_RANGE_ONLY,1.0,linear,emitted_flux,W/m2,ESTIMABLE,6.601969773220041,6.3999988358897335,6.822148901592732,0.1055388817292147,0.4221500657029988,1000.0,0.0
phoenix,27963,2023-06-11,historical,0.0285095386207103,0.1285095386207103,BLOCK_RANGE_ONLY,1.0,linear,temperature_equivalent,K,ESTIMABLE,0.9897390604989482,0.9593213061940716,1.0229091336114635,0.0158971544212131,0.0635878274173918,1000.0,0.0
phoenix,27963,2023-06-11,historical,0.0285095386207103,0.1285095386207103,BLOCK_RANGE_ONLY,1.0,linear,temperature_minus_equivalent,K,ESTIMABLE,-0.0969508220934247,-0.1138307430656224,-0.0810717043656499,0.0081933779067189,0.0327590386999724,1000.0,0.0
phoenix,27963,2023-06-11,historical,0.0285095386207103,0.1285095386207103,BLOCK_RANGE_ONLY,1.0,quadratic,temperature,K,ESTIMABLE,0.8336377623007251,0.798724907357574,0.872182816093052,0.0185532184252658,0.073457908735478,1000.0,0.0
phoenix,27963,2023-06-11,historical,0.0285095386207103,0.1285095386207103,BLOCK_RANGE_ONLY,1.0,quadratic,emitted_flux,W/m2,ESTIMABLE,6.4113109572347335,6.192595874876239,6.64255092961973,0.1182993486357601,0.4499550547434907,1000.0,0.0
phoenix,27963,2023-06-11,historical,0.0285095386207103,0.1285095386207103,BLOCK_RANGE_ONLY,1.0,quadratic,temperature_equivalent,K,ESTIMABLE,0.961024730005306,0.928094666471344,0.9958518371108552,0.0178144978990997,0.0677571706395113,1000.0,0.0
phoenix,27963,2023-06-11,historical,0.0285095386207103,0.1285095386207103,BLOCK_RANGE_ONLY,1.0,quadratic,temperature_minus_equivalent,K,ESTIMABLE,-0.127386967704581,-0.1454247083228314,-0.1102712508234146,0.0089797204015635,0.0351534574994167,1000.0,0.0
phoenix,27963,2023-06-11,historical,0.0285095386207103,0.1285095386207103,BLOCK_RANGE_ONLY,1.0,quadratic_minus_linear,temperature,K,ESTIMABLE,-0.0591504761047984,-0.0770548178048004,-0.0399706047208455,0.0092368290370797,0.0370842130839548,1000.0,0.0
phoenix,27963,2023-06-11,historical,0.0285095386207103,0.1285095386207103,BLOCK_RANGE_ONLY,1.0,quadratic_minus_linear,emitted_flux,W/m2,ESTIMABLE,-0.1906588159853077,-0.3025789175738771,-0.06113202435128,0.0620103350337561,0.241446893222597,1000.0,0.0
phoenix,27963,2023-06-11,historical,0.0285095386207103,0.1285095386207103,BLOCK_RANGE_ONLY,1.0,quadratic_minus_linear,temperature_equivalent,K,ESTIMABLE,-0.0287143304936421,-0.045571265561989,-0.0092078284473288,0.0093383746133937,0.0363634371146602,1000.0,0.0
phoenix,27963,2023-06-11,historical,0.0285095386207103,0.1285095386207103,BLOCK_RANGE_ONLY,1.0,quadratic_minus_linear,temperature_minus_equivalent,K,ESTIMABLE,-0.0304361456111562,-0.0408565102746966,-0.0203784390517121,0.0052742229813448,0.0204780712229845,1000.0,0.0
phoenix,27963,2023-06-11,historical,0.0285095386207103,0.1285095386207103,BLOCK_RANGE_ONLY,8.0,linear,temperature,K,ESTIMABLE,0.8927882384055235,0.8260392132753568,0.955330603002811,0.0323647995327886,0.1292913897274542,1000.0,0.0
phoenix,27963,2023-06-11,historical,0.0285095386207103,0.1285095386207103,BLOCK_RANGE_ONLY,8.0,linear,emitted_flux,W/m2,ESTIMABLE,6.601969773220041,6.15258453010008,7.076638355179633,0.23521518620283,0.9240538250795528,1000.0,0.0
phoenix,27963,2023-06-11,historical,0.0285095386207103,0.1285095386207103,BLOCK_RANGE_ONLY,8.0,linear,temperature_equivalent,K,ESTIMABLE,0.9897390604989482,0.9220716211956984,1.0612611825883662,0.0354298810171834,0.1391895613926679,1000.0,0.0
phoenix,27963,2023-06-11,historical,0.0285095386207103,0.1285095386207103,BLOCK_RANGE_ONLY,8.0,linear,temperature_minus_equivalent,K,ESTIMABLE,-0.0969508220934247,-0.1285562646267471,-0.0697304182987124,0.0155536582319841,0.0588258463280347,1000.0,0.0
phoenix,27963,2023-06-11,historical,0.0285095386207103,0.1285095386207103,BLOCK_RANGE_ONLY,8.0,quadratic,temperature,K,ESTIMABLE,0.8336377623007251,0.7591399173148696,0.9109541997219728,0.0381505635565843,0.1518142824071032,1000.0,0.0
phoenix,27963,2023-06-11,historical,0.0285095386207103,0.1285095386207103,BLOCK_RANGE_ONLY,8.0,quadratic,emitted_flux,W/m2,ESTIMABLE,6.4113109572347335,5.846400459012102,7.051721657529654,0.3151495322976396,1.2053211985175525,1000.0,0.0
phoenix,27963,2023-06-11,historical,0.0285095386207103,0.1285095386207103,BLOCK_RANGE_ONLY,8.0,quadratic,temperature_equivalent,K,ESTIMABLE,0.961024730005306,0.8759921559510019,1.0575055675068796,0.0474600538202012,0.1815134115558777,1000.0,0.0
phoenix,27963,2023-06-11,historical,0.0285095386207103,0.1285095386207103,BLOCK_RANGE_ONLY,8.0,quadratic,temperature_minus_equivalent,K,ESTIMABLE,-0.127386967704581,-0.1692821453479451,-0.089736958481703,0.020774921699661,0.079545186866242,1000.0,0.0
phoenix,27963,2023-06-11,historical,0.0285095386207103,0.1285095386207103,BLOCK_RANGE_ONLY,8.0,quadratic_minus_linear,temperature,K,ESTIMABLE,-0.0591504761047984,-0.0925248064885268,-0.0197560687454468,0.0189359625118141,0.07276873774308,1000.0,0.0
phoenix,27963,2023-06-11,historical,0.0285095386207103,0.1285095386207103,BLOCK_RANGE_ONLY,8.0,quadratic_minus_linear,emitted_flux,W/m2,ESTIMABLE,-0.1906588159853077,-0.4601014076361224,0.1687966845613033,0.1594070327277432,0.6288980921974258,1000.0,0.0
phoenix,27963,2023-06-11,historical,0.0285095386207103,0.1285095386207103,BLOCK_RANGE_ONLY,8.0,quadratic_minus_linear,temperature_equivalent,K,ESTIMABLE,-0.0287143304936421,-0.0692485946385687,0.025430803096141,0.0240048595396007,0.0946793977347098,1000.0,0.0
phoenix,27963,2023-06-11,historical,0.0285095386207103,0.1285095386207103,BLOCK_RANGE_ONLY,8.0,quadratic_minus_linear,temperature_minus_equivalent,K,ESTIMABLE,-0.0304361456111562,-0.0519551624796614,-0.0124651517044667,0.0100121298343924,0.0394900107751946,1000.0,0.0
phoenix,27963,2023-06-11,near_+0.01,0.0385095386207103,0.1385095386207104,BLOCK_RANGE_ONLY,1.0,linear,temperature,K,ESTIMABLE,0.8927882384055235,0.862440155574091,0.9249069336722938,0.0165714316525904,0.0624667780982027,1000.0,0.0
phoenix,27963,2023-06-11,near_+0.01,0.0385095386207103,0.1385095386207104,BLOCK_RANGE_ONLY,1.0,linear,emitted_flux,W/m2,ESTIMABLE,6.601969773220041,6.3999988358897335,6.822148901592732,0.1055388817292147,0.4221500657029988,1000.0,0.0
phoenix,27963,2023-06-11,near_+0.01,0.0385095386207103,0.1385095386207104,BLOCK_RANGE_ONLY,1.0,linear,temperature_equivalent,K,ESTIMABLE,0.9897390604989482,0.9593213061940716,1.0229091336114635,0.0158971544212131,0.0635878274173918,1000.0,0.0
phoenix,27963,2023-06-11,near_+0.01,0.0385095386207103,0.1385095386207104,BLOCK_RANGE_ONLY,1.0,linear,temperature_minus_equivalent,K,ESTIMABLE,-0.0969508220934247,-0.1138307430656224,-0.0810717043656499,0.0081933779067189,0.0327590386999724,1000.0,0.0
phoenix,27963,2023-06-11,near_+0.01,0.0385095386207103,0.1385095386207104,BLOCK_RANGE_ONLY,1.0,quadratic,temperature,K,ESTIMABLE,0.8010593301811715,0.7621978447716647,0.8440546241288829,0.0214047278864785,0.0818567793572181,1000.0,0.0
phoenix,27963,2023-06-11,near_+0.01,0.0385095386207103,0.1385095386207104,BLOCK_RANGE_ONLY,1.0,quadratic,emitted_flux,W/m2,ESTIMABLE,6.306301400193011,6.048582126277253,6.575887736621369,0.1378118038471074,0.5273056103441158,1000.0,0.0
phoenix,27963,2023-06-11,near_+0.01,0.0385095386207103,0.1385095386207104,BLOCK_RANGE_ONLY,1.0,quadratic,temperature_equivalent,K,ESTIMABLE,0.9452130433937214,0.906417403630887,0.985810488121092,0.020749816655371,0.0793930844902051,1000.0,0.0
phoenix,27963,2023-06-11,near_+0.01,0.0385095386207103,0.1385095386207104,BLOCK_RANGE_ONLY,1.0,quadratic,temperature_minus_equivalent,K,ESTIMABLE,-0.1441537132125498,-0.1645306638297473,-0.1240446800093427,0.0104704890695917,0.0404859838204046,1000.0,0.0
phoenix,27963,2023-06-11,near_+0.01,0.0385095386207103,0.1385095386207104,BLOCK_RANGE_ONLY,1.0,quadratic_minus_linear,temperature,K,ESTIMABLE,-0.0917289082243519,-0.1193866854154122,-0.0617856480292246,0.0143550325824414,0.0576010373861876,1000.0,0.0
phoenix,27963,2023-06-11,near_+0.01,0.0385095386207103,0.1385095386207104,BLOCK_RANGE_ONLY,1.0,quadratic_minus_linear,emitted_flux,W/m2,ESTIMABLE,-0.2956683730270306,-0.4690198636298724,-0.0942596941532847,0.0966319643886333,0.3747601694765876,1000.0,0.0
phoenix,27963,2023-06-11,near_+0.01,0.0385095386207103,0.1385095386207104,BLOCK_RANGE_ONLY,1.0,quadratic_minus_linear,temperature_equivalent,K,ESTIMABLE,-0.0445260171052268,-0.0706404111620912,-0.0141982540311687,0.0145500405983167,0.0564421571309225,1000.0,0.0
phoenix,27963,2023-06-11,near_+0.01,0.0385095386207103,0.1385095386207104,BLOCK_RANGE_ONLY,1.0,quadratic_minus_linear,temperature_minus_equivalent,K,ESTIMABLE,-0.0472028911191251,-0.0632489979553481,-0.0316861585913334,0.0080535218229373,0.0315628393640146,1000.0,0.0
phoenix,27963,2023-06-11,near_+0.01,0.0385095386207103,0.1385095386207104,BLOCK_RANGE_ONLY,8.0,linear,temperature,K,ESTIMABLE,0.8927882384055235,0.8260392132753568,0.955330603002811,0.0323647995327886,0.1292913897274542,1000.0,0.0
phoenix,27963,2023-06-11,near_+0.01,0.0385095386207103,0.1385095386207104,BLOCK_RANGE_ONLY,8.0,linear,emitted_flux,W/m2,ESTIMABLE,6.601969773220041,6.15258453010008,7.076638355179633,0.23521518620283,0.9240538250795528,1000.0,0.0
phoenix,27963,2023-06-11,near_+0.01,0.0385095386207103,0.1385095386207104,BLOCK_RANGE_ONLY,8.0,linear,temperature_equivalent,K,ESTIMABLE,0.9897390604989482,0.9220716211956984,1.0612611825883662,0.0354298810171834,0.1391895613926679,1000.0,0.0
phoenix,27963,2023-06-11,near_+0.01,0.0385095386207103,0.1385095386207104,BLOCK_RANGE_ONLY,8.0,linear,temperature_minus_equivalent,K,ESTIMABLE,-0.0969508220934247,-0.1285562646267471,-0.0697304182987124,0.0155536582319841,0.0588258463280347,1000.0,0.0
phoenix,27963,2023-06-11,near_+0.01,0.0385095386207103,0.1385095386207104,BLOCK_RANGE_ONLY,8.0,quadratic,temperature,K,ESTIMABLE,0.8010593301811715,0.7186508146142774,0.8917314493745739,0.0452584433722152,0.1730806347602965,1000.0,0.0
phoenix,27963,2023-06-11,near_+0.01,0.0385095386207103,0.1385095386207104,BLOCK_RANGE_ONLY,8.0,quadratic,emitted_flux,W/m2,ESTIMABLE,6.306301400193011,5.639358766334231,7.0897394396293585,0.3839455462766743,1.4503806732951272,1000.0,0.0
phoenix,27963,2023-06-11,near_+0.01,0.0385095386207103,0.1385095386207104,BLOCK_RANGE_ONLY,8.0,quadratic,temperature_equivalent,K,ESTIMABLE,0.9452130433937214,0.8448447148103014,1.063235921839113,0.0578131217237285,0.2183912070288115,1000.0,0.0
phoenix,27963,2023-06-11,near_+0.01,0.0385095386207103,0.1385095386207104,BLOCK_RANGE_ONLY,8.0,quadratic,temperature_minus_equivalent,K,ESTIMABLE,-0.1441537132125498,-0.1946050703247117,-0.0994956968925517,0.0242602953541965,0.0951093734321599,1000.0,0.0
phoenix,27963,2023-06-11,near_+0.01,0.0385095386207103,0.1385095386207104,BLOCK_RANGE_ONLY,8.0,quadratic_minus_linear,temperature,K,ESTIMABLE,-0.0917289082243519,-0.1448276005902435,-0.0300210882787753,0.0298407417143886,0.1148065123114682,1000.0,0.0
phoenix,27963,2023-06-11,near_+0.01,0.0385095386207103,0.1385095386207104,BLOCK_RANGE_ONLY,8.0,quadratic_minus_linear,emitted_flux,W/m2,ESTIMABLE,-0.2956683730270306,-0.7337414781922232,0.2601393984068982,0.249240559392119,0.9938808765991216,1000.0,0.0
phoenix,27963,2023-06-11,near_+0.01,0.0385095386207103,0.1385095386207104,BLOCK_RANGE_ONLY,8.0,quadratic_minus_linear,temperature_equivalent,K,ESTIMABLE,-0.0445260171052268,-0.1105025945440431,0.0391765325418177,0.0375273794929079,0.1496791270858608,1000.0,0.0
phoenix,27963,2023-06-11,near_+0.01,0.0385095386207103,0.1385095386207104,BLOCK_RANGE_ONLY,8.0,quadratic_minus_linear,temperature_minus_equivalent,K,ESTIMABLE,-0.0472028911191251,-0.0785873745340256,-0.0199008521317617,0.0148328455464249,0.0586865224022639,1000.0,0.0
phoenix,27963,2023-06-11,near_+0.02,0.0485095386207103,0.1485095386207103,BLOCK_RANGE_ONLY,1.0,linear,temperature,K,ESTIMABLE,0.8927882384055233,0.8624401555740909,0.9249069336722936,0.0165714316525904,0.0624667780982027,1000.0,0.0
phoenix,27963,2023-06-11,near_+0.02,0.0485095386207103,0.1485095386207103,BLOCK_RANGE_ONLY,1.0,linear,emitted_flux,W/m2,ESTIMABLE,6.60196977322004,6.399998835889733,6.8221489015927315,0.1055388817292147,0.4221500657029988,1000.0,0.0
phoenix,27963,2023-06-11,near_+0.02,0.0485095386207103,0.1485095386207103,BLOCK_RANGE_ONLY,1.0,linear,temperature_equivalent,K,ESTIMABLE,0.9897390604989482,0.9593213061940716,1.0229091336114635,0.015897154421213,0.0635878274173918,1000.0,0.0
phoenix,27963,2023-06-11,near_+0.02,0.0485095386207103,0.1485095386207103,BLOCK_RANGE_ONLY,1.0,linear,temperature_minus_equivalent,K,ESTIMABLE,-0.0969508220934248,-0.1138307430656225,-0.08107170436565,0.008193377906719,0.0327590386999724,1000.0,0.0
phoenix,27963,2023-06-11,near_+0.02,0.0485095386207103,0.1485095386207103,BLOCK_RANGE_ONLY,1.0,quadratic,temperature,K,ESTIMABLE,0.7684808980616177,0.7229195541038302,0.8185995170271385,0.0249976689030168,0.0956799629233082,1000.0,0.0
phoenix,27963,2023-06-11,near_+0.02,0.0485095386207103,0.1485095386207103,BLOCK_RANGE_ONLY,1.0,quadratic,emitted_flux,W/m2,ESTIMABLE,6.201291843151287,5.898099661345335,6.525420364831166,0.1624522527725625,0.6273207034858306,1000.0,0.0
phoenix,27963,2023-06-11,near_+0.02,0.0485095386207103,0.1485095386207103,BLOCK_RANGE_ONLY,1.0,quadratic,temperature_equivalent,K,ESTIMABLE,0.9294037463491804,0.8837712530575473,0.9782093257092584,0.0244562835307748,0.094438072651711,1000.0,0.0
phoenix,27963,2023-06-11,near_+0.02,0.0485095386207103,0.1485095386207103,BLOCK_RANGE_ONLY,1.0,quadratic,temperature_minus_equivalent,K,ESTIMABLE,-0.1609228482875627,-0.1846284639870236,-0.136558613606213,0.0124159938528957,0.0480698503808106,1000.0,0.0
phoenix,27963,2023-06-11,near_+0.02,0.0485095386207103,0.1485095386207103,BLOCK_RANGE_ONLY,1.0,quadratic_minus_linear,temperature,K,ESTIMABLE,-0.1243073403439056,-0.161729698816877,-0.0837637052349122,0.0194832113101963,0.0779659935819648,1000.0,0.0
phoenix,27963,2023-06-11,near_+0.02,0.0485095386207103,0.1485095386207103,BLOCK_RANGE_ONLY,1.0,quadratic_minus_linear,emitted_flux,W/m2,ESTIMABLE,-0.4006779300687535,-0.6338215626720489,-0.1272204395356382,0.1312687136813336,0.5066011231364107,1000.0,0.0
phoenix,27963,2023-06-11,near_+0.02,0.0485095386207103,0.1485095386207103,BLOCK_RANGE_ONLY,1.0,quadratic_minus_linear,temperature_equivalent,K,ESTIMABLE,-0.0603353141497677,-0.0954383088895625,-0.0191577995131453,0.0197624710876312,0.0762805093764171,1000.0,0.0
phoenix,27963,2023-06-11,near_+0.02,0.0485095386207103,0.1485095386207103,BLOCK_RANGE_ONLY,1.0,quadratic_minus_linear,temperature_minus_equivalent,K,ESTIMABLE,-0.0639720261941378,-0.0855461617531795,-0.0430934085569272,0.0108364309662089,0.0424527531962523,1000.0,0.0
phoenix,27963,2023-06-11,near_+0.02,0.0485095386207103,0.1485095386207103,BLOCK_RANGE_ONLY,8.0,linear,temperature,K,ESTIMABLE,0.8927882384055233,0.8260392132753567,0.9553306030028108,0.0323647995327886,0.1292913897274542,1000.0,0.0
phoenix,27963,2023-06-11,near_+0.02,0.0485095386207103,0.1485095386207103,BLOCK_RANGE_ONLY,8.0,linear,emitted_flux,W/m2,ESTIMABLE,6.60196977322004,6.152584530100079,7.076638355179632,0.23521518620283,0.9240538250795528,1000.0,0.0
phoenix,27963,2023-06-11,near_+0.02,0.0485095386207103,0.1485095386207103,BLOCK_RANGE_ONLY,8.0,linear,temperature_equivalent,K,ESTIMABLE,0.9897390604989482,0.9220716211956984,1.0612611825883662,0.0354298810171834,0.1391895613926679,1000.0,0.0
phoenix,27963,2023-06-11,near_+0.02,0.0485095386207103,0.1485095386207103,BLOCK_RANGE_ONLY,8.0,linear,temperature_minus_equivalent,K,ESTIMABLE,-0.0969508220934248,-0.1285562646267473,-0.0697304182987125,0.015553658231984,0.0588258463280347,1000.0,0.0
phoenix,27963,2023-06-11,near_+0.02,0.0485095386207103,0.1485095386207103,BLOCK_RANGE_ONLY,8.0,quadratic,temperature,K,ESTIMABLE,0.7684808980616177,0.6685972757317585,0.8787565164537273,0.0536990712226153,0.2101592407219688,1000.0,0.0
phoenix,27963,2023-06-11,near_+0.02,0.0485095386207103,0.1485095386207103,BLOCK_RANGE_ONLY,8.0,quadratic,emitted_flux,W/m2,ESTIMABLE,6.201291843151287,5.405240157190343,7.125424735183269,0.4601439826826284,1.720184577992926,1000.0,0.0
phoenix,27963,2023-06-11,near_+0.02,0.0485095386207103,0.1485095386207103,BLOCK_RANGE_ONLY,8.0,quadratic,temperature_equivalent,K,ESTIMABLE,0.9294037463491804,0.8096349761265316,1.0686149905356643,0.0692779512532484,0.2589800144091327,1000.0,0.0
phoenix,27963,2023-06-11,near_+0.02,0.0485095386207103,0.1485095386207103,BLOCK_RANGE_ONLY,8.0,quadratic,temperature_minus_equivalent,K,ESTIMABLE,-0.1609228482875627,-0.2172072966956509,-0.109885264584385,0.028154783264437,0.1073220321112659,1000.0,0.0
phoenix,27963,2023-06-11,near_+0.02,0.0485095386207103,0.1485095386207103,BLOCK_RANGE_ONLY,8.0,quadratic_minus_linear,temperature,K,ESTIMABLE,-0.1243073403439056,-0.1954461713562005,-0.0402861078121038,0.0408016104190184,0.1551600635440967,1000.0,0.0
phoenix,27963,2023-06-11,near_+0.02,0.0485095386207103,0.1485095386207103,BLOCK_RANGE_ONLY,8.0,quadratic_minus_linear,emitted_flux,W/m2,ESTIMABLE,-0.4006779300687535,-0.99920602118838,0.3447047634273709,0.3391967840416436,1.3439107846157508,1000.0,0.0
phoenix,27963,2023-06-11,near_+0.02,0.0485095386207103,0.1485095386207103,BLOCK_RANGE_ONLY,8.0,quadratic_minus_linear,temperature_equivalent,K,ESTIMABLE,-0.0603353141497677,-0.150412075813665,0.0519150964562868,0.0510648223136512,0.2023271722699518,1000.0,0.0
phoenix,27963,2023-06-11,near_+0.02,0.0485095386207103,0.1485095386207103,BLOCK_RANGE_ONLY,8.0,quadratic_minus_linear,temperature_minus_equivalent,K,ESTIMABLE,-0.0639720261941378,-0.1049089221184338,-0.0272822611391072,0.0196713490350402,0.0776266609793266,1000.0,0.0
phoenix,27963,2023-06-11,grid_00,0.0,0.1,BLOCK_RANGE_ONLY,1.0,linear,temperature,K,ESTIMABLE,0.8927882384055235,0.862440155574091,0.9249069336722938,0.0165714316525904,0.0624667780982027,1000.0,0.0
phoenix,27963,2023-06-11,grid_00,0.0,0.1,BLOCK_RANGE_ONLY,1.0,linear,emitted_flux,W/m2,ESTIMABLE,6.601969773220041,6.3999988358897335,6.822148901592732,0.1055388817292147,0.4221500657029988,1000.0,0.0
phoenix,27963,2023-06-11,grid_00,0.0,0.1,BLOCK_RANGE_ONLY,1.0,linear,temperature_equivalent,K,ESTIMABLE,0.9897390604989482,0.9593213061940716,1.0229091336114635,0.0158971544212131,0.0635878274173918,1000.0,0.0
phoenix,27963,2023-06-11,grid_00,0.0,0.1,BLOCK_RANGE_ONLY,1.0,linear,temperature_minus_equivalent,K,ESTIMABLE,-0.0969508220934247,-0.1138307430656224,-0.0810717043656499,0.0081933779067189,0.0327590386999724,1000.0,0.0
phoenix,27963,2023-06-11,grid_00,0.0,0.1,BLOCK_RANGE_ONLY,1.0,quadratic,temperature,K,ESTIMABLE,0.9265173691721856,0.8921080188667312,0.9594645699469072,0.0175817869300516,0.067356551080176,1000.0,0.0
phoenix,27963,2023-06-11,grid_00,0.0,0.1,BLOCK_RANGE_ONLY,1.0,quadratic,emitted_flux,W/m2,ESTIMABLE,6.710688359437202,6.48225211361791,6.944815653440534,0.1137067183644956,0.4625635398226242,1000.0,0.0
phoenix,27963,2023-06-11,grid_00,0.0,0.1,BLOCK_RANGE_ONLY,1.0,quadratic,temperature_equivalent,K,ESTIMABLE,1.0061162438999531,0.9717079614108698,1.041393492613605,0.0171300675022579,0.0696855312027352,1000.0,0.0
phoenix,27963,2023-06-11,grid_00,0.0,0.1,BLOCK_RANGE_ONLY,1.0,quadratic,temperature_minus_equivalent,K,ESTIMABLE,-0.0795988747277676,-0.0980916592632922,-0.0625833388132303,0.0091262278900345,0.0355083204500619,1000.0,0.0
phoenix,27963,2023-06-11,grid_00,0.0,0.1,BLOCK_RANGE_ONLY,1.0,quadratic_minus_linear,temperature,K,ESTIMABLE,0.033729130766662,0.0220983651846805,0.0443359350640636,0.0055505400345458,0.0222375698793831,1000.0,0.0
phoenix,27963,2023-06-11,grid_00,0.0,0.1,BLOCK_RANGE_ONLY,1.0,quadratic_minus_linear,emitted_flux,W/m2,ESTIMABLE,0.1087185862171606,0.033121045266807,0.1783537375640103,0.0369900451293716,0.1452326922972032,1000.0,0.0
phoenix,27963,2023-06-11,grid_00,0.0,0.1,BLOCK_RANGE_ONLY,1.0,quadratic_minus_linear,temperature_equivalent,K,ESTIMABLE,0.0163771834010049,0.0049896251081051,0.0268681307537548,0.0055727009810215,0.0218785056456496,1000.0,0.0
phoenix,27963,2023-06-11,grid_00,0.0,0.1,BLOCK_RANGE_ONLY,1.0,quadratic_minus_linear,temperature_minus_equivalent,K,ESTIMABLE,0.0173519473656571,0.0121612010619743,0.0226235745339483,0.0027415442533913,0.0104623734719739,1000.0,0.0
phoenix,27963,2023-06-11,grid_00,0.0,0.1,BLOCK_RANGE_ONLY,8.0,linear,temperature,K,ESTIMABLE,0.8927882384055235,0.8260392132753568,0.955330603002811,0.0323647995327886,0.1292913897274542,1000.0,0.0
phoenix,27963,2023-06-11,grid_00,0.0,0.1,BLOCK_RANGE_ONLY,8.0,linear,emitted_flux,W/m2,ESTIMABLE,6.601969773220041,6.15258453010008,7.076638355179633,0.23521518620283,0.9240538250795528,1000.0,0.0
phoenix,27963,2023-06-11,grid_00,0.0,0.1,BLOCK_RANGE_ONLY,8.0,linear,temperature_equivalent,K,ESTIMABLE,0.9897390604989482,0.9220716211956984,1.0612611825883662,0.0354298810171834,0.1391895613926679,1000.0,0.0
phoenix,27963,2023-06-11,grid_00,0.0,0.1,BLOCK_RANGE_ONLY,8.0,linear,temperature_minus_equivalent,K,ESTIMABLE,-0.0969508220934247,-0.1285562646267471,-0.0697304182987124,0.0155536582319841,0.0588258463280347,1000.0,0.0
phoenix,27963,2023-06-11,grid_00,0.0,0.1,BLOCK_RANGE_ONLY,8.0,quadratic,temperature,K,ESTIMABLE,0.9265173691721856,0.8581790302269947,0.9910843253055368,0.0331043834491974,0.1329052950785421,1000.0,0.0
phoenix,27963,2023-06-11,grid_00,0.0,0.1,BLOCK_RANGE_ONLY,8.0,quadratic,emitted_flux,W/m2,ESTIMABLE,6.710688359437202,6.249758144005687,7.160701591661563,0.2264065344782415,0.9109434476558756,1000.0,0.0
phoenix,27963,2023-06-11,grid_00,0.0,0.1,BLOCK_RANGE_ONLY,8.0,quadratic,temperature_equivalent,K,ESTIMABLE,1.0061162438999531,0.9367001010513392,1.073932764636503,0.0341081954852201,0.1372326635851635,1000.0,0.0
phoenix,27963,2023-06-11,grid_00,0.0,0.1,BLOCK_RANGE_ONLY,8.0,quadratic,temperature_minus_equivalent,K,ESTIMABLE,-0.0795988747277676,-0.1118044684169598,-0.0522397446155422,0.0156085239627262,0.0595647238014176,1000.0,0.0
phoenix,27963,2023-06-11,grid_00,0.0,0.1,BLOCK_RANGE_ONLY,8.0,quadratic_minus_linear,temperature,K,ESTIMABLE,0.033729130766662,0.0087887085335574,0.0610690871653849,0.0131455410440323,0.0522803786318274,1000.0,0.0
phoenix,27963,2023-06-11,grid_00,0.0,0.1,BLOCK_RANGE_ONLY,8.0,quadratic_minus_linear,emitted_flux,W/m2,ESTIMABLE,0.1087185862171606,-0.0753110844062926,0.3070976945723253,0.0990381184416376,0.382408778978618,1000.0,0.0
phoenix,27963,2023-06-11,grid_00,0.0,0.1,BLOCK_RANGE_ONLY,8.0,quadratic_minus_linear,temperature_equivalent,K,ESTIMABLE,0.0163771834010049,-0.0113453871397723,0.0462584642849094,0.014918309692394,0.0576038514246817,1000.0,0.0
phoenix,27963,2023-06-11,grid_00,0.0,0.1,BLOCK_RANGE_ONLY,8.0,quadratic_minus_linear,temperature_minus_equivalent,K,ESTIMABLE,0.0173519473656571,0.0086263578238884,0.0254447658549025,0.0042871881260537,0.016818408031014,1000.0,0.0
phoenix,27963,2023-06-11,grid_01,0.1,0.2,BLOCK_RANGE_ONLY,1.0,linear,temperature,K,ESTIMABLE,0.8927882384055235,0.862440155574091,0.9249069336722938,0.0165714316525904,0.0624667780982027,1000.0,0.0
phoenix,27963,2023-06-11,grid_01,0.1,0.2,BLOCK_RANGE_ONLY,1.0,linear,emitted_flux,W/m2,ESTIMABLE,6.601969773220041,6.3999988358897335,6.822148901592732,0.1055388817292147,0.4221500657029988,1000.0,0.0
phoenix,27963,2023-06-11,grid_01,0.1,0.2,BLOCK_RANGE_ONLY,1.0,linear,temperature_equivalent,K,ESTIMABLE,0.9897390604989482,0.9593213061940716,1.0229091336114635,0.0158971544212131,0.0635878274173918,1000.0,0.0
phoenix,27963,2023-06-11,grid_01,0.1,0.2,BLOCK_RANGE_ONLY,1.0,linear,temperature_minus_equivalent,K,ESTIMABLE,-0.0969508220934247,-0.1138307430656224,-0.0810717043656499,0.0081933779067189,0.0327590386999724,1000.0,0.0
phoenix,27963,2023-06-11,grid_01,0.1,0.2,BLOCK_RANGE_ONLY,1.0,quadratic,temperature,K,ESTIMABLE,0.6007330479766495,0.5117181438198775,0.7021430155950021,0.0481549634728678,0.1904248717751246,1000.0,0.0
phoenix,27963,2023-06-11,grid_01,0.1,0.2,BLOCK_RANGE_ONLY,1.0,quadratic,emitted_flux,W/m2,ESTIMABLE,5.660592789019974,5.070768526045232,6.336958197681535,0.320157881075562,1.2661896716363028,1000.0,0.0
phoenix,27963,2023-06-11,grid_01,0.1,0.2,BLOCK_RANGE_ONLY,1.0,quadratic,temperature_equivalent,K,ESTIMABLE,0.8480387436003411,0.7593534130834655,0.949828906605687,0.0481620545101247,0.1904754935222214,1000.0,0.0
phoenix,27963,2023-06-11,grid_01,0.1,0.2,BLOCK_RANGE_ONLY,1.0,quadratic,temperature_minus_equivalent,K,ESTIMABLE,-0.2473056956236916,-0.2951549489911844,-0.1978492233548314,0.0250797107042204,0.0973057256363529,1000.0,0.0
phoenix,27963,2023-06-11,grid_01,0.1,0.2,BLOCK_RANGE_ONLY,1.0,quadratic_minus_linear,temperature,K,ESTIMABLE,-0.2920551904288739,-0.3795864324341441,-0.1969297358090398,0.0459201986966092,0.1826566966251043,1000.0,0.0
phoenix,27963,2023-06-11,grid_01,0.1,0.2,BLOCK_RANGE_ONLY,1.0,quadratic_minus_linear,emitted_flux,W/m2,ESTIMABLE,-0.9413769842000672,-1.4975618717346133,-0.2990029641161788,0.3096628641584798,1.1985589076184344,1000.0,0.0
phoenix,27963,2023-06-11,grid_01,0.1,0.2,BLOCK_RANGE_ONLY,1.0,quadratic_minus_linear,temperature_equivalent,K,ESTIMABLE,-0.141700316898607,-0.2253191252510092,-0.0450205207968437,0.0465848170721086,0.1802986044541654,1000.0,0.0
phoenix,27963,2023-06-11,grid_01,0.1,0.2,BLOCK_RANGE_ONLY,1.0,quadratic_minus_linear,temperature_minus_equivalent,K,ESTIMABLE,-0.1503548735302668,-0.2004648885203891,-0.1021061317172517,0.0251721011118436,0.0983587568031374,1000.0,0.0
phoenix,27963,2023-06-11,grid_01,0.1,0.2,BLOCK_RANGE_ONLY,8.0,linear,temperature,K,ESTIMABLE,0.8927882384055235,0.8260392132753568,0.955330603002811,0.0323647995327886,0.1292913897274542,1000.0,0.0
phoenix,27963,2023-06-11,grid_01,0.1,0.2,BLOCK_RANGE_ONLY,8.0,linear,emitted_flux,W/m2,ESTIMABLE,6.601969773220041,6.15258453010008,7.076638355179633,0.23521518620283,0.9240538250795528,1000.0,0.0
phoenix,27963,2023-06-11,grid_01,0.1,0.2,BLOCK_RANGE_ONLY,8.0,linear,temperature_equivalent,K,ESTIMABLE,0.9897390604989482,0.9220716211956984,1.0612611825883662,0.0354298810171834,0.1391895613926679,1000.0,0.0
phoenix,27963,2023-06-11,grid_01,0.1,0.2,BLOCK_RANGE_ONLY,8.0,linear,temperature_minus_equivalent,K,ESTIMABLE,-0.0969508220934247,-0.1285562646267471,-0.0697304182987124,0.0155536582319841,0.0588258463280347,1000.0,0.0
phoenix,27963,2023-06-11,grid_01,0.1,0.2,BLOCK_RANGE_ONLY,8.0,quadratic,temperature,K,ESTIMABLE,0.6007330479766495,0.4113164867549984,0.8246358133103834,0.1049849459505688,0.4133193265553849,1000.0,0.0
phoenix,27963,2023-06-11,grid_01,0.1,0.2,BLOCK_RANGE_ONLY,8.0,quadratic,emitted_flux,W/m2,ESTIMABLE,5.660592789019974,4.094978546694797,7.4604448389776366,0.8942818080154219,3.3654662922828393,1000.0,0.0
phoenix,27963,2023-06-11,grid_01,0.1,0.2,BLOCK_RANGE_ONLY,8.0,quadratic,temperature_equivalent,K,ESTIMABLE,0.8480387436003411,0.612799472920733,1.1191281756902312,0.1345505497107026,0.5063287027694982,1000.0,0.0
phoenix,27963,2023-06-11,grid_01,0.1,0.2,BLOCK_RANGE_ONLY,8.0,quadratic,temperature_minus_equivalent,K,ESTIMABLE,-0.2473056956236916,-0.353225137936481,-0.1528375295567213,0.0508707678255767,0.2003876083797597,1000.0,0.0
phoenix,27963,2023-06-11,grid_01,0.1,0.2,BLOCK_RANGE_ONLY,8.0,quadratic_minus_linear,temperature,K,ESTIMABLE,-0.2920551904288739,-0.4630548502920442,-0.0921662573559479,0.0974121340094889,0.3708885929360962,1000.0,0.0
phoenix,27963,2023-06-11,grid_01,0.1,0.2,BLOCK_RANGE_ONLY,8.0,quadratic_minus_linear,emitted_flux,W/m2,ESTIMABLE,-0.9413769842000672,-2.392497137104898,0.7798273993236124,0.802771186481517,3.17232453642851,1000.0,0.0
phoenix,27963,2023-06-11,grid_01,0.1,0.2,BLOCK_RANGE_ONLY,8.0,quadratic_minus_linear,temperature_equivalent,K,ESTIMABLE,-0.141700316898607,-0.3596851539540722,0.1174854190010661,0.1207716543725648,0.4771705729551384,1000.0,0.0
phoenix,27963,2023-06-11,grid_01,0.1,0.2,BLOCK_RANGE_ONLY,8.0,quadratic_minus_linear,temperature_minus_equivalent,K,ESTIMABLE,-0.1503548735302668,-0.2417554942773202,-0.0662638753285146,0.0446190434497083,0.1754916189488056,1000.0,0.0
phoenix,27963,2023-06-11,grid_02,0.2,0.3,BLOCK_RANGE_ONLY,1.0,linear,temperature,K,ESTIMABLE,0.8927882384055232,0.8624401555740908,0.9249069336722936,0.0165714316525904,0.0624667780982026,1000.0,0.0
phoenix,27963,2023-06-11,grid_02,0.2,0.3,BLOCK_RANGE_ONLY,1.0,linear,emitted_flux,W/m2,ESTIMABLE,6.6019697732200395,6.399998835889732,6.82214890159273,0.1055388817292147,0.4221500657029979,1000.0,0.0
phoenix,27963,2023-06-11,grid_02,0.2,0.3,BLOCK_RANGE_ONLY,1.0,linear,temperature_equivalent,K,ESTIMABLE,0.9897390604989482,0.9593213061940716,1.0229091336114635,0.015897154421213,0.0635878274173918,1000.0,0.0
phoenix,27963,2023-06-11,grid_02,0.2,0.3,BLOCK_RANGE_ONLY,1.0,linear,temperature_minus_equivalent,K,ESTIMABLE,-0.0969508220934249,-0.1138307430656226,-0.0810717043656502,0.0081933779067191,0.0327590386999724,1000.0,0.0
phoenix,27963,2023-06-11,grid_02,0.2,0.3,BLOCK_RANGE_ONLY,1.0,quadratic,temperature,K,ESTIMABLE,0.2749487267811136,0.0885172868068612,0.481840691548018,0.0980139941829838,0.3933234047411567,1000.0,0.0
phoenix,27963,2023-06-11,grid_02,0.2,0.3,BLOCK_RANGE_ONLY,1.0,quadratic,emitted_flux,W/m2,ESTIMABLE,4.6104972186027435,3.4306247862345627,5.995757968519931,0.6574201820466183,2.5651331822853685,1000.0,0.0
phoenix,27963,2023-06-11,grid_02,0.2,0.3,BLOCK_RANGE_ONLY,1.0,quadratic,temperature_equivalent,K,ESTIMABLE,0.6901996831009569,0.5131373841266097,0.8984673234018004,0.0987542531587964,0.3853299392751906,1000.0,0.0
phoenix,27963,2023-06-11,grid_02,0.2,0.3,BLOCK_RANGE_ONLY,1.0,quadratic,temperature_minus_equivalent,K,ESTIMABLE,-0.4152509563198433,-0.5159465597467918,-0.3148952301959372,0.0521834337353056,0.2010513295508546,1000.0,0.0
phoenix,27963,2023-06-11,grid_02,0.2,0.3,BLOCK_RANGE_ONLY,1.0,quadratic_minus_linear,temperature,K,ESTIMABLE,-0.6178395116244096,-0.8039154715592032,-0.4167103078659158,0.097286083666711,0.3872051636932874,1000.0,0.0
phoenix,27963,2023-06-11,grid_02,0.2,0.3,BLOCK_RANGE_ONLY,1.0,quadratic_minus_linear,emitted_flux,W/m2,ESTIMABLE,-1.991472554617296,-3.1750382157511656,-0.6323570302931528,0.6561572154391335,2.542681185458013,1000.0,0.0
phoenix,27963,2023-06-11,grid_02,0.2,0.3,BLOCK_RANGE_ONLY,1.0,quadratic_minus_linear,temperature_equivalent,K,ESTIMABLE,-0.2995393773979913,-0.4771331051196569,-0.0952040761715011,0.0985676905800562,0.3819290289481557,1000.0,0.0
phoenix,27963,2023-06-11,grid_02,0.2,0.3,BLOCK_RANGE_ONLY,1.0,quadratic_minus_linear,temperature_minus_equivalent,K,ESTIMABLE,-0.3183001342264183,-0.4238812249902637,-0.2167741776435872,0.0529895568351189,0.2071070473466765,1000.0,0.0
phoenix,27963,2023-06-11,grid_02,0.2,0.3,BLOCK_RANGE_ONLY,8.0,linear,temperature,K,ESTIMABLE,0.8927882384055232,0.8260392132753566,0.9553306030028108,0.0323647995327886,0.1292913897274542,1000.0,0.0
phoenix,27963,2023-06-11,grid_02,0.2,0.3,BLOCK_RANGE_ONLY,8.0,linear,emitted_flux,W/m2,ESTIMABLE,6.6019697732200395,6.1525845301000786,7.0766383551796315,0.23521518620283,0.9240538250795528,1000.0,0.0
phoenix,27963,2023-06-11,grid_02,0.2,0.3,BLOCK_RANGE_ONLY,8.0,linear,temperature_equivalent,K,ESTIMABLE,0.9897390604989482,0.9220716211956984,1.0612611825883662,0.0354298810171835,0.1391895613926679,1000.0,0.0
phoenix,27963,2023-06-11,grid_02,0.2,0.3,BLOCK_RANGE_ONLY,8.0,linear,temperature_minus_equivalent,K,ESTIMABLE,-0.0969508220934249,-0.1285562646267474,-0.0697304182987128,0.015553658231984,0.0588258463280346,1000.0,0.0
phoenix,27963,2023-06-11,grid_02,0.2,0.3,BLOCK_RANGE_ONLY,8.0,quadratic,temperature,K,ESTIMABLE,0.2749487267811136,-0.1024965659202636,0.7189613062170284,0.21257472389582,0.8214578721372919,1000.0,0.0
phoenix,27963,2023-06-11,grid_02,0.2,0.3,BLOCK_RANGE_ONLY,8.0,quadratic,emitted_flux,W/m2,ESTIMABLE,4.6104972186027435,1.4285753371724723,8.250990977408355,1.780605159755151,6.822415640235882,1000.0,0.0
phoenix,27963,2023-06-11,grid_02,0.2,0.3,BLOCK_RANGE_ONLY,8.0,quadratic,temperature_equivalent,K,ESTIMABLE,0.6901996831009569,0.2133747843843068,1.2384208455650862,0.2675548931143827,1.0250460611807797,1000.0,0.0
phoenix,27963,2023-06-11,grid_02,0.2,0.3,BLOCK_RANGE_ONLY,8.0,quadratic,temperature_minus_equivalent,K,ESTIMABLE,-0.4152509563198433,-0.6196321669802966,-0.2273982633233411,0.0980130678635218,0.3922339036569554,1000.0,0.0
phoenix,27963,2023-06-11,grid_02,0.2,0.3,BLOCK_RANGE_ONLY,8.0,quadratic_minus_linear,temperature,K,ESTIMABLE,-0.6178395116244096,-0.9879791253667956,-0.1927446890730837,0.2074745240883151,0.7952344362937118,1000.0,0.0
phoenix,27963,2023-06-11,grid_02,0.2,0.3,BLOCK_RANGE_ONLY,8.0,quadratic_minus_linear,emitted_flux,W/m2,ESTIMABLE,-1.991472554617296,-5.075623847204023,1.6242861612929784,1.7033523875851042,6.699910008497001,1000.0,0.0
phoenix,27963,2023-06-11,grid_02,0.2,0.3,BLOCK_RANGE_ONLY,8.0,quadratic_minus_linear,temperature_equivalent,K,ESTIMABLE,-0.2995393773979913,-0.761676448796645,0.2448569459715782,0.2559231548864463,1.0065333947682231,1000.0,0.0
phoenix,27963,2023-06-11,grid_02,0.2,0.3,BLOCK_RANGE_ONLY,8.0,quadratic_minus_linear,temperature_minus_equivalent,K,ESTIMABLE,-0.3183001342264183,-0.5072004469034498,-0.1426470111765041,0.0929468928795625,0.3645534357269456,1000.0,0.0
phoenix,27963,2023-06-11,grid_03,0.3,0.4,NO_SPANNING_BLOCKS,,,,,NOT_ESTIMATED_NO_REFERENCE_BLOCKS,,,,,,,
phoenix,27963,2023-06-11,grid_04,0.4,0.5,NO_SPANNING_BLOCKS,,,,,NOT_ESTIMATED_NO_REFERENCE_BLOCKS,,,,,,,
phoenix,27963,2023-06-11,grid_05,0.5,0.6,NO_SPANNING_BLOCKS,,,,,NOT_ESTIMATED_NO_REFERENCE_BLOCKS,,,,,,,
phoenix,27963,2023-06-11,grid_06,0.6,0.7,NO_SPANNING_BLOCKS,,,,,NOT_ESTIMATED_NO_REFERENCE_BLOCKS,,,,,,,
phoenix,27963,2023-06-11,grid_07,0.7,0.8,NO_SPANNING_BLOCKS,,,,,NOT_ESTIMATED_NO_REFERENCE_BLOCKS,,,,,,,
phoenix,27963,2023-06-11,grid_08,0.8,0.9,NO_SPANNING_BLOCKS,,,,,NOT_ESTIMATED_NO_REFERENCE_BLOCKS,,,,,,,
phoenix,27963,2023-06-11,grid_09,0.9,1.0,NO_SPANNING_BLOCKS,,,,,NOT_ESTIMATED_NO_REFERENCE_BLOCKS,,,,,,,
phoenix,28024,2023-06-15,near_-0.02,0.0085095386207103,0.1085095386207103,BLOCK_RANGE_ONLY,1.0,linear,temperature,K,ESTIMABLE,1.2889166920443191,1.2236179974970167,1.3450353373049386,0.0312181962252962,0.1214173398079219,1000.0,0.0
phoenix,28024,2023-06-15,near_-0.02,0.0085095386207103,0.1085095386207103,BLOCK_RANGE_ONLY,1.0,linear,emitted_flux,W/m2,ESTIMABLE,9.834237098055766,9.343423589985932,10.260515225542608,0.2368197484079684,0.9170916355566768,1000.0,0.0
phoenix,28024,2023-06-15,near_-0.02,0.0085095386207103,0.1085095386207103,BLOCK_RANGE_ONLY,1.0,linear,temperature_equivalent,K,ESTIMABLE,1.4777414535058142,1.4034923214980497,1.5422706841179945,0.035837055970551,0.138778362619945,1000.0,0.0
phoenix,28024,2023-06-15,near_-0.02,0.0085095386207103,0.1085095386207103,BLOCK_RANGE_ONLY,1.0,linear,temperature_minus_equivalent,K,ESTIMABLE,-0.188824761461495,-0.2078306199171555,-0.1696414540286333,0.0097269795791087,0.0381891658885221,1000.0,0.0
phoenix,28024,2023-06-15,near_-0.02,0.0085095386207103,0.1085095386207103,BLOCK_RANGE_ONLY,1.0,quadratic,temperature,K,ESTIMABLE,1.2781027746198947,1.2130799965451051,1.33331628128183,0.0312482665394977,0.1202362847367248,1000.0,0.0
phoenix,28024,2023-06-15,near_-0.02,0.0085095386207103,0.1085095386207103,BLOCK_RANGE_ONLY,1.0,quadratic,emitted_flux,W/m2,ESTIMABLE,9.734818555905552,9.229599949358123,10.16493617521721,0.2376595555332154,0.9353362258590856,1000.0,0.0
phoenix,28024,2023-06-15,near_-0.02,0.0085095386207103,0.1085095386207103,BLOCK_RANGE_ONLY,1.0,quadratic,temperature_equivalent,K,ESTIMABLE,1.4626973827315055,1.3862808812272376,1.5277986275452449,0.0359588620941283,0.1415177463180073,1000.0,0.0
phoenix,28024,2023-06-15,near_-0.02,0.0085095386207103,0.1085095386207103,BLOCK_RANGE_ONLY,1.0,quadratic,temperature_minus_equivalent,K,ESTIMABLE,-0.1845946081116107,-0.2034201030378005,-0.1652607495636119,0.0098426566919789,0.0381593534741885,1000.0,0.0
phoenix,28024,2023-06-15,near_-0.02,0.0085095386207103,0.1085095386207103,BLOCK_RANGE_ONLY,1.0,quadratic_minus_linear,temperature,K,ESTIMABLE,-0.0108139174244243,-0.0173921824376408,-0.0047378845985672,0.0032038420720278,0.0126542978390735,1000.0,0.0
phoenix,28024,2023-06-15,near_-0.02,0.0085095386207103,0.1085095386207103,BLOCK_RANGE_ONLY,1.0,quadratic_minus_linear,emitted_flux,W/m2,ESTIMABLE,-0.0994185421502127,-0.1468864051813519,-0.0554585759305892,0.0234817106906702,0.0914278292507627,1000.0,0.0
phoenix,28024,2023-06-15,near_-0.02,0.0085095386207103,0.1085095386207103,BLOCK_RANGE_ONLY,1.0,quadratic_minus_linear,temperature_equivalent,K,ESTIMABLE,-0.0150440707743086,-0.0222243617750038,-0.0083908276946729,0.0035528659085562,0.0138335340803308,1000.0,0.0
phoenix,28024,2023-06-15,near_-0.02,0.0085095386207103,0.1085095386207103,BLOCK_RANGE_ONLY,1.0,quadratic_minus_linear,temperature_minus_equivalent,K,ESTIMABLE,0.0042301533498843,0.0024621063859528,0.0060511120964778,0.0008908598508813,0.0035890057105249,1000.0,0.0
phoenix,28024,2023-06-15,near_-0.02,0.0085095386207103,0.1085095386207103,BLOCK_RANGE_ONLY,8.0,linear,temperature,K,ESTIMABLE,1.2889166920443191,1.1855062353317285,1.4109238866702476,0.0588275923713343,0.2254176513385193,1000.0,0.0
phoenix,28024,2023-06-15,near_-0.02,0.0085095386207103,0.1085095386207103,BLOCK_RANGE_ONLY,8.0,linear,emitted_flux,W/m2,ESTIMABLE,9.834237098055766,8.912301975120062,10.852056954257437,0.512621204409298,1.9397549791373745,1000.0,0.0
phoenix,28024,2023-06-15,near_-0.02,0.0085095386207103,0.1085095386207103,BLOCK_RANGE_ONLY,8.0,linear,temperature_equivalent,K,ESTIMABLE,1.4777414535058142,1.3383167524251136,1.631883352097084,0.0775837879037215,0.2935665996719705,1000.0,0.0
phoenix,28024,2023-06-15,near_-0.02,0.0085095386207103,0.1085095386207103,BLOCK_RANGE_ONLY,8.0,linear,temperature_minus_equivalent,K,ESTIMABLE,-0.188824761461495,-0.2389489356894799,-0.1411431954729326,0.0256512425003671,0.0978057402165473,1000.0,0.0
phoenix,28024,2023-06-15,near_-0.02,0.0085095386207103,0.1085095386207103,BLOCK_RANGE_ONLY,8.0,quadratic,temperature,K,ESTIMABLE,1.2781027746198947,1.1725625664663308,1.4024661316939535,0.0608730532952025,0.2299035652276226,1000.0,0.0
phoenix,28024,2023-06-15,near_-0.02,0.0085095386207103,0.1085095386207103,BLOCK_RANGE_ONLY,8.0,quadratic,emitted_flux,W/m2,ESTIMABLE,9.734818555905552,8.766357818571068,10.801892116052995,0.5334057233395977,2.035534297481929,1000.0,0.0
phoenix,28024,2023-06-15,near_-0.02,0.0085095386207103,0.1085095386207103,BLOCK_RANGE_ONLY,8.0,quadratic,temperature_equivalent,K,ESTIMABLE,1.4626973827315055,1.316262596236308,1.624280892778866,0.0807179537925232,0.3080182965425579,1000.0,0.0
phoenix,28024,2023-06-15,near_-0.02,0.0085095386207103,0.1085095386207103,BLOCK_RANGE_ONLY,8.0,quadratic,temperature_minus_equivalent,K,ESTIMABLE,-0.1845946081116107,-0.2364180327000841,-0.1345519780529682,0.0263216421974762,0.1018660546471159,1000.0,0.0
phoenix,28024,2023-06-15,near_-0.02,0.0085095386207103,0.1085095386207103,BLOCK_RANGE_ONLY,8.0,quadratic_minus_linear,temperature,K,ESTIMABLE,-0.0108139174244243,-0.022013781112209,5.5538235442278896e-05,0.0055968527492005,0.0220693193476512,1000.0,0.0
phoenix,28024,2023-06-15,near_-0.02,0.0085095386207103,0.1085095386207103,BLOCK_RANGE_ONLY,8.0,quadratic_minus_linear,emitted_flux,W/m2,ESTIMABLE,-0.0994185421502127,-0.190260904732507,-0.010910215145803,0.0451773209368775,0.1793506895867039,1000.0,0.0
phoenix,28024,2023-06-15,near_-0.02,0.0085095386207103,0.1085095386207103,BLOCK_RANGE_ONLY,8.0,quadratic_minus_linear,temperature_equivalent,K,ESTIMABLE,-0.0150440707743086,-0.028758302589577,-0.0016536206179324,0.0068305899756049,0.0271046819716445,1000.0,0.0
phoenix,28024,2023-06-15,near_-0.02,0.0085095386207103,0.1085095386207103,BLOCK_RANGE_ONLY,8.0,quadratic_minus_linear,temperature_minus_equivalent,K,ESTIMABLE,0.0042301533498843,0.0009910998789896,0.0073449185168534,0.0016403349436818,0.0063538186378638,1000.0,0.0
phoenix,28024,2023-06-15,near_-0.01,0.0185095386207103,0.1185095386207103,BLOCK_RANGE_ONLY,1.0,linear,temperature,K,ESTIMABLE,1.2889166920443191,1.2236179974970167,1.3450353373049386,0.0312181962252962,0.1214173398079219,1000.0,0.0
phoenix,28024,2023-06-15,near_-0.01,0.0185095386207103,0.1185095386207103,BLOCK_RANGE_ONLY,1.0,linear,emitted_flux,W/m2,ESTIMABLE,9.834237098055766,9.343423589985932,10.260515225542608,0.2368197484079684,0.9170916355566768,1000.0,0.0
phoenix,28024,2023-06-15,near_-0.01,0.0185095386207103,0.1185095386207103,BLOCK_RANGE_ONLY,1.0,linear,temperature_equivalent,K,ESTIMABLE,1.4777414535058142,1.4034923214980497,1.5422706841179945,0.035837055970551,0.138778362619945,1000.0,0.0
phoenix,28024,2023-06-15,near_-0.01,0.0185095386207103,0.1185095386207103,BLOCK_RANGE_ONLY,1.0,linear,temperature_minus_equivalent,K,ESTIMABLE,-0.188824761461495,-0.2078306199171555,-0.1696414540286333,0.0097269795791087,0.0381891658885221,1000.0,0.0
phoenix,28024,2023-06-15,near_-0.01,0.0185095386207103,0.1185095386207103,BLOCK_RANGE_ONLY,1.0,quadratic,temperature,K,ESTIMABLE,1.3092473048720632,1.2435023958111766,1.365853406306201,0.0317411751503959,0.1223510104950242,1000.0,0.0
phoenix,28024,2023-06-15,near_-0.01,0.0185095386207103,0.1185095386207103,BLOCK_RANGE_ONLY,1.0,quadratic,emitted_flux,W/m2,ESTIMABLE,10.021148076660944,9.51806880587792,10.451556764894958,0.2392046439238262,0.9334879590170376,1000.0,0.0
phoenix,28024,2023-06-15,near_-0.01,0.0185095386207103,0.1185095386207103,BLOCK_RANGE_ONLY,1.0,quadratic,temperature_equivalent,K,ESTIMABLE,1.5060307985575605,1.429906197025636,1.5712031614211412,0.0362079148125391,0.1412969643955051,1000.0,0.0
phoenix,28024,2023-06-15,near_-0.01,0.0185095386207103,0.1185095386207103,BLOCK_RANGE_ONLY,1.0,quadratic,temperature_minus_equivalent,K,ESTIMABLE,-0.1967834936854973,-0.2161287162471972,-0.1776390870535851,0.0097537506938366,0.0384896291936121,1000.0,0.0
phoenix,28024,2023-06-15,near_-0.01,0.0185095386207103,0.1185095386207103,BLOCK_RANGE_ONLY,1.0,quadratic_minus_linear,temperature,K,ESTIMABLE,0.020330612827744,0.0086158444180558,0.0334436436736366,0.0062414827089917,0.0248277992555807,1000.0,0.0
phoenix,28024,2023-06-15,near_-0.01,0.0185095386207103,0.1185095386207103,BLOCK_RANGE_ONLY,1.0,quadratic_minus_linear,emitted_flux,W/m2,ESTIMABLE,0.1869109786051783,0.1005192800300124,0.2876066701130464,0.0481516982907294,0.1870873900830339,1000.0,0.0
phoenix,28024,2023-06-15,near_-0.01,0.0185095386207103,0.1185095386207103,BLOCK_RANGE_ONLY,1.0,quadratic_minus_linear,temperature_equivalent,K,ESTIMABLE,0.0282893450517462,0.0152165724023078,0.0435117440713654,0.0072879515972983,0.0282951716690575,1000.0,0.0
phoenix,28024,2023-06-15,near_-0.01,0.0185095386207103,0.1185095386207103,BLOCK_RANGE_ONLY,1.0,quadratic_minus_linear,temperature_minus_equivalent,K,ESTIMABLE,-0.0079587322240022,-0.0121256088099865,-0.0042987961099459,0.0020209546934279,0.0078268127000405,1000.0,0.0
phoenix,28024,2023-06-15,near_-0.01,0.0185095386207103,0.1185095386207103,BLOCK_RANGE_ONLY,8.0,linear,temperature,K,ESTIMABLE,1.2889166920443191,1.1855062353317285,1.4109238866702476,0.0588275923713343,0.2254176513385193,1000.0,0.0
phoenix,28024,2023-06-15,near_-0.01,0.0185095386207103,0.1185095386207103,BLOCK_RANGE_ONLY,8.0,linear,emitted_flux,W/m2,ESTIMABLE,9.834237098055766,8.912301975120062,10.852056954257437,0.512621204409298,1.9397549791373745,1000.0,0.0
phoenix,28024,2023-06-15,near_-0.01,0.0185095386207103,0.1185095386207103,BLOCK_RANGE_ONLY,8.0,linear,temperature_equivalent,K,ESTIMABLE,1.4777414535058142,1.3383167524251136,1.631883352097084,0.0775837879037215,0.2935665996719705,1000.0,0.0
phoenix,28024,2023-06-15,near_-0.01,0.0185095386207103,0.1185095386207103,BLOCK_RANGE_ONLY,8.0,linear,temperature_minus_equivalent,K,ESTIMABLE,-0.188824761461495,-0.2389489356894799,-0.1411431954729326,0.0256512425003671,0.0978057402165473,1000.0,0.0
phoenix,28024,2023-06-15,near_-0.01,0.0185095386207103,0.1185095386207103,BLOCK_RANGE_ONLY,8.0,quadratic,temperature,K,ESTIMABLE,1.3092473048720632,1.2031853886455954,1.4361602936064954,0.0599440405682041,0.2329749049609,1000.0,0.0
phoenix,28024,2023-06-15,near_-0.01,0.0185095386207103,0.1185095386207103,BLOCK_RANGE_ONLY,8.0,quadratic,emitted_flux,W/m2,ESTIMABLE,10.021148076660944,9.110438288276132,11.133228116048956,0.5235119683011572,2.022789827772824,1000.0,0.0
phoenix,28024,2023-06-15,near_-0.01,0.0185095386207103,0.1185095386207103,BLOCK_RANGE_ONLY,8.0,quadratic,temperature_equivalent,K,ESTIMABLE,1.5060307985575605,1.3682653090997292,1.674504963775202,0.0792573673760509,0.3062396546754726,1000.0,0.0
phoenix,28024,2023-06-15,near_-0.01,0.0185095386207103,0.1185095386207103,BLOCK_RANGE_ONLY,8.0,quadratic,temperature_minus_equivalent,K,ESTIMABLE,-0.1967834936854973,-0.2497921019553284,-0.1480518356795715,0.0267010723787331,0.1017402662757569,1000.0,0.0
phoenix,28024,2023-06-15,near_-0.01,0.0185095386207103,0.1185095386207103,BLOCK_RANGE_ONLY,8.0,quadratic_minus_linear,temperature,K,ESTIMABLE,0.020330612827744,-0.0001102283886206,0.0563508645656359,0.0140327642939057,0.0564610929542566,1000.0,0.0
phoenix,28024,2023-06-15,near_-0.01,0.0185095386207103,0.1185095386207103,BLOCK_RANGE_ONLY,8.0,quadratic_minus_linear,emitted_flux,W/m2,ESTIMABLE,0.1869109786051783,0.0167247477706474,0.4723129973850072,0.1173988788270744,0.4555882496143598,1000.0,0.0
phoenix,28024,2023-06-15,near_-0.01,0.0185095386207103,0.1185095386207103,BLOCK_RANGE_ONLY,8.0,quadratic_minus_linear,temperature_equivalent,K,ESTIMABLE,0.0282893450517462,0.0025349655542342,0.0714533954578911,0.0177727856055728,0.0689184299036568,1000.0,0.0
phoenix,28024,2023-06-15,near_-0.01,0.0185095386207103,0.1185095386207103,BLOCK_RANGE_ONLY,8.0,quadratic_minus_linear,temperature_minus_equivalent,K,ESTIMABLE,-0.0079587322240022,-0.0191059067470207,-0.0015155964443026,0.004521205146834,0.017590310302718,1000.0,0.0
phoenix,28024,2023-06-15,historical,0.0285095386207103,0.1285095386207103,BLOCK_RANGE_ONLY,1.0,linear,temperature,K,ESTIMABLE,1.2889166920443191,1.2236179974970167,1.3450353373049386,0.0312181962252962,0.1214173398079219,1000.0,0.0
phoenix,28024,2023-06-15,historical,0.0285095386207103,0.1285095386207103,BLOCK_RANGE_ONLY,1.0,linear,emitted_flux,W/m2,ESTIMABLE,9.834237098055766,9.343423589985932,10.260515225542608,0.2368197484079684,0.9170916355566768,1000.0,0.0
phoenix,28024,2023-06-15,historical,0.0285095386207103,0.1285095386207103,BLOCK_RANGE_ONLY,1.0,linear,temperature_equivalent,K,ESTIMABLE,1.4777414535058142,1.4034923214980497,1.5422706841179945,0.035837055970551,0.138778362619945,1000.0,0.0
phoenix,28024,2023-06-15,historical,0.0285095386207103,0.1285095386207103,BLOCK_RANGE_ONLY,1.0,linear,temperature_minus_equivalent,K,ESTIMABLE,-0.188824761461495,-0.2078306199171555,-0.1696414540286333,0.0097269795791087,0.0381891658885221,1000.0,0.0
phoenix,28024,2023-06-15,historical,0.0285095386207103,0.1285095386207103,BLOCK_RANGE_ONLY,1.0,quadratic,temperature,K,ESTIMABLE,1.3403918351242317,1.2715153821794534,1.403468103619708,0.0347166932130349,0.1319527214402547,1000.0,0.0
phoenix,28024,2023-06-15,historical,0.0285095386207103,0.1285095386207103,BLOCK_RANGE_ONLY,1.0,quadratic,emitted_flux,W/m2,ESTIMABLE,10.307477597416336,9.777432433899977,10.772891524345644,0.2593496981992885,0.9954590904456672,1000.0,0.0
phoenix,28024,2023-06-15,historical,0.0285095386207103,0.1285095386207103,BLOCK_RANGE_ONLY,1.0,quadratic,temperature_equivalent,K,ESTIMABLE,1.5493822043927707,1.4691454738126892,1.6198861190345295,0.0392736051649918,0.1507406452218405,1000.0,0.0
phoenix,28024,2023-06-15,historical,0.0285095386207103,0.1285095386207103,BLOCK_RANGE_ONLY,1.0,quadratic,temperature_minus_equivalent,K,ESTIMABLE,-0.2089903692685391,-0.2302247959973982,-0.1882115583822922,0.0104282274428948,0.042013237615106,1000.0,0.0
phoenix,28024,2023-06-15,historical,0.0285095386207103,0.1285095386207103,BLOCK_RANGE_ONLY,1.0,quadratic_minus_linear,temperature,K,ESTIMABLE,0.0514751430799125,0.0216031780116331,0.0828013300501506,0.015308368897634,0.0611981520385174,1000.0,0.0
phoenix,28024,2023-06-15,historical,0.0285095386207103,0.1285095386207103,BLOCK_RANGE_ONLY,1.0,quadratic_minus_linear,emitted_flux,W/m2,ESTIMABLE,0.4732404993605712,0.2621561345307664,0.7142466318501516,0.1157254868318173,0.4520904973193851,1000.0,0.0
phoenix,28024,2023-06-15,historical,0.0285095386207103,0.1285095386207103,BLOCK_RANGE_ONLY,1.0,quadratic_minus_linear,temperature_equivalent,K,ESTIMABLE,0.0716407508869565,0.0396771320461184,0.1080956375549277,0.017523088881609,0.0684185055088093,1000.0,0.0
phoenix,28024,2023-06-15,historical,0.0285095386207103,0.1285095386207103,BLOCK_RANGE_ONLY,1.0,quadratic_minus_linear,temperature_minus_equivalent,K,ESTIMABLE,-0.020165607807044,-0.0296681480697992,-0.0113710341265042,0.0047685194262219,0.0182971139432949,1000.0,0.0
phoenix,28024,2023-06-15,historical,0.0285095386207103,0.1285095386207103,BLOCK_RANGE_ONLY,8.0,linear,temperature,K,ESTIMABLE,1.2889166920443191,1.1855062353317285,1.4109238866702476,0.0588275923713343,0.2254176513385193,1000.0,0.0
phoenix,28024,2023-06-15,historical,0.0285095386207103,0.1285095386207103,BLOCK_RANGE_ONLY,8.0,linear,emitted_flux,W/m2,ESTIMABLE,9.834237098055766,8.912301975120062,10.852056954257437,0.512621204409298,1.9397549791373745,1000.0,0.0
phoenix,28024,2023-06-15,historical,0.0285095386207103,0.1285095386207103,BLOCK_RANGE_ONLY,8.0,linear,temperature_equivalent,K,ESTIMABLE,1.4777414535058142,1.3383167524251136,1.631883352097084,0.0775837879037215,0.2935665996719705,1000.0,0.0
phoenix,28024,2023-06-15,historical,0.0285095386207103,0.1285095386207103,BLOCK_RANGE_ONLY,8.0,linear,temperature_minus_equivalent,K,ESTIMABLE,-0.188824761461495,-0.2389489356894799,-0.1411431954729326,0.0256512425003671,0.0978057402165473,1000.0,0.0
phoenix,28024,2023-06-15,historical,0.0285095386207103,0.1285095386207103,BLOCK_RANGE_ONLY,8.0,quadratic,temperature,K,ESTIMABLE,1.3403918351242317,1.232226573235074,1.4770657922631802,0.0640347795998604,0.2448392190281063,1000.0,0.0
phoenix,28024,2023-06-15,historical,0.0285095386207103,0.1285095386207103,BLOCK_RANGE_ONLY,8.0,quadratic,emitted_flux,W/m2,ESTIMABLE,10.307477597416336,9.351727093660292,11.444589026282882,0.5516969640263801,2.09286193262259,1000.0,0.0
phoenix,28024,2023-06-15,historical,0.0285095386207103,0.1285095386207103,BLOCK_RANGE_ONLY,8.0,quadratic,temperature_equivalent,K,ESTIMABLE,1.5493822043927707,1.4047480174818332,1.721723239241389,0.0835624475277558,0.3169752217595558,1000.0,0.0
phoenix,28024,2023-06-15,historical,0.0285095386207103,0.1285095386207103,BLOCK_RANGE_ONLY,8.0,quadratic,temperature_minus_equivalent,K,ESTIMABLE,-0.2089903692685391,-0.2687283377340679,-0.1603638726957538,0.0280754148263988,0.108364465038314,1000.0,0.0
phoenix,28024,2023-06-15,historical,0.0285095386207103,0.1285095386207103,BLOCK_RANGE_ONLY,8.0,quadratic_minus_linear,temperature,K,ESTIMABLE,0.0514751430799125,-0.0002759950126835,0.1235551748568928,0.031335567704426,0.1238311698695763,1000.0,0.0
phoenix,28024,2023-06-15,historical,0.0285095386207103,0.1285095386207103,BLOCK_RANGE_ONLY,8.0,quadratic_minus_linear,emitted_flux,W/m2,ESTIMABLE,0.4732404993605712,0.0443067334279129,1.0730353997610995,0.2574599912043336,1.0287286663331867,1000.0,0.0
phoenix,28024,2023-06-15,historical,0.0285095386207103,0.1285095386207103,BLOCK_RANGE_ONLY,8.0,quadratic_minus_linear,temperature_equivalent,K,ESTIMABLE,0.0716407508869565,0.0067156805371993,0.1624523180692918,0.0389890355357422,0.1557366375320924,1000.0,0.0
phoenix,28024,2023-06-15,historical,0.0285095386207103,0.1285095386207103,BLOCK_RANGE_ONLY,8.0,quadratic_minus_linear,temperature_minus_equivalent,K,ESTIMABLE,-0.020165607807044,-0.0419251616602254,-0.0041882731747755,0.0096720192777523,0.0377368884854498,1000.0,0.0
phoenix,28024,2023-06-15,near_+0.01,0.0385095386207103,0.1385095386207104,BLOCK_RANGE_ONLY,1.0,linear,temperature,K,ESTIMABLE,1.2889166920443191,1.2236179974970167,1.3450353373049386,0.0312181962252962,0.1214173398079219,1000.0,0.0
phoenix,28024,2023-06-15,near_+0.01,0.0385095386207103,0.1385095386207104,BLOCK_RANGE_ONLY,1.0,linear,emitted_flux,W/m2,ESTIMABLE,9.834237098055766,9.343423589985932,10.260515225542608,0.2368197484079684,0.9170916355566768,1000.0,0.0
phoenix,28024,2023-06-15,near_+0.01,0.0385095386207103,0.1385095386207104,BLOCK_RANGE_ONLY,1.0,linear,temperature_equivalent,K,ESTIMABLE,1.4777414535058142,1.4034923214980497,1.5422706841179945,0.035837055970551,0.138778362619945,1000.0,0.0
phoenix,28024,2023-06-15,near_+0.01,0.0385095386207103,0.1385095386207104,BLOCK_RANGE_ONLY,1.0,linear,temperature_minus_equivalent,K,ESTIMABLE,-0.188824761461495,-0.2078306199171555,-0.1696414540286333,0.0097269795791087,0.0381891658885221,1000.0,0.0
phoenix,28024,2023-06-15,near_+0.01,0.0385095386207103,0.1385095386207104,BLOCK_RANGE_ONLY,1.0,quadratic,temperature,K,ESTIMABLE,1.3715363653764003,1.2920782148353678,1.4451844050761196,0.0396193630045098,0.1531061902407517,1000.0,0.0
phoenix,28024,2023-06-15,near_+0.01,0.0385095386207103,0.1385095386207104,BLOCK_RANGE_ONLY,1.0,quadratic,emitted_flux,W/m2,ESTIMABLE,10.59380711817173,9.992776450610146,11.127430978829736,0.2942996384303899,1.13465452821959,1000.0,0.0
phoenix,28024,2023-06-15,near_+0.01,0.0385095386207103,0.1385095386207104,BLOCK_RANGE_ONLY,1.0,quadratic,temperature_equivalent,K,ESTIMABLE,1.592751617673514,1.5017362037006805,1.673626023076271,0.0445846150663154,0.1718898193755904,1000.0,0.0
phoenix,28024,2023-06-15,near_+0.01,0.0385095386207103,0.1385095386207104,BLOCK_RANGE_ONLY,1.0,quadratic,temperature_minus_equivalent,K,ESTIMABLE,-0.2212152522971135,-0.2449607677922378,-0.1971843882820186,0.0117385709474234,0.0477763795102192,1000.0,0.0
phoenix,28024,2023-06-15,near_+0.01,0.0385095386207103,0.1385095386207104,BLOCK_RANGE_ONLY,1.0,quadratic_minus_linear,temperature,K,ESTIMABLE,0.0826196733320812,0.034944827773086,0.1323792169208644,0.0244220138342585,0.0974343891477784,1000.0,0.0
phoenix,28024,2023-06-15,near_+0.01,0.0385095386207103,0.1385095386207104,BLOCK_RANGE_ONLY,1.0,quadratic_minus_linear,emitted_flux,W/m2,ESTIMABLE,0.7595700201159641,0.4259297854111236,1.1494878859000526,0.183773767169037,0.7235581004889289,1000.0,0.0
phoenix,28024,2023-06-15,near_+0.01,0.0385095386207103,0.1385095386207104,BLOCK_RANGE_ONLY,1.0,quadratic_minus_linear,temperature_equivalent,K,ESTIMABLE,0.1150101641676997,0.0644712853750761,0.1740767530804944,0.0278387383312096,0.1096054677054183,1000.0,0.0
phoenix,28024,2023-06-15,near_+0.01,0.0385095386207103,0.1385095386207104,BLOCK_RANGE_ONLY,1.0,quadratic_minus_linear,temperature_minus_equivalent,K,ESTIMABLE,-0.0323904908356185,-0.0472548973313849,-0.0184203812820357,0.0075390011140018,0.0288345160493492,1000.0,0.0
phoenix,28024,2023-06-15,near_+0.01,0.0385095386207103,0.1385095386207104,BLOCK_RANGE_ONLY,8.0,linear,temperature,K,ESTIMABLE,1.2889166920443191,1.1855062353317285,1.4109238866702476,0.0588275923713343,0.2254176513385193,1000.0,0.0
phoenix,28024,2023-06-15,near_+0.01,0.0385095386207103,0.1385095386207104,BLOCK_RANGE_ONLY,8.0,linear,emitted_flux,W/m2,ESTIMABLE,9.834237098055766,8.912301975120062,10.852056954257437,0.512621204409298,1.9397549791373745,1000.0,0.0
phoenix,28024,2023-06-15,near_+0.01,0.0385095386207103,0.1385095386207104,BLOCK_RANGE_ONLY,8.0,linear,temperature_equivalent,K,ESTIMABLE,1.4777414535058142,1.3383167524251136,1.631883352097084,0.0775837879037215,0.2935665996719705,1000.0,0.0
phoenix,28024,2023-06-15,near_+0.01,0.0385095386207103,0.1385095386207104,BLOCK_RANGE_ONLY,8.0,linear,temperature_minus_equivalent,K,ESTIMABLE,-0.188824761461495,-0.2389489356894799,-0.1411431954729326,0.0256512425003671,0.0978057402165473,1000.0,0.0
phoenix,28024,2023-06-15,near_+0.01,0.0385095386207103,0.1385095386207104,BLOCK_RANGE_ONLY,8.0,quadratic,temperature,K,ESTIMABLE,1.3715363653764003,1.245844477043902,1.526529910771369,0.0722981577480447,0.2806854337274669,1000.0,0.0
phoenix,28024,2023-06-15,near_+0.01,0.0385095386207103,0.1385095386207104,BLOCK_RANGE_ONLY,8.0,quadratic,emitted_flux,W/m2,ESTIMABLE,10.59380711817173,9.522664765520371,11.945258429440011,0.612728278420018,2.42259366391964,1000.0,0.0
phoenix,28024,2023-06-15,near_+0.01,0.0385095386207103,0.1385095386207104,BLOCK_RANGE_ONLY,8.0,quadratic,temperature_equivalent,K,ESTIMABLE,1.592751617673514,1.4306013940200089,1.7976952162408708,0.0928481438519637,0.3670938222208619,1000.0,0.0
phoenix,28024,2023-06-15,near_+0.01,0.0385095386207103,0.1385095386207104,BLOCK_RANGE_ONLY,8.0,quadratic,temperature_minus_equivalent,K,ESTIMABLE,-0.2212152522971135,-0.2860363563962593,-0.1670218712605614,0.0303178118671494,0.1190144851356978,1000.0,0.0
phoenix,28024,2023-06-15,near_+0.01,0.0385095386207103,0.1385095386207104,BLOCK_RANGE_ONLY,8.0,quadratic_minus_linear,temperature,K,ESTIMABLE,0.0826196733320812,-0.0004417616367463,0.192315369963106,0.0488500025546292,0.1927571315998524,1000.0,0.0
phoenix,28024,2023-06-15,near_+0.01,0.0385095386207103,0.1385095386207104,BLOCK_RANGE_ONLY,8.0,quadratic_minus_linear,emitted_flux,W/m2,ESTIMABLE,0.7595700201159641,0.0719646519585283,1.6585517909754852,0.3994376563248362,1.5865871390169568,1000.0,0.0
phoenix,28024,2023-06-15,near_+0.01,0.0385095386207103,0.1385095386207104,BLOCK_RANGE_ONLY,8.0,quadratic_minus_linear,temperature_equivalent,K,ESTIMABLE,0.1150101641676997,0.0109080452020677,0.2514223221326759,0.0605145394185543,0.2405142769306081,1000.0,0.0
phoenix,28024,2023-06-15,near_+0.01,0.0385095386207103,0.1385095386207104,BLOCK_RANGE_ONLY,8.0,quadratic_minus_linear,temperature_minus_equivalent,K,ESTIMABLE,-0.0323904908356185,-0.0650181402279405,-0.0068100011315699,0.0149166685844652,0.0582081390963706,1000.0,0.0
phoenix,28024,2023-06-15,near_+0.02,0.0485095386207103,0.1485095386207103,BLOCK_RANGE_ONLY,1.0,linear,temperature,K,ESTIMABLE,1.288916692044319,1.2236179974970165,1.3450353373049384,0.0312181962252962,0.1214173398079219,1000.0,0.0
phoenix,28024,2023-06-15,near_+0.02,0.0485095386207103,0.1485095386207103,BLOCK_RANGE_ONLY,1.0,linear,emitted_flux,W/m2,ESTIMABLE,9.834237098055766,9.343423589985932,10.260515225542608,0.2368197484079683,0.917091635556675,1000.0,0.0
phoenix,28024,2023-06-15,near_+0.02,0.0485095386207103,0.1485095386207103,BLOCK_RANGE_ONLY,1.0,linear,temperature_equivalent,K,ESTIMABLE,1.4777414535058142,1.4034923214980497,1.5422706841179945,0.0358370559705508,0.138778362619945,1000.0,0.0
phoenix,28024,2023-06-15,near_+0.02,0.0485095386207103,0.1485095386207103,BLOCK_RANGE_ONLY,1.0,linear,temperature_minus_equivalent,K,ESTIMABLE,-0.1888247614614953,-0.2078306199171557,-0.1696414540286336,0.0097269795791085,0.0381891658885221,1000.0,0.0
phoenix,28024,2023-06-15,near_+0.02,0.0485095386207103,0.1485095386207103,BLOCK_RANGE_ONLY,1.0,quadratic,temperature,K,ESTIMABLE,1.4026808956285688,1.3117826002818334,1.4864390150824769,0.0458348951306044,0.1746564148006435,1000.0,0.0
phoenix,28024,2023-06-15,near_+0.02,0.0485095386207103,0.1485095386207103,BLOCK_RANGE_ONLY,1.0,quadratic,emitted_flux,W/m2,ESTIMABLE,10.88013663892712,10.21714718767235,11.515797659909882,0.3395127322315216,1.298650472237533,1000.0,0.0
phoenix,28024,2023-06-15,near_+0.02,0.0485095386207103,0.1485095386207103,BLOCK_RANGE_ONLY,1.0,quadratic,temperature_equivalent,K,ESTIMABLE,1.6361390558628273,1.5357038848676126,1.7325251201202234,0.0514555092892987,0.1968212352526108,1000.0,0.0
phoenix,28024,2023-06-15,near_+0.02,0.0485095386207103,0.1485095386207103,BLOCK_RANGE_ONLY,1.0,quadratic,temperature_minus_equivalent,K,ESTIMABLE,-0.2334581602342584,-0.2605142766218174,-0.2064449007804317,0.0135038506123546,0.0540693758413857,1000.0,0.0
phoenix,28024,2023-06-15,near_+0.02,0.0485095386207103,0.1485095386207103,BLOCK_RANGE_ONLY,1.0,quadratic_minus_linear,temperature,K,ESTIMABLE,0.1137642035842498,0.0483551772179424,0.1824918692300374,0.0335443275480465,0.1341366920120949,1000.0,0.0
phoenix,28024,2023-06-15,near_+0.02,0.0485095386207103,0.1485095386207103,BLOCK_RANGE_ONLY,1.0,quadratic_minus_linear,emitted_flux,W/m2,ESTIMABLE,1.0458995408713534,0.589662871054241,1.5832759389136284,0.2519123133937604,0.9936130678593874,1000.0,0.0
phoenix,28024,2023-06-15,near_+0.02,0.0485095386207103,0.1485095386207103,BLOCK_RANGE_ONLY,1.0,quadratic_minus_linear,temperature_equivalent,K,ESTIMABLE,0.158397602357013,0.0892651893714003,0.2398590110276671,0.0381767630136207,0.1505938216562669,1000.0,0.0
phoenix,28024,2023-06-15,near_+0.02,0.0485095386207103,0.1485095386207103,BLOCK_RANGE_ONLY,1.0,quadratic_minus_linear,temperature_minus_equivalent,K,ESTIMABLE,-0.0446333987727631,-0.0649745535163886,-0.0253595432153764,0.0103178254547128,0.0396150103010122,1000.0,0.0
phoenix,28024,2023-06-15,near_+0.02,0.0485095386207103,0.1485095386207103,BLOCK_RANGE_ONLY,8.0,linear,temperature,K,ESTIMABLE,1.288916692044319,1.185506235331728,1.4109238866702474,0.0588275923713342,0.2254176513385193,1000.0,0.0
phoenix,28024,2023-06-15,near_+0.02,0.0485095386207103,0.1485095386207103,BLOCK_RANGE_ONLY,8.0,linear,emitted_flux,W/m2,ESTIMABLE,9.834237098055766,8.91230197512006,10.852056954257437,0.5126212044092979,1.9397549791373745,1000.0,0.0
phoenix,28024,2023-06-15,near_+0.02,0.0485095386207103,0.1485095386207103,BLOCK_RANGE_ONLY,8.0,linear,temperature_equivalent,K,ESTIMABLE,1.4777414535058142,1.3383167524251136,1.631883352097084,0.0775837879037215,0.2935665996719705,1000.0,0.0
phoenix,28024,2023-06-15,near_+0.02,0.0485095386207103,0.1485095386207103,BLOCK_RANGE_ONLY,8.0,linear,temperature_minus_equivalent,K,ESTIMABLE,-0.1888247614614953,-0.2389489356894802,-0.1411431954729328,0.0256512425003671,0.0978057402165473,1000.0,0.0
phoenix,28024,2023-06-15,near_+0.02,0.0485095386207103,0.1485095386207103,BLOCK_RANGE_ONLY,8.0,quadratic,temperature,K,ESTIMABLE,1.4026808956285688,1.2594892818635048,1.5879299102524211,0.0835044899734013,0.3284406283889163,1000.0,0.0
phoenix,28024,2023-06-15,near_+0.02,0.0485095386207103,0.1485095386207103,BLOCK_RANGE_ONLY,8.0,quadratic,emitted_flux,W/m2,ESTIMABLE,10.88013663892712,9.662092516505826,12.392695190454708,0.6980429715522202,2.730602673948882,1000.0,0.0
phoenix,28024,2023-06-15,near_+0.02,0.0485095386207103,0.1485095386207103,BLOCK_RANGE_ONLY,8.0,quadratic,temperature_equivalent,K,ESTIMABLE,1.6361390558628273,1.4516938090628018,1.8656364765240323,0.1058232374626791,0.4139426674612307,1000.0,0.0
phoenix,28024,2023-06-15,near_+0.02,0.0485095386207103,0.1485095386207103,BLOCK_RANGE_ONLY,8.0,quadratic,temperature_minus_equivalent,K,ESTIMABLE,-0.2334581602342584,-0.3063528074018533,-0.1758242347458154,0.0332606282232122,0.1305285726560378,1000.0,0.0
phoenix,28024,2023-06-15,near_+0.02,0.0485095386207103,0.1485095386207103,BLOCK_RANGE_ONLY,8.0,quadratic_minus_linear,temperature,K,ESTIMABLE,0.1137642035842498,-0.0006075282608092,0.2597599091691123,0.0664088345961149,0.2603674374299216,1000.0,0.0
phoenix,28024,2023-06-15,near_+0.02,0.0485095386207103,0.1485095386207103,BLOCK_RANGE_ONLY,8.0,quadratic_minus_linear,emitted_flux,W/m2,ESTIMABLE,1.0458995408713534,0.0996307237332368,2.250333266873629,0.5418273520300363,2.150702543140392,1000.0,0.0
phoenix,28024,2023-06-15,near_+0.02,0.0485095386207103,0.1485095386207103,BLOCK_RANGE_ONLY,8.0,quadratic_minus_linear,temperature_equivalent,K,ESTIMABLE,0.158397602357013,0.0151018258195222,0.3411351475694658,0.0821219113278955,0.3260333217499436,1000.0,0.0
phoenix,28024,2023-06-15,near_+0.02,0.0485095386207103,0.1485095386207103,BLOCK_RANGE_ONLY,8.0,quadratic_minus_linear,temperature_minus_equivalent,K,ESTIMABLE,-0.0446333987727631,-0.0882753757544244,-0.0095080924655758,0.0201945181978179,0.0787672832888485,1000.0,0.0
phoenix,28024,2023-06-15,grid_00,0.0,0.1,BLOCK_RANGE_ONLY,1.0,linear,temperature,K,ESTIMABLE,1.2889166920443191,1.2236179974970167,1.3450353373049386,0.0312181962252962,0.1214173398079219,1000.0,0.0
phoenix,28024,2023-06-15,grid_00,0.0,0.1,BLOCK_RANGE_ONLY,1.0,linear,emitted_flux,W/m2,ESTIMABLE,9.834237098055766,9.343423589985932,10.260515225542608,0.2368197484079684,0.9170916355566768,1000.0,0.0
phoenix,28024,2023-06-15,grid_00,0.0,0.1,BLOCK_RANGE_ONLY,1.0,linear,temperature_equivalent,K,ESTIMABLE,1.4777414535058142,1.4034923214980497,1.5422706841179945,0.035837055970551,0.138778362619945,1000.0,0.0
phoenix,28024,2023-06-15,grid_00,0.0,0.1,BLOCK_RANGE_ONLY,1.0,linear,temperature_minus_equivalent,K,ESTIMABLE,-0.188824761461495,-0.2078306199171555,-0.1696414540286333,0.0097269795791087,0.0381891658885221,1000.0,0.0
phoenix,28024,2023-06-15,grid_00,0.0,0.1,BLOCK_RANGE_ONLY,1.0,quadratic,temperature,K,ESTIMABLE,1.2516002163194235,1.1836663781213326,1.3134402303355472,0.0328833572513127,0.1297738522142146,1000.0,0.0
phoenix,28024,2023-06-15,grid_00,0.0,0.1,BLOCK_RANGE_ONLY,1.0,quadratic,emitted_flux,W/m2,ESTIMABLE,9.491165344393805,8.961554424687266,9.958153629895133,0.2513650572062483,0.9965992052078648,1000.0,0.0
phoenix,28024,2023-06-15,grid_00,0.0,0.1,BLOCK_RANGE_ONLY,1.0,quadratic,temperature_equivalent,K,ESTIMABLE,1.425836799965964,1.3457605213341666,1.4964956086726957,0.0380187696423693,0.1507350873385291,1000.0,0.0
phoenix,28024,2023-06-15,grid_00,0.0,0.1,BLOCK_RANGE_ONLY,1.0,quadratic,temperature_minus_equivalent,K,ESTIMABLE,-0.1742365836465405,-0.1944317056342755,-0.153544371420786,0.0105068455375842,0.0408873342134894,1000.0,0.0
phoenix,28024,2023-06-15,grid_00,0.0,0.1,BLOCK_RANGE_ONLY,1.0,quadratic_minus_linear,temperature,K,ESTIMABLE,-0.0373164757248956,-0.0590645311760104,-0.016251778267323,0.0108227043604636,0.0428127529086873,1000.0,0.0
phoenix,28024,2023-06-15,grid_00,0.0,0.1,BLOCK_RANGE_ONLY,1.0,quadratic_minus_linear,emitted_flux,W/m2,ESTIMABLE,-0.3430717536619632,-0.5104745972967473,-0.1910929344486835,0.0798554772733538,0.3193816628480637,1000.0,0.0
phoenix,28024,2023-06-15,grid_00,0.0,0.1,BLOCK_RANGE_ONLY,1.0,quadratic_minus_linear,temperature_equivalent,K,ESTIMABLE,-0.0519046535398501,-0.0772284746336239,-0.028909623396359,0.0120775205064946,0.0483188512372649,1000.0,0.0
phoenix,28024,2023-06-15,grid_00,0.0,0.1,BLOCK_RANGE_ONLY,1.0,quadratic_minus_linear,temperature_minus_equivalent,K,ESTIMABLE,0.0145881778149545,0.0084108488408987,0.0208959153945493,0.0031676779248275,0.0124850665536505,1000.0,0.0
phoenix,28024,2023-06-15,grid_00,0.0,0.1,BLOCK_RANGE_ONLY,8.0,linear,temperature,K,ESTIMABLE,1.2889166920443191,1.1855062353317285,1.4109238866702476,0.0588275923713343,0.2254176513385193,1000.0,0.0
phoenix,28024,2023-06-15,grid_00,0.0,0.1,BLOCK_RANGE_ONLY,8.0,linear,emitted_flux,W/m2,ESTIMABLE,9.834237098055766,8.912301975120062,10.852056954257437,0.512621204409298,1.9397549791373745,1000.0,0.0
phoenix,28024,2023-06-15,grid_00,0.0,0.1,BLOCK_RANGE_ONLY,8.0,linear,temperature_equivalent,K,ESTIMABLE,1.4777414535058142,1.3383167524251136,1.631883352097084,0.0775837879037215,0.2935665996719705,1000.0,0.0
phoenix,28024,2023-06-15,grid_00,0.0,0.1,BLOCK_RANGE_ONLY,8.0,linear,temperature_minus_equivalent,K,ESTIMABLE,-0.188824761461495,-0.2389489356894799,-0.1411431954729326,0.0256512425003671,0.0978057402165473,1000.0,0.0
phoenix,28024,2023-06-15,grid_00,0.0,0.1,BLOCK_RANGE_ONLY,8.0,quadratic,temperature,K,ESTIMABLE,1.2516002163194235,1.1330149945545105,1.3786490313709876,0.0654892798074862,0.2456340368164771,1000.0,0.0
phoenix,28024,2023-06-15,grid_00,0.0,0.1,BLOCK_RANGE_ONLY,8.0,quadratic,emitted_flux,W/m2,ESTIMABLE,9.491165344393805,8.47375490093264,10.640225551971826,0.5705447769748433,2.1664706510391856,1000.0,0.0
phoenix,28024,2023-06-15,grid_00,0.0,0.1,BLOCK_RANGE_ONLY,8.0,quadratic,temperature_equivalent,K,ESTIMABLE,1.425836799965964,1.2720603147979133,1.599784166419367,0.0863039525177733,0.3277238516214538,1000.0,0.0
phoenix,28024,2023-06-15,grid_00,0.0,0.1,BLOCK_RANGE_ONLY,8.0,quadratic,temperature_minus_equivalent,K,ESTIMABLE,-0.1742365836465405,-0.2256461520560825,-0.1226542653590365,0.0268101424532556,0.102991886697046,1000.0,0.0
phoenix,28024,2023-06-15,grid_00,0.0,0.1,BLOCK_RANGE_ONLY,8.0,quadratic_minus_linear,temperature,K,ESTIMABLE,-0.0373164757248956,-0.0736829368928035,0.0001965979843911,0.0194478203418536,0.0738795348771947,1000.0,0.0
phoenix,28024,2023-06-15,grid_00,0.0,0.1,BLOCK_RANGE_ONLY,8.0,quadratic_minus_linear,emitted_flux,W/m2,ESTIMABLE,-0.3430717536619632,-0.6299198726164814,-0.0379979367509002,0.1554054712027557,0.5919219358655812,1000.0,0.0
phoenix,28024,2023-06-15,grid_00,0.0,0.1,BLOCK_RANGE_ONLY,8.0,quadratic_minus_linear,temperature_equivalent,K,ESTIMABLE,-0.0519046535398501,-0.0953299735655036,-0.0057499241192005,0.0234962062273875,0.0895800494463031,1000.0,0.0
phoenix,28024,2023-06-15,grid_00,0.0,0.1,BLOCK_RANGE_ONLY,8.0,quadratic_minus_linear,temperature_minus_equivalent,K,ESTIMABLE,0.0145881778149545,0.0037303039298494,0.0254235511254695,0.0055508606340278,0.0216932471956201,1000.0,0.0
phoenix,28024,2023-06-15,grid_01,0.1,0.2,BLOCK_RANGE_ONLY,1.0,linear,temperature,K,ESTIMABLE,1.2889166920443191,1.2236179974970167,1.3450353373049386,0.0312181962252962,0.1214173398079219,1000.0,0.0
phoenix,28024,2023-06-15,grid_01,0.1,0.2,BLOCK_RANGE_ONLY,1.0,linear,emitted_flux,W/m2,ESTIMABLE,9.834237098055766,9.343423589985932,10.260515225542608,0.2368197484079684,0.9170916355566768,1000.0,0.0
phoenix,28024,2023-06-15,grid_01,0.1,0.2,BLOCK_RANGE_ONLY,1.0,linear,temperature_equivalent,K,ESTIMABLE,1.4777414535058142,1.4034923214980497,1.5422706841179945,0.035837055970551,0.138778362619945,1000.0,0.0
phoenix,28024,2023-06-15,grid_01,0.1,0.2,BLOCK_RANGE_ONLY,1.0,linear,temperature_minus_equivalent,K,ESTIMABLE,-0.188824761461495,-0.2078306199171555,-0.1696414540286333,0.0097269795791087,0.0381891658885221,1000.0,0.0
phoenix,28024,2023-06-15,grid_01,0.1,0.2,BLOCK_RANGE_ONLY,1.0,quadratic,temperature,K,ESTIMABLE,1.5630455188411092,1.3925144571972223,1.7292715785759358,0.0864563621096433,0.3367571213787135,1000.0,0.0
phoenix,28024,2023-06-15,grid_01,0.1,0.2,BLOCK_RANGE_ONLY,1.0,quadratic,emitted_flux,W/m2,ESTIMABLE,12.354460551947724,11.116773058923402,13.608527544713503,0.6404332491288223,2.4917544857901035,1000.0,0.0
phoenix,28024,2023-06-15,grid_01,0.1,0.2,BLOCK_RANGE_ONLY,1.0,quadratic,temperature_equivalent,K,ESTIMABLE,1.8598289875741896,1.672010136347052,2.0504790076405244,0.0972719340705219,0.3784688712934725,1000.0,0.0
phoenix,28024,2023-06-15,grid_01,0.1,0.2,BLOCK_RANGE_ONLY,1.0,quadratic,temperature_minus_equivalent,K,ESTIMABLE,-0.2967834687330806,-0.346948113825169,-0.246183897405556,0.025699382229094,0.100764216419613,1000.0,0.0
phoenix,28024,2023-06-15,grid_01,0.1,0.2,BLOCK_RANGE_ONLY,1.0,quadratic_minus_linear,temperature,K,ESTIMABLE,0.27412882679679,0.1166304310609582,0.4393226311825084,0.080541622386103,0.3226922001215501,1000.0,0.0
phoenix,28024,2023-06-15,grid_01,0.1,0.2,BLOCK_RANGE_ONLY,1.0,quadratic_minus_linear,emitted_flux,W/m2,ESTIMABLE,2.520223453891957,1.4230177748101804,3.811727239511782,0.6030350168807579,2.388709464701601,1000.0,0.0
phoenix,28024,2023-06-15,grid_01,0.1,0.2,BLOCK_RANGE_ONLY,1.0,quadratic_minus_linear,temperature_equivalent,K,ESTIMABLE,0.3820875340683756,0.2155312630215491,0.5782215418690697,0.0915876997576145,0.3626902788475206,1000.0,0.0
phoenix,28024,2023-06-15,grid_01,0.1,0.2,BLOCK_RANGE_ONLY,1.0,quadratic_minus_linear,temperature_minus_equivalent,K,ESTIMABLE,-0.1079587072715855,-0.1560101026145837,-0.0612988810033727,0.0247137803997741,0.0947112216112109,1000.0,0.0
phoenix,28024,2023-06-15,grid_01,0.1,0.2,BLOCK_RANGE_ONLY,8.0,linear,temperature,K,ESTIMABLE,1.2889166920443191,1.1855062353317285,1.4109238866702476,0.0588275923713343,0.2254176513385193,1000.0,0.0
phoenix,28024,2023-06-15,grid_01,0.1,0.2,BLOCK_RANGE_ONLY,8.0,linear,emitted_flux,W/m2,ESTIMABLE,9.834237098055766,8.912301975120062,10.852056954257437,0.512621204409298,1.9397549791373745,1000.0,0.0
phoenix,28024,2023-06-15,grid_01,0.1,0.2,BLOCK_RANGE_ONLY,8.0,linear,temperature_equivalent,K,ESTIMABLE,1.4777414535058142,1.3383167524251136,1.631883352097084,0.0775837879037215,0.2935665996719705,1000.0,0.0
phoenix,28024,2023-06-15,grid_01,0.1,0.2,BLOCK_RANGE_ONLY,8.0,linear,temperature_minus_equivalent,K,ESTIMABLE,-0.188824761461495,-0.2389489356894799,-0.1411431954729326,0.0256512425003671,0.0978057402165473,1000.0,0.0
phoenix,28024,2023-06-15,grid_01,0.1,0.2,BLOCK_RANGE_ONLY,8.0,quadratic,temperature,K,ESTIMABLE,1.5630455188411092,1.2934459311468178,1.9041374440649523,0.1605267464378339,0.6106915129181345,1000.0,0.0
phoenix,28024,2023-06-15,grid_01,0.1,0.2,BLOCK_RANGE_ONLY,8.0,quadratic,emitted_flux,W/m2,ESTIMABLE,12.354460551947724,10.06243720024644,15.126016320357058,1.3070438736286716,5.063579120110617,1000.0,0.0
phoenix,28024,2023-06-15,grid_01,0.1,0.2,BLOCK_RANGE_ONLY,8.0,quadratic,temperature_equivalent,K,ESTIMABLE,1.8598289875741896,1.5122810224548175,2.281643087131577,0.1986058221517515,0.7693620646767594,1000.0,0.0
phoenix,28024,2023-06-15,grid_01,0.1,0.2,BLOCK_RANGE_ONLY,8.0,quadratic,temperature_minus_equivalent,K,ESTIMABLE,-0.2967834687330806,-0.4185813401452581,-0.2015915977176509,0.0545696450279919,0.2169897424276071,1000.0,0.0
phoenix,28024,2023-06-15,grid_01,0.1,0.2,BLOCK_RANGE_ONLY,8.0,quadratic_minus_linear,temperature,K,ESTIMABLE,0.27412882679679,-0.0014610682562379,0.6050971785319242,0.1569603503339742,0.6065582467881622,1000.0,0.0
phoenix,28024,2023-06-15,grid_01,0.1,0.2,BLOCK_RANGE_ONLY,8.0,quadratic_minus_linear,emitted_flux,W/m2,ESTIMABLE,2.520223453891957,0.2420846037564743,5.282116960739145,1.2763138787672106,5.040032356982671,1000.0,0.0
phoenix,28024,2023-06-15,grid_01,0.1,0.2,BLOCK_RANGE_ONLY,8.0,quadratic_minus_linear,temperature_equivalent,K,ESTIMABLE,0.3820875340683756,0.0366984638098856,0.8033606215098373,0.1938894595435579,0.7666621576999517,1000.0,0.0
phoenix,28024,2023-06-15,grid_01,0.1,0.2,BLOCK_RANGE_ONLY,8.0,quadratic_minus_linear,temperature_minus_equivalent,K,ESTIMABLE,-0.1079587072715855,-0.2086409779340839,-0.0238883402578221,0.0476788140897712,0.1847526376762618,1000.0,0.0
phoenix,28024,2023-06-15,grid_02,0.2,0.3,BLOCK_RANGE_ONLY,1.0,linear,temperature,K,ESTIMABLE,1.2889166920443187,1.2236179974970165,1.3450353373049382,0.0312181962252962,0.1214173398079216,1000.0,0.0
phoenix,28024,2023-06-15,grid_02,0.2,0.3,BLOCK_RANGE_ONLY,1.0,linear,emitted_flux,W/m2,ESTIMABLE,9.834237098055764,9.34342358998593,10.260515225542605,0.2368197484079683,0.917091635556675,1000.0,0.0
phoenix,28024,2023-06-15,grid_02,0.2,0.3,BLOCK_RANGE_ONLY,1.0,linear,temperature_equivalent,K,ESTIMABLE,1.4777414535058142,1.4034923214980497,1.5422706841179945,0.0358370559705508,0.138778362619945,1000.0,0.0
phoenix,28024,2023-06-15,grid_02,0.2,0.3,BLOCK_RANGE_ONLY,1.0,linear,temperature_minus_equivalent,K,ESTIMABLE,-0.1888247614614955,-0.2078306199171559,-0.1696414540286336,0.0097269795791085,0.0381891658885223,1000.0,0.0
phoenix,28024,2023-06-15,grid_02,0.2,0.3,BLOCK_RANGE_ONLY,1.0,quadratic,temperature,K,ESTIMABLE,1.874490821362794,1.5397391945280303,2.2296847335712555,0.1747510940334163,0.689945539043225,1000.0,0.0
phoenix,28024,2023-06-15,grid_02,0.2,0.3,BLOCK_RANGE_ONLY,1.0,quadratic,emitted_flux,W/m2,ESTIMABLE,15.21775575950164,12.753031425203783,17.899095288053317,1.2991481037514374,5.146063862849532,1000.0,0.0
phoenix,28024,2023-06-15,grid_02,0.2,0.3,BLOCK_RANGE_ONLY,1.0,quadratic,temperature_equivalent,K,ESTIMABLE,2.2956344850904884,1.920384104340688,2.705405465264964,0.1981581221908585,0.785021360924276,1000.0,0.0
phoenix,28024,2023-06-15,grid_02,0.2,0.3,BLOCK_RANGE_ONLY,1.0,quadratic,temperature_minus_equivalent,K,ESTIMABLE,-0.4211436637276944,-0.5237191923111896,-0.319791733629175,0.0530380482149479,0.2039274586820145,1000.0,0.0
phoenix,28024,2023-06-15,grid_02,0.2,0.3,BLOCK_RANGE_ONLY,1.0,quadratic_minus_linear,temperature,K,ESTIMABLE,0.5855741293184753,0.2484119899923065,0.9369796440031508,0.1718331455075623,0.6885676540108444,1000.0,0.0
phoenix,28024,2023-06-15,grid_02,0.2,0.3,BLOCK_RANGE_ONLY,1.0,quadratic_minus_linear,emitted_flux,W/m2,ESTIMABLE,5.3835186614458745,3.037133827141185,8.12924021668704,1.2851405604851371,5.0921063895458545,1000.0,0.0
phoenix,28024,2023-06-15,grid_02,0.2,0.3,BLOCK_RANGE_ONLY,1.0,quadratic_minus_linear,temperature_equivalent,K,ESTIMABLE,0.8178930315846742,0.4605464123053551,1.2367111389119216,0.1960141128200859,0.7761647266065665,1000.0,0.0
phoenix,28024,2023-06-15,grid_02,0.2,0.3,BLOCK_RANGE_ONLY,1.0,quadratic_minus_linear,temperature_minus_equivalent,K,ESTIMABLE,-0.2323189022661989,-0.3354841183879842,-0.1312969037514565,0.0530562936924072,0.2041872146365276,1000.0,0.0
phoenix,28024,2023-06-15,grid_02,0.2,0.3,BLOCK_RANGE_ONLY,8.0,linear,temperature,K,ESTIMABLE,1.2889166920443187,1.1855062353317278,1.4109238866702472,0.0588275923713342,0.2254176513385193,1000.0,0.0
phoenix,28024,2023-06-15,grid_02,0.2,0.3,BLOCK_RANGE_ONLY,8.0,linear,emitted_flux,W/m2,ESTIMABLE,9.834237098055764,8.91230197512006,10.852056954257437,0.5126212044092978,1.9397549791373745,1000.0,0.0
phoenix,28024,2023-06-15,grid_02,0.2,0.3,BLOCK_RANGE_ONLY,8.0,linear,temperature_equivalent,K,ESTIMABLE,1.4777414535058142,1.3383167524251136,1.631883352097084,0.0775837879037214,0.2935665996719705,1000.0,0.0
phoenix,28024,2023-06-15,grid_02,0.2,0.3,BLOCK_RANGE_ONLY,8.0,linear,temperature_minus_equivalent,K,ESTIMABLE,-0.1888247614614955,-0.2389489356894804,-0.141143195472933,0.0256512425003672,0.0978057402165473,1000.0,0.0
phoenix,28024,2023-06-15,grid_02,0.2,0.3,BLOCK_RANGE_ONLY,8.0,quadratic,temperature,K,ESTIMABLE,1.874490821362794,1.3013643719156245,2.576570154845091,0.3304381765685624,1.275205782929467,1000.0,0.0
phoenix,28024,2023-06-15,grid_02,0.2,0.3,BLOCK_RANGE_ONLY,8.0,quadratic,emitted_flux,W/m2,ESTIMABLE,15.21775575950164,10.44420887773113,21.175248676374757,2.6771945059097395,10.731039798643629,1000.0,0.0
phoenix,28024,2023-06-15,grid_02,0.2,0.3,BLOCK_RANGE_ONLY,8.0,quadratic,temperature_equivalent,K,ESTIMABLE,2.2956344850904884,1.5700902080993402,3.2082790985620515,0.4086557383050449,1.638188890462711,1000.0,0.0
phoenix,28024,2023-06-15,grid_02,0.2,0.3,BLOCK_RANGE_ONLY,8.0,quadratic,temperature_minus_equivalent,K,ESTIMABLE,-0.4211436637276944,-0.6489043055105722,-0.2367170884577061,0.1056971134434397,0.4121872170528661,1000.0,0.0
phoenix,28024,2023-06-15,grid_02,0.2,0.3,BLOCK_RANGE_ONLY,8.0,quadratic_minus_linear,temperature,K,ESTIMABLE,0.5855741293184753,-0.0031187344968669,1.2906902268330835,0.3329195805261463,1.2938089613299504,1000.0,0.0
phoenix,28024,2023-06-15,grid_02,0.2,0.3,BLOCK_RANGE_ONLY,8.0,quadratic_minus_linear,emitted_flux,W/m2,ESTIMABLE,5.3835186614458745,0.5187453215035744,11.129493518152154,2.7036952053835384,10.61074819664858,1000.0,0.0
phoenix,28024,2023-06-15,grid_02,0.2,0.3,BLOCK_RANGE_ONLY,8.0,quadratic_minus_linear,temperature_equivalent,K,ESTIMABLE,0.8178930315846742,0.0786542241013862,1.699324088358888,0.412600325963037,1.620669864257502,1000.0,0.0
phoenix,28024,2023-06-15,grid_02,0.2,0.3,BLOCK_RANGE_ONLY,8.0,quadratic_minus_linear,temperature_minus_equivalent,K,ESTIMABLE,-0.2323189022661989,-0.4480907149280713,-0.0518503591817622,0.1023245676038526,0.3962403557463091,1000.0,0.0
phoenix,28024,2023-06-15,grid_03,0.3,0.4,NO_SPANNING_BLOCKS,,,,,NOT_ESTIMATED_NO_REFERENCE_BLOCKS,,,,,,,
phoenix,28024,2023-06-15,grid_04,0.4,0.5,NO_SPANNING_BLOCKS,,,,,NOT_ESTIMATED_NO_REFERENCE_BLOCKS,,,,,,,
phoenix,28024,2023-06-15,grid_05,0.5,0.6,NO_SPANNING_BLOCKS,,,,,NOT_ESTIMATED_NO_REFERENCE_BLOCKS,,,,,,,
phoenix,28024,2023-06-15,grid_06,0.6,0.7,NO_SPANNING_BLOCKS,,,,,NOT_ESTIMATED_NO_REFERENCE_BLOCKS,,,,,,,
phoenix,28024,2023-06-15,grid_07,0.7,0.8,NO_SPANNING_BLOCKS,,,,,NOT_ESTIMATED_NO_REFERENCE_BLOCKS,,,,,,,
phoenix,28024,2023-06-15,grid_08,0.8,0.9,NO_SPANNING_BLOCKS,,,,,NOT_ESTIMATED_NO_REFERENCE_BLOCKS,,,,,,,
phoenix,28024,2023-06-15,grid_09,0.9,1.0,NO_SPANNING_BLOCKS,,,,,NOT_ESTIMATED_NO_REFERENCE_BLOCKS,,,,,,,
phoenix,28085,2023-06-19,near_-0.02,0.0085095386207103,0.1085095386207103,BLOCK_RANGE_ONLY,1.0,linear,temperature,K,ESTIMABLE,1.394945273860558,1.3210154300815191,1.4742562878736458,0.0383967246065163,0.1532408577921264,1000.0,0.0
phoenix,28085,2023-06-19,near_-0.02,0.0085095386207103,0.1085095386207103,BLOCK_RANGE_ONLY,1.0,linear,emitted_flux,W/m2,ESTIMABLE,10.425683766549245,9.822323727896794,11.009790930292551,0.2971946247785346,1.1874672023957569,1000.0,0.0
phoenix,28085,2023-06-19,near_-0.02,0.0085095386207103,0.1085095386207103,BLOCK_RANGE_ONLY,1.0,linear,temperature_equivalent,K,ESTIMABLE,1.5672843298287944,1.4759386012418232,1.6557914708609205,0.0450132485825247,0.179852869619097,1000.0,0.0
phoenix,28085,2023-06-19,near_-0.02,0.0085095386207103,0.1085095386207103,BLOCK_RANGE_ONLY,1.0,linear,temperature_minus_equivalent,K,ESTIMABLE,-0.1723390559682363,-0.2014252548855191,-0.1420366503875746,0.0150429037465516,0.0593886044979445,1000.0,0.0
phoenix,28085,2023-06-19,near_-0.02,0.0085095386207103,0.1085095386207103,BLOCK_RANGE_ONLY,1.0,quadratic,temperature,K,ESTIMABLE,1.374828412216188,1.2983509982934214,1.4547835063461347,0.0386901057809131,0.1564325080527133,1000.0,0.0
phoenix,28085,2023-06-19,near_-0.02,0.0085095386207103,0.1085095386207103,BLOCK_RANGE_ONLY,1.0,quadratic,emitted_flux,W/m2,ESTIMABLE,10.227930166832206,9.621957279543196,10.843675357111731,0.301041085929332,1.2217180775685357,1000.0,0.0
phoenix,28085,2023-06-19,near_-0.02,0.0085095386207103,0.1085095386207103,BLOCK_RANGE_ONLY,1.0,quadratic,temperature_equivalent,K,ESTIMABLE,1.5373366075316426,1.4456217765317405,1.630613085155359,0.0455827733710007,0.1849913086236185,1000.0,0.0
phoenix,28085,2023-06-19,near_-0.02,0.0085095386207103,0.1085095386207103,BLOCK_RANGE_ONLY,1.0,quadratic,temperature_minus_equivalent,K,ESTIMABLE,-0.1625081953154545,-0.1926796450753458,-0.1316326936523839,0.0154900043684488,0.0610469514229619,1000.0,0.0
phoenix,28085,2023-06-19,near_-0.02,0.0085095386207103,0.1085095386207103,BLOCK_RANGE_ONLY,1.0,quadratic_minus_linear,temperature,K,ESTIMABLE,-0.0201168616443701,-0.0283871932691261,-0.0122684481957548,0.0041242999271456,0.0161187450733712,1000.0,0.0
phoenix,28085,2023-06-19,near_-0.02,0.0085095386207103,0.1085095386207103,BLOCK_RANGE_ONLY,1.0,quadratic_minus_linear,emitted_flux,W/m2,ESTIMABLE,-0.1977535997170392,-0.2592936739262773,-0.1386534934198306,0.0313023959579801,0.1206401805064467,1000.0,0.0
phoenix,28085,2023-06-19,near_-0.02,0.0085095386207103,0.1085095386207103,BLOCK_RANGE_ONLY,1.0,quadratic_minus_linear,temperature_equivalent,K,ESTIMABLE,-0.0299477222971518,-0.0392430825150682,-0.0209939287664283,0.0047388742120476,0.0182491537486399,1000.0,0.0
phoenix,28085,2023-06-19,near_-0.02,0.0085095386207103,0.1085095386207103,BLOCK_RANGE_ONLY,1.0,quadratic_minus_linear,temperature_minus_equivalent,K,ESTIMABLE,0.0098308606527817,0.006631721504978,0.0129340162946574,0.0016217498319995,0.0063022947896794,1000.0,0.0
phoenix,28085,2023-06-19,near_-0.02,0.0085095386207103,0.1085095386207103,BLOCK_RANGE_ONLY,8.0,linear,temperature,K,ESTIMABLE,1.394945273860558,1.256854566682278,1.5202140815175238,0.0653161012823309,0.2633595148352459,1000.0,0.0
phoenix,28085,2023-06-19,near_-0.02,0.0085095386207103,0.1085095386207103,BLOCK_RANGE_ONLY,8.0,linear,emitted_flux,W/m2,ESTIMABLE,10.425683766549245,9.43397078910808,11.42739268073738,0.5014515101106889,1.9934218916293,1000.0,0.0
phoenix,28085,2023-06-19,near_-0.02,0.0085095386207103,0.1085095386207103,BLOCK_RANGE_ONLY,8.0,linear,temperature_equivalent,K,ESTIMABLE,1.5672843298287944,1.4171861224962954,1.7191148341695268,0.0759532596582503,0.3019287116732314,1000.0,0.0
phoenix,28085,2023-06-19,near_-0.02,0.0085095386207103,0.1085095386207103,BLOCK_RANGE_ONLY,8.0,linear,temperature_minus_equivalent,K,ESTIMABLE,-0.1723390559682363,-0.2235179765519235,-0.1259500933984602,0.0249737449325142,0.0975678831534632,1000.0,0.0
phoenix,28085,2023-06-19,near_-0.02,0.0085095386207103,0.1085095386207103,BLOCK_RANGE_ONLY,8.0,quadratic,temperature,K,ESTIMABLE,1.374828412216188,1.2393628211999117,1.5037486567210074,0.0674706896635507,0.2643858355210959,1000.0,0.0
phoenix,28085,2023-06-19,near_-0.02,0.0085095386207103,0.1085095386207103,BLOCK_RANGE_ONLY,8.0,quadratic,emitted_flux,W/m2,ESTIMABLE,10.227930166832206,9.208886344635422,11.276193425980434,0.5247931496970706,2.067307081345012,1000.0,0.0
phoenix,28085,2023-06-19,near_-0.02,0.0085095386207103,0.1085095386207103,BLOCK_RANGE_ONLY,8.0,quadratic,temperature_equivalent,K,ESTIMABLE,1.5373366075316426,1.383149051533452,1.6961831829594018,0.0794670807153467,0.3130341314259497,1000.0,0.0
phoenix,28085,2023-06-19,near_-0.02,0.0085095386207103,0.1085095386207103,BLOCK_RANGE_ONLY,8.0,quadratic,temperature_minus_equivalent,K,ESTIMABLE,-0.1625081953154545,-0.2158245619260827,-0.1149018344499026,0.025894857548753,0.1009227274761801,1000.0,0.0
phoenix,28085,2023-06-19,near_-0.02,0.0085095386207103,0.1085095386207103,BLOCK_RANGE_ONLY,8.0,quadratic_minus_linear,temperature,K,ESTIMABLE,-0.0201168616443701,-0.0327610226154364,-0.0054737689586801,0.0070241747118412,0.0272872536567563,1000.0,0.0
phoenix,28085,2023-06-19,near_-0.02,0.0085095386207103,0.1085095386207103,BLOCK_RANGE_ONLY,8.0,quadratic_minus_linear,emitted_flux,W/m2,ESTIMABLE,-0.1977535997170392,-0.3034738866298478,-0.0844560697083438,0.0582157007556247,0.219017816921504,1000.0,0.0
phoenix,28085,2023-06-19,near_-0.02,0.0085095386207103,0.1085095386207103,BLOCK_RANGE_ONLY,8.0,quadratic_minus_linear,temperature_equivalent,K,ESTIMABLE,-0.0299477222971518,-0.045913435169254,-0.0127892124511404,0.0088069583356176,0.0331242227181135,1000.0,0.0
phoenix,28085,2023-06-19,near_-0.02,0.0085095386207103,0.1085095386207103,BLOCK_RANGE_ONLY,8.0,quadratic_minus_linear,temperature_minus_equivalent,K,ESTIMABLE,0.0098308606527817,0.004133987687908,0.016143861655142,0.0030180816127607,0.012009873967234,1000.0,0.0
phoenix,28085,2023-06-19,near_-0.01,0.0185095386207103,0.1185095386207103,BLOCK_RANGE_ONLY,1.0,linear,temperature,K,ESTIMABLE,1.394945273860558,1.3210154300815191,1.4742562878736458,0.0383967246065163,0.1532408577921264,1000.0,0.0
phoenix,28085,2023-06-19,near_-0.01,0.0185095386207103,0.1185095386207103,BLOCK_RANGE_ONLY,1.0,linear,emitted_flux,W/m2,ESTIMABLE,10.425683766549245,9.822323727896794,11.009790930292551,0.2971946247785346,1.1874672023957569,1000.0,0.0
phoenix,28085,2023-06-19,near_-0.01,0.0185095386207103,0.1185095386207103,BLOCK_RANGE_ONLY,1.0,linear,temperature_equivalent,K,ESTIMABLE,1.5672843298287944,1.4759386012418232,1.6557914708609205,0.0450132485825247,0.179852869619097,1000.0,0.0
phoenix,28085,2023-06-19,near_-0.01,0.0185095386207103,0.1185095386207103,BLOCK_RANGE_ONLY,1.0,linear,temperature_minus_equivalent,K,ESTIMABLE,-0.1723390559682363,-0.2014252548855191,-0.1420366503875746,0.0150429037465516,0.0593886044979445,1000.0,0.0
phoenix,28085,2023-06-19,near_-0.01,0.0185095386207103,0.1185095386207103,BLOCK_RANGE_ONLY,1.0,quadratic,temperature,K,ESTIMABLE,1.4308511694960238,1.3562114150045348,1.5090737341744085,0.0386307860736271,0.1528623191698734,1000.0,0.0
phoenix,28085,2023-06-19,near_-0.01,0.0185095386207103,0.1185095386207103,BLOCK_RANGE_ONLY,1.0,quadratic,emitted_flux,W/m2,ESTIMABLE,10.778647376803276,10.201312466220289,11.357000357062285,0.295220283972089,1.155687890841996,1000.0,0.0
phoenix,28085,2023-06-19,near_-0.01,0.0185095386207103,0.1185095386207103,BLOCK_RANGE_ONLY,1.0,quadratic,temperature_equivalent,K,ESTIMABLE,1.620758350953281,1.5333062899741876,1.7084381464588632,0.0447377117000935,0.1751318564846755,1000.0,0.0
phoenix,28085,2023-06-19,near_-0.01,0.0185095386207103,0.1185095386207103,BLOCK_RANGE_ONLY,1.0,quadratic,temperature_minus_equivalent,K,ESTIMABLE,-0.1899071814572572,-0.21807697593716,-0.160680032147672,0.0145730422624316,0.0573969437894879,1000.0,0.0
phoenix,28085,2023-06-19,near_-0.01,0.0185095386207103,0.1185095386207103,BLOCK_RANGE_ONLY,1.0,quadratic_minus_linear,temperature,K,ESTIMABLE,0.0359058956354656,0.020585699696685,0.0535951752906596,0.0081833392645283,0.0330094755939745,1000.0,0.0
phoenix,28085,2023-06-19,near_-0.01,0.0185095386207103,0.1185095386207103,BLOCK_RANGE_ONLY,1.0,quadratic_minus_linear,emitted_flux,W/m2,ESTIMABLE,0.3529636102540312,0.2333331942251533,0.4870187253908259,0.0656543905132531,0.2536855311656726,1000.0,0.0
phoenix,28085,2023-06-19,near_-0.01,0.0185095386207103,0.1185095386207103,BLOCK_RANGE_ONLY,1.0,quadratic_minus_linear,temperature_equivalent,K,ESTIMABLE,0.0534740211244866,0.0353505205774069,0.0737815188308715,0.0099458734232496,0.0384309982534645,1000.0,0.0
phoenix,28085,2023-06-19,near_-0.01,0.0185095386207103,0.1185095386207103,BLOCK_RANGE_ONLY,1.0,quadratic_minus_linear,temperature_minus_equivalent,K,ESTIMABLE,-0.0175681254890209,-0.024477769720059,-0.0113314637199315,0.0033584255694886,0.0131463060001275,1000.0,0.0
phoenix,28085,2023-06-19,near_-0.01,0.0185095386207103,0.1185095386207103,BLOCK_RANGE_ONLY,8.0,linear,temperature,K,ESTIMABLE,1.394945273860558,1.256854566682278,1.5202140815175238,0.0653161012823309,0.2633595148352459,1000.0,0.0
phoenix,28085,2023-06-19,near_-0.01,0.0185095386207103,0.1185095386207103,BLOCK_RANGE_ONLY,8.0,linear,emitted_flux,W/m2,ESTIMABLE,10.425683766549245,9.43397078910808,11.42739268073738,0.5014515101106889,1.9934218916293,1000.0,0.0
phoenix,28085,2023-06-19,near_-0.01,0.0185095386207103,0.1185095386207103,BLOCK_RANGE_ONLY,8.0,linear,temperature_equivalent,K,ESTIMABLE,1.5672843298287944,1.4171861224962954,1.7191148341695268,0.0759532596582503,0.3019287116732314,1000.0,0.0
phoenix,28085,2023-06-19,near_-0.01,0.0185095386207103,0.1185095386207103,BLOCK_RANGE_ONLY,8.0,linear,temperature_minus_equivalent,K,ESTIMABLE,-0.1723390559682363,-0.2235179765519235,-0.1259500933984602,0.0249737449325142,0.0975678831534632,1000.0,0.0
phoenix,28085,2023-06-19,near_-0.01,0.0185095386207103,0.1185095386207103,BLOCK_RANGE_ONLY,8.0,quadratic,temperature,K,ESTIMABLE,1.4308511694960238,1.2909171742845107,1.5705091914291442,0.0699423841075768,0.2795920171446335,1000.0,0.0
phoenix,28085,2023-06-19,near_-0.01,0.0185095386207103,0.1185095386207103,BLOCK_RANGE_ONLY,8.0,quadratic,emitted_flux,W/m2,ESTIMABLE,10.778647376803276,9.738377881328365,11.881209074886277,0.5396187534979514,2.142831193557912,1000.0,0.0
phoenix,28085,2023-06-19,near_-0.01,0.0185095386207103,0.1185095386207103,BLOCK_RANGE_ONLY,8.0,quadratic,temperature_equivalent,K,ESTIMABLE,1.620758350953281,1.4632359450168593,1.7879732299366708,0.0817788613840565,0.3247372849198116,1000.0,0.0
phoenix,28085,2023-06-19,near_-0.01,0.0185095386207103,0.1185095386207103,BLOCK_RANGE_ONLY,8.0,quadratic,temperature_minus_equivalent,K,ESTIMABLE,-0.1899071814572572,-0.2440108983154774,-0.1419887299412451,0.025414102259244,0.1020221683742322,1000.0,0.0
phoenix,28085,2023-06-19,near_-0.01,0.0185095386207103,0.1185095386207103,BLOCK_RANGE_ONLY,8.0,quadratic_minus_linear,temperature,K,ESTIMABLE,0.0359058956354656,0.0057594923754202,0.0787401025374929,0.0181689717915433,0.0729806101620727,1000.0,0.0
phoenix,28085,2023-06-19,near_-0.01,0.0185095386207103,0.1185095386207103,BLOCK_RANGE_ONLY,8.0,quadratic_minus_linear,emitted_flux,W/m2,ESTIMABLE,0.3529636102540312,0.112921767542075,0.7068368071449722,0.1500468123381075,0.5939150396028972,1000.0,0.0
phoenix,28085,2023-06-19,near_-0.01,0.0185095386207103,0.1185095386207103,BLOCK_RANGE_ONLY,8.0,quadratic_minus_linear,temperature_equivalent,K,ESTIMABLE,0.0534740211244866,0.0170966173168281,0.1073402645779182,0.0227451437738785,0.0902436472610901,1000.0,0.0
phoenix,28085,2023-06-19,near_-0.01,0.0185095386207103,0.1185095386207103,BLOCK_RANGE_ONLY,8.0,quadratic_minus_linear,temperature_minus_equivalent,K,ESTIMABLE,-0.0175681254890209,-0.0305913570432131,-0.0089894357603387,0.005624775608855,0.0216019212828743,1000.0,0.0
phoenix,28085,2023-06-19,historical,0.0285095386207103,0.1285095386207103,BLOCK_RANGE_ONLY,1.0,linear,temperature,K,ESTIMABLE,1.394945273860558,1.3210154300815191,1.4742562878736458,0.0383967246065163,0.1532408577921264,1000.0,0.0
phoenix,28085,2023-06-19,historical,0.0285095386207103,0.1285095386207103,BLOCK_RANGE_ONLY,1.0,linear,emitted_flux,W/m2,ESTIMABLE,10.425683766549245,9.822323727896794,11.009790930292551,0.2971946247785346,1.1874672023957569,1000.0,0.0
phoenix,28085,2023-06-19,historical,0.0285095386207103,0.1285095386207103,BLOCK_RANGE_ONLY,1.0,linear,temperature_equivalent,K,ESTIMABLE,1.5672843298287944,1.4759386012418232,1.6557914708609205,0.0450132485825247,0.179852869619097,1000.0,0.0
phoenix,28085,2023-06-19,historical,0.0285095386207103,0.1285095386207103,BLOCK_RANGE_ONLY,1.0,linear,temperature_minus_equivalent,K,ESTIMABLE,-0.1723390559682363,-0.2014252548855191,-0.1420366503875746,0.0150429037465516,0.0593886044979445,1000.0,0.0
phoenix,28085,2023-06-19,historical,0.0285095386207103,0.1285095386207103,BLOCK_RANGE_ONLY,1.0,quadratic,temperature,K,ESTIMABLE,1.4868739267758595,1.407313029913598,1.5709598872040798,0.0418941391104561,0.1636468572904819,1000.0,0.0
phoenix,28085,2023-06-19,historical,0.0285095386207103,0.1285095386207103,BLOCK_RANGE_ONLY,1.0,quadratic,emitted_flux,W/m2,ESTIMABLE,11.32936458677435,10.739262054131014,11.926219958451965,0.3148672894665922,1.1869579043209502,1000.0,0.0
phoenix,28085,2023-06-19,historical,0.0285095386207103,0.1285095386207103,BLOCK_RANGE_ONLY,1.0,quadratic,temperature_equivalent,K,ESTIMABLE,1.704246816540376,1.614790112894768,1.794805291297348,0.0477537353933042,0.18001517840258,1000.0,0.0
phoenix,28085,2023-06-19,historical,0.0285095386207103,0.1285095386207103,BLOCK_RANGE_ONLY,1.0,quadratic,temperature_minus_equivalent,K,ESTIMABLE,-0.2173728897645166,-0.2478134753636814,-0.188392793616011,0.0150396007067769,0.0594206817476703,1000.0,0.0
phoenix,28085,2023-06-19,historical,0.0285095386207103,0.1285095386207103,BLOCK_RANGE_ONLY,1.0,quadratic_minus_linear,temperature,K,ESTIMABLE,0.0919286529153013,0.0547253684440128,0.133200311293097,0.0196033707550383,0.0784749428490842,1000.0,0.0
phoenix,28085,2023-06-19,historical,0.0285095386207103,0.1285095386207103,BLOCK_RANGE_ONLY,1.0,quadratic_minus_linear,emitted_flux,W/m2,ESTIMABLE,0.9036808202251052,0.6198841404887327,1.2044925765322425,0.151981154262796,0.5846084360435098,1000.0,0.0
phoenix,28085,2023-06-19,historical,0.0285095386207103,0.1285095386207103,BLOCK_RANGE_ONLY,1.0,quadratic_minus_linear,temperature_equivalent,K,ESTIMABLE,0.1369624867115817,0.0939145207965879,0.1825824033599658,0.0230416045272756,0.0886678825633779,1000.0,0.0
phoenix,28085,2023-06-19,historical,0.0285095386207103,0.1285095386207103,BLOCK_RANGE_ONLY,1.0,quadratic_minus_linear,temperature_minus_equivalent,K,ESTIMABLE,-0.0450338337962803,-0.0606121043611307,-0.0299778275366332,0.0078358229463672,0.0306342768244974,1000.0,0.0
phoenix,28085,2023-06-19,historical,0.0285095386207103,0.1285095386207103,BLOCK_RANGE_ONLY,8.0,linear,temperature,K,ESTIMABLE,1.394945273860558,1.256854566682278,1.5202140815175238,0.0653161012823309,0.2633595148352459,1000.0,0.0
phoenix,28085,2023-06-19,historical,0.0285095386207103,0.1285095386207103,BLOCK_RANGE_ONLY,8.0,linear,emitted_flux,W/m2,ESTIMABLE,10.425683766549245,9.43397078910808,11.42739268073738,0.5014515101106889,1.9934218916293,1000.0,0.0
phoenix,28085,2023-06-19,historical,0.0285095386207103,0.1285095386207103,BLOCK_RANGE_ONLY,8.0,linear,temperature_equivalent,K,ESTIMABLE,1.5672843298287944,1.4171861224962954,1.7191148341695268,0.0759532596582503,0.3019287116732314,1000.0,0.0
phoenix,28085,2023-06-19,historical,0.0285095386207103,0.1285095386207103,BLOCK_RANGE_ONLY,8.0,linear,temperature_minus_equivalent,K,ESTIMABLE,-0.1723390559682363,-0.2235179765519235,-0.1259500933984602,0.0249737449325142,0.0975678831534632,1000.0,0.0
phoenix,28085,2023-06-19,historical,0.0285095386207103,0.1285095386207103,BLOCK_RANGE_ONLY,8.0,quadratic,temperature,K,ESTIMABLE,1.4868739267758595,1.3363815065474227,1.646115852729718,0.0783681821149576,0.3097343461822952,1000.0,0.0
phoenix,28085,2023-06-19,historical,0.0285095386207103,0.1285095386207103,BLOCK_RANGE_ONLY,8.0,quadratic,emitted_flux,W/m2,ESTIMABLE,11.32936458677435,10.200194782831716,12.570787377966738,0.5999769782197057,2.3705925951350206,1000.0,0.0
phoenix,28085,2023-06-19,historical,0.0285095386207103,0.1285095386207103,BLOCK_RANGE_ONLY,8.0,quadratic,temperature_equivalent,K,ESTIMABLE,1.704246816540376,1.533137059519352,1.8926912898691728,0.0910004090833126,0.3595542303498207,1000.0,0.0
phoenix,28085,2023-06-19,historical,0.0285095386207103,0.1285095386207103,BLOCK_RANGE_ONLY,8.0,quadratic,temperature_minus_equivalent,K,ESTIMABLE,-0.2173728897645166,-0.2758884222266372,-0.1671950610894096,0.0261714550095609,0.1086933611372275,1000.0,0.0
phoenix,28085,2023-06-19,historical,0.0285095386207103,0.1285095386207103,BLOCK_RANGE_ONLY,8.0,quadratic_minus_linear,temperature,K,ESTIMABLE,0.0919286529153013,0.0193131497632,0.1731279983507687,0.0389984074535876,0.1538148485875687,1000.0,0.0
phoenix,28085,2023-06-19,historical,0.0285095386207103,0.1285095386207103,BLOCK_RANGE_ONLY,8.0,quadratic_minus_linear,emitted_flux,W/m2,ESTIMABLE,0.9036808202251052,0.3497162429387362,1.5550079398948622,0.3076401308029263,1.205291696956126,1000.0,0.0
phoenix,28085,2023-06-19,historical,0.0285095386207103,0.1285095386207103,BLOCK_RANGE_ONLY,8.0,quadratic_minus_linear,temperature_equivalent,K,ESTIMABLE,0.1369624867115817,0.0530408900729199,0.2358983875834454,0.0466664050651819,0.1828574975105254,1000.0,0.0
phoenix,28085,2023-06-19,historical,0.0285095386207103,0.1285095386207103,BLOCK_RANGE_ONLY,8.0,quadratic_minus_linear,temperature_minus_equivalent,K,ESTIMABLE,-0.0450338337962803,-0.0688029962337281,-0.0262912594575289,0.0108692429603513,0.0425117367761992,1000.0,0.0
phoenix,28085,2023-06-19,near_+0.01,0.0385095386207103,0.1385095386207104,BLOCK_RANGE_ONLY,1.0,linear,temperature,K,ESTIMABLE,1.394945273860558,1.3210154300815191,1.4742562878736458,0.0383967246065163,0.1532408577921264,1000.0,0.0
phoenix,28085,2023-06-19,near_+0.01,0.0385095386207103,0.1385095386207104,BLOCK_RANGE_ONLY,1.0,linear,emitted_flux,W/m2,ESTIMABLE,10.425683766549245,9.822323727896794,11.009790930292551,0.2971946247785346,1.1874672023957569,1000.0,0.0
phoenix,28085,2023-06-19,near_+0.01,0.0385095386207103,0.1385095386207104,BLOCK_RANGE_ONLY,1.0,linear,temperature_equivalent,K,ESTIMABLE,1.5672843298287944,1.4759386012418232,1.6557914708609205,0.0450132485825247,0.179852869619097,1000.0,0.0
phoenix,28085,2023-06-19,near_+0.01,0.0385095386207103,0.1385095386207104,BLOCK_RANGE_ONLY,1.0,linear,temperature_minus_equivalent,K,ESTIMABLE,-0.1723390559682363,-0.2014252548855191,-0.1420366503875746,0.0150429037465516,0.0593886044979445,1000.0,0.0
phoenix,28085,2023-06-19,near_+0.01,0.0385095386207103,0.1385095386207104,BLOCK_RANGE_ONLY,1.0,quadratic,temperature,K,ESTIMABLE,1.542896684055695,1.454512948105922,1.6382071001698395,0.0478044774342106,0.1836941520639174,1000.0,0.0
phoenix,28085,2023-06-19,near_+0.01,0.0385095386207103,0.1385095386207104,BLOCK_RANGE_ONLY,1.0,quadratic,emitted_flux,W/m2,ESTIMABLE,11.880081796745422,11.199226253294556,12.542976687030094,0.3557877416943212,1.3437504337355382,1000.0,0.0
phoenix,28085,2023-06-19,near_+0.01,0.0385095386207103,0.1385095386207104,BLOCK_RANGE_ONLY,1.0,quadratic,temperature_equivalent,K,ESTIMABLE,1.7878021289454296,1.684511880450549,1.8884659755100173,0.0540035014518522,0.2039540950594682,1000.0,0.0
phoenix,28085,2023-06-19,near_+0.01,0.0385095386207103,0.1385095386207104,BLOCK_RANGE_ONLY,1.0,quadratic,temperature_minus_equivalent,K,ESTIMABLE,-0.2449054448897345,-0.2786492266406091,-0.2127802936358901,0.0167839621345909,0.065868933004719,1000.0,0.0
phoenix,28085,2023-06-19,near_+0.01,0.0385095386207103,0.1385095386207104,BLOCK_RANGE_ONLY,1.0,quadratic_minus_linear,temperature,K,ESTIMABLE,0.1479514101951369,0.0887350213938463,0.2127185956341839,0.0311285264703038,0.1239835742403376,1000.0,0.0
phoenix,28085,2023-06-19,near_+0.01,0.0385095386207103,0.1385095386207104,BLOCK_RANGE_ONLY,1.0,quadratic_minus_linear,emitted_flux,W/m2,ESTIMABLE,1.4543980301961774,1.001151527765717,1.9211463942603388,0.2394643120902679,0.9199948664946218,1000.0,0.0
phoenix,28085,2023-06-19,near_+0.01,0.0385095386207103,0.1385095386207104,BLOCK_RANGE_ONLY,1.0,quadratic_minus_linear,temperature_equivalent,K,ESTIMABLE,0.2205177991166351,0.1517042419155999,0.291136411443675,0.0363340451349908,0.1394321695280751,1000.0,0.0
phoenix,28085,2023-06-19,near_+0.01,0.0385095386207103,0.1385095386207104,BLOCK_RANGE_ONLY,1.0,quadratic_minus_linear,temperature_minus_equivalent,K,ESTIMABLE,-0.0725663889214982,-0.0968707851218566,-0.0488408571290231,0.012381707751997,0.0480299279928335,1000.0,0.0
phoenix,28085,2023-06-19,near_+0.01,0.0385095386207103,0.1385095386207104,BLOCK_RANGE_ONLY,8.0,linear,temperature,K,ESTIMABLE,1.394945273860558,1.256854566682278,1.5202140815175238,0.0653161012823309,0.2633595148352459,1000.0,0.0
phoenix,28085,2023-06-19,near_+0.01,0.0385095386207103,0.1385095386207104,BLOCK_RANGE_ONLY,8.0,linear,emitted_flux,W/m2,ESTIMABLE,10.425683766549245,9.43397078910808,11.42739268073738,0.5014515101106889,1.9934218916293,1000.0,0.0
phoenix,28085,2023-06-19,near_+0.01,0.0385095386207103,0.1385095386207104,BLOCK_RANGE_ONLY,8.0,linear,temperature_equivalent,K,ESTIMABLE,1.5672843298287944,1.4171861224962954,1.7191148341695268,0.0759532596582503,0.3019287116732314,1000.0,0.0
phoenix,28085,2023-06-19,near_+0.01,0.0385095386207103,0.1385095386207104,BLOCK_RANGE_ONLY,8.0,linear,temperature_minus_equivalent,K,ESTIMABLE,-0.1723390559682363,-0.2235179765519235,-0.1259500933984602,0.0249737449325142,0.0975678831534632,1000.0,0.0
phoenix,28085,2023-06-19,near_+0.01,0.0385095386207103,0.1385095386207104,BLOCK_RANGE_ONLY,8.0,quadratic,temperature,K,ESTIMABLE,1.542896684055695,1.372565029381632,1.725207352461272,0.0911109136367824,0.35264232307964,1000.0,0.0
phoenix,28085,2023-06-19,near_+0.01,0.0385095386207103,0.1385095386207104,BLOCK_RANGE_ONLY,8.0,quadratic,emitted_flux,W/m2,ESTIMABLE,11.880081796745422,10.593624159900909,13.329711782934984,0.6940891698981271,2.736087623034077,1000.0,0.0
phoenix,28085,2023-06-19,near_+0.01,0.0385095386207103,0.1385095386207104,BLOCK_RANGE_ONLY,8.0,quadratic,temperature_equivalent,K,ESTIMABLE,1.7878021289454296,1.592723914236153,2.00806178607517,0.1053609985425735,0.415337871839017,1000.0,0.0
phoenix,28085,2023-06-19,near_+0.01,0.0385095386207103,0.1385095386207104,BLOCK_RANGE_ONLY,8.0,quadratic,temperature_minus_equivalent,K,ESTIMABLE,-0.2449054448897345,-0.306167760656676,-0.1901603929964866,0.0280835497360493,0.1160073676601893,1000.0,0.0
phoenix,28085,2023-06-19,near_+0.01,0.0385095386207103,0.1385095386207104,BLOCK_RANGE_ONLY,8.0,quadratic_minus_linear,temperature,K,ESTIMABLE,0.1479514101951369,0.0318938724976439,0.269219836404893,0.060179994800971,0.237325963907249,1000.0,0.0
phoenix,28085,2023-06-19,near_+0.01,0.0385095386207103,0.1385095386207104,BLOCK_RANGE_ONLY,8.0,quadratic_minus_linear,emitted_flux,W/m2,ESTIMABLE,1.4543980301961774,0.5814256611397475,2.423843080354476,0.4688008963060027,1.842417419214729,1000.0,0.0
phoenix,28085,2023-06-19,near_+0.01,0.0385095386207103,0.1385095386207104,BLOCK_RANGE_ONLY,8.0,quadratic_minus_linear,temperature_equivalent,K,ESTIMABLE,0.2205177991166351,0.088093990210686,0.3678715071131421,0.0711677207837709,0.2797775169024561,1000.0,0.0
phoenix,28085,2023-06-19,near_+0.01,0.0385095386207103,0.1385095386207104,BLOCK_RANGE_ONLY,8.0,quadratic_minus_linear,temperature_minus_equivalent,K,ESTIMABLE,-0.0725663889214982,-0.1075263812297831,-0.0431056631157119,0.0164180789695307,0.0644207181140712,1000.0,0.0
phoenix,28085,2023-06-19,near_+0.02,0.0485095386207103,0.1485095386207103,BLOCK_RANGE_ONLY,1.0,linear,temperature,K,ESTIMABLE,1.394945273860558,1.3210154300815191,1.4742562878736456,0.0383967246065163,0.1532408577921264,1000.0,0.0
phoenix,28085,2023-06-19,near_+0.02,0.0485095386207103,0.1485095386207103,BLOCK_RANGE_ONLY,1.0,linear,emitted_flux,W/m2,ESTIMABLE,10.425683766549245,9.822323727896794,11.00979093029255,0.2971946247785345,1.187467202395755,1000.0,0.0
phoenix,28085,2023-06-19,near_+0.02,0.0485095386207103,0.1485095386207103,BLOCK_RANGE_ONLY,1.0,linear,temperature_equivalent,K,ESTIMABLE,1.5672843298287944,1.4759386012418232,1.6557914708609205,0.0450132485825247,0.179852869619097,1000.0,0.0
phoenix,28085,2023-06-19,near_+0.02,0.0485095386207103,0.1485095386207103,BLOCK_RANGE_ONLY,1.0,linear,temperature_minus_equivalent,K,ESTIMABLE,-0.1723390559682365,-0.2014252548855193,-0.1420366503875748,0.0150429037465517,0.0593886044979445,1000.0,0.0
phoenix,28085,2023-06-19,near_+0.02,0.0485095386207103,0.1485095386207103,BLOCK_RANGE_ONLY,1.0,quadratic,temperature,K,ESTIMABLE,1.5989194413355303,1.497035060724293,1.7118840508401427,0.0555228344514349,0.2148489901158496,1000.0,0.0
phoenix,28085,2023-06-19,near_+0.02,0.0485095386207103,0.1485095386207103,BLOCK_RANGE_ONLY,1.0,quadratic,emitted_flux,W/m2,ESTIMABLE,12.430799006716493,11.64652480969314,13.21379009444208,0.4116862124971878,1.567265284748938,1000.0,0.0
phoenix,28085,2023-06-19,near_+0.02,0.0485095386207103,0.1485095386207103,BLOCK_RANGE_ONLY,1.0,quadratic,temperature_equivalent,K,ESTIMABLE,1.871424413187469,1.7523584806822996,1.9904312909104291,0.0625385386994203,0.2380728102281295,1000.0,0.0
phoenix,28085,2023-06-19,near_+0.02,0.0485095386207103,0.1485095386207103,BLOCK_RANGE_ONLY,1.0,quadratic,temperature_minus_equivalent,K,ESTIMABLE,-0.2725049718519388,-0.3105412949256841,-0.2348405164443686,0.0194737266340633,0.0757007784813154,1000.0,0.0
phoenix,28085,2023-06-19,near_+0.02,0.0485095386207103,0.1485095386207103,BLOCK_RANGE_ONLY,1.0,quadratic_minus_linear,temperature,K,ESTIMABLE,0.2039741674749726,0.1225857868825973,0.2922228234042384,0.0426737165861742,0.169637036521641,1000.0,0.0
phoenix,28085,2023-06-19,near_+0.02,0.0485095386207103,0.1485095386207103,BLOCK_RANGE_ONLY,1.0,quadratic_minus_linear,emitted_flux,W/m2,ESTIMABLE,2.0051152401672496,1.3823553969624869,2.6401762666868565,0.3271775596447698,1.2578208697243696,1000.0,0.0
phoenix,28085,2023-06-19,near_+0.02,0.0485095386207103,0.1485095386207103,BLOCK_RANGE_ONLY,1.0,quadratic_minus_linear,temperature_equivalent,K,ESTIMABLE,0.3041400833586749,0.2095259816617485,0.400632996600703,0.0496829167951001,0.1911070149389545,1000.0,0.0
phoenix,28085,2023-06-19,near_+0.02,0.0485095386207103,0.1485095386207103,BLOCK_RANGE_ONLY,1.0,quadratic_minus_linear,temperature_minus_equivalent,K,ESTIMABLE,-0.1001659158837022,-0.1333386343713737,-0.0678456224260178,0.0169503998679299,0.0654930119453559,1000.0,0.0
phoenix,28085,2023-06-19,near_+0.02,0.0485095386207103,0.1485095386207103,BLOCK_RANGE_ONLY,8.0,linear,temperature,K,ESTIMABLE,1.394945273860558,1.2568545666822777,1.5202140815175236,0.0653161012823309,0.2633595148352459,1000.0,0.0
phoenix,28085,2023-06-19,near_+0.02,0.0485095386207103,0.1485095386207103,BLOCK_RANGE_ONLY,8.0,linear,emitted_flux,W/m2,ESTIMABLE,10.425683766549245,9.43397078910808,11.42739268073738,0.5014515101106887,1.993421891629298,1000.0,0.0
phoenix,28085,2023-06-19,near_+0.02,0.0485095386207103,0.1485095386207103,BLOCK_RANGE_ONLY,8.0,linear,temperature_equivalent,K,ESTIMABLE,1.5672843298287944,1.4171861224962954,1.7191148341695268,0.0759532596582501,0.3019287116732314,1000.0,0.0
phoenix,28085,2023-06-19,near_+0.02,0.0485095386207103,0.1485095386207103,BLOCK_RANGE_ONLY,8.0,linear,temperature_minus_equivalent,K,ESTIMABLE,-0.1723390559682365,-0.2235179765519237,-0.1259500933984604,0.0249737449325141,0.0975678831534632,1000.0,0.0
phoenix,28085,2023-06-19,near_+0.02,0.0485095386207103,0.1485095386207103,BLOCK_RANGE_ONLY,8.0,quadratic,temperature,K,ESTIMABLE,1.5989194413355303,1.4011138532467131,1.804087354112923,0.1066340327561047,0.4029735008662098,1000.0,0.0
phoenix,28085,2023-06-19,near_+0.02,0.0485095386207103,0.1485095386207103,BLOCK_RANGE_ONLY,8.0,quadratic,emitted_flux,W/m2,ESTIMABLE,12.430799006716493,10.90637459175888,14.045229172581305,0.8102781024162925,3.1388545808224215,1000.0,0.0
phoenix,28085,2023-06-19,near_+0.02,0.0485095386207103,0.1485095386207103,BLOCK_RANGE_ONLY,8.0,quadratic,temperature_equivalent,K,ESTIMABLE,1.871424413187469,1.6401157895457614,2.1169506672356704,0.1230993947847561,0.4768348776899089,1000.0,0.0
phoenix,28085,2023-06-19,near_+0.02,0.0485095386207103,0.1485095386207103,BLOCK_RANGE_ONLY,8.0,quadratic,temperature_minus_equivalent,K,ESTIMABLE,-0.2725049718519388,-0.3406246698716341,-0.2130471389922935,0.0309523811426072,0.1275775308793405,1000.0,0.0
phoenix,28085,2023-06-19,near_+0.02,0.0485095386207103,0.1485095386207103,BLOCK_RANGE_ONLY,8.0,quadratic_minus_linear,temperature,K,ESTIMABLE,0.2039741674749726,0.0439170405540396,0.3652814449434422,0.081439422314678,0.3213644043894026,1000.0,0.0
phoenix,28085,2023-06-19,near_+0.02,0.0485095386207103,0.1485095386207103,BLOCK_RANGE_ONLY,8.0,quadratic_minus_linear,emitted_flux,W/m2,ESTIMABLE,2.0051152401672496,0.8108433768365584,3.2889014502941887,0.6308007108298438,2.47805807345763,1000.0,0.0
phoenix,28085,2023-06-19,near_+0.02,0.0485095386207103,0.1485095386207103,BLOCK_RANGE_ONLY,8.0,quadratic_minus_linear,temperature_equivalent,K,ESTIMABLE,0.3041400833586749,0.122870731845559,0.4991423445304035,0.0958368269756655,0.3762716126848445,1000.0,0.0
phoenix,28085,2023-06-19,near_+0.02,0.0485095386207103,0.1485095386207103,BLOCK_RANGE_ONLY,8.0,quadratic_minus_linear,temperature_minus_equivalent,K,ESTIMABLE,-0.1001659158837022,-0.1471858426385295,-0.0599273020841206,0.0220641939479798,0.0872585405544088,1000.0,0.0
phoenix,28085,2023-06-19,grid_00,0.0,0.1,BLOCK_RANGE_ONLY,1.0,linear,temperature,K,ESTIMABLE,1.394945273860558,1.3210154300815191,1.4742562878736458,0.0383967246065163,0.1532408577921264,1000.0,0.0
phoenix,28085,2023-06-19,grid_00,0.0,0.1,BLOCK_RANGE_ONLY,1.0,linear,emitted_flux,W/m2,ESTIMABLE,10.425683766549245,9.822323727896794,11.009790930292551,0.2971946247785346,1.1874672023957569,1000.0,0.0
phoenix,28085,2023-06-19,grid_00,0.0,0.1,BLOCK_RANGE_ONLY,1.0,linear,temperature_equivalent,K,ESTIMABLE,1.5672843298287944,1.4759386012418232,1.6557914708609205,0.0450132485825247,0.179852869619097,1000.0,0.0
phoenix,28085,2023-06-19,grid_00,0.0,0.1,BLOCK_RANGE_ONLY,1.0,linear,temperature_minus_equivalent,K,ESTIMABLE,-0.1723390559682363,-0.2014252548855191,-0.1420366503875746,0.0150429037465516,0.0593886044979445,1000.0,0.0
phoenix,28085,2023-06-19,grid_00,0.0,0.1,BLOCK_RANGE_ONLY,1.0,quadratic,temperature,K,ESTIMABLE,1.3271556305450436,1.243358692390014,1.4076292847167056,0.0413689466966075,0.1642705923266916,1000.0,0.0
phoenix,28085,2023-06-19,grid_00,0.0,0.1,BLOCK_RANGE_ONLY,1.0,quadratic,emitted_flux,W/m2,ESTIMABLE,9.759295230098337,9.083789630260512,10.367309567258134,0.3251956705114119,1.283519936997623,1000.0,0.0
phoenix,28085,2023-06-19,grid_00,0.0,0.1,BLOCK_RANGE_ONLY,1.0,quadratic,temperature_equivalent,K,ESTIMABLE,1.4664010060097894,1.3642368305451371,1.558443272307349,0.0492062788937586,0.1942064417622118,1000.0,0.0
phoenix,28085,2023-06-19,grid_00,0.0,0.1,BLOCK_RANGE_ONLY,1.0,quadratic,temperature_minus_equivalent,K,ESTIMABLE,-0.1392453754647458,-0.174631420021863,-0.1060453920683401,0.0171975938139034,0.0685860279535229,1000.0,0.0
phoenix,28085,2023-06-19,grid_00,0.0,0.1,BLOCK_RANGE_ONLY,1.0,quadratic_minus_linear,temperature,K,ESTIMABLE,-0.0677896433155145,-0.0943516645945082,-0.0413501513655226,0.0136037134774751,0.0530015132289855,1000.0,0.0
phoenix,28085,2023-06-19,grid_00,0.0,0.1,BLOCK_RANGE_ONLY,1.0,quadratic_minus_linear,emitted_flux,W/m2,ESTIMABLE,-0.6663885364509099,-0.8573422644634073,-0.4703045537950018,0.1015808521341778,0.3870377106684055,1000.0,0.0
phoenix,28085,2023-06-19,grid_00,0.0,0.1,BLOCK_RANGE_ONLY,1.0,quadratic_minus_linear,temperature_equivalent,K,ESTIMABLE,-0.100883323819005,-0.1297083912846133,-0.0712146402167619,0.0153656741173576,0.0584937510678514,1000.0,0.0
phoenix,28085,2023-06-19,grid_00,0.0,0.1,BLOCK_RANGE_ONLY,1.0,quadratic_minus_linear,temperature_minus_equivalent,K,ESTIMABLE,0.0330936805034904,0.0227547675043491,0.0428120225321718,0.0052630312236596,0.0200572550278227,1000.0,0.0
phoenix,28085,2023-06-19,grid_00,0.0,0.1,BLOCK_RANGE_ONLY,8.0,linear,temperature,K,ESTIMABLE,1.394945273860558,1.256854566682278,1.5202140815175238,0.0653161012823309,0.2633595148352459,1000.0,0.0
phoenix,28085,2023-06-19,grid_00,0.0,0.1,BLOCK_RANGE_ONLY,8.0,linear,emitted_flux,W/m2,ESTIMABLE,10.425683766549245,9.43397078910808,11.42739268073738,0.5014515101106889,1.9934218916293,1000.0,0.0
phoenix,28085,2023-06-19,grid_00,0.0,0.1,BLOCK_RANGE_ONLY,8.0,linear,temperature_equivalent,K,ESTIMABLE,1.5672843298287944,1.4171861224962954,1.7191148341695268,0.0759532596582503,0.3019287116732314,1000.0,0.0
phoenix,28085,2023-06-19,grid_00,0.0,0.1,BLOCK_RANGE_ONLY,8.0,linear,temperature_minus_equivalent,K,ESTIMABLE,-0.1723390559682363,-0.2235179765519235,-0.1259500933984602,0.0249737449325142,0.0975678831534632,1000.0,0.0
phoenix,28085,2023-06-19,grid_00,0.0,0.1,BLOCK_RANGE_ONLY,8.0,quadratic,temperature,K,ESTIMABLE,1.3271556305450436,1.1830565226909984,1.4617588923112392,0.0705685947145536,0.2787023696202408,1000.0,0.0
phoenix,28085,2023-06-19,grid_00,0.0,0.1,BLOCK_RANGE_ONLY,8.0,quadratic,emitted_flux,W/m2,ESTIMABLE,9.759295230098337,8.698894413572887,10.872787106487602,0.5511093828376615,2.1738926929147144,1000.0,0.0
phoenix,28085,2023-06-19,grid_00,0.0,0.1,BLOCK_RANGE_ONLY,8.0,quadratic,temperature_equivalent,K,ESTIMABLE,1.4664010060097894,1.3060695270026912,1.6350251577068733,0.0833937834277003,0.3289556307041821,1000.0,0.0
phoenix,28085,2023-06-19,grid_00,0.0,0.1,BLOCK_RANGE_ONLY,8.0,quadratic,temperature_minus_equivalent,K,ESTIMABLE,-0.1392453754647458,-0.1935801544532191,-0.0879639587935716,0.0272220055180005,0.1056161956596475,1000.0,0.0
phoenix,28085,2023-06-19,grid_00,0.0,0.1,BLOCK_RANGE_ONLY,8.0,quadratic_minus_linear,temperature,K,ESTIMABLE,-0.0677896433155145,-0.1099924972359554,-0.0165207169423591,0.0229579575036307,0.0934717802935963,1000.0,0.0
phoenix,28085,2023-06-19,grid_00,0.0,0.1,BLOCK_RANGE_ONLY,8.0,quadratic_minus_linear,emitted_flux,W/m2,ESTIMABLE,-0.6663885364509099,-0.9688140554884128,-0.3149695474067864,0.1698729377822057,0.6538445080816263,1000.0,0.0
phoenix,28085,2023-06-19,grid_00,0.0,0.1,BLOCK_RANGE_ONLY,8.0,quadratic_minus_linear,temperature_equivalent,K,ESTIMABLE,-0.100883323819005,-0.1465103583355088,-0.0477334786111171,0.0256929186245345,0.0987768797243916,1000.0,0.0
phoenix,28085,2023-06-19,grid_00,0.0,0.1,BLOCK_RANGE_ONLY,8.0,quadratic_minus_linear,temperature_minus_equivalent,K,ESTIMABLE,0.0330936805034904,0.0208281669604208,0.0456447146789971,0.006295026827261,0.0248165477185763,1000.0,0.0
phoenix,28085,2023-06-19,grid_01,0.1,0.2,BLOCK_RANGE_ONLY,1.0,linear,temperature,K,ESTIMABLE,1.394945273860558,1.3210154300815191,1.4742562878736458,0.0383967246065163,0.1532408577921264,1000.0,0.0
phoenix,28085,2023-06-19,grid_01,0.1,0.2,BLOCK_RANGE_ONLY,1.0,linear,emitted_flux,W/m2,ESTIMABLE,10.425683766549245,9.822323727896794,11.009790930292551,0.2971946247785346,1.1874672023957569,1000.0,0.0
phoenix,28085,2023-06-19,grid_01,0.1,0.2,BLOCK_RANGE_ONLY,1.0,linear,temperature_equivalent,K,ESTIMABLE,1.5672843298287944,1.4759386012418232,1.6557914708609205,0.0450132485825247,0.179852869619097,1000.0,0.0
phoenix,28085,2023-06-19,grid_01,0.1,0.2,BLOCK_RANGE_ONLY,1.0,linear,temperature_minus_equivalent,K,ESTIMABLE,-0.1723390559682363,-0.2014252548855191,-0.1420366503875746,0.0150429037465516,0.0593886044979445,1000.0,0.0
phoenix,28085,2023-06-19,grid_01,0.1,0.2,BLOCK_RANGE_ONLY,1.0,quadratic,temperature,K,ESTIMABLE,1.8873832033434,1.6831700705072123,2.0962652902737733,0.1068732973389404,0.4130952197665609,1000.0,0.0
phoenix,28085,2023-06-19,grid_01,0.1,0.2,BLOCK_RANGE_ONLY,1.0,quadratic,emitted_flux,W/m2,ESTIMABLE,15.26646732980906,13.735232153619805,16.817081053566433,0.7969204633769096,3.0818488999466283,1000.0,0.0
phoenix,28085,2023-06-19,grid_01,0.1,0.2,BLOCK_RANGE_ONLY,1.0,quadratic,temperature_equivalent,K,ESTIMABLE,2.303064379483942,2.069760728527618,2.5398543575452677,0.121563885090136,0.4700936290176498,1000.0,0.0
phoenix,28085,2023-06-19,grid_01,0.1,0.2,BLOCK_RANGE_ONLY,1.0,quadratic,temperature_minus_equivalent,K,ESTIMABLE,-0.4156811761405419,-0.4925424866912965,-0.3377155926854117,0.0394811351512501,0.1548268940058847,1000.0,0.0
phoenix,28085,2023-06-19,grid_01,0.1,0.2,BLOCK_RANGE_ONLY,1.0,quadratic_minus_linear,temperature,K,ESTIMABLE,0.492437929482842,0.2968849401883908,0.7019960222564902,0.1021812673472991,0.4051110820680993,1000.0,0.0
phoenix,28085,2023-06-19,grid_01,0.1,0.2,BLOCK_RANGE_ONLY,1.0,quadratic_minus_linear,emitted_flux,W/m2,ESTIMABLE,4.840783563259814,3.345191707413687,6.357677803454152,0.7795270706324948,3.0124860960404645,1000.0,0.0
phoenix,28085,2023-06-19,grid_01,0.1,0.2,BLOCK_RANGE_ONLY,1.0,quadratic_minus_linear,temperature_equivalent,K,ESTIMABLE,0.7357800496551476,0.5077612358636457,0.9665859267482986,0.1188682922654855,0.4588246908846528,1000.0,0.0
phoenix,28085,2023-06-19,grid_01,0.1,0.2,BLOCK_RANGE_ONLY,1.0,quadratic_minus_linear,temperature_minus_equivalent,K,ESTIMABLE,-0.2433421201723056,-0.3217100867150378,-0.1654849798297159,0.0406957656939764,0.1562251068853218,1000.0,0.0
phoenix,28085,2023-06-19,grid_01,0.1,0.2,BLOCK_RANGE_ONLY,8.0,linear,temperature,K,ESTIMABLE,1.394945273860558,1.256854566682278,1.5202140815175238,0.0653161012823309,0.2633595148352459,1000.0,0.0
phoenix,28085,2023-06-19,grid_01,0.1,0.2,BLOCK_RANGE_ONLY,8.0,linear,emitted_flux,W/m2,ESTIMABLE,10.425683766549245,9.43397078910808,11.42739268073738,0.5014515101106889,1.9934218916293,1000.0,0.0
phoenix,28085,2023-06-19,grid_01,0.1,0.2,BLOCK_RANGE_ONLY,8.0,linear,temperature_equivalent,K,ESTIMABLE,1.5672843298287944,1.4171861224962954,1.7191148341695268,0.0759532596582503,0.3019287116732314,1000.0,0.0
phoenix,28085,2023-06-19,grid_01,0.1,0.2,BLOCK_RANGE_ONLY,8.0,linear,temperature_minus_equivalent,K,ESTIMABLE,-0.1723390559682363,-0.2235179765519235,-0.1259500933984602,0.0249737449325142,0.0975678831534632,1000.0,0.0
phoenix,28085,2023-06-19,grid_01,0.1,0.2,BLOCK_RANGE_ONLY,8.0,quadratic,temperature,K,ESTIMABLE,1.8873832033434,1.4876186738931756,2.2814433326535646,0.2039175725638924,0.793824658760389,1000.0,0.0
phoenix,28085,2023-06-19,grid_01,0.1,0.2,BLOCK_RANGE_ONLY,8.0,quadratic,emitted_flux,W/m2,ESTIMABLE,15.26646732980906,12.396828983864731,18.299150177486407,1.5477876200689271,5.902321193621674,1000.0,0.0
phoenix,28085,2023-06-19,grid_01,0.1,0.2,BLOCK_RANGE_ONLY,8.0,quadratic,temperature_equivalent,K,ESTIMABLE,2.303064379483942,1.8662643821685097,2.7666817163437414,0.2361489407041703,0.900417334175232,1000.0,0.0
phoenix,28085,2023-06-19,grid_01,0.1,0.2,BLOCK_RANGE_ONLY,8.0,quadratic,temperature_minus_equivalent,K,ESTIMABLE,-0.4156811761405419,-0.5238740114510736,-0.3201305559596325,0.0539073532594066,0.203743455491441,1000.0,0.0
phoenix,28085,2023-06-19,grid_01,0.1,0.2,BLOCK_RANGE_ONLY,8.0,quadratic_minus_linear,temperature,K,ESTIMABLE,0.492437929482842,0.1060482514081886,0.867174718004661,0.1911565102190607,0.7611264665964723,1000.0,0.0
phoenix,28085,2023-06-19,grid_01,0.1,0.2,BLOCK_RANGE_ONLY,8.0,quadratic_minus_linear,emitted_flux,W/m2,ESTIMABLE,4.840783563259814,2.0223856713760813,7.798225712751784,1.467728200037106,5.775840041375703,1000.0,0.0
phoenix,28085,2023-06-19,grid_01,0.1,0.2,BLOCK_RANGE_ONLY,8.0,quadratic_minus_linear,temperature_equivalent,K,ESTIMABLE,0.7357800496551476,0.3069223185330031,1.1889807317076202,0.2239329156830959,0.882058413174617,1000.0,0.0
phoenix,28085,2023-06-19,grid_01,0.1,0.2,BLOCK_RANGE_ONLY,8.0,quadratic_minus_linear,temperature_minus_equivalent,K,ESTIMABLE,-0.2433421201723056,-0.352813291613258,-0.1489763405433059,0.0518197963124637,0.203836951069952,1000.0,0.0
phoenix,28085,2023-06-19,grid_02,0.2,0.3,BLOCK_RANGE_ONLY,1.0,linear,temperature,K,ESTIMABLE,1.3949452738605577,1.321015430081519,1.4742562878736454,0.0383967246065163,0.1532408577921264,1000.0,0.0
phoenix,28085,2023-06-19,grid_02,0.2,0.3,BLOCK_RANGE_ONLY,1.0,linear,emitted_flux,W/m2,ESTIMABLE,10.42568376654924,9.822323727896793,11.009790930292548,0.2971946247785345,1.187467202395755,1000.0,0.0
phoenix,28085,2023-06-19,grid_02,0.2,0.3,BLOCK_RANGE_ONLY,1.0,linear,temperature_equivalent,K,ESTIMABLE,1.5672843298287944,1.4759386012418232,1.6557914708609205,0.0450132485825245,0.179852869619097,1000.0,0.0
phoenix,28085,2023-06-19,grid_02,0.2,0.3,BLOCK_RANGE_ONLY,1.0,linear,temperature_minus_equivalent,K,ESTIMABLE,-0.1723390559682367,-0.2014252548855196,-0.1420366503875751,0.0150429037465516,0.0593886044979445,1000.0,0.0
phoenix,28085,2023-06-19,grid_02,0.2,0.3,BLOCK_RANGE_ONLY,1.0,quadratic,temperature,K,ESTIMABLE,2.4476107761417563,2.0335245552400356,2.879634420466725,0.2187903215377415,0.8461098652266892,1000.0,0.0
phoenix,28085,2023-06-19,grid_02,0.2,0.3,BLOCK_RANGE_ONLY,1.0,quadratic,emitted_flux,W/m2,ESTIMABLE,20.773639429519775,17.668279375897534,24.02269258686467,1.6462452889594577,6.354413210967138,1000.0,0.0
phoenix,28085,2023-06-19,grid_02,0.2,0.3,BLOCK_RANGE_ONLY,1.0,quadratic,temperature_equivalent,K,ESTIMABLE,3.146502936475599,2.6700678969206564,3.6473342669694304,0.2531799090476457,0.977266370048774,1000.0,0.0
phoenix,28085,2023-06-19,grid_02,0.2,0.3,BLOCK_RANGE_ONLY,1.0,quadratic,temperature_minus_equivalent,K,ESTIMABLE,-0.6988921603338429,-0.8624595410653458,-0.5362385566386808,0.0850328024834262,0.326220984426665,1000.0,0.0
phoenix,28085,2023-06-19,grid_02,0.2,0.3,BLOCK_RANGE_ONLY,1.0,quadratic_minus_linear,temperature,K,ESTIMABLE,1.0526655022811986,0.6353925950759022,1.4982506007972856,0.2177929130027034,0.8628580057213834,1000.0,0.0
phoenix,28085,2023-06-19,grid_02,0.2,0.3,BLOCK_RANGE_ONLY,1.0,quadratic_minus_linear,emitted_flux,W/m2,ESTIMABLE,10.347955662970534,7.157230399381375,13.573162578052305,1.6585287346984043,6.415932178670929,1000.0,0.0
phoenix,28085,2023-06-19,grid_02,0.2,0.3,BLOCK_RANGE_ONLY,1.0,quadratic_minus_linear,temperature_equivalent,K,ESTIMABLE,1.5792186066468048,1.0894159206526992,2.074538552537778,0.2549794157620835,0.9851226318850794,1000.0,0.0
phoenix,28085,2023-06-19,grid_02,0.2,0.3,BLOCK_RANGE_ONLY,1.0,quadratic_minus_linear,temperature_minus_equivalent,K,ESTIMABLE,-0.5265531043656062,-0.6945022888845525,-0.3569812165470733,0.0877642367091245,0.3375210723374791,1000.0,0.0
phoenix,28085,2023-06-19,grid_02,0.2,0.3,BLOCK_RANGE_ONLY,8.0,linear,temperature,K,ESTIMABLE,1.3949452738605577,1.2568545666822777,1.5202140815175234,0.0653161012823309,0.2633595148352459,1000.0,0.0
phoenix,28085,2023-06-19,grid_02,0.2,0.3,BLOCK_RANGE_ONLY,8.0,linear,emitted_flux,W/m2,ESTIMABLE,10.42568376654924,9.43397078910808,11.42739268073738,0.5014515101106887,1.9934218916293,1000.0,0.0
phoenix,28085,2023-06-19,grid_02,0.2,0.3,BLOCK_RANGE_ONLY,8.0,linear,temperature_equivalent,K,ESTIMABLE,1.5672843298287944,1.4171861224962954,1.7191148341695268,0.07595325965825,0.3019287116732314,1000.0,0.0
phoenix,28085,2023-06-19,grid_02,0.2,0.3,BLOCK_RANGE_ONLY,8.0,linear,temperature_minus_equivalent,K,ESTIMABLE,-0.1723390559682367,-0.2235179765519239,-0.1259500933984606,0.0249737449325142,0.0975678831534632,1000.0,0.0
phoenix,28085,2023-06-19,grid_02,0.2,0.3,BLOCK_RANGE_ONLY,8.0,quadratic,temperature,K,ESTIMABLE,2.4476107761417563,1.6226973999319625,3.270486995022145,0.4113198274800101,1.6477895950901829,1000.0,0.0
phoenix,28085,2023-06-19,grid_02,0.2,0.3,BLOCK_RANGE_ONLY,8.0,quadratic,emitted_flux,W/m2,ESTIMABLE,20.773639429519775,14.682445070142638,27.01561390533991,3.128564222251334,12.333168835197274,1000.0,0.0
phoenix,28085,2023-06-19,grid_02,0.2,0.3,BLOCK_RANGE_ONLY,8.0,quadratic,temperature_equivalent,K,ESTIMABLE,3.146502936475599,2.2140193334900515,4.110833583571364,0.4813474359526086,1.8968142500813123,1000.0,0.0
phoenix,28085,2023-06-19,grid_02,0.2,0.3,BLOCK_RANGE_ONLY,8.0,quadratic,temperature_minus_equivalent,K,ESTIMABLE,-0.6988921603338429,-0.9252501767262424,-0.4932057810431127,0.1107410071908766,0.4320443956831298,1000.0,0.0
phoenix,28085,2023-06-19,grid_02,0.2,0.3,BLOCK_RANGE_ONLY,8.0,quadratic_minus_linear,temperature,K,ESTIMABLE,1.0526655022811986,0.2290368241319349,1.8457667178405988,0.40441776571139,1.6167298937086638,1000.0,0.0
phoenix,28085,2023-06-19,grid_02,0.2,0.3,BLOCK_RANGE_ONLY,8.0,quadratic_minus_linear,emitted_flux,W/m2,ESTIMABLE,10.347955662970534,4.383768131655815,16.43837238911597,3.09514748183396,12.054604257460154,1000.0,0.0
phoenix,28085,2023-06-19,grid_02,0.2,0.3,BLOCK_RANGE_ONLY,8.0,quadratic_minus_linear,temperature_equivalent,K,ESTIMABLE,1.5792186066468048,0.6652632591311772,2.5196895745471344,0.4761930879303486,1.854426315415957,1000.0,0.0
phoenix,28085,2023-06-19,grid_02,0.2,0.3,BLOCK_RANGE_ONLY,8.0,quadratic_minus_linear,temperature_minus_equivalent,K,ESTIMABLE,-0.5265531043656062,-0.7595960176737615,-0.3221251654963528,0.1120175633652631,0.4374708521774086,1000.0,0.0
phoenix,28085,2023-06-19,grid_03,0.3,0.4,NO_SPANNING_BLOCKS,,,,,NOT_ESTIMATED_NO_REFERENCE_BLOCKS,,,,,,,
phoenix,28085,2023-06-19,grid_04,0.4,0.5,NO_SPANNING_BLOCKS,,,,,NOT_ESTIMATED_NO_REFERENCE_BLOCKS,,,,,,,
phoenix,28085,2023-06-19,grid_05,0.5,0.6,NO_SPANNING_BLOCKS,,,,,NOT_ESTIMATED_NO_REFERENCE_BLOCKS,,,,,,,
phoenix,28085,2023-06-19,grid_06,0.6,0.7,NO_SPANNING_BLOCKS,,,,,NOT_ESTIMATED_NO_REFERENCE_BLOCKS,,,,,,,
phoenix,28085,2023-06-19,grid_07,0.7,0.8,NO_SPANNING_BLOCKS,,,,,NOT_ESTIMATED_NO_REFERENCE_BLOCKS,,,,,,,
phoenix,28085,2023-06-19,grid_08,0.8,0.9,NO_SPANNING_BLOCKS,,,,,NOT_ESTIMATED_NO_REFERENCE_BLOCKS,,,,,,,
phoenix,28085,2023-06-19,grid_09,0.9,1.0,NO_SPANNING_BLOCKS,,,,,NOT_ESTIMATED_NO_REFERENCE_BLOCKS,,,,,,,
phoenix,28192,2023-06-26,near_-0.02,0.0085095386207103,0.1085095386207103,BLOCK_RANGE_ONLY,1.0,linear,temperature,K,ESTIMABLE,1.2318634831190292,1.1710527356209588,1.2895161691577883,0.0308502265274561,0.1184634335368297,1000.0,0.0
phoenix,28192,2023-06-26,near_-0.02,0.0085095386207103,0.1085095386207103,BLOCK_RANGE_ONLY,1.0,linear,emitted_flux,W/m2,ESTIMABLE,10.263647692709648,9.805838505720205,10.70909593494878,0.2337043606782256,0.9032574292285762,1000.0,0.0
phoenix,28192,2023-06-26,near_-0.02,0.0085095386207103,0.1085095386207103,BLOCK_RANGE_ONLY,1.0,linear,temperature_equivalent,K,ESTIMABLE,1.542745019092706,1.4734439413085385,1.61021913357463,0.035388435152917,0.1367751922660915,1000.0,0.0
phoenix,28192,2023-06-26,near_-0.02,0.0085095386207103,0.1085095386207103,BLOCK_RANGE_ONLY,1.0,linear,temperature_minus_equivalent,K,ESTIMABLE,-0.3108815359736769,-0.3351073976246198,-0.2849876215393165,0.0127791084303442,0.0501197760853032,1000.0,0.0
phoenix,28192,2023-06-26,near_-0.02,0.0085095386207103,0.1085095386207103,BLOCK_RANGE_ONLY,1.0,quadratic,temperature,K,ESTIMABLE,1.216514868776396,1.1543343506281074,1.27365360299777,0.0311274326900451,0.1193192523696624,1000.0,0.0
phoenix,28192,2023-06-26,near_-0.02,0.0085095386207103,0.1085095386207103,BLOCK_RANGE_ONLY,1.0,quadratic,emitted_flux,W/m2,ESTIMABLE,10.132943723254613,9.65995284478178,10.583382793259135,0.2369628457437752,0.9234299484773558,1000.0,0.0
phoenix,28192,2023-06-26,near_-0.02,0.0085095386207103,0.1085095386207103,BLOCK_RANGE_ONLY,1.0,quadratic,temperature_equivalent,K,ESTIMABLE,1.5229549535911815,1.4513700906373317,1.5911723625896528,0.0358750092425584,0.1398022719523211,1000.0,0.0
phoenix,28192,2023-06-26,near_-0.02,0.0085095386207103,0.1085095386207103,BLOCK_RANGE_ONLY,1.0,quadratic,temperature_minus_equivalent,K,ESTIMABLE,-0.3064400848147854,-0.3310672692245262,-0.2796697227587514,0.0130500891316406,0.0513975464657747,1000.0,0.0
phoenix,28192,2023-06-26,near_-0.02,0.0085095386207103,0.1085095386207103,BLOCK_RANGE_ONLY,1.0,quadratic_minus_linear,temperature,K,ESTIMABLE,-0.0153486143426331,-0.0214318877737011,-0.0087924522966978,0.0032857576094647,0.0126394354770032,1000.0,0.0
phoenix,28192,2023-06-26,near_-0.02,0.0085095386207103,0.1085095386207103,BLOCK_RANGE_ONLY,1.0,quadratic_minus_linear,emitted_flux,W/m2,ESTIMABLE,-0.1307039694550358,-0.1794684868938233,-0.0820485719241994,0.0249834251744383,0.0974199149696239,1000.0,0.0
phoenix,28192,2023-06-26,near_-0.02,0.0085095386207103,0.1085095386207103,BLOCK_RANGE_ONLY,1.0,quadratic_minus_linear,temperature_equivalent,K,ESTIMABLE,-0.0197900655015246,-0.0271650915181709,-0.0124220745242851,0.0037819296040705,0.0147430169938857,1000.0,0.0
phoenix,28192,2023-06-26,near_-0.02,0.0085095386207103,0.1085095386207103,BLOCK_RANGE_ONLY,1.0,quadratic_minus_linear,temperature_minus_equivalent,K,ESTIMABLE,0.0044414511588914,0.0020714706643927,0.0071618452691927,0.0012812690576371,0.0050903746048,1000.0,0.0
phoenix,28192,2023-06-26,near_-0.02,0.0085095386207103,0.1085095386207103,BLOCK_RANGE_ONLY,8.0,linear,temperature,K,ESTIMABLE,1.2318634831190292,1.1420574718326413,1.329945031584608,0.0476015276573618,0.1878875597519667,1000.0,0.0
phoenix,28192,2023-06-26,near_-0.02,0.0085095386207103,0.1085095386207103,BLOCK_RANGE_ONLY,8.0,linear,emitted_flux,W/m2,ESTIMABLE,10.263647692709648,9.480640835232368,11.106897663584968,0.419007768257302,1.6262568283525989,1000.0,0.0
phoenix,28192,2023-06-26,near_-0.02,0.0085095386207103,0.1085095386207103,BLOCK_RANGE_ONLY,8.0,linear,temperature_equivalent,K,ESTIMABLE,1.542745019092706,1.4242449139599984,1.670512896895879,0.0634523764582299,0.2462679829358804,1000.0,0.0
phoenix,28192,2023-06-26,near_-0.02,0.0085095386207103,0.1085095386207103,BLOCK_RANGE_ONLY,8.0,linear,temperature_minus_equivalent,K,ESTIMABLE,-0.3108815359736769,-0.3670412409302898,-0.2600318861523145,0.0291935191345962,0.1070093547779753,1000.0,0.0
phoenix,28192,2023-06-26,near_-0.02,0.0085095386207103,0.1085095386207103,BLOCK_RANGE_ONLY,8.0,quadratic,temperature,K,ESTIMABLE,1.216514868776396,1.1279442368315644,1.3135892284282311,0.04754645895844,0.1856449915966669,1000.0,0.0
phoenix,28192,2023-06-26,near_-0.02,0.0085095386207103,0.1085095386207103,BLOCK_RANGE_ONLY,8.0,quadratic,emitted_flux,W/m2,ESTIMABLE,10.132943723254613,9.340101780218063,10.988230021940725,0.4246382953569506,1.6481282417226577,1000.0,0.0
phoenix,28192,2023-06-26,near_-0.02,0.0085095386207103,0.1085095386207103,BLOCK_RANGE_ONLY,8.0,quadratic,temperature_equivalent,K,ESTIMABLE,1.5229549535911815,1.4029899855863774,1.6525231088236565,0.0642939321266482,0.249533123237279,1000.0,0.0
phoenix,28192,2023-06-26,near_-0.02,0.0085095386207103,0.1085095386207103,BLOCK_RANGE_ONLY,8.0,quadratic,temperature_minus_equivalent,K,ESTIMABLE,-0.3064400848147854,-0.3649487309441871,-0.2536765350638014,0.0300826247599361,0.1112721958803857,1000.0,0.0
phoenix,28192,2023-06-26,near_-0.02,0.0085095386207103,0.1085095386207103,BLOCK_RANGE_ONLY,8.0,quadratic_minus_linear,temperature,K,ESTIMABLE,-0.0153486143426331,-0.0260976646070709,-0.0036430872414372,0.0057079381200432,0.0224545773656337,1000.0,0.0
phoenix,28192,2023-06-26,near_-0.02,0.0085095386207103,0.1085095386207103,BLOCK_RANGE_ONLY,8.0,quadratic_minus_linear,emitted_flux,W/m2,ESTIMABLE,-0.1307039694550358,-0.211724923221045,-0.032266961827786,0.0460366790740595,0.1794579613932589,1000.0,0.0
phoenix,28192,2023-06-26,near_-0.02,0.0085095386207103,0.1085095386207103,BLOCK_RANGE_ONLY,8.0,quadratic_minus_linear,temperature_equivalent,K,ESTIMABLE,-0.0197900655015246,-0.0320670059229527,-0.0048842677602309,0.0069686985500005,0.0271827381627218,1000.0,0.0
phoenix,28192,2023-06-26,near_-0.02,0.0085095386207103,0.1085095386207103,BLOCK_RANGE_ONLY,8.0,quadratic_minus_linear,temperature_minus_equivalent,K,ESTIMABLE,0.0044414511588914,0.0004841793899199,0.0081676056239179,0.0019325828988613,0.0076834262339979,1000.0,0.0
phoenix,28192,2023-06-26,near_-0.01,0.0185095386207103,0.1185095386207103,BLOCK_RANGE_ONLY,1.0,linear,temperature,K,ESTIMABLE,1.2318634831190292,1.1710527356209588,1.2895161691577883,0.0308502265274561,0.1184634335368297,1000.0,0.0
phoenix,28192,2023-06-26,near_-0.01,0.0185095386207103,0.1185095386207103,BLOCK_RANGE_ONLY,1.0,linear,emitted_flux,W/m2,ESTIMABLE,10.263647692709648,9.805838505720205,10.70909593494878,0.2337043606782256,0.9032574292285762,1000.0,0.0
phoenix,28192,2023-06-26,near_-0.01,0.0185095386207103,0.1185095386207103,BLOCK_RANGE_ONLY,1.0,linear,temperature_equivalent,K,ESTIMABLE,1.542745019092706,1.4734439413085385,1.61021913357463,0.035388435152917,0.1367751922660915,1000.0,0.0
phoenix,28192,2023-06-26,near_-0.01,0.0185095386207103,0.1185095386207103,BLOCK_RANGE_ONLY,1.0,linear,temperature_minus_equivalent,K,ESTIMABLE,-0.3108815359736769,-0.3351073976246198,-0.2849876215393165,0.0127791084303442,0.0501197760853032,1000.0,0.0
phoenix,28192,2023-06-26,near_-0.01,0.0185095386207103,0.1185095386207103,BLOCK_RANGE_ONLY,1.0,quadratic,temperature,K,ESTIMABLE,1.260219196564055,1.2006372004213144,1.3169556869358847,0.0311415403191604,0.1163184865145703,1000.0,0.0
phoenix,28192,2023-06-26,near_-0.01,0.0185095386207103,0.1185095386207103,BLOCK_RANGE_ONLY,1.0,quadratic,emitted_flux,W/m2,ESTIMABLE,10.505116024720554,10.04976995563846,10.956900666561843,0.2350424489777463,0.9071307109233828,1000.0,0.0
phoenix,28192,2023-06-26,near_-0.01,0.0185095386207103,0.1185095386207103,BLOCK_RANGE_ONLY,1.0,quadratic,temperature_equivalent,K,ESTIMABLE,1.579315936383125,1.5103634530716277,1.6477741555713337,0.035603723564962,0.137410702499706,1000.0,0.0
phoenix,28192,2023-06-26,near_-0.01,0.0185095386207103,0.1185095386207103,BLOCK_RANGE_ONLY,1.0,quadratic,temperature_minus_equivalent,K,ESTIMABLE,-0.31909673981907,-0.3434042068700993,-0.2931580556652929,0.0127139508326796,0.0502461512048063,1000.0,0.0
phoenix,28192,2023-06-26,near_-0.01,0.0185095386207103,0.1185095386207103,BLOCK_RANGE_ONLY,1.0,quadratic_minus_linear,temperature,K,ESTIMABLE,0.0283557134450258,0.0155878586128022,0.0428452389586946,0.0069265482903777,0.0272573803458924,1000.0,0.0
phoenix,28192,2023-06-26,near_-0.01,0.0185095386207103,0.1185095386207103,BLOCK_RANGE_ONLY,1.0,quadratic_minus_linear,emitted_flux,W/m2,ESTIMABLE,0.241468332010907,0.1435742342580447,0.3589800918584034,0.0541852288469627,0.2154058576003586,1000.0,0.0
phoenix,28192,2023-06-26,near_-0.01,0.0185095386207103,0.1185095386207103,BLOCK_RANGE_ONLY,1.0,quadratic_minus_linear,temperature_equivalent,K,ESTIMABLE,0.0365709172904189,0.0217474727240798,0.0543576637180493,0.008206733860945,0.0326101909939694,1000.0,0.0
phoenix,28192,2023-06-26,near_-0.01,0.0185095386207103,0.1185095386207103,BLOCK_RANGE_ONLY,1.0,quadratic_minus_linear,temperature_minus_equivalent,K,ESTIMABLE,-0.008215203845393,-0.0139400114084445,-0.0037133535015074,0.0025991153706631,0.0102266579069371,1000.0,0.0
phoenix,28192,2023-06-26,near_-0.01,0.0185095386207103,0.1185095386207103,BLOCK_RANGE_ONLY,8.0,linear,temperature,K,ESTIMABLE,1.2318634831190292,1.1420574718326413,1.329945031584608,0.0476015276573618,0.1878875597519667,1000.0,0.0
phoenix,28192,2023-06-26,near_-0.01,0.0185095386207103,0.1185095386207103,BLOCK_RANGE_ONLY,8.0,linear,emitted_flux,W/m2,ESTIMABLE,10.263647692709648,9.480640835232368,11.106897663584968,0.419007768257302,1.6262568283525989,1000.0,0.0
phoenix,28192,2023-06-26,near_-0.01,0.0185095386207103,0.1185095386207103,BLOCK_RANGE_ONLY,8.0,linear,temperature_equivalent,K,ESTIMABLE,1.542745019092706,1.4242449139599984,1.670512896895879,0.0634523764582299,0.2462679829358804,1000.0,0.0
phoenix,28192,2023-06-26,near_-0.01,0.0185095386207103,0.1185095386207103,BLOCK_RANGE_ONLY,8.0,linear,temperature_minus_equivalent,K,ESTIMABLE,-0.3108815359736769,-0.3670412409302898,-0.2600318861523145,0.0291935191345962,0.1070093547779753,1000.0,0.0
phoenix,28192,2023-06-26,near_-0.01,0.0185095386207103,0.1185095386207103,BLOCK_RANGE_ONLY,8.0,quadratic,temperature,K,ESTIMABLE,1.260219196564055,1.159848140880325,1.372796586425696,0.055030062880738,0.2129484455453711,1000.0,0.0
phoenix,28192,2023-06-26,near_-0.01,0.0185095386207103,0.1185095386207103,BLOCK_RANGE_ONLY,8.0,quadratic,emitted_flux,W/m2,ESTIMABLE,10.505116024720554,9.637903257858804,11.48575170682318,0.4787455505249052,1.847848448964376,1000.0,0.0
phoenix,28192,2023-06-26,near_-0.01,0.0185095386207103,0.1185095386207103,BLOCK_RANGE_ONLY,8.0,quadratic,temperature_equivalent,K,ESTIMABLE,1.579315936383125,1.44803418997664,1.727967210178329,0.0725263451270088,0.279933020201689,1000.0,0.0
phoenix,28192,2023-06-26,near_-0.01,0.0185095386207103,0.1185095386207103,BLOCK_RANGE_ONLY,8.0,quadratic,temperature_minus_equivalent,K,ESTIMABLE,-0.31909673981907,-0.377341227924127,-0.2669968001089932,0.0295478536702504,0.1103444278151337,1000.0,0.0
phoenix,28192,2023-06-26,near_-0.01,0.0185095386207103,0.1185095386207103,BLOCK_RANGE_ONLY,8.0,quadratic_minus_linear,temperature,K,ESTIMABLE,0.0283557134450258,0.0049631871811761,0.0637461119828303,0.0152909293523068,0.0587829248016541,1000.0,0.0
phoenix,28192,2023-06-26,near_-0.01,0.0185095386207103,0.1185095386207103,BLOCK_RANGE_ONLY,8.0,quadratic_minus_linear,emitted_flux,W/m2,ESTIMABLE,0.241468332010907,0.0482464296136271,0.5322334907763864,0.1253986748424825,0.4839870611627592,1000.0,0.0
phoenix,28192,2023-06-26,near_-0.01,0.0185095386207103,0.1185095386207103,BLOCK_RANGE_ONLY,8.0,quadratic_minus_linear,temperature_equivalent,K,ESTIMABLE,0.0365709172904189,0.0073055159093982,0.0806711988084117,0.0190067310429137,0.0733656828990135,1000.0,0.0
phoenix,28192,2023-06-26,near_-0.01,0.0185095386207103,0.1185095386207103,BLOCK_RANGE_ONLY,8.0,quadratic_minus_linear,temperature_minus_equivalent,K,ESTIMABLE,-0.008215203845393,-0.0181011546642336,-0.0007888429908933,0.0045859870293543,0.0173123116733403,1000.0,0.0
phoenix,28192,2023-06-26,historical,0.0285095386207103,0.1285095386207103,BLOCK_RANGE_ONLY,1.0,linear,temperature,K,ESTIMABLE,1.2318634831190292,1.1710527356209588,1.2895161691577883,0.0308502265274561,0.1184634335368297,1000.0,0.0
phoenix,28192,2023-06-26,historical,0.0285095386207103,0.1285095386207103,BLOCK_RANGE_ONLY,1.0,linear,emitted_flux,W/m2,ESTIMABLE,10.263647692709648,9.805838505720205,10.70909593494878,0.2337043606782256,0.9032574292285762,1000.0,0.0
phoenix,28192,2023-06-26,historical,0.0285095386207103,0.1285095386207103,BLOCK_RANGE_ONLY,1.0,linear,temperature_equivalent,K,ESTIMABLE,1.542745019092706,1.4734439413085385,1.61021913357463,0.035388435152917,0.1367751922660915,1000.0,0.0
phoenix,28192,2023-06-26,historical,0.0285095386207103,0.1285095386207103,BLOCK_RANGE_ONLY,1.0,linear,temperature_minus_equivalent,K,ESTIMABLE,-0.3108815359736769,-0.3351073976246198,-0.2849876215393165,0.0127791084303442,0.0501197760853032,1000.0,0.0
phoenix,28192,2023-06-26,historical,0.0285095386207103,0.1285095386207103,BLOCK_RANGE_ONLY,1.0,quadratic,temperature,K,ESTIMABLE,1.3039235243517142,1.238935620413128,1.3655104657299642,0.0340764678704727,0.1265748453168362,1000.0,0.0
phoenix,28192,2023-06-26,historical,0.0285095386207103,0.1285095386207103,BLOCK_RANGE_ONLY,1.0,quadratic,emitted_flux,W/m2,ESTIMABLE,10.877288326186497,10.410219708732589,11.364976420484949,0.2560636556090519,0.95475671175236,1000.0,0.0
phoenix,28192,2023-06-26,historical,0.0285095386207103,0.1285095386207103,BLOCK_RANGE_ONLY,1.0,quadratic,temperature_equivalent,K,ESTIMABLE,1.635707362952019,1.564942149778328,1.7096478532371406,0.0388092397584001,0.1447057034588126,1000.0,0.0
phoenix,28192,2023-06-26,historical,0.0285095386207103,0.1285095386207103,BLOCK_RANGE_ONLY,1.0,quadratic,temperature_minus_equivalent,K,ESTIMABLE,-0.3317838386003044,-0.3573857427076944,-0.3059233819514726,0.0134708623746691,0.0514623607562217,1000.0,0.0
phoenix,28192,2023-06-26,historical,0.0285095386207103,0.1285095386207103,BLOCK_RANGE_ONLY,1.0,quadratic_minus_linear,temperature,K,ESTIMABLE,0.072060041232685,0.0409696239218231,0.1060891817172603,0.0166039031817995,0.0651195577954371,1000.0,0.0
phoenix,28192,2023-06-26,historical,0.0285095386207103,0.1285095386207103,BLOCK_RANGE_ONLY,1.0,quadratic_minus_linear,emitted_flux,W/m2,ESTIMABLE,0.6136406334768498,0.3746396593714227,0.8793990567422496,0.1283666111607497,0.5047593973708269,1000.0,0.0
phoenix,28192,2023-06-26,historical,0.0285095386207103,0.1285095386207103,BLOCK_RANGE_ONLY,1.0,quadratic_minus_linear,temperature_equivalent,K,ESTIMABLE,0.0929623438593125,0.0567569793873246,0.1332112787446533,0.0194524747882738,0.0764542993573286,1000.0,0.0
phoenix,28192,2023-06-26,historical,0.0285095386207103,0.1285095386207103,BLOCK_RANGE_ONLY,1.0,quadratic_minus_linear,temperature_minus_equivalent,K,ESTIMABLE,-0.0209023026266275,-0.0344660231605937,-0.0098734703501122,0.0063539191360099,0.0245925528104814,1000.0,0.0
phoenix,28192,2023-06-26,historical,0.0285095386207103,0.1285095386207103,BLOCK_RANGE_ONLY,8.0,linear,temperature,K,ESTIMABLE,1.2318634831190292,1.1420574718326413,1.329945031584608,0.0476015276573618,0.1878875597519667,1000.0,0.0
phoenix,28192,2023-06-26,historical,0.0285095386207103,0.1285095386207103,BLOCK_RANGE_ONLY,8.0,linear,emitted_flux,W/m2,ESTIMABLE,10.263647692709648,9.480640835232368,11.106897663584968,0.419007768257302,1.6262568283525989,1000.0,0.0
phoenix,28192,2023-06-26,historical,0.0285095386207103,0.1285095386207103,BLOCK_RANGE_ONLY,8.0,linear,temperature_equivalent,K,ESTIMABLE,1.542745019092706,1.4242449139599984,1.670512896895879,0.0634523764582299,0.2462679829358804,1000.0,0.0
phoenix,28192,2023-06-26,historical,0.0285095386207103,0.1285095386207103,BLOCK_RANGE_ONLY,8.0,linear,temperature_minus_equivalent,K,ESTIMABLE,-0.3108815359736769,-0.3670412409302898,-0.2600318861523145,0.0291935191345962,0.1070093547779753,1000.0,0.0
phoenix,28192,2023-06-26,historical,0.0285095386207103,0.1285095386207103,BLOCK_RANGE_ONLY,8.0,quadratic,temperature,K,ESTIMABLE,1.3039235243517142,1.179981346116154,1.443169358479806,0.0667958939603951,0.2631880123636521,1000.0,0.0
phoenix,28192,2023-06-26,historical,0.0285095386207103,0.1285095386207103,BLOCK_RANGE_ONLY,8.0,quadratic,emitted_flux,W/m2,ESTIMABLE,10.877288326186497,9.822372471979934,12.075918179219633,0.566834069431702,2.2535457072396987,1000.0,0.0
phoenix,28192,2023-06-26,historical,0.0285095386207103,0.1285095386207103,BLOCK_RANGE_ONLY,8.0,quadratic,temperature_equivalent,K,ESTIMABLE,1.635707362952019,1.475945977773485,1.8175307374782337,0.0859183874930075,0.3415847597047488,1000.0,0.0
phoenix,28192,2023-06-26,historical,0.0285095386207103,0.1285095386207103,BLOCK_RANGE_ONLY,8.0,quadratic,temperature_minus_equivalent,K,ESTIMABLE,-0.3317838386003044,-0.3913314374113366,-0.2771193275115474,0.0301071348217731,0.1142121098997892,1000.0,0.0
phoenix,28192,2023-06-26,historical,0.0285095386207103,0.1285095386207103,BLOCK_RANGE_ONLY,8.0,quadratic_minus_linear,temperature,K,ESTIMABLE,0.072060041232685,0.0139604801674149,0.1414381522994668,0.0331780959590997,0.1274776721320519,1000.0,0.0
phoenix,28192,2023-06-26,historical,0.0285095386207103,0.1285095386207103,BLOCK_RANGE_ONLY,8.0,quadratic_minus_linear,emitted_flux,W/m2,ESTIMABLE,0.6136406334768498,0.1371397813321858,1.2047918984444117,0.2693589043297148,1.0676521171122255,1000.0,0.0
phoenix,28192,2023-06-26,historical,0.0285095386207103,0.1285095386207103,BLOCK_RANGE_ONLY,8.0,quadratic_minus_linear,temperature_equivalent,K,ESTIMABLE,0.0929623438593125,0.0207699987965938,0.1826142857096939,0.0408483743809265,0.1618442869131001,1000.0,0.0
phoenix,28192,2023-06-26,historical,0.0285095386207103,0.1285095386207103,BLOCK_RANGE_ONLY,8.0,quadratic_minus_linear,temperature_minus_equivalent,K,ESTIMABLE,-0.0209023026266275,-0.0416383339223347,-0.0021142758023151,0.0101756504397173,0.0395240581200196,1000.0,0.0
phoenix,28192,2023-06-26,near_+0.01,0.0385095386207103,0.1385095386207104,BLOCK_RANGE_ONLY,1.0,linear,temperature,K,ESTIMABLE,1.2318634831190292,1.1710527356209588,1.2895161691577883,0.0308502265274561,0.1184634335368297,1000.0,0.0
phoenix,28192,2023-06-26,near_+0.01,0.0385095386207103,0.1385095386207104,BLOCK_RANGE_ONLY,1.0,linear,emitted_flux,W/m2,ESTIMABLE,10.263647692709648,9.805838505720205,10.70909593494878,0.2337043606782256,0.9032574292285762,1000.0,0.0
phoenix,28192,2023-06-26,near_+0.01,0.0385095386207103,0.1385095386207104,BLOCK_RANGE_ONLY,1.0,linear,temperature_equivalent,K,ESTIMABLE,1.542745019092706,1.4734439413085385,1.61021913357463,0.035388435152917,0.1367751922660915,1000.0,0.0
phoenix,28192,2023-06-26,near_+0.01,0.0385095386207103,0.1385095386207104,BLOCK_RANGE_ONLY,1.0,linear,temperature_minus_equivalent,K,ESTIMABLE,-0.3108815359736769,-0.3351073976246198,-0.2849876215393165,0.0127791084303442,0.0501197760853032,1000.0,0.0
phoenix,28192,2023-06-26,near_+0.01,0.0385095386207103,0.1385095386207104,BLOCK_RANGE_ONLY,1.0,quadratic,temperature,K,ESTIMABLE,1.3476278521393734,1.2756386019820407,1.421050598746864,0.0392829155372368,0.1454119967648233,1000.0,0.0
phoenix,28192,2023-06-26,near_+0.01,0.0385095386207103,0.1385095386207104,BLOCK_RANGE_ONLY,1.0,quadratic,emitted_flux,W/m2,ESTIMABLE,11.24946062765244,10.714657773248565,11.8253111246717,0.2951649013182839,1.1106533514231351,1000.0,0.0
phoenix,28192,2023-06-26,near_+0.01,0.0385095386207103,0.1385095386207104,BLOCK_RANGE_ONLY,1.0,quadratic,temperature_equivalent,K,ESTIMABLE,1.692129271695876,1.611061886786206,1.7794892763092949,0.0447599862998989,0.1684273895230887,1000.0,0.0
phoenix,28192,2023-06-26,near_+0.01,0.0385095386207103,0.1385095386207104,BLOCK_RANGE_ONLY,1.0,quadratic,temperature_minus_equivalent,K,ESTIMABLE,-0.3445014195565026,-0.3742235917399588,-0.3153868418392533,0.0151631117892379,0.0588367499007055,1000.0,0.0
phoenix,28192,2023-06-26,near_+0.01,0.0385095386207103,0.1385095386207104,BLOCK_RANGE_ONLY,1.0,quadratic_minus_linear,temperature,K,ESTIMABLE,0.1157643690203442,0.0663642481638086,0.1699806454344861,0.0263426231044494,0.1036163972706774,1000.0,0.0
phoenix,28192,2023-06-26,near_+0.01,0.0385095386207103,0.1385095386207104,BLOCK_RANGE_ONLY,1.0,quadratic_minus_linear,emitted_flux,W/m2,ESTIMABLE,0.9858129349427928,0.6056948017947736,1.4011462839668538,0.2031009971431429,0.7954514821720802,1000.0,0.0
phoenix,28192,2023-06-26,near_+0.01,0.0385095386207103,0.1385095386207104,BLOCK_RANGE_ONLY,1.0,quadratic_minus_linear,temperature_equivalent,K,ESTIMABLE,0.1493842526031699,0.0917773125223604,0.212419515441816,0.0307943539752502,0.1206422029194555,1000.0,0.0
phoenix,28192,2023-06-26,near_+0.01,0.0385095386207103,0.1385095386207104,BLOCK_RANGE_ONLY,1.0,quadratic_minus_linear,temperature_minus_equivalent,K,ESTIMABLE,-0.0336198835828256,-0.0551103603624378,-0.016014396268412,0.0101315708742467,0.0390959640940257,1000.0,0.0
phoenix,28192,2023-06-26,near_+0.01,0.0385095386207103,0.1385095386207104,BLOCK_RANGE_ONLY,8.0,linear,temperature,K,ESTIMABLE,1.2318634831190292,1.1420574718326413,1.329945031584608,0.0476015276573618,0.1878875597519667,1000.0,0.0
phoenix,28192,2023-06-26,near_+0.01,0.0385095386207103,0.1385095386207104,BLOCK_RANGE_ONLY,8.0,linear,emitted_flux,W/m2,ESTIMABLE,10.263647692709648,9.480640835232368,11.106897663584968,0.419007768257302,1.6262568283525989,1000.0,0.0
phoenix,28192,2023-06-26,near_+0.01,0.0385095386207103,0.1385095386207104,BLOCK_RANGE_ONLY,8.0,linear,temperature_equivalent,K,ESTIMABLE,1.542745019092706,1.4242449139599984,1.670512896895879,0.0634523764582299,0.2462679829358804,1000.0,0.0
phoenix,28192,2023-06-26,near_+0.01,0.0385095386207103,0.1385095386207104,BLOCK_RANGE_ONLY,8.0,linear,temperature_minus_equivalent,K,ESTIMABLE,-0.3108815359736769,-0.3670412409302898,-0.2600318861523145,0.0291935191345962,0.1070093547779753,1000.0,0.0
phoenix,28192,2023-06-26,near_+0.01,0.0385095386207103,0.1385095386207104,BLOCK_RANGE_ONLY,8.0,quadratic,temperature,K,ESTIMABLE,1.3476278521393734,1.1975845417796955,1.5212370798736563,0.080998868186029,0.3236525380939608,1000.0,0.0
phoenix,28192,2023-06-26,near_+0.01,0.0385095386207103,0.1385095386207104,BLOCK_RANGE_ONLY,8.0,quadratic,emitted_flux,W/m2,ESTIMABLE,11.24946062765244,9.982669726017669,12.664362703356057,0.6757428225641641,2.681692977338388,1000.0,0.0
phoenix,28192,2023-06-26,near_+0.01,0.0385095386207103,0.1385095386207104,BLOCK_RANGE_ONLY,8.0,quadratic,temperature_equivalent,K,ESTIMABLE,1.692129271695876,1.500206399874402,1.9069095667426823,0.1024827927198614,0.4067031668682803,1000.0,0.0
phoenix,28192,2023-06-26,near_+0.01,0.0385095386207103,0.1385095386207104,BLOCK_RANGE_ONLY,8.0,quadratic,temperature_minus_equivalent,K,ESTIMABLE,-0.3445014195565026,-0.4100282572275074,-0.2863952843544097,0.0317129431944144,0.1236329728730977,1000.0,0.0
phoenix,28192,2023-06-26,near_+0.01,0.0385095386207103,0.1385095386207104,BLOCK_RANGE_ONLY,8.0,quadratic_minus_linear,temperature,K,ESTIMABLE,0.1157643690203442,0.0229838922098033,0.2227736875728419,0.051317649504086,0.1997897953630386,1000.0,0.0
phoenix,28192,2023-06-26,near_+0.01,0.0385095386207103,0.1385095386207104,BLOCK_RANGE_ONLY,8.0,quadratic_minus_linear,emitted_flux,W/m2,ESTIMABLE,0.9858129349427928,0.229547481659408,1.87225475273948,0.4154606490253069,1.642707271080072,1000.0,0.0
phoenix,28192,2023-06-26,near_+0.01,0.0385095386207103,0.1385095386207104,BLOCK_RANGE_ONLY,8.0,quadratic_minus_linear,temperature_equivalent,K,ESTIMABLE,0.1493842526031699,0.0347675965300496,0.2840804766746387,0.0630387163581928,0.2493128801445891,1000.0,0.0
phoenix,28192,2023-06-26,near_+0.01,0.0385095386207103,0.1385095386207104,BLOCK_RANGE_ONLY,8.0,quadratic_minus_linear,temperature_minus_equivalent,K,ESTIMABLE,-0.0336198835828256,-0.0651063301923323,-0.0034521695885936,0.0158722176570364,0.0616541606037387,1000.0,0.0
phoenix,28192,2023-06-26,near_+0.02,0.0485095386207103,0.1485095386207103,BLOCK_RANGE_ONLY,1.0,linear,temperature,K,ESTIMABLE,1.231863483119029,1.1710527356209588,1.2895161691577883,0.0308502265274561,0.1184634335368295,1000.0,0.0
phoenix,28192,2023-06-26,near_+0.02,0.0485095386207103,0.1485095386207103,BLOCK_RANGE_ONLY,1.0,linear,emitted_flux,W/m2,ESTIMABLE,10.263647692709643,9.805838505720205,10.709095934948778,0.2337043606782256,0.9032574292285744,1000.0,0.0
phoenix,28192,2023-06-26,near_+0.02,0.0485095386207103,0.1485095386207103,BLOCK_RANGE_ONLY,1.0,linear,temperature_equivalent,K,ESTIMABLE,1.542745019092706,1.4734439413085385,1.61021913357463,0.035388435152917,0.1367751922660915,1000.0,0.0
phoenix,28192,2023-06-26,near_+0.02,0.0485095386207103,0.1485095386207103,BLOCK_RANGE_ONLY,1.0,linear,temperature_minus_equivalent,K,ESTIMABLE,-0.3108815359736772,-0.33510739762462,-0.2849876215393168,0.0127791084303442,0.0501197760853032,1000.0,0.0
phoenix,28192,2023-06-26,near_+0.02,0.0485095386207103,0.1485095386207103,BLOCK_RANGE_ONLY,1.0,quadratic,temperature,K,ESTIMABLE,1.3913321799270322,1.3062197501652926,1.4781249355758594,0.0459958792196091,0.1719051854105668,1000.0,0.0
phoenix,28192,2023-06-26,near_+0.02,0.0485095386207103,0.1485095386207103,BLOCK_RANGE_ONLY,1.0,quadratic,emitted_flux,W/m2,ESTIMABLE,11.62163292911838,10.978382021304393,12.28923566737896,0.3462746345901468,1.3108536460745697,1000.0,0.0
phoenix,28192,2023-06-26,near_+0.02,0.0485095386207103,0.1485095386207103,BLOCK_RANGE_ONLY,1.0,quadratic,temperature_equivalent,K,ESTIMABLE,1.748581701088881,1.6510303097806642,1.849922678578652,0.0525392268809651,0.1988923687979875,1000.0,0.0
phoenix,28192,2023-06-26,near_+0.02,0.0485095386207103,0.1485095386207103,BLOCK_RANGE_ONLY,1.0,quadratic,temperature_minus_equivalent,K,ESTIMABLE,-0.3572495211618487,-0.3921330312099959,-0.3252436287048965,0.0175262587538081,0.0668894025050994,1000.0,0.0
phoenix,28192,2023-06-26,near_+0.02,0.0485095386207103,0.1485095386207103,BLOCK_RANGE_ONLY,1.0,quadratic_minus_linear,temperature,K,ESTIMABLE,0.1594686968080032,0.0917588724057941,0.2338563917676754,0.0360930692055473,0.1420975193618812,1000.0,0.0
phoenix,28192,2023-06-26,near_+0.02,0.0485095386207103,0.1485095386207103,BLOCK_RANGE_ONLY,1.0,quadratic_minus_linear,emitted_flux,W/m2,ESTIMABLE,1.3579852364087337,0.8366734605572078,1.9307094160315028,0.2779426623678507,1.094035955474295,1000.0,0.0
phoenix,28192,2023-06-26,near_+0.02,0.0485095386207103,0.1485095386207103,BLOCK_RANGE_ONLY,1.0,quadratic_minus_linear,temperature_equivalent,K,ESTIMABLE,0.2058366819961747,0.1267973923437054,0.2927963650979506,0.0421648953321211,0.1659989727542452,1000.0,0.0
phoenix,28192,2023-06-26,near_+0.02,0.0485095386207103,0.1485095386207103,BLOCK_RANGE_ONLY,1.0,quadratic_minus_linear,temperature_minus_equivalent,K,ESTIMABLE,-0.0463679851881715,-0.0757150475392752,-0.0221194361387488,0.0139191410323695,0.0535956114005264,1000.0,0.0
phoenix,28192,2023-06-26,near_+0.02,0.0485095386207103,0.1485095386207103,BLOCK_RANGE_ONLY,8.0,linear,temperature,K,ESTIMABLE,1.231863483119029,1.142057471832641,1.3299450315846078,0.0476015276573618,0.1878875597519667,1000.0,0.0
phoenix,28192,2023-06-26,near_+0.02,0.0485095386207103,0.1485095386207103,BLOCK_RANGE_ONLY,8.0,linear,emitted_flux,W/m2,ESTIMABLE,10.263647692709643,9.480640835232368,11.106897663584965,0.4190077682573019,1.6262568283525969,1000.0,0.0
phoenix,28192,2023-06-26,near_+0.02,0.0485095386207103,0.1485095386207103,BLOCK_RANGE_ONLY,8.0,linear,temperature_equivalent,K,ESTIMABLE,1.542745019092706,1.4242449139599984,1.670512896895879,0.0634523764582299,0.2462679829358804,1000.0,0.0
phoenix,28192,2023-06-26,near_+0.02,0.0485095386207103,0.1485095386207103,BLOCK_RANGE_ONLY,8.0,linear,temperature_minus_equivalent,K,ESTIMABLE,-0.3108815359736772,-0.3670412409302898,-0.2600318861523147,0.0291935191345962,0.107009354777975,1000.0,0.0
phoenix,28192,2023-06-26,near_+0.02,0.0485095386207103,0.1485095386207103,BLOCK_RANGE_ONLY,8.0,quadratic,temperature,K,ESTIMABLE,1.3913321799270322,1.21494697801981,1.5914933438011656,0.0965695780927205,0.3765463657813555,1000.0,0.0
phoenix,28192,2023-06-26,near_+0.02,0.0485095386207103,0.1485095386207103,BLOCK_RANGE_ONLY,8.0,quadratic,emitted_flux,W/m2,ESTIMABLE,11.62163292911838,10.151649785573143,13.275215232670128,0.796981682401066,3.1235654470969845,1000.0,0.0
phoenix,28192,2023-06-26,near_+0.02,0.0485095386207103,0.1485095386207103,BLOCK_RANGE_ONLY,8.0,quadratic,temperature_equivalent,K,ESTIMABLE,1.748581701088881,1.5257870349081857,1.9997730507709175,0.1209366049161637,0.4739860158627322,1000.0,0.0
phoenix,28192,2023-06-26,near_+0.02,0.0485095386207103,0.1485095386207103,BLOCK_RANGE_ONLY,8.0,quadratic,temperature_minus_equivalent,K,ESTIMABLE,-0.3572495211618487,-0.4295307981438027,-0.2929454948007566,0.0342279107681073,0.136585303343046,1000.0,0.0
phoenix,28192,2023-06-26,near_+0.02,0.0485095386207103,0.1485095386207103,BLOCK_RANGE_ONLY,8.0,quadratic_minus_linear,temperature,K,ESTIMABLE,0.1594686968080032,0.0319903784161888,0.3009164512217657,0.0695122853739984,0.2689260728055769,1000.0,0.0
phoenix,28192,2023-06-26,near_+0.02,0.0485095386207103,0.1485095386207103,BLOCK_RANGE_ONLY,8.0,quadratic_minus_linear,emitted_flux,W/m2,ESTIMABLE,1.3579852364087337,0.3219551819866301,2.5237798604114845,0.5620363175923105,2.2018246784248543,1000.0,0.0
phoenix,28192,2023-06-26,near_+0.02,0.0485095386207103,0.1485095386207103,BLOCK_RANGE_ONLY,8.0,quadratic_minus_linear,temperature_equivalent,K,ESTIMABLE,0.2058366819961747,0.0487670713410281,0.3831383080251143,0.0853255837677822,0.3343712366840861,1000.0,0.0
phoenix,28192,2023-06-26,near_+0.02,0.0485095386207103,0.1485095386207103,BLOCK_RANGE_ONLY,8.0,quadratic_minus_linear,temperature_minus_equivalent,K,ESTIMABLE,-0.0463679851881715,-0.088347041532716,-0.0048025344420889,0.021606529899607,0.083544507090627,1000.0,0.0
phoenix,28192,2023-06-26,grid_00,0.0,0.1,BLOCK_RANGE_ONLY,1.0,linear,temperature,K,ESTIMABLE,1.2318634831190292,1.1710527356209588,1.2895161691577883,0.0308502265274561,0.1184634335368297,1000.0,0.0
phoenix,28192,2023-06-26,grid_00,0.0,0.1,BLOCK_RANGE_ONLY,1.0,linear,emitted_flux,W/m2,ESTIMABLE,10.263647692709648,9.805838505720205,10.70909593494878,0.2337043606782256,0.9032574292285762,1000.0,0.0
phoenix,28192,2023-06-26,grid_00,0.0,0.1,BLOCK_RANGE_ONLY,1.0,linear,temperature_equivalent,K,ESTIMABLE,1.542745019092706,1.4734439413085385,1.61021913357463,0.035388435152917,0.1367751922660915,1000.0,0.0
phoenix,28192,2023-06-26,grid_00,0.0,0.1,BLOCK_RANGE_ONLY,1.0,linear,temperature_minus_equivalent,K,ESTIMABLE,-0.3108815359736769,-0.3351073976246198,-0.2849876215393165,0.0127791084303442,0.0501197760853032,1000.0,0.0
phoenix,28192,2023-06-26,grid_00,0.0,0.1,BLOCK_RANGE_ONLY,1.0,quadratic,temperature,K,ESTIMABLE,1.179324502256269,1.1106510860853382,1.2413876002116733,0.0334398039210501,0.130736514126335,1000.0,0.0
phoenix,28192,2023-06-26,grid_00,0.0,0.1,BLOCK_RANGE_ONLY,1.0,quadratic,emitted_flux,W/m2,ESTIMABLE,9.816242265966302,9.292842110692945,10.284285020923416,0.256450470097564,0.9914429102304734,1000.0,0.0
phoenix,28192,2023-06-26,grid_00,0.0,0.1,BLOCK_RANGE_ONLY,1.0,quadratic,temperature_equivalent,K,ESTIMABLE,1.475018304567925,1.3958434714400825,1.5458700878935658,0.0388073707647016,0.1500266164534835,1000.0,0.0
phoenix,28192,2023-06-26,grid_00,0.0,0.1,BLOCK_RANGE_ONLY,1.0,quadratic,temperature_minus_equivalent,K,ESTIMABLE,-0.295693802311656,-0.3221053887176096,-0.2664425081199099,0.0141416847332744,0.0556628805976997,1000.0,0.0
phoenix,28192,2023-06-26,grid_00,0.0,0.1,BLOCK_RANGE_ONLY,1.0,quadratic_minus_linear,temperature,K,ESTIMABLE,-0.0525389808627601,-0.0744509481393879,-0.0304746588671957,0.011366967735597,0.0439762892721922,1000.0,0.0
phoenix,28192,2023-06-26,grid_00,0.0,0.1,BLOCK_RANGE_ONLY,1.0,quadratic_minus_linear,emitted_flux,W/m2,ESTIMABLE,-0.4474054267433445,-0.6158700077236423,-0.2823782029578898,0.0866082898539216,0.3334918047657524,1000.0,0.0
phoenix,28192,2023-06-26,grid_00,0.0,0.1,BLOCK_RANGE_ONLY,1.0,quadratic_minus_linear,temperature_equivalent,K,ESTIMABLE,-0.067726714524781,-0.0932316080562657,-0.0427553722743184,0.0131041159192488,0.0504762357819472,1000.0,0.0
phoenix,28192,2023-06-26,grid_00,0.0,0.1,BLOCK_RANGE_ONLY,1.0,quadratic_minus_linear,temperature_minus_equivalent,K,ESTIMABLE,0.0151877336620209,0.0072007967274652,0.0241370475567342,0.0044295935454338,0.0169362508292689,1000.0,0.0
phoenix,28192,2023-06-26,grid_00,0.0,0.1,BLOCK_RANGE_ONLY,8.0,linear,temperature,K,ESTIMABLE,1.2318634831190292,1.1420574718326413,1.329945031584608,0.0476015276573618,0.1878875597519667,1000.0,0.0
phoenix,28192,2023-06-26,grid_00,0.0,0.1,BLOCK_RANGE_ONLY,8.0,linear,emitted_flux,W/m2,ESTIMABLE,10.263647692709648,9.480640835232368,11.106897663584968,0.419007768257302,1.6262568283525989,1000.0,0.0
phoenix,28192,2023-06-26,grid_00,0.0,0.1,BLOCK_RANGE_ONLY,8.0,linear,temperature_equivalent,K,ESTIMABLE,1.542745019092706,1.4242449139599984,1.670512896895879,0.0634523764582299,0.2462679829358804,1000.0,0.0
phoenix,28192,2023-06-26,grid_00,0.0,0.1,BLOCK_RANGE_ONLY,8.0,linear,temperature_minus_equivalent,K,ESTIMABLE,-0.3108815359736769,-0.3670412409302898,-0.2600318861523145,0.0291935191345962,0.1070093547779753,1000.0,0.0
phoenix,28192,2023-06-26,grid_00,0.0,0.1,BLOCK_RANGE_ONLY,8.0,quadratic,temperature,K,ESTIMABLE,1.179324502256269,1.0887275689975366,1.2681024201306816,0.0461707123429907,0.179374851133145,1000.0,0.0
phoenix,28192,2023-06-26,grid_00,0.0,0.1,BLOCK_RANGE_ONLY,8.0,quadratic,emitted_flux,W/m2,ESTIMABLE,9.816242265966302,9.030079309106505,10.658804185869943,0.4156487491667708,1.6287248767634406,1000.0,0.0
phoenix,28192,2023-06-26,grid_00,0.0,0.1,BLOCK_RANGE_ONLY,8.0,quadratic,temperature_equivalent,K,ESTIMABLE,1.475018304567925,1.3561179122021882,1.602599024491283,0.0629029362338515,0.246481112289095,1000.0,0.0
phoenix,28192,2023-06-26,grid_00,0.0,0.1,BLOCK_RANGE_ONLY,8.0,quadratic,temperature_minus_equivalent,K,ESTIMABLE,-0.295693802311656,-0.3575979844388409,-0.2390863428040891,0.0313528818002393,0.1185116416347517,1000.0,0.0
phoenix,28192,2023-06-26,grid_00,0.0,0.1,BLOCK_RANGE_ONLY,8.0,quadratic_minus_linear,temperature,K,ESTIMABLE,-0.0525389808627601,-0.0883005383197207,-0.0116996706303665,0.0196376764668364,0.0766008676893542,1000.0,0.0
phoenix,28192,2023-06-26,grid_00,0.0,0.1,BLOCK_RANGE_ONLY,8.0,quadratic_minus_linear,emitted_flux,W/m2,ESTIMABLE,-0.4474054267433445,-0.7343632407994563,-0.1109377580015645,0.1567873288205188,0.6234254827978917,1000.0,0.0
phoenix,28192,2023-06-26,grid_00,0.0,0.1,BLOCK_RANGE_ONLY,8.0,quadratic_minus_linear,temperature_equivalent,K,ESTIMABLE,-0.067726714524781,-0.111084907454834,-0.0168012520434175,0.0237343966874777,0.0942836554114165,1000.0,0.0
phoenix,28192,2023-06-26,grid_00,0.0,0.1,BLOCK_RANGE_ONLY,8.0,quadratic_minus_linear,temperature_minus_equivalent,K,ESTIMABLE,0.0151877336620209,0.0016670968899138,0.0261940755447419,0.0063159274755115,0.0245269786548281,1000.0,0.0
phoenix,28192,2023-06-26,grid_01,0.1,0.2,BLOCK_RANGE_ONLY,1.0,linear,temperature,K,ESTIMABLE,1.2318634831190292,1.1710527356209588,1.2895161691577883,0.0308502265274561,0.1184634335368297,1000.0,0.0
phoenix,28192,2023-06-26,grid_01,0.1,0.2,BLOCK_RANGE_ONLY,1.0,linear,emitted_flux,W/m2,ESTIMABLE,10.263647692709648,9.805838505720205,10.70909593494878,0.2337043606782256,0.9032574292285762,1000.0,0.0
phoenix,28192,2023-06-26,grid_01,0.1,0.2,BLOCK_RANGE_ONLY,1.0,linear,temperature_equivalent,K,ESTIMABLE,1.542745019092706,1.4734439413085385,1.61021913357463,0.035388435152917,0.1367751922660915,1000.0,0.0
phoenix,28192,2023-06-26,grid_01,0.1,0.2,BLOCK_RANGE_ONLY,1.0,linear,temperature_minus_equivalent,K,ESTIMABLE,-0.3108815359736769,-0.3351073976246198,-0.2849876215393165,0.0127791084303442,0.0501197760853032,1000.0,0.0
phoenix,28192,2023-06-26,grid_01,0.1,0.2,BLOCK_RANGE_ONLY,1.0,quadratic,temperature,K,ESTIMABLE,1.6163677801328598,1.4445154487485137,1.7920081120779203,0.0898865584922091,0.3474926633294068,1000.0,0.0
phoenix,28192,2023-06-26,grid_01,0.1,0.2,BLOCK_RANGE_ONLY,1.0,quadratic,emitted_flux,W/m2,ESTIMABLE,13.537965280625723,12.25471952283264,14.935259321823631,0.6830031348940062,2.680539798990992,1000.0,0.0
phoenix,28192,2023-06-26,grid_01,0.1,0.2,BLOCK_RANGE_ONLY,1.0,quadratic,temperature_equivalent,K,ESTIMABLE,2.039742490114804,1.8446807713241484,2.2525562214842765,0.1039225344227358,0.407875450160128,1000.0,0.0
phoenix,28192,2023-06-26,grid_01,0.1,0.2,BLOCK_RANGE_ONLY,1.0,quadratic,temperature_minus_equivalent,K,ESTIMABLE,-0.4233747099819445,-0.493314135196039,-0.3635929897984001,0.0341587574300948,0.1297211453976389,1000.0,0.0
phoenix,28192,2023-06-26,grid_01,0.1,0.2,BLOCK_RANGE_ONLY,1.0,quadratic_minus_linear,temperature,K,ESTIMABLE,0.3845042970138306,0.2225169642831467,0.5618896926295474,0.0863342624485718,0.3393727283464006,1000.0,0.0
phoenix,28192,2023-06-26,grid_01,0.1,0.2,BLOCK_RANGE_ONLY,1.0,quadratic_minus_linear,emitted_flux,W/m2,ESTIMABLE,3.2743175879160784,2.025993231401933,4.672677369802078,0.6636342997962256,2.646684138400145,1000.0,0.0
phoenix,28192,2023-06-26,grid_01,0.1,0.2,BLOCK_RANGE_ONLY,1.0,quadratic_minus_linear,temperature_equivalent,K,ESTIMABLE,0.4969974710220981,0.3073037020632156,0.7101513040138258,0.1009595667165415,0.4028476019506101,1000.0,0.0
phoenix,28192,2023-06-26,grid_01,0.1,0.2,BLOCK_RANGE_ONLY,1.0,quadratic_minus_linear,temperature_minus_equivalent,K,ESTIMABLE,-0.1124931740082675,-0.18255821010944,-0.0537211866830555,0.0335417375496577,0.1288370234263845,1000.0,0.0
phoenix,28192,2023-06-26,grid_01,0.1,0.2,BLOCK_RANGE_ONLY,8.0,linear,temperature,K,ESTIMABLE,1.2318634831190292,1.1420574718326413,1.329945031584608,0.0476015276573618,0.1878875597519667,1000.0,0.0
phoenix,28192,2023-06-26,grid_01,0.1,0.2,BLOCK_RANGE_ONLY,8.0,linear,emitted_flux,W/m2,ESTIMABLE,10.263647692709648,9.480640835232368,11.106897663584968,0.419007768257302,1.6262568283525989,1000.0,0.0
phoenix,28192,2023-06-26,grid_01,0.1,0.2,BLOCK_RANGE_ONLY,8.0,linear,temperature_equivalent,K,ESTIMABLE,1.542745019092706,1.4242449139599984,1.670512896895879,0.0634523764582299,0.2462679829358804,1000.0,0.0
phoenix,28192,2023-06-26,grid_01,0.1,0.2,BLOCK_RANGE_ONLY,8.0,linear,temperature_minus_equivalent,K,ESTIMABLE,-0.3108815359736769,-0.3670412409302898,-0.2600318861523145,0.0291935191345962,0.1070093547779753,1000.0,0.0
phoenix,28192,2023-06-26,grid_01,0.1,0.2,BLOCK_RANGE_ONLY,8.0,quadratic,temperature,K,ESTIMABLE,1.6163677801328598,1.2735993292727097,1.988132644392584,0.1846655687201503,0.7145333151198747,1000.0,0.0
phoenix,28192,2023-06-26,grid_01,0.1,0.2,BLOCK_RANGE_ONLY,8.0,quadratic,emitted_flux,W/m2,ESTIMABLE,13.537965280625723,10.695550380028289,16.656072521865255,1.4962692248881593,5.960522141836968,1000.0,0.0
phoenix,28192,2023-06-26,grid_01,0.1,0.2,BLOCK_RANGE_ONLY,8.0,quadratic,temperature_equivalent,K,ESTIMABLE,2.039742490114804,1.6081666824369107,2.5152421118442847,0.2276995369894603,0.907075429407374,1000.0,0.0
phoenix,28192,2023-06-26,grid_01,0.1,0.2,BLOCK_RANGE_ONLY,8.0,quadratic,temperature_minus_equivalent,K,ESTIMABLE,-0.4233747099819445,-0.5341298094625562,-0.3175478186666755,0.0557195803080615,0.2165819907958807,1000.0,0.0
phoenix,28192,2023-06-26,grid_01,0.1,0.2,BLOCK_RANGE_ONLY,8.0,quadratic_minus_linear,temperature,K,ESTIMABLE,0.3845042970138306,0.078365191433489,0.7185093924012079,0.1633743399268374,0.6401442009677188,1000.0,0.0
phoenix,28192,2023-06-26,grid_01,0.1,0.2,BLOCK_RANGE_ONLY,8.0,quadratic_minus_linear,emitted_flux,W/m2,ESTIMABLE,3.2743175879160784,0.7897396932017976,5.993858302043132,1.3182937050694103,5.204118608841335,1000.0,0.0
phoenix,28192,2023-06-26,grid_01,0.1,0.2,BLOCK_RANGE_ONLY,8.0,quadratic_minus_linear,temperature_equivalent,K,ESTIMABLE,0.4969974710220981,0.119649421281494,0.911617891154411,0.2007088475164333,0.791968469872917,1000.0,0.0
phoenix,28192,2023-06-26,grid_01,0.1,0.2,BLOCK_RANGE_ONLY,8.0,quadratic_minus_linear,temperature_minus_equivalent,K,ESTIMABLE,-0.1124931740082675,-0.2113908805797836,-0.0119534348337371,0.0514983202847507,0.1994374457460464,1000.0,0.0
phoenix,28192,2023-06-26,grid_02,0.2,0.3,BLOCK_RANGE_ONLY,1.0,linear,temperature,K,ESTIMABLE,1.231863483119029,1.1710527356209586,1.289516169157788,0.0308502265274561,0.1184634335368295,1000.0,0.0
phoenix,28192,2023-06-26,grid_02,0.2,0.3,BLOCK_RANGE_ONLY,1.0,linear,emitted_flux,W/m2,ESTIMABLE,10.263647692709643,9.8058385057202,10.709095934948776,0.2337043606782254,0.9032574292285744,1000.0,0.0
phoenix,28192,2023-06-26,grid_02,0.2,0.3,BLOCK_RANGE_ONLY,1.0,linear,temperature_equivalent,K,ESTIMABLE,1.542745019092706,1.4734439413085385,1.61021913357463,0.0353884351529171,0.1367751922660915,1000.0,0.0
phoenix,28192,2023-06-26,grid_02,0.2,0.3,BLOCK_RANGE_ONLY,1.0,linear,temperature_minus_equivalent,K,ESTIMABLE,-0.3108815359736772,-0.3351073976246201,-0.284987621539317,0.0127791084303443,0.0501197760853031,1000.0,0.0
phoenix,28192,2023-06-26,grid_02,0.2,0.3,BLOCK_RANGE_ONLY,1.0,quadratic,temperature,K,ESTIMABLE,2.05341105800945,1.7018416848953644,2.4270827815533584,0.1846459651846047,0.7252410966579941,1000.0,0.0
phoenix,28192,2023-06-26,grid_02,0.2,0.3,BLOCK_RANGE_ONLY,1.0,quadratic,emitted_flux,W/m2,ESTIMABLE,17.25968829528514,14.650741840308784,20.145541590660628,1.4107543213938625,5.494799750351845,1000.0,0.0
phoenix,28192,2023-06-26,grid_02,0.2,0.3,BLOCK_RANGE_ONLY,1.0,quadratic,temperature_equivalent,K,ESTIMABLE,2.607542631184799,2.209187767216636,3.0499616602201027,0.2158380520416666,0.8407738930034667,1000.0,0.0
phoenix,28192,2023-06-26,grid_02,0.2,0.3,BLOCK_RANGE_ONLY,1.0,quadratic,temperature_minus_equivalent,K,ESTIMABLE,-0.5541315731753493,-0.7086543461731204,-0.4313489816794599,0.0715137273069673,0.2773053644936604,1000.0,0.0
phoenix,28192,2023-06-26,grid_02,0.2,0.3,BLOCK_RANGE_ONLY,1.0,quadratic_minus_linear,temperature,K,ESTIMABLE,0.8215475748904209,0.4764632067030012,1.1984564094096044,0.1839325091974269,0.7219932027066032,1000.0,0.0
phoenix,28192,2023-06-26,grid_02,0.2,0.3,BLOCK_RANGE_ONLY,1.0,quadratic_minus_linear,emitted_flux,W/m2,ESTIMABLE,6.996040602575498,4.335779819026275,9.96515357499709,1.4129147200929255,5.629373755970816,1000.0,0.0
phoenix,28192,2023-06-26,grid_02,0.2,0.3,BLOCK_RANGE_ONLY,1.0,quadratic_minus_linear,temperature_equivalent,K,ESTIMABLE,1.064797612092093,0.6587614923928115,1.51982714231642,0.21613453142386,0.8610656499236086,1000.0,0.0
phoenix,28192,2023-06-26,grid_02,0.2,0.3,BLOCK_RANGE_ONLY,1.0,quadratic_minus_linear,temperature_minus_equivalent,K,ESTIMABLE,-0.2432500372016721,-0.3927831918980828,-0.1167004893002358,0.0722038603530935,0.2760827025978469,1000.0,0.0
phoenix,28192,2023-06-26,grid_02,0.2,0.3,BLOCK_RANGE_ONLY,8.0,linear,temperature,K,ESTIMABLE,1.231863483119029,1.142057471832641,1.3299450315846075,0.0476015276573618,0.1878875597519664,1000.0,0.0
phoenix,28192,2023-06-26,grid_02,0.2,0.3,BLOCK_RANGE_ONLY,8.0,linear,emitted_flux,W/m2,ESTIMABLE,10.263647692709643,9.480640835232366,11.106897663584965,0.4190077682573018,1.6262568283525989,1000.0,0.0
phoenix,28192,2023-06-26,grid_02,0.2,0.3,BLOCK_RANGE_ONLY,8.0,linear,temperature_equivalent,K,ESTIMABLE,1.542745019092706,1.4242449139599984,1.670512896895879,0.06345237645823,0.2462679829358804,1000.0,0.0
phoenix,28192,2023-06-26,grid_02,0.2,0.3,BLOCK_RANGE_ONLY,8.0,linear,temperature_minus_equivalent,K,ESTIMABLE,-0.3108815359736772,-0.36704124093029,-0.2600318861523149,0.029193519134596,0.107009354777975,1000.0,0.0
phoenix,28192,2023-06-26,grid_02,0.2,0.3,BLOCK_RANGE_ONLY,8.0,quadratic,temperature,K,ESTIMABLE,2.05341105800945,1.3838663904121613,2.7797499099616867,0.3642048416442501,1.3958835195495254,1000.0,0.0
phoenix,28192,2023-06-26,grid_02,0.2,0.3,BLOCK_RANGE_ONLY,8.0,quadratic,emitted_flux,W/m2,ESTIMABLE,17.25968829528514,11.805241268438932,23.279395602180113,2.93722203616751,11.47415433374118,1000.0,0.0
phoenix,28192,2023-06-26,grid_02,0.2,0.3,BLOCK_RANGE_ONLY,8.0,quadratic,temperature_equivalent,K,ESTIMABLE,2.607542631184799,1.7764433422909307,3.5325439645628944,0.4494963629570432,1.7561006222719635,1000.0,0.0
phoenix,28192,2023-06-26,grid_02,0.2,0.3,BLOCK_RANGE_ONLY,8.0,quadratic,temperature_minus_equivalent,K,ESTIMABLE,-0.5541315731753493,-0.7684571101772251,-0.3477140514165258,0.1109399144642571,0.4207430587606993,1000.0,0.0
phoenix,28192,2023-06-26,grid_02,0.2,0.3,BLOCK_RANGE_ONLY,8.0,quadratic_minus_linear,temperature,K,ESTIMABLE,0.8215475748904209,0.1684300534973447,1.526030492328547,0.3457902086091261,1.3576004388312024,1000.0,0.0
phoenix,28192,2023-06-26,grid_02,0.2,0.3,BLOCK_RANGE_ONLY,8.0,quadratic_minus_linear,emitted_flux,W/m2,ESTIMABLE,6.996040602575498,1.6974164233390296,12.667704417475257,2.788119133916211,10.970287994136228,1000.0,0.0
phoenix,28192,2023-06-26,grid_02,0.2,0.3,BLOCK_RANGE_ONLY,8.0,quadratic_minus_linear,temperature_equivalent,K,ESTIMABLE,1.064797612092093,0.2573428170440038,1.9377780544331145,0.4268759249392455,1.6804352373891105,1000.0,0.0
phoenix,28192,2023-06-26,grid_02,0.2,0.3,BLOCK_RANGE_ONLY,8.0,quadratic_minus_linear,temperature_minus_equivalent,K,ESTIMABLE,-0.2432500372016721,-0.4568444849560463,-0.026791849229294,0.111094106397676,0.4300526357267522,1000.0,0.0
phoenix,28192,2023-06-26,grid_03,0.3,0.4,NO_SPANNING_BLOCKS,,,,,NOT_ESTIMATED_NO_REFERENCE_BLOCKS,,,,,,,
phoenix,28192,2023-06-26,grid_04,0.4,0.5,NO_SPANNING_BLOCKS,,,,,NOT_ESTIMATED_NO_REFERENCE_BLOCKS,,,,,,,
phoenix,28192,2023-06-26,grid_05,0.5,0.6,NO_SPANNING_BLOCKS,,,,,NOT_ESTIMATED_NO_REFERENCE_BLOCKS,,,,,,,
phoenix,28192,2023-06-26,grid_06,0.6,0.7,NO_SPANNING_BLOCKS,,,,,NOT_ESTIMATED_NO_REFERENCE_BLOCKS,,,,,,,
phoenix,28192,2023-06-26,grid_07,0.7,0.8,NO_SPANNING_BLOCKS,,,,,NOT_ESTIMATED_NO_REFERENCE_BLOCKS,,,,,,,
phoenix,28192,2023-06-26,grid_08,0.8,0.9,NO_SPANNING_BLOCKS,,,,,NOT_ESTIMATED_NO_REFERENCE_BLOCKS,,,,,,,
phoenix,28192,2023-06-26,grid_09,0.9,1.0,NO_SPANNING_BLOCKS,,,,,NOT_ESTIMATED_NO_REFERENCE_BLOCKS,,,,,,,
phoenix,28706,2023-07-29,near_-0.02,0.0085095386207103,0.1085095386207103,BLOCK_RANGE_ONLY,1.0,linear,temperature,K,ESTIMABLE,1.705227828868181,1.6407965054271176,1.7723541219765244,0.0332363797452037,0.1315576165494068,1000.0,0.0
phoenix,28706,2023-07-29,near_-0.02,0.0085095386207103,0.1085095386207103,BLOCK_RANGE_ONLY,1.0,linear,emitted_flux,W/m2,ESTIMABLE,13.782603375995883,13.270870216363043,14.312681064949578,0.2730362367253922,1.0418108485865325,1000.0,0.0
phoenix,28706,2023-07-29,near_-0.02,0.0085095386207103,0.1085095386207103,BLOCK_RANGE_ONLY,1.0,linear,temperature_equivalent,K,ESTIMABLE,2.0769705280472976,1.9991122170871576,2.157681261053314,0.0415573223386508,0.158569043966156,1000.0,0.0
phoenix,28706,2023-07-29,near_-0.02,0.0085095386207103,0.1085095386207103,BLOCK_RANGE_ONLY,1.0,linear,temperature_minus_equivalent,K,ESTIMABLE,-0.3717426991791166,-0.4004130969426824,-0.3451647092711782,0.0141991050712606,0.0552483876715041,1000.0,0.0
phoenix,28706,2023-07-29,near_-0.02,0.0085095386207103,0.1085095386207103,BLOCK_RANGE_ONLY,1.0,quadratic,temperature,K,ESTIMABLE,1.687816230854874,1.624124482793848,1.753486570954029,0.0329458224215837,0.1293620881601811,1000.0,0.0
phoenix,28706,2023-07-29,near_-0.02,0.0085095386207103,0.1085095386207103,BLOCK_RANGE_ONLY,1.0,quadratic,emitted_flux,W/m2,ESTIMABLE,13.63693763157975,13.13566000690002,14.171252782230688,0.2723087197855764,1.0355927753306684,1000.0,0.0
phoenix,28706,2023-07-29,near_-0.02,0.0085095386207103,0.1085095386207103,BLOCK_RANGE_ONLY,1.0,quadratic,temperature_equivalent,K,ESTIMABLE,2.0548021016286953,1.9785501906660312,2.1361409819974453,0.0414379472985123,0.1575907913314138,1000.0,0.0
phoenix,28706,2023-07-29,near_-0.02,0.0085095386207103,0.1085095386207103,BLOCK_RANGE_ONLY,1.0,quadratic,temperature_minus_equivalent,K,ESTIMABLE,-0.3669858707738214,-0.396031085569745,-0.3407278363375285,0.0143548890778898,0.0553032492322164,1000.0,0.0
phoenix,28706,2023-07-29,near_-0.02,0.0085095386207103,0.1085095386207103,BLOCK_RANGE_ONLY,1.0,quadratic_minus_linear,temperature,K,ESTIMABLE,-0.0174115980133071,-0.0236257027745974,-0.0106347813837104,0.0033002562968847,0.012990921390887,1000.0,0.0
phoenix,28706,2023-07-29,near_-0.02,0.0085095386207103,0.1085095386207103,BLOCK_RANGE_ONLY,1.0,quadratic_minus_linear,emitted_flux,W/m2,ESTIMABLE,-0.1456657444161333,-0.1954794624063691,-0.093770188401554,0.0259078364766505,0.101709274004815,1000.0,0.0
phoenix,28706,2023-07-29,near_-0.02,0.0085095386207103,0.1085095386207103,BLOCK_RANGE_ONLY,1.0,quadratic_minus_linear,temperature_equivalent,K,ESTIMABLE,-0.0221684264186023,-0.0297526939577608,-0.014264065857381,0.0039430547059152,0.0154886281003797,1000.0,0.0
phoenix,28706,2023-07-29,near_-0.02,0.0085095386207103,0.1085095386207103,BLOCK_RANGE_ONLY,1.0,quadratic_minus_linear,temperature_minus_equivalent,K,ESTIMABLE,0.0047568284052952,0.0018488465389033,0.0075628021988577,0.0014090005802012,0.0057139556599543,1000.0,0.0
phoenix,28706,2023-07-29,near_-0.02,0.0085095386207103,0.1085095386207103,BLOCK_RANGE_ONLY,8.0,linear,temperature,K,ESTIMABLE,1.705227828868181,1.5833113924332844,1.824137076957869,0.0612327704657526,0.2408256845245846,1000.0,0.0
phoenix,28706,2023-07-29,near_-0.02,0.0085095386207103,0.1085095386207103,BLOCK_RANGE_ONLY,8.0,linear,emitted_flux,W/m2,ESTIMABLE,13.782603375995883,12.687636369242124,14.85046707378585,0.5583161237292668,2.162830704543726,1000.0,0.0
phoenix,28706,2023-07-29,near_-0.02,0.0085095386207103,0.1085095386207103,BLOCK_RANGE_ONLY,8.0,linear,temperature_equivalent,K,ESTIMABLE,2.0769705280472976,1.910446178669551,2.2396296122179193,0.0849787695066584,0.3291834335483683,1000.0,0.0
phoenix,28706,2023-07-29,near_-0.02,0.0085095386207103,0.1085095386207103,BLOCK_RANGE_ONLY,8.0,linear,temperature_minus_equivalent,K,ESTIMABLE,-0.3717426991791166,-0.4425354109184104,-0.3107146627410202,0.033767391550591,0.1318207481773902,1000.0,0.0
phoenix,28706,2023-07-29,near_-0.02,0.0085095386207103,0.1085095386207103,BLOCK_RANGE_ONLY,8.0,quadratic,temperature,K,ESTIMABLE,1.687816230854874,1.5690055955858957,1.810055984444811,0.0619871313671688,0.2410503888589152,1000.0,0.0
phoenix,28706,2023-07-29,near_-0.02,0.0085095386207103,0.1085095386207103,BLOCK_RANGE_ONLY,8.0,quadratic,emitted_flux,W/m2,ESTIMABLE,13.63693763157975,12.517908674126277,14.739731217896097,0.5723915139441551,2.22182254376982,1000.0,0.0
phoenix,28706,2023-07-29,near_-0.02,0.0085095386207103,0.1085095386207103,BLOCK_RANGE_ONLY,8.0,quadratic,temperature_equivalent,K,ESTIMABLE,2.0548021016286953,1.8846575080907289,2.2227503061497473,0.0871036463564372,0.3380927980590187,1000.0,0.0
phoenix,28706,2023-07-29,near_-0.02,0.0085095386207103,0.1085095386207103,BLOCK_RANGE_ONLY,8.0,quadratic,temperature_minus_equivalent,K,ESTIMABLE,-0.3669858707738214,-0.4387758594761197,-0.3031462207612871,0.0346679461125479,0.1356296387148325,1000.0,0.0
phoenix,28706,2023-07-29,near_-0.02,0.0085095386207103,0.1085095386207103,BLOCK_RANGE_ONLY,8.0,quadratic_minus_linear,temperature,K,ESTIMABLE,-0.0174115980133071,-0.0289859807167176,-0.0052779193791388,0.0060086236533966,0.0237080613375788,1000.0,0.0
phoenix,28706,2023-07-29,near_-0.02,0.0085095386207103,0.1085095386207103,BLOCK_RANGE_ONLY,8.0,quadratic_minus_linear,emitted_flux,W/m2,ESTIMABLE,-0.1456657444161333,-0.2408002745968161,-0.0423547251619671,0.0507442844935427,0.198445549434849,1000.0,0.0
phoenix,28706,2023-07-29,near_-0.02,0.0085095386207103,0.1085095386207103,BLOCK_RANGE_ONLY,8.0,quadratic_minus_linear,temperature_equivalent,K,ESTIMABLE,-0.0221684264186023,-0.036645465413072,-0.0064442095837563,0.0077167526345859,0.0302012558293156,1000.0,0.0
phoenix,28706,2023-07-29,near_-0.02,0.0085095386207103,0.1085095386207103,BLOCK_RANGE_ONLY,8.0,quadratic_minus_linear,temperature_minus_equivalent,K,ESTIMABLE,0.0047568284052952,-0.0008093051533615,0.0099162042168457,0.0026533662177429,0.0107255093702072,1000.0,0.0
phoenix,28706,2023-07-29,near_-0.01,0.0185095386207103,0.1185095386207103,BLOCK_RANGE_ONLY,1.0,linear,temperature,K,ESTIMABLE,1.705227828868181,1.6407965054271176,1.7723541219765244,0.0332363797452037,0.1315576165494068,1000.0,0.0
phoenix,28706,2023-07-29,near_-0.01,0.0185095386207103,0.1185095386207103,BLOCK_RANGE_ONLY,1.0,linear,emitted_flux,W/m2,ESTIMABLE,13.782603375995883,13.270870216363043,14.312681064949578,0.2730362367253922,1.0418108485865325,1000.0,0.0
phoenix,28706,2023-07-29,near_-0.01,0.0185095386207103,0.1185095386207103,BLOCK_RANGE_ONLY,1.0,linear,temperature_equivalent,K,ESTIMABLE,2.0769705280472976,1.9991122170871576,2.157681261053314,0.0415573223386508,0.158569043966156,1000.0,0.0
phoenix,28706,2023-07-29,near_-0.01,0.0185095386207103,0.1185095386207103,BLOCK_RANGE_ONLY,1.0,linear,temperature_minus_equivalent,K,ESTIMABLE,-0.3717426991791166,-0.4004130969426824,-0.3451647092711782,0.0141991050712606,0.0552483876715041,1000.0,0.0
phoenix,28706,2023-07-29,near_-0.01,0.0185095386207103,0.1185095386207103,BLOCK_RANGE_ONLY,1.0,quadratic,temperature,K,ESTIMABLE,1.7375553437383433,1.6697392645007905,1.805890203487566,0.034559739929964,0.1361509389867756,1000.0,0.0
phoenix,28706,2023-07-29,near_-0.01,0.0185095386207103,0.1185095386207103,BLOCK_RANGE_ONLY,1.0,quadratic,emitted_flux,W/m2,ESTIMABLE,14.05305595106032,13.50137400152272,14.591306530380256,0.2810552249109321,1.0899325288575366,1000.0,0.0
phoenix,28706,2023-07-29,near_-0.01,0.0185095386207103,0.1185095386207103,BLOCK_RANGE_ONLY,1.0,quadratic,temperature_equivalent,K,ESTIMABLE,2.1181423904237704,2.0341753198650663,2.200130432082463,0.0427942804711413,0.1659551122173965,1000.0,0.0
phoenix,28706,2023-07-29,near_-0.01,0.0185095386207103,0.1185095386207103,BLOCK_RANGE_ONLY,1.0,quadratic,temperature_minus_equivalent,K,ESTIMABLE,-0.3805870466854271,-0.4087386921137878,-0.3536424505145588,0.0143323572341815,0.0550962415992289,1000.0,0.0
phoenix,28706,2023-07-29,near_-0.01,0.0185095386207103,0.1185095386207103,BLOCK_RANGE_ONLY,1.0,quadratic_minus_linear,temperature,K,ESTIMABLE,0.0323275148701622,0.019001291831722,0.0488342504844285,0.0074188926891678,0.0298329586527064,1000.0,0.0
phoenix,28706,2023-07-29,near_-0.01,0.0185095386207103,0.1185095386207103,BLOCK_RANGE_ONLY,1.0,quadratic_minus_linear,emitted_flux,W/m2,ESTIMABLE,0.2704525750644375,0.1672104868948331,0.4019409562716429,0.0605542908235522,0.2347304693768097,1000.0,0.0
phoenix,28706,2023-07-29,near_-0.01,0.0185095386207103,0.1185095386207103,BLOCK_RANGE_ONLY,1.0,quadratic_minus_linear,temperature_equivalent,K,ESTIMABLE,0.0411718623764727,0.02544593599183,0.061200389956258,0.0092207797645506,0.035754453964428,1000.0,0.0
phoenix,28706,2023-07-29,near_-0.01,0.0185095386207103,0.1185095386207103,BLOCK_RANGE_ONLY,1.0,quadratic_minus_linear,temperature_minus_equivalent,K,ESTIMABLE,-0.0088443475063104,-0.0144718522395967,-0.0032075218471491,0.002938366335066,0.0112643303924476,1000.0,0.0
phoenix,28706,2023-07-29,near_-0.01,0.0185095386207103,0.1185095386207103,BLOCK_RANGE_ONLY,8.0,linear,temperature,K,ESTIMABLE,1.705227828868181,1.5833113924332844,1.824137076957869,0.0612327704657526,0.2408256845245846,1000.0,0.0
phoenix,28706,2023-07-29,near_-0.01,0.0185095386207103,0.1185095386207103,BLOCK_RANGE_ONLY,8.0,linear,emitted_flux,W/m2,ESTIMABLE,13.782603375995883,12.687636369242124,14.85046707378585,0.5583161237292668,2.162830704543726,1000.0,0.0
phoenix,28706,2023-07-29,near_-0.01,0.0185095386207103,0.1185095386207103,BLOCK_RANGE_ONLY,8.0,linear,temperature_equivalent,K,ESTIMABLE,2.0769705280472976,1.910446178669551,2.2396296122179193,0.0849787695066584,0.3291834335483683,1000.0,0.0
phoenix,28706,2023-07-29,near_-0.01,0.0185095386207103,0.1185095386207103,BLOCK_RANGE_ONLY,8.0,linear,temperature_minus_equivalent,K,ESTIMABLE,-0.3717426991791166,-0.4425354109184104,-0.3107146627410202,0.033767391550591,0.1318207481773902,1000.0,0.0
phoenix,28706,2023-07-29,near_-0.01,0.0185095386207103,0.1185095386207103,BLOCK_RANGE_ONLY,8.0,quadratic,temperature,K,ESTIMABLE,1.7375553437383433,1.6084475085045542,1.870222343643798,0.0679811455416327,0.2617748351392437,1000.0,0.0
phoenix,28706,2023-07-29,near_-0.01,0.0185095386207103,0.1185095386207103,BLOCK_RANGE_ONLY,8.0,quadratic,emitted_flux,W/m2,ESTIMABLE,14.05305595106032,12.917095506416482,15.278340943222572,0.6132488742065832,2.3612454368060902,1000.0,0.0
phoenix,28706,2023-07-29,near_-0.01,0.0185095386207103,0.1185095386207103,BLOCK_RANGE_ONLY,8.0,quadratic,temperature_equivalent,K,ESTIMABLE,2.1181423904237704,1.9453206740562805,2.3048755249511186,0.0933809569408926,0.3595548508948381,1000.0,0.0
phoenix,28706,2023-07-29,near_-0.01,0.0185095386207103,0.1185095386207103,BLOCK_RANGE_ONLY,8.0,quadratic,temperature_minus_equivalent,K,ESTIMABLE,-0.3805870466854271,-0.455802876553698,-0.316428829673179,0.0351188385302293,0.139374046880519,1000.0,0.0
phoenix,28706,2023-07-29,near_-0.01,0.0185095386207103,0.1185095386207103,BLOCK_RANGE_ONLY,8.0,quadratic_minus_linear,temperature,K,ESTIMABLE,0.0323275148701622,0.0070338449226765,0.074011974338993,0.017426989336291,0.0669781294163164,1000.0,0.0
phoenix,28706,2023-07-29,near_-0.01,0.0185095386207103,0.1185095386207103,BLOCK_RANGE_ONLY,8.0,quadratic_minus_linear,emitted_flux,W/m2,ESTIMABLE,0.2704525750644375,0.0628917513712507,0.62293274110022,0.1469607237236965,0.5600409897289693,1000.0,0.0
phoenix,28706,2023-07-29,near_-0.01,0.0185095386207103,0.1185095386207103,BLOCK_RANGE_ONLY,8.0,quadratic_minus_linear,temperature_equivalent,K,ESTIMABLE,0.0411718623764727,0.0095567668682832,0.0948216388753678,0.0223905503528322,0.0852648720070845,1000.0,0.0
phoenix,28706,2023-07-29,near_-0.01,0.0185095386207103,0.1185095386207103,BLOCK_RANGE_ONLY,8.0,quadratic_minus_linear,temperature_minus_equivalent,K,ESTIMABLE,-0.0088443475063104,-0.0230565060671758,0.0009901572759808,0.0061658828457945,0.0240466633431566,1000.0,0.0
phoenix,28706,2023-07-29,historical,0.0285095386207103,0.1285095386207103,BLOCK_RANGE_ONLY,1.0,linear,temperature,K,ESTIMABLE,1.705227828868181,1.6407965054271176,1.7723541219765244,0.0332363797452037,0.1315576165494068,1000.0,0.0
phoenix,28706,2023-07-29,historical,0.0285095386207103,0.1285095386207103,BLOCK_RANGE_ONLY,1.0,linear,emitted_flux,W/m2,ESTIMABLE,13.782603375995883,13.270870216363043,14.312681064949578,0.2730362367253922,1.0418108485865325,1000.0,0.0
phoenix,28706,2023-07-29,historical,0.0285095386207103,0.1285095386207103,BLOCK_RANGE_ONLY,1.0,linear,temperature_equivalent,K,ESTIMABLE,2.0769705280472976,1.9991122170871576,2.157681261053314,0.0415573223386508,0.158569043966156,1000.0,0.0
phoenix,28706,2023-07-29,historical,0.0285095386207103,0.1285095386207103,BLOCK_RANGE_ONLY,1.0,linear,temperature_minus_equivalent,K,ESTIMABLE,-0.3717426991791166,-0.4004130969426824,-0.3451647092711782,0.0141991050712606,0.0552483876715041,1000.0,0.0
phoenix,28706,2023-07-29,historical,0.0285095386207103,0.1285095386207103,BLOCK_RANGE_ONLY,1.0,quadratic,temperature,K,ESTIMABLE,1.7872944566218127,1.7104460024122934,1.864838125643856,0.0388188519205185,0.1543921232315626,1000.0,0.0
phoenix,28706,2023-07-29,historical,0.0285095386207103,0.1285095386207103,BLOCK_RANGE_ONLY,1.0,quadratic,emitted_flux,W/m2,ESTIMABLE,14.469174270540895,13.847608301696027,15.07735915246135,0.311504867705602,1.2297508507653223,1000.0,0.0
phoenix,28706,2023-07-29,historical,0.0285095386207103,0.1285095386207103,BLOCK_RANGE_ONLY,1.0,quadratic,temperature_equivalent,K,ESTIMABLE,2.1815211985571636,2.0868649518847917,2.2742229898923156,0.0474591437274272,0.1873580380075239,1000.0,0.0
phoenix,28706,2023-07-29,historical,0.0285095386207103,0.1285095386207103,BLOCK_RANGE_ONLY,1.0,quadratic,temperature_minus_equivalent,K,ESTIMABLE,-0.3942267419353509,-0.4246292466668119,-0.3647575327109909,0.0155176351977037,0.059871713955821,1000.0,0.0
phoenix,28706,2023-07-29,historical,0.0285095386207103,0.1285095386207103,BLOCK_RANGE_ONLY,1.0,quadratic_minus_linear,temperature,K,ESTIMABLE,0.0820666277536317,0.0493800605366796,0.1202451368673015,0.017400214862174,0.0708650763306218,1000.0,0.0
phoenix,28706,2023-07-29,historical,0.0285095386207103,0.1285095386207103,BLOCK_RANGE_ONLY,1.0,quadratic_minus_linear,emitted_flux,W/m2,ESTIMABLE,0.686570894545012,0.4297722899792087,0.977745196586941,0.1409456308633251,0.5479729066077323,1000.0,0.0
phoenix,28706,2023-07-29,historical,0.0285095386207103,0.1285095386207103,BLOCK_RANGE_ONLY,1.0,quadratic_minus_linear,temperature_equivalent,K,ESTIMABLE,0.104550670509866,0.0654715214422964,0.1488670224711725,0.0214758791397269,0.0833955010288761,1000.0,0.0
phoenix,28706,2023-07-29,historical,0.0285095386207103,0.1285095386207103,BLOCK_RANGE_ONLY,1.0,quadratic_minus_linear,temperature_minus_equivalent,K,ESTIMABLE,-0.0224840427562342,-0.0363717815420948,-0.0081560135497962,0.0071643786005984,0.0282157679922985,1000.0,0.0
phoenix,28706,2023-07-29,historical,0.0285095386207103,0.1285095386207103,BLOCK_RANGE_ONLY,8.0,linear,temperature,K,ESTIMABLE,1.705227828868181,1.5833113924332844,1.824137076957869,0.0612327704657526,0.2408256845245846,1000.0,0.0
phoenix,28706,2023-07-29,historical,0.0285095386207103,0.1285095386207103,BLOCK_RANGE_ONLY,8.0,linear,emitted_flux,W/m2,ESTIMABLE,13.782603375995883,12.687636369242124,14.85046707378585,0.5583161237292668,2.162830704543726,1000.0,0.0
phoenix,28706,2023-07-29,historical,0.0285095386207103,0.1285095386207103,BLOCK_RANGE_ONLY,8.0,linear,temperature_equivalent,K,ESTIMABLE,2.0769705280472976,1.910446178669551,2.2396296122179193,0.0849787695066584,0.3291834335483683,1000.0,0.0
phoenix,28706,2023-07-29,historical,0.0285095386207103,0.1285095386207103,BLOCK_RANGE_ONLY,8.0,linear,temperature_minus_equivalent,K,ESTIMABLE,-0.3717426991791166,-0.4425354109184104,-0.3107146627410202,0.033767391550591,0.1318207481773902,1000.0,0.0
phoenix,28706,2023-07-29,historical,0.0285095386207103,0.1285095386207103,BLOCK_RANGE_ONLY,8.0,quadratic,temperature,K,ESTIMABLE,1.7872944566218127,1.640627560110694,1.949571274508888,0.0788222745312621,0.3089437143981941,1000.0,0.0
phoenix,28706,2023-07-29,historical,0.0285095386207103,0.1285095386207103,BLOCK_RANGE_ONLY,8.0,quadratic,emitted_flux,W/m2,ESTIMABLE,14.469174270540895,13.224236265838233,15.903488935347536,0.6942025395462701,2.679252669509305,1000.0,0.0
phoenix,28706,2023-07-29,historical,0.0285095386207103,0.1285095386207103,BLOCK_RANGE_ONLY,8.0,quadratic,temperature_equivalent,K,ESTIMABLE,2.1815211985571636,1.9920199240610017,2.4002770420436192,0.1057770313527447,0.4082571179826175,1000.0,0.0
phoenix,28706,2023-07-29,historical,0.0285095386207103,0.1285095386207103,BLOCK_RANGE_ONLY,8.0,quadratic,temperature_minus_equivalent,K,ESTIMABLE,-0.3942267419353509,-0.4735199374747441,-0.3288134060915269,0.0372942772792826,0.1447065313832171,1000.0,0.0
phoenix,28706,2023-07-29,historical,0.0285095386207103,0.1285095386207103,BLOCK_RANGE_ONLY,8.0,quadratic_minus_linear,temperature,K,ESTIMABLE,0.0820666277536317,0.0210664480508592,0.1665191637501564,0.0371991864904764,0.1454527156992971,1000.0,0.0
phoenix,28706,2023-07-29,historical,0.0285095386207103,0.1285095386207103,BLOCK_RANGE_ONLY,8.0,quadratic_minus_linear,emitted_flux,W/m2,ESTIMABLE,0.686570894545012,0.1812359710595703,1.3911504197499915,0.3130826950543783,1.2099144486904212,1000.0,0.0
phoenix,28706,2023-07-29,historical,0.0285095386207103,0.1285095386207103,BLOCK_RANGE_ONLY,8.0,quadratic_minus_linear,temperature_equivalent,K,ESTIMABLE,0.104550670509866,0.0275482492942089,0.2122092351826807,0.047728376297591,0.1846609858884718,1000.0,0.0
phoenix,28706,2023-07-29,historical,0.0285095386207103,0.1285095386207103,BLOCK_RANGE_ONLY,8.0,quadratic_minus_linear,temperature_minus_equivalent,K,ESTIMABLE,-0.0224840427562342,-0.05186859731037,0.0029460256813253,0.0139599747183598,0.0548146229916953,1000.0,0.0
phoenix,28706,2023-07-29,near_+0.01,0.0385095386207103,0.1385095386207104,BLOCK_RANGE_ONLY,1.0,linear,temperature,K,ESTIMABLE,1.705227828868181,1.6407965054271176,1.7723541219765244,0.0332363797452037,0.1315576165494068,1000.0,0.0
phoenix,28706,2023-07-29,near_+0.01,0.0385095386207103,0.1385095386207104,BLOCK_RANGE_ONLY,1.0,linear,emitted_flux,W/m2,ESTIMABLE,13.782603375995883,13.270870216363043,14.312681064949578,0.2730362367253922,1.0418108485865325,1000.0,0.0
phoenix,28706,2023-07-29,near_+0.01,0.0385095386207103,0.1385095386207104,BLOCK_RANGE_ONLY,1.0,linear,temperature_equivalent,K,ESTIMABLE,2.0769705280472976,1.9991122170871576,2.157681261053314,0.0415573223386508,0.158569043966156,1000.0,0.0
phoenix,28706,2023-07-29,near_+0.01,0.0385095386207103,0.1385095386207104,BLOCK_RANGE_ONLY,1.0,linear,temperature_minus_equivalent,K,ESTIMABLE,-0.3717426991791166,-0.4004130969426824,-0.3451647092711782,0.0141991050712606,0.0552483876715041,1000.0,0.0
phoenix,28706,2023-07-29,near_+0.01,0.0385095386207103,0.1385095386207104,BLOCK_RANGE_ONLY,1.0,quadratic,temperature,K,ESTIMABLE,1.8370335695052824,1.7494543170081929,1.927242661871522,0.0449778849684565,0.177788344863329,1000.0,0.0
phoenix,28706,2023-07-29,near_+0.01,0.0385095386207103,0.1385095386207104,BLOCK_RANGE_ONLY,1.0,quadratic,emitted_flux,W/m2,ESTIMABLE,14.885292590021468,14.172910334680717,15.589034031639544,0.3581644431471519,1.4161236969588271,1000.0,0.0
phoenix,28706,2023-07-29,near_+0.01,0.0385095386207103,0.1385095386207104,BLOCK_RANGE_ONLY,1.0,quadratic,temperature_equivalent,K,ESTIMABLE,2.2449385807314,2.136393412158327,2.352278319765732,0.0546012752850105,0.2158849076074047,1000.0,0.0
phoenix,28706,2023-07-29,near_+0.01,0.0385095386207103,0.1385095386207104,BLOCK_RANGE_ONLY,1.0,quadratic,temperature_minus_equivalent,K,ESTIMABLE,-0.407905011226118,-0.4413212560217138,-0.3740604980422626,0.0176766222779596,0.0672607579794511,1000.0,0.0
phoenix,28706,2023-07-29,near_+0.01,0.0385095386207103,0.1385095386207104,BLOCK_RANGE_ONLY,1.0,quadratic_minus_linear,temperature,K,ESTIMABLE,0.1318057406371011,0.0791867416595563,0.1920095705400385,0.0274604118172766,0.1128228288804821,1000.0,0.0
phoenix,28706,2023-07-29,near_+0.01,0.0385095386207103,0.1385095386207104,BLOCK_RANGE_ONLY,1.0,quadratic_minus_linear,emitted_flux,W/m2,ESTIMABLE,1.1026892140255846,0.6975092017661655,1.5619144056571488,0.2219634252705903,0.8644052038909833,1000.0,0.0
phoenix,28706,2023-07-29,near_+0.01,0.0385095386207103,0.1385095386207104,BLOCK_RANGE_ONLY,1.0,quadratic_minus_linear,temperature_equivalent,K,ESTIMABLE,0.1679680526841025,0.1061290958181217,0.2381826741359106,0.033841623835307,0.1320535783177888,1000.0,0.0
phoenix,28706,2023-07-29,near_+0.01,0.0385095386207103,0.1385095386207104,BLOCK_RANGE_ONLY,1.0,quadratic_minus_linear,temperature_minus_equivalent,K,ESTIMABLE,-0.0361623120470013,-0.0579888073439601,-0.013082345088078,0.0114160771970837,0.044906462255882,1000.0,0.0
phoenix,28706,2023-07-29,near_+0.01,0.0385095386207103,0.1385095386207104,BLOCK_RANGE_ONLY,8.0,linear,temperature,K,ESTIMABLE,1.705227828868181,1.5833113924332844,1.824137076957869,0.0612327704657526,0.2408256845245846,1000.0,0.0
phoenix,28706,2023-07-29,near_+0.01,0.0385095386207103,0.1385095386207104,BLOCK_RANGE_ONLY,8.0,linear,emitted_flux,W/m2,ESTIMABLE,13.782603375995883,12.687636369242124,14.85046707378585,0.5583161237292668,2.162830704543726,1000.0,0.0
phoenix,28706,2023-07-29,near_+0.01,0.0385095386207103,0.1385095386207104,BLOCK_RANGE_ONLY,8.0,linear,temperature_equivalent,K,ESTIMABLE,2.0769705280472976,1.910446178669551,2.2396296122179193,0.0849787695066584,0.3291834335483683,1000.0,0.0
phoenix,28706,2023-07-29,near_+0.01,0.0385095386207103,0.1385095386207104,BLOCK_RANGE_ONLY,8.0,linear,temperature_minus_equivalent,K,ESTIMABLE,-0.3717426991791166,-0.4425354109184104,-0.3107146627410202,0.033767391550591,0.1318207481773902,1000.0,0.0
phoenix,28706,2023-07-29,near_+0.01,0.0385095386207103,0.1385095386207104,BLOCK_RANGE_ONLY,8.0,quadratic,temperature,K,ESTIMABLE,1.8370335695052824,1.669899251589691,2.02319722478148,0.0928275222900927,0.3532979731917887,1000.0,0.0
phoenix,28706,2023-07-29,near_+0.01,0.0385095386207103,0.1385095386207104,BLOCK_RANGE_ONLY,8.0,quadratic,emitted_flux,W/m2,ESTIMABLE,14.885292590021468,13.465979598140592,16.551024341845334,0.8032191468247185,3.085044743704742,1000.0,0.0
phoenix,28706,2023-07-29,near_+0.01,0.0385095386207103,0.1385095386207104,BLOCK_RANGE_ONLY,8.0,quadratic,temperature_equivalent,K,ESTIMABLE,2.2449385807314,2.02879053364466,2.499187269680354,0.1224684636113854,0.4703967360356942,1000.0,0.0
phoenix,28706,2023-07-29,near_+0.01,0.0385095386207103,0.1385095386207104,BLOCK_RANGE_ONLY,8.0,quadratic,temperature_minus_equivalent,K,ESTIMABLE,-0.407905011226118,-0.4955244231624098,-0.3347595454849054,0.0409352349796678,0.1607648776775043,1000.0,0.0
phoenix,28706,2023-07-29,near_+0.01,0.0385095386207103,0.1385095386207104,BLOCK_RANGE_ONLY,8.0,quadratic_minus_linear,temperature,K,ESTIMABLE,0.1318057406371011,0.0352165684329967,0.2583751838988893,0.0572393406049221,0.2231586154658925,1000.0,0.0
phoenix,28706,2023-07-29,near_+0.01,0.0385095386207103,0.1385095386207104,BLOCK_RANGE_ONLY,8.0,quadratic_minus_linear,emitted_flux,W/m2,ESTIMABLE,1.1026892140255846,0.2990554132508177,2.16093321910391,0.4815027946794515,1.8618778058530925,1000.0,0.0
phoenix,28706,2023-07-29,near_+0.01,0.0385095386207103,0.1385095386207104,BLOCK_RANGE_ONLY,8.0,quadratic_minus_linear,temperature_equivalent,K,ESTIMABLE,0.1679680526841025,0.0454946546606677,0.3295066315897713,0.0734484640750418,0.2840119769291035,1000.0,0.0
phoenix,28706,2023-07-29,near_+0.01,0.0385095386207103,0.1385095386207104,BLOCK_RANGE_ONLY,8.0,quadratic_minus_linear,temperature_minus_equivalent,K,ESTIMABLE,-0.0361623120470013,-0.0812960382768067,0.0048863668173732,0.0218829678003175,0.08618240509418,1000.0,0.0
phoenix,28706,2023-07-29,near_+0.02,0.0485095386207103,0.1485095386207103,BLOCK_RANGE_ONLY,1.0,linear,temperature,K,ESTIMABLE,1.7052278288681808,1.6407965054271174,1.7723541219765242,0.0332363797452037,0.1315576165494068,1000.0,0.0
phoenix,28706,2023-07-29,near_+0.02,0.0485095386207103,0.1485095386207103,BLOCK_RANGE_ONLY,1.0,linear,emitted_flux,W/m2,ESTIMABLE,13.78260337599588,13.270870216363043,14.312681064949576,0.2730362367253922,1.0418108485865325,1000.0,0.0
phoenix,28706,2023-07-29,near_+0.02,0.0485095386207103,0.1485095386207103,BLOCK_RANGE_ONLY,1.0,linear,temperature_equivalent,K,ESTIMABLE,2.0769705280472976,1.9991122170871576,2.157681261053314,0.0415573223386509,0.158569043966156,1000.0,0.0
phoenix,28706,2023-07-29,near_+0.02,0.0485095386207103,0.1485095386207103,BLOCK_RANGE_ONLY,1.0,linear,temperature_minus_equivalent,K,ESTIMABLE,-0.3717426991791168,-0.4004130969426826,-0.3451647092711785,0.0141991050712607,0.0552483876715041,1000.0,0.0
phoenix,28706,2023-07-29,near_+0.02,0.0485095386207103,0.1485095386207103,BLOCK_RANGE_ONLY,1.0,quadratic,temperature,K,ESTIMABLE,1.8867726823887512,1.7876125219969896,1.9924611999285975,0.052370757484043,0.2048486779316078,1000.0,0.0
phoenix,28706,2023-07-29,near_+0.02,0.0485095386207103,0.1485095386207103,BLOCK_RANGE_ONLY,1.0,quadratic,emitted_flux,W/m2,ESTIMABLE,15.301410909502035,14.443948582034285,16.108746385571507,0.4156097889145645,1.6647978035372226,1000.0,0.0
phoenix,28706,2023-07-29,near_+0.02,0.0485095386207103,0.1485095386207103,BLOCK_RANGE_ONLY,1.0,quadratic,temperature_equivalent,K,ESTIMABLE,2.308394591771105,2.1776779870016254,2.431619690841221,0.0633977777235069,0.2539417038395957,1000.0,0.0
phoenix,28706,2023-07-29,near_+0.02,0.0485095386207103,0.1485095386207103,BLOCK_RANGE_ONLY,1.0,quadratic,temperature_minus_equivalent,K,ESTIMABLE,-0.4216219093823534,-0.4593434063730028,-0.3813701988962167,0.0205103657849199,0.0779732074767861,1000.0,0.0
phoenix,28706,2023-07-29,near_+0.02,0.0485095386207103,0.1485095386207103,BLOCK_RANGE_ONLY,1.0,quadratic_minus_linear,temperature,K,ESTIMABLE,0.1815448535205706,0.1092576537157303,0.2630984356685796,0.0375361184528608,0.1538407819528492,1000.0,0.0
phoenix,28706,2023-07-29,near_+0.02,0.0485095386207103,0.1485095386207103,BLOCK_RANGE_ONLY,1.0,quadratic_minus_linear,emitted_flux,W/m2,ESTIMABLE,1.5188075335061555,0.961692279918362,2.1473025021503567,0.3031057505761312,1.1856102222319946,1000.0,0.0
phoenix,28706,2023-07-29,near_+0.02,0.0485095386207103,0.1485095386207103,BLOCK_RANGE_ONLY,1.0,quadratic_minus_linear,temperature_equivalent,K,ESTIMABLE,0.2314240637238072,0.146352675136255,0.3273983452469665,0.046241647513691,0.1810456701107114,1000.0,0.0
phoenix,28706,2023-07-29,near_+0.02,0.0485095386207103,0.1485095386207103,BLOCK_RANGE_ONLY,1.0,quadratic_minus_linear,temperature_minus_equivalent,K,ESTIMABLE,-0.0498792102032366,-0.0796288522145285,-0.0181204871858676,0.0156808882380525,0.0615083650286609,1000.0,0.0
phoenix,28706,2023-07-29,near_+0.02,0.0485095386207103,0.1485095386207103,BLOCK_RANGE_ONLY,8.0,linear,temperature,K,ESTIMABLE,1.7052278288681808,1.5833113924332842,1.8241370769578689,0.0612327704657526,0.2408256845245846,1000.0,0.0
phoenix,28706,2023-07-29,near_+0.02,0.0485095386207103,0.1485095386207103,BLOCK_RANGE_ONLY,8.0,linear,emitted_flux,W/m2,ESTIMABLE,13.78260337599588,12.687636369242124,14.850467073785849,0.5583161237292668,2.162830704543726,1000.0,0.0
phoenix,28706,2023-07-29,near_+0.02,0.0485095386207103,0.1485095386207103,BLOCK_RANGE_ONLY,8.0,linear,temperature_equivalent,K,ESTIMABLE,2.0769705280472976,1.910446178669551,2.2396296122179193,0.0849787695066584,0.3291834335483683,1000.0,0.0
phoenix,28706,2023-07-29,near_+0.02,0.0485095386207103,0.1485095386207103,BLOCK_RANGE_ONLY,8.0,linear,temperature_minus_equivalent,K,ESTIMABLE,-0.3717426991791168,-0.4425354109184106,-0.3107146627410204,0.0337673915505909,0.1318207481773902,1000.0,0.0
phoenix,28706,2023-07-29,near_+0.02,0.0485095386207103,0.1485095386207103,BLOCK_RANGE_ONLY,8.0,quadratic,temperature,K,ESTIMABLE,1.8867726823887512,1.6933804156457242,2.1064083011820363,0.1087815698813942,0.4130278855363121,1000.0,0.0
phoenix,28706,2023-07-29,near_+0.02,0.0485095386207103,0.1485095386207103,BLOCK_RANGE_ONLY,8.0,quadratic,emitted_flux,W/m2,ESTIMABLE,15.301410909502035,13.63062027312292,17.215142585243385,0.9304867959598648,3.5845223121204643,1000.0,0.0
phoenix,28706,2023-07-29,near_+0.02,0.0485095386207103,0.1485095386207103,BLOCK_RANGE_ONLY,8.0,quadratic,temperature_equivalent,K,ESTIMABLE,2.308394591771105,2.053840789351996,2.600728228670299,0.1419662220246155,0.546887439318303,1000.0,0.0
phoenix,28706,2023-07-29,near_+0.02,0.0485095386207103,0.1485095386207103,BLOCK_RANGE_ONLY,8.0,quadratic,temperature_minus_equivalent,K,ESTIMABLE,-0.4216219093823534,-0.5161347457997871,-0.3379392068984443,0.0457063589578179,0.1781955389013427,1000.0,0.0
phoenix,28706,2023-07-29,near_+0.02,0.0485095386207103,0.1485095386207103,BLOCK_RANGE_ONLY,8.0,quadratic_minus_linear,temperature,K,ESTIMABLE,0.1815448535205706,0.0493666888151341,0.3480733078544232,0.0773394328226315,0.298706619039289,1000.0,0.0
phoenix,28706,2023-07-29,near_+0.02,0.0485095386207103,0.1485095386207103,BLOCK_RANGE_ONLY,8.0,quadratic_minus_linear,emitted_flux,W/m2,ESTIMABLE,1.5188075335061555,0.4160959341219346,2.928013766046935,0.6504382801943777,2.5119178319250004,1000.0,0.0
phoenix,28706,2023-07-29,near_+0.02,0.0485095386207103,0.1485095386207103,BLOCK_RANGE_ONLY,8.0,quadratic_minus_linear,temperature_equivalent,K,ESTIMABLE,0.2314240637238072,0.0633051616525691,0.4467249328005792,0.099280126693585,0.38341977114801,1000.0,0.0
phoenix,28706,2023-07-29,near_+0.02,0.0485095386207103,0.1485095386207103,BLOCK_RANGE_ONLY,8.0,quadratic_minus_linear,temperature_minus_equivalent,K,ESTIMABLE,-0.0498792102032366,-0.1106426881078126,0.0065819304932576,0.0298532269315013,0.1172246186010703,1000.0,0.0
phoenix,28706,2023-07-29,grid_00,0.0,0.1,BLOCK_RANGE_ONLY,1.0,linear,temperature,K,ESTIMABLE,1.705227828868181,1.6407965054271176,1.7723541219765244,0.0332363797452037,0.1315576165494068,1000.0,0.0
phoenix,28706,2023-07-29,grid_00,0.0,0.1,BLOCK_RANGE_ONLY,1.0,linear,emitted_flux,W/m2,ESTIMABLE,13.782603375995883,13.270870216363043,14.312681064949578,0.2730362367253922,1.0418108485865325,1000.0,0.0
phoenix,28706,2023-07-29,grid_00,0.0,0.1,BLOCK_RANGE_ONLY,1.0,linear,temperature_equivalent,K,ESTIMABLE,2.0769705280472976,1.9991122170871576,2.157681261053314,0.0415573223386508,0.158569043966156,1000.0,0.0
phoenix,28706,2023-07-29,grid_00,0.0,0.1,BLOCK_RANGE_ONLY,1.0,linear,temperature_minus_equivalent,K,ESTIMABLE,-0.3717426991791166,-0.4004130969426824,-0.3451647092711782,0.0141991050712606,0.0552483876715041,1000.0,0.0
phoenix,28706,2023-07-29,grid_00,0.0,0.1,BLOCK_RANGE_ONLY,1.0,quadratic,temperature,K,ESTIMABLE,1.6454905406506983,1.5816376302986823,1.712471268353665,0.0339564951184481,0.1308336380549823,1000.0,0.0
phoenix,28706,2023-07-29,grid_00,0.0,0.1,BLOCK_RANGE_ONLY,1.0,quadratic,emitted_flux,W/m2,ESTIMABLE,13.282840140539246,12.776903338555996,13.833110722064182,0.2836044413723783,1.0562073835081875,1000.0,0.0
phoenix,28706,2023-07-29,grid_00,0.0,0.1,BLOCK_RANGE_ONLY,1.0,quadratic,temperature_equivalent,K,ESTIMABLE,2.000932732850913,1.9240120907750609,2.0846581882996262,0.043135056728758,0.1606460975245653,1000.0,0.0
phoenix,28706,2023-07-29,grid_00,0.0,0.1,BLOCK_RANGE_ONLY,1.0,quadratic,temperature_minus_equivalent,K,ESTIMABLE,-0.3554421922002146,-0.3862116129882304,-0.3268577010178888,0.0153229744117331,0.0593539119703415,1000.0,0.0
phoenix,28706,2023-07-29,grid_00,0.0,0.1,BLOCK_RANGE_ONLY,1.0,quadratic_minus_linear,temperature,K,ESTIMABLE,-0.0597372882174827,-0.0840997303773042,-0.0367988825065835,0.011560707582547,0.0473008478707207,1000.0,0.0
phoenix,28706,2023-07-29,grid_00,0.0,0.1,BLOCK_RANGE_ONLY,1.0,quadratic_minus_linear,emitted_flux,W/m2,ESTIMABLE,-0.499763235456637,-0.6875440056979459,-0.3222805584328342,0.0923046632141123,0.3652634472651117,1000.0,0.0
phoenix,28706,2023-07-29,grid_00,0.0,0.1,BLOCK_RANGE_ONLY,1.0,quadratic_minus_linear,temperature_equivalent,K,ESTIMABLE,-0.0760377951963846,-0.1046039383857518,-0.0490569104035557,0.0140403347602786,0.055547027982196,1000.0,0.0
phoenix,28706,2023-07-29,grid_00,0.0,0.1,BLOCK_RANGE_ONLY,1.0,quadratic_minus_linear,temperature_minus_equivalent,K,ESTIMABLE,0.0163005069789019,0.006180687138309,0.0256003451157899,0.0049520593553693,0.0194196579774808,1000.0,0.0
phoenix,28706,2023-07-29,grid_00,0.0,0.1,BLOCK_RANGE_ONLY,8.0,linear,temperature,K,ESTIMABLE,1.705227828868181,1.5833113924332844,1.824137076957869,0.0612327704657526,0.2408256845245846,1000.0,0.0
phoenix,28706,2023-07-29,grid_00,0.0,0.1,BLOCK_RANGE_ONLY,8.0,linear,emitted_flux,W/m2,ESTIMABLE,13.782603375995883,12.687636369242124,14.85046707378585,0.5583161237292668,2.162830704543726,1000.0,0.0
phoenix,28706,2023-07-29,grid_00,0.0,0.1,BLOCK_RANGE_ONLY,8.0,linear,temperature_equivalent,K,ESTIMABLE,2.0769705280472976,1.910446178669551,2.2396296122179193,0.0849787695066584,0.3291834335483683,1000.0,0.0
phoenix,28706,2023-07-29,grid_00,0.0,0.1,BLOCK_RANGE_ONLY,8.0,linear,temperature_minus_equivalent,K,ESTIMABLE,-0.3717426991791166,-0.4425354109184104,-0.3107146627410202,0.033767391550591,0.1318207481773902,1000.0,0.0
phoenix,28706,2023-07-29,grid_00,0.0,0.1,BLOCK_RANGE_ONLY,8.0,quadratic,temperature,K,ESTIMABLE,1.6454905406506983,1.5268931879902845,1.7677393246815445,0.061800856742979,0.2408461366912599,1000.0,0.0
phoenix,28706,2023-07-29,grid_00,0.0,0.1,BLOCK_RANGE_ONLY,8.0,quadratic,emitted_flux,W/m2,ESTIMABLE,13.282840140539246,12.164045963853347,14.4194377108063,0.575860556562177,2.2553917469529523,1000.0,0.0
phoenix,28706,2023-07-29,grid_00,0.0,0.1,BLOCK_RANGE_ONLY,8.0,quadratic,temperature_equivalent,K,ESTIMABLE,2.000932732850913,1.8309115900958233,2.1739438154469655,0.0875849542087788,0.3430322253511422,1000.0,0.0
phoenix,28706,2023-07-29,grid_00,0.0,0.1,BLOCK_RANGE_ONLY,8.0,quadratic,temperature_minus_equivalent,K,ESTIMABLE,-0.3554421922002146,-0.4255982159361906,-0.2888935789634239,0.0356854770331766,0.1367046369727667,1000.0,0.0
phoenix,28706,2023-07-29,grid_00,0.0,0.1,BLOCK_RANGE_ONLY,8.0,quadratic_minus_linear,temperature,K,ESTIMABLE,-0.0597372882174827,-0.0992428555448535,-0.0181423553947033,0.0211719823502863,0.0811005001501502,1000.0,0.0
phoenix,28706,2023-07-29,grid_00,0.0,0.1,BLOCK_RANGE_ONLY,8.0,quadratic_minus_linear,emitted_flux,W/m2,ESTIMABLE,-0.499763235456637,-0.8330942200232996,-0.1516582235996488,0.177744465358916,0.6814359964236507,1000.0,0.0
phoenix,28706,2023-07-29,grid_00,0.0,0.1,BLOCK_RANGE_ONLY,8.0,quadratic_minus_linear,temperature_equivalent,K,ESTIMABLE,-0.0760377951963846,-0.1267027696769687,-0.0230639932106441,0.027037694484648,0.1036387764663245,1000.0,0.0
phoenix,28706,2023-07-29,grid_00,0.0,0.1,BLOCK_RANGE_ONLY,8.0,quadratic_minus_linear,temperature_minus_equivalent,K,ESTIMABLE,0.0163005069789019,-0.0021553378504409,0.0325169284394176,0.0088826988793187,0.0346722662898585,1000.0,0.0
phoenix,28706,2023-07-29,grid_01,0.1,0.2,BLOCK_RANGE_ONLY,1.0,linear,temperature,K,ESTIMABLE,1.705227828868181,1.6407965054271176,1.7723541219765244,0.0332363797452037,0.1315576165494068,1000.0,0.0
phoenix,28706,2023-07-29,grid_01,0.1,0.2,BLOCK_RANGE_ONLY,1.0,linear,emitted_flux,W/m2,ESTIMABLE,13.782603375995883,13.270870216363043,14.312681064949578,0.2730362367253922,1.0418108485865325,1000.0,0.0
phoenix,28706,2023-07-29,grid_01,0.1,0.2,BLOCK_RANGE_ONLY,1.0,linear,temperature_equivalent,K,ESTIMABLE,2.0769705280472976,1.9991122170871576,2.157681261053314,0.0415573223386508,0.158569043966156,1000.0,0.0
phoenix,28706,2023-07-29,grid_01,0.1,0.2,BLOCK_RANGE_ONLY,1.0,linear,temperature_minus_equivalent,K,ESTIMABLE,-0.3717426991791166,-0.4004130969426824,-0.3451647092711782,0.0141991050712606,0.0552483876715041,1000.0,0.0
phoenix,28706,2023-07-29,grid_01,0.1,0.2,BLOCK_RANGE_ONLY,1.0,quadratic,temperature,K,ESTIMABLE,2.1428816694853925,1.949109344601227,2.3581932356028976,0.0983424004790241,0.4090838910016703,1000.0,0.0
phoenix,28706,2023-07-29,grid_01,0.1,0.2,BLOCK_RANGE_ONLY,1.0,quadratic,emitted_flux,W/m2,ESTIMABLE,17.444023335344973,15.942077657530616,19.054168161732633,0.7814242754448708,3.1120905042020173,1000.0,0.0
phoenix,28706,2023-07-29,grid_01,0.1,0.2,BLOCK_RANGE_ONLY,1.0,quadratic,temperature_equivalent,K,ESTIMABLE,2.6357461262589936,2.406168789684938,2.8824259890103674,0.1195818743728822,0.4762571993254294,1000.0,0.0
phoenix,28706,2023-07-29,grid_01,0.1,0.2,BLOCK_RANGE_ONLY,1.0,quadratic,temperature_minus_equivalent,K,ESTIMABLE,-0.4928644567736011,-0.5692469879817064,-0.4159041926296997,0.0395781308125957,0.1533427953520066,1000.0,0.0
phoenix,28706,2023-07-29,grid_01,0.1,0.2,BLOCK_RANGE_ONLY,1.0,quadratic_minus_linear,temperature,K,ESTIMABLE,0.4376538406172114,0.2639189968397772,0.6307334302332127,0.0894641426059464,0.3668144333934355,1000.0,0.0
phoenix,28706,2023-07-29,grid_01,0.1,0.2,BLOCK_RANGE_ONLY,1.0,quadratic_minus_linear,emitted_flux,W/m2,ESTIMABLE,3.6614199593490895,2.31699542461975,5.144868216477507,0.7212964893974928,2.827872791857757,1000.0,0.0
phoenix,28706,2023-07-29,grid_01,0.1,0.2,BLOCK_RANGE_ONLY,1.0,quadratic_minus_linear,temperature_equivalent,K,ESTIMABLE,0.558775598211696,0.3529449688569201,0.7861843003850651,0.1103924682008066,0.433239331528145,1000.0,0.0
phoenix,28706,2023-07-29,grid_01,0.1,0.2,BLOCK_RANGE_ONLY,1.0,quadratic_minus_linear,temperature_minus_equivalent,K,ESTIMABLE,-0.1211217575944845,-0.1926041915199652,-0.0442285618685018,0.0378126280372511,0.1483756296514633,1000.0,0.0
phoenix,28706,2023-07-29,grid_01,0.1,0.2,BLOCK_RANGE_ONLY,8.0,linear,temperature,K,ESTIMABLE,1.705227828868181,1.5833113924332844,1.824137076957869,0.0612327704657526,0.2408256845245846,1000.0,0.0
phoenix,28706,2023-07-29,grid_01,0.1,0.2,BLOCK_RANGE_ONLY,8.0,linear,emitted_flux,W/m2,ESTIMABLE,13.782603375995883,12.687636369242124,14.85046707378585,0.5583161237292668,2.162830704543726,1000.0,0.0
phoenix,28706,2023-07-29,grid_01,0.1,0.2,BLOCK_RANGE_ONLY,8.0,linear,temperature_equivalent,K,ESTIMABLE,2.0769705280472976,1.910446178669551,2.2396296122179193,0.0849787695066584,0.3291834335483683,1000.0,0.0
phoenix,28706,2023-07-29,grid_01,0.1,0.2,BLOCK_RANGE_ONLY,8.0,linear,temperature_minus_equivalent,K,ESTIMABLE,-0.3717426991791166,-0.4425354109184104,-0.3107146627410202,0.033767391550591,0.1318207481773902,1000.0,0.0
phoenix,28706,2023-07-29,grid_01,0.1,0.2,BLOCK_RANGE_ONLY,8.0,quadratic,temperature,K,ESTIMABLE,2.1428816694853925,1.7883987567839073,2.5661479730811485,0.2031195379905266,0.7777492162972413,1000.0,0.0
phoenix,28706,2023-07-29,grid_01,0.1,0.2,BLOCK_RANGE_ONLY,8.0,quadratic,emitted_flux,W/m2,ESTIMABLE,17.444023335344973,14.358029855703904,21.0945682604255,1.7060539739834508,6.736538404721596,1000.0,0.0
phoenix,28706,2023-07-29,grid_01,0.1,0.2,BLOCK_RANGE_ONLY,8.0,quadratic,temperature_equivalent,K,ESTIMABLE,2.6357461262589936,2.1645890678567428,3.1958657045875456,0.2611702383235362,1.0312766367308028,1000.0,0.0
phoenix,28706,2023-07-29,grid_01,0.1,0.2,BLOCK_RANGE_ONLY,8.0,quadratic,temperature_minus_equivalent,K,ESTIMABLE,-0.4928644567736011,-0.657828212444873,-0.3424763161914946,0.0793758711756342,0.3153518962533784,1000.0,0.0
phoenix,28706,2023-07-29,grid_01,0.1,0.2,BLOCK_RANGE_ONLY,8.0,quadratic_minus_linear,temperature,K,ESTIMABLE,0.4376538406172114,0.1222461432437542,0.8227113713198408,0.1810306623390911,0.7004652280760866,1000.0,0.0
phoenix,28706,2023-07-29,grid_01,0.1,0.2,BLOCK_RANGE_ONLY,8.0,quadratic_minus_linear,emitted_flux,W/m2,ESTIMABLE,3.6614199593490895,1.0194934169866272,6.877746893764386,1.5219728088205338,5.858253476777759,1000.0,0.0
phoenix,28706,2023-07-29,grid_01,0.1,0.2,BLOCK_RANGE_ONLY,8.0,quadratic_minus_linear,temperature_equivalent,K,ESTIMABLE,0.558775598211696,0.1551684900886272,1.0523874054003086,0.2330736823574209,0.8972189153116814,1000.0,0.0
phoenix,28706,2023-07-29,grid_01,0.1,0.2,BLOCK_RANGE_ONLY,8.0,quadratic_minus_linear,temperature_minus_equivalent,K,ESTIMABLE,-0.1211217575944845,-0.2664222105398766,0.0146856878901537,0.0713758875120547,0.2811078984300304,1000.0,0.0
phoenix,28706,2023-07-29,grid_02,0.2,0.3,BLOCK_RANGE_ONLY,1.0,linear,temperature,K,ESTIMABLE,1.7052278288681804,1.6407965054271172,1.772354121976524,0.0332363797452037,0.1315576165494068,1000.0,0.0
phoenix,28706,2023-07-29,grid_02,0.2,0.3,BLOCK_RANGE_ONLY,1.0,linear,emitted_flux,W/m2,ESTIMABLE,13.782603375995878,13.270870216363042,14.312681064949572,0.2730362367253921,1.0418108485865307,1000.0,0.0
phoenix,28706,2023-07-29,grid_02,0.2,0.3,BLOCK_RANGE_ONLY,1.0,linear,temperature_equivalent,K,ESTIMABLE,2.0769705280472976,1.9991122170871576,2.157681261053314,0.0415573223386511,0.158569043966156,1000.0,0.0
phoenix,28706,2023-07-29,grid_02,0.2,0.3,BLOCK_RANGE_ONLY,1.0,linear,temperature_minus_equivalent,K,ESTIMABLE,-0.3717426991791173,-0.4004130969426828,-0.3451647092711787,0.0141991050712606,0.0552483876715041,1000.0,0.0
phoenix,28706,2023-07-29,grid_02,0.2,0.3,BLOCK_RANGE_ONLY,1.0,quadratic,temperature,K,ESTIMABLE,2.6402727983200855,2.2576602478680927,3.069134935154815,0.1963347525122373,0.8114746872867222,1000.0,0.0
phoenix,28706,2023-07-29,grid_02,0.2,0.3,BLOCK_RANGE_ONLY,1.0,quadratic,emitted_flux,W/m2,ESTIMABLE,21.60520653015069,18.602233413681738,24.85708352593641,1.568802274013659,6.254850112254676,1000.0,0.0
phoenix,28706,2023-07-29,grid_02,0.2,0.3,BLOCK_RANGE_ONLY,1.0,quadratic,temperature_equivalent,K,ESTIMABLE,3.27445649191435,2.813128905379101,3.776344123494318,0.241579120463816,0.9632152181152164,1000.0,0.0
phoenix,28706,2023-07-29,grid_02,0.2,0.3,BLOCK_RANGE_ONLY,1.0,quadratic,temperature_minus_equivalent,K,ESTIMABLE,-0.6341836935942644,-0.7934070093445572,-0.4748900190353508,0.0819745214472858,0.3185169903092064,1000.0,0.0
phoenix,28706,2023-07-29,grid_02,0.2,0.3,BLOCK_RANGE_ONLY,1.0,quadratic_minus_linear,temperature,K,ESTIMABLE,0.9350449694519052,0.5630129273597114,1.3437817669376018,0.190346890716508,0.7807688395778903,1000.0,0.0
phoenix,28706,2023-07-29,grid_02,0.2,0.3,BLOCK_RANGE_ONLY,1.0,quadratic_minus_linear,emitted_flux,W/m2,ESTIMABLE,7.822603154154811,4.954892086997795,10.968550922458444,1.5337344483288842,6.013658835460648,1000.0,0.0
phoenix,28706,2023-07-29,grid_02,0.2,0.3,BLOCK_RANGE_ONLY,1.0,quadratic_minus_linear,temperature_equivalent,K,ESTIMABLE,1.1974859638670523,0.7564381700201779,1.6831129535602685,0.2362021755858901,0.9266747835400906,1000.0,0.0
phoenix,28706,2023-07-29,grid_02,0.2,0.3,BLOCK_RANGE_ONLY,1.0,quadratic_minus_linear,temperature_minus_equivalent,K,ESTIMABLE,-0.2624409944151471,-0.4180528069492726,-0.0975503525240109,0.0816010506932723,0.3205024544252617,1000.0,0.0
phoenix,28706,2023-07-29,grid_02,0.2,0.3,BLOCK_RANGE_ONLY,8.0,linear,temperature,K,ESTIMABLE,1.7052278288681804,1.583311392433284,1.8241370769578684,0.0612327704657526,0.2408256845245844,1000.0,0.0
phoenix,28706,2023-07-29,grid_02,0.2,0.3,BLOCK_RANGE_ONLY,8.0,linear,emitted_flux,W/m2,ESTIMABLE,13.782603375995878,12.68763636924212,14.850467073785849,0.5583161237292666,2.162830704543726,1000.0,0.0
phoenix,28706,2023-07-29,grid_02,0.2,0.3,BLOCK_RANGE_ONLY,8.0,linear,temperature_equivalent,K,ESTIMABLE,2.0769705280472976,1.910446178669551,2.2396296122179193,0.0849787695066585,0.3291834335483683,1000.0,0.0
phoenix,28706,2023-07-29,grid_02,0.2,0.3,BLOCK_RANGE_ONLY,8.0,linear,temperature_minus_equivalent,K,ESTIMABLE,-0.3717426991791173,-0.4425354109184108,-0.3107146627410206,0.033767391550591,0.1318207481773902,1000.0,0.0
phoenix,28706,2023-07-29,grid_02,0.2,0.3,BLOCK_RANGE_ONLY,8.0,quadratic,temperature,K,ESTIMABLE,2.6402727983200855,1.9191547697810736,3.489340606656463,0.3999300681913072,1.5701858368753894,1000.0,0.0
phoenix,28706,2023-07-29,grid_02,0.2,0.3,BLOCK_RANGE_ONLY,8.0,quadratic,emitted_flux,W/m2,ESTIMABLE,21.60520653015069,15.74788790323798,28.67916998172449,3.3510759041439573,12.931282078486507,1000.0,0.0
phoenix,28706,2023-07-29,grid_02,0.2,0.3,BLOCK_RANGE_ONLY,8.0,quadratic,temperature_equivalent,K,ESTIMABLE,3.27445649191435,2.3765232258776607,4.369360138709103,0.5163524913199612,1.9928369128314425,1000.0,0.0
phoenix,28706,2023-07-29,grid_02,0.2,0.3,BLOCK_RANGE_ONLY,8.0,quadratic,temperature_minus_equivalent,K,ESTIMABLE,-0.6341836935942644,-0.9601619630805882,-0.3255659587359505,0.1580651942955649,0.6345960043446377,1000.0,0.0
phoenix,28706,2023-07-29,grid_02,0.2,0.3,BLOCK_RANGE_ONLY,8.0,quadratic_minus_linear,temperature,K,ESTIMABLE,0.9350449694519052,0.263841038946614,1.7431826262625787,0.3825496836855562,1.4793415873159643,1000.0,0.0
phoenix,28706,2023-07-29,grid_02,0.2,0.3,BLOCK_RANGE_ONLY,8.0,quadratic_minus_linear,emitted_flux,W/m2,ESTIMABLE,7.822603154154811,2.191396827215719,14.555321816673242,3.215788260794123,12.363924989457525,1000.0,0.0
phoenix,28706,2023-07-29,grid_02,0.2,0.3,BLOCK_RANGE_ONLY,8.0,quadratic_minus_linear,temperature_equivalent,K,ESTIMABLE,1.1974859638670523,0.3338199313869552,2.2415010146438656,0.4956713887979787,1.9076810832569104,1000.0,0.0
phoenix,28706,2023-07-29,grid_02,0.2,0.3,BLOCK_RANGE_ONLY,8.0,quadratic_minus_linear,temperature_minus_equivalent,K,ESTIMABLE,-0.2624409944151471,-0.5731429970603616,0.0293686774529052,0.154106528389466,0.6025116745132668,1000.0,0.0
phoenix,28706,2023-07-29,grid_03,0.3,0.4,NO_SPANNING_BLOCKS,,,,,NOT_ESTIMATED_NO_REFERENCE_BLOCKS,,,,,,,
phoenix,28706,2023-07-29,grid_04,0.4,0.5,NO_SPANNING_BLOCKS,,,,,NOT_ESTIMATED_NO_REFERENCE_BLOCKS,,,,,,,
phoenix,28706,2023-07-29,grid_05,0.5,0.6,NO_SPANNING_BLOCKS,,,,,NOT_ESTIMATED_NO_REFERENCE_BLOCKS,,,,,,,
phoenix,28706,2023-07-29,grid_06,0.6,0.7,NO_SPANNING_BLOCKS,,,,,NOT_ESTIMATED_NO_REFERENCE_BLOCKS,,,,,,,
phoenix,28706,2023-07-29,grid_07,0.7,0.8,NO_SPANNING_BLOCKS,,,,,NOT_ESTIMATED_NO_REFERENCE_BLOCKS,,,,,,,
phoenix,28706,2023-07-29,grid_08,0.8,0.9,NO_SPANNING_BLOCKS,,,,,NOT_ESTIMATED_NO_REFERENCE_BLOCKS,,,,,,,
phoenix,28706,2023-07-29,grid_09,0.9,1.0,NO_SPANNING_BLOCKS,,,,,NOT_ESTIMATED_NO_REFERENCE_BLOCKS,,,,,,,
phoenix,28828,2023-08-06,near_-0.02,0.0085095386207103,0.1085095386207103,BLOCK_RANGE_ONLY,1.0,linear,temperature,K,ESTIMABLE,1.4410557503682782,1.3829353543697855,1.5041283278084236,0.0304067787111682,0.1211929734386381,1000.0,0.0
phoenix,28828,2023-08-06,near_-0.02,0.0085095386207103,0.1085095386207103,BLOCK_RANGE_ONLY,1.0,linear,emitted_flux,W/m2,ESTIMABLE,11.69204749572762,11.265110272356331,12.15119087842367,0.2274996652805803,0.8860806060673383,1000.0,0.0
phoenix,28828,2023-08-06,near_-0.02,0.0085095386207103,0.1085095386207103,BLOCK_RANGE_ONLY,1.0,linear,temperature_equivalent,K,ESTIMABLE,1.7592658717378526,1.6945024512347049,1.8289596355041569,0.0345215078716933,0.1344571842694519,1000.0,0.0
phoenix,28828,2023-08-06,near_-0.02,0.0085095386207103,0.1085095386207103,BLOCK_RANGE_ONLY,1.0,linear,temperature_minus_equivalent,K,ESTIMABLE,-0.3182101213695745,-0.3457353716735024,-0.2927442838439099,0.0132180155202048,0.0529910878295925,1000.0,0.0
phoenix,28828,2023-08-06,near_-0.02,0.0085095386207103,0.1085095386207103,BLOCK_RANGE_ONLY,1.0,quadratic,temperature,K,ESTIMABLE,1.425783265814396,1.3693626794160896,1.4877166329380629,0.0301371693283766,0.1183539535219733,1000.0,0.0
phoenix,28828,2023-08-06,near_-0.02,0.0085095386207103,0.1085095386207103,BLOCK_RANGE_ONLY,1.0,quadratic,emitted_flux,W/m2,ESTIMABLE,11.5444227461582,11.11280447116192,12.00360609528084,0.2275637846256693,0.8908016241189216,1000.0,0.0
phoenix,28828,2023-08-06,near_-0.02,0.0085095386207103,0.1085095386207103,BLOCK_RANGE_ONLY,1.0,quadratic,temperature_equivalent,K,ESTIMABLE,1.7368676726576382,1.6714084387367665,1.806552538071766,0.034523936038247,0.1351440993349997,1000.0,0.0
phoenix,28828,2023-08-06,near_-0.02,0.0085095386207103,0.1085095386207103,BLOCK_RANGE_ONLY,1.0,quadratic,temperature_minus_equivalent,K,ESTIMABLE,-0.3110844068432423,-0.3389094909848418,-0.2853796722839994,0.0134357013319733,0.0535298187008423,1000.0,0.0
phoenix,28828,2023-08-06,near_-0.02,0.0085095386207103,0.1085095386207103,BLOCK_RANGE_ONLY,1.0,quadratic_minus_linear,temperature,K,ESTIMABLE,-0.0152724845538823,-0.0213258193307361,-0.0090525320391212,0.0031020402920786,0.0122732872916149,1000.0,0.0
phoenix,28828,2023-08-06,near_-0.02,0.0085095386207103,0.1085095386207103,BLOCK_RANGE_ONLY,1.0,quadratic_minus_linear,emitted_flux,W/m2,ESTIMABLE,-0.147624749569422,-0.1910277951554515,-0.1036100719603418,0.0228644964618503,0.0874177231951097,1000.0,0.0
phoenix,28828,2023-08-06,near_-0.02,0.0085095386207103,0.1085095386207103,BLOCK_RANGE_ONLY,1.0,quadratic_minus_linear,temperature_equivalent,K,ESTIMABLE,-0.0223981990802144,-0.0289962688345127,-0.0157220328099725,0.0034691378363134,0.0132742360245401,1000.0,0.0
phoenix,28828,2023-08-06,near_-0.02,0.0085095386207103,0.1085095386207103,BLOCK_RANGE_ONLY,1.0,quadratic_minus_linear,temperature_minus_equivalent,K,ESTIMABLE,0.0071257145263321,0.0045302386196696,0.0098090700081378,0.0013400830615312,0.0052788313884682,1000.0,0.0
phoenix,28828,2023-08-06,near_-0.02,0.0085095386207103,0.1085095386207103,BLOCK_RANGE_ONLY,8.0,linear,temperature,K,ESTIMABLE,1.4410557503682782,1.334215593674379,1.5373359246958251,0.0516322437650792,0.2031203310214462,1000.0,0.0
phoenix,28828,2023-08-06,near_-0.02,0.0085095386207103,0.1085095386207103,BLOCK_RANGE_ONLY,8.0,linear,emitted_flux,W/m2,ESTIMABLE,11.69204749572762,10.79918702757556,12.538932598228756,0.4485547443004116,1.739745570653195,1000.0,0.0
phoenix,28828,2023-08-06,near_-0.02,0.0085095386207103,0.1085095386207103,BLOCK_RANGE_ONLY,8.0,linear,temperature_equivalent,K,ESTIMABLE,1.7592658717378526,1.6238709536136724,1.8878515704622616,0.0680643439918805,0.263980616848589,1000.0,0.0
phoenix,28828,2023-08-06,near_-0.02,0.0085095386207103,0.1085095386207103,BLOCK_RANGE_ONLY,8.0,linear,temperature_minus_equivalent,K,ESTIMABLE,-0.3182101213695745,-0.372784540894096,-0.2670277044574525,0.0281453585225941,0.1057568364366434,1000.0,0.0
phoenix,28828,2023-08-06,near_-0.02,0.0085095386207103,0.1085095386207103,BLOCK_RANGE_ONLY,8.0,quadratic,temperature,K,ESTIMABLE,1.425783265814396,1.3219889793063708,1.5230135625072037,0.0515279275959269,0.2010245832008328,1000.0,0.0
phoenix,28828,2023-08-06,near_-0.02,0.0085095386207103,0.1085095386207103,BLOCK_RANGE_ONLY,8.0,quadratic,emitted_flux,W/m2,ESTIMABLE,11.5444227461582,10.661492496525613,12.434723554262478,0.4531161479215781,1.773231057736865,1000.0,0.0
phoenix,28828,2023-08-06,near_-0.02,0.0085095386207103,0.1085095386207103,BLOCK_RANGE_ONLY,8.0,quadratic,temperature_equivalent,K,ESTIMABLE,1.7368676726576382,1.6030063383626485,1.8720205682461213,0.0687430887728653,0.269014229883473,1000.0,0.0
phoenix,28828,2023-08-06,near_-0.02,0.0085095386207103,0.1085095386207103,BLOCK_RANGE_ONLY,8.0,quadratic,temperature_minus_equivalent,K,ESTIMABLE,-0.3110844068432423,-0.3673126350661455,-0.2594013682824362,0.0289438777104192,0.1079112667837093,1000.0,0.0
phoenix,28828,2023-08-06,near_-0.02,0.0085095386207103,0.1085095386207103,BLOCK_RANGE_ONLY,8.0,quadratic_minus_linear,temperature,K,ESTIMABLE,-0.0152724845538823,-0.0256043357816755,-0.0036194784106063,0.0057940282480487,0.0219848573710692,1000.0,0.0
phoenix,28828,2023-08-06,near_-0.02,0.0085095386207103,0.1085095386207103,BLOCK_RANGE_ONLY,8.0,quadratic_minus_linear,emitted_flux,W/m2,ESTIMABLE,-0.147624749569422,-0.2249559923799333,-0.0548006758175366,0.0466370842519342,0.1701553165623966,1000.0,0.0
phoenix,28828,2023-08-06,near_-0.02,0.0085095386207103,0.1085095386207103,BLOCK_RANGE_ONLY,8.0,quadratic_minus_linear,temperature_equivalent,K,ESTIMABLE,-0.0223981990802144,-0.0341504909217775,-0.008321822794528,0.0070742713480111,0.0258286681272494,1000.0,0.0
phoenix,28828,2023-08-06,near_-0.02,0.0085095386207103,0.1085095386207103,BLOCK_RANGE_ONLY,8.0,quadratic_minus_linear,temperature_minus_equivalent,K,ESTIMABLE,0.0071257145263321,0.0030780138072059,0.010948506473399,0.0019978528346505,0.0078704926661931,1000.0,0.0
phoenix,28828,2023-08-06,near_-0.01,0.0185095386207103,0.1185095386207103,BLOCK_RANGE_ONLY,1.0,linear,temperature,K,ESTIMABLE,1.4410557503682782,1.3829353543697855,1.5041283278084236,0.0304067787111682,0.1211929734386381,1000.0,0.0
phoenix,28828,2023-08-06,near_-0.01,0.0185095386207103,0.1185095386207103,BLOCK_RANGE_ONLY,1.0,linear,emitted_flux,W/m2,ESTIMABLE,11.69204749572762,11.265110272356331,12.15119087842367,0.2274996652805803,0.8860806060673383,1000.0,0.0
phoenix,28828,2023-08-06,near_-0.01,0.0185095386207103,0.1185095386207103,BLOCK_RANGE_ONLY,1.0,linear,temperature_equivalent,K,ESTIMABLE,1.7592658717378526,1.6945024512347049,1.8289596355041569,0.0345215078716933,0.1344571842694519,1000.0,0.0
phoenix,28828,2023-08-06,near_-0.01,0.0185095386207103,0.1185095386207103,BLOCK_RANGE_ONLY,1.0,linear,temperature_minus_equivalent,K,ESTIMABLE,-0.3182101213695745,-0.3457353716735024,-0.2927442838439099,0.0132180155202048,0.0529910878295925,1000.0,0.0
phoenix,28828,2023-08-06,near_-0.01,0.0185095386207103,0.1185095386207103,BLOCK_RANGE_ONLY,1.0,quadratic,temperature,K,ESTIMABLE,1.4694118916074428,1.4107185118585497,1.5323156783570369,0.0315791649044664,0.1215971664984871,1000.0,0.0
phoenix,28828,2023-08-06,near_-0.01,0.0185095386207103,0.1185095386207103,BLOCK_RANGE_ONLY,1.0,quadratic,emitted_flux,W/m2,ESTIMABLE,11.96613965371398,11.528282074557517,12.441835841095031,0.234525755223779,0.9135537665375164,1000.0,0.0
phoenix,28828,2023-08-06,near_-0.01,0.0185095386207103,0.1185095386207103,BLOCK_RANGE_ONLY,1.0,quadratic,temperature_equivalent,K,ESTIMABLE,1.8008649518989728,1.734419039119564,1.8731009599545816,0.0356021459595508,0.1386819208350174,1000.0,0.0
phoenix,28828,2023-08-06,near_-0.01,0.0185095386207103,0.1185095386207103,BLOCK_RANGE_ONLY,1.0,quadratic,temperature_minus_equivalent,K,ESTIMABLE,-0.33145306029153,-0.3593257788077725,-0.305643657022069,0.0135144809412454,0.0536821217857035,1000.0,0.0
phoenix,28828,2023-08-06,near_-0.01,0.0185095386207103,0.1185095386207103,BLOCK_RANGE_ONLY,1.0,quadratic_minus_linear,temperature,K,ESTIMABLE,0.0283561412391646,0.0162749026291681,0.0419050182641039,0.0065111305916064,0.0256301156349357,1000.0,0.0
phoenix,28828,2023-08-06,near_-0.01,0.0185095386207103,0.1185095386207103,BLOCK_RANGE_ONLY,1.0,quadratic_minus_linear,emitted_flux,W/m2,ESTIMABLE,0.2740921579863595,0.1832718408741302,0.3805934916244888,0.0527926663140499,0.1973216507503585,1000.0,0.0
phoenix,28828,2023-08-06,near_-0.01,0.0185095386207103,0.1185095386207103,BLOCK_RANGE_ONLY,1.0,quadratic_minus_linear,temperature_equivalent,K,ESTIMABLE,0.0415990801611201,0.0278087482032233,0.0577638117734608,0.0080146478420998,0.0299550635702374,1000.0,0.0
phoenix,28828,2023-08-06,near_-0.01,0.0185095386207103,0.1185095386207103,BLOCK_RANGE_ONLY,1.0,quadratic_minus_linear,temperature_minus_equivalent,K,ESTIMABLE,-0.0132429389219554,-0.0199565134521885,-0.0080407314368389,0.0030775554225381,0.0119157820153495,1000.0,0.0
phoenix,28828,2023-08-06,near_-0.01,0.0185095386207103,0.1185095386207103,BLOCK_RANGE_ONLY,8.0,linear,temperature,K,ESTIMABLE,1.4410557503682782,1.334215593674379,1.5373359246958251,0.0516322437650792,0.2031203310214462,1000.0,0.0
phoenix,28828,2023-08-06,near_-0.01,0.0185095386207103,0.1185095386207103,BLOCK_RANGE_ONLY,8.0,linear,emitted_flux,W/m2,ESTIMABLE,11.69204749572762,10.79918702757556,12.538932598228756,0.4485547443004116,1.739745570653195,1000.0,0.0
phoenix,28828,2023-08-06,near_-0.01,0.0185095386207103,0.1185095386207103,BLOCK_RANGE_ONLY,8.0,linear,temperature_equivalent,K,ESTIMABLE,1.7592658717378526,1.6238709536136724,1.8878515704622616,0.0680643439918805,0.263980616848589,1000.0,0.0
phoenix,28828,2023-08-06,near_-0.01,0.0185095386207103,0.1185095386207103,BLOCK_RANGE_ONLY,8.0,linear,temperature_minus_equivalent,K,ESTIMABLE,-0.3182101213695745,-0.372784540894096,-0.2670277044574525,0.0281453585225941,0.1057568364366434,1000.0,0.0
phoenix,28828,2023-08-06,near_-0.01,0.0185095386207103,0.1185095386207103,BLOCK_RANGE_ONLY,8.0,quadratic,temperature,K,ESTIMABLE,1.4694118916074428,1.353599735018845,1.5883411410331152,0.0587952953598247,0.2347414060142705,1000.0,0.0
phoenix,28828,2023-08-06,near_-0.01,0.0185095386207103,0.1185095386207103,BLOCK_RANGE_ONLY,8.0,quadratic,emitted_flux,W/m2,ESTIMABLE,11.96613965371398,10.971095596940131,13.0210935095763,0.5208590148679704,2.0499979126361687,1000.0,0.0
phoenix,28828,2023-08-06,near_-0.01,0.0185095386207103,0.1185095386207103,BLOCK_RANGE_ONLY,8.0,quadratic,temperature_equivalent,K,ESTIMABLE,1.8008649518989728,1.649925818566898,1.9611307197459609,0.0790708703726469,0.3112049011790629,1000.0,0.0
phoenix,28828,2023-08-06,near_-0.01,0.0185095386207103,0.1185095386207103,BLOCK_RANGE_ONLY,8.0,quadratic,temperature_minus_equivalent,K,ESTIMABLE,-0.33145306029153,-0.3944623885362017,-0.27654525557018,0.0307004034484862,0.1179171329660217,1000.0,0.0
phoenix,28828,2023-08-06,near_-0.01,0.0185095386207103,0.1185095386207103,BLOCK_RANGE_ONLY,8.0,quadratic_minus_linear,temperature,K,ESTIMABLE,0.0283561412391646,0.0059869883141976,0.0647022229253701,0.0153480210051755,0.0587152346111724,1000.0,0.0
phoenix,28828,2023-08-06,near_-0.01,0.0185095386207103,0.1185095386207103,BLOCK_RANGE_ONLY,8.0,quadratic_minus_linear,emitted_flux,W/m2,ESTIMABLE,0.2740921579863595,0.0888437594857351,0.590137412787754,0.1332981752256668,0.5012936533020188,1000.0,0.0
phoenix,28828,2023-08-06,near_-0.01,0.0185095386207103,0.1185095386207103,BLOCK_RANGE_ONLY,8.0,quadratic_minus_linear,temperature_equivalent,K,ESTIMABLE,0.0415990801611201,0.0134789251031932,0.089651425408887,0.0202514865919774,0.0761725003056938,1000.0,0.0
phoenix,28828,2023-08-06,near_-0.01,0.0185095386207103,0.1185095386207103,BLOCK_RANGE_ONLY,8.0,quadratic_minus_linear,temperature_minus_equivalent,K,ESTIMABLE,-0.0132429389219554,-0.0271381830733772,-0.0050180153977673,0.0058569496800681,0.0221201676756098,1000.0,0.0
phoenix,28828,2023-08-06,historical,0.0285095386207103,0.1285095386207103,BLOCK_RANGE_ONLY,1.0,linear,temperature,K,ESTIMABLE,1.4410557503682782,1.3829353543697855,1.5041283278084236,0.0304067787111682,0.1211929734386381,1000.0,0.0
phoenix,28828,2023-08-06,historical,0.0285095386207103,0.1285095386207103,BLOCK_RANGE_ONLY,1.0,linear,emitted_flux,W/m2,ESTIMABLE,11.69204749572762,11.265110272356331,12.15119087842367,0.2274996652805803,0.8860806060673383,1000.0,0.0
phoenix,28828,2023-08-06,historical,0.0285095386207103,0.1285095386207103,BLOCK_RANGE_ONLY,1.0,linear,temperature_equivalent,K,ESTIMABLE,1.7592658717378526,1.6945024512347049,1.8289596355041569,0.0345215078716933,0.1344571842694519,1000.0,0.0
phoenix,28828,2023-08-06,historical,0.0285095386207103,0.1285095386207103,BLOCK_RANGE_ONLY,1.0,linear,temperature_minus_equivalent,K,ESTIMABLE,-0.3182101213695745,-0.3457353716735024,-0.2927442838439099,0.0132180155202048,0.0529910878295925,1000.0,0.0
phoenix,28828,2023-08-06,historical,0.0285095386207103,0.1285095386207103,BLOCK_RANGE_ONLY,1.0,quadratic,temperature,K,ESTIMABLE,1.51304051740049,1.4457845477315032,1.5872793969172,0.0353582039664941,0.1414948491856968,1000.0,0.0
phoenix,28828,2023-08-06,historical,0.0285095386207103,0.1285095386207103,BLOCK_RANGE_ONLY,1.0,quadratic,emitted_flux,W/m2,ESTIMABLE,12.38785656126976,11.900048894358966,12.955272051468604,0.2603396150936305,1.055223157109637,1000.0,0.0
phoenix,28828,2023-08-06,historical,0.0285095386207103,0.1285095386207103,BLOCK_RANGE_ONLY,1.0,quadratic,temperature_equivalent,K,ESTIMABLE,1.8649015140583745,1.7908328123737265,1.9511240928490592,0.0395453984046724,0.1602912804753331,1000.0,0.0
phoenix,28828,2023-08-06,historical,0.0285095386207103,0.1285095386207103,BLOCK_RANGE_ONLY,1.0,quadratic,temperature_minus_equivalent,K,ESTIMABLE,-0.3518609966578843,-0.3819588149016146,-0.3241973008741194,0.0148099688904781,0.0577615140274952,1000.0,0.0
phoenix,28828,2023-08-06,historical,0.0285095386207103,0.1285095386207103,BLOCK_RANGE_ONLY,1.0,quadratic_minus_linear,temperature,K,ESTIMABLE,0.0719847670322118,0.0422766441710869,0.1027601635288446,0.0154638688537087,0.0604835193577576,1000.0,0.0
phoenix,28828,2023-08-06,historical,0.0285095386207103,0.1285095386207103,BLOCK_RANGE_ONLY,1.0,quadratic_minus_linear,emitted_flux,W/m2,ESTIMABLE,0.6958090655421394,0.4788626853786245,0.934802006843284,0.1208663624352496,0.4559393214646593,1000.0,0.0
phoenix,28828,2023-08-06,historical,0.0285095386207103,0.1285095386207103,BLOCK_RANGE_ONLY,1.0,quadratic_minus_linear,temperature_equivalent,K,ESTIMABLE,0.1056356423205215,0.0726755795756176,0.1419296752949904,0.0183607131262146,0.0692540957193728,1000.0,0.0
phoenix,28828,2023-08-06,historical,0.0285095386207103,0.1285095386207103,BLOCK_RANGE_ONLY,1.0,quadratic_minus_linear,temperature_minus_equivalent,K,ESTIMABLE,-0.0336508752883097,-0.0492711929169834,-0.0208933650820462,0.0071930664761997,0.0283778278349371,1000.0,0.0
phoenix,28828,2023-08-06,historical,0.0285095386207103,0.1285095386207103,BLOCK_RANGE_ONLY,8.0,linear,temperature,K,ESTIMABLE,1.4410557503682782,1.334215593674379,1.5373359246958251,0.0516322437650792,0.2031203310214462,1000.0,0.0
phoenix,28828,2023-08-06,historical,0.0285095386207103,0.1285095386207103,BLOCK_RANGE_ONLY,8.0,linear,emitted_flux,W/m2,ESTIMABLE,11.69204749572762,10.79918702757556,12.538932598228756,0.4485547443004116,1.739745570653195,1000.0,0.0
phoenix,28828,2023-08-06,historical,0.0285095386207103,0.1285095386207103,BLOCK_RANGE_ONLY,8.0,linear,temperature_equivalent,K,ESTIMABLE,1.7592658717378526,1.6238709536136724,1.8878515704622616,0.0680643439918805,0.263980616848589,1000.0,0.0
phoenix,28828,2023-08-06,historical,0.0285095386207103,0.1285095386207103,BLOCK_RANGE_ONLY,8.0,linear,temperature_minus_equivalent,K,ESTIMABLE,-0.3182101213695745,-0.372784540894096,-0.2670277044574525,0.0281453585225941,0.1057568364366434,1000.0,0.0
phoenix,28828,2023-08-06,historical,0.0285095386207103,0.1285095386207103,BLOCK_RANGE_ONLY,8.0,quadratic,temperature,K,ESTIMABLE,1.51304051740049,1.3739852095708944,1.6545623596331849,0.0701868933069934,0.2805771500622902,1000.0,0.0
phoenix,28828,2023-08-06,historical,0.0285095386207103,0.1285095386207103,BLOCK_RANGE_ONLY,8.0,quadratic,emitted_flux,W/m2,ESTIMABLE,12.38785656126976,11.213255414768158,13.660778725480991,0.618025819607999,2.4475233107128354,1000.0,0.0
phoenix,28828,2023-08-06,historical,0.0285095386207103,0.1285095386207103,BLOCK_RANGE_ONLY,8.0,quadratic,temperature_equivalent,K,ESTIMABLE,1.8649015140583745,1.6866391647410892,2.058430082552455,0.0938821350171493,0.3717909178113658,1000.0,0.0
phoenix,28828,2023-08-06,historical,0.0285095386207103,0.1285095386207103,BLOCK_RANGE_ONLY,8.0,quadratic,temperature_minus_equivalent,K,ESTIMABLE,-0.3518609966578843,-0.4242963539052179,-0.2926440232067734,0.0335507492280707,0.1316523306984445,1000.0,0.0
phoenix,28828,2023-08-06,historical,0.0285095386207103,0.1285095386207103,BLOCK_RANGE_ONLY,8.0,quadratic_minus_linear,temperature,K,ESTIMABLE,0.0719847670322118,0.0153491718241558,0.1447439489143516,0.0332431426873532,0.1293947770901957,1000.0,0.0
phoenix,28828,2023-08-06,historical,0.0285095386207103,0.1285095386207103,BLOCK_RANGE_ONLY,8.0,quadratic_minus_linear,emitted_flux,W/m2,ESTIMABLE,0.6958090655421394,0.2438491876842168,1.3113894355756686,0.2793630610521481,1.0675402478914515,1000.0,0.0
phoenix,28828,2023-08-06,historical,0.0285095386207103,0.1285095386207103,BLOCK_RANGE_ONLY,8.0,quadratic_minus_linear,temperature_equivalent,K,ESTIMABLE,0.1056356423205215,0.036997415700047,0.1993248337620002,0.0424708100467573,0.1623274180619532,1000.0,0.0
phoenix,28828,2023-08-06,historical,0.0285095386207103,0.1285095386207103,BLOCK_RANGE_ONLY,8.0,quadratic_minus_linear,temperature_minus_equivalent,K,ESTIMABLE,-0.0336508752883097,-0.0594893467903999,-0.0150879099377411,0.0119398999367016,0.0444014368526587,1000.0,0.0
phoenix,28828,2023-08-06,near_+0.01,0.0385095386207103,0.1385095386207104,BLOCK_RANGE_ONLY,1.0,linear,temperature,K,ESTIMABLE,1.4410557503682782,1.3829353543697855,1.5041283278084236,0.0304067787111682,0.1211929734386381,1000.0,0.0
phoenix,28828,2023-08-06,near_+0.01,0.0385095386207103,0.1385095386207104,BLOCK_RANGE_ONLY,1.0,linear,emitted_flux,W/m2,ESTIMABLE,11.69204749572762,11.265110272356331,12.15119087842367,0.2274996652805803,0.8860806060673383,1000.0,0.0
phoenix,28828,2023-08-06,near_+0.01,0.0385095386207103,0.1385095386207104,BLOCK_RANGE_ONLY,1.0,linear,temperature_equivalent,K,ESTIMABLE,1.7592658717378526,1.6945024512347049,1.8289596355041569,0.0345215078716933,0.1344571842694519,1000.0,0.0
phoenix,28828,2023-08-06,near_+0.01,0.0385095386207103,0.1385095386207104,BLOCK_RANGE_ONLY,1.0,linear,temperature_minus_equivalent,K,ESTIMABLE,-0.3182101213695745,-0.3457353716735024,-0.2927442838439099,0.0132180155202048,0.0529910878295925,1000.0,0.0
phoenix,28828,2023-08-06,near_+0.01,0.0385095386207103,0.1385095386207104,BLOCK_RANGE_ONLY,1.0,quadratic,temperature,K,ESTIMABLE,1.556669143193537,1.4803693243326304,1.642831269273691,0.0408304515055295,0.1624619449410607,1000.0,0.0
phoenix,28828,2023-08-06,near_+0.01,0.0385095386207103,0.1385095386207104,BLOCK_RANGE_ONLY,1.0,quadratic,emitted_flux,W/m2,ESTIMABLE,12.809573468825542,12.25740052114345,13.46593700486399,0.3001806656741991,1.2085364837205397,1000.0,0.0
phoenix,28828,2023-08-06,near_+0.01,0.0385095386207103,0.1385095386207104,BLOCK_RANGE_ONLY,1.0,quadratic,temperature_equivalent,K,ESTIMABLE,1.9289774154449333,1.8450879203915815,2.0287840508965376,0.0456256020753115,0.1836961305049558,1000.0,0.0
phoenix,28828,2023-08-06,near_+0.01,0.0385095386207103,0.1385095386207104,BLOCK_RANGE_ONLY,1.0,quadratic,temperature_minus_equivalent,K,ESTIMABLE,-0.3723082722513962,-0.4071091680035846,-0.3417161440259177,0.0170519389469433,0.0653930239776668,1000.0,0.0
phoenix,28828,2023-08-06,near_+0.01,0.0385095386207103,0.1385095386207104,BLOCK_RANGE_ONLY,1.0,quadratic_minus_linear,temperature,K,ESTIMABLE,0.1156133928252589,0.0682821738950117,0.1641218762390992,0.024491466044419,0.0958397023440875,1000.0,0.0
phoenix,28828,2023-08-06,near_+0.01,0.0385095386207103,0.1385095386207104,BLOCK_RANGE_ONLY,1.0,quadratic_minus_linear,emitted_flux,W/m2,ESTIMABLE,1.117525973097921,0.7685173689905915,1.4960799399491724,0.1897040354178093,0.7275625709585809,1000.0,0.0
phoenix,28828,2023-08-06,near_+0.01,0.0385095386207103,0.1385095386207104,BLOCK_RANGE_ONLY,1.0,quadratic_minus_linear,temperature_equivalent,K,ESTIMABLE,0.1697115437070806,0.1166425884837949,0.2272763732403035,0.0288356488144589,0.1106337847565086,1000.0,0.0
phoenix,28828,2023-08-06,near_+0.01,0.0385095386207103,0.1385095386207104,BLOCK_RANGE_ONLY,1.0,quadratic_minus_linear,temperature_minus_equivalent,K,ESTIMABLE,-0.0540981508818216,-0.0788648439469743,-0.0336841810363826,0.0113477331159479,0.0451806629105917,1000.0,0.0
phoenix,28828,2023-08-06,near_+0.01,0.0385095386207103,0.1385095386207104,BLOCK_RANGE_ONLY,8.0,linear,temperature,K,ESTIMABLE,1.4410557503682782,1.334215593674379,1.5373359246958251,0.0516322437650792,0.2031203310214462,1000.0,0.0
phoenix,28828,2023-08-06,near_+0.01,0.0385095386207103,0.1385095386207104,BLOCK_RANGE_ONLY,8.0,linear,emitted_flux,W/m2,ESTIMABLE,11.69204749572762,10.79918702757556,12.538932598228756,0.4485547443004116,1.739745570653195,1000.0,0.0
phoenix,28828,2023-08-06,near_+0.01,0.0385095386207103,0.1385095386207104,BLOCK_RANGE_ONLY,8.0,linear,temperature_equivalent,K,ESTIMABLE,1.7592658717378526,1.6238709536136724,1.8878515704622616,0.0680643439918805,0.263980616848589,1000.0,0.0
phoenix,28828,2023-08-06,near_+0.01,0.0385095386207103,0.1385095386207104,BLOCK_RANGE_ONLY,8.0,linear,temperature_minus_equivalent,K,ESTIMABLE,-0.3182101213695745,-0.372784540894096,-0.2670277044574525,0.0281453585225941,0.1057568364366434,1000.0,0.0
phoenix,28828,2023-08-06,near_+0.01,0.0385095386207103,0.1385095386207104,BLOCK_RANGE_ONLY,8.0,quadratic,temperature,K,ESTIMABLE,1.556669143193537,1.395966905936781,1.729117347271165,0.0840420551226932,0.333150441334384,1000.0,0.0
phoenix,28828,2023-08-06,near_+0.01,0.0385095386207103,0.1385095386207104,BLOCK_RANGE_ONLY,8.0,quadratic,emitted_flux,W/m2,ESTIMABLE,12.809573468825542,11.456065982546187,14.3239733811697,0.7330072608821879,2.8679073986235135,1000.0,0.0
phoenix,28828,2023-08-06,near_+0.01,0.0385095386207103,0.1385095386207104,BLOCK_RANGE_ONLY,8.0,quadratic,temperature_equivalent,K,ESTIMABLE,1.9289774154449333,1.7234641417162933,2.159401332701614,0.1114205319881997,0.4359371909853209,1000.0,0.0
phoenix,28828,2023-08-06,near_+0.01,0.0385095386207103,0.1385095386207104,BLOCK_RANGE_ONLY,8.0,quadratic,temperature_minus_equivalent,K,ESTIMABLE,-0.3723082722513962,-0.4560951438714524,-0.3058225058060116,0.0372562094368491,0.1502726380654407,1000.0,0.0
phoenix,28828,2023-08-06,near_+0.01,0.0385095386207103,0.1385095386207104,BLOCK_RANGE_ONLY,8.0,quadratic_minus_linear,temperature,K,ESTIMABLE,0.1156133928252589,0.0247290018627926,0.2258862845053381,0.0514023844214297,0.2011572826425454,1000.0,0.0
phoenix,28828,2023-08-06,near_+0.01,0.0385095386207103,0.1385095386207104,BLOCK_RANGE_ONLY,8.0,quadratic_minus_linear,emitted_flux,W/m2,ESTIMABLE,1.117525973097921,0.4016582668938611,2.0359106619233884,0.4277861226282624,1.6342523950295271,1000.0,0.0
phoenix,28828,2023-08-06,near_+0.01,0.0385095386207103,0.1385095386207104,BLOCK_RANGE_ONLY,8.0,quadratic_minus_linear,temperature_equivalent,K,ESTIMABLE,0.1697115437070806,0.0609752363504398,0.3096873711854755,0.0650764711998281,0.2487121348350356,1000.0,0.0
phoenix,28828,2023-08-06,near_+0.01,0.0385095386207103,0.1385095386207104,BLOCK_RANGE_ONLY,8.0,quadratic_minus_linear,temperature_minus_equivalent,K,ESTIMABLE,-0.0540981508818216,-0.0925760226366635,-0.0245605656611735,0.0181555905359541,0.06801545697549,1000.0,0.0
phoenix,28828,2023-08-06,near_+0.02,0.0485095386207103,0.1485095386207103,BLOCK_RANGE_ONLY,1.0,linear,temperature,K,ESTIMABLE,1.441055750368278,1.382935354369785,1.5041283278084234,0.0304067787111682,0.1211929734386381,1000.0,0.0
phoenix,28828,2023-08-06,near_+0.02,0.0485095386207103,0.1485095386207103,BLOCK_RANGE_ONLY,1.0,linear,emitted_flux,W/m2,ESTIMABLE,11.69204749572762,11.26511027235633,12.151190878423668,0.2274996652805803,0.8860806060673383,1000.0,0.0
phoenix,28828,2023-08-06,near_+0.02,0.0485095386207103,0.1485095386207103,BLOCK_RANGE_ONLY,1.0,linear,temperature_equivalent,K,ESTIMABLE,1.7592658717378526,1.6945024512347049,1.8289596355041569,0.0345215078716934,0.1344571842694519,1000.0,0.0
phoenix,28828,2023-08-06,near_+0.02,0.0485095386207103,0.1485095386207103,BLOCK_RANGE_ONLY,1.0,linear,temperature_minus_equivalent,K,ESTIMABLE,-0.3182101213695747,-0.3457353716735026,-0.2927442838439101,0.0132180155202048,0.0529910878295925,1000.0,0.0
phoenix,28828,2023-08-06,near_+0.02,0.0485095386207103,0.1485095386207103,BLOCK_RANGE_ONLY,1.0,quadratic,temperature,K,ESTIMABLE,1.6002977689865838,1.5105157211516114,1.69789833437331,0.047413217601119,0.1873826132216987,1000.0,0.0
phoenix,28828,2023-08-06,near_+0.02,0.0485095386207103,0.1485095386207103,BLOCK_RANGE_ONLY,1.0,quadratic,emitted_flux,W/m2,ESTIMABLE,13.23129037638132,12.582729497879791,13.987452527299869,0.3492813771671783,1.4047230294200777,1000.0,0.0
phoenix,28828,2023-08-06,near_+0.02,0.0485095386207103,0.1485095386207103,BLOCK_RANGE_ONLY,1.0,quadratic,temperature_equivalent,K,ESTIMABLE,1.993092712494672,1.894505724020607,2.1081538768498276,0.0531215917350484,0.2136481528292206,1000.0,0.0
phoenix,28828,2023-08-06,near_+0.02,0.0485095386207103,0.1485095386207103,BLOCK_RANGE_ONLY,1.0,quadratic,temperature_minus_equivalent,K,ESTIMABLE,-0.3927949435080882,-0.4346378076060037,-0.3577377079392536,0.0199276602641624,0.0769000996667501,1000.0,0.0
phoenix,28828,2023-08-06,near_+0.02,0.0485095386207103,0.1485095386207103,BLOCK_RANGE_ONLY,1.0,quadratic_minus_linear,temperature,K,ESTIMABLE,0.1592420186183059,0.0942894256265119,0.2255559614629301,0.0335335179905364,0.1312665358364181,1000.0,0.0
phoenix,28828,2023-08-06,near_+0.02,0.0485095386207103,0.1485095386207103,BLOCK_RANGE_ONLY,1.0,quadratic_minus_linear,emitted_flux,W/m2,ESTIMABLE,1.5392428806537009,1.0627159287570418,2.0489138134044684,0.2586965327811015,0.9861978846474266,1000.0,0.0
phoenix,28828,2023-08-06,near_+0.02,0.0485095386207103,0.1485095386207103,BLOCK_RANGE_ONLY,1.0,quadratic_minus_linear,temperature_equivalent,K,ESTIMABLE,0.2338268407568193,0.1613285552905438,0.3114768354709425,0.0393470543368367,0.1501482801803987,1000.0,0.0
phoenix,28828,2023-08-06,near_+0.02,0.0485095386207103,0.1485095386207103,BLOCK_RANGE_ONLY,1.0,quadratic_minus_linear,temperature_minus_equivalent,K,ESTIMABLE,-0.0745848221385134,-0.1083352350670897,-0.0465494692084349,0.015515606330918,0.0617857658586547,1000.0,0.0
phoenix,28828,2023-08-06,near_+0.02,0.0485095386207103,0.1485095386207103,BLOCK_RANGE_ONLY,8.0,linear,temperature,K,ESTIMABLE,1.441055750368278,1.3342155936743787,1.537335924695825,0.0516322437650792,0.2031203310214462,1000.0,0.0
phoenix,28828,2023-08-06,near_+0.02,0.0485095386207103,0.1485095386207103,BLOCK_RANGE_ONLY,8.0,linear,emitted_flux,W/m2,ESTIMABLE,11.69204749572762,10.799187027575558,12.538932598228753,0.4485547443004116,1.739745570653195,1000.0,0.0
phoenix,28828,2023-08-06,near_+0.02,0.0485095386207103,0.1485095386207103,BLOCK_RANGE_ONLY,8.0,linear,temperature_equivalent,K,ESTIMABLE,1.7592658717378526,1.6238709536136724,1.8878515704622616,0.0680643439918804,0.263980616848589,1000.0,0.0
phoenix,28828,2023-08-06,near_+0.02,0.0485095386207103,0.1485095386207103,BLOCK_RANGE_ONLY,8.0,linear,temperature_minus_equivalent,K,ESTIMABLE,-0.3182101213695747,-0.3727845408940962,-0.2670277044574528,0.0281453585225938,0.1057568364366434,1000.0,0.0
phoenix,28828,2023-08-06,near_+0.02,0.0485095386207103,0.1485095386207103,BLOCK_RANGE_ONLY,8.0,quadratic,temperature,K,ESTIMABLE,1.6002977689865838,1.411530009447114,1.80692953057015,0.0993352297421445,0.3953995211230361,1000.0,0.0
phoenix,28828,2023-08-06,near_+0.02,0.0485095386207103,0.1485095386207103,BLOCK_RANGE_ONLY,8.0,quadratic,emitted_flux,W/m2,ESTIMABLE,13.23129037638132,11.642789080834609,15.047434386777809,0.8586764849352981,3.4046453059432,1000.0,0.0
phoenix,28828,2023-08-06,near_+0.02,0.0485095386207103,0.1485095386207103,BLOCK_RANGE_ONLY,8.0,quadratic,temperature_equivalent,K,ESTIMABLE,1.993092712494672,1.751791659862758,2.269659817049013,0.1306071384751015,0.5178681571862553,1000.0,0.0
phoenix,28828,2023-08-06,near_+0.02,0.0485095386207103,0.1485095386207103,BLOCK_RANGE_ONLY,8.0,quadratic,temperature_minus_equivalent,K,ESTIMABLE,-0.3927949435080882,-0.4874437478888909,-0.321386404629267,0.0415993175381495,0.1660573432596239,1000.0,0.0
phoenix,28828,2023-08-06,near_+0.02,0.0485095386207103,0.1485095386207103,BLOCK_RANGE_ONLY,8.0,quadratic_minus_linear,temperature,K,ESTIMABLE,0.1592420186183059,0.0341665402205831,0.3072873251607911,0.0696193759969554,0.2731207849402079,1000.0,0.0
phoenix,28828,2023-08-06,near_+0.02,0.0485095386207103,0.1485095386207103,BLOCK_RANGE_ONLY,8.0,quadratic_minus_linear,emitted_flux,W/m2,ESTIMABLE,1.5392428806537009,0.5637006285824826,2.7578551886289824,0.5767496372059386,2.1941545600465,1000.0,0.0
phoenix,28828,2023-08-06,near_+0.02,0.0485095386207103,0.1485095386207103,BLOCK_RANGE_ONLY,8.0,quadratic_minus_linear,temperature_equivalent,K,ESTIMABLE,0.2338268407568193,0.0855848060027938,0.4192976429847135,0.0877931332958756,0.3337128369819196,1000.0,0.0
phoenix,28828,2023-08-06,near_+0.02,0.0485095386207103,0.1485095386207103,BLOCK_RANGE_ONLY,8.0,quadratic_minus_linear,temperature_minus_equivalent,K,ESTIMABLE,-0.0745848221385134,-0.1260426525052458,-0.0340941048505704,0.0244206242984113,0.0919485476546754,1000.0,0.0
phoenix,28828,2023-08-06,grid_00,0.0,0.1,BLOCK_RANGE_ONLY,1.0,linear,temperature,K,ESTIMABLE,1.4410557503682782,1.3829353543697855,1.5041283278084236,0.0304067787111682,0.1211929734386381,1000.0,0.0
phoenix,28828,2023-08-06,grid_00,0.0,0.1,BLOCK_RANGE_ONLY,1.0,linear,emitted_flux,W/m2,ESTIMABLE,11.69204749572762,11.265110272356331,12.15119087842367,0.2274996652805803,0.8860806060673383,1000.0,0.0
phoenix,28828,2023-08-06,grid_00,0.0,0.1,BLOCK_RANGE_ONLY,1.0,linear,temperature_equivalent,K,ESTIMABLE,1.7592658717378526,1.6945024512347049,1.8289596355041569,0.0345215078716933,0.1344571842694519,1000.0,0.0
phoenix,28828,2023-08-06,grid_00,0.0,0.1,BLOCK_RANGE_ONLY,1.0,linear,temperature_minus_equivalent,K,ESTIMABLE,-0.3182101213695745,-0.3457353716735024,-0.2927442838439099,0.0132180155202048,0.0529910878295925,1000.0,0.0
phoenix,28828,2023-08-06,grid_00,0.0,0.1,BLOCK_RANGE_ONLY,1.0,quadratic,temperature,K,ESTIMABLE,1.3886573181989503,1.32847588357971,1.449089938625124,0.0310104291076679,0.1206140550454137,1000.0,0.0
phoenix,28828,2023-08-06,grid_00,0.0,0.1,BLOCK_RANGE_ONLY,1.0,quadratic,emitted_flux,W/m2,ESTIMABLE,11.185561114972954,10.740285435875167,11.66645312753866,0.2378538944391584,0.9261676916634922,1000.0,0.0
phoenix,28828,2023-08-06,grid_00,0.0,0.1,BLOCK_RANGE_ONLY,1.0,quadratic,temperature_equivalent,K,ESTIMABLE,1.6824398354714276,1.614945186246355,1.7553822505260286,0.0360662470388299,0.1404370642796735,1000.0,0.0
phoenix,28828,2023-08-06,grid_00,0.0,0.1,BLOCK_RANGE_ONLY,1.0,quadratic,temperature_minus_equivalent,K,ESTIMABLE,-0.2937825172724773,-0.3228143736337726,-0.2658571009139734,0.0143461549923962,0.0569572727197991,1000.0,0.0
phoenix,28828,2023-08-06,grid_00,0.0,0.1,BLOCK_RANGE_ONLY,1.0,quadratic_minus_linear,temperature,K,ESTIMABLE,-0.0523984321693278,-0.07168719187414,-0.0318470970387181,0.010529157475352,0.0398400948354218,1000.0,0.0
phoenix,28828,2023-08-06,grid_00,0.0,0.1,BLOCK_RANGE_ONLY,1.0,quadratic_minus_linear,emitted_flux,W/m2,ESTIMABLE,-0.5064863807546676,-0.6535241567797588,-0.3614338620521909,0.078248005762322,0.2920902947275679,1000.0,0.0
phoenix,28828,2023-08-06,grid_00,0.0,0.1,BLOCK_RANGE_ONLY,1.0,quadratic_minus_linear,temperature_equivalent,K,ESTIMABLE,-0.076826036266425,-0.0991105382569884,-0.05480586313993,0.0118660114891664,0.0443046751170584,1000.0,0.0
phoenix,28828,2023-08-06,grid_00,0.0,0.1,BLOCK_RANGE_ONLY,1.0,quadratic_minus_linear,temperature_minus_equivalent,K,ESTIMABLE,0.0244276040970972,0.0153851736016053,0.0341110816685792,0.0047310402848844,0.0187259080669739,1000.0,0.0
phoenix,28828,2023-08-06,grid_00,0.0,0.1,BLOCK_RANGE_ONLY,8.0,linear,temperature,K,ESTIMABLE,1.4410557503682782,1.334215593674379,1.5373359246958251,0.0516322437650792,0.2031203310214462,1000.0,0.0
phoenix,28828,2023-08-06,grid_00,0.0,0.1,BLOCK_RANGE_ONLY,8.0,linear,emitted_flux,W/m2,ESTIMABLE,11.69204749572762,10.79918702757556,12.538932598228756,0.4485547443004116,1.739745570653195,1000.0,0.0
phoenix,28828,2023-08-06,grid_00,0.0,0.1,BLOCK_RANGE_ONLY,8.0,linear,temperature_equivalent,K,ESTIMABLE,1.7592658717378526,1.6238709536136724,1.8878515704622616,0.0680643439918805,0.263980616848589,1000.0,0.0
phoenix,28828,2023-08-06,grid_00,0.0,0.1,BLOCK_RANGE_ONLY,8.0,linear,temperature_minus_equivalent,K,ESTIMABLE,-0.3182101213695745,-0.372784540894096,-0.2670277044574525,0.0281453585225941,0.1057568364366434,1000.0,0.0
phoenix,28828,2023-08-06,grid_00,0.0,0.1,BLOCK_RANGE_ONLY,8.0,quadratic,temperature,K,ESTIMABLE,1.3886573181989503,1.2869090869153348,1.4877540847462836,0.049985909352431,0.2008449978309487,1000.0,0.0
phoenix,28828,2023-08-06,grid_00,0.0,0.1,BLOCK_RANGE_ONLY,8.0,quadratic,emitted_flux,W/m2,ESTIMABLE,11.185561114972954,10.342623786884124,12.055025264301,0.4293683082475987,1.7124014774168757,1000.0,0.0
phoenix,28828,2023-08-06,grid_00,0.0,0.1,BLOCK_RANGE_ONLY,8.0,quadratic,temperature_equivalent,K,ESTIMABLE,1.6824398354714276,1.5547047150021982,1.8143587203127325,0.0651056968804461,0.2596540053105343,1000.0,0.0
phoenix,28828,2023-08-06,grid_00,0.0,0.1,BLOCK_RANGE_ONLY,8.0,quadratic,temperature_minus_equivalent,K,ESTIMABLE,-0.2937825172724773,-0.3520751810780539,-0.2416590298674732,0.0284548198166754,0.1104161512105807,1000.0,0.0
phoenix,28828,2023-08-06,grid_00,0.0,0.1,BLOCK_RANGE_ONLY,8.0,quadratic_minus_linear,temperature,K,ESTIMABLE,-0.0523984321693278,-0.0889724201646585,-0.0120966653316761,0.0196827298043666,0.0768757548329824,1000.0,0.0
phoenix,28828,2023-08-06,grid_00,0.0,0.1,BLOCK_RANGE_ONLY,8.0,quadratic_minus_linear,emitted_flux,W/m2,ESTIMABLE,-0.5064863807546676,-0.7922350169542736,-0.1949838014985244,0.1552240038747774,0.5972512154557491,1000.0,0.0
phoenix,28828,2023-08-06,grid_00,0.0,0.1,BLOCK_RANGE_ONLY,8.0,quadratic_minus_linear,temperature_equivalent,K,ESTIMABLE,-0.076826036266425,-0.1202046942430399,-0.0296155327069811,0.0235512327285114,0.0905891615360587,1000.0,0.0
phoenix,28828,2023-08-06,grid_00,0.0,0.1,BLOCK_RANGE_ONLY,8.0,quadratic_minus_linear,temperature_minus_equivalent,K,ESTIMABLE,0.0244276040970972,0.0122118702224714,0.036623600970967,0.0062403761818579,0.0244117307484955,1000.0,0.0
phoenix,28828,2023-08-06,grid_01,0.1,0.2,BLOCK_RANGE_ONLY,1.0,linear,temperature,K,ESTIMABLE,1.4410557503682782,1.3829353543697855,1.5041283278084236,0.0304067787111682,0.1211929734386381,1000.0,0.0
phoenix,28828,2023-08-06,grid_01,0.1,0.2,BLOCK_RANGE_ONLY,1.0,linear,emitted_flux,W/m2,ESTIMABLE,11.69204749572762,11.265110272356331,12.15119087842367,0.2274996652805803,0.8860806060673383,1000.0,0.0
phoenix,28828,2023-08-06,grid_01,0.1,0.2,BLOCK_RANGE_ONLY,1.0,linear,temperature_equivalent,K,ESTIMABLE,1.7592658717378526,1.6945024512347049,1.8289596355041569,0.0345215078716933,0.1344571842694519,1000.0,0.0
phoenix,28828,2023-08-06,grid_01,0.1,0.2,BLOCK_RANGE_ONLY,1.0,linear,temperature_minus_equivalent,K,ESTIMABLE,-0.3182101213695745,-0.3457353716735024,-0.2927442838439099,0.0132180155202048,0.0529910878295925,1000.0,0.0
phoenix,28828,2023-08-06,grid_01,0.1,0.2,BLOCK_RANGE_ONLY,1.0,quadratic,temperature,K,ESTIMABLE,1.8249435761294208,1.64792750241829,2.007636024558124,0.0885139801493959,0.3597085221398342,1000.0,0.0
phoenix,28828,2023-08-06,grid_01,0.1,0.2,BLOCK_RANGE_ONLY,1.0,quadratic,emitted_flux,W/m2,ESTIMABLE,15.402730190530756,14.132389534111638,16.763212900536832,0.6614351443794839,2.6308233664251937,1000.0,0.0
phoenix,28828,2023-08-06,grid_01,0.1,0.2,BLOCK_RANGE_ONLY,1.0,quadratic,temperature_equivalent,K,ESTIMABLE,2.3238511412939715,2.1302226819521293,2.53161926361797,0.1009180922907801,0.4013965816658413,1000.0,0.0
phoenix,28828,2023-08-06,grid_01,0.1,0.2,BLOCK_RANGE_ONLY,1.0,quadratic,temperature_minus_equivalent,K,ESTIMABLE,-0.4989075651645507,-0.5807551919759331,-0.4337140737153133,0.0387796490182875,0.1470411182606197,1000.0,0.0
phoenix,28828,2023-08-06,grid_01,0.1,0.2,BLOCK_RANGE_ONLY,1.0,quadratic_minus_linear,temperature,K,ESTIMABLE,0.3838878257611426,0.2277037000532657,0.5417126999529608,0.0801356100138823,0.3140089998996951,1000.0,0.0
phoenix,28828,2023-08-06,grid_01,0.1,0.2,BLOCK_RANGE_ONLY,1.0,quadratic_minus_linear,emitted_flux,W/m2,ESTIMABLE,3.710682694803136,2.571988355117576,4.914641064737594,0.6144241139521481,2.3426527096200185,1000.0,0.0
phoenix,28828,2023-08-06,grid_01,0.1,0.2,BLOCK_RANGE_ONLY,1.0,quadratic_minus_linear,temperature_equivalent,K,ESTIMABLE,0.5645852695561189,0.391009036504127,0.7484756756979791,0.0937504532162407,0.3574666391938521,1000.0,0.0
phoenix,28828,2023-08-06,grid_01,0.1,0.2,BLOCK_RANGE_ONLY,1.0,quadratic_minus_linear,temperature_minus_equivalent,K,ESTIMABLE,-0.1806974437949762,-0.2616504728116446,-0.1131691816635288,0.0371049900303736,0.1484812911481157,1000.0,0.0
phoenix,28828,2023-08-06,grid_01,0.1,0.2,BLOCK_RANGE_ONLY,8.0,linear,temperature,K,ESTIMABLE,1.4410557503682782,1.334215593674379,1.5373359246958251,0.0516322437650792,0.2031203310214462,1000.0,0.0
phoenix,28828,2023-08-06,grid_01,0.1,0.2,BLOCK_RANGE_ONLY,8.0,linear,emitted_flux,W/m2,ESTIMABLE,11.69204749572762,10.79918702757556,12.538932598228756,0.4485547443004116,1.739745570653195,1000.0,0.0
phoenix,28828,2023-08-06,grid_01,0.1,0.2,BLOCK_RANGE_ONLY,8.0,linear,temperature_equivalent,K,ESTIMABLE,1.7592658717378526,1.6238709536136724,1.8878515704622616,0.0680643439918805,0.263980616848589,1000.0,0.0
phoenix,28828,2023-08-06,grid_01,0.1,0.2,BLOCK_RANGE_ONLY,8.0,linear,temperature_minus_equivalent,K,ESTIMABLE,-0.3182101213695745,-0.372784540894096,-0.2670277044574525,0.0281453585225941,0.1057568364366434,1000.0,0.0
phoenix,28828,2023-08-06,grid_01,0.1,0.2,BLOCK_RANGE_ONLY,8.0,quadratic,temperature,K,ESTIMABLE,1.8249435761294208,1.4813749269947722,2.2044793085301,0.1867499175045152,0.723104381535328,1000.0,0.0
phoenix,28828,2023-08-06,grid_01,0.1,0.2,BLOCK_RANGE_ONLY,8.0,quadratic,emitted_flux,W/m2,ESTIMABLE,15.402730190530756,12.66757483041234,18.68590952188656,1.5730925277775665,6.018334691474218,1000.0,0.0
phoenix,28828,2023-08-06,grid_01,0.1,0.2,BLOCK_RANGE_ONLY,8.0,quadratic,temperature_equivalent,K,ESTIMABLE,2.3238511412939715,1.90739766874608,2.8259558375753855,0.2400671728747297,0.9185581688293056,1000.0,0.0
phoenix,28828,2023-08-06,grid_01,0.1,0.2,BLOCK_RANGE_ONLY,8.0,quadratic,temperature_minus_equivalent,K,ESTIMABLE,-0.4989075651645507,-0.6542770750734165,-0.3833583214756724,0.0692502448569497,0.2709187535977441,1000.0,0.0
phoenix,28828,2023-08-06,grid_01,0.1,0.2,BLOCK_RANGE_ONLY,8.0,quadratic_minus_linear,temperature,K,ESTIMABLE,0.3838878257611426,0.0827608606533215,0.7198774107162265,0.1636052136085132,0.6371165500629049,1000.0,0.0
phoenix,28828,2023-08-06,grid_01,0.1,0.2,BLOCK_RANGE_ONLY,8.0,quadratic_minus_linear,emitted_flux,W/m2,ESTIMABLE,3.710682694803136,1.3981738287780612,6.518528043939692,1.3455454687565933,5.120354215161631,1000.0,0.0
phoenix,28828,2023-08-06,grid_01,0.1,0.2,BLOCK_RANGE_ONLY,8.0,quadratic_minus_linear,temperature_equivalent,K,ESTIMABLE,0.5645852695561189,0.2124106644081791,0.9938584217245264,0.2054950606511472,0.7814477573163472,1000.0,0.0
phoenix,28828,2023-08-06,grid_01,0.1,0.2,BLOCK_RANGE_ONLY,8.0,quadratic_minus_linear,temperature_minus_equivalent,K,ESTIMABLE,-0.1806974437949762,-0.3006461302414173,-0.084137290472498,0.0571372305013428,0.2165088397689192,1000.0,0.0
phoenix,28828,2023-08-06,grid_02,0.2,0.3,BLOCK_RANGE_ONLY,1.0,linear,temperature,K,ESTIMABLE,1.441055750368278,1.382935354369785,1.5041283278084232,0.0304067787111682,0.1211929734386381,1000.0,0.0
phoenix,28828,2023-08-06,grid_02,0.2,0.3,BLOCK_RANGE_ONLY,1.0,linear,emitted_flux,W/m2,ESTIMABLE,11.69204749572762,11.265110272356328,12.151190878423666,0.2274996652805803,0.8860806060673383,1000.0,0.0
phoenix,28828,2023-08-06,grid_02,0.2,0.3,BLOCK_RANGE_ONLY,1.0,linear,temperature_equivalent,K,ESTIMABLE,1.7592658717378526,1.6945024512347049,1.8289596355041569,0.0345215078716934,0.1344571842694519,1000.0,0.0
phoenix,28828,2023-08-06,grid_02,0.2,0.3,BLOCK_RANGE_ONLY,1.0,linear,temperature_minus_equivalent,K,ESTIMABLE,-0.3182101213695747,-0.3457353716735029,-0.2927442838439104,0.013218015520205,0.0529910878295925,1000.0,0.0
phoenix,28828,2023-08-06,grid_02,0.2,0.3,BLOCK_RANGE_ONLY,1.0,quadratic,temperature,K,ESTIMABLE,2.26122983405989,1.9081194177879888,2.607252222243104,0.1763639070898044,0.699132804455115,1000.0,0.0
phoenix,28828,2023-08-06,grid_02,0.2,0.3,BLOCK_RANGE_ONLY,1.0,quadratic,emitted_flux,W/m2,ESTIMABLE,19.619899266088556,17.17249177027904,22.27744927748776,1.3319728145535568,5.10495750720872,1000.0,0.0
phoenix,28828,2023-08-06,grid_02,0.2,0.3,BLOCK_RANGE_ONLY,1.0,quadratic,temperature_equivalent,K,ESTIMABLE,2.9692371046206745,2.5942041151307222,3.3780101236382167,0.204494032208543,0.7838060085074945,1000.0,0.0
phoenix,28828,2023-08-06,grid_02,0.2,0.3,BLOCK_RANGE_ONLY,1.0,quadratic,temperature_minus_equivalent,K,ESTIMABLE,-0.7080072705607843,-0.8790161599930149,-0.57087334927144,0.080013605810988,0.3081428107215749,1000.0,0.0
phoenix,28828,2023-08-06,grid_02,0.2,0.3,BLOCK_RANGE_ONLY,1.0,quadratic_minus_linear,temperature,K,ESTIMABLE,0.8201740836916123,0.4874314036529551,1.153647155061916,0.1706721825638286,0.6662157514089609,1000.0,0.0
phoenix,28828,2023-08-06,grid_02,0.2,0.3,BLOCK_RANGE_ONLY,1.0,quadratic_minus_linear,emitted_flux,W/m2,ESTIMABLE,7.927851770360936,5.517500395513195,10.466216782721975,1.3056203072007435,4.9487163872087825,1000.0,0.0
phoenix,28828,2023-08-06,grid_02,0.2,0.3,BLOCK_RANGE_ONLY,1.0,quadratic_minus_linear,temperature_equivalent,K,ESTIMABLE,1.2099712328828218,0.8406486118985157,1.600478799774362,0.2004587916340343,0.7598301878758462,1000.0,0.0
phoenix,28828,2023-08-06,grid_02,0.2,0.3,BLOCK_RANGE_ONLY,1.0,quadratic_minus_linear,temperature_minus_equivalent,K,ESTIMABLE,-0.3897971491912095,-0.5640889552220406,-0.2451562350730921,0.0795847524041133,0.3189327201489484,1000.0,0.0
phoenix,28828,2023-08-06,grid_02,0.2,0.3,BLOCK_RANGE_ONLY,8.0,linear,temperature,K,ESTIMABLE,1.441055750368278,1.3342155936743785,1.5373359246958247,0.0516322437650792,0.2031203310214462,1000.0,0.0
phoenix,28828,2023-08-06,grid_02,0.2,0.3,BLOCK_RANGE_ONLY,8.0,linear,emitted_flux,W/m2,ESTIMABLE,11.69204749572762,10.799187027575556,12.538932598228753,0.4485547443004115,1.739745570653195,1000.0,0.0
phoenix,28828,2023-08-06,grid_02,0.2,0.3,BLOCK_RANGE_ONLY,8.0,linear,temperature_equivalent,K,ESTIMABLE,1.7592658717378526,1.6238709536136724,1.8878515704622616,0.06806434399188,0.263980616848589,1000.0,0.0
phoenix,28828,2023-08-06,grid_02,0.2,0.3,BLOCK_RANGE_ONLY,8.0,linear,temperature_minus_equivalent,K,ESTIMABLE,-0.3182101213695747,-0.3727845408940964,-0.267027704457453,0.0281453585225938,0.1057568364366434,1000.0,0.0
phoenix,28828,2023-08-06,grid_02,0.2,0.3,BLOCK_RANGE_ONLY,8.0,quadratic,temperature,K,ESTIMABLE,2.26122983405989,1.6005494553914772,3.0098548907179863,0.3660708297503728,1.409305435326509,1000.0,0.0
phoenix,28828,2023-08-06,grid_02,0.2,0.3,BLOCK_RANGE_ONLY,8.0,quadratic,emitted_flux,W/m2,ESTIMABLE,19.619899266088556,14.341984412316792,25.92827445492443,3.0385977201446237,11.586290042607638,1000.0,0.0
phoenix,28828,2023-08-06,grid_02,0.2,0.3,BLOCK_RANGE_ONLY,8.0,quadratic,temperature_equivalent,K,ESTIMABLE,2.9692371046206745,2.162144875441851,3.94220267160248,0.4667262456450843,1.7800577961606292,1000.0,0.0
phoenix,28828,2023-08-06,grid_02,0.2,0.3,BLOCK_RANGE_ONLY,8.0,quadratic,temperature_minus_equivalent,K,ESTIMABLE,-0.7080072705607843,-0.9966580959217004,-0.4896907451737429,0.131733053245932,0.5069673507479575,1000.0,0.0
phoenix,28828,2023-08-06,grid_02,0.2,0.3,BLOCK_RANGE_ONLY,8.0,quadratic_minus_linear,temperature,K,ESTIMABLE,0.8201740836916123,0.1771362442312281,1.5233547756658272,0.3462676741182351,1.3462185314345991,1000.0,0.0
phoenix,28828,2023-08-06,grid_02,0.2,0.3,BLOCK_RANGE_ONLY,8.0,quadratic_minus_linear,emitted_flux,W/m2,ESTIMABLE,7.927851770360936,3.0192951318200825,13.812712187687932,2.839909113457712,10.793417055867849,1000.0,0.0
phoenix,28828,2023-08-06,grid_02,0.2,0.3,BLOCK_RANGE_ONLY,8.0,quadratic_minus_linear,temperature_equivalent,K,ESTIMABLE,1.2099712328828218,0.4591178809184328,2.117407249656054,0.4365284380545742,1.6582893687376212,1000.0,0.0
phoenix,28828,2023-08-06,grid_02,0.2,0.3,BLOCK_RANGE_ONLY,8.0,quadratic_minus_linear,temperature_minus_equivalent,K,ESTIMABLE,-0.3897971491912095,-0.6456231236721415,-0.1818614823347511,0.1225517495267887,0.4637616413373903,1000.0,0.0
phoenix,28828,2023-08-06,grid_03,0.3,0.4,NO_SPANNING_BLOCKS,,,,,NOT_ESTIMATED_NO_REFERENCE_BLOCKS,,,,,,,
phoenix,28828,2023-08-06,grid_04,0.4,0.5,NO_SPANNING_BLOCKS,,,,,NOT_ESTIMATED_NO_REFERENCE_BLOCKS,,,,,,,
phoenix,28828,2023-08-06,grid_05,0.5,0.6,NO_SPANNING_BLOCKS,,,,,NOT_ESTIMATED_NO_REFERENCE_BLOCKS,,,,,,,
phoenix,28828,2023-08-06,grid_06,0.6,0.7,NO_SPANNING_BLOCKS,,,,,NOT_ESTIMATED_NO_REFERENCE_BLOCKS,,,,,,,
phoenix,28828,2023-08-06,grid_07,0.7,0.8,NO_SPANNING_BLOCKS,,,,,NOT_ESTIMATED_NO_REFERENCE_BLOCKS,,,,,,,
phoenix,28828,2023-08-06,grid_08,0.8,0.9,NO_SPANNING_BLOCKS,,,,,NOT_ESTIMATED_NO_REFERENCE_BLOCKS,,,,,,,
phoenix,28828,2023-08-06,grid_09,0.9,1.0,NO_SPANNING_BLOCKS,,,,,NOT_ESTIMATED_NO_REFERENCE_BLOCKS,,,,,,,
phoenix,28909,2023-08-11,near_-0.02,0.0085095386207103,0.1085095386207103,BLOCK_RANGE_ONLY,1.0,linear,temperature,K,ESTIMABLE,0.927620271912852,0.8672189018192393,0.9942164418874152,0.0319540720600622,0.1269975400681757,1000.0,0.0
phoenix,28909,2023-08-11,near_-0.02,0.0085095386207103,0.1085095386207103,BLOCK_RANGE_ONLY,1.0,linear,emitted_flux,W/m2,ESTIMABLE,6.282655990100629,5.80090663546342,6.785528814976896,0.2552255841006887,0.984622179513476,1000.0,0.0
phoenix,28909,2023-08-11,near_-0.02,0.0085095386207103,0.1085095386207103,BLOCK_RANGE_ONLY,1.0,linear,temperature_equivalent,K,ESTIMABLE,0.941652994108722,0.8691472507414459,1.0173915736910146,0.0384268986080468,0.1482443229495686,1000.0,0.0
phoenix,28909,2023-08-11,near_-0.02,0.0085095386207103,0.1085095386207103,BLOCK_RANGE_ONLY,1.0,linear,temperature_minus_equivalent,K,ESTIMABLE,-0.0140327221958699,-0.0392833812949059,0.0117303266826658,0.0130354583608346,0.0510137079775717,1000.0,0.0
phoenix,28909,2023-08-11,near_-0.02,0.0085095386207103,0.1085095386207103,BLOCK_RANGE_ONLY,1.0,quadratic,temperature,K,ESTIMABLE,0.9324799723083236,0.8719875949458792,0.9996462256198068,0.0327342511966415,0.1276586306739277,1000.0,0.0
phoenix,28909,2023-08-11,near_-0.02,0.0085095386207103,0.1085095386207103,BLOCK_RANGE_ONLY,1.0,quadratic,emitted_flux,W/m2,ESTIMABLE,6.2962464299539835,5.798112930845608,6.819753148252766,0.2625724906710137,1.0216402174071575,1000.0,0.0
phoenix,28909,2023-08-11,near_-0.02,0.0085095386207103,0.1085095386207103,BLOCK_RANGE_ONLY,1.0,quadratic,temperature_equivalent,K,ESTIMABLE,0.9436991538245252,0.8687269304546135,1.022548155840589,0.0395336740188532,0.1538212253859754,1000.0,0.0
phoenix,28909,2023-08-11,near_-0.02,0.0085095386207103,0.1085095386207103,BLOCK_RANGE_ONLY,1.0,quadratic,temperature_minus_equivalent,K,ESTIMABLE,-0.0112191815162017,-0.0369346517359761,0.0148554405059012,0.013380134532219,0.0517900922418774,1000.0,0.0
phoenix,28909,2023-08-11,near_-0.02,0.0085095386207103,0.1085095386207103,BLOCK_RANGE_ONLY,1.0,quadratic_minus_linear,temperature,K,ESTIMABLE,0.0048597003954714,-0.0028312528242061,0.012520705897827,0.0039239469382882,0.0153519587220331,1000.0,0.0
phoenix,28909,2023-08-11,near_-0.02,0.0085095386207103,0.1085095386207103,BLOCK_RANGE_ONLY,1.0,quadratic_minus_linear,emitted_flux,W/m2,ESTIMABLE,0.0135904398533543,-0.0468363384795364,0.0758820710955091,0.0308014677033726,0.1227184095750455,1000.0,0.0
phoenix,28909,2023-08-11,near_-0.02,0.0085095386207103,0.1085095386207103,BLOCK_RANGE_ONLY,1.0,quadratic_minus_linear,temperature_equivalent,K,ESTIMABLE,0.0020461597158032,-0.0070498346424102,0.0114235867445501,0.0046375988088782,0.0184734213869603,1000.0,0.0
phoenix,28909,2023-08-11,near_-0.02,0.0085095386207103,0.1085095386207103,BLOCK_RANGE_ONLY,1.0,quadratic_minus_linear,temperature_minus_equivalent,K,ESTIMABLE,0.0028135406796682,-0.0001205275758116,0.0057290484162565,0.0015481281742074,0.0058495759920682,1000.0,0.0
phoenix,28909,2023-08-11,near_-0.02,0.0085095386207103,0.1085095386207103,BLOCK_RANGE_ONLY,8.0,linear,temperature,K,ESTIMABLE,0.927620271912852,0.8301496630636106,1.0369714722135903,0.0531835753213796,0.2068218091499799,1000.0,0.0
phoenix,28909,2023-08-11,near_-0.02,0.0085095386207103,0.1085095386207103,BLOCK_RANGE_ONLY,8.0,linear,emitted_flux,W/m2,ESTIMABLE,6.282655990100629,5.479102284958488,7.17997498466665,0.4396451654931275,1.700872699708162,1000.0,0.0
phoenix,28909,2023-08-11,near_-0.02,0.0085095386207103,0.1085095386207103,BLOCK_RANGE_ONLY,8.0,linear,temperature_equivalent,K,ESTIMABLE,0.941652994108722,0.8207420246635919,1.0768382270242824,0.0661958611752993,0.2560962023606905,1000.0,0.0
phoenix,28909,2023-08-11,near_-0.02,0.0085095386207103,0.1085095386207103,BLOCK_RANGE_ONLY,8.0,linear,temperature_minus_equivalent,K,ESTIMABLE,-0.0140327221958699,-0.0627101804099904,0.0258847504429793,0.0234403698265315,0.0885949308529698,1000.0,0.0
phoenix,28909,2023-08-11,near_-0.02,0.0085095386207103,0.1085095386207103,BLOCK_RANGE_ONLY,8.0,quadratic,temperature,K,ESTIMABLE,0.9324799723083236,0.8354194419209052,1.0439108609709995,0.0540757029635358,0.2084914190500942,1000.0,0.0
phoenix,28909,2023-08-11,near_-0.02,0.0085095386207103,0.1085095386207103,BLOCK_RANGE_ONLY,8.0,quadratic,emitted_flux,W/m2,ESTIMABLE,6.2962464299539835,5.490182810830185,7.193628006150734,0.4460869884412415,1.7034451953205485,1000.0,0.0
phoenix,28909,2023-08-11,near_-0.02,0.0085095386207103,0.1085095386207103,BLOCK_RANGE_ONLY,8.0,quadratic,temperature_equivalent,K,ESTIMABLE,0.9436991538245252,0.8224083652766879,1.0788964677699482,0.0671672856028784,0.2564881024932602,1000.0,0.0
phoenix,28909,2023-08-11,near_-0.02,0.0085095386207103,0.1085095386207103,BLOCK_RANGE_ONLY,8.0,quadratic,temperature_minus_equivalent,K,ESTIMABLE,-0.0112191815162017,-0.0602317390194196,0.0296679290762049,0.0239198850402251,0.0898996680956245,1000.0,0.0
phoenix,28909,2023-08-11,near_-0.02,0.0085095386207103,0.1085095386207103,BLOCK_RANGE_ONLY,8.0,quadratic_minus_linear,temperature,K,ESTIMABLE,0.0048597003954714,-0.0047650082534289,0.0194733506525764,0.0060991657897596,0.0242383589060053,1000.0,0.0
phoenix,28909,2023-08-11,near_-0.02,0.0085095386207103,0.1085095386207103,BLOCK_RANGE_ONLY,8.0,quadratic_minus_linear,emitted_flux,W/m2,ESTIMABLE,0.0135904398533543,-0.0564675817952178,0.1195657440494773,0.0444751924722222,0.1760333258446952,1000.0,0.0
phoenix,28909,2023-08-11,near_-0.02,0.0085095386207103,0.1085095386207103,BLOCK_RANGE_ONLY,8.0,quadratic_minus_linear,temperature_equivalent,K,ESTIMABLE,0.0020461597158032,-0.0084991252792391,0.0180040914242724,0.006695582799292,0.0265032167035116,1000.0,0.0
phoenix,28909,2023-08-11,near_-0.02,0.0085095386207103,0.1085095386207103,BLOCK_RANGE_ONLY,8.0,quadratic_minus_linear,temperature_minus_equivalent,K,ESTIMABLE,0.0028135406796682,-0.0010300862327746,0.0060208758434779,0.0017339363091146,0.0070509620762526,1000.0,0.0
phoenix,28909,2023-08-11,near_-0.01,0.0185095386207103,0.1185095386207103,BLOCK_RANGE_ONLY,1.0,linear,temperature,K,ESTIMABLE,0.927620271912852,0.8672189018192393,0.9942164418874152,0.0319540720600622,0.1269975400681757,1000.0,0.0
phoenix,28909,2023-08-11,near_-0.01,0.0185095386207103,0.1185095386207103,BLOCK_RANGE_ONLY,1.0,linear,emitted_flux,W/m2,ESTIMABLE,6.282655990100629,5.80090663546342,6.785528814976896,0.2552255841006887,0.984622179513476,1000.0,0.0
phoenix,28909,2023-08-11,near_-0.01,0.0185095386207103,0.1185095386207103,BLOCK_RANGE_ONLY,1.0,linear,temperature_equivalent,K,ESTIMABLE,0.941652994108722,0.8691472507414459,1.0173915736910146,0.0384268986080468,0.1482443229495686,1000.0,0.0
phoenix,28909,2023-08-11,near_-0.01,0.0185095386207103,0.1185095386207103,BLOCK_RANGE_ONLY,1.0,linear,temperature_minus_equivalent,K,ESTIMABLE,-0.0140327221958699,-0.0392833812949059,0.0117303266826658,0.0130354583608346,0.0510137079775717,1000.0,0.0
phoenix,28909,2023-08-11,near_-0.01,0.0185095386207103,0.1185095386207103,BLOCK_RANGE_ONLY,1.0,quadratic,temperature,K,ESTIMABLE,0.9199615816105836,0.8592822101872926,0.98765850966475,0.031644969287683,0.1283762994774573,1000.0,0.0
phoenix,28909,2023-08-11,near_-0.01,0.0185095386207103,0.1185095386207103,BLOCK_RANGE_ONLY,1.0,quadratic,emitted_flux,W/m2,ESTIMABLE,6.261238009270894,5.787530588168945,6.77049276938059,0.2507962840415712,0.9829621812116454,1000.0,0.0
phoenix,28909,2023-08-11,near_-0.01,0.0185095386207103,0.1185095386207103,BLOCK_RANGE_ONLY,1.0,quadratic,temperature_equivalent,K,ESTIMABLE,0.9384284107973144,0.8671348039814575,1.0151261721960765,0.0377590589703875,0.147991368214619,1000.0,0.0
phoenix,28909,2023-08-11,near_-0.01,0.0185095386207103,0.1185095386207103,BLOCK_RANGE_ONLY,1.0,quadratic,temperature_minus_equivalent,K,ESTIMABLE,-0.0184668291867309,-0.043382377194605,0.0070115979867873,0.012862522822863,0.0503939751813923,1000.0,0.0
phoenix,28909,2023-08-11,near_-0.01,0.0185095386207103,0.1185095386207103,BLOCK_RANGE_ONLY,1.0,quadratic_minus_linear,temperature,K,ESTIMABLE,-0.0076586903022685,-0.0196109495048862,0.0049965142928867,0.006018339280198,0.024607463797773,1000.0,0.0
phoenix,28909,2023-08-11,near_-0.01,0.0185095386207103,0.1185095386207103,BLOCK_RANGE_ONLY,1.0,quadratic_minus_linear,emitted_flux,W/m2,ESTIMABLE,-0.0214179808297352,-0.1185223618005988,0.0721016396452742,0.047853733737227,0.190624001445873,1000.0,0.0
phoenix,28909,2023-08-11,near_-0.01,0.0185095386207103,0.1185095386207103,BLOCK_RANGE_ONLY,1.0,quadratic_minus_linear,temperature_equivalent,K,ESTIMABLE,-0.0032245833114075,-0.0178427874145398,0.0108580283793884,0.0072046528959292,0.0287008157939283,1000.0,0.0
phoenix,28909,2023-08-11,near_-0.01,0.0185095386207103,0.1185095386207103,BLOCK_RANGE_ONLY,1.0,quadratic_minus_linear,temperature_minus_equivalent,K,ESTIMABLE,-0.0044341069908609,-0.009419364518677,0.0001806382785484,0.0024958364788587,0.0096000027972254,1000.0,0.0
phoenix,28909,2023-08-11,near_-0.01,0.0185095386207103,0.1185095386207103,BLOCK_RANGE_ONLY,8.0,linear,temperature,K,ESTIMABLE,0.927620271912852,0.8301496630636106,1.0369714722135903,0.0531835753213796,0.2068218091499799,1000.0,0.0
phoenix,28909,2023-08-11,near_-0.01,0.0185095386207103,0.1185095386207103,BLOCK_RANGE_ONLY,8.0,linear,emitted_flux,W/m2,ESTIMABLE,6.282655990100629,5.479102284958488,7.17997498466665,0.4396451654931275,1.700872699708162,1000.0,0.0
phoenix,28909,2023-08-11,near_-0.01,0.0185095386207103,0.1185095386207103,BLOCK_RANGE_ONLY,8.0,linear,temperature_equivalent,K,ESTIMABLE,0.941652994108722,0.8207420246635919,1.0768382270242824,0.0661958611752993,0.2560962023606905,1000.0,0.0
phoenix,28909,2023-08-11,near_-0.01,0.0185095386207103,0.1185095386207103,BLOCK_RANGE_ONLY,8.0,linear,temperature_minus_equivalent,K,ESTIMABLE,-0.0140327221958699,-0.0627101804099904,0.0258847504429793,0.0234403698265315,0.0885949308529698,1000.0,0.0
phoenix,28909,2023-08-11,near_-0.01,0.0185095386207103,0.1185095386207103,BLOCK_RANGE_ONLY,8.0,quadratic,temperature,K,ESTIMABLE,0.9199615816105836,0.8263462325661648,1.0268307173621811,0.051455428193049,0.2004844847960163,1000.0,0.0
phoenix,28909,2023-08-11,near_-0.01,0.0185095386207103,0.1185095386207103,BLOCK_RANGE_ONLY,8.0,quadratic,emitted_flux,W/m2,ESTIMABLE,6.261238009270894,5.462476676886461,7.149371634852305,0.4320155799582235,1.686894957965844,1000.0,0.0
phoenix,28909,2023-08-11,near_-0.01,0.0185095386207103,0.1185095386207103,BLOCK_RANGE_ONLY,8.0,quadratic,temperature_equivalent,K,ESTIMABLE,0.9384284107973144,0.8182418390689492,1.072224813567658,0.0650454781024938,0.2539829744987087,1000.0,0.0
phoenix,28909,2023-08-11,near_-0.01,0.0185095386207103,0.1185095386207103,BLOCK_RANGE_ONLY,8.0,quadratic,temperature_minus_equivalent,K,ESTIMABLE,-0.0184668291867309,-0.0674387402087365,0.0221469992327935,0.0236115760243941,0.08958573944153,1000.0,0.0
phoenix,28909,2023-08-11,near_-0.01,0.0185095386207103,0.1185095386207103,BLOCK_RANGE_ONLY,8.0,quadratic_minus_linear,temperature,K,ESTIMABLE,-0.0076586903022685,-0.021536475989529,0.0112288403741152,0.0080820332423498,0.0327653163636442,1000.0,0.0
phoenix,28909,2023-08-11,near_-0.01,0.0185095386207103,0.1185095386207103,BLOCK_RANGE_ONLY,8.0,quadratic_minus_linear,emitted_flux,W/m2,ESTIMABLE,-0.0214179808297352,-0.1232460143179927,0.135074078044223,0.0648736235709042,0.2583200923622157,1000.0,0.0
phoenix,28909,2023-08-11,near_-0.01,0.0185095386207103,0.1185095386207103,BLOCK_RANGE_ONLY,8.0,quadratic_minus_linear,temperature_equivalent,K,ESTIMABLE,-0.0032245833114075,-0.01854757898531,0.0203267023821979,0.0097677000193667,0.0388742813675079,1000.0,0.0
phoenix,28909,2023-08-11,near_-0.01,0.0185095386207103,0.1185095386207103,BLOCK_RANGE_ONLY,8.0,quadratic_minus_linear,temperature_minus_equivalent,K,ESTIMABLE,-0.0044341069908609,-0.0123466318666074,0.0009822648563443,0.0034175435400582,0.0133288967229518,1000.0,0.0
phoenix,28909,2023-08-11,historical,0.0285095386207103,0.1285095386207103,BLOCK_RANGE_ONLY,1.0,linear,temperature,K,ESTIMABLE,0.927620271912852,0.8672189018192393,0.9942164418874152,0.0319540720600622,0.1269975400681757,1000.0,0.0
phoenix,28909,2023-08-11,historical,0.0285095386207103,0.1285095386207103,BLOCK_RANGE_ONLY,1.0,linear,emitted_flux,W/m2,ESTIMABLE,6.282655990100629,5.80090663546342,6.785528814976896,0.2552255841006887,0.984622179513476,1000.0,0.0
phoenix,28909,2023-08-11,historical,0.0285095386207103,0.1285095386207103,BLOCK_RANGE_ONLY,1.0,linear,temperature_equivalent,K,ESTIMABLE,0.941652994108722,0.8691472507414459,1.0173915736910146,0.0384268986080468,0.1482443229495686,1000.0,0.0
phoenix,28909,2023-08-11,historical,0.0285095386207103,0.1285095386207103,BLOCK_RANGE_ONLY,1.0,linear,temperature_minus_equivalent,K,ESTIMABLE,-0.0140327221958699,-0.0392833812949059,0.0117303266826658,0.0130354583608346,0.0510137079775717,1000.0,0.0
phoenix,28909,2023-08-11,historical,0.0285095386207103,0.1285095386207103,BLOCK_RANGE_ONLY,1.0,quadratic,temperature,K,ESTIMABLE,0.9074431909128436,0.8420814914020753,0.9770289461988648,0.0335562650726892,0.1349474547967895,1000.0,0.0
phoenix,28909,2023-08-11,historical,0.0285095386207103,0.1285095386207103,BLOCK_RANGE_ONLY,1.0,quadratic,emitted_flux,W/m2,ESTIMABLE,6.226229588587804,5.718195214991955,6.757919994704173,0.2629477996705281,1.039724779712218,1000.0,0.0
phoenix,28909,2023-08-11,historical,0.0285095386207103,0.1285095386207103,BLOCK_RANGE_ONLY,1.0,quadratic,temperature_equivalent,K,ESTIMABLE,0.9331579333167496,0.8567038110953675,1.0132319364355964,0.0395866206931412,0.1565281253402288,1000.0,0.0
phoenix,28909,2023-08-11,historical,0.0285095386207103,0.1285095386207103,BLOCK_RANGE_ONLY,1.0,quadratic,temperature_minus_equivalent,K,ESTIMABLE,-0.0257147424039061,-0.0523933572605089,0.0008992381524768,0.0135569750638902,0.0532925954129858,1000.0,0.0
phoenix,28909,2023-08-11,historical,0.0285095386207103,0.1285095386207103,BLOCK_RANGE_ONLY,1.0,quadratic_minus_linear,temperature,K,ESTIMABLE,-0.0201770810000084,-0.0515634448768368,0.0129693043329513,0.0158678738463996,0.0645327492097881,1000.0,0.0
phoenix,28909,2023-08-11,historical,0.0285095386207103,0.1285095386207103,BLOCK_RANGE_ONLY,1.0,quadratic_minus_linear,emitted_flux,W/m2,ESTIMABLE,-0.0564264015128248,-0.3060990258375917,0.1858152300908895,0.1261726407868828,0.4919142559284812,1000.0,0.0
phoenix,28909,2023-08-11,historical,0.0285095386207103,0.1285095386207103,BLOCK_RANGE_ONLY,1.0,quadratic_minus_linear,temperature_equivalent,K,ESTIMABLE,-0.0084950607919722,-0.046072602538473,0.0280039709618278,0.0189950799186941,0.0740765735003008,1000.0,0.0
phoenix,28909,2023-08-11,historical,0.0285095386207103,0.1285095386207103,BLOCK_RANGE_ONLY,1.0,quadratic_minus_linear,temperature_minus_equivalent,K,ESTIMABLE,-0.0116820202080362,-0.0242606229776557,0.0004714532350679,0.0064798215374005,0.0247320762127236,1000.0,0.0
phoenix,28909,2023-08-11,historical,0.0285095386207103,0.1285095386207103,BLOCK_RANGE_ONLY,8.0,linear,temperature,K,ESTIMABLE,0.927620271912852,0.8301496630636106,1.0369714722135903,0.0531835753213796,0.2068218091499799,1000.0,0.0
phoenix,28909,2023-08-11,historical,0.0285095386207103,0.1285095386207103,BLOCK_RANGE_ONLY,8.0,linear,emitted_flux,W/m2,ESTIMABLE,6.282655990100629,5.479102284958488,7.17997498466665,0.4396451654931275,1.700872699708162,1000.0,0.0
phoenix,28909,2023-08-11,historical,0.0285095386207103,0.1285095386207103,BLOCK_RANGE_ONLY,8.0,linear,temperature_equivalent,K,ESTIMABLE,0.941652994108722,0.8207420246635919,1.0768382270242824,0.0661958611752993,0.2560962023606905,1000.0,0.0
phoenix,28909,2023-08-11,historical,0.0285095386207103,0.1285095386207103,BLOCK_RANGE_ONLY,8.0,linear,temperature_minus_equivalent,K,ESTIMABLE,-0.0140327221958699,-0.0627101804099904,0.0258847504429793,0.0234403698265315,0.0885949308529698,1000.0,0.0
phoenix,28909,2023-08-11,historical,0.0285095386207103,0.1285095386207103,BLOCK_RANGE_ONLY,8.0,quadratic,temperature,K,ESTIMABLE,0.9074431909128436,0.8109402147570428,1.015381881456709,0.0522306699749569,0.2044416666996662,1000.0,0.0
phoenix,28909,2023-08-11,historical,0.0285095386207103,0.1285095386207103,BLOCK_RANGE_ONLY,8.0,quadratic,emitted_flux,W/m2,ESTIMABLE,6.226229588587804,5.409130558694209,7.148584928537141,0.4430167245642491,1.7394543698429317,1000.0,0.0
phoenix,28909,2023-08-11,historical,0.0285095386207103,0.1285095386207103,BLOCK_RANGE_ONLY,8.0,quadratic,temperature_equivalent,K,ESTIMABLE,0.9331579333167496,0.8102199674737222,1.072106219990296,0.0666980662572588,0.2618862525165738,1000.0,0.0
phoenix,28909,2023-08-11,historical,0.0285095386207103,0.1285095386207103,BLOCK_RANGE_ONLY,8.0,quadratic,temperature_minus_equivalent,K,ESTIMABLE,-0.0257147424039061,-0.0744237663812277,0.0180818155115047,0.0241986091019745,0.0925055818927325,1000.0,0.0
phoenix,28909,2023-08-11,historical,0.0285095386207103,0.1285095386207103,BLOCK_RANGE_ONLY,8.0,quadratic_minus_linear,temperature,K,ESTIMABLE,-0.0201770810000084,-0.0570607875819316,0.0250955219925922,0.0212212406636203,0.0821563095745238,1000.0,0.0
phoenix,28909,2023-08-11,historical,0.0285095386207103,0.1285095386207103,BLOCK_RANGE_ONLY,8.0,quadratic_minus_linear,emitted_flux,W/m2,ESTIMABLE,-0.0564264015128248,-0.3475908381704585,0.3098291619544596,0.1685871530453293,0.6574200001249182,1000.0,0.0
phoenix,28909,2023-08-11,historical,0.0285095386207103,0.1285095386207103,BLOCK_RANGE_ONLY,8.0,quadratic_minus_linear,temperature_equivalent,K,ESTIMABLE,-0.0084950607919722,-0.0523378416516351,0.0466144971250059,0.025381673650732,0.0989523387766411,1000.0,0.0
phoenix,28909,2023-08-11,historical,0.0285095386207103,0.1285095386207103,BLOCK_RANGE_ONLY,8.0,quadratic_minus_linear,temperature_minus_equivalent,K,ESTIMABLE,-0.0116820202080362,-0.0286458995996535,0.0030090715404766,0.0079418432670668,0.0316549711401302,1000.0,0.0
phoenix,28909,2023-08-11,near_+0.01,0.0385095386207103,0.1385095386207104,BLOCK_RANGE_ONLY,1.0,linear,temperature,K,ESTIMABLE,0.927620271912852,0.8672189018192393,0.9942164418874152,0.0319540720600622,0.1269975400681757,1000.0,0.0
phoenix,28909,2023-08-11,near_+0.01,0.0385095386207103,0.1385095386207104,BLOCK_RANGE_ONLY,1.0,linear,emitted_flux,W/m2,ESTIMABLE,6.282655990100629,5.80090663546342,6.785528814976896,0.2552255841006887,0.984622179513476,1000.0,0.0
phoenix,28909,2023-08-11,near_+0.01,0.0385095386207103,0.1385095386207104,BLOCK_RANGE_ONLY,1.0,linear,temperature_equivalent,K,ESTIMABLE,0.941652994108722,0.8691472507414459,1.0173915736910146,0.0384268986080468,0.1482443229495686,1000.0,0.0
phoenix,28909,2023-08-11,near_+0.01,0.0385095386207103,0.1385095386207104,BLOCK_RANGE_ONLY,1.0,linear,temperature_minus_equivalent,K,ESTIMABLE,-0.0140327221958699,-0.0392833812949059,0.0117303266826658,0.0130354583608346,0.0510137079775717,1000.0,0.0
phoenix,28909,2023-08-11,near_+0.01,0.0385095386207103,0.1385095386207104,BLOCK_RANGE_ONLY,1.0,quadratic,temperature,K,ESTIMABLE,0.8949248002151036,0.820055442715679,0.9722303733231736,0.0380182552813167,0.1521749306074947,1000.0,0.0
phoenix,28909,2023-08-11,near_+0.01,0.0385095386207103,0.1385095386207104,BLOCK_RANGE_ONLY,1.0,quadratic,emitted_flux,W/m2,ESTIMABLE,6.191221167904715,5.5963158007490055,6.780789775144253,0.296095627533935,1.1844739743952477,1000.0,0.0
phoenix,28909,2023-08-11,near_+0.01,0.0385095386207103,0.1385095386207104,BLOCK_RANGE_ONLY,1.0,quadratic,temperature_equivalent,K,ESTIMABLE,0.927887721351624,0.8383704764663336,1.0166775622683333,0.0445745322130117,0.1783070858019997,1000.0,0.0
phoenix,28909,2023-08-11,near_+0.01,0.0385095386207103,0.1385095386207104,BLOCK_RANGE_ONLY,1.0,quadratic,temperature_minus_equivalent,K,ESTIMABLE,-0.0329629211365203,-0.0623181767911154,-0.0030997973746195,0.015298714643807,0.0592183794164958,1000.0,0.0
phoenix,28909,2023-08-11,near_+0.01,0.0385095386207103,0.1385095386207104,BLOCK_RANGE_ONLY,1.0,quadratic_minus_linear,temperature,K,ESTIMABLE,-0.0326954716977484,-0.0844270458091398,0.0208370833708654,0.025731389346779,0.1052641291800052,1000.0,0.0
phoenix,28909,2023-08-11,near_+0.01,0.0385095386207103,0.1385095386207104,BLOCK_RANGE_ONLY,1.0,quadratic_minus_linear,emitted_flux,W/m2,ESTIMABLE,-0.0914348221959144,-0.4956352123218922,0.3029899092880312,0.2045419193327103,0.7986251216099235,1000.0,0.0
phoenix,28909,2023-08-11,near_+0.01,0.0385095386207103,0.1385095386207104,BLOCK_RANGE_ONLY,1.0,quadratic_minus_linear,temperature_equivalent,K,ESTIMABLE,-0.013765272757098,-0.0745929443772141,0.0456670756564988,0.0307918979543451,0.1202600200337129,1000.0,0.0
phoenix,28909,2023-08-11,near_+0.01,0.0385095386207103,0.1385095386207104,BLOCK_RANGE_ONLY,1.0,quadratic_minus_linear,temperature_minus_equivalent,K,ESTIMABLE,-0.0189301989406504,-0.0391363040076628,0.0007592928312615,0.0104716186637574,0.0398955968389243,1000.0,0.0
phoenix,28909,2023-08-11,near_+0.01,0.0385095386207103,0.1385095386207104,BLOCK_RANGE_ONLY,8.0,linear,temperature,K,ESTIMABLE,0.927620271912852,0.8301496630636106,1.0369714722135903,0.0531835753213796,0.2068218091499799,1000.0,0.0
phoenix,28909,2023-08-11,near_+0.01,0.0385095386207103,0.1385095386207104,BLOCK_RANGE_ONLY,8.0,linear,emitted_flux,W/m2,ESTIMABLE,6.282655990100629,5.479102284958488,7.17997498466665,0.4396451654931275,1.700872699708162,1000.0,0.0
phoenix,28909,2023-08-11,near_+0.01,0.0385095386207103,0.1385095386207104,BLOCK_RANGE_ONLY,8.0,linear,temperature_equivalent,K,ESTIMABLE,0.941652994108722,0.8207420246635919,1.0768382270242824,0.0661958611752993,0.2560962023606905,1000.0,0.0
phoenix,28909,2023-08-11,near_+0.01,0.0385095386207103,0.1385095386207104,BLOCK_RANGE_ONLY,8.0,linear,temperature_minus_equivalent,K,ESTIMABLE,-0.0140327221958699,-0.0627101804099904,0.0258847504429793,0.0234403698265315,0.0885949308529698,1000.0,0.0
phoenix,28909,2023-08-11,near_+0.01,0.0385095386207103,0.1385095386207104,BLOCK_RANGE_ONLY,8.0,quadratic,temperature,K,ESTIMABLE,0.8949248002151036,0.7893319340132134,1.015542397239643,0.0562612392105709,0.2262104632264294,1000.0,0.0
phoenix,28909,2023-08-11,near_+0.01,0.0385095386207103,0.1385095386207104,BLOCK_RANGE_ONLY,8.0,quadratic,emitted_flux,W/m2,ESTIMABLE,6.191221167904715,5.31624592216891,7.189541520008195,0.4773601072644876,1.8732955978392851,1000.0,0.0
phoenix,28909,2023-08-11,near_+0.01,0.0385095386207103,0.1385095386207104,BLOCK_RANGE_ONLY,8.0,quadratic,temperature_equivalent,K,ESTIMABLE,0.927887721351624,0.7962539964554395,1.0782804114683984,0.071864502144729,0.2820264150129589,1000.0,0.0
phoenix,28909,2023-08-11,near_+0.01,0.0385095386207103,0.1385095386207104,BLOCK_RANGE_ONLY,8.0,quadratic,temperature_minus_equivalent,K,ESTIMABLE,-0.0329629211365203,-0.0854271194999994,0.0150407585318797,0.0256190757533416,0.1004678780318791,1000.0,0.0
phoenix,28909,2023-08-11,near_+0.01,0.0385095386207103,0.1385095386207104,BLOCK_RANGE_ONLY,8.0,quadratic_minus_linear,temperature,K,ESTIMABLE,-0.0326954716977484,-0.0945434260298467,0.0401186686259243,0.0345291935215625,0.134662094655771,1000.0,0.0
phoenix,28909,2023-08-11,near_+0.01,0.0385095386207103,0.1385095386207104,BLOCK_RANGE_ONLY,8.0,quadratic_minus_linear,emitted_flux,W/m2,ESTIMABLE,-0.0914348221959144,-0.5733243643004385,0.4822041871049391,0.2731614287478576,1.0555285514053776,1000.0,0.0
phoenix,28909,2023-08-11,near_+0.01,0.0385095386207103,0.1385095386207104,BLOCK_RANGE_ONLY,8.0,quadratic_minus_linear,temperature_equivalent,K,ESTIMABLE,-0.013765272757098,-0.0863142054704482,0.0725731458959231,0.0411242510213243,0.1588873513663713,1000.0,0.0
phoenix,28909,2023-08-11,near_+0.01,0.0385095386207103,0.1385095386207104,BLOCK_RANGE_ONLY,8.0,quadratic_minus_linear,temperature_minus_equivalent,K,ESTIMABLE,-0.0189301989406504,-0.0450716948191731,0.0049183567475686,0.0125365075613719,0.0499900515667417,1000.0,0.0
phoenix,28909,2023-08-11,near_+0.02,0.0485095386207103,0.1485095386207103,BLOCK_RANGE_ONLY,1.0,linear,temperature,K,ESTIMABLE,0.927620271912852,0.8672189018192392,0.994216441887415,0.0319540720600622,0.1269975400681757,1000.0,0.0
phoenix,28909,2023-08-11,near_+0.02,0.0485095386207103,0.1485095386207103,BLOCK_RANGE_ONLY,1.0,linear,emitted_flux,W/m2,ESTIMABLE,6.282655990100628,5.800906635463419,6.785528814976895,0.2552255841006887,0.984622179513476,1000.0,0.0
phoenix,28909,2023-08-11,near_+0.02,0.0485095386207103,0.1485095386207103,BLOCK_RANGE_ONLY,1.0,linear,temperature_equivalent,K,ESTIMABLE,0.941652994108722,0.8691472507414459,1.0173915736910146,0.0384268986080468,0.1482443229495686,1000.0,0.0
phoenix,28909,2023-08-11,near_+0.02,0.0485095386207103,0.1485095386207103,BLOCK_RANGE_ONLY,1.0,linear,temperature_minus_equivalent,K,ESTIMABLE,-0.01403272219587,-0.039283381294906,0.0117303266826657,0.0130354583608345,0.0510137079775717,1000.0,0.0
phoenix,28909,2023-08-11,near_+0.02,0.0485095386207103,0.1485095386207103,BLOCK_RANGE_ONLY,1.0,quadratic,temperature,K,ESTIMABLE,0.8824064095173635,0.7964936834430125,0.9705820382462692,0.0442662231079042,0.1740883548032566,1000.0,0.0
phoenix,28909,2023-08-11,near_+0.02,0.0485095386207103,0.1485095386207103,BLOCK_RANGE_ONLY,1.0,quadratic,emitted_flux,W/m2,ESTIMABLE,6.156212747221625,5.471586904263308,6.826079299872292,0.3442266723664626,1.3544923956089845,1000.0,0.0
phoenix,28909,2023-08-11,near_+0.02,0.0485095386207103,0.1485095386207103,BLOCK_RANGE_ONLY,1.0,quadratic,temperature_equivalent,K,ESTIMABLE,0.9226177748708436,0.8196118422372265,1.023501345226144,0.0518172496650712,0.2038895029889176,1000.0,0.0
phoenix,28909,2023-08-11,near_+0.02,0.0485095386207103,0.1485095386207103,BLOCK_RANGE_ONLY,1.0,quadratic,temperature_minus_equivalent,K,ESTIMABLE,-0.0402113653534802,-0.0748844532182241,-0.0078666252087124,0.017782105289331,0.0670178280095116,1000.0,0.0
phoenix,28909,2023-08-11,near_+0.02,0.0485095386207103,0.1485095386207103,BLOCK_RANGE_ONLY,1.0,quadratic_minus_linear,temperature,K,ESTIMABLE,-0.0452138623954884,-0.1167445859394609,0.0287048624087795,0.0355972659009427,0.1454494483482405,1000.0,0.0
phoenix,28909,2023-08-11,near_+0.02,0.0485095386207103,0.1485095386207103,BLOCK_RANGE_ONLY,1.0,quadratic_minus_linear,emitted_flux,W/m2,ESTIMABLE,-0.1264432428790032,-0.688877833179311,0.420164588485173,0.282919713480897,1.109042421664484,1000.0,0.0
phoenix,28909,2023-08-11,near_+0.02,0.0485095386207103,0.1485095386207103,BLOCK_RANGE_ONLY,1.0,quadratic_minus_linear,temperature_equivalent,K,ESTIMABLE,-0.0190352192378782,-0.1036967556975881,0.0633331647109669,0.0425888068492997,0.1670299204085551,1000.0,0.0
phoenix,28909,2023-08-11,near_+0.02,0.0485095386207103,0.1485095386207103,BLOCK_RANGE_ONLY,1.0,quadratic_minus_linear,temperature_minus_equivalent,K,ESTIMABLE,-0.0261786431576102,-0.0538756580798911,0.0010441582794732,0.0144641217611783,0.0549198163593644,1000.0,0.0
phoenix,28909,2023-08-11,near_+0.02,0.0485095386207103,0.1485095386207103,BLOCK_RANGE_ONLY,8.0,linear,temperature,K,ESTIMABLE,0.927620271912852,0.8301496630636105,1.0369714722135903,0.0531835753213796,0.2068218091499798,1000.0,0.0
phoenix,28909,2023-08-11,near_+0.02,0.0485095386207103,0.1485095386207103,BLOCK_RANGE_ONLY,8.0,linear,emitted_flux,W/m2,ESTIMABLE,6.282655990100628,5.479102284958487,7.179974984666649,0.4396451654931275,1.700872699708162,1000.0,0.0
phoenix,28909,2023-08-11,near_+0.02,0.0485095386207103,0.1485095386207103,BLOCK_RANGE_ONLY,8.0,linear,temperature_equivalent,K,ESTIMABLE,0.941652994108722,0.8207420246635919,1.0768382270242824,0.0661958611752993,0.2560962023606905,1000.0,0.0
phoenix,28909,2023-08-11,near_+0.02,0.0485095386207103,0.1485095386207103,BLOCK_RANGE_ONLY,8.0,linear,temperature_minus_equivalent,K,ESTIMABLE,-0.01403272219587,-0.0627101804099907,0.0258847504429792,0.0234403698265315,0.0885949308529699,1000.0,0.0
phoenix,28909,2023-08-11,near_+0.02,0.0485095386207103,0.1485095386207103,BLOCK_RANGE_ONLY,8.0,quadratic,temperature,K,ESTIMABLE,0.8824064095173635,0.7642399514172563,1.010239243806585,0.0629246656324741,0.2459992923893287,1000.0,0.0
phoenix,28909,2023-08-11,near_+0.02,0.0485095386207103,0.1485095386207103,BLOCK_RANGE_ONLY,8.0,quadratic,emitted_flux,W/m2,ESTIMABLE,6.156212747221625,5.142905313783984,7.236130208548003,0.530531829976696,2.093224894764018,1000.0,0.0
phoenix,28909,2023-08-11,near_+0.02,0.0485095386207103,0.1485095386207103,BLOCK_RANGE_ONLY,8.0,quadratic,temperature_equivalent,K,ESTIMABLE,0.9226177748708436,0.7701957893728206,1.0853040827100329,0.0798651829564725,0.3151082933372122,1000.0,0.0
phoenix,28909,2023-08-11,near_+0.02,0.0485095386207103,0.1485095386207103,BLOCK_RANGE_ONLY,8.0,quadratic,temperature_minus_equivalent,K,ESTIMABLE,-0.0402113653534802,-0.0956667133716316,0.0113005787208909,0.0277448625458928,0.1069672920925226,1000.0,0.0
phoenix,28909,2023-08-11,near_+0.02,0.0485095386207103,0.1485095386207103,BLOCK_RANGE_ONLY,8.0,quadratic_minus_linear,temperature,K,ESTIMABLE,-0.0452138623954884,-0.1325929490737183,0.054478435660223,0.0478653497967904,0.1870713847339414,1000.0,0.0
phoenix,28909,2023-08-11,near_+0.02,0.0485095386207103,0.1485095386207103,BLOCK_RANGE_ONLY,8.0,quadratic_minus_linear,emitted_flux,W/m2,ESTIMABLE,-0.1264432428790032,-0.8044823877165865,0.656700358957626,0.3778825227317928,1.4611827466742129,1000.0,0.0
phoenix,28909,2023-08-11,near_+0.02,0.0485095386207103,0.1485095386207103,BLOCK_RANGE_ONLY,8.0,quadratic_minus_linear,temperature_equivalent,K,ESTIMABLE,-0.0190352192378782,-0.1210941879387363,0.0988482197908837,0.0568879720886381,0.21994240772962,1000.0,0.0
phoenix,28909,2023-08-11,near_+0.02,0.0485095386207103,0.1485095386207103,BLOCK_RANGE_ONLY,8.0,quadratic_minus_linear,temperature_minus_equivalent,K,ESTIMABLE,-0.0261786431576102,-0.0618154379577625,0.0069380645544734,0.0171444117527507,0.068753502512236,1000.0,0.0
phoenix,28909,2023-08-11,grid_00,0.0,0.1,BLOCK_RANGE_ONLY,1.0,linear,temperature,K,ESTIMABLE,0.927620271912852,0.8672189018192393,0.9942164418874152,0.0319540720600622,0.1269975400681757,1000.0,0.0
phoenix,28909,2023-08-11,grid_00,0.0,0.1,BLOCK_RANGE_ONLY,1.0,linear,emitted_flux,W/m2,ESTIMABLE,6.282655990100629,5.80090663546342,6.785528814976896,0.2552255841006887,0.984622179513476,1000.0,0.0
phoenix,28909,2023-08-11,grid_00,0.0,0.1,BLOCK_RANGE_ONLY,1.0,linear,temperature_equivalent,K,ESTIMABLE,0.941652994108722,0.8691472507414459,1.0173915736910146,0.0384268986080468,0.1482443229495686,1000.0,0.0
phoenix,28909,2023-08-11,grid_00,0.0,0.1,BLOCK_RANGE_ONLY,1.0,linear,temperature_minus_equivalent,K,ESTIMABLE,-0.0140327221958699,-0.0392833812949059,0.0117303266826658,0.0130354583608346,0.0510137079775717,1000.0,0.0
phoenix,28909,2023-08-11,grid_00,0.0,0.1,BLOCK_RANGE_ONLY,1.0,quadratic,temperature,K,ESTIMABLE,0.9431325452194794,0.8722186822709738,1.0146282214224187,0.035840982484969,0.1424095391514449,1000.0,0.0
phoenix,28909,2023-08-11,grid_00,0.0,0.1,BLOCK_RANGE_ONLY,1.0,quadratic,emitted_flux,W/m2,ESTIMABLE,6.326036980739266,5.75061862488141,6.898868921837306,0.289424075961841,1.1482502969558963,1000.0,0.0
phoenix,28909,2023-08-11,grid_00,0.0,0.1,BLOCK_RANGE_ONLY,1.0,quadratic,temperature_equivalent,K,ESTIMABLE,0.9481845221110916,0.8615815433094326,1.0344695069882548,0.0435779747970381,0.1728879636788222,1000.0,0.0
phoenix,28909,2023-08-11,grid_00,0.0,0.1,BLOCK_RANGE_ONLY,1.0,quadratic,temperature_minus_equivalent,K,ESTIMABLE,-0.0050519768916121,-0.0329267188242668,0.0236683479969059,0.0146883432952475,0.0565950668211727,1000.0,0.0
phoenix,28909,2023-08-11,grid_00,0.0,0.1,BLOCK_RANGE_ONLY,1.0,quadratic_minus_linear,temperature,K,ESTIMABLE,0.0155122733066274,-0.0094663070796676,0.0398099064751941,0.0122901499862149,0.0492762135548617,1000.0,0.0
phoenix,28909,2023-08-11,grid_00,0.0,0.1,BLOCK_RANGE_ONLY,1.0,quadratic_minus_linear,emitted_flux,W/m2,ESTIMABLE,0.0433809906386368,-0.1481133000878824,0.237982312902646,0.0973904464866557,0.3860956129905284,1000.0,0.0
phoenix,28909,2023-08-11,grid_00,0.0,0.1,BLOCK_RANGE_ONLY,1.0,quadratic_minus_linear,temperature_equivalent,K,ESTIMABLE,0.0065315280023696,-0.022305166012029,0.0358308544607211,0.0146641148540644,0.0581360204727502,1000.0,0.0
phoenix,28909,2023-08-11,grid_00,0.0,0.1,BLOCK_RANGE_ONLY,1.0,quadratic_minus_linear,temperature_minus_equivalent,K,ESTIMABLE,0.0089807453042577,-0.0003778856110042,0.0181337659833953,0.0049287527844085,0.0185116515943996,1000.0,0.0
phoenix,28909,2023-08-11,grid_00,0.0,0.1,BLOCK_RANGE_ONLY,8.0,linear,temperature,K,ESTIMABLE,0.927620271912852,0.8301496630636106,1.0369714722135903,0.0531835753213796,0.2068218091499799,1000.0,0.0
phoenix,28909,2023-08-11,grid_00,0.0,0.1,BLOCK_RANGE_ONLY,8.0,linear,emitted_flux,W/m2,ESTIMABLE,6.282655990100629,5.479102284958488,7.17997498466665,0.4396451654931275,1.700872699708162,1000.0,0.0
phoenix,28909,2023-08-11,grid_00,0.0,0.1,BLOCK_RANGE_ONLY,8.0,linear,temperature_equivalent,K,ESTIMABLE,0.941652994108722,0.8207420246635919,1.0768382270242824,0.0661958611752993,0.2560962023606905,1000.0,0.0
phoenix,28909,2023-08-11,grid_00,0.0,0.1,BLOCK_RANGE_ONLY,8.0,linear,temperature_minus_equivalent,K,ESTIMABLE,-0.0140327221958699,-0.0627101804099904,0.0258847504429793,0.0234403698265315,0.0885949308529698,1000.0,0.0
phoenix,28909,2023-08-11,grid_00,0.0,0.1,BLOCK_RANGE_ONLY,8.0,quadratic,temperature,K,ESTIMABLE,0.9431325452194794,0.8349099162733095,1.0644136951242418,0.0586563050124277,0.2295037788509323,1000.0,0.0
phoenix,28909,2023-08-11,grid_00,0.0,0.1,BLOCK_RANGE_ONLY,8.0,quadratic,emitted_flux,W/m2,ESTIMABLE,6.326036980739266,5.409273690780195,7.271933536874639,0.4762564031706265,1.862659846094444,1000.0,0.0
phoenix,28909,2023-08-11,grid_00,0.0,0.1,BLOCK_RANGE_ONLY,8.0,quadratic,temperature_equivalent,K,ESTIMABLE,0.9481845221110916,0.8102414906258872,1.090702083695163,0.0717120631646126,0.2804605930692758,1000.0,0.0
phoenix,28909,2023-08-11,grid_00,0.0,0.1,BLOCK_RANGE_ONLY,8.0,quadratic,temperature_minus_equivalent,K,ESTIMABLE,-0.0050519768916121,-0.0541161676826616,0.0387522683745766,0.0248654774485473,0.0928684360572383,1000.0,0.0
phoenix,28909,2023-08-11,grid_00,0.0,0.1,BLOCK_RANGE_ONLY,8.0,quadratic_minus_linear,temperature,K,ESTIMABLE,0.0155122733066274,-0.0173000444627233,0.0484200370564914,0.0171565062527896,0.0657200815192148,1000.0,0.0
phoenix,28909,2023-08-11,grid_00,0.0,0.1,BLOCK_RANGE_ONLY,8.0,quadratic_minus_linear,emitted_flux,W/m2,ESTIMABLE,0.0433809906386368,-0.2069595695927793,0.3107215296674286,0.1318787616650642,0.5176810992602079,1000.0,0.0
phoenix,28909,2023-08-11,grid_00,0.0,0.1,BLOCK_RANGE_ONLY,8.0,quadratic_minus_linear,temperature_equivalent,K,ESTIMABLE,0.0065315280023696,-0.0311357786928084,0.0468697253971214,0.0198556484608435,0.0780055040899299,1000.0,0.0
phoenix,28909,2023-08-11,grid_00,0.0,0.1,BLOCK_RANGE_ONLY,8.0,quadratic_minus_linear,temperature_minus_equivalent,K,ESTIMABLE,0.0089807453042577,-0.0026863685817665,0.0181988631395039,0.0054117232134706,0.0208852317212704,1000.0,0.0
phoenix,28909,2023-08-11,grid_01,0.1,0.2,BLOCK_RANGE_ONLY,1.0,linear,temperature,K,ESTIMABLE,0.927620271912852,0.8672189018192393,0.9942164418874152,0.0319540720600622,0.1269975400681757,1000.0,0.0
phoenix,28909,2023-08-11,grid_01,0.1,0.2,BLOCK_RANGE_ONLY,1.0,linear,emitted_flux,W/m2,ESTIMABLE,6.282655990100629,5.80090663546342,6.785528814976896,0.2552255841006887,0.984622179513476,1000.0,0.0
phoenix,28909,2023-08-11,grid_01,0.1,0.2,BLOCK_RANGE_ONLY,1.0,linear,temperature_equivalent,K,ESTIMABLE,0.941652994108722,0.8691472507414459,1.0173915736910146,0.0384268986080468,0.1482443229495686,1000.0,0.0
phoenix,28909,2023-08-11,grid_01,0.1,0.2,BLOCK_RANGE_ONLY,1.0,linear,temperature_minus_equivalent,K,ESTIMABLE,-0.0140327221958699,-0.0392833812949059,0.0117303266826658,0.0130354583608346,0.0510137079775717,1000.0,0.0
phoenix,28909,2023-08-11,grid_01,0.1,0.2,BLOCK_RANGE_ONLY,1.0,quadratic,temperature,K,ESTIMABLE,0.8179486382420799,0.6440824578371684,0.9949190759250288,0.0876907915548065,0.3508366180878602,1000.0,0.0
phoenix,28909,2023-08-11,grid_01,0.1,0.2,BLOCK_RANGE_ONLY,1.0,quadratic,emitted_flux,W/m2,ESTIMABLE,5.975952773908372,4.630280388915799,7.350558423766992,0.6868164854550306,2.7202780348511935,1000.0,0.0
phoenix,28909,2023-08-11,grid_01,0.1,0.2,BLOCK_RANGE_ONLY,1.0,quadratic,temperature_equivalent,K,ESTIMABLE,0.8954867789642549,0.6931710777275086,1.1025571866366577,0.1033592066335953,0.4093861089091488,1000.0,0.0
phoenix,28909,2023-08-11,grid_01,0.1,0.2,BLOCK_RANGE_ONLY,1.0,quadratic,temperature_minus_equivalent,K,ESTIMABLE,-0.077538140722175,-0.145945721707119,-0.0115164993105261,0.035262132475659,0.1344292223965928,1000.0,0.0
phoenix,28909,2023-08-11,grid_01,0.1,0.2,BLOCK_RANGE_ONLY,1.0,quadratic_minus_linear,temperature,K,ESTIMABLE,-0.1096716336707721,-0.2822046849791623,0.0692164196780298,0.0864039835177713,0.3514211046571922,1000.0,0.0
phoenix,28909,2023-08-11,grid_01,0.1,0.2,BLOCK_RANGE_ONLY,1.0,quadratic_minus_linear,emitted_flux,W/m2,ESTIMABLE,-0.3067032161922567,-1.6806860051086854,1.0235024178682834,0.6865153675582297,2.704188422976969,1000.0,0.0
phoenix,28909,2023-08-11,grid_01,0.1,0.2,BLOCK_RANGE_ONLY,1.0,quadratic_minus_linear,temperature_equivalent,K,ESTIMABLE,-0.046166215144467,-0.2528370765058397,0.1543439617431671,0.1033165623552427,0.4071810382490068,1000.0,0.0
phoenix,28909,2023-08-11,grid_01,0.1,0.2,BLOCK_RANGE_ONLY,1.0,quadratic_minus_linear,temperature_minus_equivalent,K,ESTIMABLE,-0.063505418526305,-0.130448453777409,0.0024639059642297,0.0350138590956697,0.1329123597416388,1000.0,0.0
phoenix,28909,2023-08-11,grid_01,0.1,0.2,BLOCK_RANGE_ONLY,8.0,linear,temperature,K,ESTIMABLE,0.927620271912852,0.8301496630636106,1.0369714722135903,0.0531835753213796,0.2068218091499799,1000.0,0.0
phoenix,28909,2023-08-11,grid_01,0.1,0.2,BLOCK_RANGE_ONLY,8.0,linear,emitted_flux,W/m2,ESTIMABLE,6.282655990100629,5.479102284958488,7.17997498466665,0.4396451654931275,1.700872699708162,1000.0,0.0
phoenix,28909,2023-08-11,grid_01,0.1,0.2,BLOCK_RANGE_ONLY,8.0,linear,temperature_equivalent,K,ESTIMABLE,0.941652994108722,0.8207420246635919,1.0768382270242824,0.0661958611752993,0.2560962023606905,1000.0,0.0
phoenix,28909,2023-08-11,grid_01,0.1,0.2,BLOCK_RANGE_ONLY,8.0,linear,temperature_minus_equivalent,K,ESTIMABLE,-0.0140327221958699,-0.0627101804099904,0.0258847504429793,0.0234403698265315,0.0885949308529698,1000.0,0.0
phoenix,28909,2023-08-11,grid_01,0.1,0.2,BLOCK_RANGE_ONLY,8.0,quadratic,temperature,K,ESTIMABLE,0.8179486382420799,0.6108767211963091,1.0639030158177734,0.1170422494222898,0.4530262946214642,1000.0,0.0
phoenix,28909,2023-08-11,grid_01,0.1,0.2,BLOCK_RANGE_ONLY,8.0,quadratic,emitted_flux,W/m2,ESTIMABLE,5.975952773908372,4.20490177479045,7.983015710289183,0.9515304590369024,3.778113935498733,1000.0,0.0
phoenix,28909,2023-08-11,grid_01,0.1,0.2,BLOCK_RANGE_ONLY,8.0,quadratic,temperature_equivalent,K,ESTIMABLE,0.8954867789642549,0.6292985984697239,1.19796837342258,0.1432149133754618,0.5686697749528562,1000.0,0.0
phoenix,28909,2023-08-11,grid_01,0.1,0.2,BLOCK_RANGE_ONLY,8.0,quadratic,temperature_minus_equivalent,K,ESTIMABLE,-0.077538140722175,-0.1659435243136251,0.0101165879351088,0.0450406189480092,0.176060112248734,1000.0,0.0
phoenix,28909,2023-08-11,grid_01,0.1,0.2,BLOCK_RANGE_ONLY,8.0,quadratic_minus_linear,temperature,K,ESTIMABLE,-0.1096716336707721,-0.3226346356607083,0.1303188114941375,0.116615057876848,0.4529534471548458,1000.0,0.0
phoenix,28909,2023-08-11,grid_01,0.1,0.2,BLOCK_RANGE_ONLY,8.0,quadratic_minus_linear,emitted_flux,W/m2,ESTIMABLE,-0.3067032161922567,-1.9746092608724273,1.5751239317447991,0.917523243786995,3.5497331926172264,1000.0,0.0
phoenix,28909,2023-08-11,grid_01,0.1,0.2,BLOCK_RANGE_ONLY,8.0,quadratic_minus_linear,temperature_equivalent,K,ESTIMABLE,-0.046166215144467,-0.2970292174707822,0.2372149689573162,0.1381053372438913,0.5342441864280985,1000.0,0.0
phoenix,28909,2023-08-11,grid_01,0.1,0.2,BLOCK_RANGE_ONLY,8.0,quadratic_minus_linear,temperature_minus_equivalent,K,ESTIMABLE,-0.063505418526305,-0.1466468525753543,0.0171239149156974,0.0409012897462331,0.1637707674910517,1000.0,0.0
phoenix,28909,2023-08-11,grid_02,0.2,0.3,BLOCK_RANGE_ONLY,1.0,linear,temperature,K,ESTIMABLE,0.9276202719128518,0.8672189018192391,0.9942164418874148,0.0319540720600622,0.1269975400681757,1000.0,0.0
phoenix,28909,2023-08-11,grid_02,0.2,0.3,BLOCK_RANGE_ONLY,1.0,linear,emitted_flux,W/m2,ESTIMABLE,6.282655990100627,5.800906635463418,6.785528814976894,0.2552255841006886,0.984622179513476,1000.0,0.0
phoenix,28909,2023-08-11,grid_02,0.2,0.3,BLOCK_RANGE_ONLY,1.0,linear,temperature_equivalent,K,ESTIMABLE,0.941652994108722,0.8691472507414459,1.0173915736910146,0.0384268986080469,0.1482443229495686,1000.0,0.0
phoenix,28909,2023-08-11,grid_02,0.2,0.3,BLOCK_RANGE_ONLY,1.0,linear,temperature_minus_equivalent,K,ESTIMABLE,-0.0140327221958701,-0.0392833812949062,0.0117303266826656,0.0130354583608345,0.0510137079775719,1000.0,0.0
phoenix,28909,2023-08-11,grid_02,0.2,0.3,BLOCK_RANGE_ONLY,1.0,quadratic,temperature,K,ESTIMABLE,0.69276473126468,0.3316026993185789,1.0555423685526195,0.1832194593409488,0.7239396692340405,1000.0,0.0
phoenix,28909,2023-08-11,grid_02,0.2,0.3,BLOCK_RANGE_ONLY,1.0,quadratic,emitted_flux,W/m2,ESTIMABLE,5.625868567077477,2.7644205311633976,8.516826174796238,1.4451636850897946,5.752405643632841,1000.0,0.0
phoenix,28909,2023-08-11,grid_02,0.2,0.3,BLOCK_RANGE_ONLY,1.0,quadratic,temperature_equivalent,K,ESTIMABLE,0.8428155650709641,0.413292821846241,1.27856573941186,0.2173725063475389,0.8652729175656189,1000.0,0.0
phoenix,28909,2023-08-11,grid_02,0.2,0.3,BLOCK_RANGE_ONLY,1.0,quadratic,temperature_minus_equivalent,K,ESTIMABLE,-0.1500508338062841,-0.2924624608645372,-0.0065048459887367,0.0738187926139754,0.2859576148758004,1000.0,0.0
phoenix,28909,2023-08-11,grid_02,0.2,0.3,BLOCK_RANGE_ONLY,1.0,quadratic_minus_linear,temperature,K,ESTIMABLE,-0.2348555406481718,-0.6039773015015497,0.1478942100571711,0.1850806456884549,0.7518715115587209,1000.0,0.0
phoenix,28909,2023-08-11,grid_02,0.2,0.3,BLOCK_RANGE_ONLY,1.0,quadratic_minus_linear,emitted_flux,W/m2,ESTIMABLE,-0.6567874230231503,-3.604842323823817,2.1952492098397025,1.4703579168975942,5.80009153366352,1000.0,0.0
phoenix,28909,2023-08-11,grid_02,0.2,0.3,BLOCK_RANGE_ONLY,1.0,quadratic_minus_linear,temperature_equivalent,K,ESTIMABLE,-0.0988374290377578,-0.5413285140183888,0.3313234384563624,0.2211694890615838,0.8726519524747511,1000.0,0.0
phoenix,28909,2023-08-11,grid_02,0.2,0.3,BLOCK_RANGE_ONLY,1.0,quadratic_minus_linear,temperature_minus_equivalent,K,ESTIMABLE,-0.136018111610414,-0.2788704924842447,0.0046765581100314,0.0748689287081378,0.2835470505942761,1000.0,0.0
phoenix,28909,2023-08-11,grid_02,0.2,0.3,BLOCK_RANGE_ONLY,8.0,linear,temperature,K,ESTIMABLE,0.9276202719128518,0.8301496630636104,1.0369714722135903,0.0531835753213796,0.2068218091499799,1000.0,0.0
phoenix,28909,2023-08-11,grid_02,0.2,0.3,BLOCK_RANGE_ONLY,8.0,linear,emitted_flux,W/m2,ESTIMABLE,6.282655990100627,5.479102284958486,7.179974984666648,0.4396451654931274,1.700872699708162,1000.0,0.0
phoenix,28909,2023-08-11,grid_02,0.2,0.3,BLOCK_RANGE_ONLY,8.0,linear,temperature_equivalent,K,ESTIMABLE,0.941652994108722,0.8207420246635919,1.0768382270242824,0.0661958611752994,0.2560962023606905,1000.0,0.0
phoenix,28909,2023-08-11,grid_02,0.2,0.3,BLOCK_RANGE_ONLY,8.0,linear,temperature_minus_equivalent,K,ESTIMABLE,-0.0140327221958701,-0.0627101804099907,0.025884750442979,0.0234403698265316,0.0885949308529698,1000.0,0.0
phoenix,28909,2023-08-11,grid_02,0.2,0.3,BLOCK_RANGE_ONLY,8.0,quadratic,temperature,K,ESTIMABLE,0.69276473126468,0.2512703462879446,1.2154726587502709,0.2442282739145601,0.964202312462326,1000.0,0.0
phoenix,28909,2023-08-11,grid_02,0.2,0.3,BLOCK_RANGE_ONLY,8.0,quadratic,emitted_flux,W/m2,ESTIMABLE,5.625868567077477,2.1024989701906924,9.653460907299896,1.9448007486840648,7.550961937109204,1000.0,0.0
phoenix,28909,2023-08-11,grid_02,0.2,0.3,BLOCK_RANGE_ONLY,8.0,quadratic,temperature_equivalent,K,ESTIMABLE,0.8428155650709641,0.3141842383147747,1.4503879090900482,0.2926268585374962,1.1362036707752736,1000.0,0.0
phoenix,28909,2023-08-11,grid_02,0.2,0.3,BLOCK_RANGE_ONLY,8.0,quadratic,temperature_minus_equivalent,K,ESTIMABLE,-0.1500508338062841,-0.3251739821410904,0.0241191492621592,0.0877118645813618,0.3492931314032497,1000.0,0.0
phoenix,28909,2023-08-11,grid_02,0.2,0.3,BLOCK_RANGE_ONLY,8.0,quadratic_minus_linear,temperature,K,ESTIMABLE,-0.2348555406481718,-0.687877514811978,0.2783368100034191,0.2501879959905682,0.9662143248153972,1000.0,0.0
phoenix,28909,2023-08-11,grid_02,0.2,0.3,BLOCK_RANGE_ONLY,8.0,quadratic_minus_linear,emitted_flux,W/m2,ESTIMABLE,-0.6567874230231503,-4.243255105695231,3.366784672709327,1.9658472684045605,7.610039778404557,1000.0,0.0
phoenix,28909,2023-08-11,grid_02,0.2,0.3,BLOCK_RANGE_ONLY,8.0,quadratic_minus_linear,temperature_equivalent,K,ESTIMABLE,-0.0988374290377578,-0.6372516483497932,0.5077154522904577,0.2958102224199032,1.1449671006402509,1000.0,0.0
phoenix,28909,2023-08-11,grid_02,0.2,0.3,BLOCK_RANGE_ONLY,8.0,quadratic_minus_linear,temperature_minus_equivalent,K,ESTIMABLE,-0.136018111610414,-0.3127813487183352,0.0364347914636948,0.0870107448757102,0.34921614018203,1000.0,0.0
phoenix,28909,2023-08-11,grid_03,0.3,0.4,NO_SPANNING_BLOCKS,,,,,NOT_ESTIMATED_NO_REFERENCE_BLOCKS,,,,,,,
phoenix,28909,2023-08-11,grid_04,0.4,0.5,NO_SPANNING_BLOCKS,,,,,NOT_ESTIMATED_NO_REFERENCE_BLOCKS,,,,,,,
phoenix,28909,2023-08-11,grid_05,0.5,0.6,NO_SPANNING_BLOCKS,,,,,NOT_ESTIMATED_NO_REFERENCE_BLOCKS,,,,,,,
phoenix,28909,2023-08-11,grid_06,0.6,0.7,NO_SPANNING_BLOCKS,,,,,NOT_ESTIMATED_NO_REFERENCE_BLOCKS,,,,,,,
phoenix,28909,2023-08-11,grid_07,0.7,0.8,NO_SPANNING_BLOCKS,,,,,NOT_ESTIMATED_NO_REFERENCE_BLOCKS,,,,,,,
phoenix,28909,2023-08-11,grid_08,0.8,0.9,NO_SPANNING_BLOCKS,,,,,NOT_ESTIMATED_NO_REFERENCE_BLOCKS,,,,,,,
phoenix,28909,2023-08-11,grid_09,0.9,1.0,NO_SPANNING_BLOCKS,,,,,NOT_ESTIMATED_NO_REFERENCE_BLOCKS,,,,,,,
phoenix,28970,2023-08-15,near_-0.02,0.0085095386207103,0.1085095386207103,BLOCK_RANGE_ONLY,1.0,linear,temperature,K,ESTIMABLE,1.2563427376878094,1.1459744741546642,1.3617387920527864,0.0571414036028053,0.2157643178981221,1000.0,0.0
phoenix,28970,2023-08-15,near_-0.02,0.0085095386207103,0.1085095386207103,BLOCK_RANGE_ONLY,1.0,linear,emitted_flux,W/m2,ESTIMABLE,9.892232097665442,8.97782613869863,10.813872694398704,0.4742140336740976,1.836046555700074,1000.0,0.0
phoenix,28970,2023-08-15,near_-0.02,0.0085095386207103,0.1085095386207103,BLOCK_RANGE_ONLY,1.0,linear,temperature_equivalent,K,ESTIMABLE,1.4865182910207295,1.348219863303673,1.6260964935871698,0.0717682799251967,0.2778766302834967,1000.0,0.0
phoenix,28970,2023-08-15,near_-0.02,0.0085095386207103,0.1085095386207103,BLOCK_RANGE_ONLY,1.0,linear,temperature_minus_equivalent,K,ESTIMABLE,-0.2301755533329201,-0.2748894426494759,-0.1889695588725481,0.0218641511591174,0.0859198837769277,1000.0,0.0
phoenix,28970,2023-08-15,near_-0.02,0.0085095386207103,0.1085095386207103,BLOCK_RANGE_ONLY,1.0,quadratic,temperature,K,ESTIMABLE,1.253296616709045,1.142464710357885,1.3578912204989553,0.0576771953409486,0.2154265101410701,1000.0,0.0
phoenix,28970,2023-08-15,near_-0.02,0.0085095386207103,0.1085095386207103,BLOCK_RANGE_ONLY,1.0,quadratic,emitted_flux,W/m2,ESTIMABLE,9.853725332182766,8.899924246493123,10.752570900990186,0.4791786043202875,1.8526466544970628,1000.0,0.0
phoenix,28970,2023-08-15,near_-0.02,0.0085095386207103,0.1085095386207103,BLOCK_RANGE_ONLY,1.0,quadratic,temperature_equivalent,K,ESTIMABLE,1.480690678321423,1.3364461278174218,1.616806825207054,0.0725156890641404,0.2803606973896322,1000.0,0.0
phoenix,28970,2023-08-15,near_-0.02,0.0085095386207103,0.1085095386207103,BLOCK_RANGE_ONLY,1.0,quadratic,temperature_minus_equivalent,K,ESTIMABLE,-0.2273940616123784,-0.2717035218744416,-0.1847845261005704,0.0219962889183272,0.0869189957738712,1000.0,0.0
phoenix,28970,2023-08-15,near_-0.02,0.0085095386207103,0.1085095386207103,BLOCK_RANGE_ONLY,1.0,quadratic_minus_linear,temperature,K,ESTIMABLE,-0.0030461209787646,-0.0138784891981034,0.0076171106107441,0.0053964213357398,0.0214955998088475,1000.0,0.0
phoenix,28970,2023-08-15,near_-0.02,0.0085095386207103,0.1085095386207103,BLOCK_RANGE_ONLY,1.0,quadratic_minus_linear,emitted_flux,W/m2,ESTIMABLE,-0.0385067654826762,-0.1261112557547686,0.0440429572735163,0.0432415821083926,0.170154213028285,1000.0,0.0
phoenix,28970,2023-08-15,near_-0.02,0.0085095386207103,0.1085095386207103,BLOCK_RANGE_ONLY,1.0,quadratic_minus_linear,temperature_equivalent,K,ESTIMABLE,-0.0058276126993064,-0.019074547519439,0.0066613164894917,0.0065436864726086,0.0257358640089307,1000.0,0.0
phoenix,28970,2023-08-15,near_-0.02,0.0085095386207103,0.1085095386207103,BLOCK_RANGE_ONLY,1.0,quadratic_minus_linear,temperature_minus_equivalent,K,ESTIMABLE,0.0027814917205417,-0.0005102627579293,0.0064772500239816,0.0018075115319166,0.0069875127819109,1000.0,0.0
phoenix,28970,2023-08-15,near_-0.02,0.0085095386207103,0.1085095386207103,BLOCK_RANGE_ONLY,8.0,linear,temperature,K,ESTIMABLE,1.2563427376878094,1.1000695932336513,1.417140942694406,0.0806230837304435,0.3170713494607546,1000.0,0.0
phoenix,28970,2023-08-15,near_-0.02,0.0085095386207103,0.1085095386207103,BLOCK_RANGE_ONLY,8.0,linear,emitted_flux,W/m2,ESTIMABLE,9.892232097665442,8.349382877903613,11.577452587558058,0.8126031326229832,3.228069709654445,1000.0,0.0
phoenix,28970,2023-08-15,near_-0.02,0.0085095386207103,0.1085095386207103,BLOCK_RANGE_ONLY,8.0,linear,temperature_equivalent,K,ESTIMABLE,1.4865182910207295,1.2532776215855748,1.7418786707862697,0.1229893836068419,0.4886010492006947,1000.0,0.0
phoenix,28970,2023-08-15,near_-0.02,0.0085095386207103,0.1085095386207103,BLOCK_RANGE_ONLY,8.0,linear,temperature_minus_equivalent,K,ESTIMABLE,-0.2301755533329201,-0.3403684959439366,-0.1280367368838849,0.0542999001144888,0.2123317590600516,1000.0,0.0
phoenix,28970,2023-08-15,near_-0.02,0.0085095386207103,0.1085095386207103,BLOCK_RANGE_ONLY,8.0,quadratic,temperature,K,ESTIMABLE,1.253296616709045,1.0930680003196238,1.4154843075308583,0.0813819584138337,0.3224163072112345,1000.0,0.0
phoenix,28970,2023-08-15,near_-0.02,0.0085095386207103,0.1085095386207103,BLOCK_RANGE_ONLY,8.0,quadratic,emitted_flux,W/m2,ESTIMABLE,9.853725332182766,8.306420758843196,11.5151212955996,0.8192344804316529,3.208700536756403,1000.0,0.0
phoenix,28970,2023-08-15,near_-0.02,0.0085095386207103,0.1085095386207103,BLOCK_RANGE_ONLY,8.0,quadratic,temperature_equivalent,K,ESTIMABLE,1.480690678321423,1.2467902564056517,1.7324225148596597,0.1239854141428462,0.485632258454008,1000.0,0.0
phoenix,28970,2023-08-15,near_-0.02,0.0085095386207103,0.1085095386207103,BLOCK_RANGE_ONLY,8.0,quadratic,temperature_minus_equivalent,K,ESTIMABLE,-0.2273940616123784,-0.3379426389477526,-0.1257355422763225,0.0545183476499192,0.2122070966714301,1000.0,0.0
phoenix,28970,2023-08-15,near_-0.02,0.0085095386207103,0.1085095386207103,BLOCK_RANGE_ONLY,8.0,quadratic_minus_linear,temperature,K,ESTIMABLE,-0.0030461209787646,-0.0173335150979029,0.0124962686629687,0.0074638357335519,0.0298297837608717,1000.0,0.0
phoenix,28970,2023-08-15,near_-0.02,0.0085095386207103,0.1085095386207103,BLOCK_RANGE_ONLY,8.0,quadratic_minus_linear,emitted_flux,W/m2,ESTIMABLE,-0.0385067654826762,-0.1697357639511278,0.1018561551035079,0.0657457100044414,0.2715919190546357,1000.0,0.0
phoenix,28970,2023-08-15,near_-0.02,0.0085095386207103,0.1085095386207103,BLOCK_RANGE_ONLY,8.0,quadratic_minus_linear,temperature_equivalent,K,ESTIMABLE,-0.0058276126993064,-0.0257241099978614,0.0154203375573913,0.0099464970534929,0.0411444475552528,1000.0,0.0
phoenix,28970,2023-08-15,near_-0.02,0.0085095386207103,0.1085095386207103,BLOCK_RANGE_ONLY,8.0,quadratic_minus_linear,temperature_minus_equivalent,K,ESTIMABLE,0.0027814917205417,-0.0033176857980407,0.0088521744752032,0.0030063792624982,0.012169860273244,1000.0,0.0
phoenix,28970,2023-08-15,near_-0.01,0.0185095386207103,0.1185095386207103,BLOCK_RANGE_ONLY,1.0,linear,temperature,K,ESTIMABLE,1.2563427376878094,1.1459744741546642,1.3617387920527864,0.0571414036028053,0.2157643178981221,1000.0,0.0
phoenix,28970,2023-08-15,near_-0.01,0.0185095386207103,0.1185095386207103,BLOCK_RANGE_ONLY,1.0,linear,emitted_flux,W/m2,ESTIMABLE,9.892232097665442,8.97782613869863,10.813872694398704,0.4742140336740976,1.836046555700074,1000.0,0.0
phoenix,28970,2023-08-15,near_-0.01,0.0185095386207103,0.1185095386207103,BLOCK_RANGE_ONLY,1.0,linear,temperature_equivalent,K,ESTIMABLE,1.4865182910207295,1.348219863303673,1.6260964935871698,0.0717682799251967,0.2778766302834967,1000.0,0.0
phoenix,28970,2023-08-15,near_-0.01,0.0185095386207103,0.1185095386207103,BLOCK_RANGE_ONLY,1.0,linear,temperature_minus_equivalent,K,ESTIMABLE,-0.2301755533329201,-0.2748894426494759,-0.1889695588725481,0.0218641511591174,0.0859198837769277,1000.0,0.0
phoenix,28970,2023-08-15,near_-0.01,0.0185095386207103,0.1185095386207103,BLOCK_RANGE_ONLY,1.0,quadratic,temperature,K,ESTIMABLE,1.263370381493772,1.1482187001051074,1.3745478199064654,0.0577973363041253,0.2263291198013579,1000.0,0.0
phoenix,28970,2023-08-15,near_-0.01,0.0185095386207103,0.1185095386207103,BLOCK_RANGE_ONLY,1.0,quadratic,emitted_flux,W/m2,ESTIMABLE,9.981070273764976,9.071200746971376,10.894341076194872,0.4778898719624175,1.823140329223499,1000.0,0.0
phoenix,28970,2023-08-15,near_-0.01,0.0185095386207103,0.1185095386207103,BLOCK_RANGE_ONLY,1.0,quadratic,temperature_equivalent,K,ESTIMABLE,1.4999642986028334,1.3623338228196815,1.638291920162385,0.0723342371198718,0.2759580973427034,1000.0,0.0
phoenix,28970,2023-08-15,near_-0.01,0.0185095386207103,0.1185095386207103,BLOCK_RANGE_ONLY,1.0,quadratic,temperature_minus_equivalent,K,ESTIMABLE,-0.2365939171090614,-0.2823913995251253,-0.1937221457311294,0.0222264742193367,0.0886692537939958,1000.0,0.0
phoenix,28970,2023-08-15,near_-0.01,0.0185095386207103,0.1185095386207103,BLOCK_RANGE_ONLY,1.0,quadratic_minus_linear,temperature,K,ESTIMABLE,0.0070276438059626,-0.0167931740696456,0.0310736017468279,0.0123917124839784,0.0478667758164735,1000.0,0.0
phoenix,28970,2023-08-15,near_-0.01,0.0185095386207103,0.1185095386207103,BLOCK_RANGE_ONLY,1.0,quadratic_minus_linear,emitted_flux,W/m2,ESTIMABLE,0.088838176099534,-0.0997942887209968,0.2939082593827553,0.0998607235646618,0.3937025481037522,1000.0,0.0
phoenix,28970,2023-08-15,near_-0.01,0.0185095386207103,0.1185095386207103,BLOCK_RANGE_ONLY,1.0,quadratic_minus_linear,temperature_equivalent,K,ESTIMABLE,0.0134460075821039,-0.0150782997579057,0.0444897102225695,0.0151149714543312,0.0595680099804752,1000.0,0.0
phoenix,28970,2023-08-15,near_-0.01,0.0185095386207103,0.1185095386207103,BLOCK_RANGE_ONLY,1.0,quadratic_minus_linear,temperature_minus_equivalent,K,ESTIMABLE,-0.0064183637761412,-0.0149900013924481,0.0010753056297749,0.004335082541529,0.016065307022223,1000.0,0.0
phoenix,28970,2023-08-15,near_-0.01,0.0185095386207103,0.1185095386207103,BLOCK_RANGE_ONLY,8.0,linear,temperature,K,ESTIMABLE,1.2563427376878094,1.1000695932336513,1.417140942694406,0.0806230837304435,0.3170713494607546,1000.0,0.0
phoenix,28970,2023-08-15,near_-0.01,0.0185095386207103,0.1185095386207103,BLOCK_RANGE_ONLY,8.0,linear,emitted_flux,W/m2,ESTIMABLE,9.892232097665442,8.349382877903613,11.577452587558058,0.8126031326229832,3.228069709654445,1000.0,0.0
phoenix,28970,2023-08-15,near_-0.01,0.0185095386207103,0.1185095386207103,BLOCK_RANGE_ONLY,8.0,linear,temperature_equivalent,K,ESTIMABLE,1.4865182910207295,1.2532776215855748,1.7418786707862697,0.1229893836068419,0.4886010492006947,1000.0,0.0
phoenix,28970,2023-08-15,near_-0.01,0.0185095386207103,0.1185095386207103,BLOCK_RANGE_ONLY,8.0,linear,temperature_minus_equivalent,K,ESTIMABLE,-0.2301755533329201,-0.3403684959439366,-0.1280367368838849,0.0542999001144888,0.2123317590600516,1000.0,0.0
phoenix,28970,2023-08-15,near_-0.01,0.0185095386207103,0.1185095386207103,BLOCK_RANGE_ONLY,8.0,quadratic,temperature,K,ESTIMABLE,1.263370381493772,1.1101846589829905,1.4403330245175758,0.0834819624557396,0.3301483655345854,1000.0,0.0
phoenix,28970,2023-08-15,near_-0.01,0.0185095386207103,0.1185095386207103,BLOCK_RANGE_ONLY,8.0,quadratic,emitted_flux,W/m2,ESTIMABLE,9.981070273764976,8.41568483672514,11.700987557936514,0.8441171395834798,3.285302721211375,1000.0,0.0
phoenix,28970,2023-08-15,near_-0.01,0.0185095386207103,0.1185095386207103,BLOCK_RANGE_ONLY,8.0,quadratic,temperature_equivalent,K,ESTIMABLE,1.4999642986028334,1.2632901411468993,1.7606224470387415,0.1277798874740817,0.4973323058918424,1000.0,0.0
phoenix,28970,2023-08-15,near_-0.01,0.0185095386207103,0.1185095386207103,BLOCK_RANGE_ONLY,8.0,quadratic,temperature_minus_equivalent,K,ESTIMABLE,-0.2365939171090614,-0.3514619357165637,-0.127343158214326,0.0560983196217084,0.2241187775022376,1000.0,0.0
phoenix,28970,2023-08-15,near_-0.01,0.0185095386207103,0.1185095386207103,BLOCK_RANGE_ONLY,8.0,quadratic_minus_linear,temperature,K,ESTIMABLE,0.0070276438059626,-0.0250907852644056,0.0440704994180055,0.0175652351956547,0.0691612846824111,1000.0,0.0
phoenix,28970,2023-08-15,near_-0.01,0.0185095386207103,0.1185095386207103,BLOCK_RANGE_ONLY,8.0,quadratic_minus_linear,emitted_flux,W/m2,ESTIMABLE,0.088838176099534,-0.1810144881608665,0.4287786572692518,0.1587465676529263,0.6097931454301183,1000.0,0.0
phoenix,28970,2023-08-15,near_-0.01,0.0185095386207103,0.1185095386207103,BLOCK_RANGE_ONLY,8.0,quadratic_minus_linear,temperature_equivalent,K,ESTIMABLE,0.0134460075821039,-0.0274073218154256,0.0648398266639873,0.0240363944757258,0.092247148479413,1000.0,0.0
phoenix,28970,2023-08-15,near_-0.01,0.0185095386207103,0.1185095386207103,BLOCK_RANGE_ONLY,8.0,quadratic_minus_linear,temperature_minus_equivalent,K,ESTIMABLE,-0.0064183637761412,-0.0241976355778403,0.0059573155104175,0.0078241104355382,0.0301549510882579,1000.0,0.0
phoenix,28970,2023-08-15,historical,0.0285095386207103,0.1285095386207103,BLOCK_RANGE_ONLY,1.0,linear,temperature,K,ESTIMABLE,1.2563427376878094,1.1459744741546642,1.3617387920527864,0.0571414036028053,0.2157643178981221,1000.0,0.0
phoenix,28970,2023-08-15,historical,0.0285095386207103,0.1285095386207103,BLOCK_RANGE_ONLY,1.0,linear,emitted_flux,W/m2,ESTIMABLE,9.892232097665442,8.97782613869863,10.813872694398704,0.4742140336740976,1.836046555700074,1000.0,0.0
phoenix,28970,2023-08-15,historical,0.0285095386207103,0.1285095386207103,BLOCK_RANGE_ONLY,1.0,linear,temperature_equivalent,K,ESTIMABLE,1.4865182910207295,1.348219863303673,1.6260964935871698,0.0717682799251967,0.2778766302834967,1000.0,0.0
phoenix,28970,2023-08-15,historical,0.0285095386207103,0.1285095386207103,BLOCK_RANGE_ONLY,1.0,linear,temperature_minus_equivalent,K,ESTIMABLE,-0.2301755533329201,-0.2748894426494759,-0.1889695588725481,0.0218641511591174,0.0859198837769277,1000.0,0.0
phoenix,28970,2023-08-15,historical,0.0285095386207103,0.1285095386207103,BLOCK_RANGE_ONLY,1.0,quadratic,temperature,K,ESTIMABLE,1.2734441462784991,1.151505081964264,1.3930549186966497,0.0631003464551832,0.2415498367323856,1000.0,0.0
phoenix,28970,2023-08-15,historical,0.0285095386207103,0.1285095386207103,BLOCK_RANGE_ONLY,1.0,quadratic,emitted_flux,W/m2,ESTIMABLE,10.108415215347186,9.120764498118788,11.1056157077714,0.5173093483812155,1.9848512096526143,1000.0,0.0
phoenix,28970,2023-08-15,historical,0.0285095386207103,0.1285095386207103,BLOCK_RANGE_ONLY,1.0,quadratic,temperature_equivalent,K,ESTIMABLE,1.5192414768652045,1.36982636503959,1.6703185385055548,0.078316168791673,0.3004921734659647,1000.0,0.0
phoenix,28970,2023-08-15,historical,0.0285095386207103,0.1285095386207103,BLOCK_RANGE_ONLY,1.0,quadratic,temperature_minus_equivalent,K,ESTIMABLE,-0.2457973305867051,-0.2937832112624663,-0.1989864771384179,0.0240431841628878,0.0947967341240483,1000.0,0.0
phoenix,28970,2023-08-15,historical,0.0285095386207103,0.1285095386207103,BLOCK_RANGE_ONLY,1.0,quadratic_minus_linear,temperature,K,ESTIMABLE,0.0171014085906897,-0.0405776475876348,0.0746440864369216,0.0300871422836422,0.1152217340245564,1000.0,0.0
phoenix,28970,2023-08-15,historical,0.0285095386207103,0.1285095386207103,BLOCK_RANGE_ONLY,1.0,quadratic_minus_linear,emitted_flux,W/m2,ESTIMABLE,0.2161831176817443,-0.2430590829336494,0.7131776538956877,0.2419465459784529,0.9562367368293372,1000.0,0.0
phoenix,28970,2023-08-15,historical,0.0285095386207103,0.1285095386207103,BLOCK_RANGE_ONLY,1.0,quadratic_minus_linear,temperature_equivalent,K,ESTIMABLE,0.0327231858444747,-0.0368030878548609,0.1080857382132236,0.0366280895743858,0.1448888260680845,1000.0,0.0
phoenix,28970,2023-08-15,historical,0.0285095386207103,0.1285095386207103,BLOCK_RANGE_ONLY,1.0,quadratic_minus_linear,temperature_minus_equivalent,K,ESTIMABLE,-0.0156217772537849,-0.0363260130655674,0.0026188141518001,0.0104027630005545,0.0389448272173676,1000.0,0.0
phoenix,28970,2023-08-15,historical,0.0285095386207103,0.1285095386207103,BLOCK_RANGE_ONLY,8.0,linear,temperature,K,ESTIMABLE,1.2563427376878094,1.1000695932336513,1.417140942694406,0.0806230837304435,0.3170713494607546,1000.0,0.0
phoenix,28970,2023-08-15,historical,0.0285095386207103,0.1285095386207103,BLOCK_RANGE_ONLY,8.0,linear,emitted_flux,W/m2,ESTIMABLE,9.892232097665442,8.349382877903613,11.577452587558058,0.8126031326229832,3.228069709654445,1000.0,0.0
phoenix,28970,2023-08-15,historical,0.0285095386207103,0.1285095386207103,BLOCK_RANGE_ONLY,8.0,linear,temperature_equivalent,K,ESTIMABLE,1.4865182910207295,1.2532776215855748,1.7418786707862697,0.1229893836068419,0.4886010492006947,1000.0,0.0
phoenix,28970,2023-08-15,historical,0.0285095386207103,0.1285095386207103,BLOCK_RANGE_ONLY,8.0,linear,temperature_minus_equivalent,K,ESTIMABLE,-0.2301755533329201,-0.3403684959439366,-0.1280367368838849,0.0542999001144888,0.2123317590600516,1000.0,0.0
phoenix,28970,2023-08-15,historical,0.0285095386207103,0.1285095386207103,BLOCK_RANGE_ONLY,8.0,quadratic,temperature,K,ESTIMABLE,1.2734441462784991,1.1019272772218751,1.463336339140206,0.0922016177859593,0.361409061918331,1000.0,0.0
phoenix,28970,2023-08-15,historical,0.0285095386207103,0.1285095386207103,BLOCK_RANGE_ONLY,8.0,quadratic,emitted_flux,W/m2,ESTIMABLE,10.108415215347186,8.48498626905449,11.979470150879722,0.9211295723969898,3.494483881825232,1000.0,0.0
phoenix,28970,2023-08-15,historical,0.0285095386207103,0.1285095386207103,BLOCK_RANGE_ONLY,8.0,quadratic,temperature_equivalent,K,ESTIMABLE,1.5192414768652045,1.273756644909844,1.8028885501270964,0.1394691931602737,0.5291319052172525,1000.0,0.0
phoenix,28970,2023-08-15,historical,0.0285095386207103,0.1285095386207103,BLOCK_RANGE_ONLY,8.0,quadratic,temperature_minus_equivalent,K,ESTIMABLE,-0.2457973305867051,-0.3675769341576404,-0.1325314811487204,0.0594727065869993,0.2350454530089199,1000.0,0.0
phoenix,28970,2023-08-15,historical,0.0285095386207103,0.1285095386207103,BLOCK_RANGE_ONLY,8.0,quadratic_minus_linear,temperature,K,ESTIMABLE,0.0171014085906897,-0.0631282313744991,0.1025023514907099,0.0417977451281278,0.1656305828652091,1000.0,0.0
phoenix,28970,2023-08-15,historical,0.0285095386207103,0.1285095386207103,BLOCK_RANGE_ONLY,8.0,quadratic_minus_linear,emitted_flux,W/m2,ESTIMABLE,0.2161831176817443,-0.4531523757392296,0.9848336651652316,0.3750143723837418,1.4379860409044614,1000.0,0.0
phoenix,28970,2023-08-15,historical,0.0285095386207103,0.1285095386207103,BLOCK_RANGE_ONLY,8.0,quadratic_minus_linear,temperature_equivalent,K,ESTIMABLE,0.0327231858444747,-0.0684962987537673,0.1491726327476556,0.0567885072567513,0.2176689315014229,1000.0,0.0
phoenix,28970,2023-08-15,historical,0.0285095386207103,0.1285095386207103,BLOCK_RANGE_ONLY,8.0,quadratic_minus_linear,temperature_minus_equivalent,K,ESTIMABLE,-0.0156217772537849,-0.0535291004793962,0.0147818572076275,0.0181259758042161,0.0683109576870238,1000.0,0.0
phoenix,28970,2023-08-15,near_+0.01,0.0385095386207103,0.1385095386207104,BLOCK_RANGE_ONLY,1.0,linear,temperature,K,ESTIMABLE,1.2563427376878094,1.1459744741546642,1.3617387920527864,0.0571414036028053,0.2157643178981221,1000.0,0.0
phoenix,28970,2023-08-15,near_+0.01,0.0385095386207103,0.1385095386207104,BLOCK_RANGE_ONLY,1.0,linear,emitted_flux,W/m2,ESTIMABLE,9.892232097665442,8.97782613869863,10.813872694398704,0.4742140336740976,1.836046555700074,1000.0,0.0
phoenix,28970,2023-08-15,near_+0.01,0.0385095386207103,0.1385095386207104,BLOCK_RANGE_ONLY,1.0,linear,temperature_equivalent,K,ESTIMABLE,1.4865182910207295,1.348219863303673,1.6260964935871698,0.0717682799251967,0.2778766302834967,1000.0,0.0
phoenix,28970,2023-08-15,near_+0.01,0.0385095386207103,0.1385095386207104,BLOCK_RANGE_ONLY,1.0,linear,temperature_minus_equivalent,K,ESTIMABLE,-0.2301755533329201,-0.2748894426494759,-0.1889695588725481,0.0218641511591174,0.0859198837769277,1000.0,0.0
phoenix,28970,2023-08-15,near_+0.01,0.0385095386207103,0.1385095386207104,BLOCK_RANGE_ONLY,1.0,quadratic,temperature,K,ESTIMABLE,1.2835179110632262,1.1445431080475932,1.421621807114728,0.072457047822375,0.2770786990671348,1000.0,0.0
phoenix,28970,2023-08-15,near_+0.01,0.0385095386207103,0.1385095386207104,BLOCK_RANGE_ONLY,1.0,quadratic,emitted_flux,W/m2,ESTIMABLE,10.235760156929397,9.06283357905753,11.407345355449168,0.5893240462032451,2.344511776391638,1000.0,0.0
phoenix,28970,2023-08-15,near_+0.01,0.0385095386207103,0.1385095386207104,BLOCK_RANGE_ONLY,1.0,quadratic,temperature_equivalent,K,ESTIMABLE,1.5385222146413753,1.3610690128031222,1.7160740644418766,0.0892364194823589,0.3550050516387544,1000.0,0.0
phoenix,28970,2023-08-15,near_+0.01,0.0385095386207103,0.1385095386207104,BLOCK_RANGE_ONLY,1.0,quadratic,temperature_minus_equivalent,K,ESTIMABLE,-0.255004303578149,-0.3094963166264661,-0.2001595397780662,0.0271335635756237,0.1093367768483998,1000.0,0.0
phoenix,28970,2023-08-15,near_+0.01,0.0385095386207103,0.1385095386207104,BLOCK_RANGE_ONLY,1.0,quadratic_minus_linear,temperature,K,ESTIMABLE,0.0271751733754168,-0.0644755639118589,0.1172942328642418,0.0477929507434356,0.1817697967761007,1000.0,0.0
phoenix,28970,2023-08-15,near_+0.01,0.0385095386207103,0.1385095386207104,BLOCK_RANGE_ONLY,1.0,quadratic_minus_linear,emitted_flux,W/m2,ESTIMABLE,0.3435280592639529,-0.3858757309393084,1.125529233762977,0.3841454612817576,1.5114049647022854,1000.0,0.0
phoenix,28970,2023-08-15,near_+0.01,0.0385095386207103,0.1385095386207104,BLOCK_RANGE_ONLY,1.0,quadratic_minus_linear,temperature_equivalent,K,ESTIMABLE,0.0520039236206457,-0.058421802324031,0.1706308433668112,0.0581666207039653,0.2290526456908423,1000.0,0.0
phoenix,28970,2023-08-15,near_+0.01,0.0385095386207103,0.1385095386207104,BLOCK_RANGE_ONLY,1.0,quadratic_minus_linear,temperature_minus_equivalent,K,ESTIMABLE,-0.0248287502452289,-0.0576810086391087,0.0041742707341458,0.0164851034240023,0.0618552793732546,1000.0,0.0
phoenix,28970,2023-08-15,near_+0.01,0.0385095386207103,0.1385095386207104,BLOCK_RANGE_ONLY,8.0,linear,temperature,K,ESTIMABLE,1.2563427376878094,1.1000695932336513,1.417140942694406,0.0806230837304435,0.3170713494607546,1000.0,0.0
phoenix,28970,2023-08-15,near_+0.01,0.0385095386207103,0.1385095386207104,BLOCK_RANGE_ONLY,8.0,linear,emitted_flux,W/m2,ESTIMABLE,9.892232097665442,8.349382877903613,11.577452587558058,0.8126031326229832,3.228069709654445,1000.0,0.0
phoenix,28970,2023-08-15,near_+0.01,0.0385095386207103,0.1385095386207104,BLOCK_RANGE_ONLY,8.0,linear,temperature_equivalent,K,ESTIMABLE,1.4865182910207295,1.2532776215855748,1.7418786707862697,0.1229893836068419,0.4886010492006947,1000.0,0.0
phoenix,28970,2023-08-15,near_+0.01,0.0385095386207103,0.1385095386207104,BLOCK_RANGE_ONLY,8.0,linear,temperature_minus_equivalent,K,ESTIMABLE,-0.2301755533329201,-0.3403684959439366,-0.1280367368838849,0.0542999001144888,0.2123317590600516,1000.0,0.0
phoenix,28970,2023-08-15,near_+0.01,0.0385095386207103,0.1385095386207104,BLOCK_RANGE_ONLY,8.0,quadratic,temperature,K,ESTIMABLE,1.2835179110632262,1.0936214619484863,1.5017643838515573,0.1059184778777092,0.408142921903071,1000.0,0.0
phoenix,28970,2023-08-15,near_+0.01,0.0385095386207103,0.1385095386207104,BLOCK_RANGE_ONLY,8.0,quadratic,emitted_flux,W/m2,ESTIMABLE,10.235760156929397,8.333027448896607,12.299191788695392,1.0387410482623258,3.9661643397987856,1000.0,0.0
phoenix,28970,2023-08-15,near_+0.01,0.0385095386207103,0.1385095386207104,BLOCK_RANGE_ONLY,8.0,quadratic,temperature_equivalent,K,ESTIMABLE,1.5385222146413753,1.2508078732931909,1.8514347477812505,0.1573117698552132,0.6006268744880598,1000.0,0.0
phoenix,28970,2023-08-15,near_+0.01,0.0385095386207103,0.1385095386207104,BLOCK_RANGE_ONLY,8.0,quadratic,temperature_minus_equivalent,K,ESTIMABLE,-0.255004303578149,-0.3906324356520357,-0.1349991384296826,0.0643658771259559,0.255633297222353,1000.0,0.0
phoenix,28970,2023-08-15,near_+0.01,0.0385095386207103,0.1385095386207104,BLOCK_RANGE_ONLY,8.0,quadratic_minus_linear,temperature,K,ESTIMABLE,0.0271751733754168,-0.0997522443069978,0.1580926107567708,0.0661154359798773,0.2578448550637687,1000.0,0.0
phoenix,28970,2023-08-15,near_+0.01,0.0385095386207103,0.1385095386207104,BLOCK_RANGE_ONLY,8.0,quadratic_minus_linear,emitted_flux,W/m2,ESTIMABLE,0.3435280592639529,-0.7345300594000022,1.563434483133305,0.5921388508131753,2.297964542533307,1000.0,0.0
phoenix,28970,2023-08-15,near_+0.01,0.0385095386207103,0.1385095386207104,BLOCK_RANGE_ONLY,8.0,quadratic_minus_linear,temperature_equivalent,K,ESTIMABLE,0.0520039236206457,-0.1110824217837247,0.236804129883599,0.0896840696714922,0.3478865516673238,1000.0,0.0
phoenix,28970,2023-08-15,near_+0.01,0.0385095386207103,0.1385095386207104,BLOCK_RANGE_ONLY,8.0,quadratic_minus_linear,temperature_minus_equivalent,K,ESTIMABLE,-0.0248287502452289,-0.0826882468342028,0.0238488103971215,0.0284923282055491,0.1065370572313244,1000.0,0.0
phoenix,28970,2023-08-15,near_+0.02,0.0485095386207103,0.1485095386207103,BLOCK_RANGE_ONLY,1.0,linear,temperature,K,ESTIMABLE,1.2563427376878091,1.1459744741546642,1.361738792052786,0.0571414036028053,0.2157643178981219,1000.0,0.0
phoenix,28970,2023-08-15,near_+0.02,0.0485095386207103,0.1485095386207103,BLOCK_RANGE_ONLY,1.0,linear,emitted_flux,W/m2,ESTIMABLE,9.892232097665442,8.977826138698628,10.813872694398702,0.4742140336740975,1.836046555700074,1000.0,0.0
phoenix,28970,2023-08-15,near_+0.02,0.0485095386207103,0.1485095386207103,BLOCK_RANGE_ONLY,1.0,linear,temperature_equivalent,K,ESTIMABLE,1.4865182910207295,1.348219863303673,1.6260964935871698,0.0717682799251969,0.2778766302834967,1000.0,0.0
phoenix,28970,2023-08-15,near_+0.02,0.0485095386207103,0.1485095386207103,BLOCK_RANGE_ONLY,1.0,linear,temperature_minus_equivalent,K,ESTIMABLE,-0.2301755533329204,-0.2748894426494762,-0.1889695588725483,0.0218641511591175,0.0859198837769278,1000.0,0.0
phoenix,28970,2023-08-15,near_+0.02,0.0485095386207103,0.1485095386207103,BLOCK_RANGE_ONLY,1.0,quadratic,temperature,K,ESTIMABLE,1.2935916758479535,1.130244269336049,1.454757653031972,0.0845319008005942,0.3245133836959228,1000.0,0.0
phoenix,28970,2023-08-15,near_+0.02,0.0485095386207103,0.1485095386207103,BLOCK_RANGE_ONLY,1.0,quadratic,emitted_flux,W/m2,ESTIMABLE,10.363105098511603,9.06523609427621,11.764496323376898,0.6837107124044173,2.6992602291006875,1000.0,0.0
phoenix,28970,2023-08-15,near_+0.02,0.0485095386207103,0.1485095386207103,BLOCK_RANGE_ONLY,1.0,quadratic,temperature_equivalent,K,ESTIMABLE,1.5578065134654366,1.3614321854196318,1.7702598477213498,0.1035493383997782,0.4088276623017179,1000.0,0.0
phoenix,28970,2023-08-15,near_+0.02,0.0485095386207103,0.1485095386207103,BLOCK_RANGE_ONLY,1.0,quadratic,temperature_minus_equivalent,K,ESTIMABLE,-0.2642148376174831,-0.3252188440236634,-0.2027508173326169,0.0311239751315126,0.1224680266910464,1000.0,0.0
phoenix,28970,2023-08-15,near_+0.02,0.0485095386207103,0.1485095386207103,BLOCK_RANGE_ONLY,1.0,quadratic_minus_linear,temperature,K,ESTIMABLE,0.0372489381601444,-0.0888709890335638,0.1610081686809,0.0655007218906065,0.2498791577144638,1000.0,0.0
phoenix,28970,2023-08-15,near_+0.02,0.0485095386207103,0.1485095386207103,BLOCK_RANGE_ONLY,1.0,quadratic_minus_linear,emitted_flux,W/m2,ESTIMABLE,0.4708730008461632,-0.5286923789449656,1.5378808136302664,0.5263658205547445,2.066573192575232,1000.0,0.0
phoenix,28970,2023-08-15,near_+0.02,0.0485095386207103,0.1485095386207103,BLOCK_RANGE_ONLY,1.0,quadratic_minus_linear,temperature_equivalent,K,ESTIMABLE,0.0712882224447071,-0.0800360421155332,0.2332134621569664,0.0797167091571627,0.3132495042724997,1000.0,0.0
phoenix,28970,2023-08-15,near_+0.02,0.0485095386207103,0.1485095386207103,BLOCK_RANGE_ONLY,1.0,quadratic_minus_linear,temperature_minus_equivalent,K,ESTIMABLE,-0.0340392842845627,-0.0790608774572314,0.0057261430691637,0.0225751058511946,0.0847870205263951,1000.0,0.0
phoenix,28970,2023-08-15,near_+0.02,0.0485095386207103,0.1485095386207103,BLOCK_RANGE_ONLY,8.0,linear,temperature,K,ESTIMABLE,1.2563427376878091,1.100069593233651,1.4171409426944055,0.0806230837304434,0.3170713494607546,1000.0,0.0
phoenix,28970,2023-08-15,near_+0.02,0.0485095386207103,0.1485095386207103,BLOCK_RANGE_ONLY,8.0,linear,emitted_flux,W/m2,ESTIMABLE,9.892232097665442,8.349382877903613,11.577452587558057,0.812603132622983,3.2280697096544433,1000.0,0.0
phoenix,28970,2023-08-15,near_+0.02,0.0485095386207103,0.1485095386207103,BLOCK_RANGE_ONLY,8.0,linear,temperature_equivalent,K,ESTIMABLE,1.4865182910207295,1.2532776215855748,1.7418786707862697,0.1229893836068419,0.4886010492006947,1000.0,0.0
phoenix,28970,2023-08-15,near_+0.02,0.0485095386207103,0.1485095386207103,BLOCK_RANGE_ONLY,8.0,linear,temperature_minus_equivalent,K,ESTIMABLE,-0.2301755533329204,-0.3403684959439368,-0.1280367368838851,0.0542999001144888,0.2123317590600517,1000.0,0.0
phoenix,28970,2023-08-15,near_+0.02,0.0485095386207103,0.1485095386207103,BLOCK_RANGE_ONLY,8.0,quadratic,temperature,K,ESTIMABLE,1.2935916758479535,1.0737004933317744,1.550238922369813,0.1229715209152488,0.4765384290380385,1000.0,0.0
phoenix,28970,2023-08-15,near_+0.02,0.0485095386207103,0.1485095386207103,BLOCK_RANGE_ONLY,8.0,quadratic,emitted_flux,W/m2,ESTIMABLE,10.363105098511603,8.192246827596867,12.790008876296056,1.1849234464475582,4.59776204869919,1000.0,0.0
phoenix,28970,2023-08-15,near_+0.02,0.0485095386207103,0.1485095386207103,BLOCK_RANGE_ONLY,8.0,quadratic,temperature_equivalent,K,ESTIMABLE,1.5578065134654366,1.229551723024548,1.9260038900275005,0.1794894526801003,0.6964521670029524,1000.0,0.0
phoenix,28970,2023-08-15,near_+0.02,0.0485095386207103,0.1485095386207103,BLOCK_RANGE_ONLY,8.0,quadratic,temperature_minus_equivalent,K,ESTIMABLE,-0.2642148376174831,-0.4092829788191749,-0.1334399441702779,0.0704676387705596,0.275843034648897,1000.0,0.0
phoenix,28970,2023-08-15,near_+0.02,0.0485095386207103,0.1485095386207103,BLOCK_RANGE_ONLY,8.0,quadratic_minus_linear,temperature,K,ESTIMABLE,0.0372489381601444,-0.1357812671617431,0.2161213356490527,0.0904496302840349,0.3519026028107959,1000.0,0.0
phoenix,28970,2023-08-15,near_+0.02,0.0485095386207103,0.1485095386207103,BLOCK_RANGE_ONLY,8.0,quadratic_minus_linear,emitted_flux,W/m2,ESTIMABLE,0.4708730008461632,-1.0139157552101064,2.13864266259573,0.8094309051336702,3.152558417805837,1000.0,0.0
phoenix,28970,2023-08-15,near_+0.02,0.0485095386207103,0.1485095386207103,BLOCK_RANGE_ONLY,8.0,quadratic_minus_linear,temperature_equivalent,K,ESTIMABLE,0.0712882224447071,-0.1531705069581974,0.3241408923379438,0.1226188956925702,0.4773113992961413,1000.0,0.0
phoenix,28970,2023-08-15,near_+0.02,0.0485095386207103,0.1485095386207103,BLOCK_RANGE_ONLY,8.0,quadratic_minus_linear,temperature_minus_equivalent,K,ESTIMABLE,-0.0340392842845627,-0.1133414452775215,0.0331323906625102,0.0388815956379758,0.1464738359400318,1000.0,0.0
phoenix,28970,2023-08-15,grid_00,0.0,0.1,BLOCK_RANGE_ONLY,1.0,linear,temperature,K,ESTIMABLE,1.2563427376878094,1.1459744741546642,1.3617387920527864,0.0571414036028053,0.2157643178981221,1000.0,0.0
phoenix,28970,2023-08-15,grid_00,0.0,0.1,BLOCK_RANGE_ONLY,1.0,linear,emitted_flux,W/m2,ESTIMABLE,9.892232097665442,8.97782613869863,10.813872694398704,0.4742140336740976,1.836046555700074,1000.0,0.0
phoenix,28970,2023-08-15,grid_00,0.0,0.1,BLOCK_RANGE_ONLY,1.0,linear,temperature_equivalent,K,ESTIMABLE,1.4865182910207295,1.348219863303673,1.6260964935871698,0.0717682799251967,0.2778766302834967,1000.0,0.0
phoenix,28970,2023-08-15,grid_00,0.0,0.1,BLOCK_RANGE_ONLY,1.0,linear,temperature_minus_equivalent,K,ESTIMABLE,-0.2301755533329201,-0.2748894426494759,-0.1889695588725481,0.0218641511591174,0.0859198837769277,1000.0,0.0
phoenix,28970,2023-08-15,grid_00,0.0,0.1,BLOCK_RANGE_ONLY,1.0,quadratic,temperature,K,ESTIMABLE,1.244724307659886,1.1257782845374036,1.3578762362699657,0.0617157634728827,0.2320979517325621,1000.0,0.0
phoenix,28970,2023-08-15,grid_00,0.0,0.1,BLOCK_RANGE_ONLY,1.0,quadratic,emitted_flux,W/m2,ESTIMABLE,9.745360662328174,8.777514296546851,10.688180524218575,0.5123752184801068,1.910666227671724,1000.0,0.0
phoenix,28970,2023-08-15,grid_00,0.0,0.1,BLOCK_RANGE_ONLY,1.0,quadratic,temperature_equivalent,K,ESTIMABLE,1.4642925176061112,1.3179483301843973,1.6070500032010742,0.077527438450827,0.2891016730166769,1000.0,0.0
phoenix,28970,2023-08-15,grid_00,0.0,0.1,BLOCK_RANGE_ONLY,1.0,quadratic,temperature_minus_equivalent,K,ESTIMABLE,-0.2195682099462252,-0.2654896874476433,-0.1742843850866773,0.0230910115356196,0.0912053023609659,1000.0,0.0
phoenix,28970,2023-08-15,grid_00,0.0,0.1,BLOCK_RANGE_ONLY,1.0,quadratic_minus_linear,temperature,K,ESTIMABLE,-0.0116184300279233,-0.0500329513243041,0.0273140811619349,0.0204258792312742,0.077347032486239,1000.0,0.0
phoenix,28970,2023-08-15,grid_00,0.0,0.1,BLOCK_RANGE_ONLY,1.0,quadratic_minus_linear,emitted_flux,W/m2,ESTIMABLE,-0.1468714353372675,-0.4741081663363622,0.1642771007865985,0.1638346254997836,0.6383852671229607,1000.0,0.0
phoenix,28970,2023-08-15,grid_00,0.0,0.1,BLOCK_RANGE_ONLY,1.0,quadratic_minus_linear,temperature_equivalent,K,ESTIMABLE,-0.0222257734146182,-0.0718264582822101,0.0248819096878761,0.0247890555154569,0.0967083679700863,1000.0,0.0
phoenix,28970,2023-08-15,grid_00,0.0,0.1,BLOCK_RANGE_ONLY,1.0,quadratic_minus_linear,temperature_minus_equivalent,K,ESTIMABLE,0.0106073433866948,-0.0018351452801952,0.0244531503335362,0.0069347699409926,0.0262882956137314,1000.0,0.0
phoenix,28970,2023-08-15,grid_00,0.0,0.1,BLOCK_RANGE_ONLY,8.0,linear,temperature,K,ESTIMABLE,1.2563427376878094,1.1000695932336513,1.417140942694406,0.0806230837304435,0.3170713494607546,1000.0,0.0
phoenix,28970,2023-08-15,grid_00,0.0,0.1,BLOCK_RANGE_ONLY,8.0,linear,emitted_flux,W/m2,ESTIMABLE,9.892232097665442,8.349382877903613,11.577452587558058,0.8126031326229832,3.228069709654445,1000.0,0.0
phoenix,28970,2023-08-15,grid_00,0.0,0.1,BLOCK_RANGE_ONLY,8.0,linear,temperature_equivalent,K,ESTIMABLE,1.4865182910207295,1.2532776215855748,1.7418786707862697,0.1229893836068419,0.4886010492006947,1000.0,0.0
phoenix,28970,2023-08-15,grid_00,0.0,0.1,BLOCK_RANGE_ONLY,8.0,linear,temperature_minus_equivalent,K,ESTIMABLE,-0.2301755533329201,-0.3403684959439366,-0.1280367368838849,0.0542999001144888,0.2123317590600516,1000.0,0.0
phoenix,28970,2023-08-15,grid_00,0.0,0.1,BLOCK_RANGE_ONLY,8.0,quadratic,temperature,K,ESTIMABLE,1.244724307659886,1.0780093892221685,1.4128176005373778,0.0852184412625338,0.3348082113152093,1000.0,0.0
phoenix,28970,2023-08-15,grid_00,0.0,0.1,BLOCK_RANGE_ONLY,8.0,quadratic,emitted_flux,W/m2,ESTIMABLE,9.745360662328174,8.131283732083178,11.388410439621357,0.8428480548689627,3.2571267075381787,1000.0,0.0
phoenix,28970,2023-08-15,grid_00,0.0,0.1,BLOCK_RANGE_ONLY,8.0,quadratic,temperature_equivalent,K,ESTIMABLE,1.4642925176061112,1.2203483838498883,1.7132021052490372,0.1275354664733416,0.4928537213991488,1000.0,0.0
phoenix,28970,2023-08-15,grid_00,0.0,0.1,BLOCK_RANGE_ONLY,8.0,quadratic,temperature_minus_equivalent,K,ESTIMABLE,-0.2195682099462252,-0.3277049488763974,-0.1149418137624248,0.0547031996285453,0.2127631351139726,1000.0,0.0
phoenix,28970,2023-08-15,grid_00,0.0,0.1,BLOCK_RANGE_ONLY,8.0,quadratic_minus_linear,temperature,K,ESTIMABLE,-0.0116184300279233,-0.064704813068523,0.0430440337055714,0.0278268901513346,0.1077488467740944,1000.0,0.0
phoenix,28970,2023-08-15,grid_00,0.0,0.1,BLOCK_RANGE_ONLY,8.0,quadratic_minus_linear,emitted_flux,W/m2,ESTIMABLE,-0.1468714353372675,-0.6267363256416272,0.3311538009491036,0.2470299857627539,0.9578901265907308,1000.0,0.0
phoenix,28970,2023-08-15,grid_00,0.0,0.1,BLOCK_RANGE_ONLY,8.0,quadratic_minus_linear,temperature_equivalent,K,ESTIMABLE,-0.0222257734146182,-0.0946999243459004,0.0501579997585807,0.0373779974762049,0.1448579241044811,1000.0,0.0
phoenix,28970,2023-08-15,grid_00,0.0,0.1,BLOCK_RANGE_ONLY,8.0,quadratic_minus_linear,temperature_minus_equivalent,K,ESTIMABLE,0.0106073433866948,-0.0107387139021846,0.032457154419103,0.0115545001392402,0.0431958683212876,1000.0,0.0
phoenix,28970,2023-08-15,grid_01,0.1,0.2,BLOCK_RANGE_ONLY,1.0,linear,temperature,K,ESTIMABLE,1.2563427376878094,1.1459744741546642,1.3617387920527864,0.0571414036028053,0.2157643178981221,1000.0,0.0
phoenix,28970,2023-08-15,grid_01,0.1,0.2,BLOCK_RANGE_ONLY,1.0,linear,emitted_flux,W/m2,ESTIMABLE,9.892232097665442,8.97782613869863,10.813872694398704,0.4742140336740976,1.836046555700074,1000.0,0.0
phoenix,28970,2023-08-15,grid_01,0.1,0.2,BLOCK_RANGE_ONLY,1.0,linear,temperature_equivalent,K,ESTIMABLE,1.4865182910207295,1.348219863303673,1.6260964935871698,0.0717682799251967,0.2778766302834967,1000.0,0.0
phoenix,28970,2023-08-15,grid_01,0.1,0.2,BLOCK_RANGE_ONLY,1.0,linear,temperature_minus_equivalent,K,ESTIMABLE,-0.2301755533329201,-0.2748894426494759,-0.1889695588725481,0.0218641511591174,0.0859198837769277,1000.0,0.0
phoenix,28970,2023-08-15,grid_01,0.1,0.2,BLOCK_RANGE_ONLY,1.0,quadratic,temperature,K,ESTIMABLE,1.345461955507158,1.0320403686348218,1.6594274150638115,0.1638174344447096,0.6273870464289897,1000.0,0.0
phoenix,28970,2023-08-15,grid_01,0.1,0.2,BLOCK_RANGE_ONLY,1.0,quadratic,emitted_flux,W/m2,ESTIMABLE,11.018810078150272,8.48154267508645,13.600582731224526,1.3140514099480003,5.119040056138076,1000.0,0.0
phoenix,28970,2023-08-15,grid_01,0.1,0.2,BLOCK_RANGE_ONLY,1.0,quadratic,temperature_equivalent,K,ESTIMABLE,1.6571586902520608,1.2732365425469965,2.0492700952455265,0.1992176257917908,0.77603355269853,1000.0,0.0
phoenix,28970,2023-08-15,grid_01,0.1,0.2,BLOCK_RANGE_ONLY,1.0,quadratic,temperature_minus_equivalent,K,ESTIMABLE,-0.3116967347449029,-0.4301852687762196,-0.2051590177332554,0.0578838320927805,0.2250262510429642,1000.0,0.0
phoenix,28970,2023-08-15,grid_01,0.1,0.2,BLOCK_RANGE_ONLY,1.0,quadratic_minus_linear,temperature,K,ESTIMABLE,0.0891192178193485,-0.2129972676130657,0.3869659038968076,0.1566848188094878,0.5999631715098734,1000.0,0.0
phoenix,28970,2023-08-15,grid_01,0.1,0.2,BLOCK_RANGE_ONLY,1.0,quadratic_minus_linear,emitted_flux,W/m2,ESTIMABLE,1.1265779804848304,-1.2639514876982332,3.6666617055317814,1.258730263401768,4.930613193230014,1000.0,0.0
phoenix,28970,2023-08-15,grid_01,0.1,0.2,BLOCK_RANGE_ONLY,1.0,quadratic_minus_linear,temperature_equivalent,K,ESTIMABLE,0.1706403992313312,-0.1912148940751848,0.5564220474972401,0.1908210807309519,0.7476369415724249,1000.0,0.0
phoenix,28970,2023-08-15,grid_01,0.1,0.2,BLOCK_RANGE_ONLY,1.0,quadratic_minus_linear,temperature_minus_equivalent,K,ESTIMABLE,-0.0815211814119827,-0.1900648209403948,0.01366012257672,0.0540334606821113,0.2037249435171148,1000.0,0.0
phoenix,28970,2023-08-15,grid_01,0.1,0.2,BLOCK_RANGE_ONLY,8.0,linear,temperature,K,ESTIMABLE,1.2563427376878094,1.1000695932336513,1.417140942694406,0.0806230837304435,0.3170713494607546,1000.0,0.0
phoenix,28970,2023-08-15,grid_01,0.1,0.2,BLOCK_RANGE_ONLY,8.0,linear,emitted_flux,W/m2,ESTIMABLE,9.892232097665442,8.349382877903613,11.577452587558058,0.8126031326229832,3.228069709654445,1000.0,0.0
phoenix,28970,2023-08-15,grid_01,0.1,0.2,BLOCK_RANGE_ONLY,8.0,linear,temperature_equivalent,K,ESTIMABLE,1.4865182910207295,1.2532776215855748,1.7418786707862697,0.1229893836068419,0.4886010492006947,1000.0,0.0
phoenix,28970,2023-08-15,grid_01,0.1,0.2,BLOCK_RANGE_ONLY,8.0,linear,temperature_minus_equivalent,K,ESTIMABLE,-0.2301755533329201,-0.3403684959439366,-0.1280367368838849,0.0542999001144888,0.2123317590600516,1000.0,0.0
phoenix,28970,2023-08-15,grid_01,0.1,0.2,BLOCK_RANGE_ONLY,8.0,quadratic,temperature,K,ESTIMABLE,1.345461955507158,0.8991595143003202,1.8171939340742145,0.2323586404989761,0.918034419773894,1000.0,0.0
phoenix,28970,2023-08-15,grid_01,0.1,0.2,BLOCK_RANGE_ONLY,8.0,quadratic,emitted_flux,W/m2,ESTIMABLE,11.018810078150272,7.151544352402709,15.35228169630728,2.1388594258614715,8.20073734390457,1000.0,0.0
phoenix,28970,2023-08-15,grid_01,0.1,0.2,BLOCK_RANGE_ONLY,8.0,quadratic,temperature_equivalent,K,ESTIMABLE,1.6571586902520608,1.0725523814480695,2.3161547933605418,0.3243458631844104,1.2436024119124722,1000.0,0.0
phoenix,28970,2023-08-15,grid_01,0.1,0.2,BLOCK_RANGE_ONLY,8.0,quadratic,temperature_minus_equivalent,K,ESTIMABLE,-0.3116967347449029,-0.5428073890396622,-0.1054986899458033,0.1125303532166521,0.4373086990938588,1000.0,0.0
phoenix,28970,2023-08-15,grid_01,0.1,0.2,BLOCK_RANGE_ONLY,8.0,quadratic_minus_linear,temperature,K,ESTIMABLE,0.0891192178193485,-0.3276354237286034,0.5170316234672423,0.2157981193919853,0.8446670471958457,1000.0,0.0
phoenix,28970,2023-08-15,grid_01,0.1,0.2,BLOCK_RANGE_ONLY,8.0,quadratic_minus_linear,emitted_flux,W/m2,ESTIMABLE,1.1265779804848304,-2.4380694743333473,5.034437503109611,1.9287934682949412,7.472506977442959,1000.0,0.0
phoenix,28970,2023-08-15,grid_01,0.1,0.2,BLOCK_RANGE_ONLY,8.0,quadratic_minus_linear,temperature_equivalent,K,ESTIMABLE,0.1706403992313312,-0.3678025326291205,0.7665393408804191,0.2925015803469844,1.1343418735095396,1000.0,0.0
phoenix,28970,2023-08-15,grid_01,0.1,0.2,BLOCK_RANGE_ONLY,8.0,quadratic_minus_linear,temperature_minus_equivalent,K,ESTIMABLE,-0.0815211814119827,-0.2704501020981771,0.0802977651671117,0.0926078687568228,0.3507478672652889,1000.0,0.0
phoenix,28970,2023-08-15,grid_02,0.2,0.3,BLOCK_RANGE_ONLY,1.0,linear,temperature,K,ESTIMABLE,1.256342737687809,1.145974474154664,1.361738792052786,0.0571414036028053,0.2157643178981219,1000.0,0.0
phoenix,28970,2023-08-15,grid_02,0.2,0.3,BLOCK_RANGE_ONLY,1.0,linear,emitted_flux,W/m2,ESTIMABLE,9.89223209766544,8.977826138698626,10.813872694398702,0.4742140336740974,1.836046555700076,1000.0,0.0
phoenix,28970,2023-08-15,grid_02,0.2,0.3,BLOCK_RANGE_ONLY,1.0,linear,temperature_equivalent,K,ESTIMABLE,1.4865182910207295,1.348219863303673,1.6260964935871698,0.0717682799251967,0.2778766302834967,1000.0,0.0
phoenix,28970,2023-08-15,grid_02,0.2,0.3,BLOCK_RANGE_ONLY,1.0,linear,temperature_minus_equivalent,K,ESTIMABLE,-0.2301755533329206,-0.2748894426494762,-0.1889695588725486,0.0218641511591173,0.0859198837769275,1000.0,0.0
phoenix,28970,2023-08-15,grid_02,0.2,0.3,BLOCK_RANGE_ONLY,1.0,quadratic,temperature,K,ESTIMABLE,1.446199603354429,0.8142092688395017,2.078583164297033,0.3355418154877735,1.2643738954575312,1000.0,0.0
phoenix,28970,2023-08-15,grid_02,0.2,0.3,BLOCK_RANGE_ONLY,1.0,quadratic,emitted_flux,W/m2,ESTIMABLE,12.292259493972368,7.180222202062834,17.739714892190495,2.690222589806017,10.559492690127662,1000.0,0.0
phoenix,28970,2023-08-15,grid_02,0.2,0.3,BLOCK_RANGE_ONLY,1.0,quadratic,temperature_equivalent,K,ESTIMABLE,1.8503819140887572,1.0768755295150656,2.681003285995857,0.4086503735895831,1.6041277564807912,1000.0,0.0
phoenix,28970,2023-08-15,grid_02,0.2,0.3,BLOCK_RANGE_ONLY,1.0,quadratic,temperature_minus_equivalent,K,ESTIMABLE,-0.4041823107343278,-0.6486948827412434,-0.1958266090296213,0.117206676851382,0.4528682737116221,1000.0,0.0
phoenix,28970,2023-08-15,grid_02,0.2,0.3,BLOCK_RANGE_ONLY,1.0,quadratic_minus_linear,temperature,K,ESTIMABLE,0.1898568656666204,-0.4540356312519133,0.8257927278847699,0.3337782049417425,1.2798283591366832,1000.0,0.0
phoenix,28970,2023-08-15,grid_02,0.2,0.3,BLOCK_RANGE_ONLY,1.0,quadratic_minus_linear,emitted_flux,W/m2,ESTIMABLE,2.4000273963069283,-2.692469574277095,7.81913529601119,2.681105312876909,10.511604870288284,1000.0,0.0
phoenix,28970,2023-08-15,grid_02,0.2,0.3,BLOCK_RANGE_ONLY,1.0,quadratic_minus_linear,temperature_equivalent,K,ESTIMABLE,0.3638636230680276,-0.4069672136845795,1.1901745604965015,0.4072420395201273,1.5971417741810812,1000.0,0.0
phoenix,28970,2023-08-15,grid_02,0.2,0.3,BLOCK_RANGE_ONLY,1.0,quadratic_minus_linear,temperature_minus_equivalent,K,ESTIMABLE,-0.1740067574014072,-0.4056194234506417,0.0287981900374724,0.1155968859992788,0.4344176134881142,1000.0,0.0
phoenix,28970,2023-08-15,grid_02,0.2,0.3,BLOCK_RANGE_ONLY,8.0,linear,temperature,K,ESTIMABLE,1.256342737687809,1.100069593233651,1.4171409426944055,0.0806230837304434,0.3170713494607544,1000.0,0.0
phoenix,28970,2023-08-15,grid_02,0.2,0.3,BLOCK_RANGE_ONLY,8.0,linear,emitted_flux,W/m2,ESTIMABLE,9.89223209766544,8.349382877903611,11.577452587558057,0.8126031326229829,3.2280697096544433,1000.0,0.0
phoenix,28970,2023-08-15,grid_02,0.2,0.3,BLOCK_RANGE_ONLY,8.0,linear,temperature_equivalent,K,ESTIMABLE,1.4865182910207295,1.2532776215855748,1.7418786707862697,0.1229893836068419,0.4886010492006947,1000.0,0.0
phoenix,28970,2023-08-15,grid_02,0.2,0.3,BLOCK_RANGE_ONLY,8.0,linear,temperature_minus_equivalent,K,ESTIMABLE,-0.2301755533329206,-0.340368495943937,-0.1280367368838853,0.0542999001144888,0.2123317590600517,1000.0,0.0
phoenix,28970,2023-08-15,grid_02,0.2,0.3,BLOCK_RANGE_ONLY,8.0,quadratic,temperature,K,ESTIMABLE,1.446199603354429,0.5351380836384704,2.388511092876072,0.4682813572708753,1.8533730092376015,1000.0,0.0
phoenix,28970,2023-08-15,grid_02,0.2,0.3,BLOCK_RANGE_ONLY,8.0,quadratic,emitted_flux,W/m2,ESTIMABLE,12.292259493972368,4.386947268943664,20.797799171294297,4.230222178930494,16.41085190235063,1000.0,0.0
phoenix,28970,2023-08-15,grid_02,0.2,0.3,BLOCK_RANGE_ONLY,8.0,quadratic,temperature_equivalent,K,ESTIMABLE,1.8503819140887572,0.6566287648828009,3.150218397574155,0.6428653237074708,2.4935896326913545,1000.0,0.0
phoenix,28970,2023-08-15,grid_02,0.2,0.3,BLOCK_RANGE_ONLY,8.0,quadratic,temperature_minus_equivalent,K,ESTIMABLE,-0.4041823107343278,-0.8628029203097921,-0.0413769666505642,0.2109557420697282,0.8214259536592279,1000.0,0.0
phoenix,28970,2023-08-15,grid_02,0.2,0.3,BLOCK_RANGE_ONLY,8.0,quadratic_minus_linear,temperature,K,ESTIMABLE,0.1898568656666204,-0.6972387260905761,1.0959860225706224,0.4592731839769712,1.7932247486611983,1000.0,0.0
phoenix,28970,2023-08-15,grid_02,0.2,0.3,BLOCK_RANGE_ONLY,8.0,quadratic_minus_linear,emitted_flux,W/m2,ESTIMABLE,2.4000273963069283,-5.1889973832254945,10.719910476109895,4.1030717654371385,15.90890785933539,1000.0,0.0
phoenix,28970,2023-08-15,grid_02,0.2,0.3,BLOCK_RANGE_ONLY,8.0,quadratic_minus_linear,temperature_equivalent,K,ESTIMABLE,0.3638636230680276,-0.781255442201747,1.6361626666869948,0.6235626522379039,2.417418108888742,1000.0,0.0
phoenix,28970,2023-08-15,grid_02,0.2,0.3,BLOCK_RANGE_ONLY,8.0,quadratic_minus_linear,temperature_minus_equivalent,K,ESTIMABLE,-0.1740067574014072,-0.583063699553289,0.1710431683659368,0.197944196505781,0.7541068679192258,1000.0,0.0
phoenix,28970,2023-08-15,grid_03,0.3,0.4,NO_SPANNING_BLOCKS,,,,,NOT_ESTIMATED_NO_REFERENCE_BLOCKS,,,,,,,
phoenix,28970,2023-08-15,grid_04,0.4,0.5,NO_SPANNING_BLOCKS,,,,,NOT_ESTIMATED_NO_REFERENCE_BLOCKS,,,,,,,
phoenix,28970,2023-08-15,grid_05,0.5,0.6,NO_SPANNING_BLOCKS,,,,,NOT_ESTIMATED_NO_REFERENCE_BLOCKS,,,,,,,
phoenix,28970,2023-08-15,grid_06,0.6,0.7,NO_SPANNING_BLOCKS,,,,,NOT_ESTIMATED_NO_REFERENCE_BLOCKS,,,,,,,
phoenix,28970,2023-08-15,grid_07,0.7,0.8,NO_SPANNING_BLOCKS,,,,,NOT_ESTIMATED_NO_REFERENCE_BLOCKS,,,,,,,
phoenix,28970,2023-08-15,grid_08,0.8,0.9,NO_SPANNING_BLOCKS,,,,,NOT_ESTIMATED_NO_REFERENCE_BLOCKS,,,,,,,
phoenix,28970,2023-08-15,grid_09,0.9,1.0,NO_SPANNING_BLOCKS,,,,,NOT_ESTIMATED_NO_REFERENCE_BLOCKS,,,,,,,
phoenix,29092,2023-08-23,near_-0.02,0.0085095386207103,0.1085095386207103,BLOCK_RANGE_ONLY,1.0,linear,temperature,K,ESTIMABLE,1.035992758182818,0.9829870109909368,1.0914299493830577,0.027270307079141,0.1084429383921208,1000.0,0.0
phoenix,29092,2023-08-23,near_-0.02,0.0085095386207103,0.1085095386207103,BLOCK_RANGE_ONLY,1.0,linear,emitted_flux,W/m2,ESTIMABLE,8.088874155552844,7.699950102869215,8.520817624228128,0.2077852404990203,0.8208675213589132,1000.0,0.0
phoenix,29092,2023-08-23,near_-0.02,0.0085095386207103,0.1085095386207103,BLOCK_RANGE_ONLY,1.0,linear,temperature_equivalent,K,ESTIMABLE,1.213946468449592,1.1552549206055402,1.2791686185449536,0.0313652274608041,0.1239136979394133,1000.0,0.0
phoenix,29092,2023-08-23,near_-0.02,0.0085095386207103,0.1085095386207103,BLOCK_RANGE_ONLY,1.0,linear,temperature_minus_equivalent,K,ESTIMABLE,-0.1779537102667738,-0.2003304953461641,-0.1553024189922403,0.011644282365542,0.0450280763539238,1000.0,0.0
phoenix,29092,2023-08-23,near_-0.02,0.0085095386207103,0.1085095386207103,BLOCK_RANGE_ONLY,1.0,quadratic,temperature,K,ESTIMABLE,1.023527480849752,0.969609636923868,1.0799622822754855,0.0274676812807293,0.1103526453516173,1000.0,0.0
phoenix,29092,2023-08-23,near_-0.02,0.0085095386207103,0.1085095386207103,BLOCK_RANGE_ONLY,1.0,quadratic,emitted_flux,W/m2,ESTIMABLE,7.945271274050439,7.547585427269052,8.374156695027626,0.2099174844568774,0.8265712677585739,1000.0,0.0
phoenix,29092,2023-08-23,near_-0.02,0.0085095386207103,0.1085095386207103,BLOCK_RANGE_ONLY,1.0,quadratic,temperature_equivalent,K,ESTIMABLE,1.1922718820625846,1.1322709320820592,1.2570187001399602,0.0316805659516873,0.124747768057901,1000.0,0.0
phoenix,29092,2023-08-23,near_-0.02,0.0085095386207103,0.1085095386207103,BLOCK_RANGE_ONLY,1.0,quadratic,temperature_minus_equivalent,K,ESTIMABLE,-0.1687444012128325,-0.191342498791985,-0.1454957287879677,0.0119354502208247,0.0458467700040173,1000.0,0.0
phoenix,29092,2023-08-23,near_-0.02,0.0085095386207103,0.1085095386207103,BLOCK_RANGE_ONLY,1.0,quadratic_minus_linear,temperature,K,ESTIMABLE,-0.012465277333066,-0.0179534458672538,-0.0066740493518022,0.0028986617044873,0.0112793965154515,1000.0,0.0
phoenix,29092,2023-08-23,near_-0.02,0.0085095386207103,0.1085095386207103,BLOCK_RANGE_ONLY,1.0,quadratic_minus_linear,emitted_flux,W/m2,ESTIMABLE,-0.1436028815024048,-0.1887428148961697,-0.0961599839705033,0.0228824727774868,0.0925828309256664,1000.0,0.0
phoenix,29092,2023-08-23,near_-0.02,0.0085095386207103,0.1085095386207103,BLOCK_RANGE_ONLY,1.0,quadratic_minus_linear,temperature_equivalent,K,ESTIMABLE,-0.0216745863870073,-0.0284849741821332,-0.014513858489434,0.0034531280079463,0.0139711156926992,1000.0,0.0
phoenix,29092,2023-08-23,near_-0.02,0.0085095386207103,0.1085095386207103,BLOCK_RANGE_ONLY,1.0,quadratic_minus_linear,temperature_minus_equivalent,K,ESTIMABLE,0.0092093090539413,0.0065412735406066,0.0116600107952544,0.0013597653092017,0.0051187372546477,1000.0,0.0
phoenix,29092,2023-08-23,near_-0.02,0.0085095386207103,0.1085095386207103,BLOCK_RANGE_ONLY,8.0,linear,temperature,K,ESTIMABLE,1.035992758182818,0.9509872601555128,1.1202197826859548,0.0432794419231962,0.169232522530442,1000.0,0.0
phoenix,29092,2023-08-23,near_-0.02,0.0085095386207103,0.1085095386207103,BLOCK_RANGE_ONLY,8.0,linear,emitted_flux,W/m2,ESTIMABLE,8.088874155552844,7.38008550970223,8.74111099962011,0.3507028525476175,1.3610254899178802,1000.0,0.0
phoenix,29092,2023-08-23,near_-0.02,0.0085095386207103,0.1085095386207103,BLOCK_RANGE_ONLY,8.0,linear,temperature_equivalent,K,ESTIMABLE,1.213946468449592,1.1070096438028174,1.3124479291745133,0.0529374233744606,0.2054382853716958,1000.0,0.0
phoenix,29092,2023-08-23,near_-0.02,0.0085095386207103,0.1085095386207103,BLOCK_RANGE_ONLY,8.0,linear,temperature_minus_equivalent,K,ESTIMABLE,-0.1779537102667738,-0.2125713611766634,-0.1391697247042121,0.0184702549052218,0.0734016364724513,1000.0,0.0
phoenix,29092,2023-08-23,near_-0.02,0.0085095386207103,0.1085095386207103,BLOCK_RANGE_ONLY,8.0,quadratic,temperature,K,ESTIMABLE,1.023527480849752,0.93723847767229,1.1098421159449106,0.0439515707128376,0.1726036382726204,1000.0,0.0
phoenix,29092,2023-08-23,near_-0.02,0.0085095386207103,0.1085095386207103,BLOCK_RANGE_ONLY,8.0,quadratic,emitted_flux,W/m2,ESTIMABLE,7.945271274050439,7.220558121549491,8.638663857008904,0.3624296221308466,1.418105735459413,1000.0,0.0
phoenix,29092,2023-08-23,near_-0.02,0.0085095386207103,0.1085095386207103,BLOCK_RANGE_ONLY,8.0,quadratic,temperature_equivalent,K,ESTIMABLE,1.1922718820625846,1.082956395770276,1.2969701114278325,0.0546964704308528,0.2140137156575563,1000.0,0.0
phoenix,29092,2023-08-23,near_-0.02,0.0085095386207103,0.1085095386207103,BLOCK_RANGE_ONLY,8.0,quadratic,temperature_minus_equivalent,K,ESTIMABLE,-0.1687444012128325,-0.205897153080154,-0.1298392931340765,0.01951239238138,0.0760578599460774,1000.0,0.0
phoenix,29092,2023-08-23,near_-0.02,0.0085095386207103,0.1085095386207103,BLOCK_RANGE_ONLY,8.0,quadratic_minus_linear,temperature,K,ESTIMABLE,-0.012465277333066,-0.0211378715340791,-0.0032543205866157,0.0045217765282617,0.0178835509474634,1000.0,0.0
phoenix,29092,2023-08-23,near_-0.02,0.0085095386207103,0.1085095386207103,BLOCK_RANGE_ONLY,8.0,quadratic_minus_linear,emitted_flux,W/m2,ESTIMABLE,-0.1436028815024048,-0.2206319904450793,-0.0626403774573695,0.0419136730561287,0.1579916129877098,1000.0,0.0
phoenix,29092,2023-08-23,near_-0.02,0.0085095386207103,0.1085095386207103,BLOCK_RANGE_ONLY,8.0,quadratic_minus_linear,temperature_equivalent,K,ESTIMABLE,-0.0216745863870073,-0.0332890309723026,-0.0094508215817896,0.0063227777272747,0.023838209390513,1000.0,0.0
phoenix,29092,2023-08-23,near_-0.02,0.0085095386207103,0.1085095386207103,BLOCK_RANGE_ONLY,8.0,quadratic_minus_linear,temperature_minus_equivalent,K,ESTIMABLE,0.0092093090539413,0.004023434686033,0.0147777011474327,0.0028179660503465,0.0107542664613996,1000.0,0.0
phoenix,29092,2023-08-23,near_-0.01,0.0185095386207103,0.1185095386207103,BLOCK_RANGE_ONLY,1.0,linear,temperature,K,ESTIMABLE,1.035992758182818,0.9829870109909368,1.0914299493830577,0.027270307079141,0.1084429383921208,1000.0,0.0
phoenix,29092,2023-08-23,near_-0.01,0.0185095386207103,0.1185095386207103,BLOCK_RANGE_ONLY,1.0,linear,emitted_flux,W/m2,ESTIMABLE,8.088874155552844,7.699950102869215,8.520817624228128,0.2077852404990203,0.8208675213589132,1000.0,0.0
phoenix,29092,2023-08-23,near_-0.01,0.0185095386207103,0.1185095386207103,BLOCK_RANGE_ONLY,1.0,linear,temperature_equivalent,K,ESTIMABLE,1.213946468449592,1.1552549206055402,1.2791686185449536,0.0313652274608041,0.1239136979394133,1000.0,0.0
phoenix,29092,2023-08-23,near_-0.01,0.0185095386207103,0.1185095386207103,BLOCK_RANGE_ONLY,1.0,linear,temperature_minus_equivalent,K,ESTIMABLE,-0.1779537102667738,-0.2003304953461641,-0.1553024189922403,0.011644282365542,0.0450280763539238,1000.0,0.0
phoenix,29092,2023-08-23,near_-0.01,0.0185095386207103,0.1185095386207103,BLOCK_RANGE_ONLY,1.0,quadratic,temperature,K,ESTIMABLE,1.0590359772559497,1.006349788495383,1.1131995100503946,0.0273916963099164,0.1068497215550117,1000.0,0.0
phoenix,29092,2023-08-23,near_-0.01,0.0185095386207103,0.1185095386207103,BLOCK_RANGE_ONLY,1.0,quadratic,emitted_flux,W/m2,ESTIMABLE,8.354337375469754,7.962994339258461,8.776976010267829,0.2069859080896803,0.8139816710093672,1000.0,0.0
phoenix,29092,2023-08-23,near_-0.01,0.0185095386207103,0.1185095386207103,BLOCK_RANGE_ONLY,1.0,quadratic,temperature_equivalent,K,ESTIMABLE,1.254025786230045,1.194946655777325,1.317866993064395,0.0312564437795408,0.1229203372870699,1000.0,0.0
phoenix,29092,2023-08-23,near_-0.01,0.0185095386207103,0.1185095386207103,BLOCK_RANGE_ONLY,1.0,quadratic,temperature_minus_equivalent,K,ESTIMABLE,-0.1949898089740953,-0.2160735478349849,-0.1730680272257023,0.0114941027394117,0.0430055206092825,1000.0,0.0
phoenix,29092,2023-08-23,near_-0.01,0.0185095386207103,0.1185095386207103,BLOCK_RANGE_ONLY,1.0,quadratic_minus_linear,temperature,K,ESTIMABLE,0.0230432190731315,0.0123734696353254,0.0343921900430541,0.005548208091758,0.0220187204077286,1000.0,0.0
phoenix,29092,2023-08-23,near_-0.01,0.0185095386207103,0.1185095386207103,BLOCK_RANGE_ONLY,1.0,quadratic_minus_linear,emitted_flux,W/m2,ESTIMABLE,0.26546321991691,0.1787172375600221,0.3672367684163588,0.0464354654120409,0.1885195308563366,1000.0,0.0
phoenix,29092,2023-08-23,near_-0.01,0.0185095386207103,0.1185095386207103,BLOCK_RANGE_ONLY,1.0,quadratic_minus_linear,temperature_equivalent,K,ESTIMABLE,0.040079317780453,0.0269801959827091,0.0554551612639002,0.0070104623202753,0.028474965281191,1000.0,0.0
phoenix,29092,2023-08-23,near_-0.01,0.0185095386207103,0.1185095386207103,BLOCK_RANGE_ONLY,1.0,quadratic_minus_linear,temperature_minus_equivalent,K,ESTIMABLE,-0.0170360987073214,-0.0228443210737358,-0.0115076467158609,0.002874351524665,0.0113366743578749,1000.0,0.0
phoenix,29092,2023-08-23,near_-0.01,0.0185095386207103,0.1185095386207103,BLOCK_RANGE_ONLY,8.0,linear,temperature,K,ESTIMABLE,1.035992758182818,0.9509872601555128,1.1202197826859548,0.0432794419231962,0.169232522530442,1000.0,0.0
phoenix,29092,2023-08-23,near_-0.01,0.0185095386207103,0.1185095386207103,BLOCK_RANGE_ONLY,8.0,linear,emitted_flux,W/m2,ESTIMABLE,8.088874155552844,7.38008550970223,8.74111099962011,0.3507028525476175,1.3610254899178802,1000.0,0.0
phoenix,29092,2023-08-23,near_-0.01,0.0185095386207103,0.1185095386207103,BLOCK_RANGE_ONLY,8.0,linear,temperature_equivalent,K,ESTIMABLE,1.213946468449592,1.1070096438028174,1.3124479291745133,0.0529374233744606,0.2054382853716958,1000.0,0.0
phoenix,29092,2023-08-23,near_-0.01,0.0185095386207103,0.1185095386207103,BLOCK_RANGE_ONLY,8.0,linear,temperature_minus_equivalent,K,ESTIMABLE,-0.1779537102667738,-0.2125713611766634,-0.1391697247042121,0.0184702549052218,0.0734016364724513,1000.0,0.0
phoenix,29092,2023-08-23,near_-0.01,0.0185095386207103,0.1185095386207103,BLOCK_RANGE_ONLY,8.0,quadratic,temperature,K,ESTIMABLE,1.0590359772559497,0.9660197998274404,1.1549008000895309,0.0476600282387574,0.1888810002620903,1000.0,0.0
phoenix,29092,2023-08-23,near_-0.01,0.0185095386207103,0.1185095386207103,BLOCK_RANGE_ONLY,8.0,quadratic,emitted_flux,W/m2,ESTIMABLE,8.354337375469754,7.58487222670785,9.122187106943588,0.3882982281796794,1.5373148802357388,1000.0,0.0
phoenix,29092,2023-08-23,near_-0.01,0.0185095386207103,0.1185095386207103,BLOCK_RANGE_ONLY,8.0,quadratic,temperature_equivalent,K,ESTIMABLE,1.254025786230045,1.137895124288653,1.3700414275249555,0.0586368749986643,0.2321463032363027,1000.0,0.0
phoenix,29092,2023-08-23,near_-0.01,0.0185095386207103,0.1185095386207103,BLOCK_RANGE_ONLY,8.0,quadratic,temperature_minus_equivalent,K,ESTIMABLE,-0.1949898089740953,-0.2317039706849457,-0.1573506050002314,0.0187094553812732,0.0743533656847142,1000.0,0.0
phoenix,29092,2023-08-23,near_-0.01,0.0185095386207103,0.1185095386207103,BLOCK_RANGE_ONLY,8.0,quadratic_minus_linear,temperature,K,ESTIMABLE,0.0230432190731315,0.0056211405208384,0.0498486005834322,0.0114366663854001,0.0442274600625938,1000.0,0.0
phoenix,29092,2023-08-23,near_-0.01,0.0185095386207103,0.1185095386207103,BLOCK_RANGE_ONLY,8.0,quadratic_minus_linear,emitted_flux,W/m2,ESTIMABLE,0.26546321991691,0.1001569720291166,0.5052073680371496,0.1034695183552312,0.4050503960080329,1000.0,0.0
phoenix,29092,2023-08-23,near_-0.01,0.0185095386207103,0.1185095386207103,BLOCK_RANGE_ONLY,8.0,quadratic_minus_linear,temperature_equivalent,K,ESTIMABLE,0.040079317780453,0.0151109518046055,0.0763044411372391,0.0156310278507621,0.0611934893326335,1000.0,0.0
phoenix,29092,2023-08-23,near_-0.01,0.0185095386207103,0.1185095386207103,BLOCK_RANGE_ONLY,8.0,quadratic_minus_linear,temperature_minus_equivalent,K,ESTIMABLE,-0.0170360987073214,-0.029415411386484,-0.0081629184435592,0.0055358504353065,0.0212524929429247,1000.0,0.0
phoenix,29092,2023-08-23,historical,0.0285095386207103,0.1285095386207103,BLOCK_RANGE_ONLY,1.0,linear,temperature,K,ESTIMABLE,1.035992758182818,0.9829870109909368,1.0914299493830577,0.027270307079141,0.1084429383921208,1000.0,0.0
phoenix,29092,2023-08-23,historical,0.0285095386207103,0.1285095386207103,BLOCK_RANGE_ONLY,1.0,linear,emitted_flux,W/m2,ESTIMABLE,8.088874155552844,7.699950102869215,8.520817624228128,0.2077852404990203,0.8208675213589132,1000.0,0.0
phoenix,29092,2023-08-23,historical,0.0285095386207103,0.1285095386207103,BLOCK_RANGE_ONLY,1.0,linear,temperature_equivalent,K,ESTIMABLE,1.213946468449592,1.1552549206055402,1.2791686185449536,0.0313652274608041,0.1239136979394133,1000.0,0.0
phoenix,29092,2023-08-23,historical,0.0285095386207103,0.1285095386207103,BLOCK_RANGE_ONLY,1.0,linear,temperature_minus_equivalent,K,ESTIMABLE,-0.1779537102667738,-0.2003304953461641,-0.1553024189922403,0.011644282365542,0.0450280763539238,1000.0,0.0
phoenix,29092,2023-08-23,historical,0.0285095386207103,0.1285095386207103,BLOCK_RANGE_ONLY,1.0,quadratic,temperature,K,ESTIMABLE,1.0945444736621472,1.0355223687232595,1.1541886936294763,0.029588799764767,0.1186663249062167,1000.0,0.0
phoenix,29092,2023-08-23,historical,0.0285095386207103,0.1285095386207103,BLOCK_RANGE_ONLY,1.0,quadratic,emitted_flux,W/m2,ESTIMABLE,8.763403476889069,8.322500569005634,9.213460111566686,0.2225328554580725,0.8909595425610526,1000.0,0.0
phoenix,29092,2023-08-23,historical,0.0285095386207103,0.1285095386207103,BLOCK_RANGE_ONLY,1.0,quadratic,temperature_equivalent,K,ESTIMABLE,1.3158162029006917,1.249218293555015,1.3838405822063335,0.0336237843168028,0.1346222886513188,1000.0,0.0
phoenix,29092,2023-08-23,historical,0.0285095386207103,0.1285095386207103,BLOCK_RANGE_ONLY,1.0,quadratic,temperature_minus_equivalent,K,ESTIMABLE,-0.2212717292385444,-0.2436129766441969,-0.1968185141497462,0.0122770707914715,0.0467944624944507,1000.0,0.0
phoenix,29092,2023-08-23,historical,0.0285095386207103,0.1285095386207103,BLOCK_RANGE_ONLY,1.0,quadratic_minus_linear,temperature,K,ESTIMABLE,0.0585517154793291,0.03159782353575,0.0853053962474477,0.0135101265490618,0.0537075727116977,1000.0,0.0
phoenix,29092,2023-08-23,historical,0.0285095386207103,0.1285095386207103,BLOCK_RANGE_ONLY,1.0,quadratic_minus_linear,emitted_flux,W/m2,ESTIMABLE,0.6745293213362249,0.4607425789899467,0.8995440515439227,0.108114694095025,0.438801472553976,1000.0,0.0
phoenix,29092,2023-08-23,historical,0.0285095386207103,0.1285095386207103,BLOCK_RANGE_ONLY,1.0,quadratic_minus_linear,temperature_equivalent,K,ESTIMABLE,0.1018697344510997,0.0695670311347853,0.135872936961455,0.0163319300669333,0.0663059058266696,1000.0,0.0
phoenix,29092,2023-08-23,historical,0.0285095386207103,0.1285095386207103,BLOCK_RANGE_ONLY,1.0,quadratic_minus_linear,temperature_minus_equivalent,K,ESTIMABLE,-0.0433180189717705,-0.0563954096783489,-0.0302488176359551,0.0066061878380204,0.0261465920423938,1000.0,0.0
phoenix,29092,2023-08-23,historical,0.0285095386207103,0.1285095386207103,BLOCK_RANGE_ONLY,8.0,linear,temperature,K,ESTIMABLE,1.035992758182818,0.9509872601555128,1.1202197826859548,0.0432794419231962,0.169232522530442,1000.0,0.0
phoenix,29092,2023-08-23,historical,0.0285095386207103,0.1285095386207103,BLOCK_RANGE_ONLY,8.0,linear,emitted_flux,W/m2,ESTIMABLE,8.088874155552844,7.38008550970223,8.74111099962011,0.3507028525476175,1.3610254899178802,1000.0,0.0
phoenix,29092,2023-08-23,historical,0.0285095386207103,0.1285095386207103,BLOCK_RANGE_ONLY,8.0,linear,temperature_equivalent,K,ESTIMABLE,1.213946468449592,1.1070096438028174,1.3124479291745133,0.0529374233744606,0.2054382853716958,1000.0,0.0
phoenix,29092,2023-08-23,historical,0.0285095386207103,0.1285095386207103,BLOCK_RANGE_ONLY,8.0,linear,temperature_minus_equivalent,K,ESTIMABLE,-0.1779537102667738,-0.2125713611766634,-0.1391697247042121,0.0184702549052218,0.0734016364724513,1000.0,0.0
phoenix,29092,2023-08-23,historical,0.0285095386207103,0.1285095386207103,BLOCK_RANGE_ONLY,8.0,quadratic,temperature,K,ESTIMABLE,1.0945444736621472,0.9919318863825968,1.2050432831518425,0.0546320294263581,0.2131113967692458,1000.0,0.0
phoenix,29092,2023-08-23,historical,0.0285095386207103,0.1285095386207103,BLOCK_RANGE_ONLY,8.0,quadratic,emitted_flux,W/m2,ESTIMABLE,8.763403476889069,7.886587512121472,9.661419414391432,0.4419009367346442,1.77483190226996,1000.0,0.0
phoenix,29092,2023-08-23,historical,0.0285095386207103,0.1285095386207103,BLOCK_RANGE_ONLY,8.0,quadratic,temperature_equivalent,K,ESTIMABLE,1.3158162029006917,1.183415788718135,1.4515919730065447,0.0667728610441852,0.2681761842884098,1000.0,0.0
phoenix,29092,2023-08-23,historical,0.0285095386207103,0.1285095386207103,BLOCK_RANGE_ONLY,8.0,quadratic,temperature_minus_equivalent,K,ESTIMABLE,-0.2212717292385444,-0.2601064257847091,-0.1833962588042262,0.0197001092290025,0.0767101669804828,1000.0,0.0
phoenix,29092,2023-08-23,historical,0.0285095386207103,0.1285095386207103,BLOCK_RANGE_ONLY,8.0,quadratic_minus_linear,temperature,K,ESTIMABLE,0.0585517154793291,0.0168013659139311,0.1112174387779813,0.0247909426400057,0.0944160728640502,1000.0,0.0
phoenix,29092,2023-08-23,historical,0.0285095386207103,0.1285095386207103,BLOCK_RANGE_ONLY,8.0,quadratic_minus_linear,emitted_flux,W/m2,ESTIMABLE,0.6745293213362249,0.3037922403252504,1.1385847962634166,0.2115083150568281,0.8347925559381661,1000.0,0.0
phoenix,29092,2023-08-23,historical,0.0285095386207103,0.1285095386207103,BLOCK_RANGE_ONLY,8.0,quadratic_minus_linear,temperature_equivalent,K,ESTIMABLE,0.1018697344510997,0.0458713983825632,0.1721858632345089,0.0319708441936041,0.1263144648519457,1000.0,0.0
phoenix,29092,2023-08-23,historical,0.0285095386207103,0.1285095386207103,BLOCK_RANGE_ONLY,8.0,quadratic_minus_linear,temperature_minus_equivalent,K,ESTIMABLE,-0.0433180189717705,-0.0662780761814695,-0.0239580777793926,0.011047909494494,0.0423199984020769,1000.0,0.0
phoenix,29092,2023-08-23,near_+0.01,0.0385095386207103,0.1385095386207104,BLOCK_RANGE_ONLY,1.0,linear,temperature,K,ESTIMABLE,1.035992758182818,0.9829870109909368,1.0914299493830577,0.027270307079141,0.1084429383921208,1000.0,0.0
phoenix,29092,2023-08-23,near_+0.01,0.0385095386207103,0.1385095386207104,BLOCK_RANGE_ONLY,1.0,linear,emitted_flux,W/m2,ESTIMABLE,8.088874155552844,7.699950102869215,8.520817624228128,0.2077852404990203,0.8208675213589132,1000.0,0.0
phoenix,29092,2023-08-23,near_+0.01,0.0385095386207103,0.1385095386207104,BLOCK_RANGE_ONLY,1.0,linear,temperature_equivalent,K,ESTIMABLE,1.213946468449592,1.1552549206055402,1.2791686185449536,0.0313652274608041,0.1239136979394133,1000.0,0.0
phoenix,29092,2023-08-23,near_+0.01,0.0385095386207103,0.1385095386207104,BLOCK_RANGE_ONLY,1.0,linear,temperature_minus_equivalent,K,ESTIMABLE,-0.1779537102667738,-0.2003304953461641,-0.1553024189922403,0.011644282365542,0.0450280763539238,1000.0,0.0
phoenix,29092,2023-08-23,near_+0.01,0.0385095386207103,0.1385095386207104,BLOCK_RANGE_ONLY,1.0,quadratic,temperature,K,ESTIMABLE,1.1300529700683448,1.0629518454292464,1.200846480040261,0.0336162111085424,0.1378946346110146,1000.0,0.0
phoenix,29092,2023-08-23,near_+0.01,0.0385095386207103,0.1385095386207104,BLOCK_RANGE_ONLY,1.0,quadratic,emitted_flux,W/m2,ESTIMABLE,9.172469578308384,8.687898823053743,9.687570705087383,0.2531767507346296,0.999671882033642,1000.0,0.0
phoenix,29092,2023-08-23,near_+0.01,0.0385095386207103,0.1385095386207104,BLOCK_RANGE_ONLY,1.0,quadratic,temperature_equivalent,K,ESTIMABLE,1.3776431824871338,1.304408294378939,1.455548570495496,0.0382763164612763,0.151140276116557,1000.0,0.0
phoenix,29092,2023-08-23,near_+0.01,0.0385095386207103,0.1385095386207104,BLOCK_RANGE_ONLY,1.0,quadratic,temperature_minus_equivalent,K,ESTIMABLE,-0.2475902124187889,-0.2728293279323537,-0.2191709429674223,0.0140866024314297,0.0536583849649313,1000.0,0.0
phoenix,29092,2023-08-23,near_+0.01,0.0385095386207103,0.1385095386207104,BLOCK_RANGE_ONLY,1.0,quadratic_minus_linear,temperature,K,ESTIMABLE,0.0940602118855267,0.0506933792943275,0.1366411162901329,0.0215319520411808,0.0859477369958054,1000.0,0.0
phoenix,29092,2023-08-23,near_+0.01,0.0385095386207103,0.1385095386207104,BLOCK_RANGE_ONLY,1.0,quadratic_minus_linear,emitted_flux,W/m2,ESTIMABLE,1.0835954227555398,0.743191938912654,1.4299377289466677,0.1706493816399473,0.6867457900340137,1000.0,0.0
phoenix,29092,2023-08-23,near_+0.01,0.0385095386207103,0.1385095386207104,BLOCK_RANGE_ONLY,1.0,quadratic_minus_linear,temperature_equivalent,K,ESTIMABLE,0.1636967140375418,0.1122476323686996,0.2160292654105774,0.0257937529159585,0.1037816330418777,1000.0,0.0
phoenix,29092,2023-08-23,near_+0.01,0.0385095386207103,0.1385095386207104,BLOCK_RANGE_ONLY,1.0,quadratic_minus_linear,temperature_minus_equivalent,K,ESTIMABLE,-0.0696365021520151,-0.0897013445939256,-0.0489560174951266,0.0103985403759289,0.0407453270987989,1000.0,0.0
phoenix,29092,2023-08-23,near_+0.01,0.0385095386207103,0.1385095386207104,BLOCK_RANGE_ONLY,8.0,linear,temperature,K,ESTIMABLE,1.035992758182818,0.9509872601555128,1.1202197826859548,0.0432794419231962,0.169232522530442,1000.0,0.0
phoenix,29092,2023-08-23,near_+0.01,0.0385095386207103,0.1385095386207104,BLOCK_RANGE_ONLY,8.0,linear,emitted_flux,W/m2,ESTIMABLE,8.088874155552844,7.38008550970223,8.74111099962011,0.3507028525476175,1.3610254899178802,1000.0,0.0
phoenix,29092,2023-08-23,near_+0.01,0.0385095386207103,0.1385095386207104,BLOCK_RANGE_ONLY,8.0,linear,temperature_equivalent,K,ESTIMABLE,1.213946468449592,1.1070096438028174,1.3124479291745133,0.0529374233744606,0.2054382853716958,1000.0,0.0
phoenix,29092,2023-08-23,near_+0.01,0.0385095386207103,0.1385095386207104,BLOCK_RANGE_ONLY,8.0,linear,temperature_minus_equivalent,K,ESTIMABLE,-0.1779537102667738,-0.2125713611766634,-0.1391697247042121,0.0184702549052218,0.0734016364724513,1000.0,0.0
phoenix,29092,2023-08-23,near_+0.01,0.0385095386207103,0.1385095386207104,BLOCK_RANGE_ONLY,8.0,quadratic,temperature,K,ESTIMABLE,1.1300529700683448,1.0130276413481183,1.259014763816471,0.0638065953542067,0.2459871224683527,1000.0,0.0
phoenix,29092,2023-08-23,near_+0.01,0.0385095386207103,0.1385095386207104,BLOCK_RANGE_ONLY,8.0,quadratic,emitted_flux,W/m2,ESTIMABLE,9.172469578308384,8.189393512466392,10.257032848220422,0.5146435685368477,2.0676393357540306,1000.0,0.0
phoenix,29092,2023-08-23,near_+0.01,0.0385095386207103,0.1385095386207104,BLOCK_RANGE_ONLY,8.0,quadratic,temperature_equivalent,K,ESTIMABLE,1.3776431824871338,1.2291209521708055,1.5417433663881652,0.0778124699438123,0.3126224142173597,1000.0,0.0
phoenix,29092,2023-08-23,near_+0.01,0.0385095386207103,0.1385095386207104,BLOCK_RANGE_ONLY,8.0,quadratic,temperature_minus_equivalent,K,ESTIMABLE,-0.2475902124187889,-0.293085368475126,-0.207799782155463,0.0222569755037468,0.0852855863196629,1000.0,0.0
phoenix,29092,2023-08-23,near_+0.01,0.0385095386207103,0.1385095386207104,BLOCK_RANGE_ONLY,8.0,quadratic_minus_linear,temperature,K,ESTIMABLE,0.0940602118855267,0.027269252903699,0.1739947652998007,0.0383643970352575,0.1467255123961017,1000.0,0.0
phoenix,29092,2023-08-23,near_+0.01,0.0385095386207103,0.1385095386207104,BLOCK_RANGE_ONLY,8.0,quadratic_minus_linear,emitted_flux,W/m2,ESTIMABLE,1.0835954227555398,0.5073795490226648,1.7686959890072824,0.3222518181757875,1.2613164399846175,1000.0,0.0
phoenix,29092,2023-08-23,near_+0.01,0.0385095386207103,0.1385095386207104,BLOCK_RANGE_ONLY,8.0,quadratic_minus_linear,temperature_equivalent,K,ESTIMABLE,0.1636967140375418,0.0766261180994362,0.2672225029925769,0.0487388489090255,0.1905963848931406,1000.0,0.0
phoenix,29092,2023-08-23,near_+0.01,0.0385095386207103,0.1385095386207104,BLOCK_RANGE_ONLY,8.0,quadratic_minus_linear,temperature_minus_equivalent,K,ESTIMABLE,-0.0696365021520151,-0.1031723540061151,-0.0386268889730251,0.0168125134256158,0.06454546503309,1000.0,0.0
phoenix,29092,2023-08-23,near_+0.02,0.0485095386207103,0.1485095386207103,BLOCK_RANGE_ONLY,1.0,linear,temperature,K,ESTIMABLE,1.035992758182818,0.9829870109909364,1.0914299493830577,0.027270307079141,0.1084429383921209,1000.0,0.0
phoenix,29092,2023-08-23,near_+0.02,0.0485095386207103,0.1485095386207103,BLOCK_RANGE_ONLY,1.0,linear,emitted_flux,W/m2,ESTIMABLE,8.088874155552844,7.699950102869214,8.520817624228128,0.2077852404990203,0.820867521358914,1000.0,0.0
phoenix,29092,2023-08-23,near_+0.02,0.0485095386207103,0.1485095386207103,BLOCK_RANGE_ONLY,1.0,linear,temperature_equivalent,K,ESTIMABLE,1.213946468449592,1.1552549206055402,1.2791686185449536,0.0313652274608041,0.1239136979394133,1000.0,0.0
phoenix,29092,2023-08-23,near_+0.02,0.0485095386207103,0.1485095386207103,BLOCK_RANGE_ONLY,1.0,linear,temperature_minus_equivalent,K,ESTIMABLE,-0.1779537102667738,-0.2003304953461643,-0.1553024189922403,0.0116442823655419,0.045028076353924,1000.0,0.0
phoenix,29092,2023-08-23,near_+0.02,0.0485095386207103,0.1485095386207103,BLOCK_RANGE_ONLY,1.0,quadratic,temperature,K,ESTIMABLE,1.165561466474542,1.0876378135551092,1.2429135121983832,0.0389096743761565,0.1552756986432739,1000.0,0.0
phoenix,29092,2023-08-23,near_+0.02,0.0485095386207103,0.1485095386207103,BLOCK_RANGE_ONLY,1.0,quadratic,emitted_flux,W/m2,ESTIMABLE,9.581535679727695,9.001718133517866,10.168660349503954,0.2942379176965022,1.1669422159860885,1000.0,0.0
phoenix,29092,2023-08-23,near_+0.02,0.0485095386207103,0.1485095386207103,BLOCK_RANGE_ONLY,1.0,quadratic,temperature_equivalent,K,ESTIMABLE,1.4395067755112336,1.351831056392919,1.5283624840587435,0.0445101986996958,0.1765314276658245,1000.0,0.0
phoenix,29092,2023-08-23,near_+0.02,0.0485095386207103,0.1485095386207103,BLOCK_RANGE_ONLY,1.0,quadratic,temperature_minus_equivalent,K,ESTIMABLE,-0.2739453090366917,-0.3041381549121673,-0.240425110524767,0.0165944101269087,0.0637130443874002,1000.0,0.0
phoenix,29092,2023-08-23,near_+0.02,0.0485095386207103,0.1485095386207103,BLOCK_RANGE_ONLY,1.0,quadratic_minus_linear,temperature,K,ESTIMABLE,0.1295687082917238,0.0698534733181791,0.1874386594706577,0.0295649612045336,0.1175851861524785,1000.0,0.0
phoenix,29092,2023-08-23,near_+0.02,0.0485095386207103,0.1485095386207103,BLOCK_RANGE_ONLY,1.0,quadratic_minus_linear,emitted_flux,W/m2,ESTIMABLE,1.4926615241748529,1.0249946830663446,1.9599091831114228,0.2333527920821591,0.9349145000450784,1000.0,0.0
phoenix,29092,2023-08-23,near_+0.02,0.0485095386207103,0.1485095386207103,BLOCK_RANGE_ONLY,1.0,quadratic_minus_linear,temperature_equivalent,K,ESTIMABLE,0.2255603070616416,0.154780017933318,0.2962088312757771,0.0352922642313048,0.1414288133424591,1000.0,0.0
phoenix,29092,2023-08-23,near_+0.02,0.0485095386207103,0.1485095386207103,BLOCK_RANGE_ONLY,1.0,quadratic_minus_linear,temperature_minus_equivalent,K,ESTIMABLE,-0.0959915987699178,-0.123325124503406,-0.0675282505443318,0.0142080275124762,0.0557968739590742,1000.0,0.0
phoenix,29092,2023-08-23,near_+0.02,0.0485095386207103,0.1485095386207103,BLOCK_RANGE_ONLY,8.0,linear,temperature,K,ESTIMABLE,1.035992758182818,0.9509872601555124,1.1202197826859548,0.0432794419231962,0.1692325225304423,1000.0,0.0
phoenix,29092,2023-08-23,near_+0.02,0.0485095386207103,0.1485095386207103,BLOCK_RANGE_ONLY,8.0,linear,emitted_flux,W/m2,ESTIMABLE,8.088874155552844,7.380085509702229,8.741110999620108,0.3507028525476175,1.3610254899178793,1000.0,0.0
phoenix,29092,2023-08-23,near_+0.02,0.0485095386207103,0.1485095386207103,BLOCK_RANGE_ONLY,8.0,linear,temperature_equivalent,K,ESTIMABLE,1.213946468449592,1.1070096438028174,1.3124479291745133,0.0529374233744606,0.2054382853716958,1000.0,0.0
phoenix,29092,2023-08-23,near_+0.02,0.0485095386207103,0.1485095386207103,BLOCK_RANGE_ONLY,8.0,linear,temperature_minus_equivalent,K,ESTIMABLE,-0.1779537102667738,-0.2125713611766636,-0.1391697247042121,0.0184702549052218,0.0734016364724515,1000.0,0.0
phoenix,29092,2023-08-23,near_+0.02,0.0485095386207103,0.1485095386207103,BLOCK_RANGE_ONLY,8.0,quadratic,temperature,K,ESTIMABLE,1.165561466474542,1.029728183732992,1.317393269204474,0.074373027409661,0.2876650854714817,1000.0,0.0
phoenix,29092,2023-08-23,near_+0.02,0.0485095386207103,0.1485095386207103,BLOCK_RANGE_ONLY,8.0,quadratic,emitted_flux,W/m2,ESTIMABLE,9.581535679727695,8.458489910656185,10.836254240583845,0.5996000402398528,2.3777643299276594,1000.0,0.0
phoenix,29092,2023-08-23,near_+0.02,0.0485095386207103,0.1485095386207103,BLOCK_RANGE_ONLY,8.0,quadratic,temperature_equivalent,K,ESTIMABLE,1.4395067755112336,1.2697548100862677,1.6294883971646228,0.0907131166511564,0.3597335870783551,1000.0,0.0
phoenix,29092,2023-08-23,near_+0.02,0.0485095386207103,0.1485095386207103,BLOCK_RANGE_ONLY,8.0,quadratic,temperature_minus_equivalent,K,ESTIMABLE,-0.2739453090366917,-0.3263061567450294,-0.2275001489063032,0.0259301276672024,0.0988060078387261,1000.0,0.0
phoenix,29092,2023-08-23,near_+0.02,0.0485095386207103,0.1485095386207103,BLOCK_RANGE_ONLY,8.0,quadratic_minus_linear,temperature,K,ESTIMABLE,0.1295687082917238,0.0381686974025527,0.2364081864714815,0.0519856298096638,0.1982394890689287,1000.0,0.0
phoenix,29092,2023-08-23,near_+0.02,0.0485095386207103,0.1485095386207103,BLOCK_RANGE_ONLY,8.0,quadratic_minus_linear,emitted_flux,W/m2,ESTIMABLE,1.4926615241748529,0.7122308448526958,2.401269557804567,0.4336327272784313,1.6890387129518714,1000.0,0.0
phoenix,29092,2023-08-23,near_+0.02,0.0485095386207103,0.1485095386207103,BLOCK_RANGE_ONLY,8.0,quadratic_minus_linear,temperature_equivalent,K,ESTIMABLE,0.2255603070616416,0.1075312538937481,0.3631925589233077,0.0656234698585739,0.2556613050295595,1000.0,0.0
phoenix,29092,2023-08-23,near_+0.02,0.0485095386207103,0.1485095386207103,BLOCK_RANGE_ONLY,8.0,quadratic_minus_linear,temperature_minus_equivalent,K,ESTIMABLE,-0.0959915987699178,-0.1408484798710381,-0.0542143147752458,0.0226484064556274,0.0866341650957923,1000.0,0.0
phoenix,29092,2023-08-23,grid_00,0.0,0.1,BLOCK_RANGE_ONLY,1.0,linear,temperature,K,ESTIMABLE,1.035992758182818,0.9829870109909368,1.0914299493830577,0.027270307079141,0.1084429383921208,1000.0,0.0
phoenix,29092,2023-08-23,grid_00,0.0,0.1,BLOCK_RANGE_ONLY,1.0,linear,emitted_flux,W/m2,ESTIMABLE,8.088874155552844,7.699950102869215,8.520817624228128,0.2077852404990203,0.8208675213589132,1000.0,0.0
phoenix,29092,2023-08-23,grid_00,0.0,0.1,BLOCK_RANGE_ONLY,1.0,linear,temperature_equivalent,K,ESTIMABLE,1.213946468449592,1.1552549206055402,1.2791686185449536,0.0313652274608041,0.1239136979394133,1000.0,0.0
phoenix,29092,2023-08-23,grid_00,0.0,0.1,BLOCK_RANGE_ONLY,1.0,linear,temperature_minus_equivalent,K,ESTIMABLE,-0.1779537102667738,-0.2003304953461641,-0.1553024189922403,0.011644282365542,0.0450280763539238,1000.0,0.0
phoenix,29092,2023-08-23,grid_00,0.0,0.1,BLOCK_RANGE_ONLY,1.0,quadratic,temperature,K,ESTIMABLE,0.9933113886965628,0.9372368753474908,1.0533182961553544,0.0293240014890969,0.1160814208078637,1000.0,0.0
phoenix,29092,2023-08-23,grid_00,0.0,0.1,BLOCK_RANGE_ONLY,1.0,quadratic,emitted_flux,W/m2,ESTIMABLE,7.59717489520533,7.165109083920302,8.06192478051617,0.2265542700781102,0.8968156965958682,1000.0,0.0
phoenix,29092,2023-08-23,grid_00,0.0,0.1,BLOCK_RANGE_ONLY,1.0,quadratic,temperature_equivalent,K,ESTIMABLE,1.1397508761526185,1.074597186599655,1.209878543447536,0.0341742613890358,0.135281356847881,1000.0,0.0
phoenix,29092,2023-08-23,grid_00,0.0,0.1,BLOCK_RANGE_ONLY,1.0,quadratic,temperature_minus_equivalent,K,ESTIMABLE,-0.1464394874560554,-0.1715692274105467,-0.1209981029066192,0.0131890408824213,0.0505711245039275,1000.0,0.0
phoenix,29092,2023-08-23,grid_00,0.0,0.1,BLOCK_RANGE_ONLY,1.0,quadratic_minus_linear,temperature,K,ESTIMABLE,-0.0426813694862552,-0.0608906052756117,-0.0233553867674664,0.0095516455019021,0.0375352185081453,1000.0,0.0
phoenix,29092,2023-08-23,grid_00,0.0,0.1,BLOCK_RANGE_ONLY,1.0,quadratic_minus_linear,emitted_flux,W/m2,ESTIMABLE,-0.4916992603475139,-0.6284563291107734,-0.3387992303158185,0.0731831045371147,0.2896570987949549,1000.0,0.0
phoenix,29092,2023-08-23,grid_00,0.0,0.1,BLOCK_RANGE_ONLY,1.0,quadratic_minus_linear,temperature_equivalent,K,ESTIMABLE,-0.0741955922969737,-0.0948561123839127,-0.0511096723360822,0.0110370658315442,0.0437464400478305,1000.0,0.0
phoenix,29092,2023-08-23,grid_00,0.0,0.1,BLOCK_RANGE_ONLY,1.0,quadratic_minus_linear,temperature_minus_equivalent,K,ESTIMABLE,0.0315142228107184,0.0228587339066497,0.0394583511599222,0.0043702998066187,0.0165996172532725,1000.0,0.0
phoenix,29092,2023-08-23,grid_00,0.0,0.1,BLOCK_RANGE_ONLY,8.0,linear,temperature,K,ESTIMABLE,1.035992758182818,0.9509872601555128,1.1202197826859548,0.0432794419231962,0.169232522530442,1000.0,0.0
phoenix,29092,2023-08-23,grid_00,0.0,0.1,BLOCK_RANGE_ONLY,8.0,linear,emitted_flux,W/m2,ESTIMABLE,8.088874155552844,7.38008550970223,8.74111099962011,0.3507028525476175,1.3610254899178802,1000.0,0.0
phoenix,29092,2023-08-23,grid_00,0.0,0.1,BLOCK_RANGE_ONLY,8.0,linear,temperature_equivalent,K,ESTIMABLE,1.213946468449592,1.1070096438028174,1.3124479291745133,0.0529374233744606,0.2054382853716958,1000.0,0.0
phoenix,29092,2023-08-23,grid_00,0.0,0.1,BLOCK_RANGE_ONLY,8.0,linear,temperature_minus_equivalent,K,ESTIMABLE,-0.1779537102667738,-0.2125713611766634,-0.1391697247042121,0.0184702549052218,0.0734016364724513,1000.0,0.0
phoenix,29092,2023-08-23,grid_00,0.0,0.1,BLOCK_RANGE_ONLY,8.0,quadratic,temperature,K,ESTIMABLE,0.9933113886965628,0.9048465482569126,1.0772590916308546,0.0440084055643333,0.172412543373942,1000.0,0.0
phoenix,29092,2023-08-23,grid_00,0.0,0.1,BLOCK_RANGE_ONLY,8.0,quadratic,emitted_flux,W/m2,ESTIMABLE,7.59717489520533,6.872778364040189,8.270409952934072,0.366853415071294,1.3976315888938826,1000.0,0.0
phoenix,29092,2023-08-23,grid_00,0.0,0.1,BLOCK_RANGE_ONLY,8.0,quadratic,temperature_equivalent,K,ESTIMABLE,1.1397508761526185,1.030537970078163,1.2413528633412256,0.0553352199640603,0.2108148932630626,1000.0,0.0
phoenix,29092,2023-08-23,grid_00,0.0,0.1,BLOCK_RANGE_ONLY,8.0,quadratic,temperature_minus_equivalent,K,ESTIMABLE,-0.1464394874560554,-0.1870141574095202,-0.1022707618029808,0.0214621180944575,0.0847433956065394,1000.0,0.0
phoenix,29092,2023-08-23,grid_00,0.0,0.1,BLOCK_RANGE_ONLY,8.0,quadratic_minus_linear,temperature,K,ESTIMABLE,-0.0426813694862552,-0.0702372408802815,-0.0125757566465535,0.014854066104818,0.057661484233728,1000.0,0.0
phoenix,29092,2023-08-23,grid_00,0.0,0.1,BLOCK_RANGE_ONLY,8.0,quadratic_minus_linear,emitted_flux,W/m2,ESTIMABLE,-0.4916992603475139,-0.7121482111559457,-0.267571618239439,0.1178701583442225,0.4445765929165067,1000.0,0.0
phoenix,29092,2023-08-23,grid_00,0.0,0.1,BLOCK_RANGE_ONLY,8.0,quadratic_minus_linear,temperature_equivalent,K,ESTIMABLE,-0.0741955922969737,-0.1074393544688277,-0.0403767495972673,0.0177806188922504,0.0670626048715604,1000.0,0.0
phoenix,29092,2023-08-23,grid_00,0.0,0.1,BLOCK_RANGE_ONLY,8.0,quadratic_minus_linear,temperature_minus_equivalent,K,ESTIMABLE,0.0315142228107184,0.0186465466623177,0.0440575863893481,0.006508976344394,0.0254110397270304,1000.0,0.0
phoenix,29092,2023-08-23,grid_01,0.1,0.2,BLOCK_RANGE_ONLY,1.0,linear,temperature,K,ESTIMABLE,1.035992758182818,0.9829870109909368,1.0914299493830577,0.027270307079141,0.1084429383921208,1000.0,0.0
phoenix,29092,2023-08-23,grid_01,0.1,0.2,BLOCK_RANGE_ONLY,1.0,linear,emitted_flux,W/m2,ESTIMABLE,8.088874155552844,7.699950102869215,8.520817624228128,0.2077852404990203,0.8208675213589132,1000.0,0.0
phoenix,29092,2023-08-23,grid_01,0.1,0.2,BLOCK_RANGE_ONLY,1.0,linear,temperature_equivalent,K,ESTIMABLE,1.213946468449592,1.1552549206055402,1.2791686185449536,0.0313652274608041,0.1239136979394133,1000.0,0.0
phoenix,29092,2023-08-23,grid_01,0.1,0.2,BLOCK_RANGE_ONLY,1.0,linear,temperature_minus_equivalent,K,ESTIMABLE,-0.1779537102667738,-0.2003304953461641,-0.1553024189922403,0.011644282365542,0.0450280763539238,1000.0,0.0
phoenix,29092,2023-08-23,grid_01,0.1,0.2,BLOCK_RANGE_ONLY,1.0,quadratic,temperature,K,ESTIMABLE,1.348396352758538,1.1994129989701223,1.4905672616196268,0.0744220243903092,0.2911542626495043,1000.0,0.0
phoenix,29092,2023-08-23,grid_01,0.1,0.2,BLOCK_RANGE_ONLY,1.0,quadratic,emitted_flux,W/m2,ESTIMABLE,11.68783590939848,10.538015006861055,12.745625274938131,0.5721674733418926,2.207610268077076,1000.0,0.0
phoenix,29092,2023-08-23,grid_01,0.1,0.2,BLOCK_RANGE_ONLY,1.0,quadratic,temperature_equivalent,K,ESTIMABLE,1.7586268069064772,1.5842995523729229,1.9192585593526756,0.0868166828680537,0.3349590069797528,1000.0,0.0
phoenix,29092,2023-08-23,grid_01,0.1,0.2,BLOCK_RANGE_ONLY,1.0,quadratic,temperature_minus_equivalent,K,ESTIMABLE,-0.4102304541479393,-0.4730494966326392,-0.3437251874284351,0.0337616173341433,0.129324309204204,1000.0,0.0
phoenix,29092,2023-08-23,grid_01,0.1,0.2,BLOCK_RANGE_ONLY,1.0,quadratic_minus_linear,temperature,K,ESTIMABLE,0.3124035945757197,0.16830223858903,0.4494724961196091,0.0709609977268324,0.2811702575305791,1000.0,0.0
phoenix,29092,2023-08-23,grid_01,0.1,0.2,BLOCK_RANGE_ONLY,1.0,quadratic_minus_linear,emitted_flux,W/m2,ESTIMABLE,3.598961753845636,2.464636024108769,4.700987781436071,0.5567340812772756,2.236351757327302,1000.0,0.0
phoenix,29092,2023-08-23,grid_01,0.1,0.2,BLOCK_RANGE_ONLY,1.0,quadratic_minus_linear,temperature_equivalent,K,ESTIMABLE,0.5446803384568852,0.3727341995331571,0.7122621095215124,0.0844572460619873,0.3395279099883552,1000.0,0.0
phoenix,29092,2023-08-23,grid_01,0.1,0.2,BLOCK_RANGE_ONLY,1.0,quadratic_minus_linear,temperature_minus_equivalent,K,ESTIMABLE,-0.2322767438811654,-0.2972041284806551,-0.1640232841178876,0.0339566336041155,0.1331808443627674,1000.0,0.0
phoenix,29092,2023-08-23,grid_01,0.1,0.2,BLOCK_RANGE_ONLY,8.0,linear,temperature,K,ESTIMABLE,1.035992758182818,0.9509872601555128,1.1202197826859548,0.0432794419231962,0.169232522530442,1000.0,0.0
phoenix,29092,2023-08-23,grid_01,0.1,0.2,BLOCK_RANGE_ONLY,8.0,linear,emitted_flux,W/m2,ESTIMABLE,8.088874155552844,7.38008550970223,8.74111099962011,0.3507028525476175,1.3610254899178802,1000.0,0.0
phoenix,29092,2023-08-23,grid_01,0.1,0.2,BLOCK_RANGE_ONLY,8.0,linear,temperature_equivalent,K,ESTIMABLE,1.213946468449592,1.1070096438028174,1.3124479291745133,0.0529374233744606,0.2054382853716958,1000.0,0.0
phoenix,29092,2023-08-23,grid_01,0.1,0.2,BLOCK_RANGE_ONLY,8.0,linear,temperature_minus_equivalent,K,ESTIMABLE,-0.1779537102667738,-0.2125713611766634,-0.1391697247042121,0.0184702549052218,0.0734016364724513,1000.0,0.0
phoenix,29092,2023-08-23,grid_01,0.1,0.2,BLOCK_RANGE_ONLY,8.0,quadratic,temperature,K,ESTIMABLE,1.348396352758538,1.0874117363616234,1.6278354168325793,0.1376997118447908,0.5404236804709559,1000.0,0.0
phoenix,29092,2023-08-23,grid_01,0.1,0.2,BLOCK_RANGE_ONLY,8.0,quadratic,emitted_flux,W/m2,ESTIMABLE,11.68783590939848,9.63014772102605,14.037627691841104,1.1153422861509203,4.407479970815054,1000.0,0.0
phoenix,29092,2023-08-23,grid_01,0.1,0.2,BLOCK_RANGE_ONLY,8.0,quadratic,temperature_equivalent,K,ESTIMABLE,1.7586268069064772,1.4468608747462823,2.115793259884532,0.1692687611508058,0.6689323851382498,1000.0,0.0
phoenix,29092,2023-08-23,grid_01,0.1,0.2,BLOCK_RANGE_ONLY,8.0,quadratic,temperature_minus_equivalent,K,ESTIMABLE,-0.4102304541479393,-0.5173550821711407,-0.3159510061448672,0.0520225288756565,0.2014040760262734,1000.0,0.0
phoenix,29092,2023-08-23,grid_01,0.1,0.2,BLOCK_RANGE_ONLY,8.0,quadratic_minus_linear,temperature,K,ESTIMABLE,0.3124035945757197,0.0929042114749998,0.5612757261263838,0.1222752864487669,0.4683715146513839,1000.0,0.0
phoenix,29092,2023-08-23,grid_01,0.1,0.2,BLOCK_RANGE_ONLY,8.0,quadratic_minus_linear,emitted_flux,W/m2,ESTIMABLE,3.598961753845636,1.7737039252553053,5.66108060094511,1.0092518930650345,3.887376675689804,1000.0,0.0
phoenix,29092,2023-08-23,grid_01,0.1,0.2,BLOCK_RANGE_ONLY,8.0,quadratic_minus_linear,temperature_equivalent,K,ESTIMABLE,0.5446803384568852,0.2681222927286015,0.8579297548514702,0.1532085310268464,0.5898074621228686,1000.0,0.0
phoenix,29092,2023-08-23,grid_01,0.1,0.2,BLOCK_RANGE_ONLY,8.0,quadratic_minus_linear,temperature_minus_equivalent,K,ESTIMABLE,-0.2322767438811654,-0.3376387422162747,-0.1333261981874345,0.0531109400953902,0.2043125440288402,1000.0,0.0
phoenix,29092,2023-08-23,grid_02,0.2,0.3,BLOCK_RANGE_ONLY,1.0,linear,temperature,K,ESTIMABLE,1.035992758182818,0.9829870109909364,1.0914299493830573,0.027270307079141,0.1084429383921208,1000.0,0.0
phoenix,29092,2023-08-23,grid_02,0.2,0.3,BLOCK_RANGE_ONLY,1.0,linear,emitted_flux,W/m2,ESTIMABLE,8.088874155552842,7.699950102869213,8.520817624228126,0.2077852404990203,0.8208675213589132,1000.0,0.0
phoenix,29092,2023-08-23,grid_02,0.2,0.3,BLOCK_RANGE_ONLY,1.0,linear,temperature_equivalent,K,ESTIMABLE,1.213946468449592,1.1552549206055402,1.2791686185449536,0.0313652274608041,0.1239136979394133,1000.0,0.0
phoenix,29092,2023-08-23,grid_02,0.2,0.3,BLOCK_RANGE_ONLY,1.0,linear,temperature_minus_equivalent,K,ESTIMABLE,-0.1779537102667741,-0.2003304953461643,-0.1553024189922406,0.0116442823655419,0.0450280763539237,1000.0,0.0
phoenix,29092,2023-08-23,grid_02,0.2,0.3,BLOCK_RANGE_ONLY,1.0,quadratic,temperature,K,ESTIMABLE,1.7034813168205123,1.397157306800528,2.0007458824136277,0.1521625172779215,0.6035885756130999,1000.0,0.0
phoenix,29092,2023-08-23,grid_02,0.2,0.3,BLOCK_RANGE_ONLY,1.0,quadratic,emitted_flux,W/m2,ESTIMABLE,15.778496923591623,13.413378667237804,18.09135010150123,1.180429316888995,4.67797143426343,1000.0,0.0
phoenix,29092,2023-08-23,grid_02,0.2,0.3,BLOCK_RANGE_ONLY,1.0,quadratic,temperature_equivalent,K,ESTIMABLE,2.3811954824025747,2.020788510478411,2.734848554248701,0.1801781161179314,0.71406004377029,1000.0,0.0
phoenix,29092,2023-08-23,grid_02,0.2,0.3,BLOCK_RANGE_ONLY,1.0,quadratic,temperature_minus_equivalent,K,ESTIMABLE,-0.6777141655820624,-0.8145016868867795,-0.5333960649225408,0.0715575225974836,0.2811056219642387,1000.0,0.0
phoenix,29092,2023-08-23,grid_02,0.2,0.3,BLOCK_RANGE_ONLY,1.0,quadratic_minus_linear,temperature,K,ESTIMABLE,0.6674885586376944,0.3595056803359753,0.9587751814028358,0.1513794760327958,0.5992695010668605,1000.0,0.0
phoenix,29092,2023-08-23,grid_02,0.2,0.3,BLOCK_RANGE_ONLY,1.0,quadratic_minus_linear,emitted_flux,W/m2,ESTIMABLE,7.689622768038781,5.26585618677418,10.036941390847542,1.1851324322970695,4.771085204073361,1000.0,0.0
phoenix,29092,2023-08-23,grid_02,0.2,0.3,BLOCK_RANGE_ONLY,1.0,quadratic_minus_linear,temperature_equivalent,K,ESTIMABLE,1.1672490139529828,0.7979021403963855,1.5262966810355678,0.1808583987858585,0.7283945406391823,1000.0,0.0
phoenix,29092,2023-08-23,grid_02,0.2,0.3,BLOCK_RANGE_ONLY,1.0,quadratic_minus_linear,temperature_minus_equivalent,K,ESTIMABLE,-0.4997604553152883,-0.6384166971338063,-0.3545119690231345,0.0728230119166186,0.2839047281106718,1000.0,0.0
phoenix,29092,2023-08-23,grid_02,0.2,0.3,BLOCK_RANGE_ONLY,8.0,linear,temperature,K,ESTIMABLE,1.035992758182818,0.9509872601555124,1.1202197826859546,0.0432794419231961,0.1692325225304422,1000.0,0.0
phoenix,29092,2023-08-23,grid_02,0.2,0.3,BLOCK_RANGE_ONLY,8.0,linear,emitted_flux,W/m2,ESTIMABLE,8.088874155552842,7.380085509702227,8.741110999620108,0.3507028525476175,1.361025489917881,1000.0,0.0
phoenix,29092,2023-08-23,grid_02,0.2,0.3,BLOCK_RANGE_ONLY,8.0,linear,temperature_equivalent,K,ESTIMABLE,1.213946468449592,1.1070096438028174,1.3124479291745133,0.0529374233744606,0.2054382853716958,1000.0,0.0
phoenix,29092,2023-08-23,grid_02,0.2,0.3,BLOCK_RANGE_ONLY,8.0,linear,temperature_minus_equivalent,K,ESTIMABLE,-0.1779537102667741,-0.2125713611766638,-0.1391697247042123,0.0184702549052218,0.0734016364724515,1000.0,0.0
phoenix,29092,2023-08-23,grid_02,0.2,0.3,BLOCK_RANGE_ONLY,8.0,quadratic,temperature,K,ESTIMABLE,1.7034813168205123,1.191452768100355,2.233215506710878,0.2707950219574447,1.041762738610523,1000.0,0.0
phoenix,29092,2023-08-23,grid_02,0.2,0.3,BLOCK_RANGE_ONLY,8.0,quadratic,emitted_flux,W/m2,ESTIMABLE,15.778496923591623,11.721845735113622,20.290335325918065,2.2048717625735033,8.568489590804443,1000.0,0.0
phoenix,29092,2023-08-23,grid_02,0.2,0.3,BLOCK_RANGE_ONLY,8.0,quadratic,temperature_equivalent,K,ESTIMABLE,2.3811954824025747,1.7637875595635322,3.0722091084382397,0.3366700425356071,1.3084215488747075,1000.0,0.0
phoenix,29092,2023-08-23,grid_02,0.2,0.3,BLOCK_RANGE_ONLY,8.0,quadratic,temperature_minus_equivalent,K,ESTIMABLE,-0.6777141655820624,-0.9012596102738072,-0.4703159227430667,0.1106306768587291,0.4309436875307406,1000.0,0.0
phoenix,29092,2023-08-23,grid_02,0.2,0.3,BLOCK_RANGE_ONLY,8.0,quadratic_minus_linear,temperature,K,ESTIMABLE,0.6674885586376944,0.1983893171982387,1.187821625676493,0.2588940139620471,0.9894323084782544,1000.0,0.0
phoenix,29092,2023-08-23,grid_02,0.2,0.3,BLOCK_RANGE_ONLY,8.0,quadratic_minus_linear,emitted_flux,W/m2,ESTIMABLE,7.689622768038781,3.832800421379475,11.987158388196187,2.128696662296757,8.154357966816713,1000.0,0.0
phoenix,29092,2023-08-23,grid_02,0.2,0.3,BLOCK_RANGE_ONLY,8.0,quadratic_minus_linear,temperature_equivalent,K,ESTIMABLE,1.1672490139529828,0.5802477762059667,1.8266158243316752,0.3251215813382031,1.246368048125709,1000.0,0.0
phoenix,29092,2023-08-23,grid_02,0.2,0.3,BLOCK_RANGE_ONLY,8.0,quadratic_minus_linear,temperature_minus_equivalent,K,ESTIMABLE,-0.4997604553152883,-0.7275741685984172,-0.287743556090116,0.1135022673055957,0.4398306125083012,1000.0,0.0
phoenix,29092,2023-08-23,grid_03,0.3,0.4,NO_SPANNING_BLOCKS,,,,,NOT_ESTIMATED_NO_REFERENCE_BLOCKS,,,,,,,
phoenix,29092,2023-08-23,grid_04,0.4,0.5,NO_SPANNING_BLOCKS,,,,,NOT_ESTIMATED_NO_REFERENCE_BLOCKS,,,,,,,
phoenix,29092,2023-08-23,grid_05,0.5,0.6,NO_SPANNING_BLOCKS,,,,,NOT_ESTIMATED_NO_REFERENCE_BLOCKS,,,,,,,
phoenix,29092,2023-08-23,grid_06,0.6,0.7,NO_SPANNING_BLOCKS,,,,,NOT_ESTIMATED_NO_REFERENCE_BLOCKS,,,,,,,
phoenix,29092,2023-08-23,grid_07,0.7,0.8,NO_SPANNING_BLOCKS,,,,,NOT_ESTIMATED_NO_REFERENCE_BLOCKS,,,,,,,
phoenix,29092,2023-08-23,grid_08,0.8,0.9,NO_SPANNING_BLOCKS,,,,,NOT_ESTIMATED_NO_REFERENCE_BLOCKS,,,,,,,
phoenix,29092,2023-08-23,grid_09,0.9,1.0,NO_SPANNING_BLOCKS,,,,,NOT_ESTIMATED_NO_REFERENCE_BLOCKS,,,,,,,
phoenix,29545,2023-09-21,near_-0.02,0.0085095386207103,0.1085095386207103,BLOCK_RANGE_ONLY,1.0,linear,temperature,K,ESTIMABLE,0.9002491973186588,0.8564507032418461,0.9441332657368368,0.0233618805948286,0.0876825624949906,1000.0,0.0
phoenix,29545,2023-09-21,near_-0.02,0.0085095386207103,0.1085095386207103,BLOCK_RANGE_ONLY,1.0,linear,emitted_flux,W/m2,ESTIMABLE,6.011644642442747,5.711246558126461,6.317713375150211,0.1621234507775734,0.6064668170237502,1000.0,0.0
phoenix,29545,2023-09-21,near_-0.02,0.0085095386207103,0.1085095386207103,BLOCK_RANGE_ONLY,1.0,linear,temperature_equivalent,K,ESTIMABLE,0.9008582168330576,0.8556584943364243,0.9469312721959424,0.0243995241368726,0.0912727778595182,1000.0,0.0
phoenix,29545,2023-09-21,near_-0.02,0.0085095386207103,0.1085095386207103,BLOCK_RANGE_ONLY,1.0,linear,temperature_minus_equivalent,K,ESTIMABLE,-0.0006090195143988,-0.0192719991810853,0.0176746631958575,0.0094746223379411,0.0369466623769428,1000.0,0.0
phoenix,29545,2023-09-21,near_-0.02,0.0085095386207103,0.1085095386207103,BLOCK_RANGE_ONLY,1.0,quadratic,temperature,K,ESTIMABLE,0.9016307163192386,0.8572514905736106,0.9449308785536558,0.0232263813135581,0.0876793879800451,1000.0,0.0
phoenix,29545,2023-09-21,near_-0.02,0.0085095386207103,0.1085095386207103,BLOCK_RANGE_ONLY,1.0,quadratic,emitted_flux,W/m2,ESTIMABLE,6.003121203415385,5.703564602943971,6.311244982938862,0.1614173910168152,0.6076803799948909,1000.0,0.0
phoenix,29545,2023-09-21,near_-0.02,0.0085095386207103,0.1085095386207103,BLOCK_RANGE_ONLY,1.0,quadratic,temperature_equivalent,K,ESTIMABLE,0.8995754591729792,0.8545028766527324,0.9459573638425226,0.0242929730980773,0.0914544871897902,1000.0,0.0
phoenix,29545,2023-09-21,near_-0.02,0.0085095386207103,0.1085095386207103,BLOCK_RANGE_ONLY,1.0,quadratic,temperature_minus_equivalent,K,ESTIMABLE,0.0020552571462594,-0.0169885610379241,0.0206040362699285,0.0095762094290293,0.0375925973078526,1000.0,0.0
phoenix,29545,2023-09-21,near_-0.02,0.0085095386207103,0.1085095386207103,BLOCK_RANGE_ONLY,1.0,quadratic_minus_linear,temperature,K,ESTIMABLE,0.0013815190005798,-0.0015205427433343,0.0043837161523304,0.0014798038858986,0.0059042588956647,1000.0,0.0
phoenix,29545,2023-09-21,near_-0.02,0.0085095386207103,0.1085095386207103,BLOCK_RANGE_ONLY,1.0,quadratic_minus_linear,emitted_flux,W/m2,ESTIMABLE,-0.0085234390273623,-0.0291201370313465,0.011674622525085,0.0103290718268962,0.0407947595564315,1000.0,0.0
phoenix,29545,2023-09-21,near_-0.02,0.0085095386207103,0.1085095386207103,BLOCK_RANGE_ONLY,1.0,quadratic_minus_linear,temperature_equivalent,K,ESTIMABLE,-0.0012827576600784,-0.0043835326631224,0.0017568937476838,0.0015545441061388,0.0061404264108062,1000.0,0.0
phoenix,29545,2023-09-21,near_-0.02,0.0085095386207103,0.1085095386207103,BLOCK_RANGE_ONLY,1.0,quadratic_minus_linear,temperature_minus_equivalent,K,ESTIMABLE,0.0026642766606582,0.0013222613559569,0.0040023198426299,0.0006951626735935,0.002680058486673,1000.0,0.0
phoenix,29545,2023-09-21,near_-0.02,0.0085095386207103,0.1085095386207103,BLOCK_RANGE_ONLY,8.0,linear,temperature,K,ESTIMABLE,0.9002491973186588,0.8186436344853681,0.9775786472611104,0.0410007107416272,0.1589350127757421,1000.0,0.0
phoenix,29545,2023-09-21,near_-0.02,0.0085095386207103,0.1085095386207103,BLOCK_RANGE_ONLY,8.0,linear,emitted_flux,W/m2,ESTIMABLE,6.011644642442747,5.361114884419993,6.621605504192147,0.3185738703511316,1.2604906197721544,1000.0,0.0
phoenix,29545,2023-09-21,near_-0.02,0.0085095386207103,0.1085095386207103,BLOCK_RANGE_ONLY,8.0,linear,temperature_equivalent,K,ESTIMABLE,0.9008582168330576,0.8030001821678369,0.9926967639632664,0.0479436222070737,0.1896965817954296,1000.0,0.0
phoenix,29545,2023-09-21,near_-0.02,0.0085095386207103,0.1085095386207103,BLOCK_RANGE_ONLY,8.0,linear,temperature_minus_equivalent,K,ESTIMABLE,-0.0006090195143988,-0.0465216862546435,0.0451250742354807,0.0232516122242088,0.0916467604901242,1000.0,0.0
phoenix,29545,2023-09-21,near_-0.02,0.0085095386207103,0.1085095386207103,BLOCK_RANGE_ONLY,8.0,quadratic,temperature,K,ESTIMABLE,0.9016307163192386,0.8191733325516853,0.9813669185822846,0.0406855665124729,0.1621935860305993,1000.0,0.0
phoenix,29545,2023-09-21,near_-0.02,0.0085095386207103,0.1085095386207103,BLOCK_RANGE_ONLY,8.0,quadratic,emitted_flux,W/m2,ESTIMABLE,6.003121203415385,5.397015190337244,6.612769851399211,0.3163346613649112,1.2157546610619665,1000.0,0.0
phoenix,29545,2023-09-21,near_-0.02,0.0085095386207103,0.1085095386207103,BLOCK_RANGE_ONLY,8.0,quadratic,temperature_equivalent,K,ESTIMABLE,0.8995754591729792,0.8083982180684757,0.9913658513538024,0.0476065290867569,0.1829676332853267,1000.0,0.0
phoenix,29545,2023-09-21,near_-0.02,0.0085095386207103,0.1085095386207103,BLOCK_RANGE_ONLY,8.0,quadratic,temperature_minus_equivalent,K,ESTIMABLE,0.0020552571462594,-0.0442947799294654,0.0478890537554813,0.0235465903962473,0.0921838336849467,1000.0,0.0
phoenix,29545,2023-09-21,near_-0.02,0.0085095386207103,0.1085095386207103,BLOCK_RANGE_ONLY,8.0,quadratic_minus_linear,temperature,K,ESTIMABLE,0.0013815190005798,-0.0023230890102606,0.0086282711449386,0.002849582297394,0.0109513601551993,1000.0,0.0
phoenix,29545,2023-09-21,near_-0.02,0.0085095386207103,0.1085095386207103,BLOCK_RANGE_ONLY,8.0,quadratic_minus_linear,emitted_flux,W/m2,ESTIMABLE,-0.0085234390273623,-0.037161555761386,0.0396622164247529,0.0187749116664375,0.0768237721861389,1000.0,0.0
phoenix,29545,2023-09-21,near_-0.02,0.0085095386207103,0.1085095386207103,BLOCK_RANGE_ONLY,8.0,quadratic_minus_linear,temperature_equivalent,K,ESTIMABLE,-0.0012827576600784,-0.0055867803711663,0.0059671165543321,0.0028252457012064,0.0115538969254984,1000.0,0.0
phoenix,29545,2023-09-21,near_-0.02,0.0085095386207103,0.1085095386207103,BLOCK_RANGE_ONLY,8.0,quadratic_minus_linear,temperature_minus_equivalent,K,ESTIMABLE,0.0026642766606582,0.0003799211176122,0.0052542217239222,0.0012363817201759,0.00487430060631,1000.0,0.0
phoenix,29545,2023-09-21,near_-0.01,0.0185095386207103,0.1185095386207103,BLOCK_RANGE_ONLY,1.0,linear,temperature,K,ESTIMABLE,0.9002491973186588,0.8564507032418461,0.9441332657368368,0.0233618805948286,0.0876825624949906,1000.0,0.0
phoenix,29545,2023-09-21,near_-0.01,0.0185095386207103,0.1185095386207103,BLOCK_RANGE_ONLY,1.0,linear,emitted_flux,W/m2,ESTIMABLE,6.011644642442747,5.711246558126461,6.317713375150211,0.1621234507775734,0.6064668170237502,1000.0,0.0
phoenix,29545,2023-09-21,near_-0.01,0.0185095386207103,0.1185095386207103,BLOCK_RANGE_ONLY,1.0,linear,temperature_equivalent,K,ESTIMABLE,0.9008582168330576,0.8556584943364243,0.9469312721959424,0.0243995241368726,0.0912727778595182,1000.0,0.0
phoenix,29545,2023-09-21,near_-0.01,0.0185095386207103,0.1185095386207103,BLOCK_RANGE_ONLY,1.0,linear,temperature_minus_equivalent,K,ESTIMABLE,-0.0006090195143988,-0.0192719991810853,0.0176746631958575,0.0094746223379411,0.0369466623769428,1000.0,0.0
phoenix,29545,2023-09-21,near_-0.01,0.0185095386207103,0.1185095386207103,BLOCK_RANGE_ONLY,1.0,quadratic,temperature,K,ESTIMABLE,0.8955199189727118,0.8505012175124577,0.9429731090722144,0.0245414912204759,0.0924718915597566,1000.0,0.0
phoenix,29545,2023-09-21,near_-0.01,0.0185095386207103,0.1185095386207103,BLOCK_RANGE_ONLY,1.0,quadratic,emitted_flux,W/m2,ESTIMABLE,6.040822464541616,5.723102771195412,6.361464675603883,0.168031482750673,0.6383619044084705,1000.0,0.0
phoenix,29545,2023-09-21,near_-0.01,0.0185095386207103,0.1185095386207103,BLOCK_RANGE_ONLY,1.0,quadratic,temperature_equivalent,K,ESTIMABLE,0.9052495299649764,0.857442082213764,0.9535188886673852,0.0252897202040762,0.0960768064536211,1000.0,0.0
phoenix,29545,2023-09-21,near_-0.01,0.0185095386207103,0.1185095386207103,BLOCK_RANGE_ONLY,1.0,quadratic,temperature_minus_equivalent,K,ESTIMABLE,-0.0097296109922645,-0.0286124195394588,0.0095026280275873,0.0096700657098354,0.0381150475670462,1000.0,0.0
phoenix,29545,2023-09-21,near_-0.01,0.0185095386207103,0.1185095386207103,BLOCK_RANGE_ONLY,1.0,quadratic_minus_linear,temperature,K,ESTIMABLE,-0.004729278345947,-0.0144725184237919,0.0050680015352866,0.0049906632277792,0.0195405199590785,1000.0,0.0
phoenix,29545,2023-09-21,near_-0.01,0.0185095386207103,0.1185095386207103,BLOCK_RANGE_ONLY,1.0,quadratic_minus_linear,emitted_flux,W/m2,ESTIMABLE,0.0291778220988687,-0.0383838069591262,0.0970577598205354,0.0352900782910432,0.1354415667796617,1000.0,0.0
phoenix,29545,2023-09-21,near_-0.01,0.0185095386207103,0.1185095386207103,BLOCK_RANGE_ONLY,1.0,quadratic_minus_linear,temperature_equivalent,K,ESTIMABLE,0.0043913131319186,-0.0057759560964441,0.0146028161095983,0.0053113648916281,0.0203787722060425,1000.0,0.0
phoenix,29545,2023-09-21,near_-0.01,0.0185095386207103,0.1185095386207103,BLOCK_RANGE_ONLY,1.0,quadratic_minus_linear,temperature_minus_equivalent,K,ESTIMABLE,-0.0091205914778657,-0.0140383177318186,-0.0043624312872384,0.0025227105353298,0.0096758864445802,1000.0,0.0
phoenix,29545,2023-09-21,near_-0.01,0.0185095386207103,0.1185095386207103,BLOCK_RANGE_ONLY,8.0,linear,temperature,K,ESTIMABLE,0.9002491973186588,0.8186436344853681,0.9775786472611104,0.0410007107416272,0.1589350127757421,1000.0,0.0
phoenix,29545,2023-09-21,near_-0.01,0.0185095386207103,0.1185095386207103,BLOCK_RANGE_ONLY,8.0,linear,emitted_flux,W/m2,ESTIMABLE,6.011644642442747,5.361114884419993,6.621605504192147,0.3185738703511316,1.2604906197721544,1000.0,0.0
phoenix,29545,2023-09-21,near_-0.01,0.0185095386207103,0.1185095386207103,BLOCK_RANGE_ONLY,8.0,linear,temperature_equivalent,K,ESTIMABLE,0.9008582168330576,0.8030001821678369,0.9926967639632664,0.0479436222070737,0.1896965817954296,1000.0,0.0
phoenix,29545,2023-09-21,near_-0.01,0.0185095386207103,0.1185095386207103,BLOCK_RANGE_ONLY,8.0,linear,temperature_minus_equivalent,K,ESTIMABLE,-0.0006090195143988,-0.0465216862546435,0.0451250742354807,0.0232516122242088,0.0916467604901242,1000.0,0.0
phoenix,29545,2023-09-21,near_-0.01,0.0185095386207103,0.1185095386207103,BLOCK_RANGE_ONLY,8.0,quadratic,temperature,K,ESTIMABLE,0.8955199189727118,0.8103979537608754,0.9777846453476402,0.0425910393396234,0.1673866915867647,1000.0,0.0
phoenix,29545,2023-09-21,near_-0.01,0.0185095386207103,0.1185095386207103,BLOCK_RANGE_ONLY,8.0,quadratic,emitted_flux,W/m2,ESTIMABLE,6.040822464541616,5.377754940104168,6.680845270145458,0.3373896490943844,1.3030903300412895,1000.0,0.0
phoenix,29545,2023-09-21,near_-0.01,0.0185095386207103,0.1185095386207103,BLOCK_RANGE_ONLY,8.0,quadratic,temperature_equivalent,K,ESTIMABLE,0.9052495299649764,0.8055021759588797,1.0016204762572882,0.0507773775174666,0.1961183002984085,1000.0,0.0
phoenix,29545,2023-09-21,near_-0.01,0.0185095386207103,0.1185095386207103,BLOCK_RANGE_ONLY,8.0,quadratic,temperature_minus_equivalent,K,ESTIMABLE,-0.0097296109922645,-0.0586581977086783,0.0387477093973945,0.024548408967917,0.0974059071060728,1000.0,0.0
phoenix,29545,2023-09-21,near_-0.01,0.0185095386207103,0.1185095386207103,BLOCK_RANGE_ONLY,8.0,quadratic_minus_linear,temperature,K,ESTIMABLE,-0.004729278345947,-0.0187876118801416,0.0117506503152259,0.0079778621300354,0.0305382621953676,1000.0,0.0
phoenix,29545,2023-09-21,near_-0.01,0.0185095386207103,0.1185095386207103,BLOCK_RANGE_ONLY,8.0,quadratic_minus_linear,emitted_flux,W/m2,ESTIMABLE,0.0291778220988687,-0.0810140402050462,0.1694771642840838,0.0671403805915849,0.2504912044891301,1000.0,0.0
phoenix,29545,2023-09-21,near_-0.01,0.0185095386207103,0.1185095386207103,BLOCK_RANGE_ONLY,8.0,quadratic_minus_linear,temperature_equivalent,K,ESTIMABLE,0.0043913131319186,-0.0122024245771129,0.0255013756512184,0.0101058409719735,0.0377038002283313,1000.0,0.0
phoenix,29545,2023-09-21,near_-0.01,0.0185095386207103,0.1185095386207103,BLOCK_RANGE_ONLY,8.0,quadratic_minus_linear,temperature_minus_equivalent,K,ESTIMABLE,-0.0091205914778657,-0.0180025546956393,-0.0028831465576102,0.0038980664448753,0.015119408138029,1000.0,0.0
phoenix,29545,2023-09-21,historical,0.0285095386207103,0.1285095386207103,BLOCK_RANGE_ONLY,1.0,linear,temperature,K,ESTIMABLE,0.9002491973186588,0.8564507032418461,0.9441332657368368,0.0233618805948286,0.0876825624949906,1000.0,0.0
phoenix,29545,2023-09-21,historical,0.0285095386207103,0.1285095386207103,BLOCK_RANGE_ONLY,1.0,linear,emitted_flux,W/m2,ESTIMABLE,6.011644642442747,5.711246558126461,6.317713375150211,0.1621234507775734,0.6064668170237502,1000.0,0.0
phoenix,29545,2023-09-21,historical,0.0285095386207103,0.1285095386207103,BLOCK_RANGE_ONLY,1.0,linear,temperature_equivalent,K,ESTIMABLE,0.9008582168330576,0.8556584943364243,0.9469312721959424,0.0243995241368726,0.0912727778595182,1000.0,0.0
phoenix,29545,2023-09-21,historical,0.0285095386207103,0.1285095386207103,BLOCK_RANGE_ONLY,1.0,linear,temperature_minus_equivalent,K,ESTIMABLE,-0.0006090195143988,-0.0192719991810853,0.0176746631958575,0.0094746223379411,0.0369466623769428,1000.0,0.0
phoenix,29545,2023-09-21,historical,0.0285095386207103,0.1285095386207103,BLOCK_RANGE_ONLY,1.0,quadratic,temperature,K,ESTIMABLE,0.8894091216261849,0.8380482932081947,0.9425118022148818,0.0273341567428459,0.1044635090066871,1000.0,0.0
phoenix,29545,2023-09-21,historical,0.0285095386207103,0.1285095386207103,BLOCK_RANGE_ONLY,1.0,quadratic,emitted_flux,W/m2,ESTIMABLE,6.078523725667848,5.728743532721623,6.43613499572096,0.185742609770658,0.707391462999337,1000.0,0.0
phoenix,29545,2023-09-21,historical,0.0285095386207103,0.1285095386207103,BLOCK_RANGE_ONLY,1.0,quadratic,temperature_equivalent,K,ESTIMABLE,0.9109239084986028,0.8582906601680265,0.9647629288456584,0.0279568237441159,0.106472268677632,1000.0,0.0
phoenix,29545,2023-09-21,historical,0.0285095386207103,0.1285095386207103,BLOCK_RANGE_ONLY,1.0,quadratic,temperature_minus_equivalent,K,ESTIMABLE,-0.021514786872418,-0.0411785260469534,-0.0004289664109847,0.0106263361211405,0.0407495596359686,1000.0,0.0
phoenix,29545,2023-09-21,historical,0.0285095386207103,0.1285095386207103,BLOCK_RANGE_ONLY,1.0,quadratic_minus_linear,temperature,K,ESTIMABLE,-0.0108400756924739,-0.0325324457215836,0.0114534009084801,0.0113874909651499,0.0439858466300637,1000.0,0.0
phoenix,29545,2023-09-21,historical,0.0285095386207103,0.1285095386207103,BLOCK_RANGE_ONLY,1.0,quadratic_minus_linear,emitted_flux,W/m2,ESTIMABLE,0.0668790832251007,-0.0891060665566289,0.2227966918971408,0.0804414218116614,0.3119027584537698,1000.0,0.0
phoenix,29545,2023-09-21,historical,0.0285095386207103,0.1285095386207103,BLOCK_RANGE_ONLY,1.0,quadratic_minus_linear,temperature_equivalent,K,ESTIMABLE,0.0100656916655452,-0.01341155609297,0.0335361457074114,0.0121076149040402,0.0469477018003814,1000.0,0.0
phoenix,29545,2023-09-21,historical,0.0285095386207103,0.1285095386207103,BLOCK_RANGE_ONLY,1.0,quadratic_minus_linear,temperature_minus_equivalent,K,ESTIMABLE,-0.0209057673580191,-0.0314459757025801,-0.0103826153334121,0.0054633380441491,0.0210633603691679,1000.0,0.0
phoenix,29545,2023-09-21,historical,0.0285095386207103,0.1285095386207103,BLOCK_RANGE_ONLY,8.0,linear,temperature,K,ESTIMABLE,0.9002491973186588,0.8186436344853681,0.9775786472611104,0.0410007107416272,0.1589350127757421,1000.0,0.0
phoenix,29545,2023-09-21,historical,0.0285095386207103,0.1285095386207103,BLOCK_RANGE_ONLY,8.0,linear,emitted_flux,W/m2,ESTIMABLE,6.011644642442747,5.361114884419993,6.621605504192147,0.3185738703511316,1.2604906197721544,1000.0,0.0
phoenix,29545,2023-09-21,historical,0.0285095386207103,0.1285095386207103,BLOCK_RANGE_ONLY,8.0,linear,temperature_equivalent,K,ESTIMABLE,0.9008582168330576,0.8030001821678369,0.9926967639632664,0.0479436222070737,0.1896965817954296,1000.0,0.0
phoenix,29545,2023-09-21,historical,0.0285095386207103,0.1285095386207103,BLOCK_RANGE_ONLY,8.0,linear,temperature_minus_equivalent,K,ESTIMABLE,-0.0006090195143988,-0.0465216862546435,0.0451250742354807,0.0232516122242088,0.0916467604901242,1000.0,0.0
phoenix,29545,2023-09-21,historical,0.0285095386207103,0.1285095386207103,BLOCK_RANGE_ONLY,8.0,quadratic,temperature,K,ESTIMABLE,0.8894091216261849,0.7938385748453617,0.9787210828042688,0.0468118171866495,0.184882507958907,1000.0,0.0
phoenix,29545,2023-09-21,historical,0.0285095386207103,0.1285095386207103,BLOCK_RANGE_ONLY,8.0,quadratic,emitted_flux,W/m2,ESTIMABLE,6.078523725667848,5.30283455448134,6.789319133202424,0.3757509395126276,1.4864845787210843,1000.0,0.0
phoenix,29545,2023-09-21,historical,0.0285095386207103,0.1285095386207103,BLOCK_RANGE_ONLY,8.0,quadratic,temperature_equivalent,K,ESTIMABLE,0.9109239084986028,0.7942376405437728,1.0179626485559807,0.0565536684243157,0.2237250080122079,1000.0,0.0
phoenix,29545,2023-09-21,historical,0.0285095386207103,0.1285095386207103,BLOCK_RANGE_ONLY,8.0,quadratic,temperature_minus_equivalent,K,ESTIMABLE,-0.021514786872418,-0.0760567008872898,0.0288784010275283,0.0261582316287708,0.1049351019148181,1000.0,0.0
phoenix,29545,2023-09-21,historical,0.0285095386207103,0.1285095386207103,BLOCK_RANGE_ONLY,8.0,quadratic_minus_linear,temperature,K,ESTIMABLE,-0.0108400756924739,-0.0458552352108358,0.0260372527541138,0.0183804443841967,0.0718924879649497,1000.0,0.0
phoenix,29545,2023-09-21,historical,0.0285095386207103,0.1285095386207103,BLOCK_RANGE_ONLY,8.0,quadratic_minus_linear,emitted_flux,W/m2,ESTIMABLE,0.0668790832251007,-0.207155621651899,0.3621194026345747,0.1491844495827062,0.5692750242864737,1000.0,0.0
phoenix,29545,2023-09-21,historical,0.0285095386207103,0.1285095386207103,BLOCK_RANGE_ONLY,8.0,quadratic_minus_linear,temperature_equivalent,K,ESTIMABLE,0.0100656916655452,-0.0311829390794613,0.0545040036225415,0.0224557918106093,0.0856869427020029,1000.0,0.0
phoenix,29545,2023-09-21,historical,0.0285095386207103,0.1285095386207103,BLOCK_RANGE_ONLY,8.0,quadratic_minus_linear,temperature_minus_equivalent,K,ESTIMABLE,-0.0209057673580191,-0.0377168221878873,-0.0072621730178171,0.0078928832292899,0.0304546491700702,1000.0,0.0
phoenix,29545,2023-09-21,near_+0.01,0.0385095386207103,0.1385095386207104,BLOCK_RANGE_ONLY,1.0,linear,temperature,K,ESTIMABLE,0.9002491973186588,0.8564507032418461,0.9441332657368368,0.0233618805948286,0.0876825624949906,1000.0,0.0
phoenix,29545,2023-09-21,near_+0.01,0.0385095386207103,0.1385095386207104,BLOCK_RANGE_ONLY,1.0,linear,emitted_flux,W/m2,ESTIMABLE,6.011644642442747,5.711246558126461,6.317713375150211,0.1621234507775734,0.6064668170237502,1000.0,0.0
phoenix,29545,2023-09-21,near_+0.01,0.0385095386207103,0.1385095386207104,BLOCK_RANGE_ONLY,1.0,linear,temperature_equivalent,K,ESTIMABLE,0.9008582168330576,0.8556584943364243,0.9469312721959424,0.0243995241368726,0.0912727778595182,1000.0,0.0
phoenix,29545,2023-09-21,near_+0.01,0.0385095386207103,0.1385095386207104,BLOCK_RANGE_ONLY,1.0,linear,temperature_minus_equivalent,K,ESTIMABLE,-0.0006090195143988,-0.0192719991810853,0.0176746631958575,0.0094746223379411,0.0369466623769428,1000.0,0.0
phoenix,29545,2023-09-21,near_+0.01,0.0385095386207103,0.1385095386207104,BLOCK_RANGE_ONLY,1.0,quadratic,temperature,K,ESTIMABLE,0.883298324279658,0.8250637721548565,0.9444557277690032,0.0312102353319567,0.1193919556141468,1000.0,0.0
phoenix,29545,2023-09-21,near_+0.01,0.0385095386207103,0.1385095386207104,BLOCK_RANGE_ONLY,1.0,quadratic,emitted_flux,W/m2,ESTIMABLE,6.116224986794079,5.706999643270125,6.529388301667948,0.2117847676055836,0.8223886583978235,1000.0,0.0
phoenix,29545,2023-09-21,near_+0.01,0.0385095386207103,0.1385095386207104,BLOCK_RANGE_ONLY,1.0,quadratic,temperature_equivalent,K,ESTIMABLE,0.91659859481274,0.8550196176605397,0.9788069384679388,0.0318782219378101,0.1237873208073991,1000.0,0.0
phoenix,29545,2023-09-21,near_+0.01,0.0385095386207103,0.1385095386207104,BLOCK_RANGE_ONLY,1.0,quadratic,temperature_minus_equivalent,K,ESTIMABLE,-0.0333002705330819,-0.057109598822252,-0.0090251022526555,0.012244792737371,0.0480844965695965,1000.0,0.0
phoenix,29545,2023-09-21,near_+0.01,0.0385095386207103,0.1385095386207104,BLOCK_RANGE_ONLY,1.0,quadratic_minus_linear,temperature,K,ESTIMABLE,-0.0169508730390007,-0.0507996135435479,0.0178279219867367,0.0177902926514857,0.0686275355302846,1000.0,0.0
phoenix,29545,2023-09-21,near_+0.01,0.0385095386207103,0.1385095386207104,BLOCK_RANGE_ONLY,1.0,quadratic_minus_linear,emitted_flux,W/m2,ESTIMABLE,0.1045803443513317,-0.1388947847547529,0.3469656265719113,0.1256303620813305,0.4858604113266643,1000.0,0.0
phoenix,29545,2023-09-21,near_+0.01,0.0385095386207103,0.1385095386207104,BLOCK_RANGE_ONLY,1.0,quadratic_minus_linear,temperature_equivalent,K,ESTIMABLE,0.0157403779796823,-0.0209007236972638,0.0522469364693975,0.0189102666621513,0.0731476601666614,1000.0,0.0
phoenix,29545,2023-09-21,near_+0.01,0.0385095386207103,0.1385095386207104,BLOCK_RANGE_ONLY,1.0,quadratic_minus_linear,temperature_minus_equivalent,K,ESTIMABLE,-0.032691251018683,-0.0489461612802092,-0.0163186205421432,0.008422579797823,0.0326275407380659,1000.0,0.0
phoenix,29545,2023-09-21,near_+0.01,0.0385095386207103,0.1385095386207104,BLOCK_RANGE_ONLY,8.0,linear,temperature,K,ESTIMABLE,0.9002491973186588,0.8186436344853681,0.9775786472611104,0.0410007107416272,0.1589350127757421,1000.0,0.0
phoenix,29545,2023-09-21,near_+0.01,0.0385095386207103,0.1385095386207104,BLOCK_RANGE_ONLY,8.0,linear,emitted_flux,W/m2,ESTIMABLE,6.011644642442747,5.361114884419993,6.621605504192147,0.3185738703511316,1.2604906197721544,1000.0,0.0
phoenix,29545,2023-09-21,near_+0.01,0.0385095386207103,0.1385095386207104,BLOCK_RANGE_ONLY,8.0,linear,temperature_equivalent,K,ESTIMABLE,0.9008582168330576,0.8030001821678369,0.9926967639632664,0.0479436222070737,0.1896965817954296,1000.0,0.0
phoenix,29545,2023-09-21,near_+0.01,0.0385095386207103,0.1385095386207104,BLOCK_RANGE_ONLY,8.0,linear,temperature_minus_equivalent,K,ESTIMABLE,-0.0006090195143988,-0.0465216862546435,0.0451250742354807,0.0232516122242088,0.0916467604901242,1000.0,0.0
phoenix,29545,2023-09-21,near_+0.01,0.0385095386207103,0.1385095386207104,BLOCK_RANGE_ONLY,8.0,quadratic,temperature,K,ESTIMABLE,0.883298324279658,0.7708585027847581,0.9830303767357644,0.0527954932859019,0.2121718739510063,1000.0,0.0
phoenix,29545,2023-09-21,near_+0.01,0.0385095386207103,0.1385095386207104,BLOCK_RANGE_ONLY,8.0,quadratic,emitted_flux,W/m2,ESTIMABLE,6.116224986794079,5.262494718959735,6.933871241651432,0.4267769882112023,1.6713765226916977,1000.0,0.0
phoenix,29545,2023-09-21,near_+0.01,0.0385095386207103,0.1385095386207104,BLOCK_RANGE_ONLY,8.0,quadratic,temperature_equivalent,K,ESTIMABLE,0.91659859481274,0.788172911348721,1.0397441726649148,0.064237164341887,0.2515712613161938,1000.0,0.0
phoenix,29545,2023-09-21,near_+0.01,0.0385095386207103,0.1385095386207104,BLOCK_RANGE_ONLY,8.0,quadratic,temperature_minus_equivalent,K,ESTIMABLE,-0.0333002705330819,-0.094100130566603,0.0209169342706729,0.0282727904969371,0.1150170648372759,1000.0,0.0
phoenix,29545,2023-09-21,near_+0.01,0.0385095386207103,0.1385095386207104,BLOCK_RANGE_ONLY,8.0,quadratic_minus_linear,temperature,K,ESTIMABLE,-0.0169508730390007,-0.0726957295805154,0.0403349024476129,0.0288219269663517,0.1130306320281283,1000.0,0.0
phoenix,29545,2023-09-21,near_+0.01,0.0385095386207103,0.1385095386207104,BLOCK_RANGE_ONLY,8.0,quadratic_minus_linear,emitted_flux,W/m2,ESTIMABLE,0.1045803443513317,-0.3297009014804437,0.5518134613494161,0.2315102701437215,0.8815143628298598,1000.0,0.0
phoenix,29545,2023-09-21,near_+0.01,0.0385095386207103,0.1385095386207104,BLOCK_RANGE_ONLY,8.0,quadratic_minus_linear,temperature_equivalent,K,ESTIMABLE,0.0157403779796823,-0.0496472196683114,0.0830666943801432,0.0348495526433021,0.1327139140484547,1000.0,0.0
phoenix,29545,2023-09-21,near_+0.01,0.0385095386207103,0.1385095386207104,BLOCK_RANGE_ONLY,8.0,quadratic_minus_linear,temperature_minus_equivalent,K,ESTIMABLE,-0.032691251018683,-0.057646599880277,-0.0117926240195023,0.0119523782943829,0.0458539758607746,1000.0,0.0
phoenix,29545,2023-09-21,near_+0.02,0.0485095386207103,0.1485095386207103,BLOCK_RANGE_ONLY,1.0,linear,temperature,K,ESTIMABLE,0.9002491973186587,0.856450703241846,0.9441332657368366,0.0233618805948286,0.0876825624949906,1000.0,0.0
phoenix,29545,2023-09-21,near_+0.02,0.0485095386207103,0.1485095386207103,BLOCK_RANGE_ONLY,1.0,linear,emitted_flux,W/m2,ESTIMABLE,6.0116446424427465,5.71124655812646,6.31771337515021,0.1621234507775734,0.6064668170237502,1000.0,0.0
phoenix,29545,2023-09-21,near_+0.02,0.0485095386207103,0.1485095386207103,BLOCK_RANGE_ONLY,1.0,linear,temperature_equivalent,K,ESTIMABLE,0.9008582168330576,0.8556584943364243,0.9469312721959424,0.0243995241368725,0.0912727778595182,1000.0,0.0
phoenix,29545,2023-09-21,near_+0.02,0.0485095386207103,0.1485095386207103,BLOCK_RANGE_ONLY,1.0,linear,temperature_minus_equivalent,K,ESTIMABLE,-0.0006090195143989,-0.0192719991810854,0.0176746631958573,0.0094746223379409,0.0369466623769428,1000.0,0.0
phoenix,29545,2023-09-21,near_+0.02,0.0485095386207103,0.1485095386207103,BLOCK_RANGE_ONLY,1.0,quadratic,temperature,K,ESTIMABLE,0.8771875269331311,0.8105676408832099,0.9464801791850368,0.0358197262025499,0.135912538301827,1000.0,0.0
phoenix,29545,2023-09-21,near_+0.02,0.0485095386207103,0.1485095386207103,BLOCK_RANGE_ONLY,1.0,quadratic,emitted_flux,W/m2,ESTIMABLE,6.153926247920309,5.683882146661576,6.622435383150056,0.2434994688113262,0.93855323648848,1000.0,0.0
phoenix,29545,2023-09-21,near_+0.02,0.0485095386207103,0.1485095386207103,BLOCK_RANGE_ONLY,1.0,quadratic,temperature_equivalent,K,ESTIMABLE,0.9222735889464388,0.8515420487805201,0.9928217693417948,0.0366539417747467,0.1412797205612748,1000.0,0.0
phoenix,29545,2023-09-21,near_+0.02,0.0485095386207103,0.1485095386207103,BLOCK_RANGE_ONLY,1.0,quadratic,temperature_minus_equivalent,K,ESTIMABLE,-0.0450860620133077,-0.0723253064749275,-0.0173257339531128,0.014302537736699,0.0549995725218146,1000.0,0.0
phoenix,29545,2023-09-21,near_+0.02,0.0485095386207103,0.1485095386207103,BLOCK_RANGE_ONLY,1.0,quadratic_minus_linear,temperature,K,ESTIMABLE,-0.0230616703855276,-0.0689413100441108,0.0242024430649932,0.0241943259026888,0.0931437531091041,1000.0,0.0
phoenix,29545,2023-09-21,near_+0.02,0.0485095386207103,0.1485095386207103,BLOCK_RANGE_ONLY,1.0,quadratic_minus_linear,emitted_flux,W/m2,ESTIMABLE,0.1422816054775628,-0.1898116746743243,0.4745648276599746,0.1708270652636801,0.664376502334299,1000.0,0.0
phoenix,29545,2023-09-21,near_+0.02,0.0485095386207103,0.1485095386207103,BLOCK_RANGE_ONLY,1.0,quadratic_minus_linear,temperature_equivalent,K,ESTIMABLE,0.0214153721133811,-0.0285578493961693,0.071446569471243,0.0257148306367686,0.1000044188674124,1000.0,0.0
phoenix,29545,2023-09-21,near_+0.02,0.0485095386207103,0.1485095386207103,BLOCK_RANGE_ONLY,1.0,quadratic_minus_linear,temperature_minus_equivalent,K,ESTIMABLE,-0.0444770424989088,-0.0662835054573694,-0.0222575707034161,0.0113861344526185,0.0440259347539532,1000.0,0.0
phoenix,29545,2023-09-21,near_+0.02,0.0485095386207103,0.1485095386207103,BLOCK_RANGE_ONLY,8.0,linear,temperature,K,ESTIMABLE,0.9002491973186587,0.818643634485368,0.9775786472611102,0.0410007107416272,0.1589350127757421,1000.0,0.0
phoenix,29545,2023-09-21,near_+0.02,0.0485095386207103,0.1485095386207103,BLOCK_RANGE_ONLY,8.0,linear,emitted_flux,W/m2,ESTIMABLE,6.0116446424427465,5.361114884419992,6.621605504192146,0.3185738703511316,1.2604906197721544,1000.0,0.0
phoenix,29545,2023-09-21,near_+0.02,0.0485095386207103,0.1485095386207103,BLOCK_RANGE_ONLY,8.0,linear,temperature_equivalent,K,ESTIMABLE,0.9008582168330576,0.8030001821678369,0.9926967639632664,0.0479436222070736,0.1896965817954296,1000.0,0.0
phoenix,29545,2023-09-21,near_+0.02,0.0485095386207103,0.1485095386207103,BLOCK_RANGE_ONLY,8.0,linear,temperature_minus_equivalent,K,ESTIMABLE,-0.0006090195143989,-0.0465216862546436,0.0451250742354805,0.0232516122242087,0.0916467604901242,1000.0,0.0
phoenix,29545,2023-09-21,near_+0.02,0.0485095386207103,0.1485095386207103,BLOCK_RANGE_ONLY,8.0,quadratic,temperature,K,ESTIMABLE,0.8771875269331311,0.7529674669276725,0.9920733598277834,0.0600170832429034,0.2391058929001109,1000.0,0.0
phoenix,29545,2023-09-21,near_+0.02,0.0485095386207103,0.1485095386207103,BLOCK_RANGE_ONLY,8.0,quadratic,emitted_flux,W/m2,ESTIMABLE,6.153926247920309,5.183038755011128,7.057787625995232,0.4864989852836681,1.874748870984104,1000.0,0.0
phoenix,29545,2023-09-21,near_+0.02,0.0485095386207103,0.1485095386207103,BLOCK_RANGE_ONLY,8.0,quadratic,temperature_equivalent,K,ESTIMABLE,0.9222735889464388,0.7762284521980305,1.0584198593102,0.0732307005878476,0.2821914071121696,1000.0,0.0
phoenix,29545,2023-09-21,near_+0.02,0.0485095386207103,0.1485095386207103,BLOCK_RANGE_ONLY,8.0,quadratic,temperature_minus_equivalent,K,ESTIMABLE,-0.0450860620133077,-0.1114876502408503,0.0140708433579354,0.0307886329818851,0.1255584935987858,1000.0,0.0
phoenix,29545,2023-09-21,near_+0.02,0.0485095386207103,0.1485095386207103,BLOCK_RANGE_ONLY,8.0,quadratic_minus_linear,temperature,K,ESTIMABLE,-0.0230616703855276,-0.0999784370951846,0.0546153255883969,0.0392712935748917,0.1545937626835816,1000.0,0.0
phoenix,29545,2023-09-21,near_+0.02,0.0485095386207103,0.1485095386207103,BLOCK_RANGE_ONLY,8.0,quadratic_minus_linear,emitted_flux,W/m2,ESTIMABLE,0.1422816054775628,-0.4516964899520636,0.742515207049934,0.3138962348613861,1.1942116970019976,1000.0,0.0
phoenix,29545,2023-09-21,near_+0.02,0.0485095386207103,0.1485095386207103,BLOCK_RANGE_ONLY,8.0,quadratic_minus_linear,temperature_equivalent,K,ESTIMABLE,0.0214153721133811,-0.068006450264518,0.1118439142170174,0.0472537832265304,0.1798503644815355,1000.0,0.0
phoenix,29545,2023-09-21,near_+0.02,0.0485095386207103,0.1485095386207103,BLOCK_RANGE_ONLY,8.0,quadratic_minus_linear,temperature_minus_equivalent,K,ESTIMABLE,-0.0444770424989088,-0.0773222380976421,-0.0161299472479278,0.0160281899258442,0.0611922908497142,1000.0,0.0
phoenix,29545,2023-09-21,grid_00,0.0,0.1,BLOCK_RANGE_ONLY,1.0,linear,temperature,K,ESTIMABLE,0.9002491973186588,0.8564507032418461,0.9441332657368368,0.0233618805948286,0.0876825624949906,1000.0,0.0
phoenix,29545,2023-09-21,grid_00,0.0,0.1,BLOCK_RANGE_ONLY,1.0,linear,emitted_flux,W/m2,ESTIMABLE,6.011644642442747,5.711246558126461,6.317713375150211,0.1621234507775734,0.6064668170237502,1000.0,0.0
phoenix,29545,2023-09-21,grid_00,0.0,0.1,BLOCK_RANGE_ONLY,1.0,linear,temperature_equivalent,K,ESTIMABLE,0.9008582168330576,0.8556584943364243,0.9469312721959424,0.0243995241368726,0.0912727778595182,1000.0,0.0
phoenix,29545,2023-09-21,grid_00,0.0,0.1,BLOCK_RANGE_ONLY,1.0,linear,temperature_minus_equivalent,K,ESTIMABLE,-0.0006090195143988,-0.0192719991810853,0.0176746631958575,0.0094746223379411,0.0369466623769428,1000.0,0.0
phoenix,29545,2023-09-21,grid_00,0.0,0.1,BLOCK_RANGE_ONLY,1.0,quadratic,temperature,K,ESTIMABLE,0.9068307229215992,0.8591130779967941,0.9506631669676768,0.0234654303244543,0.0915500889708826,1000.0,0.0
phoenix,29545,2023-09-21,grid_00,0.0,0.1,BLOCK_RANGE_ONLY,1.0,quadratic,emitted_flux,W/m2,ESTIMABLE,5.971039169655071,5.6553209963856315,6.289502243778918,0.1655892491038947,0.6341812473932862,1000.0,0.0
phoenix,29545,2023-09-21,grid_00,0.0,0.1,BLOCK_RANGE_ONLY,1.0,quadratic,temperature_equivalent,K,ESTIMABLE,0.8947473290480161,0.8472457497589929,0.942683752554548,0.0249196858735453,0.095438002795555,1000.0,0.0
phoenix,29545,2023-09-21,grid_00,0.0,0.1,BLOCK_RANGE_ONLY,1.0,quadratic,temperature_minus_equivalent,K,ESTIMABLE,0.012083393873583,-0.0083739567076217,0.0309770548715992,0.0101993039886669,0.039351011579221,1000.0,0.0
phoenix,29545,2023-09-21,grid_00,0.0,0.1,BLOCK_RANGE_ONLY,1.0,quadratic_minus_linear,temperature,K,ESTIMABLE,0.0065815256029403,-0.0068154556429347,0.0200624844279782,0.006890380314193,0.026877940070913,1000.0,0.0
phoenix,29545,2023-09-21,grid_00,0.0,0.1,BLOCK_RANGE_ONLY,1.0,quadratic_minus_linear,emitted_flux,W/m2,ESTIMABLE,-0.0406054727876767,-0.1348056132808656,0.0571318188903775,0.0485403618088996,0.1919374321712432,1000.0,0.0
phoenix,29545,2023-09-21,grid_00,0.0,0.1,BLOCK_RANGE_ONLY,1.0,quadratic_minus_linear,temperature_equivalent,K,ESTIMABLE,-0.0061108877850415,-0.0202869290569864,0.0085973257920613,0.0073049556880816,0.0288842548490478,1000.0,0.0
phoenix,29545,2023-09-21,grid_00,0.0,0.1,BLOCK_RANGE_ONLY,1.0,quadratic_minus_linear,temperature_minus_equivalent,K,ESTIMABLE,0.0126924133879818,0.0065274714752675,0.0185531117512889,0.0030559240216197,0.0120256402760213,1000.0,0.0
phoenix,29545,2023-09-21,grid_00,0.0,0.1,BLOCK_RANGE_ONLY,8.0,linear,temperature,K,ESTIMABLE,0.9002491973186588,0.8186436344853681,0.9775786472611104,0.0410007107416272,0.1589350127757421,1000.0,0.0
phoenix,29545,2023-09-21,grid_00,0.0,0.1,BLOCK_RANGE_ONLY,8.0,linear,emitted_flux,W/m2,ESTIMABLE,6.011644642442747,5.361114884419993,6.621605504192147,0.3185738703511316,1.2604906197721544,1000.0,0.0
phoenix,29545,2023-09-21,grid_00,0.0,0.1,BLOCK_RANGE_ONLY,8.0,linear,temperature_equivalent,K,ESTIMABLE,0.9008582168330576,0.8030001821678369,0.9926967639632664,0.0479436222070737,0.1896965817954296,1000.0,0.0
phoenix,29545,2023-09-21,grid_00,0.0,0.1,BLOCK_RANGE_ONLY,8.0,linear,temperature_minus_equivalent,K,ESTIMABLE,-0.0006090195143988,-0.0465216862546435,0.0451250742354807,0.0232516122242088,0.0916467604901242,1000.0,0.0
phoenix,29545,2023-09-21,grid_00,0.0,0.1,BLOCK_RANGE_ONLY,8.0,quadratic,temperature,K,ESTIMABLE,0.9068307229215992,0.8234769301967774,0.9892396417497006,0.0411399376673349,0.1657627115529232,1000.0,0.0
phoenix,29545,2023-09-21,grid_00,0.0,0.1,BLOCK_RANGE_ONLY,8.0,quadratic,emitted_flux,W/m2,ESTIMABLE,5.971039169655071,5.341506503124283,6.591667382177563,0.3147377197375139,1.2501608790532792,1000.0,0.0
phoenix,29545,2023-09-21,grid_00,0.0,0.1,BLOCK_RANGE_ONLY,8.0,quadratic,temperature_equivalent,K,ESTIMABLE,0.8947473290480161,0.8000519486797486,0.988187258797609,0.0473646726719018,0.1881353101178604,1000.0,0.0
phoenix,29545,2023-09-21,grid_00,0.0,0.1,BLOCK_RANGE_ONLY,8.0,quadratic,temperature_minus_equivalent,K,ESTIMABLE,0.012083393873583,-0.0320037242826061,0.0567595443240697,0.0232328246274193,0.0887632686066758,1000.0,0.0
phoenix,29545,2023-09-21,grid_00,0.0,0.1,BLOCK_RANGE_ONLY,8.0,quadratic_minus_linear,temperature,K,ESTIMABLE,0.0065815256029403,-0.0137237070643315,0.0310676633116998,0.0115360104398936,0.0447913703760313,1000.0,0.0
phoenix,29545,2023-09-21,grid_00,0.0,0.1,BLOCK_RANGE_ONLY,8.0,quadratic_minus_linear,emitted_flux,W/m2,ESTIMABLE,-0.0406054727876767,-0.1890109456682842,0.1440748003543276,0.086725874986575,0.3330857460226119,1000.0,0.0
phoenix,29545,2023-09-21,grid_00,0.0,0.1,BLOCK_RANGE_ONLY,8.0,quadratic_minus_linear,temperature_equivalent,K,ESTIMABLE,-0.0061108877850415,-0.0284519033861002,0.0216910113867172,0.0130515111350714,0.0501429147728174,1000.0,0.0
phoenix,29545,2023-09-21,grid_00,0.0,0.1,BLOCK_RANGE_ONLY,8.0,quadratic_minus_linear,temperature_minus_equivalent,K,ESTIMABLE,0.0126924133879818,0.004760881586434,0.0200913146237987,0.004026760610389,0.0153304330373647,1000.0,0.0
phoenix,29545,2023-09-21,grid_01,0.1,0.2,BLOCK_RANGE_ONLY,1.0,linear,temperature,K,ESTIMABLE,0.9002491973186588,0.8564507032418461,0.9441332657368368,0.0233618805948286,0.0876825624949906,1000.0,0.0
phoenix,29545,2023-09-21,grid_01,0.1,0.2,BLOCK_RANGE_ONLY,1.0,linear,emitted_flux,W/m2,ESTIMABLE,6.011644642442747,5.711246558126461,6.317713375150211,0.1621234507775734,0.6064668170237502,1000.0,0.0
phoenix,29545,2023-09-21,grid_01,0.1,0.2,BLOCK_RANGE_ONLY,1.0,linear,temperature_equivalent,K,ESTIMABLE,0.9008582168330576,0.8556584943364243,0.9469312721959424,0.0243995241368726,0.0912727778595182,1000.0,0.0
phoenix,29545,2023-09-21,grid_01,0.1,0.2,BLOCK_RANGE_ONLY,1.0,linear,temperature_minus_equivalent,K,ESTIMABLE,-0.0006090195143988,-0.0192719991810853,0.0176746631958575,0.0094746223379411,0.0369466623769428,1000.0,0.0
phoenix,29545,2023-09-21,grid_01,0.1,0.2,BLOCK_RANGE_ONLY,1.0,quadratic,temperature,K,ESTIMABLE,0.8457227494563304,0.7218037321355892,0.9705244082119964,0.0645981220588799,0.248720676076407,1000.0,0.0
phoenix,29545,2023-09-21,grid_01,0.1,0.2,BLOCK_RANGE_ONLY,1.0,quadratic,emitted_flux,W/m2,ESTIMABLE,6.348051780917382,5.4923411400887145,7.224262029192914,0.4453499928674109,1.7319208891041995,1000.0,0.0
phoenix,29545,2023-09-21,grid_01,0.1,0.2,BLOCK_RANGE_ONLY,1.0,quadratic,temperature_equivalent,K,ESTIMABLE,0.9514992700914604,0.8227329477238214,1.0835148012393006,0.067057255985313,0.2607818535154791,1000.0,0.0
phoenix,29545,2023-09-21,grid_01,0.1,0.2,BLOCK_RANGE_ONLY,1.0,quadratic,temperature_minus_equivalent,K,ESTIMABLE,-0.1057765206351299,-0.158810573235434,-0.0502873532824571,0.0276554961144322,0.1085232199529769,1000.0,0.0
phoenix,29545,2023-09-21,grid_01,0.1,0.2,BLOCK_RANGE_ONLY,1.0,quadratic_minus_linear,temperature,K,ESTIMABLE,-0.0545264478623284,-0.1635127307704506,0.0570251462041371,0.0571728717942456,0.2205378769745877,1000.0,0.0
phoenix,29545,2023-09-21,grid_01,0.1,0.2,BLOCK_RANGE_ONLY,1.0,quadratic_minus_linear,emitted_flux,W/m2,ESTIMABLE,0.3364071384746347,-0.4519850900700465,1.122772971015917,0.4035714704181092,1.574758061085964,1000.0,0.0
phoenix,29545,2023-09-21,grid_01,0.1,0.2,BLOCK_RANGE_ONLY,1.0,quadratic_minus_linear,temperature_equivalent,K,ESTIMABLE,0.0506410532584027,-0.067989969695553,0.1691148196895156,0.0607673229526279,0.2371047893850686,1000.0,0.0
phoenix,29545,2023-09-21,grid_01,0.1,0.2,BLOCK_RANGE_ONLY,1.0,quadratic_minus_linear,temperature_minus_equivalent,K,ESTIMABLE,-0.1051675011207311,-0.156222592094345,-0.052839747520677,0.0266628896399409,0.103382844573668,1000.0,0.0
phoenix,29545,2023-09-21,grid_01,0.1,0.2,BLOCK_RANGE_ONLY,8.0,linear,temperature,K,ESTIMABLE,0.9002491973186588,0.8186436344853681,0.9775786472611104,0.0410007107416272,0.1589350127757421,1000.0,0.0
phoenix,29545,2023-09-21,grid_01,0.1,0.2,BLOCK_RANGE_ONLY,8.0,linear,emitted_flux,W/m2,ESTIMABLE,6.011644642442747,5.361114884419993,6.621605504192147,0.3185738703511316,1.2604906197721544,1000.0,0.0
phoenix,29545,2023-09-21,grid_01,0.1,0.2,BLOCK_RANGE_ONLY,8.0,linear,temperature_equivalent,K,ESTIMABLE,0.9008582168330576,0.8030001821678369,0.9926967639632664,0.0479436222070737,0.1896965817954296,1000.0,0.0
phoenix,29545,2023-09-21,grid_01,0.1,0.2,BLOCK_RANGE_ONLY,8.0,linear,temperature_minus_equivalent,K,ESTIMABLE,-0.0006090195143988,-0.0465216862546435,0.0451250742354807,0.0232516122242088,0.0916467604901242,1000.0,0.0
phoenix,29545,2023-09-21,grid_01,0.1,0.2,BLOCK_RANGE_ONLY,8.0,quadratic,temperature,K,ESTIMABLE,0.8457227494563304,0.6212357091400242,1.053941766562974,0.1061066173139207,0.4327060574229497,1000.0,0.0
phoenix,29545,2023-09-21,grid_01,0.1,0.2,BLOCK_RANGE_ONLY,8.0,quadratic,emitted_flux,W/m2,ESTIMABLE,6.348051780917382,4.602643254450301,7.957180532574558,0.8559849641091375,3.3545372781242566,1000.0,0.0
phoenix,29545,2023-09-21,grid_01,0.1,0.2,BLOCK_RANGE_ONLY,8.0,quadratic,temperature_equivalent,K,ESTIMABLE,0.9514992700914604,0.6890200560493384,1.1940692259952712,0.1288879808937021,0.5050491699459329,1000.0,0.0
phoenix,29545,2023-09-21,grid_01,0.1,0.2,BLOCK_RANGE_ONLY,8.0,quadratic,temperature_minus_equivalent,K,ESTIMABLE,-0.1057765206351299,-0.2047885291978884,-0.0198843203065074,0.0473719052027412,0.1849042088913809,1000.0,0.0
phoenix,29545,2023-09-21,grid_01,0.1,0.2,BLOCK_RANGE_ONLY,8.0,quadratic_minus_linear,temperature,K,ESTIMABLE,-0.0545264478623284,-0.2398581636894136,0.1281159533840425,0.0931002033106126,0.3679741170734562,1000.0,0.0
phoenix,29545,2023-09-21,grid_01,0.1,0.2,BLOCK_RANGE_ONLY,8.0,quadratic_minus_linear,emitted_flux,W/m2,ESTIMABLE,0.3364071384746347,-1.0893936618149789,1.730764181500054,0.738297747913912,2.820157843315033,1000.0,0.0
phoenix,29545,2023-09-21,grid_01,0.1,0.2,BLOCK_RANGE_ONLY,8.0,quadratic_minus_linear,temperature_equivalent,K,ESTIMABLE,0.0506410532584027,-0.1638078903737849,0.2607232358225586,0.111175239573432,0.4245311261963435,1000.0,0.0
phoenix,29545,2023-09-21,grid_01,0.1,0.2,BLOCK_RANGE_ONLY,8.0,quadratic_minus_linear,temperature_minus_equivalent,K,ESTIMABLE,-0.1051675011207311,-0.1785886186169471,-0.0382823677595664,0.0370813500497868,0.1403062508573807,1000.0,0.0
phoenix,29545,2023-09-21,grid_02,0.2,0.3,BLOCK_RANGE_ONLY,1.0,linear,temperature,K,ESTIMABLE,0.9002491973186586,0.8564507032418458,0.9441332657368364,0.0233618805948286,0.0876825624949907,1000.0,0.0
phoenix,29545,2023-09-21,grid_02,0.2,0.3,BLOCK_RANGE_ONLY,1.0,linear,emitted_flux,W/m2,ESTIMABLE,6.011644642442746,5.71124655812646,6.317713375150209,0.1621234507775733,0.6064668170237493,1000.0,0.0
phoenix,29545,2023-09-21,grid_02,0.2,0.3,BLOCK_RANGE_ONLY,1.0,linear,temperature_equivalent,K,ESTIMABLE,0.9008582168330576,0.8556584943364243,0.9469312721959424,0.0243995241368725,0.0912727778595182,1000.0,0.0
phoenix,29545,2023-09-21,grid_02,0.2,0.3,BLOCK_RANGE_ONLY,1.0,linear,temperature_minus_equivalent,K,ESTIMABLE,-0.000609019514399,-0.0192719991810857,0.0176746631958572,0.0094746223379409,0.0369466623769429,1000.0,0.0
phoenix,29545,2023-09-21,grid_02,0.2,0.3,BLOCK_RANGE_ONLY,1.0,quadratic,temperature,K,ESTIMABLE,0.7846147759910617,0.5443366327681382,1.0340559103961766,0.1264924560530927,0.4897192776280384,1000.0,0.0
phoenix,29545,2023-09-21,grid_02,0.2,0.3,BLOCK_RANGE_ONLY,1.0,quadratic,emitted_flux,W/m2,ESTIMABLE,6.725064392179692,5.031325934477596,8.426153326383476,0.88200153883443,3.3948273919058805,1000.0,0.0
phoenix,29545,2023-09-21,grid_02,0.2,0.3,BLOCK_RANGE_ONLY,1.0,quadratic,temperature_equivalent,K,ESTIMABLE,1.008282017064289,0.7534255481205833,1.2648711144904197,0.1328775913717612,0.5114455663698364,1000.0,0.0
phoenix,29545,2023-09-21,grid_02,0.2,0.3,BLOCK_RANGE_ONLY,1.0,quadratic,temperature_minus_equivalent,K,ESTIMABLE,-0.2236672410732273,-0.3372462237151803,-0.1080532285878204,0.0564771532797084,0.2291929951273599,1000.0,0.0
phoenix,29545,2023-09-21,grid_02,0.2,0.3,BLOCK_RANGE_ONLY,1.0,quadratic_minus_linear,temperature,K,ESTIMABLE,-0.1156344213275969,-0.3483146909226153,0.1207703569867029,0.1212234725996405,0.4690850479093182,1000.0,0.0
phoenix,29545,2023-09-21,grid_02,0.2,0.3,BLOCK_RANGE_ONLY,1.0,quadratic_minus_linear,emitted_flux,W/m2,ESTIMABLE,0.7134197497369463,-0.961153989265757,2.381897044397564,0.8556032832904622,3.343051033663321,1000.0,0.0
phoenix,29545,2023-09-21,grid_02,0.2,0.3,BLOCK_RANGE_ONLY,1.0,quadratic_minus_linear,temperature_equivalent,K,ESTIMABLE,0.1074238002312313,-0.14452895677274,0.3590931128431264,0.1289021976944024,0.5036220696158664,1000.0,0.0
phoenix,29545,2023-09-21,grid_02,0.2,0.3,BLOCK_RANGE_ONLY,1.0,quadratic_minus_linear,temperature_minus_equivalent,K,ESTIMABLE,-0.2230582215588282,-0.3311288367567427,-0.1123036370437301,0.0563612799831159,0.2188251997130126,1000.0,0.0
phoenix,29545,2023-09-21,grid_02,0.2,0.3,BLOCK_RANGE_ONLY,8.0,linear,temperature,K,ESTIMABLE,0.9002491973186586,0.8186436344853679,0.97757864726111,0.0410007107416272,0.1589350127757421,1000.0,0.0
phoenix,29545,2023-09-21,grid_02,0.2,0.3,BLOCK_RANGE_ONLY,8.0,linear,emitted_flux,W/m2,ESTIMABLE,6.011644642442746,5.361114884419991,6.6216055041921456,0.3185738703511315,1.2604906197721544,1000.0,0.0
phoenix,29545,2023-09-21,grid_02,0.2,0.3,BLOCK_RANGE_ONLY,8.0,linear,temperature_equivalent,K,ESTIMABLE,0.9008582168330576,0.8030001821678369,0.9926967639632664,0.0479436222070736,0.1896965817954296,1000.0,0.0
phoenix,29545,2023-09-21,grid_02,0.2,0.3,BLOCK_RANGE_ONLY,8.0,linear,temperature_minus_equivalent,K,ESTIMABLE,-0.000609019514399,-0.0465216862546438,0.0451250742354804,0.0232516122242087,0.0916467604901242,1000.0,0.0
phoenix,29545,2023-09-21,grid_02,0.2,0.3,BLOCK_RANGE_ONLY,8.0,quadratic,temperature,K,ESTIMABLE,0.7846147759910617,0.3650148243343133,1.1742676675031167,0.2066193666483851,0.8092528431688033,1000.0,0.0
phoenix,29545,2023-09-21,grid_02,0.2,0.3,BLOCK_RANGE_ONLY,8.0,quadratic,emitted_flux,W/m2,ESTIMABLE,6.725064392179692,3.5755907186178466,9.806008663798304,1.6509525355616517,6.230417945180459,1000.0,0.0
phoenix,29545,2023-09-21,grid_02,0.2,0.3,BLOCK_RANGE_ONLY,8.0,quadratic,temperature_equivalent,K,ESTIMABLE,1.008282017064289,0.5348761593767307,1.4734696905420732,0.2487350143199846,0.9385935311653424,1000.0,0.0
phoenix,29545,2023-09-21,grid_02,0.2,0.3,BLOCK_RANGE_ONLY,8.0,quadratic,temperature_minus_equivalent,K,ESTIMABLE,-0.2236672410732273,-0.4026346696376581,-0.0683253311771459,0.0855090032061417,0.3343093384605121,1000.0,0.0
phoenix,29545,2023-09-21,grid_02,0.2,0.3,BLOCK_RANGE_ONLY,8.0,quadratic_minus_linear,temperature,K,ESTIMABLE,-0.1156344213275969,-0.5128575800287118,0.2708620578600236,0.1976589103631097,0.7837196378887354,1000.0,0.0
phoenix,29545,2023-09-21,grid_02,0.2,0.3,BLOCK_RANGE_ONLY,8.0,quadratic_minus_linear,emitted_flux,W/m2,ESTIMABLE,0.7134197497369463,-2.320846947734665,3.647241226756621,1.562667380186358,5.968088174491286,1000.0,0.0
phoenix,29545,2023-09-21,grid_02,0.2,0.3,BLOCK_RANGE_ONLY,8.0,quadratic_minus_linear,temperature_equivalent,K,ESTIMABLE,0.1074238002312313,-0.3488953871071942,0.5504048916181671,0.2354467455882963,0.8993002787253612,1000.0,0.0
phoenix,29545,2023-09-21,grid_02,0.2,0.3,BLOCK_RANGE_ONLY,8.0,quadratic_minus_linear,temperature_minus_equivalent,K,ESTIMABLE,-0.2230582215588282,-0.379061798266019,-0.081329243332934,0.0780782030585866,0.2977325549330849,1000.0,0.0
phoenix,29545,2023-09-21,grid_03,0.3,0.4,NO_SPANNING_BLOCKS,,,,,NOT_ESTIMATED_NO_REFERENCE_BLOCKS,,,,,,,
phoenix,29545,2023-09-21,grid_04,0.4,0.5,NO_SPANNING_BLOCKS,,,,,NOT_ESTIMATED_NO_REFERENCE_BLOCKS,,,,,,,
phoenix,29545,2023-09-21,grid_05,0.5,0.6,NO_SPANNING_BLOCKS,,,,,NOT_ESTIMATED_NO_REFERENCE_BLOCKS,,,,,,,
phoenix,29545,2023-09-21,grid_06,0.6,0.7,NO_SPANNING_BLOCKS,,,,,NOT_ESTIMATED_NO_REFERENCE_BLOCKS,,,,,,,
phoenix,29545,2023-09-21,grid_07,0.7,0.8,NO_SPANNING_BLOCKS,,,,,NOT_ESTIMATED_NO_REFERENCE_BLOCKS,,,,,,,
phoenix,29545,2023-09-21,grid_08,0.8,0.9,NO_SPANNING_BLOCKS,,,,,NOT_ESTIMATED_NO_REFERENCE_BLOCKS,,,,,,,
phoenix,29545,2023-09-21,grid_09,0.9,1.0,NO_SPANNING_BLOCKS,,,,,NOT_ESTIMATED_NO_REFERENCE_BLOCKS,,,,,,,
phoenix,29606,2023-09-25,near_-0.02,0.0085095386207103,0.1085095386207103,BLOCK_RANGE_ONLY,1.0,linear,temperature,K,ESTIMABLE,1.1291956960269176,1.081706876090277,1.1725724870356409,0.0227627221523834,0.0908656109453638,1000.0,0.0
phoenix,29606,2023-09-25,near_-0.02,0.0085095386207103,0.1085095386207103,BLOCK_RANGE_ONLY,1.0,linear,emitted_flux,W/m2,ESTIMABLE,8.0628075610212,7.720360560565577,8.385069196982032,0.170835332924289,0.6647086364164547,1000.0,0.0
phoenix,29606,2023-09-25,near_-0.02,0.0085095386207103,0.1085095386207103,BLOCK_RANGE_ONLY,1.0,linear,temperature_equivalent,K,ESTIMABLE,1.2100117938991275,1.1583341921208985,1.2586666326103142,0.0257861652872014,0.1003324404894159,1000.0,0.0
phoenix,29606,2023-09-25,near_-0.02,0.0085095386207103,0.1085095386207103,BLOCK_RANGE_ONLY,1.0,linear,temperature_minus_equivalent,K,ESTIMABLE,-0.0808160978722098,-0.0954889442113744,-0.0665563547143063,0.0072399355644545,0.0289325894970681,1000.0,0.0
phoenix,29606,2023-09-25,near_-0.02,0.0085095386207103,0.1085095386207103,BLOCK_RANGE_ONLY,1.0,quadratic,temperature,K,ESTIMABLE,1.12084545182483,1.0720587464787747,1.1643672084890992,0.0230858974835327,0.0923084620103245,1000.0,0.0
phoenix,29606,2023-09-25,near_-0.02,0.0085095386207103,0.1085095386207103,BLOCK_RANGE_ONLY,1.0,quadratic,emitted_flux,W/m2,ESTIMABLE,7.968705705932562,7.623649652598127,8.296383226501048,0.173016300662148,0.6727335739029208,1000.0,0.0
phoenix,29606,2023-09-25,near_-0.02,0.0085095386207103,0.1085095386207103,BLOCK_RANGE_ONLY,1.0,quadratic,temperature_equivalent,K,ESTIMABLE,1.1958086324798387,1.1437444776279264,1.2452746269362662,0.026111922159179,0.1015301493083398,1000.0,0.0
phoenix,29606,2023-09-25,near_-0.02,0.0085095386207103,0.1085095386207103,BLOCK_RANGE_ONLY,1.0,quadratic,temperature_minus_equivalent,K,ESTIMABLE,-0.0749631806550088,-0.0895949687936382,-0.0605517094798148,0.0073173019086749,0.0290432593138234,1000.0,0.0
phoenix,29606,2023-09-25,near_-0.02,0.0085095386207103,0.1085095386207103,BLOCK_RANGE_ONLY,1.0,quadratic_minus_linear,temperature,K,ESTIMABLE,-0.0083502442020877,-0.0134039031000919,-0.0035410821934626,0.0026101364741901,0.0098628209066292,1000.0,0.0
phoenix,29606,2023-09-25,near_-0.02,0.0085095386207103,0.1085095386207103,BLOCK_RANGE_ONLY,1.0,quadratic_minus_linear,emitted_flux,W/m2,ESTIMABLE,-0.0941018550886383,-0.1314642796305673,-0.0590003427636091,0.019255255932065,0.0724639368669581,1000.0,0.0
phoenix,29606,2023-09-25,near_-0.02,0.0085095386207103,0.1085095386207103,BLOCK_RANGE_ONLY,1.0,quadratic_minus_linear,temperature_equivalent,K,ESTIMABLE,-0.0142031614192887,-0.0198434236906038,-0.0089027903199607,0.0029058553373504,0.0109406333706431,1000.0,0.0
phoenix,29606,2023-09-25,near_-0.02,0.0085095386207103,0.1085095386207103,BLOCK_RANGE_ONLY,1.0,quadratic_minus_linear,temperature_minus_equivalent,K,ESTIMABLE,0.005852917217201,0.0042137986288539,0.007496161198329,0.0008662741811556,0.003282362569475,1000.0,0.0
phoenix,29606,2023-09-25,near_-0.02,0.0085095386207103,0.1085095386207103,BLOCK_RANGE_ONLY,8.0,linear,temperature,K,ESTIMABLE,1.1291956960269176,1.056095861712428,1.2068747125713764,0.038959211203846,0.1507788508589482,1000.0,0.0
phoenix,29606,2023-09-25,near_-0.02,0.0085095386207103,0.1085095386207103,BLOCK_RANGE_ONLY,8.0,linear,emitted_flux,W/m2,ESTIMABLE,8.0628075610212,7.521968833820626,8.714570335765064,0.3052479982410775,1.1926015019444378,1000.0,0.0
phoenix,29606,2023-09-25,near_-0.02,0.0085095386207103,0.1085095386207103,BLOCK_RANGE_ONLY,8.0,linear,temperature_equivalent,K,ESTIMABLE,1.2100117938991275,1.128407203728682,1.3084379188664954,0.0460771239962701,0.1800307151378135,1000.0,0.0
phoenix,29606,2023-09-25,near_-0.02,0.0085095386207103,0.1085095386207103,BLOCK_RANGE_ONLY,8.0,linear,temperature_minus_equivalent,K,ESTIMABLE,-0.0808160978722098,-0.1155921461491724,-0.0493170755635121,0.0166010404189735,0.0662750705856603,1000.0,0.0
phoenix,29606,2023-09-25,near_-0.02,0.0085095386207103,0.1085095386207103,BLOCK_RANGE_ONLY,8.0,quadratic,temperature,K,ESTIMABLE,1.12084545182483,1.0497569024124924,1.197858474060035,0.0383111123495851,0.1481015716475426,1000.0,0.0
phoenix,29606,2023-09-25,near_-0.02,0.0085095386207103,0.1085095386207103,BLOCK_RANGE_ONLY,8.0,quadratic,emitted_flux,W/m2,ESTIMABLE,7.968705705932562,7.401998283161117,8.627905234649472,0.3079038239188162,1.225906951488354,1000.0,0.0
phoenix,29606,2023-09-25,near_-0.02,0.0085095386207103,0.1085095386207103,BLOCK_RANGE_ONLY,8.0,quadratic,temperature_equivalent,K,ESTIMABLE,1.1958086324798387,1.1103140440582575,1.2953448209858096,0.0464721037560033,0.1850307769275518,1000.0,0.0
phoenix,29606,2023-09-25,near_-0.02,0.0085095386207103,0.1085095386207103,BLOCK_RANGE_ONLY,8.0,quadratic,temperature_minus_equivalent,K,ESTIMABLE,-0.0749631806550088,-0.1098249457499046,-0.0422328314457523,0.0173457088226217,0.0675921143041523,1000.0,0.0
phoenix,29606,2023-09-25,near_-0.02,0.0085095386207103,0.1085095386207103,BLOCK_RANGE_ONLY,8.0,quadratic_minus_linear,temperature,K,ESTIMABLE,-0.0083502442020877,-0.0170131193617177,0.0015093561576692,0.0046323765051736,0.0185224755193869,1000.0,0.0
phoenix,29606,2023-09-25,near_-0.02,0.0085095386207103,0.1085095386207103,BLOCK_RANGE_ONLY,8.0,quadratic_minus_linear,emitted_flux,W/m2,ESTIMABLE,-0.0941018550886383,-0.1634525176973649,-0.0181275812753102,0.0369664017275546,0.1453249364220547,1000.0,0.0
phoenix,29606,2023-09-25,near_-0.02,0.0085095386207103,0.1085095386207103,BLOCK_RANGE_ONLY,8.0,quadratic_minus_linear,temperature_equivalent,K,ESTIMABLE,-0.0142031614192887,-0.0246647166419606,-0.0027366625294831,0.0055786959872566,0.0219280541124774,1000.0,0.0
phoenix,29606,2023-09-25,near_-0.02,0.0085095386207103,0.1085095386207103,BLOCK_RANGE_ONLY,8.0,quadratic_minus_linear,temperature_minus_equivalent,K,ESTIMABLE,0.005852917217201,0.0026508669053209,0.0088920825387131,0.0016229727120283,0.0062412156333921,1000.0,0.0
phoenix,29606,2023-09-25,near_-0.01,0.0185095386207103,0.1185095386207103,BLOCK_RANGE_ONLY,1.0,linear,temperature,K,ESTIMABLE,1.1291956960269176,1.081706876090277,1.1725724870356409,0.0227627221523834,0.0908656109453638,1000.0,0.0
phoenix,29606,2023-09-25,near_-0.01,0.0185095386207103,0.1185095386207103,BLOCK_RANGE_ONLY,1.0,linear,emitted_flux,W/m2,ESTIMABLE,8.0628075610212,7.720360560565577,8.385069196982032,0.170835332924289,0.6647086364164547,1000.0,0.0
phoenix,29606,2023-09-25,near_-0.01,0.0185095386207103,0.1185095386207103,BLOCK_RANGE_ONLY,1.0,linear,temperature_equivalent,K,ESTIMABLE,1.2100117938991275,1.1583341921208985,1.2586666326103142,0.0257861652872014,0.1003324404894159,1000.0,0.0
phoenix,29606,2023-09-25,near_-0.01,0.0185095386207103,0.1185095386207103,BLOCK_RANGE_ONLY,1.0,linear,temperature_minus_equivalent,K,ESTIMABLE,-0.0808160978722098,-0.0954889442113744,-0.0665563547143063,0.0072399355644545,0.0289325894970681,1000.0,0.0
phoenix,29606,2023-09-25,near_-0.01,0.0185095386207103,0.1185095386207103,BLOCK_RANGE_ONLY,1.0,quadratic,temperature,K,ESTIMABLE,1.1446993463691868,1.0973646229857286,1.187365889671759,0.0228261886192701,0.0900012666860303,1000.0,0.0
phoenix,29606,2023-09-25,near_-0.01,0.0185095386207103,0.1185095386207103,BLOCK_RANGE_ONLY,1.0,quadratic,emitted_flux,W/m2,ESTIMABLE,8.237523679801091,7.904646509612575,8.551195062885922,0.1715838117696276,0.6465485532733473,1000.0,0.0
phoenix,29606,2023-09-25,near_-0.01,0.0185095386207103,0.1185095386207103,BLOCK_RANGE_ONLY,1.0,quadratic,temperature_equivalent,K,ESTIMABLE,1.2363875012708263,1.1861410312721872,1.2837570517734704,0.0259056260589921,0.0976160205012832,1000.0,0.0
phoenix,29606,2023-09-25,near_-0.01,0.0185095386207103,0.1185095386207103,BLOCK_RANGE_ONLY,1.0,quadratic,temperature_minus_equivalent,K,ESTIMABLE,-0.0916881549016395,-0.1064615977220986,-0.0775107967330206,0.007439389322407,0.028950800989078,1000.0,0.0
phoenix,29606,2023-09-25,near_-0.01,0.0185095386207103,0.1185095386207103,BLOCK_RANGE_ONLY,1.0,quadratic_minus_linear,temperature,K,ESTIMABLE,0.0155036503422691,0.0060598245998272,0.0258457231799201,0.005164191307454,0.0197858985800928,1000.0,0.0
phoenix,29606,2023-09-25,near_-0.01,0.0185095386207103,0.1185095386207103,BLOCK_RANGE_ONLY,1.0,quadratic_minus_linear,emitted_flux,W/m2,ESTIMABLE,0.1747161187798909,0.1023245624568468,0.2538949066506028,0.0398484421069579,0.1515703441937559,1000.0,0.0
phoenix,29606,2023-09-25,near_-0.01,0.0185095386207103,0.1185095386207103,BLOCK_RANGE_ONLY,1.0,quadratic_minus_linear,temperature_equivalent,K,ESTIMABLE,0.0263757073716988,0.0154502866665723,0.0383461079318934,0.0060158188149591,0.0228958212653211,1000.0,0.0
phoenix,29606,2023-09-25,near_-0.01,0.0185095386207103,0.1185095386207103,BLOCK_RANGE_ONLY,1.0,quadratic_minus_linear,temperature_minus_equivalent,K,ESTIMABLE,-0.0108720570294296,-0.0146017513657257,-0.0077182660931965,0.0018017895027176,0.0068834852725292,1000.0,0.0
phoenix,29606,2023-09-25,near_-0.01,0.0185095386207103,0.1185095386207103,BLOCK_RANGE_ONLY,8.0,linear,temperature,K,ESTIMABLE,1.1291956960269176,1.056095861712428,1.2068747125713764,0.038959211203846,0.1507788508589482,1000.0,0.0
phoenix,29606,2023-09-25,near_-0.01,0.0185095386207103,0.1185095386207103,BLOCK_RANGE_ONLY,8.0,linear,emitted_flux,W/m2,ESTIMABLE,8.0628075610212,7.521968833820626,8.714570335765064,0.3052479982410775,1.1926015019444378,1000.0,0.0
phoenix,29606,2023-09-25,near_-0.01,0.0185095386207103,0.1185095386207103,BLOCK_RANGE_ONLY,8.0,linear,temperature_equivalent,K,ESTIMABLE,1.2100117938991275,1.128407203728682,1.3084379188664954,0.0460771239962701,0.1800307151378135,1000.0,0.0
phoenix,29606,2023-09-25,near_-0.01,0.0185095386207103,0.1185095386207103,BLOCK_RANGE_ONLY,8.0,linear,temperature_minus_equivalent,K,ESTIMABLE,-0.0808160978722098,-0.1155921461491724,-0.0493170755635121,0.0166010404189735,0.0662750705856603,1000.0,0.0
phoenix,29606,2023-09-25,near_-0.01,0.0185095386207103,0.1185095386207103,BLOCK_RANGE_ONLY,8.0,quadratic,temperature,K,ESTIMABLE,1.1446993463691868,1.0644534687409974,1.2381846928845133,0.0440517735363401,0.1737312241435158,1000.0,0.0
phoenix,29606,2023-09-25,near_-0.01,0.0185095386207103,0.1185095386207103,BLOCK_RANGE_ONLY,8.0,quadratic,emitted_flux,W/m2,ESTIMABLE,8.237523679801091,7.620889222399219,8.99456997052581,0.350029119616807,1.3736807481265902,1000.0,0.0
phoenix,29606,2023-09-25,near_-0.01,0.0185095386207103,0.1185095386207103,BLOCK_RANGE_ONLY,8.0,quadratic,temperature_equivalent,K,ESTIMABLE,1.2363875012708263,1.1433280716555714,1.3507506227373909,0.0528524591169513,0.2074225510818195,1000.0,0.0
phoenix,29606,2023-09-25,near_-0.01,0.0185095386207103,0.1185095386207103,BLOCK_RANGE_ONLY,8.0,quadratic,temperature_minus_equivalent,K,ESTIMABLE,-0.0916881549016395,-0.1296768208556129,-0.0577975762300162,0.0182342059661063,0.0718792446255967,1000.0,0.0
phoenix,29606,2023-09-25,near_-0.01,0.0185095386207103,0.1185095386207103,BLOCK_RANGE_ONLY,8.0,quadratic_minus_linear,temperature,K,ESTIMABLE,0.0155036503422691,-0.0019021703669092,0.0431647051661842,0.0114226963086929,0.0450668755330935,1000.0,0.0
phoenix,29606,2023-09-25,near_-0.01,0.0185095386207103,0.1185095386207103,BLOCK_RANGE_ONLY,8.0,quadratic_minus_linear,emitted_flux,W/m2,ESTIMABLE,0.1747161187798909,0.029658734484723,0.4091706104922102,0.098677938259075,0.3795118760074871,1000.0,0.0
phoenix,29606,2023-09-25,near_-0.01,0.0185095386207103,0.1185095386207103,BLOCK_RANGE_ONLY,8.0,quadratic_minus_linear,temperature_equivalent,K,ESTIMABLE,0.0263757073716988,0.0044780540782355,0.0617799576547468,0.01490476841348,0.0573019035765113,1000.0,0.0
phoenix,29606,2023-09-25,near_-0.01,0.0185095386207103,0.1185095386207103,BLOCK_RANGE_ONLY,8.0,quadratic_minus_linear,temperature_minus_equivalent,K,ESTIMABLE,-0.0108720570294296,-0.0204587841814676,-0.0046079741409099,0.0041837315302563,0.0158508100405577,1000.0,0.0
phoenix,29606,2023-09-25,historical,0.0285095386207103,0.1285095386207103,BLOCK_RANGE_ONLY,1.0,linear,temperature,K,ESTIMABLE,1.1291956960269176,1.081706876090277,1.1725724870356409,0.0227627221523834,0.0908656109453638,1000.0,0.0
phoenix,29606,2023-09-25,historical,0.0285095386207103,0.1285095386207103,BLOCK_RANGE_ONLY,1.0,linear,emitted_flux,W/m2,ESTIMABLE,8.0628075610212,7.720360560565577,8.385069196982032,0.170835332924289,0.6647086364164547,1000.0,0.0
phoenix,29606,2023-09-25,historical,0.0285095386207103,0.1285095386207103,BLOCK_RANGE_ONLY,1.0,linear,temperature_equivalent,K,ESTIMABLE,1.2100117938991275,1.1583341921208985,1.2586666326103142,0.0257861652872014,0.1003324404894159,1000.0,0.0
phoenix,29606,2023-09-25,historical,0.0285095386207103,0.1285095386207103,BLOCK_RANGE_ONLY,1.0,linear,temperature_minus_equivalent,K,ESTIMABLE,-0.0808160978722098,-0.0954889442113744,-0.0665563547143063,0.0072399355644545,0.0289325894970681,1000.0,0.0
phoenix,29606,2023-09-25,historical,0.0285095386207103,0.1285095386207103,BLOCK_RANGE_ONLY,1.0,quadratic,temperature,K,ESTIMABLE,1.168553240913544,1.1167249796481418,1.2127946289488156,0.0249713080207898,0.0960696493006738,1000.0,0.0
phoenix,29606,2023-09-25,historical,0.0285095386207103,0.1285095386207103,BLOCK_RANGE_ONLY,1.0,quadratic,emitted_flux,W/m2,ESTIMABLE,8.506341653669619,8.139020474576482,8.857250347548584,0.1875184085384807,0.7182298729721026,1000.0,0.0
phoenix,29606,2023-09-25,historical,0.0285095386207103,0.1285095386207103,BLOCK_RANGE_ONLY,1.0,quadratic,temperature_equivalent,K,ESTIMABLE,1.276982131656098,1.2215163220601195,1.3299971524657892,0.0283224539030143,0.1084808304056694,1000.0,0.0
phoenix,29606,2023-09-25,historical,0.0285095386207103,0.1285095386207103,BLOCK_RANGE_ONLY,1.0,quadratic,temperature_minus_equivalent,K,ESTIMABLE,-0.1084288907425539,-0.1245540507404824,-0.0929557864646169,0.0082743987031052,0.0315982642758655,1000.0,0.0
phoenix,29606,2023-09-25,historical,0.0285095386207103,0.1285095386207103,BLOCK_RANGE_ONLY,1.0,quadratic_minus_linear,temperature,K,ESTIMABLE,0.0393575448866263,0.0157688028985888,0.0641295063362322,0.0126877911564788,0.0483607034376433,1000.0,0.0
phoenix,29606,2023-09-25,historical,0.0285095386207103,0.1285095386207103,BLOCK_RANGE_ONLY,1.0,quadratic_minus_linear,emitted_flux,W/m2,ESTIMABLE,0.4435340926484183,0.266199450352581,0.6253124045823907,0.0949779801244644,0.3591129542298096,1000.0,0.0
phoenix,29606,2023-09-25,historical,0.0285095386207103,0.1285095386207103,BLOCK_RANGE_ONLY,1.0,quadratic_minus_linear,temperature_equivalent,K,ESTIMABLE,0.0669703377569703,0.0401947698073811,0.0944473774941755,0.0143441598951947,0.0542526076867943,1000.0,0.0
phoenix,29606,2023-09-25,historical,0.0285095386207103,0.1285095386207103,BLOCK_RANGE_ONLY,1.0,quadratic_minus_linear,temperature_minus_equivalent,K,ESTIMABLE,-0.027612792870344,-0.0360774431023734,-0.0199420546378377,0.0041310155237315,0.0161353884645356,1000.0,0.0
phoenix,29606,2023-09-25,historical,0.0285095386207103,0.1285095386207103,BLOCK_RANGE_ONLY,8.0,linear,temperature,K,ESTIMABLE,1.1291956960269176,1.056095861712428,1.2068747125713764,0.038959211203846,0.1507788508589482,1000.0,0.0
phoenix,29606,2023-09-25,historical,0.0285095386207103,0.1285095386207103,BLOCK_RANGE_ONLY,8.0,linear,emitted_flux,W/m2,ESTIMABLE,8.0628075610212,7.521968833820626,8.714570335765064,0.3052479982410775,1.1926015019444378,1000.0,0.0
phoenix,29606,2023-09-25,historical,0.0285095386207103,0.1285095386207103,BLOCK_RANGE_ONLY,8.0,linear,temperature_equivalent,K,ESTIMABLE,1.2100117938991275,1.128407203728682,1.3084379188664954,0.0460771239962701,0.1800307151378135,1000.0,0.0
phoenix,29606,2023-09-25,historical,0.0285095386207103,0.1285095386207103,BLOCK_RANGE_ONLY,8.0,linear,temperature_minus_equivalent,K,ESTIMABLE,-0.0808160978722098,-0.1155921461491724,-0.0493170755635121,0.0166010404189735,0.0662750705856603,1000.0,0.0
phoenix,29606,2023-09-25,historical,0.0285095386207103,0.1285095386207103,BLOCK_RANGE_ONLY,8.0,quadratic,temperature,K,ESTIMABLE,1.168553240913544,1.0726508333095126,1.2815161903815584,0.0533778250079061,0.2088653570720458,1000.0,0.0
phoenix,29606,2023-09-25,historical,0.0285095386207103,0.1285095386207103,BLOCK_RANGE_ONLY,8.0,quadratic,emitted_flux,W/m2,ESTIMABLE,8.506341653669619,7.770527361733903,9.414590306615782,0.4221778956497252,1.644062944881879,1000.0,0.0
phoenix,29606,2023-09-25,historical,0.0285095386207103,0.1285095386207103,BLOCK_RANGE_ONLY,8.0,quadratic,temperature_equivalent,K,ESTIMABLE,1.276982131656098,1.1659031095933985,1.4142549865527827,0.0637730781551322,0.2483518769593844,1000.0,0.0
phoenix,29606,2023-09-25,historical,0.0285095386207103,0.1285095386207103,BLOCK_RANGE_ONLY,8.0,quadratic,temperature_minus_equivalent,K,ESTIMABLE,-0.1084288907425539,-0.1506629903805501,-0.0727928902797552,0.0199746543319206,0.0778701001007949,1000.0,0.0
phoenix,29606,2023-09-25,historical,0.0285095386207103,0.1285095386207103,BLOCK_RANGE_ONLY,8.0,quadratic_minus_linear,temperature,K,ESTIMABLE,0.0393575448866263,-0.0056073622520787,0.0963727542588399,0.0259867869979873,0.1019801165109187,1000.0,0.0
phoenix,29606,2023-09-25,historical,0.0285095386207103,0.1285095386207103,BLOCK_RANGE_ONLY,8.0,quadratic_minus_linear,emitted_flux,W/m2,ESTIMABLE,0.4435340926484183,0.0864415806842583,0.923591691328542,0.2147238397129353,0.8371501106442837,1000.0,0.0
phoenix,29606,2023-09-25,historical,0.0285095386207103,0.1285095386207103,BLOCK_RANGE_ONLY,8.0,quadratic_minus_linear,temperature_equivalent,K,ESTIMABLE,0.0669703377569703,0.0130454095441265,0.1395646578550284,0.0324456470574814,0.1265192483109018,1000.0,0.0
phoenix,29606,2023-09-25,historical,0.0285095386207103,0.1285095386207103,BLOCK_RANGE_ONLY,8.0,quadratic_minus_linear,temperature_minus_equivalent,K,ESTIMABLE,-0.027612792870344,-0.0455914844726492,-0.0146513896050618,0.008202778523535,0.0309400948675873,1000.0,0.0
phoenix,29606,2023-09-25,near_+0.01,0.0385095386207103,0.1385095386207104,BLOCK_RANGE_ONLY,1.0,linear,temperature,K,ESTIMABLE,1.1291956960269176,1.081706876090277,1.1725724870356409,0.0227627221523834,0.0908656109453638,1000.0,0.0
phoenix,29606,2023-09-25,near_+0.01,0.0385095386207103,0.1385095386207104,BLOCK_RANGE_ONLY,1.0,linear,emitted_flux,W/m2,ESTIMABLE,8.0628075610212,7.720360560565577,8.385069196982032,0.170835332924289,0.6647086364164547,1000.0,0.0
phoenix,29606,2023-09-25,near_+0.01,0.0385095386207103,0.1385095386207104,BLOCK_RANGE_ONLY,1.0,linear,temperature_equivalent,K,ESTIMABLE,1.2100117938991275,1.1583341921208985,1.2586666326103142,0.0257861652872014,0.1003324404894159,1000.0,0.0
phoenix,29606,2023-09-25,near_+0.01,0.0385095386207103,0.1385095386207104,BLOCK_RANGE_ONLY,1.0,linear,temperature_minus_equivalent,K,ESTIMABLE,-0.0808160978722098,-0.0954889442113744,-0.0665563547143063,0.0072399355644545,0.0289325894970681,1000.0,0.0
phoenix,29606,2023-09-25,near_+0.01,0.0385095386207103,0.1385095386207104,BLOCK_RANGE_ONLY,1.0,quadratic,temperature,K,ESTIMABLE,1.192407135457901,1.132926752729325,1.2454902480328036,0.0289922864703731,0.1125634953034786,1000.0,0.0
phoenix,29606,2023-09-25,near_+0.01,0.0385095386207103,0.1385095386207104,BLOCK_RANGE_ONLY,1.0,quadratic,emitted_flux,W/m2,ESTIMABLE,8.775159627538148,8.35808868746482,9.189034571490104,0.2170278496715189,0.830945884025283,1000.0,0.0
phoenix,29606,2023-09-25,near_+0.01,0.0385095386207103,0.1385095386207104,BLOCK_RANGE_ONLY,1.0,quadratic,temperature_equivalent,K,ESTIMABLE,1.317592537927908,1.2545922649548131,1.380147616082138,0.0327924532224714,0.1255553511273248,1000.0,0.0
phoenix,29606,2023-09-25,near_+0.01,0.0385095386207103,0.1385095386207104,BLOCK_RANGE_ONLY,1.0,quadratic,temperature_minus_equivalent,K,ESTIMABLE,-0.1251854024700069,-0.1444371784138099,-0.1069210405272072,0.0096411353348016,0.0375161378866026,1000.0,0.0
phoenix,29606,2023-09-25,near_+0.01,0.0385095386207103,0.1385095386207104,BLOCK_RANGE_ONLY,1.0,quadratic_minus_linear,temperature,K,ESTIMABLE,0.0632114394309832,0.0254777811973503,0.1024125095136585,0.0202421918310546,0.0769347283163081,1000.0,0.0
phoenix,29606,2023-09-25,near_+0.01,0.0385095386207103,0.1385095386207104,BLOCK_RANGE_ONLY,1.0,quadratic_minus_linear,emitted_flux,W/m2,ESTIMABLE,0.7123520665169476,0.4279452191883737,0.992851274163082,0.1505640062947451,0.5649060549747082,1000.0,0.0
phoenix,29606,2023-09-25,near_+0.01,0.0385095386207103,0.1385095386207104,BLOCK_RANGE_ONLY,1.0,quadratic_minus_linear,temperature_equivalent,K,ESTIMABLE,0.1075807440287803,0.0646253552878803,0.1498977567769827,0.0227479951236847,0.0852724014891023,1000.0,0.0
phoenix,29606,2023-09-25,near_+0.01,0.0385095386207103,0.1385095386207104,BLOCK_RANGE_ONLY,1.0,quadratic_minus_linear,temperature_minus_equivalent,K,ESTIMABLE,-0.044369304597797,-0.0574714747339586,-0.0321699225987563,0.0065001591135719,0.0253015521352023,1000.0,0.0
phoenix,29606,2023-09-25,near_+0.01,0.0385095386207103,0.1385095386207104,BLOCK_RANGE_ONLY,8.0,linear,temperature,K,ESTIMABLE,1.1291956960269176,1.056095861712428,1.2068747125713764,0.038959211203846,0.1507788508589482,1000.0,0.0
phoenix,29606,2023-09-25,near_+0.01,0.0385095386207103,0.1385095386207104,BLOCK_RANGE_ONLY,8.0,linear,emitted_flux,W/m2,ESTIMABLE,8.0628075610212,7.521968833820626,8.714570335765064,0.3052479982410775,1.1926015019444378,1000.0,0.0
phoenix,29606,2023-09-25,near_+0.01,0.0385095386207103,0.1385095386207104,BLOCK_RANGE_ONLY,8.0,linear,temperature_equivalent,K,ESTIMABLE,1.2100117938991275,1.128407203728682,1.3084379188664954,0.0460771239962701,0.1800307151378135,1000.0,0.0
phoenix,29606,2023-09-25,near_+0.01,0.0385095386207103,0.1385095386207104,BLOCK_RANGE_ONLY,8.0,linear,temperature_minus_equivalent,K,ESTIMABLE,-0.0808160978722098,-0.1155921461491724,-0.0493170755635121,0.0166010404189735,0.0662750705856603,1000.0,0.0
phoenix,29606,2023-09-25,near_+0.01,0.0385095386207103,0.1385095386207104,BLOCK_RANGE_ONLY,8.0,quadratic,temperature,K,ESTIMABLE,1.192407135457901,1.0734374056272384,1.3249002908954777,0.064758332916278,0.2514628852682392,1000.0,0.0
phoenix,29606,2023-09-25,near_+0.01,0.0385095386207103,0.1385095386207104,BLOCK_RANGE_ONLY,8.0,quadratic,emitted_flux,W/m2,ESTIMABLE,8.775159627538148,7.882698805219837,9.847120721251835,0.511806738691832,1.964421916032,1000.0,0.0
phoenix,29606,2023-09-25,near_+0.01,0.0385095386207103,0.1385095386207104,BLOCK_RANGE_ONLY,8.0,quadratic,temperature_equivalent,K,ESTIMABLE,1.317592537927908,1.182828962068487,1.479691169653391,0.0773441839230349,0.2968622075849039,1000.0,0.0
phoenix,29606,2023-09-25,near_+0.01,0.0385095386207103,0.1385095386207104,BLOCK_RANGE_ONLY,8.0,quadratic,temperature_minus_equivalent,K,ESTIMABLE,-0.1251854024700069,-0.171746957207947,-0.0859864508532158,0.0223757112941015,0.0857605063547312,1000.0,0.0
phoenix,29606,2023-09-25,near_+0.01,0.0385095386207103,0.1385095386207104,BLOCK_RANGE_ONLY,8.0,quadratic_minus_linear,temperature,K,ESTIMABLE,0.0632114394309832,-0.0091646789180624,0.1499191393859666,0.0406935404534932,0.159083818304029,1000.0,0.0
phoenix,29606,2023-09-25,near_+0.01,0.0385095386207103,0.1385095386207104,BLOCK_RANGE_ONLY,8.0,quadratic_minus_linear,emitted_flux,W/m2,ESTIMABLE,0.7123520665169476,0.1423410329726555,1.4369800593003488,0.3323755261488071,1.2946390263276932,1000.0,0.0
phoenix,29606,2023-09-25,near_+0.01,0.0385095386207103,0.1385095386207104,BLOCK_RANGE_ONLY,8.0,quadratic_minus_linear,temperature_equivalent,K,ESTIMABLE,0.1075807440287803,0.0214899184801211,0.217030688671538,0.0502436275023791,0.1955407701914168,1000.0,0.0
phoenix,29606,2023-09-25,near_+0.01,0.0385095386207103,0.1385095386207104,BLOCK_RANGE_ONLY,8.0,quadratic_minus_linear,temperature_minus_equivalent,K,ESTIMABLE,-0.044369304597797,-0.0705150795683145,-0.0243853253666455,0.0123400641041763,0.0461297542016689,1000.0,0.0
phoenix,29606,2023-09-25,near_+0.02,0.0485095386207103,0.1485095386207103,BLOCK_RANGE_ONLY,1.0,linear,temperature,K,ESTIMABLE,1.1291956960269174,1.0817068760902768,1.1725724870356409,0.0227627221523834,0.090865610945364,1000.0,0.0
phoenix,29606,2023-09-25,near_+0.02,0.0485095386207103,0.1485095386207103,BLOCK_RANGE_ONLY,1.0,linear,emitted_flux,W/m2,ESTIMABLE,8.062807561021199,7.720360560565576,8.385069196982032,0.170835332924289,0.6647086364164556,1000.0,0.0
phoenix,29606,2023-09-25,near_+0.02,0.0485095386207103,0.1485095386207103,BLOCK_RANGE_ONLY,1.0,linear,temperature_equivalent,K,ESTIMABLE,1.2100117938991275,1.1583341921208985,1.2586666326103142,0.0257861652872014,0.1003324404894159,1000.0,0.0
phoenix,29606,2023-09-25,near_+0.02,0.0485095386207103,0.1485095386207103,BLOCK_RANGE_ONLY,1.0,linear,temperature_minus_equivalent,K,ESTIMABLE,-0.0808160978722101,-0.0954889442113746,-0.0665563547143065,0.0072399355644546,0.0289325894970681,1000.0,0.0
phoenix,29606,2023-09-25,near_+0.02,0.0485095386207103,0.1485095386207103,BLOCK_RANGE_ONLY,1.0,quadratic,temperature,K,ESTIMABLE,1.2162610300022578,1.147578546217414,1.2790174609539735,0.0342344013883046,0.1314389147365597,1000.0,0.0
phoenix,29606,2023-09-25,near_+0.02,0.0485095386207103,0.1485095386207103,BLOCK_RANGE_ONLY,1.0,quadratic,emitted_flux,W/m2,ESTIMABLE,9.043977601406676,8.549720561999655,9.544403534783688,0.2554502034411237,0.994682972784032,1000.0,0.0
phoenix,29606,2023-09-25,near_+0.02,0.0485095386207103,0.1485095386207103,BLOCK_RANGE_ONLY,1.0,quadratic,temperature_equivalent,K,ESTIMABLE,1.358218734399088,1.2835343276904625,1.4338897213256188,0.0386132858846713,0.1503553936351565,1000.0,0.0
phoenix,29606,2023-09-25,near_+0.02,0.0485095386207103,0.1485095386207103,BLOCK_RANGE_ONLY,1.0,quadratic,temperature_minus_equivalent,K,ESTIMABLE,-0.1419577043968303,-0.1650789773630955,-0.1201983214835037,0.0113510975687065,0.0448806558795917,1000.0,0.0
phoenix,29606,2023-09-25,near_+0.02,0.0485095386207103,0.1485095386207103,BLOCK_RANGE_ONLY,1.0,quadratic_minus_linear,temperature,K,ESTIMABLE,0.0870653339753404,0.0351867594961119,0.1407789641232592,0.0278022971882605,0.1055922046271472,1000.0,0.0
phoenix,29606,2023-09-25,near_+0.02,0.0485095386207103,0.1485095386207103,BLOCK_RANGE_ONLY,1.0,quadratic_minus_linear,emitted_flux,W/m2,ESTIMABLE,0.9811700403854768,0.5913308141358884,1.364691751258717,0.2062377467568781,0.7733609371228285,1000.0,0.0
phoenix,29606,2023-09-25,near_+0.02,0.0485095386207103,0.1485095386207103,BLOCK_RANGE_ONLY,1.0,quadratic_minus_linear,temperature_equivalent,K,ESTIMABLE,0.1482069404999606,0.0893334206791522,0.2060925076827146,0.0311716665522716,0.1167590870035624,1000.0,0.0
phoenix,29606,2023-09-25,near_+0.02,0.0485095386207103,0.1485095386207103,BLOCK_RANGE_ONLY,1.0,quadratic_minus_linear,temperature_minus_equivalent,K,ESTIMABLE,-0.0611416065246201,-0.0790595850441035,-0.0444027965827396,0.0088798783577554,0.0346567884613639,1000.0,0.0
phoenix,29606,2023-09-25,near_+0.02,0.0485095386207103,0.1485095386207103,BLOCK_RANGE_ONLY,8.0,linear,temperature,K,ESTIMABLE,1.1291956960269174,1.056095861712428,1.206874712571376,0.038959211203846,0.1507788508589482,1000.0,0.0
phoenix,29606,2023-09-25,near_+0.02,0.0485095386207103,0.1485095386207103,BLOCK_RANGE_ONLY,8.0,linear,emitted_flux,W/m2,ESTIMABLE,8.062807561021199,7.521968833820625,8.714570335765062,0.3052479982410775,1.192601501944437,1000.0,0.0
phoenix,29606,2023-09-25,near_+0.02,0.0485095386207103,0.1485095386207103,BLOCK_RANGE_ONLY,8.0,linear,temperature_equivalent,K,ESTIMABLE,1.2100117938991275,1.128407203728682,1.3084379188664954,0.0460771239962701,0.1800307151378135,1000.0,0.0
phoenix,29606,2023-09-25,near_+0.02,0.0485095386207103,0.1485095386207103,BLOCK_RANGE_ONLY,8.0,linear,temperature_minus_equivalent,K,ESTIMABLE,-0.0808160978722101,-0.1155921461491726,-0.0493170755635123,0.0166010404189735,0.0662750705856603,1000.0,0.0
phoenix,29606,2023-09-25,near_+0.02,0.0485095386207103,0.1485095386207103,BLOCK_RANGE_ONLY,8.0,quadratic,temperature,K,ESTIMABLE,1.2162610300022578,1.0756315071989375,1.377200439725484,0.077291055046878,0.3015689325265462,1000.0,0.0
phoenix,29606,2023-09-25,near_+0.02,0.0485095386207103,0.1485095386207103,BLOCK_RANGE_ONLY,8.0,quadratic,emitted_flux,W/m2,ESTIMABLE,9.043977601406676,7.971008653477565,10.332928124353996,0.6112743010835097,2.3619194708764315,1000.0,0.0
phoenix,29606,2023-09-25,near_+0.02,0.0485095386207103,0.1485095386207103,BLOCK_RANGE_ONLY,8.0,quadratic,temperature_equivalent,K,ESTIMABLE,1.358218734399088,1.1961562024735712,1.553236385166768,0.0924139410538713,0.3570801826931968,1000.0,0.0
phoenix,29606,2023-09-25,near_+0.02,0.0485095386207103,0.1485095386207103,BLOCK_RANGE_ONLY,8.0,quadratic,temperature_minus_equivalent,K,ESTIMABLE,-0.1419577043968303,-0.1949967676572205,-0.0982517753401891,0.0252555435897323,0.0967449923170313,1000.0,0.0
phoenix,29606,2023-09-25,near_+0.02,0.0485095386207103,0.1485095386207103,BLOCK_RANGE_ONLY,8.0,quadratic_minus_linear,temperature,K,ESTIMABLE,0.0870653339753404,-0.0125791667004534,0.2037781836164307,0.0554295174022344,0.2163573503168841,1000.0,0.0
phoenix,29606,2023-09-25,near_+0.02,0.0485095386207103,0.1485095386207103,BLOCK_RANGE_ONLY,8.0,quadratic_minus_linear,emitted_flux,W/m2,ESTIMABLE,0.9811700403854768,0.1976213422048774,1.938194436067554,0.45037631445709,1.740573093862677,1000.0,0.0
phoenix,29606,2023-09-25,near_+0.02,0.0485095386207103,0.1485095386207103,BLOCK_RANGE_ONLY,8.0,quadratic_minus_linear,temperature_equivalent,K,ESTIMABLE,0.1482069404999606,0.0298370480206216,0.2929556471975502,0.0681091770845225,0.2631185991769285,1000.0,0.0
phoenix,29606,2023-09-25,near_+0.02,0.0485095386207103,0.1485095386207103,BLOCK_RANGE_ONLY,8.0,quadratic_minus_linear,temperature_minus_equivalent,K,ESTIMABLE,-0.0611416065246201,-0.0963235316372247,-0.034004010607438,0.0165159853249178,0.0623195210297866,1000.0,0.0
phoenix,29606,2023-09-25,grid_00,0.0,0.1,BLOCK_RANGE_ONLY,1.0,linear,temperature,K,ESTIMABLE,1.1291956960269176,1.081706876090277,1.1725724870356409,0.0227627221523834,0.0908656109453638,1000.0,0.0
phoenix,29606,2023-09-25,grid_00,0.0,0.1,BLOCK_RANGE_ONLY,1.0,linear,emitted_flux,W/m2,ESTIMABLE,8.0628075610212,7.720360560565577,8.385069196982032,0.170835332924289,0.6647086364164547,1000.0,0.0
phoenix,29606,2023-09-25,grid_00,0.0,0.1,BLOCK_RANGE_ONLY,1.0,linear,temperature_equivalent,K,ESTIMABLE,1.2100117938991275,1.1583341921208985,1.2586666326103142,0.0257861652872014,0.1003324404894159,1000.0,0.0
phoenix,29606,2023-09-25,grid_00,0.0,0.1,BLOCK_RANGE_ONLY,1.0,linear,temperature_minus_equivalent,K,ESTIMABLE,-0.0808160978722098,-0.0954889442113744,-0.0665563547143063,0.0072399355644545,0.0289325894970681,1000.0,0.0
phoenix,29606,2023-09-25,grid_00,0.0,0.1,BLOCK_RANGE_ONLY,1.0,quadratic,temperature,K,ESTIMABLE,1.100546888136874,1.0495969453333718,1.1476210879753577,0.0251643202933338,0.0980241426419858,1000.0,0.0
phoenix,29606,2023-09-25,grid_00,0.0,0.1,BLOCK_RANGE_ONLY,1.0,quadratic,emitted_flux,W/m2,ESTIMABLE,7.739954012875026,7.365003848795307,8.099804776290659,0.1877494859677156,0.7348009274953524,1000.0,0.0
phoenix,29606,2023-09-25,grid_00,0.0,0.1,BLOCK_RANGE_ONLY,1.0,quadratic,temperature_equivalent,K,ESTIMABLE,1.161290289538954,1.1047354217412733,1.2155964570921909,0.0283263394444513,0.1108610353509176,1000.0,0.0
phoenix,29606,2023-09-25,grid_00,0.0,0.1,BLOCK_RANGE_ONLY,1.0,quadratic,temperature_minus_equivalent,K,ESTIMABLE,-0.0607434014020797,-0.0763585359359089,-0.0449794551660894,0.0078032621962753,0.0313790807698195,1000.0,0.0
phoenix,29606,2023-09-25,grid_00,0.0,0.1,BLOCK_RANGE_ONLY,1.0,quadratic_minus_linear,temperature,K,ESTIMABLE,-0.0286488078900435,-0.0461226738437344,-0.0118237602316758,0.0089472896529394,0.0342989136120586,1000.0,0.0
phoenix,29606,2023-09-25,grid_00,0.0,0.1,BLOCK_RANGE_ONLY,1.0,quadratic_minus_linear,emitted_flux,W/m2,ESTIMABLE,-0.322853548146174,-0.4470829436261104,-0.2016397055372947,0.065040051754665,0.2454432380888157,1000.0,0.0
phoenix,29606,2023-09-25,grid_00,0.0,0.1,BLOCK_RANGE_ONLY,1.0,quadratic_minus_linear,temperature_equivalent,K,ESTIMABLE,-0.0487215043601736,-0.0674786920137634,-0.0304260425128688,0.0098118635132413,0.0370526495008945,1000.0,0.0
phoenix,29606,2023-09-25,grid_00,0.0,0.1,BLOCK_RANGE_ONLY,1.0,quadratic_minus_linear,temperature_minus_equivalent,K,ESTIMABLE,0.0200726964701301,0.0147645635974525,0.0254672092540286,0.0027404546650714,0.0107026456565761,1000.0,0.0
phoenix,29606,2023-09-25,grid_00,0.0,0.1,BLOCK_RANGE_ONLY,8.0,linear,temperature,K,ESTIMABLE,1.1291956960269176,1.056095861712428,1.2068747125713764,0.038959211203846,0.1507788508589482,1000.0,0.0
phoenix,29606,2023-09-25,grid_00,0.0,0.1,BLOCK_RANGE_ONLY,8.0,linear,emitted_flux,W/m2,ESTIMABLE,8.0628075610212,7.521968833820626,8.714570335765064,0.3052479982410775,1.1926015019444378,1000.0,0.0
phoenix,29606,2023-09-25,grid_00,0.0,0.1,BLOCK_RANGE_ONLY,8.0,linear,temperature_equivalent,K,ESTIMABLE,1.2100117938991275,1.128407203728682,1.3084379188664954,0.0460771239962701,0.1800307151378135,1000.0,0.0
phoenix,29606,2023-09-25,grid_00,0.0,0.1,BLOCK_RANGE_ONLY,8.0,linear,temperature_minus_equivalent,K,ESTIMABLE,-0.0808160978722098,-0.1155921461491724,-0.0493170755635121,0.0166010404189735,0.0662750705856603,1000.0,0.0
phoenix,29606,2023-09-25,grid_00,0.0,0.1,BLOCK_RANGE_ONLY,8.0,quadratic,temperature,K,ESTIMABLE,1.100546888136874,1.0277665624962735,1.1724924190382622,0.0375315503950362,0.1447258565419884,1000.0,0.0
phoenix,29606,2023-09-25,grid_00,0.0,0.1,BLOCK_RANGE_ONLY,8.0,quadratic,emitted_flux,W/m2,ESTIMABLE,7.739954012875026,7.158201663317581,8.321437933345853,0.3054008506094138,1.163236270028272,1000.0,0.0
phoenix,29606,2023-09-25,grid_00,0.0,0.1,BLOCK_RANGE_ONLY,8.0,quadratic,temperature_equivalent,K,ESTIMABLE,1.161290289538954,1.0735559065552294,1.249057833616385,0.0460775048803314,0.1755019270611555,1000.0,0.0
phoenix,29606,2023-09-25,grid_00,0.0,0.1,BLOCK_RANGE_ONLY,8.0,quadratic,temperature_minus_equivalent,K,ESTIMABLE,-0.0607434014020797,-0.0946435902191951,-0.0275425957088635,0.0173559020125876,0.0671009945103316,1000.0,0.0
phoenix,29606,2023-09-25,grid_00,0.0,0.1,BLOCK_RANGE_ONLY,8.0,quadratic_minus_linear,temperature,K,ESTIMABLE,-0.0286488078900435,-0.0618129564627356,0.0044401149150899,0.0164897077892581,0.0662530713778255,1000.0,0.0
phoenix,29606,2023-09-25,grid_00,0.0,0.1,BLOCK_RANGE_ONLY,8.0,quadratic_minus_linear,emitted_flux,W/m2,ESTIMABLE,-0.322853548146174,-0.5719208141607318,-0.0654077280080663,0.1276438842110107,0.5065130861526654,1000.0,0.0
phoenix,29606,2023-09-25,grid_00,0.0,0.1,BLOCK_RANGE_ONLY,8.0,quadratic_minus_linear,temperature_equivalent,K,ESTIMABLE,-0.0487215043601736,-0.0863085943762342,-0.0098690348826821,0.0192622141283563,0.0764395594935521,1000.0,0.0
phoenix,29606,2023-09-25,grid_00,0.0,0.1,BLOCK_RANGE_ONLY,8.0,quadratic_minus_linear,temperature_minus_equivalent,K,ESTIMABLE,0.0200726964701301,0.0119754803312125,0.0281000664338718,0.0041538671216548,0.0161245861026592,1000.0,0.0
phoenix,29606,2023-09-25,grid_01,0.1,0.2,BLOCK_RANGE_ONLY,1.0,linear,temperature,K,ESTIMABLE,1.1291956960269176,1.081706876090277,1.1725724870356409,0.0227627221523834,0.0908656109453638,1000.0,0.0
phoenix,29606,2023-09-25,grid_01,0.1,0.2,BLOCK_RANGE_ONLY,1.0,linear,emitted_flux,W/m2,ESTIMABLE,8.0628075610212,7.720360560565577,8.385069196982032,0.170835332924289,0.6647086364164547,1000.0,0.0
phoenix,29606,2023-09-25,grid_01,0.1,0.2,BLOCK_RANGE_ONLY,1.0,linear,temperature_equivalent,K,ESTIMABLE,1.2100117938991275,1.1583341921208985,1.2586666326103142,0.0257861652872014,0.1003324404894159,1000.0,0.0
phoenix,29606,2023-09-25,grid_01,0.1,0.2,BLOCK_RANGE_ONLY,1.0,linear,temperature_minus_equivalent,K,ESTIMABLE,-0.0808160978722098,-0.0954889442113744,-0.0665563547143063,0.0072399355644545,0.0289325894970681,1000.0,0.0
phoenix,29606,2023-09-25,grid_01,0.1,0.2,BLOCK_RANGE_ONLY,1.0,quadratic,temperature,K,ESTIMABLE,1.3390858335804443,1.2110983644792697,1.4697628628620687,0.0684874086498755,0.258664498382799,1000.0,0.0
phoenix,29606,2023-09-25,grid_01,0.1,0.2,BLOCK_RANGE_ONLY,1.0,quadratic,emitted_flux,W/m2,ESTIMABLE,10.428133751560312,9.475033091664717,11.384597650206327,0.5070802406429508,1.9095645585416143,1000.0,0.0
phoenix,29606,2023-09-25,grid_01,0.1,0.2,BLOCK_RANGE_ONLY,1.0,quadratic,temperature_equivalent,K,ESTIMABLE,1.5676554084094505,1.4233967240620728,1.7126238108273195,0.0768050496312844,0.2892270867652469,1000.0,0.0
phoenix,29606,2023-09-25,grid_01,0.1,0.2,BLOCK_RANGE_ONLY,1.0,quadratic,temperature_minus_equivalent,K,ESTIMABLE,-0.2285695748290062,-0.2742765899596551,-0.1864006429392284,0.022272200086134,0.0878759470204266,1000.0,0.0
phoenix,29606,2023-09-25,grid_01,0.1,0.2,BLOCK_RANGE_ONLY,1.0,quadratic_minus_linear,temperature,K,ESTIMABLE,0.2098901375535267,0.0850667928368913,0.3380792532964173,0.0667467937186564,0.253012460459526,1000.0,0.0
phoenix,29606,2023-09-25,grid_01,0.1,0.2,BLOCK_RANGE_ONLY,1.0,quadratic_minus_linear,emitted_flux,W/m2,ESTIMABLE,2.365326190539113,1.433638382552211,3.2717894111373163,0.4931717775879326,1.8381510285851053,1000.0,0.0
phoenix,29606,2023-09-25,grid_01,0.1,0.2,BLOCK_RANGE_ONLY,1.0,quadratic_minus_linear,temperature_equivalent,K,ESTIMABLE,0.357643614510323,0.2167144023764379,0.4951064512571065,0.0746906694326265,0.2783920488806686,1000.0,0.0
phoenix,29606,2023-09-25,grid_01,0.1,0.2,BLOCK_RANGE_ONLY,1.0,quadratic_minus_linear,temperature_minus_equivalent,K,ESTIMABLE,-0.1477534769567963,-0.1905709697058884,-0.1074697754189478,0.0212069336778983,0.0831011942869406,1000.0,0.0
phoenix,29606,2023-09-25,grid_01,0.1,0.2,BLOCK_RANGE_ONLY,8.0,linear,temperature,K,ESTIMABLE,1.1291956960269176,1.056095861712428,1.2068747125713764,0.038959211203846,0.1507788508589482,1000.0,0.0
phoenix,29606,2023-09-25,grid_01,0.1,0.2,BLOCK_RANGE_ONLY,8.0,linear,emitted_flux,W/m2,ESTIMABLE,8.0628075610212,7.521968833820626,8.714570335765064,0.3052479982410775,1.1926015019444378,1000.0,0.0
phoenix,29606,2023-09-25,grid_01,0.1,0.2,BLOCK_RANGE_ONLY,8.0,linear,temperature_equivalent,K,ESTIMABLE,1.2100117938991275,1.128407203728682,1.3084379188664954,0.0460771239962701,0.1800307151378135,1000.0,0.0
phoenix,29606,2023-09-25,grid_01,0.1,0.2,BLOCK_RANGE_ONLY,8.0,linear,temperature_minus_equivalent,K,ESTIMABLE,-0.0808160978722098,-0.1155921461491724,-0.0493170755635121,0.0166010404189735,0.0662750705856603,1000.0,0.0
phoenix,29606,2023-09-25,grid_01,0.1,0.2,BLOCK_RANGE_ONLY,8.0,quadratic,temperature,K,ESTIMABLE,1.3390858335804443,1.0643098535449296,1.6500674088099,0.1484584772220149,0.5857575552649705,1000.0,0.0
phoenix,29606,2023-09-25,grid_01,0.1,0.2,BLOCK_RANGE_ONLY,8.0,quadratic,emitted_flux,W/m2,ESTIMABLE,10.428133751560312,8.277954439578611,12.920526180692702,1.1798695107351935,4.642571741114091,1000.0,0.0
phoenix,29606,2023-09-25,grid_01,0.1,0.2,BLOCK_RANGE_ONLY,8.0,quadratic,temperature_equivalent,K,ESTIMABLE,1.5676554084094505,1.2424920073663372,1.9458421801791912,0.1787576560789041,0.703350172812854,1000.0,0.0
phoenix,29606,2023-09-25,grid_01,0.1,0.2,BLOCK_RANGE_ONLY,8.0,quadratic,temperature_minus_equivalent,K,ESTIMABLE,-0.2285695748290062,-0.3183525306866754,-0.1506692447757585,0.0437874336601828,0.1676832859109169,1000.0,0.0
phoenix,29606,2023-09-25,grid_01,0.1,0.2,BLOCK_RANGE_ONLY,8.0,quadratic_minus_linear,temperature,K,ESTIMABLE,0.2098901375535267,-0.0301605218293775,0.4816856883778697,0.1313972191996632,0.5118462102072473,1000.0,0.0
phoenix,29606,2023-09-25,grid_01,0.1,0.2,BLOCK_RANGE_ONLY,8.0,quadratic_minus_linear,emitted_flux,W/m2,ESTIMABLE,2.365326190539113,0.4822622049605623,4.581971549008592,1.0590879814495764,4.099709344048029,1000.0,0.0
phoenix,29606,2023-09-25,grid_01,0.1,0.2,BLOCK_RANGE_ONLY,8.0,quadratic_minus_linear,temperature_equivalent,K,ESTIMABLE,0.357643614510323,0.0728273619524287,0.6942299405090394,0.1605056685296039,0.6214025785566106,1000.0,0.0
phoenix,29606,2023-09-25,grid_01,0.1,0.2,BLOCK_RANGE_ONLY,8.0,quadratic_minus_linear,temperature_minus_equivalent,K,ESTIMABLE,-0.1477534769567963,-0.2277006687428933,-0.084954091252838,0.0382992707521308,0.1427465774900553,1000.0,0.0
phoenix,29606,2023-09-25,grid_02,0.2,0.3,BLOCK_RANGE_ONLY,1.0,linear,temperature,K,ESTIMABLE,1.1291956960269172,1.0817068760902768,1.1725724870356409,0.0227627221523834,0.0908656109453638,1000.0,0.0
phoenix,29606,2023-09-25,grid_02,0.2,0.3,BLOCK_RANGE_ONLY,1.0,linear,emitted_flux,W/m2,ESTIMABLE,8.062807561021197,7.720360560565576,8.38506919698203,0.1708353329242891,0.6647086364164547,1000.0,0.0
phoenix,29606,2023-09-25,grid_02,0.2,0.3,BLOCK_RANGE_ONLY,1.0,linear,temperature_equivalent,K,ESTIMABLE,1.2100117938991275,1.1583341921208985,1.258666632610259,0.0257861652872012,0.1003324404893604,1000.0,0.0
phoenix,29606,2023-09-25,grid_02,0.2,0.3,BLOCK_RANGE_ONLY,1.0,linear,temperature_minus_equivalent,K,ESTIMABLE,-0.0808160978722103,-0.0954889442113748,-0.0665563547143065,0.0072399355644546,0.0289325894970683,1000.0,0.0
phoenix,29606,2023-09-25,grid_02,0.2,0.3,BLOCK_RANGE_ONLY,1.0,quadratic,temperature,K,ESTIMABLE,1.577624779024014,1.3167488838190984,1.8447693505072913,0.1421031969512291,0.5280204666881929,1000.0,0.0
phoenix,29606,2023-09-25,grid_02,0.2,0.3,BLOCK_RANGE_ONLY,1.0,quadratic,emitted_flux,W/m2,ESTIMABLE,13.116313490245595,11.155551317068504,15.111346543326352,1.049089778190034,3.955795226257848,1000.0,0.0
phoenix,29606,2023-09-25,grid_02,0.2,0.3,BLOCK_RANGE_ONLY,1.0,quadratic,temperature_equivalent,K,ESTIMABLE,1.9756084102084517,1.6778895952342907,2.2794059153052046,0.1595282345742489,0.6015163200709139,1000.0,0.0
phoenix,29606,2023-09-25,grid_02,0.2,0.3,BLOCK_RANGE_ONLY,1.0,quadratic,temperature_minus_equivalent,K,ESTIMABLE,-0.3979836311844376,-0.4907264170804565,-0.312089224223437,0.0458393749265739,0.1786371928570195,1000.0,0.0
phoenix,29606,2023-09-25,grid_02,0.2,0.3,BLOCK_RANGE_ONLY,1.0,quadratic_minus_linear,temperature,K,ESTIMABLE,0.4484290829970967,0.182268519696201,0.7212575816469876,0.1423928588930756,0.5389890619507867,1000.0,0.0
phoenix,29606,2023-09-25,grid_02,0.2,0.3,BLOCK_RANGE_ONLY,1.0,quadratic_minus_linear,emitted_flux,W/m2,ESTIMABLE,5.053505929224398,3.069490044885754,6.980631057996056,1.050611768147094,3.911141013110302,1000.0,0.0
phoenix,29606,2023-09-25,grid_02,0.2,0.3,BLOCK_RANGE_ONLY,1.0,quadratic_minus_linear,temperature_equivalent,K,ESTIMABLE,0.765596616309324,0.4645467567052108,1.0591438249306293,0.1597421022790398,0.5945970682254185,1000.0,0.0
phoenix,29606,2023-09-25,grid_02,0.2,0.3,BLOCK_RANGE_ONLY,1.0,quadratic_minus_linear,temperature_minus_equivalent,K,ESTIMABLE,-0.3171675333122272,-0.4079740484824485,-0.2303333071145933,0.0454128408896376,0.1776407413678552,1000.0,0.0
phoenix,29606,2023-09-25,grid_02,0.2,0.3,BLOCK_RANGE_ONLY,8.0,linear,temperature,K,ESTIMABLE,1.1291956960269172,1.0560958617124276,1.206874712571376,0.0389592112038459,0.1507788508589482,1000.0,0.0
phoenix,29606,2023-09-25,grid_02,0.2,0.3,BLOCK_RANGE_ONLY,8.0,linear,emitted_flux,W/m2,ESTIMABLE,8.062807561021197,7.521968833820624,8.714570335765062,0.3052479982410775,1.1926015019444378,1000.0,0.0
phoenix,29606,2023-09-25,grid_02,0.2,0.3,BLOCK_RANGE_ONLY,8.0,linear,temperature_equivalent,K,ESTIMABLE,1.2100117938991275,1.128407203728682,1.3084379188664954,0.0460771239962701,0.1800307151378135,1000.0,0.0
phoenix,29606,2023-09-25,grid_02,0.2,0.3,BLOCK_RANGE_ONLY,8.0,linear,temperature_minus_equivalent,K,ESTIMABLE,-0.0808160978722103,-0.1155921461491728,-0.0493170755635123,0.0166010404189735,0.0662750705856605,1000.0,0.0
phoenix,29606,2023-09-25,grid_02,0.2,0.3,BLOCK_RANGE_ONLY,8.0,quadratic,temperature,K,ESTIMABLE,1.577624779024014,1.0255916357414976,2.1809370389105487,0.2936883118331798,1.155345403169051,1000.0,0.0
phoenix,29606,2023-09-25,grid_02,0.2,0.3,BLOCK_RANGE_ONLY,8.0,quadratic,emitted_flux,W/m2,ESTIMABLE,13.116313490245595,8.833608170844766,18.010741319233635,2.343231009767199,9.177133148388869,1000.0,0.0
phoenix,29606,2023-09-25,grid_02,0.2,0.3,BLOCK_RANGE_ONLY,8.0,quadratic,temperature_equivalent,K,ESTIMABLE,1.9756084102084517,1.3264244673497003,2.72250261432511,0.3565049015880738,1.3960781469754096,1000.0,0.0
phoenix,29606,2023-09-25,grid_02,0.2,0.3,BLOCK_RANGE_ONLY,8.0,quadratic,temperature_minus_equivalent,K,ESTIMABLE,-0.3979836311844376,-0.5736642462902987,-0.2535548226035938,0.0852783581236632,0.3201094236867048,1000.0,0.0
phoenix,29606,2023-09-25,grid_02,0.2,0.3,BLOCK_RANGE_ONLY,8.0,quadratic_minus_linear,temperature,K,ESTIMABLE,0.4484290829970967,-0.0643053996532844,1.0240012028235037,0.2789984781825031,1.088306602476788,1000.0,0.0
phoenix,29606,2023-09-25,grid_02,0.2,0.3,BLOCK_RANGE_ONLY,8.0,quadratic_minus_linear,emitted_flux,W/m2,ESTIMABLE,5.053505929224398,1.0350652972827723,9.732139907543935,2.242065758109684,8.697074610261165,1000.0,0.0
phoenix,29606,2023-09-25,grid_02,0.2,0.3,BLOCK_RANGE_ONLY,8.0,quadratic_minus_linear,temperature_equivalent,K,ESTIMABLE,0.765596616309324,0.1563697347194576,1.480155844648014,0.3412139480190203,1.3237861099285564,1000.0,0.0
phoenix,29606,2023-09-25,grid_02,0.2,0.3,BLOCK_RANGE_ONLY,8.0,quadratic_minus_linear,temperature_minus_equivalent,K,ESTIMABLE,-0.3171675333122272,-0.4874044662810766,-0.1825775807432807,0.0815956507167689,0.3048268855377959,1000.0,0.0
phoenix,29606,2023-09-25,grid_03,0.3,0.4,NO_SPANNING_BLOCKS,,,,,NOT_ESTIMATED_NO_REFERENCE_BLOCKS,,,,,,,
phoenix,29606,2023-09-25,grid_04,0.4,0.5,NO_SPANNING_BLOCKS,,,,,NOT_ESTIMATED_NO_REFERENCE_BLOCKS,,,,,,,
phoenix,29606,2023-09-25,grid_05,0.5,0.6,NO_SPANNING_BLOCKS,,,,,NOT_ESTIMATED_NO_REFERENCE_BLOCKS,,,,,,,
phoenix,29606,2023-09-25,grid_06,0.6,0.7,NO_SPANNING_BLOCKS,,,,,NOT_ESTIMATED_NO_REFERENCE_BLOCKS,,,,,,,
phoenix,29606,2023-09-25,grid_07,0.7,0.8,NO_SPANNING_BLOCKS,,,,,NOT_ESTIMATED_NO_REFERENCE_BLOCKS,,,,,,,
phoenix,29606,2023-09-25,grid_08,0.8,0.9,NO_SPANNING_BLOCKS,,,,,NOT_ESTIMATED_NO_REFERENCE_BLOCKS,,,,,,,
phoenix,29606,2023-09-25,grid_09,0.9,1.0,NO_SPANNING_BLOCKS,,,,,NOT_ESTIMATED_NO_REFERENCE_BLOCKS,,,,,,,
