city,timestamp_utc,n_domain_cells,valid_cells,complete_domain,mean_mm,missing_cells
atlanta,2023-05-27T18:00:00+00:00,6530,6530,True,0.0,0
atlanta,2023-05-27T19:00:00+00:00,6530,6530,True,0.0,0
atlanta,2023-05-27T20:00:00+00:00,6530,6530,True,0.0,0
atlanta,2023-05-27T21:00:00+00:00,6530,6530,True,0.0,0
atlanta,2023-05-27T22:00:00+00:00,6530,6530,True,0.0,0
atlanta,2023-05-27T23:00:00+00:00,6530,6530,True,0.0,0
atlanta,2023-05-28T00:00:00+00:00,6530,6530,True,0.0,0
atlanta,2023-05-28T01:00:00+00:00,6530,6530,True,0.011161862745702234,0
atlanta,2023-05-28T02:00:00+00:00,6530,6530,True,0.03339603855745439,0
atlanta,2023-05-28T03:00:00+00:00,6530,6530,True,0.03522105914709611,0
atlanta,2023-05-28T04:00:00+00:00,6530,6530,True,0.004855020220960334,0
atlanta,2023-05-28T05:00:00+00:00,6530,6530,True,0.0026546424090039896,0
atlanta,2023-05-28T06:00:00+00:00,6530,6530,True,0.0014588521416266976,0
atlanta,2023-05-28T07:00:00+00:00,6530,6530,True,0.0,0
atlanta,2023-05-28T08:00:00+00:00,6530,6530,True,0.0,0
atlanta,2023-05-28T09:00:00+00:00,6530,6530,True,0.0,0
atlanta,2023-05-28T10:00:00+00:00,6530,6530,True,0.0,0
atlanta,2023-05-28T11:00:00+00:00,6530,6530,True,0.0,0
atlanta,2023-05-28T12:00:00+00:00,6530,6530,True,0.0,0
atlanta,2023-05-28T13:00:00+00:00,6530,6530,True,0.0,0
atlanta,2023-05-28T14:00:00+00:00,6530,6530,True,0.0,0
atlanta,2023-05-28T15:00:00+00:00,6530,6530,True,0.0,0
atlanta,2023-05-28T16:00:00+00:00,6530,6530,True,0.0,0
atlanta,2023-05-28T17:00:00+00:00,6530,6530,True,0.0,0
atlanta,2023-05-28T18:00:00+00:00,6530,6530,True,0.0,0
atlanta,2023-05-28T19:00:00+00:00,6530,6530,True,0.0,0
atlanta,2023-05-28T20:00:00+00:00,6530,6530,True,0.0,0
atlanta,2023-05-28T21:00:00+00:00,6530,6530,True,0.0,0
atlanta,2023-05-28T22:00:00+00:00,6530,6530,True,0.0,0
atlanta,2023-05-28T23:00:00+00:00,6530,6530,True,0.0,0
atlanta,2023-05-29T00:00:00+00:00,6530,6530,True,0.0,0
atlanta,2023-05-29T01:00:00+00:00,6530,6530,True,0.0,0
atlanta,2023-05-29T02:00:00+00:00,6530,6530,True,0.0,0
atlanta,2023-05-29T03:00:00+00:00,6530,6530,True,0.0,0
atlanta,2023-05-29T04:00:00+00:00,6530,6530,True,0.0,0
atlanta,2023-05-29T05:00:00+00:00,6530,6530,True,0.0,0
atlanta,2023-05-29T06:00:00+00:00,6530,6530,True,0.0,0
atlanta,2023-05-29T07:00:00+00:00,6530,6530,True,0.0,0
atlanta,2023-05-29T08:00:00+00:00,6530,6530,True,0.0,0
atlanta,2023-05-29T09:00:00+00:00,6530,6530,True,0.0,0
atlanta,2023-05-29T10:00:00+00:00,6530,6530,True,0.0,0
atlanta,2023-05-29T11:00:00+00:00,6530,6530,True,0.0,0
atlanta,2023-05-29T12:00:00+00:00,6530,6530,True,0.0,0
atlanta,2023-05-29T13:00:00+00:00,6530,6530,True,0.0,0
atlanta,2023-05-29T14:00:00+00:00,6530,6530,True,0.0,0
atlanta,2023-05-29T15:00:00+00:00,6530,6530,True,0.0,0
atlanta,2023-05-29T16:00:00+00:00,6530,6530,True,0.0,0
atlanta,2023-05-29T17:00:00+00:00,6530,6530,True,0.0,0
atlanta,2023-05-29T18:00:00+00:00,6530,6530,True,0.0,0
atlanta,2023-05-29T19:00:00+00:00,6530,6530,True,0.0,0
atlanta,2023-05-29T20:00:00+00:00,6530,6530,True,0.0,0
atlanta,2023-05-29T21:00:00+00:00,6530,6530,True,0.0,0
atlanta,2023-05-29T22:00:00+00:00,6530,6530,True,0.0,0
atlanta,2023-05-29T23:00:00+00:00,6530,6530,True,0.0,0
atlanta,2023-05-30T00:00:00+00:00,6530,6530,True,0.0,0
atlanta,2023-05-30T01:00:00+00:00,6530,6530,True,0.0,0
atlanta,2023-05-30T02:00:00+00:00,6530,6530,True,0.0,0
atlanta,2023-05-30T03:00:00+00:00,6530,6530,True,0.0,0
atlanta,2023-05-30T04:00:00+00:00,6530,6530,True,0.0,0
atlanta,2023-05-30T05:00:00+00:00,6530,6530,True,0.0,0
atlanta,2023-05-30T06:00:00+00:00,6530,6530,True,0.0,0
atlanta,2023-05-30T07:00:00+00:00,6530,6530,True,0.0,0
atlanta,2023-05-30T08:00:00+00:00,6530,6530,True,0.0,0
atlanta,2023-05-30T09:00:00+00:00,6530,6530,True,0.0,0
atlanta,2023-05-30T10:00:00+00:00,6530,6530,True,0.0,0
atlanta,2023-05-30T11:00:00+00:00,6530,6530,True,0.0,0
atlanta,2023-05-30T12:00:00+00:00,6530,6530,True,0.0,0
atlanta,2023-05-30T13:00:00+00:00,6530,6530,True,0.0,0
atlanta,2023-05-30T14:00:00+00:00,6530,6530,True,0.0,0
atlanta,2023-05-30T15:00:00+00:00,6530,6530,True,0.0,0
atlanta,2023-05-30T16:00:00+00:00,6530,6530,True,0.0,0
atlanta,2023-05-30T17:00:00+00:00,6530,6530,True,0.0,0
atlanta,2023-05-30T18:00:00+00:00,6530,6530,True,0.0,0
atlanta,2023-05-30T19:00:00+00:00,6530,6530,True,0.0,0
atlanta,2023-05-30T20:00:00+00:00,6530,6530,True,0.0,0
atlanta,2023-05-30T21:00:00+00:00,6530,6530,True,0.0,0
atlanta,2023-05-30T22:00:00+00:00,6530,6530,True,0.00026070420023082465,0
atlanta,2023-05-30T23:00:00+00:00,6530,6530,True,0.0,0
atlanta,2023-05-31T00:00:00+00:00,6530,6530,True,0.0014311057689740151,0
atlanta,2023-05-31T01:00:00+00:00,6530,6530,True,0.0,0
atlanta,2023-05-31T02:00:00+00:00,6530,6530,True,0.0,0
atlanta,2023-05-31T03:00:00+00:00,6530,6530,True,0.0,0
atlanta,2023-05-31T04:00:00+00:00,6530,6530,True,0.0,0
atlanta,2023-05-31T05:00:00+00:00,6530,6530,True,0.0,0
atlanta,2023-05-31T06:00:00+00:00,6530,6530,True,0.0007211872657069056,0
atlanta,2023-05-31T07:00:00+00:00,6530,6530,True,0.030732987611376387,0
atlanta,2023-05-31T08:00:00+00:00,6530,6530,True,0.05139699674959128,0
atlanta,2023-05-31T09:00:00+00:00,6530,6530,True,0.07501932269420031,0
atlanta,2023-05-31T10:00:00+00:00,6530,6530,True,0.055098101305645096,0
atlanta,2023-05-31T11:00:00+00:00,6530,6530,True,0.0012055967785908218,0
atlanta,2023-05-31T12:00:00+00:00,6530,6530,True,0.005527809128517232,0
atlanta,2023-05-31T13:00:00+00:00,6530,6530,True,0.0,0
atlanta,2023-05-31T14:00:00+00:00,6530,6530,True,0.0,0
atlanta,2023-05-31T15:00:00+00:00,6530,6530,True,0.0,0
atlanta,2023-05-31T16:00:00+00:00,6530,6530,True,0.0,0
atlanta,2023-05-31T17:00:00+00:00,6530,6530,True,0.0,0
atlanta,2023-05-31T18:00:00+00:00,6530,6530,True,0.0001838105915740191,0
atlanta,2023-05-31T19:00:00+00:00,6530,6530,True,0.0002296801258411498,0
atlanta,2023-05-31T20:00:00+00:00,6530,6530,True,4.616896464931003e-05,0
atlanta,2023-05-31T21:00:00+00:00,6530,6530,True,0.006277702857100677,0
atlanta,2023-05-31T22:00:00+00:00,6530,6530,True,0.0,0
atlanta,2023-05-31T23:00:00+00:00,6530,6530,True,0.0,0
atlanta,2023-06-01T00:00:00+00:00,6530,6530,True,0.0,0
atlanta,2023-06-01T01:00:00+00:00,6530,6530,True,0.0,0
atlanta,2023-06-01T02:00:00+00:00,6530,6530,True,0.0,0
atlanta,2023-06-01T03:00:00+00:00,6530,6530,True,0.0,0
atlanta,2023-06-01T04:00:00+00:00,6530,6530,True,0.0,0
atlanta,2023-06-01T05:00:00+00:00,6530,6530,True,0.0,0
atlanta,2023-06-01T06:00:00+00:00,6530,6530,True,0.0,0
atlanta,2023-06-01T07:00:00+00:00,6530,6530,True,0.0,0
atlanta,2023-06-01T08:00:00+00:00,6530,6530,True,0.0,0
atlanta,2023-06-01T09:00:00+00:00,6530,6530,True,0.0,0
atlanta,2023-06-01T10:00:00+00:00,6530,6530,True,0.0,0
atlanta,2023-06-01T11:00:00+00:00,6530,6530,True,0.0,0
atlanta,2023-06-01T12:00:00+00:00,6530,6530,True,0.0,0
atlanta,2023-06-01T13:00:00+00:00,6530,6530,True,0.0,0
atlanta,2023-06-01T14:00:00+00:00,6530,6530,True,0.0,0
atlanta,2023-06-01T15:00:00+00:00,6530,6530,True,0.0,0
atlanta,2023-06-01T16:00:00+00:00,6530,6530,True,0.0,0
atlanta,2023-06-01T17:00:00+00:00,6530,6530,True,0.0,0
atlanta,2023-06-01T18:00:00+00:00,6530,6530,True,0.0,0
atlanta,2023-06-01T19:00:00+00:00,6530,6530,True,0.0,0
atlanta,2023-06-01T20:00:00+00:00,6530,6530,True,0.0,0
atlanta,2023-06-01T21:00:00+00:00,6530,6530,True,0.0,0
atlanta,2023-06-01T22:00:00+00:00,6530,6530,True,0.0,0
atlanta,2023-06-01T23:00:00+00:00,6530,6530,True,0.0,0
atlanta,2023-06-02T00:00:00+00:00,6530,6530,True,0.0,0
atlanta,2023-06-02T01:00:00+00:00,6530,6530,True,4.616374902981436e-05,0
atlanta,2023-06-02T02:00:00+00:00,6530,6530,True,0.0,0
atlanta,2023-06-02T03:00:00+00:00,6530,6530,True,0.0,0
atlanta,2023-06-02T04:00:00+00:00,6530,6530,True,0.0,0
atlanta,2023-06-02T05:00:00+00:00,6530,6530,True,0.0,0
atlanta,2023-06-02T06:00:00+00:00,6530,6530,True,0.0,0
atlanta,2023-06-02T07:00:00+00:00,6530,6530,True,0.0,0
atlanta,2023-06-02T08:00:00+00:00,6530,6530,True,0.0,0
atlanta,2023-06-02T09:00:00+00:00,6530,6530,True,0.0,0
atlanta,2023-06-02T10:00:00+00:00,6530,6530,True,0.0,0
atlanta,2023-06-02T11:00:00+00:00,6530,6530,True,0.0,0
atlanta,2023-06-02T12:00:00+00:00,6530,6530,True,0.0,0
atlanta,2023-06-02T13:00:00+00:00,6530,6530,True,0.0,0
atlanta,2023-06-02T14:00:00+00:00,6530,6530,True,0.0,0
atlanta,2023-06-02T15:00:00+00:00,6530,6530,True,0.0,0
atlanta,2023-06-02T16:00:00+00:00,6530,6530,True,0.0,0
atlanta,2023-06-02T17:00:00+00:00,6530,6530,True,0.0,0
atlanta,2023-06-02T18:00:00+00:00,6530,6530,True,0.0,0
atlanta,2023-06-02T19:00:00+00:00,6530,6530,True,0.0,0
atlanta,2023-06-02T20:00:00+00:00,6530,6530,True,0.0,0
atlanta,2023-06-02T21:00:00+00:00,6530,6530,True,0.0,0
atlanta,2023-06-02T22:00:00+00:00,6530,6530,True,0.0,0
atlanta,2023-06-02T23:00:00+00:00,6530,6530,True,0.0,0
atlanta,2023-06-03T00:00:00+00:00,6530,6530,True,0.0,0
atlanta,2023-06-03T01:00:00+00:00,6530,6530,True,0.0,0
atlanta,2023-06-03T02:00:00+00:00,6530,6530,True,0.0,0
atlanta,2023-06-03T03:00:00+00:00,6530,6530,True,0.0,0
atlanta,2023-06-03T04:00:00+00:00,6530,6530,True,0.0,0
atlanta,2023-06-03T05:00:00+00:00,6530,6530,True,0.0,0
atlanta,2023-06-03T06:00:00+00:00,6530,6530,True,0.0,0
atlanta,2023-06-03T07:00:00+00:00,6530,6530,True,0.0,0
atlanta,2023-06-03T08:00:00+00:00,6530,6530,True,0.0,0
atlanta,2023-06-03T09:00:00+00:00,6530,6530,True,0.0,0
atlanta,2023-06-03T10:00:00+00:00,6530,6530,True,0.0,0
atlanta,2023-06-03T11:00:00+00:00,6530,6530,True,0.0,0
atlanta,2023-06-03T12:00:00+00:00,6530,6530,True,0.0,0
atlanta,2023-06-03T13:00:00+00:00,6530,6530,True,0.0,0
atlanta,2023-06-03T14:00:00+00:00,6530,6530,True,0.0,0
atlanta,2023-06-03T15:00:00+00:00,6530,6530,True,0.0,0
atlanta,2023-06-03T16:00:00+00:00,6530,6530,True,0.0,0
atlanta,2023-06-03T17:00:00+00:00,6530,6530,True,0.0,0
atlanta,2023-06-03T18:00:00+00:00,6530,6530,True,0.0,0
atlanta,2023-06-03T19:00:00+00:00,6530,6530,True,0.0,0
atlanta,2023-06-03T20:00:00+00:00,6530,6530,True,0.0,0
atlanta,2023-06-03T21:00:00+00:00,6530,6530,True,0.0,0
atlanta,2023-06-03T22:00:00+00:00,6530,6530,True,0.0,0
atlanta,2023-06-03T23:00:00+00:00,6530,6530,True,0.0,0
atlanta,2023-06-04T00:00:00+00:00,6530,6530,True,0.0,0
atlanta,2023-06-04T01:00:00+00:00,6530,6530,True,0.0,0
atlanta,2023-06-04T02:00:00+00:00,6530,6530,True,0.0,0
atlanta,2023-06-04T03:00:00+00:00,6530,6530,True,0.0,0
atlanta,2023-06-04T04:00:00+00:00,6530,6530,True,0.0,0
atlanta,2023-06-04T05:00:00+00:00,6530,6530,True,0.0,0
atlanta,2023-06-04T06:00:00+00:00,6530,6530,True,0.0,0
atlanta,2023-06-04T07:00:00+00:00,6530,6530,True,0.0,0
atlanta,2023-06-04T08:00:00+00:00,6530,6530,True,0.0,0
atlanta,2023-06-04T09:00:00+00:00,6530,6530,True,0.008082924018570185,0
atlanta,2023-06-04T10:00:00+00:00,6530,6530,True,0.031353331981019014,0
atlanta,2023-06-04T11:00:00+00:00,6530,6530,True,0.0045540130621630655,0
atlanta,2023-06-04T12:00:00+00:00,6530,6530,True,0.0003352097126805438,0
atlanta,2023-06-04T13:00:00+00:00,6530,6530,True,0.00018282904638039274,0
atlanta,2023-06-04T14:00:00+00:00,6530,6530,True,0.0,0
atlanta,2023-06-04T15:00:00+00:00,6530,6530,True,0.037325183884110595,0
atlanta,2023-06-04T16:00:00+00:00,6530,6530,True,0.1632596674948325,0
atlanta,2023-06-04T17:00:00+00:00,6530,6530,True,0.129896199886514,0
atlanta,2023-06-04T18:00:00+00:00,6530,6530,True,0.09732707819257518,0
atlanta,2023-06-04T19:00:00+00:00,6530,6530,True,0.027748234672678503,0
atlanta,2023-06-04T20:00:00+00:00,6530,6530,True,0.0038716417061110996,0
atlanta,2023-06-04T21:00:00+00:00,6530,6530,True,0.0011606555252485105,0
atlanta,2023-06-04T22:00:00+00:00,6530,6530,True,0.42430590237168814,0
atlanta,2023-06-04T23:00:00+00:00,6530,6530,True,1.605176153799693,0
atlanta,2023-06-05T00:00:00+00:00,6530,6530,True,1.3241655835010706,0
phoenix,2023-06-05T00:00:00+00:00,2817,2817,True,0.0,0
atlanta,2023-06-05T01:00:00+00:00,6530,6530,True,0.7053576972400647,0
phoenix,2023-06-05T01:00:00+00:00,2817,2817,True,0.0,0
atlanta,2023-06-05T02:00:00+00:00,6530,6530,True,0.19103843520637717,0
phoenix,2023-06-05T02:00:00+00:00,2817,2817,True,0.0,0
atlanta,2023-06-05T03:00:00+00:00,6530,6530,True,0.0024169209534834883,0
phoenix,2023-06-05T03:00:00+00:00,2817,2817,True,0.0,0
atlanta,2023-06-05T04:00:00+00:00,6530,6530,True,0.0,0
phoenix,2023-06-05T04:00:00+00:00,2817,2817,True,0.0,0
atlanta,2023-06-05T05:00:00+00:00,6530,6530,True,0.0,0
phoenix,2023-06-05T05:00:00+00:00,2817,2817,True,0.0,0
atlanta,2023-06-05T06:00:00+00:00,6530,6530,True,0.0,0
phoenix,2023-06-05T06:00:00+00:00,2817,2817,True,0.0,0
atlanta,2023-06-05T07:00:00+00:00,6530,6530,True,0.0,0
phoenix,2023-06-05T07:00:00+00:00,2817,2817,True,0.0,0
atlanta,2023-06-05T08:00:00+00:00,6530,6530,True,0.0,0
phoenix,2023-06-05T08:00:00+00:00,2817,2817,True,0.0,0
atlanta,2023-06-05T09:00:00+00:00,6530,6530,True,0.0,0
phoenix,2023-06-05T09:00:00+00:00,2817,2817,True,0.0,0
atlanta,2023-06-05T10:00:00+00:00,6530,6530,True,0.0,0
phoenix,2023-06-05T10:00:00+00:00,2817,2817,True,0.0,0
atlanta,2023-06-05T11:00:00+00:00,6530,6530,True,0.0,0
phoenix,2023-06-05T11:00:00+00:00,2817,2817,True,0.0,0
atlanta,2023-06-05T12:00:00+00:00,6530,6530,True,0.0,0
phoenix,2023-06-05T12:00:00+00:00,2817,2817,True,0.0,0
atlanta,2023-06-05T13:00:00+00:00,6530,6530,True,0.0,0
phoenix,2023-06-05T13:00:00+00:00,2817,2817,True,0.0,0
atlanta,2023-06-05T14:00:00+00:00,6530,6530,True,0.0,0
phoenix,2023-06-05T14:00:00+00:00,2817,2817,True,0.0032983486302831204,0
atlanta,2023-06-05T15:00:00+00:00,6530,6530,True,0.0,0
phoenix,2023-06-05T15:00:00+00:00,2817,2817,True,0.0,0
atlanta,2023-06-05T16:00:00+00:00,6530,6530,True,0.0,0
phoenix,2023-06-05T16:00:00+00:00,2817,2817,True,0.0,0
atlanta,2023-06-05T17:00:00+00:00,6530,6530,True,0.0,0
phoenix,2023-06-05T17:00:00+00:00,2817,2817,True,0.0,0
atlanta,2023-06-05T18:00:00+00:00,6530,6530,True,0.0,0
phoenix,2023-06-05T18:00:00+00:00,2817,2817,True,0.0,0
atlanta,2023-06-05T19:00:00+00:00,6530,6530,True,0.0,0
phoenix,2023-06-05T19:00:00+00:00,2817,2817,True,0.0,0
atlanta,2023-06-05T20:00:00+00:00,6530,6530,True,0.0,0
phoenix,2023-06-05T20:00:00+00:00,2817,2817,True,0.0,0
atlanta,2023-06-05T21:00:00+00:00,6530,6530,True,0.0,0
phoenix,2023-06-05T21:00:00+00:00,2817,2817,True,0.0,0
atlanta,2023-06-05T22:00:00+00:00,6530,6530,True,0.0,0
phoenix,2023-06-05T22:00:00+00:00,2817,2817,True,0.0,0
atlanta,2023-06-05T23:00:00+00:00,6530,6530,True,0.0,0
phoenix,2023-06-05T23:00:00+00:00,2817,2817,True,0.0,0
atlanta,2023-06-06T00:00:00+00:00,6530,6530,True,0.0,0
phoenix,2023-06-06T00:00:00+00:00,2817,2817,True,0.0,0
atlanta,2023-06-06T01:00:00+00:00,6530,6530,True,0.0,0
phoenix,2023-06-06T01:00:00+00:00,2817,2817,True,0.0,0
atlanta,2023-06-06T02:00:00+00:00,6530,6530,True,0.0,0
phoenix,2023-06-06T02:00:00+00:00,2817,2817,True,0.0,0
atlanta,2023-06-06T03:00:00+00:00,6530,6530,True,0.0,0
phoenix,2023-06-06T03:00:00+00:00,2817,2817,True,0.0,0
atlanta,2023-06-06T04:00:00+00:00,6530,6530,True,0.0,0
phoenix,2023-06-06T04:00:00+00:00,2817,2817,True,0.0,0
atlanta,2023-06-06T05:00:00+00:00,6530,6530,True,0.0,0
phoenix,2023-06-06T05:00:00+00:00,2817,2817,True,0.0,0
atlanta,2023-06-06T06:00:00+00:00,6530,6530,True,0.0,0
phoenix,2023-06-06T06:00:00+00:00,2817,2817,True,0.0,0
atlanta,2023-06-06T07:00:00+00:00,6530,6530,True,0.0,0
phoenix,2023-06-06T07:00:00+00:00,2817,2817,True,0.0,0
atlanta,2023-06-06T08:00:00+00:00,6530,6530,True,0.20501518710104757,0
phoenix,2023-06-06T08:00:00+00:00,2817,2817,True,0.0,0
atlanta,2023-06-06T09:00:00+00:00,6530,6530,True,0.9421749342218892,0
phoenix,2023-06-06T09:00:00+00:00,2817,2817,True,0.0,0
atlanta,2023-06-06T10:00:00+00:00,6530,6530,True,1.0659074027824558,0
phoenix,2023-06-06T10:00:00+00:00,2817,2817,True,0.0,0
atlanta,2023-06-06T11:00:00+00:00,6530,6530,True,0.11206672149726299,0
phoenix,2023-06-06T11:00:00+00:00,2817,2817,True,0.0,0
atlanta,2023-06-06T12:00:00+00:00,6530,6530,True,0.0,0
phoenix,2023-06-06T12:00:00+00:00,2817,2817,True,0.0,0
atlanta,2023-06-06T13:00:00+00:00,6530,6530,True,0.0,0
phoenix,2023-06-06T13:00:00+00:00,2817,2817,True,0.0,0
atlanta,2023-06-06T14:00:00+00:00,6530,6530,True,0.0,0
phoenix,2023-06-06T14:00:00+00:00,2817,2817,True,0.0,0
atlanta,2023-06-06T15:00:00+00:00,6530,6530,True,0.0,0
phoenix,2023-06-06T15:00:00+00:00,2817,2817,True,0.0,0
atlanta,2023-06-06T16:00:00+00:00,6530,6530,True,0.0,0
phoenix,2023-06-06T16:00:00+00:00,2817,2817,True,0.0,0
atlanta,2023-06-06T17:00:00+00:00,6530,6530,True,0.0,0
phoenix,2023-06-06T17:00:00+00:00,2817,2817,True,0.0,0
atlanta,2023-06-06T18:00:00+00:00,6530,6530,True,4.6053894607530126e-05,0
phoenix,2023-06-06T18:00:00+00:00,2817,2817,True,0.0,0
atlanta,2023-06-06T19:00:00+00:00,6530,6530,True,0.01003296598056113,0
phoenix,2023-06-06T19:00:00+00:00,2817,2817,True,0.0,0
atlanta,2023-06-06T20:00:00+00:00,6530,6530,True,0.0013304259591304579,0
phoenix,2023-06-06T20:00:00+00:00,2817,2817,True,0.0,0
atlanta,2023-06-06T21:00:00+00:00,6530,6530,True,0.06482009719157482,0
phoenix,2023-06-06T21:00:00+00:00,2817,2817,True,0.0,0
atlanta,2023-06-06T22:00:00+00:00,6530,6530,True,0.8137765196947401,0
phoenix,2023-06-06T22:00:00+00:00,2817,2817,True,0.0,0
atlanta,2023-06-06T23:00:00+00:00,6530,6530,True,1.0229085581422674,0
phoenix,2023-06-06T23:00:00+00:00,2817,2817,True,0.0,0
atlanta,2023-06-07T00:00:00+00:00,6530,6530,True,0.30469508846827,0
phoenix,2023-06-07T00:00:00+00:00,2817,2817,True,0.0,0
atlanta,2023-06-07T01:00:00+00:00,6530,6530,True,0.2631905066105274,0
phoenix,2023-06-07T01:00:00+00:00,2817,2817,True,0.0,0
atlanta,2023-06-07T02:00:00+00:00,6530,6530,True,0.10865754280492898,0
phoenix,2023-06-07T02:00:00+00:00,2817,2817,True,0.0,0
atlanta,2023-06-07T03:00:00+00:00,6530,6530,True,0.1380069928486776,0
phoenix,2023-06-07T03:00:00+00:00,2817,2817,True,0.0,0
atlanta,2023-06-07T04:00:00+00:00,6530,6530,True,0.06451851427729334,0
phoenix,2023-06-07T04:00:00+00:00,2817,2817,True,0.0,0
atlanta,2023-06-07T05:00:00+00:00,6530,6530,True,0.011795032110675119,0
phoenix,2023-06-07T05:00:00+00:00,2817,2817,True,0.0,0
atlanta,2023-06-07T06:00:00+00:00,6530,6530,True,0.0,0
phoenix,2023-06-07T06:00:00+00:00,2817,2817,True,0.0,0
atlanta,2023-06-07T07:00:00+00:00,6530,6530,True,0.0,0
phoenix,2023-06-07T07:00:00+00:00,2817,2817,True,0.0,0
atlanta,2023-06-07T08:00:00+00:00,6530,6530,True,0.0,0
phoenix,2023-06-07T08:00:00+00:00,2817,2817,True,0.0,0
atlanta,2023-06-07T09:00:00+00:00,6530,6530,True,0.0,0
phoenix,2023-06-07T09:00:00+00:00,2817,2817,True,0.0,0
atlanta,2023-06-07T10:00:00+00:00,6530,6530,True,0.0,0
phoenix,2023-06-07T10:00:00+00:00,2817,2817,True,0.0,0
atlanta,2023-06-07T11:00:00+00:00,6530,6530,True,0.0,0
phoenix,2023-06-07T11:00:00+00:00,2817,2817,True,0.0,0
atlanta,2023-06-07T12:00:00+00:00,6530,6530,True,0.0,0
phoenix,2023-06-07T12:00:00+00:00,2817,2817,True,0.0,0
atlanta,2023-06-07T13:00:00+00:00,6530,6530,True,0.0,0
phoenix,2023-06-07T13:00:00+00:00,2817,2817,True,0.0,0
atlanta,2023-06-07T14:00:00+00:00,6530,6530,True,0.0,0
phoenix,2023-06-07T14:00:00+00:00,2817,2817,True,0.0,0
atlanta,2023-06-07T15:00:00+00:00,6530,6530,True,0.0,0
phoenix,2023-06-07T15:00:00+00:00,2817,2817,True,0.0,0
atlanta,2023-06-07T16:00:00+00:00,6530,6530,True,0.0,0
phoenix,2023-06-07T16:00:00+00:00,2817,2817,True,0.0,0
atlanta,2023-06-07T17:00:00+00:00,6530,6530,True,0.0,0
phoenix,2023-06-07T17:00:00+00:00,2817,2817,True,0.0,0
atlanta,2023-06-07T18:00:00+00:00,6530,6530,True,0.0,0
phoenix,2023-06-07T18:00:00+00:00,2817,2817,True,0.0,0
atlanta,2023-06-07T19:00:00+00:00,6530,6530,True,0.0,0
phoenix,2023-06-07T19:00:00+00:00,2817,2817,True,0.0,0
atlanta,2023-06-07T20:00:00+00:00,6530,6530,True,0.0,0
phoenix,2023-06-07T20:00:00+00:00,2817,2817,True,0.0,0
atlanta,2023-06-07T21:00:00+00:00,6530,6530,True,0.0,0
phoenix,2023-06-07T21:00:00+00:00,2817,2817,True,0.0,0
atlanta,2023-06-07T22:00:00+00:00,6530,6530,True,0.0,0
phoenix,2023-06-07T22:00:00+00:00,2817,2817,True,0.0,0
atlanta,2023-06-07T23:00:00+00:00,6530,6530,True,0.0,0
phoenix,2023-06-07T23:00:00+00:00,2817,2817,True,0.0,0
atlanta,2023-06-08T00:00:00+00:00,6530,6530,True,9.177060243303608e-05,0
phoenix,2023-06-08T00:00:00+00:00,2817,2817,True,0.0,0
atlanta,2023-06-08T01:00:00+00:00,6530,6530,True,0.012894759184976562,0
phoenix,2023-06-08T01:00:00+00:00,2817,2817,True,0.0,0
atlanta,2023-06-08T02:00:00+00:00,6530,6530,True,0.011092572733494968,0
phoenix,2023-06-08T02:00:00+00:00,2817,2817,True,0.0,0
atlanta,2023-06-08T03:00:00+00:00,6530,6530,True,0.0,0
phoenix,2023-06-08T03:00:00+00:00,2817,2817,True,0.0,0
atlanta,2023-06-08T04:00:00+00:00,6530,6530,True,0.0,0
phoenix,2023-06-08T04:00:00+00:00,2817,2817,True,0.0,0
atlanta,2023-06-08T05:00:00+00:00,6530,6530,True,0.0012677179091965499,0
phoenix,2023-06-08T05:00:00+00:00,2817,2817,True,0.0,0
atlanta,2023-06-08T06:00:00+00:00,6530,6530,True,0.03490953993845142,0
phoenix,2023-06-08T06:00:00+00:00,2817,2817,True,0.0,0
atlanta,2023-06-08T07:00:00+00:00,6530,6530,True,0.10845376178433845,0
phoenix,2023-06-08T07:00:00+00:00,2817,2817,True,0.0,0
atlanta,2023-06-08T08:00:00+00:00,6530,6530,True,0.06619655226709355,0
phoenix,2023-06-08T08:00:00+00:00,2817,2817,True,0.0,0
atlanta,2023-06-08T09:00:00+00:00,6530,6530,True,0.041538803874978415,0
phoenix,2023-06-08T09:00:00+00:00,2817,2817,True,0.0,0
atlanta,2023-06-08T10:00:00+00:00,6530,6530,True,0.0,0
phoenix,2023-06-08T10:00:00+00:00,2817,2817,True,0.0,0
atlanta,2023-06-08T11:00:00+00:00,6530,6530,True,0.0,0
phoenix,2023-06-08T11:00:00+00:00,2817,2817,True,0.0,0
atlanta,2023-06-08T12:00:00+00:00,6530,6530,True,0.0,0
phoenix,2023-06-08T12:00:00+00:00,2817,2817,True,0.0,0
atlanta,2023-06-08T13:00:00+00:00,6530,6530,True,0.0,0
phoenix,2023-06-08T13:00:00+00:00,2817,2817,True,0.0,0
atlanta,2023-06-08T14:00:00+00:00,6530,6530,True,0.0,0
phoenix,2023-06-08T14:00:00+00:00,2817,2817,True,0.0,0
atlanta,2023-06-08T15:00:00+00:00,6530,6530,True,0.0,0
phoenix,2023-06-08T15:00:00+00:00,2817,2817,True,0.0,0
atlanta,2023-06-08T16:00:00+00:00,6530,6530,True,0.0,0
phoenix,2023-06-08T16:00:00+00:00,2817,2817,True,0.0,0
atlanta,2023-06-08T17:00:00+00:00,6530,6530,True,0.0,0
phoenix,2023-06-08T17:00:00+00:00,2817,2817,True,0.0,0
atlanta,2023-06-08T18:00:00+00:00,6530,6530,True,0.0,0
phoenix,2023-06-08T18:00:00+00:00,2817,2817,True,0.0,0
atlanta,2023-06-08T19:00:00+00:00,6530,6530,True,0.0,0
phoenix,2023-06-08T19:00:00+00:00,2817,2817,True,0.0,0
atlanta,2023-06-08T20:00:00+00:00,6530,6530,True,0.0,0
phoenix,2023-06-08T20:00:00+00:00,2817,2817,True,0.0,0
atlanta,2023-06-08T21:00:00+00:00,6530,6530,True,0.0,0
phoenix,2023-06-08T21:00:00+00:00,2817,2817,True,0.0,0
atlanta,2023-06-08T22:00:00+00:00,6530,6530,True,0.0,0
phoenix,2023-06-08T22:00:00+00:00,2817,2817,True,0.0,0
phoenix,2023-06-08T23:00:00+00:00,2817,2817,True,0.0,0
phoenix,2023-06-09T00:00:00+00:00,2817,2817,True,0.0,0
phoenix,2023-06-09T01:00:00+00:00,2817,2817,True,0.0,0
phoenix,2023-06-09T02:00:00+00:00,2817,2817,True,0.0,0
phoenix,2023-06-09T03:00:00+00:00,2817,2817,True,0.0,0
phoenix,2023-06-09T04:00:00+00:00,2817,2817,True,0.0,0
phoenix,2023-06-09T05:00:00+00:00,2817,2817,True,0.0,0
phoenix,2023-06-09T06:00:00+00:00,2817,2817,True,0.0,0
phoenix,2023-06-09T07:00:00+00:00,2817,2817,True,0.0,0
phoenix,2023-06-09T08:00:00+00:00,2817,2817,True,0.0,0
phoenix,2023-06-09T09:00:00+00:00,2817,2817,True,0.0,0
phoenix,2023-06-09T10:00:00+00:00,2817,2817,True,0.0,0
phoenix,2023-06-09T11:00:00+00:00,2817,2817,True,0.0,0
phoenix,2023-06-09T12:00:00+00:00,2817,2817,True,0.0,0
phoenix,2023-06-09T13:00:00+00:00,2817,2817,True,0.0,0
phoenix,2023-06-09T14:00:00+00:00,2817,2817,True,0.0,0
phoenix,2023-06-09T15:00:00+00:00,2817,2817,True,0.0,0
phoenix,2023-06-09T16:00:00+00:00,2817,2817,True,0.0,0
phoenix,2023-06-09T17:00:00+00:00,2817,2817,True,0.0,0
phoenix,2023-06-09T18:00:00+00:00,2817,2817,True,0.0,0
phoenix,2023-06-09T19:00:00+00:00,2817,2817,True,0.0,0
phoenix,2023-06-09T20:00:00+00:00,2817,2817,True,0.0,0
phoenix,2023-06-09T21:00:00+00:00,2817,2817,True,0.0,0
phoenix,2023-06-09T22:00:00+00:00,2817,2817,True,0.0,0
phoenix,2023-06-09T23:00:00+00:00,2817,2817,True,0.0,0
phoenix,2023-06-10T00:00:00+00:00,2817,2817,True,0.0,0
phoenix,2023-06-10T01:00:00+00:00,2817,2817,True,0.0,0
phoenix,2023-06-10T02:00:00+00:00,2817,2817,True,0.0,0
phoenix,2023-06-10T03:00:00+00:00,2817,2817,True,0.0,0
phoenix,2023-06-10T04:00:00+00:00,2817,2817,True,0.0,0
phoenix,2023-06-10T05:00:00+00:00,2817,2817,True,0.0,0
phoenix,2023-06-10T06:00:00+00:00,2817,2817,True,0.0,0
phoenix,2023-06-10T07:00:00+00:00,2817,2817,True,0.0,0
phoenix,2023-06-10T08:00:00+00:00,2817,2817,True,0.0,0
phoenix,2023-06-10T09:00:00+00:00,2817,2817,True,0.0,0
phoenix,2023-06-10T10:00:00+00:00,2817,2817,True,0.0,0
phoenix,2023-06-10T11:00:00+00:00,2817,2817,True,0.0,0
phoenix,2023-06-10T12:00:00+00:00,2817,2817,True,0.0,0
phoenix,2023-06-10T13:00:00+00:00,2817,2817,True,0.00021288617233653867,0
phoenix,2023-06-10T14:00:00+00:00,2817,2817,True,0.012208799323037766,0
phoenix,2023-06-10T15:00:00+00:00,2817,2817,True,0.0,0
phoenix,2023-06-10T16:00:00+00:00,2817,2817,True,0.0,0
phoenix,2023-06-10T17:00:00+00:00,2817,2817,True,0.0,0
phoenix,2023-06-10T18:00:00+00:00,2817,2817,True,0.0,0
phoenix,2023-06-10T19:00:00+00:00,2817,2817,True,0.0,0
phoenix,2023-06-10T20:00:00+00:00,2817,2817,True,0.0,0
phoenix,2023-06-10T21:00:00+00:00,2817,2817,True,0.0,0
phoenix,2023-06-10T22:00:00+00:00,2817,2817,True,0.0,0
phoenix,2023-06-10T23:00:00+00:00,2817,2817,True,0.0,0
phoenix,2023-06-11T00:00:00+00:00,2817,2817,True,0.0,0
phoenix,2023-06-11T01:00:00+00:00,2817,2817,True,0.0,0
phoenix,2023-06-11T02:00:00+00:00,2817,2817,True,0.0,0
phoenix,2023-06-11T03:00:00+00:00,2817,2817,True,0.0,0
phoenix,2023-06-11T04:00:00+00:00,2817,2817,True,0.0,0
phoenix,2023-06-11T05:00:00+00:00,2817,2817,True,0.0,0
phoenix,2023-06-11T06:00:00+00:00,2817,2817,True,0.0,0
phoenix,2023-06-11T07:00:00+00:00,2817,2817,True,0.0,0
phoenix,2023-06-11T08:00:00+00:00,2817,2817,True,0.0,0
phoenix,2023-06-11T09:00:00+00:00,2817,2817,True,0.0,0
phoenix,2023-06-11T10:00:00+00:00,2817,2817,True,0.0,0
phoenix,2023-06-11T11:00:00+00:00,2817,2817,True,0.0,0
phoenix,2023-06-11T12:00:00+00:00,2817,2817,True,0.0,0
phoenix,2023-06-11T13:00:00+00:00,2817,2817,True,0.0,0
phoenix,2023-06-11T14:00:00+00:00,2817,2817,True,0.0,0
phoenix,2023-06-11T15:00:00+00:00,2817,2817,True,0.0,0
phoenix,2023-06-11T16:00:00+00:00,2817,2817,True,0.0,0
phoenix,2023-06-11T17:00:00+00:00,2817,2817,True,0.0,0
phoenix,2023-06-11T18:00:00+00:00,2817,2817,True,0.0,0
phoenix,2023-06-11T19:00:00+00:00,2817,2817,True,0.0,0
phoenix,2023-06-11T20:00:00+00:00,2817,2817,True,0.0,0
phoenix,2023-06-11T21:00:00+00:00,2817,2817,True,0.0,0
phoenix,2023-06-11T22:00:00+00:00,2817,2817,True,0.0,0
phoenix,2023-06-11T23:00:00+00:00,2817,2817,True,0.0,0
phoenix,2023-06-12T00:00:00+00:00,2817,2817,True,0.0,0
phoenix,2023-06-12T01:00:00+00:00,2817,2817,True,0.0,0
phoenix,2023-06-12T02:00:00+00:00,2817,2817,True,0.0,0
phoenix,2023-06-12T03:00:00+00:00,2817,2817,True,0.0,0
phoenix,2023-06-12T04:00:00+00:00,2817,2817,True,0.0,0
phoenix,2023-06-12T05:00:00+00:00,2817,2817,True,0.0,0
phoenix,2023-06-12T06:00:00+00:00,2817,2817,True,0.0,0
phoenix,2023-06-12T07:00:00+00:00,2817,2817,True,0.0,0
phoenix,2023-06-12T08:00:00+00:00,2817,2817,True,0.0,0
phoenix,2023-06-12T09:00:00+00:00,2817,2817,True,0.0,0
phoenix,2023-06-12T10:00:00+00:00,2817,2817,True,0.0,0
phoenix,2023-06-12T11:00:00+00:00,2817,2817,True,0.0,0
phoenix,2023-06-12T12:00:00+00:00,2817,2817,True,0.0,0
phoenix,2023-06-12T13:00:00+00:00,2817,2817,True,0.0,0
phoenix,2023-06-12T14:00:00+00:00,2817,2817,True,0.0,0
phoenix,2023-06-12T15:00:00+00:00,2817,2817,True,0.0,0
phoenix,2023-06-12T16:00:00+00:00,2817,2817,True,0.0,0
phoenix,2023-06-12T17:00:00+00:00,2817,2817,True,0.0,0
phoenix,2023-06-12T18:00:00+00:00,2817,2817,True,0.0,0
phoenix,2023-06-12T19:00:00+00:00,2817,2817,True,0.0,0
phoenix,2023-06-12T20:00:00+00:00,2817,2817,True,0.0,0
phoenix,2023-06-12T21:00:00+00:00,2817,2817,True,0.0,0
phoenix,2023-06-12T22:00:00+00:00,2817,2817,True,0.0,0
phoenix,2023-06-12T23:00:00+00:00,2817,2817,True,0.0,0
phoenix,2023-06-13T00:00:00+00:00,2817,2817,True,0.0,0
phoenix,2023-06-13T01:00:00+00:00,2817,2817,True,0.0,0
phoenix,2023-06-13T02:00:00+00:00,2817,2817,True,0.0,0
phoenix,2023-06-13T03:00:00+00:00,2817,2817,True,0.0,0
phoenix,2023-06-13T04:00:00+00:00,2817,2817,True,0.0,0
phoenix,2023-06-13T05:00:00+00:00,2817,2817,True,0.0,0
phoenix,2023-06-13T06:00:00+00:00,2817,2817,True,0.0,0
phoenix,2023-06-13T07:00:00+00:00,2817,2817,True,0.0,0
phoenix,2023-06-13T08:00:00+00:00,2817,2817,True,0.0,0
phoenix,2023-06-13T09:00:00+00:00,2817,2817,True,0.0,0
phoenix,2023-06-13T10:00:00+00:00,2817,2817,True,0.0,0
phoenix,2023-06-13T11:00:00+00:00,2817,2817,True,0.0,0
phoenix,2023-06-13T12:00:00+00:00,2817,2817,True,0.0,0
phoenix,2023-06-13T13:00:00+00:00,2817,2817,True,0.0,0
phoenix,2023-06-13T14:00:00+00:00,2817,2817,True,0.0,0
phoenix,2023-06-13T15:00:00+00:00,2817,2817,True,0.0,0
phoenix,2023-06-13T16:00:00+00:00,2817,2817,True,0.0,0
phoenix,2023-06-13T17:00:00+00:00,2817,2817,True,0.0,0
phoenix,2023-06-13T18:00:00+00:00,2817,2817,True,0.0,0
phoenix,2023-06-13T19:00:00+00:00,2817,2817,True,0.0,0
phoenix,2023-06-13T20:00:00+00:00,2817,2817,True,0.0,0
phoenix,2023-06-13T21:00:00+00:00,2817,2817,True,0.0,0
phoenix,2023-06-13T22:00:00+00:00,2817,2817,True,0.0,0
phoenix,2023-06-13T23:00:00+00:00,2817,2817,True,0.0,0
phoenix,2023-06-14T00:00:00+00:00,2817,2817,True,0.0,0
phoenix,2023-06-14T01:00:00+00:00,2817,2817,True,0.0,0
phoenix,2023-06-14T02:00:00+00:00,2817,2817,True,0.0,0
phoenix,2023-06-14T03:00:00+00:00,2817,2817,True,0.0,0
phoenix,2023-06-14T04:00:00+00:00,2817,2817,True,0.0,0
phoenix,2023-06-14T05:00:00+00:00,2817,2817,True,0.0,0
phoenix,2023-06-14T06:00:00+00:00,2817,2817,True,0.0,0
phoenix,2023-06-14T07:00:00+00:00,2817,2817,True,0.0,0
phoenix,2023-06-14T08:00:00+00:00,2817,2817,True,0.0,0
phoenix,2023-06-14T09:00:00+00:00,2817,2817,True,0.0,0
phoenix,2023-06-14T10:00:00+00:00,2817,2817,True,0.0,0
phoenix,2023-06-14T11:00:00+00:00,2817,2817,True,0.0,0
phoenix,2023-06-14T12:00:00+00:00,2817,2817,True,0.0,0
phoenix,2023-06-14T13:00:00+00:00,2817,2817,True,0.0,0
phoenix,2023-06-14T14:00:00+00:00,2817,2817,True,0.0,0
phoenix,2023-06-14T15:00:00+00:00,2817,2817,True,0.0,0
phoenix,2023-06-14T16:00:00+00:00,2817,2817,True,0.0,0
phoenix,2023-06-14T17:00:00+00:00,2817,2817,True,0.0,0
phoenix,2023-06-14T18:00:00+00:00,2817,2817,True,0.0,0
phoenix,2023-06-14T19:00:00+00:00,2817,2817,True,0.0,0
phoenix,2023-06-14T20:00:00+00:00,2817,2817,True,0.0,0
phoenix,2023-06-14T21:00:00+00:00,2817,2817,True,0.0,0
phoenix,2023-06-14T22:00:00+00:00,2817,2817,True,0.0,0
phoenix,2023-06-14T23:00:00+00:00,2817,2817,True,0.0,0
phoenix,2023-06-15T00:00:00+00:00,2817,2817,True,0.0,0
phoenix,2023-06-15T01:00:00+00:00,2817,2817,True,0.0,0
phoenix,2023-06-15T02:00:00+00:00,2817,2817,True,0.0,0
phoenix,2023-06-15T03:00:00+00:00,2817,2817,True,0.0,0
phoenix,2023-06-15T04:00:00+00:00,2817,2817,True,0.0,0
phoenix,2023-06-15T05:00:00+00:00,2817,2817,True,0.0,0
phoenix,2023-06-15T06:00:00+00:00,2817,2817,True,0.0,0
phoenix,2023-06-15T07:00:00+00:00,2817,2817,True,0.0,0
phoenix,2023-06-15T08:00:00+00:00,2817,2817,True,0.0,0
phoenix,2023-06-15T09:00:00+00:00,2817,2817,True,0.0,0
phoenix,2023-06-15T10:00:00+00:00,2817,2817,True,0.0,0
phoenix,2023-06-15T11:00:00+00:00,2817,2817,True,0.0,0
phoenix,2023-06-15T12:00:00+00:00,2817,2817,True,0.0,0
phoenix,2023-06-15T13:00:00+00:00,2817,2817,True,0.0,0
phoenix,2023-06-15T14:00:00+00:00,2817,2817,True,0.0015914527994998944,0
phoenix,2023-06-15T15:00:00+00:00,2817,2817,True,0.0061186061151642475,0
phoenix,2023-06-15T16:00:00+00:00,2817,2817,True,0.0015913431728911413,0
phoenix,2023-06-15T17:00:00+00:00,2817,2817,True,0.0,0
phoenix,2023-06-15T18:00:00+00:00,2817,2817,True,0.0,0
phoenix,2023-06-15T19:00:00+00:00,2817,2817,True,0.0,0
phoenix,2023-06-15T20:00:00+00:00,2817,2817,True,0.0,0
phoenix,2023-06-15T21:00:00+00:00,2817,2817,True,0.0,0
phoenix,2023-06-15T22:00:00+00:00,2817,2817,True,0.0,0
phoenix,2023-06-15T23:00:00+00:00,2817,2817,True,0.0,0
phoenix,2023-06-16T00:00:00+00:00,2817,2817,True,0.0,0
phoenix,2023-06-16T01:00:00+00:00,2817,2817,True,0.0,0
phoenix,2023-06-16T02:00:00+00:00,2817,2817,True,0.0,0
phoenix,2023-06-16T03:00:00+00:00,2817,2817,True,0.0,0
phoenix,2023-06-16T04:00:00+00:00,2817,2817,True,0.0,0
phoenix,2023-06-16T05:00:00+00:00,2817,2817,True,0.0,0
phoenix,2023-06-16T06:00:00+00:00,2817,2817,True,0.0,0
phoenix,2023-06-16T07:00:00+00:00,2817,2817,True,0.0,0
phoenix,2023-06-16T08:00:00+00:00,2817,2817,True,0.0,0
phoenix,2023-06-16T09:00:00+00:00,2817,2817,True,0.0,0
phoenix,2023-06-16T10:00:00+00:00,2817,2817,True,0.0,0
phoenix,2023-06-16T11:00:00+00:00,2817,2817,True,0.0,0
phoenix,2023-06-16T12:00:00+00:00,2817,2817,True,0.0,0
phoenix,2023-06-16T13:00:00+00:00,2817,2817,True,0.0006365226515526113,0
phoenix,2023-06-16T14:00:00+00:00,2817,2817,True,0.0038192942616319964,0
phoenix,2023-06-16T15:00:00+00:00,2817,2817,True,0.0,0
phoenix,2023-06-16T16:00:00+00:00,2817,2817,True,0.0,0
phoenix,2023-06-16T17:00:00+00:00,2817,2817,True,0.0,0
atlanta,2023-06-16T18:00:00+00:00,6530,6530,True,0.0,0
phoenix,2023-06-16T18:00:00+00:00,2817,2817,True,0.0,0
atlanta,2023-06-16T19:00:00+00:00,6530,6530,True,0.0,0
phoenix,2023-06-16T19:00:00+00:00,2817,2817,True,0.0,0
atlanta,2023-06-16T20:00:00+00:00,6530,6530,True,0.0,0
phoenix,2023-06-16T20:00:00+00:00,2817,2817,True,0.0,0
atlanta,2023-06-16T21:00:00+00:00,6530,6530,True,0.0,0
phoenix,2023-06-16T21:00:00+00:00,2817,2817,True,0.0,0
atlanta,2023-06-16T22:00:00+00:00,6530,6530,True,0.0,0
phoenix,2023-06-16T22:00:00+00:00,2817,2817,True,0.0,0
atlanta,2023-06-16T23:00:00+00:00,6530,6530,True,0.0,0
phoenix,2023-06-16T23:00:00+00:00,2817,2817,True,0.0,0
atlanta,2023-06-17T00:00:00+00:00,6530,6530,True,0.0,0
phoenix,2023-06-17T00:00:00+00:00,2817,2817,True,0.0,0
atlanta,2023-06-17T01:00:00+00:00,6530,6530,True,0.0,0
phoenix,2023-06-17T01:00:00+00:00,2817,2817,True,0.0,0
atlanta,2023-06-17T02:00:00+00:00,6530,6530,True,0.0,0
phoenix,2023-06-17T02:00:00+00:00,2817,2817,True,0.0,0
atlanta,2023-06-17T03:00:00+00:00,6530,6530,True,0.0,0
phoenix,2023-06-17T03:00:00+00:00,2817,2817,True,0.0,0
atlanta,2023-06-17T04:00:00+00:00,6530,6530,True,0.0,0
phoenix,2023-06-17T04:00:00+00:00,2817,2817,True,0.0,0
atlanta,2023-06-17T05:00:00+00:00,6530,6530,True,0.0,0
phoenix,2023-06-17T05:00:00+00:00,2817,2817,True,0.0,0
atlanta,2023-06-17T06:00:00+00:00,6530,6530,True,0.0,0
phoenix,2023-06-17T06:00:00+00:00,2817,2817,True,0.0,0
atlanta,2023-06-17T07:00:00+00:00,6530,6530,True,0.0,0
phoenix,2023-06-17T07:00:00+00:00,2817,2817,True,0.0,0
atlanta,2023-06-17T08:00:00+00:00,6530,6530,True,0.0,0
phoenix,2023-06-17T08:00:00+00:00,2817,2817,True,0.0,0
atlanta,2023-06-17T09:00:00+00:00,6530,6530,True,0.0,0
phoenix,2023-06-17T09:00:00+00:00,2817,2817,True,0.0,0
atlanta,2023-06-17T10:00:00+00:00,6530,6530,True,0.0,0
phoenix,2023-06-17T10:00:00+00:00,2817,2817,True,0.0,0
atlanta,2023-06-17T11:00:00+00:00,6530,6530,True,0.0,0
phoenix,2023-06-17T11:00:00+00:00,2817,2817,True,0.0,0
atlanta,2023-06-17T12:00:00+00:00,6530,6530,True,0.0,0
phoenix,2023-06-17T12:00:00+00:00,2817,2817,True,0.0,0
atlanta,2023-06-17T13:00:00+00:00,6530,6530,True,0.0,0
phoenix,2023-06-17T13:00:00+00:00,2817,2817,True,0.002758666758718669,0
atlanta,2023-06-17T14:00:00+00:00,6530,6530,True,0.0,0
phoenix,2023-06-17T14:00:00+00:00,2817,2817,True,0.0,0
atlanta,2023-06-17T15:00:00+00:00,6530,6530,True,0.0,0
phoenix,2023-06-17T15:00:00+00:00,2817,2817,True,0.027986553518578487,0
atlanta,2023-06-17T16:00:00+00:00,6530,6530,True,0.0,0
phoenix,2023-06-17T16:00:00+00:00,2817,2817,True,0.10795729151371321,0
atlanta,2023-06-17T17:00:00+00:00,6530,6530,True,0.0,0
phoenix,2023-06-17T17:00:00+00:00,2817,2817,True,0.0,0
atlanta,2023-06-17T18:00:00+00:00,6530,6530,True,0.0,0
phoenix,2023-06-17T18:00:00+00:00,2817,2817,True,0.0,0
atlanta,2023-06-17T19:00:00+00:00,6530,6530,True,0.0,0
phoenix,2023-06-17T19:00:00+00:00,2817,2817,True,0.0,0
atlanta,2023-06-17T20:00:00+00:00,6530,6530,True,0.0,0
phoenix,2023-06-17T20:00:00+00:00,2817,2817,True,0.0,0
atlanta,2023-06-17T21:00:00+00:00,6530,6530,True,0.0,0
phoenix,2023-06-17T21:00:00+00:00,2817,2817,True,0.0,0
atlanta,2023-06-17T22:00:00+00:00,6530,6530,True,0.0,0
phoenix,2023-06-17T22:00:00+00:00,2817,2817,True,0.0,0
atlanta,2023-06-17T23:00:00+00:00,6530,6530,True,0.0,0
phoenix,2023-06-17T23:00:00+00:00,2817,2817,True,0.0,0
atlanta,2023-06-18T00:00:00+00:00,6530,6530,True,0.0,0
phoenix,2023-06-18T00:00:00+00:00,2817,2817,True,0.0,0
atlanta,2023-06-18T01:00:00+00:00,6530,6530,True,0.0,0
phoenix,2023-06-18T01:00:00+00:00,2817,2817,True,0.0,0
atlanta,2023-06-18T02:00:00+00:00,6530,6530,True,0.0,0
phoenix,2023-06-18T02:00:00+00:00,2817,2817,True,0.0,0
atlanta,2023-06-18T03:00:00+00:00,6530,6530,True,0.0,0
phoenix,2023-06-18T03:00:00+00:00,2817,2817,True,0.0,0
atlanta,2023-06-18T04:00:00+00:00,6530,6530,True,0.0,0
phoenix,2023-06-18T04:00:00+00:00,2817,2817,True,0.0,0
atlanta,2023-06-18T05:00:00+00:00,6530,6530,True,0.0,0
phoenix,2023-06-18T05:00:00+00:00,2817,2817,True,0.0,0
atlanta,2023-06-18T06:00:00+00:00,6530,6530,True,0.0,0
phoenix,2023-06-18T06:00:00+00:00,2817,2817,True,0.0,0
atlanta,2023-06-18T07:00:00+00:00,6530,6530,True,0.0,0
phoenix,2023-06-18T07:00:00+00:00,2817,2817,True,0.0,0
atlanta,2023-06-18T08:00:00+00:00,6530,6530,True,0.0,0
phoenix,2023-06-18T08:00:00+00:00,2817,2817,True,0.0,0
atlanta,2023-06-18T09:00:00+00:00,6530,6530,True,0.0,0
phoenix,2023-06-18T09:00:00+00:00,2817,2817,True,0.0,0
atlanta,2023-06-18T10:00:00+00:00,6530,6530,True,0.0,0
phoenix,2023-06-18T10:00:00+00:00,2817,2817,True,0.0,0
atlanta,2023-06-18T11:00:00+00:00,6530,6530,True,0.0,0
phoenix,2023-06-18T11:00:00+00:00,2817,2817,True,0.0,0
atlanta,2023-06-18T12:00:00+00:00,6530,6530,True,0.0,0
phoenix,2023-06-18T12:00:00+00:00,2817,2817,True,0.0,0
atlanta,2023-06-18T13:00:00+00:00,6530,6530,True,0.0,0
phoenix,2023-06-18T13:00:00+00:00,2817,2817,True,0.00021219452037530217,0
atlanta,2023-06-18T14:00:00+00:00,6530,6530,True,0.0,0
phoenix,2023-06-18T14:00:00+00:00,2817,2817,True,0.0,0
atlanta,2023-06-18T15:00:00+00:00,6530,6530,True,0.0,0
phoenix,2023-06-18T15:00:00+00:00,2817,2817,True,0.0,0
atlanta,2023-06-18T16:00:00+00:00,6530,6530,True,0.0,0
phoenix,2023-06-18T16:00:00+00:00,2817,2817,True,0.0,0
atlanta,2023-06-18T17:00:00+00:00,6530,6530,True,0.0,0
phoenix,2023-06-18T17:00:00+00:00,2817,2817,True,0.0,0
atlanta,2023-06-18T18:00:00+00:00,6530,6530,True,0.0,0
phoenix,2023-06-18T18:00:00+00:00,2817,2817,True,0.0,0
atlanta,2023-06-18T19:00:00+00:00,6530,6530,True,0.0,0
phoenix,2023-06-18T19:00:00+00:00,2817,2817,True,0.0,0
atlanta,2023-06-18T20:00:00+00:00,6530,6530,True,0.0,0
phoenix,2023-06-18T20:00:00+00:00,2817,2817,True,0.0,0
atlanta,2023-06-18T21:00:00+00:00,6530,6530,True,0.08310186295129587,0
phoenix,2023-06-18T21:00:00+00:00,2817,2817,True,0.0,0
atlanta,2023-06-18T22:00:00+00:00,6530,6530,True,0.07727536705234783,0
phoenix,2023-06-18T22:00:00+00:00,2817,2817,True,0.0,0
atlanta,2023-06-18T23:00:00+00:00,6530,6530,True,0.0,0
phoenix,2023-06-18T23:00:00+00:00,2817,2817,True,0.0,0
atlanta,2023-06-19T00:00:00+00:00,6530,6530,True,0.0,0
phoenix,2023-06-19T00:00:00+00:00,2817,2817,True,0.0,0
atlanta,2023-06-19T01:00:00+00:00,6530,6530,True,0.009321520237731019,0
phoenix,2023-06-19T01:00:00+00:00,2817,2817,True,0.0,0
atlanta,2023-06-19T02:00:00+00:00,6530,6530,True,0.014895580443988369,0
phoenix,2023-06-19T02:00:00+00:00,2817,2817,True,0.0,0
atlanta,2023-06-19T03:00:00+00:00,6530,6530,True,0.0003064438311074078,0
phoenix,2023-06-19T03:00:00+00:00,2817,2817,True,0.0,0
atlanta,2023-06-19T04:00:00+00:00,6530,6530,True,0.0,0
phoenix,2023-06-19T04:00:00+00:00,2817,2817,True,0.0,0
atlanta,2023-06-19T05:00:00+00:00,6530,6530,True,0.0008890299246346998,0
phoenix,2023-06-19T05:00:00+00:00,2817,2817,True,0.0,0
atlanta,2023-06-19T06:00:00+00:00,6530,6530,True,0.0,0
phoenix,2023-06-19T06:00:00+00:00,2817,2817,True,0.0,0
atlanta,2023-06-19T07:00:00+00:00,6530,6530,True,0.11178952185592281,0
phoenix,2023-06-19T07:00:00+00:00,2817,2817,True,0.0,0
atlanta,2023-06-19T08:00:00+00:00,6530,6530,True,3.4752604976183514,0
phoenix,2023-06-19T08:00:00+00:00,2817,2817,True,0.0,0
atlanta,2023-06-19T09:00:00+00:00,6530,6530,True,4.383367441343644,0
phoenix,2023-06-19T09:00:00+00:00,2817,2817,True,0.0,0
atlanta,2023-06-19T10:00:00+00:00,6530,6530,True,4.343999814889457,0
phoenix,2023-06-19T10:00:00+00:00,2817,2817,True,0.0,0
atlanta,2023-06-19T11:00:00+00:00,6530,6530,True,4.265143014564978,0
phoenix,2023-06-19T11:00:00+00:00,2817,2817,True,0.0,0
atlanta,2023-06-19T12:00:00+00:00,6530,6530,True,3.411684346439937,0
phoenix,2023-06-19T12:00:00+00:00,2817,2817,True,0.0,0
atlanta,2023-06-19T13:00:00+00:00,6530,6530,True,0.7592147275784895,0
phoenix,2023-06-19T13:00:00+00:00,2817,2817,True,0.0,0
atlanta,2023-06-19T14:00:00+00:00,6530,6530,True,0.20497721845549974,0
phoenix,2023-06-19T14:00:00+00:00,2817,2817,True,0.0,0
atlanta,2023-06-19T15:00:00+00:00,6530,6530,True,0.0030995005243687054,0
phoenix,2023-06-19T15:00:00+00:00,2817,2817,True,0.0,0
atlanta,2023-06-19T16:00:00+00:00,6530,6530,True,0.0016825093011012726,0
phoenix,2023-06-19T16:00:00+00:00,2817,2817,True,0.0,0
atlanta,2023-06-19T17:00:00+00:00,6530,6530,True,0.026677737731805273,0
phoenix,2023-06-19T17:00:00+00:00,2817,2817,True,0.0,0
atlanta,2023-06-19T18:00:00+00:00,6530,6530,True,0.029530671273012583,0
phoenix,2023-06-19T18:00:00+00:00,2817,2817,True,0.0,0
atlanta,2023-06-19T19:00:00+00:00,6530,6530,True,0.2650589487734637,0
phoenix,2023-06-19T19:00:00+00:00,2817,2817,True,0.0,0
atlanta,2023-06-19T20:00:00+00:00,6530,6530,True,0.4174566867672022,0
phoenix,2023-06-19T20:00:00+00:00,2817,2817,True,0.0,0
atlanta,2023-06-19T21:00:00+00:00,6530,6530,True,0.23149715519485134,0
phoenix,2023-06-19T21:00:00+00:00,2817,2817,True,0.0,0
atlanta,2023-06-19T22:00:00+00:00,6530,6530,True,0.0504705280384033,0
phoenix,2023-06-19T22:00:00+00:00,2817,2817,True,0.0,0
atlanta,2023-06-19T23:00:00+00:00,6530,6530,True,0.0020922405073277076,0
phoenix,2023-06-19T23:00:00+00:00,2817,2817,True,0.0,0
atlanta,2023-06-20T00:00:00+00:00,6530,6530,True,0.01565952850469567,0
phoenix,2023-06-20T00:00:00+00:00,2817,2817,True,0.0,0
atlanta,2023-06-20T01:00:00+00:00,6530,6530,True,0.006556439111011998,0
phoenix,2023-06-20T01:00:00+00:00,2817,2817,True,0.0,0
atlanta,2023-06-20T02:00:00+00:00,6530,6530,True,0.05600109328173531,0
phoenix,2023-06-20T02:00:00+00:00,2817,2817,True,0.0,0
atlanta,2023-06-20T03:00:00+00:00,6530,6530,True,0.07511997627053903,0
phoenix,2023-06-20T03:00:00+00:00,2817,2817,True,0.0,0
atlanta,2023-06-20T04:00:00+00:00,6530,6530,True,0.051973122716150545,0
phoenix,2023-06-20T04:00:00+00:00,2817,2817,True,0.0,0
atlanta,2023-06-20T05:00:00+00:00,6530,6530,True,0.0010958662483356706,0
phoenix,2023-06-20T05:00:00+00:00,2817,2817,True,0.0,0
atlanta,2023-06-20T06:00:00+00:00,6530,6530,True,0.00032071301530460863,0
phoenix,2023-06-20T06:00:00+00:00,2817,2817,True,0.0,0
atlanta,2023-06-20T07:00:00+00:00,6530,6530,True,0.001090613156112108,0
phoenix,2023-06-20T07:00:00+00:00,2817,2817,True,0.0,0
atlanta,2023-06-20T08:00:00+00:00,6530,6530,True,0.0003226916574558636,0
phoenix,2023-06-20T08:00:00+00:00,2817,2817,True,0.0,0
atlanta,2023-06-20T09:00:00+00:00,6530,6530,True,0.0,0
phoenix,2023-06-20T09:00:00+00:00,2817,2817,True,0.0,0
atlanta,2023-06-20T10:00:00+00:00,6530,6530,True,0.0,0
phoenix,2023-06-20T10:00:00+00:00,2817,2817,True,0.0,0
atlanta,2023-06-20T11:00:00+00:00,6530,6530,True,0.0,0
phoenix,2023-06-20T11:00:00+00:00,2817,2817,True,0.0,0
atlanta,2023-06-20T12:00:00+00:00,6530,6530,True,0.0,0
phoenix,2023-06-20T12:00:00+00:00,2817,2817,True,0.0,0
atlanta,2023-06-20T13:00:00+00:00,6530,6530,True,0.0,0
phoenix,2023-06-20T13:00:00+00:00,2817,2817,True,0.0,0
atlanta,2023-06-20T14:00:00+00:00,6530,6530,True,0.0,0
phoenix,2023-06-20T14:00:00+00:00,2817,2817,True,0.0,0
atlanta,2023-06-20T15:00:00+00:00,6530,6530,True,0.0007179174693920346,0
phoenix,2023-06-20T15:00:00+00:00,2817,2817,True,0.0,0
atlanta,2023-06-20T16:00:00+00:00,6530,6530,True,0.032883828296986266,0
phoenix,2023-06-20T16:00:00+00:00,2817,2817,True,0.0,0
atlanta,2023-06-20T17:00:00+00:00,6530,6530,True,0.5289827679024796,0
phoenix,2023-06-20T17:00:00+00:00,2817,2817,True,0.0,0
atlanta,2023-06-20T18:00:00+00:00,6530,6530,True,0.8965019362085401,0
phoenix,2023-06-20T18:00:00+00:00,2817,2817,True,0.0,0
atlanta,2023-06-20T19:00:00+00:00,6530,6530,True,0.9122057245228246,0
phoenix,2023-06-20T19:00:00+00:00,2817,2817,True,0.0,0
atlanta,2023-06-20T20:00:00+00:00,6530,6530,True,1.7966179840257215,0
phoenix,2023-06-20T20:00:00+00:00,2817,2817,True,0.0,0
atlanta,2023-06-20T21:00:00+00:00,6530,6530,True,0.736515287766995,0
phoenix,2023-06-20T21:00:00+00:00,2817,2817,True,0.0,0
atlanta,2023-06-20T22:00:00+00:00,6530,6530,True,0.6064580385525363,0
phoenix,2023-06-20T22:00:00+00:00,2817,2817,True,0.0,0
atlanta,2023-06-20T23:00:00+00:00,6530,6530,True,0.6679021553547866,0
phoenix,2023-06-20T23:00:00+00:00,2817,2817,True,0.0,0
atlanta,2023-06-21T00:00:00+00:00,6530,6530,True,0.21592529953092496,0
phoenix,2023-06-21T00:00:00+00:00,2817,2817,True,0.0,0
atlanta,2023-06-21T01:00:00+00:00,6530,6530,True,0.30008815480581896,0
phoenix,2023-06-21T01:00:00+00:00,2817,2817,True,0.0,0
atlanta,2023-06-21T02:00:00+00:00,6530,6530,True,0.5067293538842917,0
phoenix,2023-06-21T02:00:00+00:00,2817,2817,True,0.0,0
atlanta,2023-06-21T03:00:00+00:00,6530,6530,True,0.31102281293784106,0
phoenix,2023-06-21T03:00:00+00:00,2817,2817,True,0.0,0
atlanta,2023-06-21T04:00:00+00:00,6530,6530,True,0.05936706041317547,0
phoenix,2023-06-21T04:00:00+00:00,2817,2817,True,0.0,0
atlanta,2023-06-21T05:00:00+00:00,6530,6530,True,0.053463136937290365,0
phoenix,2023-06-21T05:00:00+00:00,2817,2817,True,0.0,0
atlanta,2023-06-21T06:00:00+00:00,6530,6530,True,0.09681373807371745,0
phoenix,2023-06-21T06:00:00+00:00,2817,2817,True,0.0,0
atlanta,2023-06-21T07:00:00+00:00,6530,6530,True,0.4481265923449641,0
phoenix,2023-06-21T07:00:00+00:00,2817,2817,True,0.0,0
atlanta,2023-06-21T08:00:00+00:00,6530,6530,True,0.31974793003162666,0
phoenix,2023-06-21T08:00:00+00:00,2817,2817,True,0.0,0
atlanta,2023-06-21T09:00:00+00:00,6530,6530,True,0.34034141574685806,0
phoenix,2023-06-21T09:00:00+00:00,2817,2817,True,0.0,0
atlanta,2023-06-21T10:00:00+00:00,6530,6530,True,0.27773387873618777,0
phoenix,2023-06-21T10:00:00+00:00,2817,2817,True,0.0,0
atlanta,2023-06-21T11:00:00+00:00,6530,6530,True,0.1886526718355527,0
phoenix,2023-06-21T11:00:00+00:00,2817,2817,True,0.0,0
atlanta,2023-06-21T12:00:00+00:00,6530,6530,True,0.10118066946446723,0
phoenix,2023-06-21T12:00:00+00:00,2817,2817,True,0.0,0
atlanta,2023-06-21T13:00:00+00:00,6530,6530,True,0.12205605239693282,0
phoenix,2023-06-21T13:00:00+00:00,2817,2817,True,0.0,0
atlanta,2023-06-21T14:00:00+00:00,6530,6530,True,0.15035895805440852,0
phoenix,2023-06-21T14:00:00+00:00,2817,2817,True,0.0,0
atlanta,2023-06-21T15:00:00+00:00,6530,6530,True,0.1972325572256644,0
phoenix,2023-06-21T15:00:00+00:00,2817,2817,True,0.0,0
atlanta,2023-06-21T16:00:00+00:00,6530,6530,True,0.6032203350319255,0
phoenix,2023-06-21T16:00:00+00:00,2817,2817,True,0.0,0
atlanta,2023-06-21T17:00:00+00:00,6530,6530,True,1.221136280181941,0
phoenix,2023-06-21T17:00:00+00:00,2817,2817,True,0.0,0
atlanta,2023-06-21T18:00:00+00:00,6530,6530,True,2.988877205229206,0
phoenix,2023-06-21T18:00:00+00:00,2817,2817,True,0.0,0
atlanta,2023-06-21T19:00:00+00:00,6530,6530,True,3.1255423539109044,0
phoenix,2023-06-21T19:00:00+00:00,2817,2817,True,0.0,0
atlanta,2023-06-21T20:00:00+00:00,6530,6530,True,2.06409929722891,0
phoenix,2023-06-21T20:00:00+00:00,2817,2817,True,0.0,0
atlanta,2023-06-21T21:00:00+00:00,6530,6530,True,0.5593869742620656,0
phoenix,2023-06-21T21:00:00+00:00,2817,2817,True,0.0,0
atlanta,2023-06-21T22:00:00+00:00,6530,6530,True,0.10827079771314825,0
phoenix,2023-06-21T22:00:00+00:00,2817,2817,True,0.0,0
atlanta,2023-06-21T23:00:00+00:00,6530,6530,True,0.07587277056711417,0
phoenix,2023-06-21T23:00:00+00:00,2817,2817,True,0.0,0
atlanta,2023-06-22T00:00:00+00:00,6530,6530,True,0.5934006708119257,0
phoenix,2023-06-22T00:00:00+00:00,2817,2817,True,0.0,0
atlanta,2023-06-22T01:00:00+00:00,6530,6530,True,0.412193524525464,0
phoenix,2023-06-22T01:00:00+00:00,2817,2817,True,0.0,0
atlanta,2023-06-22T02:00:00+00:00,6530,6530,True,0.15569831725073838,0
phoenix,2023-06-22T02:00:00+00:00,2817,2817,True,0.0,0
atlanta,2023-06-22T03:00:00+00:00,6530,6530,True,0.014435407090177564,0
phoenix,2023-06-22T03:00:00+00:00,2817,2817,True,0.0,0
atlanta,2023-06-22T04:00:00+00:00,6530,6530,True,0.0,0
phoenix,2023-06-22T04:00:00+00:00,2817,2817,True,0.0,0
atlanta,2023-06-22T05:00:00+00:00,6530,6530,True,0.0,0
phoenix,2023-06-22T05:00:00+00:00,2817,2817,True,0.0,0
atlanta,2023-06-22T06:00:00+00:00,6530,6530,True,0.0,0
phoenix,2023-06-22T06:00:00+00:00,2817,2817,True,0.0,0
atlanta,2023-06-22T07:00:00+00:00,6530,6530,True,0.008076227328580968,0
phoenix,2023-06-22T07:00:00+00:00,2817,2817,True,0.0,0
atlanta,2023-06-22T08:00:00+00:00,6530,6530,True,0.08399169068764188,0
phoenix,2023-06-22T08:00:00+00:00,2817,2817,True,0.0,0
atlanta,2023-06-22T09:00:00+00:00,6530,6530,True,0.1216861877288976,0
phoenix,2023-06-22T09:00:00+00:00,2817,2817,True,0.0,0
atlanta,2023-06-22T10:00:00+00:00,6530,6530,True,0.3436051876527501,0
phoenix,2023-06-22T10:00:00+00:00,2817,2817,True,0.0,0
atlanta,2023-06-22T11:00:00+00:00,6530,6530,True,0.5139946786629437,0
phoenix,2023-06-22T11:00:00+00:00,2817,2817,True,0.0,0
atlanta,2023-06-22T12:00:00+00:00,6530,6530,True,0.14806980060466496,0
phoenix,2023-06-22T12:00:00+00:00,2817,2817,True,0.0,0
atlanta,2023-06-22T13:00:00+00:00,6530,6530,True,0.03182135645989807,0
phoenix,2023-06-22T13:00:00+00:00,2817,2817,True,0.0,0
atlanta,2023-06-22T14:00:00+00:00,6530,6530,True,0.09265242262455119,0
phoenix,2023-06-22T14:00:00+00:00,2817,2817,True,0.0,0
atlanta,2023-06-22T15:00:00+00:00,6530,6530,True,0.15598165253900553,0
phoenix,2023-06-22T15:00:00+00:00,2817,2817,True,0.0,0
atlanta,2023-06-22T16:00:00+00:00,6530,6530,True,0.0955880848459691,0
phoenix,2023-06-22T16:00:00+00:00,2817,2817,True,0.0,0
atlanta,2023-06-22T17:00:00+00:00,6530,6530,True,0.0012054229570297719,0
phoenix,2023-06-22T17:00:00+00:00,2817,2817,True,0.0,0
atlanta,2023-06-22T18:00:00+00:00,6530,6530,True,0.03493047613952442,0
phoenix,2023-06-22T18:00:00+00:00,2817,2817,True,0.0,0
atlanta,2023-06-22T19:00:00+00:00,6530,6530,True,0.09634551624080104,0
phoenix,2023-06-22T19:00:00+00:00,2817,2817,True,0.0,0
atlanta,2023-06-22T20:00:00+00:00,6530,6530,True,0.04206288390625621,0
phoenix,2023-06-22T20:00:00+00:00,2817,2817,True,0.0,0
atlanta,2023-06-22T21:00:00+00:00,6530,6530,True,0.0019011766510205344,0
phoenix,2023-06-22T21:00:00+00:00,2817,2817,True,0.0,0
atlanta,2023-06-22T22:00:00+00:00,6530,6530,True,0.0,0
phoenix,2023-06-22T22:00:00+00:00,2817,2817,True,0.0,0
atlanta,2023-06-22T23:00:00+00:00,6530,6530,True,4.6205434383863056e-05,0
phoenix,2023-06-22T23:00:00+00:00,2817,2817,True,0.0,0
atlanta,2023-06-23T00:00:00+00:00,6530,6530,True,0.04994289771738455,0
phoenix,2023-06-23T00:00:00+00:00,2817,2817,True,0.0,0
atlanta,2023-06-23T01:00:00+00:00,6530,6530,True,0.06856525088992539,0
phoenix,2023-06-23T01:00:00+00:00,2817,2817,True,0.0,0
atlanta,2023-06-23T02:00:00+00:00,6530,6530,True,0.0025859761875985923,0
phoenix,2023-06-23T02:00:00+00:00,2817,2817,True,0.0,0
atlanta,2023-06-23T03:00:00+00:00,6530,6530,True,0.0,0
phoenix,2023-06-23T03:00:00+00:00,2817,2817,True,0.0,0
atlanta,2023-06-23T04:00:00+00:00,6530,6530,True,0.0,0
phoenix,2023-06-23T04:00:00+00:00,2817,2817,True,0.0,0
atlanta,2023-06-23T05:00:00+00:00,6530,6530,True,0.0,0
phoenix,2023-06-23T05:00:00+00:00,2817,2817,True,0.0,0
atlanta,2023-06-23T06:00:00+00:00,6530,6530,True,0.004850674311348809,0
phoenix,2023-06-23T06:00:00+00:00,2817,2817,True,0.0,0
atlanta,2023-06-23T07:00:00+00:00,6530,6530,True,0.0,0
phoenix,2023-06-23T07:00:00+00:00,2817,2817,True,0.0,0
atlanta,2023-06-23T08:00:00+00:00,6530,6530,True,0.0,0
phoenix,2023-06-23T08:00:00+00:00,2817,2817,True,0.0,0
atlanta,2023-06-23T09:00:00+00:00,6530,6530,True,0.0,0
phoenix,2023-06-23T09:00:00+00:00,2817,2817,True,0.0,0
atlanta,2023-06-23T10:00:00+00:00,6530,6530,True,0.0,0
phoenix,2023-06-23T10:00:00+00:00,2817,2817,True,0.0,0
atlanta,2023-06-23T11:00:00+00:00,6530,6530,True,0.0,0
phoenix,2023-06-23T11:00:00+00:00,2817,2817,True,0.0,0
atlanta,2023-06-23T12:00:00+00:00,6530,6530,True,0.0,0
phoenix,2023-06-23T12:00:00+00:00,2817,2817,True,0.0,0
atlanta,2023-06-23T13:00:00+00:00,6530,6530,True,0.0,0
phoenix,2023-06-23T13:00:00+00:00,2817,2817,True,0.0,0
atlanta,2023-06-23T14:00:00+00:00,6530,6530,True,0.0,0
phoenix,2023-06-23T14:00:00+00:00,2817,2817,True,0.0,0
atlanta,2023-06-23T15:00:00+00:00,6530,6530,True,0.0,0
phoenix,2023-06-23T15:00:00+00:00,2817,2817,True,0.0,0
atlanta,2023-06-23T16:00:00+00:00,6530,6530,True,0.0,0
phoenix,2023-06-23T16:00:00+00:00,2817,2817,True,0.0,0
atlanta,2023-06-23T17:00:00+00:00,6530,6530,True,0.07349350339819073,0
phoenix,2023-06-23T17:00:00+00:00,2817,2817,True,0.0,0
phoenix,2023-06-23T18:00:00+00:00,2817,2817,True,0.0,0
phoenix,2023-06-23T19:00:00+00:00,2817,2817,True,0.0,0
phoenix,2023-06-23T20:00:00+00:00,2817,2817,True,0.0,0
phoenix,2023-06-23T21:00:00+00:00,2817,2817,True,0.0,0
phoenix,2023-06-23T22:00:00+00:00,2817,2817,True,0.0,0
phoenix,2023-06-23T23:00:00+00:00,2817,2817,True,0.0,0
phoenix,2023-06-24T00:00:00+00:00,2817,2817,True,0.0,0
phoenix,2023-06-24T01:00:00+00:00,2817,2817,True,0.0,0
phoenix,2023-06-24T02:00:00+00:00,2817,2817,True,0.0,0
phoenix,2023-06-24T03:00:00+00:00,2817,2817,True,0.0,0
phoenix,2023-06-24T04:00:00+00:00,2817,2817,True,0.0,0
phoenix,2023-06-24T05:00:00+00:00,2817,2817,True,0.0,0
phoenix,2023-06-24T06:00:00+00:00,2817,2817,True,0.0,0
phoenix,2023-06-24T07:00:00+00:00,2817,2817,True,0.0,0
phoenix,2023-06-24T08:00:00+00:00,2817,2817,True,0.0,0
phoenix,2023-06-24T09:00:00+00:00,2817,2817,True,0.0,0
phoenix,2023-06-24T10:00:00+00:00,2817,2817,True,0.0,0
phoenix,2023-06-24T11:00:00+00:00,2817,2817,True,0.0,0
phoenix,2023-06-24T12:00:00+00:00,2817,2817,True,0.0,0
phoenix,2023-06-24T13:00:00+00:00,2817,2817,True,0.0,0
phoenix,2023-06-24T14:00:00+00:00,2817,2817,True,0.0,0
phoenix,2023-06-24T15:00:00+00:00,2817,2817,True,0.0,0
phoenix,2023-06-24T16:00:00+00:00,2817,2817,True,0.0,0
phoenix,2023-06-24T17:00:00+00:00,2817,2817,True,0.0,0
phoenix,2023-06-24T18:00:00+00:00,2817,2817,True,0.0,0
phoenix,2023-06-24T19:00:00+00:00,2817,2817,True,0.0,0
phoenix,2023-06-24T20:00:00+00:00,2817,2817,True,0.0,0
phoenix,2023-06-24T21:00:00+00:00,2817,2817,True,0.0,0
phoenix,2023-06-24T22:00:00+00:00,2817,2817,True,0.0,0
phoenix,2023-06-24T23:00:00+00:00,2817,2817,True,0.0,0
phoenix,2023-06-25T00:00:00+00:00,2817,2817,True,0.0,0
phoenix,2023-06-25T01:00:00+00:00,2817,2817,True,0.0,0
phoenix,2023-06-25T02:00:00+00:00,2817,2817,True,0.0,0
phoenix,2023-06-25T03:00:00+00:00,2817,2817,True,0.0,0
phoenix,2023-06-25T04:00:00+00:00,2817,2817,True,0.0,0
phoenix,2023-06-25T05:00:00+00:00,2817,2817,True,0.0,0
phoenix,2023-06-25T06:00:00+00:00,2817,2817,True,0.0,0
phoenix,2023-06-25T07:00:00+00:00,2817,2817,True,0.0,0
phoenix,2023-06-25T08:00:00+00:00,2817,2817,True,0.0,0
phoenix,2023-06-25T09:00:00+00:00,2817,2817,True,0.0,0
phoenix,2023-06-25T10:00:00+00:00,2817,2817,True,0.0,0
phoenix,2023-06-25T11:00:00+00:00,2817,2817,True,0.0,0
phoenix,2023-06-25T12:00:00+00:00,2817,2817,True,0.0,0
phoenix,2023-06-25T13:00:00+00:00,2817,2817,True,0.0,0
phoenix,2023-06-25T14:00:00+00:00,2817,2817,True,0.0,0
phoenix,2023-06-25T15:00:00+00:00,2817,2817,True,0.0,0
phoenix,2023-06-25T16:00:00+00:00,2817,2817,True,0.0,0
phoenix,2023-06-25T17:00:00+00:00,2817,2817,True,0.0,0
phoenix,2023-06-25T18:00:00+00:00,2817,2817,True,0.0,0
phoenix,2023-06-25T19:00:00+00:00,2817,2817,True,0.0,0
phoenix,2023-06-25T20:00:00+00:00,2817,2817,True,0.0,0
phoenix,2023-06-25T21:00:00+00:00,2817,2817,True,0.0,0
phoenix,2023-06-25T22:00:00+00:00,2817,2817,True,0.0,0
phoenix,2023-06-25T23:00:00+00:00,2817,2817,True,0.0,0
phoenix,2023-06-26T00:00:00+00:00,2817,2817,True,0.0,0
phoenix,2023-06-26T01:00:00+00:00,2817,2817,True,0.0,0
phoenix,2023-06-26T02:00:00+00:00,2817,2817,True,0.0,0
phoenix,2023-06-26T03:00:00+00:00,2817,2817,True,0.0,0
phoenix,2023-06-26T04:00:00+00:00,2817,2817,True,0.0,0
phoenix,2023-06-26T05:00:00+00:00,2817,2817,True,0.0,0
phoenix,2023-06-26T06:00:00+00:00,2817,2817,True,0.0,0
phoenix,2023-06-26T07:00:00+00:00,2817,2817,True,0.0,0
phoenix,2023-06-26T08:00:00+00:00,2817,2817,True,0.0,0
phoenix,2023-06-26T09:00:00+00:00,2817,2817,True,0.0,0
phoenix,2023-06-26T10:00:00+00:00,2817,2817,True,0.0,0
phoenix,2023-06-26T11:00:00+00:00,2817,2817,True,0.0,0
phoenix,2023-06-26T12:00:00+00:00,2817,2817,True,0.0,0
phoenix,2023-06-26T13:00:00+00:00,2817,2817,True,0.0,0
phoenix,2023-06-26T14:00:00+00:00,2817,2817,True,0.0,0
phoenix,2023-06-26T15:00:00+00:00,2817,2817,True,0.0,0
phoenix,2023-06-26T16:00:00+00:00,2817,2817,True,0.0,0
phoenix,2023-06-26T17:00:00+00:00,2817,2817,True,0.0,0
atlanta,2023-07-15T22:00:00+00:00,6530,6530,True,0.0004136489555895241,0
atlanta,2023-07-15T23:00:00+00:00,6530,6530,True,0.0,0
atlanta,2023-07-16T00:00:00+00:00,6530,6530,True,0.0,0
atlanta,2023-07-16T01:00:00+00:00,6530,6530,True,0.0,0
atlanta,2023-07-16T02:00:00+00:00,6530,6530,True,0.0,0
atlanta,2023-07-16T03:00:00+00:00,6530,6530,True,0.0,0
atlanta,2023-07-16T04:00:00+00:00,6530,6530,True,0.0,0
atlanta,2023-07-16T05:00:00+00:00,6530,6530,True,0.0,0
atlanta,2023-07-16T06:00:00+00:00,6530,6530,True,0.0,0
atlanta,2023-07-16T07:00:00+00:00,6530,6530,True,0.0,0
atlanta,2023-07-16T08:00:00+00:00,6530,6530,True,0.0,0
atlanta,2023-07-16T09:00:00+00:00,6530,6530,True,0.0,0
atlanta,2023-07-16T10:00:00+00:00,6530,6530,True,0.0,0
atlanta,2023-07-16T11:00:00+00:00,6530,6530,True,0.0,0
atlanta,2023-07-16T12:00:00+00:00,6530,6530,True,0.0,0
atlanta,2023-07-16T13:00:00+00:00,6530,6530,True,0.0,0
atlanta,2023-07-16T14:00:00+00:00,6530,6530,True,0.0,0
atlanta,2023-07-16T15:00:00+00:00,6530,6530,True,0.0,0
atlanta,2023-07-16T16:00:00+00:00,6530,6530,True,0.0,0
atlanta,2023-07-16T17:00:00+00:00,6530,6530,True,0.0,0
atlanta,2023-07-16T18:00:00+00:00,6530,6530,True,0.0,0
atlanta,2023-07-16T19:00:00+00:00,6530,6530,True,0.0,0
atlanta,2023-07-16T20:00:00+00:00,6530,6530,True,0.0,0
atlanta,2023-07-16T21:00:00+00:00,6530,6530,True,0.0,0
atlanta,2023-07-16T22:00:00+00:00,6530,6530,True,0.0,0
atlanta,2023-07-16T23:00:00+00:00,6530,6530,True,0.0,0
atlanta,2023-07-17T00:00:00+00:00,6530,6530,True,0.0,0
atlanta,2023-07-17T01:00:00+00:00,6530,6530,True,0.0,0
atlanta,2023-07-17T02:00:00+00:00,6530,6530,True,0.0,0
atlanta,2023-07-17T03:00:00+00:00,6530,6530,True,0.0,0
atlanta,2023-07-17T04:00:00+00:00,6530,6530,True,0.0,0
atlanta,2023-07-17T05:00:00+00:00,6530,6530,True,0.0,0
atlanta,2023-07-17T06:00:00+00:00,6530,6530,True,0.0,0
atlanta,2023-07-17T07:00:00+00:00,6530,6530,True,0.0,0
atlanta,2023-07-17T08:00:00+00:00,6530,6530,True,0.0,0
atlanta,2023-07-17T09:00:00+00:00,6530,6530,True,0.0,0
atlanta,2023-07-17T10:00:00+00:00,6530,6530,True,0.0,0
atlanta,2023-07-17T11:00:00+00:00,6530,6530,True,0.0,0
atlanta,2023-07-17T12:00:00+00:00,6530,6530,True,0.0,0
atlanta,2023-07-17T13:00:00+00:00,6530,6530,True,0.0,0
atlanta,2023-07-17T14:00:00+00:00,6530,6530,True,0.0,0
atlanta,2023-07-17T15:00:00+00:00,6530,6530,True,0.0,0
atlanta,2023-07-17T16:00:00+00:00,6530,6530,True,0.0,0
atlanta,2023-07-17T17:00:00+00:00,6530,6530,True,0.0,0
atlanta,2023-07-17T18:00:00+00:00,6530,6530,True,0.0,0
atlanta,2023-07-17T19:00:00+00:00,6530,6530,True,0.0,0
atlanta,2023-07-17T20:00:00+00:00,6530,6530,True,0.0,0
atlanta,2023-07-17T21:00:00+00:00,6530,6530,True,0.0,0
atlanta,2023-07-17T22:00:00+00:00,6530,6530,True,0.0,0
atlanta,2023-07-17T23:00:00+00:00,6530,6530,True,0.0,0
atlanta,2023-07-18T00:00:00+00:00,6530,6530,True,0.0,0
atlanta,2023-07-18T01:00:00+00:00,6530,6530,True,0.0,0
atlanta,2023-07-18T02:00:00+00:00,6530,6530,True,0.0,0
atlanta,2023-07-18T03:00:00+00:00,6530,6530,True,0.0,0
atlanta,2023-07-18T04:00:00+00:00,6530,6530,True,0.0,0
atlanta,2023-07-18T05:00:00+00:00,6530,6530,True,0.0,0
atlanta,2023-07-18T06:00:00+00:00,6530,6530,True,0.0,0
atlanta,2023-07-18T07:00:00+00:00,6530,6530,True,0.0,0
atlanta,2023-07-18T08:00:00+00:00,6530,6530,True,0.0,0
atlanta,2023-07-18T09:00:00+00:00,6530,6530,True,0.0,0
atlanta,2023-07-18T10:00:00+00:00,6530,6530,True,0.0,0
atlanta,2023-07-18T11:00:00+00:00,6530,6530,True,0.0,0
atlanta,2023-07-18T12:00:00+00:00,6530,6530,True,0.0,0
atlanta,2023-07-18T13:00:00+00:00,6530,6530,True,0.0,0
atlanta,2023-07-18T14:00:00+00:00,6530,6530,True,0.0,0
atlanta,2023-07-18T15:00:00+00:00,6530,6530,True,0.0,0
atlanta,2023-07-18T16:00:00+00:00,6530,6530,True,0.0,0
atlanta,2023-07-18T17:00:00+00:00,6530,6530,True,0.0,0
atlanta,2023-07-18T18:00:00+00:00,6530,6530,True,0.0,0
atlanta,2023-07-18T19:00:00+00:00,6530,6530,True,0.0,0
atlanta,2023-07-18T20:00:00+00:00,6530,6530,True,0.0,0
atlanta,2023-07-18T21:00:00+00:00,6530,6530,True,0.0,0
atlanta,2023-07-18T22:00:00+00:00,6530,6530,True,0.0,0
atlanta,2023-07-18T23:00:00+00:00,6530,6530,True,0.0,0
atlanta,2023-07-19T00:00:00+00:00,6530,6530,True,0.0,0
atlanta,2023-07-19T01:00:00+00:00,6530,6530,True,0.0,0
atlanta,2023-07-19T02:00:00+00:00,6530,6530,True,0.017366526365505838,0
atlanta,2023-07-19T03:00:00+00:00,6530,6530,True,0.004231892021056213,0
atlanta,2023-07-19T04:00:00+00:00,6530,6530,True,4.609058195393841e-05,0
atlanta,2023-07-19T05:00:00+00:00,6530,6530,True,0.0,0
atlanta,2023-07-19T06:00:00+00:00,6530,6530,True,0.0,0
atlanta,2023-07-19T07:00:00+00:00,6530,6530,True,0.0,0
atlanta,2023-07-19T08:00:00+00:00,6530,6530,True,0.0,0
atlanta,2023-07-19T09:00:00+00:00,6530,6530,True,0.0,0
atlanta,2023-07-19T10:00:00+00:00,6530,6530,True,0.0,0
atlanta,2023-07-19T11:00:00+00:00,6530,6530,True,0.0,0
atlanta,2023-07-19T12:00:00+00:00,6530,6530,True,0.009440279004158586,0
atlanta,2023-07-19T13:00:00+00:00,6530,6530,True,0.003425283002723064,0
atlanta,2023-07-19T14:00:00+00:00,6530,6530,True,0.00988439975994372,0
atlanta,2023-07-19T15:00:00+00:00,6530,6530,True,0.0,0
atlanta,2023-07-19T16:00:00+00:00,6530,6530,True,0.0,0
atlanta,2023-07-19T17:00:00+00:00,6530,6530,True,0.0,0
atlanta,2023-07-19T18:00:00+00:00,6530,6530,True,0.04178703420710472,0
atlanta,2023-07-19T19:00:00+00:00,6530,6530,True,0.12083701724070788,0
atlanta,2023-07-19T20:00:00+00:00,6530,6530,True,0.0003514412329935857,0
atlanta,2023-07-19T21:00:00+00:00,6530,6530,True,0.0,0
atlanta,2023-07-19T22:00:00+00:00,6530,6530,True,0.0,0
atlanta,2023-07-19T23:00:00+00:00,6530,6530,True,0.0,0
atlanta,2023-07-20T00:00:00+00:00,6530,6530,True,0.0,0
atlanta,2023-07-20T01:00:00+00:00,6530,6530,True,0.0,0
atlanta,2023-07-20T02:00:00+00:00,6530,6530,True,0.0,0
atlanta,2023-07-20T03:00:00+00:00,6530,6530,True,0.0,0
atlanta,2023-07-20T04:00:00+00:00,6530,6530,True,0.0,0
atlanta,2023-07-20T05:00:00+00:00,6530,6530,True,0.0,0
atlanta,2023-07-20T06:00:00+00:00,6530,6530,True,0.0,0
atlanta,2023-07-20T07:00:00+00:00,6530,6530,True,0.0,0
atlanta,2023-07-20T08:00:00+00:00,6530,6530,True,0.0,0
atlanta,2023-07-20T09:00:00+00:00,6530,6530,True,0.0,0
atlanta,2023-07-20T10:00:00+00:00,6530,6530,True,0.0,0
atlanta,2023-07-20T11:00:00+00:00,6530,6530,True,0.0,0
atlanta,2023-07-20T12:00:00+00:00,6530,6530,True,0.0,0
atlanta,2023-07-20T13:00:00+00:00,6530,6530,True,0.0,0
atlanta,2023-07-20T14:00:00+00:00,6530,6530,True,4.585882826538292e-05,0
atlanta,2023-07-20T15:00:00+00:00,6530,6530,True,0.0,0
atlanta,2023-07-20T16:00:00+00:00,6530,6530,True,0.0,0
atlanta,2023-07-20T17:00:00+00:00,6530,6530,True,0.0,0
atlanta,2023-07-20T18:00:00+00:00,6530,6530,True,0.0,0
atlanta,2023-07-20T19:00:00+00:00,6530,6530,True,0.0,0
atlanta,2023-07-20T20:00:00+00:00,6530,6530,True,0.0,0
atlanta,2023-07-20T21:00:00+00:00,6530,6530,True,0.0,0
atlanta,2023-07-20T22:00:00+00:00,6530,6530,True,0.9622780063307862,0
atlanta,2023-07-20T23:00:00+00:00,6530,6530,True,5.286243320007604,0
atlanta,2023-07-21T00:00:00+00:00,6530,6530,True,1.4646998656393824,0
atlanta,2023-07-21T01:00:00+00:00,6530,6530,True,0.29102759440469106,0
atlanta,2023-07-21T02:00:00+00:00,6530,6530,True,0.012684886912913081,0
atlanta,2023-07-21T03:00:00+00:00,6530,6530,True,0.03991949636039613,0
atlanta,2023-07-21T04:00:00+00:00,6530,6530,True,0.0035792723506270154,0
atlanta,2023-07-21T05:00:00+00:00,6530,6530,True,0.0,0
atlanta,2023-07-21T06:00:00+00:00,6530,6530,True,0.00010654428659113087,0
atlanta,2023-07-21T07:00:00+00:00,6530,6530,True,0.024858274152921828,0
atlanta,2023-07-21T08:00:00+00:00,6530,6530,True,0.23908767540837142,0
atlanta,2023-07-21T09:00:00+00:00,6530,6530,True,0.32518034319179256,0
atlanta,2023-07-21T10:00:00+00:00,6530,6530,True,1.1131519586597005,0
atlanta,2023-07-21T11:00:00+00:00,6530,6530,True,1.1118751413711156,0
atlanta,2023-07-21T12:00:00+00:00,6530,6530,True,0.43383057555742227,0
atlanta,2023-07-21T13:00:00+00:00,6530,6530,True,0.10990621357932649,0
atlanta,2023-07-21T14:00:00+00:00,6530,6530,True,0.0,0
atlanta,2023-07-21T15:00:00+00:00,6530,6530,True,0.0,0
atlanta,2023-07-21T16:00:00+00:00,6530,6530,True,0.0,0
atlanta,2023-07-21T17:00:00+00:00,6530,6530,True,0.0,0
atlanta,2023-07-21T18:00:00+00:00,6530,6530,True,0.0,0
atlanta,2023-07-21T19:00:00+00:00,6530,6530,True,0.0,0
atlanta,2023-07-21T20:00:00+00:00,6530,6530,True,0.0,0
atlanta,2023-07-21T21:00:00+00:00,6530,6530,True,0.2844721042036718,0
atlanta,2023-07-21T22:00:00+00:00,6530,6530,True,1.6642234839721441,0
atlanta,2023-07-21T23:00:00+00:00,6530,6530,True,2.7326851700501393,0
atlanta,2023-07-22T00:00:00+00:00,6530,6530,True,5.815144978542006,0
atlanta,2023-07-22T01:00:00+00:00,6530,6530,True,7.450018820673186,0
atlanta,2023-07-22T02:00:00+00:00,6530,6530,True,4.12125296675988,0
atlanta,2023-07-22T03:00:00+00:00,6530,6530,True,0.2575804724474175,0
atlanta,2023-07-22T04:00:00+00:00,6530,6530,True,0.0,0
atlanta,2023-07-22T05:00:00+00:00,6530,6530,True,0.0,0
atlanta,2023-07-22T06:00:00+00:00,6530,6530,True,0.0,0
atlanta,2023-07-22T07:00:00+00:00,6530,6530,True,0.031257843797543455,0
atlanta,2023-07-22T08:00:00+00:00,6530,6530,True,0.4988187447248697,0
atlanta,2023-07-22T09:00:00+00:00,6530,6530,True,0.4538848002120175,0
atlanta,2023-07-22T10:00:00+00:00,6530,6530,True,0.10844393107644235,0
atlanta,2023-07-22T11:00:00+00:00,6530,6530,True,0.4651703857077518,0
atlanta,2023-07-22T12:00:00+00:00,6530,6530,True,0.09833843383079267,0
atlanta,2023-07-22T13:00:00+00:00,6530,6530,True,0.44182686939338606,0
atlanta,2023-07-22T14:00:00+00:00,6530,6530,True,0.31598226728241186,0
atlanta,2023-07-22T15:00:00+00:00,6530,6530,True,0.24808914519998662,0
atlanta,2023-07-22T16:00:00+00:00,6530,6530,True,0.0005378961778057114,0
atlanta,2023-07-22T17:00:00+00:00,6530,6530,True,0.1742886720678809,0
atlanta,2023-07-22T18:00:00+00:00,6530,6530,True,0.022075603043065228,0
atlanta,2023-07-22T19:00:00+00:00,6530,6530,True,0.0,0
atlanta,2023-07-22T20:00:00+00:00,6530,6530,True,0.0,0
atlanta,2023-07-22T21:00:00+00:00,6530,6530,True,0.0,0
phoenix,2023-07-22T21:00:00+00:00,2817,2817,True,0.0,0
phoenix,2023-07-22T22:00:00+00:00,2817,2817,True,0.0,0
phoenix,2023-07-22T23:00:00+00:00,2817,2817,True,0.0,0
phoenix,2023-07-23T00:00:00+00:00,2817,2817,True,0.0,0
phoenix,2023-07-23T01:00:00+00:00,2817,2817,True,0.0,0
phoenix,2023-07-23T02:00:00+00:00,2817,2817,True,0.0,0
phoenix,2023-07-23T03:00:00+00:00,2817,2817,True,0.0,0
phoenix,2023-07-23T04:00:00+00:00,2817,2817,True,0.0,0
phoenix,2023-07-23T05:00:00+00:00,2817,2817,True,0.0,0
phoenix,2023-07-23T06:00:00+00:00,2817,2817,True,0.000213043136020142,0
phoenix,2023-07-23T07:00:00+00:00,2817,2817,True,0.12450119028809319,0
phoenix,2023-07-23T08:00:00+00:00,2817,2817,True,0.0,0
phoenix,2023-07-23T09:00:00+00:00,2817,2817,True,0.0,0
phoenix,2023-07-23T10:00:00+00:00,2817,2817,True,0.0,0
phoenix,2023-07-23T11:00:00+00:00,2817,2817,True,0.0,0
phoenix,2023-07-23T12:00:00+00:00,2817,2817,True,0.0,0
phoenix,2023-07-23T13:00:00+00:00,2817,2817,True,0.0,0
phoenix,2023-07-23T14:00:00+00:00,2817,2817,True,0.0,0
phoenix,2023-07-23T15:00:00+00:00,2817,2817,True,0.0,0
phoenix,2023-07-23T16:00:00+00:00,2817,2817,True,0.0,0
phoenix,2023-07-23T17:00:00+00:00,2817,2817,True,0.0,0
phoenix,2023-07-23T18:00:00+00:00,2817,2817,True,0.0008895355117902243,0
phoenix,2023-07-23T19:00:00+00:00,2817,2817,True,0.0,0
phoenix,2023-07-23T20:00:00+00:00,2817,2817,True,0.0,0
phoenix,2023-07-23T21:00:00+00:00,2817,2817,True,0.0,0
phoenix,2023-07-23T22:00:00+00:00,2817,2817,True,0.0,0
phoenix,2023-07-23T23:00:00+00:00,2817,2817,True,0.0,0
phoenix,2023-07-24T00:00:00+00:00,2817,2817,True,0.0,0
phoenix,2023-07-24T01:00:00+00:00,2817,2817,True,0.0,0
phoenix,2023-07-24T02:00:00+00:00,2817,2817,True,0.0,0
phoenix,2023-07-24T03:00:00+00:00,2817,2817,True,0.0,0
phoenix,2023-07-24T04:00:00+00:00,2817,2817,True,0.0,0
phoenix,2023-07-24T05:00:00+00:00,2817,2817,True,0.0,0
phoenix,2023-07-24T06:00:00+00:00,2817,2817,True,0.0,0
phoenix,2023-07-24T07:00:00+00:00,2817,2817,True,0.0,0
phoenix,2023-07-24T08:00:00+00:00,2817,2817,True,0.0,0
phoenix,2023-07-24T09:00:00+00:00,2817,2817,True,0.0,0
phoenix,2023-07-24T10:00:00+00:00,2817,2817,True,0.0,0
phoenix,2023-07-24T11:00:00+00:00,2817,2817,True,0.0,0
phoenix,2023-07-24T12:00:00+00:00,2817,2817,True,0.0,0
phoenix,2023-07-24T13:00:00+00:00,2817,2817,True,0.0,0
phoenix,2023-07-24T14:00:00+00:00,2817,2817,True,0.0,0
phoenix,2023-07-24T16:00:00+00:00,2817,2817,True,0.0,0
phoenix,2023-07-24T17:00:00+00:00,2817,2817,True,0.0,0
phoenix,2023-07-24T18:00:00+00:00,2817,2817,True,0.0,0
phoenix,2023-07-24T19:00:00+00:00,2817,2817,True,0.0,0
phoenix,2023-07-24T20:00:00+00:00,2817,2817,True,0.0,0
phoenix,2023-07-24T21:00:00+00:00,2817,2817,True,0.0,0
phoenix,2023-07-24T22:00:00+00:00,2817,2817,True,0.0,0
phoenix,2023-07-24T23:00:00+00:00,2817,2817,True,0.0,0
phoenix,2023-07-25T00:00:00+00:00,2817,2817,True,0.0,0
phoenix,2023-07-25T01:00:00+00:00,2817,2817,True,0.0,0
phoenix,2023-07-25T02:00:00+00:00,2817,2817,True,0.0,0
phoenix,2023-07-25T03:00:00+00:00,2817,2817,True,0.0,0
phoenix,2023-07-25T04:00:00+00:00,2817,2817,True,0.0,0
phoenix,2023-07-25T05:00:00+00:00,2817,2817,True,0.0,0
phoenix,2023-07-25T06:00:00+00:00,2817,2817,True,0.0060378643440112244,0
phoenix,2023-07-25T07:00:00+00:00,2817,2817,True,0.0029094321864806044,0
phoenix,2023-07-25T08:00:00+00:00,2817,2817,True,0.0,0
phoenix,2023-07-25T09:00:00+00:00,2817,2817,True,0.0,0
phoenix,2023-07-25T10:00:00+00:00,2817,2817,True,0.0,0
phoenix,2023-07-25T11:00:00+00:00,2817,2817,True,0.0,0
phoenix,2023-07-25T12:00:00+00:00,2817,2817,True,0.0,0
phoenix,2023-07-25T13:00:00+00:00,2817,2817,True,0.0,0
phoenix,2023-07-25T14:00:00+00:00,2817,2817,True,0.0,0
phoenix,2023-07-25T15:00:00+00:00,2817,2817,True,0.0,0
phoenix,2023-07-25T16:00:00+00:00,2817,2817,True,0.0,0
phoenix,2023-07-25T17:00:00+00:00,2817,2817,True,0.0,0
phoenix,2023-07-25T18:00:00+00:00,2817,2817,True,0.0,0
phoenix,2023-07-25T19:00:00+00:00,2817,2817,True,0.0,0
phoenix,2023-07-25T20:00:00+00:00,2817,2817,True,0.0,0
phoenix,2023-07-25T21:00:00+00:00,2817,2817,True,0.0,0
phoenix,2023-07-25T22:00:00+00:00,2817,2817,True,0.0,0
phoenix,2023-07-25T23:00:00+00:00,2817,2817,True,0.0,0
phoenix,2023-07-26T00:00:00+00:00,2817,2817,True,0.0,0
phoenix,2023-07-26T01:00:00+00:00,2817,2817,True,0.0,0
phoenix,2023-07-26T02:00:00+00:00,2817,2817,True,0.0,0
phoenix,2023-07-26T03:00:00+00:00,2817,2817,True,0.0,0
phoenix,2023-07-26T04:00:00+00:00,2817,2817,True,0.0,0
phoenix,2023-07-26T05:00:00+00:00,2817,2817,True,0.0,0
phoenix,2023-07-26T06:00:00+00:00,2817,2817,True,0.0,0
phoenix,2023-07-26T07:00:00+00:00,2817,2817,True,0.0,0
phoenix,2023-07-26T08:00:00+00:00,2817,2817,True,0.0,0
phoenix,2023-07-26T09:00:00+00:00,2817,2817,True,0.0,0
phoenix,2023-07-26T10:00:00+00:00,2817,2817,True,0.0,0
phoenix,2023-07-26T11:00:00+00:00,2817,2817,True,0.0,0
phoenix,2023-07-26T12:00:00+00:00,2817,2817,True,0.0,0
phoenix,2023-07-26T13:00:00+00:00,2817,2817,True,0.0,0
phoenix,2023-07-26T14:00:00+00:00,2817,2817,True,0.0,0
phoenix,2023-07-26T15:00:00+00:00,2817,2817,True,0.0,0
phoenix,2023-07-26T16:00:00+00:00,2817,2817,True,0.0,0
phoenix,2023-07-26T17:00:00+00:00,2817,2817,True,0.0,0
phoenix,2023-07-26T18:00:00+00:00,2817,2817,True,0.0,0
phoenix,2023-07-26T19:00:00+00:00,2817,2817,True,0.0,0
phoenix,2023-07-26T20:00:00+00:00,2817,2817,True,0.0,0
phoenix,2023-07-26T21:00:00+00:00,2817,2817,True,0.0,0
phoenix,2023-07-26T22:00:00+00:00,2817,2817,True,0.0,0
phoenix,2023-07-26T23:00:00+00:00,2817,2817,True,0.0,0
phoenix,2023-07-27T00:00:00+00:00,2817,2817,True,0.0,0
phoenix,2023-07-27T01:00:00+00:00,2817,2817,True,0.0,0
phoenix,2023-07-27T02:00:00+00:00,2817,2817,True,0.0,0
phoenix,2023-07-27T03:00:00+00:00,2817,2817,True,0.0,0
phoenix,2023-07-27T04:00:00+00:00,2817,2817,True,0.0,0
phoenix,2023-07-27T05:00:00+00:00,2817,2817,True,0.282050909910381,0
phoenix,2023-07-27T06:00:00+00:00,2817,2817,True,2.4943946249762217,0
phoenix,2023-07-27T07:00:00+00:00,2817,2817,True,1.3106621213360212,0
phoenix,2023-07-27T08:00:00+00:00,2817,2817,True,0.004050974654087659,0
phoenix,2023-07-27T09:00:00+00:00,2817,2817,True,0.0,0
phoenix,2023-07-27T10:00:00+00:00,2817,2817,True,0.0,0
phoenix,2023-07-27T11:00:00+00:00,2817,2817,True,0.0,0
phoenix,2023-07-27T12:00:00+00:00,2817,2817,True,0.0,0
phoenix,2023-07-27T13:00:00+00:00,2817,2817,True,0.0,0
phoenix,2023-07-27T14:00:00+00:00,2817,2817,True,0.0,0
phoenix,2023-07-27T15:00:00+00:00,2817,2817,True,0.0,0
phoenix,2023-07-27T16:00:00+00:00,2817,2817,True,0.0,0
phoenix,2023-07-27T17:00:00+00:00,2817,2817,True,0.0,0
phoenix,2023-07-27T18:00:00+00:00,2817,2817,True,0.0,0
phoenix,2023-07-27T19:00:00+00:00,2817,2817,True,0.0,0
phoenix,2023-07-27T20:00:00+00:00,2817,2817,True,0.0,0
phoenix,2023-07-27T21:00:00+00:00,2817,2817,True,0.0,0
phoenix,2023-07-27T22:00:00+00:00,2817,2817,True,0.0,0
phoenix,2023-07-27T23:00:00+00:00,2817,2817,True,0.0,0
phoenix,2023-07-28T00:00:00+00:00,2817,2817,True,0.0,0
phoenix,2023-07-28T01:00:00+00:00,2817,2817,True,0.0,0
phoenix,2023-07-28T02:00:00+00:00,2817,2817,True,0.0,0
phoenix,2023-07-28T03:00:00+00:00,2817,2817,True,0.0,0
phoenix,2023-07-28T04:00:00+00:00,2817,2817,True,0.0,0
phoenix,2023-07-28T05:00:00+00:00,2817,2817,True,0.0,0
phoenix,2023-07-28T06:00:00+00:00,2817,2817,True,0.0,0
phoenix,2023-07-28T07:00:00+00:00,2817,2817,True,0.0,0
phoenix,2023-07-28T08:00:00+00:00,2817,2817,True,0.0,0
phoenix,2023-07-28T09:00:00+00:00,2817,2817,True,0.0,0
phoenix,2023-07-28T10:00:00+00:00,2817,2817,True,0.0,0
phoenix,2023-07-28T11:00:00+00:00,2817,2817,True,0.0,0
phoenix,2023-07-28T12:00:00+00:00,2817,2817,True,0.0,0
phoenix,2023-07-28T13:00:00+00:00,2817,2817,True,0.0,0
phoenix,2023-07-28T14:00:00+00:00,2817,2817,True,0.0014257647342989551,0
phoenix,2023-07-28T15:00:00+00:00,2817,2817,True,0.0026020839866716453,0
phoenix,2023-07-28T16:00:00+00:00,2817,2817,True,0.002592823320794595,0
phoenix,2023-07-28T17:00:00+00:00,2817,2817,True,0.002769553201347838,0
phoenix,2023-07-28T18:00:00+00:00,2817,2817,True,0.0006749804030593456,0
phoenix,2023-07-28T19:00:00+00:00,2817,2817,True,0.0,0
phoenix,2023-07-28T20:00:00+00:00,2817,2817,True,0.0,0
phoenix,2023-07-28T21:00:00+00:00,2817,2817,True,0.0,0
phoenix,2023-07-28T22:00:00+00:00,2817,2817,True,0.0,0
phoenix,2023-07-28T23:00:00+00:00,2817,2817,True,0.0,0
phoenix,2023-07-29T00:00:00+00:00,2817,2817,True,0.0,0
phoenix,2023-07-29T01:00:00+00:00,2817,2817,True,0.0,0
phoenix,2023-07-29T02:00:00+00:00,2817,2817,True,0.0,0
phoenix,2023-07-29T03:00:00+00:00,2817,2817,True,0.0,0
phoenix,2023-07-29T04:00:00+00:00,2817,2817,True,0.0,0
phoenix,2023-07-29T05:00:00+00:00,2817,2817,True,0.03231280942055712,0
phoenix,2023-07-29T06:00:00+00:00,2817,2817,True,0.02518687856382042,0
phoenix,2023-07-29T07:00:00+00:00,2817,2817,True,0.09415756747986137,0
phoenix,2023-07-29T08:00:00+00:00,2817,2817,True,0.0011397204070641264,0
phoenix,2023-07-29T09:00:00+00:00,2817,2817,True,0.0007128943182628778,0
phoenix,2023-07-29T10:00:00+00:00,2817,2817,True,0.0,0
phoenix,2023-07-29T11:00:00+00:00,2817,2817,True,0.0,0
phoenix,2023-07-29T12:00:00+00:00,2817,2817,True,0.0,0
phoenix,2023-07-29T13:00:00+00:00,2817,2817,True,0.0,0
phoenix,2023-07-29T14:00:00+00:00,2817,2817,True,0.0,0
phoenix,2023-07-29T15:00:00+00:00,2817,2817,True,0.0,0
phoenix,2023-07-29T16:00:00+00:00,2817,2817,True,0.0,0
phoenix,2023-07-29T17:00:00+00:00,2817,2817,True,0.0,0
phoenix,2023-07-29T18:00:00+00:00,2817,2817,True,0.0,0
phoenix,2023-07-29T19:00:00+00:00,2817,2817,True,0.0,0
phoenix,2023-07-29T20:00:00+00:00,2817,2817,True,0.0,0
phoenix,2023-07-30T18:00:00+00:00,2817,2817,True,0.0,0
phoenix,2023-07-30T19:00:00+00:00,2817,2817,True,0.0,0
phoenix,2023-07-30T20:00:00+00:00,2817,2817,True,0.0,0
phoenix,2023-07-30T21:00:00+00:00,2817,2817,True,0.0,0
phoenix,2023-07-30T22:00:00+00:00,2817,2817,True,0.0,0
phoenix,2023-07-30T23:00:00+00:00,2817,2817,True,0.0,0
phoenix,2023-07-31T00:00:00+00:00,2817,2817,True,0.0,0
phoenix,2023-07-31T01:00:00+00:00,2817,2817,True,0.0,0
phoenix,2023-07-31T02:00:00+00:00,2817,2817,True,0.0,0
phoenix,2023-07-31T03:00:00+00:00,2817,2817,True,0.0,0
phoenix,2023-07-31T04:00:00+00:00,2817,2817,True,0.0,0
phoenix,2023-07-31T05:00:00+00:00,2817,2817,True,0.00965083610838836,0
phoenix,2023-07-31T06:00:00+00:00,2817,2817,True,0.048185889094008706,0
phoenix,2023-07-31T07:00:00+00:00,2817,2817,True,0.26345377564016625,0
phoenix,2023-07-31T08:00:00+00:00,2817,2817,True,0.7045394151177056,0
phoenix,2023-07-31T09:00:00+00:00,2817,2817,True,0.18247048463665136,0
phoenix,2023-07-31T10:00:00+00:00,2817,2817,True,0.017053757978687658,0
phoenix,2023-07-31T11:00:00+00:00,2817,2817,True,0.0,0
phoenix,2023-07-31T12:00:00+00:00,2817,2817,True,0.0,0
phoenix,2023-07-31T13:00:00+00:00,2817,2817,True,0.0,0
phoenix,2023-07-31T14:00:00+00:00,2817,2817,True,0.0,0
phoenix,2023-07-31T15:00:00+00:00,2817,2817,True,0.0,0
phoenix,2023-07-31T16:00:00+00:00,2817,2817,True,0.0,0
phoenix,2023-07-31T17:00:00+00:00,2817,2817,True,0.0,0
phoenix,2023-07-31T18:00:00+00:00,2817,2817,True,0.0,0
phoenix,2023-07-31T19:00:00+00:00,2817,2817,True,0.0,0
phoenix,2023-07-31T20:00:00+00:00,2817,2817,True,0.0,0
phoenix,2023-07-31T21:00:00+00:00,2817,2817,True,0.0,0
phoenix,2023-07-31T22:00:00+00:00,2817,2817,True,0.0,0
phoenix,2023-07-31T23:00:00+00:00,2817,2817,True,0.0,0
phoenix,2023-08-01T00:00:00+00:00,2817,2817,True,0.0,0
phoenix,2023-08-01T01:00:00+00:00,2817,2817,True,0.0,0
phoenix,2023-08-01T02:00:00+00:00,2817,2817,True,0.0,0
phoenix,2023-08-01T03:00:00+00:00,2817,2817,True,0.0,0
phoenix,2023-08-01T04:00:00+00:00,2817,2817,True,0.0,0
phoenix,2023-08-01T05:00:00+00:00,2817,2817,True,0.3146533084046343,0
phoenix,2023-08-01T06:00:00+00:00,2817,2817,True,0.7502744723320572,0
phoenix,2023-08-01T07:00:00+00:00,2817,2817,True,0.08705168075800945,0
phoenix,2023-08-01T08:00:00+00:00,2817,2817,True,0.00021249852821188784,0
phoenix,2023-08-01T09:00:00+00:00,2817,2817,True,0.0,0
phoenix,2023-08-01T10:00:00+00:00,2817,2817,True,0.0,0
phoenix,2023-08-01T11:00:00+00:00,2817,2817,True,0.0,0
phoenix,2023-08-01T12:00:00+00:00,2817,2817,True,0.0,0
phoenix,2023-08-01T13:00:00+00:00,2817,2817,True,0.0,0
phoenix,2023-08-01T14:00:00+00:00,2817,2817,True,0.0,0
phoenix,2023-08-01T15:00:00+00:00,2817,2817,True,0.0,0
phoenix,2023-08-01T16:00:00+00:00,2817,2817,True,0.0,0
phoenix,2023-08-01T17:00:00+00:00,2817,2817,True,0.0,0
phoenix,2023-08-01T18:00:00+00:00,2817,2817,True,0.0,0
phoenix,2023-08-01T19:00:00+00:00,2817,2817,True,0.0,0
phoenix,2023-08-01T20:00:00+00:00,2817,2817,True,0.0,0
phoenix,2023-08-01T21:00:00+00:00,2817,2817,True,0.0,0
phoenix,2023-08-01T22:00:00+00:00,2817,2817,True,0.0,0
phoenix,2023-08-01T23:00:00+00:00,2817,2817,True,0.000248439701796868,0
phoenix,2023-08-02T00:00:00+00:00,2817,2817,True,0.0,0
phoenix,2023-08-02T01:00:00+00:00,2817,2817,True,0.0,0
phoenix,2023-08-02T02:00:00+00:00,2817,2817,True,0.0,0
phoenix,2023-08-02T03:00:00+00:00,2817,2817,True,0.0,0
phoenix,2023-08-02T04:00:00+00:00,2817,2817,True,0.0,0
phoenix,2023-08-02T05:00:00+00:00,2817,2817,True,0.0,0
phoenix,2023-08-02T06:00:00+00:00,2817,2817,True,0.0,0
phoenix,2023-08-02T07:00:00+00:00,2817,2817,True,0.0,0
phoenix,2023-08-02T08:00:00+00:00,2817,2817,True,0.0,0
phoenix,2023-08-02T09:00:00+00:00,2817,2817,True,0.0,0
phoenix,2023-08-02T10:00:00+00:00,2817,2817,True,0.0001065758546609044,0
phoenix,2023-08-02T11:00:00+00:00,2817,2817,True,0.0,0
phoenix,2023-08-02T12:00:00+00:00,2817,2817,True,0.0,0
phoenix,2023-08-02T13:00:00+00:00,2817,2817,True,0.0003191114987043971,0
phoenix,2023-08-02T14:00:00+00:00,2817,2817,True,0.0,0
phoenix,2023-08-02T15:00:00+00:00,2817,2817,True,0.0,0
phoenix,2023-08-02T16:00:00+00:00,2817,2817,True,0.0,0
phoenix,2023-08-02T17:00:00+00:00,2817,2817,True,0.0,0
phoenix,2023-08-02T18:00:00+00:00,2817,2817,True,0.0,0
phoenix,2023-08-02T19:00:00+00:00,2817,2817,True,0.0,0
phoenix,2023-08-02T20:00:00+00:00,2817,2817,True,0.0,0
phoenix,2023-08-02T21:00:00+00:00,2817,2817,True,0.0,0
phoenix,2023-08-02T22:00:00+00:00,2817,2817,True,0.0,0
phoenix,2023-08-02T23:00:00+00:00,2817,2817,True,0.0,0
phoenix,2023-08-03T00:00:00+00:00,2817,2817,True,0.0,0
phoenix,2023-08-03T01:00:00+00:00,2817,2817,True,0.0,0
phoenix,2023-08-03T02:00:00+00:00,2817,2817,True,0.0,0
phoenix,2023-08-03T03:00:00+00:00,2817,2817,True,0.0,0
phoenix,2023-08-03T04:00:00+00:00,2817,2817,True,0.0,0
phoenix,2023-08-03T05:00:00+00:00,2817,2817,True,0.0,0
phoenix,2023-08-03T06:00:00+00:00,2817,2817,True,0.0,0
phoenix,2023-08-03T07:00:00+00:00,2817,2817,True,0.0,0
phoenix,2023-08-03T08:00:00+00:00,2817,2817,True,0.0,0
phoenix,2023-08-03T09:00:00+00:00,2817,2817,True,0.0,0
phoenix,2023-08-03T10:00:00+00:00,2817,2817,True,0.0,0
phoenix,2023-08-03T11:00:00+00:00,2817,2817,True,0.0,0
phoenix,2023-08-03T12:00:00+00:00,2817,2817,True,0.0,0
phoenix,2023-08-03T13:00:00+00:00,2817,2817,True,0.0,0
phoenix,2023-08-03T14:00:00+00:00,2817,2817,True,0.0,0
phoenix,2023-08-03T15:00:00+00:00,2817,2817,True,0.0,0
phoenix,2023-08-03T16:00:00+00:00,2817,2817,True,0.0,0
phoenix,2023-08-03T17:00:00+00:00,2817,2817,True,0.0,0
phoenix,2023-08-03T18:00:00+00:00,2817,2817,True,0.0,0
phoenix,2023-08-03T19:00:00+00:00,2817,2817,True,0.0,0
phoenix,2023-08-03T20:00:00+00:00,2817,2817,True,0.0,0
phoenix,2023-08-03T21:00:00+00:00,2817,2817,True,0.0,0
phoenix,2023-08-03T22:00:00+00:00,2817,2817,True,0.0,0
phoenix,2023-08-03T23:00:00+00:00,2817,2817,True,0.0,0
phoenix,2023-08-04T00:00:00+00:00,2817,2817,True,0.0,0
phoenix,2023-08-04T01:00:00+00:00,2817,2817,True,0.0,0
phoenix,2023-08-04T02:00:00+00:00,2817,2817,True,0.0,0
phoenix,2023-08-04T03:00:00+00:00,2817,2817,True,0.0,0
phoenix,2023-08-04T04:00:00+00:00,2817,2817,True,0.0,0
phoenix,2023-08-04T05:00:00+00:00,2817,2817,True,0.0,0
phoenix,2023-08-04T06:00:00+00:00,2817,2817,True,0.0,0
phoenix,2023-08-04T07:00:00+00:00,2817,2817,True,0.0,0
phoenix,2023-08-04T08:00:00+00:00,2817,2817,True,0.0,0
phoenix,2023-08-04T09:00:00+00:00,2817,2817,True,0.0,0
phoenix,2023-08-04T10:00:00+00:00,2817,2817,True,0.0,0
phoenix,2023-08-04T11:00:00+00:00,2817,2817,True,0.0,0
phoenix,2023-08-04T12:00:00+00:00,2817,2817,True,0.0,0
phoenix,2023-08-04T13:00:00+00:00,2817,2817,True,0.0,0
phoenix,2023-08-04T14:00:00+00:00,2817,2817,True,0.0,0
phoenix,2023-08-04T15:00:00+00:00,2817,2817,True,0.0,0
phoenix,2023-08-04T16:00:00+00:00,2817,2817,True,0.0,0
phoenix,2023-08-04T17:00:00+00:00,2817,2817,True,0.0,0
phoenix,2023-08-04T18:00:00+00:00,2817,2817,True,0.0,0
phoenix,2023-08-04T19:00:00+00:00,2817,2817,True,0.0,0
phoenix,2023-08-04T20:00:00+00:00,2817,2817,True,0.0,0
phoenix,2023-08-04T21:00:00+00:00,2817,2817,True,0.0,0
phoenix,2023-08-04T22:00:00+00:00,2817,2817,True,0.0,0
phoenix,2023-08-04T23:00:00+00:00,2817,2817,True,0.0,0
phoenix,2023-08-05T00:00:00+00:00,2817,2817,True,0.0,0
phoenix,2023-08-05T01:00:00+00:00,2817,2817,True,0.0,0
phoenix,2023-08-05T02:00:00+00:00,2817,2817,True,0.0,0
phoenix,2023-08-05T03:00:00+00:00,2817,2817,True,0.0,0
phoenix,2023-08-05T04:00:00+00:00,2817,2817,True,0.0,0
phoenix,2023-08-05T05:00:00+00:00,2817,2817,True,0.0,0
phoenix,2023-08-05T06:00:00+00:00,2817,2817,True,0.0,0
phoenix,2023-08-05T07:00:00+00:00,2817,2817,True,0.0,0
phoenix,2023-08-05T08:00:00+00:00,2817,2817,True,0.0,0
phoenix,2023-08-05T09:00:00+00:00,2817,2817,True,0.0,0
phoenix,2023-08-05T10:00:00+00:00,2817,2817,True,0.0,0
phoenix,2023-08-05T11:00:00+00:00,2817,2817,True,0.0,0
phoenix,2023-08-05T12:00:00+00:00,2817,2817,True,0.0,0
phoenix,2023-08-05T13:00:00+00:00,2817,2817,True,0.0,0
phoenix,2023-08-05T14:00:00+00:00,2817,2817,True,0.0,0
phoenix,2023-08-05T15:00:00+00:00,2817,2817,True,0.0,0
phoenix,2023-08-05T16:00:00+00:00,2817,2817,True,0.0,0
phoenix,2023-08-05T17:00:00+00:00,2817,2817,True,0.0,0
phoenix,2023-08-05T18:00:00+00:00,2817,2817,True,0.0,0
phoenix,2023-08-05T19:00:00+00:00,2817,2817,True,0.0,0
phoenix,2023-08-05T20:00:00+00:00,2817,2817,True,0.0,0
phoenix,2023-08-05T21:00:00+00:00,2817,2817,True,0.0,0
phoenix,2023-08-05T22:00:00+00:00,2817,2817,True,0.0,0
phoenix,2023-08-05T23:00:00+00:00,2817,2817,True,0.0,0
phoenix,2023-08-06T00:00:00+00:00,2817,2817,True,0.0,0
phoenix,2023-08-06T01:00:00+00:00,2817,2817,True,0.0,0
phoenix,2023-08-06T02:00:00+00:00,2817,2817,True,0.0,0
phoenix,2023-08-06T03:00:00+00:00,2817,2817,True,0.0,0
phoenix,2023-08-06T04:00:00+00:00,2817,2817,True,0.0,0
phoenix,2023-08-06T05:00:00+00:00,2817,2817,True,0.0,0
phoenix,2023-08-06T06:00:00+00:00,2817,2817,True,0.0,0
phoenix,2023-08-06T07:00:00+00:00,2817,2817,True,0.0,0
phoenix,2023-08-06T08:00:00+00:00,2817,2817,True,0.0,0
phoenix,2023-08-06T09:00:00+00:00,2817,2817,True,0.0,0
phoenix,2023-08-06T10:00:00+00:00,2817,2817,True,0.0,0
phoenix,2023-08-06T11:00:00+00:00,2817,2817,True,0.0,0
phoenix,2023-08-06T12:00:00+00:00,2817,2817,True,0.0,0
phoenix,2023-08-06T13:00:00+00:00,2817,2817,True,0.0,0
phoenix,2023-08-06T14:00:00+00:00,2817,2817,True,0.0,0
phoenix,2023-08-06T15:00:00+00:00,2817,2817,True,0.0,0
phoenix,2023-08-06T16:00:00+00:00,2817,2817,True,0.0,0
phoenix,2023-08-06T17:00:00+00:00,2817,2817,True,0.0,0
phoenix,2023-08-06T18:00:00+00:00,2817,2817,True,0.0,0
phoenix,2023-08-06T19:00:00+00:00,2817,2817,True,0.0,0
phoenix,2023-08-06T20:00:00+00:00,2817,2817,True,0.0,0
phoenix,2023-08-06T21:00:00+00:00,2817,2817,True,0.0,0
phoenix,2023-08-06T22:00:00+00:00,2817,2817,True,0.0,0
phoenix,2023-08-06T23:00:00+00:00,2817,2817,True,0.0,0
phoenix,2023-08-07T00:00:00+00:00,2817,2817,True,0.0,0
phoenix,2023-08-07T01:00:00+00:00,2817,2817,True,0.0,0
phoenix,2023-08-07T02:00:00+00:00,2817,2817,True,0.0,0
phoenix,2023-08-07T03:00:00+00:00,2817,2817,True,0.0,0
phoenix,2023-08-07T04:00:00+00:00,2817,2817,True,0.0,0
phoenix,2023-08-07T05:00:00+00:00,2817,2817,True,0.0,0
phoenix,2023-08-07T06:00:00+00:00,2817,2817,True,0.0,0
phoenix,2023-08-07T07:00:00+00:00,2817,2817,True,0.0,0
phoenix,2023-08-07T08:00:00+00:00,2817,2817,True,0.0,0
phoenix,2023-08-07T09:00:00+00:00,2817,2817,True,0.0,0
phoenix,2023-08-07T10:00:00+00:00,2817,2817,True,0.0,0
phoenix,2023-08-07T11:00:00+00:00,2817,2817,True,0.0,0
phoenix,2023-08-07T12:00:00+00:00,2817,2817,True,0.0,0
phoenix,2023-08-07T13:00:00+00:00,2817,2817,True,0.0,0
phoenix,2023-08-07T14:00:00+00:00,2817,2817,True,0.0,0
phoenix,2023-08-07T15:00:00+00:00,2817,2817,True,0.0,0
phoenix,2023-08-07T16:00:00+00:00,2817,2817,True,0.0,0
phoenix,2023-08-07T17:00:00+00:00,2817,2817,True,0.0,0
phoenix,2023-08-07T18:00:00+00:00,2817,2817,True,0.0,0
phoenix,2023-08-07T19:00:00+00:00,2817,2817,True,0.0,0
phoenix,2023-08-07T20:00:00+00:00,2817,2817,True,0.0,0
phoenix,2023-08-07T21:00:00+00:00,2817,2817,True,0.0,0
phoenix,2023-08-07T22:00:00+00:00,2817,2817,True,0.0,0
phoenix,2023-08-07T23:00:00+00:00,2817,2817,True,0.0,0
phoenix,2023-08-08T00:00:00+00:00,2817,2817,True,0.0,0
phoenix,2023-08-08T01:00:00+00:00,2817,2817,True,0.0,0
phoenix,2023-08-08T02:00:00+00:00,2817,2817,True,0.0,0
phoenix,2023-08-08T03:00:00+00:00,2817,2817,True,0.0,0
phoenix,2023-08-08T04:00:00+00:00,2817,2817,True,0.0,0
phoenix,2023-08-08T05:00:00+00:00,2817,2817,True,0.0,0
phoenix,2023-08-08T06:00:00+00:00,2817,2817,True,0.0,0
phoenix,2023-08-08T07:00:00+00:00,2817,2817,True,0.0,0
phoenix,2023-08-08T08:00:00+00:00,2817,2817,True,0.0,0
phoenix,2023-08-08T09:00:00+00:00,2817,2817,True,0.002237622595197164,0
phoenix,2023-08-08T10:00:00+00:00,2817,2817,True,0.0,0
phoenix,2023-08-08T11:00:00+00:00,2817,2817,True,0.0013154831696879938,0
phoenix,2023-08-08T12:00:00+00:00,2817,2817,True,0.22374302930579376,0
phoenix,2023-08-08T13:00:00+00:00,2817,2817,True,0.6056837297291771,0
phoenix,2023-08-08T14:00:00+00:00,2817,2817,True,1.0908865480739414,0
phoenix,2023-08-08T15:00:00+00:00,2817,2817,True,0.16955219445136263,0
phoenix,2023-08-08T16:00:00+00:00,2817,2817,True,0.006009935198236745,0
phoenix,2023-08-08T17:00:00+00:00,2817,2817,True,0.0,0
phoenix,2023-08-08T18:00:00+00:00,2817,2817,True,0.0,0
phoenix,2023-08-08T19:00:00+00:00,2817,2817,True,0.0,0
phoenix,2023-08-08T20:00:00+00:00,2817,2817,True,0.0,0
phoenix,2023-08-08T21:00:00+00:00,2817,2817,True,0.0,0
phoenix,2023-08-08T22:00:00+00:00,2817,2817,True,0.0,0
phoenix,2023-08-08T23:00:00+00:00,2817,2817,True,0.0,0
phoenix,2023-08-09T00:00:00+00:00,2817,2817,True,0.0,0
phoenix,2023-08-09T01:00:00+00:00,2817,2817,True,0.0,0
phoenix,2023-08-09T02:00:00+00:00,2817,2817,True,0.0,0
phoenix,2023-08-09T03:00:00+00:00,2817,2817,True,0.0,0
phoenix,2023-08-09T04:00:00+00:00,2817,2817,True,0.0018821528270499457,0
phoenix,2023-08-09T05:00:00+00:00,2817,2817,True,0.0,0
phoenix,2023-08-09T06:00:00+00:00,2817,2817,True,0.0,0
phoenix,2023-08-09T07:00:00+00:00,2817,2817,True,0.0,0
phoenix,2023-08-09T08:00:00+00:00,2817,2817,True,0.0,0
phoenix,2023-08-09T09:00:00+00:00,2817,2817,True,0.0,0
phoenix,2023-08-09T10:00:00+00:00,2817,2817,True,0.0,0
phoenix,2023-08-09T11:00:00+00:00,2817,2817,True,0.0,0
phoenix,2023-08-09T12:00:00+00:00,2817,2817,True,0.0,0
phoenix,2023-08-09T13:00:00+00:00,2817,2817,True,0.0,0
phoenix,2023-08-09T14:00:00+00:00,2817,2817,True,0.0,0
phoenix,2023-08-09T15:00:00+00:00,2817,2817,True,0.0,0
phoenix,2023-08-09T16:00:00+00:00,2817,2817,True,0.0,0
phoenix,2023-08-09T17:00:00+00:00,2817,2817,True,0.0,0
phoenix,2023-08-09T18:00:00+00:00,2817,2817,True,0.0,0
phoenix,2023-08-09T19:00:00+00:00,2817,2817,True,0.0,0
phoenix,2023-08-09T20:00:00+00:00,2817,2817,True,0.0,0
phoenix,2023-08-09T21:00:00+00:00,2817,2817,True,0.0,0
phoenix,2023-08-09T22:00:00+00:00,2817,2817,True,0.0,0
phoenix,2023-08-09T23:00:00+00:00,2817,2817,True,0.0,0
phoenix,2023-08-10T00:00:00+00:00,2817,2817,True,0.0,0
phoenix,2023-08-10T01:00:00+00:00,2817,2817,True,0.0,0
phoenix,2023-08-10T02:00:00+00:00,2817,2817,True,0.0,0
phoenix,2023-08-10T03:00:00+00:00,2817,2817,True,0.0,0
phoenix,2023-08-10T04:00:00+00:00,2817,2817,True,0.0,0
phoenix,2023-08-10T05:00:00+00:00,2817,2817,True,0.0,0
phoenix,2023-08-10T06:00:00+00:00,2817,2817,True,0.0,0
phoenix,2023-08-10T07:00:00+00:00,2817,2817,True,0.0,0
phoenix,2023-08-10T08:00:00+00:00,2817,2817,True,0.00021266832779178572,0
phoenix,2023-08-10T09:00:00+00:00,2817,2817,True,0.0,0
phoenix,2023-08-10T10:00:00+00:00,2817,2817,True,0.0015245095679845457,0
phoenix,2023-08-10T11:00:00+00:00,2817,2817,True,0.12699400057655869,0
phoenix,2023-08-10T12:00:00+00:00,2817,2817,True,0.015713434902671356,0
phoenix,2023-08-10T13:00:00+00:00,2817,2817,True,0.023701695032813788,0
phoenix,2023-08-10T14:00:00+00:00,2817,2817,True,0.0,0
phoenix,2023-08-10T15:00:00+00:00,2817,2817,True,0.0,0
phoenix,2023-08-10T16:00:00+00:00,2817,2817,True,0.0,0
phoenix,2023-08-10T17:00:00+00:00,2817,2817,True,0.0,0
phoenix,2023-08-10T18:00:00+00:00,2817,2817,True,0.0,0
phoenix,2023-08-10T19:00:00+00:00,2817,2817,True,0.0,0
phoenix,2023-08-10T20:00:00+00:00,2817,2817,True,0.0,0
phoenix,2023-08-10T21:00:00+00:00,2817,2817,True,0.0,0
phoenix,2023-08-10T22:00:00+00:00,2817,2817,True,0.0,0
phoenix,2023-08-10T23:00:00+00:00,2817,2817,True,0.0,0
phoenix,2023-08-11T00:00:00+00:00,2817,2817,True,0.0,0
phoenix,2023-08-11T01:00:00+00:00,2817,2817,True,0.0,0
phoenix,2023-08-11T02:00:00+00:00,2817,2817,True,0.0,0
phoenix,2023-08-11T03:00:00+00:00,2817,2817,True,0.0,0
phoenix,2023-08-11T04:00:00+00:00,2817,2817,True,0.00010674426141482691,0
phoenix,2023-08-11T05:00:00+00:00,2817,2817,True,0.0,0
phoenix,2023-08-11T06:00:00+00:00,2817,2817,True,0.0,0
phoenix,2023-08-11T07:00:00+00:00,2817,2817,True,0.0,0
phoenix,2023-08-11T08:00:00+00:00,2817,2817,True,0.0,0
phoenix,2023-08-11T09:00:00+00:00,2817,2817,True,0.0,0
phoenix,2023-08-11T10:00:00+00:00,2817,2817,True,0.0,0
phoenix,2023-08-11T11:00:00+00:00,2817,2817,True,0.0,0
phoenix,2023-08-11T12:00:00+00:00,2817,2817,True,0.0,0
phoenix,2023-08-11T13:00:00+00:00,2817,2817,True,0.0,0
phoenix,2023-08-11T14:00:00+00:00,2817,2817,True,0.0,0
phoenix,2023-08-11T15:00:00+00:00,2817,2817,True,0.0,0
phoenix,2023-08-11T16:00:00+00:00,2817,2817,True,0.0,0
phoenix,2023-08-11T17:00:00+00:00,2817,2817,True,0.0,0
phoenix,2023-08-11T18:00:00+00:00,2817,2817,True,0.0,0
phoenix,2023-08-11T19:00:00+00:00,2817,2817,True,0.0,0
phoenix,2023-08-11T20:00:00+00:00,2817,2817,True,0.0,0
phoenix,2023-08-11T21:00:00+00:00,2817,2817,True,0.0,0
phoenix,2023-08-11T22:00:00+00:00,2817,2817,True,0.0,0
phoenix,2023-08-11T23:00:00+00:00,2817,2817,True,0.0,0
phoenix,2023-08-12T00:00:00+00:00,2817,2817,True,0.002631217136549785,0
phoenix,2023-08-12T01:00:00+00:00,2817,2817,True,0.05756514189709098,0
phoenix,2023-08-12T02:00:00+00:00,2817,2817,True,0.0010992102532596016,0
phoenix,2023-08-12T03:00:00+00:00,2817,2817,True,0.0,0
phoenix,2023-08-12T04:00:00+00:00,2817,2817,True,0.0,0
phoenix,2023-08-12T05:00:00+00:00,2817,2817,True,0.0,0
phoenix,2023-08-12T06:00:00+00:00,2817,2817,True,0.0,0
phoenix,2023-08-12T07:00:00+00:00,2817,2817,True,0.0009203005388638111,0
phoenix,2023-08-12T08:00:00+00:00,2817,2817,True,0.04865915909783182,0
phoenix,2023-08-12T09:00:00+00:00,2817,2817,True,0.00625892783731957,0
phoenix,2023-08-12T10:00:00+00:00,2817,2817,True,0.0,0
phoenix,2023-08-12T11:00:00+00:00,2817,2817,True,0.0,0
phoenix,2023-08-12T12:00:00+00:00,2817,2817,True,0.0,0
phoenix,2023-08-12T13:00:00+00:00,2817,2817,True,0.0,0
phoenix,2023-08-12T14:00:00+00:00,2817,2817,True,0.0,0
phoenix,2023-08-12T15:00:00+00:00,2817,2817,True,0.0,0
phoenix,2023-08-12T16:00:00+00:00,2817,2817,True,0.0,0
phoenix,2023-08-12T17:00:00+00:00,2817,2817,True,0.0,0
phoenix,2023-08-12T18:00:00+00:00,2817,2817,True,0.0,0
phoenix,2023-08-12T19:00:00+00:00,2817,2817,True,0.0,0
phoenix,2023-08-12T20:00:00+00:00,2817,2817,True,0.0,0
phoenix,2023-08-12T21:00:00+00:00,2817,2817,True,0.0,0
phoenix,2023-08-12T22:00:00+00:00,2817,2817,True,0.0,0
phoenix,2023-08-12T23:00:00+00:00,2817,2817,True,0.0,0
phoenix,2023-08-13T00:00:00+00:00,2817,2817,True,0.0,0
phoenix,2023-08-13T01:00:00+00:00,2817,2817,True,0.0,0
phoenix,2023-08-13T02:00:00+00:00,2817,2817,True,0.0,0
phoenix,2023-08-13T03:00:00+00:00,2817,2817,True,0.0,0
phoenix,2023-08-13T04:00:00+00:00,2817,2817,True,0.0,0
phoenix,2023-08-13T05:00:00+00:00,2817,2817,True,0.0,0
phoenix,2023-08-13T06:00:00+00:00,2817,2817,True,0.0,0
phoenix,2023-08-13T07:00:00+00:00,2817,2817,True,0.0,0
phoenix,2023-08-13T08:00:00+00:00,2817,2817,True,0.019419008055876003,0
phoenix,2023-08-13T09:00:00+00:00,2817,2817,True,0.0021262104678098836,0
phoenix,2023-08-13T10:00:00+00:00,2817,2817,True,0.0,0
phoenix,2023-08-13T11:00:00+00:00,2817,2817,True,0.0,0
phoenix,2023-08-13T12:00:00+00:00,2817,2817,True,0.0,0
phoenix,2023-08-13T13:00:00+00:00,2817,2817,True,0.0,0
phoenix,2023-08-13T14:00:00+00:00,2817,2817,True,0.0,0
phoenix,2023-08-13T15:00:00+00:00,2817,2817,True,0.0,0
phoenix,2023-08-13T16:00:00+00:00,2817,2817,True,0.0,0
phoenix,2023-08-13T17:00:00+00:00,2817,2817,True,0.0,0
phoenix,2023-08-13T18:00:00+00:00,2817,2817,True,0.0,0
phoenix,2023-08-13T19:00:00+00:00,2817,2817,True,0.0,0
phoenix,2023-08-13T20:00:00+00:00,2817,2817,True,0.0,0
phoenix,2023-08-13T21:00:00+00:00,2817,2817,True,0.0,0
phoenix,2023-08-13T22:00:00+00:00,2817,2817,True,0.0,0
phoenix,2023-08-13T23:00:00+00:00,2817,2817,True,0.0,0
phoenix,2023-08-14T00:00:00+00:00,2817,2817,True,0.0,0
phoenix,2023-08-14T01:00:00+00:00,2817,2817,True,0.0,0
phoenix,2023-08-14T02:00:00+00:00,2817,2817,True,0.0,0
phoenix,2023-08-14T03:00:00+00:00,2817,2817,True,0.0,0
phoenix,2023-08-14T04:00:00+00:00,2817,2817,True,0.0,0
phoenix,2023-08-14T05:00:00+00:00,2817,2817,True,0.0,0
phoenix,2023-08-14T06:00:00+00:00,2817,2817,True,0.0,0
phoenix,2023-08-14T07:00:00+00:00,2817,2817,True,0.0,0
phoenix,2023-08-14T08:00:00+00:00,2817,2817,True,0.0,0
phoenix,2023-08-14T09:00:00+00:00,2817,2817,True,0.0,0
phoenix,2023-08-14T10:00:00+00:00,2817,2817,True,0.0,0
phoenix,2023-08-14T11:00:00+00:00,2817,2817,True,0.0,0
phoenix,2023-08-14T12:00:00+00:00,2817,2817,True,0.0,0
phoenix,2023-08-14T13:00:00+00:00,2817,2817,True,0.0,0
phoenix,2023-08-14T14:00:00+00:00,2817,2817,True,0.0,0
phoenix,2023-08-14T15:00:00+00:00,2817,2817,True,0.0,0
phoenix,2023-08-14T16:00:00+00:00,2817,2817,True,0.0,0
phoenix,2023-08-14T17:00:00+00:00,2817,2817,True,0.0,0
phoenix,2023-08-14T18:00:00+00:00,2817,2817,True,0.0,0
phoenix,2023-08-14T19:00:00+00:00,2817,2817,True,0.0,0
phoenix,2023-08-14T20:00:00+00:00,2817,2817,True,0.0,0
phoenix,2023-08-14T21:00:00+00:00,2817,2817,True,0.0,0
phoenix,2023-08-14T22:00:00+00:00,2817,2817,True,0.0,0
phoenix,2023-08-14T23:00:00+00:00,2817,2817,True,0.0,0
phoenix,2023-08-15T00:00:00+00:00,2817,2817,True,0.0,0
phoenix,2023-08-15T01:00:00+00:00,2817,2817,True,0.0,0
phoenix,2023-08-15T02:00:00+00:00,2817,2817,True,0.0,0
phoenix,2023-08-15T03:00:00+00:00,2817,2817,True,0.0,0
phoenix,2023-08-15T04:00:00+00:00,2817,2817,True,0.0,0
phoenix,2023-08-15T05:00:00+00:00,2817,2817,True,0.0,0
phoenix,2023-08-15T06:00:00+00:00,2817,2817,True,0.0,0
phoenix,2023-08-15T07:00:00+00:00,2817,2817,True,0.0,0
phoenix,2023-08-15T08:00:00+00:00,2817,2817,True,0.025120476540299985,0
phoenix,2023-08-15T09:00:00+00:00,2817,2817,True,0.1233737555332834,0
phoenix,2023-08-15T10:00:00+00:00,2817,2817,True,0.18747695059515262,0
phoenix,2023-08-15T11:00:00+00:00,2817,2817,True,0.009683810877727253,0
phoenix,2023-08-15T12:00:00+00:00,2817,2817,True,0.0,0
phoenix,2023-08-15T13:00:00+00:00,2817,2817,True,0.0,0
phoenix,2023-08-15T14:00:00+00:00,2817,2817,True,0.0,0
phoenix,2023-08-15T15:00:00+00:00,2817,2817,True,0.0,0
phoenix,2023-08-15T16:00:00+00:00,2817,2817,True,0.0,0
phoenix,2023-08-15T17:00:00+00:00,2817,2817,True,0.0,0
phoenix,2023-08-15T18:00:00+00:00,2817,2817,True,0.0,0
phoenix,2023-08-15T19:00:00+00:00,2817,2817,True,0.0,0
phoenix,2023-08-15T20:00:00+00:00,2817,2817,True,0.0,0
phoenix,2023-08-15T21:00:00+00:00,2817,2817,True,0.0,0
phoenix,2023-08-16T19:00:00+00:00,2817,2817,True,0.0,0
phoenix,2023-08-16T20:00:00+00:00,2817,2817,True,0.0,0
phoenix,2023-08-16T21:00:00+00:00,2817,2817,True,0.0,0
phoenix,2023-08-16T22:00:00+00:00,2817,2817,True,0.0,0
phoenix,2023-08-16T23:00:00+00:00,2817,2817,True,0.011575577604168791,0
phoenix,2023-08-17T00:00:00+00:00,2817,2817,True,0.06870691531883885,0
phoenix,2023-08-17T01:00:00+00:00,2817,2817,True,0.20128132854728242,0
phoenix,2023-08-17T02:00:00+00:00,2817,2817,True,0.8161303203878923,0
phoenix,2023-08-17T03:00:00+00:00,2817,2817,True,0.16598967468157563,0
phoenix,2023-08-17T04:00:00+00:00,2817,2817,True,0.0009548083385566887,0
phoenix,2023-08-17T05:00:00+00:00,2817,2817,True,0.0,0
phoenix,2023-08-17T06:00:00+00:00,2817,2817,True,0.0,0
phoenix,2023-08-17T07:00:00+00:00,2817,2817,True,0.045334624761843766,0
phoenix,2023-08-17T08:00:00+00:00,2817,2817,True,0.1009462266617459,0
phoenix,2023-08-17T09:00:00+00:00,2817,2817,True,0.00010623712253811639,0
phoenix,2023-08-17T10:00:00+00:00,2817,2817,True,0.001029265486874906,0
phoenix,2023-08-17T11:00:00+00:00,2817,2817,True,0.10348254875773388,0
phoenix,2023-08-17T12:00:00+00:00,2817,2817,True,0.04268750770853542,0
phoenix,2023-08-17T13:00:00+00:00,2817,2817,True,0.0,0
phoenix,2023-08-17T14:00:00+00:00,2817,2817,True,0.0,0
phoenix,2023-08-17T15:00:00+00:00,2817,2817,True,0.0,0
phoenix,2023-08-17T16:00:00+00:00,2817,2817,True,0.0,0
phoenix,2023-08-17T17:00:00+00:00,2817,2817,True,0.0,0
phoenix,2023-08-17T18:00:00+00:00,2817,2817,True,0.0,0
phoenix,2023-08-17T19:00:00+00:00,2817,2817,True,0.0,0
phoenix,2023-08-17T20:00:00+00:00,2817,2817,True,0.0,0
phoenix,2023-08-17T21:00:00+00:00,2817,2817,True,0.0,0
phoenix,2023-08-17T22:00:00+00:00,2817,2817,True,0.0,0
phoenix,2023-08-17T23:00:00+00:00,2817,2817,True,0.0,0
phoenix,2023-08-18T00:00:00+00:00,2817,2817,True,0.020305625449543823,0
phoenix,2023-08-18T01:00:00+00:00,2817,2817,True,0.22835252711628198,0
phoenix,2023-08-18T02:00:00+00:00,2817,2817,True,0.3264797181377799,0
phoenix,2023-08-18T03:00:00+00:00,2817,2817,True,0.25609759405596755,0
phoenix,2023-08-18T04:00:00+00:00,2817,2817,True,0.037243714271022126,0
phoenix,2023-08-18T05:00:00+00:00,2817,2817,True,0.12704046041766945,0
phoenix,2023-08-18T06:00:00+00:00,2817,2817,True,0.06263649694925208,0
phoenix,2023-08-18T07:00:00+00:00,2817,2817,True,0.09478898051410735,0
phoenix,2023-08-18T08:00:00+00:00,2817,2817,True,0.049486120308775354,0
phoenix,2023-08-18T09:00:00+00:00,2817,2817,True,0.19183428317622545,0
phoenix,2023-08-18T10:00:00+00:00,2817,2817,True,0.0,0
phoenix,2023-08-18T11:00:00+00:00,2817,2817,True,0.0,0
phoenix,2023-08-18T12:00:00+00:00,2817,2817,True,0.0,0
phoenix,2023-08-18T13:00:00+00:00,2817,2817,True,0.0017742512970201716,0
phoenix,2023-08-18T14:00:00+00:00,2817,2817,True,0.004571459513190706,0
phoenix,2023-08-18T15:00:00+00:00,2817,2817,True,0.001308148993388284,0
phoenix,2023-08-18T16:00:00+00:00,2817,2817,True,0.0,0
phoenix,2023-08-18T17:00:00+00:00,2817,2817,True,0.00031925469443609206,0
phoenix,2023-08-18T18:00:00+00:00,2817,2817,True,0.0004257481658026748,0
phoenix,2023-08-18T19:00:00+00:00,2817,2817,True,0.0010660102957410955,0
phoenix,2023-08-18T20:00:00+00:00,2817,2817,True,0.002086747645278127,0
phoenix,2023-08-18T21:00:00+00:00,2817,2817,True,0.00010653968422750087,0
phoenix,2023-08-18T22:00:00+00:00,2817,2817,True,0.0,0
phoenix,2023-08-18T23:00:00+00:00,2817,2817,True,0.0,0
phoenix,2023-08-19T00:00:00+00:00,2817,2817,True,0.0,0
phoenix,2023-08-19T01:00:00+00:00,2817,2817,True,0.0,0
phoenix,2023-08-19T02:00:00+00:00,2817,2817,True,0.0,0
phoenix,2023-08-19T03:00:00+00:00,2817,2817,True,0.003720837594760565,0
phoenix,2023-08-19T04:00:00+00:00,2817,2817,True,0.0,0
phoenix,2023-08-19T05:00:00+00:00,2817,2817,True,0.0,0
phoenix,2023-08-19T06:00:00+00:00,2817,2817,True,0.0,0
phoenix,2023-08-19T07:00:00+00:00,2817,2817,True,0.0,0
phoenix,2023-08-19T08:00:00+00:00,2817,2817,True,0.0,0
phoenix,2023-08-19T09:00:00+00:00,2817,2817,True,0.0,0
phoenix,2023-08-19T10:00:00+00:00,2817,2817,True,0.0,0
phoenix,2023-08-19T11:00:00+00:00,2817,2817,True,0.0,0
phoenix,2023-08-19T12:00:00+00:00,2817,2817,True,0.0,0
phoenix,2023-08-19T13:00:00+00:00,2817,2817,True,0.0,0
phoenix,2023-08-19T14:00:00+00:00,2817,2817,True,0.0,0
phoenix,2023-08-19T15:00:00+00:00,2817,2817,True,0.0,0
phoenix,2023-08-19T16:00:00+00:00,2817,2817,True,0.0,0
phoenix,2023-08-19T17:00:00+00:00,2817,2817,True,0.0,0
phoenix,2023-08-19T18:00:00+00:00,2817,2817,True,0.0,0
phoenix,2023-08-19T19:00:00+00:00,2817,2817,True,0.0,0
phoenix,2023-08-19T20:00:00+00:00,2817,2817,True,0.0,0
phoenix,2023-08-19T21:00:00+00:00,2817,2817,True,0.0,0
phoenix,2023-08-19T22:00:00+00:00,2817,2817,True,0.0,0
phoenix,2023-08-19T23:00:00+00:00,2817,2817,True,0.0,0
phoenix,2023-08-20T00:00:00+00:00,2817,2817,True,0.0,0
phoenix,2023-08-20T01:00:00+00:00,2817,2817,True,0.0,0
phoenix,2023-08-20T02:00:00+00:00,2817,2817,True,0.0,0
phoenix,2023-08-20T03:00:00+00:00,2817,2817,True,0.0,0
phoenix,2023-08-20T04:00:00+00:00,2817,2817,True,0.0,0
phoenix,2023-08-20T05:00:00+00:00,2817,2817,True,0.0,0
phoenix,2023-08-20T06:00:00+00:00,2817,2817,True,0.0,0
phoenix,2023-08-20T07:00:00+00:00,2817,2817,True,0.0,0
phoenix,2023-08-20T08:00:00+00:00,2817,2817,True,0.0,0
phoenix,2023-08-20T09:00:00+00:00,2817,2817,True,0.0,0
phoenix,2023-08-20T10:00:00+00:00,2817,2817,True,0.0,0
phoenix,2023-08-20T11:00:00+00:00,2817,2817,True,0.0,0
phoenix,2023-08-20T12:00:00+00:00,2817,2817,True,0.00021280151694665623,0
phoenix,2023-08-20T13:00:00+00:00,2817,2817,True,0.01506990651902107,0
phoenix,2023-08-20T14:00:00+00:00,2817,2817,True,0.03309756891397523,0
phoenix,2023-08-20T15:00:00+00:00,2817,2817,True,0.0,0
phoenix,2023-08-20T16:00:00+00:00,2817,2817,True,0.0,0
phoenix,2023-08-20T17:00:00+00:00,2817,2817,True,0.0,0
phoenix,2023-08-20T18:00:00+00:00,2817,2817,True,0.0,0
phoenix,2023-08-20T19:00:00+00:00,2817,2817,True,0.0,0
phoenix,2023-08-20T20:00:00+00:00,2817,2817,True,0.001420750139542614,0
phoenix,2023-08-20T21:00:00+00:00,2817,2817,True,0.0,0
phoenix,2023-08-20T22:00:00+00:00,2817,2817,True,0.0,0
phoenix,2023-08-20T23:00:00+00:00,2817,2817,True,0.0033940236589971927,0
phoenix,2023-08-21T00:00:00+00:00,2817,2817,True,0.003998753442846015,0
phoenix,2023-08-21T01:00:00+00:00,2817,2817,True,0.0,0
phoenix,2023-08-21T02:00:00+00:00,2817,2817,True,0.0,0
phoenix,2023-08-21T03:00:00+00:00,2817,2817,True,0.0,0
phoenix,2023-08-21T04:00:00+00:00,2817,2817,True,0.014803603486098004,0
phoenix,2023-08-21T05:00:00+00:00,2817,2817,True,0.05197676982247974,0
phoenix,2023-08-21T06:00:00+00:00,2817,2817,True,0.0,0
phoenix,2023-08-21T07:00:00+00:00,2817,2817,True,0.023911173981101232,0
phoenix,2023-08-21T08:00:00+00:00,2817,2817,True,0.11613123653485581,0
phoenix,2023-08-21T09:00:00+00:00,2817,2817,True,0.17614225865524147,0
phoenix,2023-08-21T10:00:00+00:00,2817,2817,True,0.04676422285957351,0
phoenix,2023-08-21T11:00:00+00:00,2817,2817,True,0.0,0
phoenix,2023-08-21T12:00:00+00:00,2817,2817,True,0.014297584973071455,0
phoenix,2023-08-21T13:00:00+00:00,2817,2817,True,0.09061070663287243,0
phoenix,2023-08-21T14:00:00+00:00,2817,2817,True,0.12298171390660331,0
phoenix,2023-08-21T15:00:00+00:00,2817,2817,True,0.01996352784071597,0
phoenix,2023-08-21T16:00:00+00:00,2817,2817,True,0.10572139669839464,0
phoenix,2023-08-21T17:00:00+00:00,2817,2817,True,0.2092325268137186,0
phoenix,2023-08-21T18:00:00+00:00,2817,2817,True,0.04801986787044791,0
phoenix,2023-08-21T19:00:00+00:00,2817,2817,True,0.03546330871816004,0
phoenix,2023-08-21T20:00:00+00:00,2817,2817,True,0.01307680441645408,0
phoenix,2023-08-21T21:00:00+00:00,2817,2817,True,0.009605938202337261,0
phoenix,2023-08-21T22:00:00+00:00,2817,2817,True,0.014957729957111168,0
phoenix,2023-08-21T23:00:00+00:00,2817,2817,True,0.022187956129576844,0
phoenix,2023-08-22T00:00:00+00:00,2817,2817,True,0.0,0
phoenix,2023-08-22T01:00:00+00:00,2817,2817,True,0.11807975100870309,0
phoenix,2023-08-22T02:00:00+00:00,2817,2817,True,0.18585128607437906,0
phoenix,2023-08-22T03:00:00+00:00,2817,2817,True,0.30320607422439655,0
phoenix,2023-08-22T04:00:00+00:00,2817,2817,True,1.0716097125749375,0
phoenix,2023-08-22T05:00:00+00:00,2817,2817,True,0.3544332102086847,0
phoenix,2023-08-22T06:00:00+00:00,2817,2817,True,0.046415465826506415,0
phoenix,2023-08-22T07:00:00+00:00,2817,2817,True,0.0002828285432360059,0
phoenix,2023-08-22T08:00:00+00:00,2817,2817,True,0.0,0
phoenix,2023-08-22T09:00:00+00:00,2817,2817,True,0.0,0
phoenix,2023-08-22T10:00:00+00:00,2817,2817,True,0.0,0
phoenix,2023-08-22T11:00:00+00:00,2817,2817,True,0.0,0
phoenix,2023-08-22T12:00:00+00:00,2817,2817,True,0.000248439701796868,0
phoenix,2023-08-22T13:00:00+00:00,2817,2817,True,0.008646849598975414,0
phoenix,2023-08-22T14:00:00+00:00,2817,2817,True,0.07126149803346754,0
phoenix,2023-08-22T15:00:00+00:00,2817,2817,True,0.0006376129097097633,0
phoenix,2023-08-22T16:00:00+00:00,2817,2817,True,0.0,0
phoenix,2023-08-22T17:00:00+00:00,2817,2817,True,0.0,0
phoenix,2023-08-22T18:00:00+00:00,2817,2817,True,0.0,0
phoenix,2023-08-22T19:00:00+00:00,2817,2817,True,0.0,0
phoenix,2023-08-22T20:00:00+00:00,2817,2817,True,0.0,0
phoenix,2023-08-22T21:00:00+00:00,2817,2817,True,0.0,0
phoenix,2023-08-22T22:00:00+00:00,2817,2817,True,0.0,0
phoenix,2023-08-22T23:00:00+00:00,2817,2817,True,0.0,0
phoenix,2023-08-23T00:00:00+00:00,2817,2817,True,0.0,0
phoenix,2023-08-23T01:00:00+00:00,2817,2817,True,0.0,0
phoenix,2023-08-23T02:00:00+00:00,2817,2817,True,0.0005346797085803212,0
phoenix,2023-08-23T03:00:00+00:00,2817,2817,True,0.0,0
phoenix,2023-08-23T04:00:00+00:00,2817,2817,True,0.002238908605550172,0
phoenix,2023-08-23T05:00:00+00:00,2817,2817,True,0.0,0
phoenix,2023-08-23T06:00:00+00:00,2817,2817,True,0.0,0
phoenix,2023-08-23T07:00:00+00:00,2817,2817,True,0.0,0
phoenix,2023-08-23T08:00:00+00:00,2817,2817,True,0.0,0
phoenix,2023-08-23T09:00:00+00:00,2817,2817,True,0.0,0
phoenix,2023-08-23T10:00:00+00:00,2817,2817,True,0.0,0
phoenix,2023-08-23T11:00:00+00:00,2817,2817,True,0.0,0
phoenix,2023-08-23T12:00:00+00:00,2817,2817,True,0.0,0
phoenix,2023-08-23T13:00:00+00:00,2817,2817,True,0.0,0
phoenix,2023-08-23T14:00:00+00:00,2817,2817,True,0.0,0
phoenix,2023-08-23T15:00:00+00:00,2817,2817,True,0.0,0
phoenix,2023-08-23T16:00:00+00:00,2817,2817,True,0.0,0
phoenix,2023-08-23T17:00:00+00:00,2817,2817,True,0.0,0
phoenix,2023-08-23T18:00:00+00:00,2817,2817,True,0.0,0
phoenix,2023-09-15T00:00:00+00:00,2817,2817,True,0.0,0
phoenix,2023-09-15T01:00:00+00:00,2817,2817,True,0.0,0
phoenix,2023-09-15T02:00:00+00:00,2817,2817,True,0.0,0
phoenix,2023-09-15T03:00:00+00:00,2817,2817,True,0.0,0
phoenix,2023-09-15T04:00:00+00:00,2817,2817,True,0.0,0
phoenix,2023-09-15T05:00:00+00:00,2817,2817,True,0.0,0
phoenix,2023-09-15T06:00:00+00:00,2817,2817,True,0.0,0
phoenix,2023-09-15T07:00:00+00:00,2817,2817,True,0.0,0
phoenix,2023-09-15T08:00:00+00:00,2817,2817,True,0.0,0
phoenix,2023-09-15T09:00:00+00:00,2817,2817,True,0.0,0
phoenix,2023-09-15T10:00:00+00:00,2817,2817,True,0.0,0
phoenix,2023-09-15T11:00:00+00:00,2817,2817,True,0.0,0
phoenix,2023-09-15T12:00:00+00:00,2817,2817,True,0.0,0
phoenix,2023-09-15T13:00:00+00:00,2817,2817,True,0.0,0
phoenix,2023-09-15T14:00:00+00:00,2817,2817,True,0.0,0
phoenix,2023-09-15T15:00:00+00:00,2817,2817,True,0.0,0
phoenix,2023-09-15T16:00:00+00:00,2817,2817,True,0.0,0
phoenix,2023-09-15T17:00:00+00:00,2817,2817,True,0.0,0
phoenix,2023-09-15T18:00:00+00:00,2817,2817,True,0.0,0
phoenix,2023-09-15T19:00:00+00:00,2817,2817,True,0.0,0
phoenix,2023-09-15T20:00:00+00:00,2817,2817,True,0.0,0
phoenix,2023-09-15T21:00:00+00:00,2817,2817,True,0.0,0
phoenix,2023-09-15T22:00:00+00:00,2817,2817,True,0.0,0
phoenix,2023-09-15T23:00:00+00:00,2817,2817,True,0.0,0
phoenix,2023-09-16T00:00:00+00:00,2817,2817,True,0.0,0
phoenix,2023-09-16T01:00:00+00:00,2817,2817,True,0.0,0
phoenix,2023-09-16T02:00:00+00:00,2817,2817,True,0.0,0
phoenix,2023-09-16T03:00:00+00:00,2817,2817,True,0.0,0
phoenix,2023-09-16T04:00:00+00:00,2817,2817,True,0.0,0
phoenix,2023-09-16T05:00:00+00:00,2817,2817,True,0.0,0
phoenix,2023-09-16T06:00:00+00:00,2817,2817,True,0.0,0
phoenix,2023-09-16T07:00:00+00:00,2817,2817,True,0.0,0
phoenix,2023-09-16T08:00:00+00:00,2817,2817,True,0.0,0
phoenix,2023-09-16T09:00:00+00:00,2817,2817,True,0.0,0
phoenix,2023-09-16T10:00:00+00:00,2817,2817,True,0.0,0
phoenix,2023-09-16T11:00:00+00:00,2817,2817,True,0.0,0
phoenix,2023-09-16T12:00:00+00:00,2817,2817,True,0.0,0
phoenix,2023-09-16T13:00:00+00:00,2817,2817,True,0.0,0
phoenix,2023-09-16T14:00:00+00:00,2817,2817,True,0.0,0
phoenix,2023-09-16T15:00:00+00:00,2817,2817,True,0.0,0
phoenix,2023-09-16T16:00:00+00:00,2817,2817,True,0.0,0
phoenix,2023-09-16T17:00:00+00:00,2817,2817,True,0.0,0
phoenix,2023-09-16T18:00:00+00:00,2817,2817,True,0.0,0
phoenix,2023-09-16T19:00:00+00:00,2817,2817,True,0.0,0
phoenix,2023-09-16T20:00:00+00:00,2817,2817,True,0.0,0
phoenix,2023-09-16T21:00:00+00:00,2817,2817,True,0.0,0
phoenix,2023-09-16T22:00:00+00:00,2817,2817,True,0.0,0
phoenix,2023-09-16T23:00:00+00:00,2817,2817,True,0.0,0
phoenix,2023-09-17T00:00:00+00:00,2817,2817,True,0.0,0
phoenix,2023-09-17T01:00:00+00:00,2817,2817,True,0.0,0
phoenix,2023-09-17T02:00:00+00:00,2817,2817,True,0.0,0
phoenix,2023-09-17T03:00:00+00:00,2817,2817,True,0.0,0
phoenix,2023-09-17T04:00:00+00:00,2817,2817,True,0.0,0
phoenix,2023-09-17T05:00:00+00:00,2817,2817,True,0.0,0
phoenix,2023-09-17T06:00:00+00:00,2817,2817,True,0.0,0
phoenix,2023-09-17T07:00:00+00:00,2817,2817,True,0.0,0
phoenix,2023-09-17T08:00:00+00:00,2817,2817,True,0.0,0
phoenix,2023-09-17T09:00:00+00:00,2817,2817,True,0.0,0
phoenix,2023-09-17T10:00:00+00:00,2817,2817,True,0.0,0
phoenix,2023-09-17T11:00:00+00:00,2817,2817,True,0.0,0
phoenix,2023-09-17T12:00:00+00:00,2817,2817,True,0.0,0
phoenix,2023-09-17T13:00:00+00:00,2817,2817,True,0.0,0
phoenix,2023-09-17T14:00:00+00:00,2817,2817,True,0.0,0
phoenix,2023-09-17T15:00:00+00:00,2817,2817,True,0.0,0
phoenix,2023-09-17T16:00:00+00:00,2817,2817,True,0.0,0
phoenix,2023-09-17T17:00:00+00:00,2817,2817,True,0.0,0
phoenix,2023-09-17T18:00:00+00:00,2817,2817,True,0.0,0
phoenix,2023-09-17T19:00:00+00:00,2817,2817,True,0.0,0
phoenix,2023-09-17T20:00:00+00:00,2817,2817,True,0.0,0
phoenix,2023-09-17T21:00:00+00:00,2817,2817,True,0.0,0
phoenix,2023-09-17T22:00:00+00:00,2817,2817,True,0.0,0
phoenix,2023-09-17T23:00:00+00:00,2817,2817,True,0.0,0
phoenix,2023-09-18T00:00:00+00:00,2817,2817,True,0.0,0
phoenix,2023-09-18T01:00:00+00:00,2817,2817,True,0.0,0
phoenix,2023-09-18T02:00:00+00:00,2817,2817,True,0.0,0
phoenix,2023-09-18T03:00:00+00:00,2817,2817,True,0.0,0
phoenix,2023-09-18T04:00:00+00:00,2817,2817,True,0.0,0
phoenix,2023-09-18T05:00:00+00:00,2817,2817,True,0.0,0
phoenix,2023-09-18T06:00:00+00:00,2817,2817,True,0.0,0
phoenix,2023-09-18T07:00:00+00:00,2817,2817,True,0.0,0
phoenix,2023-09-18T08:00:00+00:00,2817,2817,True,0.0,0
phoenix,2023-09-18T09:00:00+00:00,2817,2817,True,0.0,0
phoenix,2023-09-18T10:00:00+00:00,2817,2817,True,0.0,0
phoenix,2023-09-18T11:00:00+00:00,2817,2817,True,0.0,0
phoenix,2023-09-18T12:00:00+00:00,2817,2817,True,0.0,0
phoenix,2023-09-18T13:00:00+00:00,2817,2817,True,0.0,0
phoenix,2023-09-18T14:00:00+00:00,2817,2817,True,0.0,0
phoenix,2023-09-18T15:00:00+00:00,2817,2817,True,0.0,0
phoenix,2023-09-18T16:00:00+00:00,2817,2817,True,0.0,0
phoenix,2023-09-18T17:00:00+00:00,2817,2817,True,0.0,0
phoenix,2023-09-18T18:00:00+00:00,2817,2817,True,0.0,0
phoenix,2023-09-18T19:00:00+00:00,2817,2817,True,0.0,0
phoenix,2023-09-18T20:00:00+00:00,2817,2817,True,0.0,0
phoenix,2023-09-18T21:00:00+00:00,2817,2817,True,0.0,0
phoenix,2023-09-18T22:00:00+00:00,2817,2817,True,0.0,0
phoenix,2023-09-18T23:00:00+00:00,2817,2817,True,0.0,0
phoenix,2023-09-19T00:00:00+00:00,2817,2817,True,0.0,0
phoenix,2023-09-19T01:00:00+00:00,2817,2817,True,0.0,0
phoenix,2023-09-19T02:00:00+00:00,2817,2817,True,0.0,0
phoenix,2023-09-19T03:00:00+00:00,2817,2817,True,0.0,0
phoenix,2023-09-19T04:00:00+00:00,2817,2817,True,0.0,0
phoenix,2023-09-19T05:00:00+00:00,2817,2817,True,0.0,0
phoenix,2023-09-19T06:00:00+00:00,2817,2817,True,0.0,0
phoenix,2023-09-19T07:00:00+00:00,2817,2817,True,0.0,0
phoenix,2023-09-19T08:00:00+00:00,2817,2817,True,0.0,0
phoenix,2023-09-19T09:00:00+00:00,2817,2817,True,0.0,0
phoenix,2023-09-19T10:00:00+00:00,2817,2817,True,0.0,0
phoenix,2023-09-19T11:00:00+00:00,2817,2817,True,0.0,0
phoenix,2023-09-19T12:00:00+00:00,2817,2817,True,0.0,0
phoenix,2023-09-19T13:00:00+00:00,2817,2817,True,0.0,0
phoenix,2023-09-19T14:00:00+00:00,2817,2817,True,0.0,0
phoenix,2023-09-19T15:00:00+00:00,2817,2817,True,0.0,0
phoenix,2023-09-19T16:00:00+00:00,2817,2817,True,0.0,0
phoenix,2023-09-19T17:00:00+00:00,2817,2817,True,0.0,0
phoenix,2023-09-19T18:00:00+00:00,2817,2817,True,0.0,0
phoenix,2023-09-19T19:00:00+00:00,2817,2817,True,0.0,0
phoenix,2023-09-19T20:00:00+00:00,2817,2817,True,0.0,0
phoenix,2023-09-19T21:00:00+00:00,2817,2817,True,0.0,0
phoenix,2023-09-19T22:00:00+00:00,2817,2817,True,0.0,0
phoenix,2023-09-19T23:00:00+00:00,2817,2817,True,0.0,0
phoenix,2023-09-20T00:00:00+00:00,2817,2817,True,0.0,0
phoenix,2023-09-20T01:00:00+00:00,2817,2817,True,0.0,0
phoenix,2023-09-20T02:00:00+00:00,2817,2817,True,0.0,0
phoenix,2023-09-20T03:00:00+00:00,2817,2817,True,0.0,0
phoenix,2023-09-20T04:00:00+00:00,2817,2817,True,0.0,0
phoenix,2023-09-20T05:00:00+00:00,2817,2817,True,0.0,0
phoenix,2023-09-20T06:00:00+00:00,2817,2817,True,0.0,0
phoenix,2023-09-20T07:00:00+00:00,2817,2817,True,0.0,0
phoenix,2023-09-20T08:00:00+00:00,2817,2817,True,0.0,0
phoenix,2023-09-20T09:00:00+00:00,2817,2817,True,0.0,0
phoenix,2023-09-20T10:00:00+00:00,2817,2817,True,0.0,0
phoenix,2023-09-20T11:00:00+00:00,2817,2817,True,0.0,0
phoenix,2023-09-20T12:00:00+00:00,2817,2817,True,0.0,0
phoenix,2023-09-20T13:00:00+00:00,2817,2817,True,0.0,0
phoenix,2023-09-20T14:00:00+00:00,2817,2817,True,0.0,0
phoenix,2023-09-20T15:00:00+00:00,2817,2817,True,0.0,0
phoenix,2023-09-20T16:00:00+00:00,2817,2817,True,0.0,0
phoenix,2023-09-20T17:00:00+00:00,2817,2817,True,0.0,0
phoenix,2023-09-20T18:00:00+00:00,2817,2817,True,0.0,0
phoenix,2023-09-20T19:00:00+00:00,2817,2817,True,0.0,0
phoenix,2023-09-20T20:00:00+00:00,2817,2817,True,0.0,0
phoenix,2023-09-20T21:00:00+00:00,2817,2817,True,0.0,0
phoenix,2023-09-20T22:00:00+00:00,2817,2817,True,0.0,0
phoenix,2023-09-20T23:00:00+00:00,2817,2817,True,0.0,0
phoenix,2023-09-21T00:00:00+00:00,2817,2817,True,0.0,0
phoenix,2023-09-21T01:00:00+00:00,2817,2817,True,0.0,0
phoenix,2023-09-21T02:00:00+00:00,2817,2817,True,0.0,0
phoenix,2023-09-21T03:00:00+00:00,2817,2817,True,0.0,0
phoenix,2023-09-21T04:00:00+00:00,2817,2817,True,0.0,0
phoenix,2023-09-21T05:00:00+00:00,2817,2817,True,0.0,0
phoenix,2023-09-21T06:00:00+00:00,2817,2817,True,0.0,0
phoenix,2023-09-21T07:00:00+00:00,2817,2817,True,0.0,0
phoenix,2023-09-21T08:00:00+00:00,2817,2817,True,0.0,0
phoenix,2023-09-21T09:00:00+00:00,2817,2817,True,0.0,0
phoenix,2023-09-21T10:00:00+00:00,2817,2817,True,0.0,0
phoenix,2023-09-21T11:00:00+00:00,2817,2817,True,0.0,0
phoenix,2023-09-21T12:00:00+00:00,2817,2817,True,0.0,0
phoenix,2023-09-21T13:00:00+00:00,2817,2817,True,0.0,0
phoenix,2023-09-21T14:00:00+00:00,2817,2817,True,0.0,0
phoenix,2023-09-21T15:00:00+00:00,2817,2817,True,0.0,0
phoenix,2023-09-21T16:00:00+00:00,2817,2817,True,0.0,0
phoenix,2023-09-21T17:00:00+00:00,2817,2817,True,0.0,0
phoenix,2023-09-21T18:00:00+00:00,2817,2817,True,0.0,0
phoenix,2023-09-21T19:00:00+00:00,2817,2817,True,0.0,0
phoenix,2023-09-21T20:00:00+00:00,2817,2817,True,0.0,0
phoenix,2023-09-21T21:00:00+00:00,2817,2817,True,0.0,0
phoenix,2023-09-21T22:00:00+00:00,2817,2817,True,0.0,0
phoenix,2023-09-21T23:00:00+00:00,2817,2817,True,0.0,0
phoenix,2023-09-22T00:00:00+00:00,2817,2817,True,0.0,0
phoenix,2023-09-22T01:00:00+00:00,2817,2817,True,0.0,0
phoenix,2023-09-22T02:00:00+00:00,2817,2817,True,0.0,0
phoenix,2023-09-22T03:00:00+00:00,2817,2817,True,0.0,0
phoenix,2023-09-22T04:00:00+00:00,2817,2817,True,0.0,0
phoenix,2023-09-22T05:00:00+00:00,2817,2817,True,0.0,0
phoenix,2023-09-22T06:00:00+00:00,2817,2817,True,0.0,0
phoenix,2023-09-22T07:00:00+00:00,2817,2817,True,0.0,0
phoenix,2023-09-22T08:00:00+00:00,2817,2817,True,0.0,0
phoenix,2023-09-22T09:00:00+00:00,2817,2817,True,0.0,0
phoenix,2023-09-22T10:00:00+00:00,2817,2817,True,0.0,0
phoenix,2023-09-22T11:00:00+00:00,2817,2817,True,0.0,0
phoenix,2023-09-22T12:00:00+00:00,2817,2817,True,0.0,0
phoenix,2023-09-22T13:00:00+00:00,2817,2817,True,0.0,0
phoenix,2023-09-22T14:00:00+00:00,2817,2817,True,0.0,0
phoenix,2023-09-22T15:00:00+00:00,2817,2817,True,0.0,0
phoenix,2023-09-22T16:00:00+00:00,2817,2817,True,0.0,0
phoenix,2023-09-22T17:00:00+00:00,2817,2817,True,0.0,0
phoenix,2023-09-22T18:00:00+00:00,2817,2817,True,0.0,0
phoenix,2023-09-22T19:00:00+00:00,2817,2817,True,0.0,0
phoenix,2023-09-22T20:00:00+00:00,2817,2817,True,0.0,0
phoenix,2023-09-22T21:00:00+00:00,2817,2817,True,0.0,0
phoenix,2023-09-22T22:00:00+00:00,2817,2817,True,0.0,0
phoenix,2023-09-22T23:00:00+00:00,2817,2817,True,0.0,0
phoenix,2023-09-23T00:00:00+00:00,2817,2817,True,0.0,0
phoenix,2023-09-23T01:00:00+00:00,2817,2817,True,0.0,0
phoenix,2023-09-23T02:00:00+00:00,2817,2817,True,0.0,0
phoenix,2023-09-23T03:00:00+00:00,2817,2817,True,0.0,0
phoenix,2023-09-23T04:00:00+00:00,2817,2817,True,0.0,0
phoenix,2023-09-23T05:00:00+00:00,2817,2817,True,0.0,0
phoenix,2023-09-23T06:00:00+00:00,2817,2817,True,0.0,0
phoenix,2023-09-23T07:00:00+00:00,2817,2817,True,0.0,0
phoenix,2023-09-23T08:00:00+00:00,2817,2817,True,0.0,0
phoenix,2023-09-23T09:00:00+00:00,2817,2817,True,0.0,0
phoenix,2023-09-23T10:00:00+00:00,2817,2817,True,0.0,0
phoenix,2023-09-23T11:00:00+00:00,2817,2817,True,0.0,0
phoenix,2023-09-23T12:00:00+00:00,2817,2817,True,0.0,0
phoenix,2023-09-23T13:00:00+00:00,2817,2817,True,0.0,0
phoenix,2023-09-23T14:00:00+00:00,2817,2817,True,0.0,0
phoenix,2023-09-23T15:00:00+00:00,2817,2817,True,0.0,0
phoenix,2023-09-23T16:00:00+00:00,2817,2817,True,0.0,0
phoenix,2023-09-23T17:00:00+00:00,2817,2817,True,0.0,0
phoenix,2023-09-23T18:00:00+00:00,2817,2817,True,0.004314138600365084,0
phoenix,2023-09-23T19:00:00+00:00,2817,2817,True,0.0,0
phoenix,2023-09-23T20:00:00+00:00,2817,2817,True,0.0,0
phoenix,2023-09-23T21:00:00+00:00,2817,2817,True,0.0,0
phoenix,2023-09-23T22:00:00+00:00,2817,2817,True,0.0,0
phoenix,2023-09-23T23:00:00+00:00,2817,2817,True,0.0,0
phoenix,2023-09-24T00:00:00+00:00,2817,2817,True,0.0,0
phoenix,2023-09-24T01:00:00+00:00,2817,2817,True,0.0,0
phoenix,2023-09-24T02:00:00+00:00,2817,2817,True,0.0,0
phoenix,2023-09-24T03:00:00+00:00,2817,2817,True,0.0,0
phoenix,2023-09-24T04:00:00+00:00,2817,2817,True,0.0,0
phoenix,2023-09-24T05:00:00+00:00,2817,2817,True,0.0,0
phoenix,2023-09-24T06:00:00+00:00,2817,2817,True,0.0,0
phoenix,2023-09-24T07:00:00+00:00,2817,2817,True,0.0,0
phoenix,2023-09-24T08:00:00+00:00,2817,2817,True,0.0,0
phoenix,2023-09-24T09:00:00+00:00,2817,2817,True,0.0,0
phoenix,2023-09-24T10:00:00+00:00,2817,2817,True,0.0,0
phoenix,2023-09-24T11:00:00+00:00,2817,2817,True,0.0,0
phoenix,2023-09-24T12:00:00+00:00,2817,2817,True,0.0,0
phoenix,2023-09-24T13:00:00+00:00,2817,2817,True,0.0,0
phoenix,2023-09-24T14:00:00+00:00,2817,2817,True,0.0,0
phoenix,2023-09-24T15:00:00+00:00,2817,2817,True,0.0,0
phoenix,2023-09-24T16:00:00+00:00,2817,2817,True,0.0,0
phoenix,2023-09-24T17:00:00+00:00,2817,2817,True,0.0,0
phoenix,2023-09-24T18:00:00+00:00,2817,2817,True,0.0,0
phoenix,2023-09-24T19:00:00+00:00,2817,2817,True,0.0,0
phoenix,2023-09-24T20:00:00+00:00,2817,2817,True,0.0,0
phoenix,2023-09-24T21:00:00+00:00,2817,2817,True,0.0,0
phoenix,2023-09-24T22:00:00+00:00,2817,2817,True,0.0,0
phoenix,2023-09-24T23:00:00+00:00,2817,2817,True,0.0,0
phoenix,2023-09-25T00:00:00+00:00,2817,2817,True,0.0,0
phoenix,2023-09-25T01:00:00+00:00,2817,2817,True,0.0,0
phoenix,2023-09-25T02:00:00+00:00,2817,2817,True,0.0,0
phoenix,2023-09-25T03:00:00+00:00,2817,2817,True,0.0,0
phoenix,2023-09-25T04:00:00+00:00,2817,2817,True,0.0,0
phoenix,2023-09-25T05:00:00+00:00,2817,2817,True,0.0,0
phoenix,2023-09-25T06:00:00+00:00,2817,2817,True,0.0,0
phoenix,2023-09-25T07:00:00+00:00,2817,2817,True,0.0,0
phoenix,2023-09-25T08:00:00+00:00,2817,2817,True,0.0,0
phoenix,2023-09-25T09:00:00+00:00,2817,2817,True,0.0,0
phoenix,2023-09-25T10:00:00+00:00,2817,2817,True,0.0,0
phoenix,2023-09-25T11:00:00+00:00,2817,2817,True,0.0,0
phoenix,2023-09-25T12:00:00+00:00,2817,2817,True,0.0,0
phoenix,2023-09-25T13:00:00+00:00,2817,2817,True,0.0,0
phoenix,2023-09-25T14:00:00+00:00,2817,2817,True,0.0,0
phoenix,2023-09-25T15:00:00+00:00,2817,2817,True,0.0,0
phoenix,2023-09-25T16:00:00+00:00,2817,2817,True,0.0,0
phoenix,2023-09-25T17:00:00+00:00,2817,2817,True,0.0,0
phoenix,2023-09-25T18:00:00+00:00,2817,2817,True,0.0,0
phoenix,2023-09-25T19:00:00+00:00,2817,2817,True,0.0,0
phoenix,2023-09-25T20:00:00+00:00,2817,2817,True,0.0,0
phoenix,2023-09-25T21:00:00+00:00,2817,2817,True,0.0,0
