source,dataset,filename,download_date,checksum
https://data.lpdaac.earthdatacloud.nasa.gov/lp-prod-protected/ECO_L2T_LSTE.002/ECOv002_L2T_LSTE_27821_006_12SUC_20230602T193750_0711_01/ECOv002_L2T_LSTE_27821_006_12SUC_20230602T193750_0711_01_water.tif,ECO_L2T_LSTE.002,ECOv002_L2T_LSTE_27821_006_12SUC_20230602T193750_0711_01_water.tif,2026-06-09,sha256:d64b49c04db6d75b7cb8960e7fa0464ec1fcef35027527b119b115010716f62e
https://data.lpdaac.earthdatacloud.nasa.gov/lp-prod-protected/ECO_L2T_LSTE.002/ECOv002_L2T_LSTE_27821_006_12SUC_20230602T193750_0711_01/ECOv002_L2T_LSTE_27821_006_12SUC_20230602T193750_0711_01_cloud.tif,ECO_L2T_LSTE.002,ECOv002_L2T_LSTE_27821_006_12SUC_20230602T193750_0711_01_cloud.tif,2026-06-09,sha256:e5f871221d0f0f41d7a0771b80d79670cb0aca7692261e0e671e5bd94a175605
https://data.lpdaac.earthdatacloud.nasa.gov/lp-prod-protected/ECO_L2T_LSTE.002/ECOv002_L2T_LSTE_27821_006_12SUC_20230602T193750_0711_01/ECOv002_L2T_LSTE_27821_006_12SUC_20230602T193750_0711_01_height.tif,ECO_L2T_LSTE.002,ECOv002_L2T_LSTE_27821_006_12SUC_20230602T193750_0711_01_height.tif,2026-06-09,sha256:ff78c79a1dea7965af1af43d0289b740bc5f09afd7e4ecaa6d6489e902dab358
https://data.lpdaac.earthdatacloud.nasa.gov/lp-prod-protected/ECO_L2T_LSTE.002/ECOv002_L2T_LSTE_27821_006_12SUC_20230602T193750_0711_01/ECOv002_L2T_LSTE_27821_006_12SUC_20230602T193750_0711_01_QC.tif,ECO_L2T_LSTE.002,ECOv002_L2T_LSTE_27821_006_12SUC_20230602T193750_0711_01_QC.tif,2026-06-09,sha256:0f231123aa9b705ddca135b322acdc114e6f04e2b509e261108a824903fbd254
https://data.lpdaac.earthdatacloud.nasa.gov/lp-prod-protected/ECO_L2T_LSTE.002/ECOv002_L2T_LSTE_27821_006_12SUC_20230602T193750_0711_01/ECOv002_L2T_LSTE_27821_006_12SUC_20230602T193750_0711_01_LST.tif,ECO_L2T_LSTE.002,ECOv002_L2T_LSTE_27821_006_12SUC_20230602T193750_0711_01_LST.tif,2026-06-09,sha256:7f67a76b2841832d06582998c129a791027553d87c4c43f72cd07a765ffb47fa
https://data.lpdaac.earthdatacloud.nasa.gov/lp-prod-protected/ECO_L2T_LSTE.002/ECOv002_L2T_LSTE_27821_006_12SUB_20230602T193750_0711_01/ECOv002_L2T_LSTE_27821_006_12SUB_20230602T193750_0711_01_water.tif,ECO_L2T_LSTE.002,ECOv002_L2T_LSTE_27821_006_12SUB_20230602T193750_0711_01_water.tif,2026-06-09,sha256:5445ec3ecf907a8fca673840eaaa77886793723145328741487ba4c7ec6f1f1c
https://data.lpdaac.earthdatacloud.nasa.gov/lp-prod-protected/ECO_L2T_LSTE.002/ECOv002_L2T_LSTE_27821_006_12SUB_20230602T193750_0711_01/ECOv002_L2T_LSTE_27821_006_12SUB_20230602T193750_0711_01_cloud.tif,ECO_L2T_LSTE.002,ECOv002_L2T_LSTE_27821_006_12SUB_20230602T193750_0711_01_cloud.tif,2026-06-09,sha256:92736d75dba0ebc47019d5cb05f2b0be528a8d3d99f1b6b8a703efa84f41c1ef
https://data.lpdaac.earthdatacloud.nasa.gov/lp-prod-protected/ECO_L2T_LSTE.002/ECOv002_L2T_LSTE_27821_006_12SUB_20230602T193750_0711_01/ECOv002_L2T_LSTE_27821_006_12SUB_20230602T193750_0711_01_height.tif,ECO_L2T_LSTE.002,ECOv002_L2T_LSTE_27821_006_12SUB_20230602T193750_0711_01_height.tif,2026-06-09,sha256:cedd62c490c87d339b71b6bdf814ceea774ed8ee7ec4921c9d2bc4e4f874f41c
https://data.lpdaac.earthdatacloud.nasa.gov/lp-prod-protected/ECO_L2T_LSTE.002/ECOv002_L2T_LSTE_27821_006_12SUB_20230602T193750_0711_01/ECOv002_L2T_LSTE_27821_006_12SUB_20230602T193750_0711_01_QC.tif,ECO_L2T_LSTE.002,ECOv002_L2T_LSTE_27821_006_12SUB_20230602T193750_0711_01_QC.tif,2026-06-09,sha256:f2534a1f6838fd198686bd47eede21b75cae10edddbefeca4772f7eff00a5462
https://data.lpdaac.earthdatacloud.nasa.gov/lp-prod-protected/ECO_L2T_LSTE.002/ECOv002_L2T_LSTE_27821_006_12SUB_20230602T193750_0711_01/ECOv002_L2T_LSTE_27821_006_12SUB_20230602T193750_0711_01_LST.tif,ECO_L2T_LSTE.002,ECOv002_L2T_LSTE_27821_006_12SUB_20230602T193750_0711_01_LST.tif,2026-06-09,sha256:0a5f448d90f3d5cae62e7aa64556178c0146e5dc3f31945d8aa9935e6b256ac6
https://data.lpdaac.earthdatacloud.nasa.gov/lp-prod-protected/ECO_L2T_LSTE.002/ECOv002_L2T_LSTE_27821_006_12SVB_20230602T193750_0711_01/ECOv002_L2T_LSTE_27821_006_12SVB_20230602T193750_0711_01_water.tif,ECO_L2T_LSTE.002,ECOv002_L2T_LSTE_27821_006_12SVB_20230602T193750_0711_01_water.tif,2026-06-09,sha256:5330bdd59b721b9812d2cfacc468382dac52d2fcd60ace86d0589db82a6d4135
https://data.lpdaac.earthdatacloud.nasa.gov/lp-prod-protected/ECO_L2T_LSTE.002/ECOv002_L2T_LSTE_27821_006_12SVB_20230602T193750_0711_01/ECOv002_L2T_LSTE_27821_006_12SVB_20230602T193750_0711_01_cloud.tif,ECO_L2T_LSTE.002,ECOv002_L2T_LSTE_27821_006_12SVB_20230602T193750_0711_01_cloud.tif,2026-06-09,sha256:8cf8de455a4376b924ab20031ab07677ef62ccbe814710d68791c73da574ba1f
https://data.lpdaac.earthdatacloud.nasa.gov/lp-prod-protected/ECO_L2T_LSTE.002/ECOv002_L2T_LSTE_27821_006_12SVB_20230602T193750_0711_01/ECOv002_L2T_LSTE_27821_006_12SVB_20230602T193750_0711_01_height.tif,ECO_L2T_LSTE.002,ECOv002_L2T_LSTE_27821_006_12SVB_20230602T193750_0711_01_height.tif,2026-06-09,sha256:f21404303d6be1bc7631418a9347a7d76e20d028716b5558f3aa3c1f349f882a
https://data.lpdaac.earthdatacloud.nasa.gov/lp-prod-protected/ECO_L2T_LSTE.002/ECOv002_L2T_LSTE_27821_006_12SVB_20230602T193750_0711_01/ECOv002_L2T_LSTE_27821_006_12SVB_20230602T193750_0711_01_QC.tif,ECO_L2T_LSTE.002,ECOv002_L2T_LSTE_27821_006_12SVB_20230602T193750_0711_01_QC.tif,2026-06-09,sha256:7e14acaffd216952727a0a900040573da6506d81e5e8faee30245db664158877
https://data.lpdaac.earthdatacloud.nasa.gov/lp-prod-protected/ECO_L2T_LSTE.002/ECOv002_L2T_LSTE_27821_006_12SVB_20230602T193750_0711_01/ECOv002_L2T_LSTE_27821_006_12SVB_20230602T193750_0711_01_LST.tif,ECO_L2T_LSTE.002,ECOv002_L2T_LSTE_27821_006_12SVB_20230602T193750_0711_01_LST.tif,2026-06-09,sha256:296ac8348152e04a8930d1333c3e1c1e53b2905df42bbcefdeec31ebb051dea9
https://data.lpdaac.earthdatacloud.nasa.gov/lp-prod-protected/ECO_L2T_LSTE.002/ECOv002_L2T_LSTE_27821_007_12SVC_20230602T193841_0711_01/ECOv002_L2T_LSTE_27821_007_12SVC_20230602T193841_0711_01_water.tif,ECO_L2T_LSTE.002,ECOv002_L2T_LSTE_27821_007_12SVC_20230602T193841_0711_01_water.tif,2026-06-09,sha256:16333ddc3ce2bf92a158f6247487d297895f7df1219a581f5a0bd3ad3a378b35
https://data.lpdaac.earthdatacloud.nasa.gov/lp-prod-protected/ECO_L2T_LSTE.002/ECOv002_L2T_LSTE_27821_007_12SVC_20230602T193841_0711_01/ECOv002_L2T_LSTE_27821_007_12SVC_20230602T193841_0711_01_cloud.tif,ECO_L2T_LSTE.002,ECOv002_L2T_LSTE_27821_007_12SVC_20230602T193841_0711_01_cloud.tif,2026-06-09,sha256:2f5ee5bb3a2bc33ba1809858365dad6894ac9c7bdf30316148bec32afcce3990
https://data.lpdaac.earthdatacloud.nasa.gov/lp-prod-protected/ECO_L2T_LSTE.002/ECOv002_L2T_LSTE_27821_007_12SVC_20230602T193841_0711_01/ECOv002_L2T_LSTE_27821_007_12SVC_20230602T193841_0711_01_height.tif,ECO_L2T_LSTE.002,ECOv002_L2T_LSTE_27821_007_12SVC_20230602T193841_0711_01_height.tif,2026-06-09,sha256:ed530e6539eaf0802d052541a0be96261864ced012a5cb1b33baa5ff41cf3a86
https://data.lpdaac.earthdatacloud.nasa.gov/lp-prod-protected/ECO_L2T_LSTE.002/ECOv002_L2T_LSTE_27821_007_12SVC_20230602T193841_0711_01/ECOv002_L2T_LSTE_27821_007_12SVC_20230602T193841_0711_01_QC.tif,ECO_L2T_LSTE.002,ECOv002_L2T_LSTE_27821_007_12SVC_20230602T193841_0711_01_QC.tif,2026-06-09,sha256:d1fcd9984ea9b7ecc5bb6c2dde679e5fbe092c3fa50b1c86ffc392b4dce39ef5
https://data.lpdaac.earthdatacloud.nasa.gov/lp-prod-protected/ECO_L2T_LSTE.002/ECOv002_L2T_LSTE_27821_007_12SVC_20230602T193841_0711_01/ECOv002_L2T_LSTE_27821_007_12SVC_20230602T193841_0711_01_LST.tif,ECO_L2T_LSTE.002,ECOv002_L2T_LSTE_27821_007_12SVC_20230602T193841_0711_01_LST.tif,2026-06-09,sha256:4e516c9c55529dfcc4ff4905fe49f4c7c65cbc6bf82962477ce559fd755e7d53
https://data.lpdaac.earthdatacloud.nasa.gov/lp-prod-protected/ECO_L2T_LSTE.002/ECOv002_L2T_LSTE_27821_007_12SUC_20230602T193841_0711_01/ECOv002_L2T_LSTE_27821_007_12SUC_20230602T193841_0711_01_water.tif,ECO_L2T_LSTE.002,ECOv002_L2T_LSTE_27821_007_12SUC_20230602T193841_0711_01_water.tif,2026-06-09,sha256:2d22e6d9586df0f6d3da292306ab042d7d3d54a1a44c2ba33380c8ab34912c28
https://data.lpdaac.earthdatacloud.nasa.gov/lp-prod-protected/ECO_L2T_LSTE.002/ECOv002_L2T_LSTE_27821_007_12SUC_20230602T193841_0711_01/ECOv002_L2T_LSTE_27821_007_12SUC_20230602T193841_0711_01_cloud.tif,ECO_L2T_LSTE.002,ECOv002_L2T_LSTE_27821_007_12SUC_20230602T193841_0711_01_cloud.tif,2026-06-09,sha256:577292d7d2aa04c8d702f580c1c6b6b9eddc5fd1848e9e092a38406042b0732e
https://data.lpdaac.earthdatacloud.nasa.gov/lp-prod-protected/ECO_L2T_LSTE.002/ECOv002_L2T_LSTE_27821_007_12SUC_20230602T193841_0711_01/ECOv002_L2T_LSTE_27821_007_12SUC_20230602T193841_0711_01_height.tif,ECO_L2T_LSTE.002,ECOv002_L2T_LSTE_27821_007_12SUC_20230602T193841_0711_01_height.tif,2026-06-09,sha256:1e49294d4593f7f607740e68b4614235126000785999b2790d3688e22c18733a
https://data.lpdaac.earthdatacloud.nasa.gov/lp-prod-protected/ECO_L2T_LSTE.002/ECOv002_L2T_LSTE_27821_007_12SUC_20230602T193841_0711_01/ECOv002_L2T_LSTE_27821_007_12SUC_20230602T193841_0711_01_QC.tif,ECO_L2T_LSTE.002,ECOv002_L2T_LSTE_27821_007_12SUC_20230602T193841_0711_01_QC.tif,2026-06-09,sha256:8a5ab96c333ffac5776b1c3fae58e6f79a750ed9481bc60ad6e2ce820d471e7c
https://data.lpdaac.earthdatacloud.nasa.gov/lp-prod-protected/ECO_L2T_LSTE.002/ECOv002_L2T_LSTE_27821_007_12SUC_20230602T193841_0711_01/ECOv002_L2T_LSTE_27821_007_12SUC_20230602T193841_0711_01_LST.tif,ECO_L2T_LSTE.002,ECOv002_L2T_LSTE_27821_007_12SUC_20230602T193841_0711_01_LST.tif,2026-06-09,sha256:811a6a0570ca9a21bcc7a49a3941a1f33ed9fcd8bfaaaa27af8396b566cc2118
https://data.lpdaac.earthdatacloud.nasa.gov/lp-prod-protected/ECO_L2T_LSTE.002/ECOv002_L2T_LSTE_27821_007_12SVB_20230602T193841_0711_01/ECOv002_L2T_LSTE_27821_007_12SVB_20230602T193841_0711_01_water.tif,ECO_L2T_LSTE.002,ECOv002_L2T_LSTE_27821_007_12SVB_20230602T193841_0711_01_water.tif,2026-06-09,sha256:5dfdf10bad2a03ea62fed3b789d38ceb7a3ca5522821c4f83539ab0b7be819c6
https://data.lpdaac.earthdatacloud.nasa.gov/lp-prod-protected/ECO_L2T_LSTE.002/ECOv002_L2T_LSTE_27821_007_12SVB_20230602T193841_0711_01/ECOv002_L2T_LSTE_27821_007_12SVB_20230602T193841_0711_01_cloud.tif,ECO_L2T_LSTE.002,ECOv002_L2T_LSTE_27821_007_12SVB_20230602T193841_0711_01_cloud.tif,2026-06-09,sha256:4dc8fb6ecb79e93dde0cb9bbce2a58dd20518ee82b9a6298acebbe45e152b50d
https://data.lpdaac.earthdatacloud.nasa.gov/lp-prod-protected/ECO_L2T_LSTE.002/ECOv002_L2T_LSTE_27821_007_12SVB_20230602T193841_0711_01/ECOv002_L2T_LSTE_27821_007_12SVB_20230602T193841_0711_01_height.tif,ECO_L2T_LSTE.002,ECOv002_L2T_LSTE_27821_007_12SVB_20230602T193841_0711_01_height.tif,2026-06-09,sha256:e33caca6bbc73c55847589482b768f201baf8a2183477827d7943eee0533a5cb
https://data.lpdaac.earthdatacloud.nasa.gov/lp-prod-protected/ECO_L2T_LSTE.002/ECOv002_L2T_LSTE_27821_007_12SVB_20230602T193841_0711_01/ECOv002_L2T_LSTE_27821_007_12SVB_20230602T193841_0711_01_QC.tif,ECO_L2T_LSTE.002,ECOv002_L2T_LSTE_27821_007_12SVB_20230602T193841_0711_01_QC.tif,2026-06-09,sha256:6b9025b31acc86aed67789a64dd0b2508d75e5b3ba2a23e9a1bb64f31fbcbaf1
https://data.lpdaac.earthdatacloud.nasa.gov/lp-prod-protected/ECO_L2T_LSTE.002/ECOv002_L2T_LSTE_27821_007_12SVB_20230602T193841_0711_01/ECOv002_L2T_LSTE_27821_007_12SVB_20230602T193841_0711_01_LST.tif,ECO_L2T_LSTE.002,ECOv002_L2T_LSTE_27821_007_12SVB_20230602T193841_0711_01_LST.tif,2026-06-09,sha256:5d443429fdffb3fbe3f38d3a17efa70309f590671ee2a470f880d586787b1c26
https://data.lpdaac.earthdatacloud.nasa.gov/lp-prod-protected/ECO_L2T_LSTE.002/ECOv002_L2T_LSTE_27821_007_12SUB_20230602T193841_0711_01/ECOv002_L2T_LSTE_27821_007_12SUB_20230602T193841_0711_01_water.tif,ECO_L2T_LSTE.002,ECOv002_L2T_LSTE_27821_007_12SUB_20230602T193841_0711_01_water.tif,2026-06-09,sha256:f74ad759d2bb19c5529337c86f7955cd9a39d2f0866547e3dd1ae9c867c05b16
https://data.lpdaac.earthdatacloud.nasa.gov/lp-prod-protected/ECO_L2T_LSTE.002/ECOv002_L2T_LSTE_27821_007_12SUB_20230602T193841_0711_01/ECOv002_L2T_LSTE_27821_007_12SUB_20230602T193841_0711_01_cloud.tif,ECO_L2T_LSTE.002,ECOv002_L2T_LSTE_27821_007_12SUB_20230602T193841_0711_01_cloud.tif,2026-06-09,sha256:ff503a5d8c151168ab0d18c56bc78e3230b4a9a98392726fbd1666735f39647d
https://data.lpdaac.earthdatacloud.nasa.gov/lp-prod-protected/ECO_L2T_LSTE.002/ECOv002_L2T_LSTE_27821_007_12SUB_20230602T193841_0711_01/ECOv002_L2T_LSTE_27821_007_12SUB_20230602T193841_0711_01_height.tif,ECO_L2T_LSTE.002,ECOv002_L2T_LSTE_27821_007_12SUB_20230602T193841_0711_01_height.tif,2026-06-09,sha256:05e3eca83cdb5fc2db18e390be45b93b831f33b4b40fcf458e77329b16f14725
https://data.lpdaac.earthdatacloud.nasa.gov/lp-prod-protected/ECO_L2T_LSTE.002/ECOv002_L2T_LSTE_27821_007_12SUB_20230602T193841_0711_01/ECOv002_L2T_LSTE_27821_007_12SUB_20230602T193841_0711_01_QC.tif,ECO_L2T_LSTE.002,ECOv002_L2T_LSTE_27821_007_12SUB_20230602T193841_0711_01_QC.tif,2026-06-09,sha256:b69bfa0eda81c25e9cd1c128c42efd8f541af0b55983d905974cb8141e383734
https://data.lpdaac.earthdatacloud.nasa.gov/lp-prod-protected/ECO_L2T_LSTE.002/ECOv002_L2T_LSTE_27821_007_12SUB_20230602T193841_0711_01/ECOv002_L2T_LSTE_27821_007_12SUB_20230602T193841_0711_01_LST.tif,ECO_L2T_LSTE.002,ECOv002_L2T_LSTE_27821_007_12SUB_20230602T193841_0711_01_LST.tif,2026-06-09,sha256:8f6cd0c46db44c727b9b6b5b5ee01887ac6e0dca513787c1fabf538da4d42a0c
https://data.lpdaac.earthdatacloud.nasa.gov/lp-prod-protected/ECO_L2T_LSTE.002/ECOv002_L2T_LSTE_27836_004_12SUB_20230603T184936_0711_01/ECOv002_L2T_LSTE_27836_004_12SUB_20230603T184936_0711_01_water.tif,ECO_L2T_LSTE.002,ECOv002_L2T_LSTE_27836_004_12SUB_20230603T184936_0711_01_water.tif,2026-06-09,sha256:12926d44db3ee3fcbab890cac674f9849409445af7a5d5599a008ed2ac1cc1ca
https://data.lpdaac.earthdatacloud.nasa.gov/lp-prod-protected/ECO_L2T_LSTE.002/ECOv002_L2T_LSTE_27836_004_12SUB_20230603T184936_0711_01/ECOv002_L2T_LSTE_27836_004_12SUB_20230603T184936_0711_01_cloud.tif,ECO_L2T_LSTE.002,ECOv002_L2T_LSTE_27836_004_12SUB_20230603T184936_0711_01_cloud.tif,2026-06-09,sha256:0f4b2587330ba60db630ae6a490a6b27cde9a44f0486e6cc91bfbd3d9f2dcbdd
https://data.lpdaac.earthdatacloud.nasa.gov/lp-prod-protected/ECO_L2T_LSTE.002/ECOv002_L2T_LSTE_27836_004_12SUB_20230603T184936_0711_01/ECOv002_L2T_LSTE_27836_004_12SUB_20230603T184936_0711_01_height.tif,ECO_L2T_LSTE.002,ECOv002_L2T_LSTE_27836_004_12SUB_20230603T184936_0711_01_height.tif,2026-06-09,sha256:e8c57f8c0e851d6166f211f666b776e83a4c672dfe61d008b53c1d734d9aa72c
https://data.lpdaac.earthdatacloud.nasa.gov/lp-prod-protected/ECO_L2T_LSTE.002/ECOv002_L2T_LSTE_27836_004_12SUB_20230603T184936_0711_01/ECOv002_L2T_LSTE_27836_004_12SUB_20230603T184936_0711_01_QC.tif,ECO_L2T_LSTE.002,ECOv002_L2T_LSTE_27836_004_12SUB_20230603T184936_0711_01_QC.tif,2026-06-09,sha256:e55b52af5684869f17ee8440553aab490e00dc6261c1113beb424d31bc9f8e45
https://data.lpdaac.earthdatacloud.nasa.gov/lp-prod-protected/ECO_L2T_LSTE.002/ECOv002_L2T_LSTE_27836_004_12SUB_20230603T184936_0711_01/ECOv002_L2T_LSTE_27836_004_12SUB_20230603T184936_0711_01_LST.tif,ECO_L2T_LSTE.002,ECOv002_L2T_LSTE_27836_004_12SUB_20230603T184936_0711_01_LST.tif,2026-06-09,sha256:cd102ad479e1d470987f1a90b557b0cb6e070a0e2e3abfbb2abd21837d151619
https://data.lpdaac.earthdatacloud.nasa.gov/lp-prod-protected/ECO_L2T_LSTE.002/ECOv002_L2T_LSTE_27836_004_12SVB_20230603T184936_0711_01/ECOv002_L2T_LSTE_27836_004_12SVB_20230603T184936_0711_01_water.tif,ECO_L2T_LSTE.002,ECOv002_L2T_LSTE_27836_004_12SVB_20230603T184936_0711_01_water.tif,2026-06-09,sha256:521e3af68173c913d10ec5b9ea79a8fac1f080b332415d27b6a9f26b153bc9ef
https://data.lpdaac.earthdatacloud.nasa.gov/lp-prod-protected/ECO_L2T_LSTE.002/ECOv002_L2T_LSTE_27836_004_12SVB_20230603T184936_0711_01/ECOv002_L2T_LSTE_27836_004_12SVB_20230603T184936_0711_01_cloud.tif,ECO_L2T_LSTE.002,ECOv002_L2T_LSTE_27836_004_12SVB_20230603T184936_0711_01_cloud.tif,2026-06-09,sha256:47f0beda39dd2b9e6d0ee302e6b0872d129fb00ce25d920d6b55824dc0e8bb92
https://data.lpdaac.earthdatacloud.nasa.gov/lp-prod-protected/ECO_L2T_LSTE.002/ECOv002_L2T_LSTE_27836_004_12SVB_20230603T184936_0711_01/ECOv002_L2T_LSTE_27836_004_12SVB_20230603T184936_0711_01_height.tif,ECO_L2T_LSTE.002,ECOv002_L2T_LSTE_27836_004_12SVB_20230603T184936_0711_01_height.tif,2026-06-09,sha256:71bbc55df115a43488207a17c8bc56510d912bd987faf2ae5c1baa52a5488c0e
https://data.lpdaac.earthdatacloud.nasa.gov/lp-prod-protected/ECO_L2T_LSTE.002/ECOv002_L2T_LSTE_27836_004_12SVB_20230603T184936_0711_01/ECOv002_L2T_LSTE_27836_004_12SVB_20230603T184936_0711_01_QC.tif,ECO_L2T_LSTE.002,ECOv002_L2T_LSTE_27836_004_12SVB_20230603T184936_0711_01_QC.tif,2026-06-09,sha256:8c6b7dd438bbc34ba35bcae5f9a9fd68aa88b7ebfc34dddbfa87f0b9a55f4b91
https://data.lpdaac.earthdatacloud.nasa.gov/lp-prod-protected/ECO_L2T_LSTE.002/ECOv002_L2T_LSTE_27836_004_12SVB_20230603T184936_0711_01/ECOv002_L2T_LSTE_27836_004_12SVB_20230603T184936_0711_01_LST.tif,ECO_L2T_LSTE.002,ECOv002_L2T_LSTE_27836_004_12SVB_20230603T184936_0711_01_LST.tif,2026-06-09,sha256:3d8797ba51fa9dcaecd8539e3c9b2ef44c6139ddc5d2348b5d034ec0d6aa130b
https://data.lpdaac.earthdatacloud.nasa.gov/lp-prod-protected/ECO_L2T_LSTE.002/ECOv002_L2T_LSTE_27836_004_12SVC_20230603T184936_0711_01/ECOv002_L2T_LSTE_27836_004_12SVC_20230603T184936_0711_01_water.tif,ECO_L2T_LSTE.002,ECOv002_L2T_LSTE_27836_004_12SVC_20230603T184936_0711_01_water.tif,2026-06-09,sha256:e72dfe0e829629d27a7f927c01a862be17b20b32a49c80922cb4b727d1bbe526
https://data.lpdaac.earthdatacloud.nasa.gov/lp-prod-protected/ECO_L2T_LSTE.002/ECOv002_L2T_LSTE_27836_004_12SVC_20230603T184936_0711_01/ECOv002_L2T_LSTE_27836_004_12SVC_20230603T184936_0711_01_cloud.tif,ECO_L2T_LSTE.002,ECOv002_L2T_LSTE_27836_004_12SVC_20230603T184936_0711_01_cloud.tif,2026-06-09,sha256:cd99b5e9d40d62df41f4e5f214aaa60cf290d936563de9b05f6548315b877295
https://data.lpdaac.earthdatacloud.nasa.gov/lp-prod-protected/ECO_L2T_LSTE.002/ECOv002_L2T_LSTE_27836_004_12SVC_20230603T184936_0711_01/ECOv002_L2T_LSTE_27836_004_12SVC_20230603T184936_0711_01_height.tif,ECO_L2T_LSTE.002,ECOv002_L2T_LSTE_27836_004_12SVC_20230603T184936_0711_01_height.tif,2026-06-09,sha256:579edd86a11dface47db1cb603533b41cc8705e555d073e36681c2fcd20b0a53
https://data.lpdaac.earthdatacloud.nasa.gov/lp-prod-protected/ECO_L2T_LSTE.002/ECOv002_L2T_LSTE_27836_004_12SVC_20230603T184936_0711_01/ECOv002_L2T_LSTE_27836_004_12SVC_20230603T184936_0711_01_QC.tif,ECO_L2T_LSTE.002,ECOv002_L2T_LSTE_27836_004_12SVC_20230603T184936_0711_01_QC.tif,2026-06-09,sha256:2d28bd164410232b02d01661fdd2d21b1e1c96fefa5f86d62551bda229b1ea3f
https://data.lpdaac.earthdatacloud.nasa.gov/lp-prod-protected/ECO_L2T_LSTE.002/ECOv002_L2T_LSTE_27836_004_12SVC_20230603T184936_0711_01/ECOv002_L2T_LSTE_27836_004_12SVC_20230603T184936_0711_01_LST.tif,ECO_L2T_LSTE.002,ECOv002_L2T_LSTE_27836_004_12SVC_20230603T184936_0711_01_LST.tif,2026-06-09,sha256:04cbfb334b17ac5249390f957f8c825b98cd27b67dcce596de8c0f5c12b1cd17
https://data.lpdaac.earthdatacloud.nasa.gov/lp-prod-protected/ECO_L2T_LSTE.002/ECOv002_L2T_LSTE_27897_003_12SVB_20230607T171108_0710_01/ECOv002_L2T_LSTE_27897_003_12SVB_20230607T171108_0710_01_water.tif,ECO_L2T_LSTE.002,ECOv002_L2T_LSTE_27897_003_12SVB_20230607T171108_0710_01_water.tif,2026-06-09,sha256:5330bdd59b721b9812d2cfacc468382dac52d2fcd60ace86d0589db82a6d4135
https://data.lpdaac.earthdatacloud.nasa.gov/lp-prod-protected/ECO_L2T_LSTE.002/ECOv002_L2T_LSTE_27897_003_12SVB_20230607T171108_0710_01/ECOv002_L2T_LSTE_27897_003_12SVB_20230607T171108_0710_01_cloud.tif,ECO_L2T_LSTE.002,ECOv002_L2T_LSTE_27897_003_12SVB_20230607T171108_0710_01_cloud.tif,2026-06-09,sha256:5330bdd59b721b9812d2cfacc468382dac52d2fcd60ace86d0589db82a6d4135
https://data.lpdaac.earthdatacloud.nasa.gov/lp-prod-protected/ECO_L2T_LSTE.002/ECOv002_L2T_LSTE_27897_003_12SVB_20230607T171108_0710_01/ECOv002_L2T_LSTE_27897_003_12SVB_20230607T171108_0710_01_height.tif,ECO_L2T_LSTE.002,ECOv002_L2T_LSTE_27897_003_12SVB_20230607T171108_0710_01_height.tif,2026-06-09,sha256:6c999b720d09080bb0d0e5b56905efebce6fe9e8055df0b67da26c8922b847ec
https://data.lpdaac.earthdatacloud.nasa.gov/lp-prod-protected/ECO_L2T_LSTE.002/ECOv002_L2T_LSTE_27897_003_12SVB_20230607T171108_0710_01/ECOv002_L2T_LSTE_27897_003_12SVB_20230607T171108_0710_01_QC.tif,ECO_L2T_LSTE.002,ECOv002_L2T_LSTE_27897_003_12SVB_20230607T171108_0710_01_QC.tif,2026-06-09,sha256:382c6ff7b5f0c754566bce5496534fef93b043f029d939a364c5c45a6d0b8a87
https://data.lpdaac.earthdatacloud.nasa.gov/lp-prod-protected/ECO_L2T_LSTE.002/ECOv002_L2T_LSTE_27897_003_12SVB_20230607T171108_0710_01/ECOv002_L2T_LSTE_27897_003_12SVB_20230607T171108_0710_01_LST.tif,ECO_L2T_LSTE.002,ECOv002_L2T_LSTE_27897_003_12SVB_20230607T171108_0710_01_LST.tif,2026-06-09,sha256:e82cf912d4ba2e493e65a6101bba1370a0c6a1628de751ff1b92e3d05cfa18f8
https://data.lpdaac.earthdatacloud.nasa.gov/lp-prod-protected/ECO_L2T_LSTE.002/ECOv002_L2T_LSTE_27897_003_12SVB_20230607T171108_0711_02/ECOv002_L2T_LSTE_27897_003_12SVB_20230607T171108_0711_02_water.tif,ECO_L2T_LSTE.002,ECOv002_L2T_LSTE_27897_003_12SVB_20230607T171108_0711_02_water.tif,2026-06-09,sha256:5330bdd59b721b9812d2cfacc468382dac52d2fcd60ace86d0589db82a6d4135
https://data.lpdaac.earthdatacloud.nasa.gov/lp-prod-protected/ECO_L2T_LSTE.002/ECOv002_L2T_LSTE_27897_003_12SVB_20230607T171108_0711_02/ECOv002_L2T_LSTE_27897_003_12SVB_20230607T171108_0711_02_cloud.tif,ECO_L2T_LSTE.002,ECOv002_L2T_LSTE_27897_003_12SVB_20230607T171108_0711_02_cloud.tif,2026-06-09,sha256:5330bdd59b721b9812d2cfacc468382dac52d2fcd60ace86d0589db82a6d4135
https://data.lpdaac.earthdatacloud.nasa.gov/lp-prod-protected/ECO_L2T_LSTE.002/ECOv002_L2T_LSTE_27897_003_12SVB_20230607T171108_0711_02/ECOv002_L2T_LSTE_27897_003_12SVB_20230607T171108_0711_02_height.tif,ECO_L2T_LSTE.002,ECOv002_L2T_LSTE_27897_003_12SVB_20230607T171108_0711_02_height.tif,2026-06-09,sha256:bca72419e6c92b9595db653caeaeb64ebbd41a8cda62eb041abb922a7352f1c1
https://data.lpdaac.earthdatacloud.nasa.gov/lp-prod-protected/ECO_L2T_LSTE.002/ECOv002_L2T_LSTE_27897_003_12SVB_20230607T171108_0711_02/ECOv002_L2T_LSTE_27897_003_12SVB_20230607T171108_0711_02_QC.tif,ECO_L2T_LSTE.002,ECOv002_L2T_LSTE_27897_003_12SVB_20230607T171108_0711_02_QC.tif,2026-06-09,sha256:80945499d80d99813bc46c259bde83dce9f90cca218af85ffbc44a16b3ea07d5
https://data.lpdaac.earthdatacloud.nasa.gov/lp-prod-protected/ECO_L2T_LSTE.002/ECOv002_L2T_LSTE_27897_003_12SVB_20230607T171108_0711_02/ECOv002_L2T_LSTE_27897_003_12SVB_20230607T171108_0711_02_LST.tif,ECO_L2T_LSTE.002,ECOv002_L2T_LSTE_27897_003_12SVB_20230607T171108_0711_02_LST.tif,2026-06-09,sha256:fa49892978d188159b925f8dce67c27258b5fc0a1cbb5f257dd355558fa30d11
https://data.lpdaac.earthdatacloud.nasa.gov/lp-prod-protected/ECO_L2T_LSTE.002/ECOv002_L2T_LSTE_27943_003_12SUB_20230610T162007_0711_01/ECOv002_L2T_LSTE_27943_003_12SUB_20230610T162007_0711_01_water.tif,ECO_L2T_LSTE.002,ECOv002_L2T_LSTE_27943_003_12SUB_20230610T162007_0711_01_water.tif,2026-06-09,sha256:9cdc865da2367352b76e27a168fdffdde477b9b8d77c34a2ad2346d9c143cad1
https://data.lpdaac.earthdatacloud.nasa.gov/lp-prod-protected/ECO_L2T_LSTE.002/ECOv002_L2T_LSTE_27943_003_12SUB_20230610T162007_0711_01/ECOv002_L2T_LSTE_27943_003_12SUB_20230610T162007_0711_01_cloud.tif,ECO_L2T_LSTE.002,ECOv002_L2T_LSTE_27943_003_12SUB_20230610T162007_0711_01_cloud.tif,2026-06-09,sha256:367b1360cdb8429603decaf0835f792c9f4d509ec2e7f417952b54ffe76756c7
https://data.lpdaac.earthdatacloud.nasa.gov/lp-prod-protected/ECO_L2T_LSTE.002/ECOv002_L2T_LSTE_27943_003_12SUB_20230610T162007_0711_01/ECOv002_L2T_LSTE_27943_003_12SUB_20230610T162007_0711_01_height.tif,ECO_L2T_LSTE.002,ECOv002_L2T_LSTE_27943_003_12SUB_20230610T162007_0711_01_height.tif,2026-06-09,sha256:a932cc27905fb7377f2ba6ef27d6948bf6abb089af82262ed0de9ec71f0a788c
https://data.lpdaac.earthdatacloud.nasa.gov/lp-prod-protected/ECO_L2T_LSTE.002/ECOv002_L2T_LSTE_27943_003_12SUB_20230610T162007_0711_01/ECOv002_L2T_LSTE_27943_003_12SUB_20230610T162007_0711_01_QC.tif,ECO_L2T_LSTE.002,ECOv002_L2T_LSTE_27943_003_12SUB_20230610T162007_0711_01_QC.tif,2026-06-09,sha256:9f356af436e474bbd55afe420d9f40a38205a3ca272c27aac03cb647941a5563
https://data.lpdaac.earthdatacloud.nasa.gov/lp-prod-protected/ECO_L2T_LSTE.002/ECOv002_L2T_LSTE_27943_003_12SUB_20230610T162007_0711_01/ECOv002_L2T_LSTE_27943_003_12SUB_20230610T162007_0711_01_LST.tif,ECO_L2T_LSTE.002,ECOv002_L2T_LSTE_27943_003_12SUB_20230610T162007_0711_01_LST.tif,2026-06-09,sha256:061ff0a645dbbf208866c97e200a27bd63545e503001aeffe448ad8df5a6530b
https://data.lpdaac.earthdatacloud.nasa.gov/lp-prod-protected/ECO_L2T_LSTE.002/ECOv002_L2T_LSTE_27943_004_12SVB_20230610T162058_0711_01/ECOv002_L2T_LSTE_27943_004_12SVB_20230610T162058_0711_01_water.tif,ECO_L2T_LSTE.002,ECOv002_L2T_LSTE_27943_004_12SVB_20230610T162058_0711_01_water.tif,2026-06-09,sha256:6db98154f5cca0da8d685f45f3334f88901eb3f958ab3a0d12ac28f7ccf9660e
https://data.lpdaac.earthdatacloud.nasa.gov/lp-prod-protected/ECO_L2T_LSTE.002/ECOv002_L2T_LSTE_27943_004_12SVB_20230610T162058_0711_01/ECOv002_L2T_LSTE_27943_004_12SVB_20230610T162058_0711_01_cloud.tif,ECO_L2T_LSTE.002,ECOv002_L2T_LSTE_27943_004_12SVB_20230610T162058_0711_01_cloud.tif,2026-06-09,sha256:67c956cb08c80078af0915498bcbb036d5c565c05bf648b25b239c4fbaf59364
https://data.lpdaac.earthdatacloud.nasa.gov/lp-prod-protected/ECO_L2T_LSTE.002/ECOv002_L2T_LSTE_27943_004_12SVB_20230610T162058_0711_01/ECOv002_L2T_LSTE_27943_004_12SVB_20230610T162058_0711_01_height.tif,ECO_L2T_LSTE.002,ECOv002_L2T_LSTE_27943_004_12SVB_20230610T162058_0711_01_height.tif,2026-06-09,sha256:9b3d2092391344c16f0a3df848f465f9fac375b6fc8031b0ac405e9140b7517b
https://data.lpdaac.earthdatacloud.nasa.gov/lp-prod-protected/ECO_L2T_LSTE.002/ECOv002_L2T_LSTE_27943_004_12SVB_20230610T162058_0711_01/ECOv002_L2T_LSTE_27943_004_12SVB_20230610T162058_0711_01_QC.tif,ECO_L2T_LSTE.002,ECOv002_L2T_LSTE_27943_004_12SVB_20230610T162058_0711_01_QC.tif,2026-06-09,sha256:90cb15346d998ae40eb5470fbbdacff0e35f729cc0503cb2f31acb4d400274c1
https://data.lpdaac.earthdatacloud.nasa.gov/lp-prod-protected/ECO_L2T_LSTE.002/ECOv002_L2T_LSTE_27943_004_12SVB_20230610T162058_0711_01/ECOv002_L2T_LSTE_27943_004_12SVB_20230610T162058_0711_01_LST.tif,ECO_L2T_LSTE.002,ECOv002_L2T_LSTE_27943_004_12SVB_20230610T162058_0711_01_LST.tif,2026-06-09,sha256:3abdd5ea142312843b40748a5c2b7018790c246958294786e9b1575087401b45
https://data.lpdaac.earthdatacloud.nasa.gov/lp-prod-protected/ECO_L2T_LSTE.002/ECOv002_L2T_LSTE_27943_004_12SUB_20230610T162058_0711_01/ECOv002_L2T_LSTE_27943_004_12SUB_20230610T162058_0711_01_water.tif,ECO_L2T_LSTE.002,ECOv002_L2T_LSTE_27943_004_12SUB_20230610T162058_0711_01_water.tif,2026-06-09,sha256:70a88ad961ee914809f4c13649c4ed858184fe5415e41680931e51251b046929
https://data.lpdaac.earthdatacloud.nasa.gov/lp-prod-protected/ECO_L2T_LSTE.002/ECOv002_L2T_LSTE_27943_004_12SUB_20230610T162058_0711_01/ECOv002_L2T_LSTE_27943_004_12SUB_20230610T162058_0711_01_cloud.tif,ECO_L2T_LSTE.002,ECOv002_L2T_LSTE_27943_004_12SUB_20230610T162058_0711_01_cloud.tif,2026-06-09,sha256:cc8c99f234f3ade2cb87907f332fd887c85cbe5c449d21fd87a58276df291962
https://data.lpdaac.earthdatacloud.nasa.gov/lp-prod-protected/ECO_L2T_LSTE.002/ECOv002_L2T_LSTE_27943_004_12SUB_20230610T162058_0711_01/ECOv002_L2T_LSTE_27943_004_12SUB_20230610T162058_0711_01_height.tif,ECO_L2T_LSTE.002,ECOv002_L2T_LSTE_27943_004_12SUB_20230610T162058_0711_01_height.tif,2026-06-09,sha256:8dc10429fa08b4ef8d4a9b6f1bacfa7ac3821b1c4bb5de52cd03c6e6086c6e3c
https://data.lpdaac.earthdatacloud.nasa.gov/lp-prod-protected/ECO_L2T_LSTE.002/ECOv002_L2T_LSTE_27943_004_12SUB_20230610T162058_0711_01/ECOv002_L2T_LSTE_27943_004_12SUB_20230610T162058_0711_01_QC.tif,ECO_L2T_LSTE.002,ECOv002_L2T_LSTE_27943_004_12SUB_20230610T162058_0711_01_QC.tif,2026-06-09,sha256:a770629fb6b3ab73db791221ac3efa34de10c8d6e5541fdbd201f758da7f1994
https://data.lpdaac.earthdatacloud.nasa.gov/lp-prod-protected/ECO_L2T_LSTE.002/ECOv002_L2T_LSTE_27943_004_12SUB_20230610T162058_0711_01/ECOv002_L2T_LSTE_27943_004_12SUB_20230610T162058_0711_01_LST.tif,ECO_L2T_LSTE.002,ECOv002_L2T_LSTE_27943_004_12SUB_20230610T162058_0711_01_LST.tif,2026-06-09,sha256:336c4338d30f1a56d631e5e0c5301a099c98ea3e5f059efe7aa928deda2636c9
https://data.lpdaac.earthdatacloud.nasa.gov/lp-prod-protected/ECO_L2T_LSTE.002/ECOv002_L2T_LSTE_27943_004_12SVC_20230610T162058_0711_01/ECOv002_L2T_LSTE_27943_004_12SVC_20230610T162058_0711_01_water.tif,ECO_L2T_LSTE.002,ECOv002_L2T_LSTE_27943_004_12SVC_20230610T162058_0711_01_water.tif,2026-06-09,sha256:a99c85ecf017780f6965f3c40478cf62dded4f5d168368428d03023f377e726f
https://data.lpdaac.earthdatacloud.nasa.gov/lp-prod-protected/ECO_L2T_LSTE.002/ECOv002_L2T_LSTE_27943_004_12SVC_20230610T162058_0711_01/ECOv002_L2T_LSTE_27943_004_12SVC_20230610T162058_0711_01_cloud.tif,ECO_L2T_LSTE.002,ECOv002_L2T_LSTE_27943_004_12SVC_20230610T162058_0711_01_cloud.tif,2026-06-09,sha256:b03fc7e8e9396003f919447dd6589492b5c52aa383ed6b56d3c7cce6b66f08f1
https://data.lpdaac.earthdatacloud.nasa.gov/lp-prod-protected/ECO_L2T_LSTE.002/ECOv002_L2T_LSTE_27943_004_12SVC_20230610T162058_0711_01/ECOv002_L2T_LSTE_27943_004_12SVC_20230610T162058_0711_01_height.tif,ECO_L2T_LSTE.002,ECOv002_L2T_LSTE_27943_004_12SVC_20230610T162058_0711_01_height.tif,2026-06-09,sha256:a1e22e75844e593bff15500f48b737c2342ce1c4eff5d56eb3c216add2cc5a0c
https://data.lpdaac.earthdatacloud.nasa.gov/lp-prod-protected/ECO_L2T_LSTE.002/ECOv002_L2T_LSTE_27943_004_12SVC_20230610T162058_0711_01/ECOv002_L2T_LSTE_27943_004_12SVC_20230610T162058_0711_01_QC.tif,ECO_L2T_LSTE.002,ECOv002_L2T_LSTE_27943_004_12SVC_20230610T162058_0711_01_QC.tif,2026-06-09,sha256:7c1170a746882bc759049607653a24826a012a70e7ffc1c3e7c033116367eb70
https://data.lpdaac.earthdatacloud.nasa.gov/lp-prod-protected/ECO_L2T_LSTE.002/ECOv002_L2T_LSTE_27943_004_12SVC_20230610T162058_0711_01/ECOv002_L2T_LSTE_27943_004_12SVC_20230610T162058_0711_01_LST.tif,ECO_L2T_LSTE.002,ECOv002_L2T_LSTE_27943_004_12SVC_20230610T162058_0711_01_LST.tif,2026-06-09,sha256:4fd1ba05115c655f411f258cd796bf84282f2ac4280052a65ccd4e4269592644
https://data.lpdaac.earthdatacloud.nasa.gov/lp-prod-protected/ECO_L2T_LSTE.002/ECOv002_L2T_LSTE_27943_004_12SUC_20230610T162058_0711_01/ECOv002_L2T_LSTE_27943_004_12SUC_20230610T162058_0711_01_water.tif,ECO_L2T_LSTE.002,ECOv002_L2T_LSTE_27943_004_12SUC_20230610T162058_0711_01_water.tif,2026-06-09,sha256:b80905463567a491e8d12271ee856d805cd7fcf0d394be0e3c785c35c5002a2f
https://data.lpdaac.earthdatacloud.nasa.gov/lp-prod-protected/ECO_L2T_LSTE.002/ECOv002_L2T_LSTE_27943_004_12SUC_20230610T162058_0711_01/ECOv002_L2T_LSTE_27943_004_12SUC_20230610T162058_0711_01_cloud.tif,ECO_L2T_LSTE.002,ECOv002_L2T_LSTE_27943_004_12SUC_20230610T162058_0711_01_cloud.tif,2026-06-09,sha256:708ab937c662d8f29e5a53a6331cd9a4294d76b3b095593ea4e5bc5b7c353e10
https://data.lpdaac.earthdatacloud.nasa.gov/lp-prod-protected/ECO_L2T_LSTE.002/ECOv002_L2T_LSTE_27943_004_12SUC_20230610T162058_0711_01/ECOv002_L2T_LSTE_27943_004_12SUC_20230610T162058_0711_01_height.tif,ECO_L2T_LSTE.002,ECOv002_L2T_LSTE_27943_004_12SUC_20230610T162058_0711_01_height.tif,2026-06-09,sha256:32661b51095669348c7d42d6ded471eb71c285a1362af3835ccdb317a99e4a63
https://data.lpdaac.earthdatacloud.nasa.gov/lp-prod-protected/ECO_L2T_LSTE.002/ECOv002_L2T_LSTE_27943_004_12SUC_20230610T162058_0711_01/ECOv002_L2T_LSTE_27943_004_12SUC_20230610T162058_0711_01_QC.tif,ECO_L2T_LSTE.002,ECOv002_L2T_LSTE_27943_004_12SUC_20230610T162058_0711_01_QC.tif,2026-06-09,sha256:693c760c39005ff4432b9f860d174ad1ecdb97004e74c2e9900650330738426b
https://data.lpdaac.earthdatacloud.nasa.gov/lp-prod-protected/ECO_L2T_LSTE.002/ECOv002_L2T_LSTE_27943_004_12SUC_20230610T162058_0711_01/ECOv002_L2T_LSTE_27943_004_12SUC_20230610T162058_0711_01_LST.tif,ECO_L2T_LSTE.002,ECOv002_L2T_LSTE_27943_004_12SUC_20230610T162058_0711_01_LST.tif,2026-06-09,sha256:ae1c5b766162ab0a45eec401a0a1e7c417f67eb421ab0960d52c835855ffc99e
https://data.lpdaac.earthdatacloud.nasa.gov/lp-prod-protected/ECO_L2T_LSTE.002/ECOv002_L2T_LSTE_27963_013_12SVB_20230611T233953_0711_01/ECOv002_L2T_LSTE_27963_013_12SVB_20230611T233953_0711_01_water.tif,ECO_L2T_LSTE.002,ECOv002_L2T_LSTE_27963_013_12SVB_20230611T233953_0711_01_water.tif,2026-06-09,sha256:f50d39ea53769c16cffd4a1b1803099d3330f98200716761d13b0613fcc0353b
https://data.lpdaac.earthdatacloud.nasa.gov/lp-prod-protected/ECO_L2T_LSTE.002/ECOv002_L2T_LSTE_27963_013_12SVB_20230611T233953_0711_01/ECOv002_L2T_LSTE_27963_013_12SVB_20230611T233953_0711_01_cloud.tif,ECO_L2T_LSTE.002,ECOv002_L2T_LSTE_27963_013_12SVB_20230611T233953_0711_01_cloud.tif,2026-06-09,sha256:54193af48a4b9886c375b80ede6f1145132912611925575f517dabc769a04791
https://data.lpdaac.earthdatacloud.nasa.gov/lp-prod-protected/ECO_L2T_LSTE.002/ECOv002_L2T_LSTE_27963_013_12SVB_20230611T233953_0711_01/ECOv002_L2T_LSTE_27963_013_12SVB_20230611T233953_0711_01_height.tif,ECO_L2T_LSTE.002,ECOv002_L2T_LSTE_27963_013_12SVB_20230611T233953_0711_01_height.tif,2026-06-09,sha256:6bdc6210c1e29bdb344bb30c41ce9ce84514b4ae62915dc6793ac622e009c505
https://data.lpdaac.earthdatacloud.nasa.gov/lp-prod-protected/ECO_L2T_LSTE.002/ECOv002_L2T_LSTE_27963_013_12SVB_20230611T233953_0711_01/ECOv002_L2T_LSTE_27963_013_12SVB_20230611T233953_0711_01_QC.tif,ECO_L2T_LSTE.002,ECOv002_L2T_LSTE_27963_013_12SVB_20230611T233953_0711_01_QC.tif,2026-06-09,sha256:980c2e37c0b2c0f0fd3a9b737b68d5f312e3c3379d1ac3922ef0b4ec70fa0035
https://data.lpdaac.earthdatacloud.nasa.gov/lp-prod-protected/ECO_L2T_LSTE.002/ECOv002_L2T_LSTE_27963_013_12SVB_20230611T233953_0711_01/ECOv002_L2T_LSTE_27963_013_12SVB_20230611T233953_0711_01_LST.tif,ECO_L2T_LSTE.002,ECOv002_L2T_LSTE_27963_013_12SVB_20230611T233953_0711_01_LST.tif,2026-06-09,sha256:5c22a3f45a671f27e2912bfee49f9c491fa3fbff731d8ee59074eec7f34d23f1
https://data.lpdaac.earthdatacloud.nasa.gov/lp-prod-protected/ECO_L2T_LSTE.002/ECOv002_L2T_LSTE_27963_013_12SUC_20230611T233953_0711_01/ECOv002_L2T_LSTE_27963_013_12SUC_20230611T233953_0711_01_water.tif,ECO_L2T_LSTE.002,ECOv002_L2T_LSTE_27963_013_12SUC_20230611T233953_0711_01_water.tif,2026-06-09,sha256:08ecf16f2e1582ea3eb1ba4bd21de631a28fba2df43bcf71fc2f6647910cf6b2
https://data.lpdaac.earthdatacloud.nasa.gov/lp-prod-protected/ECO_L2T_LSTE.002/ECOv002_L2T_LSTE_27963_013_12SUC_20230611T233953_0711_01/ECOv002_L2T_LSTE_27963_013_12SUC_20230611T233953_0711_01_cloud.tif,ECO_L2T_LSTE.002,ECOv002_L2T_LSTE_27963_013_12SUC_20230611T233953_0711_01_cloud.tif,2026-06-09,sha256:dc8786f363c60fbb9f4c07f1995e85744bf29ba7b304b5e0328d5e5b86e3844d
https://data.lpdaac.earthdatacloud.nasa.gov/lp-prod-protected/ECO_L2T_LSTE.002/ECOv002_L2T_LSTE_27963_013_12SUC_20230611T233953_0711_01/ECOv002_L2T_LSTE_27963_013_12SUC_20230611T233953_0711_01_height.tif,ECO_L2T_LSTE.002,ECOv002_L2T_LSTE_27963_013_12SUC_20230611T233953_0711_01_height.tif,2026-06-09,sha256:b0e555e447402c15bf4b2c1d265046b108c75d2de4f8470cff00979369e9c684
https://data.lpdaac.earthdatacloud.nasa.gov/lp-prod-protected/ECO_L2T_LSTE.002/ECOv002_L2T_LSTE_27963_013_12SUC_20230611T233953_0711_01/ECOv002_L2T_LSTE_27963_013_12SUC_20230611T233953_0711_01_QC.tif,ECO_L2T_LSTE.002,ECOv002_L2T_LSTE_27963_013_12SUC_20230611T233953_0711_01_QC.tif,2026-06-09,sha256:4c5b79b51d93b024a22cf0b03784798a35821d10a4bca2e0c09a9ea30d5216ff
https://data.lpdaac.earthdatacloud.nasa.gov/lp-prod-protected/ECO_L2T_LSTE.002/ECOv002_L2T_LSTE_27963_013_12SUC_20230611T233953_0711_01/ECOv002_L2T_LSTE_27963_013_12SUC_20230611T233953_0711_01_LST.tif,ECO_L2T_LSTE.002,ECOv002_L2T_LSTE_27963_013_12SUC_20230611T233953_0711_01_LST.tif,2026-06-09,sha256:3c469b885eb99cf56743a7093e76962059e6baa5b80dd654826fc1edfa4e8911
https://data.lpdaac.earthdatacloud.nasa.gov/lp-prod-protected/ECO_L2T_LSTE.002/ECOv002_L2T_LSTE_27963_013_12SVC_20230611T233953_0711_01/ECOv002_L2T_LSTE_27963_013_12SVC_20230611T233953_0711_01_water.tif,ECO_L2T_LSTE.002,ECOv002_L2T_LSTE_27963_013_12SVC_20230611T233953_0711_01_water.tif,2026-06-09,sha256:076bbea2560a9968b0ae46c50065c5e7f6c2ea229535ce720133a92c84b6d003
https://data.lpdaac.earthdatacloud.nasa.gov/lp-prod-protected/ECO_L2T_LSTE.002/ECOv002_L2T_LSTE_27963_013_12SVC_20230611T233953_0711_01/ECOv002_L2T_LSTE_27963_013_12SVC_20230611T233953_0711_01_cloud.tif,ECO_L2T_LSTE.002,ECOv002_L2T_LSTE_27963_013_12SVC_20230611T233953_0711_01_cloud.tif,2026-06-09,sha256:396cc1c73e249863cf2f22a2ca7b824f5a69d2ac9631785b14107686be6e76cc
https://data.lpdaac.earthdatacloud.nasa.gov/lp-prod-protected/ECO_L2T_LSTE.002/ECOv002_L2T_LSTE_27963_013_12SVC_20230611T233953_0711_01/ECOv002_L2T_LSTE_27963_013_12SVC_20230611T233953_0711_01_height.tif,ECO_L2T_LSTE.002,ECOv002_L2T_LSTE_27963_013_12SVC_20230611T233953_0711_01_height.tif,2026-06-09,sha256:a5ab5aac8e4c0b32fd8b650a6cc6d2d3eba72ea7225612741bb85cf334b59caf
https://data.lpdaac.earthdatacloud.nasa.gov/lp-prod-protected/ECO_L2T_LSTE.002/ECOv002_L2T_LSTE_27963_013_12SVC_20230611T233953_0711_01/ECOv002_L2T_LSTE_27963_013_12SVC_20230611T233953_0711_01_QC.tif,ECO_L2T_LSTE.002,ECOv002_L2T_LSTE_27963_013_12SVC_20230611T233953_0711_01_QC.tif,2026-06-09,sha256:ca5498ec7f7f6dbff8399743d4961db8e1b15d1c6a1b4fb508d0b4747b4b1e5f
https://data.lpdaac.earthdatacloud.nasa.gov/lp-prod-protected/ECO_L2T_LSTE.002/ECOv002_L2T_LSTE_27963_013_12SVC_20230611T233953_0711_01/ECOv002_L2T_LSTE_27963_013_12SVC_20230611T233953_0711_01_LST.tif,ECO_L2T_LSTE.002,ECOv002_L2T_LSTE_27963_013_12SVC_20230611T233953_0711_01_LST.tif,2026-06-09,sha256:fc1d6497774f15d29014ffdd7b7b6b2c324a33dbc5a85dccf94e06c4517d5d14
https://data.lpdaac.earthdatacloud.nasa.gov/lp-prod-protected/ECO_L2T_LSTE.002/ECOv002_L2T_LSTE_27963_013_12SUB_20230611T233953_0711_01/ECOv002_L2T_LSTE_27963_013_12SUB_20230611T233953_0711_01_water.tif,ECO_L2T_LSTE.002,ECOv002_L2T_LSTE_27963_013_12SUB_20230611T233953_0711_01_water.tif,2026-06-09,sha256:3a360e5a4aa4126586c08dcb8c531e39095a8f3e5916f3d2a80eca997af164ba
https://data.lpdaac.earthdatacloud.nasa.gov/lp-prod-protected/ECO_L2T_LSTE.002/ECOv002_L2T_LSTE_27963_013_12SUB_20230611T233953_0711_01/ECOv002_L2T_LSTE_27963_013_12SUB_20230611T233953_0711_01_cloud.tif,ECO_L2T_LSTE.002,ECOv002_L2T_LSTE_27963_013_12SUB_20230611T233953_0711_01_cloud.tif,2026-06-09,sha256:61a7616061cfbf2462fed0988fc5f7c79a1f0dd14294121f1773816d7614bf4a
https://data.lpdaac.earthdatacloud.nasa.gov/lp-prod-protected/ECO_L2T_LSTE.002/ECOv002_L2T_LSTE_27963_013_12SUB_20230611T233953_0711_01/ECOv002_L2T_LSTE_27963_013_12SUB_20230611T233953_0711_01_height.tif,ECO_L2T_LSTE.002,ECOv002_L2T_LSTE_27963_013_12SUB_20230611T233953_0711_01_height.tif,2026-06-09,sha256:64ae076556cab78e98012aaa7b3f97555eca44d7aee3e3ae96560dcef2f277d8
https://data.lpdaac.earthdatacloud.nasa.gov/lp-prod-protected/ECO_L2T_LSTE.002/ECOv002_L2T_LSTE_27963_013_12SUB_20230611T233953_0711_01/ECOv002_L2T_LSTE_27963_013_12SUB_20230611T233953_0711_01_QC.tif,ECO_L2T_LSTE.002,ECOv002_L2T_LSTE_27963_013_12SUB_20230611T233953_0711_01_QC.tif,2026-06-09,sha256:a37ca1befdb53fc930a847b886b42a06bdf4ceb4549085704a56a22d11d3e6ae
https://data.lpdaac.earthdatacloud.nasa.gov/lp-prod-protected/ECO_L2T_LSTE.002/ECOv002_L2T_LSTE_27963_013_12SUB_20230611T233953_0711_01/ECOv002_L2T_LSTE_27963_013_12SUB_20230611T233953_0711_01_LST.tif,ECO_L2T_LSTE.002,ECOv002_L2T_LSTE_27963_013_12SUB_20230611T233953_0711_01_LST.tif,2026-06-09,sha256:08cd245069b051cfd08d4c181a46f11d912df3260074c56e64c667c1a0ccd207
https://data.lpdaac.earthdatacloud.nasa.gov/lp-prod-protected/ECO_L2T_LSTE.002/ECOv002_L2T_LSTE_27963_014_12SVC_20230611T234045_0711_01/ECOv002_L2T_LSTE_27963_014_12SVC_20230611T234045_0711_01_water.tif,ECO_L2T_LSTE.002,ECOv002_L2T_LSTE_27963_014_12SVC_20230611T234045_0711_01_water.tif,2026-06-09,sha256:a81cfe53d40a85ba23feca692d7d29687d673a4aa6cb8adfe5e2cc6984ed08a9
https://data.lpdaac.earthdatacloud.nasa.gov/lp-prod-protected/ECO_L2T_LSTE.002/ECOv002_L2T_LSTE_27963_014_12SVC_20230611T234045_0711_01/ECOv002_L2T_LSTE_27963_014_12SVC_20230611T234045_0711_01_cloud.tif,ECO_L2T_LSTE.002,ECOv002_L2T_LSTE_27963_014_12SVC_20230611T234045_0711_01_cloud.tif,2026-06-09,sha256:e8c5ed1041118e703e523ab8385e04e67303576e2d077b16bc73430c44e9c547
https://data.lpdaac.earthdatacloud.nasa.gov/lp-prod-protected/ECO_L2T_LSTE.002/ECOv002_L2T_LSTE_27963_014_12SVC_20230611T234045_0711_01/ECOv002_L2T_LSTE_27963_014_12SVC_20230611T234045_0711_01_height.tif,ECO_L2T_LSTE.002,ECOv002_L2T_LSTE_27963_014_12SVC_20230611T234045_0711_01_height.tif,2026-06-09,sha256:e1546a72778fcb0b4fa8c5fa0ed6aec4f6408142470172ae55732f05a4fb0211
https://data.lpdaac.earthdatacloud.nasa.gov/lp-prod-protected/ECO_L2T_LSTE.002/ECOv002_L2T_LSTE_27963_014_12SVC_20230611T234045_0711_01/ECOv002_L2T_LSTE_27963_014_12SVC_20230611T234045_0711_01_QC.tif,ECO_L2T_LSTE.002,ECOv002_L2T_LSTE_27963_014_12SVC_20230611T234045_0711_01_QC.tif,2026-06-09,sha256:bc8ea8ebfea61dfc243d4fd0b1a1de02fb3b450679d84a398d204f8f4026ddda
https://data.lpdaac.earthdatacloud.nasa.gov/lp-prod-protected/ECO_L2T_LSTE.002/ECOv002_L2T_LSTE_27963_014_12SVC_20230611T234045_0711_01/ECOv002_L2T_LSTE_27963_014_12SVC_20230611T234045_0711_01_LST.tif,ECO_L2T_LSTE.002,ECOv002_L2T_LSTE_27963_014_12SVC_20230611T234045_0711_01_LST.tif,2026-06-09,sha256:8a687f4ed0b6761a33bd0bf5d02464a77144a83f702ddfa41c17a28989518324
https://data.lpdaac.earthdatacloud.nasa.gov/lp-prod-protected/ECO_L2T_LSTE.002/ECOv002_L2T_LSTE_27963_014_12SVB_20230611T234045_0711_01/ECOv002_L2T_LSTE_27963_014_12SVB_20230611T234045_0711_01_water.tif,ECO_L2T_LSTE.002,ECOv002_L2T_LSTE_27963_014_12SVB_20230611T234045_0711_01_water.tif,2026-06-09,sha256:3e0544e75134801fd8db8c6f1584c64a4ac8d05d572d24a0eaa3a60bfad81577
https://data.lpdaac.earthdatacloud.nasa.gov/lp-prod-protected/ECO_L2T_LSTE.002/ECOv002_L2T_LSTE_27963_014_12SVB_20230611T234045_0711_01/ECOv002_L2T_LSTE_27963_014_12SVB_20230611T234045_0711_01_cloud.tif,ECO_L2T_LSTE.002,ECOv002_L2T_LSTE_27963_014_12SVB_20230611T234045_0711_01_cloud.tif,2026-06-09,sha256:cd7b835d5fb61a9441eb58468e65e39cf3eeb94a2e56da5f6e073e57fa6a2076
https://data.lpdaac.earthdatacloud.nasa.gov/lp-prod-protected/ECO_L2T_LSTE.002/ECOv002_L2T_LSTE_27963_014_12SVB_20230611T234045_0711_01/ECOv002_L2T_LSTE_27963_014_12SVB_20230611T234045_0711_01_height.tif,ECO_L2T_LSTE.002,ECOv002_L2T_LSTE_27963_014_12SVB_20230611T234045_0711_01_height.tif,2026-06-09,sha256:c7aede0b38534800db0ef984a107b4b70a6514bc7629055b166bc74f77893d66
https://data.lpdaac.earthdatacloud.nasa.gov/lp-prod-protected/ECO_L2T_LSTE.002/ECOv002_L2T_LSTE_27963_014_12SVB_20230611T234045_0711_01/ECOv002_L2T_LSTE_27963_014_12SVB_20230611T234045_0711_01_QC.tif,ECO_L2T_LSTE.002,ECOv002_L2T_LSTE_27963_014_12SVB_20230611T234045_0711_01_QC.tif,2026-06-09,sha256:be7d6283693fd8d2807b96f242fcc3dff9d73b1f3ce40f0eaeee5a53eca7a04a
https://data.lpdaac.earthdatacloud.nasa.gov/lp-prod-protected/ECO_L2T_LSTE.002/ECOv002_L2T_LSTE_27963_014_12SVB_20230611T234045_0711_01/ECOv002_L2T_LSTE_27963_014_12SVB_20230611T234045_0711_01_LST.tif,ECO_L2T_LSTE.002,ECOv002_L2T_LSTE_27963_014_12SVB_20230611T234045_0711_01_LST.tif,2026-06-09,sha256:58066af6d695150534b3583b809bb8cdef967dd931174e52a29811d6a397ec9d
https://data.lpdaac.earthdatacloud.nasa.gov/lp-prod-protected/ECO_L2T_LSTE.002/ECOv002_L2T_LSTE_27963_014_12SUB_20230611T234045_0711_01/ECOv002_L2T_LSTE_27963_014_12SUB_20230611T234045_0711_01_water.tif,ECO_L2T_LSTE.002,ECOv002_L2T_LSTE_27963_014_12SUB_20230611T234045_0711_01_water.tif,2026-06-09,sha256:12926d44db3ee3fcbab890cac674f9849409445af7a5d5599a008ed2ac1cc1ca
https://data.lpdaac.earthdatacloud.nasa.gov/lp-prod-protected/ECO_L2T_LSTE.002/ECOv002_L2T_LSTE_27963_014_12SUB_20230611T234045_0711_01/ECOv002_L2T_LSTE_27963_014_12SUB_20230611T234045_0711_01_cloud.tif,ECO_L2T_LSTE.002,ECOv002_L2T_LSTE_27963_014_12SUB_20230611T234045_0711_01_cloud.tif,2026-06-09,sha256:c0a6871c697457f7cc4564fbf14c1b5fb560ab525967f01d3627dfc8ebfe5cb4
https://data.lpdaac.earthdatacloud.nasa.gov/lp-prod-protected/ECO_L2T_LSTE.002/ECOv002_L2T_LSTE_27963_014_12SUB_20230611T234045_0711_01/ECOv002_L2T_LSTE_27963_014_12SUB_20230611T234045_0711_01_height.tif,ECO_L2T_LSTE.002,ECOv002_L2T_LSTE_27963_014_12SUB_20230611T234045_0711_01_height.tif,2026-06-09,sha256:5e32db4dec00de9478c7790da9b8250d3a4cd190ac733f9647aac67e3f111bb9
https://data.lpdaac.earthdatacloud.nasa.gov/lp-prod-protected/ECO_L2T_LSTE.002/ECOv002_L2T_LSTE_27963_014_12SUB_20230611T234045_0711_01/ECOv002_L2T_LSTE_27963_014_12SUB_20230611T234045_0711_01_QC.tif,ECO_L2T_LSTE.002,ECOv002_L2T_LSTE_27963_014_12SUB_20230611T234045_0711_01_QC.tif,2026-06-09,sha256:9fe38af186ae6755fe9f1a258c38efcd2c32214db977de6bda3fd28e8da7b5eb
https://data.lpdaac.earthdatacloud.nasa.gov/lp-prod-protected/ECO_L2T_LSTE.002/ECOv002_L2T_LSTE_27963_014_12SUB_20230611T234045_0711_01/ECOv002_L2T_LSTE_27963_014_12SUB_20230611T234045_0711_01_LST.tif,ECO_L2T_LSTE.002,ECOv002_L2T_LSTE_27963_014_12SUB_20230611T234045_0711_01_LST.tif,2026-06-09,sha256:5f5cc58c2c0d1c028444cf728a127a95267606a3e2144bf2779f9498afae4f86
https://data.lpdaac.earthdatacloud.nasa.gov/lp-prod-protected/ECO_L2T_LSTE.002/ECOv002_L2T_LSTE_27989_005_12SUC_20230613T153007_0710_01/ECOv002_L2T_LSTE_27989_005_12SUC_20230613T153007_0710_01_water.tif,ECO_L2T_LSTE.002,ECOv002_L2T_LSTE_27989_005_12SUC_20230613T153007_0710_01_water.tif,2026-06-09,sha256:fcd2a2dbc28b8aa3a1eae2e80e10f26196a820b1b8fdf92ba8e7096da4cef08f
https://data.lpdaac.earthdatacloud.nasa.gov/lp-prod-protected/ECO_L2T_LSTE.002/ECOv002_L2T_LSTE_27989_005_12SUC_20230613T153007_0710_01/ECOv002_L2T_LSTE_27989_005_12SUC_20230613T153007_0710_01_cloud.tif,ECO_L2T_LSTE.002,ECOv002_L2T_LSTE_27989_005_12SUC_20230613T153007_0710_01_cloud.tif,2026-06-09,sha256:fcd2a2dbc28b8aa3a1eae2e80e10f26196a820b1b8fdf92ba8e7096da4cef08f
https://data.lpdaac.earthdatacloud.nasa.gov/lp-prod-protected/ECO_L2T_LSTE.002/ECOv002_L2T_LSTE_27989_005_12SUC_20230613T153007_0710_01/ECOv002_L2T_LSTE_27989_005_12SUC_20230613T153007_0710_01_height.tif,ECO_L2T_LSTE.002,ECOv002_L2T_LSTE_27989_005_12SUC_20230613T153007_0710_01_height.tif,2026-06-09,sha256:86c3b646bc28da0bab857e2fec7a93ad1917608710815ca77924b08f2689d094
https://data.lpdaac.earthdatacloud.nasa.gov/lp-prod-protected/ECO_L2T_LSTE.002/ECOv002_L2T_LSTE_27989_005_12SUC_20230613T153007_0710_01/ECOv002_L2T_LSTE_27989_005_12SUC_20230613T153007_0710_01_QC.tif,ECO_L2T_LSTE.002,ECOv002_L2T_LSTE_27989_005_12SUC_20230613T153007_0710_01_QC.tif,2026-06-09,sha256:57e70747e9e437874b3273d32e62724bb5bd035e7b8730a6ed81fe6900bc5e1b
https://data.lpdaac.earthdatacloud.nasa.gov/lp-prod-protected/ECO_L2T_LSTE.002/ECOv002_L2T_LSTE_27989_005_12SUC_20230613T153007_0710_01/ECOv002_L2T_LSTE_27989_005_12SUC_20230613T153007_0710_01_LST.tif,ECO_L2T_LSTE.002,ECOv002_L2T_LSTE_27989_005_12SUC_20230613T153007_0710_01_LST.tif,2026-06-09,sha256:479b4939c56fdf944dfc0cdbc0d1900c5d4132362da140fd3a51cfb2c8d6ad2b
https://data.lpdaac.earthdatacloud.nasa.gov/lp-prod-protected/ECO_L2T_LSTE.002/ECOv002_L2T_LSTE_27989_005_12SUC_20230613T153007_0711_02/ECOv002_L2T_LSTE_27989_005_12SUC_20230613T153007_0711_02_water.tif,ECO_L2T_LSTE.002,ECOv002_L2T_LSTE_27989_005_12SUC_20230613T153007_0711_02_water.tif,2026-06-09,sha256:fcd2a2dbc28b8aa3a1eae2e80e10f26196a820b1b8fdf92ba8e7096da4cef08f
https://data.lpdaac.earthdatacloud.nasa.gov/lp-prod-protected/ECO_L2T_LSTE.002/ECOv002_L2T_LSTE_27989_005_12SUC_20230613T153007_0711_02/ECOv002_L2T_LSTE_27989_005_12SUC_20230613T153007_0711_02_cloud.tif,ECO_L2T_LSTE.002,ECOv002_L2T_LSTE_27989_005_12SUC_20230613T153007_0711_02_cloud.tif,2026-06-09,sha256:fcd2a2dbc28b8aa3a1eae2e80e10f26196a820b1b8fdf92ba8e7096da4cef08f
https://data.lpdaac.earthdatacloud.nasa.gov/lp-prod-protected/ECO_L2T_LSTE.002/ECOv002_L2T_LSTE_27989_005_12SUC_20230613T153007_0711_02/ECOv002_L2T_LSTE_27989_005_12SUC_20230613T153007_0711_02_height.tif,ECO_L2T_LSTE.002,ECOv002_L2T_LSTE_27989_005_12SUC_20230613T153007_0711_02_height.tif,2026-06-09,sha256:c6ab80fbc06dc932be6a256bc52eac8b6d287f3ea6f1f76abaf4168bfd2d3c8b
https://data.lpdaac.earthdatacloud.nasa.gov/lp-prod-protected/ECO_L2T_LSTE.002/ECOv002_L2T_LSTE_27989_005_12SUC_20230613T153007_0711_02/ECOv002_L2T_LSTE_27989_005_12SUC_20230613T153007_0711_02_QC.tif,ECO_L2T_LSTE.002,ECOv002_L2T_LSTE_27989_005_12SUC_20230613T153007_0711_02_QC.tif,2026-06-09,sha256:7381c57382f192f11fff79fdfb88b8ec59db85e3a0259411bfda4e5bd4522bed
https://data.lpdaac.earthdatacloud.nasa.gov/lp-prod-protected/ECO_L2T_LSTE.002/ECOv002_L2T_LSTE_27989_005_12SUC_20230613T153007_0711_02/ECOv002_L2T_LSTE_27989_005_12SUC_20230613T153007_0711_02_LST.tif,ECO_L2T_LSTE.002,ECOv002_L2T_LSTE_27989_005_12SUC_20230613T153007_0711_02_LST.tif,2026-06-09,sha256:4fb60f8baffd3ba1ca8b3dab8ca496b42f501033ccf9c099120930a8c774f9db
https://data.lpdaac.earthdatacloud.nasa.gov/lp-prod-protected/ECO_L2T_LSTE.002/ECOv002_L2T_LSTE_28004_001_12SVB_20230614T144107_0710_01/ECOv002_L2T_LSTE_28004_001_12SVB_20230614T144107_0710_01_water.tif,ECO_L2T_LSTE.002,ECOv002_L2T_LSTE_28004_001_12SVB_20230614T144107_0710_01_water.tif,2026-06-09,sha256:b229592cacd6b020d330dc3c10bea7ca6b7bc501025384e818233a36a54463e2
https://data.lpdaac.earthdatacloud.nasa.gov/lp-prod-protected/ECO_L2T_LSTE.002/ECOv002_L2T_LSTE_28004_001_12SVB_20230614T144107_0710_01/ECOv002_L2T_LSTE_28004_001_12SVB_20230614T144107_0710_01_cloud.tif,ECO_L2T_LSTE.002,ECOv002_L2T_LSTE_28004_001_12SVB_20230614T144107_0710_01_cloud.tif,2026-06-09,sha256:5368708c21671bd9ffd2bd3860ab18562b08777fb95b1d80378b5856a69a0303
https://data.lpdaac.earthdatacloud.nasa.gov/lp-prod-protected/ECO_L2T_LSTE.002/ECOv002_L2T_LSTE_28004_001_12SVB_20230614T144107_0710_01/ECOv002_L2T_LSTE_28004_001_12SVB_20230614T144107_0710_01_height.tif,ECO_L2T_LSTE.002,ECOv002_L2T_LSTE_28004_001_12SVB_20230614T144107_0710_01_height.tif,2026-06-09,sha256:659497bf2d325407755fe4b08dab40d0ac0d90e85e9210f4cbca0d4c884f33a5
https://data.lpdaac.earthdatacloud.nasa.gov/lp-prod-protected/ECO_L2T_LSTE.002/ECOv002_L2T_LSTE_28004_001_12SVB_20230614T144107_0710_01/ECOv002_L2T_LSTE_28004_001_12SVB_20230614T144107_0710_01_QC.tif,ECO_L2T_LSTE.002,ECOv002_L2T_LSTE_28004_001_12SVB_20230614T144107_0710_01_QC.tif,2026-06-09,sha256:72a998b5d4c6eed4113d5079b55fd8461829f349e5d5d4a75fca1ecb018c3171
https://data.lpdaac.earthdatacloud.nasa.gov/lp-prod-protected/ECO_L2T_LSTE.002/ECOv002_L2T_LSTE_28004_001_12SVB_20230614T144107_0710_01/ECOv002_L2T_LSTE_28004_001_12SVB_20230614T144107_0710_01_LST.tif,ECO_L2T_LSTE.002,ECOv002_L2T_LSTE_28004_001_12SVB_20230614T144107_0710_01_LST.tif,2026-06-09,sha256:1839bdbff759dab2a4b9a8dd31107df0e6e929b8bf864b15618a0d47c5ff1c47
https://data.lpdaac.earthdatacloud.nasa.gov/lp-prod-protected/ECO_L2T_LSTE.002/ECOv002_L2T_LSTE_28004_001_12SUC_20230614T144107_0710_01/ECOv002_L2T_LSTE_28004_001_12SUC_20230614T144107_0710_01_water.tif,ECO_L2T_LSTE.002,ECOv002_L2T_LSTE_28004_001_12SUC_20230614T144107_0710_01_water.tif,2026-06-09,sha256:1870cd3e6ad9b6087ab18bade3b812e54baa4ca7a46164ab32dffebdb18cefe5
https://data.lpdaac.earthdatacloud.nasa.gov/lp-prod-protected/ECO_L2T_LSTE.002/ECOv002_L2T_LSTE_28004_001_12SUC_20230614T144107_0710_01/ECOv002_L2T_LSTE_28004_001_12SUC_20230614T144107_0710_01_cloud.tif,ECO_L2T_LSTE.002,ECOv002_L2T_LSTE_28004_001_12SUC_20230614T144107_0710_01_cloud.tif,2026-06-09,sha256:ef939b338dc06e5ebe917af9c856c5c7e079790e0fd43cdb08d8b5f6b459f7d0
https://data.lpdaac.earthdatacloud.nasa.gov/lp-prod-protected/ECO_L2T_LSTE.002/ECOv002_L2T_LSTE_28004_001_12SUC_20230614T144107_0710_01/ECOv002_L2T_LSTE_28004_001_12SUC_20230614T144107_0710_01_height.tif,ECO_L2T_LSTE.002,ECOv002_L2T_LSTE_28004_001_12SUC_20230614T144107_0710_01_height.tif,2026-06-09,sha256:d79448769d3a8576cff0561bcde3a86e4a990d41cb43280f9eb3c9f9749fb3f3
https://data.lpdaac.earthdatacloud.nasa.gov/lp-prod-protected/ECO_L2T_LSTE.002/ECOv002_L2T_LSTE_28004_001_12SUC_20230614T144107_0710_01/ECOv002_L2T_LSTE_28004_001_12SUC_20230614T144107_0710_01_QC.tif,ECO_L2T_LSTE.002,ECOv002_L2T_LSTE_28004_001_12SUC_20230614T144107_0710_01_QC.tif,2026-06-09,sha256:ad218c0a89b07a598db654bff218bbbff92a1c81c2b832c775004cfb13609bcd
https://data.lpdaac.earthdatacloud.nasa.gov/lp-prod-protected/ECO_L2T_LSTE.002/ECOv002_L2T_LSTE_28004_001_12SUC_20230614T144107_0710_01/ECOv002_L2T_LSTE_28004_001_12SUC_20230614T144107_0710_01_LST.tif,ECO_L2T_LSTE.002,ECOv002_L2T_LSTE_28004_001_12SUC_20230614T144107_0710_01_LST.tif,2026-06-09,sha256:485eeb9965f56be6b3d5ec83acd575dbafaed2e052b6d4c67b8eed69ca6ecade
https://data.lpdaac.earthdatacloud.nasa.gov/lp-prod-protected/ECO_L2T_LSTE.002/ECOv002_L2T_LSTE_28004_001_12SUB_20230614T144107_0710_01/ECOv002_L2T_LSTE_28004_001_12SUB_20230614T144107_0710_01_water.tif,ECO_L2T_LSTE.002,ECOv002_L2T_LSTE_28004_001_12SUB_20230614T144107_0710_01_water.tif,2026-06-09,sha256:baba54892c37df2701098ac04bf1282e63de6b3999b0420970d314471d886896
https://data.lpdaac.earthdatacloud.nasa.gov/lp-prod-protected/ECO_L2T_LSTE.002/ECOv002_L2T_LSTE_28004_001_12SUB_20230614T144107_0710_01/ECOv002_L2T_LSTE_28004_001_12SUB_20230614T144107_0710_01_cloud.tif,ECO_L2T_LSTE.002,ECOv002_L2T_LSTE_28004_001_12SUB_20230614T144107_0710_01_cloud.tif,2026-06-09,sha256:80fe7ab0271ec84453767a2768fe9570bed2f78a17a093ca0a7c9049b380cd99
https://data.lpdaac.earthdatacloud.nasa.gov/lp-prod-protected/ECO_L2T_LSTE.002/ECOv002_L2T_LSTE_28004_001_12SUB_20230614T144107_0710_01/ECOv002_L2T_LSTE_28004_001_12SUB_20230614T144107_0710_01_height.tif,ECO_L2T_LSTE.002,ECOv002_L2T_LSTE_28004_001_12SUB_20230614T144107_0710_01_height.tif,2026-06-09,sha256:bde8e6bb4565b996159947c32dab2b35da0cf62013e203f248860ed87c373ce6
https://data.lpdaac.earthdatacloud.nasa.gov/lp-prod-protected/ECO_L2T_LSTE.002/ECOv002_L2T_LSTE_28004_001_12SUB_20230614T144107_0710_01/ECOv002_L2T_LSTE_28004_001_12SUB_20230614T144107_0710_01_QC.tif,ECO_L2T_LSTE.002,ECOv002_L2T_LSTE_28004_001_12SUB_20230614T144107_0710_01_QC.tif,2026-06-09,sha256:91d7c4482a0aedde927d408f888e777555b147450fc7f1c90b1f4c40e2155e2a
https://data.lpdaac.earthdatacloud.nasa.gov/lp-prod-protected/ECO_L2T_LSTE.002/ECOv002_L2T_LSTE_28004_001_12SUB_20230614T144107_0710_01/ECOv002_L2T_LSTE_28004_001_12SUB_20230614T144107_0710_01_LST.tif,ECO_L2T_LSTE.002,ECOv002_L2T_LSTE_28004_001_12SUB_20230614T144107_0710_01_LST.tif,2026-06-09,sha256:d42eb8430cb3cc2b74f923c62ac9d3ef2834f4c1d6b0b7296dbadf01e749f725
https://data.lpdaac.earthdatacloud.nasa.gov/lp-prod-protected/ECO_L2T_LSTE.002/ECOv002_L2T_LSTE_28004_001_12SVC_20230614T144107_0710_01/ECOv002_L2T_LSTE_28004_001_12SVC_20230614T144107_0710_01_water.tif,ECO_L2T_LSTE.002,ECOv002_L2T_LSTE_28004_001_12SVC_20230614T144107_0710_01_water.tif,2026-06-09,sha256:c34c37db7b3876cb01a62a773971b823a064bbac341c91daf956ad9a132802e3
https://data.lpdaac.earthdatacloud.nasa.gov/lp-prod-protected/ECO_L2T_LSTE.002/ECOv002_L2T_LSTE_28004_001_12SVC_20230614T144107_0710_01/ECOv002_L2T_LSTE_28004_001_12SVC_20230614T144107_0710_01_cloud.tif,ECO_L2T_LSTE.002,ECOv002_L2T_LSTE_28004_001_12SVC_20230614T144107_0710_01_cloud.tif,2026-06-09,sha256:e9d72d0fb119e9e08bd90ea04f3303837a537659e512ad11b40116b6737db4e6
https://data.lpdaac.earthdatacloud.nasa.gov/lp-prod-protected/ECO_L2T_LSTE.002/ECOv002_L2T_LSTE_28004_001_12SVC_20230614T144107_0710_01/ECOv002_L2T_LSTE_28004_001_12SVC_20230614T144107_0710_01_height.tif,ECO_L2T_LSTE.002,ECOv002_L2T_LSTE_28004_001_12SVC_20230614T144107_0710_01_height.tif,2026-06-09,sha256:6e69902ec3ad55ac8bd886e1b0ee9c3325e19631cdf21a6f4e966e1819637563
https://data.lpdaac.earthdatacloud.nasa.gov/lp-prod-protected/ECO_L2T_LSTE.002/ECOv002_L2T_LSTE_28004_001_12SVC_20230614T144107_0710_01/ECOv002_L2T_LSTE_28004_001_12SVC_20230614T144107_0710_01_QC.tif,ECO_L2T_LSTE.002,ECOv002_L2T_LSTE_28004_001_12SVC_20230614T144107_0710_01_QC.tif,2026-06-09,sha256:1827a8556113a1560248146dfbd0617bb751900e9de01afeab24b1e5aa7240da
https://data.lpdaac.earthdatacloud.nasa.gov/lp-prod-protected/ECO_L2T_LSTE.002/ECOv002_L2T_LSTE_28004_001_12SVC_20230614T144107_0710_01/ECOv002_L2T_LSTE_28004_001_12SVC_20230614T144107_0710_01_LST.tif,ECO_L2T_LSTE.002,ECOv002_L2T_LSTE_28004_001_12SVC_20230614T144107_0710_01_LST.tif,2026-06-09,sha256:6deb0c15608122edf09f8a37667b5a590ed294bbc17d3dbb89086c951d7cd0d2
https://data.lpdaac.earthdatacloud.nasa.gov/lp-prod-protected/ECO_L2T_LSTE.002/ECOv002_L2T_LSTE_28004_001_12SUC_20230614T144107_0711_02/ECOv002_L2T_LSTE_28004_001_12SUC_20230614T144107_0711_02_water.tif,ECO_L2T_LSTE.002,ECOv002_L2T_LSTE_28004_001_12SUC_20230614T144107_0711_02_water.tif,2026-06-09,sha256:2ad066d4e9894e1b74cf971c998f262755aecaf0eab2e3e440db13039189bf27
https://data.lpdaac.earthdatacloud.nasa.gov/lp-prod-protected/ECO_L2T_LSTE.002/ECOv002_L2T_LSTE_28004_001_12SUC_20230614T144107_0711_02/ECOv002_L2T_LSTE_28004_001_12SUC_20230614T144107_0711_02_cloud.tif,ECO_L2T_LSTE.002,ECOv002_L2T_LSTE_28004_001_12SUC_20230614T144107_0711_02_cloud.tif,2026-06-09,sha256:ca929afeff511c2c61ae2aa02d6454f47854c02589f3e18149651a28c3404198
https://data.lpdaac.earthdatacloud.nasa.gov/lp-prod-protected/ECO_L2T_LSTE.002/ECOv002_L2T_LSTE_28004_001_12SUC_20230614T144107_0711_02/ECOv002_L2T_LSTE_28004_001_12SUC_20230614T144107_0711_02_height.tif,ECO_L2T_LSTE.002,ECOv002_L2T_LSTE_28004_001_12SUC_20230614T144107_0711_02_height.tif,2026-06-09,sha256:7c0061931b712794b0324c8cef0be0d15fb8334c7afe6c9980b2f6d2192bd639
https://data.lpdaac.earthdatacloud.nasa.gov/lp-prod-protected/ECO_L2T_LSTE.002/ECOv002_L2T_LSTE_28004_001_12SUC_20230614T144107_0711_02/ECOv002_L2T_LSTE_28004_001_12SUC_20230614T144107_0711_02_QC.tif,ECO_L2T_LSTE.002,ECOv002_L2T_LSTE_28004_001_12SUC_20230614T144107_0711_02_QC.tif,2026-06-09,sha256:31fa85ed09ec1ed30d2a1e844dceac85873b6c3336792813a67c52c4d4886aee
https://data.lpdaac.earthdatacloud.nasa.gov/lp-prod-protected/ECO_L2T_LSTE.002/ECOv002_L2T_LSTE_28004_001_12SUC_20230614T144107_0711_02/ECOv002_L2T_LSTE_28004_001_12SUC_20230614T144107_0711_02_LST.tif,ECO_L2T_LSTE.002,ECOv002_L2T_LSTE_28004_001_12SUC_20230614T144107_0711_02_LST.tif,2026-06-09,sha256:9a80dd6250adf5b274ccab418922ca90952ff9653086329934e54ce070b158b6
https://data.lpdaac.earthdatacloud.nasa.gov/lp-prod-protected/ECO_L2T_LSTE.002/ECOv002_L2T_LSTE_28004_001_12SUB_20230614T144107_0711_02/ECOv002_L2T_LSTE_28004_001_12SUB_20230614T144107_0711_02_water.tif,ECO_L2T_LSTE.002,ECOv002_L2T_LSTE_28004_001_12SUB_20230614T144107_0711_02_water.tif,2026-06-09,sha256:30f3f0c65986cca3c537db69afc46c6d6bf4ece49f9d50ad6c14e488ad203831
https://data.lpdaac.earthdatacloud.nasa.gov/lp-prod-protected/ECO_L2T_LSTE.002/ECOv002_L2T_LSTE_28004_001_12SUB_20230614T144107_0711_02/ECOv002_L2T_LSTE_28004_001_12SUB_20230614T144107_0711_02_cloud.tif,ECO_L2T_LSTE.002,ECOv002_L2T_LSTE_28004_001_12SUB_20230614T144107_0711_02_cloud.tif,2026-06-09,sha256:93d970f96477b6728d2f999b2ffda3b880148fd3d2ed3a82e778f748e79b56a6
https://data.lpdaac.earthdatacloud.nasa.gov/lp-prod-protected/ECO_L2T_LSTE.002/ECOv002_L2T_LSTE_28004_001_12SUB_20230614T144107_0711_02/ECOv002_L2T_LSTE_28004_001_12SUB_20230614T144107_0711_02_height.tif,ECO_L2T_LSTE.002,ECOv002_L2T_LSTE_28004_001_12SUB_20230614T144107_0711_02_height.tif,2026-06-09,sha256:82460b6a173b3e9d0f9a7fed27bd99e18a710faf71efa3473c6af892d01cf142
https://data.lpdaac.earthdatacloud.nasa.gov/lp-prod-protected/ECO_L2T_LSTE.002/ECOv002_L2T_LSTE_28004_001_12SUB_20230614T144107_0711_02/ECOv002_L2T_LSTE_28004_001_12SUB_20230614T144107_0711_02_QC.tif,ECO_L2T_LSTE.002,ECOv002_L2T_LSTE_28004_001_12SUB_20230614T144107_0711_02_QC.tif,2026-06-09,sha256:6d374604118a4f0108a5bfb16dff7f239006a21ff4d9669417d50e965090e2f6
https://data.lpdaac.earthdatacloud.nasa.gov/lp-prod-protected/ECO_L2T_LSTE.002/ECOv002_L2T_LSTE_28004_001_12SUB_20230614T144107_0711_02/ECOv002_L2T_LSTE_28004_001_12SUB_20230614T144107_0711_02_LST.tif,ECO_L2T_LSTE.002,ECOv002_L2T_LSTE_28004_001_12SUB_20230614T144107_0711_02_LST.tif,2026-06-09,sha256:9e28236a0333d5d48afd21e0983891a3c338ce1877bd82a089b956056a1215ce
https://data.lpdaac.earthdatacloud.nasa.gov/lp-prod-protected/ECO_L2T_LSTE.002/ECOv002_L2T_LSTE_28004_001_12SVC_20230614T144107_0711_02/ECOv002_L2T_LSTE_28004_001_12SVC_20230614T144107_0711_02_water.tif,ECO_L2T_LSTE.002,ECOv002_L2T_LSTE_28004_001_12SVC_20230614T144107_0711_02_water.tif,2026-06-09,sha256:7b2924ca890f10cd499180c8edd8656a20ed78bbde65c2ea62b1e51dea4d579f
https://data.lpdaac.earthdatacloud.nasa.gov/lp-prod-protected/ECO_L2T_LSTE.002/ECOv002_L2T_LSTE_28004_001_12SVC_20230614T144107_0711_02/ECOv002_L2T_LSTE_28004_001_12SVC_20230614T144107_0711_02_cloud.tif,ECO_L2T_LSTE.002,ECOv002_L2T_LSTE_28004_001_12SVC_20230614T144107_0711_02_cloud.tif,2026-06-09,sha256:600abdfc2eb0b84f86b1483e2eaf0ee4126ec95b2739d2a5231abce28e9032d0
https://data.lpdaac.earthdatacloud.nasa.gov/lp-prod-protected/ECO_L2T_LSTE.002/ECOv002_L2T_LSTE_28004_001_12SVC_20230614T144107_0711_02/ECOv002_L2T_LSTE_28004_001_12SVC_20230614T144107_0711_02_height.tif,ECO_L2T_LSTE.002,ECOv002_L2T_LSTE_28004_001_12SVC_20230614T144107_0711_02_height.tif,2026-06-09,sha256:ea06759df1d293d711ff0a6a2cf80504995051785a7fdc0169fc960684ddb2aa
https://data.lpdaac.earthdatacloud.nasa.gov/lp-prod-protected/ECO_L2T_LSTE.002/ECOv002_L2T_LSTE_28004_001_12SVC_20230614T144107_0711_02/ECOv002_L2T_LSTE_28004_001_12SVC_20230614T144107_0711_02_QC.tif,ECO_L2T_LSTE.002,ECOv002_L2T_LSTE_28004_001_12SVC_20230614T144107_0711_02_QC.tif,2026-06-09,sha256:0f8deb878be78e2109070a078666c86545f8ceeba3153818da6357b4980fa0d2
https://data.lpdaac.earthdatacloud.nasa.gov/lp-prod-protected/ECO_L2T_LSTE.002/ECOv002_L2T_LSTE_28004_001_12SVC_20230614T144107_0711_02/ECOv002_L2T_LSTE_28004_001_12SVC_20230614T144107_0711_02_LST.tif,ECO_L2T_LSTE.002,ECOv002_L2T_LSTE_28004_001_12SVC_20230614T144107_0711_02_LST.tif,2026-06-09,sha256:d7892f724497aafba020b57a6a51230caf54eea81a7d87d8908b4cdc295b02eb
https://data.lpdaac.earthdatacloud.nasa.gov/lp-prod-protected/ECO_L2T_LSTE.002/ECOv002_L2T_LSTE_28004_001_12SVB_20230614T144107_0711_02/ECOv002_L2T_LSTE_28004_001_12SVB_20230614T144107_0711_02_water.tif,ECO_L2T_LSTE.002,ECOv002_L2T_LSTE_28004_001_12SVB_20230614T144107_0711_02_water.tif,2026-06-09,sha256:e9d164e37f5f6410ea3ce52d9117450a4990d6dc2669b006807e76ff07793887
https://data.lpdaac.earthdatacloud.nasa.gov/lp-prod-protected/ECO_L2T_LSTE.002/ECOv002_L2T_LSTE_28004_001_12SVB_20230614T144107_0711_02/ECOv002_L2T_LSTE_28004_001_12SVB_20230614T144107_0711_02_cloud.tif,ECO_L2T_LSTE.002,ECOv002_L2T_LSTE_28004_001_12SVB_20230614T144107_0711_02_cloud.tif,2026-06-09,sha256:26c4a0273696cc2f072b0aa969f98ea3bf08229eb6ba891acbfd911059833ef7
https://data.lpdaac.earthdatacloud.nasa.gov/lp-prod-protected/ECO_L2T_LSTE.002/ECOv002_L2T_LSTE_28004_001_12SVB_20230614T144107_0711_02/ECOv002_L2T_LSTE_28004_001_12SVB_20230614T144107_0711_02_height.tif,ECO_L2T_LSTE.002,ECOv002_L2T_LSTE_28004_001_12SVB_20230614T144107_0711_02_height.tif,2026-06-09,sha256:8eec496f44e1c83323aef913300dd1e4e2c43e65b9607ab7da4a6f9d81366d27
https://data.lpdaac.earthdatacloud.nasa.gov/lp-prod-protected/ECO_L2T_LSTE.002/ECOv002_L2T_LSTE_28004_001_12SVB_20230614T144107_0711_02/ECOv002_L2T_LSTE_28004_001_12SVB_20230614T144107_0711_02_QC.tif,ECO_L2T_LSTE.002,ECOv002_L2T_LSTE_28004_001_12SVB_20230614T144107_0711_02_QC.tif,2026-06-09,sha256:c3055635a17205dadce929366114839eeb64bcb3f3e36fb233ee524f678e8710
https://data.lpdaac.earthdatacloud.nasa.gov/lp-prod-protected/ECO_L2T_LSTE.002/ECOv002_L2T_LSTE_28004_001_12SVB_20230614T144107_0711_02/ECOv002_L2T_LSTE_28004_001_12SVB_20230614T144107_0711_02_LST.tif,ECO_L2T_LSTE.002,ECOv002_L2T_LSTE_28004_001_12SVB_20230614T144107_0711_02_LST.tif,2026-06-09,sha256:46136a3c4ef165740f1fea34e0453cb69da1cd292d32e43cc451b1b4504cf78a
https://data.lpdaac.earthdatacloud.nasa.gov/lp-prod-protected/ECO_L2T_LSTE.002/ECOv002_L2T_LSTE_28004_002_12SVC_20230614T144159_0710_01/ECOv002_L2T_LSTE_28004_002_12SVC_20230614T144159_0710_01_water.tif,ECO_L2T_LSTE.002,ECOv002_L2T_LSTE_28004_002_12SVC_20230614T144159_0710_01_water.tif,2026-06-09,sha256:d44e2aa4b84ed645429bf72976d044d8174b3cb68fb2f69b45de3e2efa693bbf
https://data.lpdaac.earthdatacloud.nasa.gov/lp-prod-protected/ECO_L2T_LSTE.002/ECOv002_L2T_LSTE_28004_002_12SVC_20230614T144159_0710_01/ECOv002_L2T_LSTE_28004_002_12SVC_20230614T144159_0710_01_cloud.tif,ECO_L2T_LSTE.002,ECOv002_L2T_LSTE_28004_002_12SVC_20230614T144159_0710_01_cloud.tif,2026-06-09,sha256:f07141284c94cb018fc4f13b6509b52b43fde0abdb7ab7a320f233b97c6608df
https://data.lpdaac.earthdatacloud.nasa.gov/lp-prod-protected/ECO_L2T_LSTE.002/ECOv002_L2T_LSTE_28004_002_12SVC_20230614T144159_0710_01/ECOv002_L2T_LSTE_28004_002_12SVC_20230614T144159_0710_01_height.tif,ECO_L2T_LSTE.002,ECOv002_L2T_LSTE_28004_002_12SVC_20230614T144159_0710_01_height.tif,2026-06-09,sha256:8bd3f9f45434b5f0a4e55cdc2d6c6a9b14b45d1c68b44c3b8a92d080425b3d70
https://data.lpdaac.earthdatacloud.nasa.gov/lp-prod-protected/ECO_L2T_LSTE.002/ECOv002_L2T_LSTE_28004_002_12SVC_20230614T144159_0710_01/ECOv002_L2T_LSTE_28004_002_12SVC_20230614T144159_0710_01_QC.tif,ECO_L2T_LSTE.002,ECOv002_L2T_LSTE_28004_002_12SVC_20230614T144159_0710_01_QC.tif,2026-06-09,sha256:1d8d565ab768d68c494d424e2b3fe23cf780dcfb3a0793e99057649b99b5e135
https://data.lpdaac.earthdatacloud.nasa.gov/lp-prod-protected/ECO_L2T_LSTE.002/ECOv002_L2T_LSTE_28004_002_12SVC_20230614T144159_0710_01/ECOv002_L2T_LSTE_28004_002_12SVC_20230614T144159_0710_01_LST.tif,ECO_L2T_LSTE.002,ECOv002_L2T_LSTE_28004_002_12SVC_20230614T144159_0710_01_LST.tif,2026-06-09,sha256:c5fed806d8b0934634b3565c26ea86e34ec4773a7eecb86ccb55e08509680d34
https://data.lpdaac.earthdatacloud.nasa.gov/lp-prod-protected/ECO_L2T_LSTE.002/ECOv002_L2T_LSTE_28004_002_12SVC_20230614T144159_0711_02/ECOv002_L2T_LSTE_28004_002_12SVC_20230614T144159_0711_02_water.tif,ECO_L2T_LSTE.002,ECOv002_L2T_LSTE_28004_002_12SVC_20230614T144159_0711_02_water.tif,2026-06-09,sha256:262cd76bdbc2f91c36f1515093455f2b0957b2210bb7efe63511f2f7b824a246
https://data.lpdaac.earthdatacloud.nasa.gov/lp-prod-protected/ECO_L2T_LSTE.002/ECOv002_L2T_LSTE_28004_002_12SVC_20230614T144159_0711_02/ECOv002_L2T_LSTE_28004_002_12SVC_20230614T144159_0711_02_cloud.tif,ECO_L2T_LSTE.002,ECOv002_L2T_LSTE_28004_002_12SVC_20230614T144159_0711_02_cloud.tif,2026-06-09,sha256:cc8b129c241d7971a95ec502baa402004cac93c64de075522eb26c80a0b3edac
https://data.lpdaac.earthdatacloud.nasa.gov/lp-prod-protected/ECO_L2T_LSTE.002/ECOv002_L2T_LSTE_28004_002_12SVC_20230614T144159_0711_02/ECOv002_L2T_LSTE_28004_002_12SVC_20230614T144159_0711_02_height.tif,ECO_L2T_LSTE.002,ECOv002_L2T_LSTE_28004_002_12SVC_20230614T144159_0711_02_height.tif,2026-06-09,sha256:151c750e4fd004ca6a36777b63744f7b4309421c862db8a39d5aff79df1976d5
https://data.lpdaac.earthdatacloud.nasa.gov/lp-prod-protected/ECO_L2T_LSTE.002/ECOv002_L2T_LSTE_28004_002_12SVC_20230614T144159_0711_02/ECOv002_L2T_LSTE_28004_002_12SVC_20230614T144159_0711_02_QC.tif,ECO_L2T_LSTE.002,ECOv002_L2T_LSTE_28004_002_12SVC_20230614T144159_0711_02_QC.tif,2026-06-09,sha256:d049605df20071f1966749d9cdbba285ec668f7010bd6beca5140b7d1474431c
https://data.lpdaac.earthdatacloud.nasa.gov/lp-prod-protected/ECO_L2T_LSTE.002/ECOv002_L2T_LSTE_28004_002_12SVC_20230614T144159_0711_02/ECOv002_L2T_LSTE_28004_002_12SVC_20230614T144159_0711_02_LST.tif,ECO_L2T_LSTE.002,ECOv002_L2T_LSTE_28004_002_12SVC_20230614T144159_0711_02_LST.tif,2026-06-09,sha256:2de128ad093f575c734a52d65e95ee72b35319bd575f2275ffb4a8fe84be9c77
https://data.lpdaac.earthdatacloud.nasa.gov/lp-prod-protected/ECO_L2T_LSTE.002/ECOv002_L2T_LSTE_28009_015_12SUB_20230614T224937_0710_01/ECOv002_L2T_LSTE_28009_015_12SUB_20230614T224937_0710_01_water.tif,ECO_L2T_LSTE.002,ECOv002_L2T_LSTE_28009_015_12SUB_20230614T224937_0710_01_water.tif,2026-06-09,sha256:12926d44db3ee3fcbab890cac674f9849409445af7a5d5599a008ed2ac1cc1ca
https://data.lpdaac.earthdatacloud.nasa.gov/lp-prod-protected/ECO_L2T_LSTE.002/ECOv002_L2T_LSTE_28009_015_12SUB_20230614T224937_0710_01/ECOv002_L2T_LSTE_28009_015_12SUB_20230614T224937_0710_01_cloud.tif,ECO_L2T_LSTE.002,ECOv002_L2T_LSTE_28009_015_12SUB_20230614T224937_0710_01_cloud.tif,2026-06-09,sha256:12926d44db3ee3fcbab890cac674f9849409445af7a5d5599a008ed2ac1cc1ca
https://data.lpdaac.earthdatacloud.nasa.gov/lp-prod-protected/ECO_L2T_LSTE.002/ECOv002_L2T_LSTE_28009_015_12SUB_20230614T224937_0710_01/ECOv002_L2T_LSTE_28009_015_12SUB_20230614T224937_0710_01_height.tif,ECO_L2T_LSTE.002,ECOv002_L2T_LSTE_28009_015_12SUB_20230614T224937_0710_01_height.tif,2026-06-09,sha256:ec6482054067129ec5a4ebacc65aa7c897e1d1c812cc388380ea636ed41684f9
https://data.lpdaac.earthdatacloud.nasa.gov/lp-prod-protected/ECO_L2T_LSTE.002/ECOv002_L2T_LSTE_28009_015_12SUB_20230614T224937_0710_01/ECOv002_L2T_LSTE_28009_015_12SUB_20230614T224937_0710_01_QC.tif,ECO_L2T_LSTE.002,ECOv002_L2T_LSTE_28009_015_12SUB_20230614T224937_0710_01_QC.tif,2026-06-09,sha256:8a15fc7937d59a4520e6f605dcdd314b5e1481486c5211f711de263a0619f40d
https://data.lpdaac.earthdatacloud.nasa.gov/lp-prod-protected/ECO_L2T_LSTE.002/ECOv002_L2T_LSTE_28009_015_12SUB_20230614T224937_0710_01/ECOv002_L2T_LSTE_28009_015_12SUB_20230614T224937_0710_01_LST.tif,ECO_L2T_LSTE.002,ECOv002_L2T_LSTE_28009_015_12SUB_20230614T224937_0710_01_LST.tif,2026-06-09,sha256:207928a2c64f1e119462039b5b362d7d6f1442716252c58d5776b5e745ea9ff0
https://data.lpdaac.earthdatacloud.nasa.gov/lp-prod-protected/ECO_L2T_LSTE.002/ECOv002_L2T_LSTE_28009_015_12SUB_20230614T224937_0711_02/ECOv002_L2T_LSTE_28009_015_12SUB_20230614T224937_0711_02_water.tif,ECO_L2T_LSTE.002,ECOv002_L2T_LSTE_28009_015_12SUB_20230614T224937_0711_02_water.tif,2026-06-09,sha256:12926d44db3ee3fcbab890cac674f9849409445af7a5d5599a008ed2ac1cc1ca
https://data.lpdaac.earthdatacloud.nasa.gov/lp-prod-protected/ECO_L2T_LSTE.002/ECOv002_L2T_LSTE_28009_015_12SUB_20230614T224937_0711_02/ECOv002_L2T_LSTE_28009_015_12SUB_20230614T224937_0711_02_cloud.tif,ECO_L2T_LSTE.002,ECOv002_L2T_LSTE_28009_015_12SUB_20230614T224937_0711_02_cloud.tif,2026-06-09,sha256:12926d44db3ee3fcbab890cac674f9849409445af7a5d5599a008ed2ac1cc1ca
https://data.lpdaac.earthdatacloud.nasa.gov/lp-prod-protected/ECO_L2T_LSTE.002/ECOv002_L2T_LSTE_28009_015_12SUB_20230614T224937_0711_02/ECOv002_L2T_LSTE_28009_015_12SUB_20230614T224937_0711_02_height.tif,ECO_L2T_LSTE.002,ECOv002_L2T_LSTE_28009_015_12SUB_20230614T224937_0711_02_height.tif,2026-06-09,sha256:b23760e9f5721bbe34571ecd3c2fe77c82c9ff9625dfa51f2f0ce77391900264
https://data.lpdaac.earthdatacloud.nasa.gov/lp-prod-protected/ECO_L2T_LSTE.002/ECOv002_L2T_LSTE_28009_015_12SUB_20230614T224937_0711_02/ECOv002_L2T_LSTE_28009_015_12SUB_20230614T224937_0711_02_QC.tif,ECO_L2T_LSTE.002,ECOv002_L2T_LSTE_28009_015_12SUB_20230614T224937_0711_02_QC.tif,2026-06-09,sha256:780f964fe8756159b0b28ed93b043e1db0dd713ac132772a718cafd476ebff8c
https://data.lpdaac.earthdatacloud.nasa.gov/lp-prod-protected/ECO_L2T_LSTE.002/ECOv002_L2T_LSTE_28009_015_12SUB_20230614T224937_0711_02/ECOv002_L2T_LSTE_28009_015_12SUB_20230614T224937_0711_02_LST.tif,ECO_L2T_LSTE.002,ECOv002_L2T_LSTE_28009_015_12SUB_20230614T224937_0711_02_LST.tif,2026-06-09,sha256:04f6b1f7fa3e528e2816e803e250785fdae7fb82b551b7c686871f2568d41e75
https://data.lpdaac.earthdatacloud.nasa.gov/lp-prod-protected/ECO_L2T_LSTE.002/ECOv002_L2T_LSTE_28024_012_12SUB_20230615T220038_0710_01/ECOv002_L2T_LSTE_28024_012_12SUB_20230615T220038_0710_01_water.tif,ECO_L2T_LSTE.002,ECOv002_L2T_LSTE_28024_012_12SUB_20230615T220038_0710_01_water.tif,2026-06-09,sha256:621f4674cea4599fb53e2e94fac6abf30bb72621c880e93a3b9445e3a7d77b93
https://data.lpdaac.earthdatacloud.nasa.gov/lp-prod-protected/ECO_L2T_LSTE.002/ECOv002_L2T_LSTE_28024_012_12SUB_20230615T220038_0710_01/ECOv002_L2T_LSTE_28024_012_12SUB_20230615T220038_0710_01_cloud.tif,ECO_L2T_LSTE.002,ECOv002_L2T_LSTE_28024_012_12SUB_20230615T220038_0710_01_cloud.tif,2026-06-09,sha256:6f00458095cf53731f683e34d6543cc8dceb7b5e136e5c3e6a02a55a6836282e
https://data.lpdaac.earthdatacloud.nasa.gov/lp-prod-protected/ECO_L2T_LSTE.002/ECOv002_L2T_LSTE_28024_012_12SUB_20230615T220038_0710_01/ECOv002_L2T_LSTE_28024_012_12SUB_20230615T220038_0710_01_height.tif,ECO_L2T_LSTE.002,ECOv002_L2T_LSTE_28024_012_12SUB_20230615T220038_0710_01_height.tif,2026-06-09,sha256:19703b0dd3d141bae55ddf9393203dcb7cf3488f32885251eb513e9eaed45864
https://data.lpdaac.earthdatacloud.nasa.gov/lp-prod-protected/ECO_L2T_LSTE.002/ECOv002_L2T_LSTE_28024_012_12SUB_20230615T220038_0710_01/ECOv002_L2T_LSTE_28024_012_12SUB_20230615T220038_0710_01_QC.tif,ECO_L2T_LSTE.002,ECOv002_L2T_LSTE_28024_012_12SUB_20230615T220038_0710_01_QC.tif,2026-06-09,sha256:be59da50e2afe8316afc5996e716794a92eb175bf8bf839912c8cffc819be73e
https://data.lpdaac.earthdatacloud.nasa.gov/lp-prod-protected/ECO_L2T_LSTE.002/ECOv002_L2T_LSTE_28024_012_12SUB_20230615T220038_0710_01/ECOv002_L2T_LSTE_28024_012_12SUB_20230615T220038_0710_01_LST.tif,ECO_L2T_LSTE.002,ECOv002_L2T_LSTE_28024_012_12SUB_20230615T220038_0710_01_LST.tif,2026-06-09,sha256:e5535c4310acb992e765c0292a7810a2d1788434df999e99ee79c9d7074e1dee
https://data.lpdaac.earthdatacloud.nasa.gov/lp-prod-protected/ECO_L2T_LSTE.002/ECOv002_L2T_LSTE_28024_012_12SUC_20230615T220038_0710_01/ECOv002_L2T_LSTE_28024_012_12SUC_20230615T220038_0710_01_water.tif,ECO_L2T_LSTE.002,ECOv002_L2T_LSTE_28024_012_12SUC_20230615T220038_0710_01_water.tif,2026-06-09,sha256:def48880b8d26093708515514144844f33d622195c92b7d9bb4a0cb0256bbc3d
https://data.lpdaac.earthdatacloud.nasa.gov/lp-prod-protected/ECO_L2T_LSTE.002/ECOv002_L2T_LSTE_28024_012_12SUC_20230615T220038_0710_01/ECOv002_L2T_LSTE_28024_012_12SUC_20230615T220038_0710_01_cloud.tif,ECO_L2T_LSTE.002,ECOv002_L2T_LSTE_28024_012_12SUC_20230615T220038_0710_01_cloud.tif,2026-06-09,sha256:82e3fa84bb2c554a78e1e6bd0e9f43d1510eb55a76edf8a36a976fb979bf0029
https://data.lpdaac.earthdatacloud.nasa.gov/lp-prod-protected/ECO_L2T_LSTE.002/ECOv002_L2T_LSTE_28024_012_12SUC_20230615T220038_0710_01/ECOv002_L2T_LSTE_28024_012_12SUC_20230615T220038_0710_01_height.tif,ECO_L2T_LSTE.002,ECOv002_L2T_LSTE_28024_012_12SUC_20230615T220038_0710_01_height.tif,2026-06-09,sha256:1e6ae446d245f342a134e18c5c9870af4b57bb1f3ab1a80eb58da1a691d5e9d5
https://data.lpdaac.earthdatacloud.nasa.gov/lp-prod-protected/ECO_L2T_LSTE.002/ECOv002_L2T_LSTE_28024_012_12SUC_20230615T220038_0710_01/ECOv002_L2T_LSTE_28024_012_12SUC_20230615T220038_0710_01_QC.tif,ECO_L2T_LSTE.002,ECOv002_L2T_LSTE_28024_012_12SUC_20230615T220038_0710_01_QC.tif,2026-06-09,sha256:4a03218338c8937f1cc8b8f97fe76e433b650478352dc97d90fa938909eeaa08
https://data.lpdaac.earthdatacloud.nasa.gov/lp-prod-protected/ECO_L2T_LSTE.002/ECOv002_L2T_LSTE_28024_012_12SUC_20230615T220038_0710_01/ECOv002_L2T_LSTE_28024_012_12SUC_20230615T220038_0710_01_LST.tif,ECO_L2T_LSTE.002,ECOv002_L2T_LSTE_28024_012_12SUC_20230615T220038_0710_01_LST.tif,2026-06-09,sha256:f4a6cd2772e1919fb1adfb70018b6b4ca538f5e805bb51b6f52adf71a70588d1
https://data.lpdaac.earthdatacloud.nasa.gov/lp-prod-protected/ECO_L2T_LSTE.002/ECOv002_L2T_LSTE_28024_012_12SVB_20230615T220038_0710_01/ECOv002_L2T_LSTE_28024_012_12SVB_20230615T220038_0710_01_water.tif,ECO_L2T_LSTE.002,ECOv002_L2T_LSTE_28024_012_12SVB_20230615T220038_0710_01_water.tif,2026-06-09,sha256:9fac22218e50c3ee473831e8830b6551fb84c5f7f9c14481635a92385076d7b8
https://data.lpdaac.earthdatacloud.nasa.gov/lp-prod-protected/ECO_L2T_LSTE.002/ECOv002_L2T_LSTE_28024_012_12SVB_20230615T220038_0710_01/ECOv002_L2T_LSTE_28024_012_12SVB_20230615T220038_0710_01_cloud.tif,ECO_L2T_LSTE.002,ECOv002_L2T_LSTE_28024_012_12SVB_20230615T220038_0710_01_cloud.tif,2026-06-09,sha256:94a36f4e06d5cbf7dbc2f7861918b6ec582b3a659e848df3e8acc51448267474
https://data.lpdaac.earthdatacloud.nasa.gov/lp-prod-protected/ECO_L2T_LSTE.002/ECOv002_L2T_LSTE_28024_012_12SVB_20230615T220038_0710_01/ECOv002_L2T_LSTE_28024_012_12SVB_20230615T220038_0710_01_height.tif,ECO_L2T_LSTE.002,ECOv002_L2T_LSTE_28024_012_12SVB_20230615T220038_0710_01_height.tif,2026-06-09,sha256:b0967436b543c657465475bfa3fdf955bfa7fed31396bd34363d089c5025f1a2
https://data.lpdaac.earthdatacloud.nasa.gov/lp-prod-protected/ECO_L2T_LSTE.002/ECOv002_L2T_LSTE_28024_012_12SVB_20230615T220038_0710_01/ECOv002_L2T_LSTE_28024_012_12SVB_20230615T220038_0710_01_QC.tif,ECO_L2T_LSTE.002,ECOv002_L2T_LSTE_28024_012_12SVB_20230615T220038_0710_01_QC.tif,2026-06-09,sha256:c745f2481133acd97f382b3c06b597a5e5db951c140afc27b725d3f2bf87fa14
https://data.lpdaac.earthdatacloud.nasa.gov/lp-prod-protected/ECO_L2T_LSTE.002/ECOv002_L2T_LSTE_28024_012_12SVB_20230615T220038_0710_01/ECOv002_L2T_LSTE_28024_012_12SVB_20230615T220038_0710_01_LST.tif,ECO_L2T_LSTE.002,ECOv002_L2T_LSTE_28024_012_12SVB_20230615T220038_0710_01_LST.tif,2026-06-09,sha256:711eeae06dbb6520c26c7908285cf560226d9494d99a50adf7753e767a498ad2
https://data.lpdaac.earthdatacloud.nasa.gov/lp-prod-protected/ECO_L2T_LSTE.002/ECOv002_L2T_LSTE_28024_012_12SVC_20230615T220038_0710_01/ECOv002_L2T_LSTE_28024_012_12SVC_20230615T220038_0710_01_water.tif,ECO_L2T_LSTE.002,ECOv002_L2T_LSTE_28024_012_12SVC_20230615T220038_0710_01_water.tif,2026-06-09,sha256:3fe9f75110f0391cb6d465b69713ef5b9522bbb0b2b43f290ce3e44ab3c41a1f
https://data.lpdaac.earthdatacloud.nasa.gov/lp-prod-protected/ECO_L2T_LSTE.002/ECOv002_L2T_LSTE_28024_012_12SVC_20230615T220038_0710_01/ECOv002_L2T_LSTE_28024_012_12SVC_20230615T220038_0710_01_cloud.tif,ECO_L2T_LSTE.002,ECOv002_L2T_LSTE_28024_012_12SVC_20230615T220038_0710_01_cloud.tif,2026-06-09,sha256:010d1b0b66a016b8b695717c9d0eb04162fe30c0e4d299ef4c42319cec7c49aa
https://data.lpdaac.earthdatacloud.nasa.gov/lp-prod-protected/ECO_L2T_LSTE.002/ECOv002_L2T_LSTE_28024_012_12SVC_20230615T220038_0710_01/ECOv002_L2T_LSTE_28024_012_12SVC_20230615T220038_0710_01_height.tif,ECO_L2T_LSTE.002,ECOv002_L2T_LSTE_28024_012_12SVC_20230615T220038_0710_01_height.tif,2026-06-09,sha256:11fdf35b04eed8ba3ff19a8c7e546aac74566381647bb21fb8ce8cf98b9672a3
https://data.lpdaac.earthdatacloud.nasa.gov/lp-prod-protected/ECO_L2T_LSTE.002/ECOv002_L2T_LSTE_28024_012_12SVC_20230615T220038_0710_01/ECOv002_L2T_LSTE_28024_012_12SVC_20230615T220038_0710_01_QC.tif,ECO_L2T_LSTE.002,ECOv002_L2T_LSTE_28024_012_12SVC_20230615T220038_0710_01_QC.tif,2026-06-09,sha256:91ba5243d516fe32bfbc673b28da884d402ffe1c838b0bbfc3fd5af8db31d034
https://data.lpdaac.earthdatacloud.nasa.gov/lp-prod-protected/ECO_L2T_LSTE.002/ECOv002_L2T_LSTE_28024_012_12SVC_20230615T220038_0710_01/ECOv002_L2T_LSTE_28024_012_12SVC_20230615T220038_0710_01_LST.tif,ECO_L2T_LSTE.002,ECOv002_L2T_LSTE_28024_012_12SVC_20230615T220038_0710_01_LST.tif,2026-06-09,sha256:f4f756d37066159841b88818012b961065992aec0837289944ef27a6009fd91d
https://data.lpdaac.earthdatacloud.nasa.gov/lp-prod-protected/ECO_L2T_LSTE.002/ECOv002_L2T_LSTE_28024_012_12SUC_20230615T220038_0711_02/ECOv002_L2T_LSTE_28024_012_12SUC_20230615T220038_0711_02_water.tif,ECO_L2T_LSTE.002,ECOv002_L2T_LSTE_28024_012_12SUC_20230615T220038_0711_02_water.tif,2026-06-09,sha256:6fadc395c0c06ce436a0e52ad858b1601fc40a708875ee229ed0f079391bc853
https://data.lpdaac.earthdatacloud.nasa.gov/lp-prod-protected/ECO_L2T_LSTE.002/ECOv002_L2T_LSTE_28024_012_12SUC_20230615T220038_0711_02/ECOv002_L2T_LSTE_28024_012_12SUC_20230615T220038_0711_02_cloud.tif,ECO_L2T_LSTE.002,ECOv002_L2T_LSTE_28024_012_12SUC_20230615T220038_0711_02_cloud.tif,2026-06-09,sha256:0da468bf7d071aa241c64956d4cdb86f0486faba5617e1ba33accdf4c3a27647
https://data.lpdaac.earthdatacloud.nasa.gov/lp-prod-protected/ECO_L2T_LSTE.002/ECOv002_L2T_LSTE_28024_012_12SUC_20230615T220038_0711_02/ECOv002_L2T_LSTE_28024_012_12SUC_20230615T220038_0711_02_height.tif,ECO_L2T_LSTE.002,ECOv002_L2T_LSTE_28024_012_12SUC_20230615T220038_0711_02_height.tif,2026-06-09,sha256:07d7f6c23ac7b435d3d97c6fed6ea65cf3b6cce27e09dc3808bc81829851d953
https://data.lpdaac.earthdatacloud.nasa.gov/lp-prod-protected/ECO_L2T_LSTE.002/ECOv002_L2T_LSTE_28024_012_12SUC_20230615T220038_0711_02/ECOv002_L2T_LSTE_28024_012_12SUC_20230615T220038_0711_02_QC.tif,ECO_L2T_LSTE.002,ECOv002_L2T_LSTE_28024_012_12SUC_20230615T220038_0711_02_QC.tif,2026-06-09,sha256:4b6a76f1e34036ed57686842edb7ee67f86abcd4856c0c86f98f6658e5385cd1
https://data.lpdaac.earthdatacloud.nasa.gov/lp-prod-protected/ECO_L2T_LSTE.002/ECOv002_L2T_LSTE_28024_012_12SUC_20230615T220038_0711_02/ECOv002_L2T_LSTE_28024_012_12SUC_20230615T220038_0711_02_LST.tif,ECO_L2T_LSTE.002,ECOv002_L2T_LSTE_28024_012_12SUC_20230615T220038_0711_02_LST.tif,2026-06-09,sha256:3222707ad66cf4bca0a7e9ca861fd24a8033005fdf9a74fff5f0950a73a747f9
https://data.lpdaac.earthdatacloud.nasa.gov/lp-prod-protected/ECO_L2T_LSTE.002/ECOv002_L2T_LSTE_28024_012_12SUB_20230615T220038_0711_02/ECOv002_L2T_LSTE_28024_012_12SUB_20230615T220038_0711_02_water.tif,ECO_L2T_LSTE.002,ECOv002_L2T_LSTE_28024_012_12SUB_20230615T220038_0711_02_water.tif,2026-06-09,sha256:a64ce0fbdb456256562c7be9214e67b61871a7d0380dbdfabfdeb8fd5054611b
https://data.lpdaac.earthdatacloud.nasa.gov/lp-prod-protected/ECO_L2T_LSTE.002/ECOv002_L2T_LSTE_28024_012_12SUB_20230615T220038_0711_02/ECOv002_L2T_LSTE_28024_012_12SUB_20230615T220038_0711_02_cloud.tif,ECO_L2T_LSTE.002,ECOv002_L2T_LSTE_28024_012_12SUB_20230615T220038_0711_02_cloud.tif,2026-06-09,sha256:4aba920b785d9c5fbc9ec7bcfc309846bb1b194505064c9751ed70a664b64984
https://data.lpdaac.earthdatacloud.nasa.gov/lp-prod-protected/ECO_L2T_LSTE.002/ECOv002_L2T_LSTE_28024_012_12SUB_20230615T220038_0711_02/ECOv002_L2T_LSTE_28024_012_12SUB_20230615T220038_0711_02_height.tif,ECO_L2T_LSTE.002,ECOv002_L2T_LSTE_28024_012_12SUB_20230615T220038_0711_02_height.tif,2026-06-09,sha256:720644fe1ccdd60106bf0d78eab0c2a1e5910bcf0ddf3596b4c276aac85c2acd
https://data.lpdaac.earthdatacloud.nasa.gov/lp-prod-protected/ECO_L2T_LSTE.002/ECOv002_L2T_LSTE_28024_012_12SUB_20230615T220038_0711_02/ECOv002_L2T_LSTE_28024_012_12SUB_20230615T220038_0711_02_QC.tif,ECO_L2T_LSTE.002,ECOv002_L2T_LSTE_28024_012_12SUB_20230615T220038_0711_02_QC.tif,2026-06-09,sha256:59d078692334fd30d8801cca95dc1aeaf74fd97fafe502a42ea9e7b1652e3d3e
https://data.lpdaac.earthdatacloud.nasa.gov/lp-prod-protected/ECO_L2T_LSTE.002/ECOv002_L2T_LSTE_28024_012_12SUB_20230615T220038_0711_02/ECOv002_L2T_LSTE_28024_012_12SUB_20230615T220038_0711_02_LST.tif,ECO_L2T_LSTE.002,ECOv002_L2T_LSTE_28024_012_12SUB_20230615T220038_0711_02_LST.tif,2026-06-09,sha256:34521d18b2000261db49128c811f39cc371d18d9bd7e1e537b1368c8cda35c0c
https://data.lpdaac.earthdatacloud.nasa.gov/lp-prod-protected/ECO_L2T_LSTE.002/ECOv002_L2T_LSTE_28024_012_12SVB_20230615T220038_0711_02/ECOv002_L2T_LSTE_28024_012_12SVB_20230615T220038_0711_02_water.tif,ECO_L2T_LSTE.002,ECOv002_L2T_LSTE_28024_012_12SVB_20230615T220038_0711_02_water.tif,2026-06-09,sha256:b33d790ce2701e6e125ec48c285b1d716f551b1413a7b3e61fbb4d74e6ed177c
https://data.lpdaac.earthdatacloud.nasa.gov/lp-prod-protected/ECO_L2T_LSTE.002/ECOv002_L2T_LSTE_28024_012_12SVB_20230615T220038_0711_02/ECOv002_L2T_LSTE_28024_012_12SVB_20230615T220038_0711_02_cloud.tif,ECO_L2T_LSTE.002,ECOv002_L2T_LSTE_28024_012_12SVB_20230615T220038_0711_02_cloud.tif,2026-06-09,sha256:31f7abbd5a6843c9b375e8de306a819d60cd67104c3a93265ecf641923dc3085
https://data.lpdaac.earthdatacloud.nasa.gov/lp-prod-protected/ECO_L2T_LSTE.002/ECOv002_L2T_LSTE_28024_012_12SVB_20230615T220038_0711_02/ECOv002_L2T_LSTE_28024_012_12SVB_20230615T220038_0711_02_height.tif,ECO_L2T_LSTE.002,ECOv002_L2T_LSTE_28024_012_12SVB_20230615T220038_0711_02_height.tif,2026-06-09,sha256:bd72b77a8167801516a78da1f5a5c6eb3a8f1e08147cc6664b335943ed084334
https://data.lpdaac.earthdatacloud.nasa.gov/lp-prod-protected/ECO_L2T_LSTE.002/ECOv002_L2T_LSTE_28024_012_12SVB_20230615T220038_0711_02/ECOv002_L2T_LSTE_28024_012_12SVB_20230615T220038_0711_02_QC.tif,ECO_L2T_LSTE.002,ECOv002_L2T_LSTE_28024_012_12SVB_20230615T220038_0711_02_QC.tif,2026-06-09,sha256:7dfa9dc3f61c6d7d7ba9657f188e9aba245371e76437f908ff5398e47a9842db
https://data.lpdaac.earthdatacloud.nasa.gov/lp-prod-protected/ECO_L2T_LSTE.002/ECOv002_L2T_LSTE_28024_012_12SVB_20230615T220038_0711_02/ECOv002_L2T_LSTE_28024_012_12SVB_20230615T220038_0711_02_LST.tif,ECO_L2T_LSTE.002,ECOv002_L2T_LSTE_28024_012_12SVB_20230615T220038_0711_02_LST.tif,2026-06-09,sha256:e01fecb1ab22d672f9b2e8b78870ebf1cc8e4b89935215fe32237adc9910c912
https://data.lpdaac.earthdatacloud.nasa.gov/lp-prod-protected/ECO_L2T_LSTE.002/ECOv002_L2T_LSTE_28024_012_12SVC_20230615T220038_0711_02/ECOv002_L2T_LSTE_28024_012_12SVC_20230615T220038_0711_02_water.tif,ECO_L2T_LSTE.002,ECOv002_L2T_LSTE_28024_012_12SVC_20230615T220038_0711_02_water.tif,2026-06-09,sha256:38433736989a18aa799d52eb78b32f08bef665264850de28c457f740e3ec4d0c
https://data.lpdaac.earthdatacloud.nasa.gov/lp-prod-protected/ECO_L2T_LSTE.002/ECOv002_L2T_LSTE_28024_012_12SVC_20230615T220038_0711_02/ECOv002_L2T_LSTE_28024_012_12SVC_20230615T220038_0711_02_cloud.tif,ECO_L2T_LSTE.002,ECOv002_L2T_LSTE_28024_012_12SVC_20230615T220038_0711_02_cloud.tif,2026-06-09,sha256:6317715b8aafcf660e9dc0fc66d86e34013582af21c1f64d736b3ceab8e4bb70
https://data.lpdaac.earthdatacloud.nasa.gov/lp-prod-protected/ECO_L2T_LSTE.002/ECOv002_L2T_LSTE_28024_012_12SVC_20230615T220038_0711_02/ECOv002_L2T_LSTE_28024_012_12SVC_20230615T220038_0711_02_height.tif,ECO_L2T_LSTE.002,ECOv002_L2T_LSTE_28024_012_12SVC_20230615T220038_0711_02_height.tif,2026-06-09,sha256:025b942f8e4d53227fa42674eb3e36621d3e595a2d6220a2a3cb9418b6bcd09b
https://data.lpdaac.earthdatacloud.nasa.gov/lp-prod-protected/ECO_L2T_LSTE.002/ECOv002_L2T_LSTE_28024_012_12SVC_20230615T220038_0711_02/ECOv002_L2T_LSTE_28024_012_12SVC_20230615T220038_0711_02_QC.tif,ECO_L2T_LSTE.002,ECOv002_L2T_LSTE_28024_012_12SVC_20230615T220038_0711_02_QC.tif,2026-06-09,sha256:226824e963002c7f947d66e6c55ceac595eb847d706a43cfeb8b672cbc472db6
https://data.lpdaac.earthdatacloud.nasa.gov/lp-prod-protected/ECO_L2T_LSTE.002/ECOv002_L2T_LSTE_28024_012_12SVC_20230615T220038_0711_02/ECOv002_L2T_LSTE_28024_012_12SVC_20230615T220038_0711_02_LST.tif,ECO_L2T_LSTE.002,ECOv002_L2T_LSTE_28024_012_12SVC_20230615T220038_0711_02_LST.tif,2026-06-09,sha256:210342c6160e731d785e2ed203236a9d244fe4d390ac1f38ac983ee308dafe7f
https://data.lpdaac.earthdatacloud.nasa.gov/lp-prod-protected/ECO_L2T_LSTE.002/ECOv002_L2T_LSTE_28050_005_12SVC_20230617T135131_0711_01/ECOv002_L2T_LSTE_28050_005_12SVC_20230617T135131_0711_01_water.tif,ECO_L2T_LSTE.002,ECOv002_L2T_LSTE_28050_005_12SVC_20230617T135131_0711_01_water.tif,2026-06-09,sha256:84660934ca0e6ee96767819f4c51c51ad033394a8cf831ed5ebe98a6c3b71da8
https://data.lpdaac.earthdatacloud.nasa.gov/lp-prod-protected/ECO_L2T_LSTE.002/ECOv002_L2T_LSTE_28050_005_12SVC_20230617T135131_0711_01/ECOv002_L2T_LSTE_28050_005_12SVC_20230617T135131_0711_01_cloud.tif,ECO_L2T_LSTE.002,ECOv002_L2T_LSTE_28050_005_12SVC_20230617T135131_0711_01_cloud.tif,2026-06-09,sha256:3a7cbe160ceea9497ae2ea95316efbd6a185f0a384744a48c942e7621cf407a9
https://data.lpdaac.earthdatacloud.nasa.gov/lp-prod-protected/ECO_L2T_LSTE.002/ECOv002_L2T_LSTE_28050_005_12SVC_20230617T135131_0711_01/ECOv002_L2T_LSTE_28050_005_12SVC_20230617T135131_0711_01_height.tif,ECO_L2T_LSTE.002,ECOv002_L2T_LSTE_28050_005_12SVC_20230617T135131_0711_01_height.tif,2026-06-09,sha256:0835ffb40d8c3d2d2744da2162ce8ca90b4507e859fe62d2cf062e9374ef1442
https://data.lpdaac.earthdatacloud.nasa.gov/lp-prod-protected/ECO_L2T_LSTE.002/ECOv002_L2T_LSTE_28050_005_12SVC_20230617T135131_0711_01/ECOv002_L2T_LSTE_28050_005_12SVC_20230617T135131_0711_01_QC.tif,ECO_L2T_LSTE.002,ECOv002_L2T_LSTE_28050_005_12SVC_20230617T135131_0711_01_QC.tif,2026-06-09,sha256:ad7b7d5a7cc2f6468fe06736c58479f8a824c89abe5b64d0a2dbbc0700d61216
https://data.lpdaac.earthdatacloud.nasa.gov/lp-prod-protected/ECO_L2T_LSTE.002/ECOv002_L2T_LSTE_28050_005_12SVC_20230617T135131_0711_01/ECOv002_L2T_LSTE_28050_005_12SVC_20230617T135131_0711_01_LST.tif,ECO_L2T_LSTE.002,ECOv002_L2T_LSTE_28050_005_12SVC_20230617T135131_0711_01_LST.tif,2026-06-09,sha256:502891fc7d8d188f03551e30bcefef2d10aaac51b9f3fb0cbfa99427da8508f7
https://data.lpdaac.earthdatacloud.nasa.gov/lp-prod-protected/ECO_L2T_LSTE.002/ECOv002_L2T_LSTE_28050_005_12SUC_20230617T135131_0711_01/ECOv002_L2T_LSTE_28050_005_12SUC_20230617T135131_0711_01_water.tif,ECO_L2T_LSTE.002,ECOv002_L2T_LSTE_28050_005_12SUC_20230617T135131_0711_01_water.tif,2026-06-09,sha256:56198cf0a9412c8c9d66fff85d6fe9fe7e5e969fddcf1564a040259e2efbcbb0
https://data.lpdaac.earthdatacloud.nasa.gov/lp-prod-protected/ECO_L2T_LSTE.002/ECOv002_L2T_LSTE_28050_005_12SUC_20230617T135131_0711_01/ECOv002_L2T_LSTE_28050_005_12SUC_20230617T135131_0711_01_cloud.tif,ECO_L2T_LSTE.002,ECOv002_L2T_LSTE_28050_005_12SUC_20230617T135131_0711_01_cloud.tif,2026-06-09,sha256:f549fa7502b4e302e0e6ea555f2c54544124a01eb84c2e7c7dfc268c61de5e0c
https://data.lpdaac.earthdatacloud.nasa.gov/lp-prod-protected/ECO_L2T_LSTE.002/ECOv002_L2T_LSTE_28050_005_12SUC_20230617T135131_0711_01/ECOv002_L2T_LSTE_28050_005_12SUC_20230617T135131_0711_01_height.tif,ECO_L2T_LSTE.002,ECOv002_L2T_LSTE_28050_005_12SUC_20230617T135131_0711_01_height.tif,2026-06-09,sha256:6fbe0b69589d2cb152dd7e2af634a272a45fb3e3d57a6ee4e833eebf25ba7748
https://data.lpdaac.earthdatacloud.nasa.gov/lp-prod-protected/ECO_L2T_LSTE.002/ECOv002_L2T_LSTE_28050_005_12SUC_20230617T135131_0711_01/ECOv002_L2T_LSTE_28050_005_12SUC_20230617T135131_0711_01_QC.tif,ECO_L2T_LSTE.002,ECOv002_L2T_LSTE_28050_005_12SUC_20230617T135131_0711_01_QC.tif,2026-06-09,sha256:2d4acb98de577d5d0e9136e9f2f37a621af72798de6c60adb43b209e1220814b
https://data.lpdaac.earthdatacloud.nasa.gov/lp-prod-protected/ECO_L2T_LSTE.002/ECOv002_L2T_LSTE_28050_005_12SUC_20230617T135131_0711_01/ECOv002_L2T_LSTE_28050_005_12SUC_20230617T135131_0711_01_LST.tif,ECO_L2T_LSTE.002,ECOv002_L2T_LSTE_28050_005_12SUC_20230617T135131_0711_01_LST.tif,2026-06-09,sha256:341e0e576d8b012f120d2b0f2dc970c46a3a854e567dd8b138c387a7cfe4a7bd
https://data.lpdaac.earthdatacloud.nasa.gov/lp-prod-protected/ECO_L2T_LSTE.002/ECOv002_L2T_LSTE_28050_005_12SUB_20230617T135131_0711_01/ECOv002_L2T_LSTE_28050_005_12SUB_20230617T135131_0711_01_water.tif,ECO_L2T_LSTE.002,ECOv002_L2T_LSTE_28050_005_12SUB_20230617T135131_0711_01_water.tif,2026-06-09,sha256:174c39ee48fd2bb589a41bf48bfd51a133aee5a9613f1b94b6999c541e4d7090
https://data.lpdaac.earthdatacloud.nasa.gov/lp-prod-protected/ECO_L2T_LSTE.002/ECOv002_L2T_LSTE_28050_005_12SUB_20230617T135131_0711_01/ECOv002_L2T_LSTE_28050_005_12SUB_20230617T135131_0711_01_cloud.tif,ECO_L2T_LSTE.002,ECOv002_L2T_LSTE_28050_005_12SUB_20230617T135131_0711_01_cloud.tif,2026-06-09,sha256:823dd85f2807b394f81ae88b562d927a2bf4a57a4160ef321480a939e2d71cc3
https://data.lpdaac.earthdatacloud.nasa.gov/lp-prod-protected/ECO_L2T_LSTE.002/ECOv002_L2T_LSTE_28050_005_12SUB_20230617T135131_0711_01/ECOv002_L2T_LSTE_28050_005_12SUB_20230617T135131_0711_01_height.tif,ECO_L2T_LSTE.002,ECOv002_L2T_LSTE_28050_005_12SUB_20230617T135131_0711_01_height.tif,2026-06-09,sha256:0b1583aa1b77aa40121685c74cc3f7aa7ee7db17cbd24374cbbd36d6e05221b7
https://data.lpdaac.earthdatacloud.nasa.gov/lp-prod-protected/ECO_L2T_LSTE.002/ECOv002_L2T_LSTE_28050_005_12SUB_20230617T135131_0711_01/ECOv002_L2T_LSTE_28050_005_12SUB_20230617T135131_0711_01_QC.tif,ECO_L2T_LSTE.002,ECOv002_L2T_LSTE_28050_005_12SUB_20230617T135131_0711_01_QC.tif,2026-06-09,sha256:d19d68f54f0b139c91dbc2c96b5720e6df6d204ce39807ae254bc7f402081f75
https://data.lpdaac.earthdatacloud.nasa.gov/lp-prod-protected/ECO_L2T_LSTE.002/ECOv002_L2T_LSTE_28050_005_12SUB_20230617T135131_0711_01/ECOv002_L2T_LSTE_28050_005_12SUB_20230617T135131_0711_01_LST.tif,ECO_L2T_LSTE.002,ECOv002_L2T_LSTE_28050_005_12SUB_20230617T135131_0711_01_LST.tif,2026-06-09,sha256:f8af4c7f8b72d1f0bfcaaea424ccd68bcd13a187085d5da371728241b77ed582
https://data.lpdaac.earthdatacloud.nasa.gov/lp-prod-protected/ECO_L2T_LSTE.002/ECOv002_L2T_LSTE_28065_003_12SUC_20230618T130255_0710_01/ECOv002_L2T_LSTE_28065_003_12SUC_20230618T130255_0710_01_QC.tif,ECO_L2T_LSTE.002,ECOv002_L2T_LSTE_28065_003_12SUC_20230618T130255_0710_01_QC.tif,2026-06-09,sha256:00f4c35f04564aba961de37dfa442b6ccedea605d2c7f5e9e9cfd0b2bf647070
https://data.lpdaac.earthdatacloud.nasa.gov/lp-prod-protected/ECO_L2T_LSTE.002/ECOv002_L2T_LSTE_28065_003_12SUC_20230618T130255_0710_01/ECOv002_L2T_LSTE_28065_003_12SUC_20230618T130255_0710_01_LST.tif,ECO_L2T_LSTE.002,ECOv002_L2T_LSTE_28065_003_12SUC_20230618T130255_0710_01_LST.tif,2026-06-09,sha256:5239a2dc636fe5ae89c88d2ad020fe52825a09761ba5fbe8a55bc52e90825b54
https://data.lpdaac.earthdatacloud.nasa.gov/lp-prod-protected/ECO_L2T_LSTE.002/ECOv002_L2T_LSTE_28065_003_12SUC_20230618T130255_0710_01/ECOv002_L2T_LSTE_28065_003_12SUC_20230618T130255_0710_01_height.tif,ECO_L2T_LSTE.002,ECOv002_L2T_LSTE_28065_003_12SUC_20230618T130255_0710_01_height.tif,2026-06-09,sha256:0cd2d447901a4ca1b910b48d3ebceeb3f610a0cca0cdc13e942ff8e1f6d3cf9b
https://data.lpdaac.earthdatacloud.nasa.gov/lp-prod-protected/ECO_L2T_LSTE.002/ECOv002_L2T_LSTE_28065_003_12SUC_20230618T130255_0710_01/ECOv002_L2T_LSTE_28065_003_12SUC_20230618T130255_0710_01_cloud.tif,ECO_L2T_LSTE.002,ECOv002_L2T_LSTE_28065_003_12SUC_20230618T130255_0710_01_cloud.tif,2026-06-09,sha256:ee0b172e629e885f4b5c6ae1d9742081b3d7a7bf2bacd7f439b93f703516369a
https://data.lpdaac.earthdatacloud.nasa.gov/lp-prod-protected/ECO_L2T_LSTE.002/ECOv002_L2T_LSTE_28065_003_12SUC_20230618T130255_0710_01/ECOv002_L2T_LSTE_28065_003_12SUC_20230618T130255_0710_01_water.tif,ECO_L2T_LSTE.002,ECOv002_L2T_LSTE_28065_003_12SUC_20230618T130255_0710_01_water.tif,2026-06-09,sha256:55aafbc12ccadf09ebc3e6d3d4210766904ea7bff28b7f1be97e83eb1f653fd5
https://data.lpdaac.earthdatacloud.nasa.gov/lp-prod-protected/ECO_L2T_LSTE.002/ECOv002_L2T_LSTE_28065_003_12SUB_20230618T130255_0710_01/ECOv002_L2T_LSTE_28065_003_12SUB_20230618T130255_0710_01_LST.tif,ECO_L2T_LSTE.002,ECOv002_L2T_LSTE_28065_003_12SUB_20230618T130255_0710_01_LST.tif,2026-06-09,sha256:351bb6ab6989c1be4911f2ba5f54051d47c49a161cc4c2c6eb21a692ff1f4354
https://data.lpdaac.earthdatacloud.nasa.gov/lp-prod-protected/ECO_L2T_LSTE.002/ECOv002_L2T_LSTE_28065_003_12SUB_20230618T130255_0710_01/ECOv002_L2T_LSTE_28065_003_12SUB_20230618T130255_0710_01_height.tif,ECO_L2T_LSTE.002,ECOv002_L2T_LSTE_28065_003_12SUB_20230618T130255_0710_01_height.tif,2026-06-09,sha256:2da4086964bc27d338b7bdf7bb71ce34e8f319e644d0428570b814eb4da4025f
https://data.lpdaac.earthdatacloud.nasa.gov/lp-prod-protected/ECO_L2T_LSTE.002/ECOv002_L2T_LSTE_28065_003_12SUB_20230618T130255_0710_01/ECOv002_L2T_LSTE_28065_003_12SUB_20230618T130255_0710_01_QC.tif,ECO_L2T_LSTE.002,ECOv002_L2T_LSTE_28065_003_12SUB_20230618T130255_0710_01_QC.tif,2026-06-09,sha256:4a6758ab98e275bb346ba2735dfcae27b1d6c153ab4d13c46e15d1c6228e3dfe
https://data.lpdaac.earthdatacloud.nasa.gov/lp-prod-protected/ECO_L2T_LSTE.002/ECOv002_L2T_LSTE_28065_003_12SUB_20230618T130255_0710_01/ECOv002_L2T_LSTE_28065_003_12SUB_20230618T130255_0710_01_cloud.tif,ECO_L2T_LSTE.002,ECOv002_L2T_LSTE_28065_003_12SUB_20230618T130255_0710_01_cloud.tif,2026-06-09,sha256:7b3a61a8b4f0ab8fb69c6029ade554b4840e547336167c2e52e78f73b43d1e8d
https://data.lpdaac.earthdatacloud.nasa.gov/lp-prod-protected/ECO_L2T_LSTE.002/ECOv002_L2T_LSTE_28065_003_12SUB_20230618T130255_0710_01/ECOv002_L2T_LSTE_28065_003_12SUB_20230618T130255_0710_01_water.tif,ECO_L2T_LSTE.002,ECOv002_L2T_LSTE_28065_003_12SUB_20230618T130255_0710_01_water.tif,2026-06-09,sha256:183cc7d0e1e206ad141ffda66d7361eec29a9cbd37c328b2a893ab4cf3591145
https://data.lpdaac.earthdatacloud.nasa.gov/lp-prod-protected/ECO_L2T_LSTE.002/ECOv002_L2T_LSTE_28065_003_12SVB_20230618T130255_0710_01/ECOv002_L2T_LSTE_28065_003_12SVB_20230618T130255_0710_01_LST.tif,ECO_L2T_LSTE.002,ECOv002_L2T_LSTE_28065_003_12SVB_20230618T130255_0710_01_LST.tif,2026-06-09,sha256:6f67f37ec1896315e91f0281b3f6e256bafda14c6197920f400959d5f73e37b4
https://data.lpdaac.earthdatacloud.nasa.gov/lp-prod-protected/ECO_L2T_LSTE.002/ECOv002_L2T_LSTE_28065_003_12SVB_20230618T130255_0710_01/ECOv002_L2T_LSTE_28065_003_12SVB_20230618T130255_0710_01_height.tif,ECO_L2T_LSTE.002,ECOv002_L2T_LSTE_28065_003_12SVB_20230618T130255_0710_01_height.tif,2026-06-09,sha256:9366d140e137f7cdd1288f4afcfd338b4664ad6ec9b50d346871f1d49cca7778
https://data.lpdaac.earthdatacloud.nasa.gov/lp-prod-protected/ECO_L2T_LSTE.002/ECOv002_L2T_LSTE_28065_003_12SVB_20230618T130255_0710_01/ECOv002_L2T_LSTE_28065_003_12SVB_20230618T130255_0710_01_QC.tif,ECO_L2T_LSTE.002,ECOv002_L2T_LSTE_28065_003_12SVB_20230618T130255_0710_01_QC.tif,2026-06-09,sha256:7ee1c34d3613779b4d8a1bbcf9af9f33c7c1be7b24a5ea683c69a77a9fe31314
https://data.lpdaac.earthdatacloud.nasa.gov/lp-prod-protected/ECO_L2T_LSTE.002/ECOv002_L2T_LSTE_28065_003_12SVB_20230618T130255_0710_01/ECOv002_L2T_LSTE_28065_003_12SVB_20230618T130255_0710_01_cloud.tif,ECO_L2T_LSTE.002,ECOv002_L2T_LSTE_28065_003_12SVB_20230618T130255_0710_01_cloud.tif,2026-06-09,sha256:0bbbbc6a2a4e68ec54559f0d8c45179be0a9e9175140539f792f429f8e979381
https://data.lpdaac.earthdatacloud.nasa.gov/lp-prod-protected/ECO_L2T_LSTE.002/ECOv002_L2T_LSTE_28065_003_12SVB_20230618T130255_0710_01/ECOv002_L2T_LSTE_28065_003_12SVB_20230618T130255_0710_01_water.tif,ECO_L2T_LSTE.002,ECOv002_L2T_LSTE_28065_003_12SVB_20230618T130255_0710_01_water.tif,2026-06-09,sha256:42c3d8eecf6962541266e43d6c14ed1de9d0a30311047a172fc79c8aa92c054e
https://data.lpdaac.earthdatacloud.nasa.gov/lp-prod-protected/ECO_L2T_LSTE.002/ECOv002_L2T_LSTE_28065_003_12SVC_20230618T130255_0711_02/ECOv002_L2T_LSTE_28065_003_12SVC_20230618T130255_0711_02_water.tif,ECO_L2T_LSTE.002,ECOv002_L2T_LSTE_28065_003_12SVC_20230618T130255_0711_02_water.tif,2026-06-09,sha256:dcbb8da58e8f62ddbb8dad718caf6dfd91aae64f1e72a051d222df47dad9c9d8
https://data.lpdaac.earthdatacloud.nasa.gov/lp-prod-protected/ECO_L2T_LSTE.002/ECOv002_L2T_LSTE_28065_003_12SVC_20230618T130255_0711_02/ECOv002_L2T_LSTE_28065_003_12SVC_20230618T130255_0711_02_cloud.tif,ECO_L2T_LSTE.002,ECOv002_L2T_LSTE_28065_003_12SVC_20230618T130255_0711_02_cloud.tif,2026-06-09,sha256:b86b525a055f5d2daa92aba39af2c5b27e07f15c2ffaf383f3118ea0e9ec5297
https://data.lpdaac.earthdatacloud.nasa.gov/lp-prod-protected/ECO_L2T_LSTE.002/ECOv002_L2T_LSTE_28065_003_12SVC_20230618T130255_0711_02/ECOv002_L2T_LSTE_28065_003_12SVC_20230618T130255_0711_02_height.tif,ECO_L2T_LSTE.002,ECOv002_L2T_LSTE_28065_003_12SVC_20230618T130255_0711_02_height.tif,2026-06-09,sha256:b227cf037405ae6bfa2cc4cd129f079ae9fb18e5bc6a669d6a4a8d9df38dc4c9
https://data.lpdaac.earthdatacloud.nasa.gov/lp-prod-protected/ECO_L2T_LSTE.002/ECOv002_L2T_LSTE_28065_003_12SVC_20230618T130255_0711_02/ECOv002_L2T_LSTE_28065_003_12SVC_20230618T130255_0711_02_QC.tif,ECO_L2T_LSTE.002,ECOv002_L2T_LSTE_28065_003_12SVC_20230618T130255_0711_02_QC.tif,2026-06-09,sha256:8b231849a5a46b9bb386841cdd071ea84de0015b0c1aec8f8149d20c8a7f22e0
https://data.lpdaac.earthdatacloud.nasa.gov/lp-prod-protected/ECO_L2T_LSTE.002/ECOv002_L2T_LSTE_28065_003_12SVC_20230618T130255_0711_02/ECOv002_L2T_LSTE_28065_003_12SVC_20230618T130255_0711_02_LST.tif,ECO_L2T_LSTE.002,ECOv002_L2T_LSTE_28065_003_12SVC_20230618T130255_0711_02_LST.tif,2026-06-09,sha256:35352072f074f5558d1a01792fb988e0fe530c64178c6a236cef43bc90145012
https://data.lpdaac.earthdatacloud.nasa.gov/lp-prod-protected/ECO_L2T_LSTE.002/ECOv002_L2T_LSTE_28065_003_12SUB_20230618T130255_0711_02/ECOv002_L2T_LSTE_28065_003_12SUB_20230618T130255_0711_02_water.tif,ECO_L2T_LSTE.002,ECOv002_L2T_LSTE_28065_003_12SUB_20230618T130255_0711_02_water.tif,2026-06-09,sha256:6bc092ac3304d3929b4cd1db5689bffc83304378122dadd3cc4866ba73f04773
https://data.lpdaac.earthdatacloud.nasa.gov/lp-prod-protected/ECO_L2T_LSTE.002/ECOv002_L2T_LSTE_28065_003_12SUB_20230618T130255_0711_02/ECOv002_L2T_LSTE_28065_003_12SUB_20230618T130255_0711_02_cloud.tif,ECO_L2T_LSTE.002,ECOv002_L2T_LSTE_28065_003_12SUB_20230618T130255_0711_02_cloud.tif,2026-06-09,sha256:ac86c7b8df6915020e260f68d54c531de0d99d5235ce72d5aaf370af990d73d4
https://data.lpdaac.earthdatacloud.nasa.gov/lp-prod-protected/ECO_L2T_LSTE.002/ECOv002_L2T_LSTE_28065_003_12SUB_20230618T130255_0711_02/ECOv002_L2T_LSTE_28065_003_12SUB_20230618T130255_0711_02_height.tif,ECO_L2T_LSTE.002,ECOv002_L2T_LSTE_28065_003_12SUB_20230618T130255_0711_02_height.tif,2026-06-09,sha256:dd273b10670ad38977ba4f457b51f34fb9cc3111901d54619fd5a6b8aa97aceb
https://data.lpdaac.earthdatacloud.nasa.gov/lp-prod-protected/ECO_L2T_LSTE.002/ECOv002_L2T_LSTE_28065_003_12SUB_20230618T130255_0711_02/ECOv002_L2T_LSTE_28065_003_12SUB_20230618T130255_0711_02_QC.tif,ECO_L2T_LSTE.002,ECOv002_L2T_LSTE_28065_003_12SUB_20230618T130255_0711_02_QC.tif,2026-06-09,sha256:e9de1f0ffd6903af2648b8b3363118a19504f480abab9c2f9b17f93149e5f7a9
https://data.lpdaac.earthdatacloud.nasa.gov/lp-prod-protected/ECO_L2T_LSTE.002/ECOv002_L2T_LSTE_28065_003_12SUB_20230618T130255_0711_02/ECOv002_L2T_LSTE_28065_003_12SUB_20230618T130255_0711_02_LST.tif,ECO_L2T_LSTE.002,ECOv002_L2T_LSTE_28065_003_12SUB_20230618T130255_0711_02_LST.tif,2026-06-09,sha256:91a84d70f1cd491323bb7d7cfbfdeeff535deb2f9304871c880d64ad6240c97f
https://data.lpdaac.earthdatacloud.nasa.gov/lp-prod-protected/ECO_L2T_LSTE.002/ECOv002_L2T_LSTE_28065_003_12SVB_20230618T130255_0711_02/ECOv002_L2T_LSTE_28065_003_12SVB_20230618T130255_0711_02_water.tif,ECO_L2T_LSTE.002,ECOv002_L2T_LSTE_28065_003_12SVB_20230618T130255_0711_02_water.tif,2026-06-09,sha256:87310c6c127e1050273b1709463b1348d252f68c076a4a62d786afcef9384465
https://data.lpdaac.earthdatacloud.nasa.gov/lp-prod-protected/ECO_L2T_LSTE.002/ECOv002_L2T_LSTE_28065_003_12SVB_20230618T130255_0711_02/ECOv002_L2T_LSTE_28065_003_12SVB_20230618T130255_0711_02_cloud.tif,ECO_L2T_LSTE.002,ECOv002_L2T_LSTE_28065_003_12SVB_20230618T130255_0711_02_cloud.tif,2026-06-09,sha256:a49e9a0ca2523d01f533bf680a12a04dd444c28932153950e1c591e4f60ff576
https://data.lpdaac.earthdatacloud.nasa.gov/lp-prod-protected/ECO_L2T_LSTE.002/ECOv002_L2T_LSTE_28065_003_12SVB_20230618T130255_0711_02/ECOv002_L2T_LSTE_28065_003_12SVB_20230618T130255_0711_02_height.tif,ECO_L2T_LSTE.002,ECOv002_L2T_LSTE_28065_003_12SVB_20230618T130255_0711_02_height.tif,2026-06-09,sha256:f93aa185f5e4ae2bbc32d4b328e2f0008dad595a2473fa7425e735cd8d727097
https://data.lpdaac.earthdatacloud.nasa.gov/lp-prod-protected/ECO_L2T_LSTE.002/ECOv002_L2T_LSTE_28065_003_12SVB_20230618T130255_0711_02/ECOv002_L2T_LSTE_28065_003_12SVB_20230618T130255_0711_02_QC.tif,ECO_L2T_LSTE.002,ECOv002_L2T_LSTE_28065_003_12SVB_20230618T130255_0711_02_QC.tif,2026-06-09,sha256:c288265cd0ae3d86bff25920c4b95b31e2fc54a79e539e9bc80eafa2bf21849a
https://data.lpdaac.earthdatacloud.nasa.gov/lp-prod-protected/ECO_L2T_LSTE.002/ECOv002_L2T_LSTE_28065_003_12SVB_20230618T130255_0711_02/ECOv002_L2T_LSTE_28065_003_12SVB_20230618T130255_0711_02_LST.tif,ECO_L2T_LSTE.002,ECOv002_L2T_LSTE_28065_003_12SVB_20230618T130255_0711_02_LST.tif,2026-06-09,sha256:1d0ae9b1e922b9eaf364ecd43de9ecca2eb7e5afabbff30c222a764258f9c027
https://data.lpdaac.earthdatacloud.nasa.gov/lp-prod-protected/ECO_L2T_LSTE.002/ECOv002_L2T_LSTE_28065_003_12SUC_20230618T130255_0711_02/ECOv002_L2T_LSTE_28065_003_12SUC_20230618T130255_0711_02_water.tif,ECO_L2T_LSTE.002,ECOv002_L2T_LSTE_28065_003_12SUC_20230618T130255_0711_02_water.tif,2026-06-09,sha256:af66a529747790208e87381f127f4588fe91d582788c52dcb7e8f3cbeaa9f86f
https://data.lpdaac.earthdatacloud.nasa.gov/lp-prod-protected/ECO_L2T_LSTE.002/ECOv002_L2T_LSTE_28065_003_12SUC_20230618T130255_0711_02/ECOv002_L2T_LSTE_28065_003_12SUC_20230618T130255_0711_02_cloud.tif,ECO_L2T_LSTE.002,ECOv002_L2T_LSTE_28065_003_12SUC_20230618T130255_0711_02_cloud.tif,2026-06-09,sha256:73249523261b3e097757af6755280107a5d28192e35de29e29bccae62c9b6618
https://data.lpdaac.earthdatacloud.nasa.gov/lp-prod-protected/ECO_L2T_LSTE.002/ECOv002_L2T_LSTE_28065_003_12SUC_20230618T130255_0711_02/ECOv002_L2T_LSTE_28065_003_12SUC_20230618T130255_0711_02_height.tif,ECO_L2T_LSTE.002,ECOv002_L2T_LSTE_28065_003_12SUC_20230618T130255_0711_02_height.tif,2026-06-09,sha256:52bbc0b07a2c4acdbbfa5900b6d39a3c51cd4305b3f4d4e79fc635e839473150
https://data.lpdaac.earthdatacloud.nasa.gov/lp-prod-protected/ECO_L2T_LSTE.002/ECOv002_L2T_LSTE_28065_003_12SUC_20230618T130255_0711_02/ECOv002_L2T_LSTE_28065_003_12SUC_20230618T130255_0711_02_QC.tif,ECO_L2T_LSTE.002,ECOv002_L2T_LSTE_28065_003_12SUC_20230618T130255_0711_02_QC.tif,2026-06-09,sha256:1a9b669a0ad3edfa945e296be8bdfbe40ecaa3595ca527fd7d60b282b0bdbc44
https://data.lpdaac.earthdatacloud.nasa.gov/lp-prod-protected/ECO_L2T_LSTE.002/ECOv002_L2T_LSTE_28065_003_12SUC_20230618T130255_0711_02/ECOv002_L2T_LSTE_28065_003_12SUC_20230618T130255_0711_02_LST.tif,ECO_L2T_LSTE.002,ECOv002_L2T_LSTE_28065_003_12SUC_20230618T130255_0711_02_LST.tif,2026-06-09,sha256:1f39d4aa0cf27e5c4fdf43fe0a12c29cf0562db2b79c78896d41a2e32707599b
https://data.lpdaac.earthdatacloud.nasa.gov/lp-prod-protected/ECO_L2T_LSTE.002/ECOv002_L2T_LSTE_28065_004_12SVC_20230618T130347_0710_01/ECOv002_L2T_LSTE_28065_004_12SVC_20230618T130347_0710_01_LST.tif,ECO_L2T_LSTE.002,ECOv002_L2T_LSTE_28065_004_12SVC_20230618T130347_0710_01_LST.tif,2026-06-09,sha256:aec563eff902b3d981b5a0ba787a2eea70744eb10557f1ac1087b002b98c9ff9
https://data.lpdaac.earthdatacloud.nasa.gov/lp-prod-protected/ECO_L2T_LSTE.002/ECOv002_L2T_LSTE_28065_004_12SVC_20230618T130347_0710_01/ECOv002_L2T_LSTE_28065_004_12SVC_20230618T130347_0710_01_QC.tif,ECO_L2T_LSTE.002,ECOv002_L2T_LSTE_28065_004_12SVC_20230618T130347_0710_01_QC.tif,2026-06-09,sha256:c8770563bf67e34a199b7d1b23aaf31d6ef402560f84c3d50532b9062ef0c3d9
https://data.lpdaac.earthdatacloud.nasa.gov/lp-prod-protected/ECO_L2T_LSTE.002/ECOv002_L2T_LSTE_28065_004_12SVC_20230618T130347_0710_01/ECOv002_L2T_LSTE_28065_004_12SVC_20230618T130347_0710_01_height.tif,ECO_L2T_LSTE.002,ECOv002_L2T_LSTE_28065_004_12SVC_20230618T130347_0710_01_height.tif,2026-06-09,sha256:c6b977ac1fe5980ebfb17d457e861d41aed20d802013c704cab1469f8a76d242
https://data.lpdaac.earthdatacloud.nasa.gov/lp-prod-protected/ECO_L2T_LSTE.002/ECOv002_L2T_LSTE_28065_004_12SVC_20230618T130347_0710_01/ECOv002_L2T_LSTE_28065_004_12SVC_20230618T130347_0710_01_cloud.tif,ECO_L2T_LSTE.002,ECOv002_L2T_LSTE_28065_004_12SVC_20230618T130347_0710_01_cloud.tif,2026-06-09,sha256:8eafdc11925c4b7f59305c198e5cadc1c74825b897b5de00d6046032d7a71740
https://data.lpdaac.earthdatacloud.nasa.gov/lp-prod-protected/ECO_L2T_LSTE.002/ECOv002_L2T_LSTE_28065_004_12SVC_20230618T130347_0710_01/ECOv002_L2T_LSTE_28065_004_12SVC_20230618T130347_0710_01_water.tif,ECO_L2T_LSTE.002,ECOv002_L2T_LSTE_28065_004_12SVC_20230618T130347_0710_01_water.tif,2026-06-09,sha256:cd16ef2ec3f84ff36cd36e062c77b24b73b4dac1ccc409d034f3b8b04205b4fb
https://data.lpdaac.earthdatacloud.nasa.gov/lp-prod-protected/ECO_L2T_LSTE.002/ECOv002_L2T_LSTE_28065_004_12SVC_20230618T130347_0711_02/ECOv002_L2T_LSTE_28065_004_12SVC_20230618T130347_0711_02_water.tif,ECO_L2T_LSTE.002,ECOv002_L2T_LSTE_28065_004_12SVC_20230618T130347_0711_02_water.tif,2026-06-09,sha256:c79ab70bd5ee3424371f0f7b9e028572e51cf36050c32378770e61cecc518cc7
https://data.lpdaac.earthdatacloud.nasa.gov/lp-prod-protected/ECO_L2T_LSTE.002/ECOv002_L2T_LSTE_28065_004_12SVC_20230618T130347_0711_02/ECOv002_L2T_LSTE_28065_004_12SVC_20230618T130347_0711_02_cloud.tif,ECO_L2T_LSTE.002,ECOv002_L2T_LSTE_28065_004_12SVC_20230618T130347_0711_02_cloud.tif,2026-06-09,sha256:bde1edce3713976f3f820bc1fad37faac267458f83b338274d6e8db002f0825c
https://data.lpdaac.earthdatacloud.nasa.gov/lp-prod-protected/ECO_L2T_LSTE.002/ECOv002_L2T_LSTE_28065_004_12SVC_20230618T130347_0711_02/ECOv002_L2T_LSTE_28065_004_12SVC_20230618T130347_0711_02_height.tif,ECO_L2T_LSTE.002,ECOv002_L2T_LSTE_28065_004_12SVC_20230618T130347_0711_02_height.tif,2026-06-09,sha256:68f4a9b3a94b3a9ab4e7be91cfbddbb4e8771502e3285a0e274c0d82291a6684
https://data.lpdaac.earthdatacloud.nasa.gov/lp-prod-protected/ECO_L2T_LSTE.002/ECOv002_L2T_LSTE_28065_004_12SVC_20230618T130347_0711_02/ECOv002_L2T_LSTE_28065_004_12SVC_20230618T130347_0711_02_QC.tif,ECO_L2T_LSTE.002,ECOv002_L2T_LSTE_28065_004_12SVC_20230618T130347_0711_02_QC.tif,2026-06-09,sha256:f40d8aa491693ac3a32d59501fb4d6ea67f2e614280d559e6318f8f425a08505
https://data.lpdaac.earthdatacloud.nasa.gov/lp-prod-protected/ECO_L2T_LSTE.002/ECOv002_L2T_LSTE_28065_004_12SVC_20230618T130347_0711_02/ECOv002_L2T_LSTE_28065_004_12SVC_20230618T130347_0711_02_LST.tif,ECO_L2T_LSTE.002,ECOv002_L2T_LSTE_28065_004_12SVC_20230618T130347_0711_02_LST.tif,2026-06-09,sha256:899eda0989e7c0a2f39f637e18c9a5553b8772822d0ca58f5c364360566b86b2
https://data.lpdaac.earthdatacloud.nasa.gov/lp-prod-protected/ECO_L2T_LSTE.002/ECOv002_L2T_LSTE_28070_014_12SVB_20230618T211141_0710_01/ECOv002_L2T_LSTE_28070_014_12SVB_20230618T211141_0710_01_water.tif,ECO_L2T_LSTE.002,ECOv002_L2T_LSTE_28070_014_12SVB_20230618T211141_0710_01_water.tif,2026-06-09,sha256:5330bdd59b721b9812d2cfacc468382dac52d2fcd60ace86d0589db82a6d4135
https://data.lpdaac.earthdatacloud.nasa.gov/lp-prod-protected/ECO_L2T_LSTE.002/ECOv002_L2T_LSTE_28070_014_12SVB_20230618T211141_0710_01/ECOv002_L2T_LSTE_28070_014_12SVB_20230618T211141_0710_01_cloud.tif,ECO_L2T_LSTE.002,ECOv002_L2T_LSTE_28070_014_12SVB_20230618T211141_0710_01_cloud.tif,2026-06-09,sha256:3536e2a26276e394b62da007cffd3ae479463b2aa4d02b73312ada3833746079
https://data.lpdaac.earthdatacloud.nasa.gov/lp-prod-protected/ECO_L2T_LSTE.002/ECOv002_L2T_LSTE_28070_014_12SVB_20230618T211141_0710_01/ECOv002_L2T_LSTE_28070_014_12SVB_20230618T211141_0710_01_height.tif,ECO_L2T_LSTE.002,ECOv002_L2T_LSTE_28070_014_12SVB_20230618T211141_0710_01_height.tif,2026-06-09,sha256:1f0b94630a2547c462ff3efd48c6421b47ee42b4818c276306fd7500b6caef57
https://data.lpdaac.earthdatacloud.nasa.gov/lp-prod-protected/ECO_L2T_LSTE.002/ECOv002_L2T_LSTE_28070_014_12SVB_20230618T211141_0710_01/ECOv002_L2T_LSTE_28070_014_12SVB_20230618T211141_0710_01_QC.tif,ECO_L2T_LSTE.002,ECOv002_L2T_LSTE_28070_014_12SVB_20230618T211141_0710_01_QC.tif,2026-06-09,sha256:1f6cf9e5d5e36d58b3f60209c4c1daa39a7047589e6a6b33bad2911e30da08a6
https://data.lpdaac.earthdatacloud.nasa.gov/lp-prod-protected/ECO_L2T_LSTE.002/ECOv002_L2T_LSTE_28070_014_12SVB_20230618T211141_0710_01/ECOv002_L2T_LSTE_28070_014_12SVB_20230618T211141_0710_01_LST.tif,ECO_L2T_LSTE.002,ECOv002_L2T_LSTE_28070_014_12SVB_20230618T211141_0710_01_LST.tif,2026-06-09,sha256:56d9abac62cc5fa950b7df10e2b22643666f33f030b040059b26d3a3682c6b38
https://data.lpdaac.earthdatacloud.nasa.gov/lp-prod-protected/ECO_L2T_LSTE.002/ECOv002_L2T_LSTE_28070_014_12SUC_20230618T211141_0710_01/ECOv002_L2T_LSTE_28070_014_12SUC_20230618T211141_0710_01_water.tif,ECO_L2T_LSTE.002,ECOv002_L2T_LSTE_28070_014_12SUC_20230618T211141_0710_01_water.tif,2026-06-09,sha256:0becaad45049678c91b9081546bed5df92060a80accebf28ad53dafb7ed2f6dc
https://data.lpdaac.earthdatacloud.nasa.gov/lp-prod-protected/ECO_L2T_LSTE.002/ECOv002_L2T_LSTE_28070_014_12SUC_20230618T211141_0710_01/ECOv002_L2T_LSTE_28070_014_12SUC_20230618T211141_0710_01_cloud.tif,ECO_L2T_LSTE.002,ECOv002_L2T_LSTE_28070_014_12SUC_20230618T211141_0710_01_cloud.tif,2026-06-09,sha256:c896787b39c64777deed38443f639e79c49ce241f68634f022bc5a433a82c309
https://data.lpdaac.earthdatacloud.nasa.gov/lp-prod-protected/ECO_L2T_LSTE.002/ECOv002_L2T_LSTE_28070_014_12SUC_20230618T211141_0710_01/ECOv002_L2T_LSTE_28070_014_12SUC_20230618T211141_0710_01_height.tif,ECO_L2T_LSTE.002,ECOv002_L2T_LSTE_28070_014_12SUC_20230618T211141_0710_01_height.tif,2026-06-09,sha256:5e54ed3c4c2d56813097c922fa3bfed79d5620a5b2d3bfabf488472b18d0a981
https://data.lpdaac.earthdatacloud.nasa.gov/lp-prod-protected/ECO_L2T_LSTE.002/ECOv002_L2T_LSTE_28070_014_12SUC_20230618T211141_0710_01/ECOv002_L2T_LSTE_28070_014_12SUC_20230618T211141_0710_01_QC.tif,ECO_L2T_LSTE.002,ECOv002_L2T_LSTE_28070_014_12SUC_20230618T211141_0710_01_QC.tif,2026-06-09,sha256:f327decfe0d0148ef3351d8d77ae77939900aadd6b3d286dc484a12fd9c45c20
https://data.lpdaac.earthdatacloud.nasa.gov/lp-prod-protected/ECO_L2T_LSTE.002/ECOv002_L2T_LSTE_28070_014_12SUC_20230618T211141_0710_01/ECOv002_L2T_LSTE_28070_014_12SUC_20230618T211141_0710_01_LST.tif,ECO_L2T_LSTE.002,ECOv002_L2T_LSTE_28070_014_12SUC_20230618T211141_0710_01_LST.tif,2026-06-09,sha256:5dfd675e8f6295d7da79ce2a4dd284832de9f266a36da258b6d06271a8fd7a15
https://data.lpdaac.earthdatacloud.nasa.gov/lp-prod-protected/ECO_L2T_LSTE.002/ECOv002_L2T_LSTE_28070_014_12SUB_20230618T211141_0710_01/ECOv002_L2T_LSTE_28070_014_12SUB_20230618T211141_0710_01_height.tif,ECO_L2T_LSTE.002,ECOv002_L2T_LSTE_28070_014_12SUB_20230618T211141_0710_01_height.tif,2026-06-09,sha256:ffd7e60d0a76903e76ca2d0d6bfe332ad46de068f3cb14b1bc43904073f07000
https://data.lpdaac.earthdatacloud.nasa.gov/lp-prod-protected/ECO_L2T_LSTE.002/ECOv002_L2T_LSTE_28070_014_12SUB_20230618T211141_0710_01/ECOv002_L2T_LSTE_28070_014_12SUB_20230618T211141_0710_01_LST.tif,ECO_L2T_LSTE.002,ECOv002_L2T_LSTE_28070_014_12SUB_20230618T211141_0710_01_LST.tif,2026-06-09,sha256:8d4a42b4ed1e3d50803f4c5ae94be9abe56f1d2f5c7c81941ecd92208ad30065
https://data.lpdaac.earthdatacloud.nasa.gov/lp-prod-protected/ECO_L2T_LSTE.002/ECOv002_L2T_LSTE_28070_014_12SUB_20230618T211141_0710_01/ECOv002_L2T_LSTE_28070_014_12SUB_20230618T211141_0710_01_QC.tif,ECO_L2T_LSTE.002,ECOv002_L2T_LSTE_28070_014_12SUB_20230618T211141_0710_01_QC.tif,2026-06-09,sha256:bdf153f0330129b91dad7c0106e1555f2aaaf885514dcb371921b374e86a81d2
https://data.lpdaac.earthdatacloud.nasa.gov/lp-prod-protected/ECO_L2T_LSTE.002/ECOv002_L2T_LSTE_28070_014_12SUB_20230618T211141_0710_01/ECOv002_L2T_LSTE_28070_014_12SUB_20230618T211141_0710_01_cloud.tif,ECO_L2T_LSTE.002,ECOv002_L2T_LSTE_28070_014_12SUB_20230618T211141_0710_01_cloud.tif,2026-06-09,sha256:5f693b41ed8e14d26b01358a413c9d14ba68f3f620682b3c4be4e37ebc3d01e0
https://data.lpdaac.earthdatacloud.nasa.gov/lp-prod-protected/ECO_L2T_LSTE.002/ECOv002_L2T_LSTE_28070_014_12SUB_20230618T211141_0710_01/ECOv002_L2T_LSTE_28070_014_12SUB_20230618T211141_0710_01_water.tif,ECO_L2T_LSTE.002,ECOv002_L2T_LSTE_28070_014_12SUB_20230618T211141_0710_01_water.tif,2026-06-09,sha256:22d044946b88e2eb64a6eec85760f5ed1f8cfa0442702afad8535857b3546187
https://data.lpdaac.earthdatacloud.nasa.gov/lp-prod-protected/ECO_L2T_LSTE.002/ECOv002_L2T_LSTE_28070_014_12SUB_20230618T211141_0711_02/ECOv002_L2T_LSTE_28070_014_12SUB_20230618T211141_0711_02_water.tif,ECO_L2T_LSTE.002,ECOv002_L2T_LSTE_28070_014_12SUB_20230618T211141_0711_02_water.tif,2026-06-09,sha256:47228e830b2a3fab17e3783207d73be0b3c5b9340561db5b3ed583c622f2ee5a
https://data.lpdaac.earthdatacloud.nasa.gov/lp-prod-protected/ECO_L2T_LSTE.002/ECOv002_L2T_LSTE_28070_014_12SUB_20230618T211141_0711_02/ECOv002_L2T_LSTE_28070_014_12SUB_20230618T211141_0711_02_cloud.tif,ECO_L2T_LSTE.002,ECOv002_L2T_LSTE_28070_014_12SUB_20230618T211141_0711_02_cloud.tif,2026-06-09,sha256:e92d9643794d2027de8ad68a6ae8502b1313026ae329548ec7e98e4779904e6d
https://data.lpdaac.earthdatacloud.nasa.gov/lp-prod-protected/ECO_L2T_LSTE.002/ECOv002_L2T_LSTE_28070_014_12SUB_20230618T211141_0711_02/ECOv002_L2T_LSTE_28070_014_12SUB_20230618T211141_0711_02_height.tif,ECO_L2T_LSTE.002,ECOv002_L2T_LSTE_28070_014_12SUB_20230618T211141_0711_02_height.tif,2026-06-09,sha256:da4ab907e616d122c5ac33e673893a2f79948842c8244a9232a4ab55e814b144
https://data.lpdaac.earthdatacloud.nasa.gov/lp-prod-protected/ECO_L2T_LSTE.002/ECOv002_L2T_LSTE_28070_014_12SUB_20230618T211141_0711_02/ECOv002_L2T_LSTE_28070_014_12SUB_20230618T211141_0711_02_QC.tif,ECO_L2T_LSTE.002,ECOv002_L2T_LSTE_28070_014_12SUB_20230618T211141_0711_02_QC.tif,2026-06-09,sha256:d66bdd20f6d3b23c4c6fd3edce1e707c7cba23cd7109a929b5c15187e35b4176
https://data.lpdaac.earthdatacloud.nasa.gov/lp-prod-protected/ECO_L2T_LSTE.002/ECOv002_L2T_LSTE_28070_014_12SUB_20230618T211141_0711_02/ECOv002_L2T_LSTE_28070_014_12SUB_20230618T211141_0711_02_LST.tif,ECO_L2T_LSTE.002,ECOv002_L2T_LSTE_28070_014_12SUB_20230618T211141_0711_02_LST.tif,2026-06-09,sha256:a389b48b4e87f046975f12de5e68e495b718289d65113da0ac978cecba4bc6f1
https://data.lpdaac.earthdatacloud.nasa.gov/lp-prod-protected/ECO_L2T_LSTE.002/ECOv002_L2T_LSTE_28070_014_12SUC_20230618T211141_0711_02/ECOv002_L2T_LSTE_28070_014_12SUC_20230618T211141_0711_02_water.tif,ECO_L2T_LSTE.002,ECOv002_L2T_LSTE_28070_014_12SUC_20230618T211141_0711_02_water.tif,2026-06-09,sha256:83f1819757987358ae8cecf1586ae29258784d9fb52df7a1001c06b4b7fbafed
https://data.lpdaac.earthdatacloud.nasa.gov/lp-prod-protected/ECO_L2T_LSTE.002/ECOv002_L2T_LSTE_28070_014_12SUC_20230618T211141_0711_02/ECOv002_L2T_LSTE_28070_014_12SUC_20230618T211141_0711_02_cloud.tif,ECO_L2T_LSTE.002,ECOv002_L2T_LSTE_28070_014_12SUC_20230618T211141_0711_02_cloud.tif,2026-06-09,sha256:88194710540ea8f7b65858b4a629a6b0625020aa7e8f3c412a53b1790e51cfa0
https://data.lpdaac.earthdatacloud.nasa.gov/lp-prod-protected/ECO_L2T_LSTE.002/ECOv002_L2T_LSTE_28070_014_12SUC_20230618T211141_0711_02/ECOv002_L2T_LSTE_28070_014_12SUC_20230618T211141_0711_02_height.tif,ECO_L2T_LSTE.002,ECOv002_L2T_LSTE_28070_014_12SUC_20230618T211141_0711_02_height.tif,2026-06-09,sha256:71958d496a3d4604ccbabd579938c77e372b6d909f61ab46a552ea70cbf771ec
https://data.lpdaac.earthdatacloud.nasa.gov/lp-prod-protected/ECO_L2T_LSTE.002/ECOv002_L2T_LSTE_28070_014_12SUC_20230618T211141_0711_02/ECOv002_L2T_LSTE_28070_014_12SUC_20230618T211141_0711_02_QC.tif,ECO_L2T_LSTE.002,ECOv002_L2T_LSTE_28070_014_12SUC_20230618T211141_0711_02_QC.tif,2026-06-09,sha256:979ac14bd7731b246f852daa49e60ee339049b68e76e747d1256cb82cb989434
https://data.lpdaac.earthdatacloud.nasa.gov/lp-prod-protected/ECO_L2T_LSTE.002/ECOv002_L2T_LSTE_28070_014_12SUC_20230618T211141_0711_02/ECOv002_L2T_LSTE_28070_014_12SUC_20230618T211141_0711_02_LST.tif,ECO_L2T_LSTE.002,ECOv002_L2T_LSTE_28070_014_12SUC_20230618T211141_0711_02_LST.tif,2026-06-09,sha256:564e06326651e762949912ade67f4f11ee24da6c199d96b7d96f4d1667a1e821
https://data.lpdaac.earthdatacloud.nasa.gov/lp-prod-protected/ECO_L2T_LSTE.002/ECOv002_L2T_LSTE_28070_014_12SVB_20230618T211141_0711_02/ECOv002_L2T_LSTE_28070_014_12SVB_20230618T211141_0711_02_water.tif,ECO_L2T_LSTE.002,ECOv002_L2T_LSTE_28070_014_12SVB_20230618T211141_0711_02_water.tif,2026-06-09,sha256:5330bdd59b721b9812d2cfacc468382dac52d2fcd60ace86d0589db82a6d4135
https://data.lpdaac.earthdatacloud.nasa.gov/lp-prod-protected/ECO_L2T_LSTE.002/ECOv002_L2T_LSTE_28070_014_12SVB_20230618T211141_0711_02/ECOv002_L2T_LSTE_28070_014_12SVB_20230618T211141_0711_02_cloud.tif,ECO_L2T_LSTE.002,ECOv002_L2T_LSTE_28070_014_12SVB_20230618T211141_0711_02_cloud.tif,2026-06-09,sha256:1518209e9a7905adf91a031ea0c035b4e94f224b0c4806b7786a9a5c87550982
https://data.lpdaac.earthdatacloud.nasa.gov/lp-prod-protected/ECO_L2T_LSTE.002/ECOv002_L2T_LSTE_28070_014_12SVB_20230618T211141_0711_02/ECOv002_L2T_LSTE_28070_014_12SVB_20230618T211141_0711_02_height.tif,ECO_L2T_LSTE.002,ECOv002_L2T_LSTE_28070_014_12SVB_20230618T211141_0711_02_height.tif,2026-06-09,sha256:e121c860b822adbf58e3a797a70cbf475331d6b0e6086ef81e633c9ab0722325
https://data.lpdaac.earthdatacloud.nasa.gov/lp-prod-protected/ECO_L2T_LSTE.002/ECOv002_L2T_LSTE_28070_014_12SVB_20230618T211141_0711_02/ECOv002_L2T_LSTE_28070_014_12SVB_20230618T211141_0711_02_QC.tif,ECO_L2T_LSTE.002,ECOv002_L2T_LSTE_28070_014_12SVB_20230618T211141_0711_02_QC.tif,2026-06-09,sha256:089de5dce5e73ae177bb5a2e1b00e5f13ad41839f4e95734265403f820a991ce
https://data.lpdaac.earthdatacloud.nasa.gov/lp-prod-protected/ECO_L2T_LSTE.002/ECOv002_L2T_LSTE_28070_014_12SVB_20230618T211141_0711_02/ECOv002_L2T_LSTE_28070_014_12SVB_20230618T211141_0711_02_LST.tif,ECO_L2T_LSTE.002,ECOv002_L2T_LSTE_28070_014_12SVB_20230618T211141_0711_02_LST.tif,2026-06-09,sha256:473b5161ec57f09d12653a3b556036ac73a2512145cf2fab084b8492e0bf39d3
https://data.lpdaac.earthdatacloud.nasa.gov/lp-prod-protected/ECO_L2T_LSTE.002/ECOv002_L2T_LSTE_28085_004_12SUB_20230619T202232_0710_01/ECOv002_L2T_LSTE_28085_004_12SUB_20230619T202232_0710_01_LST.tif,ECO_L2T_LSTE.002,ECOv002_L2T_LSTE_28085_004_12SUB_20230619T202232_0710_01_LST.tif,2026-06-09,sha256:0d35bdd292789f68c6ba33ed3792dbecb4a7c2c0cc2080a17a93e8fae5cc927d
https://data.lpdaac.earthdatacloud.nasa.gov/lp-prod-protected/ECO_L2T_LSTE.002/ECOv002_L2T_LSTE_28085_004_12SUB_20230619T202232_0710_01/ECOv002_L2T_LSTE_28085_004_12SUB_20230619T202232_0710_01_water.tif,ECO_L2T_LSTE.002,ECOv002_L2T_LSTE_28085_004_12SUB_20230619T202232_0710_01_water.tif,2026-06-09,sha256:12926d44db3ee3fcbab890cac674f9849409445af7a5d5599a008ed2ac1cc1ca
https://data.lpdaac.earthdatacloud.nasa.gov/lp-prod-protected/ECO_L2T_LSTE.002/ECOv002_L2T_LSTE_28085_004_12SUB_20230619T202232_0710_01/ECOv002_L2T_LSTE_28085_004_12SUB_20230619T202232_0710_01_cloud.tif,ECO_L2T_LSTE.002,ECOv002_L2T_LSTE_28085_004_12SUB_20230619T202232_0710_01_cloud.tif,2026-06-09,sha256:12926d44db3ee3fcbab890cac674f9849409445af7a5d5599a008ed2ac1cc1ca
https://data.lpdaac.earthdatacloud.nasa.gov/lp-prod-protected/ECO_L2T_LSTE.002/ECOv002_L2T_LSTE_28085_004_12SUB_20230619T202232_0710_01/ECOv002_L2T_LSTE_28085_004_12SUB_20230619T202232_0710_01_QC.tif,ECO_L2T_LSTE.002,ECOv002_L2T_LSTE_28085_004_12SUB_20230619T202232_0710_01_QC.tif,2026-06-09,sha256:14fe3880793276db6dd3ab169171253eb3f015a0c9e04d2652b61208e067851a
https://data.lpdaac.earthdatacloud.nasa.gov/lp-prod-protected/ECO_L2T_LSTE.002/ECOv002_L2T_LSTE_28085_004_12SUB_20230619T202232_0710_01/ECOv002_L2T_LSTE_28085_004_12SUB_20230619T202232_0710_01_height.tif,ECO_L2T_LSTE.002,ECOv002_L2T_LSTE_28085_004_12SUB_20230619T202232_0710_01_height.tif,2026-06-09,sha256:4d9c68b88e2c6e10fcfd979792ef4d340d8e0121357fe3e500d71e3237542573
https://data.lpdaac.earthdatacloud.nasa.gov/lp-prod-protected/ECO_L2T_LSTE.002/ECOv002_L2T_LSTE_28085_004_12SUC_20230619T202232_0710_01/ECOv002_L2T_LSTE_28085_004_12SUC_20230619T202232_0710_01_water.tif,ECO_L2T_LSTE.002,ECOv002_L2T_LSTE_28085_004_12SUC_20230619T202232_0710_01_water.tif,2026-06-09,sha256:9826b0fbcb57de4c7b976d0956d93a851450c9c1914d6b31900fd60328ca4c9c
https://data.lpdaac.earthdatacloud.nasa.gov/lp-prod-protected/ECO_L2T_LSTE.002/ECOv002_L2T_LSTE_28085_004_12SUC_20230619T202232_0710_01/ECOv002_L2T_LSTE_28085_004_12SUC_20230619T202232_0710_01_cloud.tif,ECO_L2T_LSTE.002,ECOv002_L2T_LSTE_28085_004_12SUC_20230619T202232_0710_01_cloud.tif,2026-06-09,sha256:23f0f0080e14f57ace4abd3b7873208447af73749175df84adf73a569fd9826b
https://data.lpdaac.earthdatacloud.nasa.gov/lp-prod-protected/ECO_L2T_LSTE.002/ECOv002_L2T_LSTE_28085_004_12SUC_20230619T202232_0710_01/ECOv002_L2T_LSTE_28085_004_12SUC_20230619T202232_0710_01_height.tif,ECO_L2T_LSTE.002,ECOv002_L2T_LSTE_28085_004_12SUC_20230619T202232_0710_01_height.tif,2026-06-09,sha256:ac995ad06287020b4fd3ad685988cfb3a1ddb8c3246517f393bac0421613e7ff
https://data.lpdaac.earthdatacloud.nasa.gov/lp-prod-protected/ECO_L2T_LSTE.002/ECOv002_L2T_LSTE_28085_004_12SUC_20230619T202232_0710_01/ECOv002_L2T_LSTE_28085_004_12SUC_20230619T202232_0710_01_QC.tif,ECO_L2T_LSTE.002,ECOv002_L2T_LSTE_28085_004_12SUC_20230619T202232_0710_01_QC.tif,2026-06-09,sha256:1bd0c011935fbe76c229d1ae3c4d741cb41fbe63a080a34f99ff0dd63fcc8fd0
https://data.lpdaac.earthdatacloud.nasa.gov/lp-prod-protected/ECO_L2T_LSTE.002/ECOv002_L2T_LSTE_28085_004_12SUC_20230619T202232_0710_01/ECOv002_L2T_LSTE_28085_004_12SUC_20230619T202232_0710_01_LST.tif,ECO_L2T_LSTE.002,ECOv002_L2T_LSTE_28085_004_12SUC_20230619T202232_0710_01_LST.tif,2026-06-09,sha256:89265e8c5fb4d47112530d88fc34449dc890e5ea18b32492c6a12860627c1264
https://data.lpdaac.earthdatacloud.nasa.gov/lp-prod-protected/ECO_L2T_LSTE.002/ECOv002_L2T_LSTE_28085_004_12SUB_20230619T202232_0711_02/ECOv002_L2T_LSTE_28085_004_12SUB_20230619T202232_0711_02_water.tif,ECO_L2T_LSTE.002,ECOv002_L2T_LSTE_28085_004_12SUB_20230619T202232_0711_02_water.tif,2026-06-09,sha256:12926d44db3ee3fcbab890cac674f9849409445af7a5d5599a008ed2ac1cc1ca
https://data.lpdaac.earthdatacloud.nasa.gov/lp-prod-protected/ECO_L2T_LSTE.002/ECOv002_L2T_LSTE_28085_004_12SUB_20230619T202232_0711_02/ECOv002_L2T_LSTE_28085_004_12SUB_20230619T202232_0711_02_cloud.tif,ECO_L2T_LSTE.002,ECOv002_L2T_LSTE_28085_004_12SUB_20230619T202232_0711_02_cloud.tif,2026-06-09,sha256:12926d44db3ee3fcbab890cac674f9849409445af7a5d5599a008ed2ac1cc1ca
https://data.lpdaac.earthdatacloud.nasa.gov/lp-prod-protected/ECO_L2T_LSTE.002/ECOv002_L2T_LSTE_28085_004_12SUB_20230619T202232_0711_02/ECOv002_L2T_LSTE_28085_004_12SUB_20230619T202232_0711_02_height.tif,ECO_L2T_LSTE.002,ECOv002_L2T_LSTE_28085_004_12SUB_20230619T202232_0711_02_height.tif,2026-06-09,sha256:be9052877bc8682312c9fbc2b1e0c92b05505717a165f4f818c6c5182e334321
https://data.lpdaac.earthdatacloud.nasa.gov/lp-prod-protected/ECO_L2T_LSTE.002/ECOv002_L2T_LSTE_28085_004_12SUB_20230619T202232_0711_02/ECOv002_L2T_LSTE_28085_004_12SUB_20230619T202232_0711_02_QC.tif,ECO_L2T_LSTE.002,ECOv002_L2T_LSTE_28085_004_12SUB_20230619T202232_0711_02_QC.tif,2026-06-09,sha256:726b0e47ccf55c90d0f03f9db88121afef9c25ae26868bf01764292b21c9afa4
https://data.lpdaac.earthdatacloud.nasa.gov/lp-prod-protected/ECO_L2T_LSTE.002/ECOv002_L2T_LSTE_28085_004_12SUB_20230619T202232_0711_02/ECOv002_L2T_LSTE_28085_004_12SUB_20230619T202232_0711_02_LST.tif,ECO_L2T_LSTE.002,ECOv002_L2T_LSTE_28085_004_12SUB_20230619T202232_0711_02_LST.tif,2026-06-09,sha256:9eec09b45c8bba263efb5c61d19a4bf1d781d467d8befe369c67fa5329b0328c
https://data.lpdaac.earthdatacloud.nasa.gov/lp-prod-protected/ECO_L2T_LSTE.002/ECOv002_L2T_LSTE_28085_004_12SUC_20230619T202232_0711_02/ECOv002_L2T_LSTE_28085_004_12SUC_20230619T202232_0711_02_water.tif,ECO_L2T_LSTE.002,ECOv002_L2T_LSTE_28085_004_12SUC_20230619T202232_0711_02_water.tif,2026-06-09,sha256:95583052827d23d1cf5911b7f51e2274aab4060fb7ffbdcfb0f20d1d479cbc14
https://data.lpdaac.earthdatacloud.nasa.gov/lp-prod-protected/ECO_L2T_LSTE.002/ECOv002_L2T_LSTE_28085_004_12SUC_20230619T202232_0711_02/ECOv002_L2T_LSTE_28085_004_12SUC_20230619T202232_0711_02_cloud.tif,ECO_L2T_LSTE.002,ECOv002_L2T_LSTE_28085_004_12SUC_20230619T202232_0711_02_cloud.tif,2026-06-09,sha256:5795c1c15e1014a2cae9ef12eabc720e58c41a1d63fb12414abb432c27f268f5
https://data.lpdaac.earthdatacloud.nasa.gov/lp-prod-protected/ECO_L2T_LSTE.002/ECOv002_L2T_LSTE_28085_004_12SUC_20230619T202232_0711_02/ECOv002_L2T_LSTE_28085_004_12SUC_20230619T202232_0711_02_height.tif,ECO_L2T_LSTE.002,ECOv002_L2T_LSTE_28085_004_12SUC_20230619T202232_0711_02_height.tif,2026-06-09,sha256:4148138d84bc5bbbb4e557645ea6c30a2464778c8780ef67028160484a066c77
https://data.lpdaac.earthdatacloud.nasa.gov/lp-prod-protected/ECO_L2T_LSTE.002/ECOv002_L2T_LSTE_28085_004_12SUC_20230619T202232_0711_02/ECOv002_L2T_LSTE_28085_004_12SUC_20230619T202232_0711_02_QC.tif,ECO_L2T_LSTE.002,ECOv002_L2T_LSTE_28085_004_12SUC_20230619T202232_0711_02_QC.tif,2026-06-09,sha256:075616eb6a82d3e47d7076ac599e47d10a161e2a5ef04218594e396871000906
https://data.lpdaac.earthdatacloud.nasa.gov/lp-prod-protected/ECO_L2T_LSTE.002/ECOv002_L2T_LSTE_28085_004_12SUC_20230619T202232_0711_02/ECOv002_L2T_LSTE_28085_004_12SUC_20230619T202232_0711_02_LST.tif,ECO_L2T_LSTE.002,ECOv002_L2T_LSTE_28085_004_12SUC_20230619T202232_0711_02_LST.tif,2026-06-09,sha256:a509d5e8a0968174edbf4d979e645b65aaa65c59870ae499994b3108cfefaab8
https://data.lpdaac.earthdatacloud.nasa.gov/lp-prod-protected/ECO_L2T_LSTE.002/ECOv002_L2T_LSTE_28085_005_12SUC_20230619T202324_0710_01/ECOv002_L2T_LSTE_28085_005_12SUC_20230619T202324_0710_01_water.tif,ECO_L2T_LSTE.002,ECOv002_L2T_LSTE_28085_005_12SUC_20230619T202324_0710_01_water.tif,2026-06-09,sha256:54886fe9a533784c6f0e0ac8df553643990b650b52e791a47c22f8328defcbe5
https://data.lpdaac.earthdatacloud.nasa.gov/lp-prod-protected/ECO_L2T_LSTE.002/ECOv002_L2T_LSTE_28085_005_12SUC_20230619T202324_0710_01/ECOv002_L2T_LSTE_28085_005_12SUC_20230619T202324_0710_01_cloud.tif,ECO_L2T_LSTE.002,ECOv002_L2T_LSTE_28085_005_12SUC_20230619T202324_0710_01_cloud.tif,2026-06-09,sha256:7b6126458e056614dfb43a4ae7d0a874bb16a125de87386728ed70cce4cb1306
https://data.lpdaac.earthdatacloud.nasa.gov/lp-prod-protected/ECO_L2T_LSTE.002/ECOv002_L2T_LSTE_28085_005_12SUC_20230619T202324_0710_01/ECOv002_L2T_LSTE_28085_005_12SUC_20230619T202324_0710_01_height.tif,ECO_L2T_LSTE.002,ECOv002_L2T_LSTE_28085_005_12SUC_20230619T202324_0710_01_height.tif,2026-06-09,sha256:193091553d773d52a65d983115429321ddedc3d190e087c966bfe8363dcd3074
https://data.lpdaac.earthdatacloud.nasa.gov/lp-prod-protected/ECO_L2T_LSTE.002/ECOv002_L2T_LSTE_28085_005_12SUC_20230619T202324_0710_01/ECOv002_L2T_LSTE_28085_005_12SUC_20230619T202324_0710_01_QC.tif,ECO_L2T_LSTE.002,ECOv002_L2T_LSTE_28085_005_12SUC_20230619T202324_0710_01_QC.tif,2026-06-09,sha256:c3a6602f17aff9665b26927fa815caf53d9aad916857196cfc2f728a987bd388
https://data.lpdaac.earthdatacloud.nasa.gov/lp-prod-protected/ECO_L2T_LSTE.002/ECOv002_L2T_LSTE_28085_005_12SUC_20230619T202324_0710_01/ECOv002_L2T_LSTE_28085_005_12SUC_20230619T202324_0710_01_LST.tif,ECO_L2T_LSTE.002,ECOv002_L2T_LSTE_28085_005_12SUC_20230619T202324_0710_01_LST.tif,2026-06-09,sha256:f2b592062811e9d6e15c6eb8a227eb48b37db2a4bf6fed1b8ac1d4ef9d25e125
https://data.lpdaac.earthdatacloud.nasa.gov/lp-prod-protected/ECO_L2T_LSTE.002/ECOv002_L2T_LSTE_28085_005_12SUB_20230619T202324_0710_01/ECOv002_L2T_LSTE_28085_005_12SUB_20230619T202324_0710_01_water.tif,ECO_L2T_LSTE.002,ECOv002_L2T_LSTE_28085_005_12SUB_20230619T202324_0710_01_water.tif,2026-06-09,sha256:f0bf357219a91ca539b2bafca8e64ac9cf9781e2189747e3c59120675ddce52f
https://data.lpdaac.earthdatacloud.nasa.gov/lp-prod-protected/ECO_L2T_LSTE.002/ECOv002_L2T_LSTE_28085_005_12SUB_20230619T202324_0710_01/ECOv002_L2T_LSTE_28085_005_12SUB_20230619T202324_0710_01_QC.tif,ECO_L2T_LSTE.002,ECOv002_L2T_LSTE_28085_005_12SUB_20230619T202324_0710_01_QC.tif,2026-06-09,sha256:2cbfac164e181ed3fab236de02fed7c45a04ba831b7867d009d69fca8285ce06
https://data.lpdaac.earthdatacloud.nasa.gov/lp-prod-protected/ECO_L2T_LSTE.002/ECOv002_L2T_LSTE_28085_005_12SUB_20230619T202324_0710_01/ECOv002_L2T_LSTE_28085_005_12SUB_20230619T202324_0710_01_cloud.tif,ECO_L2T_LSTE.002,ECOv002_L2T_LSTE_28085_005_12SUB_20230619T202324_0710_01_cloud.tif,2026-06-09,sha256:6f70194ad4a817108fef7816714e8185de7b519f2da85b2e6b453db71e6f0dae
https://data.lpdaac.earthdatacloud.nasa.gov/lp-prod-protected/ECO_L2T_LSTE.002/ECOv002_L2T_LSTE_28085_005_12SUB_20230619T202324_0710_01/ECOv002_L2T_LSTE_28085_005_12SUB_20230619T202324_0710_01_height.tif,ECO_L2T_LSTE.002,ECOv002_L2T_LSTE_28085_005_12SUB_20230619T202324_0710_01_height.tif,2026-06-09,sha256:864faf401016c91e7be4ffb5015d5b56d170dd61e27ce4669ba9a0baa3793659
https://data.lpdaac.earthdatacloud.nasa.gov/lp-prod-protected/ECO_L2T_LSTE.002/ECOv002_L2T_LSTE_28085_005_12SUB_20230619T202324_0710_01/ECOv002_L2T_LSTE_28085_005_12SUB_20230619T202324_0710_01_LST.tif,ECO_L2T_LSTE.002,ECOv002_L2T_LSTE_28085_005_12SUB_20230619T202324_0710_01_LST.tif,2026-06-09,sha256:b8a8c76cac5f6580302567116da333df747ba264b6e9d2898bb3b4c763285bf8
https://data.lpdaac.earthdatacloud.nasa.gov/lp-prod-protected/ECO_L2T_LSTE.002/ECOv002_L2T_LSTE_28085_005_12SVC_20230619T202324_0710_01/ECOv002_L2T_LSTE_28085_005_12SVC_20230619T202324_0710_01_LST.tif,ECO_L2T_LSTE.002,ECOv002_L2T_LSTE_28085_005_12SVC_20230619T202324_0710_01_LST.tif,2026-06-09,sha256:0e96a604fb6e6d9edc7cae0dc601cbda17d4856194ece11ba0c91fa092cab66f
https://data.lpdaac.earthdatacloud.nasa.gov/lp-prod-protected/ECO_L2T_LSTE.002/ECOv002_L2T_LSTE_28085_005_12SVC_20230619T202324_0710_01/ECOv002_L2T_LSTE_28085_005_12SVC_20230619T202324_0710_01_QC.tif,ECO_L2T_LSTE.002,ECOv002_L2T_LSTE_28085_005_12SVC_20230619T202324_0710_01_QC.tif,2026-06-09,sha256:1be585148999682f46035348d100b594a0aeb3ef20edc536579ed83a465f9331
https://data.lpdaac.earthdatacloud.nasa.gov/lp-prod-protected/ECO_L2T_LSTE.002/ECOv002_L2T_LSTE_28085_005_12SVC_20230619T202324_0710_01/ECOv002_L2T_LSTE_28085_005_12SVC_20230619T202324_0710_01_height.tif,ECO_L2T_LSTE.002,ECOv002_L2T_LSTE_28085_005_12SVC_20230619T202324_0710_01_height.tif,2026-06-09,sha256:69cd22490f86a1946c00bfd7f551e8cfe8659f5cf686cf03f8c6c1716868d1cc
https://data.lpdaac.earthdatacloud.nasa.gov/lp-prod-protected/ECO_L2T_LSTE.002/ECOv002_L2T_LSTE_28085_005_12SVC_20230619T202324_0710_01/ECOv002_L2T_LSTE_28085_005_12SVC_20230619T202324_0710_01_cloud.tif,ECO_L2T_LSTE.002,ECOv002_L2T_LSTE_28085_005_12SVC_20230619T202324_0710_01_cloud.tif,2026-06-09,sha256:81a3cdfe65b8d17628d8dff8eba283ddee7035443f5c69ec99404bdf6f3fd991
https://data.lpdaac.earthdatacloud.nasa.gov/lp-prod-protected/ECO_L2T_LSTE.002/ECOv002_L2T_LSTE_28085_005_12SVC_20230619T202324_0710_01/ECOv002_L2T_LSTE_28085_005_12SVC_20230619T202324_0710_01_water.tif,ECO_L2T_LSTE.002,ECOv002_L2T_LSTE_28085_005_12SVC_20230619T202324_0710_01_water.tif,2026-06-09,sha256:28ee04dfde3fb989873f2c8a5898f91ad3897af23becbcdffb5ea04814b4377e
https://data.lpdaac.earthdatacloud.nasa.gov/lp-prod-protected/ECO_L2T_LSTE.002/ECOv002_L2T_LSTE_28085_005_12SVB_20230619T202324_0710_01/ECOv002_L2T_LSTE_28085_005_12SVB_20230619T202324_0710_01_QC.tif,ECO_L2T_LSTE.002,ECOv002_L2T_LSTE_28085_005_12SVB_20230619T202324_0710_01_QC.tif,2026-06-09,sha256:7c78079477f7cf0a18899dfb99d662f7f2bb79830c6d0856b804c93df99990fc
https://data.lpdaac.earthdatacloud.nasa.gov/lp-prod-protected/ECO_L2T_LSTE.002/ECOv002_L2T_LSTE_28085_005_12SVB_20230619T202324_0710_01/ECOv002_L2T_LSTE_28085_005_12SVB_20230619T202324_0710_01_height.tif,ECO_L2T_LSTE.002,ECOv002_L2T_LSTE_28085_005_12SVB_20230619T202324_0710_01_height.tif,2026-06-09,sha256:47a7895df5bb870979733e81f1064637b8083a29605799d2ef259e2a4b4396fb
https://data.lpdaac.earthdatacloud.nasa.gov/lp-prod-protected/ECO_L2T_LSTE.002/ECOv002_L2T_LSTE_28085_005_12SVB_20230619T202324_0710_01/ECOv002_L2T_LSTE_28085_005_12SVB_20230619T202324_0710_01_cloud.tif,ECO_L2T_LSTE.002,ECOv002_L2T_LSTE_28085_005_12SVB_20230619T202324_0710_01_cloud.tif,2026-06-09,sha256:910d921eb7022c83cbdfd2cf5fee399968e2228cba97896027aa37eceb6ee56e
https://data.lpdaac.earthdatacloud.nasa.gov/lp-prod-protected/ECO_L2T_LSTE.002/ECOv002_L2T_LSTE_28085_005_12SVB_20230619T202324_0710_01/ECOv002_L2T_LSTE_28085_005_12SVB_20230619T202324_0710_01_LST.tif,ECO_L2T_LSTE.002,ECOv002_L2T_LSTE_28085_005_12SVB_20230619T202324_0710_01_LST.tif,2026-06-09,sha256:adec8129d8c9ed0bd493b959efc2907512289cdc002ba3494873b8297ac24517
https://data.lpdaac.earthdatacloud.nasa.gov/lp-prod-protected/ECO_L2T_LSTE.002/ECOv002_L2T_LSTE_28085_005_12SVB_20230619T202324_0710_01/ECOv002_L2T_LSTE_28085_005_12SVB_20230619T202324_0710_01_water.tif,ECO_L2T_LSTE.002,ECOv002_L2T_LSTE_28085_005_12SVB_20230619T202324_0710_01_water.tif,2026-06-09,sha256:5749fef9fbc21406085e32abc627089e99b8cedb882880517b7acb2247356739
https://data.lpdaac.earthdatacloud.nasa.gov/lp-prod-protected/ECO_L2T_LSTE.002/ECOv002_L2T_LSTE_28085_005_12SUC_20230619T202324_0711_02/ECOv002_L2T_LSTE_28085_005_12SUC_20230619T202324_0711_02_water.tif,ECO_L2T_LSTE.002,ECOv002_L2T_LSTE_28085_005_12SUC_20230619T202324_0711_02_water.tif,2026-06-09,sha256:54ec16844600b5b9bfac5acf21a2d5629a16d8e5a6bcca163da69bde16ddc894
https://data.lpdaac.earthdatacloud.nasa.gov/lp-prod-protected/ECO_L2T_LSTE.002/ECOv002_L2T_LSTE_28085_005_12SUC_20230619T202324_0711_02/ECOv002_L2T_LSTE_28085_005_12SUC_20230619T202324_0711_02_cloud.tif,ECO_L2T_LSTE.002,ECOv002_L2T_LSTE_28085_005_12SUC_20230619T202324_0711_02_cloud.tif,2026-06-09,sha256:29a947b905bef1ccd829b068148d8f1e460bc261617e9dc7b5e678f31b024e30
https://data.lpdaac.earthdatacloud.nasa.gov/lp-prod-protected/ECO_L2T_LSTE.002/ECOv002_L2T_LSTE_28085_005_12SUC_20230619T202324_0711_02/ECOv002_L2T_LSTE_28085_005_12SUC_20230619T202324_0711_02_height.tif,ECO_L2T_LSTE.002,ECOv002_L2T_LSTE_28085_005_12SUC_20230619T202324_0711_02_height.tif,2026-06-09,sha256:bdd42546d091a7cfa432cfb009e928068cd8244127b9f84d2474b68314271ee6
https://data.lpdaac.earthdatacloud.nasa.gov/lp-prod-protected/ECO_L2T_LSTE.002/ECOv002_L2T_LSTE_28085_005_12SUC_20230619T202324_0711_02/ECOv002_L2T_LSTE_28085_005_12SUC_20230619T202324_0711_02_QC.tif,ECO_L2T_LSTE.002,ECOv002_L2T_LSTE_28085_005_12SUC_20230619T202324_0711_02_QC.tif,2026-06-09,sha256:67c0b6afd6f3772cd3c0bd1501ace039f03ee56edbb8fe8a1ba3eeb174ffc6c5
https://data.lpdaac.earthdatacloud.nasa.gov/lp-prod-protected/ECO_L2T_LSTE.002/ECOv002_L2T_LSTE_28085_005_12SUC_20230619T202324_0711_02/ECOv002_L2T_LSTE_28085_005_12SUC_20230619T202324_0711_02_LST.tif,ECO_L2T_LSTE.002,ECOv002_L2T_LSTE_28085_005_12SUC_20230619T202324_0711_02_LST.tif,2026-06-09,sha256:0485ccf15514c878ee9a1bb0052466ba96a3eb6ad81fdf247887c7d8bbc95c87
https://data.lpdaac.earthdatacloud.nasa.gov/lp-prod-protected/ECO_L2T_LSTE.002/ECOv002_L2T_LSTE_28085_005_12SVB_20230619T202324_0711_02/ECOv002_L2T_LSTE_28085_005_12SVB_20230619T202324_0711_02_water.tif,ECO_L2T_LSTE.002,ECOv002_L2T_LSTE_28085_005_12SVB_20230619T202324_0711_02_water.tif,2026-06-09,sha256:60f45522f73370a76036880685657b47ac89bd791c6194ff6001455f46a98bcb
https://data.lpdaac.earthdatacloud.nasa.gov/lp-prod-protected/ECO_L2T_LSTE.002/ECOv002_L2T_LSTE_28085_005_12SVB_20230619T202324_0711_02/ECOv002_L2T_LSTE_28085_005_12SVB_20230619T202324_0711_02_cloud.tif,ECO_L2T_LSTE.002,ECOv002_L2T_LSTE_28085_005_12SVB_20230619T202324_0711_02_cloud.tif,2026-06-09,sha256:12061ebef877ce572645c9ee98856a4d445b31a6e9baeaf4500abd6c02c34eb6
https://data.lpdaac.earthdatacloud.nasa.gov/lp-prod-protected/ECO_L2T_LSTE.002/ECOv002_L2T_LSTE_28085_005_12SVB_20230619T202324_0711_02/ECOv002_L2T_LSTE_28085_005_12SVB_20230619T202324_0711_02_height.tif,ECO_L2T_LSTE.002,ECOv002_L2T_LSTE_28085_005_12SVB_20230619T202324_0711_02_height.tif,2026-06-09,sha256:b00490b62c575b18881712268093218656cad3896644de068e350a4b61b02b6d
https://data.lpdaac.earthdatacloud.nasa.gov/lp-prod-protected/ECO_L2T_LSTE.002/ECOv002_L2T_LSTE_28085_005_12SVB_20230619T202324_0711_02/ECOv002_L2T_LSTE_28085_005_12SVB_20230619T202324_0711_02_QC.tif,ECO_L2T_LSTE.002,ECOv002_L2T_LSTE_28085_005_12SVB_20230619T202324_0711_02_QC.tif,2026-06-09,sha256:2cd78e66cf6ab4693b31a892e233984639ced803c16976fc9bc70cb31b24d3a4
https://data.lpdaac.earthdatacloud.nasa.gov/lp-prod-protected/ECO_L2T_LSTE.002/ECOv002_L2T_LSTE_28085_005_12SVB_20230619T202324_0711_02/ECOv002_L2T_LSTE_28085_005_12SVB_20230619T202324_0711_02_LST.tif,ECO_L2T_LSTE.002,ECOv002_L2T_LSTE_28085_005_12SVB_20230619T202324_0711_02_LST.tif,2026-06-09,sha256:22596884afb4286ca591513541cc87f6d3e7bd2eb845f54504893bad9cfcbbe9
https://data.lpdaac.earthdatacloud.nasa.gov/lp-prod-protected/ECO_L2T_LSTE.002/ECOv002_L2T_LSTE_28085_005_12SVC_20230619T202324_0711_02/ECOv002_L2T_LSTE_28085_005_12SVC_20230619T202324_0711_02_water.tif,ECO_L2T_LSTE.002,ECOv002_L2T_LSTE_28085_005_12SVC_20230619T202324_0711_02_water.tif,2026-06-09,sha256:e1b8f01f6af6e8281cec82142baa4e6fcac069d9d5f41b5173e481f6d083131d
https://data.lpdaac.earthdatacloud.nasa.gov/lp-prod-protected/ECO_L2T_LSTE.002/ECOv002_L2T_LSTE_28085_005_12SVC_20230619T202324_0711_02/ECOv002_L2T_LSTE_28085_005_12SVC_20230619T202324_0711_02_cloud.tif,ECO_L2T_LSTE.002,ECOv002_L2T_LSTE_28085_005_12SVC_20230619T202324_0711_02_cloud.tif,2026-06-09,sha256:f80a566b6a8789e5ee3ba485e63bba6fde86914993759d72ef7697341cee1cb9
https://data.lpdaac.earthdatacloud.nasa.gov/lp-prod-protected/ECO_L2T_LSTE.002/ECOv002_L2T_LSTE_28085_005_12SVC_20230619T202324_0711_02/ECOv002_L2T_LSTE_28085_005_12SVC_20230619T202324_0711_02_height.tif,ECO_L2T_LSTE.002,ECOv002_L2T_LSTE_28085_005_12SVC_20230619T202324_0711_02_height.tif,2026-06-09,sha256:9e29d1cc148b5fb6ba8c0adfe721a977d24756efc74a9fabe0d0d42b01225aef
https://data.lpdaac.earthdatacloud.nasa.gov/lp-prod-protected/ECO_L2T_LSTE.002/ECOv002_L2T_LSTE_28085_005_12SVC_20230619T202324_0711_02/ECOv002_L2T_LSTE_28085_005_12SVC_20230619T202324_0711_02_QC.tif,ECO_L2T_LSTE.002,ECOv002_L2T_LSTE_28085_005_12SVC_20230619T202324_0711_02_QC.tif,2026-06-09,sha256:2b7b5c6ad07c906cb0326b0cba5d2ff57656e22f0bdcf6bcd1f3cd651658d6a8
https://data.lpdaac.earthdatacloud.nasa.gov/lp-prod-protected/ECO_L2T_LSTE.002/ECOv002_L2T_LSTE_28085_005_12SVC_20230619T202324_0711_02/ECOv002_L2T_LSTE_28085_005_12SVC_20230619T202324_0711_02_LST.tif,ECO_L2T_LSTE.002,ECOv002_L2T_LSTE_28085_005_12SVC_20230619T202324_0711_02_LST.tif,2026-06-09,sha256:997c054bd42222a739b595be5d94b62cdbc2baf2aeb1f191a4764305f8f1c8b3
https://data.lpdaac.earthdatacloud.nasa.gov/lp-prod-protected/ECO_L2T_LSTE.002/ECOv002_L2T_LSTE_28085_005_12SUB_20230619T202324_0711_02/ECOv002_L2T_LSTE_28085_005_12SUB_20230619T202324_0711_02_water.tif,ECO_L2T_LSTE.002,ECOv002_L2T_LSTE_28085_005_12SUB_20230619T202324_0711_02_water.tif,2026-06-09,sha256:580b8d85b628e7b49bfffc46760c2457c4d4c5602d524d9c7c9006abacf49b38
https://data.lpdaac.earthdatacloud.nasa.gov/lp-prod-protected/ECO_L2T_LSTE.002/ECOv002_L2T_LSTE_28085_005_12SUB_20230619T202324_0711_02/ECOv002_L2T_LSTE_28085_005_12SUB_20230619T202324_0711_02_cloud.tif,ECO_L2T_LSTE.002,ECOv002_L2T_LSTE_28085_005_12SUB_20230619T202324_0711_02_cloud.tif,2026-06-09,sha256:ec5012978025cd46d04d77ed294320cfec95ceaaae5b477caadfcbca227033f4
https://data.lpdaac.earthdatacloud.nasa.gov/lp-prod-protected/ECO_L2T_LSTE.002/ECOv002_L2T_LSTE_28085_005_12SUB_20230619T202324_0711_02/ECOv002_L2T_LSTE_28085_005_12SUB_20230619T202324_0711_02_height.tif,ECO_L2T_LSTE.002,ECOv002_L2T_LSTE_28085_005_12SUB_20230619T202324_0711_02_height.tif,2026-06-09,sha256:207d427bff1c4b86a2e031328dc7d7fd055cd1731d8df7197360acfad1e42a92
https://data.lpdaac.earthdatacloud.nasa.gov/lp-prod-protected/ECO_L2T_LSTE.002/ECOv002_L2T_LSTE_28085_005_12SUB_20230619T202324_0711_02/ECOv002_L2T_LSTE_28085_005_12SUB_20230619T202324_0711_02_QC.tif,ECO_L2T_LSTE.002,ECOv002_L2T_LSTE_28085_005_12SUB_20230619T202324_0711_02_QC.tif,2026-06-09,sha256:daf21d78ee068bb35d951cef15e0b909a08c5cc0bf617b38c800f09cdc25298e
https://data.lpdaac.earthdatacloud.nasa.gov/lp-prod-protected/ECO_L2T_LSTE.002/ECOv002_L2T_LSTE_28085_005_12SUB_20230619T202324_0711_02/ECOv002_L2T_LSTE_28085_005_12SUB_20230619T202324_0711_02_LST.tif,ECO_L2T_LSTE.002,ECOv002_L2T_LSTE_28085_005_12SUB_20230619T202324_0711_02_LST.tif,2026-06-09,sha256:73d5ba460b29a9efb855e64ee6c3621d462cb0ab3be1b16a6ca1d381169063f8
https://data.lpdaac.earthdatacloud.nasa.gov/lp-prod-protected/ECO_L2T_LSTE.002/ECOv002_L2T_LSTE_28111_005_12SUB_20230621T121406_0710_01/ECOv002_L2T_LSTE_28111_005_12SUB_20230621T121406_0710_01_water.tif,ECO_L2T_LSTE.002,ECOv002_L2T_LSTE_28111_005_12SUB_20230621T121406_0710_01_water.tif,2026-06-09,sha256:066c99b6f09b204b16a6d14a14059919fca18dc41ae679ee1c7b246e6b415216
https://data.lpdaac.earthdatacloud.nasa.gov/lp-prod-protected/ECO_L2T_LSTE.002/ECOv002_L2T_LSTE_28111_005_12SUB_20230621T121406_0710_01/ECOv002_L2T_LSTE_28111_005_12SUB_20230621T121406_0710_01_QC.tif,ECO_L2T_LSTE.002,ECOv002_L2T_LSTE_28111_005_12SUB_20230621T121406_0710_01_QC.tif,2026-06-09,sha256:bb26b146019f3764210c07f849cdabb4e4746937c621dec77cfa96fc8bec0034
https://data.lpdaac.earthdatacloud.nasa.gov/lp-prod-protected/ECO_L2T_LSTE.002/ECOv002_L2T_LSTE_28111_005_12SUB_20230621T121406_0710_01/ECOv002_L2T_LSTE_28111_005_12SUB_20230621T121406_0710_01_cloud.tif,ECO_L2T_LSTE.002,ECOv002_L2T_LSTE_28111_005_12SUB_20230621T121406_0710_01_cloud.tif,2026-06-09,sha256:18a2dd7d75f4a4fe437f36eb93b68320240fc232acbdea34f7d0a0755bdb4448
https://data.lpdaac.earthdatacloud.nasa.gov/lp-prod-protected/ECO_L2T_LSTE.002/ECOv002_L2T_LSTE_28111_005_12SUB_20230621T121406_0710_01/ECOv002_L2T_LSTE_28111_005_12SUB_20230621T121406_0710_01_height.tif,ECO_L2T_LSTE.002,ECOv002_L2T_LSTE_28111_005_12SUB_20230621T121406_0710_01_height.tif,2026-06-09,sha256:865a523d3d65c85a6579f3d6869197f51e91b3035949288eb058fbd8ffc14413
https://data.lpdaac.earthdatacloud.nasa.gov/lp-prod-protected/ECO_L2T_LSTE.002/ECOv002_L2T_LSTE_28111_005_12SUB_20230621T121406_0710_01/ECOv002_L2T_LSTE_28111_005_12SUB_20230621T121406_0710_01_LST.tif,ECO_L2T_LSTE.002,ECOv002_L2T_LSTE_28111_005_12SUB_20230621T121406_0710_01_LST.tif,2026-06-09,sha256:cb70e78db7f2a853362ec0be6755a6c7ae968996bf22453c19663c990bd1be1a
https://data.lpdaac.earthdatacloud.nasa.gov/lp-prod-protected/ECO_L2T_LSTE.002/ECOv002_L2T_LSTE_28111_005_12SUC_20230621T121406_0710_01/ECOv002_L2T_LSTE_28111_005_12SUC_20230621T121406_0710_01_QC.tif,ECO_L2T_LSTE.002,ECOv002_L2T_LSTE_28111_005_12SUC_20230621T121406_0710_01_QC.tif,2026-06-09,sha256:bfbab5421fb83faa15f5b4fd2e9e92c962a2c3c289726d7601ef1f7a27c94a53
https://data.lpdaac.earthdatacloud.nasa.gov/lp-prod-protected/ECO_L2T_LSTE.002/ECOv002_L2T_LSTE_28111_005_12SUC_20230621T121406_0710_01/ECOv002_L2T_LSTE_28111_005_12SUC_20230621T121406_0710_01_water.tif,ECO_L2T_LSTE.002,ECOv002_L2T_LSTE_28111_005_12SUC_20230621T121406_0710_01_water.tif,2026-06-09,sha256:6c173b3b121800507c6477c0c75fed3fd478ef04e8321092d47f6fab8da874fd
https://data.lpdaac.earthdatacloud.nasa.gov/lp-prod-protected/ECO_L2T_LSTE.002/ECOv002_L2T_LSTE_28111_005_12SUC_20230621T121406_0710_01/ECOv002_L2T_LSTE_28111_005_12SUC_20230621T121406_0710_01_cloud.tif,ECO_L2T_LSTE.002,ECOv002_L2T_LSTE_28111_005_12SUC_20230621T121406_0710_01_cloud.tif,2026-06-09,sha256:0ffb1964d37c213acaf31537325f71663bed171929f8b63edf929bfe9dcef6de
https://data.lpdaac.earthdatacloud.nasa.gov/lp-prod-protected/ECO_L2T_LSTE.002/ECOv002_L2T_LSTE_28111_005_12SUC_20230621T121406_0710_01/ECOv002_L2T_LSTE_28111_005_12SUC_20230621T121406_0710_01_height.tif,ECO_L2T_LSTE.002,ECOv002_L2T_LSTE_28111_005_12SUC_20230621T121406_0710_01_height.tif,2026-06-09,sha256:ba944f72d5fad03cb5e7f8a98250c05ef311dde0d194527de1e0257087ac7261
https://data.lpdaac.earthdatacloud.nasa.gov/lp-prod-protected/ECO_L2T_LSTE.002/ECOv002_L2T_LSTE_28111_005_12SUC_20230621T121406_0710_01/ECOv002_L2T_LSTE_28111_005_12SUC_20230621T121406_0710_01_LST.tif,ECO_L2T_LSTE.002,ECOv002_L2T_LSTE_28111_005_12SUC_20230621T121406_0710_01_LST.tif,2026-06-09,sha256:0d70b4848ac802515447cefcb56f433deb486c630b49780f06ca7b2d64dcd576
https://data.lpdaac.earthdatacloud.nasa.gov/lp-prod-protected/ECO_L2T_LSTE.002/ECOv002_L2T_LSTE_28111_005_12SVB_20230621T121406_0710_01/ECOv002_L2T_LSTE_28111_005_12SVB_20230621T121406_0710_01_water.tif,ECO_L2T_LSTE.002,ECOv002_L2T_LSTE_28111_005_12SVB_20230621T121406_0710_01_water.tif,2026-06-09,sha256:2e4eb927b9b9f0d8d567e99a8d7b0a9f7054654867db7ecb84e88be1bffa3c31
https://data.lpdaac.earthdatacloud.nasa.gov/lp-prod-protected/ECO_L2T_LSTE.002/ECOv002_L2T_LSTE_28111_005_12SVB_20230621T121406_0710_01/ECOv002_L2T_LSTE_28111_005_12SVB_20230621T121406_0710_01_cloud.tif,ECO_L2T_LSTE.002,ECOv002_L2T_LSTE_28111_005_12SVB_20230621T121406_0710_01_cloud.tif,2026-06-09,sha256:753e9c615247588f508c74be1d789307fef1d1c882d39f7882620341d52aaf42
https://data.lpdaac.earthdatacloud.nasa.gov/lp-prod-protected/ECO_L2T_LSTE.002/ECOv002_L2T_LSTE_28111_005_12SVB_20230621T121406_0710_01/ECOv002_L2T_LSTE_28111_005_12SVB_20230621T121406_0710_01_height.tif,ECO_L2T_LSTE.002,ECOv002_L2T_LSTE_28111_005_12SVB_20230621T121406_0710_01_height.tif,2026-06-09,sha256:677386be13dae667807f8fe124520bdc1167ff70d5039a2e646714151362e7e5
https://data.lpdaac.earthdatacloud.nasa.gov/lp-prod-protected/ECO_L2T_LSTE.002/ECOv002_L2T_LSTE_28111_005_12SVB_20230621T121406_0710_01/ECOv002_L2T_LSTE_28111_005_12SVB_20230621T121406_0710_01_QC.tif,ECO_L2T_LSTE.002,ECOv002_L2T_LSTE_28111_005_12SVB_20230621T121406_0710_01_QC.tif,2026-06-09,sha256:e6ee2ae819bdb6b00654c446906b21606c8c5cfa91a06e118bafb482a396c86e
https://data.lpdaac.earthdatacloud.nasa.gov/lp-prod-protected/ECO_L2T_LSTE.002/ECOv002_L2T_LSTE_28111_005_12SVB_20230621T121406_0710_01/ECOv002_L2T_LSTE_28111_005_12SVB_20230621T121406_0710_01_LST.tif,ECO_L2T_LSTE.002,ECOv002_L2T_LSTE_28111_005_12SVB_20230621T121406_0710_01_LST.tif,2026-06-09,sha256:c9f01859d5d8bb33c4decbc7b7ae98f20b8ed32ef5558f4d5229511e16cc461d
https://data.lpdaac.earthdatacloud.nasa.gov/lp-prod-protected/ECO_L2T_LSTE.002/ECOv002_L2T_LSTE_28111_005_12SVC_20230621T121406_0710_01/ECOv002_L2T_LSTE_28111_005_12SVC_20230621T121406_0710_01_LST.tif,ECO_L2T_LSTE.002,ECOv002_L2T_LSTE_28111_005_12SVC_20230621T121406_0710_01_LST.tif,2026-06-09,sha256:58900b7113ad7d840bbfc8c87311cba12ea5702fbb534d95e0c3b7ee2b58de18
https://data.lpdaac.earthdatacloud.nasa.gov/lp-prod-protected/ECO_L2T_LSTE.002/ECOv002_L2T_LSTE_28111_005_12SVC_20230621T121406_0710_01/ECOv002_L2T_LSTE_28111_005_12SVC_20230621T121406_0710_01_QC.tif,ECO_L2T_LSTE.002,ECOv002_L2T_LSTE_28111_005_12SVC_20230621T121406_0710_01_QC.tif,2026-06-09,sha256:16b1409754e2ad23c42351a255919cb38f32a7388a7cf3979d237814c0df3206
https://data.lpdaac.earthdatacloud.nasa.gov/lp-prod-protected/ECO_L2T_LSTE.002/ECOv002_L2T_LSTE_28111_005_12SVC_20230621T121406_0710_01/ECOv002_L2T_LSTE_28111_005_12SVC_20230621T121406_0710_01_height.tif,ECO_L2T_LSTE.002,ECOv002_L2T_LSTE_28111_005_12SVC_20230621T121406_0710_01_height.tif,2026-06-09,sha256:e596cb5e01663fc715294d7160b5458afd06f6a0b2a88a08824a18f01809fb33
https://data.lpdaac.earthdatacloud.nasa.gov/lp-prod-protected/ECO_L2T_LSTE.002/ECOv002_L2T_LSTE_28111_005_12SVC_20230621T121406_0710_01/ECOv002_L2T_LSTE_28111_005_12SVC_20230621T121406_0710_01_cloud.tif,ECO_L2T_LSTE.002,ECOv002_L2T_LSTE_28111_005_12SVC_20230621T121406_0710_01_cloud.tif,2026-06-09,sha256:ee359be360d73eda01601d097a64ffbebcb4827d7ce804491248ebb053e9f40e
https://data.lpdaac.earthdatacloud.nasa.gov/lp-prod-protected/ECO_L2T_LSTE.002/ECOv002_L2T_LSTE_28111_005_12SVC_20230621T121406_0710_01/ECOv002_L2T_LSTE_28111_005_12SVC_20230621T121406_0710_01_water.tif,ECO_L2T_LSTE.002,ECOv002_L2T_LSTE_28111_005_12SVC_20230621T121406_0710_01_water.tif,2026-06-09,sha256:32bd276dc4842dc3bb92fcbc6bccff0cd80a8d1070ad152c18eab078bca44c81
https://data.lpdaac.earthdatacloud.nasa.gov/lp-prod-protected/ECO_L2T_LSTE.002/ECOv002_L2T_LSTE_28111_005_12SUB_20230621T121406_0711_02/ECOv002_L2T_LSTE_28111_005_12SUB_20230621T121406_0711_02_water.tif,ECO_L2T_LSTE.002,ECOv002_L2T_LSTE_28111_005_12SUB_20230621T121406_0711_02_water.tif,2026-06-09,sha256:37975e5b4b9e7f643342dbfc974256e336bb5e7a932f291e3da8534a9786a5f1
https://data.lpdaac.earthdatacloud.nasa.gov/lp-prod-protected/ECO_L2T_LSTE.002/ECOv002_L2T_LSTE_28111_005_12SUB_20230621T121406_0711_02/ECOv002_L2T_LSTE_28111_005_12SUB_20230621T121406_0711_02_cloud.tif,ECO_L2T_LSTE.002,ECOv002_L2T_LSTE_28111_005_12SUB_20230621T121406_0711_02_cloud.tif,2026-06-09,sha256:ca516d82b4feb71e7d3dcc105205beea59a9adc32b0a0e4d1ab46a0c026334ef
https://data.lpdaac.earthdatacloud.nasa.gov/lp-prod-protected/ECO_L2T_LSTE.002/ECOv002_L2T_LSTE_28111_005_12SUB_20230621T121406_0711_02/ECOv002_L2T_LSTE_28111_005_12SUB_20230621T121406_0711_02_height.tif,ECO_L2T_LSTE.002,ECOv002_L2T_LSTE_28111_005_12SUB_20230621T121406_0711_02_height.tif,2026-06-09,sha256:9c76709f606bcf2c4356063c98aa69b0c9fc0bbd5a117613797cf1a3c0f5fede
https://data.lpdaac.earthdatacloud.nasa.gov/lp-prod-protected/ECO_L2T_LSTE.002/ECOv002_L2T_LSTE_28111_005_12SUB_20230621T121406_0711_02/ECOv002_L2T_LSTE_28111_005_12SUB_20230621T121406_0711_02_QC.tif,ECO_L2T_LSTE.002,ECOv002_L2T_LSTE_28111_005_12SUB_20230621T121406_0711_02_QC.tif,2026-06-09,sha256:41e944f67dbe505fb5cbab03c8f2700bed64a042c1f19ea9d8761a7547d62688
https://data.lpdaac.earthdatacloud.nasa.gov/lp-prod-protected/ECO_L2T_LSTE.002/ECOv002_L2T_LSTE_28111_005_12SUB_20230621T121406_0711_02/ECOv002_L2T_LSTE_28111_005_12SUB_20230621T121406_0711_02_LST.tif,ECO_L2T_LSTE.002,ECOv002_L2T_LSTE_28111_005_12SUB_20230621T121406_0711_02_LST.tif,2026-06-09,sha256:9b53741a9aaaefbb76aace8562ee171cb09fb4edc9cecc09e2f532cd00532007
https://data.lpdaac.earthdatacloud.nasa.gov/lp-prod-protected/ECO_L2T_LSTE.002/ECOv002_L2T_LSTE_28111_005_12SUC_20230621T121406_0711_02/ECOv002_L2T_LSTE_28111_005_12SUC_20230621T121406_0711_02_water.tif,ECO_L2T_LSTE.002,ECOv002_L2T_LSTE_28111_005_12SUC_20230621T121406_0711_02_water.tif,2026-06-09,sha256:69420bbdd87994d5486d9fbe7b11668c90196a8a5666b4428d9facc156979315
https://data.lpdaac.earthdatacloud.nasa.gov/lp-prod-protected/ECO_L2T_LSTE.002/ECOv002_L2T_LSTE_28111_005_12SUC_20230621T121406_0711_02/ECOv002_L2T_LSTE_28111_005_12SUC_20230621T121406_0711_02_cloud.tif,ECO_L2T_LSTE.002,ECOv002_L2T_LSTE_28111_005_12SUC_20230621T121406_0711_02_cloud.tif,2026-06-09,sha256:37c3e7dc05cf9045883afe366140607b2c4c0bfdfcd55f6bc3e21b6729b0f575
https://data.lpdaac.earthdatacloud.nasa.gov/lp-prod-protected/ECO_L2T_LSTE.002/ECOv002_L2T_LSTE_28111_005_12SUC_20230621T121406_0711_02/ECOv002_L2T_LSTE_28111_005_12SUC_20230621T121406_0711_02_height.tif,ECO_L2T_LSTE.002,ECOv002_L2T_LSTE_28111_005_12SUC_20230621T121406_0711_02_height.tif,2026-06-09,sha256:c8e532ccc9e0bce9ff706f977e3b88a091e16c8c16f93700df74106111bbffad
https://data.lpdaac.earthdatacloud.nasa.gov/lp-prod-protected/ECO_L2T_LSTE.002/ECOv002_L2T_LSTE_28111_005_12SUC_20230621T121406_0711_02/ECOv002_L2T_LSTE_28111_005_12SUC_20230621T121406_0711_02_QC.tif,ECO_L2T_LSTE.002,ECOv002_L2T_LSTE_28111_005_12SUC_20230621T121406_0711_02_QC.tif,2026-06-09,sha256:d46c5a1fdb00bc030eff65c88299aa7a75c63ec72a7f732669d5387483807e3c
https://data.lpdaac.earthdatacloud.nasa.gov/lp-prod-protected/ECO_L2T_LSTE.002/ECOv002_L2T_LSTE_28111_005_12SUC_20230621T121406_0711_02/ECOv002_L2T_LSTE_28111_005_12SUC_20230621T121406_0711_02_LST.tif,ECO_L2T_LSTE.002,ECOv002_L2T_LSTE_28111_005_12SUC_20230621T121406_0711_02_LST.tif,2026-06-09,sha256:a3b18f1885ca8f2cfcd4b3b50beba0fcb41d970e6e98b5f8a705da2df25c9a35
https://data.lpdaac.earthdatacloud.nasa.gov/lp-prod-protected/ECO_L2T_LSTE.002/ECOv002_L2T_LSTE_28111_005_12SVC_20230621T121406_0711_02/ECOv002_L2T_LSTE_28111_005_12SVC_20230621T121406_0711_02_water.tif,ECO_L2T_LSTE.002,ECOv002_L2T_LSTE_28111_005_12SVC_20230621T121406_0711_02_water.tif,2026-06-09,sha256:d0a1809ceeea7b525c2fe4fbdeb4f202bd347e183cdd504d8a8a3f8797ec3964
https://data.lpdaac.earthdatacloud.nasa.gov/lp-prod-protected/ECO_L2T_LSTE.002/ECOv002_L2T_LSTE_28111_005_12SVC_20230621T121406_0711_02/ECOv002_L2T_LSTE_28111_005_12SVC_20230621T121406_0711_02_cloud.tif,ECO_L2T_LSTE.002,ECOv002_L2T_LSTE_28111_005_12SVC_20230621T121406_0711_02_cloud.tif,2026-06-09,sha256:c8bb84f7272cd085539bdefb1a403f4230fcaeea34f6af006174212ef5606ebe
https://data.lpdaac.earthdatacloud.nasa.gov/lp-prod-protected/ECO_L2T_LSTE.002/ECOv002_L2T_LSTE_28111_005_12SVC_20230621T121406_0711_02/ECOv002_L2T_LSTE_28111_005_12SVC_20230621T121406_0711_02_height.tif,ECO_L2T_LSTE.002,ECOv002_L2T_LSTE_28111_005_12SVC_20230621T121406_0711_02_height.tif,2026-06-09,sha256:94e97a9e8fad2f0843345385fad506abd9791ee759e587051dff77e950fb4822
https://data.lpdaac.earthdatacloud.nasa.gov/lp-prod-protected/ECO_L2T_LSTE.002/ECOv002_L2T_LSTE_28111_005_12SVC_20230621T121406_0711_02/ECOv002_L2T_LSTE_28111_005_12SVC_20230621T121406_0711_02_QC.tif,ECO_L2T_LSTE.002,ECOv002_L2T_LSTE_28111_005_12SVC_20230621T121406_0711_02_QC.tif,2026-06-09,sha256:187360c368baf7e2c8abbda61c396523f3a9a2fbb2635e5a2a7048a1141548de
https://data.lpdaac.earthdatacloud.nasa.gov/lp-prod-protected/ECO_L2T_LSTE.002/ECOv002_L2T_LSTE_28111_005_12SVC_20230621T121406_0711_02/ECOv002_L2T_LSTE_28111_005_12SVC_20230621T121406_0711_02_LST.tif,ECO_L2T_LSTE.002,ECOv002_L2T_LSTE_28111_005_12SVC_20230621T121406_0711_02_LST.tif,2026-06-09,sha256:669cefcb2826b84fa5fbb4d1e75c84762415a693c0db7108653d7ae4e202c8a1
https://data.lpdaac.earthdatacloud.nasa.gov/lp-prod-protected/ECO_L2T_LSTE.002/ECOv002_L2T_LSTE_28111_005_12SVB_20230621T121406_0711_02/ECOv002_L2T_LSTE_28111_005_12SVB_20230621T121406_0711_02_water.tif,ECO_L2T_LSTE.002,ECOv002_L2T_LSTE_28111_005_12SVB_20230621T121406_0711_02_water.tif,2026-06-09,sha256:43606a67a1b056179cd26e299b7b443f6804e0e55246eeae3eeaaf99e139bff3
https://data.lpdaac.earthdatacloud.nasa.gov/lp-prod-protected/ECO_L2T_LSTE.002/ECOv002_L2T_LSTE_28111_005_12SVB_20230621T121406_0711_02/ECOv002_L2T_LSTE_28111_005_12SVB_20230621T121406_0711_02_cloud.tif,ECO_L2T_LSTE.002,ECOv002_L2T_LSTE_28111_005_12SVB_20230621T121406_0711_02_cloud.tif,2026-06-09,sha256:2506908559b556db2eafd1e1b637aae0212f6a9a7c33d4291ea68bf1360b4265
https://data.lpdaac.earthdatacloud.nasa.gov/lp-prod-protected/ECO_L2T_LSTE.002/ECOv002_L2T_LSTE_28111_005_12SVB_20230621T121406_0711_02/ECOv002_L2T_LSTE_28111_005_12SVB_20230621T121406_0711_02_height.tif,ECO_L2T_LSTE.002,ECOv002_L2T_LSTE_28111_005_12SVB_20230621T121406_0711_02_height.tif,2026-06-09,sha256:37955d824ecf3206135363f8a1edaba169484fc78b230cb48173d678d3da4cc4
https://data.lpdaac.earthdatacloud.nasa.gov/lp-prod-protected/ECO_L2T_LSTE.002/ECOv002_L2T_LSTE_28111_005_12SVB_20230621T121406_0711_02/ECOv002_L2T_LSTE_28111_005_12SVB_20230621T121406_0711_02_QC.tif,ECO_L2T_LSTE.002,ECOv002_L2T_LSTE_28111_005_12SVB_20230621T121406_0711_02_QC.tif,2026-06-09,sha256:b47369cdacf2dfd2243029cdd682834ee0ab20261fbe975228814464b4e04d81
https://data.lpdaac.earthdatacloud.nasa.gov/lp-prod-protected/ECO_L2T_LSTE.002/ECOv002_L2T_LSTE_28111_005_12SVB_20230621T121406_0711_02/ECOv002_L2T_LSTE_28111_005_12SVB_20230621T121406_0711_02_LST.tif,ECO_L2T_LSTE.002,ECOv002_L2T_LSTE_28111_005_12SVB_20230621T121406_0711_02_LST.tif,2026-06-09,sha256:ac1a88e0f169963d6b3f5dfec3b158c0b6cf73b40b8447bd36ea9e3a322a40e6
https://data.lpdaac.earthdatacloud.nasa.gov/lp-prod-protected/ECO_L2T_LSTE.002/ECOv002_L2T_LSTE_28126_004_12SUB_20230622T112500_0710_01/ECOv002_L2T_LSTE_28126_004_12SUB_20230622T112500_0710_01_height.tif,ECO_L2T_LSTE.002,ECOv002_L2T_LSTE_28126_004_12SUB_20230622T112500_0710_01_height.tif,2026-06-09,sha256:2c6519c88204a25758431a7ec3eb9b60daac47140d021aea9f66ef492ee9af46
https://data.lpdaac.earthdatacloud.nasa.gov/lp-prod-protected/ECO_L2T_LSTE.002/ECOv002_L2T_LSTE_28126_004_12SUB_20230622T112500_0710_01/ECOv002_L2T_LSTE_28126_004_12SUB_20230622T112500_0710_01_QC.tif,ECO_L2T_LSTE.002,ECOv002_L2T_LSTE_28126_004_12SUB_20230622T112500_0710_01_QC.tif,2026-06-09,sha256:58332eac229853a2bd07bd6468946c05b541579c1b317fd08f2bdce5026b0537
https://data.lpdaac.earthdatacloud.nasa.gov/lp-prod-protected/ECO_L2T_LSTE.002/ECOv002_L2T_LSTE_28126_004_12SUB_20230622T112500_0710_01/ECOv002_L2T_LSTE_28126_004_12SUB_20230622T112500_0710_01_water.tif,ECO_L2T_LSTE.002,ECOv002_L2T_LSTE_28126_004_12SUB_20230622T112500_0710_01_water.tif,2026-06-09,sha256:12926d44db3ee3fcbab890cac674f9849409445af7a5d5599a008ed2ac1cc1ca
https://data.lpdaac.earthdatacloud.nasa.gov/lp-prod-protected/ECO_L2T_LSTE.002/ECOv002_L2T_LSTE_28126_004_12SUB_20230622T112500_0710_01/ECOv002_L2T_LSTE_28126_004_12SUB_20230622T112500_0710_01_cloud.tif,ECO_L2T_LSTE.002,ECOv002_L2T_LSTE_28126_004_12SUB_20230622T112500_0710_01_cloud.tif,2026-06-09,sha256:836ad87d8c355fc39d593c492af2f9564b2c262264c0cb4bf8e7032cdff332ac
https://data.lpdaac.earthdatacloud.nasa.gov/lp-prod-protected/ECO_L2T_LSTE.002/ECOv002_L2T_LSTE_28126_004_12SUB_20230622T112500_0710_01/ECOv002_L2T_LSTE_28126_004_12SUB_20230622T112500_0710_01_LST.tif,ECO_L2T_LSTE.002,ECOv002_L2T_LSTE_28126_004_12SUB_20230622T112500_0710_01_LST.tif,2026-06-09,sha256:1152e427d7aea43ba74048331e5d0662e839fd58237f6d9442c85b0f5681fadb
https://data.lpdaac.earthdatacloud.nasa.gov/lp-prod-protected/ECO_L2T_LSTE.002/ECOv002_L2T_LSTE_28126_004_12SVB_20230622T112500_0710_01/ECOv002_L2T_LSTE_28126_004_12SVB_20230622T112500_0710_01_LST.tif,ECO_L2T_LSTE.002,ECOv002_L2T_LSTE_28126_004_12SVB_20230622T112500_0710_01_LST.tif,2026-06-09,sha256:3f4e1dd8632db133cbf6f30381ba394814217f63271875064512bf2749ea83d7
https://data.lpdaac.earthdatacloud.nasa.gov/lp-prod-protected/ECO_L2T_LSTE.002/ECOv002_L2T_LSTE_28126_004_12SVB_20230622T112500_0710_01/ECOv002_L2T_LSTE_28126_004_12SVB_20230622T112500_0710_01_QC.tif,ECO_L2T_LSTE.002,ECOv002_L2T_LSTE_28126_004_12SVB_20230622T112500_0710_01_QC.tif,2026-06-09,sha256:996a2a78d5de79ae0619641021d76e875244d3e3a722099a90c86e9824477a63
https://data.lpdaac.earthdatacloud.nasa.gov/lp-prod-protected/ECO_L2T_LSTE.002/ECOv002_L2T_LSTE_28126_004_12SVB_20230622T112500_0710_01/ECOv002_L2T_LSTE_28126_004_12SVB_20230622T112500_0710_01_height.tif,ECO_L2T_LSTE.002,ECOv002_L2T_LSTE_28126_004_12SVB_20230622T112500_0710_01_height.tif,2026-06-09,sha256:67e70a7f0d1ab11a6c45dbe85f0b220416f178e990729efdc66076b761a3f0a4
https://data.lpdaac.earthdatacloud.nasa.gov/lp-prod-protected/ECO_L2T_LSTE.002/ECOv002_L2T_LSTE_28126_004_12SVB_20230622T112500_0710_01/ECOv002_L2T_LSTE_28126_004_12SVB_20230622T112500_0710_01_cloud.tif,ECO_L2T_LSTE.002,ECOv002_L2T_LSTE_28126_004_12SVB_20230622T112500_0710_01_cloud.tif,2026-06-09,sha256:0d4d833d9656b91884d2327db3ae09c219fca390a5aed70a0e9dea04556f1030
https://data.lpdaac.earthdatacloud.nasa.gov/lp-prod-protected/ECO_L2T_LSTE.002/ECOv002_L2T_LSTE_28126_004_12SVB_20230622T112500_0710_01/ECOv002_L2T_LSTE_28126_004_12SVB_20230622T112500_0710_01_water.tif,ECO_L2T_LSTE.002,ECOv002_L2T_LSTE_28126_004_12SVB_20230622T112500_0710_01_water.tif,2026-06-09,sha256:07dba1752e0ee1648c22c7edfee8925a5b7283aead79f293fc09f99a47807338
https://data.lpdaac.earthdatacloud.nasa.gov/lp-prod-protected/ECO_L2T_LSTE.002/ECOv002_L2T_LSTE_28126_004_12SUB_20230622T112500_0711_02/ECOv002_L2T_LSTE_28126_004_12SUB_20230622T112500_0711_02_water.tif,ECO_L2T_LSTE.002,ECOv002_L2T_LSTE_28126_004_12SUB_20230622T112500_0711_02_water.tif,2026-06-09,sha256:12926d44db3ee3fcbab890cac674f9849409445af7a5d5599a008ed2ac1cc1ca
https://data.lpdaac.earthdatacloud.nasa.gov/lp-prod-protected/ECO_L2T_LSTE.002/ECOv002_L2T_LSTE_28126_004_12SUB_20230622T112500_0711_02/ECOv002_L2T_LSTE_28126_004_12SUB_20230622T112500_0711_02_cloud.tif,ECO_L2T_LSTE.002,ECOv002_L2T_LSTE_28126_004_12SUB_20230622T112500_0711_02_cloud.tif,2026-06-09,sha256:6bd8c189f75feb4d4e1f4a5b095698807d287a72232b1cb01836f789a0dc8280
https://data.lpdaac.earthdatacloud.nasa.gov/lp-prod-protected/ECO_L2T_LSTE.002/ECOv002_L2T_LSTE_28126_004_12SUB_20230622T112500_0711_02/ECOv002_L2T_LSTE_28126_004_12SUB_20230622T112500_0711_02_height.tif,ECO_L2T_LSTE.002,ECOv002_L2T_LSTE_28126_004_12SUB_20230622T112500_0711_02_height.tif,2026-06-09,sha256:21d9daa0730562b3c0bb1b7ac22170b093283b58ab82ae2ef3ae82b1df399fc7
https://data.lpdaac.earthdatacloud.nasa.gov/lp-prod-protected/ECO_L2T_LSTE.002/ECOv002_L2T_LSTE_28126_004_12SUB_20230622T112500_0711_02/ECOv002_L2T_LSTE_28126_004_12SUB_20230622T112500_0711_02_QC.tif,ECO_L2T_LSTE.002,ECOv002_L2T_LSTE_28126_004_12SUB_20230622T112500_0711_02_QC.tif,2026-06-09,sha256:cac0113111ed606c69675452b3b2f5b7ddd082a5ff5216ce506f3f5e739a2fc4
https://data.lpdaac.earthdatacloud.nasa.gov/lp-prod-protected/ECO_L2T_LSTE.002/ECOv002_L2T_LSTE_28126_004_12SUB_20230622T112500_0711_02/ECOv002_L2T_LSTE_28126_004_12SUB_20230622T112500_0711_02_LST.tif,ECO_L2T_LSTE.002,ECOv002_L2T_LSTE_28126_004_12SUB_20230622T112500_0711_02_LST.tif,2026-06-09,sha256:ffc580ee50cda14ed871f5d72421ef695661185cd3171d3f4c0e027c81f54519
https://data.lpdaac.earthdatacloud.nasa.gov/lp-prod-protected/ECO_L2T_LSTE.002/ECOv002_L2T_LSTE_28126_004_12SVB_20230622T112500_0711_02/ECOv002_L2T_LSTE_28126_004_12SVB_20230622T112500_0711_02_water.tif,ECO_L2T_LSTE.002,ECOv002_L2T_LSTE_28126_004_12SVB_20230622T112500_0711_02_water.tif,2026-06-09,sha256:750ba544cc7766ac04fb7647dc77d7a64051fbeefb25eed3ab9acad299352fb3
https://data.lpdaac.earthdatacloud.nasa.gov/lp-prod-protected/ECO_L2T_LSTE.002/ECOv002_L2T_LSTE_28126_004_12SVB_20230622T112500_0711_02/ECOv002_L2T_LSTE_28126_004_12SVB_20230622T112500_0711_02_cloud.tif,ECO_L2T_LSTE.002,ECOv002_L2T_LSTE_28126_004_12SVB_20230622T112500_0711_02_cloud.tif,2026-06-09,sha256:ffd9afb2fdb366ad1c8fec9e699774898bc1c5cc404cc15e615140d5cac26127
https://data.lpdaac.earthdatacloud.nasa.gov/lp-prod-protected/ECO_L2T_LSTE.002/ECOv002_L2T_LSTE_28126_004_12SVB_20230622T112500_0711_02/ECOv002_L2T_LSTE_28126_004_12SVB_20230622T112500_0711_02_height.tif,ECO_L2T_LSTE.002,ECOv002_L2T_LSTE_28126_004_12SVB_20230622T112500_0711_02_height.tif,2026-06-09,sha256:f47f5055f769e4b22ab66838e27c65a935a34632c27328454ae503b360b9c8de
https://data.lpdaac.earthdatacloud.nasa.gov/lp-prod-protected/ECO_L2T_LSTE.002/ECOv002_L2T_LSTE_28126_004_12SVB_20230622T112500_0711_02/ECOv002_L2T_LSTE_28126_004_12SVB_20230622T112500_0711_02_QC.tif,ECO_L2T_LSTE.002,ECOv002_L2T_LSTE_28126_004_12SVB_20230622T112500_0711_02_QC.tif,2026-06-09,sha256:81655083d6b97fe286f5533c2c6f41ce3397129e450316d57765e850afb3a085
https://data.lpdaac.earthdatacloud.nasa.gov/lp-prod-protected/ECO_L2T_LSTE.002/ECOv002_L2T_LSTE_28126_004_12SVB_20230622T112500_0711_02/ECOv002_L2T_LSTE_28126_004_12SVB_20230622T112500_0711_02_LST.tif,ECO_L2T_LSTE.002,ECOv002_L2T_LSTE_28126_004_12SVB_20230622T112500_0711_02_LST.tif,2026-06-09,sha256:2601e606b429ca415e62f73819ef647e737c8d94acbcb021fbf1ddf070563976
https://data.lpdaac.earthdatacloud.nasa.gov/lp-prod-protected/ECO_L2T_LSTE.002/ECOv002_L2T_LSTE_28126_005_12SVC_20230622T112552_0710_01/ECOv002_L2T_LSTE_28126_005_12SVC_20230622T112552_0710_01_water.tif,ECO_L2T_LSTE.002,ECOv002_L2T_LSTE_28126_005_12SVC_20230622T112552_0710_01_water.tif,2026-06-09,sha256:ecf3025c68299bd0049b1d7dc270b1e067d9b90fef9bdc72a5a38ccfeb0b7e10
https://data.lpdaac.earthdatacloud.nasa.gov/lp-prod-protected/ECO_L2T_LSTE.002/ECOv002_L2T_LSTE_28126_005_12SVC_20230622T112552_0710_01/ECOv002_L2T_LSTE_28126_005_12SVC_20230622T112552_0710_01_cloud.tif,ECO_L2T_LSTE.002,ECOv002_L2T_LSTE_28126_005_12SVC_20230622T112552_0710_01_cloud.tif,2026-06-09,sha256:ca99b9674214cfc75ee7939f09ffad30ee981540f6571401f2c149fdabf728c7
https://data.lpdaac.earthdatacloud.nasa.gov/lp-prod-protected/ECO_L2T_LSTE.002/ECOv002_L2T_LSTE_28126_005_12SVC_20230622T112552_0710_01/ECOv002_L2T_LSTE_28126_005_12SVC_20230622T112552_0710_01_height.tif,ECO_L2T_LSTE.002,ECOv002_L2T_LSTE_28126_005_12SVC_20230622T112552_0710_01_height.tif,2026-06-09,sha256:2b6bb50821a761bbc8dee27ed535e0d689d5b11cfecadf5f2ac1b6ed02b20bf3
https://data.lpdaac.earthdatacloud.nasa.gov/lp-prod-protected/ECO_L2T_LSTE.002/ECOv002_L2T_LSTE_28126_005_12SVC_20230622T112552_0710_01/ECOv002_L2T_LSTE_28126_005_12SVC_20230622T112552_0710_01_QC.tif,ECO_L2T_LSTE.002,ECOv002_L2T_LSTE_28126_005_12SVC_20230622T112552_0710_01_QC.tif,2026-06-09,sha256:2fff5a550ed6785faaeab99ae3bf2c0333de099929f99f5d2a9f79bed1e8942c
https://data.lpdaac.earthdatacloud.nasa.gov/lp-prod-protected/ECO_L2T_LSTE.002/ECOv002_L2T_LSTE_28126_005_12SVC_20230622T112552_0710_01/ECOv002_L2T_LSTE_28126_005_12SVC_20230622T112552_0710_01_LST.tif,ECO_L2T_LSTE.002,ECOv002_L2T_LSTE_28126_005_12SVC_20230622T112552_0710_01_LST.tif,2026-06-09,sha256:85aa4a99ed7ea3f03785908507b1b1c37e9a7e62c0b59a50708511875c4ee025
https://data.lpdaac.earthdatacloud.nasa.gov/lp-prod-protected/ECO_L2T_LSTE.002/ECOv002_L2T_LSTE_28126_005_12SVB_20230622T112552_0710_01/ECOv002_L2T_LSTE_28126_005_12SVB_20230622T112552_0710_01_LST.tif,ECO_L2T_LSTE.002,ECOv002_L2T_LSTE_28126_005_12SVB_20230622T112552_0710_01_LST.tif,2026-06-09,sha256:df6d3817d00ab8b0c34e941cd6b9cd3f528215ab5e07869e0c2400f3137651bc
https://data.lpdaac.earthdatacloud.nasa.gov/lp-prod-protected/ECO_L2T_LSTE.002/ECOv002_L2T_LSTE_28126_005_12SVB_20230622T112552_0710_01/ECOv002_L2T_LSTE_28126_005_12SVB_20230622T112552_0710_01_height.tif,ECO_L2T_LSTE.002,ECOv002_L2T_LSTE_28126_005_12SVB_20230622T112552_0710_01_height.tif,2026-06-09,sha256:d8a9fc4154375a1b5c575fc03f2d4db105452a2eba0df6a8c7b56fe4bba1e11e
https://data.lpdaac.earthdatacloud.nasa.gov/lp-prod-protected/ECO_L2T_LSTE.002/ECOv002_L2T_LSTE_28126_005_12SVB_20230622T112552_0710_01/ECOv002_L2T_LSTE_28126_005_12SVB_20230622T112552_0710_01_cloud.tif,ECO_L2T_LSTE.002,ECOv002_L2T_LSTE_28126_005_12SVB_20230622T112552_0710_01_cloud.tif,2026-06-09,sha256:457c566f5eb5e4602a2facb30a16baf56f49b6fc012283508225bcd29b29ca2f
https://data.lpdaac.earthdatacloud.nasa.gov/lp-prod-protected/ECO_L2T_LSTE.002/ECOv002_L2T_LSTE_28126_005_12SVB_20230622T112552_0710_01/ECOv002_L2T_LSTE_28126_005_12SVB_20230622T112552_0710_01_water.tif,ECO_L2T_LSTE.002,ECOv002_L2T_LSTE_28126_005_12SVB_20230622T112552_0710_01_water.tif,2026-06-09,sha256:5330bdd59b721b9812d2cfacc468382dac52d2fcd60ace86d0589db82a6d4135
https://data.lpdaac.earthdatacloud.nasa.gov/lp-prod-protected/ECO_L2T_LSTE.002/ECOv002_L2T_LSTE_28126_005_12SVB_20230622T112552_0710_01/ECOv002_L2T_LSTE_28126_005_12SVB_20230622T112552_0710_01_QC.tif,ECO_L2T_LSTE.002,ECOv002_L2T_LSTE_28126_005_12SVB_20230622T112552_0710_01_QC.tif,2026-06-09,sha256:2cdd90ce102fb6dd4740342226e128e3b6af8842b6e3e719def1ba5141e55981
https://data.lpdaac.earthdatacloud.nasa.gov/lp-prod-protected/ECO_L2T_LSTE.002/ECOv002_L2T_LSTE_28126_005_12SVC_20230622T112552_0711_02/ECOv002_L2T_LSTE_28126_005_12SVC_20230622T112552_0711_02_water.tif,ECO_L2T_LSTE.002,ECOv002_L2T_LSTE_28126_005_12SVC_20230622T112552_0711_02_water.tif,2026-06-09,sha256:7a169f5482c9e9a4b2bf01aa48b0cd9a0da5da82a70d2c89b34513350687308c
https://data.lpdaac.earthdatacloud.nasa.gov/lp-prod-protected/ECO_L2T_LSTE.002/ECOv002_L2T_LSTE_28126_005_12SVC_20230622T112552_0711_02/ECOv002_L2T_LSTE_28126_005_12SVC_20230622T112552_0711_02_cloud.tif,ECO_L2T_LSTE.002,ECOv002_L2T_LSTE_28126_005_12SVC_20230622T112552_0711_02_cloud.tif,2026-06-09,sha256:28d47046f56e2d7a0036a5bdb4ee0e9a3e414ebd70daa2580ef7fcff5568b13f
https://data.lpdaac.earthdatacloud.nasa.gov/lp-prod-protected/ECO_L2T_LSTE.002/ECOv002_L2T_LSTE_28126_005_12SVC_20230622T112552_0711_02/ECOv002_L2T_LSTE_28126_005_12SVC_20230622T112552_0711_02_height.tif,ECO_L2T_LSTE.002,ECOv002_L2T_LSTE_28126_005_12SVC_20230622T112552_0711_02_height.tif,2026-06-09,sha256:e937619a38b28305dfc8aca9ea90522b4939b4acf7d18da421187679f792a4ae
https://data.lpdaac.earthdatacloud.nasa.gov/lp-prod-protected/ECO_L2T_LSTE.002/ECOv002_L2T_LSTE_28126_005_12SVC_20230622T112552_0711_02/ECOv002_L2T_LSTE_28126_005_12SVC_20230622T112552_0711_02_QC.tif,ECO_L2T_LSTE.002,ECOv002_L2T_LSTE_28126_005_12SVC_20230622T112552_0711_02_QC.tif,2026-06-09,sha256:16be647dbf222357ccc7c6d38951cbce003b9bc362c916dbb5562350a700001f
https://data.lpdaac.earthdatacloud.nasa.gov/lp-prod-protected/ECO_L2T_LSTE.002/ECOv002_L2T_LSTE_28126_005_12SVC_20230622T112552_0711_02/ECOv002_L2T_LSTE_28126_005_12SVC_20230622T112552_0711_02_LST.tif,ECO_L2T_LSTE.002,ECOv002_L2T_LSTE_28126_005_12SVC_20230622T112552_0711_02_LST.tif,2026-06-09,sha256:57e969225ba411a321ca8e90b30f1991147f20b5f59e6f9e6eb2de34eded3c7e
https://data.lpdaac.earthdatacloud.nasa.gov/lp-prod-protected/ECO_L2T_LSTE.002/ECOv002_L2T_LSTE_28126_005_12SVB_20230622T112552_0711_02/ECOv002_L2T_LSTE_28126_005_12SVB_20230622T112552_0711_02_water.tif,ECO_L2T_LSTE.002,ECOv002_L2T_LSTE_28126_005_12SVB_20230622T112552_0711_02_water.tif,2026-06-09,sha256:5330bdd59b721b9812d2cfacc468382dac52d2fcd60ace86d0589db82a6d4135
https://data.lpdaac.earthdatacloud.nasa.gov/lp-prod-protected/ECO_L2T_LSTE.002/ECOv002_L2T_LSTE_28126_005_12SVB_20230622T112552_0711_02/ECOv002_L2T_LSTE_28126_005_12SVB_20230622T112552_0711_02_cloud.tif,ECO_L2T_LSTE.002,ECOv002_L2T_LSTE_28126_005_12SVB_20230622T112552_0711_02_cloud.tif,2026-06-09,sha256:16a3beb8850280331cfdf102824384163a98e82b1e8e8849e03e16e5fa26184b
https://data.lpdaac.earthdatacloud.nasa.gov/lp-prod-protected/ECO_L2T_LSTE.002/ECOv002_L2T_LSTE_28126_005_12SVB_20230622T112552_0711_02/ECOv002_L2T_LSTE_28126_005_12SVB_20230622T112552_0711_02_height.tif,ECO_L2T_LSTE.002,ECOv002_L2T_LSTE_28126_005_12SVB_20230622T112552_0711_02_height.tif,2026-06-09,sha256:1c7139a3267d3ce942093f890802fde12eefd8577e96ddce82a4c824d66d76a1
https://data.lpdaac.earthdatacloud.nasa.gov/lp-prod-protected/ECO_L2T_LSTE.002/ECOv002_L2T_LSTE_28126_005_12SVB_20230622T112552_0711_02/ECOv002_L2T_LSTE_28126_005_12SVB_20230622T112552_0711_02_QC.tif,ECO_L2T_LSTE.002,ECOv002_L2T_LSTE_28126_005_12SVB_20230622T112552_0711_02_QC.tif,2026-06-09,sha256:7cc261722cb56375b046eb4fb09444dcc50f1d9a7c78a900dce01d3ee9c3ccff
https://data.lpdaac.earthdatacloud.nasa.gov/lp-prod-protected/ECO_L2T_LSTE.002/ECOv002_L2T_LSTE_28126_005_12SVB_20230622T112552_0711_02/ECOv002_L2T_LSTE_28126_005_12SVB_20230622T112552_0711_02_LST.tif,ECO_L2T_LSTE.002,ECOv002_L2T_LSTE_28126_005_12SVB_20230622T112552_0711_02_LST.tif,2026-06-09,sha256:235d15d5f6d05693ca6781d0931ad7d650eeab85872538ff20abbc732253f8a9
https://data.lpdaac.earthdatacloud.nasa.gov/lp-prod-protected/ECO_L2T_LSTE.002/ECOv002_L2T_LSTE_28131_014_12SUC_20230622T193326_0710_01/ECOv002_L2T_LSTE_28131_014_12SUC_20230622T193326_0710_01_LST.tif,ECO_L2T_LSTE.002,ECOv002_L2T_LSTE_28131_014_12SUC_20230622T193326_0710_01_LST.tif,2026-06-09,sha256:575ea51798649ca23a40c07138bcd7b57560bb1739a19230650070ae838855a6
https://data.lpdaac.earthdatacloud.nasa.gov/lp-prod-protected/ECO_L2T_LSTE.002/ECOv002_L2T_LSTE_28131_014_12SUC_20230622T193326_0710_01/ECOv002_L2T_LSTE_28131_014_12SUC_20230622T193326_0710_01_QC.tif,ECO_L2T_LSTE.002,ECOv002_L2T_LSTE_28131_014_12SUC_20230622T193326_0710_01_QC.tif,2026-06-09,sha256:4b5b85b084bd0efb5fa8549425c942f7b29315bd5791ff6ba5a0e22af2fc4a9a
https://data.lpdaac.earthdatacloud.nasa.gov/lp-prod-protected/ECO_L2T_LSTE.002/ECOv002_L2T_LSTE_28131_014_12SUC_20230622T193326_0710_01/ECOv002_L2T_LSTE_28131_014_12SUC_20230622T193326_0710_01_height.tif,ECO_L2T_LSTE.002,ECOv002_L2T_LSTE_28131_014_12SUC_20230622T193326_0710_01_height.tif,2026-06-09,sha256:0f686e49b96d9cacf74709f051eb64bcb50746e629d3d61bd1607cb744f0befc
https://data.lpdaac.earthdatacloud.nasa.gov/lp-prod-protected/ECO_L2T_LSTE.002/ECOv002_L2T_LSTE_28131_014_12SUC_20230622T193326_0710_01/ECOv002_L2T_LSTE_28131_014_12SUC_20230622T193326_0710_01_cloud.tif,ECO_L2T_LSTE.002,ECOv002_L2T_LSTE_28131_014_12SUC_20230622T193326_0710_01_cloud.tif,2026-06-09,sha256:fcd2a2dbc28b8aa3a1eae2e80e10f26196a820b1b8fdf92ba8e7096da4cef08f
https://data.lpdaac.earthdatacloud.nasa.gov/lp-prod-protected/ECO_L2T_LSTE.002/ECOv002_L2T_LSTE_28131_014_12SUC_20230622T193326_0710_01/ECOv002_L2T_LSTE_28131_014_12SUC_20230622T193326_0710_01_water.tif,ECO_L2T_LSTE.002,ECOv002_L2T_LSTE_28131_014_12SUC_20230622T193326_0710_01_water.tif,2026-06-09,sha256:fcd2a2dbc28b8aa3a1eae2e80e10f26196a820b1b8fdf92ba8e7096da4cef08f
https://data.lpdaac.earthdatacloud.nasa.gov/lp-prod-protected/ECO_L2T_LSTE.002/ECOv002_L2T_LSTE_28131_014_12SUC_20230622T193326_0711_02/ECOv002_L2T_LSTE_28131_014_12SUC_20230622T193326_0711_02_water.tif,ECO_L2T_LSTE.002,ECOv002_L2T_LSTE_28131_014_12SUC_20230622T193326_0711_02_water.tif,2026-06-09,sha256:fcd2a2dbc28b8aa3a1eae2e80e10f26196a820b1b8fdf92ba8e7096da4cef08f
https://data.lpdaac.earthdatacloud.nasa.gov/lp-prod-protected/ECO_L2T_LSTE.002/ECOv002_L2T_LSTE_28131_014_12SUC_20230622T193326_0711_02/ECOv002_L2T_LSTE_28131_014_12SUC_20230622T193326_0711_02_cloud.tif,ECO_L2T_LSTE.002,ECOv002_L2T_LSTE_28131_014_12SUC_20230622T193326_0711_02_cloud.tif,2026-06-09,sha256:fcd2a2dbc28b8aa3a1eae2e80e10f26196a820b1b8fdf92ba8e7096da4cef08f
https://data.lpdaac.earthdatacloud.nasa.gov/lp-prod-protected/ECO_L2T_LSTE.002/ECOv002_L2T_LSTE_28131_014_12SUC_20230622T193326_0711_02/ECOv002_L2T_LSTE_28131_014_12SUC_20230622T193326_0711_02_height.tif,ECO_L2T_LSTE.002,ECOv002_L2T_LSTE_28131_014_12SUC_20230622T193326_0711_02_height.tif,2026-06-09,sha256:77feb6ffd54d0ccc57af44837bbe45c41ba8388930bb39a53641c72a937fdd9c
https://data.lpdaac.earthdatacloud.nasa.gov/lp-prod-protected/ECO_L2T_LSTE.002/ECOv002_L2T_LSTE_28131_014_12SUC_20230622T193326_0711_02/ECOv002_L2T_LSTE_28131_014_12SUC_20230622T193326_0711_02_QC.tif,ECO_L2T_LSTE.002,ECOv002_L2T_LSTE_28131_014_12SUC_20230622T193326_0711_02_QC.tif,2026-06-09,sha256:924ecc1a1c7daed01639bb7a82c1a7b8734e46436b18abe170d2adf84f508c0b
https://data.lpdaac.earthdatacloud.nasa.gov/lp-prod-protected/ECO_L2T_LSTE.002/ECOv002_L2T_LSTE_28131_014_12SUC_20230622T193326_0711_02/ECOv002_L2T_LSTE_28131_014_12SUC_20230622T193326_0711_02_LST.tif,ECO_L2T_LSTE.002,ECOv002_L2T_LSTE_28131_014_12SUC_20230622T193326_0711_02_LST.tif,2026-06-09,sha256:6b1abe1571796bcdfa2d13976cfd379565979e7606c5141c2f5a703aea78f5f1
https://data.lpdaac.earthdatacloud.nasa.gov/lp-prod-protected/ECO_L2T_LSTE.002/ECOv002_L2T_LSTE_28131_015_12SUC_20230622T193418_0710_01/ECOv002_L2T_LSTE_28131_015_12SUC_20230622T193418_0710_01_LST.tif,ECO_L2T_LSTE.002,ECOv002_L2T_LSTE_28131_015_12SUC_20230622T193418_0710_01_LST.tif,2026-06-09,sha256:0746358b243d25c7c6280f4183a66973b9d3caafa67e31d210ae13fe6599bd8d
https://data.lpdaac.earthdatacloud.nasa.gov/lp-prod-protected/ECO_L2T_LSTE.002/ECOv002_L2T_LSTE_28131_015_12SUC_20230622T193418_0710_01/ECOv002_L2T_LSTE_28131_015_12SUC_20230622T193418_0710_01_height.tif,ECO_L2T_LSTE.002,ECOv002_L2T_LSTE_28131_015_12SUC_20230622T193418_0710_01_height.tif,2026-06-09,sha256:553bdc6f577272e489126be9f047c76808fa595b104f1a423b45aee76a7e84f4
https://data.lpdaac.earthdatacloud.nasa.gov/lp-prod-protected/ECO_L2T_LSTE.002/ECOv002_L2T_LSTE_28131_015_12SUC_20230622T193418_0710_01/ECOv002_L2T_LSTE_28131_015_12SUC_20230622T193418_0710_01_cloud.tif,ECO_L2T_LSTE.002,ECOv002_L2T_LSTE_28131_015_12SUC_20230622T193418_0710_01_cloud.tif,2026-06-09,sha256:778b31d771869c885d445dc2ecb011097ce628212124bc4953326c86d770cf49
https://data.lpdaac.earthdatacloud.nasa.gov/lp-prod-protected/ECO_L2T_LSTE.002/ECOv002_L2T_LSTE_28131_015_12SUC_20230622T193418_0710_01/ECOv002_L2T_LSTE_28131_015_12SUC_20230622T193418_0710_01_QC.tif,ECO_L2T_LSTE.002,ECOv002_L2T_LSTE_28131_015_12SUC_20230622T193418_0710_01_QC.tif,2026-06-09,sha256:5ed155f23ec82bc6b481259f510576e903cd6e82175d76a9099f47263049d7b8
https://data.lpdaac.earthdatacloud.nasa.gov/lp-prod-protected/ECO_L2T_LSTE.002/ECOv002_L2T_LSTE_28131_015_12SUC_20230622T193418_0710_01/ECOv002_L2T_LSTE_28131_015_12SUC_20230622T193418_0710_01_water.tif,ECO_L2T_LSTE.002,ECOv002_L2T_LSTE_28131_015_12SUC_20230622T193418_0710_01_water.tif,2026-06-09,sha256:c4e884a6ec4ea73ae6dcc98b64e7bebf22cfb11c8504c2a4ca2d5bba8993e6fa
https://data.lpdaac.earthdatacloud.nasa.gov/lp-prod-protected/ECO_L2T_LSTE.002/ECOv002_L2T_LSTE_28131_015_12SUB_20230622T193418_0710_01/ECOv002_L2T_LSTE_28131_015_12SUB_20230622T193418_0710_01_height.tif,ECO_L2T_LSTE.002,ECOv002_L2T_LSTE_28131_015_12SUB_20230622T193418_0710_01_height.tif,2026-06-09,sha256:c9d3d227361ce07a49660fce0d0f993f7772e191ba9a91390c7a5c54bfbecad6
https://data.lpdaac.earthdatacloud.nasa.gov/lp-prod-protected/ECO_L2T_LSTE.002/ECOv002_L2T_LSTE_28131_015_12SUB_20230622T193418_0710_01/ECOv002_L2T_LSTE_28131_015_12SUB_20230622T193418_0710_01_LST.tif,ECO_L2T_LSTE.002,ECOv002_L2T_LSTE_28131_015_12SUB_20230622T193418_0710_01_LST.tif,2026-06-09,sha256:a49ec3afd2c562e38a7bef2b3d59fe9aeb6dabb670c7bd55b7810adc2b681a1e
https://data.lpdaac.earthdatacloud.nasa.gov/lp-prod-protected/ECO_L2T_LSTE.002/ECOv002_L2T_LSTE_28131_015_12SUB_20230622T193418_0710_01/ECOv002_L2T_LSTE_28131_015_12SUB_20230622T193418_0710_01_water.tif,ECO_L2T_LSTE.002,ECOv002_L2T_LSTE_28131_015_12SUB_20230622T193418_0710_01_water.tif,2026-06-09,sha256:200041ab17ee4c8b703ef71250a7c7bd6b5ba140bb47357819a62da4fbdb87f9
https://data.lpdaac.earthdatacloud.nasa.gov/lp-prod-protected/ECO_L2T_LSTE.002/ECOv002_L2T_LSTE_28131_015_12SUB_20230622T193418_0710_01/ECOv002_L2T_LSTE_28131_015_12SUB_20230622T193418_0710_01_cloud.tif,ECO_L2T_LSTE.002,ECOv002_L2T_LSTE_28131_015_12SUB_20230622T193418_0710_01_cloud.tif,2026-06-09,sha256:12926d44db3ee3fcbab890cac674f9849409445af7a5d5599a008ed2ac1cc1ca
https://data.lpdaac.earthdatacloud.nasa.gov/lp-prod-protected/ECO_L2T_LSTE.002/ECOv002_L2T_LSTE_28131_015_12SUB_20230622T193418_0710_01/ECOv002_L2T_LSTE_28131_015_12SUB_20230622T193418_0710_01_QC.tif,ECO_L2T_LSTE.002,ECOv002_L2T_LSTE_28131_015_12SUB_20230622T193418_0710_01_QC.tif,2026-06-09,sha256:690156575d899cfbc40948c13228593e67108477337d76cc6d39a8a5d3cb190b
https://data.lpdaac.earthdatacloud.nasa.gov/lp-prod-protected/ECO_L2T_LSTE.002/ECOv002_L2T_LSTE_28131_015_12SVB_20230622T193418_0710_01/ECOv002_L2T_LSTE_28131_015_12SVB_20230622T193418_0710_01_QC.tif,ECO_L2T_LSTE.002,ECOv002_L2T_LSTE_28131_015_12SVB_20230622T193418_0710_01_QC.tif,2026-06-09,sha256:b169f020bed08575b91c97167dc077bfe9827ed1b8f653da63056981faba7ade
https://data.lpdaac.earthdatacloud.nasa.gov/lp-prod-protected/ECO_L2T_LSTE.002/ECOv002_L2T_LSTE_28131_015_12SVB_20230622T193418_0710_01/ECOv002_L2T_LSTE_28131_015_12SVB_20230622T193418_0710_01_LST.tif,ECO_L2T_LSTE.002,ECOv002_L2T_LSTE_28131_015_12SVB_20230622T193418_0710_01_LST.tif,2026-06-09,sha256:3027ec0e506a1c1b01e5cf8ba72d74128e1c397fdc24ac5c46a80a774eedb48d
https://data.lpdaac.earthdatacloud.nasa.gov/lp-prod-protected/ECO_L2T_LSTE.002/ECOv002_L2T_LSTE_28131_015_12SVB_20230622T193418_0710_01/ECOv002_L2T_LSTE_28131_015_12SVB_20230622T193418_0710_01_height.tif,ECO_L2T_LSTE.002,ECOv002_L2T_LSTE_28131_015_12SVB_20230622T193418_0710_01_height.tif,2026-06-09,sha256:02f9dba09a45d0a4b51e6f2dde9569baaa9aa3686d25cbb974dfd12bce597ec1
https://data.lpdaac.earthdatacloud.nasa.gov/lp-prod-protected/ECO_L2T_LSTE.002/ECOv002_L2T_LSTE_28131_015_12SVB_20230622T193418_0710_01/ECOv002_L2T_LSTE_28131_015_12SVB_20230622T193418_0710_01_cloud.tif,ECO_L2T_LSTE.002,ECOv002_L2T_LSTE_28131_015_12SVB_20230622T193418_0710_01_cloud.tif,2026-06-09,sha256:5330bdd59b721b9812d2cfacc468382dac52d2fcd60ace86d0589db82a6d4135
https://data.lpdaac.earthdatacloud.nasa.gov/lp-prod-protected/ECO_L2T_LSTE.002/ECOv002_L2T_LSTE_28131_015_12SVB_20230622T193418_0710_01/ECOv002_L2T_LSTE_28131_015_12SVB_20230622T193418_0710_01_water.tif,ECO_L2T_LSTE.002,ECOv002_L2T_LSTE_28131_015_12SVB_20230622T193418_0710_01_water.tif,2026-06-09,sha256:37b501e486e34cda8620bdc801fbe7acf637793882ff4f58bd0b6a719fa6847a
https://data.lpdaac.earthdatacloud.nasa.gov/lp-prod-protected/ECO_L2T_LSTE.002/ECOv002_L2T_LSTE_28131_015_12SVC_20230622T193418_0710_01/ECOv002_L2T_LSTE_28131_015_12SVC_20230622T193418_0710_01_cloud.tif,ECO_L2T_LSTE.002,ECOv002_L2T_LSTE_28131_015_12SVC_20230622T193418_0710_01_cloud.tif,2026-06-09,sha256:1d4459627d8a9675ab12dadd21bb28d082bb0c3e171c8d12ccf24a99402fa5e7
https://data.lpdaac.earthdatacloud.nasa.gov/lp-prod-protected/ECO_L2T_LSTE.002/ECOv002_L2T_LSTE_28131_015_12SVC_20230622T193418_0710_01/ECOv002_L2T_LSTE_28131_015_12SVC_20230622T193418_0710_01_height.tif,ECO_L2T_LSTE.002,ECOv002_L2T_LSTE_28131_015_12SVC_20230622T193418_0710_01_height.tif,2026-06-09,sha256:7ebb32c4f987bfdbfd818d4395427efc9e9bf74acf20f75687b27bcf0ed292e7
https://data.lpdaac.earthdatacloud.nasa.gov/lp-prod-protected/ECO_L2T_LSTE.002/ECOv002_L2T_LSTE_28131_015_12SVC_20230622T193418_0710_01/ECOv002_L2T_LSTE_28131_015_12SVC_20230622T193418_0710_01_LST.tif,ECO_L2T_LSTE.002,ECOv002_L2T_LSTE_28131_015_12SVC_20230622T193418_0710_01_LST.tif,2026-06-09,sha256:b4479000485d9b556b5232fc60264d255ea6954b2d770129cc5324bc7ddf676c
https://data.lpdaac.earthdatacloud.nasa.gov/lp-prod-protected/ECO_L2T_LSTE.002/ECOv002_L2T_LSTE_28131_015_12SVC_20230622T193418_0710_01/ECOv002_L2T_LSTE_28131_015_12SVC_20230622T193418_0710_01_water.tif,ECO_L2T_LSTE.002,ECOv002_L2T_LSTE_28131_015_12SVC_20230622T193418_0710_01_water.tif,2026-06-09,sha256:98af12bf25320137a3f5a3c5f304f66cde0674212734c55be42210123fd887f1
https://data.lpdaac.earthdatacloud.nasa.gov/lp-prod-protected/ECO_L2T_LSTE.002/ECOv002_L2T_LSTE_28131_015_12SVC_20230622T193418_0710_01/ECOv002_L2T_LSTE_28131_015_12SVC_20230622T193418_0710_01_QC.tif,ECO_L2T_LSTE.002,ECOv002_L2T_LSTE_28131_015_12SVC_20230622T193418_0710_01_QC.tif,2026-06-09,sha256:779bd60cc6e07acc3ff11dd89ef14db5c9eca81397311e7b4749f204edddcc5c
https://data.lpdaac.earthdatacloud.nasa.gov/lp-prod-protected/ECO_L2T_LSTE.002/ECOv002_L2T_LSTE_28131_015_12SUC_20230622T193418_0711_02/ECOv002_L2T_LSTE_28131_015_12SUC_20230622T193418_0711_02_water.tif,ECO_L2T_LSTE.002,ECOv002_L2T_LSTE_28131_015_12SUC_20230622T193418_0711_02_water.tif,2026-06-09,sha256:81546834d892d589ec0e2a0186e8aca6e7b107ea560964d5d5784f0a1c1a23e8
https://data.lpdaac.earthdatacloud.nasa.gov/lp-prod-protected/ECO_L2T_LSTE.002/ECOv002_L2T_LSTE_28131_015_12SUC_20230622T193418_0711_02/ECOv002_L2T_LSTE_28131_015_12SUC_20230622T193418_0711_02_cloud.tif,ECO_L2T_LSTE.002,ECOv002_L2T_LSTE_28131_015_12SUC_20230622T193418_0711_02_cloud.tif,2026-06-09,sha256:726ec22acab2615afe69f44b99cefb9fe5046e92cd5b10a371590a35c83eec44
https://data.lpdaac.earthdatacloud.nasa.gov/lp-prod-protected/ECO_L2T_LSTE.002/ECOv002_L2T_LSTE_28131_015_12SUC_20230622T193418_0711_02/ECOv002_L2T_LSTE_28131_015_12SUC_20230622T193418_0711_02_height.tif,ECO_L2T_LSTE.002,ECOv002_L2T_LSTE_28131_015_12SUC_20230622T193418_0711_02_height.tif,2026-06-09,sha256:bcadfdadb8b50b2b16aabf1c735dbf747b10adb01043d547af3984f8503d4bcd
https://data.lpdaac.earthdatacloud.nasa.gov/lp-prod-protected/ECO_L2T_LSTE.002/ECOv002_L2T_LSTE_28131_015_12SUC_20230622T193418_0711_02/ECOv002_L2T_LSTE_28131_015_12SUC_20230622T193418_0711_02_QC.tif,ECO_L2T_LSTE.002,ECOv002_L2T_LSTE_28131_015_12SUC_20230622T193418_0711_02_QC.tif,2026-06-09,sha256:47b21f6d3c8c3df7df67d04de9d9df2f2ac9f5fc961dd5e0e0e31f6b2e5b6845
https://data.lpdaac.earthdatacloud.nasa.gov/lp-prod-protected/ECO_L2T_LSTE.002/ECOv002_L2T_LSTE_28131_015_12SUC_20230622T193418_0711_02/ECOv002_L2T_LSTE_28131_015_12SUC_20230622T193418_0711_02_LST.tif,ECO_L2T_LSTE.002,ECOv002_L2T_LSTE_28131_015_12SUC_20230622T193418_0711_02_LST.tif,2026-06-09,sha256:4d94dc726c35ac8634eeca31a4baf32257638aa8e2245bf41fa95aeb656c7ccb
https://data.lpdaac.earthdatacloud.nasa.gov/lp-prod-protected/ECO_L2T_LSTE.002/ECOv002_L2T_LSTE_28131_015_12SUB_20230622T193418_0711_02/ECOv002_L2T_LSTE_28131_015_12SUB_20230622T193418_0711_02_water.tif,ECO_L2T_LSTE.002,ECOv002_L2T_LSTE_28131_015_12SUB_20230622T193418_0711_02_water.tif,2026-06-09,sha256:129d53ea67c506c73cadaddd36a74e2182d08cca6ceaef530e8751b41f7ddcb8
https://data.lpdaac.earthdatacloud.nasa.gov/lp-prod-protected/ECO_L2T_LSTE.002/ECOv002_L2T_LSTE_28131_015_12SUB_20230622T193418_0711_02/ECOv002_L2T_LSTE_28131_015_12SUB_20230622T193418_0711_02_cloud.tif,ECO_L2T_LSTE.002,ECOv002_L2T_LSTE_28131_015_12SUB_20230622T193418_0711_02_cloud.tif,2026-06-09,sha256:12926d44db3ee3fcbab890cac674f9849409445af7a5d5599a008ed2ac1cc1ca
https://data.lpdaac.earthdatacloud.nasa.gov/lp-prod-protected/ECO_L2T_LSTE.002/ECOv002_L2T_LSTE_28131_015_12SUB_20230622T193418_0711_02/ECOv002_L2T_LSTE_28131_015_12SUB_20230622T193418_0711_02_height.tif,ECO_L2T_LSTE.002,ECOv002_L2T_LSTE_28131_015_12SUB_20230622T193418_0711_02_height.tif,2026-06-09,sha256:deb022af1feb3474c76654d51a22ef9b8b5fd70e8210de8e025ea95dcbff66b6
https://data.lpdaac.earthdatacloud.nasa.gov/lp-prod-protected/ECO_L2T_LSTE.002/ECOv002_L2T_LSTE_28131_015_12SUB_20230622T193418_0711_02/ECOv002_L2T_LSTE_28131_015_12SUB_20230622T193418_0711_02_QC.tif,ECO_L2T_LSTE.002,ECOv002_L2T_LSTE_28131_015_12SUB_20230622T193418_0711_02_QC.tif,2026-06-09,sha256:ea56d905edcc4c9b32818d876ac0bdeaf6bfbfab764a590b2830446e860e83c0
https://data.lpdaac.earthdatacloud.nasa.gov/lp-prod-protected/ECO_L2T_LSTE.002/ECOv002_L2T_LSTE_28131_015_12SUB_20230622T193418_0711_02/ECOv002_L2T_LSTE_28131_015_12SUB_20230622T193418_0711_02_LST.tif,ECO_L2T_LSTE.002,ECOv002_L2T_LSTE_28131_015_12SUB_20230622T193418_0711_02_LST.tif,2026-06-09,sha256:667839b3913c97f9b9a0d46469258368280de71f8514d3eaad31cb6b41dbd04e
https://data.lpdaac.earthdatacloud.nasa.gov/lp-prod-protected/ECO_L2T_LSTE.002/ECOv002_L2T_LSTE_28131_015_12SVC_20230622T193418_0711_02/ECOv002_L2T_LSTE_28131_015_12SVC_20230622T193418_0711_02_water.tif,ECO_L2T_LSTE.002,ECOv002_L2T_LSTE_28131_015_12SVC_20230622T193418_0711_02_water.tif,2026-06-09,sha256:487d1466ee35c6032c67b0291ca12ca794e26011a10ac4cef5e7e56808db5519
https://data.lpdaac.earthdatacloud.nasa.gov/lp-prod-protected/ECO_L2T_LSTE.002/ECOv002_L2T_LSTE_28131_015_12SVC_20230622T193418_0711_02/ECOv002_L2T_LSTE_28131_015_12SVC_20230622T193418_0711_02_cloud.tif,ECO_L2T_LSTE.002,ECOv002_L2T_LSTE_28131_015_12SVC_20230622T193418_0711_02_cloud.tif,2026-06-09,sha256:1d4459627d8a9675ab12dadd21bb28d082bb0c3e171c8d12ccf24a99402fa5e7
https://data.lpdaac.earthdatacloud.nasa.gov/lp-prod-protected/ECO_L2T_LSTE.002/ECOv002_L2T_LSTE_28131_015_12SVC_20230622T193418_0711_02/ECOv002_L2T_LSTE_28131_015_12SVC_20230622T193418_0711_02_height.tif,ECO_L2T_LSTE.002,ECOv002_L2T_LSTE_28131_015_12SVC_20230622T193418_0711_02_height.tif,2026-06-09,sha256:d2a255812df3b74331f7770f1424372d2b76a7d951a728bb9656fcdd8156911d
https://data.lpdaac.earthdatacloud.nasa.gov/lp-prod-protected/ECO_L2T_LSTE.002/ECOv002_L2T_LSTE_28131_015_12SVC_20230622T193418_0711_02/ECOv002_L2T_LSTE_28131_015_12SVC_20230622T193418_0711_02_QC.tif,ECO_L2T_LSTE.002,ECOv002_L2T_LSTE_28131_015_12SVC_20230622T193418_0711_02_QC.tif,2026-06-09,sha256:8c3ead5a6bbb7e9d1a7bf775fa20d130430dd0ba030a68ae51c7825735d4bf75
https://data.lpdaac.earthdatacloud.nasa.gov/lp-prod-protected/ECO_L2T_LSTE.002/ECOv002_L2T_LSTE_28131_015_12SVC_20230622T193418_0711_02/ECOv002_L2T_LSTE_28131_015_12SVC_20230622T193418_0711_02_LST.tif,ECO_L2T_LSTE.002,ECOv002_L2T_LSTE_28131_015_12SVC_20230622T193418_0711_02_LST.tif,2026-06-09,sha256:f134bbce85a47f501ff71b5e33f8011dd57efc2f5919bd7a27fda0d17d2dfe43
https://data.lpdaac.earthdatacloud.nasa.gov/lp-prod-protected/ECO_L2T_LSTE.002/ECOv002_L2T_LSTE_28131_015_12SVB_20230622T193418_0711_02/ECOv002_L2T_LSTE_28131_015_12SVB_20230622T193418_0711_02_water.tif,ECO_L2T_LSTE.002,ECOv002_L2T_LSTE_28131_015_12SVB_20230622T193418_0711_02_water.tif,2026-06-09,sha256:b4404fda380cca2bb6ca4a7d3eafe25f873defdd5defde509f33b169b2b87e1d
https://data.lpdaac.earthdatacloud.nasa.gov/lp-prod-protected/ECO_L2T_LSTE.002/ECOv002_L2T_LSTE_28131_015_12SVB_20230622T193418_0711_02/ECOv002_L2T_LSTE_28131_015_12SVB_20230622T193418_0711_02_cloud.tif,ECO_L2T_LSTE.002,ECOv002_L2T_LSTE_28131_015_12SVB_20230622T193418_0711_02_cloud.tif,2026-06-09,sha256:5330bdd59b721b9812d2cfacc468382dac52d2fcd60ace86d0589db82a6d4135
https://data.lpdaac.earthdatacloud.nasa.gov/lp-prod-protected/ECO_L2T_LSTE.002/ECOv002_L2T_LSTE_28131_015_12SVB_20230622T193418_0711_02/ECOv002_L2T_LSTE_28131_015_12SVB_20230622T193418_0711_02_height.tif,ECO_L2T_LSTE.002,ECOv002_L2T_LSTE_28131_015_12SVB_20230622T193418_0711_02_height.tif,2026-06-09,sha256:de6a77665187495082b0a49732cf4164fcd5da240707dff495f72bca92357219
https://data.lpdaac.earthdatacloud.nasa.gov/lp-prod-protected/ECO_L2T_LSTE.002/ECOv002_L2T_LSTE_28131_015_12SVB_20230622T193418_0711_02/ECOv002_L2T_LSTE_28131_015_12SVB_20230622T193418_0711_02_QC.tif,ECO_L2T_LSTE.002,ECOv002_L2T_LSTE_28131_015_12SVB_20230622T193418_0711_02_QC.tif,2026-06-09,sha256:ac38ddebba16aca7b33dcee2b8045aca81e4738292dd320f852614bcdf991223
https://data.lpdaac.earthdatacloud.nasa.gov/lp-prod-protected/ECO_L2T_LSTE.002/ECOv002_L2T_LSTE_28131_015_12SVB_20230622T193418_0711_02/ECOv002_L2T_LSTE_28131_015_12SVB_20230622T193418_0711_02_LST.tif,ECO_L2T_LSTE.002,ECOv002_L2T_LSTE_28131_015_12SVB_20230622T193418_0711_02_LST.tif,2026-06-09,sha256:a74346607615d3471c177ab54ce0ca026d2e86ff88a310abb9e46ea9835e85d9
https://data.lpdaac.earthdatacloud.nasa.gov/lp-prod-protected/ECO_L2T_LSTE.002/ECOv002_L2T_LSTE_28146_011_12SUC_20230623T184459_0710_01/ECOv002_L2T_LSTE_28146_011_12SUC_20230623T184459_0710_01_water.tif,ECO_L2T_LSTE.002,ECOv002_L2T_LSTE_28146_011_12SUC_20230623T184459_0710_01_water.tif,2026-06-09,sha256:42662beff3cbd7e7970deb7e8584c76e4336ed8cd6d5b2d46542ae24dd3ed498
https://data.lpdaac.earthdatacloud.nasa.gov/lp-prod-protected/ECO_L2T_LSTE.002/ECOv002_L2T_LSTE_28146_011_12SUC_20230623T184459_0710_01/ECOv002_L2T_LSTE_28146_011_12SUC_20230623T184459_0710_01_cloud.tif,ECO_L2T_LSTE.002,ECOv002_L2T_LSTE_28146_011_12SUC_20230623T184459_0710_01_cloud.tif,2026-06-09,sha256:b95e1205b554d84529164aca5b0748b75d653ecc522b137dbda96df0efc56d32
https://data.lpdaac.earthdatacloud.nasa.gov/lp-prod-protected/ECO_L2T_LSTE.002/ECOv002_L2T_LSTE_28146_011_12SUC_20230623T184459_0710_01/ECOv002_L2T_LSTE_28146_011_12SUC_20230623T184459_0710_01_height.tif,ECO_L2T_LSTE.002,ECOv002_L2T_LSTE_28146_011_12SUC_20230623T184459_0710_01_height.tif,2026-06-09,sha256:78ca254c30689bbb593a9d7fd7b86f519a4c7aa0dd4060a4e2d6c5a7d84295aa
https://data.lpdaac.earthdatacloud.nasa.gov/lp-prod-protected/ECO_L2T_LSTE.002/ECOv002_L2T_LSTE_28146_011_12SUC_20230623T184459_0710_01/ECOv002_L2T_LSTE_28146_011_12SUC_20230623T184459_0710_01_QC.tif,ECO_L2T_LSTE.002,ECOv002_L2T_LSTE_28146_011_12SUC_20230623T184459_0710_01_QC.tif,2026-06-09,sha256:d795720244a9b6e7b836541d9971893565572f7716bc714ee7c0c3aa6ed9bc35
https://data.lpdaac.earthdatacloud.nasa.gov/lp-prod-protected/ECO_L2T_LSTE.002/ECOv002_L2T_LSTE_28146_011_12SUC_20230623T184459_0710_01/ECOv002_L2T_LSTE_28146_011_12SUC_20230623T184459_0710_01_LST.tif,ECO_L2T_LSTE.002,ECOv002_L2T_LSTE_28146_011_12SUC_20230623T184459_0710_01_LST.tif,2026-06-09,sha256:64f7fc0c46cb071668c8422389f26674bf1ccf4fc38243f3e11a742327171be0
https://data.lpdaac.earthdatacloud.nasa.gov/lp-prod-protected/ECO_L2T_LSTE.002/ECOv002_L2T_LSTE_28146_011_12SVC_20230623T184459_0710_01/ECOv002_L2T_LSTE_28146_011_12SVC_20230623T184459_0710_01_cloud.tif,ECO_L2T_LSTE.002,ECOv002_L2T_LSTE_28146_011_12SVC_20230623T184459_0710_01_cloud.tif,2026-06-09,sha256:d31c7ecbaed30d14c8bab7bfd602f9cda59524dc629934c3db9635ab09941950
https://data.lpdaac.earthdatacloud.nasa.gov/lp-prod-protected/ECO_L2T_LSTE.002/ECOv002_L2T_LSTE_28146_011_12SVC_20230623T184459_0710_01/ECOv002_L2T_LSTE_28146_011_12SVC_20230623T184459_0710_01_height.tif,ECO_L2T_LSTE.002,ECOv002_L2T_LSTE_28146_011_12SVC_20230623T184459_0710_01_height.tif,2026-06-09,sha256:33b1ad3a380ceafce3c658c73cbaf60c04572a3cdfda3a865b734a4651e4f63f
https://data.lpdaac.earthdatacloud.nasa.gov/lp-prod-protected/ECO_L2T_LSTE.002/ECOv002_L2T_LSTE_28146_011_12SVC_20230623T184459_0710_01/ECOv002_L2T_LSTE_28146_011_12SVC_20230623T184459_0710_01_LST.tif,ECO_L2T_LSTE.002,ECOv002_L2T_LSTE_28146_011_12SVC_20230623T184459_0710_01_LST.tif,2026-06-09,sha256:b3bc83f613a6289cbe68de0459eae292d5f9be81bb5175af6482a97bd287c3c1
https://data.lpdaac.earthdatacloud.nasa.gov/lp-prod-protected/ECO_L2T_LSTE.002/ECOv002_L2T_LSTE_28146_011_12SVC_20230623T184459_0710_01/ECOv002_L2T_LSTE_28146_011_12SVC_20230623T184459_0710_01_water.tif,ECO_L2T_LSTE.002,ECOv002_L2T_LSTE_28146_011_12SVC_20230623T184459_0710_01_water.tif,2026-06-09,sha256:59cbe74baaa3eb96cd6c48a2d36beec50e756460dc689ba3e6615f88c51b7e6f
https://data.lpdaac.earthdatacloud.nasa.gov/lp-prod-protected/ECO_L2T_LSTE.002/ECOv002_L2T_LSTE_28146_011_12SVC_20230623T184459_0710_01/ECOv002_L2T_LSTE_28146_011_12SVC_20230623T184459_0710_01_QC.tif,ECO_L2T_LSTE.002,ECOv002_L2T_LSTE_28146_011_12SVC_20230623T184459_0710_01_QC.tif,2026-06-09,sha256:a6b4a10acb6c7348e38dbbfdfa28a037dd871144d6adcb532fb3cd693aaced9d
https://data.lpdaac.earthdatacloud.nasa.gov/lp-prod-protected/ECO_L2T_LSTE.002/ECOv002_L2T_LSTE_28146_011_12SVB_20230623T184459_0710_01/ECOv002_L2T_LSTE_28146_011_12SVB_20230623T184459_0710_01_water.tif,ECO_L2T_LSTE.002,ECOv002_L2T_LSTE_28146_011_12SVB_20230623T184459_0710_01_water.tif,2026-06-09,sha256:5330bdd59b721b9812d2cfacc468382dac52d2fcd60ace86d0589db82a6d4135
https://data.lpdaac.earthdatacloud.nasa.gov/lp-prod-protected/ECO_L2T_LSTE.002/ECOv002_L2T_LSTE_28146_011_12SVB_20230623T184459_0710_01/ECOv002_L2T_LSTE_28146_011_12SVB_20230623T184459_0710_01_QC.tif,ECO_L2T_LSTE.002,ECOv002_L2T_LSTE_28146_011_12SVB_20230623T184459_0710_01_QC.tif,2026-06-09,sha256:31c9135ba0e2aa8fc024260700aff974e9b99b67dc67416b202deb44b7d05829
https://data.lpdaac.earthdatacloud.nasa.gov/lp-prod-protected/ECO_L2T_LSTE.002/ECOv002_L2T_LSTE_28146_011_12SVB_20230623T184459_0710_01/ECOv002_L2T_LSTE_28146_011_12SVB_20230623T184459_0710_01_cloud.tif,ECO_L2T_LSTE.002,ECOv002_L2T_LSTE_28146_011_12SVB_20230623T184459_0710_01_cloud.tif,2026-06-09,sha256:5330bdd59b721b9812d2cfacc468382dac52d2fcd60ace86d0589db82a6d4135
https://data.lpdaac.earthdatacloud.nasa.gov/lp-prod-protected/ECO_L2T_LSTE.002/ECOv002_L2T_LSTE_28146_011_12SVB_20230623T184459_0710_01/ECOv002_L2T_LSTE_28146_011_12SVB_20230623T184459_0710_01_height.tif,ECO_L2T_LSTE.002,ECOv002_L2T_LSTE_28146_011_12SVB_20230623T184459_0710_01_height.tif,2026-06-09,sha256:a6ae2a93f2d361f2e49568fa7b8d6c87c06ed65e20447f77f6208f3489cf883f
https://data.lpdaac.earthdatacloud.nasa.gov/lp-prod-protected/ECO_L2T_LSTE.002/ECOv002_L2T_LSTE_28146_011_12SVB_20230623T184459_0710_01/ECOv002_L2T_LSTE_28146_011_12SVB_20230623T184459_0710_01_LST.tif,ECO_L2T_LSTE.002,ECOv002_L2T_LSTE_28146_011_12SVB_20230623T184459_0710_01_LST.tif,2026-06-09,sha256:0dbb146e928f4b2a83b4e79c4bcb20b8d9896a65ab5cf4f7d971aeff4566938e
https://data.lpdaac.earthdatacloud.nasa.gov/lp-prod-protected/ECO_L2T_LSTE.002/ECOv002_L2T_LSTE_28146_011_12SVB_20230623T184459_0711_02/ECOv002_L2T_LSTE_28146_011_12SVB_20230623T184459_0711_02_water.tif,ECO_L2T_LSTE.002,ECOv002_L2T_LSTE_28146_011_12SVB_20230623T184459_0711_02_water.tif,2026-06-09,sha256:5330bdd59b721b9812d2cfacc468382dac52d2fcd60ace86d0589db82a6d4135
https://data.lpdaac.earthdatacloud.nasa.gov/lp-prod-protected/ECO_L2T_LSTE.002/ECOv002_L2T_LSTE_28146_011_12SVB_20230623T184459_0711_02/ECOv002_L2T_LSTE_28146_011_12SVB_20230623T184459_0711_02_cloud.tif,ECO_L2T_LSTE.002,ECOv002_L2T_LSTE_28146_011_12SVB_20230623T184459_0711_02_cloud.tif,2026-06-09,sha256:5330bdd59b721b9812d2cfacc468382dac52d2fcd60ace86d0589db82a6d4135
https://data.lpdaac.earthdatacloud.nasa.gov/lp-prod-protected/ECO_L2T_LSTE.002/ECOv002_L2T_LSTE_28146_011_12SVB_20230623T184459_0711_02/ECOv002_L2T_LSTE_28146_011_12SVB_20230623T184459_0711_02_height.tif,ECO_L2T_LSTE.002,ECOv002_L2T_LSTE_28146_011_12SVB_20230623T184459_0711_02_height.tif,2026-06-09,sha256:319c97ea49762998a92a630889891f68d115454f01995fc75fcb7e383cb7fe3d
https://data.lpdaac.earthdatacloud.nasa.gov/lp-prod-protected/ECO_L2T_LSTE.002/ECOv002_L2T_LSTE_28146_011_12SVB_20230623T184459_0711_02/ECOv002_L2T_LSTE_28146_011_12SVB_20230623T184459_0711_02_QC.tif,ECO_L2T_LSTE.002,ECOv002_L2T_LSTE_28146_011_12SVB_20230623T184459_0711_02_QC.tif,2026-06-09,sha256:61d612d537677b290c620526ef6b344ecd7bdb85b5df76b071d85d94aecd0966
https://data.lpdaac.earthdatacloud.nasa.gov/lp-prod-protected/ECO_L2T_LSTE.002/ECOv002_L2T_LSTE_28146_011_12SVB_20230623T184459_0711_02/ECOv002_L2T_LSTE_28146_011_12SVB_20230623T184459_0711_02_LST.tif,ECO_L2T_LSTE.002,ECOv002_L2T_LSTE_28146_011_12SVB_20230623T184459_0711_02_LST.tif,2026-06-09,sha256:5dea8fd7d6e8694116dc36e27a1ec27a6a927954eccad2a2d32078ee5afe53a8
https://data.lpdaac.earthdatacloud.nasa.gov/lp-prod-protected/ECO_L2T_LSTE.002/ECOv002_L2T_LSTE_28146_011_12SVC_20230623T184459_0711_02/ECOv002_L2T_LSTE_28146_011_12SVC_20230623T184459_0711_02_water.tif,ECO_L2T_LSTE.002,ECOv002_L2T_LSTE_28146_011_12SVC_20230623T184459_0711_02_water.tif,2026-06-09,sha256:57fca399a03e3a68ec22d004e767782b51babd66ece4c36d679016d10352ec41
https://data.lpdaac.earthdatacloud.nasa.gov/lp-prod-protected/ECO_L2T_LSTE.002/ECOv002_L2T_LSTE_28146_011_12SVC_20230623T184459_0711_02/ECOv002_L2T_LSTE_28146_011_12SVC_20230623T184459_0711_02_cloud.tif,ECO_L2T_LSTE.002,ECOv002_L2T_LSTE_28146_011_12SVC_20230623T184459_0711_02_cloud.tif,2026-06-09,sha256:8a475f4fc522a1efdbd8dcb1ffebb3de15a1c85375d6b4d6cca15f6d16ab9f7c
https://data.lpdaac.earthdatacloud.nasa.gov/lp-prod-protected/ECO_L2T_LSTE.002/ECOv002_L2T_LSTE_28146_011_12SVC_20230623T184459_0711_02/ECOv002_L2T_LSTE_28146_011_12SVC_20230623T184459_0711_02_height.tif,ECO_L2T_LSTE.002,ECOv002_L2T_LSTE_28146_011_12SVC_20230623T184459_0711_02_height.tif,2026-06-09,sha256:61c886d9edda55cff0fb5206d80ec9d65848a9122704d81b91e3ef0d6920b3b7
https://data.lpdaac.earthdatacloud.nasa.gov/lp-prod-protected/ECO_L2T_LSTE.002/ECOv002_L2T_LSTE_28146_011_12SVC_20230623T184459_0711_02/ECOv002_L2T_LSTE_28146_011_12SVC_20230623T184459_0711_02_QC.tif,ECO_L2T_LSTE.002,ECOv002_L2T_LSTE_28146_011_12SVC_20230623T184459_0711_02_QC.tif,2026-06-09,sha256:825c2185f6126fd92ad6d43daf97b9c9391a6c74aa8b35b65fb7d93a40ac2a7f
https://data.lpdaac.earthdatacloud.nasa.gov/lp-prod-protected/ECO_L2T_LSTE.002/ECOv002_L2T_LSTE_28146_011_12SVC_20230623T184459_0711_02/ECOv002_L2T_LSTE_28146_011_12SVC_20230623T184459_0711_02_LST.tif,ECO_L2T_LSTE.002,ECOv002_L2T_LSTE_28146_011_12SVC_20230623T184459_0711_02_LST.tif,2026-06-09,sha256:623528e462a35678f812a637c4daa3ab3a68fc7dc49e2641621b9bb05d834258
https://data.lpdaac.earthdatacloud.nasa.gov/lp-prod-protected/ECO_L2T_LSTE.002/ECOv002_L2T_LSTE_28146_011_12SUC_20230623T184459_0711_02/ECOv002_L2T_LSTE_28146_011_12SUC_20230623T184459_0711_02_water.tif,ECO_L2T_LSTE.002,ECOv002_L2T_LSTE_28146_011_12SUC_20230623T184459_0711_02_water.tif,2026-06-09,sha256:f7184f1c9a70c6fc75f18ee1a7b5dc8524df069559396ba78733ac86787be7c0
https://data.lpdaac.earthdatacloud.nasa.gov/lp-prod-protected/ECO_L2T_LSTE.002/ECOv002_L2T_LSTE_28146_011_12SUC_20230623T184459_0711_02/ECOv002_L2T_LSTE_28146_011_12SUC_20230623T184459_0711_02_cloud.tif,ECO_L2T_LSTE.002,ECOv002_L2T_LSTE_28146_011_12SUC_20230623T184459_0711_02_cloud.tif,2026-06-09,sha256:1e2ac9a205481f9052828f675349268adf71f59a86d783ba7ea469194c54373d
https://data.lpdaac.earthdatacloud.nasa.gov/lp-prod-protected/ECO_L2T_LSTE.002/ECOv002_L2T_LSTE_28146_011_12SUC_20230623T184459_0711_02/ECOv002_L2T_LSTE_28146_011_12SUC_20230623T184459_0711_02_height.tif,ECO_L2T_LSTE.002,ECOv002_L2T_LSTE_28146_011_12SUC_20230623T184459_0711_02_height.tif,2026-06-09,sha256:ac838fe0d49beac38963f2b3ee2a4a62643f78e723b290b77abcb55e1c656c6f
https://data.lpdaac.earthdatacloud.nasa.gov/lp-prod-protected/ECO_L2T_LSTE.002/ECOv002_L2T_LSTE_28146_011_12SUC_20230623T184459_0711_02/ECOv002_L2T_LSTE_28146_011_12SUC_20230623T184459_0711_02_QC.tif,ECO_L2T_LSTE.002,ECOv002_L2T_LSTE_28146_011_12SUC_20230623T184459_0711_02_QC.tif,2026-06-09,sha256:c5155c2a6e862d4cdeac3a395d58d65e5a039b029e01d54e399f9697dfdb082a
https://data.lpdaac.earthdatacloud.nasa.gov/lp-prod-protected/ECO_L2T_LSTE.002/ECOv002_L2T_LSTE_28146_011_12SUC_20230623T184459_0711_02/ECOv002_L2T_LSTE_28146_011_12SUC_20230623T184459_0711_02_LST.tif,ECO_L2T_LSTE.002,ECOv002_L2T_LSTE_28146_011_12SUC_20230623T184459_0711_02_LST.tif,2026-06-09,sha256:b41006ef929b6c38b181c52c75acf46ef2bfa40327fee0bf7d80ace139335da7
https://data.lpdaac.earthdatacloud.nasa.gov/lp-prod-protected/ECO_L2T_LSTE.002/ECOv002_L2T_LSTE_28146_012_12SVB_20230623T184551_0710_01/ECOv002_L2T_LSTE_28146_012_12SVB_20230623T184551_0710_01_water.tif,ECO_L2T_LSTE.002,ECOv002_L2T_LSTE_28146_012_12SVB_20230623T184551_0710_01_water.tif,2026-06-09,sha256:5330bdd59b721b9812d2cfacc468382dac52d2fcd60ace86d0589db82a6d4135
https://data.lpdaac.earthdatacloud.nasa.gov/lp-prod-protected/ECO_L2T_LSTE.002/ECOv002_L2T_LSTE_28146_012_12SVB_20230623T184551_0710_01/ECOv002_L2T_LSTE_28146_012_12SVB_20230623T184551_0710_01_cloud.tif,ECO_L2T_LSTE.002,ECOv002_L2T_LSTE_28146_012_12SVB_20230623T184551_0710_01_cloud.tif,2026-06-09,sha256:22c873644576a8736bc259dc16c65d77d205c819da4f7b5440a8c901743532c2
https://data.lpdaac.earthdatacloud.nasa.gov/lp-prod-protected/ECO_L2T_LSTE.002/ECOv002_L2T_LSTE_28146_012_12SVB_20230623T184551_0710_01/ECOv002_L2T_LSTE_28146_012_12SVB_20230623T184551_0710_01_height.tif,ECO_L2T_LSTE.002,ECOv002_L2T_LSTE_28146_012_12SVB_20230623T184551_0710_01_height.tif,2026-06-09,sha256:6861b5bb8282c32b4506b2b36605080a3295edd95b61cb57c77e848e01fd3171
https://data.lpdaac.earthdatacloud.nasa.gov/lp-prod-protected/ECO_L2T_LSTE.002/ECOv002_L2T_LSTE_28146_012_12SVB_20230623T184551_0710_01/ECOv002_L2T_LSTE_28146_012_12SVB_20230623T184551_0710_01_QC.tif,ECO_L2T_LSTE.002,ECOv002_L2T_LSTE_28146_012_12SVB_20230623T184551_0710_01_QC.tif,2026-06-09,sha256:c567176b91f73500dc3ec98fffd26046f590950f1ba78e5a4d2c5b7492ae5ecc
https://data.lpdaac.earthdatacloud.nasa.gov/lp-prod-protected/ECO_L2T_LSTE.002/ECOv002_L2T_LSTE_28146_012_12SVB_20230623T184551_0710_01/ECOv002_L2T_LSTE_28146_012_12SVB_20230623T184551_0710_01_LST.tif,ECO_L2T_LSTE.002,ECOv002_L2T_LSTE_28146_012_12SVB_20230623T184551_0710_01_LST.tif,2026-06-09,sha256:3529bbd78fe3aeb6ce4946324f10e94f9221316a91bc0d15f7f11d90e972d0f2
https://data.lpdaac.earthdatacloud.nasa.gov/lp-prod-protected/ECO_L2T_LSTE.002/ECOv002_L2T_LSTE_28146_012_12SVC_20230623T184551_0710_01/ECOv002_L2T_LSTE_28146_012_12SVC_20230623T184551_0710_01_water.tif,ECO_L2T_LSTE.002,ECOv002_L2T_LSTE_28146_012_12SVC_20230623T184551_0710_01_water.tif,2026-06-09,sha256:92f0d8fd0deb8e0b3addc509ef87cd6fd58d9406b5796e4f84eba41918c56a69
https://data.lpdaac.earthdatacloud.nasa.gov/lp-prod-protected/ECO_L2T_LSTE.002/ECOv002_L2T_LSTE_28146_012_12SVC_20230623T184551_0710_01/ECOv002_L2T_LSTE_28146_012_12SVC_20230623T184551_0710_01_cloud.tif,ECO_L2T_LSTE.002,ECOv002_L2T_LSTE_28146_012_12SVC_20230623T184551_0710_01_cloud.tif,2026-06-09,sha256:4421f9999fab4bd159173878c9fb6f06312bb19a560d9fb54b58091c2b8e6d47
https://data.lpdaac.earthdatacloud.nasa.gov/lp-prod-protected/ECO_L2T_LSTE.002/ECOv002_L2T_LSTE_28146_012_12SVC_20230623T184551_0710_01/ECOv002_L2T_LSTE_28146_012_12SVC_20230623T184551_0710_01_height.tif,ECO_L2T_LSTE.002,ECOv002_L2T_LSTE_28146_012_12SVC_20230623T184551_0710_01_height.tif,2026-06-09,sha256:820a5bcccdd1f7039898bdafe898aa009785924129809506edc86f4191e43f9f
https://data.lpdaac.earthdatacloud.nasa.gov/lp-prod-protected/ECO_L2T_LSTE.002/ECOv002_L2T_LSTE_28146_012_12SVC_20230623T184551_0710_01/ECOv002_L2T_LSTE_28146_012_12SVC_20230623T184551_0710_01_QC.tif,ECO_L2T_LSTE.002,ECOv002_L2T_LSTE_28146_012_12SVC_20230623T184551_0710_01_QC.tif,2026-06-09,sha256:8bba842a794e66342058835d64fb5450b4935101a08ab4d3dda8c12195f9596e
https://data.lpdaac.earthdatacloud.nasa.gov/lp-prod-protected/ECO_L2T_LSTE.002/ECOv002_L2T_LSTE_28146_012_12SVC_20230623T184551_0710_01/ECOv002_L2T_LSTE_28146_012_12SVC_20230623T184551_0710_01_LST.tif,ECO_L2T_LSTE.002,ECOv002_L2T_LSTE_28146_012_12SVC_20230623T184551_0710_01_LST.tif,2026-06-09,sha256:8f895b8ca516510b33d7eb091bd625d14ff15b659df4d9e1c58107621937c964
https://data.lpdaac.earthdatacloud.nasa.gov/lp-prod-protected/ECO_L2T_LSTE.002/ECOv002_L2T_LSTE_28146_012_12SVC_20230623T184551_0711_02/ECOv002_L2T_LSTE_28146_012_12SVC_20230623T184551_0711_02_water.tif,ECO_L2T_LSTE.002,ECOv002_L2T_LSTE_28146_012_12SVC_20230623T184551_0711_02_water.tif,2026-06-09,sha256:8b69d15d7ef84be08ece77970f2fa43448c00d63322baa71c6d07feb7bd226ae
https://data.lpdaac.earthdatacloud.nasa.gov/lp-prod-protected/ECO_L2T_LSTE.002/ECOv002_L2T_LSTE_28146_012_12SVC_20230623T184551_0711_02/ECOv002_L2T_LSTE_28146_012_12SVC_20230623T184551_0711_02_cloud.tif,ECO_L2T_LSTE.002,ECOv002_L2T_LSTE_28146_012_12SVC_20230623T184551_0711_02_cloud.tif,2026-06-09,sha256:0fc5749f9221ba11386eb4936d29e0b9d540bc6fb7087a4dac3b44215bc0ee2b
https://data.lpdaac.earthdatacloud.nasa.gov/lp-prod-protected/ECO_L2T_LSTE.002/ECOv002_L2T_LSTE_28146_012_12SVC_20230623T184551_0711_02/ECOv002_L2T_LSTE_28146_012_12SVC_20230623T184551_0711_02_height.tif,ECO_L2T_LSTE.002,ECOv002_L2T_LSTE_28146_012_12SVC_20230623T184551_0711_02_height.tif,2026-06-09,sha256:213a110b2a771eccce6a0c36ed86b9a76b7258c5bd64e065107ebfbec738bd23
https://data.lpdaac.earthdatacloud.nasa.gov/lp-prod-protected/ECO_L2T_LSTE.002/ECOv002_L2T_LSTE_28146_012_12SVC_20230623T184551_0711_02/ECOv002_L2T_LSTE_28146_012_12SVC_20230623T184551_0711_02_QC.tif,ECO_L2T_LSTE.002,ECOv002_L2T_LSTE_28146_012_12SVC_20230623T184551_0711_02_QC.tif,2026-06-09,sha256:8c7c98952649751c5d1571e84dd9da81400e36921515b5ad4db07264208d6aca
https://data.lpdaac.earthdatacloud.nasa.gov/lp-prod-protected/ECO_L2T_LSTE.002/ECOv002_L2T_LSTE_28146_012_12SVC_20230623T184551_0711_02/ECOv002_L2T_LSTE_28146_012_12SVC_20230623T184551_0711_02_LST.tif,ECO_L2T_LSTE.002,ECOv002_L2T_LSTE_28146_012_12SVC_20230623T184551_0711_02_LST.tif,2026-06-09,sha256:0d1bcb28918681da261afda11d42128e0c9081e88a406be9979c8981c2aa54a7
https://data.lpdaac.earthdatacloud.nasa.gov/lp-prod-protected/ECO_L2T_LSTE.002/ECOv002_L2T_LSTE_28146_012_12SVB_20230623T184551_0711_02/ECOv002_L2T_LSTE_28146_012_12SVB_20230623T184551_0711_02_water.tif,ECO_L2T_LSTE.002,ECOv002_L2T_LSTE_28146_012_12SVB_20230623T184551_0711_02_water.tif,2026-06-09,sha256:5330bdd59b721b9812d2cfacc468382dac52d2fcd60ace86d0589db82a6d4135
https://data.lpdaac.earthdatacloud.nasa.gov/lp-prod-protected/ECO_L2T_LSTE.002/ECOv002_L2T_LSTE_28146_012_12SVB_20230623T184551_0711_02/ECOv002_L2T_LSTE_28146_012_12SVB_20230623T184551_0711_02_cloud.tif,ECO_L2T_LSTE.002,ECOv002_L2T_LSTE_28146_012_12SVB_20230623T184551_0711_02_cloud.tif,2026-06-09,sha256:8af42b6bbe350f17d43a7deed7941e786676f437e2db050afe70d6056072cc7a
https://data.lpdaac.earthdatacloud.nasa.gov/lp-prod-protected/ECO_L2T_LSTE.002/ECOv002_L2T_LSTE_28146_012_12SVB_20230623T184551_0711_02/ECOv002_L2T_LSTE_28146_012_12SVB_20230623T184551_0711_02_height.tif,ECO_L2T_LSTE.002,ECOv002_L2T_LSTE_28146_012_12SVB_20230623T184551_0711_02_height.tif,2026-06-09,sha256:62e5b7c8347d1af026e0db4b711bcc9ec4873a36112927dfd064ef879c00bb81
https://data.lpdaac.earthdatacloud.nasa.gov/lp-prod-protected/ECO_L2T_LSTE.002/ECOv002_L2T_LSTE_28146_012_12SVB_20230623T184551_0711_02/ECOv002_L2T_LSTE_28146_012_12SVB_20230623T184551_0711_02_QC.tif,ECO_L2T_LSTE.002,ECOv002_L2T_LSTE_28146_012_12SVB_20230623T184551_0711_02_QC.tif,2026-06-09,sha256:1386391002bb55097d3e2a0c9149f91bcce71ce007de77a489cd56785bea9b7a
https://data.lpdaac.earthdatacloud.nasa.gov/lp-prod-protected/ECO_L2T_LSTE.002/ECOv002_L2T_LSTE_28146_012_12SVB_20230623T184551_0711_02/ECOv002_L2T_LSTE_28146_012_12SVB_20230623T184551_0711_02_LST.tif,ECO_L2T_LSTE.002,ECOv002_L2T_LSTE_28146_012_12SVB_20230623T184551_0711_02_LST.tif,2026-06-09,sha256:3bec788dac947a836d1f9e1ab111033a0583971f671ee7f87ffc740e6d3d7165
https://data.lpdaac.earthdatacloud.nasa.gov/lp-prod-protected/ECO_L2T_LSTE.002/ECOv002_L2T_LSTE_28172_004_12SUB_20230625T103602_0710_01/ECOv002_L2T_LSTE_28172_004_12SUB_20230625T103602_0710_01_water.tif,ECO_L2T_LSTE.002,ECOv002_L2T_LSTE_28172_004_12SUB_20230625T103602_0710_01_water.tif,2026-06-09,sha256:3137c9e8336bddc9864fa07ca7e00a4e2e724f75fe757ead0d6bd44a8d4d0a05
https://data.lpdaac.earthdatacloud.nasa.gov/lp-prod-protected/ECO_L2T_LSTE.002/ECOv002_L2T_LSTE_28172_004_12SUB_20230625T103602_0710_01/ECOv002_L2T_LSTE_28172_004_12SUB_20230625T103602_0710_01_cloud.tif,ECO_L2T_LSTE.002,ECOv002_L2T_LSTE_28172_004_12SUB_20230625T103602_0710_01_cloud.tif,2026-06-09,sha256:544886f869ac6a1ecb5eb39419b642b96dacfb494feda61397caf43da993c0e5
https://data.lpdaac.earthdatacloud.nasa.gov/lp-prod-protected/ECO_L2T_LSTE.002/ECOv002_L2T_LSTE_28172_004_12SUB_20230625T103602_0710_01/ECOv002_L2T_LSTE_28172_004_12SUB_20230625T103602_0710_01_height.tif,ECO_L2T_LSTE.002,ECOv002_L2T_LSTE_28172_004_12SUB_20230625T103602_0710_01_height.tif,2026-06-09,sha256:6f1e2b14c505b0d98fceb80e8c4c141f4a2e4bb6f1982f9e37fa93d023e53aa7
https://data.lpdaac.earthdatacloud.nasa.gov/lp-prod-protected/ECO_L2T_LSTE.002/ECOv002_L2T_LSTE_28172_004_12SUB_20230625T103602_0710_01/ECOv002_L2T_LSTE_28172_004_12SUB_20230625T103602_0710_01_QC.tif,ECO_L2T_LSTE.002,ECOv002_L2T_LSTE_28172_004_12SUB_20230625T103602_0710_01_QC.tif,2026-06-09,sha256:38853131601ae9554dd433deab5bfbbc8581e6e15afa0d0f097813cd297eb393
https://data.lpdaac.earthdatacloud.nasa.gov/lp-prod-protected/ECO_L2T_LSTE.002/ECOv002_L2T_LSTE_28172_004_12SUB_20230625T103602_0710_01/ECOv002_L2T_LSTE_28172_004_12SUB_20230625T103602_0710_01_LST.tif,ECO_L2T_LSTE.002,ECOv002_L2T_LSTE_28172_004_12SUB_20230625T103602_0710_01_LST.tif,2026-06-09,sha256:f13a91f1b0951f9af205389bbf7e0272cde2a0ef0e2e42a8fbfe050166ed91a9
https://data.lpdaac.earthdatacloud.nasa.gov/lp-prod-protected/ECO_L2T_LSTE.002/ECOv002_L2T_LSTE_28172_004_12SUC_20230625T103602_0710_01/ECOv002_L2T_LSTE_28172_004_12SUC_20230625T103602_0710_01_water.tif,ECO_L2T_LSTE.002,ECOv002_L2T_LSTE_28172_004_12SUC_20230625T103602_0710_01_water.tif,2026-06-09,sha256:a5efe547836422b8337f7cbcb421b0fd90103ae70518fe743e432a7254e367e1
https://data.lpdaac.earthdatacloud.nasa.gov/lp-prod-protected/ECO_L2T_LSTE.002/ECOv002_L2T_LSTE_28172_004_12SUC_20230625T103602_0710_01/ECOv002_L2T_LSTE_28172_004_12SUC_20230625T103602_0710_01_cloud.tif,ECO_L2T_LSTE.002,ECOv002_L2T_LSTE_28172_004_12SUC_20230625T103602_0710_01_cloud.tif,2026-06-09,sha256:8e79f2b1179b4519a9a1a482be1b957f3e9b7b44a68f29d0d650d133f1c7bc7d
https://data.lpdaac.earthdatacloud.nasa.gov/lp-prod-protected/ECO_L2T_LSTE.002/ECOv002_L2T_LSTE_28172_004_12SUC_20230625T103602_0710_01/ECOv002_L2T_LSTE_28172_004_12SUC_20230625T103602_0710_01_height.tif,ECO_L2T_LSTE.002,ECOv002_L2T_LSTE_28172_004_12SUC_20230625T103602_0710_01_height.tif,2026-06-09,sha256:4a327c576f08885ae1c348f6ebac40aa9e32af91baab35322d1807e1fc4be9b2
https://data.lpdaac.earthdatacloud.nasa.gov/lp-prod-protected/ECO_L2T_LSTE.002/ECOv002_L2T_LSTE_28172_004_12SUC_20230625T103602_0710_01/ECOv002_L2T_LSTE_28172_004_12SUC_20230625T103602_0710_01_QC.tif,ECO_L2T_LSTE.002,ECOv002_L2T_LSTE_28172_004_12SUC_20230625T103602_0710_01_QC.tif,2026-06-09,sha256:c09913df78f6ffb9cdbae558d5f25bc9afa6b9c9d5ea22c9140dc8fd699ba58f
https://data.lpdaac.earthdatacloud.nasa.gov/lp-prod-protected/ECO_L2T_LSTE.002/ECOv002_L2T_LSTE_28172_004_12SUC_20230625T103602_0710_01/ECOv002_L2T_LSTE_28172_004_12SUC_20230625T103602_0710_01_LST.tif,ECO_L2T_LSTE.002,ECOv002_L2T_LSTE_28172_004_12SUC_20230625T103602_0710_01_LST.tif,2026-06-09,sha256:3ee639ebe4416066824652f5ecd6028beb616c87e3f3cdd9740de4b558b905d9
https://data.lpdaac.earthdatacloud.nasa.gov/lp-prod-protected/ECO_L2T_LSTE.002/ECOv002_L2T_LSTE_28172_004_12SVB_20230625T103602_0710_01/ECOv002_L2T_LSTE_28172_004_12SVB_20230625T103602_0710_01_water.tif,ECO_L2T_LSTE.002,ECOv002_L2T_LSTE_28172_004_12SVB_20230625T103602_0710_01_water.tif,2026-06-09,sha256:e89596689ecb8f1b390e9fe688c552f3e5fc428ab90ddce7b7e727fa5ce89cdb
https://data.lpdaac.earthdatacloud.nasa.gov/lp-prod-protected/ECO_L2T_LSTE.002/ECOv002_L2T_LSTE_28172_004_12SVB_20230625T103602_0710_01/ECOv002_L2T_LSTE_28172_004_12SVB_20230625T103602_0710_01_cloud.tif,ECO_L2T_LSTE.002,ECOv002_L2T_LSTE_28172_004_12SVB_20230625T103602_0710_01_cloud.tif,2026-06-09,sha256:13db0f06a430e7553844b26f25a2847cb5ec9a0788418fd2467876dcedce28f7
https://data.lpdaac.earthdatacloud.nasa.gov/lp-prod-protected/ECO_L2T_LSTE.002/ECOv002_L2T_LSTE_28172_004_12SVB_20230625T103602_0710_01/ECOv002_L2T_LSTE_28172_004_12SVB_20230625T103602_0710_01_height.tif,ECO_L2T_LSTE.002,ECOv002_L2T_LSTE_28172_004_12SVB_20230625T103602_0710_01_height.tif,2026-06-09,sha256:374fdeaf0a02fd330e12801d38f30a9cf9862a71ec19de2a03433d74a85f5277
https://data.lpdaac.earthdatacloud.nasa.gov/lp-prod-protected/ECO_L2T_LSTE.002/ECOv002_L2T_LSTE_28172_004_12SVB_20230625T103602_0710_01/ECOv002_L2T_LSTE_28172_004_12SVB_20230625T103602_0710_01_QC.tif,ECO_L2T_LSTE.002,ECOv002_L2T_LSTE_28172_004_12SVB_20230625T103602_0710_01_QC.tif,2026-06-09,sha256:d4ee6915e2c1d6a7c89a270b8e783c7ab2a10b50954083d50eac6dbba9a83b38
https://data.lpdaac.earthdatacloud.nasa.gov/lp-prod-protected/ECO_L2T_LSTE.002/ECOv002_L2T_LSTE_28172_004_12SVB_20230625T103602_0710_01/ECOv002_L2T_LSTE_28172_004_12SVB_20230625T103602_0710_01_LST.tif,ECO_L2T_LSTE.002,ECOv002_L2T_LSTE_28172_004_12SVB_20230625T103602_0710_01_LST.tif,2026-06-09,sha256:9e82c8d55aaa0506eb5010df024873de9604401bda3efa04b1c5517981a71d8f
https://data.lpdaac.earthdatacloud.nasa.gov/lp-prod-protected/ECO_L2T_LSTE.002/ECOv002_L2T_LSTE_28172_004_12SVC_20230625T103602_0710_01/ECOv002_L2T_LSTE_28172_004_12SVC_20230625T103602_0710_01_water.tif,ECO_L2T_LSTE.002,ECOv002_L2T_LSTE_28172_004_12SVC_20230625T103602_0710_01_water.tif,2026-06-09,sha256:6a68a3a5d9d4cf15ff67d5d648c9e33c58e147ef3606e4dd8bad28eaa0803b0c
https://data.lpdaac.earthdatacloud.nasa.gov/lp-prod-protected/ECO_L2T_LSTE.002/ECOv002_L2T_LSTE_28172_004_12SVC_20230625T103602_0710_01/ECOv002_L2T_LSTE_28172_004_12SVC_20230625T103602_0710_01_cloud.tif,ECO_L2T_LSTE.002,ECOv002_L2T_LSTE_28172_004_12SVC_20230625T103602_0710_01_cloud.tif,2026-06-09,sha256:766eeeb8b08e9a4010355a442af6360f9b5d141346f03bec05fe11573d879d6e
https://data.lpdaac.earthdatacloud.nasa.gov/lp-prod-protected/ECO_L2T_LSTE.002/ECOv002_L2T_LSTE_28172_004_12SVC_20230625T103602_0710_01/ECOv002_L2T_LSTE_28172_004_12SVC_20230625T103602_0710_01_height.tif,ECO_L2T_LSTE.002,ECOv002_L2T_LSTE_28172_004_12SVC_20230625T103602_0710_01_height.tif,2026-06-09,sha256:2bf0f82629f27f3f8994fa52710b1ac38cca7f900844c7aa270a8b2ff27c9b9c
https://data.lpdaac.earthdatacloud.nasa.gov/lp-prod-protected/ECO_L2T_LSTE.002/ECOv002_L2T_LSTE_28172_004_12SVC_20230625T103602_0710_01/ECOv002_L2T_LSTE_28172_004_12SVC_20230625T103602_0710_01_QC.tif,ECO_L2T_LSTE.002,ECOv002_L2T_LSTE_28172_004_12SVC_20230625T103602_0710_01_QC.tif,2026-06-09,sha256:e8837c6b3aec4b261074cf8b33df437f1bd3a339f8a08f34a4738bd48b1a7341
https://data.lpdaac.earthdatacloud.nasa.gov/lp-prod-protected/ECO_L2T_LSTE.002/ECOv002_L2T_LSTE_28172_004_12SVC_20230625T103602_0710_01/ECOv002_L2T_LSTE_28172_004_12SVC_20230625T103602_0710_01_LST.tif,ECO_L2T_LSTE.002,ECOv002_L2T_LSTE_28172_004_12SVC_20230625T103602_0710_01_LST.tif,2026-06-09,sha256:3b62970bb6d08901fc9c42a1466753773c0a4212c50f1bafff5a81de763ab1ef
https://data.lpdaac.earthdatacloud.nasa.gov/lp-prod-protected/ECO_L2T_LSTE.002/ECOv002_L2T_LSTE_28172_004_12SVC_20230625T103602_0711_02/ECOv002_L2T_LSTE_28172_004_12SVC_20230625T103602_0711_02_water.tif,ECO_L2T_LSTE.002,ECOv002_L2T_LSTE_28172_004_12SVC_20230625T103602_0711_02_water.tif,2026-06-09,sha256:72817bfd53c55545f4b4e2cf72b7e52a996798bfb7618d912a63b0690dc59d1a
https://data.lpdaac.earthdatacloud.nasa.gov/lp-prod-protected/ECO_L2T_LSTE.002/ECOv002_L2T_LSTE_28172_004_12SVC_20230625T103602_0711_02/ECOv002_L2T_LSTE_28172_004_12SVC_20230625T103602_0711_02_cloud.tif,ECO_L2T_LSTE.002,ECOv002_L2T_LSTE_28172_004_12SVC_20230625T103602_0711_02_cloud.tif,2026-06-09,sha256:b6842ee60ab3e5c98afc27e42c331b912e4ece8527c4203813e5cdfd958d1aa1
https://data.lpdaac.earthdatacloud.nasa.gov/lp-prod-protected/ECO_L2T_LSTE.002/ECOv002_L2T_LSTE_28172_004_12SVC_20230625T103602_0711_02/ECOv002_L2T_LSTE_28172_004_12SVC_20230625T103602_0711_02_height.tif,ECO_L2T_LSTE.002,ECOv002_L2T_LSTE_28172_004_12SVC_20230625T103602_0711_02_height.tif,2026-06-09,sha256:7aa0a22957aa6f32b92ccacbc5cf3571bc2ca13691c945c7f7ee4b2a5de9f3fb
https://data.lpdaac.earthdatacloud.nasa.gov/lp-prod-protected/ECO_L2T_LSTE.002/ECOv002_L2T_LSTE_28172_004_12SVC_20230625T103602_0711_02/ECOv002_L2T_LSTE_28172_004_12SVC_20230625T103602_0711_02_QC.tif,ECO_L2T_LSTE.002,ECOv002_L2T_LSTE_28172_004_12SVC_20230625T103602_0711_02_QC.tif,2026-06-09,sha256:15dff9b5763ec3cea634c7b9f0873d7a1d30552482db36f26d4d453c225453fe
https://data.lpdaac.earthdatacloud.nasa.gov/lp-prod-protected/ECO_L2T_LSTE.002/ECOv002_L2T_LSTE_28172_004_12SVC_20230625T103602_0711_02/ECOv002_L2T_LSTE_28172_004_12SVC_20230625T103602_0711_02_LST.tif,ECO_L2T_LSTE.002,ECOv002_L2T_LSTE_28172_004_12SVC_20230625T103602_0711_02_LST.tif,2026-06-09,sha256:546bb62c77fdadcabe6bc39212d09a6d6fde10ae4e6dc533e20086b720ada951
https://data.lpdaac.earthdatacloud.nasa.gov/lp-prod-protected/ECO_L2T_LSTE.002/ECOv002_L2T_LSTE_28172_004_12SUB_20230625T103602_0711_02/ECOv002_L2T_LSTE_28172_004_12SUB_20230625T103602_0711_02_water.tif,ECO_L2T_LSTE.002,ECOv002_L2T_LSTE_28172_004_12SUB_20230625T103602_0711_02_water.tif,2026-06-09,sha256:40230582179f540ea55b7d85eedb33d0f7e30af36c02433a20b456df3c73a919
https://data.lpdaac.earthdatacloud.nasa.gov/lp-prod-protected/ECO_L2T_LSTE.002/ECOv002_L2T_LSTE_28172_004_12SUB_20230625T103602_0711_02/ECOv002_L2T_LSTE_28172_004_12SUB_20230625T103602_0711_02_cloud.tif,ECO_L2T_LSTE.002,ECOv002_L2T_LSTE_28172_004_12SUB_20230625T103602_0711_02_cloud.tif,2026-06-09,sha256:aeb796b22c0eb757b4528c8c3790abb73b5be4d14c5b82df6c5ec88c6a4c2629
https://data.lpdaac.earthdatacloud.nasa.gov/lp-prod-protected/ECO_L2T_LSTE.002/ECOv002_L2T_LSTE_28172_004_12SUB_20230625T103602_0711_02/ECOv002_L2T_LSTE_28172_004_12SUB_20230625T103602_0711_02_height.tif,ECO_L2T_LSTE.002,ECOv002_L2T_LSTE_28172_004_12SUB_20230625T103602_0711_02_height.tif,2026-06-09,sha256:2d13c063c6f95f66e934b41dd6a7013f650fe474b5f591d0764886739739cc46
https://data.lpdaac.earthdatacloud.nasa.gov/lp-prod-protected/ECO_L2T_LSTE.002/ECOv002_L2T_LSTE_28172_004_12SUB_20230625T103602_0711_02/ECOv002_L2T_LSTE_28172_004_12SUB_20230625T103602_0711_02_QC.tif,ECO_L2T_LSTE.002,ECOv002_L2T_LSTE_28172_004_12SUB_20230625T103602_0711_02_QC.tif,2026-06-09,sha256:53443ffee91bb05dead8c4c40035c22c5407df6e155b8f79d01bc85e79e18d29
https://data.lpdaac.earthdatacloud.nasa.gov/lp-prod-protected/ECO_L2T_LSTE.002/ECOv002_L2T_LSTE_28172_004_12SUB_20230625T103602_0711_02/ECOv002_L2T_LSTE_28172_004_12SUB_20230625T103602_0711_02_LST.tif,ECO_L2T_LSTE.002,ECOv002_L2T_LSTE_28172_004_12SUB_20230625T103602_0711_02_LST.tif,2026-06-09,sha256:66db5255638af6ec38ee3ed344b14a633934ed940c9b87b0d19b7948e1fd6d29
https://data.lpdaac.earthdatacloud.nasa.gov/lp-prod-protected/ECO_L2T_LSTE.002/ECOv002_L2T_LSTE_28172_004_12SVB_20230625T103602_0711_02/ECOv002_L2T_LSTE_28172_004_12SVB_20230625T103602_0711_02_water.tif,ECO_L2T_LSTE.002,ECOv002_L2T_LSTE_28172_004_12SVB_20230625T103602_0711_02_water.tif,2026-06-09,sha256:0824b4bfe21b4cd0fe0d0ea48163025d6d272149da539e4dbc5ec84c3f0c0f1b
https://data.lpdaac.earthdatacloud.nasa.gov/lp-prod-protected/ECO_L2T_LSTE.002/ECOv002_L2T_LSTE_28172_004_12SVB_20230625T103602_0711_02/ECOv002_L2T_LSTE_28172_004_12SVB_20230625T103602_0711_02_cloud.tif,ECO_L2T_LSTE.002,ECOv002_L2T_LSTE_28172_004_12SVB_20230625T103602_0711_02_cloud.tif,2026-06-09,sha256:bdddc399038f903651a4433c0947d5a75bf6f11611f6e735f1315268722ead3e
https://data.lpdaac.earthdatacloud.nasa.gov/lp-prod-protected/ECO_L2T_LSTE.002/ECOv002_L2T_LSTE_28172_004_12SVB_20230625T103602_0711_02/ECOv002_L2T_LSTE_28172_004_12SVB_20230625T103602_0711_02_height.tif,ECO_L2T_LSTE.002,ECOv002_L2T_LSTE_28172_004_12SVB_20230625T103602_0711_02_height.tif,2026-06-09,sha256:94792271d83a9bf022a5e09ae5326aeff9caa10231b29f1db08f223da1cab1dc
https://data.lpdaac.earthdatacloud.nasa.gov/lp-prod-protected/ECO_L2T_LSTE.002/ECOv002_L2T_LSTE_28172_004_12SVB_20230625T103602_0711_02/ECOv002_L2T_LSTE_28172_004_12SVB_20230625T103602_0711_02_QC.tif,ECO_L2T_LSTE.002,ECOv002_L2T_LSTE_28172_004_12SVB_20230625T103602_0711_02_QC.tif,2026-06-09,sha256:ed1a603227457560b5074919cdbee383c8d8f01be7cf157ee250b7d73e415a3e
https://data.lpdaac.earthdatacloud.nasa.gov/lp-prod-protected/ECO_L2T_LSTE.002/ECOv002_L2T_LSTE_28172_004_12SVB_20230625T103602_0711_02/ECOv002_L2T_LSTE_28172_004_12SVB_20230625T103602_0711_02_LST.tif,ECO_L2T_LSTE.002,ECOv002_L2T_LSTE_28172_004_12SVB_20230625T103602_0711_02_LST.tif,2026-06-09,sha256:08d9f4a4a0eb6e969b611c22c57cabc589e06d71c4e5267b1e854af530f98f1c
https://data.lpdaac.earthdatacloud.nasa.gov/lp-prod-protected/ECO_L2T_LSTE.002/ECOv002_L2T_LSTE_28172_004_12SUC_20230625T103602_0711_02/ECOv002_L2T_LSTE_28172_004_12SUC_20230625T103602_0711_02_water.tif,ECO_L2T_LSTE.002,ECOv002_L2T_LSTE_28172_004_12SUC_20230625T103602_0711_02_water.tif,2026-06-09,sha256:0f658ae1f511f512653a88531cdc0ed1cd94fd0d8c565fd1463f78e2c6075f9c
https://data.lpdaac.earthdatacloud.nasa.gov/lp-prod-protected/ECO_L2T_LSTE.002/ECOv002_L2T_LSTE_28172_004_12SUC_20230625T103602_0711_02/ECOv002_L2T_LSTE_28172_004_12SUC_20230625T103602_0711_02_cloud.tif,ECO_L2T_LSTE.002,ECOv002_L2T_LSTE_28172_004_12SUC_20230625T103602_0711_02_cloud.tif,2026-06-09,sha256:bd4a10ff05add20eec8b8852c03e0cbf9e0ae4597b808ea4f3790e66b1b8d3d8
https://data.lpdaac.earthdatacloud.nasa.gov/lp-prod-protected/ECO_L2T_LSTE.002/ECOv002_L2T_LSTE_28172_004_12SUC_20230625T103602_0711_02/ECOv002_L2T_LSTE_28172_004_12SUC_20230625T103602_0711_02_height.tif,ECO_L2T_LSTE.002,ECOv002_L2T_LSTE_28172_004_12SUC_20230625T103602_0711_02_height.tif,2026-06-09,sha256:98c1927900743f27862cd0fc9ccb460ab8e3d4f1c285d07fd7ae0135743708a9
https://data.lpdaac.earthdatacloud.nasa.gov/lp-prod-protected/ECO_L2T_LSTE.002/ECOv002_L2T_LSTE_28172_004_12SUC_20230625T103602_0711_02/ECOv002_L2T_LSTE_28172_004_12SUC_20230625T103602_0711_02_QC.tif,ECO_L2T_LSTE.002,ECOv002_L2T_LSTE_28172_004_12SUC_20230625T103602_0711_02_QC.tif,2026-06-09,sha256:bba469cb7d87e064dcce5d8e22bd5ca0fd103701cccadf638bd9675ecc129ce6
https://data.lpdaac.earthdatacloud.nasa.gov/lp-prod-protected/ECO_L2T_LSTE.002/ECOv002_L2T_LSTE_28172_004_12SUC_20230625T103602_0711_02/ECOv002_L2T_LSTE_28172_004_12SUC_20230625T103602_0711_02_LST.tif,ECO_L2T_LSTE.002,ECOv002_L2T_LSTE_28172_004_12SUC_20230625T103602_0711_02_LST.tif,2026-06-09,sha256:57f806af22b1713177c9bd051e4e920a08fc95309f087748d7a9232b7369563f
https://data.lpdaac.earthdatacloud.nasa.gov/lp-prod-protected/ECO_L2T_LSTE.002/ECOv002_L2T_LSTE_28187_004_12SVB_20230626T094659_0711_01/ECOv002_L2T_LSTE_28187_004_12SVB_20230626T094659_0711_01_water.tif,ECO_L2T_LSTE.002,ECOv002_L2T_LSTE_28187_004_12SVB_20230626T094659_0711_01_water.tif,2026-06-09,sha256:5330bdd59b721b9812d2cfacc468382dac52d2fcd60ace86d0589db82a6d4135
https://data.lpdaac.earthdatacloud.nasa.gov/lp-prod-protected/ECO_L2T_LSTE.002/ECOv002_L2T_LSTE_28187_004_12SVB_20230626T094659_0711_01/ECOv002_L2T_LSTE_28187_004_12SVB_20230626T094659_0711_01_cloud.tif,ECO_L2T_LSTE.002,ECOv002_L2T_LSTE_28187_004_12SVB_20230626T094659_0711_01_cloud.tif,2026-06-09,sha256:a542ba8508941a07f255098d5931d5e178e7ed0cd1fdbce6c217086da5c05be8
https://data.lpdaac.earthdatacloud.nasa.gov/lp-prod-protected/ECO_L2T_LSTE.002/ECOv002_L2T_LSTE_28187_004_12SVB_20230626T094659_0711_01/ECOv002_L2T_LSTE_28187_004_12SVB_20230626T094659_0711_01_height.tif,ECO_L2T_LSTE.002,ECOv002_L2T_LSTE_28187_004_12SVB_20230626T094659_0711_01_height.tif,2026-06-09,sha256:2671b6a8c8425e6ffe2f8c47005385b41ae48e297cfdc7bfa56c1f2690fa5a69
https://data.lpdaac.earthdatacloud.nasa.gov/lp-prod-protected/ECO_L2T_LSTE.002/ECOv002_L2T_LSTE_28187_004_12SVB_20230626T094659_0711_01/ECOv002_L2T_LSTE_28187_004_12SVB_20230626T094659_0711_01_QC.tif,ECO_L2T_LSTE.002,ECOv002_L2T_LSTE_28187_004_12SVB_20230626T094659_0711_01_QC.tif,2026-06-09,sha256:2ea8a39dee5b059370b067b4480cbdec1a077c13ea6d9ba856bb652984859f78
https://data.lpdaac.earthdatacloud.nasa.gov/lp-prod-protected/ECO_L2T_LSTE.002/ECOv002_L2T_LSTE_28187_004_12SVB_20230626T094659_0711_01/ECOv002_L2T_LSTE_28187_004_12SVB_20230626T094659_0711_01_LST.tif,ECO_L2T_LSTE.002,ECOv002_L2T_LSTE_28187_004_12SVB_20230626T094659_0711_01_LST.tif,2026-06-09,sha256:41966bdc6aa7042ec1866352e049978bc72ad402e94eac265c130df1d509b1db
https://data.lpdaac.earthdatacloud.nasa.gov/lp-prod-protected/ECO_L2T_LSTE.002/ECOv002_L2T_LSTE_28192_013_12SVC_20230626T175548_0710_01/ECOv002_L2T_LSTE_28192_013_12SVC_20230626T175548_0710_01_water.tif,ECO_L2T_LSTE.002,ECOv002_L2T_LSTE_28192_013_12SVC_20230626T175548_0710_01_water.tif,2026-06-09,sha256:492b42b27de3b1c9d8dca1604394fd2b85a4f14d4997736a11d03f5179d9e59f
https://data.lpdaac.earthdatacloud.nasa.gov/lp-prod-protected/ECO_L2T_LSTE.002/ECOv002_L2T_LSTE_28192_013_12SVC_20230626T175548_0710_01/ECOv002_L2T_LSTE_28192_013_12SVC_20230626T175548_0710_01_cloud.tif,ECO_L2T_LSTE.002,ECOv002_L2T_LSTE_28192_013_12SVC_20230626T175548_0710_01_cloud.tif,2026-06-09,sha256:5d8dacb923019af252f92bab3aafb4dbe6aa6f36f2a5057d35e7f485ed4b0005
https://data.lpdaac.earthdatacloud.nasa.gov/lp-prod-protected/ECO_L2T_LSTE.002/ECOv002_L2T_LSTE_28192_013_12SVC_20230626T175548_0710_01/ECOv002_L2T_LSTE_28192_013_12SVC_20230626T175548_0710_01_height.tif,ECO_L2T_LSTE.002,ECOv002_L2T_LSTE_28192_013_12SVC_20230626T175548_0710_01_height.tif,2026-06-09,sha256:4836960e1684884c787dded4e489a15dad5f149632623c2efa0ecb6139f0bb48
https://data.lpdaac.earthdatacloud.nasa.gov/lp-prod-protected/ECO_L2T_LSTE.002/ECOv002_L2T_LSTE_28192_013_12SVC_20230626T175548_0710_01/ECOv002_L2T_LSTE_28192_013_12SVC_20230626T175548_0710_01_QC.tif,ECO_L2T_LSTE.002,ECOv002_L2T_LSTE_28192_013_12SVC_20230626T175548_0710_01_QC.tif,2026-06-09,sha256:6b404666c1a31cfb5b4c0422047a9b76fbb073053b58a23f54911ad4100a53a5
https://data.lpdaac.earthdatacloud.nasa.gov/lp-prod-protected/ECO_L2T_LSTE.002/ECOv002_L2T_LSTE_28192_013_12SVC_20230626T175548_0710_01/ECOv002_L2T_LSTE_28192_013_12SVC_20230626T175548_0710_01_LST.tif,ECO_L2T_LSTE.002,ECOv002_L2T_LSTE_28192_013_12SVC_20230626T175548_0710_01_LST.tif,2026-06-09,sha256:e2abfe8fab1989973f58bb76625bcc092518771adff7b239834785a0d84b9a62
https://data.lpdaac.earthdatacloud.nasa.gov/lp-prod-protected/ECO_L2T_LSTE.002/ECOv002_L2T_LSTE_28192_013_12SVB_20230626T175548_0710_01/ECOv002_L2T_LSTE_28192_013_12SVB_20230626T175548_0710_01_water.tif,ECO_L2T_LSTE.002,ECOv002_L2T_LSTE_28192_013_12SVB_20230626T175548_0710_01_water.tif,2026-06-09,sha256:51e3234c4904641ec74a68cb31e4fbeed2c25d478f24b6181ab6a1f4e7f7d995
https://data.lpdaac.earthdatacloud.nasa.gov/lp-prod-protected/ECO_L2T_LSTE.002/ECOv002_L2T_LSTE_28192_013_12SVB_20230626T175548_0710_01/ECOv002_L2T_LSTE_28192_013_12SVB_20230626T175548_0710_01_cloud.tif,ECO_L2T_LSTE.002,ECOv002_L2T_LSTE_28192_013_12SVB_20230626T175548_0710_01_cloud.tif,2026-06-09,sha256:e855a9e618cc2a3090bc1becfdf11f4b3885c515cbbf34a85bc649cf875ed320
https://data.lpdaac.earthdatacloud.nasa.gov/lp-prod-protected/ECO_L2T_LSTE.002/ECOv002_L2T_LSTE_28192_013_12SVB_20230626T175548_0710_01/ECOv002_L2T_LSTE_28192_013_12SVB_20230626T175548_0710_01_height.tif,ECO_L2T_LSTE.002,ECOv002_L2T_LSTE_28192_013_12SVB_20230626T175548_0710_01_height.tif,2026-06-09,sha256:8b60ecdaf224cc2cb7939daf7fd3005164cf6141e35e67c69a35444557bb9e72
https://data.lpdaac.earthdatacloud.nasa.gov/lp-prod-protected/ECO_L2T_LSTE.002/ECOv002_L2T_LSTE_28192_013_12SVB_20230626T175548_0710_01/ECOv002_L2T_LSTE_28192_013_12SVB_20230626T175548_0710_01_LST.tif,ECO_L2T_LSTE.002,ECOv002_L2T_LSTE_28192_013_12SVB_20230626T175548_0710_01_LST.tif,2026-06-09,sha256:fdd2e9abe02d6eabeeb30afc984d7b4f6d10ccfa5c5d65fe9d9ff500af325d0e
https://data.lpdaac.earthdatacloud.nasa.gov/lp-prod-protected/ECO_L2T_LSTE.002/ECOv002_L2T_LSTE_28192_013_12SVB_20230626T175548_0710_01/ECOv002_L2T_LSTE_28192_013_12SVB_20230626T175548_0710_01_QC.tif,ECO_L2T_LSTE.002,ECOv002_L2T_LSTE_28192_013_12SVB_20230626T175548_0710_01_QC.tif,2026-06-09,sha256:0b963f7bae2efaddf27e81bf3e18f4ede0873ba22378c635b4c11a0885786316
https://data.lpdaac.earthdatacloud.nasa.gov/lp-prod-protected/ECO_L2T_LSTE.002/ECOv002_L2T_LSTE_28192_013_12SUB_20230626T175548_0710_01/ECOv002_L2T_LSTE_28192_013_12SUB_20230626T175548_0710_01_water.tif,ECO_L2T_LSTE.002,ECOv002_L2T_LSTE_28192_013_12SUB_20230626T175548_0710_01_water.tif,2026-06-09,sha256:9c61a13a19bad9fbd63255b982c93270a5315b21d769a266b0ee9b8a29ae2278
https://data.lpdaac.earthdatacloud.nasa.gov/lp-prod-protected/ECO_L2T_LSTE.002/ECOv002_L2T_LSTE_28192_013_12SUB_20230626T175548_0710_01/ECOv002_L2T_LSTE_28192_013_12SUB_20230626T175548_0710_01_QC.tif,ECO_L2T_LSTE.002,ECOv002_L2T_LSTE_28192_013_12SUB_20230626T175548_0710_01_QC.tif,2026-06-09,sha256:2266f255daaf9eb9180b2f481a151b56b51bea380d4853fc8b79c1b334c546db
https://data.lpdaac.earthdatacloud.nasa.gov/lp-prod-protected/ECO_L2T_LSTE.002/ECOv002_L2T_LSTE_28192_013_12SUB_20230626T175548_0710_01/ECOv002_L2T_LSTE_28192_013_12SUB_20230626T175548_0710_01_cloud.tif,ECO_L2T_LSTE.002,ECOv002_L2T_LSTE_28192_013_12SUB_20230626T175548_0710_01_cloud.tif,2026-06-09,sha256:2a362f502a6e3f2c352b94b8ab3ee0fec4eab5efb0e038cdac6761f39cbcc22f
https://data.lpdaac.earthdatacloud.nasa.gov/lp-prod-protected/ECO_L2T_LSTE.002/ECOv002_L2T_LSTE_28192_013_12SUB_20230626T175548_0710_01/ECOv002_L2T_LSTE_28192_013_12SUB_20230626T175548_0710_01_height.tif,ECO_L2T_LSTE.002,ECOv002_L2T_LSTE_28192_013_12SUB_20230626T175548_0710_01_height.tif,2026-06-09,sha256:98b5d7678a21bbecce8e2f25925947f0683ebf0e2b3477ce4191752cb59a250f
https://data.lpdaac.earthdatacloud.nasa.gov/lp-prod-protected/ECO_L2T_LSTE.002/ECOv002_L2T_LSTE_28192_013_12SUB_20230626T175548_0710_01/ECOv002_L2T_LSTE_28192_013_12SUB_20230626T175548_0710_01_LST.tif,ECO_L2T_LSTE.002,ECOv002_L2T_LSTE_28192_013_12SUB_20230626T175548_0710_01_LST.tif,2026-06-09,sha256:290308f5a4caa0180cf4628e97a1ef07e530958645a309d52e17c76d351a39ec
https://data.lpdaac.earthdatacloud.nasa.gov/lp-prod-protected/ECO_L2T_LSTE.002/ECOv002_L2T_LSTE_28192_013_12SUC_20230626T175548_0710_01/ECOv002_L2T_LSTE_28192_013_12SUC_20230626T175548_0710_01_water.tif,ECO_L2T_LSTE.002,ECOv002_L2T_LSTE_28192_013_12SUC_20230626T175548_0710_01_water.tif,2026-06-09,sha256:71febaf817f54642fca96d2b0db02de7bb779df28abd4f92ea86b3d452f383aa
https://data.lpdaac.earthdatacloud.nasa.gov/lp-prod-protected/ECO_L2T_LSTE.002/ECOv002_L2T_LSTE_28192_013_12SUC_20230626T175548_0710_01/ECOv002_L2T_LSTE_28192_013_12SUC_20230626T175548_0710_01_cloud.tif,ECO_L2T_LSTE.002,ECOv002_L2T_LSTE_28192_013_12SUC_20230626T175548_0710_01_cloud.tif,2026-06-09,sha256:bac31ce9a6611119de41c5cf354f34b40ba32c8da40d122270972a352c54cd7a
https://data.lpdaac.earthdatacloud.nasa.gov/lp-prod-protected/ECO_L2T_LSTE.002/ECOv002_L2T_LSTE_28192_013_12SUC_20230626T175548_0710_01/ECOv002_L2T_LSTE_28192_013_12SUC_20230626T175548_0710_01_height.tif,ECO_L2T_LSTE.002,ECOv002_L2T_LSTE_28192_013_12SUC_20230626T175548_0710_01_height.tif,2026-06-09,sha256:c6371fb7f0bdb80ae6df3c98b464686a5e733eb2ebce720230bebd8ca0ec4cc3
https://data.lpdaac.earthdatacloud.nasa.gov/lp-prod-protected/ECO_L2T_LSTE.002/ECOv002_L2T_LSTE_28192_013_12SUC_20230626T175548_0710_01/ECOv002_L2T_LSTE_28192_013_12SUC_20230626T175548_0710_01_QC.tif,ECO_L2T_LSTE.002,ECOv002_L2T_LSTE_28192_013_12SUC_20230626T175548_0710_01_QC.tif,2026-06-09,sha256:780e901d14b788cafe11e7daf8c2c6a914e137d57b9d04abc3816718630e4830
https://data.lpdaac.earthdatacloud.nasa.gov/lp-prod-protected/ECO_L2T_LSTE.002/ECOv002_L2T_LSTE_28192_013_12SUC_20230626T175548_0710_01/ECOv002_L2T_LSTE_28192_013_12SUC_20230626T175548_0710_01_LST.tif,ECO_L2T_LSTE.002,ECOv002_L2T_LSTE_28192_013_12SUC_20230626T175548_0710_01_LST.tif,2026-06-09,sha256:580c56ef291faa9678e9320f4d56d8e6d289ab23613e4761a8c793b57050cf33
https://data.lpdaac.earthdatacloud.nasa.gov/lp-prod-protected/ECO_L2T_LSTE.002/ECOv002_L2T_LSTE_28192_013_12SVC_20230626T175548_0711_02/ECOv002_L2T_LSTE_28192_013_12SVC_20230626T175548_0711_02_water.tif,ECO_L2T_LSTE.002,ECOv002_L2T_LSTE_28192_013_12SVC_20230626T175548_0711_02_water.tif,2026-06-09,sha256:365baf21b340ffa4d44e851b883eee43186f2648cde2f94c20a251c62a028654
https://data.lpdaac.earthdatacloud.nasa.gov/lp-prod-protected/ECO_L2T_LSTE.002/ECOv002_L2T_LSTE_28192_013_12SVC_20230626T175548_0711_02/ECOv002_L2T_LSTE_28192_013_12SVC_20230626T175548_0711_02_cloud.tif,ECO_L2T_LSTE.002,ECOv002_L2T_LSTE_28192_013_12SVC_20230626T175548_0711_02_cloud.tif,2026-06-09,sha256:7ebe45f0c8c749885558a4d02795c7b753499d68eb22c914493edbd573dd5400
https://data.lpdaac.earthdatacloud.nasa.gov/lp-prod-protected/ECO_L2T_LSTE.002/ECOv002_L2T_LSTE_28192_013_12SVC_20230626T175548_0711_02/ECOv002_L2T_LSTE_28192_013_12SVC_20230626T175548_0711_02_height.tif,ECO_L2T_LSTE.002,ECOv002_L2T_LSTE_28192_013_12SVC_20230626T175548_0711_02_height.tif,2026-06-09,sha256:2e1c399a40264b6771e5c01837b8e1fb90a5c758f2d2e44bcc8f63a2a1988e62
https://data.lpdaac.earthdatacloud.nasa.gov/lp-prod-protected/ECO_L2T_LSTE.002/ECOv002_L2T_LSTE_28192_013_12SVC_20230626T175548_0711_02/ECOv002_L2T_LSTE_28192_013_12SVC_20230626T175548_0711_02_QC.tif,ECO_L2T_LSTE.002,ECOv002_L2T_LSTE_28192_013_12SVC_20230626T175548_0711_02_QC.tif,2026-06-09,sha256:c7f7bd68f75adcef1db3558518ff54d635af72d73d410b7d8f559fb977030dd6
https://data.lpdaac.earthdatacloud.nasa.gov/lp-prod-protected/ECO_L2T_LSTE.002/ECOv002_L2T_LSTE_28192_013_12SVC_20230626T175548_0711_02/ECOv002_L2T_LSTE_28192_013_12SVC_20230626T175548_0711_02_LST.tif,ECO_L2T_LSTE.002,ECOv002_L2T_LSTE_28192_013_12SVC_20230626T175548_0711_02_LST.tif,2026-06-09,sha256:32c41f6344d25f0f2934e0de5a53c7899a02c4961738dd452594fc13e8868d66
https://data.lpdaac.earthdatacloud.nasa.gov/lp-prod-protected/ECO_L2T_LSTE.002/ECOv002_L2T_LSTE_28192_013_12SUB_20230626T175548_0711_02/ECOv002_L2T_LSTE_28192_013_12SUB_20230626T175548_0711_02_water.tif,ECO_L2T_LSTE.002,ECOv002_L2T_LSTE_28192_013_12SUB_20230626T175548_0711_02_water.tif,2026-06-09,sha256:a263a0f0dc49df36b8623f3c49cbf9e2abc09175736af36018af4ad59490c41a
https://data.lpdaac.earthdatacloud.nasa.gov/lp-prod-protected/ECO_L2T_LSTE.002/ECOv002_L2T_LSTE_28192_013_12SUB_20230626T175548_0711_02/ECOv002_L2T_LSTE_28192_013_12SUB_20230626T175548_0711_02_cloud.tif,ECO_L2T_LSTE.002,ECOv002_L2T_LSTE_28192_013_12SUB_20230626T175548_0711_02_cloud.tif,2026-06-09,sha256:8df9e8e9d4131f30e7ea422a09bc8cb8a5aa1e6646330b8cacdfcdce2f7aebe8
https://data.lpdaac.earthdatacloud.nasa.gov/lp-prod-protected/ECO_L2T_LSTE.002/ECOv002_L2T_LSTE_28192_013_12SUB_20230626T175548_0711_02/ECOv002_L2T_LSTE_28192_013_12SUB_20230626T175548_0711_02_height.tif,ECO_L2T_LSTE.002,ECOv002_L2T_LSTE_28192_013_12SUB_20230626T175548_0711_02_height.tif,2026-06-09,sha256:e2e8cd9658f9d3f21a2e9def96fa509bfd0f1e10fc9ba30b04bfc23cdb5a257d
https://data.lpdaac.earthdatacloud.nasa.gov/lp-prod-protected/ECO_L2T_LSTE.002/ECOv002_L2T_LSTE_28192_013_12SUB_20230626T175548_0711_02/ECOv002_L2T_LSTE_28192_013_12SUB_20230626T175548_0711_02_QC.tif,ECO_L2T_LSTE.002,ECOv002_L2T_LSTE_28192_013_12SUB_20230626T175548_0711_02_QC.tif,2026-06-09,sha256:7d5d8303352ede6f7f534b24d5813467b981665623812ddaf6db6d20d293e882
https://data.lpdaac.earthdatacloud.nasa.gov/lp-prod-protected/ECO_L2T_LSTE.002/ECOv002_L2T_LSTE_28192_013_12SUB_20230626T175548_0711_02/ECOv002_L2T_LSTE_28192_013_12SUB_20230626T175548_0711_02_LST.tif,ECO_L2T_LSTE.002,ECOv002_L2T_LSTE_28192_013_12SUB_20230626T175548_0711_02_LST.tif,2026-06-09,sha256:35b867bbfeff4ee5851327a6d171e86bebbec3ecbfd9a3f4adde40ab3fc862ca
https://data.lpdaac.earthdatacloud.nasa.gov/lp-prod-protected/ECO_L2T_LSTE.002/ECOv002_L2T_LSTE_28192_013_12SVB_20230626T175548_0711_02/ECOv002_L2T_LSTE_28192_013_12SVB_20230626T175548_0711_02_water.tif,ECO_L2T_LSTE.002,ECOv002_L2T_LSTE_28192_013_12SVB_20230626T175548_0711_02_water.tif,2026-06-09,sha256:603f45e42472e2404988be11f673c953c57aea052432d8c0ba38c8c0b03aeda5
https://data.lpdaac.earthdatacloud.nasa.gov/lp-prod-protected/ECO_L2T_LSTE.002/ECOv002_L2T_LSTE_28192_013_12SVB_20230626T175548_0711_02/ECOv002_L2T_LSTE_28192_013_12SVB_20230626T175548_0711_02_cloud.tif,ECO_L2T_LSTE.002,ECOv002_L2T_LSTE_28192_013_12SVB_20230626T175548_0711_02_cloud.tif,2026-06-09,sha256:48960137fd3ad2280582aaff9b3991d80bc3cde526a0e0d255f5663a0e0cd239
https://data.lpdaac.earthdatacloud.nasa.gov/lp-prod-protected/ECO_L2T_LSTE.002/ECOv002_L2T_LSTE_28192_013_12SVB_20230626T175548_0711_02/ECOv002_L2T_LSTE_28192_013_12SVB_20230626T175548_0711_02_height.tif,ECO_L2T_LSTE.002,ECOv002_L2T_LSTE_28192_013_12SVB_20230626T175548_0711_02_height.tif,2026-06-09,sha256:be0a8a39fccd2b07d952adaea98db9d20fb328b69dea03270d63467be98f8f35
https://data.lpdaac.earthdatacloud.nasa.gov/lp-prod-protected/ECO_L2T_LSTE.002/ECOv002_L2T_LSTE_28192_013_12SVB_20230626T175548_0711_02/ECOv002_L2T_LSTE_28192_013_12SVB_20230626T175548_0711_02_QC.tif,ECO_L2T_LSTE.002,ECOv002_L2T_LSTE_28192_013_12SVB_20230626T175548_0711_02_QC.tif,2026-06-09,sha256:5cf7b65fe3b5bbd8847b417137813d703bf9a28a3aa800866feb2fda55272a96
https://data.lpdaac.earthdatacloud.nasa.gov/lp-prod-protected/ECO_L2T_LSTE.002/ECOv002_L2T_LSTE_28192_013_12SVB_20230626T175548_0711_02/ECOv002_L2T_LSTE_28192_013_12SVB_20230626T175548_0711_02_LST.tif,ECO_L2T_LSTE.002,ECOv002_L2T_LSTE_28192_013_12SVB_20230626T175548_0711_02_LST.tif,2026-06-09,sha256:820425f2b12620a446a9cbaedc966f11c7701dd206c62e887bc1fd1a57ce71ae
https://data.lpdaac.earthdatacloud.nasa.gov/lp-prod-protected/ECO_L2T_LSTE.002/ECOv002_L2T_LSTE_28192_013_12SUC_20230626T175548_0711_02/ECOv002_L2T_LSTE_28192_013_12SUC_20230626T175548_0711_02_water.tif,ECO_L2T_LSTE.002,ECOv002_L2T_LSTE_28192_013_12SUC_20230626T175548_0711_02_water.tif,2026-06-09,sha256:8dd3335962f34a5c6f190e35c55c05bce27643fe3c408928a9a277b4798fd346
https://data.lpdaac.earthdatacloud.nasa.gov/lp-prod-protected/ECO_L2T_LSTE.002/ECOv002_L2T_LSTE_28192_013_12SUC_20230626T175548_0711_02/ECOv002_L2T_LSTE_28192_013_12SUC_20230626T175548_0711_02_cloud.tif,ECO_L2T_LSTE.002,ECOv002_L2T_LSTE_28192_013_12SUC_20230626T175548_0711_02_cloud.tif,2026-06-09,sha256:52c08d1e6072d5bcf3fe98c9d13f43f9f2ba85e8cf0f429b81685cac9ef47a8a
https://data.lpdaac.earthdatacloud.nasa.gov/lp-prod-protected/ECO_L2T_LSTE.002/ECOv002_L2T_LSTE_28192_013_12SUC_20230626T175548_0711_02/ECOv002_L2T_LSTE_28192_013_12SUC_20230626T175548_0711_02_height.tif,ECO_L2T_LSTE.002,ECOv002_L2T_LSTE_28192_013_12SUC_20230626T175548_0711_02_height.tif,2026-06-09,sha256:9db9b61e498d8690fab1b1317736dea13ecf80fde6ec3e510bb475e40cfd404e
https://data.lpdaac.earthdatacloud.nasa.gov/lp-prod-protected/ECO_L2T_LSTE.002/ECOv002_L2T_LSTE_28192_013_12SUC_20230626T175548_0711_02/ECOv002_L2T_LSTE_28192_013_12SUC_20230626T175548_0711_02_QC.tif,ECO_L2T_LSTE.002,ECOv002_L2T_LSTE_28192_013_12SUC_20230626T175548_0711_02_QC.tif,2026-06-09,sha256:d23e0c7a13967175607067db8c766f277b54d6f427e8cc6f3b155edd985005f5
https://data.lpdaac.earthdatacloud.nasa.gov/lp-prod-protected/ECO_L2T_LSTE.002/ECOv002_L2T_LSTE_28192_013_12SUC_20230626T175548_0711_02/ECOv002_L2T_LSTE_28192_013_12SUC_20230626T175548_0711_02_LST.tif,ECO_L2T_LSTE.002,ECOv002_L2T_LSTE_28192_013_12SUC_20230626T175548_0711_02_LST.tif,2026-06-09,sha256:80ee1135efbfb7159072aaefa2e7cd1f57dd781238c84ff595046d30896c12e3
https://data.lpdaac.earthdatacloud.nasa.gov/lp-prod-protected/ECO_L2T_LSTE.002/ECOv002_L2T_LSTE_28192_014_12SVB_20230626T175640_0710_01/ECOv002_L2T_LSTE_28192_014_12SVB_20230626T175640_0710_01_water.tif,ECO_L2T_LSTE.002,ECOv002_L2T_LSTE_28192_014_12SVB_20230626T175640_0710_01_water.tif,2026-06-09,sha256:5330bdd59b721b9812d2cfacc468382dac52d2fcd60ace86d0589db82a6d4135
https://data.lpdaac.earthdatacloud.nasa.gov/lp-prod-protected/ECO_L2T_LSTE.002/ECOv002_L2T_LSTE_28192_014_12SVB_20230626T175640_0710_01/ECOv002_L2T_LSTE_28192_014_12SVB_20230626T175640_0710_01_cloud.tif,ECO_L2T_LSTE.002,ECOv002_L2T_LSTE_28192_014_12SVB_20230626T175640_0710_01_cloud.tif,2026-06-09,sha256:9a98dff49970d27c2459e75ad29b276157eaa420da10b790bef19c0dcd47ef0c
https://data.lpdaac.earthdatacloud.nasa.gov/lp-prod-protected/ECO_L2T_LSTE.002/ECOv002_L2T_LSTE_28192_014_12SVB_20230626T175640_0710_01/ECOv002_L2T_LSTE_28192_014_12SVB_20230626T175640_0710_01_height.tif,ECO_L2T_LSTE.002,ECOv002_L2T_LSTE_28192_014_12SVB_20230626T175640_0710_01_height.tif,2026-06-09,sha256:62cd785e666abdf183eb16fe48f1e498c0cf9022b21dfb5c328d5d155dac01ce
https://data.lpdaac.earthdatacloud.nasa.gov/lp-prod-protected/ECO_L2T_LSTE.002/ECOv002_L2T_LSTE_28192_014_12SVB_20230626T175640_0710_01/ECOv002_L2T_LSTE_28192_014_12SVB_20230626T175640_0710_01_QC.tif,ECO_L2T_LSTE.002,ECOv002_L2T_LSTE_28192_014_12SVB_20230626T175640_0710_01_QC.tif,2026-06-09,sha256:681d74985b4a83a0ccc9e0114b5bf5474aba250323a0d9586d08b065b0ed86d6
https://data.lpdaac.earthdatacloud.nasa.gov/lp-prod-protected/ECO_L2T_LSTE.002/ECOv002_L2T_LSTE_28192_014_12SVB_20230626T175640_0710_01/ECOv002_L2T_LSTE_28192_014_12SVB_20230626T175640_0710_01_LST.tif,ECO_L2T_LSTE.002,ECOv002_L2T_LSTE_28192_014_12SVB_20230626T175640_0710_01_LST.tif,2026-06-09,sha256:edeb55f26cf4370bbd25d34cd8fcfe3346a7556320f5657194513e1721d5571c
https://data.lpdaac.earthdatacloud.nasa.gov/lp-prod-protected/ECO_L2T_LSTE.002/ECOv002_L2T_LSTE_28192_014_12SVB_20230626T175640_0711_02/ECOv002_L2T_LSTE_28192_014_12SVB_20230626T175640_0711_02_water.tif,ECO_L2T_LSTE.002,ECOv002_L2T_LSTE_28192_014_12SVB_20230626T175640_0711_02_water.tif,2026-06-09,sha256:5330bdd59b721b9812d2cfacc468382dac52d2fcd60ace86d0589db82a6d4135
https://data.lpdaac.earthdatacloud.nasa.gov/lp-prod-protected/ECO_L2T_LSTE.002/ECOv002_L2T_LSTE_28192_014_12SVB_20230626T175640_0711_02/ECOv002_L2T_LSTE_28192_014_12SVB_20230626T175640_0711_02_cloud.tif,ECO_L2T_LSTE.002,ECOv002_L2T_LSTE_28192_014_12SVB_20230626T175640_0711_02_cloud.tif,2026-06-09,sha256:dc21397a1da185fb0025fa040db78bde48ea86f0a34fbe5bc0969ec14a7e25dc
https://data.lpdaac.earthdatacloud.nasa.gov/lp-prod-protected/ECO_L2T_LSTE.002/ECOv002_L2T_LSTE_28192_014_12SVB_20230626T175640_0711_02/ECOv002_L2T_LSTE_28192_014_12SVB_20230626T175640_0711_02_height.tif,ECO_L2T_LSTE.002,ECOv002_L2T_LSTE_28192_014_12SVB_20230626T175640_0711_02_height.tif,2026-06-09,sha256:e6a61535c2c7552603c5a67a0ab7a87a80c4315e8e88ac5929ba2a903ce2e342
https://data.lpdaac.earthdatacloud.nasa.gov/lp-prod-protected/ECO_L2T_LSTE.002/ECOv002_L2T_LSTE_28192_014_12SVB_20230626T175640_0711_02/ECOv002_L2T_LSTE_28192_014_12SVB_20230626T175640_0711_02_QC.tif,ECO_L2T_LSTE.002,ECOv002_L2T_LSTE_28192_014_12SVB_20230626T175640_0711_02_QC.tif,2026-06-09,sha256:15af1a6ac273d70335d4a9b65d7206cb5f747753ba2ba94589dc802e21ca0ba3
https://data.lpdaac.earthdatacloud.nasa.gov/lp-prod-protected/ECO_L2T_LSTE.002/ECOv002_L2T_LSTE_28192_014_12SVB_20230626T175640_0711_02/ECOv002_L2T_LSTE_28192_014_12SVB_20230626T175640_0711_02_LST.tif,ECO_L2T_LSTE.002,ECOv002_L2T_LSTE_28192_014_12SVB_20230626T175640_0711_02_LST.tif,2026-06-09,sha256:d955f3c03e1afaa658f77cb9f434cc8abeeab997b77097501e52b16f9760ffe4
https://data.lpdaac.earthdatacloud.nasa.gov/lp-prod-protected/ECO_L2T_LSTE.002/ECOv002_L2T_LSTE_28207_010_12SVC_20230627T170704_0711_01/ECOv002_L2T_LSTE_28207_010_12SVC_20230627T170704_0711_01_water.tif,ECO_L2T_LSTE.002,ECOv002_L2T_LSTE_28207_010_12SVC_20230627T170704_0711_01_water.tif,2026-06-09,sha256:baf00d8cb646c4ed9a981a5195d280acbdf6dde9e79db7f2a845f444aa09f0c8
https://data.lpdaac.earthdatacloud.nasa.gov/lp-prod-protected/ECO_L2T_LSTE.002/ECOv002_L2T_LSTE_28207_010_12SVC_20230627T170704_0711_01/ECOv002_L2T_LSTE_28207_010_12SVC_20230627T170704_0711_01_cloud.tif,ECO_L2T_LSTE.002,ECOv002_L2T_LSTE_28207_010_12SVC_20230627T170704_0711_01_cloud.tif,2026-06-09,sha256:87566c7502074d73f079e5e580956b4976ea257911e99229019949455ac14a4b
https://data.lpdaac.earthdatacloud.nasa.gov/lp-prod-protected/ECO_L2T_LSTE.002/ECOv002_L2T_LSTE_28207_010_12SVC_20230627T170704_0711_01/ECOv002_L2T_LSTE_28207_010_12SVC_20230627T170704_0711_01_height.tif,ECO_L2T_LSTE.002,ECOv002_L2T_LSTE_28207_010_12SVC_20230627T170704_0711_01_height.tif,2026-06-09,sha256:a81631716dec0fb2b4b61909a52f0f3f7d386d0fc4c1f65c0916b950fa2bbbe8
https://data.lpdaac.earthdatacloud.nasa.gov/lp-prod-protected/ECO_L2T_LSTE.002/ECOv002_L2T_LSTE_28207_010_12SVC_20230627T170704_0711_01/ECOv002_L2T_LSTE_28207_010_12SVC_20230627T170704_0711_01_QC.tif,ECO_L2T_LSTE.002,ECOv002_L2T_LSTE_28207_010_12SVC_20230627T170704_0711_01_QC.tif,2026-06-09,sha256:cbd2bdfb81a4fb2c0275f0e1572017026fe730e99e611df80dfe876880dd4c07
https://data.lpdaac.earthdatacloud.nasa.gov/lp-prod-protected/ECO_L2T_LSTE.002/ECOv002_L2T_LSTE_28207_010_12SVC_20230627T170704_0711_01/ECOv002_L2T_LSTE_28207_010_12SVC_20230627T170704_0711_01_LST.tif,ECO_L2T_LSTE.002,ECOv002_L2T_LSTE_28207_010_12SVC_20230627T170704_0711_01_LST.tif,2026-06-09,sha256:e96414c8898dc72cd528c0cb9a8d6fef8b40ef5bb73dfa255305063a8b65e902
https://data.lpdaac.earthdatacloud.nasa.gov/lp-prod-protected/ECO_L2T_LSTE.002/ECOv002_L2T_LSTE_28233_004_12SVC_20230629T085708_0710_01/ECOv002_L2T_LSTE_28233_004_12SVC_20230629T085708_0710_01_water.tif,ECO_L2T_LSTE.002,ECOv002_L2T_LSTE_28233_004_12SVC_20230629T085708_0710_01_water.tif,2026-06-09,sha256:1d4459627d8a9675ab12dadd21bb28d082bb0c3e171c8d12ccf24a99402fa5e7
https://data.lpdaac.earthdatacloud.nasa.gov/lp-prod-protected/ECO_L2T_LSTE.002/ECOv002_L2T_LSTE_28233_004_12SVC_20230629T085708_0710_01/ECOv002_L2T_LSTE_28233_004_12SVC_20230629T085708_0710_01_cloud.tif,ECO_L2T_LSTE.002,ECOv002_L2T_LSTE_28233_004_12SVC_20230629T085708_0710_01_cloud.tif,2026-06-09,sha256:b41d9f08e9280bec47f2f83be98b35bbe9d1693c5f570433c2d5026b3f0d8f84
https://data.lpdaac.earthdatacloud.nasa.gov/lp-prod-protected/ECO_L2T_LSTE.002/ECOv002_L2T_LSTE_28233_004_12SVC_20230629T085708_0710_01/ECOv002_L2T_LSTE_28233_004_12SVC_20230629T085708_0710_01_height.tif,ECO_L2T_LSTE.002,ECOv002_L2T_LSTE_28233_004_12SVC_20230629T085708_0710_01_height.tif,2026-06-09,sha256:3fba2ce9499fb161d3830806e432c522bf7e3560e13fcbf23191ee88911cb976
https://data.lpdaac.earthdatacloud.nasa.gov/lp-prod-protected/ECO_L2T_LSTE.002/ECOv002_L2T_LSTE_28233_004_12SVC_20230629T085708_0710_01/ECOv002_L2T_LSTE_28233_004_12SVC_20230629T085708_0710_01_QC.tif,ECO_L2T_LSTE.002,ECOv002_L2T_LSTE_28233_004_12SVC_20230629T085708_0710_01_QC.tif,2026-06-09,sha256:1d24e65c47c47bf250c1f01599f0e28fc5825f9048043f3d852805ef88a01c30
https://data.lpdaac.earthdatacloud.nasa.gov/lp-prod-protected/ECO_L2T_LSTE.002/ECOv002_L2T_LSTE_28233_004_12SVC_20230629T085708_0710_01/ECOv002_L2T_LSTE_28233_004_12SVC_20230629T085708_0710_01_LST.tif,ECO_L2T_LSTE.002,ECOv002_L2T_LSTE_28233_004_12SVC_20230629T085708_0710_01_LST.tif,2026-06-09,sha256:f641044764126b3fbdb0fba1c5867744171f778840fc32db95fb7a31b2821450
https://data.lpdaac.earthdatacloud.nasa.gov/lp-prod-protected/ECO_L2T_LSTE.002/ECOv002_L2T_LSTE_28233_004_12SUC_20230629T085708_0710_01/ECOv002_L2T_LSTE_28233_004_12SUC_20230629T085708_0710_01_height.tif,ECO_L2T_LSTE.002,ECOv002_L2T_LSTE_28233_004_12SUC_20230629T085708_0710_01_height.tif,2026-06-09,sha256:2514b920d58040a8f18163052fbcdea4cf53c8c01451d5779434030268540823
https://data.lpdaac.earthdatacloud.nasa.gov/lp-prod-protected/ECO_L2T_LSTE.002/ECOv002_L2T_LSTE_28233_004_12SUC_20230629T085708_0710_01/ECOv002_L2T_LSTE_28233_004_12SUC_20230629T085708_0710_01_water.tif,ECO_L2T_LSTE.002,ECOv002_L2T_LSTE_28233_004_12SUC_20230629T085708_0710_01_water.tif,2026-06-09,sha256:321c725e9db4ef6c53da5103ba418edd49db785ea4751522919340bb241ff2c3
https://data.lpdaac.earthdatacloud.nasa.gov/lp-prod-protected/ECO_L2T_LSTE.002/ECOv002_L2T_LSTE_28233_004_12SUC_20230629T085708_0710_01/ECOv002_L2T_LSTE_28233_004_12SUC_20230629T085708_0710_01_cloud.tif,ECO_L2T_LSTE.002,ECOv002_L2T_LSTE_28233_004_12SUC_20230629T085708_0710_01_cloud.tif,2026-06-09,sha256:c6a705d07a8e8a9c45cdb973675b1a809f75b02427a524264cbcf4ea7bd56049
https://data.lpdaac.earthdatacloud.nasa.gov/lp-prod-protected/ECO_L2T_LSTE.002/ECOv002_L2T_LSTE_28233_004_12SUC_20230629T085708_0710_01/ECOv002_L2T_LSTE_28233_004_12SUC_20230629T085708_0710_01_LST.tif,ECO_L2T_LSTE.002,ECOv002_L2T_LSTE_28233_004_12SUC_20230629T085708_0710_01_LST.tif,2026-06-09,sha256:8c48bae3238ed52e560957ddcd271f0719472b08b268cf2f80f1fafba63ecb40
https://data.lpdaac.earthdatacloud.nasa.gov/lp-prod-protected/ECO_L2T_LSTE.002/ECOv002_L2T_LSTE_28233_004_12SUC_20230629T085708_0710_01/ECOv002_L2T_LSTE_28233_004_12SUC_20230629T085708_0710_01_QC.tif,ECO_L2T_LSTE.002,ECOv002_L2T_LSTE_28233_004_12SUC_20230629T085708_0710_01_QC.tif,2026-06-09,sha256:3aa04ed78726215748e9a43f34b7766530b351ec8a5f340b68d56087f6d97bc4
https://data.lpdaac.earthdatacloud.nasa.gov/lp-prod-protected/ECO_L2T_LSTE.002/ECOv002_L2T_LSTE_28233_004_12SUB_20230629T085708_0710_01/ECOv002_L2T_LSTE_28233_004_12SUB_20230629T085708_0710_01_water.tif,ECO_L2T_LSTE.002,ECOv002_L2T_LSTE_28233_004_12SUB_20230629T085708_0710_01_water.tif,2026-06-09,sha256:d964e244ee69dab67fe170f3da393154961e8d4063212489ec691d0147a10537
https://data.lpdaac.earthdatacloud.nasa.gov/lp-prod-protected/ECO_L2T_LSTE.002/ECOv002_L2T_LSTE_28233_004_12SUB_20230629T085708_0710_01/ECOv002_L2T_LSTE_28233_004_12SUB_20230629T085708_0710_01_cloud.tif,ECO_L2T_LSTE.002,ECOv002_L2T_LSTE_28233_004_12SUB_20230629T085708_0710_01_cloud.tif,2026-06-09,sha256:b7fc6a1b9f6e0d532d98cc0b15d5d908d0d9dc68e1a93c06c2c7d484ceb6c66e
https://data.lpdaac.earthdatacloud.nasa.gov/lp-prod-protected/ECO_L2T_LSTE.002/ECOv002_L2T_LSTE_28233_004_12SUB_20230629T085708_0710_01/ECOv002_L2T_LSTE_28233_004_12SUB_20230629T085708_0710_01_height.tif,ECO_L2T_LSTE.002,ECOv002_L2T_LSTE_28233_004_12SUB_20230629T085708_0710_01_height.tif,2026-06-09,sha256:6f0cc74f25fbabd122cba0944bd140dc06aa335c5e8f86918f4becd03028302e
https://data.lpdaac.earthdatacloud.nasa.gov/lp-prod-protected/ECO_L2T_LSTE.002/ECOv002_L2T_LSTE_28233_004_12SUB_20230629T085708_0710_01/ECOv002_L2T_LSTE_28233_004_12SUB_20230629T085708_0710_01_QC.tif,ECO_L2T_LSTE.002,ECOv002_L2T_LSTE_28233_004_12SUB_20230629T085708_0710_01_QC.tif,2026-06-09,sha256:646c1dcda52e8752098de0b18b9c55bcc1057b6eaf98804b7bc12b7d5e1240a5
https://data.lpdaac.earthdatacloud.nasa.gov/lp-prod-protected/ECO_L2T_LSTE.002/ECOv002_L2T_LSTE_28233_004_12SUB_20230629T085708_0710_01/ECOv002_L2T_LSTE_28233_004_12SUB_20230629T085708_0710_01_LST.tif,ECO_L2T_LSTE.002,ECOv002_L2T_LSTE_28233_004_12SUB_20230629T085708_0710_01_LST.tif,2026-06-09,sha256:c03908597fcf158fb98315fa27ee45c12f6d5408b7f4b1402226848add720e8b
https://data.lpdaac.earthdatacloud.nasa.gov/lp-prod-protected/ECO_L2T_LSTE.002/ECOv002_L2T_LSTE_28233_004_12SVB_20230629T085708_0710_01/ECOv002_L2T_LSTE_28233_004_12SVB_20230629T085708_0710_01_water.tif,ECO_L2T_LSTE.002,ECOv002_L2T_LSTE_28233_004_12SVB_20230629T085708_0710_01_water.tif,2026-06-09,sha256:b25906664042ead3070c506c7e90c094c8cc7570ad983b494f00dce07d899d01
https://data.lpdaac.earthdatacloud.nasa.gov/lp-prod-protected/ECO_L2T_LSTE.002/ECOv002_L2T_LSTE_28233_004_12SVB_20230629T085708_0710_01/ECOv002_L2T_LSTE_28233_004_12SVB_20230629T085708_0710_01_cloud.tif,ECO_L2T_LSTE.002,ECOv002_L2T_LSTE_28233_004_12SVB_20230629T085708_0710_01_cloud.tif,2026-06-09,sha256:111057dcda73ebc73900facc91d123ca898350a2642c390d22561b9d6f239e3a
https://data.lpdaac.earthdatacloud.nasa.gov/lp-prod-protected/ECO_L2T_LSTE.002/ECOv002_L2T_LSTE_28233_004_12SVB_20230629T085708_0710_01/ECOv002_L2T_LSTE_28233_004_12SVB_20230629T085708_0710_01_height.tif,ECO_L2T_LSTE.002,ECOv002_L2T_LSTE_28233_004_12SVB_20230629T085708_0710_01_height.tif,2026-06-09,sha256:e0be60e9a6d720d015ac9061c61a784bebef4e65e7729a04697f33cc388efe56
https://data.lpdaac.earthdatacloud.nasa.gov/lp-prod-protected/ECO_L2T_LSTE.002/ECOv002_L2T_LSTE_28233_004_12SVB_20230629T085708_0710_01/ECOv002_L2T_LSTE_28233_004_12SVB_20230629T085708_0710_01_QC.tif,ECO_L2T_LSTE.002,ECOv002_L2T_LSTE_28233_004_12SVB_20230629T085708_0710_01_QC.tif,2026-06-09,sha256:8705f2b25a4703c6d2c2c0eaa3cf7ce329227cb73c6209b59415284e7026b57c
https://data.lpdaac.earthdatacloud.nasa.gov/lp-prod-protected/ECO_L2T_LSTE.002/ECOv002_L2T_LSTE_28233_004_12SVB_20230629T085708_0710_01/ECOv002_L2T_LSTE_28233_004_12SVB_20230629T085708_0710_01_LST.tif,ECO_L2T_LSTE.002,ECOv002_L2T_LSTE_28233_004_12SVB_20230629T085708_0710_01_LST.tif,2026-06-09,sha256:cc7505ce0477c4be0c94eba59321b4e54cc463d562ecb5bb44576751ad7aa2f7
https://data.lpdaac.earthdatacloud.nasa.gov/lp-prod-protected/ECO_L2T_LSTE.002/ECOv002_L2T_LSTE_28233_004_12SVB_20230629T085708_0711_02/ECOv002_L2T_LSTE_28233_004_12SVB_20230629T085708_0711_02_water.tif,ECO_L2T_LSTE.002,ECOv002_L2T_LSTE_28233_004_12SVB_20230629T085708_0711_02_water.tif,2026-06-09,sha256:daaf3a1785d0d4b5eb0b48e4f7b0d83f6670dc46a5544c20c53b7fae41900943
https://data.lpdaac.earthdatacloud.nasa.gov/lp-prod-protected/ECO_L2T_LSTE.002/ECOv002_L2T_LSTE_28233_004_12SVB_20230629T085708_0711_02/ECOv002_L2T_LSTE_28233_004_12SVB_20230629T085708_0711_02_cloud.tif,ECO_L2T_LSTE.002,ECOv002_L2T_LSTE_28233_004_12SVB_20230629T085708_0711_02_cloud.tif,2026-06-09,sha256:9ecefe4adf108940c646560932c8ff50ca0840b7c20f88959624ebf4db656618
https://data.lpdaac.earthdatacloud.nasa.gov/lp-prod-protected/ECO_L2T_LSTE.002/ECOv002_L2T_LSTE_28233_004_12SVB_20230629T085708_0711_02/ECOv002_L2T_LSTE_28233_004_12SVB_20230629T085708_0711_02_height.tif,ECO_L2T_LSTE.002,ECOv002_L2T_LSTE_28233_004_12SVB_20230629T085708_0711_02_height.tif,2026-06-09,sha256:fc32f3f0bf986894cc4b30edfaf13805924b9b518bbb61fb672466025590ea6d
https://data.lpdaac.earthdatacloud.nasa.gov/lp-prod-protected/ECO_L2T_LSTE.002/ECOv002_L2T_LSTE_28233_004_12SVB_20230629T085708_0711_02/ECOv002_L2T_LSTE_28233_004_12SVB_20230629T085708_0711_02_QC.tif,ECO_L2T_LSTE.002,ECOv002_L2T_LSTE_28233_004_12SVB_20230629T085708_0711_02_QC.tif,2026-06-09,sha256:ffb4a5ff9b3c65804c4abb4158f6650bd715972a72a81c3992ed3d1d33d90c66
https://data.lpdaac.earthdatacloud.nasa.gov/lp-prod-protected/ECO_L2T_LSTE.002/ECOv002_L2T_LSTE_28233_004_12SVB_20230629T085708_0711_02/ECOv002_L2T_LSTE_28233_004_12SVB_20230629T085708_0711_02_LST.tif,ECO_L2T_LSTE.002,ECOv002_L2T_LSTE_28233_004_12SVB_20230629T085708_0711_02_LST.tif,2026-06-09,sha256:641982f47ae61c1ccf56733a7c5b21ac6b5c8ca85066085b37c92db0e63e6bab
https://data.lpdaac.earthdatacloud.nasa.gov/lp-prod-protected/ECO_L2T_LSTE.002/ECOv002_L2T_LSTE_28233_004_12SUC_20230629T085708_0711_02/ECOv002_L2T_LSTE_28233_004_12SUC_20230629T085708_0711_02_water.tif,ECO_L2T_LSTE.002,ECOv002_L2T_LSTE_28233_004_12SUC_20230629T085708_0711_02_water.tif,2026-06-09,sha256:b294feb794f9203340030315754cfc5c1bd7948acec0521ac27e814478b60502
https://data.lpdaac.earthdatacloud.nasa.gov/lp-prod-protected/ECO_L2T_LSTE.002/ECOv002_L2T_LSTE_28233_004_12SUC_20230629T085708_0711_02/ECOv002_L2T_LSTE_28233_004_12SUC_20230629T085708_0711_02_cloud.tif,ECO_L2T_LSTE.002,ECOv002_L2T_LSTE_28233_004_12SUC_20230629T085708_0711_02_cloud.tif,2026-06-09,sha256:76966867bcccbd34e2da095865be28823151c8b55b68738fc557d045babc4810
https://data.lpdaac.earthdatacloud.nasa.gov/lp-prod-protected/ECO_L2T_LSTE.002/ECOv002_L2T_LSTE_28233_004_12SUC_20230629T085708_0711_02/ECOv002_L2T_LSTE_28233_004_12SUC_20230629T085708_0711_02_height.tif,ECO_L2T_LSTE.002,ECOv002_L2T_LSTE_28233_004_12SUC_20230629T085708_0711_02_height.tif,2026-06-09,sha256:fcc031fb35c7a44280ae708397c8a9f0a261da860330bcbf1225caf2520c714f
https://data.lpdaac.earthdatacloud.nasa.gov/lp-prod-protected/ECO_L2T_LSTE.002/ECOv002_L2T_LSTE_28233_004_12SUC_20230629T085708_0711_02/ECOv002_L2T_LSTE_28233_004_12SUC_20230629T085708_0711_02_QC.tif,ECO_L2T_LSTE.002,ECOv002_L2T_LSTE_28233_004_12SUC_20230629T085708_0711_02_QC.tif,2026-06-09,sha256:2cf66ecf890cd0adcede4ac6a12e356ae37dcf90cae13a60a99d86f91c240576
https://data.lpdaac.earthdatacloud.nasa.gov/lp-prod-protected/ECO_L2T_LSTE.002/ECOv002_L2T_LSTE_28233_004_12SUC_20230629T085708_0711_02/ECOv002_L2T_LSTE_28233_004_12SUC_20230629T085708_0711_02_LST.tif,ECO_L2T_LSTE.002,ECOv002_L2T_LSTE_28233_004_12SUC_20230629T085708_0711_02_LST.tif,2026-06-09,sha256:7efb4b248018459bcaf86566cfd4fcfaf9e5656d45a84fd9d2a4266977f58330
https://data.lpdaac.earthdatacloud.nasa.gov/lp-prod-protected/ECO_L2T_LSTE.002/ECOv002_L2T_LSTE_28233_004_12SVC_20230629T085708_0711_02/ECOv002_L2T_LSTE_28233_004_12SVC_20230629T085708_0711_02_water.tif,ECO_L2T_LSTE.002,ECOv002_L2T_LSTE_28233_004_12SVC_20230629T085708_0711_02_water.tif,2026-06-09,sha256:1d4459627d8a9675ab12dadd21bb28d082bb0c3e171c8d12ccf24a99402fa5e7
https://data.lpdaac.earthdatacloud.nasa.gov/lp-prod-protected/ECO_L2T_LSTE.002/ECOv002_L2T_LSTE_28233_004_12SVC_20230629T085708_0711_02/ECOv002_L2T_LSTE_28233_004_12SVC_20230629T085708_0711_02_cloud.tif,ECO_L2T_LSTE.002,ECOv002_L2T_LSTE_28233_004_12SVC_20230629T085708_0711_02_cloud.tif,2026-06-09,sha256:92b82452dbc7d7b3ec5d6c4b962de1093094be998b98ea689ab6380c1da9ca17
https://data.lpdaac.earthdatacloud.nasa.gov/lp-prod-protected/ECO_L2T_LSTE.002/ECOv002_L2T_LSTE_28233_004_12SVC_20230629T085708_0711_02/ECOv002_L2T_LSTE_28233_004_12SVC_20230629T085708_0711_02_height.tif,ECO_L2T_LSTE.002,ECOv002_L2T_LSTE_28233_004_12SVC_20230629T085708_0711_02_height.tif,2026-06-09,sha256:773f3f9689221a8338d26a80b0b32eec6a92a2f9820cec3d88f05e8fd67fa003
https://data.lpdaac.earthdatacloud.nasa.gov/lp-prod-protected/ECO_L2T_LSTE.002/ECOv002_L2T_LSTE_28233_004_12SVC_20230629T085708_0711_02/ECOv002_L2T_LSTE_28233_004_12SVC_20230629T085708_0711_02_QC.tif,ECO_L2T_LSTE.002,ECOv002_L2T_LSTE_28233_004_12SVC_20230629T085708_0711_02_QC.tif,2026-06-09,sha256:e3af5e431a72cf4e35c0b3994845d19087268713dc43349ba60ec16961a5e2c1
https://data.lpdaac.earthdatacloud.nasa.gov/lp-prod-protected/ECO_L2T_LSTE.002/ECOv002_L2T_LSTE_28233_004_12SVC_20230629T085708_0711_02/ECOv002_L2T_LSTE_28233_004_12SVC_20230629T085708_0711_02_LST.tif,ECO_L2T_LSTE.002,ECOv002_L2T_LSTE_28233_004_12SVC_20230629T085708_0711_02_LST.tif,2026-06-09,sha256:99119692c2da432f8364afe809e0e6d7dbeeda021e8032e8254f7994bad641b0
https://data.lpdaac.earthdatacloud.nasa.gov/lp-prod-protected/ECO_L2T_LSTE.002/ECOv002_L2T_LSTE_28233_004_12SUB_20230629T085708_0711_02/ECOv002_L2T_LSTE_28233_004_12SUB_20230629T085708_0711_02_water.tif,ECO_L2T_LSTE.002,ECOv002_L2T_LSTE_28233_004_12SUB_20230629T085708_0711_02_water.tif,2026-06-09,sha256:00e24e8586abb6761c72a46a4ef7b1977d6805b4e9a290bec2c7e44e79b0a200
https://data.lpdaac.earthdatacloud.nasa.gov/lp-prod-protected/ECO_L2T_LSTE.002/ECOv002_L2T_LSTE_28233_004_12SUB_20230629T085708_0711_02/ECOv002_L2T_LSTE_28233_004_12SUB_20230629T085708_0711_02_cloud.tif,ECO_L2T_LSTE.002,ECOv002_L2T_LSTE_28233_004_12SUB_20230629T085708_0711_02_cloud.tif,2026-06-09,sha256:ba3c654cb07a3ccc389dfe90e92552fb8e8c3538531342d0b8f7c35b13b3538d
https://data.lpdaac.earthdatacloud.nasa.gov/lp-prod-protected/ECO_L2T_LSTE.002/ECOv002_L2T_LSTE_28233_004_12SUB_20230629T085708_0711_02/ECOv002_L2T_LSTE_28233_004_12SUB_20230629T085708_0711_02_height.tif,ECO_L2T_LSTE.002,ECOv002_L2T_LSTE_28233_004_12SUB_20230629T085708_0711_02_height.tif,2026-06-09,sha256:001bfd3065b413bb6d750155898dd18304eb0d0e02ffe2707874c6739708128c
https://data.lpdaac.earthdatacloud.nasa.gov/lp-prod-protected/ECO_L2T_LSTE.002/ECOv002_L2T_LSTE_28233_004_12SUB_20230629T085708_0711_02/ECOv002_L2T_LSTE_28233_004_12SUB_20230629T085708_0711_02_QC.tif,ECO_L2T_LSTE.002,ECOv002_L2T_LSTE_28233_004_12SUB_20230629T085708_0711_02_QC.tif,2026-06-09,sha256:1813cb9a94d1eab9bbfb1d024e20203d97d9c854c81162d593a8c30aaf61e260
https://data.lpdaac.earthdatacloud.nasa.gov/lp-prod-protected/ECO_L2T_LSTE.002/ECOv002_L2T_LSTE_28233_004_12SUB_20230629T085708_0711_02/ECOv002_L2T_LSTE_28233_004_12SUB_20230629T085708_0711_02_LST.tif,ECO_L2T_LSTE.002,ECOv002_L2T_LSTE_28233_004_12SUB_20230629T085708_0711_02_LST.tif,2026-06-09,sha256:ad8beb9bdfb09fec4ba758d38f23d211225a7588741732513eb8d3acc250654f
https://data.lpdaac.earthdatacloud.nasa.gov/lp-prod-protected/ECO_L2T_LSTE.002/ECOv002_L2T_LSTE_28233_005_12SUC_20230629T085800_0710_01/ECOv002_L2T_LSTE_28233_005_12SUC_20230629T085800_0710_01_water.tif,ECO_L2T_LSTE.002,ECOv002_L2T_LSTE_28233_005_12SUC_20230629T085800_0710_01_water.tif,2026-06-09,sha256:7e8215a8d115e8fbed5a9513d383b014b66847341ea30f483ff56946419d3b23
https://data.lpdaac.earthdatacloud.nasa.gov/lp-prod-protected/ECO_L2T_LSTE.002/ECOv002_L2T_LSTE_28233_005_12SUC_20230629T085800_0710_01/ECOv002_L2T_LSTE_28233_005_12SUC_20230629T085800_0710_01_QC.tif,ECO_L2T_LSTE.002,ECOv002_L2T_LSTE_28233_005_12SUC_20230629T085800_0710_01_QC.tif,2026-06-09,sha256:4f825ad87e58f5cf36c5fa86d93e8077c69f8ab3245fbadd3392892e1ef4f7a3
https://data.lpdaac.earthdatacloud.nasa.gov/lp-prod-protected/ECO_L2T_LSTE.002/ECOv002_L2T_LSTE_28233_005_12SUC_20230629T085800_0710_01/ECOv002_L2T_LSTE_28233_005_12SUC_20230629T085800_0710_01_cloud.tif,ECO_L2T_LSTE.002,ECOv002_L2T_LSTE_28233_005_12SUC_20230629T085800_0710_01_cloud.tif,2026-06-09,sha256:f50db7d782d4601e3935ae857ee06d86d801e99807525ab26781cad1e8a7719b
https://data.lpdaac.earthdatacloud.nasa.gov/lp-prod-protected/ECO_L2T_LSTE.002/ECOv002_L2T_LSTE_28233_005_12SUC_20230629T085800_0710_01/ECOv002_L2T_LSTE_28233_005_12SUC_20230629T085800_0710_01_height.tif,ECO_L2T_LSTE.002,ECOv002_L2T_LSTE_28233_005_12SUC_20230629T085800_0710_01_height.tif,2026-06-09,sha256:4118063711f983ddbf790bb956e31f21650431a7a444b2bc03ccee26ed4240d6
https://data.lpdaac.earthdatacloud.nasa.gov/lp-prod-protected/ECO_L2T_LSTE.002/ECOv002_L2T_LSTE_28233_005_12SUC_20230629T085800_0710_01/ECOv002_L2T_LSTE_28233_005_12SUC_20230629T085800_0710_01_LST.tif,ECO_L2T_LSTE.002,ECOv002_L2T_LSTE_28233_005_12SUC_20230629T085800_0710_01_LST.tif,2026-06-09,sha256:d13f87740093325fcab77eca4a3d607376231653841539234fa198967062fccf
https://data.lpdaac.earthdatacloud.nasa.gov/lp-prod-protected/ECO_L2T_LSTE.002/ECOv002_L2T_LSTE_28233_005_12SVB_20230629T085800_0710_01/ECOv002_L2T_LSTE_28233_005_12SVB_20230629T085800_0710_01_water.tif,ECO_L2T_LSTE.002,ECOv002_L2T_LSTE_28233_005_12SVB_20230629T085800_0710_01_water.tif,2026-06-09,sha256:5330bdd59b721b9812d2cfacc468382dac52d2fcd60ace86d0589db82a6d4135
https://data.lpdaac.earthdatacloud.nasa.gov/lp-prod-protected/ECO_L2T_LSTE.002/ECOv002_L2T_LSTE_28233_005_12SVB_20230629T085800_0710_01/ECOv002_L2T_LSTE_28233_005_12SVB_20230629T085800_0710_01_QC.tif,ECO_L2T_LSTE.002,ECOv002_L2T_LSTE_28233_005_12SVB_20230629T085800_0710_01_QC.tif,2026-06-09,sha256:a9aa982a9b8e63d904ee9ebdc0e46f81936d1ca19f105b33d99035c057b8b86c
https://data.lpdaac.earthdatacloud.nasa.gov/lp-prod-protected/ECO_L2T_LSTE.002/ECOv002_L2T_LSTE_28233_005_12SVB_20230629T085800_0710_01/ECOv002_L2T_LSTE_28233_005_12SVB_20230629T085800_0710_01_cloud.tif,ECO_L2T_LSTE.002,ECOv002_L2T_LSTE_28233_005_12SVB_20230629T085800_0710_01_cloud.tif,2026-06-09,sha256:fcfbb07ce06e1926913c7561c51cf679900f2a01e1dc289d67b10f8d92caf229
https://data.lpdaac.earthdatacloud.nasa.gov/lp-prod-protected/ECO_L2T_LSTE.002/ECOv002_L2T_LSTE_28233_005_12SVB_20230629T085800_0710_01/ECOv002_L2T_LSTE_28233_005_12SVB_20230629T085800_0710_01_height.tif,ECO_L2T_LSTE.002,ECOv002_L2T_LSTE_28233_005_12SVB_20230629T085800_0710_01_height.tif,2026-06-09,sha256:622909f6516a90c0fec1c96e74fb95792370a622011e3e122dd8a1cb966eb17c
https://data.lpdaac.earthdatacloud.nasa.gov/lp-prod-protected/ECO_L2T_LSTE.002/ECOv002_L2T_LSTE_28233_005_12SVB_20230629T085800_0710_01/ECOv002_L2T_LSTE_28233_005_12SVB_20230629T085800_0710_01_LST.tif,ECO_L2T_LSTE.002,ECOv002_L2T_LSTE_28233_005_12SVB_20230629T085800_0710_01_LST.tif,2026-06-09,sha256:57ace678e302bc6429a7ccfa1328099ed15fef3b21e75da6ab995dcddbbfe30c
https://data.lpdaac.earthdatacloud.nasa.gov/lp-prod-protected/ECO_L2T_LSTE.002/ECOv002_L2T_LSTE_28233_005_12SVC_20230629T085800_0710_01/ECOv002_L2T_LSTE_28233_005_12SVC_20230629T085800_0710_01_water.tif,ECO_L2T_LSTE.002,ECOv002_L2T_LSTE_28233_005_12SVC_20230629T085800_0710_01_water.tif,2026-06-09,sha256:8ef797edd03f34ebc35775053d05f329c06ff3482a9e2e11d5d3c40e4ba559b6
https://data.lpdaac.earthdatacloud.nasa.gov/lp-prod-protected/ECO_L2T_LSTE.002/ECOv002_L2T_LSTE_28233_005_12SVC_20230629T085800_0710_01/ECOv002_L2T_LSTE_28233_005_12SVC_20230629T085800_0710_01_cloud.tif,ECO_L2T_LSTE.002,ECOv002_L2T_LSTE_28233_005_12SVC_20230629T085800_0710_01_cloud.tif,2026-06-09,sha256:bb7e1e0d5f0cece9aa64ca11e469612f680357b98ae252186392eaa9617de229
https://data.lpdaac.earthdatacloud.nasa.gov/lp-prod-protected/ECO_L2T_LSTE.002/ECOv002_L2T_LSTE_28233_005_12SVC_20230629T085800_0710_01/ECOv002_L2T_LSTE_28233_005_12SVC_20230629T085800_0710_01_height.tif,ECO_L2T_LSTE.002,ECOv002_L2T_LSTE_28233_005_12SVC_20230629T085800_0710_01_height.tif,2026-06-09,sha256:d5259fd249a159e21ac4f68a6b6272eb64c7c77fb3345f03ac3a93a382c784b1
https://data.lpdaac.earthdatacloud.nasa.gov/lp-prod-protected/ECO_L2T_LSTE.002/ECOv002_L2T_LSTE_28233_005_12SVC_20230629T085800_0710_01/ECOv002_L2T_LSTE_28233_005_12SVC_20230629T085800_0710_01_QC.tif,ECO_L2T_LSTE.002,ECOv002_L2T_LSTE_28233_005_12SVC_20230629T085800_0710_01_QC.tif,2026-06-09,sha256:5e9e1bc7f71d4aa621709a6cb767039b34ecca12fca8643c104568363aa2ded7
https://data.lpdaac.earthdatacloud.nasa.gov/lp-prod-protected/ECO_L2T_LSTE.002/ECOv002_L2T_LSTE_28233_005_12SVC_20230629T085800_0710_01/ECOv002_L2T_LSTE_28233_005_12SVC_20230629T085800_0710_01_LST.tif,ECO_L2T_LSTE.002,ECOv002_L2T_LSTE_28233_005_12SVC_20230629T085800_0710_01_LST.tif,2026-06-09,sha256:14e7ce234f06b6d3827b448a71e970c9d332b97cff76848af6eef93895ea0c61
https://data.lpdaac.earthdatacloud.nasa.gov/lp-prod-protected/ECO_L2T_LSTE.002/ECOv002_L2T_LSTE_28233_005_12SVB_20230629T085800_0711_02/ECOv002_L2T_LSTE_28233_005_12SVB_20230629T085800_0711_02_water.tif,ECO_L2T_LSTE.002,ECOv002_L2T_LSTE_28233_005_12SVB_20230629T085800_0711_02_water.tif,2026-06-09,sha256:5330bdd59b721b9812d2cfacc468382dac52d2fcd60ace86d0589db82a6d4135
https://data.lpdaac.earthdatacloud.nasa.gov/lp-prod-protected/ECO_L2T_LSTE.002/ECOv002_L2T_LSTE_28233_005_12SVB_20230629T085800_0711_02/ECOv002_L2T_LSTE_28233_005_12SVB_20230629T085800_0711_02_cloud.tif,ECO_L2T_LSTE.002,ECOv002_L2T_LSTE_28233_005_12SVB_20230629T085800_0711_02_cloud.tif,2026-06-09,sha256:a26e2f7ce6000a91cd0e709ceed7205601f0971e14add6d9be16b3a642c2b3a1
https://data.lpdaac.earthdatacloud.nasa.gov/lp-prod-protected/ECO_L2T_LSTE.002/ECOv002_L2T_LSTE_28233_005_12SVB_20230629T085800_0711_02/ECOv002_L2T_LSTE_28233_005_12SVB_20230629T085800_0711_02_height.tif,ECO_L2T_LSTE.002,ECOv002_L2T_LSTE_28233_005_12SVB_20230629T085800_0711_02_height.tif,2026-06-09,sha256:aacd483f6d3d229f3350a687792534d805dfa4f0e0024138a6f35a80347399dd
https://data.lpdaac.earthdatacloud.nasa.gov/lp-prod-protected/ECO_L2T_LSTE.002/ECOv002_L2T_LSTE_28233_005_12SVB_20230629T085800_0711_02/ECOv002_L2T_LSTE_28233_005_12SVB_20230629T085800_0711_02_QC.tif,ECO_L2T_LSTE.002,ECOv002_L2T_LSTE_28233_005_12SVB_20230629T085800_0711_02_QC.tif,2026-06-09,sha256:d6190e86c874f111f3ec9bf8811286c98997f84e299f27187d0cc32ebfe42c59
https://data.lpdaac.earthdatacloud.nasa.gov/lp-prod-protected/ECO_L2T_LSTE.002/ECOv002_L2T_LSTE_28233_005_12SVB_20230629T085800_0711_02/ECOv002_L2T_LSTE_28233_005_12SVB_20230629T085800_0711_02_LST.tif,ECO_L2T_LSTE.002,ECOv002_L2T_LSTE_28233_005_12SVB_20230629T085800_0711_02_LST.tif,2026-06-09,sha256:e2c5d68631a8c8e0f7acdc3b755411a66ae6361172b2de080b97941a1a7f81c6
https://data.lpdaac.earthdatacloud.nasa.gov/lp-prod-protected/ECO_L2T_LSTE.002/ECOv002_L2T_LSTE_28233_005_12SVC_20230629T085800_0711_02/ECOv002_L2T_LSTE_28233_005_12SVC_20230629T085800_0711_02_water.tif,ECO_L2T_LSTE.002,ECOv002_L2T_LSTE_28233_005_12SVC_20230629T085800_0711_02_water.tif,2026-06-09,sha256:fe9265f887550d33a38a82bbb4bc664582a02c4b30f74c3e22a538ab2754c380
https://data.lpdaac.earthdatacloud.nasa.gov/lp-prod-protected/ECO_L2T_LSTE.002/ECOv002_L2T_LSTE_28233_005_12SVC_20230629T085800_0711_02/ECOv002_L2T_LSTE_28233_005_12SVC_20230629T085800_0711_02_cloud.tif,ECO_L2T_LSTE.002,ECOv002_L2T_LSTE_28233_005_12SVC_20230629T085800_0711_02_cloud.tif,2026-06-09,sha256:d4f16033f7ff18d98e9edebbccfb5bb7822397f05ba9f4fcfad85ff6fdff1816
https://data.lpdaac.earthdatacloud.nasa.gov/lp-prod-protected/ECO_L2T_LSTE.002/ECOv002_L2T_LSTE_28233_005_12SVC_20230629T085800_0711_02/ECOv002_L2T_LSTE_28233_005_12SVC_20230629T085800_0711_02_height.tif,ECO_L2T_LSTE.002,ECOv002_L2T_LSTE_28233_005_12SVC_20230629T085800_0711_02_height.tif,2026-06-09,sha256:751697ae9f1f69dec86a95c7c30caf99c9cc61f67261ce8414f6500e4bbc5f89
https://data.lpdaac.earthdatacloud.nasa.gov/lp-prod-protected/ECO_L2T_LSTE.002/ECOv002_L2T_LSTE_28233_005_12SVC_20230629T085800_0711_02/ECOv002_L2T_LSTE_28233_005_12SVC_20230629T085800_0711_02_QC.tif,ECO_L2T_LSTE.002,ECOv002_L2T_LSTE_28233_005_12SVC_20230629T085800_0711_02_QC.tif,2026-06-09,sha256:3f99dc48652eac51077b65ae3541b2eb41574972104872404c8c7ea1dea8ae03
https://data.lpdaac.earthdatacloud.nasa.gov/lp-prod-protected/ECO_L2T_LSTE.002/ECOv002_L2T_LSTE_28233_005_12SVC_20230629T085800_0711_02/ECOv002_L2T_LSTE_28233_005_12SVC_20230629T085800_0711_02_LST.tif,ECO_L2T_LSTE.002,ECOv002_L2T_LSTE_28233_005_12SVC_20230629T085800_0711_02_LST.tif,2026-06-09,sha256:97315a062f7237fb96aa9427832ea803477d156a19a5ceb58e77536a86f04634
https://data.lpdaac.earthdatacloud.nasa.gov/lp-prod-protected/ECO_L2T_LSTE.002/ECOv002_L2T_LSTE_28233_005_12SUC_20230629T085800_0711_02/ECOv002_L2T_LSTE_28233_005_12SUC_20230629T085800_0711_02_water.tif,ECO_L2T_LSTE.002,ECOv002_L2T_LSTE_28233_005_12SUC_20230629T085800_0711_02_water.tif,2026-06-09,sha256:d949260f5fb9b79af5eef608fe742a7e305203a049dc6506dc977e0a44a5c7bd
https://data.lpdaac.earthdatacloud.nasa.gov/lp-prod-protected/ECO_L2T_LSTE.002/ECOv002_L2T_LSTE_28233_005_12SUC_20230629T085800_0711_02/ECOv002_L2T_LSTE_28233_005_12SUC_20230629T085800_0711_02_cloud.tif,ECO_L2T_LSTE.002,ECOv002_L2T_LSTE_28233_005_12SUC_20230629T085800_0711_02_cloud.tif,2026-06-09,sha256:dea6af2a25a20149cca30dcbcbe803ed19695ce0e182c343ced15619a1acffcd
https://data.lpdaac.earthdatacloud.nasa.gov/lp-prod-protected/ECO_L2T_LSTE.002/ECOv002_L2T_LSTE_28233_005_12SUC_20230629T085800_0711_02/ECOv002_L2T_LSTE_28233_005_12SUC_20230629T085800_0711_02_height.tif,ECO_L2T_LSTE.002,ECOv002_L2T_LSTE_28233_005_12SUC_20230629T085800_0711_02_height.tif,2026-06-09,sha256:d7cc3711ec3b7041d728517577354f65cdb76fca32810348b77e4e3c3fd85698
https://data.lpdaac.earthdatacloud.nasa.gov/lp-prod-protected/ECO_L2T_LSTE.002/ECOv002_L2T_LSTE_28233_005_12SUC_20230629T085800_0711_02/ECOv002_L2T_LSTE_28233_005_12SUC_20230629T085800_0711_02_QC.tif,ECO_L2T_LSTE.002,ECOv002_L2T_LSTE_28233_005_12SUC_20230629T085800_0711_02_QC.tif,2026-06-09,sha256:43dfbf3d569707a7d327369b309e914e4d3c92d4cda6a93a5cbed4331ae42cde
https://data.lpdaac.earthdatacloud.nasa.gov/lp-prod-protected/ECO_L2T_LSTE.002/ECOv002_L2T_LSTE_28233_005_12SUC_20230629T085800_0711_02/ECOv002_L2T_LSTE_28233_005_12SUC_20230629T085800_0711_02_LST.tif,ECO_L2T_LSTE.002,ECOv002_L2T_LSTE_28233_005_12SUC_20230629T085800_0711_02_LST.tif,2026-06-09,sha256:b7effb845b94b9fc92ff931f965da1f0fddd973ad380a237aee0d59669dd7ff7
https://data.lpdaac.earthdatacloud.nasa.gov/lp-prod-protected/ECO_L2T_LSTE.002/ECOv002_L2T_LSTE_28253_014_12SUC_20230630T161717_0710_01/ECOv002_L2T_LSTE_28253_014_12SUC_20230630T161717_0710_01_height.tif,ECO_L2T_LSTE.002,ECOv002_L2T_LSTE_28253_014_12SUC_20230630T161717_0710_01_height.tif,2026-06-09,sha256:f29b2223459613eac55a7a898c01634fdb931457d539f7fb74a067bc84747210
https://data.lpdaac.earthdatacloud.nasa.gov/lp-prod-protected/ECO_L2T_LSTE.002/ECOv002_L2T_LSTE_28253_014_12SUC_20230630T161717_0710_01/ECOv002_L2T_LSTE_28253_014_12SUC_20230630T161717_0710_01_QC.tif,ECO_L2T_LSTE.002,ECOv002_L2T_LSTE_28253_014_12SUC_20230630T161717_0710_01_QC.tif,2026-06-09,sha256:70d5acfd38479ef8d02ccbd78a3fcb87311c23b6080fd839c6d9156d28eadabf
https://data.lpdaac.earthdatacloud.nasa.gov/lp-prod-protected/ECO_L2T_LSTE.002/ECOv002_L2T_LSTE_28253_014_12SUC_20230630T161717_0710_01/ECOv002_L2T_LSTE_28253_014_12SUC_20230630T161717_0710_01_water.tif,ECO_L2T_LSTE.002,ECOv002_L2T_LSTE_28253_014_12SUC_20230630T161717_0710_01_water.tif,2026-06-09,sha256:33039c8a57d562e3b1eea48cfd47c89b753a581b5de839dfbadbafc6dafa1265
https://data.lpdaac.earthdatacloud.nasa.gov/lp-prod-protected/ECO_L2T_LSTE.002/ECOv002_L2T_LSTE_28253_014_12SUC_20230630T161717_0710_01/ECOv002_L2T_LSTE_28253_014_12SUC_20230630T161717_0710_01_cloud.tif,ECO_L2T_LSTE.002,ECOv002_L2T_LSTE_28253_014_12SUC_20230630T161717_0710_01_cloud.tif,2026-06-09,sha256:36b8a4b4641094cdcc730cf23167ecbdf6d6a853fedd83eba099f04fd41d1ebc
https://data.lpdaac.earthdatacloud.nasa.gov/lp-prod-protected/ECO_L2T_LSTE.002/ECOv002_L2T_LSTE_28253_014_12SUC_20230630T161717_0710_01/ECOv002_L2T_LSTE_28253_014_12SUC_20230630T161717_0710_01_LST.tif,ECO_L2T_LSTE.002,ECOv002_L2T_LSTE_28253_014_12SUC_20230630T161717_0710_01_LST.tif,2026-06-09,sha256:70b5b847833686fbe088b4c2dd6ae59348cb2dba7cc5e6d49bfc7eb7f87cff82
https://data.lpdaac.earthdatacloud.nasa.gov/lp-prod-protected/ECO_L2T_LSTE.002/ECOv002_L2T_LSTE_28253_014_12SUB_20230630T161717_0710_01/ECOv002_L2T_LSTE_28253_014_12SUB_20230630T161717_0710_01_water.tif,ECO_L2T_LSTE.002,ECOv002_L2T_LSTE_28253_014_12SUB_20230630T161717_0710_01_water.tif,2026-06-09,sha256:8544d98625ba5a76c2a44d07dcf468236d2a14c51b21d6b070ca71c35fdafb0a
https://data.lpdaac.earthdatacloud.nasa.gov/lp-prod-protected/ECO_L2T_LSTE.002/ECOv002_L2T_LSTE_28253_014_12SUB_20230630T161717_0710_01/ECOv002_L2T_LSTE_28253_014_12SUB_20230630T161717_0710_01_height.tif,ECO_L2T_LSTE.002,ECOv002_L2T_LSTE_28253_014_12SUB_20230630T161717_0710_01_height.tif,2026-06-09,sha256:68f6930cbc462c68ba5eecb96f5c58c8691545e15991557842c166c6d4f46452
https://data.lpdaac.earthdatacloud.nasa.gov/lp-prod-protected/ECO_L2T_LSTE.002/ECOv002_L2T_LSTE_28253_014_12SUB_20230630T161717_0710_01/ECOv002_L2T_LSTE_28253_014_12SUB_20230630T161717_0710_01_LST.tif,ECO_L2T_LSTE.002,ECOv002_L2T_LSTE_28253_014_12SUB_20230630T161717_0710_01_LST.tif,2026-06-09,sha256:2e05ab04f3a51ab5c52efcafefc9fa4219550bec32706dd01c8f7e09abe2d75e
https://data.lpdaac.earthdatacloud.nasa.gov/lp-prod-protected/ECO_L2T_LSTE.002/ECOv002_L2T_LSTE_28253_014_12SUB_20230630T161717_0710_01/ECOv002_L2T_LSTE_28253_014_12SUB_20230630T161717_0710_01_QC.tif,ECO_L2T_LSTE.002,ECOv002_L2T_LSTE_28253_014_12SUB_20230630T161717_0710_01_QC.tif,2026-06-09,sha256:56578b1dbe7c74ab3772e33f9d96a253cb92ce8525a6c647003bdd3392f017af
https://data.lpdaac.earthdatacloud.nasa.gov/lp-prod-protected/ECO_L2T_LSTE.002/ECOv002_L2T_LSTE_28253_014_12SUB_20230630T161717_0710_01/ECOv002_L2T_LSTE_28253_014_12SUB_20230630T161717_0710_01_cloud.tif,ECO_L2T_LSTE.002,ECOv002_L2T_LSTE_28253_014_12SUB_20230630T161717_0710_01_cloud.tif,2026-06-09,sha256:12926d44db3ee3fcbab890cac674f9849409445af7a5d5599a008ed2ac1cc1ca
https://data.lpdaac.earthdatacloud.nasa.gov/lp-prod-protected/ECO_L2T_LSTE.002/ECOv002_L2T_LSTE_28253_014_12SVC_20230630T161717_0710_01/ECOv002_L2T_LSTE_28253_014_12SVC_20230630T161717_0710_01_water.tif,ECO_L2T_LSTE.002,ECOv002_L2T_LSTE_28253_014_12SVC_20230630T161717_0710_01_water.tif,2026-06-09,sha256:add6f124d1e4f9c83d8712779241634c2eda5170b501c4d0aea688919978fd71
https://data.lpdaac.earthdatacloud.nasa.gov/lp-prod-protected/ECO_L2T_LSTE.002/ECOv002_L2T_LSTE_28253_014_12SVC_20230630T161717_0710_01/ECOv002_L2T_LSTE_28253_014_12SVC_20230630T161717_0710_01_cloud.tif,ECO_L2T_LSTE.002,ECOv002_L2T_LSTE_28253_014_12SVC_20230630T161717_0710_01_cloud.tif,2026-06-09,sha256:3b1c6b93c2f52f482aa7e2573eb39721aa6cb17ac31c3f15cbdb2909677ea0ee
https://data.lpdaac.earthdatacloud.nasa.gov/lp-prod-protected/ECO_L2T_LSTE.002/ECOv002_L2T_LSTE_28253_014_12SVC_20230630T161717_0710_01/ECOv002_L2T_LSTE_28253_014_12SVC_20230630T161717_0710_01_height.tif,ECO_L2T_LSTE.002,ECOv002_L2T_LSTE_28253_014_12SVC_20230630T161717_0710_01_height.tif,2026-06-09,sha256:29d32c478e17c7943aff21ed27e11e2839c59eb949b78f0f25981824bee85a90
https://data.lpdaac.earthdatacloud.nasa.gov/lp-prod-protected/ECO_L2T_LSTE.002/ECOv002_L2T_LSTE_28253_014_12SVC_20230630T161717_0710_01/ECOv002_L2T_LSTE_28253_014_12SVC_20230630T161717_0710_01_QC.tif,ECO_L2T_LSTE.002,ECOv002_L2T_LSTE_28253_014_12SVC_20230630T161717_0710_01_QC.tif,2026-06-09,sha256:e7f983d968ca2f2df16719fc7170a8d89bd848693ce9cc7c63ada13100362d70
https://data.lpdaac.earthdatacloud.nasa.gov/lp-prod-protected/ECO_L2T_LSTE.002/ECOv002_L2T_LSTE_28253_014_12SVC_20230630T161717_0710_01/ECOv002_L2T_LSTE_28253_014_12SVC_20230630T161717_0710_01_LST.tif,ECO_L2T_LSTE.002,ECOv002_L2T_LSTE_28253_014_12SVC_20230630T161717_0710_01_LST.tif,2026-06-09,sha256:50f22187a9656334703aa2e620e52aa67eb2de007ae3538ab60a739e75e75e13
https://data.lpdaac.earthdatacloud.nasa.gov/lp-prod-protected/ECO_L2T_LSTE.002/ECOv002_L2T_LSTE_28253_014_12SVB_20230630T161717_0710_01/ECOv002_L2T_LSTE_28253_014_12SVB_20230630T161717_0710_01_water.tif,ECO_L2T_LSTE.002,ECOv002_L2T_LSTE_28253_014_12SVB_20230630T161717_0710_01_water.tif,2026-06-09,sha256:298cec7edf35a7a198b43511531f623901f18045eb085f6d1789af2601b308e5
https://data.lpdaac.earthdatacloud.nasa.gov/lp-prod-protected/ECO_L2T_LSTE.002/ECOv002_L2T_LSTE_28253_014_12SVB_20230630T161717_0710_01/ECOv002_L2T_LSTE_28253_014_12SVB_20230630T161717_0710_01_cloud.tif,ECO_L2T_LSTE.002,ECOv002_L2T_LSTE_28253_014_12SVB_20230630T161717_0710_01_cloud.tif,2026-06-09,sha256:5330bdd59b721b9812d2cfacc468382dac52d2fcd60ace86d0589db82a6d4135
https://data.lpdaac.earthdatacloud.nasa.gov/lp-prod-protected/ECO_L2T_LSTE.002/ECOv002_L2T_LSTE_28253_014_12SVB_20230630T161717_0710_01/ECOv002_L2T_LSTE_28253_014_12SVB_20230630T161717_0710_01_QC.tif,ECO_L2T_LSTE.002,ECOv002_L2T_LSTE_28253_014_12SVB_20230630T161717_0710_01_QC.tif,2026-06-09,sha256:4aec3620ebb8931f10b671b139f643af9d94a4dc64bf291bde598449917e4977
https://data.lpdaac.earthdatacloud.nasa.gov/lp-prod-protected/ECO_L2T_LSTE.002/ECOv002_L2T_LSTE_28253_014_12SVB_20230630T161717_0710_01/ECOv002_L2T_LSTE_28253_014_12SVB_20230630T161717_0710_01_LST.tif,ECO_L2T_LSTE.002,ECOv002_L2T_LSTE_28253_014_12SVB_20230630T161717_0710_01_LST.tif,2026-06-09,sha256:e76ad66f3d64ede78d847281dfa7233eacc6cc367d9eb75063f934a0062b3a0f
https://data.lpdaac.earthdatacloud.nasa.gov/lp-prod-protected/ECO_L2T_LSTE.002/ECOv002_L2T_LSTE_28253_014_12SVB_20230630T161717_0710_01/ECOv002_L2T_LSTE_28253_014_12SVB_20230630T161717_0710_01_height.tif,ECO_L2T_LSTE.002,ECOv002_L2T_LSTE_28253_014_12SVB_20230630T161717_0710_01_height.tif,2026-06-09,sha256:82573efeec833f768befb8519d51ac02fbb4c1c4a538b2506aeba2ea9b2d1e79
https://data.lpdaac.earthdatacloud.nasa.gov/lp-prod-protected/ECO_L2T_LSTE.002/ECOv002_L2T_LSTE_28253_014_12SVC_20230630T161717_0711_02/ECOv002_L2T_LSTE_28253_014_12SVC_20230630T161717_0711_02_water.tif,ECO_L2T_LSTE.002,ECOv002_L2T_LSTE_28253_014_12SVC_20230630T161717_0711_02_water.tif,2026-06-09,sha256:b41a421a57cf071a3812856ee2097526de0854deb8062ab77aa80ccace5708d8
https://data.lpdaac.earthdatacloud.nasa.gov/lp-prod-protected/ECO_L2T_LSTE.002/ECOv002_L2T_LSTE_28253_014_12SVC_20230630T161717_0711_02/ECOv002_L2T_LSTE_28253_014_12SVC_20230630T161717_0711_02_cloud.tif,ECO_L2T_LSTE.002,ECOv002_L2T_LSTE_28253_014_12SVC_20230630T161717_0711_02_cloud.tif,2026-06-09,sha256:33e01e62d7078aef092ac57eca5dd4a0f3258ef7ccdf45cbb8e4edf862810bdb
https://data.lpdaac.earthdatacloud.nasa.gov/lp-prod-protected/ECO_L2T_LSTE.002/ECOv002_L2T_LSTE_28253_014_12SVC_20230630T161717_0711_02/ECOv002_L2T_LSTE_28253_014_12SVC_20230630T161717_0711_02_height.tif,ECO_L2T_LSTE.002,ECOv002_L2T_LSTE_28253_014_12SVC_20230630T161717_0711_02_height.tif,2026-06-09,sha256:8b4f4999c8a7b5f17bdb40f5ce6075fb9538fe4c444de6718b9daad057b7bc35
https://data.lpdaac.earthdatacloud.nasa.gov/lp-prod-protected/ECO_L2T_LSTE.002/ECOv002_L2T_LSTE_28253_014_12SVC_20230630T161717_0711_02/ECOv002_L2T_LSTE_28253_014_12SVC_20230630T161717_0711_02_QC.tif,ECO_L2T_LSTE.002,ECOv002_L2T_LSTE_28253_014_12SVC_20230630T161717_0711_02_QC.tif,2026-06-09,sha256:0605755bfff9fb149f6bbc8e07fbb78483add9a1e6e1d7bf1c92f1736f26fd8d
https://data.lpdaac.earthdatacloud.nasa.gov/lp-prod-protected/ECO_L2T_LSTE.002/ECOv002_L2T_LSTE_28253_014_12SVC_20230630T161717_0711_02/ECOv002_L2T_LSTE_28253_014_12SVC_20230630T161717_0711_02_LST.tif,ECO_L2T_LSTE.002,ECOv002_L2T_LSTE_28253_014_12SVC_20230630T161717_0711_02_LST.tif,2026-06-09,sha256:e1dd08072d1a72cd264498f58a28a66e432d634149d3042406b911868770b5d5
https://data.lpdaac.earthdatacloud.nasa.gov/lp-prod-protected/ECO_L2T_LSTE.002/ECOv002_L2T_LSTE_28253_014_12SVB_20230630T161717_0711_02/ECOv002_L2T_LSTE_28253_014_12SVB_20230630T161717_0711_02_water.tif,ECO_L2T_LSTE.002,ECOv002_L2T_LSTE_28253_014_12SVB_20230630T161717_0711_02_water.tif,2026-06-09,sha256:2cd54ba95e24b9f09ffe1b70e3cb3dfa97df3eb4c4235450c38a48c5fc831122
https://data.lpdaac.earthdatacloud.nasa.gov/lp-prod-protected/ECO_L2T_LSTE.002/ECOv002_L2T_LSTE_28253_014_12SVB_20230630T161717_0711_02/ECOv002_L2T_LSTE_28253_014_12SVB_20230630T161717_0711_02_cloud.tif,ECO_L2T_LSTE.002,ECOv002_L2T_LSTE_28253_014_12SVB_20230630T161717_0711_02_cloud.tif,2026-06-09,sha256:5330bdd59b721b9812d2cfacc468382dac52d2fcd60ace86d0589db82a6d4135
https://data.lpdaac.earthdatacloud.nasa.gov/lp-prod-protected/ECO_L2T_LSTE.002/ECOv002_L2T_LSTE_28253_014_12SVB_20230630T161717_0711_02/ECOv002_L2T_LSTE_28253_014_12SVB_20230630T161717_0711_02_height.tif,ECO_L2T_LSTE.002,ECOv002_L2T_LSTE_28253_014_12SVB_20230630T161717_0711_02_height.tif,2026-06-09,sha256:032b23f93fdbff4d3ce8a4135d471b64cf7ad4698f610de2e50143b9e2bb1e95
https://data.lpdaac.earthdatacloud.nasa.gov/lp-prod-protected/ECO_L2T_LSTE.002/ECOv002_L2T_LSTE_28253_014_12SVB_20230630T161717_0711_02/ECOv002_L2T_LSTE_28253_014_12SVB_20230630T161717_0711_02_QC.tif,ECO_L2T_LSTE.002,ECOv002_L2T_LSTE_28253_014_12SVB_20230630T161717_0711_02_QC.tif,2026-06-09,sha256:8cd8d589eb1e14952304b7366cc49bfb0522db4ddd1b928f4dcc25d0f555ecae
https://data.lpdaac.earthdatacloud.nasa.gov/lp-prod-protected/ECO_L2T_LSTE.002/ECOv002_L2T_LSTE_28253_014_12SVB_20230630T161717_0711_02/ECOv002_L2T_LSTE_28253_014_12SVB_20230630T161717_0711_02_LST.tif,ECO_L2T_LSTE.002,ECOv002_L2T_LSTE_28253_014_12SVB_20230630T161717_0711_02_LST.tif,2026-06-09,sha256:ddd94735ea6225c021e5e2d0ccf07af141772e2d57e80c44ada9cb6640b11778
https://data.lpdaac.earthdatacloud.nasa.gov/lp-prod-protected/ECO_L2T_LSTE.002/ECOv002_L2T_LSTE_28253_014_12SUB_20230630T161717_0711_02/ECOv002_L2T_LSTE_28253_014_12SUB_20230630T161717_0711_02_water.tif,ECO_L2T_LSTE.002,ECOv002_L2T_LSTE_28253_014_12SUB_20230630T161717_0711_02_water.tif,2026-06-09,sha256:877b56b795d1cf13491518fb8edc4bc4a5b64b9459d64c54f8d4cbe48a87ab2d
https://data.lpdaac.earthdatacloud.nasa.gov/lp-prod-protected/ECO_L2T_LSTE.002/ECOv002_L2T_LSTE_28253_014_12SUB_20230630T161717_0711_02/ECOv002_L2T_LSTE_28253_014_12SUB_20230630T161717_0711_02_cloud.tif,ECO_L2T_LSTE.002,ECOv002_L2T_LSTE_28253_014_12SUB_20230630T161717_0711_02_cloud.tif,2026-06-09,sha256:12926d44db3ee3fcbab890cac674f9849409445af7a5d5599a008ed2ac1cc1ca
https://data.lpdaac.earthdatacloud.nasa.gov/lp-prod-protected/ECO_L2T_LSTE.002/ECOv002_L2T_LSTE_28253_014_12SUB_20230630T161717_0711_02/ECOv002_L2T_LSTE_28253_014_12SUB_20230630T161717_0711_02_height.tif,ECO_L2T_LSTE.002,ECOv002_L2T_LSTE_28253_014_12SUB_20230630T161717_0711_02_height.tif,2026-06-09,sha256:2bf17f05650787a167c954e2344b8d78d4cd684eb3e4c9325b5918d81b8df771
https://data.lpdaac.earthdatacloud.nasa.gov/lp-prod-protected/ECO_L2T_LSTE.002/ECOv002_L2T_LSTE_28253_014_12SUB_20230630T161717_0711_02/ECOv002_L2T_LSTE_28253_014_12SUB_20230630T161717_0711_02_QC.tif,ECO_L2T_LSTE.002,ECOv002_L2T_LSTE_28253_014_12SUB_20230630T161717_0711_02_QC.tif,2026-06-09,sha256:1015d9bbc6c584f4ef6471b4f804a475abca8d452eb42b2591153003f0e3a8fd
https://data.lpdaac.earthdatacloud.nasa.gov/lp-prod-protected/ECO_L2T_LSTE.002/ECOv002_L2T_LSTE_28253_014_12SUB_20230630T161717_0711_02/ECOv002_L2T_LSTE_28253_014_12SUB_20230630T161717_0711_02_LST.tif,ECO_L2T_LSTE.002,ECOv002_L2T_LSTE_28253_014_12SUB_20230630T161717_0711_02_LST.tif,2026-06-09,sha256:76643144d90a242620f32ec19e6155aa7485066ebe1d3d314c7830fde2d7ca4e
https://data.lpdaac.earthdatacloud.nasa.gov/lp-prod-protected/ECO_L2T_LSTE.002/ECOv002_L2T_LSTE_28253_014_12SUC_20230630T161717_0711_02/ECOv002_L2T_LSTE_28253_014_12SUC_20230630T161717_0711_02_water.tif,ECO_L2T_LSTE.002,ECOv002_L2T_LSTE_28253_014_12SUC_20230630T161717_0711_02_water.tif,2026-06-09,sha256:b61fac213a999b85ec204db47021f2d0a81bd3cda3ed9c2bbbde3144fb1f5ff2
https://data.lpdaac.earthdatacloud.nasa.gov/lp-prod-protected/ECO_L2T_LSTE.002/ECOv002_L2T_LSTE_28253_014_12SUC_20230630T161717_0711_02/ECOv002_L2T_LSTE_28253_014_12SUC_20230630T161717_0711_02_cloud.tif,ECO_L2T_LSTE.002,ECOv002_L2T_LSTE_28253_014_12SUC_20230630T161717_0711_02_cloud.tif,2026-06-09,sha256:89c4db9f3cfa28264092201271a86b5fbd684fe8d4b7deaf43643cf473974c89
https://data.lpdaac.earthdatacloud.nasa.gov/lp-prod-protected/ECO_L2T_LSTE.002/ECOv002_L2T_LSTE_28253_014_12SUC_20230630T161717_0711_02/ECOv002_L2T_LSTE_28253_014_12SUC_20230630T161717_0711_02_height.tif,ECO_L2T_LSTE.002,ECOv002_L2T_LSTE_28253_014_12SUC_20230630T161717_0711_02_height.tif,2026-06-09,sha256:4a6d4ed5c6a8aea62ea20f0b33559a29c90b4d809b5a559f37b1c7af4c40cfe9
https://data.lpdaac.earthdatacloud.nasa.gov/lp-prod-protected/ECO_L2T_LSTE.002/ECOv002_L2T_LSTE_28253_014_12SUC_20230630T161717_0711_02/ECOv002_L2T_LSTE_28253_014_12SUC_20230630T161717_0711_02_QC.tif,ECO_L2T_LSTE.002,ECOv002_L2T_LSTE_28253_014_12SUC_20230630T161717_0711_02_QC.tif,2026-06-09,sha256:01b14dee0acc3b35629cf60523d45ad0a80980aec9a6d9b5b63e85f0ae179677
https://data.lpdaac.earthdatacloud.nasa.gov/lp-prod-protected/ECO_L2T_LSTE.002/ECOv002_L2T_LSTE_28253_014_12SUC_20230630T161717_0711_02/ECOv002_L2T_LSTE_28253_014_12SUC_20230630T161717_0711_02_LST.tif,ECO_L2T_LSTE.002,ECOv002_L2T_LSTE_28253_014_12SUC_20230630T161717_0711_02_LST.tif,2026-06-09,sha256:d3a99baaf8cda398605a135689f4a16b45d9348e82b92fce68b05151f09c7a78
https://data.lpdaac.earthdatacloud.nasa.gov/lp-prod-protected/ECO_L2T_LSTE.002/ECOv002_L2T_LSTE_28279_005_12SUC_20230702T080736_0710_01/ECOv002_L2T_LSTE_28279_005_12SUC_20230702T080736_0710_01_water.tif,ECO_L2T_LSTE.002,ECOv002_L2T_LSTE_28279_005_12SUC_20230702T080736_0710_01_water.tif,2026-06-09,sha256:fcd2a2dbc28b8aa3a1eae2e80e10f26196a820b1b8fdf92ba8e7096da4cef08f
https://data.lpdaac.earthdatacloud.nasa.gov/lp-prod-protected/ECO_L2T_LSTE.002/ECOv002_L2T_LSTE_28279_005_12SUC_20230702T080736_0710_01/ECOv002_L2T_LSTE_28279_005_12SUC_20230702T080736_0710_01_cloud.tif,ECO_L2T_LSTE.002,ECOv002_L2T_LSTE_28279_005_12SUC_20230702T080736_0710_01_cloud.tif,2026-06-09,sha256:fcd2a2dbc28b8aa3a1eae2e80e10f26196a820b1b8fdf92ba8e7096da4cef08f
https://data.lpdaac.earthdatacloud.nasa.gov/lp-prod-protected/ECO_L2T_LSTE.002/ECOv002_L2T_LSTE_28279_005_12SUC_20230702T080736_0710_01/ECOv002_L2T_LSTE_28279_005_12SUC_20230702T080736_0710_01_height.tif,ECO_L2T_LSTE.002,ECOv002_L2T_LSTE_28279_005_12SUC_20230702T080736_0710_01_height.tif,2026-06-09,sha256:c253ee268416acdd3857b6199eb967c4357f3c2f7a8e0fb0fbf9d19b3f37404f
https://data.lpdaac.earthdatacloud.nasa.gov/lp-prod-protected/ECO_L2T_LSTE.002/ECOv002_L2T_LSTE_28279_005_12SUC_20230702T080736_0710_01/ECOv002_L2T_LSTE_28279_005_12SUC_20230702T080736_0710_01_QC.tif,ECO_L2T_LSTE.002,ECOv002_L2T_LSTE_28279_005_12SUC_20230702T080736_0710_01_QC.tif,2026-06-09,sha256:755b95450da74eee9fcd5639bdbc79b871f4d3df611e578761a9587fd7a17294
https://data.lpdaac.earthdatacloud.nasa.gov/lp-prod-protected/ECO_L2T_LSTE.002/ECOv002_L2T_LSTE_28279_005_12SUC_20230702T080736_0710_01/ECOv002_L2T_LSTE_28279_005_12SUC_20230702T080736_0710_01_LST.tif,ECO_L2T_LSTE.002,ECOv002_L2T_LSTE_28279_005_12SUC_20230702T080736_0710_01_LST.tif,2026-06-09,sha256:97a6da55a4d2763d4cc14ead5a220e322aacf03ae7f017277ef4bc0a38172f8b
https://data.lpdaac.earthdatacloud.nasa.gov/lp-prod-protected/ECO_L2T_LSTE.002/ECOv002_L2T_LSTE_28279_005_12SUC_20230702T080736_0711_02/ECOv002_L2T_LSTE_28279_005_12SUC_20230702T080736_0711_02_water.tif,ECO_L2T_LSTE.002,ECOv002_L2T_LSTE_28279_005_12SUC_20230702T080736_0711_02_water.tif,2026-06-09,sha256:fcd2a2dbc28b8aa3a1eae2e80e10f26196a820b1b8fdf92ba8e7096da4cef08f
https://data.lpdaac.earthdatacloud.nasa.gov/lp-prod-protected/ECO_L2T_LSTE.002/ECOv002_L2T_LSTE_28279_005_12SUC_20230702T080736_0711_02/ECOv002_L2T_LSTE_28279_005_12SUC_20230702T080736_0711_02_cloud.tif,ECO_L2T_LSTE.002,ECOv002_L2T_LSTE_28279_005_12SUC_20230702T080736_0711_02_cloud.tif,2026-06-09,sha256:fcd2a2dbc28b8aa3a1eae2e80e10f26196a820b1b8fdf92ba8e7096da4cef08f
https://data.lpdaac.earthdatacloud.nasa.gov/lp-prod-protected/ECO_L2T_LSTE.002/ECOv002_L2T_LSTE_28279_005_12SUC_20230702T080736_0711_02/ECOv002_L2T_LSTE_28279_005_12SUC_20230702T080736_0711_02_height.tif,ECO_L2T_LSTE.002,ECOv002_L2T_LSTE_28279_005_12SUC_20230702T080736_0711_02_height.tif,2026-06-09,sha256:1eba6e950fe57ee51269f22dee44ae2a94d0819d949a2910db76b5bdb638ecf7
https://data.lpdaac.earthdatacloud.nasa.gov/lp-prod-protected/ECO_L2T_LSTE.002/ECOv002_L2T_LSTE_28279_005_12SUC_20230702T080736_0711_02/ECOv002_L2T_LSTE_28279_005_12SUC_20230702T080736_0711_02_QC.tif,ECO_L2T_LSTE.002,ECOv002_L2T_LSTE_28279_005_12SUC_20230702T080736_0711_02_QC.tif,2026-06-09,sha256:40060bf274205d4fe42cdf9bfc0befae52ab004f3a95376a97d657ba31fe27fd
https://data.lpdaac.earthdatacloud.nasa.gov/lp-prod-protected/ECO_L2T_LSTE.002/ECOv002_L2T_LSTE_28279_005_12SUC_20230702T080736_0711_02/ECOv002_L2T_LSTE_28279_005_12SUC_20230702T080736_0711_02_LST.tif,ECO_L2T_LSTE.002,ECOv002_L2T_LSTE_28279_005_12SUC_20230702T080736_0711_02_LST.tif,2026-06-09,sha256:9a0950c1bdd6766e77c9c2bda9ec053b69aa8762cdb472d08713a299cf57083f
https://data.lpdaac.earthdatacloud.nasa.gov/lp-prod-protected/ECO_L2T_LSTE.002/ECOv002_L2T_LSTE_28314_014_12SUC_20230704T143804_0710_01/ECOv002_L2T_LSTE_28314_014_12SUC_20230704T143804_0710_01_water.tif,ECO_L2T_LSTE.002,ECOv002_L2T_LSTE_28314_014_12SUC_20230704T143804_0710_01_water.tif,2026-06-09,sha256:6bf06d12d148f9cb23d239dde39805e45156b87576de658a9bc53fffa8b02cdd
https://data.lpdaac.earthdatacloud.nasa.gov/lp-prod-protected/ECO_L2T_LSTE.002/ECOv002_L2T_LSTE_28314_014_12SUC_20230704T143804_0710_01/ECOv002_L2T_LSTE_28314_014_12SUC_20230704T143804_0710_01_cloud.tif,ECO_L2T_LSTE.002,ECOv002_L2T_LSTE_28314_014_12SUC_20230704T143804_0710_01_cloud.tif,2026-06-09,sha256:fcd2a2dbc28b8aa3a1eae2e80e10f26196a820b1b8fdf92ba8e7096da4cef08f
https://data.lpdaac.earthdatacloud.nasa.gov/lp-prod-protected/ECO_L2T_LSTE.002/ECOv002_L2T_LSTE_28314_014_12SUC_20230704T143804_0710_01/ECOv002_L2T_LSTE_28314_014_12SUC_20230704T143804_0710_01_height.tif,ECO_L2T_LSTE.002,ECOv002_L2T_LSTE_28314_014_12SUC_20230704T143804_0710_01_height.tif,2026-06-09,sha256:8778547bcaee554952dd214fe5aaa722488db9ed334f7a1970346fcc078c00b5
https://data.lpdaac.earthdatacloud.nasa.gov/lp-prod-protected/ECO_L2T_LSTE.002/ECOv002_L2T_LSTE_28314_014_12SUC_20230704T143804_0710_01/ECOv002_L2T_LSTE_28314_014_12SUC_20230704T143804_0710_01_QC.tif,ECO_L2T_LSTE.002,ECOv002_L2T_LSTE_28314_014_12SUC_20230704T143804_0710_01_QC.tif,2026-06-09,sha256:c70376e2f0cf3caa08e27637938709b226310eb1bad8b6a73be7b87b358b4756
https://data.lpdaac.earthdatacloud.nasa.gov/lp-prod-protected/ECO_L2T_LSTE.002/ECOv002_L2T_LSTE_28314_014_12SUC_20230704T143804_0710_01/ECOv002_L2T_LSTE_28314_014_12SUC_20230704T143804_0710_01_LST.tif,ECO_L2T_LSTE.002,ECOv002_L2T_LSTE_28314_014_12SUC_20230704T143804_0710_01_LST.tif,2026-06-09,sha256:f44bbf668d6eb7a7af4e52e4fb86653af0ef1aa8753fc514aeb66534ad1c2659
https://data.lpdaac.earthdatacloud.nasa.gov/lp-prod-protected/ECO_L2T_LSTE.002/ECOv002_L2T_LSTE_28314_014_12SUB_20230704T143804_0710_01/ECOv002_L2T_LSTE_28314_014_12SUB_20230704T143804_0710_01_water.tif,ECO_L2T_LSTE.002,ECOv002_L2T_LSTE_28314_014_12SUB_20230704T143804_0710_01_water.tif,2026-06-09,sha256:12af2dbbfa02dd45f69168d4b183ac674714784908537553b8042f1e9b0f4258
https://data.lpdaac.earthdatacloud.nasa.gov/lp-prod-protected/ECO_L2T_LSTE.002/ECOv002_L2T_LSTE_28314_014_12SUB_20230704T143804_0710_01/ECOv002_L2T_LSTE_28314_014_12SUB_20230704T143804_0710_01_QC.tif,ECO_L2T_LSTE.002,ECOv002_L2T_LSTE_28314_014_12SUB_20230704T143804_0710_01_QC.tif,2026-06-09,sha256:735c7a93938b8d451edde351c508f919ea71cd341206bc0295e6eb3f6654bf68
https://data.lpdaac.earthdatacloud.nasa.gov/lp-prod-protected/ECO_L2T_LSTE.002/ECOv002_L2T_LSTE_28314_014_12SUB_20230704T143804_0710_01/ECOv002_L2T_LSTE_28314_014_12SUB_20230704T143804_0710_01_cloud.tif,ECO_L2T_LSTE.002,ECOv002_L2T_LSTE_28314_014_12SUB_20230704T143804_0710_01_cloud.tif,2026-06-09,sha256:12926d44db3ee3fcbab890cac674f9849409445af7a5d5599a008ed2ac1cc1ca
https://data.lpdaac.earthdatacloud.nasa.gov/lp-prod-protected/ECO_L2T_LSTE.002/ECOv002_L2T_LSTE_28314_014_12SUB_20230704T143804_0710_01/ECOv002_L2T_LSTE_28314_014_12SUB_20230704T143804_0710_01_height.tif,ECO_L2T_LSTE.002,ECOv002_L2T_LSTE_28314_014_12SUB_20230704T143804_0710_01_height.tif,2026-06-09,sha256:53afb21545588a33cd0b4c88dfde80e3e72b0b6a77973dc37ec57e2156599161
https://data.lpdaac.earthdatacloud.nasa.gov/lp-prod-protected/ECO_L2T_LSTE.002/ECOv002_L2T_LSTE_28314_014_12SUB_20230704T143804_0710_01/ECOv002_L2T_LSTE_28314_014_12SUB_20230704T143804_0710_01_LST.tif,ECO_L2T_LSTE.002,ECOv002_L2T_LSTE_28314_014_12SUB_20230704T143804_0710_01_LST.tif,2026-06-09,sha256:9140965428018802f8811642e733d361e3112894d42d167d9abfb83acec37703
https://data.lpdaac.earthdatacloud.nasa.gov/lp-prod-protected/ECO_L2T_LSTE.002/ECOv002_L2T_LSTE_28314_014_12SVB_20230704T143804_0710_01/ECOv002_L2T_LSTE_28314_014_12SVB_20230704T143804_0710_01_water.tif,ECO_L2T_LSTE.002,ECOv002_L2T_LSTE_28314_014_12SVB_20230704T143804_0710_01_water.tif,2026-06-09,sha256:a94a7165e6a0785e939a17a7528b48c19d3dfb7b74edd83f6b5a9032ace812f2
https://data.lpdaac.earthdatacloud.nasa.gov/lp-prod-protected/ECO_L2T_LSTE.002/ECOv002_L2T_LSTE_28314_014_12SVB_20230704T143804_0710_01/ECOv002_L2T_LSTE_28314_014_12SVB_20230704T143804_0710_01_cloud.tif,ECO_L2T_LSTE.002,ECOv002_L2T_LSTE_28314_014_12SVB_20230704T143804_0710_01_cloud.tif,2026-06-09,sha256:543714e72b10a987452f9bc31cea815b1ce92d1aa6c9d8359222b7a9c1d5c92b
https://data.lpdaac.earthdatacloud.nasa.gov/lp-prod-protected/ECO_L2T_LSTE.002/ECOv002_L2T_LSTE_28314_014_12SVB_20230704T143804_0710_01/ECOv002_L2T_LSTE_28314_014_12SVB_20230704T143804_0710_01_height.tif,ECO_L2T_LSTE.002,ECOv002_L2T_LSTE_28314_014_12SVB_20230704T143804_0710_01_height.tif,2026-06-09,sha256:22e070ee73be7b387d1a54e7a1ee7c334cd7945cddb29903f6d78d0f5cd8b9ee
https://data.lpdaac.earthdatacloud.nasa.gov/lp-prod-protected/ECO_L2T_LSTE.002/ECOv002_L2T_LSTE_28314_014_12SVB_20230704T143804_0710_01/ECOv002_L2T_LSTE_28314_014_12SVB_20230704T143804_0710_01_LST.tif,ECO_L2T_LSTE.002,ECOv002_L2T_LSTE_28314_014_12SVB_20230704T143804_0710_01_LST.tif,2026-06-09,sha256:adf95de44624ac6640b607194e17351203390d4a928322ed984b1e12bd74b65c
https://data.lpdaac.earthdatacloud.nasa.gov/lp-prod-protected/ECO_L2T_LSTE.002/ECOv002_L2T_LSTE_28314_014_12SVB_20230704T143804_0710_01/ECOv002_L2T_LSTE_28314_014_12SVB_20230704T143804_0710_01_QC.tif,ECO_L2T_LSTE.002,ECOv002_L2T_LSTE_28314_014_12SVB_20230704T143804_0710_01_QC.tif,2026-06-09,sha256:a47f9d07a2d0b7bd4d6f101016f1075128d36dc37400e24c579890829d9a048c
https://data.lpdaac.earthdatacloud.nasa.gov/lp-prod-protected/ECO_L2T_LSTE.002/ECOv002_L2T_LSTE_28314_014_12SVC_20230704T143804_0710_01/ECOv002_L2T_LSTE_28314_014_12SVC_20230704T143804_0710_01_water.tif,ECO_L2T_LSTE.002,ECOv002_L2T_LSTE_28314_014_12SVC_20230704T143804_0710_01_water.tif,2026-06-09,sha256:d8b2ddb266ef717dab8c195b5c69e5e585d90d6b6d60bdbb801d5c58ba378b62
https://data.lpdaac.earthdatacloud.nasa.gov/lp-prod-protected/ECO_L2T_LSTE.002/ECOv002_L2T_LSTE_28314_014_12SVC_20230704T143804_0710_01/ECOv002_L2T_LSTE_28314_014_12SVC_20230704T143804_0710_01_QC.tif,ECO_L2T_LSTE.002,ECOv002_L2T_LSTE_28314_014_12SVC_20230704T143804_0710_01_QC.tif,2026-06-09,sha256:5d4ce9e20c7cb57dc28c1cd9b0dc3aa22fe4016cf47eade41ad2abf3cdc0aedb
https://data.lpdaac.earthdatacloud.nasa.gov/lp-prod-protected/ECO_L2T_LSTE.002/ECOv002_L2T_LSTE_28314_014_12SVC_20230704T143804_0710_01/ECOv002_L2T_LSTE_28314_014_12SVC_20230704T143804_0710_01_cloud.tif,ECO_L2T_LSTE.002,ECOv002_L2T_LSTE_28314_014_12SVC_20230704T143804_0710_01_cloud.tif,2026-06-09,sha256:a9292814b49f1c4c2c79e2985005dfd2a3d196b012d8c667b0db869701e5d162
https://data.lpdaac.earthdatacloud.nasa.gov/lp-prod-protected/ECO_L2T_LSTE.002/ECOv002_L2T_LSTE_28314_014_12SVC_20230704T143804_0710_01/ECOv002_L2T_LSTE_28314_014_12SVC_20230704T143804_0710_01_height.tif,ECO_L2T_LSTE.002,ECOv002_L2T_LSTE_28314_014_12SVC_20230704T143804_0710_01_height.tif,2026-06-09,sha256:82ade4ff012567809eefbebb958a92283e03d4600e837f8810f147cd17a90a9b
https://data.lpdaac.earthdatacloud.nasa.gov/lp-prod-protected/ECO_L2T_LSTE.002/ECOv002_L2T_LSTE_28314_014_12SVC_20230704T143804_0710_01/ECOv002_L2T_LSTE_28314_014_12SVC_20230704T143804_0710_01_LST.tif,ECO_L2T_LSTE.002,ECOv002_L2T_LSTE_28314_014_12SVC_20230704T143804_0710_01_LST.tif,2026-06-09,sha256:cfaa345396c9ec94ba535985dbf7379f445e92c1b8fb7717b8602a3b4d1bd4c3
https://data.lpdaac.earthdatacloud.nasa.gov/lp-prod-protected/ECO_L2T_LSTE.002/ECOv002_L2T_LSTE_28314_014_12SUC_20230704T143804_0712_02/ECOv002_L2T_LSTE_28314_014_12SUC_20230704T143804_0712_02_water.tif,ECO_L2T_LSTE.002,ECOv002_L2T_LSTE_28314_014_12SUC_20230704T143804_0712_02_water.tif,2026-06-09,sha256:5235c87edfa80ebafc917a5ad88fd06b0bca39f9c8e145d3cd2802ae484f66ac
https://data.lpdaac.earthdatacloud.nasa.gov/lp-prod-protected/ECO_L2T_LSTE.002/ECOv002_L2T_LSTE_28314_014_12SUC_20230704T143804_0712_02/ECOv002_L2T_LSTE_28314_014_12SUC_20230704T143804_0712_02_cloud.tif,ECO_L2T_LSTE.002,ECOv002_L2T_LSTE_28314_014_12SUC_20230704T143804_0712_02_cloud.tif,2026-06-09,sha256:fcd2a2dbc28b8aa3a1eae2e80e10f26196a820b1b8fdf92ba8e7096da4cef08f
https://data.lpdaac.earthdatacloud.nasa.gov/lp-prod-protected/ECO_L2T_LSTE.002/ECOv002_L2T_LSTE_28314_014_12SUC_20230704T143804_0712_02/ECOv002_L2T_LSTE_28314_014_12SUC_20230704T143804_0712_02_height.tif,ECO_L2T_LSTE.002,ECOv002_L2T_LSTE_28314_014_12SUC_20230704T143804_0712_02_height.tif,2026-06-09,sha256:49028f33348d7031909b7012bad0774e69686ced988c4a4704ebb79663a5617e
https://data.lpdaac.earthdatacloud.nasa.gov/lp-prod-protected/ECO_L2T_LSTE.002/ECOv002_L2T_LSTE_28314_014_12SUC_20230704T143804_0712_02/ECOv002_L2T_LSTE_28314_014_12SUC_20230704T143804_0712_02_QC.tif,ECO_L2T_LSTE.002,ECOv002_L2T_LSTE_28314_014_12SUC_20230704T143804_0712_02_QC.tif,2026-06-09,sha256:50dc8c3972b1e24e5c30f065fe85b13c3264ae0549c6a99fa4bbfa9f2bb478f2
https://data.lpdaac.earthdatacloud.nasa.gov/lp-prod-protected/ECO_L2T_LSTE.002/ECOv002_L2T_LSTE_28314_014_12SUC_20230704T143804_0712_02/ECOv002_L2T_LSTE_28314_014_12SUC_20230704T143804_0712_02_LST.tif,ECO_L2T_LSTE.002,ECOv002_L2T_LSTE_28314_014_12SUC_20230704T143804_0712_02_LST.tif,2026-06-09,sha256:5cd6a086c4445810fe59c04af7e3745c07f400baed8bb28f103f0bde5c91bc9b
https://data.lpdaac.earthdatacloud.nasa.gov/lp-prod-protected/ECO_L2T_LSTE.002/ECOv002_L2T_LSTE_28314_014_12SUB_20230704T143804_0712_02/ECOv002_L2T_LSTE_28314_014_12SUB_20230704T143804_0712_02_water.tif,ECO_L2T_LSTE.002,ECOv002_L2T_LSTE_28314_014_12SUB_20230704T143804_0712_02_water.tif,2026-06-09,sha256:f75d25ad0d7a89de89c7f2ac1c426af98fe2c910f9f838b75611a344db761363
https://data.lpdaac.earthdatacloud.nasa.gov/lp-prod-protected/ECO_L2T_LSTE.002/ECOv002_L2T_LSTE_28314_014_12SUB_20230704T143804_0712_02/ECOv002_L2T_LSTE_28314_014_12SUB_20230704T143804_0712_02_cloud.tif,ECO_L2T_LSTE.002,ECOv002_L2T_LSTE_28314_014_12SUB_20230704T143804_0712_02_cloud.tif,2026-06-09,sha256:12926d44db3ee3fcbab890cac674f9849409445af7a5d5599a008ed2ac1cc1ca
https://data.lpdaac.earthdatacloud.nasa.gov/lp-prod-protected/ECO_L2T_LSTE.002/ECOv002_L2T_LSTE_28314_014_12SUB_20230704T143804_0712_02/ECOv002_L2T_LSTE_28314_014_12SUB_20230704T143804_0712_02_height.tif,ECO_L2T_LSTE.002,ECOv002_L2T_LSTE_28314_014_12SUB_20230704T143804_0712_02_height.tif,2026-06-09,sha256:a23be2cc4c46d37f5ba4136e1161c6a1d1d579a93b771bf6303735a1c0c52134
https://data.lpdaac.earthdatacloud.nasa.gov/lp-prod-protected/ECO_L2T_LSTE.002/ECOv002_L2T_LSTE_28314_014_12SUB_20230704T143804_0712_02/ECOv002_L2T_LSTE_28314_014_12SUB_20230704T143804_0712_02_QC.tif,ECO_L2T_LSTE.002,ECOv002_L2T_LSTE_28314_014_12SUB_20230704T143804_0712_02_QC.tif,2026-06-09,sha256:b80214f55aab9b5999ef8a860c7be3268eab83650d9db48e1cee2a957c10c0e4
https://data.lpdaac.earthdatacloud.nasa.gov/lp-prod-protected/ECO_L2T_LSTE.002/ECOv002_L2T_LSTE_28314_014_12SUB_20230704T143804_0712_02/ECOv002_L2T_LSTE_28314_014_12SUB_20230704T143804_0712_02_LST.tif,ECO_L2T_LSTE.002,ECOv002_L2T_LSTE_28314_014_12SUB_20230704T143804_0712_02_LST.tif,2026-06-09,sha256:d60353af21152215143129a513064ad089ffa7762f46445f8b718429d90ae8b6
https://data.lpdaac.earthdatacloud.nasa.gov/lp-prod-protected/ECO_L2T_LSTE.002/ECOv002_L2T_LSTE_28314_014_12SVB_20230704T143804_0712_02/ECOv002_L2T_LSTE_28314_014_12SVB_20230704T143804_0712_02_water.tif,ECO_L2T_LSTE.002,ECOv002_L2T_LSTE_28314_014_12SVB_20230704T143804_0712_02_water.tif,2026-06-09,sha256:7596443b70ca3f15f9b92d0735f34d43dde22f6d7445892a5c13a074ae8c3a0a
https://data.lpdaac.earthdatacloud.nasa.gov/lp-prod-protected/ECO_L2T_LSTE.002/ECOv002_L2T_LSTE_28314_014_12SVB_20230704T143804_0712_02/ECOv002_L2T_LSTE_28314_014_12SVB_20230704T143804_0712_02_cloud.tif,ECO_L2T_LSTE.002,ECOv002_L2T_LSTE_28314_014_12SVB_20230704T143804_0712_02_cloud.tif,2026-06-09,sha256:95f9de8e8e4ec368f108f8e1c78db0b1d919e8a37460574c0928f6b730c2049e
https://data.lpdaac.earthdatacloud.nasa.gov/lp-prod-protected/ECO_L2T_LSTE.002/ECOv002_L2T_LSTE_28314_014_12SVB_20230704T143804_0712_02/ECOv002_L2T_LSTE_28314_014_12SVB_20230704T143804_0712_02_height.tif,ECO_L2T_LSTE.002,ECOv002_L2T_LSTE_28314_014_12SVB_20230704T143804_0712_02_height.tif,2026-06-09,sha256:613f2a62096a1e0df5ad30cb66c36e09add2e20cc6f206ed458aa6fc7face686
https://data.lpdaac.earthdatacloud.nasa.gov/lp-prod-protected/ECO_L2T_LSTE.002/ECOv002_L2T_LSTE_28314_014_12SVB_20230704T143804_0712_02/ECOv002_L2T_LSTE_28314_014_12SVB_20230704T143804_0712_02_QC.tif,ECO_L2T_LSTE.002,ECOv002_L2T_LSTE_28314_014_12SVB_20230704T143804_0712_02_QC.tif,2026-06-09,sha256:1b29664c594871003b55032b7a3607fbe897b447cf3deabe9573df5d9890f0db
https://data.lpdaac.earthdatacloud.nasa.gov/lp-prod-protected/ECO_L2T_LSTE.002/ECOv002_L2T_LSTE_28314_014_12SVB_20230704T143804_0712_02/ECOv002_L2T_LSTE_28314_014_12SVB_20230704T143804_0712_02_LST.tif,ECO_L2T_LSTE.002,ECOv002_L2T_LSTE_28314_014_12SVB_20230704T143804_0712_02_LST.tif,2026-06-09,sha256:fd933666123a89917f9c2a0013476dde3fb052f461a4236d8dbcf3a77244fe8e
https://data.lpdaac.earthdatacloud.nasa.gov/lp-prod-protected/ECO_L2T_LSTE.002/ECOv002_L2T_LSTE_28314_014_12SVC_20230704T143804_0712_02/ECOv002_L2T_LSTE_28314_014_12SVC_20230704T143804_0712_02_water.tif,ECO_L2T_LSTE.002,ECOv002_L2T_LSTE_28314_014_12SVC_20230704T143804_0712_02_water.tif,2026-06-09,sha256:d68cebe9d41c8c2cb4828b7f721d4b2f4ff30762cba82bd3415bb1475bc7e0cb
https://data.lpdaac.earthdatacloud.nasa.gov/lp-prod-protected/ECO_L2T_LSTE.002/ECOv002_L2T_LSTE_28314_014_12SVC_20230704T143804_0712_02/ECOv002_L2T_LSTE_28314_014_12SVC_20230704T143804_0712_02_cloud.tif,ECO_L2T_LSTE.002,ECOv002_L2T_LSTE_28314_014_12SVC_20230704T143804_0712_02_cloud.tif,2026-06-09,sha256:b75c1b83383021a6f331662fcca32bc98745071d69a5c0d63fbb06cf245be4af
https://data.lpdaac.earthdatacloud.nasa.gov/lp-prod-protected/ECO_L2T_LSTE.002/ECOv002_L2T_LSTE_28314_014_12SVC_20230704T143804_0712_02/ECOv002_L2T_LSTE_28314_014_12SVC_20230704T143804_0712_02_height.tif,ECO_L2T_LSTE.002,ECOv002_L2T_LSTE_28314_014_12SVC_20230704T143804_0712_02_height.tif,2026-06-09,sha256:fa454c4eadfc8e3aeb634825a908c4640acad4035b124ba4e7c86e4a77c66a58
https://data.lpdaac.earthdatacloud.nasa.gov/lp-prod-protected/ECO_L2T_LSTE.002/ECOv002_L2T_LSTE_28314_014_12SVC_20230704T143804_0712_02/ECOv002_L2T_LSTE_28314_014_12SVC_20230704T143804_0712_02_QC.tif,ECO_L2T_LSTE.002,ECOv002_L2T_LSTE_28314_014_12SVC_20230704T143804_0712_02_QC.tif,2026-06-09,sha256:0a4ae17d6ae03370aa1449c90cd4230b42cefd1e1d661bfced951a532f8365e2
https://data.lpdaac.earthdatacloud.nasa.gov/lp-prod-protected/ECO_L2T_LSTE.002/ECOv002_L2T_LSTE_28314_014_12SVC_20230704T143804_0712_02/ECOv002_L2T_LSTE_28314_014_12SVC_20230704T143804_0712_02_LST.tif,ECO_L2T_LSTE.002,ECOv002_L2T_LSTE_28314_014_12SVC_20230704T143804_0712_02_LST.tif,2026-06-09,sha256:ef2a9732778cb12cc78515aa59664b5e035753704e4c56439259991f66781161
https://data.lpdaac.earthdatacloud.nasa.gov/lp-prod-protected/ECO_L2T_LSTE.002/ECOv002_L2T_LSTE_28340_005_12SUC_20230706T062947_0712_02/ECOv002_L2T_LSTE_28340_005_12SUC_20230706T062947_0712_02_water.tif,ECO_L2T_LSTE.002,ECOv002_L2T_LSTE_28340_005_12SUC_20230706T062947_0712_02_water.tif,2026-06-09,sha256:de0c983d7012018c4903f76e0d9367a97ac6d8d71d61ea88988e6371317a61ac
https://data.lpdaac.earthdatacloud.nasa.gov/lp-prod-protected/ECO_L2T_LSTE.002/ECOv002_L2T_LSTE_28340_005_12SUC_20230706T062947_0712_02/ECOv002_L2T_LSTE_28340_005_12SUC_20230706T062947_0712_02_cloud.tif,ECO_L2T_LSTE.002,ECOv002_L2T_LSTE_28340_005_12SUC_20230706T062947_0712_02_cloud.tif,2026-06-09,sha256:663807da6640162d4db99143e9397338a3566a1c01a1952d963e123090aa1f1f
https://data.lpdaac.earthdatacloud.nasa.gov/lp-prod-protected/ECO_L2T_LSTE.002/ECOv002_L2T_LSTE_28340_005_12SUC_20230706T062947_0712_02/ECOv002_L2T_LSTE_28340_005_12SUC_20230706T062947_0712_02_height.tif,ECO_L2T_LSTE.002,ECOv002_L2T_LSTE_28340_005_12SUC_20230706T062947_0712_02_height.tif,2026-06-09,sha256:a5f78a068a0eb7e9baa10df47240fa95575c708c1111d05b3d194c026ff81078
https://data.lpdaac.earthdatacloud.nasa.gov/lp-prod-protected/ECO_L2T_LSTE.002/ECOv002_L2T_LSTE_28340_005_12SUC_20230706T062947_0712_02/ECOv002_L2T_LSTE_28340_005_12SUC_20230706T062947_0712_02_QC.tif,ECO_L2T_LSTE.002,ECOv002_L2T_LSTE_28340_005_12SUC_20230706T062947_0712_02_QC.tif,2026-06-09,sha256:64b49beec85309d327f909f1251ecf721bdb81ba8d85ee7318b6f3f39131fcfa
https://data.lpdaac.earthdatacloud.nasa.gov/lp-prod-protected/ECO_L2T_LSTE.002/ECOv002_L2T_LSTE_28340_005_12SUC_20230706T062947_0712_02/ECOv002_L2T_LSTE_28340_005_12SUC_20230706T062947_0712_02_LST.tif,ECO_L2T_LSTE.002,ECOv002_L2T_LSTE_28340_005_12SUC_20230706T062947_0712_02_LST.tif,2026-06-09,sha256:584ee1db1596bf394b3e767c4ce3ba20707cb88d5b7a7d652b3db4eeb64e2f96
https://data.lpdaac.earthdatacloud.nasa.gov/lp-prod-protected/ECO_L2T_LSTE.002/ECOv002_L2T_LSTE_28340_005_12SVC_20230706T062947_0712_01/ECOv002_L2T_LSTE_28340_005_12SVC_20230706T062947_0712_01_water.tif,ECO_L2T_LSTE.002,ECOv002_L2T_LSTE_28340_005_12SVC_20230706T062947_0712_01_water.tif,2026-06-09,sha256:1d4459627d8a9675ab12dadd21bb28d082bb0c3e171c8d12ccf24a99402fa5e7
https://data.lpdaac.earthdatacloud.nasa.gov/lp-prod-protected/ECO_L2T_LSTE.002/ECOv002_L2T_LSTE_28340_005_12SVC_20230706T062947_0712_01/ECOv002_L2T_LSTE_28340_005_12SVC_20230706T062947_0712_01_cloud.tif,ECO_L2T_LSTE.002,ECOv002_L2T_LSTE_28340_005_12SVC_20230706T062947_0712_01_cloud.tif,2026-06-09,sha256:65e552b5355b4b80dadcdb142bf22614c6d26e6a74b91fcf5245b87304044e8a
https://data.lpdaac.earthdatacloud.nasa.gov/lp-prod-protected/ECO_L2T_LSTE.002/ECOv002_L2T_LSTE_28340_005_12SVC_20230706T062947_0712_01/ECOv002_L2T_LSTE_28340_005_12SVC_20230706T062947_0712_01_height.tif,ECO_L2T_LSTE.002,ECOv002_L2T_LSTE_28340_005_12SVC_20230706T062947_0712_01_height.tif,2026-06-09,sha256:cb294d0f1a519a0417a442d52145daf5a81f9ecbd6cab8a562b1a9780d4c8e4e
https://data.lpdaac.earthdatacloud.nasa.gov/lp-prod-protected/ECO_L2T_LSTE.002/ECOv002_L2T_LSTE_28340_005_12SVC_20230706T062947_0712_01/ECOv002_L2T_LSTE_28340_005_12SVC_20230706T062947_0712_01_QC.tif,ECO_L2T_LSTE.002,ECOv002_L2T_LSTE_28340_005_12SVC_20230706T062947_0712_01_QC.tif,2026-06-09,sha256:2308ab4a7795c793bc18c450f158192e92e489b2a772eb7b0dd4aedcd13e3c4a
https://data.lpdaac.earthdatacloud.nasa.gov/lp-prod-protected/ECO_L2T_LSTE.002/ECOv002_L2T_LSTE_28340_005_12SVC_20230706T062947_0712_01/ECOv002_L2T_LSTE_28340_005_12SVC_20230706T062947_0712_01_LST.tif,ECO_L2T_LSTE.002,ECOv002_L2T_LSTE_28340_005_12SVC_20230706T062947_0712_01_LST.tif,2026-06-09,sha256:154533795f0b0986f1b8320e58ddbc637bef59a53c7c35b182a9a67ef30e4c57
https://data.lpdaac.earthdatacloud.nasa.gov/lp-prod-protected/ECO_L2T_LSTE.002/ECOv002_L2T_LSTE_28340_005_12SUB_20230706T062947_0712_01/ECOv002_L2T_LSTE_28340_005_12SUB_20230706T062947_0712_01_water.tif,ECO_L2T_LSTE.002,ECOv002_L2T_LSTE_28340_005_12SUB_20230706T062947_0712_01_water.tif,2026-06-09,sha256:12926d44db3ee3fcbab890cac674f9849409445af7a5d5599a008ed2ac1cc1ca
https://data.lpdaac.earthdatacloud.nasa.gov/lp-prod-protected/ECO_L2T_LSTE.002/ECOv002_L2T_LSTE_28340_005_12SUB_20230706T062947_0712_01/ECOv002_L2T_LSTE_28340_005_12SUB_20230706T062947_0712_01_cloud.tif,ECO_L2T_LSTE.002,ECOv002_L2T_LSTE_28340_005_12SUB_20230706T062947_0712_01_cloud.tif,2026-06-09,sha256:2ecc316def3c5f29edef175195e83766608d68397f18b91ef3c50da10334bef8
https://data.lpdaac.earthdatacloud.nasa.gov/lp-prod-protected/ECO_L2T_LSTE.002/ECOv002_L2T_LSTE_28340_005_12SUB_20230706T062947_0712_01/ECOv002_L2T_LSTE_28340_005_12SUB_20230706T062947_0712_01_height.tif,ECO_L2T_LSTE.002,ECOv002_L2T_LSTE_28340_005_12SUB_20230706T062947_0712_01_height.tif,2026-06-09,sha256:52b13b04becc9975f6475fda19cda3b4365bc05b93b5de38136188fd71e634d0
https://data.lpdaac.earthdatacloud.nasa.gov/lp-prod-protected/ECO_L2T_LSTE.002/ECOv002_L2T_LSTE_28340_005_12SUB_20230706T062947_0712_01/ECOv002_L2T_LSTE_28340_005_12SUB_20230706T062947_0712_01_QC.tif,ECO_L2T_LSTE.002,ECOv002_L2T_LSTE_28340_005_12SUB_20230706T062947_0712_01_QC.tif,2026-06-09,sha256:2f2e47cd3e93fbea081fa49d0927416195a725db8a3cb5e80290005334e833f4
https://data.lpdaac.earthdatacloud.nasa.gov/lp-prod-protected/ECO_L2T_LSTE.002/ECOv002_L2T_LSTE_28340_005_12SUB_20230706T062947_0712_01/ECOv002_L2T_LSTE_28340_005_12SUB_20230706T062947_0712_01_LST.tif,ECO_L2T_LSTE.002,ECOv002_L2T_LSTE_28340_005_12SUB_20230706T062947_0712_01_LST.tif,2026-06-09,sha256:5e2209dc9dd51bd8f63f18379bcac7f3582f3d811a5fa035761d3866690ada46
https://data.lpdaac.earthdatacloud.nasa.gov/lp-prod-protected/ECO_L2T_LSTE.002/ECOv002_L2T_LSTE_28340_005_12SUC_20230706T062947_0712_01/ECOv002_L2T_LSTE_28340_005_12SUC_20230706T062947_0712_01_water.tif,ECO_L2T_LSTE.002,ECOv002_L2T_LSTE_28340_005_12SUC_20230706T062947_0712_01_water.tif,2026-06-09,sha256:de0c983d7012018c4903f76e0d9367a97ac6d8d71d61ea88988e6371317a61ac
https://data.lpdaac.earthdatacloud.nasa.gov/lp-prod-protected/ECO_L2T_LSTE.002/ECOv002_L2T_LSTE_28340_005_12SUC_20230706T062947_0712_01/ECOv002_L2T_LSTE_28340_005_12SUC_20230706T062947_0712_01_cloud.tif,ECO_L2T_LSTE.002,ECOv002_L2T_LSTE_28340_005_12SUC_20230706T062947_0712_01_cloud.tif,2026-06-09,sha256:663807da6640162d4db99143e9397338a3566a1c01a1952d963e123090aa1f1f
https://data.lpdaac.earthdatacloud.nasa.gov/lp-prod-protected/ECO_L2T_LSTE.002/ECOv002_L2T_LSTE_28340_005_12SUC_20230706T062947_0712_01/ECOv002_L2T_LSTE_28340_005_12SUC_20230706T062947_0712_01_height.tif,ECO_L2T_LSTE.002,ECOv002_L2T_LSTE_28340_005_12SUC_20230706T062947_0712_01_height.tif,2026-06-09,sha256:a5f78a068a0eb7e9baa10df47240fa95575c708c1111d05b3d194c026ff81078
https://data.lpdaac.earthdatacloud.nasa.gov/lp-prod-protected/ECO_L2T_LSTE.002/ECOv002_L2T_LSTE_28340_005_12SUC_20230706T062947_0712_01/ECOv002_L2T_LSTE_28340_005_12SUC_20230706T062947_0712_01_QC.tif,ECO_L2T_LSTE.002,ECOv002_L2T_LSTE_28340_005_12SUC_20230706T062947_0712_01_QC.tif,2026-06-09,sha256:64b49beec85309d327f909f1251ecf721bdb81ba8d85ee7318b6f3f39131fcfa
https://data.lpdaac.earthdatacloud.nasa.gov/lp-prod-protected/ECO_L2T_LSTE.002/ECOv002_L2T_LSTE_28340_005_12SUC_20230706T062947_0712_01/ECOv002_L2T_LSTE_28340_005_12SUC_20230706T062947_0712_01_LST.tif,ECO_L2T_LSTE.002,ECOv002_L2T_LSTE_28340_005_12SUC_20230706T062947_0712_01_LST.tif,2026-06-09,sha256:584ee1db1596bf394b3e767c4ce3ba20707cb88d5b7a7d652b3db4eeb64e2f96
https://data.lpdaac.earthdatacloud.nasa.gov/lp-prod-protected/ECO_L2T_LSTE.002/ECOv002_L2T_LSTE_28340_005_12SUB_20230706T062947_0712_02/ECOv002_L2T_LSTE_28340_005_12SUB_20230706T062947_0712_02_water.tif,ECO_L2T_LSTE.002,ECOv002_L2T_LSTE_28340_005_12SUB_20230706T062947_0712_02_water.tif,2026-06-09,sha256:12926d44db3ee3fcbab890cac674f9849409445af7a5d5599a008ed2ac1cc1ca
https://data.lpdaac.earthdatacloud.nasa.gov/lp-prod-protected/ECO_L2T_LSTE.002/ECOv002_L2T_LSTE_28340_005_12SUB_20230706T062947_0712_02/ECOv002_L2T_LSTE_28340_005_12SUB_20230706T062947_0712_02_cloud.tif,ECO_L2T_LSTE.002,ECOv002_L2T_LSTE_28340_005_12SUB_20230706T062947_0712_02_cloud.tif,2026-06-09,sha256:2ecc316def3c5f29edef175195e83766608d68397f18b91ef3c50da10334bef8
https://data.lpdaac.earthdatacloud.nasa.gov/lp-prod-protected/ECO_L2T_LSTE.002/ECOv002_L2T_LSTE_28340_005_12SUB_20230706T062947_0712_02/ECOv002_L2T_LSTE_28340_005_12SUB_20230706T062947_0712_02_height.tif,ECO_L2T_LSTE.002,ECOv002_L2T_LSTE_28340_005_12SUB_20230706T062947_0712_02_height.tif,2026-06-09,sha256:52b13b04becc9975f6475fda19cda3b4365bc05b93b5de38136188fd71e634d0
https://data.lpdaac.earthdatacloud.nasa.gov/lp-prod-protected/ECO_L2T_LSTE.002/ECOv002_L2T_LSTE_28340_005_12SUB_20230706T062947_0712_02/ECOv002_L2T_LSTE_28340_005_12SUB_20230706T062947_0712_02_QC.tif,ECO_L2T_LSTE.002,ECOv002_L2T_LSTE_28340_005_12SUB_20230706T062947_0712_02_QC.tif,2026-06-09,sha256:2f2e47cd3e93fbea081fa49d0927416195a725db8a3cb5e80290005334e833f4
https://data.lpdaac.earthdatacloud.nasa.gov/lp-prod-protected/ECO_L2T_LSTE.002/ECOv002_L2T_LSTE_28340_005_12SUB_20230706T062947_0712_02/ECOv002_L2T_LSTE_28340_005_12SUB_20230706T062947_0712_02_LST.tif,ECO_L2T_LSTE.002,ECOv002_L2T_LSTE_28340_005_12SUB_20230706T062947_0712_02_LST.tif,2026-06-09,sha256:5e2209dc9dd51bd8f63f18379bcac7f3582f3d811a5fa035761d3866690ada46
https://data.lpdaac.earthdatacloud.nasa.gov/lp-prod-protected/ECO_L2T_LSTE.002/ECOv002_L2T_LSTE_28340_005_12SVC_20230706T062947_0712_02/ECOv002_L2T_LSTE_28340_005_12SVC_20230706T062947_0712_02_water.tif,ECO_L2T_LSTE.002,ECOv002_L2T_LSTE_28340_005_12SVC_20230706T062947_0712_02_water.tif,2026-06-09,sha256:1d4459627d8a9675ab12dadd21bb28d082bb0c3e171c8d12ccf24a99402fa5e7
https://data.lpdaac.earthdatacloud.nasa.gov/lp-prod-protected/ECO_L2T_LSTE.002/ECOv002_L2T_LSTE_28340_005_12SVC_20230706T062947_0712_02/ECOv002_L2T_LSTE_28340_005_12SVC_20230706T062947_0712_02_cloud.tif,ECO_L2T_LSTE.002,ECOv002_L2T_LSTE_28340_005_12SVC_20230706T062947_0712_02_cloud.tif,2026-06-09,sha256:65e552b5355b4b80dadcdb142bf22614c6d26e6a74b91fcf5245b87304044e8a
https://data.lpdaac.earthdatacloud.nasa.gov/lp-prod-protected/ECO_L2T_LSTE.002/ECOv002_L2T_LSTE_28340_005_12SVC_20230706T062947_0712_02/ECOv002_L2T_LSTE_28340_005_12SVC_20230706T062947_0712_02_height.tif,ECO_L2T_LSTE.002,ECOv002_L2T_LSTE_28340_005_12SVC_20230706T062947_0712_02_height.tif,2026-06-09,sha256:cb294d0f1a519a0417a442d52145daf5a81f9ecbd6cab8a562b1a9780d4c8e4e
https://data.lpdaac.earthdatacloud.nasa.gov/lp-prod-protected/ECO_L2T_LSTE.002/ECOv002_L2T_LSTE_28340_005_12SVC_20230706T062947_0712_02/ECOv002_L2T_LSTE_28340_005_12SVC_20230706T062947_0712_02_QC.tif,ECO_L2T_LSTE.002,ECOv002_L2T_LSTE_28340_005_12SVC_20230706T062947_0712_02_QC.tif,2026-06-09,sha256:2308ab4a7795c793bc18c450f158192e92e489b2a772eb7b0dd4aedcd13e3c4a
https://data.lpdaac.earthdatacloud.nasa.gov/lp-prod-protected/ECO_L2T_LSTE.002/ECOv002_L2T_LSTE_28340_005_12SVC_20230706T062947_0712_02/ECOv002_L2T_LSTE_28340_005_12SVC_20230706T062947_0712_02_LST.tif,ECO_L2T_LSTE.002,ECOv002_L2T_LSTE_28340_005_12SVC_20230706T062947_0712_02_LST.tif,2026-06-09,sha256:154533795f0b0986f1b8320e58ddbc637bef59a53c7c35b182a9a67ef30e4c57
https://data.lpdaac.earthdatacloud.nasa.gov/lp-prod-protected/ECO_L2T_LSTE.002/ECOv002_L2T_LSTE_28360_014_12SUB_20230707T135025_0710_01/ECOv002_L2T_LSTE_28360_014_12SUB_20230707T135025_0710_01_water.tif,ECO_L2T_LSTE.002,ECOv002_L2T_LSTE_28360_014_12SUB_20230707T135025_0710_01_water.tif,2026-06-09,sha256:12926d44db3ee3fcbab890cac674f9849409445af7a5d5599a008ed2ac1cc1ca
https://data.lpdaac.earthdatacloud.nasa.gov/lp-prod-protected/ECO_L2T_LSTE.002/ECOv002_L2T_LSTE_28360_014_12SUB_20230707T135025_0710_01/ECOv002_L2T_LSTE_28360_014_12SUB_20230707T135025_0710_01_QC.tif,ECO_L2T_LSTE.002,ECOv002_L2T_LSTE_28360_014_12SUB_20230707T135025_0710_01_QC.tif,2026-06-09,sha256:60131c7b23a026861f7dced8ca042d20d9ed48ef90097bd1ac1b8038201efdfe
https://data.lpdaac.earthdatacloud.nasa.gov/lp-prod-protected/ECO_L2T_LSTE.002/ECOv002_L2T_LSTE_28360_014_12SUB_20230707T135025_0710_01/ECOv002_L2T_LSTE_28360_014_12SUB_20230707T135025_0710_01_cloud.tif,ECO_L2T_LSTE.002,ECOv002_L2T_LSTE_28360_014_12SUB_20230707T135025_0710_01_cloud.tif,2026-06-09,sha256:1d6e2316f4e8891085f9aec3a170c03fd1dbc07a8ab1baae7da200dea8e3a27d
https://data.lpdaac.earthdatacloud.nasa.gov/lp-prod-protected/ECO_L2T_LSTE.002/ECOv002_L2T_LSTE_28360_014_12SUB_20230707T135025_0710_01/ECOv002_L2T_LSTE_28360_014_12SUB_20230707T135025_0710_01_height.tif,ECO_L2T_LSTE.002,ECOv002_L2T_LSTE_28360_014_12SUB_20230707T135025_0710_01_height.tif,2026-06-09,sha256:55fbab048340f61e3e5cee0f0a7dae02d342ef6b17b46654f80c328f3a3aabca
https://data.lpdaac.earthdatacloud.nasa.gov/lp-prod-protected/ECO_L2T_LSTE.002/ECOv002_L2T_LSTE_28360_014_12SUB_20230707T135025_0710_01/ECOv002_L2T_LSTE_28360_014_12SUB_20230707T135025_0710_01_LST.tif,ECO_L2T_LSTE.002,ECOv002_L2T_LSTE_28360_014_12SUB_20230707T135025_0710_01_LST.tif,2026-06-09,sha256:1374671b1f9533e4cbd2938a7b6f9639f47c1110d864e997fcdbb4b1b95691cc
https://data.lpdaac.earthdatacloud.nasa.gov/lp-prod-protected/ECO_L2T_LSTE.002/ECOv002_L2T_LSTE_28360_014_12SUB_20230707T135025_0712_02/ECOv002_L2T_LSTE_28360_014_12SUB_20230707T135025_0712_02_water.tif,ECO_L2T_LSTE.002,ECOv002_L2T_LSTE_28360_014_12SUB_20230707T135025_0712_02_water.tif,2026-06-09,sha256:12926d44db3ee3fcbab890cac674f9849409445af7a5d5599a008ed2ac1cc1ca
https://data.lpdaac.earthdatacloud.nasa.gov/lp-prod-protected/ECO_L2T_LSTE.002/ECOv002_L2T_LSTE_28360_014_12SUB_20230707T135025_0712_02/ECOv002_L2T_LSTE_28360_014_12SUB_20230707T135025_0712_02_cloud.tif,ECO_L2T_LSTE.002,ECOv002_L2T_LSTE_28360_014_12SUB_20230707T135025_0712_02_cloud.tif,2026-06-09,sha256:89de1f4e88faa8b6b2824ed16a3d0b4fbf5a51664454fc7f483b68d7e3591793
https://data.lpdaac.earthdatacloud.nasa.gov/lp-prod-protected/ECO_L2T_LSTE.002/ECOv002_L2T_LSTE_28360_014_12SUB_20230707T135025_0712_02/ECOv002_L2T_LSTE_28360_014_12SUB_20230707T135025_0712_02_height.tif,ECO_L2T_LSTE.002,ECOv002_L2T_LSTE_28360_014_12SUB_20230707T135025_0712_02_height.tif,2026-06-09,sha256:943ee74ec098dc9ab8de9f72fa0ede530125bf2d6a6c5f1a4c768f0e2893d62e
https://data.lpdaac.earthdatacloud.nasa.gov/lp-prod-protected/ECO_L2T_LSTE.002/ECOv002_L2T_LSTE_28360_014_12SUB_20230707T135025_0712_02/ECOv002_L2T_LSTE_28360_014_12SUB_20230707T135025_0712_02_QC.tif,ECO_L2T_LSTE.002,ECOv002_L2T_LSTE_28360_014_12SUB_20230707T135025_0712_02_QC.tif,2026-06-09,sha256:e32a902e61bdd7cf933b3861d71098ada44a4c04246d8dc3fa39b49fe6ec2d2c
https://data.lpdaac.earthdatacloud.nasa.gov/lp-prod-protected/ECO_L2T_LSTE.002/ECOv002_L2T_LSTE_28360_014_12SUB_20230707T135025_0712_02/ECOv002_L2T_LSTE_28360_014_12SUB_20230707T135025_0712_02_LST.tif,ECO_L2T_LSTE.002,ECOv002_L2T_LSTE_28360_014_12SUB_20230707T135025_0712_02_LST.tif,2026-06-09,sha256:4f03f1b55a6ce28d37cb703339b3dd64226d572c7fee4a0d8a9f3b23be329f98
https://data.lpdaac.earthdatacloud.nasa.gov/lp-prod-protected/ECO_L2T_LSTE.002/ECOv002_L2T_LSTE_28375_012_12SUC_20230708T130156_0710_01/ECOv002_L2T_LSTE_28375_012_12SUC_20230708T130156_0710_01_water.tif,ECO_L2T_LSTE.002,ECOv002_L2T_LSTE_28375_012_12SUC_20230708T130156_0710_01_water.tif,2026-06-09,sha256:fcd2a2dbc28b8aa3a1eae2e80e10f26196a820b1b8fdf92ba8e7096da4cef08f
https://data.lpdaac.earthdatacloud.nasa.gov/lp-prod-protected/ECO_L2T_LSTE.002/ECOv002_L2T_LSTE_28375_012_12SUC_20230708T130156_0710_01/ECOv002_L2T_LSTE_28375_012_12SUC_20230708T130156_0710_01_cloud.tif,ECO_L2T_LSTE.002,ECOv002_L2T_LSTE_28375_012_12SUC_20230708T130156_0710_01_cloud.tif,2026-06-09,sha256:7af0bcb7bcae783433b4437f8782f85c79802db02e68ad04d95d768cae3104fd
https://data.lpdaac.earthdatacloud.nasa.gov/lp-prod-protected/ECO_L2T_LSTE.002/ECOv002_L2T_LSTE_28375_012_12SUC_20230708T130156_0710_01/ECOv002_L2T_LSTE_28375_012_12SUC_20230708T130156_0710_01_height.tif,ECO_L2T_LSTE.002,ECOv002_L2T_LSTE_28375_012_12SUC_20230708T130156_0710_01_height.tif,2026-06-09,sha256:768c18ba22a9e1afb303bc3cee04123a06b049c21377eca2b0a27d77e1d881e5
https://data.lpdaac.earthdatacloud.nasa.gov/lp-prod-protected/ECO_L2T_LSTE.002/ECOv002_L2T_LSTE_28375_012_12SUC_20230708T130156_0710_01/ECOv002_L2T_LSTE_28375_012_12SUC_20230708T130156_0710_01_LST.tif,ECO_L2T_LSTE.002,ECOv002_L2T_LSTE_28375_012_12SUC_20230708T130156_0710_01_LST.tif,2026-06-09,sha256:5dc2a5f4b990f8f505b68d6bffbb0b5721a0ad1af8ec425316e8aba38ebecb01
https://data.lpdaac.earthdatacloud.nasa.gov/lp-prod-protected/ECO_L2T_LSTE.002/ECOv002_L2T_LSTE_28375_012_12SUC_20230708T130156_0710_01/ECOv002_L2T_LSTE_28375_012_12SUC_20230708T130156_0710_01_QC.tif,ECO_L2T_LSTE.002,ECOv002_L2T_LSTE_28375_012_12SUC_20230708T130156_0710_01_QC.tif,2026-06-09,sha256:dbcd638ad404da1279607a74e03330bbd0211a793f2f74a48cd8d36d774c47f8
https://data.lpdaac.earthdatacloud.nasa.gov/lp-prod-protected/ECO_L2T_LSTE.002/ECOv002_L2T_LSTE_28375_012_12SUC_20230708T130156_0712_02/ECOv002_L2T_LSTE_28375_012_12SUC_20230708T130156_0712_02_water.tif,ECO_L2T_LSTE.002,ECOv002_L2T_LSTE_28375_012_12SUC_20230708T130156_0712_02_water.tif,2026-06-09,sha256:fcd2a2dbc28b8aa3a1eae2e80e10f26196a820b1b8fdf92ba8e7096da4cef08f
https://data.lpdaac.earthdatacloud.nasa.gov/lp-prod-protected/ECO_L2T_LSTE.002/ECOv002_L2T_LSTE_28375_012_12SUC_20230708T130156_0712_02/ECOv002_L2T_LSTE_28375_012_12SUC_20230708T130156_0712_02_cloud.tif,ECO_L2T_LSTE.002,ECOv002_L2T_LSTE_28375_012_12SUC_20230708T130156_0712_02_cloud.tif,2026-06-09,sha256:d5a1ca16f69f36711098e1d2960dce80bcf3ab921d4fe12737f6f8de69a9f483
https://data.lpdaac.earthdatacloud.nasa.gov/lp-prod-protected/ECO_L2T_LSTE.002/ECOv002_L2T_LSTE_28375_012_12SUC_20230708T130156_0712_02/ECOv002_L2T_LSTE_28375_012_12SUC_20230708T130156_0712_02_height.tif,ECO_L2T_LSTE.002,ECOv002_L2T_LSTE_28375_012_12SUC_20230708T130156_0712_02_height.tif,2026-06-09,sha256:35b2336e6f3552d1f66579865881251384a77171f538f2bd83c96fa52681e586
https://data.lpdaac.earthdatacloud.nasa.gov/lp-prod-protected/ECO_L2T_LSTE.002/ECOv002_L2T_LSTE_28375_012_12SUC_20230708T130156_0712_02/ECOv002_L2T_LSTE_28375_012_12SUC_20230708T130156_0712_02_QC.tif,ECO_L2T_LSTE.002,ECOv002_L2T_LSTE_28375_012_12SUC_20230708T130156_0712_02_QC.tif,2026-06-09,sha256:a09f971347ff10efeeab18bc1b3d8a092c3efd1bd62d4ac07a352c656ecb5959
https://data.lpdaac.earthdatacloud.nasa.gov/lp-prod-protected/ECO_L2T_LSTE.002/ECOv002_L2T_LSTE_28375_012_12SUC_20230708T130156_0712_02/ECOv002_L2T_LSTE_28375_012_12SUC_20230708T130156_0712_02_LST.tif,ECO_L2T_LSTE.002,ECOv002_L2T_LSTE_28375_012_12SUC_20230708T130156_0712_02_LST.tif,2026-06-09,sha256:85e23cbc5220a2f72b7f3dca00b22f05eb53a19484f7015becd8a9326c33ad81
https://data.lpdaac.earthdatacloud.nasa.gov/lp-prod-protected/ECO_L2T_LSTE.002/ECOv002_L2T_LSTE_28375_013_12SUB_20230708T130247_0710_01/ECOv002_L2T_LSTE_28375_013_12SUB_20230708T130247_0710_01_water.tif,ECO_L2T_LSTE.002,ECOv002_L2T_LSTE_28375_013_12SUB_20230708T130247_0710_01_water.tif,2026-06-09,sha256:0bcfffa9d7864171d8350c846d5782ac4954d57f82364afc6543e52d52694da7
https://data.lpdaac.earthdatacloud.nasa.gov/lp-prod-protected/ECO_L2T_LSTE.002/ECOv002_L2T_LSTE_28375_013_12SUB_20230708T130247_0710_01/ECOv002_L2T_LSTE_28375_013_12SUB_20230708T130247_0710_01_QC.tif,ECO_L2T_LSTE.002,ECOv002_L2T_LSTE_28375_013_12SUB_20230708T130247_0710_01_QC.tif,2026-06-09,sha256:a24511c63eaef2b7ead8a6bb98e95688e8f99641470fe66c99221aea3f3be65c
https://data.lpdaac.earthdatacloud.nasa.gov/lp-prod-protected/ECO_L2T_LSTE.002/ECOv002_L2T_LSTE_28375_013_12SUB_20230708T130247_0710_01/ECOv002_L2T_LSTE_28375_013_12SUB_20230708T130247_0710_01_cloud.tif,ECO_L2T_LSTE.002,ECOv002_L2T_LSTE_28375_013_12SUB_20230708T130247_0710_01_cloud.tif,2026-06-09,sha256:c247228f07e882eb903a800112a047243a2f1d63631a940cffb56d485022eb78
https://data.lpdaac.earthdatacloud.nasa.gov/lp-prod-protected/ECO_L2T_LSTE.002/ECOv002_L2T_LSTE_28375_013_12SUB_20230708T130247_0710_01/ECOv002_L2T_LSTE_28375_013_12SUB_20230708T130247_0710_01_height.tif,ECO_L2T_LSTE.002,ECOv002_L2T_LSTE_28375_013_12SUB_20230708T130247_0710_01_height.tif,2026-06-09,sha256:8eb06401b7c8ace2a8ff39ed02d84d10463720e76bdcadd21e0e721871a2836e
https://data.lpdaac.earthdatacloud.nasa.gov/lp-prod-protected/ECO_L2T_LSTE.002/ECOv002_L2T_LSTE_28375_013_12SUB_20230708T130247_0710_01/ECOv002_L2T_LSTE_28375_013_12SUB_20230708T130247_0710_01_LST.tif,ECO_L2T_LSTE.002,ECOv002_L2T_LSTE_28375_013_12SUB_20230708T130247_0710_01_LST.tif,2026-06-09,sha256:7eec945d5d65cd4cfc1d30d5fd8f4b4e32b17397596cccf977305ed0b38736fa
https://data.lpdaac.earthdatacloud.nasa.gov/lp-prod-protected/ECO_L2T_LSTE.002/ECOv002_L2T_LSTE_28375_013_12SUC_20230708T130247_0710_01/ECOv002_L2T_LSTE_28375_013_12SUC_20230708T130247_0710_01_water.tif,ECO_L2T_LSTE.002,ECOv002_L2T_LSTE_28375_013_12SUC_20230708T130247_0710_01_water.tif,2026-06-09,sha256:cdb88b638b8a79783e62806b3bc1017264f5b3d8df432810004ed6b90d689e0a
https://data.lpdaac.earthdatacloud.nasa.gov/lp-prod-protected/ECO_L2T_LSTE.002/ECOv002_L2T_LSTE_28375_013_12SUC_20230708T130247_0710_01/ECOv002_L2T_LSTE_28375_013_12SUC_20230708T130247_0710_01_height.tif,ECO_L2T_LSTE.002,ECOv002_L2T_LSTE_28375_013_12SUC_20230708T130247_0710_01_height.tif,2026-06-09,sha256:501b1a6f5ba4e49417ce8d9e07c57bc9654488e2ce1bb077f9632fcb80447aef
https://data.lpdaac.earthdatacloud.nasa.gov/lp-prod-protected/ECO_L2T_LSTE.002/ECOv002_L2T_LSTE_28375_013_12SUC_20230708T130247_0710_01/ECOv002_L2T_LSTE_28375_013_12SUC_20230708T130247_0710_01_LST.tif,ECO_L2T_LSTE.002,ECOv002_L2T_LSTE_28375_013_12SUC_20230708T130247_0710_01_LST.tif,2026-06-09,sha256:c0c8d129f4b7b9ae0234de9e615ae0325e149e942a3735ad6258b4debd82e69e
https://data.lpdaac.earthdatacloud.nasa.gov/lp-prod-protected/ECO_L2T_LSTE.002/ECOv002_L2T_LSTE_28375_013_12SUC_20230708T130247_0710_01/ECOv002_L2T_LSTE_28375_013_12SUC_20230708T130247_0710_01_cloud.tif,ECO_L2T_LSTE.002,ECOv002_L2T_LSTE_28375_013_12SUC_20230708T130247_0710_01_cloud.tif,2026-06-09,sha256:79ce15bea8b5a8e964fc74a6af337fa2d751f7d647627c4653d0322080866cac
https://data.lpdaac.earthdatacloud.nasa.gov/lp-prod-protected/ECO_L2T_LSTE.002/ECOv002_L2T_LSTE_28375_013_12SUC_20230708T130247_0710_01/ECOv002_L2T_LSTE_28375_013_12SUC_20230708T130247_0710_01_QC.tif,ECO_L2T_LSTE.002,ECOv002_L2T_LSTE_28375_013_12SUC_20230708T130247_0710_01_QC.tif,2026-06-09,sha256:66c1258333b78f203642df2b6612418303d19166961f12fbda531480f61941f1
https://data.lpdaac.earthdatacloud.nasa.gov/lp-prod-protected/ECO_L2T_LSTE.002/ECOv002_L2T_LSTE_28375_013_12SVB_20230708T130247_0710_01/ECOv002_L2T_LSTE_28375_013_12SVB_20230708T130247_0710_01_water.tif,ECO_L2T_LSTE.002,ECOv002_L2T_LSTE_28375_013_12SVB_20230708T130247_0710_01_water.tif,2026-06-09,sha256:4614454a3eeb124cd91b8e433e586bd0dc1d10f943a18efc6ec96afefd995741
https://data.lpdaac.earthdatacloud.nasa.gov/lp-prod-protected/ECO_L2T_LSTE.002/ECOv002_L2T_LSTE_28375_013_12SVB_20230708T130247_0710_01/ECOv002_L2T_LSTE_28375_013_12SVB_20230708T130247_0710_01_QC.tif,ECO_L2T_LSTE.002,ECOv002_L2T_LSTE_28375_013_12SVB_20230708T130247_0710_01_QC.tif,2026-06-09,sha256:63268bb0d308de6be4dfaf987694a2b78854f78e48e9fc72d94903c1e66d026c
https://data.lpdaac.earthdatacloud.nasa.gov/lp-prod-protected/ECO_L2T_LSTE.002/ECOv002_L2T_LSTE_28375_013_12SVB_20230708T130247_0710_01/ECOv002_L2T_LSTE_28375_013_12SVB_20230708T130247_0710_01_cloud.tif,ECO_L2T_LSTE.002,ECOv002_L2T_LSTE_28375_013_12SVB_20230708T130247_0710_01_cloud.tif,2026-06-09,sha256:410bd0a73ffe555deb27bd59b99cac7d68e60aa098eb0723ad5413419da42185
https://data.lpdaac.earthdatacloud.nasa.gov/lp-prod-protected/ECO_L2T_LSTE.002/ECOv002_L2T_LSTE_28375_013_12SVB_20230708T130247_0710_01/ECOv002_L2T_LSTE_28375_013_12SVB_20230708T130247_0710_01_height.tif,ECO_L2T_LSTE.002,ECOv002_L2T_LSTE_28375_013_12SVB_20230708T130247_0710_01_height.tif,2026-06-09,sha256:6eea12897bba0d5cfd6fe011942e2394add4550565ebf034229e766215786a47
https://data.lpdaac.earthdatacloud.nasa.gov/lp-prod-protected/ECO_L2T_LSTE.002/ECOv002_L2T_LSTE_28375_013_12SVB_20230708T130247_0710_01/ECOv002_L2T_LSTE_28375_013_12SVB_20230708T130247_0710_01_LST.tif,ECO_L2T_LSTE.002,ECOv002_L2T_LSTE_28375_013_12SVB_20230708T130247_0710_01_LST.tif,2026-06-09,sha256:b2e29885abccd3415ac4287fede51ac38ea3f6a93908b819f44b91ac7b94e104
https://data.lpdaac.earthdatacloud.nasa.gov/lp-prod-protected/ECO_L2T_LSTE.002/ECOv002_L2T_LSTE_28375_013_12SVC_20230708T130247_0710_01/ECOv002_L2T_LSTE_28375_013_12SVC_20230708T130247_0710_01_water.tif,ECO_L2T_LSTE.002,ECOv002_L2T_LSTE_28375_013_12SVC_20230708T130247_0710_01_water.tif,2026-06-09,sha256:6c3d293149d96cda834d467c69ea156442c1da0e1d08ebe872604d6352edc7e5
https://data.lpdaac.earthdatacloud.nasa.gov/lp-prod-protected/ECO_L2T_LSTE.002/ECOv002_L2T_LSTE_28375_013_12SVC_20230708T130247_0710_01/ECOv002_L2T_LSTE_28375_013_12SVC_20230708T130247_0710_01_QC.tif,ECO_L2T_LSTE.002,ECOv002_L2T_LSTE_28375_013_12SVC_20230708T130247_0710_01_QC.tif,2026-06-09,sha256:3e2757f7324931ab69a0dad8e3cba1dd53bf1e285308ca12b40fc3a2707bbdeb
https://data.lpdaac.earthdatacloud.nasa.gov/lp-prod-protected/ECO_L2T_LSTE.002/ECOv002_L2T_LSTE_28375_013_12SVC_20230708T130247_0710_01/ECOv002_L2T_LSTE_28375_013_12SVC_20230708T130247_0710_01_cloud.tif,ECO_L2T_LSTE.002,ECOv002_L2T_LSTE_28375_013_12SVC_20230708T130247_0710_01_cloud.tif,2026-06-09,sha256:3315f5223c719d4cbe493ea8eb8966b3fa3a8a2705317a8bd2eefd7826806822
https://data.lpdaac.earthdatacloud.nasa.gov/lp-prod-protected/ECO_L2T_LSTE.002/ECOv002_L2T_LSTE_28375_013_12SVC_20230708T130247_0710_01/ECOv002_L2T_LSTE_28375_013_12SVC_20230708T130247_0710_01_height.tif,ECO_L2T_LSTE.002,ECOv002_L2T_LSTE_28375_013_12SVC_20230708T130247_0710_01_height.tif,2026-06-09,sha256:8b000e466fe794d2465a93728c5b66fac57751c59b203cd60ad8a3c29da195c2
https://data.lpdaac.earthdatacloud.nasa.gov/lp-prod-protected/ECO_L2T_LSTE.002/ECOv002_L2T_LSTE_28375_013_12SVC_20230708T130247_0710_01/ECOv002_L2T_LSTE_28375_013_12SVC_20230708T130247_0710_01_LST.tif,ECO_L2T_LSTE.002,ECOv002_L2T_LSTE_28375_013_12SVC_20230708T130247_0710_01_LST.tif,2026-06-09,sha256:8bac7a56f10ff885c893591cffe15e5160c90a962ab9ba789176b7525fa3273b
https://data.lpdaac.earthdatacloud.nasa.gov/lp-prod-protected/ECO_L2T_LSTE.002/ECOv002_L2T_LSTE_28375_013_12SVC_20230708T130247_0712_02/ECOv002_L2T_LSTE_28375_013_12SVC_20230708T130247_0712_02_water.tif,ECO_L2T_LSTE.002,ECOv002_L2T_LSTE_28375_013_12SVC_20230708T130247_0712_02_water.tif,2026-06-09,sha256:94af2e95886c08aea85d655080e4e3b36e695df9f092fd8f0997ab567c70f127
https://data.lpdaac.earthdatacloud.nasa.gov/lp-prod-protected/ECO_L2T_LSTE.002/ECOv002_L2T_LSTE_28375_013_12SVC_20230708T130247_0712_02/ECOv002_L2T_LSTE_28375_013_12SVC_20230708T130247_0712_02_cloud.tif,ECO_L2T_LSTE.002,ECOv002_L2T_LSTE_28375_013_12SVC_20230708T130247_0712_02_cloud.tif,2026-06-09,sha256:45816fcf076527fd8db9029a02e5fcebd914191ed86183ed12e5855d93a57972
https://data.lpdaac.earthdatacloud.nasa.gov/lp-prod-protected/ECO_L2T_LSTE.002/ECOv002_L2T_LSTE_28375_013_12SVC_20230708T130247_0712_02/ECOv002_L2T_LSTE_28375_013_12SVC_20230708T130247_0712_02_height.tif,ECO_L2T_LSTE.002,ECOv002_L2T_LSTE_28375_013_12SVC_20230708T130247_0712_02_height.tif,2026-06-09,sha256:df25a287b42cf1ba47ef15d874d0cf6bd7a12cfc91d27eb7fec9bb5c424d4a30
https://data.lpdaac.earthdatacloud.nasa.gov/lp-prod-protected/ECO_L2T_LSTE.002/ECOv002_L2T_LSTE_28375_013_12SVC_20230708T130247_0712_02/ECOv002_L2T_LSTE_28375_013_12SVC_20230708T130247_0712_02_QC.tif,ECO_L2T_LSTE.002,ECOv002_L2T_LSTE_28375_013_12SVC_20230708T130247_0712_02_QC.tif,2026-06-09,sha256:2b8a5cf021e37300bab0f8df180ebbf805b7f185c4efc94a3882adc194bc3208
https://data.lpdaac.earthdatacloud.nasa.gov/lp-prod-protected/ECO_L2T_LSTE.002/ECOv002_L2T_LSTE_28375_013_12SVC_20230708T130247_0712_02/ECOv002_L2T_LSTE_28375_013_12SVC_20230708T130247_0712_02_LST.tif,ECO_L2T_LSTE.002,ECOv002_L2T_LSTE_28375_013_12SVC_20230708T130247_0712_02_LST.tif,2026-06-09,sha256:435b3424f5ffc8629ebe95e02b6f8f49b19b8a1bb1eeaacd1e9d93b01645b6ce
https://data.lpdaac.earthdatacloud.nasa.gov/lp-prod-protected/ECO_L2T_LSTE.002/ECOv002_L2T_LSTE_28375_013_12SUB_20230708T130247_0712_02/ECOv002_L2T_LSTE_28375_013_12SUB_20230708T130247_0712_02_water.tif,ECO_L2T_LSTE.002,ECOv002_L2T_LSTE_28375_013_12SUB_20230708T130247_0712_02_water.tif,2026-06-09,sha256:537fda3b2709cb48f096516bf2c96f4cc58a8413466679569fa06b5e27194463
https://data.lpdaac.earthdatacloud.nasa.gov/lp-prod-protected/ECO_L2T_LSTE.002/ECOv002_L2T_LSTE_28375_013_12SUB_20230708T130247_0712_02/ECOv002_L2T_LSTE_28375_013_12SUB_20230708T130247_0712_02_cloud.tif,ECO_L2T_LSTE.002,ECOv002_L2T_LSTE_28375_013_12SUB_20230708T130247_0712_02_cloud.tif,2026-06-09,sha256:6dc01be08e69c0f396f951688e38982d751cb8af22f7f0cc7f49943a3e5e7d8d
https://data.lpdaac.earthdatacloud.nasa.gov/lp-prod-protected/ECO_L2T_LSTE.002/ECOv002_L2T_LSTE_28375_013_12SUB_20230708T130247_0712_02/ECOv002_L2T_LSTE_28375_013_12SUB_20230708T130247_0712_02_height.tif,ECO_L2T_LSTE.002,ECOv002_L2T_LSTE_28375_013_12SUB_20230708T130247_0712_02_height.tif,2026-06-09,sha256:54947bff2648873cbfae028dab7f9ddd09581a179d4a3faf80f68a44734fc25e
https://data.lpdaac.earthdatacloud.nasa.gov/lp-prod-protected/ECO_L2T_LSTE.002/ECOv002_L2T_LSTE_28375_013_12SUB_20230708T130247_0712_02/ECOv002_L2T_LSTE_28375_013_12SUB_20230708T130247_0712_02_QC.tif,ECO_L2T_LSTE.002,ECOv002_L2T_LSTE_28375_013_12SUB_20230708T130247_0712_02_QC.tif,2026-06-09,sha256:b7a1fb7dc2644f3747dc5cd0ab141e9921318f83da79faad79b997c8cb61f53c
https://data.lpdaac.earthdatacloud.nasa.gov/lp-prod-protected/ECO_L2T_LSTE.002/ECOv002_L2T_LSTE_28375_013_12SUB_20230708T130247_0712_02/ECOv002_L2T_LSTE_28375_013_12SUB_20230708T130247_0712_02_LST.tif,ECO_L2T_LSTE.002,ECOv002_L2T_LSTE_28375_013_12SUB_20230708T130247_0712_02_LST.tif,2026-06-09,sha256:c0eb8942767eaf455663d01e1b1d7af14ad84cca93075774d73c8df8fe9b9b2c
https://data.lpdaac.earthdatacloud.nasa.gov/lp-prod-protected/ECO_L2T_LSTE.002/ECOv002_L2T_LSTE_28375_013_12SUC_20230708T130247_0712_02/ECOv002_L2T_LSTE_28375_013_12SUC_20230708T130247_0712_02_water.tif,ECO_L2T_LSTE.002,ECOv002_L2T_LSTE_28375_013_12SUC_20230708T130247_0712_02_water.tif,2026-06-09,sha256:0727c8fe64fc7563f5113272891954c8fe77cf99c496f416d1b07ee47ad0c2d5
https://data.lpdaac.earthdatacloud.nasa.gov/lp-prod-protected/ECO_L2T_LSTE.002/ECOv002_L2T_LSTE_28375_013_12SUC_20230708T130247_0712_02/ECOv002_L2T_LSTE_28375_013_12SUC_20230708T130247_0712_02_cloud.tif,ECO_L2T_LSTE.002,ECOv002_L2T_LSTE_28375_013_12SUC_20230708T130247_0712_02_cloud.tif,2026-06-09,sha256:91a35bde33ebb02ed4df56576b4e4529c96b32c6acf5d609e192d582aa327842
https://data.lpdaac.earthdatacloud.nasa.gov/lp-prod-protected/ECO_L2T_LSTE.002/ECOv002_L2T_LSTE_28375_013_12SUC_20230708T130247_0712_02/ECOv002_L2T_LSTE_28375_013_12SUC_20230708T130247_0712_02_height.tif,ECO_L2T_LSTE.002,ECOv002_L2T_LSTE_28375_013_12SUC_20230708T130247_0712_02_height.tif,2026-06-09,sha256:60bb3198bd5c1b037912c54039b15eea05fa672ac61f0597ec8d01a7cfc1a346
https://data.lpdaac.earthdatacloud.nasa.gov/lp-prod-protected/ECO_L2T_LSTE.002/ECOv002_L2T_LSTE_28375_013_12SUC_20230708T130247_0712_02/ECOv002_L2T_LSTE_28375_013_12SUC_20230708T130247_0712_02_QC.tif,ECO_L2T_LSTE.002,ECOv002_L2T_LSTE_28375_013_12SUC_20230708T130247_0712_02_QC.tif,2026-06-09,sha256:d66fbd4197bd5741f4b5fe3b119d5b45b184b3f5cf01cd0aeb8a263a6ec07a1c
https://data.lpdaac.earthdatacloud.nasa.gov/lp-prod-protected/ECO_L2T_LSTE.002/ECOv002_L2T_LSTE_28375_013_12SUC_20230708T130247_0712_02/ECOv002_L2T_LSTE_28375_013_12SUC_20230708T130247_0712_02_LST.tif,ECO_L2T_LSTE.002,ECOv002_L2T_LSTE_28375_013_12SUC_20230708T130247_0712_02_LST.tif,2026-06-09,sha256:b0a1afd98472507e83649301e045c3b70d63283789b4ad86bcd817ca36be68ba
https://data.lpdaac.earthdatacloud.nasa.gov/lp-prod-protected/ECO_L2T_LSTE.002/ECOv002_L2T_LSTE_28375_013_12SVB_20230708T130247_0712_02/ECOv002_L2T_LSTE_28375_013_12SVB_20230708T130247_0712_02_water.tif,ECO_L2T_LSTE.002,ECOv002_L2T_LSTE_28375_013_12SVB_20230708T130247_0712_02_water.tif,2026-06-09,sha256:9a16f67e220eb71b6ce67c94bc6a43affa79dd07b5917fd8a41f7771da7635f8
https://data.lpdaac.earthdatacloud.nasa.gov/lp-prod-protected/ECO_L2T_LSTE.002/ECOv002_L2T_LSTE_28375_013_12SVB_20230708T130247_0712_02/ECOv002_L2T_LSTE_28375_013_12SVB_20230708T130247_0712_02_cloud.tif,ECO_L2T_LSTE.002,ECOv002_L2T_LSTE_28375_013_12SVB_20230708T130247_0712_02_cloud.tif,2026-06-09,sha256:0024ed0bedeb576f0636aa5b41aec1d2651041da3d936f46de6bbd5ca431208b
https://data.lpdaac.earthdatacloud.nasa.gov/lp-prod-protected/ECO_L2T_LSTE.002/ECOv002_L2T_LSTE_28375_013_12SVB_20230708T130247_0712_02/ECOv002_L2T_LSTE_28375_013_12SVB_20230708T130247_0712_02_height.tif,ECO_L2T_LSTE.002,ECOv002_L2T_LSTE_28375_013_12SVB_20230708T130247_0712_02_height.tif,2026-06-09,sha256:acd0b13bbbf27557449e38f50a5b122be9878baa06befe926f744b3b0dce49ed
https://data.lpdaac.earthdatacloud.nasa.gov/lp-prod-protected/ECO_L2T_LSTE.002/ECOv002_L2T_LSTE_28375_013_12SVB_20230708T130247_0712_02/ECOv002_L2T_LSTE_28375_013_12SVB_20230708T130247_0712_02_QC.tif,ECO_L2T_LSTE.002,ECOv002_L2T_LSTE_28375_013_12SVB_20230708T130247_0712_02_QC.tif,2026-06-09,sha256:4950ead580f4d913d141c0f297e61acd1a084bfe26aeb91ae0d072a421e37bbe
https://data.lpdaac.earthdatacloud.nasa.gov/lp-prod-protected/ECO_L2T_LSTE.002/ECOv002_L2T_LSTE_28375_013_12SVB_20230708T130247_0712_02/ECOv002_L2T_LSTE_28375_013_12SVB_20230708T130247_0712_02_LST.tif,ECO_L2T_LSTE.002,ECOv002_L2T_LSTE_28375_013_12SVB_20230708T130247_0712_02_LST.tif,2026-06-09,sha256:0fd788dd539a4630bc6e10b247ad03bbfba151773b88e3b8fbc424d6fbc9bc05
https://data.lpdaac.earthdatacloud.nasa.gov/lp-prod-protected/ECO_L2T_LSTE.002/ECOv002_L2T_LSTE_28401_003_12SUB_20230710T045405_0710_01/ECOv002_L2T_LSTE_28401_003_12SUB_20230710T045405_0710_01_water.tif,ECO_L2T_LSTE.002,ECOv002_L2T_LSTE_28401_003_12SUB_20230710T045405_0710_01_water.tif,2026-06-09,sha256:6bd901bc03169a5943f50970dc278e47665b6631e05429b001887e2e048a8eb6
https://data.lpdaac.earthdatacloud.nasa.gov/lp-prod-protected/ECO_L2T_LSTE.002/ECOv002_L2T_LSTE_28401_003_12SUB_20230710T045405_0710_01/ECOv002_L2T_LSTE_28401_003_12SUB_20230710T045405_0710_01_cloud.tif,ECO_L2T_LSTE.002,ECOv002_L2T_LSTE_28401_003_12SUB_20230710T045405_0710_01_cloud.tif,2026-06-09,sha256:25c17d47f5b10543e4078967c81f5c9cc2c242053ef985e8745bab4489715629
https://data.lpdaac.earthdatacloud.nasa.gov/lp-prod-protected/ECO_L2T_LSTE.002/ECOv002_L2T_LSTE_28401_003_12SUB_20230710T045405_0710_01/ECOv002_L2T_LSTE_28401_003_12SUB_20230710T045405_0710_01_height.tif,ECO_L2T_LSTE.002,ECOv002_L2T_LSTE_28401_003_12SUB_20230710T045405_0710_01_height.tif,2026-06-09,sha256:06359a6fb64e263e4f25f1d7639a4f570d5db694759f840fe1b874e753a2e64f
https://data.lpdaac.earthdatacloud.nasa.gov/lp-prod-protected/ECO_L2T_LSTE.002/ECOv002_L2T_LSTE_28401_003_12SUB_20230710T045405_0710_01/ECOv002_L2T_LSTE_28401_003_12SUB_20230710T045405_0710_01_QC.tif,ECO_L2T_LSTE.002,ECOv002_L2T_LSTE_28401_003_12SUB_20230710T045405_0710_01_QC.tif,2026-06-09,sha256:e704b6bff85800c33f984074bfa90bd3949ed82bc967dd6a43344969bd228888
https://data.lpdaac.earthdatacloud.nasa.gov/lp-prod-protected/ECO_L2T_LSTE.002/ECOv002_L2T_LSTE_28401_003_12SUB_20230710T045405_0710_01/ECOv002_L2T_LSTE_28401_003_12SUB_20230710T045405_0710_01_LST.tif,ECO_L2T_LSTE.002,ECOv002_L2T_LSTE_28401_003_12SUB_20230710T045405_0710_01_LST.tif,2026-06-09,sha256:ee9cc1b281204b10054f492737065e5c8e11b94d1cc76e47f7a713671d20f1ea
https://data.lpdaac.earthdatacloud.nasa.gov/lp-prod-protected/ECO_L2T_LSTE.002/ECOv002_L2T_LSTE_28401_003_12SUC_20230710T045405_0710_01/ECOv002_L2T_LSTE_28401_003_12SUC_20230710T045405_0710_01_water.tif,ECO_L2T_LSTE.002,ECOv002_L2T_LSTE_28401_003_12SUC_20230710T045405_0710_01_water.tif,2026-06-09,sha256:66558b7cbd0546ba65e992d5f59ba092e9c754a8f682ee3dcfe5054d29da1aba
https://data.lpdaac.earthdatacloud.nasa.gov/lp-prod-protected/ECO_L2T_LSTE.002/ECOv002_L2T_LSTE_28401_003_12SUC_20230710T045405_0710_01/ECOv002_L2T_LSTE_28401_003_12SUC_20230710T045405_0710_01_cloud.tif,ECO_L2T_LSTE.002,ECOv002_L2T_LSTE_28401_003_12SUC_20230710T045405_0710_01_cloud.tif,2026-06-09,sha256:743063872597242140a0660aa38be7f4ed99ca9125cb951796ec4757fb59ca48
https://data.lpdaac.earthdatacloud.nasa.gov/lp-prod-protected/ECO_L2T_LSTE.002/ECOv002_L2T_LSTE_28401_003_12SUC_20230710T045405_0710_01/ECOv002_L2T_LSTE_28401_003_12SUC_20230710T045405_0710_01_QC.tif,ECO_L2T_LSTE.002,ECOv002_L2T_LSTE_28401_003_12SUC_20230710T045405_0710_01_QC.tif,2026-06-09,sha256:f9e0647c710db0e35aa73c6859f40c82c11b6169de9b6feff2c81a878937a519
https://data.lpdaac.earthdatacloud.nasa.gov/lp-prod-protected/ECO_L2T_LSTE.002/ECOv002_L2T_LSTE_28401_003_12SUC_20230710T045405_0710_01/ECOv002_L2T_LSTE_28401_003_12SUC_20230710T045405_0710_01_LST.tif,ECO_L2T_LSTE.002,ECOv002_L2T_LSTE_28401_003_12SUC_20230710T045405_0710_01_LST.tif,2026-06-09,sha256:eb82431dc89af851eac8a6f37f3e02a5ea717d21b5abf63b466b32e53594afe0
https://data.lpdaac.earthdatacloud.nasa.gov/lp-prod-protected/ECO_L2T_LSTE.002/ECOv002_L2T_LSTE_28401_003_12SUC_20230710T045405_0710_01/ECOv002_L2T_LSTE_28401_003_12SUC_20230710T045405_0710_01_height.tif,ECO_L2T_LSTE.002,ECOv002_L2T_LSTE_28401_003_12SUC_20230710T045405_0710_01_height.tif,2026-06-09,sha256:d58420041d4f669eb2301c1a90c1fa36527666752067677ce50e8bccbcf6238c
https://data.lpdaac.earthdatacloud.nasa.gov/lp-prod-protected/ECO_L2T_LSTE.002/ECOv002_L2T_LSTE_28401_003_12SVC_20230710T045405_0710_01/ECOv002_L2T_LSTE_28401_003_12SVC_20230710T045405_0710_01_water.tif,ECO_L2T_LSTE.002,ECOv002_L2T_LSTE_28401_003_12SVC_20230710T045405_0710_01_water.tif,2026-06-09,sha256:1d4459627d8a9675ab12dadd21bb28d082bb0c3e171c8d12ccf24a99402fa5e7
https://data.lpdaac.earthdatacloud.nasa.gov/lp-prod-protected/ECO_L2T_LSTE.002/ECOv002_L2T_LSTE_28401_003_12SVC_20230710T045405_0710_01/ECOv002_L2T_LSTE_28401_003_12SVC_20230710T045405_0710_01_cloud.tif,ECO_L2T_LSTE.002,ECOv002_L2T_LSTE_28401_003_12SVC_20230710T045405_0710_01_cloud.tif,2026-06-09,sha256:1d4459627d8a9675ab12dadd21bb28d082bb0c3e171c8d12ccf24a99402fa5e7
https://data.lpdaac.earthdatacloud.nasa.gov/lp-prod-protected/ECO_L2T_LSTE.002/ECOv002_L2T_LSTE_28401_003_12SVC_20230710T045405_0710_01/ECOv002_L2T_LSTE_28401_003_12SVC_20230710T045405_0710_01_height.tif,ECO_L2T_LSTE.002,ECOv002_L2T_LSTE_28401_003_12SVC_20230710T045405_0710_01_height.tif,2026-06-09,sha256:1edd1bf2fb9d040dacf5892c40a13c901e0f18e7aef70f830b75d5e5cd91b074
https://data.lpdaac.earthdatacloud.nasa.gov/lp-prod-protected/ECO_L2T_LSTE.002/ECOv002_L2T_LSTE_28401_003_12SVC_20230710T045405_0710_01/ECOv002_L2T_LSTE_28401_003_12SVC_20230710T045405_0710_01_QC.tif,ECO_L2T_LSTE.002,ECOv002_L2T_LSTE_28401_003_12SVC_20230710T045405_0710_01_QC.tif,2026-06-09,sha256:6dc468a595c1c198ad20ffb6923f445f406c92981679106bde68c53fc0a51a36
https://data.lpdaac.earthdatacloud.nasa.gov/lp-prod-protected/ECO_L2T_LSTE.002/ECOv002_L2T_LSTE_28401_003_12SVC_20230710T045405_0710_01/ECOv002_L2T_LSTE_28401_003_12SVC_20230710T045405_0710_01_LST.tif,ECO_L2T_LSTE.002,ECOv002_L2T_LSTE_28401_003_12SVC_20230710T045405_0710_01_LST.tif,2026-06-09,sha256:8c9cb731a9f4e918707e3e531184610a47aae82b352e9da1840bf6c1114bcca3
https://data.lpdaac.earthdatacloud.nasa.gov/lp-prod-protected/ECO_L2T_LSTE.002/ECOv002_L2T_LSTE_28401_003_12SUB_20230710T045405_0712_02/ECOv002_L2T_LSTE_28401_003_12SUB_20230710T045405_0712_02_water.tif,ECO_L2T_LSTE.002,ECOv002_L2T_LSTE_28401_003_12SUB_20230710T045405_0712_02_water.tif,2026-06-09,sha256:2494ab06f0a1941ce9f918796620b2813cd91af5ebbe5438a659e339faefee7f
https://data.lpdaac.earthdatacloud.nasa.gov/lp-prod-protected/ECO_L2T_LSTE.002/ECOv002_L2T_LSTE_28401_003_12SUB_20230710T045405_0712_02/ECOv002_L2T_LSTE_28401_003_12SUB_20230710T045405_0712_02_cloud.tif,ECO_L2T_LSTE.002,ECOv002_L2T_LSTE_28401_003_12SUB_20230710T045405_0712_02_cloud.tif,2026-06-09,sha256:d7768685af0b081357f4e80c7e6b48207207042869816a3cceb4176487c6c73b
https://data.lpdaac.earthdatacloud.nasa.gov/lp-prod-protected/ECO_L2T_LSTE.002/ECOv002_L2T_LSTE_28401_003_12SUB_20230710T045405_0712_02/ECOv002_L2T_LSTE_28401_003_12SUB_20230710T045405_0712_02_height.tif,ECO_L2T_LSTE.002,ECOv002_L2T_LSTE_28401_003_12SUB_20230710T045405_0712_02_height.tif,2026-06-09,sha256:da2097950ffc1258688f45c1e4a710fa0b5c35592a1f8b973876d79899e7c668
https://data.lpdaac.earthdatacloud.nasa.gov/lp-prod-protected/ECO_L2T_LSTE.002/ECOv002_L2T_LSTE_28401_003_12SUB_20230710T045405_0712_02/ECOv002_L2T_LSTE_28401_003_12SUB_20230710T045405_0712_02_QC.tif,ECO_L2T_LSTE.002,ECOv002_L2T_LSTE_28401_003_12SUB_20230710T045405_0712_02_QC.tif,2026-06-09,sha256:9eb3840f1ea86276083642fd51771282ee892594be3a10830c25b123ced95de4
https://data.lpdaac.earthdatacloud.nasa.gov/lp-prod-protected/ECO_L2T_LSTE.002/ECOv002_L2T_LSTE_28401_003_12SUB_20230710T045405_0712_02/ECOv002_L2T_LSTE_28401_003_12SUB_20230710T045405_0712_02_LST.tif,ECO_L2T_LSTE.002,ECOv002_L2T_LSTE_28401_003_12SUB_20230710T045405_0712_02_LST.tif,2026-06-09,sha256:58b5f17df857c366dc3000ccfbbe6a591c1d07d0847489b9e0a502b0194e5bb3
https://data.lpdaac.earthdatacloud.nasa.gov/lp-prod-protected/ECO_L2T_LSTE.002/ECOv002_L2T_LSTE_28401_003_12SUC_20230710T045405_0712_02/ECOv002_L2T_LSTE_28401_003_12SUC_20230710T045405_0712_02_water.tif,ECO_L2T_LSTE.002,ECOv002_L2T_LSTE_28401_003_12SUC_20230710T045405_0712_02_water.tif,2026-06-09,sha256:7e8e7ba8e0b82b4e540b532023b0af52d36d22da74b64518ec79cefad2c6bde7
https://data.lpdaac.earthdatacloud.nasa.gov/lp-prod-protected/ECO_L2T_LSTE.002/ECOv002_L2T_LSTE_28401_003_12SUC_20230710T045405_0712_02/ECOv002_L2T_LSTE_28401_003_12SUC_20230710T045405_0712_02_cloud.tif,ECO_L2T_LSTE.002,ECOv002_L2T_LSTE_28401_003_12SUC_20230710T045405_0712_02_cloud.tif,2026-06-09,sha256:fcd2a2dbc28b8aa3a1eae2e80e10f26196a820b1b8fdf92ba8e7096da4cef08f
https://data.lpdaac.earthdatacloud.nasa.gov/lp-prod-protected/ECO_L2T_LSTE.002/ECOv002_L2T_LSTE_28401_003_12SUC_20230710T045405_0712_02/ECOv002_L2T_LSTE_28401_003_12SUC_20230710T045405_0712_02_height.tif,ECO_L2T_LSTE.002,ECOv002_L2T_LSTE_28401_003_12SUC_20230710T045405_0712_02_height.tif,2026-06-09,sha256:10f76bfda2758bba76d75151daa42422a4ab74877f56c06b89bd33887ce669b3
https://data.lpdaac.earthdatacloud.nasa.gov/lp-prod-protected/ECO_L2T_LSTE.002/ECOv002_L2T_LSTE_28401_003_12SUC_20230710T045405_0712_02/ECOv002_L2T_LSTE_28401_003_12SUC_20230710T045405_0712_02_QC.tif,ECO_L2T_LSTE.002,ECOv002_L2T_LSTE_28401_003_12SUC_20230710T045405_0712_02_QC.tif,2026-06-09,sha256:95a20141948a2743036e4754d90d7ae7ab6718baa8c8040af2e0089fd14c360a
https://data.lpdaac.earthdatacloud.nasa.gov/lp-prod-protected/ECO_L2T_LSTE.002/ECOv002_L2T_LSTE_28401_003_12SUC_20230710T045405_0712_02/ECOv002_L2T_LSTE_28401_003_12SUC_20230710T045405_0712_02_LST.tif,ECO_L2T_LSTE.002,ECOv002_L2T_LSTE_28401_003_12SUC_20230710T045405_0712_02_LST.tif,2026-06-09,sha256:802a5d0037de80e6d5aa41d5cf65d5c7f61c90e0ca32a5009e1ce8b647dcf7bf
https://data.lpdaac.earthdatacloud.nasa.gov/lp-prod-protected/ECO_L2T_LSTE.002/ECOv002_L2T_LSTE_28401_003_12SVC_20230710T045405_0712_02/ECOv002_L2T_LSTE_28401_003_12SVC_20230710T045405_0712_02_water.tif,ECO_L2T_LSTE.002,ECOv002_L2T_LSTE_28401_003_12SVC_20230710T045405_0712_02_water.tif,2026-06-09,sha256:1d4459627d8a9675ab12dadd21bb28d082bb0c3e171c8d12ccf24a99402fa5e7
https://data.lpdaac.earthdatacloud.nasa.gov/lp-prod-protected/ECO_L2T_LSTE.002/ECOv002_L2T_LSTE_28401_003_12SVC_20230710T045405_0712_02/ECOv002_L2T_LSTE_28401_003_12SVC_20230710T045405_0712_02_cloud.tif,ECO_L2T_LSTE.002,ECOv002_L2T_LSTE_28401_003_12SVC_20230710T045405_0712_02_cloud.tif,2026-06-09,sha256:1d4459627d8a9675ab12dadd21bb28d082bb0c3e171c8d12ccf24a99402fa5e7
https://data.lpdaac.earthdatacloud.nasa.gov/lp-prod-protected/ECO_L2T_LSTE.002/ECOv002_L2T_LSTE_28401_003_12SVC_20230710T045405_0712_02/ECOv002_L2T_LSTE_28401_003_12SVC_20230710T045405_0712_02_height.tif,ECO_L2T_LSTE.002,ECOv002_L2T_LSTE_28401_003_12SVC_20230710T045405_0712_02_height.tif,2026-06-09,sha256:dd7f2fae9605ec2086a198db8133cbf3244b494a1443e12d06fd6ea9588e4c28
https://data.lpdaac.earthdatacloud.nasa.gov/lp-prod-protected/ECO_L2T_LSTE.002/ECOv002_L2T_LSTE_28401_003_12SVC_20230710T045405_0712_02/ECOv002_L2T_LSTE_28401_003_12SVC_20230710T045405_0712_02_QC.tif,ECO_L2T_LSTE.002,ECOv002_L2T_LSTE_28401_003_12SVC_20230710T045405_0712_02_QC.tif,2026-06-09,sha256:dfb7791dbc523d848b9c60aa6703540996f20bedaeee7d52da23222922e111d1
https://data.lpdaac.earthdatacloud.nasa.gov/lp-prod-protected/ECO_L2T_LSTE.002/ECOv002_L2T_LSTE_28401_003_12SVC_20230710T045405_0712_02/ECOv002_L2T_LSTE_28401_003_12SVC_20230710T045405_0712_02_LST.tif,ECO_L2T_LSTE.002,ECOv002_L2T_LSTE_28401_003_12SVC_20230710T045405_0712_02_LST.tif,2026-06-09,sha256:fb4fb224dd380e8048b11e74de63efe31605bc092bde8dd4c08b017117437fee
https://data.lpdaac.earthdatacloud.nasa.gov/lp-prod-protected/ECO_L2T_LSTE.002/ECOv002_L2T_LSTE_28401_004_12SUC_20230710T045457_0710_01/ECOv002_L2T_LSTE_28401_004_12SUC_20230710T045457_0710_01_water.tif,ECO_L2T_LSTE.002,ECOv002_L2T_LSTE_28401_004_12SUC_20230710T045457_0710_01_water.tif,2026-06-09,sha256:fcd2a2dbc28b8aa3a1eae2e80e10f26196a820b1b8fdf92ba8e7096da4cef08f
https://data.lpdaac.earthdatacloud.nasa.gov/lp-prod-protected/ECO_L2T_LSTE.002/ECOv002_L2T_LSTE_28401_004_12SUC_20230710T045457_0710_01/ECOv002_L2T_LSTE_28401_004_12SUC_20230710T045457_0710_01_QC.tif,ECO_L2T_LSTE.002,ECOv002_L2T_LSTE_28401_004_12SUC_20230710T045457_0710_01_QC.tif,2026-06-09,sha256:514fae9728c41b966ef6f54c4bc49cdc146d75afe985d8ed135e7693b883db01
https://data.lpdaac.earthdatacloud.nasa.gov/lp-prod-protected/ECO_L2T_LSTE.002/ECOv002_L2T_LSTE_28401_004_12SUC_20230710T045457_0710_01/ECOv002_L2T_LSTE_28401_004_12SUC_20230710T045457_0710_01_cloud.tif,ECO_L2T_LSTE.002,ECOv002_L2T_LSTE_28401_004_12SUC_20230710T045457_0710_01_cloud.tif,2026-06-09,sha256:fcd2a2dbc28b8aa3a1eae2e80e10f26196a820b1b8fdf92ba8e7096da4cef08f
https://data.lpdaac.earthdatacloud.nasa.gov/lp-prod-protected/ECO_L2T_LSTE.002/ECOv002_L2T_LSTE_28401_004_12SUC_20230710T045457_0710_01/ECOv002_L2T_LSTE_28401_004_12SUC_20230710T045457_0710_01_height.tif,ECO_L2T_LSTE.002,ECOv002_L2T_LSTE_28401_004_12SUC_20230710T045457_0710_01_height.tif,2026-06-09,sha256:6d30199e9b8650b93891b0f79a5221e29092e06d6baf7179f9fe37b651b29c21
https://data.lpdaac.earthdatacloud.nasa.gov/lp-prod-protected/ECO_L2T_LSTE.002/ECOv002_L2T_LSTE_28401_004_12SUC_20230710T045457_0710_01/ECOv002_L2T_LSTE_28401_004_12SUC_20230710T045457_0710_01_LST.tif,ECO_L2T_LSTE.002,ECOv002_L2T_LSTE_28401_004_12SUC_20230710T045457_0710_01_LST.tif,2026-06-09,sha256:3b9841d1f6748dbfb0889b5dfe48be233995639128a748482396343cc091e3fa
https://data.lpdaac.earthdatacloud.nasa.gov/lp-prod-protected/ECO_L2T_LSTE.002/ECOv002_L2T_LSTE_28401_004_12SVC_20230710T045457_0710_01/ECOv002_L2T_LSTE_28401_004_12SVC_20230710T045457_0710_01_water.tif,ECO_L2T_LSTE.002,ECOv002_L2T_LSTE_28401_004_12SVC_20230710T045457_0710_01_water.tif,2026-06-09,sha256:d410fe2c4589672326f850b23aac81494e942dce7c6c4834ce68a9027125bc4e
https://data.lpdaac.earthdatacloud.nasa.gov/lp-prod-protected/ECO_L2T_LSTE.002/ECOv002_L2T_LSTE_28401_004_12SVC_20230710T045457_0710_01/ECOv002_L2T_LSTE_28401_004_12SVC_20230710T045457_0710_01_cloud.tif,ECO_L2T_LSTE.002,ECOv002_L2T_LSTE_28401_004_12SVC_20230710T045457_0710_01_cloud.tif,2026-06-09,sha256:1d4459627d8a9675ab12dadd21bb28d082bb0c3e171c8d12ccf24a99402fa5e7
https://data.lpdaac.earthdatacloud.nasa.gov/lp-prod-protected/ECO_L2T_LSTE.002/ECOv002_L2T_LSTE_28401_004_12SVC_20230710T045457_0710_01/ECOv002_L2T_LSTE_28401_004_12SVC_20230710T045457_0710_01_height.tif,ECO_L2T_LSTE.002,ECOv002_L2T_LSTE_28401_004_12SVC_20230710T045457_0710_01_height.tif,2026-06-09,sha256:c2aa4091597f82b317db64e763603819220c41e60827a3d586f364d95820e99f
https://data.lpdaac.earthdatacloud.nasa.gov/lp-prod-protected/ECO_L2T_LSTE.002/ECOv002_L2T_LSTE_28401_004_12SVC_20230710T045457_0710_01/ECOv002_L2T_LSTE_28401_004_12SVC_20230710T045457_0710_01_LST.tif,ECO_L2T_LSTE.002,ECOv002_L2T_LSTE_28401_004_12SVC_20230710T045457_0710_01_LST.tif,2026-06-09,sha256:5b0d47eb96db6ba3df279431117e2c5a0cb70311a62ec9354fc8c3918fd721b3
https://data.lpdaac.earthdatacloud.nasa.gov/lp-prod-protected/ECO_L2T_LSTE.002/ECOv002_L2T_LSTE_28401_004_12SVC_20230710T045457_0710_01/ECOv002_L2T_LSTE_28401_004_12SVC_20230710T045457_0710_01_QC.tif,ECO_L2T_LSTE.002,ECOv002_L2T_LSTE_28401_004_12SVC_20230710T045457_0710_01_QC.tif,2026-06-09,sha256:2328aa2c67a4bf43d9912171e3d532f972b7fa6d9320eb35f09ab07fa6e1019b
https://data.lpdaac.earthdatacloud.nasa.gov/lp-prod-protected/ECO_L2T_LSTE.002/ECOv002_L2T_LSTE_28401_004_12SVC_20230710T045457_0712_02/ECOv002_L2T_LSTE_28401_004_12SVC_20230710T045457_0712_02_water.tif,ECO_L2T_LSTE.002,ECOv002_L2T_LSTE_28401_004_12SVC_20230710T045457_0712_02_water.tif,2026-06-09,sha256:9739777d0fa65abecda3eb0827c07de07d6870ad64a40e45ad9e2021754029c4
https://data.lpdaac.earthdatacloud.nasa.gov/lp-prod-protected/ECO_L2T_LSTE.002/ECOv002_L2T_LSTE_28401_004_12SVC_20230710T045457_0712_02/ECOv002_L2T_LSTE_28401_004_12SVC_20230710T045457_0712_02_cloud.tif,ECO_L2T_LSTE.002,ECOv002_L2T_LSTE_28401_004_12SVC_20230710T045457_0712_02_cloud.tif,2026-06-09,sha256:1d4459627d8a9675ab12dadd21bb28d082bb0c3e171c8d12ccf24a99402fa5e7
https://data.lpdaac.earthdatacloud.nasa.gov/lp-prod-protected/ECO_L2T_LSTE.002/ECOv002_L2T_LSTE_28401_004_12SVC_20230710T045457_0712_02/ECOv002_L2T_LSTE_28401_004_12SVC_20230710T045457_0712_02_height.tif,ECO_L2T_LSTE.002,ECOv002_L2T_LSTE_28401_004_12SVC_20230710T045457_0712_02_height.tif,2026-06-09,sha256:cf7891e6a07e89edf8a88b8081b0ec9f0d22a8e37a46931a053fe4cfb2770310
https://data.lpdaac.earthdatacloud.nasa.gov/lp-prod-protected/ECO_L2T_LSTE.002/ECOv002_L2T_LSTE_28401_004_12SVC_20230710T045457_0712_02/ECOv002_L2T_LSTE_28401_004_12SVC_20230710T045457_0712_02_QC.tif,ECO_L2T_LSTE.002,ECOv002_L2T_LSTE_28401_004_12SVC_20230710T045457_0712_02_QC.tif,2026-06-09,sha256:e4b71bb347b43642d88698dcf4b09d267ae0aa40a3cd7760d2b8ff2a962997b1
https://data.lpdaac.earthdatacloud.nasa.gov/lp-prod-protected/ECO_L2T_LSTE.002/ECOv002_L2T_LSTE_28401_004_12SVC_20230710T045457_0712_02/ECOv002_L2T_LSTE_28401_004_12SVC_20230710T045457_0712_02_LST.tif,ECO_L2T_LSTE.002,ECOv002_L2T_LSTE_28401_004_12SVC_20230710T045457_0712_02_LST.tif,2026-06-09,sha256:ca3268c063ec3562931805dca0d2c6d1939cf9d3c11c44e578e83fb257b78d61
https://data.lpdaac.earthdatacloud.nasa.gov/lp-prod-protected/ECO_L2T_LSTE.002/ECOv002_L2T_LSTE_28401_004_12SUC_20230710T045457_0712_02/ECOv002_L2T_LSTE_28401_004_12SUC_20230710T045457_0712_02_water.tif,ECO_L2T_LSTE.002,ECOv002_L2T_LSTE_28401_004_12SUC_20230710T045457_0712_02_water.tif,2026-06-09,sha256:fcd2a2dbc28b8aa3a1eae2e80e10f26196a820b1b8fdf92ba8e7096da4cef08f
https://data.lpdaac.earthdatacloud.nasa.gov/lp-prod-protected/ECO_L2T_LSTE.002/ECOv002_L2T_LSTE_28401_004_12SUC_20230710T045457_0712_02/ECOv002_L2T_LSTE_28401_004_12SUC_20230710T045457_0712_02_cloud.tif,ECO_L2T_LSTE.002,ECOv002_L2T_LSTE_28401_004_12SUC_20230710T045457_0712_02_cloud.tif,2026-06-09,sha256:fcd2a2dbc28b8aa3a1eae2e80e10f26196a820b1b8fdf92ba8e7096da4cef08f
https://data.lpdaac.earthdatacloud.nasa.gov/lp-prod-protected/ECO_L2T_LSTE.002/ECOv002_L2T_LSTE_28401_004_12SUC_20230710T045457_0712_02/ECOv002_L2T_LSTE_28401_004_12SUC_20230710T045457_0712_02_height.tif,ECO_L2T_LSTE.002,ECOv002_L2T_LSTE_28401_004_12SUC_20230710T045457_0712_02_height.tif,2026-06-09,sha256:36ed702d97e5d3859f2830f1820f4a1c64abb446e830bf5a9fb738d07509304a
https://data.lpdaac.earthdatacloud.nasa.gov/lp-prod-protected/ECO_L2T_LSTE.002/ECOv002_L2T_LSTE_28401_004_12SUC_20230710T045457_0712_02/ECOv002_L2T_LSTE_28401_004_12SUC_20230710T045457_0712_02_QC.tif,ECO_L2T_LSTE.002,ECOv002_L2T_LSTE_28401_004_12SUC_20230710T045457_0712_02_QC.tif,2026-06-09,sha256:ce4059f42e978d462f754ba36f76fe33e8c25c558d1b9daabbe1de28d4d79be5
https://data.lpdaac.earthdatacloud.nasa.gov/lp-prod-protected/ECO_L2T_LSTE.002/ECOv002_L2T_LSTE_28401_004_12SUC_20230710T045457_0712_02/ECOv002_L2T_LSTE_28401_004_12SUC_20230710T045457_0712_02_LST.tif,ECO_L2T_LSTE.002,ECOv002_L2T_LSTE_28401_004_12SUC_20230710T045457_0712_02_LST.tif,2026-06-09,sha256:429f185c32cd58aad4d825638412e05dd916bb572384dabac2365cedd2193e64
https://data.lpdaac.earthdatacloud.nasa.gov/lp-prod-protected/ECO_L2T_LSTE.002/ECOv002_L2T_LSTE_28436_013_12SUB_20230712T112721_0710_01/ECOv002_L2T_LSTE_28436_013_12SUB_20230712T112721_0710_01_water.tif,ECO_L2T_LSTE.002,ECOv002_L2T_LSTE_28436_013_12SUB_20230712T112721_0710_01_water.tif,2026-06-09,sha256:1a46d7b2a2cecd5557b493a6de617ca1e03a419f04dc27e2f514b2ad39ce77b8
https://data.lpdaac.earthdatacloud.nasa.gov/lp-prod-protected/ECO_L2T_LSTE.002/ECOv002_L2T_LSTE_28436_013_12SUB_20230712T112721_0710_01/ECOv002_L2T_LSTE_28436_013_12SUB_20230712T112721_0710_01_cloud.tif,ECO_L2T_LSTE.002,ECOv002_L2T_LSTE_28436_013_12SUB_20230712T112721_0710_01_cloud.tif,2026-06-09,sha256:bef6e0d1e742753567c662047582719eaf6e69bb9097e58f9b0193c464472ce8
https://data.lpdaac.earthdatacloud.nasa.gov/lp-prod-protected/ECO_L2T_LSTE.002/ECOv002_L2T_LSTE_28436_013_12SUB_20230712T112721_0710_01/ECOv002_L2T_LSTE_28436_013_12SUB_20230712T112721_0710_01_height.tif,ECO_L2T_LSTE.002,ECOv002_L2T_LSTE_28436_013_12SUB_20230712T112721_0710_01_height.tif,2026-06-09,sha256:63fc3677cde0506ee952e918c5c428c3487ca681258b2158cc0d0731515dc028
https://data.lpdaac.earthdatacloud.nasa.gov/lp-prod-protected/ECO_L2T_LSTE.002/ECOv002_L2T_LSTE_28436_013_12SUB_20230712T112721_0710_01/ECOv002_L2T_LSTE_28436_013_12SUB_20230712T112721_0710_01_QC.tif,ECO_L2T_LSTE.002,ECOv002_L2T_LSTE_28436_013_12SUB_20230712T112721_0710_01_QC.tif,2026-06-09,sha256:4957e0e3291d109dbd7a229e767f3a478f0b5ae4177c1a44fe7e8151a2a8fd45
https://data.lpdaac.earthdatacloud.nasa.gov/lp-prod-protected/ECO_L2T_LSTE.002/ECOv002_L2T_LSTE_28436_013_12SUB_20230712T112721_0710_01/ECOv002_L2T_LSTE_28436_013_12SUB_20230712T112721_0710_01_LST.tif,ECO_L2T_LSTE.002,ECOv002_L2T_LSTE_28436_013_12SUB_20230712T112721_0710_01_LST.tif,2026-06-09,sha256:6b75ebf7b46ba4f726ad6dd7f812925cf1b9e679d219e936430f03ee5d1b8242
https://data.lpdaac.earthdatacloud.nasa.gov/lp-prod-protected/ECO_L2T_LSTE.002/ECOv002_L2T_LSTE_28436_013_12SUC_20230712T112721_0710_01/ECOv002_L2T_LSTE_28436_013_12SUC_20230712T112721_0710_01_QC.tif,ECO_L2T_LSTE.002,ECOv002_L2T_LSTE_28436_013_12SUC_20230712T112721_0710_01_QC.tif,2026-06-09,sha256:00ad90d668f059fa17e4da89a92c3134bf55429b12836ea58f0d2c38283b0eeb
https://data.lpdaac.earthdatacloud.nasa.gov/lp-prod-protected/ECO_L2T_LSTE.002/ECOv002_L2T_LSTE_28436_013_12SUC_20230712T112721_0710_01/ECOv002_L2T_LSTE_28436_013_12SUC_20230712T112721_0710_01_water.tif,ECO_L2T_LSTE.002,ECOv002_L2T_LSTE_28436_013_12SUC_20230712T112721_0710_01_water.tif,2026-06-09,sha256:05246a55693fc063116253bffeb648385dfa833afba14a113378b1c1dc242e12
https://data.lpdaac.earthdatacloud.nasa.gov/lp-prod-protected/ECO_L2T_LSTE.002/ECOv002_L2T_LSTE_28436_013_12SUC_20230712T112721_0710_01/ECOv002_L2T_LSTE_28436_013_12SUC_20230712T112721_0710_01_cloud.tif,ECO_L2T_LSTE.002,ECOv002_L2T_LSTE_28436_013_12SUC_20230712T112721_0710_01_cloud.tif,2026-06-09,sha256:c6619a8960b577aa73a1bc33444af500f116a10f8ee041a716977b6c87c5622d
https://data.lpdaac.earthdatacloud.nasa.gov/lp-prod-protected/ECO_L2T_LSTE.002/ECOv002_L2T_LSTE_28436_013_12SUC_20230712T112721_0710_01/ECOv002_L2T_LSTE_28436_013_12SUC_20230712T112721_0710_01_height.tif,ECO_L2T_LSTE.002,ECOv002_L2T_LSTE_28436_013_12SUC_20230712T112721_0710_01_height.tif,2026-06-09,sha256:8d365d9c0d2d30eda3d10994e50ebd1065aac6947e7afe1d65f49092f688cd02
https://data.lpdaac.earthdatacloud.nasa.gov/lp-prod-protected/ECO_L2T_LSTE.002/ECOv002_L2T_LSTE_28436_013_12SUC_20230712T112721_0710_01/ECOv002_L2T_LSTE_28436_013_12SUC_20230712T112721_0710_01_LST.tif,ECO_L2T_LSTE.002,ECOv002_L2T_LSTE_28436_013_12SUC_20230712T112721_0710_01_LST.tif,2026-06-09,sha256:4964d4255e758438cbe2a386e7a37dcf4b8d866b52cb51ed78bea337ffb2e313
https://data.lpdaac.earthdatacloud.nasa.gov/lp-prod-protected/ECO_L2T_LSTE.002/ECOv002_L2T_LSTE_28436_013_12SVB_20230712T112721_0710_01/ECOv002_L2T_LSTE_28436_013_12SVB_20230712T112721_0710_01_water.tif,ECO_L2T_LSTE.002,ECOv002_L2T_LSTE_28436_013_12SVB_20230712T112721_0710_01_water.tif,2026-06-09,sha256:27b3b3cc9a37c10f15e559c0591da1e3d072b2df28dbc10b411fe6ed9fc4066a
https://data.lpdaac.earthdatacloud.nasa.gov/lp-prod-protected/ECO_L2T_LSTE.002/ECOv002_L2T_LSTE_28436_013_12SVB_20230712T112721_0710_01/ECOv002_L2T_LSTE_28436_013_12SVB_20230712T112721_0710_01_cloud.tif,ECO_L2T_LSTE.002,ECOv002_L2T_LSTE_28436_013_12SVB_20230712T112721_0710_01_cloud.tif,2026-06-09,sha256:d1eea87f9e794228c466f576877d5e20e918a2510fc654fe390840f701049eec
https://data.lpdaac.earthdatacloud.nasa.gov/lp-prod-protected/ECO_L2T_LSTE.002/ECOv002_L2T_LSTE_28436_013_12SVB_20230712T112721_0710_01/ECOv002_L2T_LSTE_28436_013_12SVB_20230712T112721_0710_01_height.tif,ECO_L2T_LSTE.002,ECOv002_L2T_LSTE_28436_013_12SVB_20230712T112721_0710_01_height.tif,2026-06-09,sha256:1c4705dc0307712542ff6afdffa678db6f0bf36b0c691d1a54fd837199cd04b0
https://data.lpdaac.earthdatacloud.nasa.gov/lp-prod-protected/ECO_L2T_LSTE.002/ECOv002_L2T_LSTE_28436_013_12SVB_20230712T112721_0710_01/ECOv002_L2T_LSTE_28436_013_12SVB_20230712T112721_0710_01_QC.tif,ECO_L2T_LSTE.002,ECOv002_L2T_LSTE_28436_013_12SVB_20230712T112721_0710_01_QC.tif,2026-06-09,sha256:10203d7ce8491f2e915b6460e3f7555f954be352c3c698c502f1274a5c39db81
https://data.lpdaac.earthdatacloud.nasa.gov/lp-prod-protected/ECO_L2T_LSTE.002/ECOv002_L2T_LSTE_28436_013_12SVB_20230712T112721_0710_01/ECOv002_L2T_LSTE_28436_013_12SVB_20230712T112721_0710_01_LST.tif,ECO_L2T_LSTE.002,ECOv002_L2T_LSTE_28436_013_12SVB_20230712T112721_0710_01_LST.tif,2026-06-09,sha256:8937bd9669997f84c5e116a4665a9412bb5a391eca386cc38f3b9653c60f3467
https://data.lpdaac.earthdatacloud.nasa.gov/lp-prod-protected/ECO_L2T_LSTE.002/ECOv002_L2T_LSTE_28436_013_12SVC_20230712T112721_0710_01/ECOv002_L2T_LSTE_28436_013_12SVC_20230712T112721_0710_01_water.tif,ECO_L2T_LSTE.002,ECOv002_L2T_LSTE_28436_013_12SVC_20230712T112721_0710_01_water.tif,2026-06-09,sha256:5050af1c33c56fd7eced75cc4343e353476ea24d2c12de83fb1d73ff58295dea
https://data.lpdaac.earthdatacloud.nasa.gov/lp-prod-protected/ECO_L2T_LSTE.002/ECOv002_L2T_LSTE_28436_013_12SVC_20230712T112721_0710_01/ECOv002_L2T_LSTE_28436_013_12SVC_20230712T112721_0710_01_cloud.tif,ECO_L2T_LSTE.002,ECOv002_L2T_LSTE_28436_013_12SVC_20230712T112721_0710_01_cloud.tif,2026-06-09,sha256:dd8306fb58fa84e1ae7ea612eb36f77fb1c51aa6016f71bc0a71fa564eaed9d8
https://data.lpdaac.earthdatacloud.nasa.gov/lp-prod-protected/ECO_L2T_LSTE.002/ECOv002_L2T_LSTE_28436_013_12SVC_20230712T112721_0710_01/ECOv002_L2T_LSTE_28436_013_12SVC_20230712T112721_0710_01_height.tif,ECO_L2T_LSTE.002,ECOv002_L2T_LSTE_28436_013_12SVC_20230712T112721_0710_01_height.tif,2026-06-09,sha256:a6592d4ec470fdbd90e0ef8c2e17410a4a123d0945dae3d3d05daf9bf45989f3
https://data.lpdaac.earthdatacloud.nasa.gov/lp-prod-protected/ECO_L2T_LSTE.002/ECOv002_L2T_LSTE_28436_013_12SVC_20230712T112721_0710_01/ECOv002_L2T_LSTE_28436_013_12SVC_20230712T112721_0710_01_QC.tif,ECO_L2T_LSTE.002,ECOv002_L2T_LSTE_28436_013_12SVC_20230712T112721_0710_01_QC.tif,2026-06-09,sha256:008cad08340d10fbdcac17b6692fa982634bf9dbe5b89da4beb44deb45e8e2bf
https://data.lpdaac.earthdatacloud.nasa.gov/lp-prod-protected/ECO_L2T_LSTE.002/ECOv002_L2T_LSTE_28436_013_12SVC_20230712T112721_0710_01/ECOv002_L2T_LSTE_28436_013_12SVC_20230712T112721_0710_01_LST.tif,ECO_L2T_LSTE.002,ECOv002_L2T_LSTE_28436_013_12SVC_20230712T112721_0710_01_LST.tif,2026-06-09,sha256:409a5cadef8786dd79893aaad3101850be63e8d45663ce562a6b43af396f7221
https://data.lpdaac.earthdatacloud.nasa.gov/lp-prod-protected/ECO_L2T_LSTE.002/ECOv002_L2T_LSTE_28436_013_12SUB_20230712T112721_0712_02/ECOv002_L2T_LSTE_28436_013_12SUB_20230712T112721_0712_02_water.tif,ECO_L2T_LSTE.002,ECOv002_L2T_LSTE_28436_013_12SUB_20230712T112721_0712_02_water.tif,2026-06-09,sha256:3dc0ee717fe74fdf24432bf8b63226dcbc2221ac5db1ae7f7a5de4dd676793f9
https://data.lpdaac.earthdatacloud.nasa.gov/lp-prod-protected/ECO_L2T_LSTE.002/ECOv002_L2T_LSTE_28436_013_12SUB_20230712T112721_0712_02/ECOv002_L2T_LSTE_28436_013_12SUB_20230712T112721_0712_02_cloud.tif,ECO_L2T_LSTE.002,ECOv002_L2T_LSTE_28436_013_12SUB_20230712T112721_0712_02_cloud.tif,2026-06-09,sha256:ed4c1d799e6cb3d6df79eb835a1f0caddee482d14c7b6f207cd83e5d46fa981c
https://data.lpdaac.earthdatacloud.nasa.gov/lp-prod-protected/ECO_L2T_LSTE.002/ECOv002_L2T_LSTE_28436_013_12SUB_20230712T112721_0712_02/ECOv002_L2T_LSTE_28436_013_12SUB_20230712T112721_0712_02_height.tif,ECO_L2T_LSTE.002,ECOv002_L2T_LSTE_28436_013_12SUB_20230712T112721_0712_02_height.tif,2026-06-09,sha256:118c8f144b5ce80b22afb66a67bba60a0051ef2bb20ea31f517ba3ff00afcbe5
https://data.lpdaac.earthdatacloud.nasa.gov/lp-prod-protected/ECO_L2T_LSTE.002/ECOv002_L2T_LSTE_28436_013_12SUB_20230712T112721_0712_02/ECOv002_L2T_LSTE_28436_013_12SUB_20230712T112721_0712_02_QC.tif,ECO_L2T_LSTE.002,ECOv002_L2T_LSTE_28436_013_12SUB_20230712T112721_0712_02_QC.tif,2026-06-09,sha256:8b44ff938d9b1d28677986cd9b69b43953965d21fac4843882a27454d436fa39
https://data.lpdaac.earthdatacloud.nasa.gov/lp-prod-protected/ECO_L2T_LSTE.002/ECOv002_L2T_LSTE_28436_013_12SUB_20230712T112721_0712_02/ECOv002_L2T_LSTE_28436_013_12SUB_20230712T112721_0712_02_LST.tif,ECO_L2T_LSTE.002,ECOv002_L2T_LSTE_28436_013_12SUB_20230712T112721_0712_02_LST.tif,2026-06-09,sha256:78cd8e4c7d337ec2543fe982496762480b1f871f573a2015a75972c44a8d10ae
https://data.lpdaac.earthdatacloud.nasa.gov/lp-prod-protected/ECO_L2T_LSTE.002/ECOv002_L2T_LSTE_28436_013_12SUC_20230712T112721_0712_02/ECOv002_L2T_LSTE_28436_013_12SUC_20230712T112721_0712_02_water.tif,ECO_L2T_LSTE.002,ECOv002_L2T_LSTE_28436_013_12SUC_20230712T112721_0712_02_water.tif,2026-06-09,sha256:8a5cd5a73bb91118a24356075029d52e610d02c7d65f8104713e841bcf8fe1ed
https://data.lpdaac.earthdatacloud.nasa.gov/lp-prod-protected/ECO_L2T_LSTE.002/ECOv002_L2T_LSTE_28436_013_12SUC_20230712T112721_0712_02/ECOv002_L2T_LSTE_28436_013_12SUC_20230712T112721_0712_02_cloud.tif,ECO_L2T_LSTE.002,ECOv002_L2T_LSTE_28436_013_12SUC_20230712T112721_0712_02_cloud.tif,2026-06-09,sha256:ce54379469d07b3e990b645a9ca9639f1867241788838319107c27fb62e5ec03
https://data.lpdaac.earthdatacloud.nasa.gov/lp-prod-protected/ECO_L2T_LSTE.002/ECOv002_L2T_LSTE_28436_013_12SUC_20230712T112721_0712_02/ECOv002_L2T_LSTE_28436_013_12SUC_20230712T112721_0712_02_height.tif,ECO_L2T_LSTE.002,ECOv002_L2T_LSTE_28436_013_12SUC_20230712T112721_0712_02_height.tif,2026-06-09,sha256:058f94d904c08e11f1085722fc5e205e47864a2b79649f210cd3ac7a75efaedf
https://data.lpdaac.earthdatacloud.nasa.gov/lp-prod-protected/ECO_L2T_LSTE.002/ECOv002_L2T_LSTE_28436_013_12SUC_20230712T112721_0712_02/ECOv002_L2T_LSTE_28436_013_12SUC_20230712T112721_0712_02_QC.tif,ECO_L2T_LSTE.002,ECOv002_L2T_LSTE_28436_013_12SUC_20230712T112721_0712_02_QC.tif,2026-06-09,sha256:38a0a730c94802fe799da10a0f19082b20f08d118db577b5d23db168b577cd48
https://data.lpdaac.earthdatacloud.nasa.gov/lp-prod-protected/ECO_L2T_LSTE.002/ECOv002_L2T_LSTE_28436_013_12SUC_20230712T112721_0712_02/ECOv002_L2T_LSTE_28436_013_12SUC_20230712T112721_0712_02_LST.tif,ECO_L2T_LSTE.002,ECOv002_L2T_LSTE_28436_013_12SUC_20230712T112721_0712_02_LST.tif,2026-06-09,sha256:3aa1decfcdc2fac40f44ae8a1fbf3ea173f6129e0f1852a43776f969d379b7a4
https://data.lpdaac.earthdatacloud.nasa.gov/lp-prod-protected/ECO_L2T_LSTE.002/ECOv002_L2T_LSTE_28436_013_12SVB_20230712T112721_0712_02/ECOv002_L2T_LSTE_28436_013_12SVB_20230712T112721_0712_02_water.tif,ECO_L2T_LSTE.002,ECOv002_L2T_LSTE_28436_013_12SVB_20230712T112721_0712_02_water.tif,2026-06-09,sha256:0809015c4eabf53714e0752359da982b9b0651b917915c883cee50f84e9fb9fa
https://data.lpdaac.earthdatacloud.nasa.gov/lp-prod-protected/ECO_L2T_LSTE.002/ECOv002_L2T_LSTE_28436_013_12SVB_20230712T112721_0712_02/ECOv002_L2T_LSTE_28436_013_12SVB_20230712T112721_0712_02_cloud.tif,ECO_L2T_LSTE.002,ECOv002_L2T_LSTE_28436_013_12SVB_20230712T112721_0712_02_cloud.tif,2026-06-09,sha256:b9a7cd8c4a51d682ec7b6198452b81feaf98acc8a668edcc46f7945fa70544b4
https://data.lpdaac.earthdatacloud.nasa.gov/lp-prod-protected/ECO_L2T_LSTE.002/ECOv002_L2T_LSTE_28436_013_12SVB_20230712T112721_0712_02/ECOv002_L2T_LSTE_28436_013_12SVB_20230712T112721_0712_02_height.tif,ECO_L2T_LSTE.002,ECOv002_L2T_LSTE_28436_013_12SVB_20230712T112721_0712_02_height.tif,2026-06-09,sha256:36112561fd39e8ef2db8fd97a0cfa681fa8b947ef905db2e8c5dae02f28a725b
https://data.lpdaac.earthdatacloud.nasa.gov/lp-prod-protected/ECO_L2T_LSTE.002/ECOv002_L2T_LSTE_28436_013_12SVB_20230712T112721_0712_02/ECOv002_L2T_LSTE_28436_013_12SVB_20230712T112721_0712_02_QC.tif,ECO_L2T_LSTE.002,ECOv002_L2T_LSTE_28436_013_12SVB_20230712T112721_0712_02_QC.tif,2026-06-09,sha256:7d7e583a740369857acfe185ac06e372b34ba38ed28b3e7a029135b17305c7b9
https://data.lpdaac.earthdatacloud.nasa.gov/lp-prod-protected/ECO_L2T_LSTE.002/ECOv002_L2T_LSTE_28436_013_12SVB_20230712T112721_0712_02/ECOv002_L2T_LSTE_28436_013_12SVB_20230712T112721_0712_02_LST.tif,ECO_L2T_LSTE.002,ECOv002_L2T_LSTE_28436_013_12SVB_20230712T112721_0712_02_LST.tif,2026-06-09,sha256:23abc91702c491120704041ca2f97ab517b91788841c365676d15441b08dfcfe
https://data.lpdaac.earthdatacloud.nasa.gov/lp-prod-protected/ECO_L2T_LSTE.002/ECOv002_L2T_LSTE_28436_013_12SVC_20230712T112721_0712_02/ECOv002_L2T_LSTE_28436_013_12SVC_20230712T112721_0712_02_water.tif,ECO_L2T_LSTE.002,ECOv002_L2T_LSTE_28436_013_12SVC_20230712T112721_0712_02_water.tif,2026-06-09,sha256:3c21e86753c2a51fff0990795eca48ecef1772df0cbafe8b3a6bd9860f7c65c2
https://data.lpdaac.earthdatacloud.nasa.gov/lp-prod-protected/ECO_L2T_LSTE.002/ECOv002_L2T_LSTE_28436_013_12SVC_20230712T112721_0712_02/ECOv002_L2T_LSTE_28436_013_12SVC_20230712T112721_0712_02_cloud.tif,ECO_L2T_LSTE.002,ECOv002_L2T_LSTE_28436_013_12SVC_20230712T112721_0712_02_cloud.tif,2026-06-09,sha256:0583952e52e6bd072d9185ea7732683de58b91758209843e4c8e5713adf76b39
https://data.lpdaac.earthdatacloud.nasa.gov/lp-prod-protected/ECO_L2T_LSTE.002/ECOv002_L2T_LSTE_28436_013_12SVC_20230712T112721_0712_02/ECOv002_L2T_LSTE_28436_013_12SVC_20230712T112721_0712_02_height.tif,ECO_L2T_LSTE.002,ECOv002_L2T_LSTE_28436_013_12SVC_20230712T112721_0712_02_height.tif,2026-06-09,sha256:8c53facb3b386e2f81c7188f8b09cb0967d320ad7c18b977f2003b7d69412527
https://data.lpdaac.earthdatacloud.nasa.gov/lp-prod-protected/ECO_L2T_LSTE.002/ECOv002_L2T_LSTE_28436_013_12SVC_20230712T112721_0712_02/ECOv002_L2T_LSTE_28436_013_12SVC_20230712T112721_0712_02_QC.tif,ECO_L2T_LSTE.002,ECOv002_L2T_LSTE_28436_013_12SVC_20230712T112721_0712_02_QC.tif,2026-06-09,sha256:ad3d2dc40d8e4965bbce7fe6f41c7d91febf875eff90b0c1c2121da809b373b2
https://data.lpdaac.earthdatacloud.nasa.gov/lp-prod-protected/ECO_L2T_LSTE.002/ECOv002_L2T_LSTE_28436_013_12SVC_20230712T112721_0712_02/ECOv002_L2T_LSTE_28436_013_12SVC_20230712T112721_0712_02_LST.tif,ECO_L2T_LSTE.002,ECOv002_L2T_LSTE_28436_013_12SVC_20230712T112721_0712_02_LST.tif,2026-06-09,sha256:73694dba059a96471c4e54cc1fcd4f64a32f1774e1d2f99f4d5af1e6728ceea5
https://data.lpdaac.earthdatacloud.nasa.gov/lp-prod-protected/ECO_L2T_LSTE.002/ECOv002_L2T_LSTE_28462_006_12SVB_20230714T031854_0710_01/ECOv002_L2T_LSTE_28462_006_12SVB_20230714T031854_0710_01_water.tif,ECO_L2T_LSTE.002,ECOv002_L2T_LSTE_28462_006_12SVB_20230714T031854_0710_01_water.tif,2026-06-09,sha256:5330bdd59b721b9812d2cfacc468382dac52d2fcd60ace86d0589db82a6d4135
https://data.lpdaac.earthdatacloud.nasa.gov/lp-prod-protected/ECO_L2T_LSTE.002/ECOv002_L2T_LSTE_28462_006_12SVB_20230714T031854_0710_01/ECOv002_L2T_LSTE_28462_006_12SVB_20230714T031854_0710_01_cloud.tif,ECO_L2T_LSTE.002,ECOv002_L2T_LSTE_28462_006_12SVB_20230714T031854_0710_01_cloud.tif,2026-06-09,sha256:5330bdd59b721b9812d2cfacc468382dac52d2fcd60ace86d0589db82a6d4135
https://data.lpdaac.earthdatacloud.nasa.gov/lp-prod-protected/ECO_L2T_LSTE.002/ECOv002_L2T_LSTE_28462_006_12SVB_20230714T031854_0710_01/ECOv002_L2T_LSTE_28462_006_12SVB_20230714T031854_0710_01_height.tif,ECO_L2T_LSTE.002,ECOv002_L2T_LSTE_28462_006_12SVB_20230714T031854_0710_01_height.tif,2026-06-09,sha256:47821eac2a7c6026f53cb641601c2511e7bda15f1e99712189dd49aedc81677e
https://data.lpdaac.earthdatacloud.nasa.gov/lp-prod-protected/ECO_L2T_LSTE.002/ECOv002_L2T_LSTE_28462_006_12SVB_20230714T031854_0710_01/ECOv002_L2T_LSTE_28462_006_12SVB_20230714T031854_0710_01_QC.tif,ECO_L2T_LSTE.002,ECOv002_L2T_LSTE_28462_006_12SVB_20230714T031854_0710_01_QC.tif,2026-06-09,sha256:b31abaa88bcf42f579a459f4b7aa5cf77cf0a31f25b5efe397c36300304d7a20
https://data.lpdaac.earthdatacloud.nasa.gov/lp-prod-protected/ECO_L2T_LSTE.002/ECOv002_L2T_LSTE_28462_006_12SVB_20230714T031854_0710_01/ECOv002_L2T_LSTE_28462_006_12SVB_20230714T031854_0710_01_LST.tif,ECO_L2T_LSTE.002,ECOv002_L2T_LSTE_28462_006_12SVB_20230714T031854_0710_01_LST.tif,2026-06-09,sha256:4903ff0ff17d8d59d3b7b2850c022f3abe512c88489519f2ce64b980b569003f
https://data.lpdaac.earthdatacloud.nasa.gov/lp-prod-protected/ECO_L2T_LSTE.002/ECOv002_L2T_LSTE_28462_006_12SVC_20230714T031854_0710_01/ECOv002_L2T_LSTE_28462_006_12SVC_20230714T031854_0710_01_water.tif,ECO_L2T_LSTE.002,ECOv002_L2T_LSTE_28462_006_12SVC_20230714T031854_0710_01_water.tif,2026-06-09,sha256:c82c371fed4fada7b5b62d73cf1ba845b3bcb717be2daf517e3b86598b35e196
https://data.lpdaac.earthdatacloud.nasa.gov/lp-prod-protected/ECO_L2T_LSTE.002/ECOv002_L2T_LSTE_28462_006_12SVC_20230714T031854_0710_01/ECOv002_L2T_LSTE_28462_006_12SVC_20230714T031854_0710_01_cloud.tif,ECO_L2T_LSTE.002,ECOv002_L2T_LSTE_28462_006_12SVC_20230714T031854_0710_01_cloud.tif,2026-06-09,sha256:1d4459627d8a9675ab12dadd21bb28d082bb0c3e171c8d12ccf24a99402fa5e7
https://data.lpdaac.earthdatacloud.nasa.gov/lp-prod-protected/ECO_L2T_LSTE.002/ECOv002_L2T_LSTE_28462_006_12SVC_20230714T031854_0710_01/ECOv002_L2T_LSTE_28462_006_12SVC_20230714T031854_0710_01_height.tif,ECO_L2T_LSTE.002,ECOv002_L2T_LSTE_28462_006_12SVC_20230714T031854_0710_01_height.tif,2026-06-09,sha256:f337233c72d2052aca0b88b554022a9db88ea4366a59acdd0f6579d0791fd0d7
https://data.lpdaac.earthdatacloud.nasa.gov/lp-prod-protected/ECO_L2T_LSTE.002/ECOv002_L2T_LSTE_28462_006_12SVC_20230714T031854_0710_01/ECOv002_L2T_LSTE_28462_006_12SVC_20230714T031854_0710_01_QC.tif,ECO_L2T_LSTE.002,ECOv002_L2T_LSTE_28462_006_12SVC_20230714T031854_0710_01_QC.tif,2026-06-09,sha256:6bd2bf6668f0850151a0278cd04bd1dcbe876cd006c518778964c383a7d668b6
https://data.lpdaac.earthdatacloud.nasa.gov/lp-prod-protected/ECO_L2T_LSTE.002/ECOv002_L2T_LSTE_28462_006_12SVC_20230714T031854_0710_01/ECOv002_L2T_LSTE_28462_006_12SVC_20230714T031854_0710_01_LST.tif,ECO_L2T_LSTE.002,ECOv002_L2T_LSTE_28462_006_12SVC_20230714T031854_0710_01_LST.tif,2026-06-09,sha256:8a2c2889796f8df6d89d32aced398907aafa0f414db03cd552be70275886e237
https://data.lpdaac.earthdatacloud.nasa.gov/lp-prod-protected/ECO_L2T_LSTE.002/ECOv002_L2T_LSTE_28462_006_12SUB_20230714T031854_0710_01/ECOv002_L2T_LSTE_28462_006_12SUB_20230714T031854_0710_01_water.tif,ECO_L2T_LSTE.002,ECOv002_L2T_LSTE_28462_006_12SUB_20230714T031854_0710_01_water.tif,2026-06-09,sha256:8bb5fa5d838d0eed038d1e507a30d53c367b707a6cc3de5c271df6cd500e89c2
https://data.lpdaac.earthdatacloud.nasa.gov/lp-prod-protected/ECO_L2T_LSTE.002/ECOv002_L2T_LSTE_28462_006_12SUB_20230714T031854_0710_01/ECOv002_L2T_LSTE_28462_006_12SUB_20230714T031854_0710_01_cloud.tif,ECO_L2T_LSTE.002,ECOv002_L2T_LSTE_28462_006_12SUB_20230714T031854_0710_01_cloud.tif,2026-06-09,sha256:12926d44db3ee3fcbab890cac674f9849409445af7a5d5599a008ed2ac1cc1ca
https://data.lpdaac.earthdatacloud.nasa.gov/lp-prod-protected/ECO_L2T_LSTE.002/ECOv002_L2T_LSTE_28462_006_12SUB_20230714T031854_0710_01/ECOv002_L2T_LSTE_28462_006_12SUB_20230714T031854_0710_01_height.tif,ECO_L2T_LSTE.002,ECOv002_L2T_LSTE_28462_006_12SUB_20230714T031854_0710_01_height.tif,2026-06-09,sha256:27df66b2a66089061a2130757933fbaa346e56c21d3ee54899e41da1d6077afc
https://data.lpdaac.earthdatacloud.nasa.gov/lp-prod-protected/ECO_L2T_LSTE.002/ECOv002_L2T_LSTE_28462_006_12SUB_20230714T031854_0710_01/ECOv002_L2T_LSTE_28462_006_12SUB_20230714T031854_0710_01_QC.tif,ECO_L2T_LSTE.002,ECOv002_L2T_LSTE_28462_006_12SUB_20230714T031854_0710_01_QC.tif,2026-06-09,sha256:a213cc4bf06055970d02d4510a49617a0353570f4584d2ec65d50f7ff1ee0ca1
https://data.lpdaac.earthdatacloud.nasa.gov/lp-prod-protected/ECO_L2T_LSTE.002/ECOv002_L2T_LSTE_28462_006_12SUB_20230714T031854_0710_01/ECOv002_L2T_LSTE_28462_006_12SUB_20230714T031854_0710_01_LST.tif,ECO_L2T_LSTE.002,ECOv002_L2T_LSTE_28462_006_12SUB_20230714T031854_0710_01_LST.tif,2026-06-09,sha256:5c1afef849895b8ae9114a7ab13f197100a4adf4a589009f876029340c4a49e6
https://data.lpdaac.earthdatacloud.nasa.gov/lp-prod-protected/ECO_L2T_LSTE.002/ECOv002_L2T_LSTE_28462_006_12SUC_20230714T031854_0710_01/ECOv002_L2T_LSTE_28462_006_12SUC_20230714T031854_0710_01_water.tif,ECO_L2T_LSTE.002,ECOv002_L2T_LSTE_28462_006_12SUC_20230714T031854_0710_01_water.tif,2026-06-09,sha256:3cd43d8a0fd10a0f167b98a79aea73e83cb2cc299a59960e6b4d5bef85e78c3d
https://data.lpdaac.earthdatacloud.nasa.gov/lp-prod-protected/ECO_L2T_LSTE.002/ECOv002_L2T_LSTE_28462_006_12SUC_20230714T031854_0710_01/ECOv002_L2T_LSTE_28462_006_12SUC_20230714T031854_0710_01_cloud.tif,ECO_L2T_LSTE.002,ECOv002_L2T_LSTE_28462_006_12SUC_20230714T031854_0710_01_cloud.tif,2026-06-09,sha256:fcd2a2dbc28b8aa3a1eae2e80e10f26196a820b1b8fdf92ba8e7096da4cef08f
https://data.lpdaac.earthdatacloud.nasa.gov/lp-prod-protected/ECO_L2T_LSTE.002/ECOv002_L2T_LSTE_28462_006_12SUC_20230714T031854_0710_01/ECOv002_L2T_LSTE_28462_006_12SUC_20230714T031854_0710_01_height.tif,ECO_L2T_LSTE.002,ECOv002_L2T_LSTE_28462_006_12SUC_20230714T031854_0710_01_height.tif,2026-06-09,sha256:4a3a946b6223e94050f801e0214ae691b77a6804aae163bae2e49189628561db
https://data.lpdaac.earthdatacloud.nasa.gov/lp-prod-protected/ECO_L2T_LSTE.002/ECOv002_L2T_LSTE_28462_006_12SUC_20230714T031854_0710_01/ECOv002_L2T_LSTE_28462_006_12SUC_20230714T031854_0710_01_QC.tif,ECO_L2T_LSTE.002,ECOv002_L2T_LSTE_28462_006_12SUC_20230714T031854_0710_01_QC.tif,2026-06-09,sha256:6cd192f601e7e018dbafd9f511b70d643626a39b8497a2f5964da1ba27409b8c
https://data.lpdaac.earthdatacloud.nasa.gov/lp-prod-protected/ECO_L2T_LSTE.002/ECOv002_L2T_LSTE_28462_006_12SUC_20230714T031854_0710_01/ECOv002_L2T_LSTE_28462_006_12SUC_20230714T031854_0710_01_LST.tif,ECO_L2T_LSTE.002,ECOv002_L2T_LSTE_28462_006_12SUC_20230714T031854_0710_01_LST.tif,2026-06-09,sha256:9e6470622cfba42b35bcb9d36a9d48eb32594403ec0db320aa8e8e06f2295821
https://data.lpdaac.earthdatacloud.nasa.gov/lp-prod-protected/ECO_L2T_LSTE.002/ECOv002_L2T_LSTE_28462_006_12SVB_20230714T031854_0712_02/ECOv002_L2T_LSTE_28462_006_12SVB_20230714T031854_0712_02_water.tif,ECO_L2T_LSTE.002,ECOv002_L2T_LSTE_28462_006_12SVB_20230714T031854_0712_02_water.tif,2026-06-09,sha256:5330bdd59b721b9812d2cfacc468382dac52d2fcd60ace86d0589db82a6d4135
https://data.lpdaac.earthdatacloud.nasa.gov/lp-prod-protected/ECO_L2T_LSTE.002/ECOv002_L2T_LSTE_28462_006_12SVB_20230714T031854_0712_02/ECOv002_L2T_LSTE_28462_006_12SVB_20230714T031854_0712_02_cloud.tif,ECO_L2T_LSTE.002,ECOv002_L2T_LSTE_28462_006_12SVB_20230714T031854_0712_02_cloud.tif,2026-06-09,sha256:5330bdd59b721b9812d2cfacc468382dac52d2fcd60ace86d0589db82a6d4135
https://data.lpdaac.earthdatacloud.nasa.gov/lp-prod-protected/ECO_L2T_LSTE.002/ECOv002_L2T_LSTE_28462_006_12SVB_20230714T031854_0712_02/ECOv002_L2T_LSTE_28462_006_12SVB_20230714T031854_0712_02_height.tif,ECO_L2T_LSTE.002,ECOv002_L2T_LSTE_28462_006_12SVB_20230714T031854_0712_02_height.tif,2026-06-09,sha256:0d789fd06fd2d8d8b7847190ac4d74948badf784db5404ac0310df4c53ad236d
https://data.lpdaac.earthdatacloud.nasa.gov/lp-prod-protected/ECO_L2T_LSTE.002/ECOv002_L2T_LSTE_28462_006_12SVB_20230714T031854_0712_02/ECOv002_L2T_LSTE_28462_006_12SVB_20230714T031854_0712_02_QC.tif,ECO_L2T_LSTE.002,ECOv002_L2T_LSTE_28462_006_12SVB_20230714T031854_0712_02_QC.tif,2026-06-09,sha256:ee64c35ba52bb6a953f9a87a578a8600fed829c5b44fcd6b79b8610cc97e5ff6
https://data.lpdaac.earthdatacloud.nasa.gov/lp-prod-protected/ECO_L2T_LSTE.002/ECOv002_L2T_LSTE_28462_006_12SVB_20230714T031854_0712_02/ECOv002_L2T_LSTE_28462_006_12SVB_20230714T031854_0712_02_LST.tif,ECO_L2T_LSTE.002,ECOv002_L2T_LSTE_28462_006_12SVB_20230714T031854_0712_02_LST.tif,2026-06-09,sha256:c173b4fd2b396cd5432146bc06c7629d821e2c9d6c649a8b0d5a4ae715613715
https://data.lpdaac.earthdatacloud.nasa.gov/lp-prod-protected/ECO_L2T_LSTE.002/ECOv002_L2T_LSTE_28462_006_12SUC_20230714T031854_0712_02/ECOv002_L2T_LSTE_28462_006_12SUC_20230714T031854_0712_02_water.tif,ECO_L2T_LSTE.002,ECOv002_L2T_LSTE_28462_006_12SUC_20230714T031854_0712_02_water.tif,2026-06-09,sha256:8c6e38854a8628fe2927242a8f3a36d2522b2e8876fe3e9188729783c15b06cd
https://data.lpdaac.earthdatacloud.nasa.gov/lp-prod-protected/ECO_L2T_LSTE.002/ECOv002_L2T_LSTE_28462_006_12SUC_20230714T031854_0712_02/ECOv002_L2T_LSTE_28462_006_12SUC_20230714T031854_0712_02_cloud.tif,ECO_L2T_LSTE.002,ECOv002_L2T_LSTE_28462_006_12SUC_20230714T031854_0712_02_cloud.tif,2026-06-09,sha256:fcd2a2dbc28b8aa3a1eae2e80e10f26196a820b1b8fdf92ba8e7096da4cef08f
https://data.lpdaac.earthdatacloud.nasa.gov/lp-prod-protected/ECO_L2T_LSTE.002/ECOv002_L2T_LSTE_28462_006_12SUC_20230714T031854_0712_02/ECOv002_L2T_LSTE_28462_006_12SUC_20230714T031854_0712_02_height.tif,ECO_L2T_LSTE.002,ECOv002_L2T_LSTE_28462_006_12SUC_20230714T031854_0712_02_height.tif,2026-06-09,sha256:4749326267957d40d4ff8f4a164171c3a7157eed9a5dd0305d14f64b6c48b2a7
https://data.lpdaac.earthdatacloud.nasa.gov/lp-prod-protected/ECO_L2T_LSTE.002/ECOv002_L2T_LSTE_28462_006_12SUC_20230714T031854_0712_02/ECOv002_L2T_LSTE_28462_006_12SUC_20230714T031854_0712_02_QC.tif,ECO_L2T_LSTE.002,ECOv002_L2T_LSTE_28462_006_12SUC_20230714T031854_0712_02_QC.tif,2026-06-09,sha256:117171835cfeb460b888df86d1a623276356667e9821d61f27ead5fea44e6698
https://data.lpdaac.earthdatacloud.nasa.gov/lp-prod-protected/ECO_L2T_LSTE.002/ECOv002_L2T_LSTE_28462_006_12SUC_20230714T031854_0712_02/ECOv002_L2T_LSTE_28462_006_12SUC_20230714T031854_0712_02_LST.tif,ECO_L2T_LSTE.002,ECOv002_L2T_LSTE_28462_006_12SUC_20230714T031854_0712_02_LST.tif,2026-06-09,sha256:00bd82a1718cc0873934c82c82c14a604f37060a92b623e6807a4344753d743b
https://data.lpdaac.earthdatacloud.nasa.gov/lp-prod-protected/ECO_L2T_LSTE.002/ECOv002_L2T_LSTE_28462_006_12SUB_20230714T031854_0712_02/ECOv002_L2T_LSTE_28462_006_12SUB_20230714T031854_0712_02_water.tif,ECO_L2T_LSTE.002,ECOv002_L2T_LSTE_28462_006_12SUB_20230714T031854_0712_02_water.tif,2026-06-09,sha256:19d380aca62feb88c133658692fa48f0562b089d4eaee6d63205037bfd97fe95
https://data.lpdaac.earthdatacloud.nasa.gov/lp-prod-protected/ECO_L2T_LSTE.002/ECOv002_L2T_LSTE_28462_006_12SUB_20230714T031854_0712_02/ECOv002_L2T_LSTE_28462_006_12SUB_20230714T031854_0712_02_cloud.tif,ECO_L2T_LSTE.002,ECOv002_L2T_LSTE_28462_006_12SUB_20230714T031854_0712_02_cloud.tif,2026-06-09,sha256:12926d44db3ee3fcbab890cac674f9849409445af7a5d5599a008ed2ac1cc1ca
https://data.lpdaac.earthdatacloud.nasa.gov/lp-prod-protected/ECO_L2T_LSTE.002/ECOv002_L2T_LSTE_28462_006_12SUB_20230714T031854_0712_02/ECOv002_L2T_LSTE_28462_006_12SUB_20230714T031854_0712_02_height.tif,ECO_L2T_LSTE.002,ECOv002_L2T_LSTE_28462_006_12SUB_20230714T031854_0712_02_height.tif,2026-06-09,sha256:3f21f0284f1a978188df8259cc56a6ca82036666b96b0f2d5beecb55f15bba35
https://data.lpdaac.earthdatacloud.nasa.gov/lp-prod-protected/ECO_L2T_LSTE.002/ECOv002_L2T_LSTE_28462_006_12SUB_20230714T031854_0712_02/ECOv002_L2T_LSTE_28462_006_12SUB_20230714T031854_0712_02_QC.tif,ECO_L2T_LSTE.002,ECOv002_L2T_LSTE_28462_006_12SUB_20230714T031854_0712_02_QC.tif,2026-06-09,sha256:4d9337a11a8369ecff81649c5f020969c9f23af9b9445745a4a63bfc66aedeed
https://data.lpdaac.earthdatacloud.nasa.gov/lp-prod-protected/ECO_L2T_LSTE.002/ECOv002_L2T_LSTE_28462_006_12SUB_20230714T031854_0712_02/ECOv002_L2T_LSTE_28462_006_12SUB_20230714T031854_0712_02_LST.tif,ECO_L2T_LSTE.002,ECOv002_L2T_LSTE_28462_006_12SUB_20230714T031854_0712_02_LST.tif,2026-06-09,sha256:e03fde61ab8e8f3fb91e93e73400e444778fdadc6ac80fb9368f191960b4fd02
https://data.lpdaac.earthdatacloud.nasa.gov/lp-prod-protected/ECO_L2T_LSTE.002/ECOv002_L2T_LSTE_28462_006_12SVC_20230714T031854_0712_02/ECOv002_L2T_LSTE_28462_006_12SVC_20230714T031854_0712_02_water.tif,ECO_L2T_LSTE.002,ECOv002_L2T_LSTE_28462_006_12SVC_20230714T031854_0712_02_water.tif,2026-06-09,sha256:6d70ddfebd06cd9f02b231d065090e2b218822fa83d0ba1ffde97ee66d7fb58a
https://data.lpdaac.earthdatacloud.nasa.gov/lp-prod-protected/ECO_L2T_LSTE.002/ECOv002_L2T_LSTE_28462_006_12SVC_20230714T031854_0712_02/ECOv002_L2T_LSTE_28462_006_12SVC_20230714T031854_0712_02_cloud.tif,ECO_L2T_LSTE.002,ECOv002_L2T_LSTE_28462_006_12SVC_20230714T031854_0712_02_cloud.tif,2026-06-09,sha256:1d4459627d8a9675ab12dadd21bb28d082bb0c3e171c8d12ccf24a99402fa5e7
https://data.lpdaac.earthdatacloud.nasa.gov/lp-prod-protected/ECO_L2T_LSTE.002/ECOv002_L2T_LSTE_28462_006_12SVC_20230714T031854_0712_02/ECOv002_L2T_LSTE_28462_006_12SVC_20230714T031854_0712_02_height.tif,ECO_L2T_LSTE.002,ECOv002_L2T_LSTE_28462_006_12SVC_20230714T031854_0712_02_height.tif,2026-06-09,sha256:83ed8536a6b4da07b7ee2755a103e18ccd18c70af525318d36b92b77bf0513ff
https://data.lpdaac.earthdatacloud.nasa.gov/lp-prod-protected/ECO_L2T_LSTE.002/ECOv002_L2T_LSTE_28462_006_12SVC_20230714T031854_0712_02/ECOv002_L2T_LSTE_28462_006_12SVC_20230714T031854_0712_02_QC.tif,ECO_L2T_LSTE.002,ECOv002_L2T_LSTE_28462_006_12SVC_20230714T031854_0712_02_QC.tif,2026-06-09,sha256:f42f617a1f619453e724d2368b0da0952acc41829cf1247ee04e9529a9228b7f
https://data.lpdaac.earthdatacloud.nasa.gov/lp-prod-protected/ECO_L2T_LSTE.002/ECOv002_L2T_LSTE_28462_006_12SVC_20230714T031854_0712_02/ECOv002_L2T_LSTE_28462_006_12SVC_20230714T031854_0712_02_LST.tif,ECO_L2T_LSTE.002,ECOv002_L2T_LSTE_28462_006_12SVC_20230714T031854_0712_02_LST.tif,2026-06-09,sha256:3ce70117ade624691681cff19d1fb96e70d16707acef5206fc9d3f1354de23f9
https://data.lpdaac.earthdatacloud.nasa.gov/lp-prod-protected/ECO_L2T_LSTE.002/ECOv002_L2T_LSTE_28482_009_12SUC_20230715T103922_0710_01/ECOv002_L2T_LSTE_28482_009_12SUC_20230715T103922_0710_01_water.tif,ECO_L2T_LSTE.002,ECOv002_L2T_LSTE_28482_009_12SUC_20230715T103922_0710_01_water.tif,2026-06-09,sha256:ff97995bb1c000a53c09a6526fa706b829240e541b7651f4712bc89d86c81dd4
https://data.lpdaac.earthdatacloud.nasa.gov/lp-prod-protected/ECO_L2T_LSTE.002/ECOv002_L2T_LSTE_28482_009_12SUC_20230715T103922_0710_01/ECOv002_L2T_LSTE_28482_009_12SUC_20230715T103922_0710_01_cloud.tif,ECO_L2T_LSTE.002,ECOv002_L2T_LSTE_28482_009_12SUC_20230715T103922_0710_01_cloud.tif,2026-06-09,sha256:fcd2a2dbc28b8aa3a1eae2e80e10f26196a820b1b8fdf92ba8e7096da4cef08f
https://data.lpdaac.earthdatacloud.nasa.gov/lp-prod-protected/ECO_L2T_LSTE.002/ECOv002_L2T_LSTE_28482_009_12SUC_20230715T103922_0710_01/ECOv002_L2T_LSTE_28482_009_12SUC_20230715T103922_0710_01_height.tif,ECO_L2T_LSTE.002,ECOv002_L2T_LSTE_28482_009_12SUC_20230715T103922_0710_01_height.tif,2026-06-09,sha256:9329097269cb5878b7af664ea33c45822ff154cdb1043b39982c553e7d3e35af
https://data.lpdaac.earthdatacloud.nasa.gov/lp-prod-protected/ECO_L2T_LSTE.002/ECOv002_L2T_LSTE_28482_009_12SUC_20230715T103922_0710_01/ECOv002_L2T_LSTE_28482_009_12SUC_20230715T103922_0710_01_QC.tif,ECO_L2T_LSTE.002,ECOv002_L2T_LSTE_28482_009_12SUC_20230715T103922_0710_01_QC.tif,2026-06-09,sha256:9676523296ad47934950962517d167324f48deab2c62ac19dd651dad150fa558
https://data.lpdaac.earthdatacloud.nasa.gov/lp-prod-protected/ECO_L2T_LSTE.002/ECOv002_L2T_LSTE_28482_009_12SUC_20230715T103922_0710_01/ECOv002_L2T_LSTE_28482_009_12SUC_20230715T103922_0710_01_LST.tif,ECO_L2T_LSTE.002,ECOv002_L2T_LSTE_28482_009_12SUC_20230715T103922_0710_01_LST.tif,2026-06-09,sha256:ffcd12f3b2decdec52d12f7da7537efd7eb5b52e31a75af7fef38966451caa19
https://data.lpdaac.earthdatacloud.nasa.gov/lp-prod-protected/ECO_L2T_LSTE.002/ECOv002_L2T_LSTE_28482_009_12SUB_20230715T103922_0710_01/ECOv002_L2T_LSTE_28482_009_12SUB_20230715T103922_0710_01_water.tif,ECO_L2T_LSTE.002,ECOv002_L2T_LSTE_28482_009_12SUB_20230715T103922_0710_01_water.tif,2026-06-09,sha256:1d9636739d5b80a42783e60a94882328dc0574f8964867dd2783620a5707c33f
https://data.lpdaac.earthdatacloud.nasa.gov/lp-prod-protected/ECO_L2T_LSTE.002/ECOv002_L2T_LSTE_28482_009_12SUB_20230715T103922_0710_01/ECOv002_L2T_LSTE_28482_009_12SUB_20230715T103922_0710_01_cloud.tif,ECO_L2T_LSTE.002,ECOv002_L2T_LSTE_28482_009_12SUB_20230715T103922_0710_01_cloud.tif,2026-06-09,sha256:4ea4408e3fd3dbfac1d61edf81d90170a50764225e849254de99953a2d23bfad
https://data.lpdaac.earthdatacloud.nasa.gov/lp-prod-protected/ECO_L2T_LSTE.002/ECOv002_L2T_LSTE_28482_009_12SUB_20230715T103922_0710_01/ECOv002_L2T_LSTE_28482_009_12SUB_20230715T103922_0710_01_height.tif,ECO_L2T_LSTE.002,ECOv002_L2T_LSTE_28482_009_12SUB_20230715T103922_0710_01_height.tif,2026-06-09,sha256:af1aaa476acb429a2b09235521f5caf39a8da89cfa6a1fd0d293325f8b60b031
https://data.lpdaac.earthdatacloud.nasa.gov/lp-prod-protected/ECO_L2T_LSTE.002/ECOv002_L2T_LSTE_28482_009_12SUB_20230715T103922_0710_01/ECOv002_L2T_LSTE_28482_009_12SUB_20230715T103922_0710_01_QC.tif,ECO_L2T_LSTE.002,ECOv002_L2T_LSTE_28482_009_12SUB_20230715T103922_0710_01_QC.tif,2026-06-09,sha256:f36942455d8c11f2c91e8db4aac70104e383507cdac41e9205c4f2919900b4d7
https://data.lpdaac.earthdatacloud.nasa.gov/lp-prod-protected/ECO_L2T_LSTE.002/ECOv002_L2T_LSTE_28482_009_12SUB_20230715T103922_0710_01/ECOv002_L2T_LSTE_28482_009_12SUB_20230715T103922_0710_01_LST.tif,ECO_L2T_LSTE.002,ECOv002_L2T_LSTE_28482_009_12SUB_20230715T103922_0710_01_LST.tif,2026-06-09,sha256:2390b72796562d57f03957e8afbd4b24a0f9bde4d8f5db08673f65170031553f
https://data.lpdaac.earthdatacloud.nasa.gov/lp-prod-protected/ECO_L2T_LSTE.002/ECOv002_L2T_LSTE_28482_009_12SUB_20230715T103922_0712_02/ECOv002_L2T_LSTE_28482_009_12SUB_20230715T103922_0712_02_water.tif,ECO_L2T_LSTE.002,ECOv002_L2T_LSTE_28482_009_12SUB_20230715T103922_0712_02_water.tif,2026-06-09,sha256:b196a8b5f42b8d2508f2863473ee42d9e928645cce46139f6154448881794473
https://data.lpdaac.earthdatacloud.nasa.gov/lp-prod-protected/ECO_L2T_LSTE.002/ECOv002_L2T_LSTE_28482_009_12SUB_20230715T103922_0712_02/ECOv002_L2T_LSTE_28482_009_12SUB_20230715T103922_0712_02_cloud.tif,ECO_L2T_LSTE.002,ECOv002_L2T_LSTE_28482_009_12SUB_20230715T103922_0712_02_cloud.tif,2026-06-09,sha256:e93445c3c89953473952af6150f1828faa899caac27070573c278543834d6351
https://data.lpdaac.earthdatacloud.nasa.gov/lp-prod-protected/ECO_L2T_LSTE.002/ECOv002_L2T_LSTE_28482_009_12SUB_20230715T103922_0712_02/ECOv002_L2T_LSTE_28482_009_12SUB_20230715T103922_0712_02_height.tif,ECO_L2T_LSTE.002,ECOv002_L2T_LSTE_28482_009_12SUB_20230715T103922_0712_02_height.tif,2026-06-09,sha256:dee49058f51142f3a8596fb2b392676c24a687f6314c9506b079a843cb8f8aec
https://data.lpdaac.earthdatacloud.nasa.gov/lp-prod-protected/ECO_L2T_LSTE.002/ECOv002_L2T_LSTE_28482_009_12SUB_20230715T103922_0712_02/ECOv002_L2T_LSTE_28482_009_12SUB_20230715T103922_0712_02_QC.tif,ECO_L2T_LSTE.002,ECOv002_L2T_LSTE_28482_009_12SUB_20230715T103922_0712_02_QC.tif,2026-06-09,sha256:e09a1ef68a74aca3f1c2d5d74330e2bd03e0de8548e17285015dc8aed7c7bd83
https://data.lpdaac.earthdatacloud.nasa.gov/lp-prod-protected/ECO_L2T_LSTE.002/ECOv002_L2T_LSTE_28482_009_12SUB_20230715T103922_0712_02/ECOv002_L2T_LSTE_28482_009_12SUB_20230715T103922_0712_02_LST.tif,ECO_L2T_LSTE.002,ECOv002_L2T_LSTE_28482_009_12SUB_20230715T103922_0712_02_LST.tif,2026-06-09,sha256:293786bece84c51d601ca16b5dc4e63e025579570b789037961e6be06d621a4d
https://data.lpdaac.earthdatacloud.nasa.gov/lp-prod-protected/ECO_L2T_LSTE.002/ECOv002_L2T_LSTE_28482_009_12SUC_20230715T103922_0712_02/ECOv002_L2T_LSTE_28482_009_12SUC_20230715T103922_0712_02_water.tif,ECO_L2T_LSTE.002,ECOv002_L2T_LSTE_28482_009_12SUC_20230715T103922_0712_02_water.tif,2026-06-09,sha256:ed89f1bcf7b77723ef2e5c75141900b2ce8bd7539d03ed8218392d71754d5219
https://data.lpdaac.earthdatacloud.nasa.gov/lp-prod-protected/ECO_L2T_LSTE.002/ECOv002_L2T_LSTE_28482_009_12SUC_20230715T103922_0712_02/ECOv002_L2T_LSTE_28482_009_12SUC_20230715T103922_0712_02_cloud.tif,ECO_L2T_LSTE.002,ECOv002_L2T_LSTE_28482_009_12SUC_20230715T103922_0712_02_cloud.tif,2026-06-09,sha256:fcd2a2dbc28b8aa3a1eae2e80e10f26196a820b1b8fdf92ba8e7096da4cef08f
https://data.lpdaac.earthdatacloud.nasa.gov/lp-prod-protected/ECO_L2T_LSTE.002/ECOv002_L2T_LSTE_28482_009_12SUC_20230715T103922_0712_02/ECOv002_L2T_LSTE_28482_009_12SUC_20230715T103922_0712_02_height.tif,ECO_L2T_LSTE.002,ECOv002_L2T_LSTE_28482_009_12SUC_20230715T103922_0712_02_height.tif,2026-06-09,sha256:4ff5444fd85a8ca13e912dbd95a9eba998425244c4c3368a88f470acd735cc77
https://data.lpdaac.earthdatacloud.nasa.gov/lp-prod-protected/ECO_L2T_LSTE.002/ECOv002_L2T_LSTE_28482_009_12SUC_20230715T103922_0712_02/ECOv002_L2T_LSTE_28482_009_12SUC_20230715T103922_0712_02_QC.tif,ECO_L2T_LSTE.002,ECOv002_L2T_LSTE_28482_009_12SUC_20230715T103922_0712_02_QC.tif,2026-06-09,sha256:8f1e55455150dd1e2f8eb359a4e0660039dd5b805dac45b9a5a68e803629ecab
https://data.lpdaac.earthdatacloud.nasa.gov/lp-prod-protected/ECO_L2T_LSTE.002/ECOv002_L2T_LSTE_28482_009_12SUC_20230715T103922_0712_02/ECOv002_L2T_LSTE_28482_009_12SUC_20230715T103922_0712_02_LST.tif,ECO_L2T_LSTE.002,ECOv002_L2T_LSTE_28482_009_12SUC_20230715T103922_0712_02_LST.tif,2026-06-09,sha256:316a4c6d19dc4a9d1ad05cf5fbca5e1c67af7ff317f586e292697c630301178c
https://data.lpdaac.earthdatacloud.nasa.gov/lp-prod-protected/ECO_L2T_LSTE.002/ECOv002_L2T_LSTE_28523_003_12SUB_20230718T014232_0710_01/ECOv002_L2T_LSTE_28523_003_12SUB_20230718T014232_0710_01_water.tif,ECO_L2T_LSTE.002,ECOv002_L2T_LSTE_28523_003_12SUB_20230718T014232_0710_01_water.tif,2026-06-09,sha256:017bfcf4859645084756d5b31f2fa7760859afed3fa1026ad87b1e93ef4db872
https://data.lpdaac.earthdatacloud.nasa.gov/lp-prod-protected/ECO_L2T_LSTE.002/ECOv002_L2T_LSTE_28523_003_12SUB_20230718T014232_0710_01/ECOv002_L2T_LSTE_28523_003_12SUB_20230718T014232_0710_01_cloud.tif,ECO_L2T_LSTE.002,ECOv002_L2T_LSTE_28523_003_12SUB_20230718T014232_0710_01_cloud.tif,2026-06-09,sha256:90b131c75613b4aa9c877b341937f10b5172c1a725e06c7dca6581b478dc2979
https://data.lpdaac.earthdatacloud.nasa.gov/lp-prod-protected/ECO_L2T_LSTE.002/ECOv002_L2T_LSTE_28523_003_12SUB_20230718T014232_0710_01/ECOv002_L2T_LSTE_28523_003_12SUB_20230718T014232_0710_01_QC.tif,ECO_L2T_LSTE.002,ECOv002_L2T_LSTE_28523_003_12SUB_20230718T014232_0710_01_QC.tif,2026-06-09,sha256:c085772f312226bd92cab55892e388d00073e0d57e97794010714cde9b67633c
https://data.lpdaac.earthdatacloud.nasa.gov/lp-prod-protected/ECO_L2T_LSTE.002/ECOv002_L2T_LSTE_28523_003_12SUB_20230718T014232_0710_01/ECOv002_L2T_LSTE_28523_003_12SUB_20230718T014232_0710_01_height.tif,ECO_L2T_LSTE.002,ECOv002_L2T_LSTE_28523_003_12SUB_20230718T014232_0710_01_height.tif,2026-06-09,sha256:940c763d370c6aed3f4a6aee55ea5706ea6246e9995675030d5694ab5fa241ee
https://data.lpdaac.earthdatacloud.nasa.gov/lp-prod-protected/ECO_L2T_LSTE.002/ECOv002_L2T_LSTE_28523_003_12SUB_20230718T014232_0710_01/ECOv002_L2T_LSTE_28523_003_12SUB_20230718T014232_0710_01_LST.tif,ECO_L2T_LSTE.002,ECOv002_L2T_LSTE_28523_003_12SUB_20230718T014232_0710_01_LST.tif,2026-06-09,sha256:6058436a7647d8b49f35381a4ee6440a9670725448ef3a8d8ab1e2ba55df27ee
https://data.lpdaac.earthdatacloud.nasa.gov/lp-prod-protected/ECO_L2T_LSTE.002/ECOv002_L2T_LSTE_28523_003_12SVB_20230718T014232_0710_01/ECOv002_L2T_LSTE_28523_003_12SVB_20230718T014232_0710_01_water.tif,ECO_L2T_LSTE.002,ECOv002_L2T_LSTE_28523_003_12SVB_20230718T014232_0710_01_water.tif,2026-06-09,sha256:42e01b3910d662178bb24624dfc422c0dcd7b6f0e91661f7dd6f7318c9c2ec24
https://data.lpdaac.earthdatacloud.nasa.gov/lp-prod-protected/ECO_L2T_LSTE.002/ECOv002_L2T_LSTE_28523_003_12SVB_20230718T014232_0710_01/ECOv002_L2T_LSTE_28523_003_12SVB_20230718T014232_0710_01_cloud.tif,ECO_L2T_LSTE.002,ECOv002_L2T_LSTE_28523_003_12SVB_20230718T014232_0710_01_cloud.tif,2026-06-09,sha256:e68aba039e28f6d54494e19e6e6c0b32fd5857fd811ea4d444d803d25c0ac14f
https://data.lpdaac.earthdatacloud.nasa.gov/lp-prod-protected/ECO_L2T_LSTE.002/ECOv002_L2T_LSTE_28523_003_12SVB_20230718T014232_0710_01/ECOv002_L2T_LSTE_28523_003_12SVB_20230718T014232_0710_01_height.tif,ECO_L2T_LSTE.002,ECOv002_L2T_LSTE_28523_003_12SVB_20230718T014232_0710_01_height.tif,2026-06-09,sha256:9b3fc9c7c209969cb74649a0820d92df3b83c03827d1182bbb5a014630860012
https://data.lpdaac.earthdatacloud.nasa.gov/lp-prod-protected/ECO_L2T_LSTE.002/ECOv002_L2T_LSTE_28523_003_12SVB_20230718T014232_0710_01/ECOv002_L2T_LSTE_28523_003_12SVB_20230718T014232_0710_01_QC.tif,ECO_L2T_LSTE.002,ECOv002_L2T_LSTE_28523_003_12SVB_20230718T014232_0710_01_QC.tif,2026-06-09,sha256:ff4bfb8f6443ce2ba2e389206974ba42c6d29d9b6dcd487cf487f30093698593
https://data.lpdaac.earthdatacloud.nasa.gov/lp-prod-protected/ECO_L2T_LSTE.002/ECOv002_L2T_LSTE_28523_003_12SVB_20230718T014232_0710_01/ECOv002_L2T_LSTE_28523_003_12SVB_20230718T014232_0710_01_LST.tif,ECO_L2T_LSTE.002,ECOv002_L2T_LSTE_28523_003_12SVB_20230718T014232_0710_01_LST.tif,2026-06-09,sha256:887e0e9915909dffc47645d107f2baff516c7203b12152b87866d6c40d4bf49c
https://data.lpdaac.earthdatacloud.nasa.gov/lp-prod-protected/ECO_L2T_LSTE.002/ECOv002_L2T_LSTE_28523_003_12SUC_20230718T014232_0710_01/ECOv002_L2T_LSTE_28523_003_12SUC_20230718T014232_0710_01_water.tif,ECO_L2T_LSTE.002,ECOv002_L2T_LSTE_28523_003_12SUC_20230718T014232_0710_01_water.tif,2026-06-09,sha256:ca48b2f05c1a2b109c8eb43535a620e87003eb1fc0918716db7b421c1af8867d
https://data.lpdaac.earthdatacloud.nasa.gov/lp-prod-protected/ECO_L2T_LSTE.002/ECOv002_L2T_LSTE_28523_003_12SUC_20230718T014232_0710_01/ECOv002_L2T_LSTE_28523_003_12SUC_20230718T014232_0710_01_cloud.tif,ECO_L2T_LSTE.002,ECOv002_L2T_LSTE_28523_003_12SUC_20230718T014232_0710_01_cloud.tif,2026-06-09,sha256:74f66574c54f9ecc6658c55b6c089337d888d19d70b43eceed42c50dad6bcaf9
https://data.lpdaac.earthdatacloud.nasa.gov/lp-prod-protected/ECO_L2T_LSTE.002/ECOv002_L2T_LSTE_28523_003_12SUC_20230718T014232_0710_01/ECOv002_L2T_LSTE_28523_003_12SUC_20230718T014232_0710_01_height.tif,ECO_L2T_LSTE.002,ECOv002_L2T_LSTE_28523_003_12SUC_20230718T014232_0710_01_height.tif,2026-06-09,sha256:232b13ad39614127c4273b29058a70028c6b15b8fe6547c18e0d12fbab8c94a1
https://data.lpdaac.earthdatacloud.nasa.gov/lp-prod-protected/ECO_L2T_LSTE.002/ECOv002_L2T_LSTE_28523_003_12SUC_20230718T014232_0710_01/ECOv002_L2T_LSTE_28523_003_12SUC_20230718T014232_0710_01_LST.tif,ECO_L2T_LSTE.002,ECOv002_L2T_LSTE_28523_003_12SUC_20230718T014232_0710_01_LST.tif,2026-06-09,sha256:2fe2a180e5c4abcf7667fc260a1fb21d5b8bdaa1bbc01c9dd993ef42a7c910be
https://data.lpdaac.earthdatacloud.nasa.gov/lp-prod-protected/ECO_L2T_LSTE.002/ECOv002_L2T_LSTE_28523_003_12SUC_20230718T014232_0710_01/ECOv002_L2T_LSTE_28523_003_12SUC_20230718T014232_0710_01_QC.tif,ECO_L2T_LSTE.002,ECOv002_L2T_LSTE_28523_003_12SUC_20230718T014232_0710_01_QC.tif,2026-06-09,sha256:985dbcca14c78cf980a59d04fcd6a9ad7a7fed402102fa7ddf93eb1855f0e8e8
https://data.lpdaac.earthdatacloud.nasa.gov/lp-prod-protected/ECO_L2T_LSTE.002/ECOv002_L2T_LSTE_28523_003_12SUC_20230718T014232_0712_02/ECOv002_L2T_LSTE_28523_003_12SUC_20230718T014232_0712_02_water.tif,ECO_L2T_LSTE.002,ECOv002_L2T_LSTE_28523_003_12SUC_20230718T014232_0712_02_water.tif,2026-06-09,sha256:838e5a19dcc0ec589fde2b081e1c5727485a71d9eb3d49d6e87ed6ab321a0cb2
https://data.lpdaac.earthdatacloud.nasa.gov/lp-prod-protected/ECO_L2T_LSTE.002/ECOv002_L2T_LSTE_28523_003_12SUC_20230718T014232_0712_02/ECOv002_L2T_LSTE_28523_003_12SUC_20230718T014232_0712_02_cloud.tif,ECO_L2T_LSTE.002,ECOv002_L2T_LSTE_28523_003_12SUC_20230718T014232_0712_02_cloud.tif,2026-06-09,sha256:653e0152c36e5c5902046a12db1efef617bbfd82b5be5e2a16bb976be070a39f
https://data.lpdaac.earthdatacloud.nasa.gov/lp-prod-protected/ECO_L2T_LSTE.002/ECOv002_L2T_LSTE_28523_003_12SUC_20230718T014232_0712_02/ECOv002_L2T_LSTE_28523_003_12SUC_20230718T014232_0712_02_height.tif,ECO_L2T_LSTE.002,ECOv002_L2T_LSTE_28523_003_12SUC_20230718T014232_0712_02_height.tif,2026-06-09,sha256:bc7a32b4a2ba7a9ec2b1e641a94e676c85dd6c8cd8830de638160d7e5d7809bf
https://data.lpdaac.earthdatacloud.nasa.gov/lp-prod-protected/ECO_L2T_LSTE.002/ECOv002_L2T_LSTE_28523_003_12SUC_20230718T014232_0712_02/ECOv002_L2T_LSTE_28523_003_12SUC_20230718T014232_0712_02_QC.tif,ECO_L2T_LSTE.002,ECOv002_L2T_LSTE_28523_003_12SUC_20230718T014232_0712_02_QC.tif,2026-06-09,sha256:9048cba96a3eb76a2d05347ced8d19f9b440b68165b1b07acaf27d4e59d469ac
https://data.lpdaac.earthdatacloud.nasa.gov/lp-prod-protected/ECO_L2T_LSTE.002/ECOv002_L2T_LSTE_28523_003_12SUC_20230718T014232_0712_02/ECOv002_L2T_LSTE_28523_003_12SUC_20230718T014232_0712_02_LST.tif,ECO_L2T_LSTE.002,ECOv002_L2T_LSTE_28523_003_12SUC_20230718T014232_0712_02_LST.tif,2026-06-09,sha256:603ee3e3fd05c113109ed428aedcefe2a4fd2408c4f57db8ebfb854b1c8f1d62
https://data.lpdaac.earthdatacloud.nasa.gov/lp-prod-protected/ECO_L2T_LSTE.002/ECOv002_L2T_LSTE_28523_003_12SUB_20230718T014232_0712_02/ECOv002_L2T_LSTE_28523_003_12SUB_20230718T014232_0712_02_water.tif,ECO_L2T_LSTE.002,ECOv002_L2T_LSTE_28523_003_12SUB_20230718T014232_0712_02_water.tif,2026-06-09,sha256:6708c098589ee4c0b133bcec3cf90e51c5e3b4c3a05cd25700fa8e680a20eb0b
https://data.lpdaac.earthdatacloud.nasa.gov/lp-prod-protected/ECO_L2T_LSTE.002/ECOv002_L2T_LSTE_28523_003_12SUB_20230718T014232_0712_02/ECOv002_L2T_LSTE_28523_003_12SUB_20230718T014232_0712_02_cloud.tif,ECO_L2T_LSTE.002,ECOv002_L2T_LSTE_28523_003_12SUB_20230718T014232_0712_02_cloud.tif,2026-06-09,sha256:87a88f749b68f7640c4f37cf0117a66c2651a8fdbfa63aac2f94d478c43a7598
https://data.lpdaac.earthdatacloud.nasa.gov/lp-prod-protected/ECO_L2T_LSTE.002/ECOv002_L2T_LSTE_28523_003_12SUB_20230718T014232_0712_02/ECOv002_L2T_LSTE_28523_003_12SUB_20230718T014232_0712_02_height.tif,ECO_L2T_LSTE.002,ECOv002_L2T_LSTE_28523_003_12SUB_20230718T014232_0712_02_height.tif,2026-06-09,sha256:92bb669a345799768422b024a34f46a87d45842e0cfcadadecf162b12d4dfd2a
https://data.lpdaac.earthdatacloud.nasa.gov/lp-prod-protected/ECO_L2T_LSTE.002/ECOv002_L2T_LSTE_28523_003_12SUB_20230718T014232_0712_02/ECOv002_L2T_LSTE_28523_003_12SUB_20230718T014232_0712_02_QC.tif,ECO_L2T_LSTE.002,ECOv002_L2T_LSTE_28523_003_12SUB_20230718T014232_0712_02_QC.tif,2026-06-09,sha256:9304094e633175c5cf2f46d96778caa1d99e5827c1991b2608e4a520d04cce5c
https://data.lpdaac.earthdatacloud.nasa.gov/lp-prod-protected/ECO_L2T_LSTE.002/ECOv002_L2T_LSTE_28523_003_12SUB_20230718T014232_0712_02/ECOv002_L2T_LSTE_28523_003_12SUB_20230718T014232_0712_02_LST.tif,ECO_L2T_LSTE.002,ECOv002_L2T_LSTE_28523_003_12SUB_20230718T014232_0712_02_LST.tif,2026-06-09,sha256:449c224fb06964dfa6ffd41b91044d57b78b07752485695563a2c600744056f0
https://data.lpdaac.earthdatacloud.nasa.gov/lp-prod-protected/ECO_L2T_LSTE.002/ECOv002_L2T_LSTE_28523_003_12SVB_20230718T014232_0712_02/ECOv002_L2T_LSTE_28523_003_12SVB_20230718T014232_0712_02_water.tif,ECO_L2T_LSTE.002,ECOv002_L2T_LSTE_28523_003_12SVB_20230718T014232_0712_02_water.tif,2026-06-09,sha256:e011c054f6b0049de5a4ded88d35ee99656ef9053d9ce9487e2f7ec11b77db71
https://data.lpdaac.earthdatacloud.nasa.gov/lp-prod-protected/ECO_L2T_LSTE.002/ECOv002_L2T_LSTE_28523_003_12SVB_20230718T014232_0712_02/ECOv002_L2T_LSTE_28523_003_12SVB_20230718T014232_0712_02_cloud.tif,ECO_L2T_LSTE.002,ECOv002_L2T_LSTE_28523_003_12SVB_20230718T014232_0712_02_cloud.tif,2026-06-09,sha256:da423ce4f633d4cb832a4e5cbacddeeecdb0c238573cbb5d9376a2c14d0a159f
https://data.lpdaac.earthdatacloud.nasa.gov/lp-prod-protected/ECO_L2T_LSTE.002/ECOv002_L2T_LSTE_28523_003_12SVB_20230718T014232_0712_02/ECOv002_L2T_LSTE_28523_003_12SVB_20230718T014232_0712_02_height.tif,ECO_L2T_LSTE.002,ECOv002_L2T_LSTE_28523_003_12SVB_20230718T014232_0712_02_height.tif,2026-06-09,sha256:0de1ea0d8759caace9967f3cab131fbf3202a1dbb439c22e1eca400f002fb6bd
https://data.lpdaac.earthdatacloud.nasa.gov/lp-prod-protected/ECO_L2T_LSTE.002/ECOv002_L2T_LSTE_28523_003_12SVB_20230718T014232_0712_02/ECOv002_L2T_LSTE_28523_003_12SVB_20230718T014232_0712_02_QC.tif,ECO_L2T_LSTE.002,ECOv002_L2T_LSTE_28523_003_12SVB_20230718T014232_0712_02_QC.tif,2026-06-09,sha256:8067b0066d26761e98dc7e4be1760d8f7d5f9ed1e0f696bb3f920484c4d39e7d
https://data.lpdaac.earthdatacloud.nasa.gov/lp-prod-protected/ECO_L2T_LSTE.002/ECOv002_L2T_LSTE_28523_003_12SVB_20230718T014232_0712_02/ECOv002_L2T_LSTE_28523_003_12SVB_20230718T014232_0712_02_LST.tif,ECO_L2T_LSTE.002,ECOv002_L2T_LSTE_28523_003_12SVB_20230718T014232_0712_02_LST.tif,2026-06-09,sha256:3155613be5f496abee285807081d80887045cfa51f86725b5051d6a6454cd5e3
https://data.lpdaac.earthdatacloud.nasa.gov/lp-prod-protected/ECO_L2T_LSTE.002/ECOv002_L2T_LSTE_28523_004_12SUB_20230718T014324_0710_01/ECOv002_L2T_LSTE_28523_004_12SUB_20230718T014324_0710_01_water.tif,ECO_L2T_LSTE.002,ECOv002_L2T_LSTE_28523_004_12SUB_20230718T014324_0710_01_water.tif,2026-06-09,sha256:718a8a471323288cd3bb1f4138d748577b3896222fb0a79d9c827d97094ee2cd
https://data.lpdaac.earthdatacloud.nasa.gov/lp-prod-protected/ECO_L2T_LSTE.002/ECOv002_L2T_LSTE_28523_004_12SUB_20230718T014324_0710_01/ECOv002_L2T_LSTE_28523_004_12SUB_20230718T014324_0710_01_cloud.tif,ECO_L2T_LSTE.002,ECOv002_L2T_LSTE_28523_004_12SUB_20230718T014324_0710_01_cloud.tif,2026-06-09,sha256:12926d44db3ee3fcbab890cac674f9849409445af7a5d5599a008ed2ac1cc1ca
https://data.lpdaac.earthdatacloud.nasa.gov/lp-prod-protected/ECO_L2T_LSTE.002/ECOv002_L2T_LSTE_28523_004_12SUB_20230718T014324_0710_01/ECOv002_L2T_LSTE_28523_004_12SUB_20230718T014324_0710_01_QC.tif,ECO_L2T_LSTE.002,ECOv002_L2T_LSTE_28523_004_12SUB_20230718T014324_0710_01_QC.tif,2026-06-09,sha256:d433099be814af561759af5b895cff200ca8b51268a0f0c640be072ed4cd8cb5
https://data.lpdaac.earthdatacloud.nasa.gov/lp-prod-protected/ECO_L2T_LSTE.002/ECOv002_L2T_LSTE_28523_004_12SUB_20230718T014324_0710_01/ECOv002_L2T_LSTE_28523_004_12SUB_20230718T014324_0710_01_height.tif,ECO_L2T_LSTE.002,ECOv002_L2T_LSTE_28523_004_12SUB_20230718T014324_0710_01_height.tif,2026-06-09,sha256:4544aebd3b65e273b327d50cb96b3b42c165eff6d5dfaf377f57bd4a54de3bc8
https://data.lpdaac.earthdatacloud.nasa.gov/lp-prod-protected/ECO_L2T_LSTE.002/ECOv002_L2T_LSTE_28523_004_12SUB_20230718T014324_0710_01/ECOv002_L2T_LSTE_28523_004_12SUB_20230718T014324_0710_01_LST.tif,ECO_L2T_LSTE.002,ECOv002_L2T_LSTE_28523_004_12SUB_20230718T014324_0710_01_LST.tif,2026-06-09,sha256:0d9ccf10404ef3ab3c940da79ddbef22824262153f36685c41268e01714c6fd9
https://data.lpdaac.earthdatacloud.nasa.gov/lp-prod-protected/ECO_L2T_LSTE.002/ECOv002_L2T_LSTE_28523_004_12SUC_20230718T014324_0710_01/ECOv002_L2T_LSTE_28523_004_12SUC_20230718T014324_0710_01_water.tif,ECO_L2T_LSTE.002,ECOv002_L2T_LSTE_28523_004_12SUC_20230718T014324_0710_01_water.tif,2026-06-09,sha256:99049aea9ef3ac4b6af524920bc40106e3804eb6cb41bd378e1b441d13b3191c
https://data.lpdaac.earthdatacloud.nasa.gov/lp-prod-protected/ECO_L2T_LSTE.002/ECOv002_L2T_LSTE_28523_004_12SUC_20230718T014324_0710_01/ECOv002_L2T_LSTE_28523_004_12SUC_20230718T014324_0710_01_cloud.tif,ECO_L2T_LSTE.002,ECOv002_L2T_LSTE_28523_004_12SUC_20230718T014324_0710_01_cloud.tif,2026-06-09,sha256:14cf41c475c12ca82134556b3d31d5edb9aa432b1f72ee9e8428c998f42d6ada
https://data.lpdaac.earthdatacloud.nasa.gov/lp-prod-protected/ECO_L2T_LSTE.002/ECOv002_L2T_LSTE_28523_004_12SUC_20230718T014324_0710_01/ECOv002_L2T_LSTE_28523_004_12SUC_20230718T014324_0710_01_height.tif,ECO_L2T_LSTE.002,ECOv002_L2T_LSTE_28523_004_12SUC_20230718T014324_0710_01_height.tif,2026-06-09,sha256:53933ea54376f434e8f47e70513bf11e5e00d04bccba68b02ba5cac1641cb8d1
https://data.lpdaac.earthdatacloud.nasa.gov/lp-prod-protected/ECO_L2T_LSTE.002/ECOv002_L2T_LSTE_28523_004_12SUC_20230718T014324_0710_01/ECOv002_L2T_LSTE_28523_004_12SUC_20230718T014324_0710_01_QC.tif,ECO_L2T_LSTE.002,ECOv002_L2T_LSTE_28523_004_12SUC_20230718T014324_0710_01_QC.tif,2026-06-09,sha256:fd9cfa49816585120312e8f5aa3e49f581204d037f1ee5e7787b250e2d477afb
https://data.lpdaac.earthdatacloud.nasa.gov/lp-prod-protected/ECO_L2T_LSTE.002/ECOv002_L2T_LSTE_28523_004_12SUC_20230718T014324_0710_01/ECOv002_L2T_LSTE_28523_004_12SUC_20230718T014324_0710_01_LST.tif,ECO_L2T_LSTE.002,ECOv002_L2T_LSTE_28523_004_12SUC_20230718T014324_0710_01_LST.tif,2026-06-09,sha256:6103745f592bec3dd84d92299dc3969c6deee9bedc4e454bb12c1a313c1e0993
https://data.lpdaac.earthdatacloud.nasa.gov/lp-prod-protected/ECO_L2T_LSTE.002/ECOv002_L2T_LSTE_28523_004_12SVC_20230718T014324_0710_01/ECOv002_L2T_LSTE_28523_004_12SVC_20230718T014324_0710_01_water.tif,ECO_L2T_LSTE.002,ECOv002_L2T_LSTE_28523_004_12SVC_20230718T014324_0710_01_water.tif,2026-06-09,sha256:e1e61a71de9782b8af2d996bd72971004e03c5acfd2dc73ca353da5a60693a11
https://data.lpdaac.earthdatacloud.nasa.gov/lp-prod-protected/ECO_L2T_LSTE.002/ECOv002_L2T_LSTE_28523_004_12SVC_20230718T014324_0710_01/ECOv002_L2T_LSTE_28523_004_12SVC_20230718T014324_0710_01_cloud.tif,ECO_L2T_LSTE.002,ECOv002_L2T_LSTE_28523_004_12SVC_20230718T014324_0710_01_cloud.tif,2026-06-09,sha256:700d5b892333ad66ace24b3b37f6259eddd4d25e4509bed17bc82c1fc4d401cc
https://data.lpdaac.earthdatacloud.nasa.gov/lp-prod-protected/ECO_L2T_LSTE.002/ECOv002_L2T_LSTE_28523_004_12SVC_20230718T014324_0710_01/ECOv002_L2T_LSTE_28523_004_12SVC_20230718T014324_0710_01_height.tif,ECO_L2T_LSTE.002,ECOv002_L2T_LSTE_28523_004_12SVC_20230718T014324_0710_01_height.tif,2026-06-09,sha256:b137383766d618a069331cfb5d955a43257571410d82fc886fb508fc90ba38df
https://data.lpdaac.earthdatacloud.nasa.gov/lp-prod-protected/ECO_L2T_LSTE.002/ECOv002_L2T_LSTE_28523_004_12SVC_20230718T014324_0710_01/ECOv002_L2T_LSTE_28523_004_12SVC_20230718T014324_0710_01_QC.tif,ECO_L2T_LSTE.002,ECOv002_L2T_LSTE_28523_004_12SVC_20230718T014324_0710_01_QC.tif,2026-06-09,sha256:c5b2ab1f54e14eb5d0a9e7b01613279fb5351840dd7dfe025de460549807392a
https://data.lpdaac.earthdatacloud.nasa.gov/lp-prod-protected/ECO_L2T_LSTE.002/ECOv002_L2T_LSTE_28523_004_12SVC_20230718T014324_0710_01/ECOv002_L2T_LSTE_28523_004_12SVC_20230718T014324_0710_01_LST.tif,ECO_L2T_LSTE.002,ECOv002_L2T_LSTE_28523_004_12SVC_20230718T014324_0710_01_LST.tif,2026-06-09,sha256:acced42f5a986a2cbc64818ae2b72c8b7ffbb0a027a7c37fbfa14aeebfe4f7f8
https://data.lpdaac.earthdatacloud.nasa.gov/lp-prod-protected/ECO_L2T_LSTE.002/ECOv002_L2T_LSTE_28523_004_12SVB_20230718T014324_0710_01/ECOv002_L2T_LSTE_28523_004_12SVB_20230718T014324_0710_01_water.tif,ECO_L2T_LSTE.002,ECOv002_L2T_LSTE_28523_004_12SVB_20230718T014324_0710_01_water.tif,2026-06-09,sha256:a2671ef44caf39e09eab8e241d10aff802f08db2b81774164ff73954e00947e3
https://data.lpdaac.earthdatacloud.nasa.gov/lp-prod-protected/ECO_L2T_LSTE.002/ECOv002_L2T_LSTE_28523_004_12SVB_20230718T014324_0710_01/ECOv002_L2T_LSTE_28523_004_12SVB_20230718T014324_0710_01_cloud.tif,ECO_L2T_LSTE.002,ECOv002_L2T_LSTE_28523_004_12SVB_20230718T014324_0710_01_cloud.tif,2026-06-09,sha256:309deb2ebec6d8c31b84edcb56d7f5506d83b5e108f099338c9223e613db5e01
https://data.lpdaac.earthdatacloud.nasa.gov/lp-prod-protected/ECO_L2T_LSTE.002/ECOv002_L2T_LSTE_28523_004_12SVB_20230718T014324_0710_01/ECOv002_L2T_LSTE_28523_004_12SVB_20230718T014324_0710_01_height.tif,ECO_L2T_LSTE.002,ECOv002_L2T_LSTE_28523_004_12SVB_20230718T014324_0710_01_height.tif,2026-06-09,sha256:b96ad705b333c978fc72e099d344510dd7c0bf8cc6b77132024b7465c31be60a
https://data.lpdaac.earthdatacloud.nasa.gov/lp-prod-protected/ECO_L2T_LSTE.002/ECOv002_L2T_LSTE_28523_004_12SVB_20230718T014324_0710_01/ECOv002_L2T_LSTE_28523_004_12SVB_20230718T014324_0710_01_QC.tif,ECO_L2T_LSTE.002,ECOv002_L2T_LSTE_28523_004_12SVB_20230718T014324_0710_01_QC.tif,2026-06-09,sha256:b1ec92e5058a7e16cd0ff2bbffab76744d8036f6449a76d6e0bc937cf42f8e6f
https://data.lpdaac.earthdatacloud.nasa.gov/lp-prod-protected/ECO_L2T_LSTE.002/ECOv002_L2T_LSTE_28523_004_12SVB_20230718T014324_0710_01/ECOv002_L2T_LSTE_28523_004_12SVB_20230718T014324_0710_01_LST.tif,ECO_L2T_LSTE.002,ECOv002_L2T_LSTE_28523_004_12SVB_20230718T014324_0710_01_LST.tif,2026-06-09,sha256:550c15fe3f51e93a988c442a2ca7fb6618e5ecdcab8f52f7d50a8e93e4acd210
https://data.lpdaac.earthdatacloud.nasa.gov/lp-prod-protected/ECO_L2T_LSTE.002/ECOv002_L2T_LSTE_28523_004_12SUB_20230718T014324_0712_02/ECOv002_L2T_LSTE_28523_004_12SUB_20230718T014324_0712_02_water.tif,ECO_L2T_LSTE.002,ECOv002_L2T_LSTE_28523_004_12SUB_20230718T014324_0712_02_water.tif,2026-06-09,sha256:410ef6b4568b66d9e839e93b53fc241a49855cf697fe83b5d8e0c57999e8a728
https://data.lpdaac.earthdatacloud.nasa.gov/lp-prod-protected/ECO_L2T_LSTE.002/ECOv002_L2T_LSTE_28523_004_12SUB_20230718T014324_0712_02/ECOv002_L2T_LSTE_28523_004_12SUB_20230718T014324_0712_02_cloud.tif,ECO_L2T_LSTE.002,ECOv002_L2T_LSTE_28523_004_12SUB_20230718T014324_0712_02_cloud.tif,2026-06-09,sha256:12926d44db3ee3fcbab890cac674f9849409445af7a5d5599a008ed2ac1cc1ca
https://data.lpdaac.earthdatacloud.nasa.gov/lp-prod-protected/ECO_L2T_LSTE.002/ECOv002_L2T_LSTE_28523_004_12SUB_20230718T014324_0712_02/ECOv002_L2T_LSTE_28523_004_12SUB_20230718T014324_0712_02_height.tif,ECO_L2T_LSTE.002,ECOv002_L2T_LSTE_28523_004_12SUB_20230718T014324_0712_02_height.tif,2026-06-09,sha256:c3df5a3e0bb4b04d0fa61216b260fe7834ee8f55844e1c4269e698bf2b77e328
https://data.lpdaac.earthdatacloud.nasa.gov/lp-prod-protected/ECO_L2T_LSTE.002/ECOv002_L2T_LSTE_28523_004_12SUB_20230718T014324_0712_02/ECOv002_L2T_LSTE_28523_004_12SUB_20230718T014324_0712_02_QC.tif,ECO_L2T_LSTE.002,ECOv002_L2T_LSTE_28523_004_12SUB_20230718T014324_0712_02_QC.tif,2026-06-09,sha256:2e1363222398b968a55d73a6479716204c9638eac553e1c9fe369da766cf6abd
https://data.lpdaac.earthdatacloud.nasa.gov/lp-prod-protected/ECO_L2T_LSTE.002/ECOv002_L2T_LSTE_28523_004_12SUB_20230718T014324_0712_02/ECOv002_L2T_LSTE_28523_004_12SUB_20230718T014324_0712_02_LST.tif,ECO_L2T_LSTE.002,ECOv002_L2T_LSTE_28523_004_12SUB_20230718T014324_0712_02_LST.tif,2026-06-09,sha256:9a8e583e3bc55b551b68bb65498b1e19a552fcfddc564856575f87bb406d86bc
https://data.lpdaac.earthdatacloud.nasa.gov/lp-prod-protected/ECO_L2T_LSTE.002/ECOv002_L2T_LSTE_28523_004_12SVB_20230718T014324_0712_02/ECOv002_L2T_LSTE_28523_004_12SVB_20230718T014324_0712_02_water.tif,ECO_L2T_LSTE.002,ECOv002_L2T_LSTE_28523_004_12SVB_20230718T014324_0712_02_water.tif,2026-06-09,sha256:7b9db604950c2da0aaf22eb2e3b2482a76311663013d874e1cf59f0cc62b1c34
https://data.lpdaac.earthdatacloud.nasa.gov/lp-prod-protected/ECO_L2T_LSTE.002/ECOv002_L2T_LSTE_28523_004_12SVB_20230718T014324_0712_02/ECOv002_L2T_LSTE_28523_004_12SVB_20230718T014324_0712_02_cloud.tif,ECO_L2T_LSTE.002,ECOv002_L2T_LSTE_28523_004_12SVB_20230718T014324_0712_02_cloud.tif,2026-06-09,sha256:9c843a616c0fd396fdb89e088f793bb3e983c657426fb8204c37a3caac2385c2
https://data.lpdaac.earthdatacloud.nasa.gov/lp-prod-protected/ECO_L2T_LSTE.002/ECOv002_L2T_LSTE_28523_004_12SVB_20230718T014324_0712_02/ECOv002_L2T_LSTE_28523_004_12SVB_20230718T014324_0712_02_height.tif,ECO_L2T_LSTE.002,ECOv002_L2T_LSTE_28523_004_12SVB_20230718T014324_0712_02_height.tif,2026-06-09,sha256:9aae337e41c05efcf78987164b6e749bb4e47aad6050c3a56ea51ac32eaab325
https://data.lpdaac.earthdatacloud.nasa.gov/lp-prod-protected/ECO_L2T_LSTE.002/ECOv002_L2T_LSTE_28523_004_12SVB_20230718T014324_0712_02/ECOv002_L2T_LSTE_28523_004_12SVB_20230718T014324_0712_02_QC.tif,ECO_L2T_LSTE.002,ECOv002_L2T_LSTE_28523_004_12SVB_20230718T014324_0712_02_QC.tif,2026-06-09,sha256:b2e7ef782f40a4995a68188c49c60bb569d1a27959c7251bca0a17ccc96b328e
https://data.lpdaac.earthdatacloud.nasa.gov/lp-prod-protected/ECO_L2T_LSTE.002/ECOv002_L2T_LSTE_28523_004_12SVB_20230718T014324_0712_02/ECOv002_L2T_LSTE_28523_004_12SVB_20230718T014324_0712_02_LST.tif,ECO_L2T_LSTE.002,ECOv002_L2T_LSTE_28523_004_12SVB_20230718T014324_0712_02_LST.tif,2026-06-09,sha256:f0734268b5e8f0f5347be64629ef077eceaa0eaf4ab43ef0dbc6a556d236b72d
https://data.lpdaac.earthdatacloud.nasa.gov/lp-prod-protected/ECO_L2T_LSTE.002/ECOv002_L2T_LSTE_28523_004_12SUC_20230718T014324_0712_02/ECOv002_L2T_LSTE_28523_004_12SUC_20230718T014324_0712_02_water.tif,ECO_L2T_LSTE.002,ECOv002_L2T_LSTE_28523_004_12SUC_20230718T014324_0712_02_water.tif,2026-06-09,sha256:1c2b2240a2b25c5ba8ef9ccdf770f3c9c842d8a6d5e368ecc7061e2c78680a75
https://data.lpdaac.earthdatacloud.nasa.gov/lp-prod-protected/ECO_L2T_LSTE.002/ECOv002_L2T_LSTE_28523_004_12SUC_20230718T014324_0712_02/ECOv002_L2T_LSTE_28523_004_12SUC_20230718T014324_0712_02_cloud.tif,ECO_L2T_LSTE.002,ECOv002_L2T_LSTE_28523_004_12SUC_20230718T014324_0712_02_cloud.tif,2026-06-09,sha256:4f713ba86c4dbce0af0a51747a3caaf5b1653db12be9bc782e56c6c5486e562d
https://data.lpdaac.earthdatacloud.nasa.gov/lp-prod-protected/ECO_L2T_LSTE.002/ECOv002_L2T_LSTE_28523_004_12SUC_20230718T014324_0712_02/ECOv002_L2T_LSTE_28523_004_12SUC_20230718T014324_0712_02_height.tif,ECO_L2T_LSTE.002,ECOv002_L2T_LSTE_28523_004_12SUC_20230718T014324_0712_02_height.tif,2026-06-09,sha256:d6ea73a66a4342d33c574c0fca983f868b0377a83054249c98044ebc80693c7c
https://data.lpdaac.earthdatacloud.nasa.gov/lp-prod-protected/ECO_L2T_LSTE.002/ECOv002_L2T_LSTE_28523_004_12SUC_20230718T014324_0712_02/ECOv002_L2T_LSTE_28523_004_12SUC_20230718T014324_0712_02_QC.tif,ECO_L2T_LSTE.002,ECOv002_L2T_LSTE_28523_004_12SUC_20230718T014324_0712_02_QC.tif,2026-06-09,sha256:5d2db6497cad034b6dd7af532069dd69797ebd3006302f71dc6e0e316c043b73
https://data.lpdaac.earthdatacloud.nasa.gov/lp-prod-protected/ECO_L2T_LSTE.002/ECOv002_L2T_LSTE_28523_004_12SUC_20230718T014324_0712_02/ECOv002_L2T_LSTE_28523_004_12SUC_20230718T014324_0712_02_LST.tif,ECO_L2T_LSTE.002,ECOv002_L2T_LSTE_28523_004_12SUC_20230718T014324_0712_02_LST.tif,2026-06-09,sha256:0a50c3c3663977102b8cc5103d679bd1a687ba818a04f212437358be3f26aa71
https://data.lpdaac.earthdatacloud.nasa.gov/lp-prod-protected/ECO_L2T_LSTE.002/ECOv002_L2T_LSTE_28523_004_12SVC_20230718T014324_0712_02/ECOv002_L2T_LSTE_28523_004_12SVC_20230718T014324_0712_02_water.tif,ECO_L2T_LSTE.002,ECOv002_L2T_LSTE_28523_004_12SVC_20230718T014324_0712_02_water.tif,2026-06-09,sha256:8c172bd21994c0ea588736620df8b73effef44c4f37b4a29615e4b96fb7d1c7e
https://data.lpdaac.earthdatacloud.nasa.gov/lp-prod-protected/ECO_L2T_LSTE.002/ECOv002_L2T_LSTE_28523_004_12SVC_20230718T014324_0712_02/ECOv002_L2T_LSTE_28523_004_12SVC_20230718T014324_0712_02_cloud.tif,ECO_L2T_LSTE.002,ECOv002_L2T_LSTE_28523_004_12SVC_20230718T014324_0712_02_cloud.tif,2026-06-09,sha256:78b301386f9faf48411aac3da9e9632e8ce65dc02354767866645f527ebf660f
https://data.lpdaac.earthdatacloud.nasa.gov/lp-prod-protected/ECO_L2T_LSTE.002/ECOv002_L2T_LSTE_28523_004_12SVC_20230718T014324_0712_02/ECOv002_L2T_LSTE_28523_004_12SVC_20230718T014324_0712_02_height.tif,ECO_L2T_LSTE.002,ECOv002_L2T_LSTE_28523_004_12SVC_20230718T014324_0712_02_height.tif,2026-06-09,sha256:77dec2e195c59c9945e4516b2c451f8a768c10cf1f48999f753fb9abebecc235
https://data.lpdaac.earthdatacloud.nasa.gov/lp-prod-protected/ECO_L2T_LSTE.002/ECOv002_L2T_LSTE_28523_004_12SVC_20230718T014324_0712_02/ECOv002_L2T_LSTE_28523_004_12SVC_20230718T014324_0712_02_QC.tif,ECO_L2T_LSTE.002,ECOv002_L2T_LSTE_28523_004_12SVC_20230718T014324_0712_02_QC.tif,2026-06-09,sha256:ee7d447afb636ca8228ff3afe32bd74507b53f678feb7b027654fab82a39e96f
https://data.lpdaac.earthdatacloud.nasa.gov/lp-prod-protected/ECO_L2T_LSTE.002/ECOv002_L2T_LSTE_28523_004_12SVC_20230718T014324_0712_02/ECOv002_L2T_LSTE_28523_004_12SVC_20230718T014324_0712_02_LST.tif,ECO_L2T_LSTE.002,ECOv002_L2T_LSTE_28523_004_12SVC_20230718T014324_0712_02_LST.tif,2026-06-09,sha256:ce1ad07d8bf92375100e22c52fc1869652c4d9255b4c3587c3b818c3f1bc433f
https://data.lpdaac.earthdatacloud.nasa.gov/lp-prod-protected/ECO_L2T_LSTE.002/ECOv002_L2T_LSTE_28558_011_12SUC_20230720T081449_0710_01/ECOv002_L2T_LSTE_28558_011_12SUC_20230720T081449_0710_01_water.tif,ECO_L2T_LSTE.002,ECOv002_L2T_LSTE_28558_011_12SUC_20230720T081449_0710_01_water.tif,2026-06-09,sha256:f2744d4848db3cba86e8a789174f17e83fbe1d7a3334dd3f73e34b1f7e1db354
https://data.lpdaac.earthdatacloud.nasa.gov/lp-prod-protected/ECO_L2T_LSTE.002/ECOv002_L2T_LSTE_28558_011_12SUC_20230720T081449_0710_01/ECOv002_L2T_LSTE_28558_011_12SUC_20230720T081449_0710_01_cloud.tif,ECO_L2T_LSTE.002,ECOv002_L2T_LSTE_28558_011_12SUC_20230720T081449_0710_01_cloud.tif,2026-06-09,sha256:d807057beeddab1fee39237ff133e2aec248cee2cf135bce7f3c56e5d1afb6c9
https://data.lpdaac.earthdatacloud.nasa.gov/lp-prod-protected/ECO_L2T_LSTE.002/ECOv002_L2T_LSTE_28558_011_12SUC_20230720T081449_0710_01/ECOv002_L2T_LSTE_28558_011_12SUC_20230720T081449_0710_01_height.tif,ECO_L2T_LSTE.002,ECOv002_L2T_LSTE_28558_011_12SUC_20230720T081449_0710_01_height.tif,2026-06-09,sha256:09eaa734fd618bbd72b86ffd0e493212e924eacb2ddfc211edba1022e3875094
https://data.lpdaac.earthdatacloud.nasa.gov/lp-prod-protected/ECO_L2T_LSTE.002/ECOv002_L2T_LSTE_28558_011_12SUC_20230720T081449_0710_01/ECOv002_L2T_LSTE_28558_011_12SUC_20230720T081449_0710_01_QC.tif,ECO_L2T_LSTE.002,ECOv002_L2T_LSTE_28558_011_12SUC_20230720T081449_0710_01_QC.tif,2026-06-09,sha256:103533c0787c179f4fb167975e8fb5c48cef99d52ba33075ef674ca272abbedf
https://data.lpdaac.earthdatacloud.nasa.gov/lp-prod-protected/ECO_L2T_LSTE.002/ECOv002_L2T_LSTE_28558_011_12SUC_20230720T081449_0710_01/ECOv002_L2T_LSTE_28558_011_12SUC_20230720T081449_0710_01_LST.tif,ECO_L2T_LSTE.002,ECOv002_L2T_LSTE_28558_011_12SUC_20230720T081449_0710_01_LST.tif,2026-06-09,sha256:539b4c6f050d152f37a712b1c0a91f24ddc32108e31be693a83b6671131aeae3
https://data.lpdaac.earthdatacloud.nasa.gov/lp-prod-protected/ECO_L2T_LSTE.002/ECOv002_L2T_LSTE_28558_011_12SVC_20230720T081449_0710_01/ECOv002_L2T_LSTE_28558_011_12SVC_20230720T081449_0710_01_water.tif,ECO_L2T_LSTE.002,ECOv002_L2T_LSTE_28558_011_12SVC_20230720T081449_0710_01_water.tif,2026-06-09,sha256:1d4459627d8a9675ab12dadd21bb28d082bb0c3e171c8d12ccf24a99402fa5e7
https://data.lpdaac.earthdatacloud.nasa.gov/lp-prod-protected/ECO_L2T_LSTE.002/ECOv002_L2T_LSTE_28558_011_12SVC_20230720T081449_0710_01/ECOv002_L2T_LSTE_28558_011_12SVC_20230720T081449_0710_01_cloud.tif,ECO_L2T_LSTE.002,ECOv002_L2T_LSTE_28558_011_12SVC_20230720T081449_0710_01_cloud.tif,2026-06-09,sha256:1d4459627d8a9675ab12dadd21bb28d082bb0c3e171c8d12ccf24a99402fa5e7
https://data.lpdaac.earthdatacloud.nasa.gov/lp-prod-protected/ECO_L2T_LSTE.002/ECOv002_L2T_LSTE_28558_011_12SVC_20230720T081449_0710_01/ECOv002_L2T_LSTE_28558_011_12SVC_20230720T081449_0710_01_height.tif,ECO_L2T_LSTE.002,ECOv002_L2T_LSTE_28558_011_12SVC_20230720T081449_0710_01_height.tif,2026-06-09,sha256:318e75a28a57a68a633e551153b90953c62595a19dfccc3c728be449fd182ec9
https://data.lpdaac.earthdatacloud.nasa.gov/lp-prod-protected/ECO_L2T_LSTE.002/ECOv002_L2T_LSTE_28558_011_12SVC_20230720T081449_0710_01/ECOv002_L2T_LSTE_28558_011_12SVC_20230720T081449_0710_01_QC.tif,ECO_L2T_LSTE.002,ECOv002_L2T_LSTE_28558_011_12SVC_20230720T081449_0710_01_QC.tif,2026-06-09,sha256:aea6d0113c92e8e2614cfaaafa720570674bcd3611fb5d96dcd61a8461f8919f
https://data.lpdaac.earthdatacloud.nasa.gov/lp-prod-protected/ECO_L2T_LSTE.002/ECOv002_L2T_LSTE_28558_011_12SVC_20230720T081449_0710_01/ECOv002_L2T_LSTE_28558_011_12SVC_20230720T081449_0710_01_LST.tif,ECO_L2T_LSTE.002,ECOv002_L2T_LSTE_28558_011_12SVC_20230720T081449_0710_01_LST.tif,2026-06-09,sha256:1343bfbe5db3a030f3ccbd1ea6f0cfb5dd4915f52202d367a97cd3c90223f31a
https://data.lpdaac.earthdatacloud.nasa.gov/lp-prod-protected/ECO_L2T_LSTE.002/ECOv002_L2T_LSTE_28558_011_12SUC_20230720T081449_0712_02/ECOv002_L2T_LSTE_28558_011_12SUC_20230720T081449_0712_02_water.tif,ECO_L2T_LSTE.002,ECOv002_L2T_LSTE_28558_011_12SUC_20230720T081449_0712_02_water.tif,2026-06-09,sha256:a174e45af359dd82516a0e070ed3c440eedb8f64a5f7d98b5785d354e1f43b7b
https://data.lpdaac.earthdatacloud.nasa.gov/lp-prod-protected/ECO_L2T_LSTE.002/ECOv002_L2T_LSTE_28558_011_12SUC_20230720T081449_0712_02/ECOv002_L2T_LSTE_28558_011_12SUC_20230720T081449_0712_02_cloud.tif,ECO_L2T_LSTE.002,ECOv002_L2T_LSTE_28558_011_12SUC_20230720T081449_0712_02_cloud.tif,2026-06-09,sha256:81aaa7d6c7f7b2600c6d08909a4bb4c4690d15ab4ad279602ae5c870fdbfc4a5
https://data.lpdaac.earthdatacloud.nasa.gov/lp-prod-protected/ECO_L2T_LSTE.002/ECOv002_L2T_LSTE_28558_011_12SUC_20230720T081449_0712_02/ECOv002_L2T_LSTE_28558_011_12SUC_20230720T081449_0712_02_height.tif,ECO_L2T_LSTE.002,ECOv002_L2T_LSTE_28558_011_12SUC_20230720T081449_0712_02_height.tif,2026-06-09,sha256:bfc582866d3afa6d6379969581e84762c2ae091c7574a1233b695fb3fb7cdaec
https://data.lpdaac.earthdatacloud.nasa.gov/lp-prod-protected/ECO_L2T_LSTE.002/ECOv002_L2T_LSTE_28558_011_12SUC_20230720T081449_0712_02/ECOv002_L2T_LSTE_28558_011_12SUC_20230720T081449_0712_02_QC.tif,ECO_L2T_LSTE.002,ECOv002_L2T_LSTE_28558_011_12SUC_20230720T081449_0712_02_QC.tif,2026-06-09,sha256:556a6558550abb9e61584ad3fd505a32b2a34c3e275596c1d81edcb5437b84fd
https://data.lpdaac.earthdatacloud.nasa.gov/lp-prod-protected/ECO_L2T_LSTE.002/ECOv002_L2T_LSTE_28558_011_12SUC_20230720T081449_0712_02/ECOv002_L2T_LSTE_28558_011_12SUC_20230720T081449_0712_02_LST.tif,ECO_L2T_LSTE.002,ECOv002_L2T_LSTE_28558_011_12SUC_20230720T081449_0712_02_LST.tif,2026-06-09,sha256:bc1e8d9d37f463fc3cb3ab86c26175f90a5aa2183f4993c757f4029e5b772a3f
https://data.lpdaac.earthdatacloud.nasa.gov/lp-prod-protected/ECO_L2T_LSTE.002/ECOv002_L2T_LSTE_28558_011_12SVC_20230720T081449_0712_02/ECOv002_L2T_LSTE_28558_011_12SVC_20230720T081449_0712_02_water.tif,ECO_L2T_LSTE.002,ECOv002_L2T_LSTE_28558_011_12SVC_20230720T081449_0712_02_water.tif,2026-06-09,sha256:1d4459627d8a9675ab12dadd21bb28d082bb0c3e171c8d12ccf24a99402fa5e7
https://data.lpdaac.earthdatacloud.nasa.gov/lp-prod-protected/ECO_L2T_LSTE.002/ECOv002_L2T_LSTE_28558_011_12SVC_20230720T081449_0712_02/ECOv002_L2T_LSTE_28558_011_12SVC_20230720T081449_0712_02_cloud.tif,ECO_L2T_LSTE.002,ECOv002_L2T_LSTE_28558_011_12SVC_20230720T081449_0712_02_cloud.tif,2026-06-09,sha256:1d4459627d8a9675ab12dadd21bb28d082bb0c3e171c8d12ccf24a99402fa5e7
https://data.lpdaac.earthdatacloud.nasa.gov/lp-prod-protected/ECO_L2T_LSTE.002/ECOv002_L2T_LSTE_28558_011_12SVC_20230720T081449_0712_02/ECOv002_L2T_LSTE_28558_011_12SVC_20230720T081449_0712_02_height.tif,ECO_L2T_LSTE.002,ECOv002_L2T_LSTE_28558_011_12SVC_20230720T081449_0712_02_height.tif,2026-06-09,sha256:8baebf3b6e6ccd2de408a021ba916dc4a7c151b8fbbf9629c5b4a9b5012e20f1
https://data.lpdaac.earthdatacloud.nasa.gov/lp-prod-protected/ECO_L2T_LSTE.002/ECOv002_L2T_LSTE_28558_011_12SVC_20230720T081449_0712_02/ECOv002_L2T_LSTE_28558_011_12SVC_20230720T081449_0712_02_QC.tif,ECO_L2T_LSTE.002,ECOv002_L2T_LSTE_28558_011_12SVC_20230720T081449_0712_02_QC.tif,2026-06-09,sha256:96862137f26ff4a9894b8cd15b68c9d9084ea3b9898c0e2da41bdbe2ee2f5d31
https://data.lpdaac.earthdatacloud.nasa.gov/lp-prod-protected/ECO_L2T_LSTE.002/ECOv002_L2T_LSTE_28558_011_12SVC_20230720T081449_0712_02/ECOv002_L2T_LSTE_28558_011_12SVC_20230720T081449_0712_02_LST.tif,ECO_L2T_LSTE.002,ECOv002_L2T_LSTE_28558_011_12SVC_20230720T081449_0712_02_LST.tif,2026-06-09,sha256:5c1f77e17d8f2faa85ee0088892b718537ed2fbbed5bce25a3b0964e8367608d
https://data.lpdaac.earthdatacloud.nasa.gov/lp-prod-protected/ECO_L2T_LSTE.002/ECOv002_L2T_LSTE_28599_003_12SVC_20230722T231825_0712_01/ECOv002_L2T_LSTE_28599_003_12SVC_20230722T231825_0712_01_water.tif,ECO_L2T_LSTE.002,ECOv002_L2T_LSTE_28599_003_12SVC_20230722T231825_0712_01_water.tif,2026-06-09,sha256:11240e9b74bc1290a8a10dde8efc325334e2cfc3787f3c1b2ec7c9678c297976
https://data.lpdaac.earthdatacloud.nasa.gov/lp-prod-protected/ECO_L2T_LSTE.002/ECOv002_L2T_LSTE_28599_003_12SVC_20230722T231825_0712_01/ECOv002_L2T_LSTE_28599_003_12SVC_20230722T231825_0712_01_cloud.tif,ECO_L2T_LSTE.002,ECOv002_L2T_LSTE_28599_003_12SVC_20230722T231825_0712_01_cloud.tif,2026-06-09,sha256:7dc93451da9a1b8257bb2db081d11ef9c7d4912585aa54ad6600e32238fb335e
https://data.lpdaac.earthdatacloud.nasa.gov/lp-prod-protected/ECO_L2T_LSTE.002/ECOv002_L2T_LSTE_28599_003_12SVC_20230722T231825_0712_01/ECOv002_L2T_LSTE_28599_003_12SVC_20230722T231825_0712_01_height.tif,ECO_L2T_LSTE.002,ECOv002_L2T_LSTE_28599_003_12SVC_20230722T231825_0712_01_height.tif,2026-06-09,sha256:652fb72c0cab52e5fac2de8469a9ef1d7a1390ec8df51c77e4548cb110ca3a6e
https://data.lpdaac.earthdatacloud.nasa.gov/lp-prod-protected/ECO_L2T_LSTE.002/ECOv002_L2T_LSTE_28599_003_12SVC_20230722T231825_0712_01/ECOv002_L2T_LSTE_28599_003_12SVC_20230722T231825_0712_01_QC.tif,ECO_L2T_LSTE.002,ECOv002_L2T_LSTE_28599_003_12SVC_20230722T231825_0712_01_QC.tif,2026-06-09,sha256:a89832a7ccf4e946292a5bc01476d46941d8c78589d4301d0c55ec35ff5b2b70
https://data.lpdaac.earthdatacloud.nasa.gov/lp-prod-protected/ECO_L2T_LSTE.002/ECOv002_L2T_LSTE_28599_003_12SVC_20230722T231825_0712_01/ECOv002_L2T_LSTE_28599_003_12SVC_20230722T231825_0712_01_LST.tif,ECO_L2T_LSTE.002,ECOv002_L2T_LSTE_28599_003_12SVC_20230722T231825_0712_01_LST.tif,2026-06-09,sha256:3b2d35decc103061db7493946508fc757b8fe986798c2d1c577e0c58fcf11e4f
https://data.lpdaac.earthdatacloud.nasa.gov/lp-prod-protected/ECO_L2T_LSTE.002/ECOv002_L2T_LSTE_28599_003_12SUB_20230722T231825_0712_01/ECOv002_L2T_LSTE_28599_003_12SUB_20230722T231825_0712_01_water.tif,ECO_L2T_LSTE.002,ECOv002_L2T_LSTE_28599_003_12SUB_20230722T231825_0712_01_water.tif,2026-06-09,sha256:12926d44db3ee3fcbab890cac674f9849409445af7a5d5599a008ed2ac1cc1ca
https://data.lpdaac.earthdatacloud.nasa.gov/lp-prod-protected/ECO_L2T_LSTE.002/ECOv002_L2T_LSTE_28599_003_12SUB_20230722T231825_0712_01/ECOv002_L2T_LSTE_28599_003_12SUB_20230722T231825_0712_01_cloud.tif,ECO_L2T_LSTE.002,ECOv002_L2T_LSTE_28599_003_12SUB_20230722T231825_0712_01_cloud.tif,2026-06-09,sha256:12926d44db3ee3fcbab890cac674f9849409445af7a5d5599a008ed2ac1cc1ca
https://data.lpdaac.earthdatacloud.nasa.gov/lp-prod-protected/ECO_L2T_LSTE.002/ECOv002_L2T_LSTE_28599_003_12SUB_20230722T231825_0712_01/ECOv002_L2T_LSTE_28599_003_12SUB_20230722T231825_0712_01_height.tif,ECO_L2T_LSTE.002,ECOv002_L2T_LSTE_28599_003_12SUB_20230722T231825_0712_01_height.tif,2026-06-09,sha256:48e824455ac466b797c6c9dfe0f6387a31b2082ccdd453df0592f2cac3ce840d
https://data.lpdaac.earthdatacloud.nasa.gov/lp-prod-protected/ECO_L2T_LSTE.002/ECOv002_L2T_LSTE_28599_003_12SUB_20230722T231825_0712_01/ECOv002_L2T_LSTE_28599_003_12SUB_20230722T231825_0712_01_QC.tif,ECO_L2T_LSTE.002,ECOv002_L2T_LSTE_28599_003_12SUB_20230722T231825_0712_01_QC.tif,2026-06-09,sha256:33b166dffc8400e46b3b0db392660f3ccf27f731d97d702c7b455adf86a01b82
https://data.lpdaac.earthdatacloud.nasa.gov/lp-prod-protected/ECO_L2T_LSTE.002/ECOv002_L2T_LSTE_28599_003_12SUB_20230722T231825_0712_01/ECOv002_L2T_LSTE_28599_003_12SUB_20230722T231825_0712_01_LST.tif,ECO_L2T_LSTE.002,ECOv002_L2T_LSTE_28599_003_12SUB_20230722T231825_0712_01_LST.tif,2026-06-09,sha256:f7f277818eecd1f289cb69ba54f363c33f70c80ffb9f9cc4f7fa0d392087c31c
https://data.lpdaac.earthdatacloud.nasa.gov/lp-prod-protected/ECO_L2T_LSTE.002/ECOv002_L2T_LSTE_28599_003_12SVB_20230722T231825_0712_01/ECOv002_L2T_LSTE_28599_003_12SVB_20230722T231825_0712_01_water.tif,ECO_L2T_LSTE.002,ECOv002_L2T_LSTE_28599_003_12SVB_20230722T231825_0712_01_water.tif,2026-06-09,sha256:6eb5f6ef60b5efcf2312464a91c387f17d81e9fd48916383df326456874a264f
https://data.lpdaac.earthdatacloud.nasa.gov/lp-prod-protected/ECO_L2T_LSTE.002/ECOv002_L2T_LSTE_28599_003_12SVB_20230722T231825_0712_01/ECOv002_L2T_LSTE_28599_003_12SVB_20230722T231825_0712_01_cloud.tif,ECO_L2T_LSTE.002,ECOv002_L2T_LSTE_28599_003_12SVB_20230722T231825_0712_01_cloud.tif,2026-06-09,sha256:38154cd1e05d492b4854fa1ca06091f6e13859ff507d18148930123462d78c2d
https://data.lpdaac.earthdatacloud.nasa.gov/lp-prod-protected/ECO_L2T_LSTE.002/ECOv002_L2T_LSTE_28599_003_12SVB_20230722T231825_0712_01/ECOv002_L2T_LSTE_28599_003_12SVB_20230722T231825_0712_01_height.tif,ECO_L2T_LSTE.002,ECOv002_L2T_LSTE_28599_003_12SVB_20230722T231825_0712_01_height.tif,2026-06-09,sha256:c71ba614895288b17e5d3f499fc981a1960cca99a2c1e6c6ca7bb9893776aa23
https://data.lpdaac.earthdatacloud.nasa.gov/lp-prod-protected/ECO_L2T_LSTE.002/ECOv002_L2T_LSTE_28599_003_12SVB_20230722T231825_0712_01/ECOv002_L2T_LSTE_28599_003_12SVB_20230722T231825_0712_01_QC.tif,ECO_L2T_LSTE.002,ECOv002_L2T_LSTE_28599_003_12SVB_20230722T231825_0712_01_QC.tif,2026-06-09,sha256:4ebcc01972c651698fc68e4aa8ea7c8b19c720d2ffc43bff72ab7d8045e0cc0e
https://data.lpdaac.earthdatacloud.nasa.gov/lp-prod-protected/ECO_L2T_LSTE.002/ECOv002_L2T_LSTE_28599_003_12SVB_20230722T231825_0712_01/ECOv002_L2T_LSTE_28599_003_12SVB_20230722T231825_0712_01_LST.tif,ECO_L2T_LSTE.002,ECOv002_L2T_LSTE_28599_003_12SVB_20230722T231825_0712_01_LST.tif,2026-06-09,sha256:df08804a0379f61febef47ddb4ccbf9d430b2c29803c254941bab9758bce420a
https://data.lpdaac.earthdatacloud.nasa.gov/lp-prod-protected/ECO_L2T_LSTE.002/ECOv002_L2T_LSTE_28619_008_12SVB_20230724T063910_0710_01/ECOv002_L2T_LSTE_28619_008_12SVB_20230724T063910_0710_01_water.tif,ECO_L2T_LSTE.002,ECOv002_L2T_LSTE_28619_008_12SVB_20230724T063910_0710_01_water.tif,2026-06-09,sha256:5330bdd59b721b9812d2cfacc468382dac52d2fcd60ace86d0589db82a6d4135
https://data.lpdaac.earthdatacloud.nasa.gov/lp-prod-protected/ECO_L2T_LSTE.002/ECOv002_L2T_LSTE_28619_008_12SVB_20230724T063910_0710_01/ECOv002_L2T_LSTE_28619_008_12SVB_20230724T063910_0710_01_cloud.tif,ECO_L2T_LSTE.002,ECOv002_L2T_LSTE_28619_008_12SVB_20230724T063910_0710_01_cloud.tif,2026-06-09,sha256:3704651d83139eb791db46dd0cab09ef788162a58ccfd6e1f04027d4535f5bd0
https://data.lpdaac.earthdatacloud.nasa.gov/lp-prod-protected/ECO_L2T_LSTE.002/ECOv002_L2T_LSTE_28619_008_12SVB_20230724T063910_0710_01/ECOv002_L2T_LSTE_28619_008_12SVB_20230724T063910_0710_01_height.tif,ECO_L2T_LSTE.002,ECOv002_L2T_LSTE_28619_008_12SVB_20230724T063910_0710_01_height.tif,2026-06-09,sha256:e1adc6dacbb1ed519ed47848399f522517dce746f87260b8c3770c14f9dcfa44
https://data.lpdaac.earthdatacloud.nasa.gov/lp-prod-protected/ECO_L2T_LSTE.002/ECOv002_L2T_LSTE_28619_008_12SVB_20230724T063910_0710_01/ECOv002_L2T_LSTE_28619_008_12SVB_20230724T063910_0710_01_QC.tif,ECO_L2T_LSTE.002,ECOv002_L2T_LSTE_28619_008_12SVB_20230724T063910_0710_01_QC.tif,2026-06-09,sha256:3e97b12c25d0ddfc7c179869e269b9e6b04cb57575c24dd70ee38a4c83e4eafc
https://data.lpdaac.earthdatacloud.nasa.gov/lp-prod-protected/ECO_L2T_LSTE.002/ECOv002_L2T_LSTE_28619_008_12SVB_20230724T063910_0710_01/ECOv002_L2T_LSTE_28619_008_12SVB_20230724T063910_0710_01_LST.tif,ECO_L2T_LSTE.002,ECOv002_L2T_LSTE_28619_008_12SVB_20230724T063910_0710_01_LST.tif,2026-06-09,sha256:474f958ea4c0972963353c6a1043cabca2a38c10e48881430c828045ad9b8728
https://data.lpdaac.earthdatacloud.nasa.gov/lp-prod-protected/ECO_L2T_LSTE.002/ECOv002_L2T_LSTE_28619_008_12SVC_20230724T063910_0710_01/ECOv002_L2T_LSTE_28619_008_12SVC_20230724T063910_0710_01_water.tif,ECO_L2T_LSTE.002,ECOv002_L2T_LSTE_28619_008_12SVC_20230724T063910_0710_01_water.tif,2026-06-09,sha256:8f6fb8ef9f864db2244bbfb0cf1b435fa7cb0944359a6e969da4b59b2a7764d3
https://data.lpdaac.earthdatacloud.nasa.gov/lp-prod-protected/ECO_L2T_LSTE.002/ECOv002_L2T_LSTE_28619_008_12SVC_20230724T063910_0710_01/ECOv002_L2T_LSTE_28619_008_12SVC_20230724T063910_0710_01_cloud.tif,ECO_L2T_LSTE.002,ECOv002_L2T_LSTE_28619_008_12SVC_20230724T063910_0710_01_cloud.tif,2026-06-09,sha256:d3782ac74becbdeb0affb450608b8fc3251cbd8e4b11f584737faadde251b97a
https://data.lpdaac.earthdatacloud.nasa.gov/lp-prod-protected/ECO_L2T_LSTE.002/ECOv002_L2T_LSTE_28619_008_12SVC_20230724T063910_0710_01/ECOv002_L2T_LSTE_28619_008_12SVC_20230724T063910_0710_01_height.tif,ECO_L2T_LSTE.002,ECOv002_L2T_LSTE_28619_008_12SVC_20230724T063910_0710_01_height.tif,2026-06-09,sha256:3adada088ac3ac8d0ecfbc4dfd0a0ee6eb7a0f7764c2920cfae95df4b50852d0
https://data.lpdaac.earthdatacloud.nasa.gov/lp-prod-protected/ECO_L2T_LSTE.002/ECOv002_L2T_LSTE_28619_008_12SVC_20230724T063910_0710_01/ECOv002_L2T_LSTE_28619_008_12SVC_20230724T063910_0710_01_LST.tif,ECO_L2T_LSTE.002,ECOv002_L2T_LSTE_28619_008_12SVC_20230724T063910_0710_01_LST.tif,2026-06-09,sha256:d47610d607515b1d9c17909508691efae80f45f6e566e35e9da8f912113b0a5b
https://data.lpdaac.earthdatacloud.nasa.gov/lp-prod-protected/ECO_L2T_LSTE.002/ECOv002_L2T_LSTE_28619_008_12SVC_20230724T063910_0710_01/ECOv002_L2T_LSTE_28619_008_12SVC_20230724T063910_0710_01_QC.tif,ECO_L2T_LSTE.002,ECOv002_L2T_LSTE_28619_008_12SVC_20230724T063910_0710_01_QC.tif,2026-06-09,sha256:ca19640c0af605a8f28d3a8b848b8b9e8ecc14363722e2645859a79dd41dec51
https://data.lpdaac.earthdatacloud.nasa.gov/lp-prod-protected/ECO_L2T_LSTE.002/ECOv002_L2T_LSTE_28619_008_12SVC_20230724T063910_0712_02/ECOv002_L2T_LSTE_28619_008_12SVC_20230724T063910_0712_02_water.tif,ECO_L2T_LSTE.002,ECOv002_L2T_LSTE_28619_008_12SVC_20230724T063910_0712_02_water.tif,2026-06-09,sha256:798c104695a3950f260c4220462cc828f32adca2e28cf1fec3bb0918889cea8a
https://data.lpdaac.earthdatacloud.nasa.gov/lp-prod-protected/ECO_L2T_LSTE.002/ECOv002_L2T_LSTE_28619_008_12SVC_20230724T063910_0712_02/ECOv002_L2T_LSTE_28619_008_12SVC_20230724T063910_0712_02_cloud.tif,ECO_L2T_LSTE.002,ECOv002_L2T_LSTE_28619_008_12SVC_20230724T063910_0712_02_cloud.tif,2026-06-09,sha256:aa31156d9ffebc38ea7fd37ce7552cfe776512d9955664b17a91cda0fc1c39ba
https://data.lpdaac.earthdatacloud.nasa.gov/lp-prod-protected/ECO_L2T_LSTE.002/ECOv002_L2T_LSTE_28619_008_12SVC_20230724T063910_0712_02/ECOv002_L2T_LSTE_28619_008_12SVC_20230724T063910_0712_02_height.tif,ECO_L2T_LSTE.002,ECOv002_L2T_LSTE_28619_008_12SVC_20230724T063910_0712_02_height.tif,2026-06-09,sha256:e64caefd208ca66006df004ad196e36d25ce2f061541fa50c3d083d471dc54a3
https://data.lpdaac.earthdatacloud.nasa.gov/lp-prod-protected/ECO_L2T_LSTE.002/ECOv002_L2T_LSTE_28619_008_12SVC_20230724T063910_0712_02/ECOv002_L2T_LSTE_28619_008_12SVC_20230724T063910_0712_02_QC.tif,ECO_L2T_LSTE.002,ECOv002_L2T_LSTE_28619_008_12SVC_20230724T063910_0712_02_QC.tif,2026-06-09,sha256:9f8653f6aa49b0fde123a8a8af90d65b71e6f645b38de7e170c506b6b45e9835
https://data.lpdaac.earthdatacloud.nasa.gov/lp-prod-protected/ECO_L2T_LSTE.002/ECOv002_L2T_LSTE_28619_008_12SVC_20230724T063910_0712_02/ECOv002_L2T_LSTE_28619_008_12SVC_20230724T063910_0712_02_LST.tif,ECO_L2T_LSTE.002,ECOv002_L2T_LSTE_28619_008_12SVC_20230724T063910_0712_02_LST.tif,2026-06-09,sha256:98b5e3977534418a6e914b53f2b7dc304840175dd9686844eaef900c770430e3
https://data.lpdaac.earthdatacloud.nasa.gov/lp-prod-protected/ECO_L2T_LSTE.002/ECOv002_L2T_LSTE_28619_008_12SVB_20230724T063910_0712_02/ECOv002_L2T_LSTE_28619_008_12SVB_20230724T063910_0712_02_water.tif,ECO_L2T_LSTE.002,ECOv002_L2T_LSTE_28619_008_12SVB_20230724T063910_0712_02_water.tif,2026-06-09,sha256:5330bdd59b721b9812d2cfacc468382dac52d2fcd60ace86d0589db82a6d4135
https://data.lpdaac.earthdatacloud.nasa.gov/lp-prod-protected/ECO_L2T_LSTE.002/ECOv002_L2T_LSTE_28619_008_12SVB_20230724T063910_0712_02/ECOv002_L2T_LSTE_28619_008_12SVB_20230724T063910_0712_02_cloud.tif,ECO_L2T_LSTE.002,ECOv002_L2T_LSTE_28619_008_12SVB_20230724T063910_0712_02_cloud.tif,2026-06-09,sha256:7af89cc1b5f25459f73be5a41dba1be51337b7f760b957a3f57ae14748897c7a
https://data.lpdaac.earthdatacloud.nasa.gov/lp-prod-protected/ECO_L2T_LSTE.002/ECOv002_L2T_LSTE_28619_008_12SVB_20230724T063910_0712_02/ECOv002_L2T_LSTE_28619_008_12SVB_20230724T063910_0712_02_height.tif,ECO_L2T_LSTE.002,ECOv002_L2T_LSTE_28619_008_12SVB_20230724T063910_0712_02_height.tif,2026-06-09,sha256:ae183b12108f039d25b141340c07172e6c6a236c842da062a3e67194467296ee
https://data.lpdaac.earthdatacloud.nasa.gov/lp-prod-protected/ECO_L2T_LSTE.002/ECOv002_L2T_LSTE_28619_008_12SVB_20230724T063910_0712_02/ECOv002_L2T_LSTE_28619_008_12SVB_20230724T063910_0712_02_QC.tif,ECO_L2T_LSTE.002,ECOv002_L2T_LSTE_28619_008_12SVB_20230724T063910_0712_02_QC.tif,2026-06-09,sha256:10a76f5155761f81effe66709a0d9beb192b19dadd1ac969a68dc1ad1870fea2
https://data.lpdaac.earthdatacloud.nasa.gov/lp-prod-protected/ECO_L2T_LSTE.002/ECOv002_L2T_LSTE_28619_008_12SVB_20230724T063910_0712_02/ECOv002_L2T_LSTE_28619_008_12SVB_20230724T063910_0712_02_LST.tif,ECO_L2T_LSTE.002,ECOv002_L2T_LSTE_28619_008_12SVB_20230724T063910_0712_02_LST.tif,2026-06-09,sha256:85aeae3475dab306a56e087f177b847c69cc51a0378060986be60a0e34882dee
https://data.lpdaac.earthdatacloud.nasa.gov/lp-prod-protected/ECO_L2T_LSTE.002/ECOv002_L2T_LSTE_28660_001_12SVB_20230726T214136_0710_01/ECOv002_L2T_LSTE_28660_001_12SVB_20230726T214136_0710_01_water.tif,ECO_L2T_LSTE.002,ECOv002_L2T_LSTE_28660_001_12SVB_20230726T214136_0710_01_water.tif,2026-06-09,sha256:5330bdd59b721b9812d2cfacc468382dac52d2fcd60ace86d0589db82a6d4135
https://data.lpdaac.earthdatacloud.nasa.gov/lp-prod-protected/ECO_L2T_LSTE.002/ECOv002_L2T_LSTE_28660_001_12SVB_20230726T214136_0710_01/ECOv002_L2T_LSTE_28660_001_12SVB_20230726T214136_0710_01_cloud.tif,ECO_L2T_LSTE.002,ECOv002_L2T_LSTE_28660_001_12SVB_20230726T214136_0710_01_cloud.tif,2026-06-09,sha256:5330bdd59b721b9812d2cfacc468382dac52d2fcd60ace86d0589db82a6d4135
https://data.lpdaac.earthdatacloud.nasa.gov/lp-prod-protected/ECO_L2T_LSTE.002/ECOv002_L2T_LSTE_28660_001_12SVB_20230726T214136_0710_01/ECOv002_L2T_LSTE_28660_001_12SVB_20230726T214136_0710_01_height.tif,ECO_L2T_LSTE.002,ECOv002_L2T_LSTE_28660_001_12SVB_20230726T214136_0710_01_height.tif,2026-06-09,sha256:be904f299e483e4dca481d5ca276d9bd42070c3b1e455308ad8f7bbb5d4a6f3f
https://data.lpdaac.earthdatacloud.nasa.gov/lp-prod-protected/ECO_L2T_LSTE.002/ECOv002_L2T_LSTE_28660_001_12SVB_20230726T214136_0710_01/ECOv002_L2T_LSTE_28660_001_12SVB_20230726T214136_0710_01_QC.tif,ECO_L2T_LSTE.002,ECOv002_L2T_LSTE_28660_001_12SVB_20230726T214136_0710_01_QC.tif,2026-06-09,sha256:4eaa96b73ad0dd5ae807bd64100cc59ae3d9aa74ca4bf619f91836856ff09429
https://data.lpdaac.earthdatacloud.nasa.gov/lp-prod-protected/ECO_L2T_LSTE.002/ECOv002_L2T_LSTE_28660_001_12SVB_20230726T214136_0710_01/ECOv002_L2T_LSTE_28660_001_12SVB_20230726T214136_0710_01_LST.tif,ECO_L2T_LSTE.002,ECOv002_L2T_LSTE_28660_001_12SVB_20230726T214136_0710_01_LST.tif,2026-06-09,sha256:392eeb70435d78758824777589841188f2400d64a149c7595dc68a5af40bca0b
https://data.lpdaac.earthdatacloud.nasa.gov/lp-prod-protected/ECO_L2T_LSTE.002/ECOv002_L2T_LSTE_28660_001_12SVB_20230726T214136_0712_02/ECOv002_L2T_LSTE_28660_001_12SVB_20230726T214136_0712_02_water.tif,ECO_L2T_LSTE.002,ECOv002_L2T_LSTE_28660_001_12SVB_20230726T214136_0712_02_water.tif,2026-06-09,sha256:5330bdd59b721b9812d2cfacc468382dac52d2fcd60ace86d0589db82a6d4135
https://data.lpdaac.earthdatacloud.nasa.gov/lp-prod-protected/ECO_L2T_LSTE.002/ECOv002_L2T_LSTE_28660_001_12SVB_20230726T214136_0712_02/ECOv002_L2T_LSTE_28660_001_12SVB_20230726T214136_0712_02_cloud.tif,ECO_L2T_LSTE.002,ECOv002_L2T_LSTE_28660_001_12SVB_20230726T214136_0712_02_cloud.tif,2026-06-09,sha256:5330bdd59b721b9812d2cfacc468382dac52d2fcd60ace86d0589db82a6d4135
https://data.lpdaac.earthdatacloud.nasa.gov/lp-prod-protected/ECO_L2T_LSTE.002/ECOv002_L2T_LSTE_28660_001_12SVB_20230726T214136_0712_02/ECOv002_L2T_LSTE_28660_001_12SVB_20230726T214136_0712_02_height.tif,ECO_L2T_LSTE.002,ECOv002_L2T_LSTE_28660_001_12SVB_20230726T214136_0712_02_height.tif,2026-06-09,sha256:b8f731dce7ef310e3557250d93246f09148a42c8118a733a38da8beb03125917
https://data.lpdaac.earthdatacloud.nasa.gov/lp-prod-protected/ECO_L2T_LSTE.002/ECOv002_L2T_LSTE_28660_001_12SVB_20230726T214136_0712_02/ECOv002_L2T_LSTE_28660_001_12SVB_20230726T214136_0712_02_QC.tif,ECO_L2T_LSTE.002,ECOv002_L2T_LSTE_28660_001_12SVB_20230726T214136_0712_02_QC.tif,2026-06-09,sha256:62cca3d1ed69f029e67b90189aed7d78a51306bdb46b848f97c26be120b2da7a
https://data.lpdaac.earthdatacloud.nasa.gov/lp-prod-protected/ECO_L2T_LSTE.002/ECOv002_L2T_LSTE_28660_001_12SVB_20230726T214136_0712_02/ECOv002_L2T_LSTE_28660_001_12SVB_20230726T214136_0712_02_LST.tif,ECO_L2T_LSTE.002,ECOv002_L2T_LSTE_28660_001_12SVB_20230726T214136_0712_02_LST.tif,2026-06-09,sha256:6a3c2cac28bd48a0edf25aae283d86fd18a749b9f2184421cd9a74603d2acba7
https://data.lpdaac.earthdatacloud.nasa.gov/lp-prod-protected/ECO_L2T_LSTE.002/ECOv002_L2T_LSTE_28706_004_12SUB_20230729T205303_0710_01/ECOv002_L2T_LSTE_28706_004_12SUB_20230729T205303_0710_01_water.tif,ECO_L2T_LSTE.002,ECOv002_L2T_LSTE_28706_004_12SUB_20230729T205303_0710_01_water.tif,2026-06-09,sha256:0c45d5df834f0f9c01fbb4bd290742e5d4a574a7ad2d1f06a26e0ace5c5f923f
https://data.lpdaac.earthdatacloud.nasa.gov/lp-prod-protected/ECO_L2T_LSTE.002/ECOv002_L2T_LSTE_28706_004_12SUB_20230729T205303_0710_01/ECOv002_L2T_LSTE_28706_004_12SUB_20230729T205303_0710_01_cloud.tif,ECO_L2T_LSTE.002,ECOv002_L2T_LSTE_28706_004_12SUB_20230729T205303_0710_01_cloud.tif,2026-06-09,sha256:1a7c87cf8d9196395e007bcebbbb2f8b6ca9953ddd9231d9f8012b4ee7e278d6
https://data.lpdaac.earthdatacloud.nasa.gov/lp-prod-protected/ECO_L2T_LSTE.002/ECOv002_L2T_LSTE_28706_004_12SUB_20230729T205303_0710_01/ECOv002_L2T_LSTE_28706_004_12SUB_20230729T205303_0710_01_height.tif,ECO_L2T_LSTE.002,ECOv002_L2T_LSTE_28706_004_12SUB_20230729T205303_0710_01_height.tif,2026-06-09,sha256:ed3fb0ff01efa4dae2b723361df074705cf67d4ef4a425a6b1d54cce4a0060ff
https://data.lpdaac.earthdatacloud.nasa.gov/lp-prod-protected/ECO_L2T_LSTE.002/ECOv002_L2T_LSTE_28706_004_12SUB_20230729T205303_0710_01/ECOv002_L2T_LSTE_28706_004_12SUB_20230729T205303_0710_01_QC.tif,ECO_L2T_LSTE.002,ECOv002_L2T_LSTE_28706_004_12SUB_20230729T205303_0710_01_QC.tif,2026-06-09,sha256:7d1c6b21886b86c0f3b42f9dafc6dd7b982e6d559409ecb99cca23441ef2a384
https://data.lpdaac.earthdatacloud.nasa.gov/lp-prod-protected/ECO_L2T_LSTE.002/ECOv002_L2T_LSTE_28706_004_12SUB_20230729T205303_0710_01/ECOv002_L2T_LSTE_28706_004_12SUB_20230729T205303_0710_01_LST.tif,ECO_L2T_LSTE.002,ECOv002_L2T_LSTE_28706_004_12SUB_20230729T205303_0710_01_LST.tif,2026-06-09,sha256:7fdefdb83a652a6f4d339713a1b7ba1b1ccaa685c14364206b7c34a1dfdcd76f
https://data.lpdaac.earthdatacloud.nasa.gov/lp-prod-protected/ECO_L2T_LSTE.002/ECOv002_L2T_LSTE_28706_004_12SUC_20230729T205303_0710_01/ECOv002_L2T_LSTE_28706_004_12SUC_20230729T205303_0710_01_water.tif,ECO_L2T_LSTE.002,ECOv002_L2T_LSTE_28706_004_12SUC_20230729T205303_0710_01_water.tif,2026-06-09,sha256:a62e4137e7e26726d87e1a3aace0e5c8b536e1c7b3b6ae26101b0f9fe0cb28a0
https://data.lpdaac.earthdatacloud.nasa.gov/lp-prod-protected/ECO_L2T_LSTE.002/ECOv002_L2T_LSTE_28706_004_12SUC_20230729T205303_0710_01/ECOv002_L2T_LSTE_28706_004_12SUC_20230729T205303_0710_01_cloud.tif,ECO_L2T_LSTE.002,ECOv002_L2T_LSTE_28706_004_12SUC_20230729T205303_0710_01_cloud.tif,2026-06-09,sha256:fcd2a2dbc28b8aa3a1eae2e80e10f26196a820b1b8fdf92ba8e7096da4cef08f
https://data.lpdaac.earthdatacloud.nasa.gov/lp-prod-protected/ECO_L2T_LSTE.002/ECOv002_L2T_LSTE_28706_004_12SUC_20230729T205303_0710_01/ECOv002_L2T_LSTE_28706_004_12SUC_20230729T205303_0710_01_height.tif,ECO_L2T_LSTE.002,ECOv002_L2T_LSTE_28706_004_12SUC_20230729T205303_0710_01_height.tif,2026-06-09,sha256:ce358c52a67471f31557bf08596aef286063ef7abb65986b7441c114efe07914
https://data.lpdaac.earthdatacloud.nasa.gov/lp-prod-protected/ECO_L2T_LSTE.002/ECOv002_L2T_LSTE_28706_004_12SUC_20230729T205303_0710_01/ECOv002_L2T_LSTE_28706_004_12SUC_20230729T205303_0710_01_QC.tif,ECO_L2T_LSTE.002,ECOv002_L2T_LSTE_28706_004_12SUC_20230729T205303_0710_01_QC.tif,2026-06-09,sha256:d435a82e1f72feacf4bac002abfae71b31802d82d7ddbd0443b2fed33f842939
https://data.lpdaac.earthdatacloud.nasa.gov/lp-prod-protected/ECO_L2T_LSTE.002/ECOv002_L2T_LSTE_28706_004_12SUC_20230729T205303_0710_01/ECOv002_L2T_LSTE_28706_004_12SUC_20230729T205303_0710_01_LST.tif,ECO_L2T_LSTE.002,ECOv002_L2T_LSTE_28706_004_12SUC_20230729T205303_0710_01_LST.tif,2026-06-09,sha256:ee7f33f9b9ba4518b841522998147416ceaf5aa85f92a659286820dd3d412a1f
https://data.lpdaac.earthdatacloud.nasa.gov/lp-prod-protected/ECO_L2T_LSTE.002/ECOv002_L2T_LSTE_28706_004_12SVB_20230729T205303_0710_01/ECOv002_L2T_LSTE_28706_004_12SVB_20230729T205303_0710_01_water.tif,ECO_L2T_LSTE.002,ECOv002_L2T_LSTE_28706_004_12SVB_20230729T205303_0710_01_water.tif,2026-06-09,sha256:7b5f4b045897c363dabe49c2e99334a81d116c3b233504bd519627eb7222656c
https://data.lpdaac.earthdatacloud.nasa.gov/lp-prod-protected/ECO_L2T_LSTE.002/ECOv002_L2T_LSTE_28706_004_12SVB_20230729T205303_0710_01/ECOv002_L2T_LSTE_28706_004_12SVB_20230729T205303_0710_01_cloud.tif,ECO_L2T_LSTE.002,ECOv002_L2T_LSTE_28706_004_12SVB_20230729T205303_0710_01_cloud.tif,2026-06-09,sha256:d59f7c41da8bf40fe843a031bbb2e3afd45123eeb60856308284201a01419da2
https://data.lpdaac.earthdatacloud.nasa.gov/lp-prod-protected/ECO_L2T_LSTE.002/ECOv002_L2T_LSTE_28706_004_12SVB_20230729T205303_0710_01/ECOv002_L2T_LSTE_28706_004_12SVB_20230729T205303_0710_01_height.tif,ECO_L2T_LSTE.002,ECOv002_L2T_LSTE_28706_004_12SVB_20230729T205303_0710_01_height.tif,2026-06-09,sha256:8cc09da46d6736866c0faab419386fc5b3bac7b6a737c0fd5b6c53c16c32fb9d
https://data.lpdaac.earthdatacloud.nasa.gov/lp-prod-protected/ECO_L2T_LSTE.002/ECOv002_L2T_LSTE_28706_004_12SVB_20230729T205303_0710_01/ECOv002_L2T_LSTE_28706_004_12SVB_20230729T205303_0710_01_QC.tif,ECO_L2T_LSTE.002,ECOv002_L2T_LSTE_28706_004_12SVB_20230729T205303_0710_01_QC.tif,2026-06-09,sha256:9882611bc91f751c0f4151e7e871a19972a38ccef5462946798e8fffafaa6af8
https://data.lpdaac.earthdatacloud.nasa.gov/lp-prod-protected/ECO_L2T_LSTE.002/ECOv002_L2T_LSTE_28706_004_12SVB_20230729T205303_0710_01/ECOv002_L2T_LSTE_28706_004_12SVB_20230729T205303_0710_01_LST.tif,ECO_L2T_LSTE.002,ECOv002_L2T_LSTE_28706_004_12SVB_20230729T205303_0710_01_LST.tif,2026-06-09,sha256:ccdeecbcdf9383a7438b5a62f8250b4e391c63d55f0c5e76be755d6969072727
https://data.lpdaac.earthdatacloud.nasa.gov/lp-prod-protected/ECO_L2T_LSTE.002/ECOv002_L2T_LSTE_28706_004_12SVC_20230729T205303_0710_01/ECOv002_L2T_LSTE_28706_004_12SVC_20230729T205303_0710_01_water.tif,ECO_L2T_LSTE.002,ECOv002_L2T_LSTE_28706_004_12SVC_20230729T205303_0710_01_water.tif,2026-06-09,sha256:1d4459627d8a9675ab12dadd21bb28d082bb0c3e171c8d12ccf24a99402fa5e7
https://data.lpdaac.earthdatacloud.nasa.gov/lp-prod-protected/ECO_L2T_LSTE.002/ECOv002_L2T_LSTE_28706_004_12SVC_20230729T205303_0710_01/ECOv002_L2T_LSTE_28706_004_12SVC_20230729T205303_0710_01_cloud.tif,ECO_L2T_LSTE.002,ECOv002_L2T_LSTE_28706_004_12SVC_20230729T205303_0710_01_cloud.tif,2026-06-09,sha256:1d4459627d8a9675ab12dadd21bb28d082bb0c3e171c8d12ccf24a99402fa5e7
https://data.lpdaac.earthdatacloud.nasa.gov/lp-prod-protected/ECO_L2T_LSTE.002/ECOv002_L2T_LSTE_28706_004_12SVC_20230729T205303_0710_01/ECOv002_L2T_LSTE_28706_004_12SVC_20230729T205303_0710_01_height.tif,ECO_L2T_LSTE.002,ECOv002_L2T_LSTE_28706_004_12SVC_20230729T205303_0710_01_height.tif,2026-06-09,sha256:2aaa8ded60190df68ecef178780e137aa2d4bc6ecf766652828ddf50827e693a
https://data.lpdaac.earthdatacloud.nasa.gov/lp-prod-protected/ECO_L2T_LSTE.002/ECOv002_L2T_LSTE_28706_004_12SVC_20230729T205303_0710_01/ECOv002_L2T_LSTE_28706_004_12SVC_20230729T205303_0710_01_QC.tif,ECO_L2T_LSTE.002,ECOv002_L2T_LSTE_28706_004_12SVC_20230729T205303_0710_01_QC.tif,2026-06-09,sha256:395e1ad4dd082948e882876bff07894a21f72aa577d6ab5e15ed16c9b429eea9
https://data.lpdaac.earthdatacloud.nasa.gov/lp-prod-protected/ECO_L2T_LSTE.002/ECOv002_L2T_LSTE_28706_004_12SVC_20230729T205303_0710_01/ECOv002_L2T_LSTE_28706_004_12SVC_20230729T205303_0710_01_LST.tif,ECO_L2T_LSTE.002,ECOv002_L2T_LSTE_28706_004_12SVC_20230729T205303_0710_01_LST.tif,2026-06-09,sha256:e944ab34f726095b5cd7d068c9d1dcc8ed65587e59e045d82480677bfc3d5bfb
https://data.lpdaac.earthdatacloud.nasa.gov/lp-prod-protected/ECO_L2T_LSTE.002/ECOv002_L2T_LSTE_28706_004_12SVB_20230729T205303_0712_02/ECOv002_L2T_LSTE_28706_004_12SVB_20230729T205303_0712_02_water.tif,ECO_L2T_LSTE.002,ECOv002_L2T_LSTE_28706_004_12SVB_20230729T205303_0712_02_water.tif,2026-06-09,sha256:c4c7c1ba1799caf5715ba5129d8096a01282bc04c9a61e5a58aacd58593f92b5
https://data.lpdaac.earthdatacloud.nasa.gov/lp-prod-protected/ECO_L2T_LSTE.002/ECOv002_L2T_LSTE_28706_004_12SVB_20230729T205303_0712_02/ECOv002_L2T_LSTE_28706_004_12SVB_20230729T205303_0712_02_cloud.tif,ECO_L2T_LSTE.002,ECOv002_L2T_LSTE_28706_004_12SVB_20230729T205303_0712_02_cloud.tif,2026-06-09,sha256:25c82358b3893581fd7fd08de0c2ceb054916fcb597cde3c5a546e8862fd2acd
https://data.lpdaac.earthdatacloud.nasa.gov/lp-prod-protected/ECO_L2T_LSTE.002/ECOv002_L2T_LSTE_28706_004_12SVB_20230729T205303_0712_02/ECOv002_L2T_LSTE_28706_004_12SVB_20230729T205303_0712_02_height.tif,ECO_L2T_LSTE.002,ECOv002_L2T_LSTE_28706_004_12SVB_20230729T205303_0712_02_height.tif,2026-06-09,sha256:44243769109dfade0bad82eeaa6918babcff2fd4ae4077fd2e9b94c8c1fb5f69
https://data.lpdaac.earthdatacloud.nasa.gov/lp-prod-protected/ECO_L2T_LSTE.002/ECOv002_L2T_LSTE_28706_004_12SVB_20230729T205303_0712_02/ECOv002_L2T_LSTE_28706_004_12SVB_20230729T205303_0712_02_QC.tif,ECO_L2T_LSTE.002,ECOv002_L2T_LSTE_28706_004_12SVB_20230729T205303_0712_02_QC.tif,2026-06-09,sha256:fbe141fc96ff333e76dbc51e8d80ce52aff8a82a7395d50bbec1a1a0fb774467
https://data.lpdaac.earthdatacloud.nasa.gov/lp-prod-protected/ECO_L2T_LSTE.002/ECOv002_L2T_LSTE_28706_004_12SVB_20230729T205303_0712_02/ECOv002_L2T_LSTE_28706_004_12SVB_20230729T205303_0712_02_LST.tif,ECO_L2T_LSTE.002,ECOv002_L2T_LSTE_28706_004_12SVB_20230729T205303_0712_02_LST.tif,2026-06-09,sha256:65b2d9f49bd659746461c505e252725e3a3d35b76fb8e8d5e77eaa6624bc987d
https://data.lpdaac.earthdatacloud.nasa.gov/lp-prod-protected/ECO_L2T_LSTE.002/ECOv002_L2T_LSTE_28706_004_12SUC_20230729T205303_0712_02/ECOv002_L2T_LSTE_28706_004_12SUC_20230729T205303_0712_02_water.tif,ECO_L2T_LSTE.002,ECOv002_L2T_LSTE_28706_004_12SUC_20230729T205303_0712_02_water.tif,2026-06-09,sha256:5ec8bfc6a73c4e6dba84f30ac039d9b1e96bebaad64da5b2b430d1190f26e8b8
https://data.lpdaac.earthdatacloud.nasa.gov/lp-prod-protected/ECO_L2T_LSTE.002/ECOv002_L2T_LSTE_28706_004_12SUC_20230729T205303_0712_02/ECOv002_L2T_LSTE_28706_004_12SUC_20230729T205303_0712_02_cloud.tif,ECO_L2T_LSTE.002,ECOv002_L2T_LSTE_28706_004_12SUC_20230729T205303_0712_02_cloud.tif,2026-06-09,sha256:fcd2a2dbc28b8aa3a1eae2e80e10f26196a820b1b8fdf92ba8e7096da4cef08f
https://data.lpdaac.earthdatacloud.nasa.gov/lp-prod-protected/ECO_L2T_LSTE.002/ECOv002_L2T_LSTE_28706_004_12SUC_20230729T205303_0712_02/ECOv002_L2T_LSTE_28706_004_12SUC_20230729T205303_0712_02_height.tif,ECO_L2T_LSTE.002,ECOv002_L2T_LSTE_28706_004_12SUC_20230729T205303_0712_02_height.tif,2026-06-09,sha256:16a5a7c50cbbe9a47e223893a4e048e1afabcad6a919dbffa9fb20659106510f
https://data.lpdaac.earthdatacloud.nasa.gov/lp-prod-protected/ECO_L2T_LSTE.002/ECOv002_L2T_LSTE_28706_004_12SUC_20230729T205303_0712_02/ECOv002_L2T_LSTE_28706_004_12SUC_20230729T205303_0712_02_QC.tif,ECO_L2T_LSTE.002,ECOv002_L2T_LSTE_28706_004_12SUC_20230729T205303_0712_02_QC.tif,2026-06-09,sha256:bf723e48e30cd8a039b136e82991108cc483e2ff62ac9f04880805c82695defe
https://data.lpdaac.earthdatacloud.nasa.gov/lp-prod-protected/ECO_L2T_LSTE.002/ECOv002_L2T_LSTE_28706_004_12SUC_20230729T205303_0712_02/ECOv002_L2T_LSTE_28706_004_12SUC_20230729T205303_0712_02_LST.tif,ECO_L2T_LSTE.002,ECOv002_L2T_LSTE_28706_004_12SUC_20230729T205303_0712_02_LST.tif,2026-06-09,sha256:62d98b97751e4c36ae0f6101a5df9612f5a8ff445d7d57158370021c69135106
https://data.lpdaac.earthdatacloud.nasa.gov/lp-prod-protected/ECO_L2T_LSTE.002/ECOv002_L2T_LSTE_28706_004_12SVC_20230729T205303_0712_02/ECOv002_L2T_LSTE_28706_004_12SVC_20230729T205303_0712_02_water.tif,ECO_L2T_LSTE.002,ECOv002_L2T_LSTE_28706_004_12SVC_20230729T205303_0712_02_water.tif,2026-06-09,sha256:1d4459627d8a9675ab12dadd21bb28d082bb0c3e171c8d12ccf24a99402fa5e7
https://data.lpdaac.earthdatacloud.nasa.gov/lp-prod-protected/ECO_L2T_LSTE.002/ECOv002_L2T_LSTE_28706_004_12SVC_20230729T205303_0712_02/ECOv002_L2T_LSTE_28706_004_12SVC_20230729T205303_0712_02_cloud.tif,ECO_L2T_LSTE.002,ECOv002_L2T_LSTE_28706_004_12SVC_20230729T205303_0712_02_cloud.tif,2026-06-09,sha256:1d4459627d8a9675ab12dadd21bb28d082bb0c3e171c8d12ccf24a99402fa5e7
https://data.lpdaac.earthdatacloud.nasa.gov/lp-prod-protected/ECO_L2T_LSTE.002/ECOv002_L2T_LSTE_28706_004_12SVC_20230729T205303_0712_02/ECOv002_L2T_LSTE_28706_004_12SVC_20230729T205303_0712_02_height.tif,ECO_L2T_LSTE.002,ECOv002_L2T_LSTE_28706_004_12SVC_20230729T205303_0712_02_height.tif,2026-06-09,sha256:6d718dc8b08e2918aca7956c51f57eb71851f42aa7100c15bfaa81de74ecd292
https://data.lpdaac.earthdatacloud.nasa.gov/lp-prod-protected/ECO_L2T_LSTE.002/ECOv002_L2T_LSTE_28706_004_12SVC_20230729T205303_0712_02/ECOv002_L2T_LSTE_28706_004_12SVC_20230729T205303_0712_02_QC.tif,ECO_L2T_LSTE.002,ECOv002_L2T_LSTE_28706_004_12SVC_20230729T205303_0712_02_QC.tif,2026-06-09,sha256:55f1596985d922e8d68ecdd75f9a6ffb4e1a931f7e8b95dec2d46f506a35331b
https://data.lpdaac.earthdatacloud.nasa.gov/lp-prod-protected/ECO_L2T_LSTE.002/ECOv002_L2T_LSTE_28706_004_12SVC_20230729T205303_0712_02/ECOv002_L2T_LSTE_28706_004_12SVC_20230729T205303_0712_02_LST.tif,ECO_L2T_LSTE.002,ECOv002_L2T_LSTE_28706_004_12SVC_20230729T205303_0712_02_LST.tif,2026-06-09,sha256:65dbd9c2ad4a41f85374f33992b76673633e1bba366a656a934dbc2c6faab29e
https://data.lpdaac.earthdatacloud.nasa.gov/lp-prod-protected/ECO_L2T_LSTE.002/ECOv002_L2T_LSTE_28706_004_12SUB_20230729T205303_0712_02/ECOv002_L2T_LSTE_28706_004_12SUB_20230729T205303_0712_02_water.tif,ECO_L2T_LSTE.002,ECOv002_L2T_LSTE_28706_004_12SUB_20230729T205303_0712_02_water.tif,2026-06-09,sha256:9d73a2db63f4a691dcae7a59457dbd6859dd96bc57defd86fcfc7f28a5263459
https://data.lpdaac.earthdatacloud.nasa.gov/lp-prod-protected/ECO_L2T_LSTE.002/ECOv002_L2T_LSTE_28706_004_12SUB_20230729T205303_0712_02/ECOv002_L2T_LSTE_28706_004_12SUB_20230729T205303_0712_02_cloud.tif,ECO_L2T_LSTE.002,ECOv002_L2T_LSTE_28706_004_12SUB_20230729T205303_0712_02_cloud.tif,2026-06-09,sha256:fa728fb95ecb2f84d4c504a52a5122bbc2101239e753b7eb7fcd0a8960c9c29e
https://data.lpdaac.earthdatacloud.nasa.gov/lp-prod-protected/ECO_L2T_LSTE.002/ECOv002_L2T_LSTE_28706_004_12SUB_20230729T205303_0712_02/ECOv002_L2T_LSTE_28706_004_12SUB_20230729T205303_0712_02_height.tif,ECO_L2T_LSTE.002,ECOv002_L2T_LSTE_28706_004_12SUB_20230729T205303_0712_02_height.tif,2026-06-09,sha256:09b28560909a8f43cc1e737432a3a3895b3b4bed34cd905f75e94a4d53a4fb75
https://data.lpdaac.earthdatacloud.nasa.gov/lp-prod-protected/ECO_L2T_LSTE.002/ECOv002_L2T_LSTE_28706_004_12SUB_20230729T205303_0712_02/ECOv002_L2T_LSTE_28706_004_12SUB_20230729T205303_0712_02_QC.tif,ECO_L2T_LSTE.002,ECOv002_L2T_LSTE_28706_004_12SUB_20230729T205303_0712_02_QC.tif,2026-06-09,sha256:44845c5d73619c693953bbec9c308a54bd0adb2f7d72f058dc9bb9612d2f3c80
https://data.lpdaac.earthdatacloud.nasa.gov/lp-prod-protected/ECO_L2T_LSTE.002/ECOv002_L2T_LSTE_28706_004_12SUB_20230729T205303_0712_02/ECOv002_L2T_LSTE_28706_004_12SUB_20230729T205303_0712_02_LST.tif,ECO_L2T_LSTE.002,ECOv002_L2T_LSTE_28706_004_12SUB_20230729T205303_0712_02_LST.tif,2026-06-09,sha256:c13ddb485fc8f3f82581dcdb223ec959a68fa4f91c000e5b156aa3fbe32dac4b
https://data.lpdaac.earthdatacloud.nasa.gov/lp-prod-protected/ECO_L2T_LSTE.002/ECOv002_L2T_LSTE_28706_005_12SVB_20230729T205355_0710_01/ECOv002_L2T_LSTE_28706_005_12SVB_20230729T205355_0710_01_water.tif,ECO_L2T_LSTE.002,ECOv002_L2T_LSTE_28706_005_12SVB_20230729T205355_0710_01_water.tif,2026-06-09,sha256:5330bdd59b721b9812d2cfacc468382dac52d2fcd60ace86d0589db82a6d4135
https://data.lpdaac.earthdatacloud.nasa.gov/lp-prod-protected/ECO_L2T_LSTE.002/ECOv002_L2T_LSTE_28706_005_12SVB_20230729T205355_0710_01/ECOv002_L2T_LSTE_28706_005_12SVB_20230729T205355_0710_01_cloud.tif,ECO_L2T_LSTE.002,ECOv002_L2T_LSTE_28706_005_12SVB_20230729T205355_0710_01_cloud.tif,2026-06-09,sha256:a58464ed5f7355f59b30ab533d2d3a69e9121916b5bbaf3324cb05c12af49bb3
https://data.lpdaac.earthdatacloud.nasa.gov/lp-prod-protected/ECO_L2T_LSTE.002/ECOv002_L2T_LSTE_28706_005_12SVB_20230729T205355_0710_01/ECOv002_L2T_LSTE_28706_005_12SVB_20230729T205355_0710_01_height.tif,ECO_L2T_LSTE.002,ECOv002_L2T_LSTE_28706_005_12SVB_20230729T205355_0710_01_height.tif,2026-06-09,sha256:b75c17de89f849b261ceb5fb608e9c218643fc684e0d267b028afdde96d5ba77
https://data.lpdaac.earthdatacloud.nasa.gov/lp-prod-protected/ECO_L2T_LSTE.002/ECOv002_L2T_LSTE_28706_005_12SVB_20230729T205355_0710_01/ECOv002_L2T_LSTE_28706_005_12SVB_20230729T205355_0710_01_QC.tif,ECO_L2T_LSTE.002,ECOv002_L2T_LSTE_28706_005_12SVB_20230729T205355_0710_01_QC.tif,2026-06-09,sha256:caf38547126230d76c13d4ae5e4f3db0f58de33c4268f59974ed6bf27bdc6f25
https://data.lpdaac.earthdatacloud.nasa.gov/lp-prod-protected/ECO_L2T_LSTE.002/ECOv002_L2T_LSTE_28706_005_12SVB_20230729T205355_0710_01/ECOv002_L2T_LSTE_28706_005_12SVB_20230729T205355_0710_01_LST.tif,ECO_L2T_LSTE.002,ECOv002_L2T_LSTE_28706_005_12SVB_20230729T205355_0710_01_LST.tif,2026-06-09,sha256:905c40780982fbd094237407a5aaf66776d853aa996b1e1e11b95e60ae9f0cd2
https://data.lpdaac.earthdatacloud.nasa.gov/lp-prod-protected/ECO_L2T_LSTE.002/ECOv002_L2T_LSTE_28706_005_12SUB_20230729T205355_0710_01/ECOv002_L2T_LSTE_28706_005_12SUB_20230729T205355_0710_01_water.tif,ECO_L2T_LSTE.002,ECOv002_L2T_LSTE_28706_005_12SUB_20230729T205355_0710_01_water.tif,2026-06-09,sha256:12926d44db3ee3fcbab890cac674f9849409445af7a5d5599a008ed2ac1cc1ca
https://data.lpdaac.earthdatacloud.nasa.gov/lp-prod-protected/ECO_L2T_LSTE.002/ECOv002_L2T_LSTE_28706_005_12SUB_20230729T205355_0710_01/ECOv002_L2T_LSTE_28706_005_12SUB_20230729T205355_0710_01_cloud.tif,ECO_L2T_LSTE.002,ECOv002_L2T_LSTE_28706_005_12SUB_20230729T205355_0710_01_cloud.tif,2026-06-09,sha256:12926d44db3ee3fcbab890cac674f9849409445af7a5d5599a008ed2ac1cc1ca
https://data.lpdaac.earthdatacloud.nasa.gov/lp-prod-protected/ECO_L2T_LSTE.002/ECOv002_L2T_LSTE_28706_005_12SUB_20230729T205355_0710_01/ECOv002_L2T_LSTE_28706_005_12SUB_20230729T205355_0710_01_height.tif,ECO_L2T_LSTE.002,ECOv002_L2T_LSTE_28706_005_12SUB_20230729T205355_0710_01_height.tif,2026-06-09,sha256:6a50d76d930d459a762ab9d05863af7c5a1a80263ef9be91caf11e1ed15c68f0
https://data.lpdaac.earthdatacloud.nasa.gov/lp-prod-protected/ECO_L2T_LSTE.002/ECOv002_L2T_LSTE_28706_005_12SUB_20230729T205355_0710_01/ECOv002_L2T_LSTE_28706_005_12SUB_20230729T205355_0710_01_QC.tif,ECO_L2T_LSTE.002,ECOv002_L2T_LSTE_28706_005_12SUB_20230729T205355_0710_01_QC.tif,2026-06-09,sha256:47236eb6a18198c53bb69c2a1d833833a617edd7f13df2b5c876ba223576142b
https://data.lpdaac.earthdatacloud.nasa.gov/lp-prod-protected/ECO_L2T_LSTE.002/ECOv002_L2T_LSTE_28706_005_12SUB_20230729T205355_0710_01/ECOv002_L2T_LSTE_28706_005_12SUB_20230729T205355_0710_01_LST.tif,ECO_L2T_LSTE.002,ECOv002_L2T_LSTE_28706_005_12SUB_20230729T205355_0710_01_LST.tif,2026-06-09,sha256:33926053b0c4bdcf82a06daeb8eb7fbd5ddbe232f39afb4784b64151e037940d
https://data.lpdaac.earthdatacloud.nasa.gov/lp-prod-protected/ECO_L2T_LSTE.002/ECOv002_L2T_LSTE_28706_005_12SUC_20230729T205355_0710_01/ECOv002_L2T_LSTE_28706_005_12SUC_20230729T205355_0710_01_water.tif,ECO_L2T_LSTE.002,ECOv002_L2T_LSTE_28706_005_12SUC_20230729T205355_0710_01_water.tif,2026-06-09,sha256:05de30bd2498e35b9f059aa94e95f64ef4042dfa36ea0f31be28d910253a6699
https://data.lpdaac.earthdatacloud.nasa.gov/lp-prod-protected/ECO_L2T_LSTE.002/ECOv002_L2T_LSTE_28706_005_12SUC_20230729T205355_0710_01/ECOv002_L2T_LSTE_28706_005_12SUC_20230729T205355_0710_01_cloud.tif,ECO_L2T_LSTE.002,ECOv002_L2T_LSTE_28706_005_12SUC_20230729T205355_0710_01_cloud.tif,2026-06-09,sha256:fcd2a2dbc28b8aa3a1eae2e80e10f26196a820b1b8fdf92ba8e7096da4cef08f
https://data.lpdaac.earthdatacloud.nasa.gov/lp-prod-protected/ECO_L2T_LSTE.002/ECOv002_L2T_LSTE_28706_005_12SUC_20230729T205355_0710_01/ECOv002_L2T_LSTE_28706_005_12SUC_20230729T205355_0710_01_height.tif,ECO_L2T_LSTE.002,ECOv002_L2T_LSTE_28706_005_12SUC_20230729T205355_0710_01_height.tif,2026-06-09,sha256:532db792c93e4662f53c430c138e90b990acd6e0b192efec97aa702693972ee7
https://data.lpdaac.earthdatacloud.nasa.gov/lp-prod-protected/ECO_L2T_LSTE.002/ECOv002_L2T_LSTE_28706_005_12SUC_20230729T205355_0710_01/ECOv002_L2T_LSTE_28706_005_12SUC_20230729T205355_0710_01_QC.tif,ECO_L2T_LSTE.002,ECOv002_L2T_LSTE_28706_005_12SUC_20230729T205355_0710_01_QC.tif,2026-06-09,sha256:830fe78897b2895f07e49d00ce7b4301dc73d562adfa52249cfaa962b9953039
https://data.lpdaac.earthdatacloud.nasa.gov/lp-prod-protected/ECO_L2T_LSTE.002/ECOv002_L2T_LSTE_28706_005_12SUC_20230729T205355_0710_01/ECOv002_L2T_LSTE_28706_005_12SUC_20230729T205355_0710_01_LST.tif,ECO_L2T_LSTE.002,ECOv002_L2T_LSTE_28706_005_12SUC_20230729T205355_0710_01_LST.tif,2026-06-09,sha256:afbe80e12a8edc2974a5f68c3d1bc606c76f4df8bc61c8be515000004473988a
https://data.lpdaac.earthdatacloud.nasa.gov/lp-prod-protected/ECO_L2T_LSTE.002/ECOv002_L2T_LSTE_28706_005_12SVC_20230729T205355_0710_01/ECOv002_L2T_LSTE_28706_005_12SVC_20230729T205355_0710_01_water.tif,ECO_L2T_LSTE.002,ECOv002_L2T_LSTE_28706_005_12SVC_20230729T205355_0710_01_water.tif,2026-06-09,sha256:5e3c3df6488370cff85d94dab5cce96a149607243607073913ad2e7c0f31aa15
https://data.lpdaac.earthdatacloud.nasa.gov/lp-prod-protected/ECO_L2T_LSTE.002/ECOv002_L2T_LSTE_28706_005_12SVC_20230729T205355_0710_01/ECOv002_L2T_LSTE_28706_005_12SVC_20230729T205355_0710_01_cloud.tif,ECO_L2T_LSTE.002,ECOv002_L2T_LSTE_28706_005_12SVC_20230729T205355_0710_01_cloud.tif,2026-06-09,sha256:e363ce75b787dc3e34a924fa37f1f00502bc33cb234f55067c7a06708a041abd
https://data.lpdaac.earthdatacloud.nasa.gov/lp-prod-protected/ECO_L2T_LSTE.002/ECOv002_L2T_LSTE_28706_005_12SVC_20230729T205355_0710_01/ECOv002_L2T_LSTE_28706_005_12SVC_20230729T205355_0710_01_height.tif,ECO_L2T_LSTE.002,ECOv002_L2T_LSTE_28706_005_12SVC_20230729T205355_0710_01_height.tif,2026-06-09,sha256:4bd09314376b7a569ccb6182c0b7a922bb89eb3e8639ca9a982fb53be94ac382
https://data.lpdaac.earthdatacloud.nasa.gov/lp-prod-protected/ECO_L2T_LSTE.002/ECOv002_L2T_LSTE_28706_005_12SVC_20230729T205355_0710_01/ECOv002_L2T_LSTE_28706_005_12SVC_20230729T205355_0710_01_QC.tif,ECO_L2T_LSTE.002,ECOv002_L2T_LSTE_28706_005_12SVC_20230729T205355_0710_01_QC.tif,2026-06-09,sha256:c05596caa1121d44ae1cb32309fba12f619e84c74a732a0649727547186f8818
https://data.lpdaac.earthdatacloud.nasa.gov/lp-prod-protected/ECO_L2T_LSTE.002/ECOv002_L2T_LSTE_28706_005_12SVC_20230729T205355_0710_01/ECOv002_L2T_LSTE_28706_005_12SVC_20230729T205355_0710_01_LST.tif,ECO_L2T_LSTE.002,ECOv002_L2T_LSTE_28706_005_12SVC_20230729T205355_0710_01_LST.tif,2026-06-09,sha256:024acbcd2b064ebb9e3671eb01b489b61c0491f8daecaf1790699a0cba3f4564
https://data.lpdaac.earthdatacloud.nasa.gov/lp-prod-protected/ECO_L2T_LSTE.002/ECOv002_L2T_LSTE_28706_005_12SUC_20230729T205355_0712_02/ECOv002_L2T_LSTE_28706_005_12SUC_20230729T205355_0712_02_water.tif,ECO_L2T_LSTE.002,ECOv002_L2T_LSTE_28706_005_12SUC_20230729T205355_0712_02_water.tif,2026-06-09,sha256:4e9c81d38569726cea2c65bc13b3bb1a3bdafc420709bcad1244915e6ad9acc8
https://data.lpdaac.earthdatacloud.nasa.gov/lp-prod-protected/ECO_L2T_LSTE.002/ECOv002_L2T_LSTE_28706_005_12SUC_20230729T205355_0712_02/ECOv002_L2T_LSTE_28706_005_12SUC_20230729T205355_0712_02_cloud.tif,ECO_L2T_LSTE.002,ECOv002_L2T_LSTE_28706_005_12SUC_20230729T205355_0712_02_cloud.tif,2026-06-09,sha256:fcd2a2dbc28b8aa3a1eae2e80e10f26196a820b1b8fdf92ba8e7096da4cef08f
https://data.lpdaac.earthdatacloud.nasa.gov/lp-prod-protected/ECO_L2T_LSTE.002/ECOv002_L2T_LSTE_28706_005_12SUC_20230729T205355_0712_02/ECOv002_L2T_LSTE_28706_005_12SUC_20230729T205355_0712_02_height.tif,ECO_L2T_LSTE.002,ECOv002_L2T_LSTE_28706_005_12SUC_20230729T205355_0712_02_height.tif,2026-06-09,sha256:0bd1470d743b13208fe25efae36b84cb3656d35d29e634b8a702a98db4e6f775
https://data.lpdaac.earthdatacloud.nasa.gov/lp-prod-protected/ECO_L2T_LSTE.002/ECOv002_L2T_LSTE_28706_005_12SUC_20230729T205355_0712_02/ECOv002_L2T_LSTE_28706_005_12SUC_20230729T205355_0712_02_QC.tif,ECO_L2T_LSTE.002,ECOv002_L2T_LSTE_28706_005_12SUC_20230729T205355_0712_02_QC.tif,2026-06-09,sha256:78f24b99d64ffcd320b0ad9ad1941f5c7ff854b9a28efabd4d95771c2ced0f58
https://data.lpdaac.earthdatacloud.nasa.gov/lp-prod-protected/ECO_L2T_LSTE.002/ECOv002_L2T_LSTE_28706_005_12SUC_20230729T205355_0712_02/ECOv002_L2T_LSTE_28706_005_12SUC_20230729T205355_0712_02_LST.tif,ECO_L2T_LSTE.002,ECOv002_L2T_LSTE_28706_005_12SUC_20230729T205355_0712_02_LST.tif,2026-06-09,sha256:08fe5cdda9800c8981505cbedcfb8ca57f5fde969aec471da438813f483a00ad
https://data.lpdaac.earthdatacloud.nasa.gov/lp-prod-protected/ECO_L2T_LSTE.002/ECOv002_L2T_LSTE_28706_005_12SVB_20230729T205355_0712_02/ECOv002_L2T_LSTE_28706_005_12SVB_20230729T205355_0712_02_water.tif,ECO_L2T_LSTE.002,ECOv002_L2T_LSTE_28706_005_12SVB_20230729T205355_0712_02_water.tif,2026-06-09,sha256:5330bdd59b721b9812d2cfacc468382dac52d2fcd60ace86d0589db82a6d4135
https://data.lpdaac.earthdatacloud.nasa.gov/lp-prod-protected/ECO_L2T_LSTE.002/ECOv002_L2T_LSTE_28706_005_12SVB_20230729T205355_0712_02/ECOv002_L2T_LSTE_28706_005_12SVB_20230729T205355_0712_02_cloud.tif,ECO_L2T_LSTE.002,ECOv002_L2T_LSTE_28706_005_12SVB_20230729T205355_0712_02_cloud.tif,2026-06-09,sha256:a0a49fb33ef53152867e2638adc66560a758996bec0f7fed52710f4bf5174649
https://data.lpdaac.earthdatacloud.nasa.gov/lp-prod-protected/ECO_L2T_LSTE.002/ECOv002_L2T_LSTE_28706_005_12SVB_20230729T205355_0712_02/ECOv002_L2T_LSTE_28706_005_12SVB_20230729T205355_0712_02_height.tif,ECO_L2T_LSTE.002,ECOv002_L2T_LSTE_28706_005_12SVB_20230729T205355_0712_02_height.tif,2026-06-09,sha256:065fb6ed40c123100174ea031b6bac4d6a9cc75cf6e2b8a2d01458c895988a6c
https://data.lpdaac.earthdatacloud.nasa.gov/lp-prod-protected/ECO_L2T_LSTE.002/ECOv002_L2T_LSTE_28706_005_12SVB_20230729T205355_0712_02/ECOv002_L2T_LSTE_28706_005_12SVB_20230729T205355_0712_02_QC.tif,ECO_L2T_LSTE.002,ECOv002_L2T_LSTE_28706_005_12SVB_20230729T205355_0712_02_QC.tif,2026-06-09,sha256:3b5e9f45aef04f0bb47ffeb4dde70ab158aad60e5799f5000451e67b8d37aef2
https://data.lpdaac.earthdatacloud.nasa.gov/lp-prod-protected/ECO_L2T_LSTE.002/ECOv002_L2T_LSTE_28706_005_12SVB_20230729T205355_0712_02/ECOv002_L2T_LSTE_28706_005_12SVB_20230729T205355_0712_02_LST.tif,ECO_L2T_LSTE.002,ECOv002_L2T_LSTE_28706_005_12SVB_20230729T205355_0712_02_LST.tif,2026-06-09,sha256:325a218ec4980cb9b6eec10b203e68ace468c128368bbb678048eeb9673c50cf
https://data.lpdaac.earthdatacloud.nasa.gov/lp-prod-protected/ECO_L2T_LSTE.002/ECOv002_L2T_LSTE_28706_005_12SVC_20230729T205355_0712_02/ECOv002_L2T_LSTE_28706_005_12SVC_20230729T205355_0712_02_water.tif,ECO_L2T_LSTE.002,ECOv002_L2T_LSTE_28706_005_12SVC_20230729T205355_0712_02_water.tif,2026-06-09,sha256:296737816e63e5044873ebfe60f4c9c0617963b8e675d48bd17a3d42f3f6db18
https://data.lpdaac.earthdatacloud.nasa.gov/lp-prod-protected/ECO_L2T_LSTE.002/ECOv002_L2T_LSTE_28706_005_12SVC_20230729T205355_0712_02/ECOv002_L2T_LSTE_28706_005_12SVC_20230729T205355_0712_02_cloud.tif,ECO_L2T_LSTE.002,ECOv002_L2T_LSTE_28706_005_12SVC_20230729T205355_0712_02_cloud.tif,2026-06-09,sha256:3d61f00921eb61f4daf7c34f785a9dac3b7148c4e777242bc5fd6f9a34f0398d
https://data.lpdaac.earthdatacloud.nasa.gov/lp-prod-protected/ECO_L2T_LSTE.002/ECOv002_L2T_LSTE_28706_005_12SVC_20230729T205355_0712_02/ECOv002_L2T_LSTE_28706_005_12SVC_20230729T205355_0712_02_height.tif,ECO_L2T_LSTE.002,ECOv002_L2T_LSTE_28706_005_12SVC_20230729T205355_0712_02_height.tif,2026-06-09,sha256:f20314189da7eef8aaeb8ee2b08d4eafa160758595438fcd85263ba858abd192
https://data.lpdaac.earthdatacloud.nasa.gov/lp-prod-protected/ECO_L2T_LSTE.002/ECOv002_L2T_LSTE_28706_005_12SVC_20230729T205355_0712_02/ECOv002_L2T_LSTE_28706_005_12SVC_20230729T205355_0712_02_QC.tif,ECO_L2T_LSTE.002,ECOv002_L2T_LSTE_28706_005_12SVC_20230729T205355_0712_02_QC.tif,2026-06-09,sha256:db882175103e762397df6405db684d0d705c0e8f4293fbcddb9a3f264a840489
https://data.lpdaac.earthdatacloud.nasa.gov/lp-prod-protected/ECO_L2T_LSTE.002/ECOv002_L2T_LSTE_28706_005_12SVC_20230729T205355_0712_02/ECOv002_L2T_LSTE_28706_005_12SVC_20230729T205355_0712_02_LST.tif,ECO_L2T_LSTE.002,ECOv002_L2T_LSTE_28706_005_12SVC_20230729T205355_0712_02_LST.tif,2026-06-09,sha256:826faddb2ce8bb9bf01b75891276373436c7d2ba2078045a33f856ba88ce3f44
https://data.lpdaac.earthdatacloud.nasa.gov/lp-prod-protected/ECO_L2T_LSTE.002/ECOv002_L2T_LSTE_28706_005_12SUB_20230729T205355_0712_02/ECOv002_L2T_LSTE_28706_005_12SUB_20230729T205355_0712_02_water.tif,ECO_L2T_LSTE.002,ECOv002_L2T_LSTE_28706_005_12SUB_20230729T205355_0712_02_water.tif,2026-06-09,sha256:12926d44db3ee3fcbab890cac674f9849409445af7a5d5599a008ed2ac1cc1ca
https://data.lpdaac.earthdatacloud.nasa.gov/lp-prod-protected/ECO_L2T_LSTE.002/ECOv002_L2T_LSTE_28706_005_12SUB_20230729T205355_0712_02/ECOv002_L2T_LSTE_28706_005_12SUB_20230729T205355_0712_02_cloud.tif,ECO_L2T_LSTE.002,ECOv002_L2T_LSTE_28706_005_12SUB_20230729T205355_0712_02_cloud.tif,2026-06-09,sha256:12926d44db3ee3fcbab890cac674f9849409445af7a5d5599a008ed2ac1cc1ca
https://data.lpdaac.earthdatacloud.nasa.gov/lp-prod-protected/ECO_L2T_LSTE.002/ECOv002_L2T_LSTE_28706_005_12SUB_20230729T205355_0712_02/ECOv002_L2T_LSTE_28706_005_12SUB_20230729T205355_0712_02_height.tif,ECO_L2T_LSTE.002,ECOv002_L2T_LSTE_28706_005_12SUB_20230729T205355_0712_02_height.tif,2026-06-09,sha256:38834e4c725360b4199e7f01d32ce78182dd6fd3b315f5389874e45362a202a9
https://data.lpdaac.earthdatacloud.nasa.gov/lp-prod-protected/ECO_L2T_LSTE.002/ECOv002_L2T_LSTE_28706_005_12SUB_20230729T205355_0712_02/ECOv002_L2T_LSTE_28706_005_12SUB_20230729T205355_0712_02_QC.tif,ECO_L2T_LSTE.002,ECOv002_L2T_LSTE_28706_005_12SUB_20230729T205355_0712_02_QC.tif,2026-06-09,sha256:ee7b61fd55e45dabeb031576d6ca990dbe96b4338405f332b6efe7f9c29e016b
https://data.lpdaac.earthdatacloud.nasa.gov/lp-prod-protected/ECO_L2T_LSTE.002/ECOv002_L2T_LSTE_28706_005_12SUB_20230729T205355_0712_02/ECOv002_L2T_LSTE_28706_005_12SUB_20230729T205355_0712_02_LST.tif,ECO_L2T_LSTE.002,ECOv002_L2T_LSTE_28706_005_12SUB_20230729T205355_0712_02_LST.tif,2026-06-09,sha256:d7a87ec535ef6d32c4c241ebb9e9257fa06f25f940415f1903d922006d80bac3
https://data.lpdaac.earthdatacloud.nasa.gov/lp-prod-protected/ECO_L2T_LSTE.002/ECOv002_L2T_LSTE_28813_005_12SUC_20230805T182807_0710_01/ECOv002_L2T_LSTE_28813_005_12SUC_20230805T182807_0710_01_water.tif,ECO_L2T_LSTE.002,ECOv002_L2T_LSTE_28813_005_12SUC_20230805T182807_0710_01_water.tif,2026-06-09,sha256:fcd2a2dbc28b8aa3a1eae2e80e10f26196a820b1b8fdf92ba8e7096da4cef08f
https://data.lpdaac.earthdatacloud.nasa.gov/lp-prod-protected/ECO_L2T_LSTE.002/ECOv002_L2T_LSTE_28813_005_12SUC_20230805T182807_0710_01/ECOv002_L2T_LSTE_28813_005_12SUC_20230805T182807_0710_01_cloud.tif,ECO_L2T_LSTE.002,ECOv002_L2T_LSTE_28813_005_12SUC_20230805T182807_0710_01_cloud.tif,2026-06-09,sha256:fcd2a2dbc28b8aa3a1eae2e80e10f26196a820b1b8fdf92ba8e7096da4cef08f
https://data.lpdaac.earthdatacloud.nasa.gov/lp-prod-protected/ECO_L2T_LSTE.002/ECOv002_L2T_LSTE_28813_005_12SUC_20230805T182807_0710_01/ECOv002_L2T_LSTE_28813_005_12SUC_20230805T182807_0710_01_height.tif,ECO_L2T_LSTE.002,ECOv002_L2T_LSTE_28813_005_12SUC_20230805T182807_0710_01_height.tif,2026-06-09,sha256:6f8ff0f433ed7c64429cccd859a2a8808c33d5694d3362b818b7212201e90142
https://data.lpdaac.earthdatacloud.nasa.gov/lp-prod-protected/ECO_L2T_LSTE.002/ECOv002_L2T_LSTE_28813_005_12SUC_20230805T182807_0710_01/ECOv002_L2T_LSTE_28813_005_12SUC_20230805T182807_0710_01_LST.tif,ECO_L2T_LSTE.002,ECOv002_L2T_LSTE_28813_005_12SUC_20230805T182807_0710_01_LST.tif,2026-06-09,sha256:240726b92db4885c9f96f113da798bafa64d81da0ec5be7edccd2eaec2892315
https://data.lpdaac.earthdatacloud.nasa.gov/lp-prod-protected/ECO_L2T_LSTE.002/ECOv002_L2T_LSTE_28813_005_12SUC_20230805T182807_0710_01/ECOv002_L2T_LSTE_28813_005_12SUC_20230805T182807_0710_01_QC.tif,ECO_L2T_LSTE.002,ECOv002_L2T_LSTE_28813_005_12SUC_20230805T182807_0710_01_QC.tif,2026-06-09,sha256:194ee819595427e35284ac38a960b6bf1fec6ef24abc4cb6f4de0181bd526a5d
https://data.lpdaac.earthdatacloud.nasa.gov/lp-prod-protected/ECO_L2T_LSTE.002/ECOv002_L2T_LSTE_28813_005_12SUC_20230805T182807_0712_02/ECOv002_L2T_LSTE_28813_005_12SUC_20230805T182807_0712_02_water.tif,ECO_L2T_LSTE.002,ECOv002_L2T_LSTE_28813_005_12SUC_20230805T182807_0712_02_water.tif,2026-06-09,sha256:fcd2a2dbc28b8aa3a1eae2e80e10f26196a820b1b8fdf92ba8e7096da4cef08f
https://data.lpdaac.earthdatacloud.nasa.gov/lp-prod-protected/ECO_L2T_LSTE.002/ECOv002_L2T_LSTE_28813_005_12SUC_20230805T182807_0712_02/ECOv002_L2T_LSTE_28813_005_12SUC_20230805T182807_0712_02_cloud.tif,ECO_L2T_LSTE.002,ECOv002_L2T_LSTE_28813_005_12SUC_20230805T182807_0712_02_cloud.tif,2026-06-09,sha256:fcd2a2dbc28b8aa3a1eae2e80e10f26196a820b1b8fdf92ba8e7096da4cef08f
https://data.lpdaac.earthdatacloud.nasa.gov/lp-prod-protected/ECO_L2T_LSTE.002/ECOv002_L2T_LSTE_28813_005_12SUC_20230805T182807_0712_02/ECOv002_L2T_LSTE_28813_005_12SUC_20230805T182807_0712_02_height.tif,ECO_L2T_LSTE.002,ECOv002_L2T_LSTE_28813_005_12SUC_20230805T182807_0712_02_height.tif,2026-06-09,sha256:cfa57bad206bd4eb0fdc741f54d9fadfa215c8222dcd2bb35ca57f7de7e8865a
https://data.lpdaac.earthdatacloud.nasa.gov/lp-prod-protected/ECO_L2T_LSTE.002/ECOv002_L2T_LSTE_28813_005_12SUC_20230805T182807_0712_02/ECOv002_L2T_LSTE_28813_005_12SUC_20230805T182807_0712_02_QC.tif,ECO_L2T_LSTE.002,ECOv002_L2T_LSTE_28813_005_12SUC_20230805T182807_0712_02_QC.tif,2026-06-09,sha256:6a226cbbddacf2018af5a0360fbb62d25d5e2fb84b5bfa0e1cab5349b4c69895
https://data.lpdaac.earthdatacloud.nasa.gov/lp-prod-protected/ECO_L2T_LSTE.002/ECOv002_L2T_LSTE_28813_005_12SUC_20230805T182807_0712_02/ECOv002_L2T_LSTE_28813_005_12SUC_20230805T182807_0712_02_LST.tif,ECO_L2T_LSTE.002,ECOv002_L2T_LSTE_28813_005_12SUC_20230805T182807_0712_02_LST.tif,2026-06-09,sha256:eb6db730adc26722c911badd9d4c52fc5dcc48ee7d7cfcaf5f2704345b10bff5
https://data.lpdaac.earthdatacloud.nasa.gov/lp-prod-protected/ECO_L2T_LSTE.002/ECOv002_L2T_LSTE_28828_003_12SUC_20230806T173915_0710_01/ECOv002_L2T_LSTE_28828_003_12SUC_20230806T173915_0710_01_water.tif,ECO_L2T_LSTE.002,ECOv002_L2T_LSTE_28828_003_12SUC_20230806T173915_0710_01_water.tif,2026-06-09,sha256:4999372547349680706e2d3d4027626fbf4a34adbf37c288d2998250a8b91288
https://data.lpdaac.earthdatacloud.nasa.gov/lp-prod-protected/ECO_L2T_LSTE.002/ECOv002_L2T_LSTE_28828_003_12SUC_20230806T173915_0710_01/ECOv002_L2T_LSTE_28828_003_12SUC_20230806T173915_0710_01_QC.tif,ECO_L2T_LSTE.002,ECOv002_L2T_LSTE_28828_003_12SUC_20230806T173915_0710_01_QC.tif,2026-06-09,sha256:9a46a677aa1fc466f7e99e945052fd90d8b5e9ddeb67c0aeb6b686eef3ef0b3b
https://data.lpdaac.earthdatacloud.nasa.gov/lp-prod-protected/ECO_L2T_LSTE.002/ECOv002_L2T_LSTE_28828_003_12SUC_20230806T173915_0710_01/ECOv002_L2T_LSTE_28828_003_12SUC_20230806T173915_0710_01_cloud.tif,ECO_L2T_LSTE.002,ECOv002_L2T_LSTE_28828_003_12SUC_20230806T173915_0710_01_cloud.tif,2026-06-09,sha256:fcd2a2dbc28b8aa3a1eae2e80e10f26196a820b1b8fdf92ba8e7096da4cef08f
https://data.lpdaac.earthdatacloud.nasa.gov/lp-prod-protected/ECO_L2T_LSTE.002/ECOv002_L2T_LSTE_28828_003_12SUC_20230806T173915_0710_01/ECOv002_L2T_LSTE_28828_003_12SUC_20230806T173915_0710_01_height.tif,ECO_L2T_LSTE.002,ECOv002_L2T_LSTE_28828_003_12SUC_20230806T173915_0710_01_height.tif,2026-06-09,sha256:cb7ed00cc59637b2a15dca68d543d37d7d309f181518ad2832c3ceff48676adb
https://data.lpdaac.earthdatacloud.nasa.gov/lp-prod-protected/ECO_L2T_LSTE.002/ECOv002_L2T_LSTE_28828_003_12SUC_20230806T173915_0710_01/ECOv002_L2T_LSTE_28828_003_12SUC_20230806T173915_0710_01_LST.tif,ECO_L2T_LSTE.002,ECOv002_L2T_LSTE_28828_003_12SUC_20230806T173915_0710_01_LST.tif,2026-06-09,sha256:4a460b36afbe452958d759563329c924c89a71797086766dbd06e17d34a77e9f
https://data.lpdaac.earthdatacloud.nasa.gov/lp-prod-protected/ECO_L2T_LSTE.002/ECOv002_L2T_LSTE_28828_003_12SUB_20230806T173915_0710_01/ECOv002_L2T_LSTE_28828_003_12SUB_20230806T173915_0710_01_water.tif,ECO_L2T_LSTE.002,ECOv002_L2T_LSTE_28828_003_12SUB_20230806T173915_0710_01_water.tif,2026-06-09,sha256:8dc62aa36beb127bcd3a2a68591532bd00fa1d89d9db308abac76ccbc741ebea
https://data.lpdaac.earthdatacloud.nasa.gov/lp-prod-protected/ECO_L2T_LSTE.002/ECOv002_L2T_LSTE_28828_003_12SUB_20230806T173915_0710_01/ECOv002_L2T_LSTE_28828_003_12SUB_20230806T173915_0710_01_cloud.tif,ECO_L2T_LSTE.002,ECOv002_L2T_LSTE_28828_003_12SUB_20230806T173915_0710_01_cloud.tif,2026-06-09,sha256:12926d44db3ee3fcbab890cac674f9849409445af7a5d5599a008ed2ac1cc1ca
https://data.lpdaac.earthdatacloud.nasa.gov/lp-prod-protected/ECO_L2T_LSTE.002/ECOv002_L2T_LSTE_28828_003_12SUB_20230806T173915_0710_01/ECOv002_L2T_LSTE_28828_003_12SUB_20230806T173915_0710_01_height.tif,ECO_L2T_LSTE.002,ECOv002_L2T_LSTE_28828_003_12SUB_20230806T173915_0710_01_height.tif,2026-06-09,sha256:8554bed8137073d8071ef70d877b80a33538b748a57c35e28068bffff93ccde3
https://data.lpdaac.earthdatacloud.nasa.gov/lp-prod-protected/ECO_L2T_LSTE.002/ECOv002_L2T_LSTE_28828_003_12SUB_20230806T173915_0710_01/ECOv002_L2T_LSTE_28828_003_12SUB_20230806T173915_0710_01_QC.tif,ECO_L2T_LSTE.002,ECOv002_L2T_LSTE_28828_003_12SUB_20230806T173915_0710_01_QC.tif,2026-06-09,sha256:180023df8cf453f73395a1c799fc5f582e0c2f08cd662f472dd5f10e12372ed1
https://data.lpdaac.earthdatacloud.nasa.gov/lp-prod-protected/ECO_L2T_LSTE.002/ECOv002_L2T_LSTE_28828_003_12SUB_20230806T173915_0710_01/ECOv002_L2T_LSTE_28828_003_12SUB_20230806T173915_0710_01_LST.tif,ECO_L2T_LSTE.002,ECOv002_L2T_LSTE_28828_003_12SUB_20230806T173915_0710_01_LST.tif,2026-06-09,sha256:d7160e7e73c229e37ba9d29cfaec84d4b52d64c45c6cd17ada94a31c9976ce24
https://data.lpdaac.earthdatacloud.nasa.gov/lp-prod-protected/ECO_L2T_LSTE.002/ECOv002_L2T_LSTE_28828_003_12SVB_20230806T173915_0710_01/ECOv002_L2T_LSTE_28828_003_12SVB_20230806T173915_0710_01_water.tif,ECO_L2T_LSTE.002,ECOv002_L2T_LSTE_28828_003_12SVB_20230806T173915_0710_01_water.tif,2026-06-09,sha256:5330bdd59b721b9812d2cfacc468382dac52d2fcd60ace86d0589db82a6d4135
https://data.lpdaac.earthdatacloud.nasa.gov/lp-prod-protected/ECO_L2T_LSTE.002/ECOv002_L2T_LSTE_28828_003_12SVB_20230806T173915_0710_01/ECOv002_L2T_LSTE_28828_003_12SVB_20230806T173915_0710_01_cloud.tif,ECO_L2T_LSTE.002,ECOv002_L2T_LSTE_28828_003_12SVB_20230806T173915_0710_01_cloud.tif,2026-06-09,sha256:5330bdd59b721b9812d2cfacc468382dac52d2fcd60ace86d0589db82a6d4135
https://data.lpdaac.earthdatacloud.nasa.gov/lp-prod-protected/ECO_L2T_LSTE.002/ECOv002_L2T_LSTE_28828_003_12SVB_20230806T173915_0710_01/ECOv002_L2T_LSTE_28828_003_12SVB_20230806T173915_0710_01_height.tif,ECO_L2T_LSTE.002,ECOv002_L2T_LSTE_28828_003_12SVB_20230806T173915_0710_01_height.tif,2026-06-09,sha256:9f16b332872044efe748be5f801dbace237f86f1de967555e45fbde4af480956
https://data.lpdaac.earthdatacloud.nasa.gov/lp-prod-protected/ECO_L2T_LSTE.002/ECOv002_L2T_LSTE_28828_003_12SVB_20230806T173915_0710_01/ECOv002_L2T_LSTE_28828_003_12SVB_20230806T173915_0710_01_LST.tif,ECO_L2T_LSTE.002,ECOv002_L2T_LSTE_28828_003_12SVB_20230806T173915_0710_01_LST.tif,2026-06-09,sha256:fd6d9907e998f992f3d6f4cebda9aaacdb826d5505557a6f0f6a6f90fe27adaf
https://data.lpdaac.earthdatacloud.nasa.gov/lp-prod-protected/ECO_L2T_LSTE.002/ECOv002_L2T_LSTE_28828_003_12SVB_20230806T173915_0710_01/ECOv002_L2T_LSTE_28828_003_12SVB_20230806T173915_0710_01_QC.tif,ECO_L2T_LSTE.002,ECOv002_L2T_LSTE_28828_003_12SVB_20230806T173915_0710_01_QC.tif,2026-06-09,sha256:fdb659f53a79a0834a2bf70ceaa287c8eae810cca9ced568da6eac35ae3f42a6
https://data.lpdaac.earthdatacloud.nasa.gov/lp-prod-protected/ECO_L2T_LSTE.002/ECOv002_L2T_LSTE_28828_003_12SUB_20230806T173915_0712_02/ECOv002_L2T_LSTE_28828_003_12SUB_20230806T173915_0712_02_water.tif,ECO_L2T_LSTE.002,ECOv002_L2T_LSTE_28828_003_12SUB_20230806T173915_0712_02_water.tif,2026-06-09,sha256:48cc78be8658b6d4194e8b6cf1984a03314711d022892078ca1c9eaeeaa7d2ff
https://data.lpdaac.earthdatacloud.nasa.gov/lp-prod-protected/ECO_L2T_LSTE.002/ECOv002_L2T_LSTE_28828_003_12SUB_20230806T173915_0712_02/ECOv002_L2T_LSTE_28828_003_12SUB_20230806T173915_0712_02_cloud.tif,ECO_L2T_LSTE.002,ECOv002_L2T_LSTE_28828_003_12SUB_20230806T173915_0712_02_cloud.tif,2026-06-09,sha256:12926d44db3ee3fcbab890cac674f9849409445af7a5d5599a008ed2ac1cc1ca
https://data.lpdaac.earthdatacloud.nasa.gov/lp-prod-protected/ECO_L2T_LSTE.002/ECOv002_L2T_LSTE_28828_003_12SUB_20230806T173915_0712_02/ECOv002_L2T_LSTE_28828_003_12SUB_20230806T173915_0712_02_height.tif,ECO_L2T_LSTE.002,ECOv002_L2T_LSTE_28828_003_12SUB_20230806T173915_0712_02_height.tif,2026-06-09,sha256:a6017588854ce8bb2305b98f72c0406a523a75d0d5a88a878da056b7cbc03c97
https://data.lpdaac.earthdatacloud.nasa.gov/lp-prod-protected/ECO_L2T_LSTE.002/ECOv002_L2T_LSTE_28828_003_12SUB_20230806T173915_0712_02/ECOv002_L2T_LSTE_28828_003_12SUB_20230806T173915_0712_02_QC.tif,ECO_L2T_LSTE.002,ECOv002_L2T_LSTE_28828_003_12SUB_20230806T173915_0712_02_QC.tif,2026-06-09,sha256:54a588f2ee9b039d4d744dcef722f60ce90af9892110a3ca1314513ec0e45bb2
https://data.lpdaac.earthdatacloud.nasa.gov/lp-prod-protected/ECO_L2T_LSTE.002/ECOv002_L2T_LSTE_28828_003_12SUB_20230806T173915_0712_02/ECOv002_L2T_LSTE_28828_003_12SUB_20230806T173915_0712_02_LST.tif,ECO_L2T_LSTE.002,ECOv002_L2T_LSTE_28828_003_12SUB_20230806T173915_0712_02_LST.tif,2026-06-09,sha256:fa677123c40a5af3c1464a9b2939810eae0802d48cb65eada0134012478cd072
https://data.lpdaac.earthdatacloud.nasa.gov/lp-prod-protected/ECO_L2T_LSTE.002/ECOv002_L2T_LSTE_28828_003_12SVB_20230806T173915_0712_02/ECOv002_L2T_LSTE_28828_003_12SVB_20230806T173915_0712_02_water.tif,ECO_L2T_LSTE.002,ECOv002_L2T_LSTE_28828_003_12SVB_20230806T173915_0712_02_water.tif,2026-06-09,sha256:5330bdd59b721b9812d2cfacc468382dac52d2fcd60ace86d0589db82a6d4135
https://data.lpdaac.earthdatacloud.nasa.gov/lp-prod-protected/ECO_L2T_LSTE.002/ECOv002_L2T_LSTE_28828_003_12SVB_20230806T173915_0712_02/ECOv002_L2T_LSTE_28828_003_12SVB_20230806T173915_0712_02_cloud.tif,ECO_L2T_LSTE.002,ECOv002_L2T_LSTE_28828_003_12SVB_20230806T173915_0712_02_cloud.tif,2026-06-09,sha256:5330bdd59b721b9812d2cfacc468382dac52d2fcd60ace86d0589db82a6d4135
https://data.lpdaac.earthdatacloud.nasa.gov/lp-prod-protected/ECO_L2T_LSTE.002/ECOv002_L2T_LSTE_28828_003_12SVB_20230806T173915_0712_02/ECOv002_L2T_LSTE_28828_003_12SVB_20230806T173915_0712_02_height.tif,ECO_L2T_LSTE.002,ECOv002_L2T_LSTE_28828_003_12SVB_20230806T173915_0712_02_height.tif,2026-06-09,sha256:847384704b9b3f87173e5c6dbfa869dab62aae7e4937ca6fc68f3e312c391915
https://data.lpdaac.earthdatacloud.nasa.gov/lp-prod-protected/ECO_L2T_LSTE.002/ECOv002_L2T_LSTE_28828_003_12SVB_20230806T173915_0712_02/ECOv002_L2T_LSTE_28828_003_12SVB_20230806T173915_0712_02_QC.tif,ECO_L2T_LSTE.002,ECOv002_L2T_LSTE_28828_003_12SVB_20230806T173915_0712_02_QC.tif,2026-06-09,sha256:6dc49bab3059034df2573fb0037b3978d47119a349298b8c495be135732e8ec9
https://data.lpdaac.earthdatacloud.nasa.gov/lp-prod-protected/ECO_L2T_LSTE.002/ECOv002_L2T_LSTE_28828_003_12SVB_20230806T173915_0712_02/ECOv002_L2T_LSTE_28828_003_12SVB_20230806T173915_0712_02_LST.tif,ECO_L2T_LSTE.002,ECOv002_L2T_LSTE_28828_003_12SVB_20230806T173915_0712_02_LST.tif,2026-06-09,sha256:ac17d5c94296926e40f7512148c3c0a09b6681c3333cb5aad7eee491a7a52cd8
https://data.lpdaac.earthdatacloud.nasa.gov/lp-prod-protected/ECO_L2T_LSTE.002/ECOv002_L2T_LSTE_28828_003_12SUC_20230806T173915_0712_02/ECOv002_L2T_LSTE_28828_003_12SUC_20230806T173915_0712_02_water.tif,ECO_L2T_LSTE.002,ECOv002_L2T_LSTE_28828_003_12SUC_20230806T173915_0712_02_water.tif,2026-06-09,sha256:13bc5a72f8b7df706ca79c7d85f0fa2d66758da57dfb9d7067bded82d95524aa
https://data.lpdaac.earthdatacloud.nasa.gov/lp-prod-protected/ECO_L2T_LSTE.002/ECOv002_L2T_LSTE_28828_003_12SUC_20230806T173915_0712_02/ECOv002_L2T_LSTE_28828_003_12SUC_20230806T173915_0712_02_cloud.tif,ECO_L2T_LSTE.002,ECOv002_L2T_LSTE_28828_003_12SUC_20230806T173915_0712_02_cloud.tif,2026-06-09,sha256:fcd2a2dbc28b8aa3a1eae2e80e10f26196a820b1b8fdf92ba8e7096da4cef08f
https://data.lpdaac.earthdatacloud.nasa.gov/lp-prod-protected/ECO_L2T_LSTE.002/ECOv002_L2T_LSTE_28828_003_12SUC_20230806T173915_0712_02/ECOv002_L2T_LSTE_28828_003_12SUC_20230806T173915_0712_02_height.tif,ECO_L2T_LSTE.002,ECOv002_L2T_LSTE_28828_003_12SUC_20230806T173915_0712_02_height.tif,2026-06-09,sha256:5d9591036f6a9dde56dc258444f95c7d542f57dfd3def87319b0695ff68d4da3
https://data.lpdaac.earthdatacloud.nasa.gov/lp-prod-protected/ECO_L2T_LSTE.002/ECOv002_L2T_LSTE_28828_003_12SUC_20230806T173915_0712_02/ECOv002_L2T_LSTE_28828_003_12SUC_20230806T173915_0712_02_QC.tif,ECO_L2T_LSTE.002,ECOv002_L2T_LSTE_28828_003_12SUC_20230806T173915_0712_02_QC.tif,2026-06-09,sha256:6ff3f347e276c09ae184ef4b946b4eb9fe2e216da9da47ae0b553815781499ca
https://data.lpdaac.earthdatacloud.nasa.gov/lp-prod-protected/ECO_L2T_LSTE.002/ECOv002_L2T_LSTE_28828_003_12SUC_20230806T173915_0712_02/ECOv002_L2T_LSTE_28828_003_12SUC_20230806T173915_0712_02_LST.tif,ECO_L2T_LSTE.002,ECOv002_L2T_LSTE_28828_003_12SUC_20230806T173915_0712_02_LST.tif,2026-06-09,sha256:f86d88fe7d62f57727335cb1c20b150685ffa6ba19cb9e71a72991d040e5d3c8
https://data.lpdaac.earthdatacloud.nasa.gov/lp-prod-protected/ECO_L2T_LSTE.002/ECOv002_L2T_LSTE_28828_004_12SUB_20230806T174007_0710_01/ECOv002_L2T_LSTE_28828_004_12SUB_20230806T174007_0710_01_water.tif,ECO_L2T_LSTE.002,ECOv002_L2T_LSTE_28828_004_12SUB_20230806T174007_0710_01_water.tif,2026-06-09,sha256:1302d64f8f6844a14b6ddfba384894a48223b4ac4c9fb519f6d7fc301d9cca72
https://data.lpdaac.earthdatacloud.nasa.gov/lp-prod-protected/ECO_L2T_LSTE.002/ECOv002_L2T_LSTE_28828_004_12SUB_20230806T174007_0710_01/ECOv002_L2T_LSTE_28828_004_12SUB_20230806T174007_0710_01_QC.tif,ECO_L2T_LSTE.002,ECOv002_L2T_LSTE_28828_004_12SUB_20230806T174007_0710_01_QC.tif,2026-06-09,sha256:260ee1804f4b3a607356f2c0e8c51f4170f301654d01cf2720fcb920986466ba
https://data.lpdaac.earthdatacloud.nasa.gov/lp-prod-protected/ECO_L2T_LSTE.002/ECOv002_L2T_LSTE_28828_004_12SUB_20230806T174007_0710_01/ECOv002_L2T_LSTE_28828_004_12SUB_20230806T174007_0710_01_cloud.tif,ECO_L2T_LSTE.002,ECOv002_L2T_LSTE_28828_004_12SUB_20230806T174007_0710_01_cloud.tif,2026-06-09,sha256:12926d44db3ee3fcbab890cac674f9849409445af7a5d5599a008ed2ac1cc1ca
https://data.lpdaac.earthdatacloud.nasa.gov/lp-prod-protected/ECO_L2T_LSTE.002/ECOv002_L2T_LSTE_28828_004_12SUB_20230806T174007_0710_01/ECOv002_L2T_LSTE_28828_004_12SUB_20230806T174007_0710_01_height.tif,ECO_L2T_LSTE.002,ECOv002_L2T_LSTE_28828_004_12SUB_20230806T174007_0710_01_height.tif,2026-06-09,sha256:ecf22cc162a0cff6c2d0f974f8badc94372b7ec4dbfe4b6c44ffed0d91546c68
https://data.lpdaac.earthdatacloud.nasa.gov/lp-prod-protected/ECO_L2T_LSTE.002/ECOv002_L2T_LSTE_28828_004_12SUB_20230806T174007_0710_01/ECOv002_L2T_LSTE_28828_004_12SUB_20230806T174007_0710_01_LST.tif,ECO_L2T_LSTE.002,ECOv002_L2T_LSTE_28828_004_12SUB_20230806T174007_0710_01_LST.tif,2026-06-09,sha256:a081a97927b30c3747aed9160d64dec2038c4f543e638cf0c394d9e6854a920b
https://data.lpdaac.earthdatacloud.nasa.gov/lp-prod-protected/ECO_L2T_LSTE.002/ECOv002_L2T_LSTE_28828_004_12SUC_20230806T174007_0710_01/ECOv002_L2T_LSTE_28828_004_12SUC_20230806T174007_0710_01_water.tif,ECO_L2T_LSTE.002,ECOv002_L2T_LSTE_28828_004_12SUC_20230806T174007_0710_01_water.tif,2026-06-09,sha256:2dfd7021775c1861f37c0c03881fad1e0604c6c830688d8dd65492981dfb718b
https://data.lpdaac.earthdatacloud.nasa.gov/lp-prod-protected/ECO_L2T_LSTE.002/ECOv002_L2T_LSTE_28828_004_12SUC_20230806T174007_0710_01/ECOv002_L2T_LSTE_28828_004_12SUC_20230806T174007_0710_01_cloud.tif,ECO_L2T_LSTE.002,ECOv002_L2T_LSTE_28828_004_12SUC_20230806T174007_0710_01_cloud.tif,2026-06-09,sha256:fcd2a2dbc28b8aa3a1eae2e80e10f26196a820b1b8fdf92ba8e7096da4cef08f
https://data.lpdaac.earthdatacloud.nasa.gov/lp-prod-protected/ECO_L2T_LSTE.002/ECOv002_L2T_LSTE_28828_004_12SUC_20230806T174007_0710_01/ECOv002_L2T_LSTE_28828_004_12SUC_20230806T174007_0710_01_height.tif,ECO_L2T_LSTE.002,ECOv002_L2T_LSTE_28828_004_12SUC_20230806T174007_0710_01_height.tif,2026-06-09,sha256:b1fe1f1cb85e94eed243af38f81a39a289aa91ea27596f9105d534408778bc64
https://data.lpdaac.earthdatacloud.nasa.gov/lp-prod-protected/ECO_L2T_LSTE.002/ECOv002_L2T_LSTE_28828_004_12SUC_20230806T174007_0710_01/ECOv002_L2T_LSTE_28828_004_12SUC_20230806T174007_0710_01_QC.tif,ECO_L2T_LSTE.002,ECOv002_L2T_LSTE_28828_004_12SUC_20230806T174007_0710_01_QC.tif,2026-06-09,sha256:eee2f442cf4a449d4e463de8ef9072c4f87b5605a96717731fb7a3ada1d6877c
https://data.lpdaac.earthdatacloud.nasa.gov/lp-prod-protected/ECO_L2T_LSTE.002/ECOv002_L2T_LSTE_28828_004_12SUC_20230806T174007_0710_01/ECOv002_L2T_LSTE_28828_004_12SUC_20230806T174007_0710_01_LST.tif,ECO_L2T_LSTE.002,ECOv002_L2T_LSTE_28828_004_12SUC_20230806T174007_0710_01_LST.tif,2026-06-09,sha256:9a2ea74de62670039809e2d7e0db4dbb7dfad35faeb9cea0e6a8da14c0f866b3
https://data.lpdaac.earthdatacloud.nasa.gov/lp-prod-protected/ECO_L2T_LSTE.002/ECOv002_L2T_LSTE_28828_004_12SVB_20230806T174007_0710_01/ECOv002_L2T_LSTE_28828_004_12SVB_20230806T174007_0710_01_water.tif,ECO_L2T_LSTE.002,ECOv002_L2T_LSTE_28828_004_12SVB_20230806T174007_0710_01_water.tif,2026-06-09,sha256:fbc8e1f64a9df52ef6bd8c47a21726edccb96c95a3dacedbb800dff53af7dc4f
https://data.lpdaac.earthdatacloud.nasa.gov/lp-prod-protected/ECO_L2T_LSTE.002/ECOv002_L2T_LSTE_28828_004_12SVB_20230806T174007_0710_01/ECOv002_L2T_LSTE_28828_004_12SVB_20230806T174007_0710_01_QC.tif,ECO_L2T_LSTE.002,ECOv002_L2T_LSTE_28828_004_12SVB_20230806T174007_0710_01_QC.tif,2026-06-09,sha256:aaf1cae3e92ccc90fc805895f6f2ccd77fb3da1164c6c67f7e001f9cbcbc88b9
https://data.lpdaac.earthdatacloud.nasa.gov/lp-prod-protected/ECO_L2T_LSTE.002/ECOv002_L2T_LSTE_28828_004_12SVB_20230806T174007_0710_01/ECOv002_L2T_LSTE_28828_004_12SVB_20230806T174007_0710_01_cloud.tif,ECO_L2T_LSTE.002,ECOv002_L2T_LSTE_28828_004_12SVB_20230806T174007_0710_01_cloud.tif,2026-06-09,sha256:5330bdd59b721b9812d2cfacc468382dac52d2fcd60ace86d0589db82a6d4135
https://data.lpdaac.earthdatacloud.nasa.gov/lp-prod-protected/ECO_L2T_LSTE.002/ECOv002_L2T_LSTE_28828_004_12SVB_20230806T174007_0710_01/ECOv002_L2T_LSTE_28828_004_12SVB_20230806T174007_0710_01_height.tif,ECO_L2T_LSTE.002,ECOv002_L2T_LSTE_28828_004_12SVB_20230806T174007_0710_01_height.tif,2026-06-09,sha256:4da73fda2282a1687c823ea8bf23aee646c05f2b3b0c9fb75cef692f48648c1d
https://data.lpdaac.earthdatacloud.nasa.gov/lp-prod-protected/ECO_L2T_LSTE.002/ECOv002_L2T_LSTE_28828_004_12SVB_20230806T174007_0710_01/ECOv002_L2T_LSTE_28828_004_12SVB_20230806T174007_0710_01_LST.tif,ECO_L2T_LSTE.002,ECOv002_L2T_LSTE_28828_004_12SVB_20230806T174007_0710_01_LST.tif,2026-06-09,sha256:8454fbd89fa14648f984e980a033704d977dec595ffd416e2bd43254ff47bce6
https://data.lpdaac.earthdatacloud.nasa.gov/lp-prod-protected/ECO_L2T_LSTE.002/ECOv002_L2T_LSTE_28828_004_12SVC_20230806T174007_0710_01/ECOv002_L2T_LSTE_28828_004_12SVC_20230806T174007_0710_01_water.tif,ECO_L2T_LSTE.002,ECOv002_L2T_LSTE_28828_004_12SVC_20230806T174007_0710_01_water.tif,2026-06-09,sha256:4a139965b4d8718c9d4fff9148218d141dfeba0800e5d95e0584121348b7ba60
https://data.lpdaac.earthdatacloud.nasa.gov/lp-prod-protected/ECO_L2T_LSTE.002/ECOv002_L2T_LSTE_28828_004_12SVC_20230806T174007_0710_01/ECOv002_L2T_LSTE_28828_004_12SVC_20230806T174007_0710_01_cloud.tif,ECO_L2T_LSTE.002,ECOv002_L2T_LSTE_28828_004_12SVC_20230806T174007_0710_01_cloud.tif,2026-06-09,sha256:f8153e96bacfa157d8ba8934149ef1dd5b8b5d954b320e0dba657c3c8711f7cd
https://data.lpdaac.earthdatacloud.nasa.gov/lp-prod-protected/ECO_L2T_LSTE.002/ECOv002_L2T_LSTE_28828_004_12SVC_20230806T174007_0710_01/ECOv002_L2T_LSTE_28828_004_12SVC_20230806T174007_0710_01_height.tif,ECO_L2T_LSTE.002,ECOv002_L2T_LSTE_28828_004_12SVC_20230806T174007_0710_01_height.tif,2026-06-09,sha256:d81653a822a83e244d12615aba1b263f15e16f2ff67cc815b8613bc3caa1f5fe
https://data.lpdaac.earthdatacloud.nasa.gov/lp-prod-protected/ECO_L2T_LSTE.002/ECOv002_L2T_LSTE_28828_004_12SVC_20230806T174007_0710_01/ECOv002_L2T_LSTE_28828_004_12SVC_20230806T174007_0710_01_QC.tif,ECO_L2T_LSTE.002,ECOv002_L2T_LSTE_28828_004_12SVC_20230806T174007_0710_01_QC.tif,2026-06-09,sha256:9d708668d3fa6ebaf2f1cc86e65b73c89010ba77c585ed132150eab15ec1e10d
https://data.lpdaac.earthdatacloud.nasa.gov/lp-prod-protected/ECO_L2T_LSTE.002/ECOv002_L2T_LSTE_28828_004_12SVC_20230806T174007_0710_01/ECOv002_L2T_LSTE_28828_004_12SVC_20230806T174007_0710_01_LST.tif,ECO_L2T_LSTE.002,ECOv002_L2T_LSTE_28828_004_12SVC_20230806T174007_0710_01_LST.tif,2026-06-09,sha256:a55bbcf4b1a5fa4c7d34cb9217a290f1859f8a761a81258828617f158a124316
https://data.lpdaac.earthdatacloud.nasa.gov/lp-prod-protected/ECO_L2T_LSTE.002/ECOv002_L2T_LSTE_28828_004_12SUC_20230806T174007_0712_02/ECOv002_L2T_LSTE_28828_004_12SUC_20230806T174007_0712_02_water.tif,ECO_L2T_LSTE.002,ECOv002_L2T_LSTE_28828_004_12SUC_20230806T174007_0712_02_water.tif,2026-06-09,sha256:39b00bde4e5c236d9f1c0550b30d0d998072da841487976acadd2067fbbb6a69
https://data.lpdaac.earthdatacloud.nasa.gov/lp-prod-protected/ECO_L2T_LSTE.002/ECOv002_L2T_LSTE_28828_004_12SUC_20230806T174007_0712_02/ECOv002_L2T_LSTE_28828_004_12SUC_20230806T174007_0712_02_cloud.tif,ECO_L2T_LSTE.002,ECOv002_L2T_LSTE_28828_004_12SUC_20230806T174007_0712_02_cloud.tif,2026-06-09,sha256:fcd2a2dbc28b8aa3a1eae2e80e10f26196a820b1b8fdf92ba8e7096da4cef08f
https://data.lpdaac.earthdatacloud.nasa.gov/lp-prod-protected/ECO_L2T_LSTE.002/ECOv002_L2T_LSTE_28828_004_12SUC_20230806T174007_0712_02/ECOv002_L2T_LSTE_28828_004_12SUC_20230806T174007_0712_02_height.tif,ECO_L2T_LSTE.002,ECOv002_L2T_LSTE_28828_004_12SUC_20230806T174007_0712_02_height.tif,2026-06-09,sha256:bad0be4f1423995d46d27a533a878c3f03e106e97f90ab12eddabafadd2e4ef9
https://data.lpdaac.earthdatacloud.nasa.gov/lp-prod-protected/ECO_L2T_LSTE.002/ECOv002_L2T_LSTE_28828_004_12SUC_20230806T174007_0712_02/ECOv002_L2T_LSTE_28828_004_12SUC_20230806T174007_0712_02_QC.tif,ECO_L2T_LSTE.002,ECOv002_L2T_LSTE_28828_004_12SUC_20230806T174007_0712_02_QC.tif,2026-06-09,sha256:65687f58ea939eb78ba84f0512674e8d0755bc36b3283ec94f862318b48fffc3
https://data.lpdaac.earthdatacloud.nasa.gov/lp-prod-protected/ECO_L2T_LSTE.002/ECOv002_L2T_LSTE_28828_004_12SUC_20230806T174007_0712_02/ECOv002_L2T_LSTE_28828_004_12SUC_20230806T174007_0712_02_LST.tif,ECO_L2T_LSTE.002,ECOv002_L2T_LSTE_28828_004_12SUC_20230806T174007_0712_02_LST.tif,2026-06-09,sha256:f631831878dc4f5c16e426f86b899670d774d4aa7f0ad087268ad9e3a53c1b0d
https://data.lpdaac.earthdatacloud.nasa.gov/lp-prod-protected/ECO_L2T_LSTE.002/ECOv002_L2T_LSTE_28828_004_12SUB_20230806T174007_0712_02/ECOv002_L2T_LSTE_28828_004_12SUB_20230806T174007_0712_02_water.tif,ECO_L2T_LSTE.002,ECOv002_L2T_LSTE_28828_004_12SUB_20230806T174007_0712_02_water.tif,2026-06-09,sha256:76d6af56a62eb79a1833c59a02847fdba58d1649cd3515d1e1233aa24aba9a85
https://data.lpdaac.earthdatacloud.nasa.gov/lp-prod-protected/ECO_L2T_LSTE.002/ECOv002_L2T_LSTE_28828_004_12SUB_20230806T174007_0712_02/ECOv002_L2T_LSTE_28828_004_12SUB_20230806T174007_0712_02_cloud.tif,ECO_L2T_LSTE.002,ECOv002_L2T_LSTE_28828_004_12SUB_20230806T174007_0712_02_cloud.tif,2026-06-09,sha256:12926d44db3ee3fcbab890cac674f9849409445af7a5d5599a008ed2ac1cc1ca
https://data.lpdaac.earthdatacloud.nasa.gov/lp-prod-protected/ECO_L2T_LSTE.002/ECOv002_L2T_LSTE_28828_004_12SUB_20230806T174007_0712_02/ECOv002_L2T_LSTE_28828_004_12SUB_20230806T174007_0712_02_height.tif,ECO_L2T_LSTE.002,ECOv002_L2T_LSTE_28828_004_12SUB_20230806T174007_0712_02_height.tif,2026-06-09,sha256:cd9b5aa4b245d7fb1aa987e13cd6195559414f91c15995a75bc2b883ff3d4ebc
https://data.lpdaac.earthdatacloud.nasa.gov/lp-prod-protected/ECO_L2T_LSTE.002/ECOv002_L2T_LSTE_28828_004_12SUB_20230806T174007_0712_02/ECOv002_L2T_LSTE_28828_004_12SUB_20230806T174007_0712_02_QC.tif,ECO_L2T_LSTE.002,ECOv002_L2T_LSTE_28828_004_12SUB_20230806T174007_0712_02_QC.tif,2026-06-09,sha256:45763fb78a22f2d0daf6632ebcd074660892d19e1994c7c9c6721d668da3b773
https://data.lpdaac.earthdatacloud.nasa.gov/lp-prod-protected/ECO_L2T_LSTE.002/ECOv002_L2T_LSTE_28828_004_12SUB_20230806T174007_0712_02/ECOv002_L2T_LSTE_28828_004_12SUB_20230806T174007_0712_02_LST.tif,ECO_L2T_LSTE.002,ECOv002_L2T_LSTE_28828_004_12SUB_20230806T174007_0712_02_LST.tif,2026-06-09,sha256:8bfab6c9771d8cc416e2f1ff3bc404b5bcca40d30cb7ec211255d6f833142a7f
https://data.lpdaac.earthdatacloud.nasa.gov/lp-prod-protected/ECO_L2T_LSTE.002/ECOv002_L2T_LSTE_28828_004_12SVB_20230806T174007_0712_02/ECOv002_L2T_LSTE_28828_004_12SVB_20230806T174007_0712_02_water.tif,ECO_L2T_LSTE.002,ECOv002_L2T_LSTE_28828_004_12SVB_20230806T174007_0712_02_water.tif,2026-06-09,sha256:415c2e2e344f9ce03259cb6c6fae38e773b2dfb3b407a3fc88352929f7848a78
https://data.lpdaac.earthdatacloud.nasa.gov/lp-prod-protected/ECO_L2T_LSTE.002/ECOv002_L2T_LSTE_28828_004_12SVB_20230806T174007_0712_02/ECOv002_L2T_LSTE_28828_004_12SVB_20230806T174007_0712_02_cloud.tif,ECO_L2T_LSTE.002,ECOv002_L2T_LSTE_28828_004_12SVB_20230806T174007_0712_02_cloud.tif,2026-06-09,sha256:5330bdd59b721b9812d2cfacc468382dac52d2fcd60ace86d0589db82a6d4135
https://data.lpdaac.earthdatacloud.nasa.gov/lp-prod-protected/ECO_L2T_LSTE.002/ECOv002_L2T_LSTE_28828_004_12SVB_20230806T174007_0712_02/ECOv002_L2T_LSTE_28828_004_12SVB_20230806T174007_0712_02_height.tif,ECO_L2T_LSTE.002,ECOv002_L2T_LSTE_28828_004_12SVB_20230806T174007_0712_02_height.tif,2026-06-09,sha256:030499b7057ccd4f25bb74f30e4605cf9cce7a539df040d823ecd94cce6c1672
https://data.lpdaac.earthdatacloud.nasa.gov/lp-prod-protected/ECO_L2T_LSTE.002/ECOv002_L2T_LSTE_28828_004_12SVB_20230806T174007_0712_02/ECOv002_L2T_LSTE_28828_004_12SVB_20230806T174007_0712_02_QC.tif,ECO_L2T_LSTE.002,ECOv002_L2T_LSTE_28828_004_12SVB_20230806T174007_0712_02_QC.tif,2026-06-09,sha256:12a6759d4b3ec006632e4f1aa42f86a82b3544a35f0061e6a04b9129d0542289
https://data.lpdaac.earthdatacloud.nasa.gov/lp-prod-protected/ECO_L2T_LSTE.002/ECOv002_L2T_LSTE_28828_004_12SVB_20230806T174007_0712_02/ECOv002_L2T_LSTE_28828_004_12SVB_20230806T174007_0712_02_LST.tif,ECO_L2T_LSTE.002,ECOv002_L2T_LSTE_28828_004_12SVB_20230806T174007_0712_02_LST.tif,2026-06-09,sha256:9ae4e31daeab9db28b76a35dd098d4b7de9233254e4965b82b773861c28d550c
https://data.lpdaac.earthdatacloud.nasa.gov/lp-prod-protected/ECO_L2T_LSTE.002/ECOv002_L2T_LSTE_28828_004_12SVC_20230806T174007_0712_02/ECOv002_L2T_LSTE_28828_004_12SVC_20230806T174007_0712_02_water.tif,ECO_L2T_LSTE.002,ECOv002_L2T_LSTE_28828_004_12SVC_20230806T174007_0712_02_water.tif,2026-06-09,sha256:57ce272c90f710d293d04cedbef594cbe4e06449b6f8854a0098a1df06733673
https://data.lpdaac.earthdatacloud.nasa.gov/lp-prod-protected/ECO_L2T_LSTE.002/ECOv002_L2T_LSTE_28828_004_12SVC_20230806T174007_0712_02/ECOv002_L2T_LSTE_28828_004_12SVC_20230806T174007_0712_02_cloud.tif,ECO_L2T_LSTE.002,ECOv002_L2T_LSTE_28828_004_12SVC_20230806T174007_0712_02_cloud.tif,2026-06-09,sha256:d3417cd93fefb83861a00c0caf30a0394b704c15ea270c020e25c578170ba107
https://data.lpdaac.earthdatacloud.nasa.gov/lp-prod-protected/ECO_L2T_LSTE.002/ECOv002_L2T_LSTE_28828_004_12SVC_20230806T174007_0712_02/ECOv002_L2T_LSTE_28828_004_12SVC_20230806T174007_0712_02_height.tif,ECO_L2T_LSTE.002,ECOv002_L2T_LSTE_28828_004_12SVC_20230806T174007_0712_02_height.tif,2026-06-09,sha256:9bc51dc12ef6e4e31570ec9b1c15baf235edb4da8eadec4848658370455529b0
https://data.lpdaac.earthdatacloud.nasa.gov/lp-prod-protected/ECO_L2T_LSTE.002/ECOv002_L2T_LSTE_28828_004_12SVC_20230806T174007_0712_02/ECOv002_L2T_LSTE_28828_004_12SVC_20230806T174007_0712_02_QC.tif,ECO_L2T_LSTE.002,ECOv002_L2T_LSTE_28828_004_12SVC_20230806T174007_0712_02_QC.tif,2026-06-09,sha256:2d8920c319aa88751d0cf3a197bdae8e7362f74fdcdcfd8dc670b7a7ae390280
https://data.lpdaac.earthdatacloud.nasa.gov/lp-prod-protected/ECO_L2T_LSTE.002/ECOv002_L2T_LSTE_28828_004_12SVC_20230806T174007_0712_02/ECOv002_L2T_LSTE_28828_004_12SVC_20230806T174007_0712_02_LST.tif,ECO_L2T_LSTE.002,ECOv002_L2T_LSTE_28828_004_12SVC_20230806T174007_0712_02_LST.tif,2026-06-09,sha256:a68e4766dca16ac2706fc5019feb330c19b95a40a45c35caed9330ae93b291b0
https://data.lpdaac.earthdatacloud.nasa.gov/lp-prod-protected/ECO_L2T_LSTE.002/ECOv002_L2T_LSTE_28874_004_12SUB_20230809T165035_0712_02/ECOv002_L2T_LSTE_28874_004_12SUB_20230809T165035_0712_02_water.tif,ECO_L2T_LSTE.002,ECOv002_L2T_LSTE_28874_004_12SUB_20230809T165035_0712_02_water.tif,2026-06-09,sha256:12926d44db3ee3fcbab890cac674f9849409445af7a5d5599a008ed2ac1cc1ca
https://data.lpdaac.earthdatacloud.nasa.gov/lp-prod-protected/ECO_L2T_LSTE.002/ECOv002_L2T_LSTE_28874_004_12SUB_20230809T165035_0712_02/ECOv002_L2T_LSTE_28874_004_12SUB_20230809T165035_0712_02_cloud.tif,ECO_L2T_LSTE.002,ECOv002_L2T_LSTE_28874_004_12SUB_20230809T165035_0712_02_cloud.tif,2026-06-09,sha256:12926d44db3ee3fcbab890cac674f9849409445af7a5d5599a008ed2ac1cc1ca
https://data.lpdaac.earthdatacloud.nasa.gov/lp-prod-protected/ECO_L2T_LSTE.002/ECOv002_L2T_LSTE_28874_004_12SUB_20230809T165035_0712_02/ECOv002_L2T_LSTE_28874_004_12SUB_20230809T165035_0712_02_height.tif,ECO_L2T_LSTE.002,ECOv002_L2T_LSTE_28874_004_12SUB_20230809T165035_0712_02_height.tif,2026-06-09,sha256:29bc445e5367bc7e541e2749472429773ce5bb59267b6ba86e6ddb9050152b6d
https://data.lpdaac.earthdatacloud.nasa.gov/lp-prod-protected/ECO_L2T_LSTE.002/ECOv002_L2T_LSTE_28874_004_12SUB_20230809T165035_0712_02/ECOv002_L2T_LSTE_28874_004_12SUB_20230809T165035_0712_02_QC.tif,ECO_L2T_LSTE.002,ECOv002_L2T_LSTE_28874_004_12SUB_20230809T165035_0712_02_QC.tif,2026-06-09,sha256:e91fb3d791bef5cd9d516dd223ee3cee025e3856a19fc3a2c2f873142b86cf3c
https://data.lpdaac.earthdatacloud.nasa.gov/lp-prod-protected/ECO_L2T_LSTE.002/ECOv002_L2T_LSTE_28874_004_12SUB_20230809T165035_0712_02/ECOv002_L2T_LSTE_28874_004_12SUB_20230809T165035_0712_02_LST.tif,ECO_L2T_LSTE.002,ECOv002_L2T_LSTE_28874_004_12SUB_20230809T165035_0712_02_LST.tif,2026-06-09,sha256:4acefc010962255646e823739b5c5b5785639c557795d28bfb40fce1ea4c6b7c
https://data.lpdaac.earthdatacloud.nasa.gov/lp-prod-protected/ECO_L2T_LSTE.002/ECOv002_L2T_LSTE_28874_005_12SUB_20230809T165127_0710_01/ECOv002_L2T_LSTE_28874_005_12SUB_20230809T165127_0710_01_water.tif,ECO_L2T_LSTE.002,ECOv002_L2T_LSTE_28874_005_12SUB_20230809T165127_0710_01_water.tif,2026-06-09,sha256:53cd345f4ae2dafd88427b0aca9239097aae1f91f958c6694c37dab16c60dd43
https://data.lpdaac.earthdatacloud.nasa.gov/lp-prod-protected/ECO_L2T_LSTE.002/ECOv002_L2T_LSTE_28874_005_12SUB_20230809T165127_0710_01/ECOv002_L2T_LSTE_28874_005_12SUB_20230809T165127_0710_01_cloud.tif,ECO_L2T_LSTE.002,ECOv002_L2T_LSTE_28874_005_12SUB_20230809T165127_0710_01_cloud.tif,2026-06-09,sha256:732448e4997b1d47af283dd3b9041640aa099111a3a8d44dd3a57547d0c45c45
https://data.lpdaac.earthdatacloud.nasa.gov/lp-prod-protected/ECO_L2T_LSTE.002/ECOv002_L2T_LSTE_28874_005_12SUB_20230809T165127_0710_01/ECOv002_L2T_LSTE_28874_005_12SUB_20230809T165127_0710_01_height.tif,ECO_L2T_LSTE.002,ECOv002_L2T_LSTE_28874_005_12SUB_20230809T165127_0710_01_height.tif,2026-06-09,sha256:9dcb7d27e8570ebedd15a8b30d203f89da341b24471452894cee788477ef4e85
https://data.lpdaac.earthdatacloud.nasa.gov/lp-prod-protected/ECO_L2T_LSTE.002/ECOv002_L2T_LSTE_28874_005_12SUB_20230809T165127_0710_01/ECOv002_L2T_LSTE_28874_005_12SUB_20230809T165127_0710_01_QC.tif,ECO_L2T_LSTE.002,ECOv002_L2T_LSTE_28874_005_12SUB_20230809T165127_0710_01_QC.tif,2026-06-09,sha256:8c3b3a7c1fe4230ad952088fd1c45542958f0f87236698fad70505bb2203b642
https://data.lpdaac.earthdatacloud.nasa.gov/lp-prod-protected/ECO_L2T_LSTE.002/ECOv002_L2T_LSTE_28874_005_12SUB_20230809T165127_0710_01/ECOv002_L2T_LSTE_28874_005_12SUB_20230809T165127_0710_01_LST.tif,ECO_L2T_LSTE.002,ECOv002_L2T_LSTE_28874_005_12SUB_20230809T165127_0710_01_LST.tif,2026-06-09,sha256:67fbd29d54fab045f5b9333830d093c4c3dfb0987809aa7eec13f468f091b882
https://data.lpdaac.earthdatacloud.nasa.gov/lp-prod-protected/ECO_L2T_LSTE.002/ECOv002_L2T_LSTE_28874_005_12SUC_20230809T165127_0712_02/ECOv002_L2T_LSTE_28874_005_12SUC_20230809T165127_0712_02_water.tif,ECO_L2T_LSTE.002,ECOv002_L2T_LSTE_28874_005_12SUC_20230809T165127_0712_02_water.tif,2026-06-09,sha256:3a4996e4f2a1d0e42e40e55bc9b20191a3fce406877e8fc1e6ca226a1303b0b5
https://data.lpdaac.earthdatacloud.nasa.gov/lp-prod-protected/ECO_L2T_LSTE.002/ECOv002_L2T_LSTE_28874_005_12SUC_20230809T165127_0712_02/ECOv002_L2T_LSTE_28874_005_12SUC_20230809T165127_0712_02_cloud.tif,ECO_L2T_LSTE.002,ECOv002_L2T_LSTE_28874_005_12SUC_20230809T165127_0712_02_cloud.tif,2026-06-09,sha256:3217426a6c52e585f31e029dd81e9f18fc434be5d53c2113cdfa4129c0e6a3a8
https://data.lpdaac.earthdatacloud.nasa.gov/lp-prod-protected/ECO_L2T_LSTE.002/ECOv002_L2T_LSTE_28874_005_12SUC_20230809T165127_0712_02/ECOv002_L2T_LSTE_28874_005_12SUC_20230809T165127_0712_02_height.tif,ECO_L2T_LSTE.002,ECOv002_L2T_LSTE_28874_005_12SUC_20230809T165127_0712_02_height.tif,2026-06-09,sha256:dc5bdf7c5e637a6eab1473ccbd383da76c1154f8b91a8cca939c7941773913fd
https://data.lpdaac.earthdatacloud.nasa.gov/lp-prod-protected/ECO_L2T_LSTE.002/ECOv002_L2T_LSTE_28874_005_12SUC_20230809T165127_0712_02/ECOv002_L2T_LSTE_28874_005_12SUC_20230809T165127_0712_02_QC.tif,ECO_L2T_LSTE.002,ECOv002_L2T_LSTE_28874_005_12SUC_20230809T165127_0712_02_QC.tif,2026-06-09,sha256:f24d368f0f0af6e99d75d1d8565afc94ca49d5b70e70b53c5a84cfc4d7cdd943
https://data.lpdaac.earthdatacloud.nasa.gov/lp-prod-protected/ECO_L2T_LSTE.002/ECOv002_L2T_LSTE_28874_005_12SUC_20230809T165127_0712_02/ECOv002_L2T_LSTE_28874_005_12SUC_20230809T165127_0712_02_LST.tif,ECO_L2T_LSTE.002,ECOv002_L2T_LSTE_28874_005_12SUC_20230809T165127_0712_02_LST.tif,2026-06-09,sha256:b77c3b2ecd29faa36e6b336c131af0d12b9591cb7f1f4e925390c9c9546ead3a
https://data.lpdaac.earthdatacloud.nasa.gov/lp-prod-protected/ECO_L2T_LSTE.002/ECOv002_L2T_LSTE_28874_005_12SUB_20230809T165127_0712_02/ECOv002_L2T_LSTE_28874_005_12SUB_20230809T165127_0712_02_water.tif,ECO_L2T_LSTE.002,ECOv002_L2T_LSTE_28874_005_12SUB_20230809T165127_0712_02_water.tif,2026-06-09,sha256:7ad6e4363cfa33518479e40efd565f84040ada6a0ba53ce5413d28aab9653042
https://data.lpdaac.earthdatacloud.nasa.gov/lp-prod-protected/ECO_L2T_LSTE.002/ECOv002_L2T_LSTE_28874_005_12SUB_20230809T165127_0712_02/ECOv002_L2T_LSTE_28874_005_12SUB_20230809T165127_0712_02_cloud.tif,ECO_L2T_LSTE.002,ECOv002_L2T_LSTE_28874_005_12SUB_20230809T165127_0712_02_cloud.tif,2026-06-09,sha256:0aa07b92a02deee3fabef07b3c33da2ea4a6bfb78c4fba658861ed503203f516
https://data.lpdaac.earthdatacloud.nasa.gov/lp-prod-protected/ECO_L2T_LSTE.002/ECOv002_L2T_LSTE_28874_005_12SUB_20230809T165127_0712_02/ECOv002_L2T_LSTE_28874_005_12SUB_20230809T165127_0712_02_height.tif,ECO_L2T_LSTE.002,ECOv002_L2T_LSTE_28874_005_12SUB_20230809T165127_0712_02_height.tif,2026-06-09,sha256:58cd015340dffd90a083bb1ad31067ef4d7615aef7b2cf2b4ca0fced8009d40c
https://data.lpdaac.earthdatacloud.nasa.gov/lp-prod-protected/ECO_L2T_LSTE.002/ECOv002_L2T_LSTE_28874_005_12SUB_20230809T165127_0712_02/ECOv002_L2T_LSTE_28874_005_12SUB_20230809T165127_0712_02_QC.tif,ECO_L2T_LSTE.002,ECOv002_L2T_LSTE_28874_005_12SUB_20230809T165127_0712_02_QC.tif,2026-06-09,sha256:acf5a7bb8589a3dcfb1fb879ab162466d1f8abd2744623b4591c34e124960fb9
https://data.lpdaac.earthdatacloud.nasa.gov/lp-prod-protected/ECO_L2T_LSTE.002/ECOv002_L2T_LSTE_28874_005_12SUB_20230809T165127_0712_02/ECOv002_L2T_LSTE_28874_005_12SUB_20230809T165127_0712_02_LST.tif,ECO_L2T_LSTE.002,ECOv002_L2T_LSTE_28874_005_12SUB_20230809T165127_0712_02_LST.tif,2026-06-09,sha256:ffb88cbcd99349c0df1c710406115401cb3b451b4d61afa49b69e698d6a3e935
https://data.lpdaac.earthdatacloud.nasa.gov/lp-prod-protected/ECO_L2T_LSTE.002/ECOv002_L2T_LSTE_28874_005_12SVC_20230809T165127_0712_02/ECOv002_L2T_LSTE_28874_005_12SVC_20230809T165127_0712_02_water.tif,ECO_L2T_LSTE.002,ECOv002_L2T_LSTE_28874_005_12SVC_20230809T165127_0712_02_water.tif,2026-06-09,sha256:1d4459627d8a9675ab12dadd21bb28d082bb0c3e171c8d12ccf24a99402fa5e7
https://data.lpdaac.earthdatacloud.nasa.gov/lp-prod-protected/ECO_L2T_LSTE.002/ECOv002_L2T_LSTE_28874_005_12SVC_20230809T165127_0712_02/ECOv002_L2T_LSTE_28874_005_12SVC_20230809T165127_0712_02_cloud.tif,ECO_L2T_LSTE.002,ECOv002_L2T_LSTE_28874_005_12SVC_20230809T165127_0712_02_cloud.tif,2026-06-09,sha256:05d96e32b21bce882fafdb0b040f780c27ced4d1db626c80ae24dc6400ee69d1
https://data.lpdaac.earthdatacloud.nasa.gov/lp-prod-protected/ECO_L2T_LSTE.002/ECOv002_L2T_LSTE_28874_005_12SVC_20230809T165127_0712_02/ECOv002_L2T_LSTE_28874_005_12SVC_20230809T165127_0712_02_height.tif,ECO_L2T_LSTE.002,ECOv002_L2T_LSTE_28874_005_12SVC_20230809T165127_0712_02_height.tif,2026-06-09,sha256:9eb4272e2bd5576096ba74238b83b66c8aeb0ab688e30658715b72633d3bc1f3
https://data.lpdaac.earthdatacloud.nasa.gov/lp-prod-protected/ECO_L2T_LSTE.002/ECOv002_L2T_LSTE_28874_005_12SVC_20230809T165127_0712_02/ECOv002_L2T_LSTE_28874_005_12SVC_20230809T165127_0712_02_QC.tif,ECO_L2T_LSTE.002,ECOv002_L2T_LSTE_28874_005_12SVC_20230809T165127_0712_02_QC.tif,2026-06-09,sha256:d4fb80a60250773e32fc905f3a4b133dfd44463c0487a2c7a7c45954d0cf5826
https://data.lpdaac.earthdatacloud.nasa.gov/lp-prod-protected/ECO_L2T_LSTE.002/ECOv002_L2T_LSTE_28874_005_12SVC_20230809T165127_0712_02/ECOv002_L2T_LSTE_28874_005_12SVC_20230809T165127_0712_02_LST.tif,ECO_L2T_LSTE.002,ECOv002_L2T_LSTE_28874_005_12SVC_20230809T165127_0712_02_LST.tif,2026-06-09,sha256:74841fdb577f76629715d7808f1ef3703f7b6926a0a3bb31b333774589bd5b35
https://data.lpdaac.earthdatacloud.nasa.gov/lp-prod-protected/ECO_L2T_LSTE.002/ECOv002_L2T_LSTE_28889_003_12SUB_20230810T160235_0710_01/ECOv002_L2T_LSTE_28889_003_12SUB_20230810T160235_0710_01_water.tif,ECO_L2T_LSTE.002,ECOv002_L2T_LSTE_28889_003_12SUB_20230810T160235_0710_01_water.tif,2026-06-09,sha256:39cb6e149ca91e122dccaa52e8cc7a1736bdcf1a4cdaecddbe00175f9a150638
https://data.lpdaac.earthdatacloud.nasa.gov/lp-prod-protected/ECO_L2T_LSTE.002/ECOv002_L2T_LSTE_28889_003_12SUB_20230810T160235_0710_01/ECOv002_L2T_LSTE_28889_003_12SUB_20230810T160235_0710_01_QC.tif,ECO_L2T_LSTE.002,ECOv002_L2T_LSTE_28889_003_12SUB_20230810T160235_0710_01_QC.tif,2026-06-09,sha256:42b4f2d39ca744c48fd83055589c9f3a40ddd71ff10921767def53b13fb1dd94
https://data.lpdaac.earthdatacloud.nasa.gov/lp-prod-protected/ECO_L2T_LSTE.002/ECOv002_L2T_LSTE_28889_003_12SUB_20230810T160235_0710_01/ECOv002_L2T_LSTE_28889_003_12SUB_20230810T160235_0710_01_cloud.tif,ECO_L2T_LSTE.002,ECOv002_L2T_LSTE_28889_003_12SUB_20230810T160235_0710_01_cloud.tif,2026-06-09,sha256:8ac9e4a35c3e6a6aef7d298ffb8f79fb6df0bcb93b44d2d4055123ea781b7756
https://data.lpdaac.earthdatacloud.nasa.gov/lp-prod-protected/ECO_L2T_LSTE.002/ECOv002_L2T_LSTE_28889_003_12SUB_20230810T160235_0710_01/ECOv002_L2T_LSTE_28889_003_12SUB_20230810T160235_0710_01_height.tif,ECO_L2T_LSTE.002,ECOv002_L2T_LSTE_28889_003_12SUB_20230810T160235_0710_01_height.tif,2026-06-09,sha256:d78f6d94eb58dbab265ea59db37fc2949f1679b705f6ee8cca7edd738e8f7053
https://data.lpdaac.earthdatacloud.nasa.gov/lp-prod-protected/ECO_L2T_LSTE.002/ECOv002_L2T_LSTE_28889_003_12SUB_20230810T160235_0710_01/ECOv002_L2T_LSTE_28889_003_12SUB_20230810T160235_0710_01_LST.tif,ECO_L2T_LSTE.002,ECOv002_L2T_LSTE_28889_003_12SUB_20230810T160235_0710_01_LST.tif,2026-06-09,sha256:d17ab73138a86e31ca8abdebb8467e9502414ef2649f0ba45932a0b2725b293e
https://data.lpdaac.earthdatacloud.nasa.gov/lp-prod-protected/ECO_L2T_LSTE.002/ECOv002_L2T_LSTE_28889_003_12SUC_20230810T160235_0710_01/ECOv002_L2T_LSTE_28889_003_12SUC_20230810T160235_0710_01_water.tif,ECO_L2T_LSTE.002,ECOv002_L2T_LSTE_28889_003_12SUC_20230810T160235_0710_01_water.tif,2026-06-09,sha256:c425699592b5cb9b64e1d5981bcbab63e87c65d2a6be6e1b6f1f2b70af61f65d
https://data.lpdaac.earthdatacloud.nasa.gov/lp-prod-protected/ECO_L2T_LSTE.002/ECOv002_L2T_LSTE_28889_003_12SUC_20230810T160235_0710_01/ECOv002_L2T_LSTE_28889_003_12SUC_20230810T160235_0710_01_QC.tif,ECO_L2T_LSTE.002,ECOv002_L2T_LSTE_28889_003_12SUC_20230810T160235_0710_01_QC.tif,2026-06-09,sha256:02240ab604d0e90b165d2102afa49e442d09e093afd2a5c83734153247a09b91
https://data.lpdaac.earthdatacloud.nasa.gov/lp-prod-protected/ECO_L2T_LSTE.002/ECOv002_L2T_LSTE_28889_003_12SUC_20230810T160235_0710_01/ECOv002_L2T_LSTE_28889_003_12SUC_20230810T160235_0710_01_cloud.tif,ECO_L2T_LSTE.002,ECOv002_L2T_LSTE_28889_003_12SUC_20230810T160235_0710_01_cloud.tif,2026-06-09,sha256:bdf3e8251a84ae74e379f54cbfb1a3d401606dcbf76976f78ac272bb31207ae0
https://data.lpdaac.earthdatacloud.nasa.gov/lp-prod-protected/ECO_L2T_LSTE.002/ECOv002_L2T_LSTE_28889_003_12SUC_20230810T160235_0710_01/ECOv002_L2T_LSTE_28889_003_12SUC_20230810T160235_0710_01_height.tif,ECO_L2T_LSTE.002,ECOv002_L2T_LSTE_28889_003_12SUC_20230810T160235_0710_01_height.tif,2026-06-09,sha256:d1233765fc92898192503a0b91a1c6878ed58ae83b3d67510cf97b56549d0a04
https://data.lpdaac.earthdatacloud.nasa.gov/lp-prod-protected/ECO_L2T_LSTE.002/ECOv002_L2T_LSTE_28889_003_12SUC_20230810T160235_0710_01/ECOv002_L2T_LSTE_28889_003_12SUC_20230810T160235_0710_01_LST.tif,ECO_L2T_LSTE.002,ECOv002_L2T_LSTE_28889_003_12SUC_20230810T160235_0710_01_LST.tif,2026-06-09,sha256:b889deb94139ee6f17faefa7ed8ee8394666be60148418db824d3e3939ed7b73
https://data.lpdaac.earthdatacloud.nasa.gov/lp-prod-protected/ECO_L2T_LSTE.002/ECOv002_L2T_LSTE_28889_003_12SVC_20230810T160235_0710_01/ECOv002_L2T_LSTE_28889_003_12SVC_20230810T160235_0710_01_water.tif,ECO_L2T_LSTE.002,ECOv002_L2T_LSTE_28889_003_12SVC_20230810T160235_0710_01_water.tif,2026-06-09,sha256:667f51694da768a3fb45d5a708b6d4a063ec4deecd738d0b4952e185933f3e31
https://data.lpdaac.earthdatacloud.nasa.gov/lp-prod-protected/ECO_L2T_LSTE.002/ECOv002_L2T_LSTE_28889_003_12SVC_20230810T160235_0710_01/ECOv002_L2T_LSTE_28889_003_12SVC_20230810T160235_0710_01_cloud.tif,ECO_L2T_LSTE.002,ECOv002_L2T_LSTE_28889_003_12SVC_20230810T160235_0710_01_cloud.tif,2026-06-09,sha256:0a3d65b50cbe70c5be94aaf10e793ad4ff14b385892437dd81f54a613c0a521a
https://data.lpdaac.earthdatacloud.nasa.gov/lp-prod-protected/ECO_L2T_LSTE.002/ECOv002_L2T_LSTE_28889_003_12SVC_20230810T160235_0710_01/ECOv002_L2T_LSTE_28889_003_12SVC_20230810T160235_0710_01_height.tif,ECO_L2T_LSTE.002,ECOv002_L2T_LSTE_28889_003_12SVC_20230810T160235_0710_01_height.tif,2026-06-09,sha256:fef8da5ece27bea1b59f919fbc44d5f370321fc8f2580a7a7ef8e070195a1166
https://data.lpdaac.earthdatacloud.nasa.gov/lp-prod-protected/ECO_L2T_LSTE.002/ECOv002_L2T_LSTE_28889_003_12SVC_20230810T160235_0710_01/ECOv002_L2T_LSTE_28889_003_12SVC_20230810T160235_0710_01_LST.tif,ECO_L2T_LSTE.002,ECOv002_L2T_LSTE_28889_003_12SVC_20230810T160235_0710_01_LST.tif,2026-06-09,sha256:c15307f748858d37e3a8d5ac1836657e93c76361dee846b2ae7829f558392b27
https://data.lpdaac.earthdatacloud.nasa.gov/lp-prod-protected/ECO_L2T_LSTE.002/ECOv002_L2T_LSTE_28889_003_12SVC_20230810T160235_0710_01/ECOv002_L2T_LSTE_28889_003_12SVC_20230810T160235_0710_01_QC.tif,ECO_L2T_LSTE.002,ECOv002_L2T_LSTE_28889_003_12SVC_20230810T160235_0710_01_QC.tif,2026-06-09,sha256:32aeb5249d24c1c9086f08fea98d7b4e77a7b6b954ae184b4495efa8ff97ce50
https://data.lpdaac.earthdatacloud.nasa.gov/lp-prod-protected/ECO_L2T_LSTE.002/ECOv002_L2T_LSTE_28889_003_12SVB_20230810T160235_0710_01/ECOv002_L2T_LSTE_28889_003_12SVB_20230810T160235_0710_01_water.tif,ECO_L2T_LSTE.002,ECOv002_L2T_LSTE_28889_003_12SVB_20230810T160235_0710_01_water.tif,2026-06-09,sha256:cfd697694d1b0dfff6f5e550740d884402825a5bedf34235bce00142be579812
https://data.lpdaac.earthdatacloud.nasa.gov/lp-prod-protected/ECO_L2T_LSTE.002/ECOv002_L2T_LSTE_28889_003_12SVB_20230810T160235_0710_01/ECOv002_L2T_LSTE_28889_003_12SVB_20230810T160235_0710_01_QC.tif,ECO_L2T_LSTE.002,ECOv002_L2T_LSTE_28889_003_12SVB_20230810T160235_0710_01_QC.tif,2026-06-09,sha256:fd1bc6a955b4d2258b3081ea3b87355257ce548132161e0dd05d231c82d8105d
https://data.lpdaac.earthdatacloud.nasa.gov/lp-prod-protected/ECO_L2T_LSTE.002/ECOv002_L2T_LSTE_28889_003_12SVB_20230810T160235_0710_01/ECOv002_L2T_LSTE_28889_003_12SVB_20230810T160235_0710_01_cloud.tif,ECO_L2T_LSTE.002,ECOv002_L2T_LSTE_28889_003_12SVB_20230810T160235_0710_01_cloud.tif,2026-06-09,sha256:4ca8e1ab9e5d5c8ba432fa24bd8fa5c5776bf4976646ba178ef6cafb8ff3de14
https://data.lpdaac.earthdatacloud.nasa.gov/lp-prod-protected/ECO_L2T_LSTE.002/ECOv002_L2T_LSTE_28889_003_12SVB_20230810T160235_0710_01/ECOv002_L2T_LSTE_28889_003_12SVB_20230810T160235_0710_01_height.tif,ECO_L2T_LSTE.002,ECOv002_L2T_LSTE_28889_003_12SVB_20230810T160235_0710_01_height.tif,2026-06-09,sha256:6b712a6aacced86fdb2751b45ba8e09dda103f66e6da27e00fdd327cb7d23b63
https://data.lpdaac.earthdatacloud.nasa.gov/lp-prod-protected/ECO_L2T_LSTE.002/ECOv002_L2T_LSTE_28889_003_12SVB_20230810T160235_0710_01/ECOv002_L2T_LSTE_28889_003_12SVB_20230810T160235_0710_01_LST.tif,ECO_L2T_LSTE.002,ECOv002_L2T_LSTE_28889_003_12SVB_20230810T160235_0710_01_LST.tif,2026-06-09,sha256:f2ac7f1103e9f7bef55e1e6658d33819fbedada1f409ec85634ec0fe9b2d25fd
https://data.lpdaac.earthdatacloud.nasa.gov/lp-prod-protected/ECO_L2T_LSTE.002/ECOv002_L2T_LSTE_28889_003_12SUC_20230810T160235_0712_02/ECOv002_L2T_LSTE_28889_003_12SUC_20230810T160235_0712_02_water.tif,ECO_L2T_LSTE.002,ECOv002_L2T_LSTE_28889_003_12SUC_20230810T160235_0712_02_water.tif,2026-06-09,sha256:80343448b9155a3e71348989e9cf956b267707c60862207aa0b1b1704a6331e6
https://data.lpdaac.earthdatacloud.nasa.gov/lp-prod-protected/ECO_L2T_LSTE.002/ECOv002_L2T_LSTE_28889_003_12SUC_20230810T160235_0712_02/ECOv002_L2T_LSTE_28889_003_12SUC_20230810T160235_0712_02_cloud.tif,ECO_L2T_LSTE.002,ECOv002_L2T_LSTE_28889_003_12SUC_20230810T160235_0712_02_cloud.tif,2026-06-09,sha256:5e36fd2acae15bc0fe838df92116f8727e577f420a7a751289b28d6cc0b2edb7
https://data.lpdaac.earthdatacloud.nasa.gov/lp-prod-protected/ECO_L2T_LSTE.002/ECOv002_L2T_LSTE_28889_003_12SUC_20230810T160235_0712_02/ECOv002_L2T_LSTE_28889_003_12SUC_20230810T160235_0712_02_height.tif,ECO_L2T_LSTE.002,ECOv002_L2T_LSTE_28889_003_12SUC_20230810T160235_0712_02_height.tif,2026-06-09,sha256:adcb98c8abaf86f9abed9691c6d0475445da4901a4e321f331e5aac34153f756
https://data.lpdaac.earthdatacloud.nasa.gov/lp-prod-protected/ECO_L2T_LSTE.002/ECOv002_L2T_LSTE_28889_003_12SUC_20230810T160235_0712_02/ECOv002_L2T_LSTE_28889_003_12SUC_20230810T160235_0712_02_QC.tif,ECO_L2T_LSTE.002,ECOv002_L2T_LSTE_28889_003_12SUC_20230810T160235_0712_02_QC.tif,2026-06-09,sha256:ff396be18b170c7e4958bab2f45288832716339c58fbc1e1df307f307a47d2da
https://data.lpdaac.earthdatacloud.nasa.gov/lp-prod-protected/ECO_L2T_LSTE.002/ECOv002_L2T_LSTE_28889_003_12SUC_20230810T160235_0712_02/ECOv002_L2T_LSTE_28889_003_12SUC_20230810T160235_0712_02_LST.tif,ECO_L2T_LSTE.002,ECOv002_L2T_LSTE_28889_003_12SUC_20230810T160235_0712_02_LST.tif,2026-06-09,sha256:40d65d811c00ac37481b5f2f4411517acdb402333c0488e4b4ccc0e7b2fe6917
https://data.lpdaac.earthdatacloud.nasa.gov/lp-prod-protected/ECO_L2T_LSTE.002/ECOv002_L2T_LSTE_28889_003_12SUB_20230810T160235_0712_02/ECOv002_L2T_LSTE_28889_003_12SUB_20230810T160235_0712_02_water.tif,ECO_L2T_LSTE.002,ECOv002_L2T_LSTE_28889_003_12SUB_20230810T160235_0712_02_water.tif,2026-06-09,sha256:18c54168ff5099b1219012cff2d9d3b439f6ca13b8892d6acd8bcaf4c410bade
https://data.lpdaac.earthdatacloud.nasa.gov/lp-prod-protected/ECO_L2T_LSTE.002/ECOv002_L2T_LSTE_28889_003_12SUB_20230810T160235_0712_02/ECOv002_L2T_LSTE_28889_003_12SUB_20230810T160235_0712_02_cloud.tif,ECO_L2T_LSTE.002,ECOv002_L2T_LSTE_28889_003_12SUB_20230810T160235_0712_02_cloud.tif,2026-06-09,sha256:307b0e65f7a7199f931b7a151f79eaab31604e8a29f9cac4b63334f89e943289
https://data.lpdaac.earthdatacloud.nasa.gov/lp-prod-protected/ECO_L2T_LSTE.002/ECOv002_L2T_LSTE_28889_003_12SUB_20230810T160235_0712_02/ECOv002_L2T_LSTE_28889_003_12SUB_20230810T160235_0712_02_height.tif,ECO_L2T_LSTE.002,ECOv002_L2T_LSTE_28889_003_12SUB_20230810T160235_0712_02_height.tif,2026-06-09,sha256:63618448c6f39de5783499d86865ea3e37d769bf61e21bf60d9e6ddd8a56fa03
https://data.lpdaac.earthdatacloud.nasa.gov/lp-prod-protected/ECO_L2T_LSTE.002/ECOv002_L2T_LSTE_28889_003_12SUB_20230810T160235_0712_02/ECOv002_L2T_LSTE_28889_003_12SUB_20230810T160235_0712_02_QC.tif,ECO_L2T_LSTE.002,ECOv002_L2T_LSTE_28889_003_12SUB_20230810T160235_0712_02_QC.tif,2026-06-09,sha256:d2f4d01acd13b653f4306f77336b4240bcf2f82d4adf2b936a917364ea7b416a
https://data.lpdaac.earthdatacloud.nasa.gov/lp-prod-protected/ECO_L2T_LSTE.002/ECOv002_L2T_LSTE_28889_003_12SUB_20230810T160235_0712_02/ECOv002_L2T_LSTE_28889_003_12SUB_20230810T160235_0712_02_LST.tif,ECO_L2T_LSTE.002,ECOv002_L2T_LSTE_28889_003_12SUB_20230810T160235_0712_02_LST.tif,2026-06-09,sha256:2559a89f997c02d3e1740c5212a377b22c107b1ea5eee5da588171b6d3e49bda
https://data.lpdaac.earthdatacloud.nasa.gov/lp-prod-protected/ECO_L2T_LSTE.002/ECOv002_L2T_LSTE_28889_003_12SVC_20230810T160235_0712_02/ECOv002_L2T_LSTE_28889_003_12SVC_20230810T160235_0712_02_water.tif,ECO_L2T_LSTE.002,ECOv002_L2T_LSTE_28889_003_12SVC_20230810T160235_0712_02_water.tif,2026-06-09,sha256:0f2a3e6382d6a6dc8ee2e47be7596e1f770c747f78fcd9901cd2dcbae90d21a7
https://data.lpdaac.earthdatacloud.nasa.gov/lp-prod-protected/ECO_L2T_LSTE.002/ECOv002_L2T_LSTE_28889_003_12SVC_20230810T160235_0712_02/ECOv002_L2T_LSTE_28889_003_12SVC_20230810T160235_0712_02_cloud.tif,ECO_L2T_LSTE.002,ECOv002_L2T_LSTE_28889_003_12SVC_20230810T160235_0712_02_cloud.tif,2026-06-09,sha256:2086d161df24cc9c0e5f53ad80ba5940b59432900613e4dabe273e15da53a180
https://data.lpdaac.earthdatacloud.nasa.gov/lp-prod-protected/ECO_L2T_LSTE.002/ECOv002_L2T_LSTE_28889_003_12SVC_20230810T160235_0712_02/ECOv002_L2T_LSTE_28889_003_12SVC_20230810T160235_0712_02_height.tif,ECO_L2T_LSTE.002,ECOv002_L2T_LSTE_28889_003_12SVC_20230810T160235_0712_02_height.tif,2026-06-09,sha256:c7b77d1497b6faba88a42b21e1137ef12fb94db29cd1a2da6f3d72a9ebe7a6ab
https://data.lpdaac.earthdatacloud.nasa.gov/lp-prod-protected/ECO_L2T_LSTE.002/ECOv002_L2T_LSTE_28889_003_12SVC_20230810T160235_0712_02/ECOv002_L2T_LSTE_28889_003_12SVC_20230810T160235_0712_02_QC.tif,ECO_L2T_LSTE.002,ECOv002_L2T_LSTE_28889_003_12SVC_20230810T160235_0712_02_QC.tif,2026-06-09,sha256:640ba73774678bd06ed1ad9f148dd60e7bfdd4a8b9955e7b37ac009414b40d15
https://data.lpdaac.earthdatacloud.nasa.gov/lp-prod-protected/ECO_L2T_LSTE.002/ECOv002_L2T_LSTE_28889_003_12SVC_20230810T160235_0712_02/ECOv002_L2T_LSTE_28889_003_12SVC_20230810T160235_0712_02_LST.tif,ECO_L2T_LSTE.002,ECOv002_L2T_LSTE_28889_003_12SVC_20230810T160235_0712_02_LST.tif,2026-06-09,sha256:0af60e5d382ebf2a7fc733139ef0ef0422338f16c8276337e1f871f295e369a0
https://data.lpdaac.earthdatacloud.nasa.gov/lp-prod-protected/ECO_L2T_LSTE.002/ECOv002_L2T_LSTE_28889_003_12SVB_20230810T160235_0712_02/ECOv002_L2T_LSTE_28889_003_12SVB_20230810T160235_0712_02_water.tif,ECO_L2T_LSTE.002,ECOv002_L2T_LSTE_28889_003_12SVB_20230810T160235_0712_02_water.tif,2026-06-09,sha256:519763f4ee1887b7480d3deacadc13dd5700ed141ff47a94cfc2573c85cc5cbc
https://data.lpdaac.earthdatacloud.nasa.gov/lp-prod-protected/ECO_L2T_LSTE.002/ECOv002_L2T_LSTE_28889_003_12SVB_20230810T160235_0712_02/ECOv002_L2T_LSTE_28889_003_12SVB_20230810T160235_0712_02_cloud.tif,ECO_L2T_LSTE.002,ECOv002_L2T_LSTE_28889_003_12SVB_20230810T160235_0712_02_cloud.tif,2026-06-09,sha256:f5e4db9e723371de99b651db94dcd0adb39697447072940584c6febd61ed3dec
https://data.lpdaac.earthdatacloud.nasa.gov/lp-prod-protected/ECO_L2T_LSTE.002/ECOv002_L2T_LSTE_28889_003_12SVB_20230810T160235_0712_02/ECOv002_L2T_LSTE_28889_003_12SVB_20230810T160235_0712_02_height.tif,ECO_L2T_LSTE.002,ECOv002_L2T_LSTE_28889_003_12SVB_20230810T160235_0712_02_height.tif,2026-06-09,sha256:7d9c404ed10d16951022bd21aa284c37aeabffc6f5aad61ab13dd0a296c1bb9c
https://data.lpdaac.earthdatacloud.nasa.gov/lp-prod-protected/ECO_L2T_LSTE.002/ECOv002_L2T_LSTE_28889_003_12SVB_20230810T160235_0712_02/ECOv002_L2T_LSTE_28889_003_12SVB_20230810T160235_0712_02_QC.tif,ECO_L2T_LSTE.002,ECOv002_L2T_LSTE_28889_003_12SVB_20230810T160235_0712_02_QC.tif,2026-06-09,sha256:2e6802ca6370859496926106c1bb935cc4fdb051365382c2f5f15f0504952591
https://data.lpdaac.earthdatacloud.nasa.gov/lp-prod-protected/ECO_L2T_LSTE.002/ECOv002_L2T_LSTE_28889_003_12SVB_20230810T160235_0712_02/ECOv002_L2T_LSTE_28889_003_12SVB_20230810T160235_0712_02_LST.tif,ECO_L2T_LSTE.002,ECOv002_L2T_LSTE_28889_003_12SVB_20230810T160235_0712_02_LST.tif,2026-06-09,sha256:ce58aef715ba70ad92fba17a675238d45e227090cfc563f7845bed506af82c58
https://data.lpdaac.earthdatacloud.nasa.gov/lp-prod-protected/ECO_L2T_LSTE.002/ECOv002_L2T_LSTE_28889_004_12SVC_20230810T160327_0710_01/ECOv002_L2T_LSTE_28889_004_12SVC_20230810T160327_0710_01_water.tif,ECO_L2T_LSTE.002,ECOv002_L2T_LSTE_28889_004_12SVC_20230810T160327_0710_01_water.tif,2026-06-09,sha256:489c14db848bdd61ab3e3f843848dc3a0860704f7af247b15039ee3695e02fb7
https://data.lpdaac.earthdatacloud.nasa.gov/lp-prod-protected/ECO_L2T_LSTE.002/ECOv002_L2T_LSTE_28889_004_12SVC_20230810T160327_0710_01/ECOv002_L2T_LSTE_28889_004_12SVC_20230810T160327_0710_01_cloud.tif,ECO_L2T_LSTE.002,ECOv002_L2T_LSTE_28889_004_12SVC_20230810T160327_0710_01_cloud.tif,2026-06-09,sha256:1e9e2bce953bdbab5c49d620d3ee3b72b217a0be7a0e4941f896d2b02f54ce93
https://data.lpdaac.earthdatacloud.nasa.gov/lp-prod-protected/ECO_L2T_LSTE.002/ECOv002_L2T_LSTE_28889_004_12SVC_20230810T160327_0710_01/ECOv002_L2T_LSTE_28889_004_12SVC_20230810T160327_0710_01_height.tif,ECO_L2T_LSTE.002,ECOv002_L2T_LSTE_28889_004_12SVC_20230810T160327_0710_01_height.tif,2026-06-09,sha256:a8bf5c891f8ee517998d1e5eaba48d1e3b4c5eec5e098b00135bba8ead6d464e
https://data.lpdaac.earthdatacloud.nasa.gov/lp-prod-protected/ECO_L2T_LSTE.002/ECOv002_L2T_LSTE_28889_004_12SVC_20230810T160327_0710_01/ECOv002_L2T_LSTE_28889_004_12SVC_20230810T160327_0710_01_LST.tif,ECO_L2T_LSTE.002,ECOv002_L2T_LSTE_28889_004_12SVC_20230810T160327_0710_01_LST.tif,2026-06-09,sha256:2264f5f4e0ead9b30fc6664c5e0adfc3770af6e5f10fca4e5b6c84659bb5e80d
https://data.lpdaac.earthdatacloud.nasa.gov/lp-prod-protected/ECO_L2T_LSTE.002/ECOv002_L2T_LSTE_28889_004_12SVC_20230810T160327_0710_01/ECOv002_L2T_LSTE_28889_004_12SVC_20230810T160327_0710_01_QC.tif,ECO_L2T_LSTE.002,ECOv002_L2T_LSTE_28889_004_12SVC_20230810T160327_0710_01_QC.tif,2026-06-09,sha256:f52e3b496837b3f08c05c22174b9c3dd1c9d21c858141a0e544470aa15950864
https://data.lpdaac.earthdatacloud.nasa.gov/lp-prod-protected/ECO_L2T_LSTE.002/ECOv002_L2T_LSTE_28889_004_12SVC_20230810T160327_0712_02/ECOv002_L2T_LSTE_28889_004_12SVC_20230810T160327_0712_02_water.tif,ECO_L2T_LSTE.002,ECOv002_L2T_LSTE_28889_004_12SVC_20230810T160327_0712_02_water.tif,2026-06-09,sha256:95878518e1e41ceb23d0ebaf7509e9a188b298048550843eab8bc2a345c579cb
https://data.lpdaac.earthdatacloud.nasa.gov/lp-prod-protected/ECO_L2T_LSTE.002/ECOv002_L2T_LSTE_28889_004_12SVC_20230810T160327_0712_02/ECOv002_L2T_LSTE_28889_004_12SVC_20230810T160327_0712_02_cloud.tif,ECO_L2T_LSTE.002,ECOv002_L2T_LSTE_28889_004_12SVC_20230810T160327_0712_02_cloud.tif,2026-06-09,sha256:a3c2e9f96f2959756e64486c33dc3fc369d8482834453026c224ddab9074b6b0
https://data.lpdaac.earthdatacloud.nasa.gov/lp-prod-protected/ECO_L2T_LSTE.002/ECOv002_L2T_LSTE_28889_004_12SVC_20230810T160327_0712_02/ECOv002_L2T_LSTE_28889_004_12SVC_20230810T160327_0712_02_height.tif,ECO_L2T_LSTE.002,ECOv002_L2T_LSTE_28889_004_12SVC_20230810T160327_0712_02_height.tif,2026-06-09,sha256:e88ee288575cebab7ba8123db5fa1c8034d66fd7a7326e0b2208a91b94db7014
https://data.lpdaac.earthdatacloud.nasa.gov/lp-prod-protected/ECO_L2T_LSTE.002/ECOv002_L2T_LSTE_28889_004_12SVC_20230810T160327_0712_02/ECOv002_L2T_LSTE_28889_004_12SVC_20230810T160327_0712_02_QC.tif,ECO_L2T_LSTE.002,ECOv002_L2T_LSTE_28889_004_12SVC_20230810T160327_0712_02_QC.tif,2026-06-09,sha256:215c0c5a4a13614632147b2240f06d310e9d3d509f684e06d045dc521ea63e35
https://data.lpdaac.earthdatacloud.nasa.gov/lp-prod-protected/ECO_L2T_LSTE.002/ECOv002_L2T_LSTE_28889_004_12SVC_20230810T160327_0712_02/ECOv002_L2T_LSTE_28889_004_12SVC_20230810T160327_0712_02_LST.tif,ECO_L2T_LSTE.002,ECOv002_L2T_LSTE_28889_004_12SVC_20230810T160327_0712_02_LST.tif,2026-06-09,sha256:19422ec7c9003f959e694c6522828a5b23af98397e86cd07e0ead860d7228248
https://data.lpdaac.earthdatacloud.nasa.gov/lp-prod-protected/ECO_L2T_LSTE.002/ECOv002_L2T_LSTE_28909_012_12SVC_20230811T232247_0710_01/ECOv002_L2T_LSTE_28909_012_12SVC_20230811T232247_0710_01_water.tif,ECO_L2T_LSTE.002,ECOv002_L2T_LSTE_28909_012_12SVC_20230811T232247_0710_01_water.tif,2026-06-09,sha256:d7a858038a062a8bc98d10518efd8099b7145da8f178f87fbee790626241813e
https://data.lpdaac.earthdatacloud.nasa.gov/lp-prod-protected/ECO_L2T_LSTE.002/ECOv002_L2T_LSTE_28909_012_12SVC_20230811T232247_0710_01/ECOv002_L2T_LSTE_28909_012_12SVC_20230811T232247_0710_01_QC.tif,ECO_L2T_LSTE.002,ECOv002_L2T_LSTE_28909_012_12SVC_20230811T232247_0710_01_QC.tif,2026-06-09,sha256:b8c09c9421b667620ccc4c8b2655a80c70c0fade4d3e07a0baa535482a3ba1c3
https://data.lpdaac.earthdatacloud.nasa.gov/lp-prod-protected/ECO_L2T_LSTE.002/ECOv002_L2T_LSTE_28909_012_12SVC_20230811T232247_0710_01/ECOv002_L2T_LSTE_28909_012_12SVC_20230811T232247_0710_01_cloud.tif,ECO_L2T_LSTE.002,ECOv002_L2T_LSTE_28909_012_12SVC_20230811T232247_0710_01_cloud.tif,2026-06-09,sha256:83dd541d8b832df98dd22e4d278e6ca8ddd88bbca18db36bab941410961287dc
https://data.lpdaac.earthdatacloud.nasa.gov/lp-prod-protected/ECO_L2T_LSTE.002/ECOv002_L2T_LSTE_28909_012_12SVC_20230811T232247_0710_01/ECOv002_L2T_LSTE_28909_012_12SVC_20230811T232247_0710_01_height.tif,ECO_L2T_LSTE.002,ECOv002_L2T_LSTE_28909_012_12SVC_20230811T232247_0710_01_height.tif,2026-06-09,sha256:7a6bbe2179d2de6ac38618814286b1689682032523cf48f3e3bb492a92a60f55
https://data.lpdaac.earthdatacloud.nasa.gov/lp-prod-protected/ECO_L2T_LSTE.002/ECOv002_L2T_LSTE_28909_012_12SVC_20230811T232247_0710_01/ECOv002_L2T_LSTE_28909_012_12SVC_20230811T232247_0710_01_LST.tif,ECO_L2T_LSTE.002,ECOv002_L2T_LSTE_28909_012_12SVC_20230811T232247_0710_01_LST.tif,2026-06-09,sha256:4434189d5361b212586f91e95fcfa52edbf35561d9645d8d5eb34c9b3b2c8a35
https://data.lpdaac.earthdatacloud.nasa.gov/lp-prod-protected/ECO_L2T_LSTE.002/ECOv002_L2T_LSTE_28909_012_12SVB_20230811T232247_0710_01/ECOv002_L2T_LSTE_28909_012_12SVB_20230811T232247_0710_01_water.tif,ECO_L2T_LSTE.002,ECOv002_L2T_LSTE_28909_012_12SVB_20230811T232247_0710_01_water.tif,2026-06-09,sha256:1968dfaa780799cbabdd67b2540725997b48b77e11b6ea8a49c56099263edb63
https://data.lpdaac.earthdatacloud.nasa.gov/lp-prod-protected/ECO_L2T_LSTE.002/ECOv002_L2T_LSTE_28909_012_12SVB_20230811T232247_0710_01/ECOv002_L2T_LSTE_28909_012_12SVB_20230811T232247_0710_01_cloud.tif,ECO_L2T_LSTE.002,ECOv002_L2T_LSTE_28909_012_12SVB_20230811T232247_0710_01_cloud.tif,2026-06-09,sha256:53ce3b24096d7cc86e8e64556c586894f04e12851243462fceaaf2deae884312
https://data.lpdaac.earthdatacloud.nasa.gov/lp-prod-protected/ECO_L2T_LSTE.002/ECOv002_L2T_LSTE_28909_012_12SVB_20230811T232247_0710_01/ECOv002_L2T_LSTE_28909_012_12SVB_20230811T232247_0710_01_height.tif,ECO_L2T_LSTE.002,ECOv002_L2T_LSTE_28909_012_12SVB_20230811T232247_0710_01_height.tif,2026-06-09,sha256:38b54dd18dc3573f0d8e501115caf91f5a21851384bce749de9520b38275da1a
https://data.lpdaac.earthdatacloud.nasa.gov/lp-prod-protected/ECO_L2T_LSTE.002/ECOv002_L2T_LSTE_28909_012_12SVB_20230811T232247_0710_01/ECOv002_L2T_LSTE_28909_012_12SVB_20230811T232247_0710_01_QC.tif,ECO_L2T_LSTE.002,ECOv002_L2T_LSTE_28909_012_12SVB_20230811T232247_0710_01_QC.tif,2026-06-09,sha256:12d4feddf2115d17a0ee11f8c7de1e6453dc38fca2dfec869e0c39d59b1f7c10
https://data.lpdaac.earthdatacloud.nasa.gov/lp-prod-protected/ECO_L2T_LSTE.002/ECOv002_L2T_LSTE_28909_012_12SVB_20230811T232247_0710_01/ECOv002_L2T_LSTE_28909_012_12SVB_20230811T232247_0710_01_LST.tif,ECO_L2T_LSTE.002,ECOv002_L2T_LSTE_28909_012_12SVB_20230811T232247_0710_01_LST.tif,2026-06-09,sha256:d6e5b395b395a7883b0060bc9fb2692a1df5a3b9b01a42512a60b09afeaf215c
https://data.lpdaac.earthdatacloud.nasa.gov/lp-prod-protected/ECO_L2T_LSTE.002/ECOv002_L2T_LSTE_28909_012_12SUC_20230811T232247_0710_01/ECOv002_L2T_LSTE_28909_012_12SUC_20230811T232247_0710_01_water.tif,ECO_L2T_LSTE.002,ECOv002_L2T_LSTE_28909_012_12SUC_20230811T232247_0710_01_water.tif,2026-06-09,sha256:fc33fb40d7be080e4b801518a220f71a9d3fa6e9a36bdd1a5feb54501d5f8735
https://data.lpdaac.earthdatacloud.nasa.gov/lp-prod-protected/ECO_L2T_LSTE.002/ECOv002_L2T_LSTE_28909_012_12SUC_20230811T232247_0710_01/ECOv002_L2T_LSTE_28909_012_12SUC_20230811T232247_0710_01_QC.tif,ECO_L2T_LSTE.002,ECOv002_L2T_LSTE_28909_012_12SUC_20230811T232247_0710_01_QC.tif,2026-06-09,sha256:08575546e449681f6c44bef8523b0dbe58994b278e748c426ca471205d020bb9
https://data.lpdaac.earthdatacloud.nasa.gov/lp-prod-protected/ECO_L2T_LSTE.002/ECOv002_L2T_LSTE_28909_012_12SUC_20230811T232247_0710_01/ECOv002_L2T_LSTE_28909_012_12SUC_20230811T232247_0710_01_cloud.tif,ECO_L2T_LSTE.002,ECOv002_L2T_LSTE_28909_012_12SUC_20230811T232247_0710_01_cloud.tif,2026-06-09,sha256:1022b80237aa845135f6b789ee3b306119c51743850511d0b6f73e2a7706e989
https://data.lpdaac.earthdatacloud.nasa.gov/lp-prod-protected/ECO_L2T_LSTE.002/ECOv002_L2T_LSTE_28909_012_12SUC_20230811T232247_0710_01/ECOv002_L2T_LSTE_28909_012_12SUC_20230811T232247_0710_01_height.tif,ECO_L2T_LSTE.002,ECOv002_L2T_LSTE_28909_012_12SUC_20230811T232247_0710_01_height.tif,2026-06-09,sha256:1ad59070ac8b266f5366c32bf28a35c9812ead9c3c86a98653c77f6a1e89f176
https://data.lpdaac.earthdatacloud.nasa.gov/lp-prod-protected/ECO_L2T_LSTE.002/ECOv002_L2T_LSTE_28909_012_12SUC_20230811T232247_0710_01/ECOv002_L2T_LSTE_28909_012_12SUC_20230811T232247_0710_01_LST.tif,ECO_L2T_LSTE.002,ECOv002_L2T_LSTE_28909_012_12SUC_20230811T232247_0710_01_LST.tif,2026-06-09,sha256:df7e18b4628e7521b77de5276ff2b5ce537ef9fb5c132516761c20cae0b71588
https://data.lpdaac.earthdatacloud.nasa.gov/lp-prod-protected/ECO_L2T_LSTE.002/ECOv002_L2T_LSTE_28909_012_12SUB_20230811T232247_0710_01/ECOv002_L2T_LSTE_28909_012_12SUB_20230811T232247_0710_01_water.tif,ECO_L2T_LSTE.002,ECOv002_L2T_LSTE_28909_012_12SUB_20230811T232247_0710_01_water.tif,2026-06-09,sha256:69a9cbae5af6fdc1238dc6b74301edf57b6f903e84ecde50374cb994cf44e1eb
https://data.lpdaac.earthdatacloud.nasa.gov/lp-prod-protected/ECO_L2T_LSTE.002/ECOv002_L2T_LSTE_28909_012_12SUB_20230811T232247_0710_01/ECOv002_L2T_LSTE_28909_012_12SUB_20230811T232247_0710_01_cloud.tif,ECO_L2T_LSTE.002,ECOv002_L2T_LSTE_28909_012_12SUB_20230811T232247_0710_01_cloud.tif,2026-06-09,sha256:ee660395d5ab295b09113ef400c51b236e60e54a8ce4ca00963ad4ac9c49fead
https://data.lpdaac.earthdatacloud.nasa.gov/lp-prod-protected/ECO_L2T_LSTE.002/ECOv002_L2T_LSTE_28909_012_12SUB_20230811T232247_0710_01/ECOv002_L2T_LSTE_28909_012_12SUB_20230811T232247_0710_01_height.tif,ECO_L2T_LSTE.002,ECOv002_L2T_LSTE_28909_012_12SUB_20230811T232247_0710_01_height.tif,2026-06-09,sha256:6de74e17cc48714e4af8150a56ac27bb12ac83b5b0b0c4765e9b8873f76ad2ad
https://data.lpdaac.earthdatacloud.nasa.gov/lp-prod-protected/ECO_L2T_LSTE.002/ECOv002_L2T_LSTE_28909_012_12SUB_20230811T232247_0710_01/ECOv002_L2T_LSTE_28909_012_12SUB_20230811T232247_0710_01_LST.tif,ECO_L2T_LSTE.002,ECOv002_L2T_LSTE_28909_012_12SUB_20230811T232247_0710_01_LST.tif,2026-06-09,sha256:d3ec06a80f43264dc4f053667a8537aea29e5016de0d93c7e6a0d6758ac6e476
https://data.lpdaac.earthdatacloud.nasa.gov/lp-prod-protected/ECO_L2T_LSTE.002/ECOv002_L2T_LSTE_28909_012_12SUB_20230811T232247_0710_01/ECOv002_L2T_LSTE_28909_012_12SUB_20230811T232247_0710_01_QC.tif,ECO_L2T_LSTE.002,ECOv002_L2T_LSTE_28909_012_12SUB_20230811T232247_0710_01_QC.tif,2026-06-09,sha256:4a8fe7a32ea5383301073cea61d5fcc11d1a6084323ad68e33a4d92f838bcc06
https://data.lpdaac.earthdatacloud.nasa.gov/lp-prod-protected/ECO_L2T_LSTE.002/ECOv002_L2T_LSTE_28909_012_12SUC_20230811T232247_0712_02/ECOv002_L2T_LSTE_28909_012_12SUC_20230811T232247_0712_02_water.tif,ECO_L2T_LSTE.002,ECOv002_L2T_LSTE_28909_012_12SUC_20230811T232247_0712_02_water.tif,2026-06-09,sha256:1f1d353401186bd77b9fe6467f3ef62d8051f499a98e432e5b107b326158dae5
https://data.lpdaac.earthdatacloud.nasa.gov/lp-prod-protected/ECO_L2T_LSTE.002/ECOv002_L2T_LSTE_28909_012_12SUC_20230811T232247_0712_02/ECOv002_L2T_LSTE_28909_012_12SUC_20230811T232247_0712_02_cloud.tif,ECO_L2T_LSTE.002,ECOv002_L2T_LSTE_28909_012_12SUC_20230811T232247_0712_02_cloud.tif,2026-06-09,sha256:6704a41fce77d2079159acffddffec99e615ecf27e85fbe41abe88362de1d77f
https://data.lpdaac.earthdatacloud.nasa.gov/lp-prod-protected/ECO_L2T_LSTE.002/ECOv002_L2T_LSTE_28909_012_12SUC_20230811T232247_0712_02/ECOv002_L2T_LSTE_28909_012_12SUC_20230811T232247_0712_02_height.tif,ECO_L2T_LSTE.002,ECOv002_L2T_LSTE_28909_012_12SUC_20230811T232247_0712_02_height.tif,2026-06-09,sha256:eb8b51ae49dba98203919723b5ce29f96c0b42af6d87ad573f0482d8e2a20d69
https://data.lpdaac.earthdatacloud.nasa.gov/lp-prod-protected/ECO_L2T_LSTE.002/ECOv002_L2T_LSTE_28909_012_12SUC_20230811T232247_0712_02/ECOv002_L2T_LSTE_28909_012_12SUC_20230811T232247_0712_02_QC.tif,ECO_L2T_LSTE.002,ECOv002_L2T_LSTE_28909_012_12SUC_20230811T232247_0712_02_QC.tif,2026-06-09,sha256:3a85152ade0f82bff9e9b14e1878cc22c34d3c9cfffec290c8c818830cc18251
https://data.lpdaac.earthdatacloud.nasa.gov/lp-prod-protected/ECO_L2T_LSTE.002/ECOv002_L2T_LSTE_28909_012_12SUC_20230811T232247_0712_02/ECOv002_L2T_LSTE_28909_012_12SUC_20230811T232247_0712_02_LST.tif,ECO_L2T_LSTE.002,ECOv002_L2T_LSTE_28909_012_12SUC_20230811T232247_0712_02_LST.tif,2026-06-09,sha256:1b1f280769189df2676c9de0bebe42bc24ec478d7f8ce89a6dbe267a8f21641b
https://data.lpdaac.earthdatacloud.nasa.gov/lp-prod-protected/ECO_L2T_LSTE.002/ECOv002_L2T_LSTE_28909_012_12SVB_20230811T232247_0712_02/ECOv002_L2T_LSTE_28909_012_12SVB_20230811T232247_0712_02_water.tif,ECO_L2T_LSTE.002,ECOv002_L2T_LSTE_28909_012_12SVB_20230811T232247_0712_02_water.tif,2026-06-09,sha256:53df1954a5fdcbe1e74e0d18ca7ed98ed7d7a0d27e7463a683da67dd3109e3e9
https://data.lpdaac.earthdatacloud.nasa.gov/lp-prod-protected/ECO_L2T_LSTE.002/ECOv002_L2T_LSTE_28909_012_12SVB_20230811T232247_0712_02/ECOv002_L2T_LSTE_28909_012_12SVB_20230811T232247_0712_02_cloud.tif,ECO_L2T_LSTE.002,ECOv002_L2T_LSTE_28909_012_12SVB_20230811T232247_0712_02_cloud.tif,2026-06-09,sha256:e90bf8b65c0e58e92085fd4cf8d628214a9359f102fab265c1930a532ac6f88d
https://data.lpdaac.earthdatacloud.nasa.gov/lp-prod-protected/ECO_L2T_LSTE.002/ECOv002_L2T_LSTE_28909_012_12SVB_20230811T232247_0712_02/ECOv002_L2T_LSTE_28909_012_12SVB_20230811T232247_0712_02_height.tif,ECO_L2T_LSTE.002,ECOv002_L2T_LSTE_28909_012_12SVB_20230811T232247_0712_02_height.tif,2026-06-09,sha256:db54b76ea142bc275ea4a68b2a95c5e9e958896068e4196436a145c786cf0532
https://data.lpdaac.earthdatacloud.nasa.gov/lp-prod-protected/ECO_L2T_LSTE.002/ECOv002_L2T_LSTE_28909_012_12SVB_20230811T232247_0712_02/ECOv002_L2T_LSTE_28909_012_12SVB_20230811T232247_0712_02_QC.tif,ECO_L2T_LSTE.002,ECOv002_L2T_LSTE_28909_012_12SVB_20230811T232247_0712_02_QC.tif,2026-06-09,sha256:594fc5d21c271f6e75f286f799c722a80392d82947490498f7e130ad41b8c7ef
https://data.lpdaac.earthdatacloud.nasa.gov/lp-prod-protected/ECO_L2T_LSTE.002/ECOv002_L2T_LSTE_28909_012_12SVB_20230811T232247_0712_02/ECOv002_L2T_LSTE_28909_012_12SVB_20230811T232247_0712_02_LST.tif,ECO_L2T_LSTE.002,ECOv002_L2T_LSTE_28909_012_12SVB_20230811T232247_0712_02_LST.tif,2026-06-09,sha256:c273ea64a27a2b8700a008d00059c1ed1f8aaac5265c109ecbcc5bab4f6a8cfc
https://data.lpdaac.earthdatacloud.nasa.gov/lp-prod-protected/ECO_L2T_LSTE.002/ECOv002_L2T_LSTE_28909_012_12SUB_20230811T232247_0712_02/ECOv002_L2T_LSTE_28909_012_12SUB_20230811T232247_0712_02_water.tif,ECO_L2T_LSTE.002,ECOv002_L2T_LSTE_28909_012_12SUB_20230811T232247_0712_02_water.tif,2026-06-09,sha256:d381d9106e266ec5c2d6d5f2e86ebb7809317481c56a5f8d07a9c760fe1bd030
https://data.lpdaac.earthdatacloud.nasa.gov/lp-prod-protected/ECO_L2T_LSTE.002/ECOv002_L2T_LSTE_28909_012_12SUB_20230811T232247_0712_02/ECOv002_L2T_LSTE_28909_012_12SUB_20230811T232247_0712_02_cloud.tif,ECO_L2T_LSTE.002,ECOv002_L2T_LSTE_28909_012_12SUB_20230811T232247_0712_02_cloud.tif,2026-06-09,sha256:61ec23da84c14246568f2abce39bf28b2acea6eb406c44bc7c0d69b0a0a5a3e9
https://data.lpdaac.earthdatacloud.nasa.gov/lp-prod-protected/ECO_L2T_LSTE.002/ECOv002_L2T_LSTE_28909_012_12SUB_20230811T232247_0712_02/ECOv002_L2T_LSTE_28909_012_12SUB_20230811T232247_0712_02_height.tif,ECO_L2T_LSTE.002,ECOv002_L2T_LSTE_28909_012_12SUB_20230811T232247_0712_02_height.tif,2026-06-09,sha256:87e2661773b76f933333782fe411bc59eb9db73cc5d9313faea34e1e42fbf7b5
https://data.lpdaac.earthdatacloud.nasa.gov/lp-prod-protected/ECO_L2T_LSTE.002/ECOv002_L2T_LSTE_28909_012_12SUB_20230811T232247_0712_02/ECOv002_L2T_LSTE_28909_012_12SUB_20230811T232247_0712_02_QC.tif,ECO_L2T_LSTE.002,ECOv002_L2T_LSTE_28909_012_12SUB_20230811T232247_0712_02_QC.tif,2026-06-09,sha256:7afe6e92b1825cc617596fef0581ecc141078a9342e27f828396896a091091c2
https://data.lpdaac.earthdatacloud.nasa.gov/lp-prod-protected/ECO_L2T_LSTE.002/ECOv002_L2T_LSTE_28909_012_12SUB_20230811T232247_0712_02/ECOv002_L2T_LSTE_28909_012_12SUB_20230811T232247_0712_02_LST.tif,ECO_L2T_LSTE.002,ECOv002_L2T_LSTE_28909_012_12SUB_20230811T232247_0712_02_LST.tif,2026-06-09,sha256:71966ffd94f5ba3ddd66ec938ff1354622ef946a66147128f49daac1dfa79bce
https://data.lpdaac.earthdatacloud.nasa.gov/lp-prod-protected/ECO_L2T_LSTE.002/ECOv002_L2T_LSTE_28909_012_12SVC_20230811T232247_0712_02/ECOv002_L2T_LSTE_28909_012_12SVC_20230811T232247_0712_02_water.tif,ECO_L2T_LSTE.002,ECOv002_L2T_LSTE_28909_012_12SVC_20230811T232247_0712_02_water.tif,2026-06-09,sha256:ca639ab3f667eabf6fb9b0a99d4ed33773ee2788acedc60547b29810470bab33
https://data.lpdaac.earthdatacloud.nasa.gov/lp-prod-protected/ECO_L2T_LSTE.002/ECOv002_L2T_LSTE_28909_012_12SVC_20230811T232247_0712_02/ECOv002_L2T_LSTE_28909_012_12SVC_20230811T232247_0712_02_cloud.tif,ECO_L2T_LSTE.002,ECOv002_L2T_LSTE_28909_012_12SVC_20230811T232247_0712_02_cloud.tif,2026-06-09,sha256:dfbf5650acadc8a38e59b3c4d6201091cf568a081fdbd6fdbda0699d891c0815
https://data.lpdaac.earthdatacloud.nasa.gov/lp-prod-protected/ECO_L2T_LSTE.002/ECOv002_L2T_LSTE_28909_012_12SVC_20230811T232247_0712_02/ECOv002_L2T_LSTE_28909_012_12SVC_20230811T232247_0712_02_height.tif,ECO_L2T_LSTE.002,ECOv002_L2T_LSTE_28909_012_12SVC_20230811T232247_0712_02_height.tif,2026-06-09,sha256:8c73bd444f335ec260b9d918a47ead1bf77c45867c81c448f071f2fc2b181d41
https://data.lpdaac.earthdatacloud.nasa.gov/lp-prod-protected/ECO_L2T_LSTE.002/ECOv002_L2T_LSTE_28909_012_12SVC_20230811T232247_0712_02/ECOv002_L2T_LSTE_28909_012_12SVC_20230811T232247_0712_02_QC.tif,ECO_L2T_LSTE.002,ECOv002_L2T_LSTE_28909_012_12SVC_20230811T232247_0712_02_QC.tif,2026-06-09,sha256:3592b9c53523b46bc1ba69a7a8f39b020f417e797bf81968cd6af1d5262abb03
https://data.lpdaac.earthdatacloud.nasa.gov/lp-prod-protected/ECO_L2T_LSTE.002/ECOv002_L2T_LSTE_28909_012_12SVC_20230811T232247_0712_02/ECOv002_L2T_LSTE_28909_012_12SVC_20230811T232247_0712_02_LST.tif,ECO_L2T_LSTE.002,ECOv002_L2T_LSTE_28909_012_12SVC_20230811T232247_0712_02_LST.tif,2026-06-09,sha256:dd002e650cd4062919e6e8f78d265641d72747f1083380fc2585d37403a36c5d
https://data.lpdaac.earthdatacloud.nasa.gov/lp-prod-protected/ECO_L2T_LSTE.002/ECOv002_L2T_LSTE_28935_001_12SUB_20230813T151506_0712_01/ECOv002_L2T_LSTE_28935_001_12SUB_20230813T151506_0712_01_water.tif,ECO_L2T_LSTE.002,ECOv002_L2T_LSTE_28935_001_12SUB_20230813T151506_0712_01_water.tif,2026-06-09,sha256:77d3cf517d0fa871e0df718e6a6eea0740311502246698500ef42b146af09e89
https://data.lpdaac.earthdatacloud.nasa.gov/lp-prod-protected/ECO_L2T_LSTE.002/ECOv002_L2T_LSTE_28935_001_12SUB_20230813T151506_0712_01/ECOv002_L2T_LSTE_28935_001_12SUB_20230813T151506_0712_01_cloud.tif,ECO_L2T_LSTE.002,ECOv002_L2T_LSTE_28935_001_12SUB_20230813T151506_0712_01_cloud.tif,2026-06-09,sha256:d17d191ea87f9968a9ea20d462dbd596812afbf34ccaa84a01486a2224657fe1
https://data.lpdaac.earthdatacloud.nasa.gov/lp-prod-protected/ECO_L2T_LSTE.002/ECOv002_L2T_LSTE_28935_001_12SUB_20230813T151506_0712_01/ECOv002_L2T_LSTE_28935_001_12SUB_20230813T151506_0712_01_height.tif,ECO_L2T_LSTE.002,ECOv002_L2T_LSTE_28935_001_12SUB_20230813T151506_0712_01_height.tif,2026-06-09,sha256:63c606ada6da8470cfc5f4a8a0c8696e8259870dedcdf0e03830858bda2c004b
https://data.lpdaac.earthdatacloud.nasa.gov/lp-prod-protected/ECO_L2T_LSTE.002/ECOv002_L2T_LSTE_28935_001_12SUB_20230813T151506_0712_01/ECOv002_L2T_LSTE_28935_001_12SUB_20230813T151506_0712_01_QC.tif,ECO_L2T_LSTE.002,ECOv002_L2T_LSTE_28935_001_12SUB_20230813T151506_0712_01_QC.tif,2026-06-09,sha256:4f3c6e596061123725a76463e74a3af3527c63635a6ac3d2f94f599f478d84aa
https://data.lpdaac.earthdatacloud.nasa.gov/lp-prod-protected/ECO_L2T_LSTE.002/ECOv002_L2T_LSTE_28935_001_12SUB_20230813T151506_0712_01/ECOv002_L2T_LSTE_28935_001_12SUB_20230813T151506_0712_01_LST.tif,ECO_L2T_LSTE.002,ECOv002_L2T_LSTE_28935_001_12SUB_20230813T151506_0712_01_LST.tif,2026-06-09,sha256:8eb8c1b9c43e9ebaba6403c44067c94b7116563cc98901745cec9dd1693502dd
https://data.lpdaac.earthdatacloud.nasa.gov/lp-prod-protected/ECO_L2T_LSTE.002/ECOv002_L2T_LSTE_28935_001_12SUC_20230813T151506_0712_01/ECOv002_L2T_LSTE_28935_001_12SUC_20230813T151506_0712_01_water.tif,ECO_L2T_LSTE.002,ECOv002_L2T_LSTE_28935_001_12SUC_20230813T151506_0712_01_water.tif,2026-06-09,sha256:fd3c465184388fcb42a05446061e2077fe06a410709dcb4775a12b53dfd4dd38
https://data.lpdaac.earthdatacloud.nasa.gov/lp-prod-protected/ECO_L2T_LSTE.002/ECOv002_L2T_LSTE_28935_001_12SUC_20230813T151506_0712_01/ECOv002_L2T_LSTE_28935_001_12SUC_20230813T151506_0712_01_cloud.tif,ECO_L2T_LSTE.002,ECOv002_L2T_LSTE_28935_001_12SUC_20230813T151506_0712_01_cloud.tif,2026-06-09,sha256:25627acd6a20129677fdc38a332ef65443cf97fcd551b7e9bd5db8230bfb34f8
https://data.lpdaac.earthdatacloud.nasa.gov/lp-prod-protected/ECO_L2T_LSTE.002/ECOv002_L2T_LSTE_28935_001_12SUC_20230813T151506_0712_01/ECOv002_L2T_LSTE_28935_001_12SUC_20230813T151506_0712_01_height.tif,ECO_L2T_LSTE.002,ECOv002_L2T_LSTE_28935_001_12SUC_20230813T151506_0712_01_height.tif,2026-06-09,sha256:37fc7ecdc6af38b4ee40af62fafd310810ee20cac3a51cf8f17b0d9beb34f20f
https://data.lpdaac.earthdatacloud.nasa.gov/lp-prod-protected/ECO_L2T_LSTE.002/ECOv002_L2T_LSTE_28935_001_12SUC_20230813T151506_0712_01/ECOv002_L2T_LSTE_28935_001_12SUC_20230813T151506_0712_01_QC.tif,ECO_L2T_LSTE.002,ECOv002_L2T_LSTE_28935_001_12SUC_20230813T151506_0712_01_QC.tif,2026-06-09,sha256:1d6a06a8bf336ff704caa9f03ce04f97d86a2732b6e2c58f92bce73edd6633a4
https://data.lpdaac.earthdatacloud.nasa.gov/lp-prod-protected/ECO_L2T_LSTE.002/ECOv002_L2T_LSTE_28935_001_12SUC_20230813T151506_0712_01/ECOv002_L2T_LSTE_28935_001_12SUC_20230813T151506_0712_01_LST.tif,ECO_L2T_LSTE.002,ECOv002_L2T_LSTE_28935_001_12SUC_20230813T151506_0712_01_LST.tif,2026-06-09,sha256:b1656cee5f045b66d2a40fc3462e3b0d3deb60eb431af532e35603d6c6a01c4d
https://data.lpdaac.earthdatacloud.nasa.gov/lp-prod-protected/ECO_L2T_LSTE.002/ECOv002_L2T_LSTE_28935_002_12SVC_20230813T151558_0712_01/ECOv002_L2T_LSTE_28935_002_12SVC_20230813T151558_0712_01_water.tif,ECO_L2T_LSTE.002,ECOv002_L2T_LSTE_28935_002_12SVC_20230813T151558_0712_01_water.tif,2026-06-09,sha256:cbc1406350545b55c4b79bdd4d017fa53403f8fe88086077b157abb7e2a4186d
https://data.lpdaac.earthdatacloud.nasa.gov/lp-prod-protected/ECO_L2T_LSTE.002/ECOv002_L2T_LSTE_28935_002_12SVC_20230813T151558_0712_01/ECOv002_L2T_LSTE_28935_002_12SVC_20230813T151558_0712_01_cloud.tif,ECO_L2T_LSTE.002,ECOv002_L2T_LSTE_28935_002_12SVC_20230813T151558_0712_01_cloud.tif,2026-06-09,sha256:cc97af532ff98e1bc13f2d04356c9a74f8057f763949d25dba706103715f8739
https://data.lpdaac.earthdatacloud.nasa.gov/lp-prod-protected/ECO_L2T_LSTE.002/ECOv002_L2T_LSTE_28935_002_12SVC_20230813T151558_0712_01/ECOv002_L2T_LSTE_28935_002_12SVC_20230813T151558_0712_01_height.tif,ECO_L2T_LSTE.002,ECOv002_L2T_LSTE_28935_002_12SVC_20230813T151558_0712_01_height.tif,2026-06-09,sha256:e7f43e66f9cf3e5b95a95f4ef154c831be73b880e512914250c9346956187225
https://data.lpdaac.earthdatacloud.nasa.gov/lp-prod-protected/ECO_L2T_LSTE.002/ECOv002_L2T_LSTE_28935_002_12SVC_20230813T151558_0712_01/ECOv002_L2T_LSTE_28935_002_12SVC_20230813T151558_0712_01_QC.tif,ECO_L2T_LSTE.002,ECOv002_L2T_LSTE_28935_002_12SVC_20230813T151558_0712_01_QC.tif,2026-06-09,sha256:737144b408f1bfdbe608a70351d90e8ac19aa0b300d48b87bc120ad889bd25ef
https://data.lpdaac.earthdatacloud.nasa.gov/lp-prod-protected/ECO_L2T_LSTE.002/ECOv002_L2T_LSTE_28935_002_12SVC_20230813T151558_0712_01/ECOv002_L2T_LSTE_28935_002_12SVC_20230813T151558_0712_01_LST.tif,ECO_L2T_LSTE.002,ECOv002_L2T_LSTE_28935_002_12SVC_20230813T151558_0712_01_LST.tif,2026-06-09,sha256:f2b77d5e0007d28c9feeeae404ed61a80a71007e11e6cdb7f215741b1533d671
https://data.lpdaac.earthdatacloud.nasa.gov/lp-prod-protected/ECO_L2T_LSTE.002/ECOv002_L2T_LSTE_28935_002_12SUB_20230813T151558_0712_01/ECOv002_L2T_LSTE_28935_002_12SUB_20230813T151558_0712_01_water.tif,ECO_L2T_LSTE.002,ECOv002_L2T_LSTE_28935_002_12SUB_20230813T151558_0712_01_water.tif,2026-06-09,sha256:1bb183a72e43847dd513ff82899e843a26d626f6f329ff104a9a6b475b6c4f1b
https://data.lpdaac.earthdatacloud.nasa.gov/lp-prod-protected/ECO_L2T_LSTE.002/ECOv002_L2T_LSTE_28935_002_12SUB_20230813T151558_0712_01/ECOv002_L2T_LSTE_28935_002_12SUB_20230813T151558_0712_01_cloud.tif,ECO_L2T_LSTE.002,ECOv002_L2T_LSTE_28935_002_12SUB_20230813T151558_0712_01_cloud.tif,2026-06-09,sha256:12926d44db3ee3fcbab890cac674f9849409445af7a5d5599a008ed2ac1cc1ca
https://data.lpdaac.earthdatacloud.nasa.gov/lp-prod-protected/ECO_L2T_LSTE.002/ECOv002_L2T_LSTE_28935_002_12SUB_20230813T151558_0712_01/ECOv002_L2T_LSTE_28935_002_12SUB_20230813T151558_0712_01_height.tif,ECO_L2T_LSTE.002,ECOv002_L2T_LSTE_28935_002_12SUB_20230813T151558_0712_01_height.tif,2026-06-09,sha256:a99875a90f4a94d79dc25ee32954629fdb1b1fffcba18d651390a1f588430ece
https://data.lpdaac.earthdatacloud.nasa.gov/lp-prod-protected/ECO_L2T_LSTE.002/ECOv002_L2T_LSTE_28935_002_12SUB_20230813T151558_0712_01/ECOv002_L2T_LSTE_28935_002_12SUB_20230813T151558_0712_01_QC.tif,ECO_L2T_LSTE.002,ECOv002_L2T_LSTE_28935_002_12SUB_20230813T151558_0712_01_QC.tif,2026-06-09,sha256:80f3d9c88298122f35b64090db98b17218461893b3fa056625afcd77550ab16f
https://data.lpdaac.earthdatacloud.nasa.gov/lp-prod-protected/ECO_L2T_LSTE.002/ECOv002_L2T_LSTE_28935_002_12SUB_20230813T151558_0712_01/ECOv002_L2T_LSTE_28935_002_12SUB_20230813T151558_0712_01_LST.tif,ECO_L2T_LSTE.002,ECOv002_L2T_LSTE_28935_002_12SUB_20230813T151558_0712_01_LST.tif,2026-06-09,sha256:0be99dac8d5184623cfccda505b761e17a3ec91c7a3e4a1399675858860a7650
https://data.lpdaac.earthdatacloud.nasa.gov/lp-prod-protected/ECO_L2T_LSTE.002/ECOv002_L2T_LSTE_28935_002_12SUC_20230813T151558_0712_01/ECOv002_L2T_LSTE_28935_002_12SUC_20230813T151558_0712_01_water.tif,ECO_L2T_LSTE.002,ECOv002_L2T_LSTE_28935_002_12SUC_20230813T151558_0712_01_water.tif,2026-06-09,sha256:ebf5ee2a0a68393861489ee0405283173957afc58121a171013e0377f22b9577
https://data.lpdaac.earthdatacloud.nasa.gov/lp-prod-protected/ECO_L2T_LSTE.002/ECOv002_L2T_LSTE_28935_002_12SUC_20230813T151558_0712_01/ECOv002_L2T_LSTE_28935_002_12SUC_20230813T151558_0712_01_cloud.tif,ECO_L2T_LSTE.002,ECOv002_L2T_LSTE_28935_002_12SUC_20230813T151558_0712_01_cloud.tif,2026-06-09,sha256:7a4efe3f62f91e5b836cbbef79dc438560c5b6258ec22af07dccdd8ebcd09db8
https://data.lpdaac.earthdatacloud.nasa.gov/lp-prod-protected/ECO_L2T_LSTE.002/ECOv002_L2T_LSTE_28935_002_12SUC_20230813T151558_0712_01/ECOv002_L2T_LSTE_28935_002_12SUC_20230813T151558_0712_01_height.tif,ECO_L2T_LSTE.002,ECOv002_L2T_LSTE_28935_002_12SUC_20230813T151558_0712_01_height.tif,2026-06-09,sha256:38d9b928edbd2c9ba6bf6c9a686aba130ae2fb3d92c564b912c8ad93290e6dc9
https://data.lpdaac.earthdatacloud.nasa.gov/lp-prod-protected/ECO_L2T_LSTE.002/ECOv002_L2T_LSTE_28935_002_12SUC_20230813T151558_0712_01/ECOv002_L2T_LSTE_28935_002_12SUC_20230813T151558_0712_01_QC.tif,ECO_L2T_LSTE.002,ECOv002_L2T_LSTE_28935_002_12SUC_20230813T151558_0712_01_QC.tif,2026-06-09,sha256:0ae318df1175130be361f6f6d2bdec5fa17b17e301bb84f11e0bf5216e5b9b6d
https://data.lpdaac.earthdatacloud.nasa.gov/lp-prod-protected/ECO_L2T_LSTE.002/ECOv002_L2T_LSTE_28935_002_12SUC_20230813T151558_0712_01/ECOv002_L2T_LSTE_28935_002_12SUC_20230813T151558_0712_01_LST.tif,ECO_L2T_LSTE.002,ECOv002_L2T_LSTE_28935_002_12SUC_20230813T151558_0712_01_LST.tif,2026-06-09,sha256:f45a36c3cc6702b21f36c3c4aaac49b6d62edf0a6104e3b39af954d274656d03
https://data.lpdaac.earthdatacloud.nasa.gov/lp-prod-protected/ECO_L2T_LSTE.002/ECOv002_L2T_LSTE_28950_003_12SUC_20230814T142745_0710_01/ECOv002_L2T_LSTE_28950_003_12SUC_20230814T142745_0710_01_water.tif,ECO_L2T_LSTE.002,ECOv002_L2T_LSTE_28950_003_12SUC_20230814T142745_0710_01_water.tif,2026-06-09,sha256:c04b3c3f35e07e372b7b3e69c3b2035d618f8aff5c1028152335c42d17e2c075
https://data.lpdaac.earthdatacloud.nasa.gov/lp-prod-protected/ECO_L2T_LSTE.002/ECOv002_L2T_LSTE_28950_003_12SUC_20230814T142745_0710_01/ECOv002_L2T_LSTE_28950_003_12SUC_20230814T142745_0710_01_cloud.tif,ECO_L2T_LSTE.002,ECOv002_L2T_LSTE_28950_003_12SUC_20230814T142745_0710_01_cloud.tif,2026-06-09,sha256:b26491f3cc34824544ea1edfd05c5d3ebcc4144d8c5b1957bb0e71f2289da0ff
https://data.lpdaac.earthdatacloud.nasa.gov/lp-prod-protected/ECO_L2T_LSTE.002/ECOv002_L2T_LSTE_28950_003_12SUC_20230814T142745_0710_01/ECOv002_L2T_LSTE_28950_003_12SUC_20230814T142745_0710_01_height.tif,ECO_L2T_LSTE.002,ECOv002_L2T_LSTE_28950_003_12SUC_20230814T142745_0710_01_height.tif,2026-06-09,sha256:bee3d24ceb45cdea6ca7dd1f02334e38aaec44970e717224895a65145ac3a743
https://data.lpdaac.earthdatacloud.nasa.gov/lp-prod-protected/ECO_L2T_LSTE.002/ECOv002_L2T_LSTE_28950_003_12SUC_20230814T142745_0710_01/ECOv002_L2T_LSTE_28950_003_12SUC_20230814T142745_0710_01_QC.tif,ECO_L2T_LSTE.002,ECOv002_L2T_LSTE_28950_003_12SUC_20230814T142745_0710_01_QC.tif,2026-06-09,sha256:48b8ad63399f3ce7dd7b246d55912dade3808c8f2b4a75a6a821769bebb3be8d
https://data.lpdaac.earthdatacloud.nasa.gov/lp-prod-protected/ECO_L2T_LSTE.002/ECOv002_L2T_LSTE_28950_003_12SUC_20230814T142745_0710_01/ECOv002_L2T_LSTE_28950_003_12SUC_20230814T142745_0710_01_LST.tif,ECO_L2T_LSTE.002,ECOv002_L2T_LSTE_28950_003_12SUC_20230814T142745_0710_01_LST.tif,2026-06-09,sha256:bac2f826e06eb99c8541152297279f1f4056cc8903fd0d48d8e3dfe61421d1bc
https://data.lpdaac.earthdatacloud.nasa.gov/lp-prod-protected/ECO_L2T_LSTE.002/ECOv002_L2T_LSTE_28950_003_12SUB_20230814T142745_0710_01/ECOv002_L2T_LSTE_28950_003_12SUB_20230814T142745_0710_01_water.tif,ECO_L2T_LSTE.002,ECOv002_L2T_LSTE_28950_003_12SUB_20230814T142745_0710_01_water.tif,2026-06-09,sha256:f018f3d8a4f1c9b3882cbf88139ff60e7451345a1548653e56c393bcbceaa831
https://data.lpdaac.earthdatacloud.nasa.gov/lp-prod-protected/ECO_L2T_LSTE.002/ECOv002_L2T_LSTE_28950_003_12SUB_20230814T142745_0710_01/ECOv002_L2T_LSTE_28950_003_12SUB_20230814T142745_0710_01_cloud.tif,ECO_L2T_LSTE.002,ECOv002_L2T_LSTE_28950_003_12SUB_20230814T142745_0710_01_cloud.tif,2026-06-09,sha256:1a122313dcfdf07b8612281cad5d58a12fcd14d5eed67d626889f2c0225ffc68
https://data.lpdaac.earthdatacloud.nasa.gov/lp-prod-protected/ECO_L2T_LSTE.002/ECOv002_L2T_LSTE_28950_003_12SUB_20230814T142745_0710_01/ECOv002_L2T_LSTE_28950_003_12SUB_20230814T142745_0710_01_height.tif,ECO_L2T_LSTE.002,ECOv002_L2T_LSTE_28950_003_12SUB_20230814T142745_0710_01_height.tif,2026-06-09,sha256:a0a8672017a5e1f5384d948bcaa3c732907df3dc4016d1e88dc15c73e5f9bd8b
https://data.lpdaac.earthdatacloud.nasa.gov/lp-prod-protected/ECO_L2T_LSTE.002/ECOv002_L2T_LSTE_28950_003_12SUB_20230814T142745_0710_01/ECOv002_L2T_LSTE_28950_003_12SUB_20230814T142745_0710_01_QC.tif,ECO_L2T_LSTE.002,ECOv002_L2T_LSTE_28950_003_12SUB_20230814T142745_0710_01_QC.tif,2026-06-09,sha256:b9532f77d74a8fc82d14c1c08fc30b253beb16131ab91af55a61f7eb986e23fe
https://data.lpdaac.earthdatacloud.nasa.gov/lp-prod-protected/ECO_L2T_LSTE.002/ECOv002_L2T_LSTE_28950_003_12SUB_20230814T142745_0710_01/ECOv002_L2T_LSTE_28950_003_12SUB_20230814T142745_0710_01_LST.tif,ECO_L2T_LSTE.002,ECOv002_L2T_LSTE_28950_003_12SUB_20230814T142745_0710_01_LST.tif,2026-06-09,sha256:e896fdf444e865f02d7a43f9f630358f99b09dd375e0a92a14e08b678d8bfccf
https://data.lpdaac.earthdatacloud.nasa.gov/lp-prod-protected/ECO_L2T_LSTE.002/ECOv002_L2T_LSTE_28950_003_12SVB_20230814T142745_0710_01/ECOv002_L2T_LSTE_28950_003_12SVB_20230814T142745_0710_01_water.tif,ECO_L2T_LSTE.002,ECOv002_L2T_LSTE_28950_003_12SVB_20230814T142745_0710_01_water.tif,2026-06-09,sha256:2f6bad70c084e025525b78f960e437e7534f29d5aa786729111b19652c2ed6d6
https://data.lpdaac.earthdatacloud.nasa.gov/lp-prod-protected/ECO_L2T_LSTE.002/ECOv002_L2T_LSTE_28950_003_12SVB_20230814T142745_0710_01/ECOv002_L2T_LSTE_28950_003_12SVB_20230814T142745_0710_01_cloud.tif,ECO_L2T_LSTE.002,ECOv002_L2T_LSTE_28950_003_12SVB_20230814T142745_0710_01_cloud.tif,2026-06-09,sha256:2c0a316302cc7aa058c99e3a0db656a1a77c444c676955f73d9ffc4fe841622a
https://data.lpdaac.earthdatacloud.nasa.gov/lp-prod-protected/ECO_L2T_LSTE.002/ECOv002_L2T_LSTE_28950_003_12SVB_20230814T142745_0710_01/ECOv002_L2T_LSTE_28950_003_12SVB_20230814T142745_0710_01_height.tif,ECO_L2T_LSTE.002,ECOv002_L2T_LSTE_28950_003_12SVB_20230814T142745_0710_01_height.tif,2026-06-09,sha256:3ced88e055966cb78c377ddf019469fb542e60e555e8c5e2d803b4f7aad7f96d
https://data.lpdaac.earthdatacloud.nasa.gov/lp-prod-protected/ECO_L2T_LSTE.002/ECOv002_L2T_LSTE_28950_003_12SVB_20230814T142745_0710_01/ECOv002_L2T_LSTE_28950_003_12SVB_20230814T142745_0710_01_QC.tif,ECO_L2T_LSTE.002,ECOv002_L2T_LSTE_28950_003_12SVB_20230814T142745_0710_01_QC.tif,2026-06-09,sha256:e63fcb63083ea1d9b2a8ace69022bc44c2b39effaff32350f6aa03907414dae3
https://data.lpdaac.earthdatacloud.nasa.gov/lp-prod-protected/ECO_L2T_LSTE.002/ECOv002_L2T_LSTE_28950_003_12SVB_20230814T142745_0710_01/ECOv002_L2T_LSTE_28950_003_12SVB_20230814T142745_0710_01_LST.tif,ECO_L2T_LSTE.002,ECOv002_L2T_LSTE_28950_003_12SVB_20230814T142745_0710_01_LST.tif,2026-06-09,sha256:43d9f3cf82c3267b6461b4f194c789bff59fe32eed1baa35faf242d437c4d976
https://data.lpdaac.earthdatacloud.nasa.gov/lp-prod-protected/ECO_L2T_LSTE.002/ECOv002_L2T_LSTE_28950_003_12SVC_20230814T142745_0710_01/ECOv002_L2T_LSTE_28950_003_12SVC_20230814T142745_0710_01_water.tif,ECO_L2T_LSTE.002,ECOv002_L2T_LSTE_28950_003_12SVC_20230814T142745_0710_01_water.tif,2026-06-09,sha256:a5845428afed9625ef42f8b7695bb118a6279adda3963067486326901475a3cb
https://data.lpdaac.earthdatacloud.nasa.gov/lp-prod-protected/ECO_L2T_LSTE.002/ECOv002_L2T_LSTE_28950_003_12SVC_20230814T142745_0710_01/ECOv002_L2T_LSTE_28950_003_12SVC_20230814T142745_0710_01_cloud.tif,ECO_L2T_LSTE.002,ECOv002_L2T_LSTE_28950_003_12SVC_20230814T142745_0710_01_cloud.tif,2026-06-09,sha256:b1f991e1d09073248b2358b85f69975ff26a12d51c0a3aca59373e03594534e2
https://data.lpdaac.earthdatacloud.nasa.gov/lp-prod-protected/ECO_L2T_LSTE.002/ECOv002_L2T_LSTE_28950_003_12SVC_20230814T142745_0710_01/ECOv002_L2T_LSTE_28950_003_12SVC_20230814T142745_0710_01_height.tif,ECO_L2T_LSTE.002,ECOv002_L2T_LSTE_28950_003_12SVC_20230814T142745_0710_01_height.tif,2026-06-09,sha256:c3852d865ec9b3d001e58d2ed111729e969845d2a818d0787d6226041a75e0e7
https://data.lpdaac.earthdatacloud.nasa.gov/lp-prod-protected/ECO_L2T_LSTE.002/ECOv002_L2T_LSTE_28950_003_12SVC_20230814T142745_0710_01/ECOv002_L2T_LSTE_28950_003_12SVC_20230814T142745_0710_01_QC.tif,ECO_L2T_LSTE.002,ECOv002_L2T_LSTE_28950_003_12SVC_20230814T142745_0710_01_QC.tif,2026-06-09,sha256:9966c4de6a4c34b0c7a9ee73c005feef957613ca743978d5c4153a13da480435
https://data.lpdaac.earthdatacloud.nasa.gov/lp-prod-protected/ECO_L2T_LSTE.002/ECOv002_L2T_LSTE_28950_003_12SVC_20230814T142745_0710_01/ECOv002_L2T_LSTE_28950_003_12SVC_20230814T142745_0710_01_LST.tif,ECO_L2T_LSTE.002,ECOv002_L2T_LSTE_28950_003_12SVC_20230814T142745_0710_01_LST.tif,2026-06-09,sha256:47234cf1a98dd337c8e516c67791c80124eab0a71938af7b0a854f5f59e4e7e5
https://data.lpdaac.earthdatacloud.nasa.gov/lp-prod-protected/ECO_L2T_LSTE.002/ECOv002_L2T_LSTE_28950_003_12SVC_20230814T142745_0712_02/ECOv002_L2T_LSTE_28950_003_12SVC_20230814T142745_0712_02_water.tif,ECO_L2T_LSTE.002,ECOv002_L2T_LSTE_28950_003_12SVC_20230814T142745_0712_02_water.tif,2026-06-09,sha256:eb9f8d4116197946f53b72f1523ff48ed77d980e4438f54fafc71ef41b311812
https://data.lpdaac.earthdatacloud.nasa.gov/lp-prod-protected/ECO_L2T_LSTE.002/ECOv002_L2T_LSTE_28950_003_12SVC_20230814T142745_0712_02/ECOv002_L2T_LSTE_28950_003_12SVC_20230814T142745_0712_02_cloud.tif,ECO_L2T_LSTE.002,ECOv002_L2T_LSTE_28950_003_12SVC_20230814T142745_0712_02_cloud.tif,2026-06-09,sha256:9a471607ca243a4b8a778d7481dee58967b7cbfbaecaf6f88b1f0cf196ded592
https://data.lpdaac.earthdatacloud.nasa.gov/lp-prod-protected/ECO_L2T_LSTE.002/ECOv002_L2T_LSTE_28950_003_12SVC_20230814T142745_0712_02/ECOv002_L2T_LSTE_28950_003_12SVC_20230814T142745_0712_02_height.tif,ECO_L2T_LSTE.002,ECOv002_L2T_LSTE_28950_003_12SVC_20230814T142745_0712_02_height.tif,2026-06-09,sha256:2a727d536660cb66e1264d842ab65338c00be778f8d89f1e2cc1e4fcf64439c6
https://data.lpdaac.earthdatacloud.nasa.gov/lp-prod-protected/ECO_L2T_LSTE.002/ECOv002_L2T_LSTE_28950_003_12SVC_20230814T142745_0712_02/ECOv002_L2T_LSTE_28950_003_12SVC_20230814T142745_0712_02_QC.tif,ECO_L2T_LSTE.002,ECOv002_L2T_LSTE_28950_003_12SVC_20230814T142745_0712_02_QC.tif,2026-06-09,sha256:6ef57af46824d1caf0287286282bc43a16f0292fb5e004afb721302c6195f9a4
https://data.lpdaac.earthdatacloud.nasa.gov/lp-prod-protected/ECO_L2T_LSTE.002/ECOv002_L2T_LSTE_28950_003_12SVC_20230814T142745_0712_02/ECOv002_L2T_LSTE_28950_003_12SVC_20230814T142745_0712_02_LST.tif,ECO_L2T_LSTE.002,ECOv002_L2T_LSTE_28950_003_12SVC_20230814T142745_0712_02_LST.tif,2026-06-09,sha256:0bce912993f413daa3860d106034a9a0f3ec3569628f7f1557030c4e2a4fbc1a
https://data.lpdaac.earthdatacloud.nasa.gov/lp-prod-protected/ECO_L2T_LSTE.002/ECOv002_L2T_LSTE_28950_003_12SUC_20230814T142745_0712_02/ECOv002_L2T_LSTE_28950_003_12SUC_20230814T142745_0712_02_water.tif,ECO_L2T_LSTE.002,ECOv002_L2T_LSTE_28950_003_12SUC_20230814T142745_0712_02_water.tif,2026-06-09,sha256:e9a223594b63391e3c955a90ce56debeee11bd8d263b99326d55d5333bb76936
https://data.lpdaac.earthdatacloud.nasa.gov/lp-prod-protected/ECO_L2T_LSTE.002/ECOv002_L2T_LSTE_28950_003_12SUC_20230814T142745_0712_02/ECOv002_L2T_LSTE_28950_003_12SUC_20230814T142745_0712_02_cloud.tif,ECO_L2T_LSTE.002,ECOv002_L2T_LSTE_28950_003_12SUC_20230814T142745_0712_02_cloud.tif,2026-06-09,sha256:046ec60bf5ae63912d1731ca82e683b4f46a37f23771b6517d6a3fd07934d2ce
https://data.lpdaac.earthdatacloud.nasa.gov/lp-prod-protected/ECO_L2T_LSTE.002/ECOv002_L2T_LSTE_28950_003_12SUC_20230814T142745_0712_02/ECOv002_L2T_LSTE_28950_003_12SUC_20230814T142745_0712_02_height.tif,ECO_L2T_LSTE.002,ECOv002_L2T_LSTE_28950_003_12SUC_20230814T142745_0712_02_height.tif,2026-06-09,sha256:feae01224a4db448fe77dadab59d553c54b97543c475062f8868aef5bebb1500
https://data.lpdaac.earthdatacloud.nasa.gov/lp-prod-protected/ECO_L2T_LSTE.002/ECOv002_L2T_LSTE_28950_003_12SUC_20230814T142745_0712_02/ECOv002_L2T_LSTE_28950_003_12SUC_20230814T142745_0712_02_QC.tif,ECO_L2T_LSTE.002,ECOv002_L2T_LSTE_28950_003_12SUC_20230814T142745_0712_02_QC.tif,2026-06-09,sha256:d30178753496b580bbb591a09797b39f51a7851b3f893e42f6ddceb8b31d918a
https://data.lpdaac.earthdatacloud.nasa.gov/lp-prod-protected/ECO_L2T_LSTE.002/ECOv002_L2T_LSTE_28950_003_12SUC_20230814T142745_0712_02/ECOv002_L2T_LSTE_28950_003_12SUC_20230814T142745_0712_02_LST.tif,ECO_L2T_LSTE.002,ECOv002_L2T_LSTE_28950_003_12SUC_20230814T142745_0712_02_LST.tif,2026-06-09,sha256:f14eca8870374d0c3306a197bf0fba31b396db7fe94c8c90549fc9e8553d695c
https://data.lpdaac.earthdatacloud.nasa.gov/lp-prod-protected/ECO_L2T_LSTE.002/ECOv002_L2T_LSTE_28950_003_12SUB_20230814T142745_0712_02/ECOv002_L2T_LSTE_28950_003_12SUB_20230814T142745_0712_02_water.tif,ECO_L2T_LSTE.002,ECOv002_L2T_LSTE_28950_003_12SUB_20230814T142745_0712_02_water.tif,2026-06-09,sha256:054c1c8d6c1b2114dcd15083717dc3158df65761b8b2e4185b16440d00104194
https://data.lpdaac.earthdatacloud.nasa.gov/lp-prod-protected/ECO_L2T_LSTE.002/ECOv002_L2T_LSTE_28950_003_12SUB_20230814T142745_0712_02/ECOv002_L2T_LSTE_28950_003_12SUB_20230814T142745_0712_02_cloud.tif,ECO_L2T_LSTE.002,ECOv002_L2T_LSTE_28950_003_12SUB_20230814T142745_0712_02_cloud.tif,2026-06-09,sha256:2e4fc7b6cf436112290695fc1c6a611270ad41e419edf806859af4113a487a45
https://data.lpdaac.earthdatacloud.nasa.gov/lp-prod-protected/ECO_L2T_LSTE.002/ECOv002_L2T_LSTE_28950_003_12SUB_20230814T142745_0712_02/ECOv002_L2T_LSTE_28950_003_12SUB_20230814T142745_0712_02_height.tif,ECO_L2T_LSTE.002,ECOv002_L2T_LSTE_28950_003_12SUB_20230814T142745_0712_02_height.tif,2026-06-09,sha256:d4bbe18ea38c53a0154431067e7b04cc4b7fc6ae2449195b787bfa28665c7f77
https://data.lpdaac.earthdatacloud.nasa.gov/lp-prod-protected/ECO_L2T_LSTE.002/ECOv002_L2T_LSTE_28950_003_12SUB_20230814T142745_0712_02/ECOv002_L2T_LSTE_28950_003_12SUB_20230814T142745_0712_02_QC.tif,ECO_L2T_LSTE.002,ECOv002_L2T_LSTE_28950_003_12SUB_20230814T142745_0712_02_QC.tif,2026-06-09,sha256:8802b16820be8b9878f71cf53cb686e527a6c25153deb28486722d205e776970
https://data.lpdaac.earthdatacloud.nasa.gov/lp-prod-protected/ECO_L2T_LSTE.002/ECOv002_L2T_LSTE_28950_003_12SUB_20230814T142745_0712_02/ECOv002_L2T_LSTE_28950_003_12SUB_20230814T142745_0712_02_LST.tif,ECO_L2T_LSTE.002,ECOv002_L2T_LSTE_28950_003_12SUB_20230814T142745_0712_02_LST.tif,2026-06-09,sha256:05099c8b9261fa086b58abb8d8f5d683b3d0e97cf0a06956ea7f8b85cd621d7a
https://data.lpdaac.earthdatacloud.nasa.gov/lp-prod-protected/ECO_L2T_LSTE.002/ECOv002_L2T_LSTE_28950_003_12SVB_20230814T142745_0712_02/ECOv002_L2T_LSTE_28950_003_12SVB_20230814T142745_0712_02_water.tif,ECO_L2T_LSTE.002,ECOv002_L2T_LSTE_28950_003_12SVB_20230814T142745_0712_02_water.tif,2026-06-09,sha256:c4ffe4397af264d793bb837f20965da7b532f3f1392ec0fe499894ae3aa266ce
https://data.lpdaac.earthdatacloud.nasa.gov/lp-prod-protected/ECO_L2T_LSTE.002/ECOv002_L2T_LSTE_28950_003_12SVB_20230814T142745_0712_02/ECOv002_L2T_LSTE_28950_003_12SVB_20230814T142745_0712_02_cloud.tif,ECO_L2T_LSTE.002,ECOv002_L2T_LSTE_28950_003_12SVB_20230814T142745_0712_02_cloud.tif,2026-06-09,sha256:dc68f8f624198b047c4e92cd1a109422b9514de0dcb36b686e3f738f586bca0a
https://data.lpdaac.earthdatacloud.nasa.gov/lp-prod-protected/ECO_L2T_LSTE.002/ECOv002_L2T_LSTE_28950_003_12SVB_20230814T142745_0712_02/ECOv002_L2T_LSTE_28950_003_12SVB_20230814T142745_0712_02_height.tif,ECO_L2T_LSTE.002,ECOv002_L2T_LSTE_28950_003_12SVB_20230814T142745_0712_02_height.tif,2026-06-09,sha256:f75a7936b10266be25432001a423aab17ca7bb823d3df50eaadb67b5a17ecfcc
https://data.lpdaac.earthdatacloud.nasa.gov/lp-prod-protected/ECO_L2T_LSTE.002/ECOv002_L2T_LSTE_28950_003_12SVB_20230814T142745_0712_02/ECOv002_L2T_LSTE_28950_003_12SVB_20230814T142745_0712_02_QC.tif,ECO_L2T_LSTE.002,ECOv002_L2T_LSTE_28950_003_12SVB_20230814T142745_0712_02_QC.tif,2026-06-09,sha256:ec55cfca184853fc7bfa7e6e5f43dd94d651846f5cb00aa09edc045d0a63ec23
https://data.lpdaac.earthdatacloud.nasa.gov/lp-prod-protected/ECO_L2T_LSTE.002/ECOv002_L2T_LSTE_28950_003_12SVB_20230814T142745_0712_02/ECOv002_L2T_LSTE_28950_003_12SVB_20230814T142745_0712_02_LST.tif,ECO_L2T_LSTE.002,ECOv002_L2T_LSTE_28950_003_12SVB_20230814T142745_0712_02_LST.tif,2026-06-09,sha256:c1f517219f50f08d6eba63d8a2ffcb30115ce552b434dd184bff8e4da5347812
https://data.lpdaac.earthdatacloud.nasa.gov/lp-prod-protected/ECO_L2T_LSTE.002/ECOv002_L2T_LSTE_28950_004_12SVC_20230814T142836_0710_01/ECOv002_L2T_LSTE_28950_004_12SVC_20230814T142836_0710_01_water.tif,ECO_L2T_LSTE.002,ECOv002_L2T_LSTE_28950_004_12SVC_20230814T142836_0710_01_water.tif,2026-06-09,sha256:e77583a434e3a843f20ebecdec83ed6d0d9972dfe3092860396352ebe97cd619
https://data.lpdaac.earthdatacloud.nasa.gov/lp-prod-protected/ECO_L2T_LSTE.002/ECOv002_L2T_LSTE_28950_004_12SVC_20230814T142836_0710_01/ECOv002_L2T_LSTE_28950_004_12SVC_20230814T142836_0710_01_cloud.tif,ECO_L2T_LSTE.002,ECOv002_L2T_LSTE_28950_004_12SVC_20230814T142836_0710_01_cloud.tif,2026-06-09,sha256:c5d57b3a8be74471bcd659bf0f4b7a835e68281bc7178e699ddd6a08046a6b33
https://data.lpdaac.earthdatacloud.nasa.gov/lp-prod-protected/ECO_L2T_LSTE.002/ECOv002_L2T_LSTE_28950_004_12SVC_20230814T142836_0710_01/ECOv002_L2T_LSTE_28950_004_12SVC_20230814T142836_0710_01_height.tif,ECO_L2T_LSTE.002,ECOv002_L2T_LSTE_28950_004_12SVC_20230814T142836_0710_01_height.tif,2026-06-09,sha256:2a6cd2e06ef73cc06bf338052d68b41131d6741402b010bfa07b665859be290b
https://data.lpdaac.earthdatacloud.nasa.gov/lp-prod-protected/ECO_L2T_LSTE.002/ECOv002_L2T_LSTE_28950_004_12SVC_20230814T142836_0710_01/ECOv002_L2T_LSTE_28950_004_12SVC_20230814T142836_0710_01_QC.tif,ECO_L2T_LSTE.002,ECOv002_L2T_LSTE_28950_004_12SVC_20230814T142836_0710_01_QC.tif,2026-06-09,sha256:f1c7b044423c2c3d1d9e1c5d54ef2d7b223bd51efac49eb4866dc146ed542e40
https://data.lpdaac.earthdatacloud.nasa.gov/lp-prod-protected/ECO_L2T_LSTE.002/ECOv002_L2T_LSTE_28950_004_12SVC_20230814T142836_0710_01/ECOv002_L2T_LSTE_28950_004_12SVC_20230814T142836_0710_01_LST.tif,ECO_L2T_LSTE.002,ECOv002_L2T_LSTE_28950_004_12SVC_20230814T142836_0710_01_LST.tif,2026-06-09,sha256:53a9f850d1813bff9408f9d28b35136b504e1dc7a26fc23bc66f4f293ad6512b
https://data.lpdaac.earthdatacloud.nasa.gov/lp-prod-protected/ECO_L2T_LSTE.002/ECOv002_L2T_LSTE_28950_004_12SVC_20230814T142836_0712_02/ECOv002_L2T_LSTE_28950_004_12SVC_20230814T142836_0712_02_water.tif,ECO_L2T_LSTE.002,ECOv002_L2T_LSTE_28950_004_12SVC_20230814T142836_0712_02_water.tif,2026-06-09,sha256:ad8d36ba9260d94134dbc4d5b7549af8b38669375c944af3f388ef2954fbf444
https://data.lpdaac.earthdatacloud.nasa.gov/lp-prod-protected/ECO_L2T_LSTE.002/ECOv002_L2T_LSTE_28950_004_12SVC_20230814T142836_0712_02/ECOv002_L2T_LSTE_28950_004_12SVC_20230814T142836_0712_02_cloud.tif,ECO_L2T_LSTE.002,ECOv002_L2T_LSTE_28950_004_12SVC_20230814T142836_0712_02_cloud.tif,2026-06-09,sha256:016fdb8b352b0f61521a385501890a238c94452a5376c1bf4bee2e07aeb1c8bb
https://data.lpdaac.earthdatacloud.nasa.gov/lp-prod-protected/ECO_L2T_LSTE.002/ECOv002_L2T_LSTE_28950_004_12SVC_20230814T142836_0712_02/ECOv002_L2T_LSTE_28950_004_12SVC_20230814T142836_0712_02_height.tif,ECO_L2T_LSTE.002,ECOv002_L2T_LSTE_28950_004_12SVC_20230814T142836_0712_02_height.tif,2026-06-09,sha256:db33418d7911a07f47d1ea5503fd1e77524e77022a217c29919aa3994832118c
https://data.lpdaac.earthdatacloud.nasa.gov/lp-prod-protected/ECO_L2T_LSTE.002/ECOv002_L2T_LSTE_28950_004_12SVC_20230814T142836_0712_02/ECOv002_L2T_LSTE_28950_004_12SVC_20230814T142836_0712_02_QC.tif,ECO_L2T_LSTE.002,ECOv002_L2T_LSTE_28950_004_12SVC_20230814T142836_0712_02_QC.tif,2026-06-09,sha256:ba98c455fe5e0ba62c22dcf95c895d039cebb0b2a5ce1f9f86bb8cc8462d8280
https://data.lpdaac.earthdatacloud.nasa.gov/lp-prod-protected/ECO_L2T_LSTE.002/ECOv002_L2T_LSTE_28950_004_12SVC_20230814T142836_0712_02/ECOv002_L2T_LSTE_28950_004_12SVC_20230814T142836_0712_02_LST.tif,ECO_L2T_LSTE.002,ECOv002_L2T_LSTE_28950_004_12SVC_20230814T142836_0712_02_LST.tif,2026-06-09,sha256:09d0ed37a444dc947b3deb61da075bf6bc373f714e2d4def8688c402b98402d4
https://data.lpdaac.earthdatacloud.nasa.gov/lp-prod-protected/ECO_L2T_LSTE.002/ECOv002_L2T_LSTE_28955_014_12SVB_20230814T223640_0710_01/ECOv002_L2T_LSTE_28955_014_12SVB_20230814T223640_0710_01_cloud.tif,ECO_L2T_LSTE.002,ECOv002_L2T_LSTE_28955_014_12SVB_20230814T223640_0710_01_cloud.tif,2026-06-09,sha256:5330bdd59b721b9812d2cfacc468382dac52d2fcd60ace86d0589db82a6d4135
https://data.lpdaac.earthdatacloud.nasa.gov/lp-prod-protected/ECO_L2T_LSTE.002/ECOv002_L2T_LSTE_28955_014_12SVB_20230814T223640_0710_01/ECOv002_L2T_LSTE_28955_014_12SVB_20230814T223640_0710_01_water.tif,ECO_L2T_LSTE.002,ECOv002_L2T_LSTE_28955_014_12SVB_20230814T223640_0710_01_water.tif,2026-06-09,sha256:5330bdd59b721b9812d2cfacc468382dac52d2fcd60ace86d0589db82a6d4135
https://data.lpdaac.earthdatacloud.nasa.gov/lp-prod-protected/ECO_L2T_LSTE.002/ECOv002_L2T_LSTE_28955_014_12SVB_20230814T223640_0710_01/ECOv002_L2T_LSTE_28955_014_12SVB_20230814T223640_0710_01_height.tif,ECO_L2T_LSTE.002,ECOv002_L2T_LSTE_28955_014_12SVB_20230814T223640_0710_01_height.tif,2026-06-09,sha256:51ea6c228896328c4a369a4974c79d18c62cb0f48f81888c82122b25f35f1932
https://data.lpdaac.earthdatacloud.nasa.gov/lp-prod-protected/ECO_L2T_LSTE.002/ECOv002_L2T_LSTE_28955_014_12SVB_20230814T223640_0710_01/ECOv002_L2T_LSTE_28955_014_12SVB_20230814T223640_0710_01_LST.tif,ECO_L2T_LSTE.002,ECOv002_L2T_LSTE_28955_014_12SVB_20230814T223640_0710_01_LST.tif,2026-06-09,sha256:2ca7edc0b2961f734c984741b65d3d477e1603f317e0be4e3566e6540cf27368
https://data.lpdaac.earthdatacloud.nasa.gov/lp-prod-protected/ECO_L2T_LSTE.002/ECOv002_L2T_LSTE_28955_014_12SVB_20230814T223640_0710_01/ECOv002_L2T_LSTE_28955_014_12SVB_20230814T223640_0710_01_QC.tif,ECO_L2T_LSTE.002,ECOv002_L2T_LSTE_28955_014_12SVB_20230814T223640_0710_01_QC.tif,2026-06-09,sha256:4634601d3bf730b3de44f9a109c1cf72a2011964257b1f2e13158ac8cfa9c06e
https://data.lpdaac.earthdatacloud.nasa.gov/lp-prod-protected/ECO_L2T_LSTE.002/ECOv002_L2T_LSTE_28955_014_12SUB_20230814T223640_0710_01/ECOv002_L2T_LSTE_28955_014_12SUB_20230814T223640_0710_01_water.tif,ECO_L2T_LSTE.002,ECOv002_L2T_LSTE_28955_014_12SUB_20230814T223640_0710_01_water.tif,2026-06-09,sha256:d2389563b8f891542edb6e32887e73b06b0daf806bf30af3770ae7b452781484
https://data.lpdaac.earthdatacloud.nasa.gov/lp-prod-protected/ECO_L2T_LSTE.002/ECOv002_L2T_LSTE_28955_014_12SUB_20230814T223640_0710_01/ECOv002_L2T_LSTE_28955_014_12SUB_20230814T223640_0710_01_cloud.tif,ECO_L2T_LSTE.002,ECOv002_L2T_LSTE_28955_014_12SUB_20230814T223640_0710_01_cloud.tif,2026-06-09,sha256:e9f501b153d31cca795de6222e39401d75a659b381d21aaa60a8d8aa8226379d
https://data.lpdaac.earthdatacloud.nasa.gov/lp-prod-protected/ECO_L2T_LSTE.002/ECOv002_L2T_LSTE_28955_014_12SUB_20230814T223640_0710_01/ECOv002_L2T_LSTE_28955_014_12SUB_20230814T223640_0710_01_height.tif,ECO_L2T_LSTE.002,ECOv002_L2T_LSTE_28955_014_12SUB_20230814T223640_0710_01_height.tif,2026-06-09,sha256:c4d426e6538b5b22bb717543fbc4d67748f9decabe95ef7d19c0afbd2adebec8
https://data.lpdaac.earthdatacloud.nasa.gov/lp-prod-protected/ECO_L2T_LSTE.002/ECOv002_L2T_LSTE_28955_014_12SUB_20230814T223640_0710_01/ECOv002_L2T_LSTE_28955_014_12SUB_20230814T223640_0710_01_LST.tif,ECO_L2T_LSTE.002,ECOv002_L2T_LSTE_28955_014_12SUB_20230814T223640_0710_01_LST.tif,2026-06-09,sha256:4b9edeb3af6e3c2ba05c05b2ad6c8838be7f66cd9f2e02db193edcdcb64ec670
https://data.lpdaac.earthdatacloud.nasa.gov/lp-prod-protected/ECO_L2T_LSTE.002/ECOv002_L2T_LSTE_28955_014_12SUB_20230814T223640_0710_01/ECOv002_L2T_LSTE_28955_014_12SUB_20230814T223640_0710_01_QC.tif,ECO_L2T_LSTE.002,ECOv002_L2T_LSTE_28955_014_12SUB_20230814T223640_0710_01_QC.tif,2026-06-09,sha256:02ae5c42905d8c7791ad6560ef9d7d4ee489df6bb9ae451d0bbfe16dd6f1d857
https://data.lpdaac.earthdatacloud.nasa.gov/lp-prod-protected/ECO_L2T_LSTE.002/ECOv002_L2T_LSTE_28955_014_12SUC_20230814T223640_0710_01/ECOv002_L2T_LSTE_28955_014_12SUC_20230814T223640_0710_01_QC.tif,ECO_L2T_LSTE.002,ECOv002_L2T_LSTE_28955_014_12SUC_20230814T223640_0710_01_QC.tif,2026-06-09,sha256:b8b3cefa9e772d5a0a0e24a25df59915948fa9e114f3ad1588ce4c834a2bc6de
https://data.lpdaac.earthdatacloud.nasa.gov/lp-prod-protected/ECO_L2T_LSTE.002/ECOv002_L2T_LSTE_28955_014_12SUC_20230814T223640_0710_01/ECOv002_L2T_LSTE_28955_014_12SUC_20230814T223640_0710_01_height.tif,ECO_L2T_LSTE.002,ECOv002_L2T_LSTE_28955_014_12SUC_20230814T223640_0710_01_height.tif,2026-06-09,sha256:a45dde8addcc42078604079dc60002c5b6ee864a1c4bc0a6736b561a741123b2
https://data.lpdaac.earthdatacloud.nasa.gov/lp-prod-protected/ECO_L2T_LSTE.002/ECOv002_L2T_LSTE_28955_014_12SUC_20230814T223640_0710_01/ECOv002_L2T_LSTE_28955_014_12SUC_20230814T223640_0710_01_water.tif,ECO_L2T_LSTE.002,ECOv002_L2T_LSTE_28955_014_12SUC_20230814T223640_0710_01_water.tif,2026-06-09,sha256:6dd82e2d47b59fdb84105a91e0bc6b32f845d0769c32be50ce74450d7b15b5c5
https://data.lpdaac.earthdatacloud.nasa.gov/lp-prod-protected/ECO_L2T_LSTE.002/ECOv002_L2T_LSTE_28955_014_12SUC_20230814T223640_0710_01/ECOv002_L2T_LSTE_28955_014_12SUC_20230814T223640_0710_01_cloud.tif,ECO_L2T_LSTE.002,ECOv002_L2T_LSTE_28955_014_12SUC_20230814T223640_0710_01_cloud.tif,2026-06-09,sha256:4af535c9fc8973196a074110718c50e1b70116221025f125cabd29905f367469
https://data.lpdaac.earthdatacloud.nasa.gov/lp-prod-protected/ECO_L2T_LSTE.002/ECOv002_L2T_LSTE_28955_014_12SUC_20230814T223640_0710_01/ECOv002_L2T_LSTE_28955_014_12SUC_20230814T223640_0710_01_LST.tif,ECO_L2T_LSTE.002,ECOv002_L2T_LSTE_28955_014_12SUC_20230814T223640_0710_01_LST.tif,2026-06-09,sha256:afa1700369bd4a168c387cd568d7c6b21a521ccdef26b2c775fb0d9706d72016
https://data.lpdaac.earthdatacloud.nasa.gov/lp-prod-protected/ECO_L2T_LSTE.002/ECOv002_L2T_LSTE_28955_014_12SVB_20230814T223640_0712_02/ECOv002_L2T_LSTE_28955_014_12SVB_20230814T223640_0712_02_water.tif,ECO_L2T_LSTE.002,ECOv002_L2T_LSTE_28955_014_12SVB_20230814T223640_0712_02_water.tif,2026-06-09,sha256:5330bdd59b721b9812d2cfacc468382dac52d2fcd60ace86d0589db82a6d4135
https://data.lpdaac.earthdatacloud.nasa.gov/lp-prod-protected/ECO_L2T_LSTE.002/ECOv002_L2T_LSTE_28955_014_12SVB_20230814T223640_0712_02/ECOv002_L2T_LSTE_28955_014_12SVB_20230814T223640_0712_02_cloud.tif,ECO_L2T_LSTE.002,ECOv002_L2T_LSTE_28955_014_12SVB_20230814T223640_0712_02_cloud.tif,2026-06-09,sha256:5330bdd59b721b9812d2cfacc468382dac52d2fcd60ace86d0589db82a6d4135
https://data.lpdaac.earthdatacloud.nasa.gov/lp-prod-protected/ECO_L2T_LSTE.002/ECOv002_L2T_LSTE_28955_014_12SVB_20230814T223640_0712_02/ECOv002_L2T_LSTE_28955_014_12SVB_20230814T223640_0712_02_height.tif,ECO_L2T_LSTE.002,ECOv002_L2T_LSTE_28955_014_12SVB_20230814T223640_0712_02_height.tif,2026-06-09,sha256:9bb180ccbce81c6dd6b965934891bff099fad13701149a45dfef3f7da4cb3494
https://data.lpdaac.earthdatacloud.nasa.gov/lp-prod-protected/ECO_L2T_LSTE.002/ECOv002_L2T_LSTE_28955_014_12SVB_20230814T223640_0712_02/ECOv002_L2T_LSTE_28955_014_12SVB_20230814T223640_0712_02_QC.tif,ECO_L2T_LSTE.002,ECOv002_L2T_LSTE_28955_014_12SVB_20230814T223640_0712_02_QC.tif,2026-06-09,sha256:c1360293b7a122f21eca772347902440e5698bd56cca49cd3e745adbc5be8ccb
https://data.lpdaac.earthdatacloud.nasa.gov/lp-prod-protected/ECO_L2T_LSTE.002/ECOv002_L2T_LSTE_28955_014_12SVB_20230814T223640_0712_02/ECOv002_L2T_LSTE_28955_014_12SVB_20230814T223640_0712_02_LST.tif,ECO_L2T_LSTE.002,ECOv002_L2T_LSTE_28955_014_12SVB_20230814T223640_0712_02_LST.tif,2026-06-09,sha256:d14f1283790c851d8b2f78024ae241117b4436250007a78b844c1a6293188bd0
https://data.lpdaac.earthdatacloud.nasa.gov/lp-prod-protected/ECO_L2T_LSTE.002/ECOv002_L2T_LSTE_28955_014_12SUC_20230814T223640_0712_02/ECOv002_L2T_LSTE_28955_014_12SUC_20230814T223640_0712_02_water.tif,ECO_L2T_LSTE.002,ECOv002_L2T_LSTE_28955_014_12SUC_20230814T223640_0712_02_water.tif,2026-06-09,sha256:c9dd0aaf7c0e23a6c10751350fb1d90f09c01ecab12192ca59c86c3faaac7afe
https://data.lpdaac.earthdatacloud.nasa.gov/lp-prod-protected/ECO_L2T_LSTE.002/ECOv002_L2T_LSTE_28955_014_12SUC_20230814T223640_0712_02/ECOv002_L2T_LSTE_28955_014_12SUC_20230814T223640_0712_02_cloud.tif,ECO_L2T_LSTE.002,ECOv002_L2T_LSTE_28955_014_12SUC_20230814T223640_0712_02_cloud.tif,2026-06-09,sha256:bf09104c2e85b70b209ada29cdd06028d22bc1813eae4f7a9cf313e3c40c16dc
https://data.lpdaac.earthdatacloud.nasa.gov/lp-prod-protected/ECO_L2T_LSTE.002/ECOv002_L2T_LSTE_28955_014_12SUC_20230814T223640_0712_02/ECOv002_L2T_LSTE_28955_014_12SUC_20230814T223640_0712_02_height.tif,ECO_L2T_LSTE.002,ECOv002_L2T_LSTE_28955_014_12SUC_20230814T223640_0712_02_height.tif,2026-06-09,sha256:47789dfbe10103c6bc892e71941838c7445c1568e48400e41a493e78ce908b7e
https://data.lpdaac.earthdatacloud.nasa.gov/lp-prod-protected/ECO_L2T_LSTE.002/ECOv002_L2T_LSTE_28955_014_12SUC_20230814T223640_0712_02/ECOv002_L2T_LSTE_28955_014_12SUC_20230814T223640_0712_02_QC.tif,ECO_L2T_LSTE.002,ECOv002_L2T_LSTE_28955_014_12SUC_20230814T223640_0712_02_QC.tif,2026-06-09,sha256:1f2794ce2bf2a803d980d8ab96627f939f13405d2ecf26bd43cf91dd2659b35f
https://data.lpdaac.earthdatacloud.nasa.gov/lp-prod-protected/ECO_L2T_LSTE.002/ECOv002_L2T_LSTE_28955_014_12SUC_20230814T223640_0712_02/ECOv002_L2T_LSTE_28955_014_12SUC_20230814T223640_0712_02_LST.tif,ECO_L2T_LSTE.002,ECOv002_L2T_LSTE_28955_014_12SUC_20230814T223640_0712_02_LST.tif,2026-06-09,sha256:80b2f6546404b60045d227d4621be3cfd8f771eeb2adf6ed31428239f51f2eae
https://data.lpdaac.earthdatacloud.nasa.gov/lp-prod-protected/ECO_L2T_LSTE.002/ECOv002_L2T_LSTE_28955_014_12SUB_20230814T223640_0712_02/ECOv002_L2T_LSTE_28955_014_12SUB_20230814T223640_0712_02_water.tif,ECO_L2T_LSTE.002,ECOv002_L2T_LSTE_28955_014_12SUB_20230814T223640_0712_02_water.tif,2026-06-09,sha256:827db77d5dae2faf75fb4a57a82d9b7c29a0b3ef9a672f92d05bf88850aaee94
https://data.lpdaac.earthdatacloud.nasa.gov/lp-prod-protected/ECO_L2T_LSTE.002/ECOv002_L2T_LSTE_28955_014_12SUB_20230814T223640_0712_02/ECOv002_L2T_LSTE_28955_014_12SUB_20230814T223640_0712_02_cloud.tif,ECO_L2T_LSTE.002,ECOv002_L2T_LSTE_28955_014_12SUB_20230814T223640_0712_02_cloud.tif,2026-06-09,sha256:12cee02b0a059b0711ae9d08bccfa14b1f88d69a8062cc7fb8f49821113ebd18
https://data.lpdaac.earthdatacloud.nasa.gov/lp-prod-protected/ECO_L2T_LSTE.002/ECOv002_L2T_LSTE_28955_014_12SUB_20230814T223640_0712_02/ECOv002_L2T_LSTE_28955_014_12SUB_20230814T223640_0712_02_height.tif,ECO_L2T_LSTE.002,ECOv002_L2T_LSTE_28955_014_12SUB_20230814T223640_0712_02_height.tif,2026-06-09,sha256:ef8036110897e149ef0d84c573247571d3c3094adc496fdbacce1db1d073e4cd
https://data.lpdaac.earthdatacloud.nasa.gov/lp-prod-protected/ECO_L2T_LSTE.002/ECOv002_L2T_LSTE_28955_014_12SUB_20230814T223640_0712_02/ECOv002_L2T_LSTE_28955_014_12SUB_20230814T223640_0712_02_QC.tif,ECO_L2T_LSTE.002,ECOv002_L2T_LSTE_28955_014_12SUB_20230814T223640_0712_02_QC.tif,2026-06-09,sha256:455852f61bd318f941c94b6483363923f2ccc52d448d12655343789bb07f29a1
https://data.lpdaac.earthdatacloud.nasa.gov/lp-prod-protected/ECO_L2T_LSTE.002/ECOv002_L2T_LSTE_28955_014_12SUB_20230814T223640_0712_02/ECOv002_L2T_LSTE_28955_014_12SUB_20230814T223640_0712_02_LST.tif,ECO_L2T_LSTE.002,ECOv002_L2T_LSTE_28955_014_12SUB_20230814T223640_0712_02_LST.tif,2026-06-09,sha256:0ad4a18854b0b65c2a60f8e3343eb868837ca859ee6db78d260ea75587c36546
https://data.lpdaac.earthdatacloud.nasa.gov/lp-prod-protected/ECO_L2T_LSTE.002/ECOv002_L2T_LSTE_28955_015_12SVB_20230814T223732_0710_01/ECOv002_L2T_LSTE_28955_015_12SVB_20230814T223732_0710_01_QC.tif,ECO_L2T_LSTE.002,ECOv002_L2T_LSTE_28955_015_12SVB_20230814T223732_0710_01_QC.tif,2026-06-09,sha256:9d8f868eea1fcbe1b6251f615e01d2ca5268e5c06f33c340daf8361d064fe044
https://data.lpdaac.earthdatacloud.nasa.gov/lp-prod-protected/ECO_L2T_LSTE.002/ECOv002_L2T_LSTE_28955_015_12SVB_20230814T223732_0710_01/ECOv002_L2T_LSTE_28955_015_12SVB_20230814T223732_0710_01_water.tif,ECO_L2T_LSTE.002,ECOv002_L2T_LSTE_28955_015_12SVB_20230814T223732_0710_01_water.tif,2026-06-09,sha256:5330bdd59b721b9812d2cfacc468382dac52d2fcd60ace86d0589db82a6d4135
https://data.lpdaac.earthdatacloud.nasa.gov/lp-prod-protected/ECO_L2T_LSTE.002/ECOv002_L2T_LSTE_28955_015_12SVB_20230814T223732_0710_01/ECOv002_L2T_LSTE_28955_015_12SVB_20230814T223732_0710_01_cloud.tif,ECO_L2T_LSTE.002,ECOv002_L2T_LSTE_28955_015_12SVB_20230814T223732_0710_01_cloud.tif,2026-06-09,sha256:5330bdd59b721b9812d2cfacc468382dac52d2fcd60ace86d0589db82a6d4135
https://data.lpdaac.earthdatacloud.nasa.gov/lp-prod-protected/ECO_L2T_LSTE.002/ECOv002_L2T_LSTE_28955_015_12SVB_20230814T223732_0710_01/ECOv002_L2T_LSTE_28955_015_12SVB_20230814T223732_0710_01_height.tif,ECO_L2T_LSTE.002,ECOv002_L2T_LSTE_28955_015_12SVB_20230814T223732_0710_01_height.tif,2026-06-09,sha256:d12f6ea40119ef8d42e61b0016133c3c57d3c657df628a9f4d8e579007b3ef50
https://data.lpdaac.earthdatacloud.nasa.gov/lp-prod-protected/ECO_L2T_LSTE.002/ECOv002_L2T_LSTE_28955_015_12SVB_20230814T223732_0710_01/ECOv002_L2T_LSTE_28955_015_12SVB_20230814T223732_0710_01_LST.tif,ECO_L2T_LSTE.002,ECOv002_L2T_LSTE_28955_015_12SVB_20230814T223732_0710_01_LST.tif,2026-06-09,sha256:32060ffad266739c92c1f84aea7a634c483b07da89b872c78c3522c410d5e3a5
https://data.lpdaac.earthdatacloud.nasa.gov/lp-prod-protected/ECO_L2T_LSTE.002/ECOv002_L2T_LSTE_28955_015_12SUB_20230814T223732_0710_01/ECOv002_L2T_LSTE_28955_015_12SUB_20230814T223732_0710_01_water.tif,ECO_L2T_LSTE.002,ECOv002_L2T_LSTE_28955_015_12SUB_20230814T223732_0710_01_water.tif,2026-06-09,sha256:12926d44db3ee3fcbab890cac674f9849409445af7a5d5599a008ed2ac1cc1ca
https://data.lpdaac.earthdatacloud.nasa.gov/lp-prod-protected/ECO_L2T_LSTE.002/ECOv002_L2T_LSTE_28955_015_12SUB_20230814T223732_0710_01/ECOv002_L2T_LSTE_28955_015_12SUB_20230814T223732_0710_01_cloud.tif,ECO_L2T_LSTE.002,ECOv002_L2T_LSTE_28955_015_12SUB_20230814T223732_0710_01_cloud.tif,2026-06-09,sha256:12926d44db3ee3fcbab890cac674f9849409445af7a5d5599a008ed2ac1cc1ca
https://data.lpdaac.earthdatacloud.nasa.gov/lp-prod-protected/ECO_L2T_LSTE.002/ECOv002_L2T_LSTE_28955_015_12SUB_20230814T223732_0710_01/ECOv002_L2T_LSTE_28955_015_12SUB_20230814T223732_0710_01_QC.tif,ECO_L2T_LSTE.002,ECOv002_L2T_LSTE_28955_015_12SUB_20230814T223732_0710_01_QC.tif,2026-06-09,sha256:6bfc750549ccc4fbe0dd1dc17acb03ada5b58875d09d31ea5aba1dd092d4396f
https://data.lpdaac.earthdatacloud.nasa.gov/lp-prod-protected/ECO_L2T_LSTE.002/ECOv002_L2T_LSTE_28955_015_12SUB_20230814T223732_0710_01/ECOv002_L2T_LSTE_28955_015_12SUB_20230814T223732_0710_01_LST.tif,ECO_L2T_LSTE.002,ECOv002_L2T_LSTE_28955_015_12SUB_20230814T223732_0710_01_LST.tif,2026-06-09,sha256:6bb4a4279ddc002b9130fa8149399b64aa89e0aa6367e95c6b1876cf8489e150
https://data.lpdaac.earthdatacloud.nasa.gov/lp-prod-protected/ECO_L2T_LSTE.002/ECOv002_L2T_LSTE_28955_015_12SUB_20230814T223732_0710_01/ECOv002_L2T_LSTE_28955_015_12SUB_20230814T223732_0710_01_height.tif,ECO_L2T_LSTE.002,ECOv002_L2T_LSTE_28955_015_12SUB_20230814T223732_0710_01_height.tif,2026-06-09,sha256:5087691e1c589ce677fab2c4d0ee4f2b47d6d49f24aea90ca875ee88b2f824a7
https://data.lpdaac.earthdatacloud.nasa.gov/lp-prod-protected/ECO_L2T_LSTE.002/ECOv002_L2T_LSTE_28955_015_12SVB_20230814T223732_0712_02/ECOv002_L2T_LSTE_28955_015_12SVB_20230814T223732_0712_02_water.tif,ECO_L2T_LSTE.002,ECOv002_L2T_LSTE_28955_015_12SVB_20230814T223732_0712_02_water.tif,2026-06-09,sha256:5330bdd59b721b9812d2cfacc468382dac52d2fcd60ace86d0589db82a6d4135
https://data.lpdaac.earthdatacloud.nasa.gov/lp-prod-protected/ECO_L2T_LSTE.002/ECOv002_L2T_LSTE_28955_015_12SVB_20230814T223732_0712_02/ECOv002_L2T_LSTE_28955_015_12SVB_20230814T223732_0712_02_cloud.tif,ECO_L2T_LSTE.002,ECOv002_L2T_LSTE_28955_015_12SVB_20230814T223732_0712_02_cloud.tif,2026-06-09,sha256:5330bdd59b721b9812d2cfacc468382dac52d2fcd60ace86d0589db82a6d4135
https://data.lpdaac.earthdatacloud.nasa.gov/lp-prod-protected/ECO_L2T_LSTE.002/ECOv002_L2T_LSTE_28955_015_12SVB_20230814T223732_0712_02/ECOv002_L2T_LSTE_28955_015_12SVB_20230814T223732_0712_02_height.tif,ECO_L2T_LSTE.002,ECOv002_L2T_LSTE_28955_015_12SVB_20230814T223732_0712_02_height.tif,2026-06-09,sha256:3e5e916b1bc0a24963b5dd0163faae34395a83bffdcee8915a254d5d31190749
https://data.lpdaac.earthdatacloud.nasa.gov/lp-prod-protected/ECO_L2T_LSTE.002/ECOv002_L2T_LSTE_28955_015_12SVB_20230814T223732_0712_02/ECOv002_L2T_LSTE_28955_015_12SVB_20230814T223732_0712_02_QC.tif,ECO_L2T_LSTE.002,ECOv002_L2T_LSTE_28955_015_12SVB_20230814T223732_0712_02_QC.tif,2026-06-09,sha256:b86bcff2a9b59dd14fd8bdd756738b0d1c0162375712c6c93890fd71dc33fe20
https://data.lpdaac.earthdatacloud.nasa.gov/lp-prod-protected/ECO_L2T_LSTE.002/ECOv002_L2T_LSTE_28955_015_12SVB_20230814T223732_0712_02/ECOv002_L2T_LSTE_28955_015_12SVB_20230814T223732_0712_02_LST.tif,ECO_L2T_LSTE.002,ECOv002_L2T_LSTE_28955_015_12SVB_20230814T223732_0712_02_LST.tif,2026-06-09,sha256:d63148dc2bded7e1261da6071b726660250b7b186229c1d492e91b955a840451
https://data.lpdaac.earthdatacloud.nasa.gov/lp-prod-protected/ECO_L2T_LSTE.002/ECOv002_L2T_LSTE_28955_015_12SUB_20230814T223732_0712_02/ECOv002_L2T_LSTE_28955_015_12SUB_20230814T223732_0712_02_water.tif,ECO_L2T_LSTE.002,ECOv002_L2T_LSTE_28955_015_12SUB_20230814T223732_0712_02_water.tif,2026-06-09,sha256:12926d44db3ee3fcbab890cac674f9849409445af7a5d5599a008ed2ac1cc1ca
https://data.lpdaac.earthdatacloud.nasa.gov/lp-prod-protected/ECO_L2T_LSTE.002/ECOv002_L2T_LSTE_28955_015_12SUB_20230814T223732_0712_02/ECOv002_L2T_LSTE_28955_015_12SUB_20230814T223732_0712_02_cloud.tif,ECO_L2T_LSTE.002,ECOv002_L2T_LSTE_28955_015_12SUB_20230814T223732_0712_02_cloud.tif,2026-06-09,sha256:12926d44db3ee3fcbab890cac674f9849409445af7a5d5599a008ed2ac1cc1ca
https://data.lpdaac.earthdatacloud.nasa.gov/lp-prod-protected/ECO_L2T_LSTE.002/ECOv002_L2T_LSTE_28955_015_12SUB_20230814T223732_0712_02/ECOv002_L2T_LSTE_28955_015_12SUB_20230814T223732_0712_02_height.tif,ECO_L2T_LSTE.002,ECOv002_L2T_LSTE_28955_015_12SUB_20230814T223732_0712_02_height.tif,2026-06-09,sha256:c9b090d302b7193fda55cd93abbbff1066cefa4269bad48cca6fde58ed837944
https://data.lpdaac.earthdatacloud.nasa.gov/lp-prod-protected/ECO_L2T_LSTE.002/ECOv002_L2T_LSTE_28955_015_12SUB_20230814T223732_0712_02/ECOv002_L2T_LSTE_28955_015_12SUB_20230814T223732_0712_02_QC.tif,ECO_L2T_LSTE.002,ECOv002_L2T_LSTE_28955_015_12SUB_20230814T223732_0712_02_QC.tif,2026-06-09,sha256:d437297a05271a8dd5fcd7e08be1ca1a6869027d4c36e659a8c4a07c247ad6d6
https://data.lpdaac.earthdatacloud.nasa.gov/lp-prod-protected/ECO_L2T_LSTE.002/ECOv002_L2T_LSTE_28955_015_12SUB_20230814T223732_0712_02/ECOv002_L2T_LSTE_28955_015_12SUB_20230814T223732_0712_02_LST.tif,ECO_L2T_LSTE.002,ECOv002_L2T_LSTE_28955_015_12SUB_20230814T223732_0712_02_LST.tif,2026-06-09,sha256:bfd5472db986b3839e6b73796b8e0b52562bcef093230dad04f4091fac3f8164
https://data.lpdaac.earthdatacloud.nasa.gov/lp-prod-protected/ECO_L2T_LSTE.002/ECOv002_L2T_LSTE_28970_005_12SUC_20230815T214828_0710_01/ECOv002_L2T_LSTE_28970_005_12SUC_20230815T214828_0710_01_water.tif,ECO_L2T_LSTE.002,ECOv002_L2T_LSTE_28970_005_12SUC_20230815T214828_0710_01_water.tif,2026-06-09,sha256:53a004c725b524182c1666b65bf9507a6cab13eae5ac8aba43797cdf0f572c07
https://data.lpdaac.earthdatacloud.nasa.gov/lp-prod-protected/ECO_L2T_LSTE.002/ECOv002_L2T_LSTE_28970_005_12SUC_20230815T214828_0710_01/ECOv002_L2T_LSTE_28970_005_12SUC_20230815T214828_0710_01_cloud.tif,ECO_L2T_LSTE.002,ECOv002_L2T_LSTE_28970_005_12SUC_20230815T214828_0710_01_cloud.tif,2026-06-09,sha256:a1dac9cd355f695b2fe23200ce78260e2b39c1c51729607fdf702fe65ce7bb2a
https://data.lpdaac.earthdatacloud.nasa.gov/lp-prod-protected/ECO_L2T_LSTE.002/ECOv002_L2T_LSTE_28970_005_12SUC_20230815T214828_0710_01/ECOv002_L2T_LSTE_28970_005_12SUC_20230815T214828_0710_01_height.tif,ECO_L2T_LSTE.002,ECOv002_L2T_LSTE_28970_005_12SUC_20230815T214828_0710_01_height.tif,2026-06-09,sha256:2cf4eb27356d2c22e1e04a0ac2029468e65d46545c3b996223a17acdf66761c2
https://data.lpdaac.earthdatacloud.nasa.gov/lp-prod-protected/ECO_L2T_LSTE.002/ECOv002_L2T_LSTE_28970_005_12SUC_20230815T214828_0710_01/ECOv002_L2T_LSTE_28970_005_12SUC_20230815T214828_0710_01_QC.tif,ECO_L2T_LSTE.002,ECOv002_L2T_LSTE_28970_005_12SUC_20230815T214828_0710_01_QC.tif,2026-06-09,sha256:1882deec0fc737db993aa5456f02992a6011b0e1f7e9255264ad1d0248bd3d33
https://data.lpdaac.earthdatacloud.nasa.gov/lp-prod-protected/ECO_L2T_LSTE.002/ECOv002_L2T_LSTE_28970_005_12SUC_20230815T214828_0710_01/ECOv002_L2T_LSTE_28970_005_12SUC_20230815T214828_0710_01_LST.tif,ECO_L2T_LSTE.002,ECOv002_L2T_LSTE_28970_005_12SUC_20230815T214828_0710_01_LST.tif,2026-06-09,sha256:e542bfe623cd239c1501103a4f79f3e6cec9f1d16f6d598c0e4b90d9077f2abb
https://data.lpdaac.earthdatacloud.nasa.gov/lp-prod-protected/ECO_L2T_LSTE.002/ECOv002_L2T_LSTE_28970_005_12SUB_20230815T214828_0712_02/ECOv002_L2T_LSTE_28970_005_12SUB_20230815T214828_0712_02_water.tif,ECO_L2T_LSTE.002,ECOv002_L2T_LSTE_28970_005_12SUB_20230815T214828_0712_02_water.tif,2026-06-09,sha256:12926d44db3ee3fcbab890cac674f9849409445af7a5d5599a008ed2ac1cc1ca
https://data.lpdaac.earthdatacloud.nasa.gov/lp-prod-protected/ECO_L2T_LSTE.002/ECOv002_L2T_LSTE_28970_005_12SUB_20230815T214828_0712_02/ECOv002_L2T_LSTE_28970_005_12SUB_20230815T214828_0712_02_cloud.tif,ECO_L2T_LSTE.002,ECOv002_L2T_LSTE_28970_005_12SUB_20230815T214828_0712_02_cloud.tif,2026-06-09,sha256:12926d44db3ee3fcbab890cac674f9849409445af7a5d5599a008ed2ac1cc1ca
https://data.lpdaac.earthdatacloud.nasa.gov/lp-prod-protected/ECO_L2T_LSTE.002/ECOv002_L2T_LSTE_28970_005_12SUB_20230815T214828_0712_02/ECOv002_L2T_LSTE_28970_005_12SUB_20230815T214828_0712_02_height.tif,ECO_L2T_LSTE.002,ECOv002_L2T_LSTE_28970_005_12SUB_20230815T214828_0712_02_height.tif,2026-06-09,sha256:f0c76c37e4263991caae2647eeff43fcf006085100dfe17dd9f868d831db0dbc
https://data.lpdaac.earthdatacloud.nasa.gov/lp-prod-protected/ECO_L2T_LSTE.002/ECOv002_L2T_LSTE_28970_005_12SUB_20230815T214828_0712_02/ECOv002_L2T_LSTE_28970_005_12SUB_20230815T214828_0712_02_QC.tif,ECO_L2T_LSTE.002,ECOv002_L2T_LSTE_28970_005_12SUB_20230815T214828_0712_02_QC.tif,2026-06-09,sha256:7a2d6a2ac85c7c2d6f1fc643ec4c41652613643edd204fa208273b68ad1c089e
https://data.lpdaac.earthdatacloud.nasa.gov/lp-prod-protected/ECO_L2T_LSTE.002/ECOv002_L2T_LSTE_28970_005_12SUB_20230815T214828_0712_02/ECOv002_L2T_LSTE_28970_005_12SUB_20230815T214828_0712_02_LST.tif,ECO_L2T_LSTE.002,ECOv002_L2T_LSTE_28970_005_12SUB_20230815T214828_0712_02_LST.tif,2026-06-09,sha256:62269b597d471304b33c451809206da5e94acf0f911cb2dfeacb78ee7e7bb8ea
https://data.lpdaac.earthdatacloud.nasa.gov/lp-prod-protected/ECO_L2T_LSTE.002/ECOv002_L2T_LSTE_28970_005_12SUC_20230815T214828_0712_02/ECOv002_L2T_LSTE_28970_005_12SUC_20230815T214828_0712_02_water.tif,ECO_L2T_LSTE.002,ECOv002_L2T_LSTE_28970_005_12SUC_20230815T214828_0712_02_water.tif,2026-06-09,sha256:a94a2982ae38fe269131afc0df37a96ee67456a670a8e00cfe8b1d997e4f93de
https://data.lpdaac.earthdatacloud.nasa.gov/lp-prod-protected/ECO_L2T_LSTE.002/ECOv002_L2T_LSTE_28970_005_12SUC_20230815T214828_0712_02/ECOv002_L2T_LSTE_28970_005_12SUC_20230815T214828_0712_02_cloud.tif,ECO_L2T_LSTE.002,ECOv002_L2T_LSTE_28970_005_12SUC_20230815T214828_0712_02_cloud.tif,2026-06-09,sha256:41b7f35593e5a316754e818c031ebe94390a2ea845f7faea94a7d8ed79ff39b4
https://data.lpdaac.earthdatacloud.nasa.gov/lp-prod-protected/ECO_L2T_LSTE.002/ECOv002_L2T_LSTE_28970_005_12SUC_20230815T214828_0712_02/ECOv002_L2T_LSTE_28970_005_12SUC_20230815T214828_0712_02_height.tif,ECO_L2T_LSTE.002,ECOv002_L2T_LSTE_28970_005_12SUC_20230815T214828_0712_02_height.tif,2026-06-09,sha256:93fdd1dcc560e313b4e16e22e7dbf7649001c0f74878b8e3bc440d0ca40b4bea
https://data.lpdaac.earthdatacloud.nasa.gov/lp-prod-protected/ECO_L2T_LSTE.002/ECOv002_L2T_LSTE_28970_005_12SUC_20230815T214828_0712_02/ECOv002_L2T_LSTE_28970_005_12SUC_20230815T214828_0712_02_QC.tif,ECO_L2T_LSTE.002,ECOv002_L2T_LSTE_28970_005_12SUC_20230815T214828_0712_02_QC.tif,2026-06-09,sha256:35c0837005531f24d719c20e1de033e4e4dca5420bc657c0a77916639f0c5941
https://data.lpdaac.earthdatacloud.nasa.gov/lp-prod-protected/ECO_L2T_LSTE.002/ECOv002_L2T_LSTE_28970_005_12SUC_20230815T214828_0712_02/ECOv002_L2T_LSTE_28970_005_12SUC_20230815T214828_0712_02_LST.tif,ECO_L2T_LSTE.002,ECOv002_L2T_LSTE_28970_005_12SUC_20230815T214828_0712_02_LST.tif,2026-06-09,sha256:e4fede070452f2f66007cc23914022683e49b01107e02e3f3e1158d7ac5cd3d1
https://data.lpdaac.earthdatacloud.nasa.gov/lp-prod-protected/ECO_L2T_LSTE.002/ECOv002_L2T_LSTE_28970_006_12SUB_20230815T214920_0710_01/ECOv002_L2T_LSTE_28970_006_12SUB_20230815T214920_0710_01_water.tif,ECO_L2T_LSTE.002,ECOv002_L2T_LSTE_28970_006_12SUB_20230815T214920_0710_01_water.tif,2026-06-09,sha256:44b5bde637d192b1d799a82ae18635cefd1aab672cec1da54f2aaa8b121d28c4
https://data.lpdaac.earthdatacloud.nasa.gov/lp-prod-protected/ECO_L2T_LSTE.002/ECOv002_L2T_LSTE_28970_006_12SUB_20230815T214920_0710_01/ECOv002_L2T_LSTE_28970_006_12SUB_20230815T214920_0710_01_cloud.tif,ECO_L2T_LSTE.002,ECOv002_L2T_LSTE_28970_006_12SUB_20230815T214920_0710_01_cloud.tif,2026-06-09,sha256:0568a23cd6fe8acc1d4a053e431c7de49d145cb6c13e9372ab94f3e633a296a6
https://data.lpdaac.earthdatacloud.nasa.gov/lp-prod-protected/ECO_L2T_LSTE.002/ECOv002_L2T_LSTE_28970_006_12SUB_20230815T214920_0710_01/ECOv002_L2T_LSTE_28970_006_12SUB_20230815T214920_0710_01_height.tif,ECO_L2T_LSTE.002,ECOv002_L2T_LSTE_28970_006_12SUB_20230815T214920_0710_01_height.tif,2026-06-09,sha256:b504c3b10b57bea76645920750d1ff8a12e5940a53059ed18fa5121032b1a687
https://data.lpdaac.earthdatacloud.nasa.gov/lp-prod-protected/ECO_L2T_LSTE.002/ECOv002_L2T_LSTE_28970_006_12SUB_20230815T214920_0710_01/ECOv002_L2T_LSTE_28970_006_12SUB_20230815T214920_0710_01_LST.tif,ECO_L2T_LSTE.002,ECOv002_L2T_LSTE_28970_006_12SUB_20230815T214920_0710_01_LST.tif,2026-06-09,sha256:3c92a8b8998b3b45fa1c11d310d293998267adc6959489646d50f33f9331e351
https://data.lpdaac.earthdatacloud.nasa.gov/lp-prod-protected/ECO_L2T_LSTE.002/ECOv002_L2T_LSTE_28970_006_12SUB_20230815T214920_0710_01/ECOv002_L2T_LSTE_28970_006_12SUB_20230815T214920_0710_01_QC.tif,ECO_L2T_LSTE.002,ECOv002_L2T_LSTE_28970_006_12SUB_20230815T214920_0710_01_QC.tif,2026-06-09,sha256:8f92770f23f7bebb6adce81ae64e4c4a14a76e06770ce98ec6ebddb16d5a0567
https://data.lpdaac.earthdatacloud.nasa.gov/lp-prod-protected/ECO_L2T_LSTE.002/ECOv002_L2T_LSTE_28970_006_12SVB_20230815T214920_0710_01/ECOv002_L2T_LSTE_28970_006_12SVB_20230815T214920_0710_01_water.tif,ECO_L2T_LSTE.002,ECOv002_L2T_LSTE_28970_006_12SVB_20230815T214920_0710_01_water.tif,2026-06-09,sha256:52b93a85525ff0c380fee28c0009710678b49e2f95fcc168913159541dab8174
https://data.lpdaac.earthdatacloud.nasa.gov/lp-prod-protected/ECO_L2T_LSTE.002/ECOv002_L2T_LSTE_28970_006_12SVB_20230815T214920_0710_01/ECOv002_L2T_LSTE_28970_006_12SVB_20230815T214920_0710_01_QC.tif,ECO_L2T_LSTE.002,ECOv002_L2T_LSTE_28970_006_12SVB_20230815T214920_0710_01_QC.tif,2026-06-09,sha256:266ce2469a74eaebdd874cb71200838feb2ca4f2b3b180ead2e6844940d0f247
https://data.lpdaac.earthdatacloud.nasa.gov/lp-prod-protected/ECO_L2T_LSTE.002/ECOv002_L2T_LSTE_28970_006_12SVB_20230815T214920_0710_01/ECOv002_L2T_LSTE_28970_006_12SVB_20230815T214920_0710_01_cloud.tif,ECO_L2T_LSTE.002,ECOv002_L2T_LSTE_28970_006_12SVB_20230815T214920_0710_01_cloud.tif,2026-06-09,sha256:f05191ea6f8e0768d531e95288a3afbb80b0f5f3a2ac32f4924346e5b87b2bc0
https://data.lpdaac.earthdatacloud.nasa.gov/lp-prod-protected/ECO_L2T_LSTE.002/ECOv002_L2T_LSTE_28970_006_12SVB_20230815T214920_0710_01/ECOv002_L2T_LSTE_28970_006_12SVB_20230815T214920_0710_01_height.tif,ECO_L2T_LSTE.002,ECOv002_L2T_LSTE_28970_006_12SVB_20230815T214920_0710_01_height.tif,2026-06-09,sha256:df004aa965763c7a793a3af4e476dd55a85d70a56272e2a1aa5c8717236d7c67
https://data.lpdaac.earthdatacloud.nasa.gov/lp-prod-protected/ECO_L2T_LSTE.002/ECOv002_L2T_LSTE_28970_006_12SVB_20230815T214920_0710_01/ECOv002_L2T_LSTE_28970_006_12SVB_20230815T214920_0710_01_LST.tif,ECO_L2T_LSTE.002,ECOv002_L2T_LSTE_28970_006_12SVB_20230815T214920_0710_01_LST.tif,2026-06-09,sha256:5dd05b28dc4c733e779eb4a1b37cfcf4027123f88e0cd562841c6ded49ec5957
https://data.lpdaac.earthdatacloud.nasa.gov/lp-prod-protected/ECO_L2T_LSTE.002/ECOv002_L2T_LSTE_28970_006_12SUC_20230815T214920_0710_01/ECOv002_L2T_LSTE_28970_006_12SUC_20230815T214920_0710_01_water.tif,ECO_L2T_LSTE.002,ECOv002_L2T_LSTE_28970_006_12SUC_20230815T214920_0710_01_water.tif,2026-06-09,sha256:99e2681e0ed12f7fb1a5b7fbaed51891bcff4bfade467f9a0dbc9afd353afb0e
https://data.lpdaac.earthdatacloud.nasa.gov/lp-prod-protected/ECO_L2T_LSTE.002/ECOv002_L2T_LSTE_28970_006_12SUC_20230815T214920_0710_01/ECOv002_L2T_LSTE_28970_006_12SUC_20230815T214920_0710_01_cloud.tif,ECO_L2T_LSTE.002,ECOv002_L2T_LSTE_28970_006_12SUC_20230815T214920_0710_01_cloud.tif,2026-06-09,sha256:2d08049156fac32a098ec5d3ace9acc196812e4172618519044f2358a3994fd8
https://data.lpdaac.earthdatacloud.nasa.gov/lp-prod-protected/ECO_L2T_LSTE.002/ECOv002_L2T_LSTE_28970_006_12SUC_20230815T214920_0710_01/ECOv002_L2T_LSTE_28970_006_12SUC_20230815T214920_0710_01_height.tif,ECO_L2T_LSTE.002,ECOv002_L2T_LSTE_28970_006_12SUC_20230815T214920_0710_01_height.tif,2026-06-09,sha256:890125319869e6ece9834405e0d33424e6ed15d8b024015a2c500fb80b14695c
https://data.lpdaac.earthdatacloud.nasa.gov/lp-prod-protected/ECO_L2T_LSTE.002/ECOv002_L2T_LSTE_28970_006_12SUC_20230815T214920_0710_01/ECOv002_L2T_LSTE_28970_006_12SUC_20230815T214920_0710_01_QC.tif,ECO_L2T_LSTE.002,ECOv002_L2T_LSTE_28970_006_12SUC_20230815T214920_0710_01_QC.tif,2026-06-09,sha256:909ec2edcb1a383eac75853d103bb801d219a70a8b546831ac5cc090f28bc7b7
https://data.lpdaac.earthdatacloud.nasa.gov/lp-prod-protected/ECO_L2T_LSTE.002/ECOv002_L2T_LSTE_28970_006_12SUC_20230815T214920_0710_01/ECOv002_L2T_LSTE_28970_006_12SUC_20230815T214920_0710_01_LST.tif,ECO_L2T_LSTE.002,ECOv002_L2T_LSTE_28970_006_12SUC_20230815T214920_0710_01_LST.tif,2026-06-09,sha256:f5c367e0aaea5e17be1ae201942e3e274bff6ef4efab5e22727de295b93bac37
https://data.lpdaac.earthdatacloud.nasa.gov/lp-prod-protected/ECO_L2T_LSTE.002/ECOv002_L2T_LSTE_28970_006_12SVC_20230815T214920_0710_01/ECOv002_L2T_LSTE_28970_006_12SVC_20230815T214920_0710_01_water.tif,ECO_L2T_LSTE.002,ECOv002_L2T_LSTE_28970_006_12SVC_20230815T214920_0710_01_water.tif,2026-06-09,sha256:4ce7d90300f4abc9893bb8469a03240c53184c9753dc736ef69e008a84d4bffe
https://data.lpdaac.earthdatacloud.nasa.gov/lp-prod-protected/ECO_L2T_LSTE.002/ECOv002_L2T_LSTE_28970_006_12SVC_20230815T214920_0710_01/ECOv002_L2T_LSTE_28970_006_12SVC_20230815T214920_0710_01_cloud.tif,ECO_L2T_LSTE.002,ECOv002_L2T_LSTE_28970_006_12SVC_20230815T214920_0710_01_cloud.tif,2026-06-09,sha256:9b9ca33650007015a2f703acb2d0893e83e2fac32e10d3854c1f12b44fc6d645
https://data.lpdaac.earthdatacloud.nasa.gov/lp-prod-protected/ECO_L2T_LSTE.002/ECOv002_L2T_LSTE_28970_006_12SVC_20230815T214920_0710_01/ECOv002_L2T_LSTE_28970_006_12SVC_20230815T214920_0710_01_height.tif,ECO_L2T_LSTE.002,ECOv002_L2T_LSTE_28970_006_12SVC_20230815T214920_0710_01_height.tif,2026-06-09,sha256:6c90215b005883c1aba958111a1c35ea58406c70493a17b9dc38e2db59b15b72
https://data.lpdaac.earthdatacloud.nasa.gov/lp-prod-protected/ECO_L2T_LSTE.002/ECOv002_L2T_LSTE_28970_006_12SVC_20230815T214920_0710_01/ECOv002_L2T_LSTE_28970_006_12SVC_20230815T214920_0710_01_QC.tif,ECO_L2T_LSTE.002,ECOv002_L2T_LSTE_28970_006_12SVC_20230815T214920_0710_01_QC.tif,2026-06-09,sha256:2e4b9a992019d3465876ddd2b4cf1c7df1845701061c2f7a3b4c23530bc4839d
https://data.lpdaac.earthdatacloud.nasa.gov/lp-prod-protected/ECO_L2T_LSTE.002/ECOv002_L2T_LSTE_28970_006_12SVC_20230815T214920_0710_01/ECOv002_L2T_LSTE_28970_006_12SVC_20230815T214920_0710_01_LST.tif,ECO_L2T_LSTE.002,ECOv002_L2T_LSTE_28970_006_12SVC_20230815T214920_0710_01_LST.tif,2026-06-09,sha256:b59feb02f03d3cb43c749bf09c8783b5d9bd8e044d098821ea9c52b2fdcaafa5
https://data.lpdaac.earthdatacloud.nasa.gov/lp-prod-protected/ECO_L2T_LSTE.002/ECOv002_L2T_LSTE_28970_006_12SVC_20230815T214920_0712_02/ECOv002_L2T_LSTE_28970_006_12SVC_20230815T214920_0712_02_water.tif,ECO_L2T_LSTE.002,ECOv002_L2T_LSTE_28970_006_12SVC_20230815T214920_0712_02_water.tif,2026-06-09,sha256:9b59051c54c4f1662f3efd001a8015143852dc7c4dbd7e2d728f07567fe6d76d
https://data.lpdaac.earthdatacloud.nasa.gov/lp-prod-protected/ECO_L2T_LSTE.002/ECOv002_L2T_LSTE_28970_006_12SVC_20230815T214920_0712_02/ECOv002_L2T_LSTE_28970_006_12SVC_20230815T214920_0712_02_cloud.tif,ECO_L2T_LSTE.002,ECOv002_L2T_LSTE_28970_006_12SVC_20230815T214920_0712_02_cloud.tif,2026-06-09,sha256:f02bc0d5acfc4c1b778e244f615207a70d5a6e11bb128e966fae6669726b1bf0
https://data.lpdaac.earthdatacloud.nasa.gov/lp-prod-protected/ECO_L2T_LSTE.002/ECOv002_L2T_LSTE_28970_006_12SVC_20230815T214920_0712_02/ECOv002_L2T_LSTE_28970_006_12SVC_20230815T214920_0712_02_height.tif,ECO_L2T_LSTE.002,ECOv002_L2T_LSTE_28970_006_12SVC_20230815T214920_0712_02_height.tif,2026-06-09,sha256:33af1004c5853d8b73dd08fb1be903ed539d791133d48550f666e3e4c51c6944
https://data.lpdaac.earthdatacloud.nasa.gov/lp-prod-protected/ECO_L2T_LSTE.002/ECOv002_L2T_LSTE_28970_006_12SVC_20230815T214920_0712_02/ECOv002_L2T_LSTE_28970_006_12SVC_20230815T214920_0712_02_QC.tif,ECO_L2T_LSTE.002,ECOv002_L2T_LSTE_28970_006_12SVC_20230815T214920_0712_02_QC.tif,2026-06-09,sha256:8f860b27d30c2aaab0ff65b00524ead67fc20e7a0ddcae4c9069808f84fdd81e
https://data.lpdaac.earthdatacloud.nasa.gov/lp-prod-protected/ECO_L2T_LSTE.002/ECOv002_L2T_LSTE_28970_006_12SVC_20230815T214920_0712_02/ECOv002_L2T_LSTE_28970_006_12SVC_20230815T214920_0712_02_LST.tif,ECO_L2T_LSTE.002,ECOv002_L2T_LSTE_28970_006_12SVC_20230815T214920_0712_02_LST.tif,2026-06-09,sha256:d2adb7135ff8353e0b663ee3fcb8b08b57d697d6441fa0bc0612e4d31d6c0be9
https://data.lpdaac.earthdatacloud.nasa.gov/lp-prod-protected/ECO_L2T_LSTE.002/ECOv002_L2T_LSTE_28970_006_12SUB_20230815T214920_0712_02/ECOv002_L2T_LSTE_28970_006_12SUB_20230815T214920_0712_02_water.tif,ECO_L2T_LSTE.002,ECOv002_L2T_LSTE_28970_006_12SUB_20230815T214920_0712_02_water.tif,2026-06-09,sha256:611828cc83513c8e15739ced808bff3c4ee9432aca5ae0d26d540b4cd9b44ec9
https://data.lpdaac.earthdatacloud.nasa.gov/lp-prod-protected/ECO_L2T_LSTE.002/ECOv002_L2T_LSTE_28970_006_12SUB_20230815T214920_0712_02/ECOv002_L2T_LSTE_28970_006_12SUB_20230815T214920_0712_02_cloud.tif,ECO_L2T_LSTE.002,ECOv002_L2T_LSTE_28970_006_12SUB_20230815T214920_0712_02_cloud.tif,2026-06-09,sha256:b3ea02052e7f87053f4882da8356b9f6f35cfdf8586209cd4cc5ad65cc6de9b9
https://data.lpdaac.earthdatacloud.nasa.gov/lp-prod-protected/ECO_L2T_LSTE.002/ECOv002_L2T_LSTE_28970_006_12SUB_20230815T214920_0712_02/ECOv002_L2T_LSTE_28970_006_12SUB_20230815T214920_0712_02_height.tif,ECO_L2T_LSTE.002,ECOv002_L2T_LSTE_28970_006_12SUB_20230815T214920_0712_02_height.tif,2026-06-09,sha256:3d337eb85ad3162bf72f11e2def3544123185eb615edf3d005645c3bfb9d785b
https://data.lpdaac.earthdatacloud.nasa.gov/lp-prod-protected/ECO_L2T_LSTE.002/ECOv002_L2T_LSTE_28970_006_12SUB_20230815T214920_0712_02/ECOv002_L2T_LSTE_28970_006_12SUB_20230815T214920_0712_02_QC.tif,ECO_L2T_LSTE.002,ECOv002_L2T_LSTE_28970_006_12SUB_20230815T214920_0712_02_QC.tif,2026-06-09,sha256:f99ac57d1c03e9298a7fae68acfad9e2d2addfd80edff12ea35f175f81c4d649
https://data.lpdaac.earthdatacloud.nasa.gov/lp-prod-protected/ECO_L2T_LSTE.002/ECOv002_L2T_LSTE_28970_006_12SUB_20230815T214920_0712_02/ECOv002_L2T_LSTE_28970_006_12SUB_20230815T214920_0712_02_LST.tif,ECO_L2T_LSTE.002,ECOv002_L2T_LSTE_28970_006_12SUB_20230815T214920_0712_02_LST.tif,2026-06-09,sha256:2340cc7540e9025ced3a3cad15b69296491e820efcd81dddfa02fbece5588737
https://data.lpdaac.earthdatacloud.nasa.gov/lp-prod-protected/ECO_L2T_LSTE.002/ECOv002_L2T_LSTE_28970_006_12SUC_20230815T214920_0712_02/ECOv002_L2T_LSTE_28970_006_12SUC_20230815T214920_0712_02_water.tif,ECO_L2T_LSTE.002,ECOv002_L2T_LSTE_28970_006_12SUC_20230815T214920_0712_02_water.tif,2026-06-09,sha256:1a272028ab7429036e8794d7f6e61429ef72c8ea024fce0ea4c159c051f1a55f
https://data.lpdaac.earthdatacloud.nasa.gov/lp-prod-protected/ECO_L2T_LSTE.002/ECOv002_L2T_LSTE_28970_006_12SUC_20230815T214920_0712_02/ECOv002_L2T_LSTE_28970_006_12SUC_20230815T214920_0712_02_cloud.tif,ECO_L2T_LSTE.002,ECOv002_L2T_LSTE_28970_006_12SUC_20230815T214920_0712_02_cloud.tif,2026-06-09,sha256:2a353ffaa7f557f9b8653a63ae11513c5a9e8d38b1fc028d4ba3f8ea09467914
https://data.lpdaac.earthdatacloud.nasa.gov/lp-prod-protected/ECO_L2T_LSTE.002/ECOv002_L2T_LSTE_28970_006_12SUC_20230815T214920_0712_02/ECOv002_L2T_LSTE_28970_006_12SUC_20230815T214920_0712_02_height.tif,ECO_L2T_LSTE.002,ECOv002_L2T_LSTE_28970_006_12SUC_20230815T214920_0712_02_height.tif,2026-06-09,sha256:38496e7c0c7121bb104cf4ed66ced5c59ddd6b187345f7f85cef6bd35d929d14
https://data.lpdaac.earthdatacloud.nasa.gov/lp-prod-protected/ECO_L2T_LSTE.002/ECOv002_L2T_LSTE_28970_006_12SUC_20230815T214920_0712_02/ECOv002_L2T_LSTE_28970_006_12SUC_20230815T214920_0712_02_QC.tif,ECO_L2T_LSTE.002,ECOv002_L2T_LSTE_28970_006_12SUC_20230815T214920_0712_02_QC.tif,2026-06-09,sha256:d05641e15e16b3068a78a3cf33cde2ff046a32324eb3c41859aafab2fa46a436
https://data.lpdaac.earthdatacloud.nasa.gov/lp-prod-protected/ECO_L2T_LSTE.002/ECOv002_L2T_LSTE_28970_006_12SUC_20230815T214920_0712_02/ECOv002_L2T_LSTE_28970_006_12SUC_20230815T214920_0712_02_LST.tif,ECO_L2T_LSTE.002,ECOv002_L2T_LSTE_28970_006_12SUC_20230815T214920_0712_02_LST.tif,2026-06-09,sha256:1c8aaf5e9d6ad5b1a31844b15bd7844c6653b864d1b0af43c5651ac7fb58e70b
https://data.lpdaac.earthdatacloud.nasa.gov/lp-prod-protected/ECO_L2T_LSTE.002/ECOv002_L2T_LSTE_28970_006_12SVB_20230815T214920_0712_02/ECOv002_L2T_LSTE_28970_006_12SVB_20230815T214920_0712_02_water.tif,ECO_L2T_LSTE.002,ECOv002_L2T_LSTE_28970_006_12SVB_20230815T214920_0712_02_water.tif,2026-06-09,sha256:e72de6e4d8216d8e49f545ce6070b3f0484a278af8d88c39f4a4337d951ff4ad
https://data.lpdaac.earthdatacloud.nasa.gov/lp-prod-protected/ECO_L2T_LSTE.002/ECOv002_L2T_LSTE_28970_006_12SVB_20230815T214920_0712_02/ECOv002_L2T_LSTE_28970_006_12SVB_20230815T214920_0712_02_cloud.tif,ECO_L2T_LSTE.002,ECOv002_L2T_LSTE_28970_006_12SVB_20230815T214920_0712_02_cloud.tif,2026-06-09,sha256:5214f96da3cb5c34cabdb950a12b464b2f9b78c7052d625d6bc43291523bbd88
https://data.lpdaac.earthdatacloud.nasa.gov/lp-prod-protected/ECO_L2T_LSTE.002/ECOv002_L2T_LSTE_28970_006_12SVB_20230815T214920_0712_02/ECOv002_L2T_LSTE_28970_006_12SVB_20230815T214920_0712_02_height.tif,ECO_L2T_LSTE.002,ECOv002_L2T_LSTE_28970_006_12SVB_20230815T214920_0712_02_height.tif,2026-06-09,sha256:24d8dc65d9dadb5f3fe0117ac53d5c6ac96b68565bfefe8ba7dfb262602649a7
https://data.lpdaac.earthdatacloud.nasa.gov/lp-prod-protected/ECO_L2T_LSTE.002/ECOv002_L2T_LSTE_28970_006_12SVB_20230815T214920_0712_02/ECOv002_L2T_LSTE_28970_006_12SVB_20230815T214920_0712_02_QC.tif,ECO_L2T_LSTE.002,ECOv002_L2T_LSTE_28970_006_12SVB_20230815T214920_0712_02_QC.tif,2026-06-09,sha256:12da886e31ba400ed07f601c2fa226466f982f1f5d738c2d895b41802e7c2988
https://data.lpdaac.earthdatacloud.nasa.gov/lp-prod-protected/ECO_L2T_LSTE.002/ECOv002_L2T_LSTE_28970_006_12SVB_20230815T214920_0712_02/ECOv002_L2T_LSTE_28970_006_12SVB_20230815T214920_0712_02_LST.tif,ECO_L2T_LSTE.002,ECOv002_L2T_LSTE_28970_006_12SVB_20230815T214920_0712_02_LST.tif,2026-06-09,sha256:78a7241614dcb7ef68a938229cef0c304ab85ab25a926113b6c748283ecbac7a
https://data.lpdaac.earthdatacloud.nasa.gov/lp-prod-protected/ECO_L2T_LSTE.002/ECOv002_L2T_LSTE_28996_004_12SUB_20230817T134037_0710_01/ECOv002_L2T_LSTE_28996_004_12SUB_20230817T134037_0710_01_water.tif,ECO_L2T_LSTE.002,ECOv002_L2T_LSTE_28996_004_12SUB_20230817T134037_0710_01_water.tif,2026-06-09,sha256:6629ac34c4fffa6f7cda43c49c613fdc4c89d40a788aeefe2d63cdae36ffd8e9
https://data.lpdaac.earthdatacloud.nasa.gov/lp-prod-protected/ECO_L2T_LSTE.002/ECOv002_L2T_LSTE_28996_004_12SUB_20230817T134037_0710_01/ECOv002_L2T_LSTE_28996_004_12SUB_20230817T134037_0710_01_cloud.tif,ECO_L2T_LSTE.002,ECOv002_L2T_LSTE_28996_004_12SUB_20230817T134037_0710_01_cloud.tif,2026-06-09,sha256:41a019752fe3c1920d76adb002e1e5b9e3036ea34b6202a07fcf2350bd372e37
https://data.lpdaac.earthdatacloud.nasa.gov/lp-prod-protected/ECO_L2T_LSTE.002/ECOv002_L2T_LSTE_28996_004_12SUB_20230817T134037_0710_01/ECOv002_L2T_LSTE_28996_004_12SUB_20230817T134037_0710_01_height.tif,ECO_L2T_LSTE.002,ECOv002_L2T_LSTE_28996_004_12SUB_20230817T134037_0710_01_height.tif,2026-06-09,sha256:6bbe83282ed17cce2f1526a061398c56e134fde14e917ed2da1662e37d0aeffa
https://data.lpdaac.earthdatacloud.nasa.gov/lp-prod-protected/ECO_L2T_LSTE.002/ECOv002_L2T_LSTE_28996_004_12SUB_20230817T134037_0710_01/ECOv002_L2T_LSTE_28996_004_12SUB_20230817T134037_0710_01_LST.tif,ECO_L2T_LSTE.002,ECOv002_L2T_LSTE_28996_004_12SUB_20230817T134037_0710_01_LST.tif,2026-06-09,sha256:0bd5a074c2b817fa3eb8bd0d6590aa227c42f0229bb152a99692e754b46cdbeb
https://data.lpdaac.earthdatacloud.nasa.gov/lp-prod-protected/ECO_L2T_LSTE.002/ECOv002_L2T_LSTE_28996_004_12SUB_20230817T134037_0710_01/ECOv002_L2T_LSTE_28996_004_12SUB_20230817T134037_0710_01_QC.tif,ECO_L2T_LSTE.002,ECOv002_L2T_LSTE_28996_004_12SUB_20230817T134037_0710_01_QC.tif,2026-06-09,sha256:cde788621ebe7ea5b3b772dbf3bbe2674acd678e626c70ddf3b20d5862d72589
https://data.lpdaac.earthdatacloud.nasa.gov/lp-prod-protected/ECO_L2T_LSTE.002/ECOv002_L2T_LSTE_28996_004_12SUB_20230817T134037_0712_02/ECOv002_L2T_LSTE_28996_004_12SUB_20230817T134037_0712_02_water.tif,ECO_L2T_LSTE.002,ECOv002_L2T_LSTE_28996_004_12SUB_20230817T134037_0712_02_water.tif,2026-06-09,sha256:d483100a33199c74f69082d55a9c2d5c24e0c3ce038e9ab6353121cfdc2bbb82
https://data.lpdaac.earthdatacloud.nasa.gov/lp-prod-protected/ECO_L2T_LSTE.002/ECOv002_L2T_LSTE_28996_004_12SUB_20230817T134037_0712_02/ECOv002_L2T_LSTE_28996_004_12SUB_20230817T134037_0712_02_cloud.tif,ECO_L2T_LSTE.002,ECOv002_L2T_LSTE_28996_004_12SUB_20230817T134037_0712_02_cloud.tif,2026-06-09,sha256:36113d7366e88be8357155b039c9720705cedcb568f919f8ad17c76d0053f579
https://data.lpdaac.earthdatacloud.nasa.gov/lp-prod-protected/ECO_L2T_LSTE.002/ECOv002_L2T_LSTE_28996_004_12SUB_20230817T134037_0712_02/ECOv002_L2T_LSTE_28996_004_12SUB_20230817T134037_0712_02_height.tif,ECO_L2T_LSTE.002,ECOv002_L2T_LSTE_28996_004_12SUB_20230817T134037_0712_02_height.tif,2026-06-09,sha256:f51d84b7f6476b89ce6358f8d428abcf247f7ab3f676e8ee3bdbde5c01301b11
https://data.lpdaac.earthdatacloud.nasa.gov/lp-prod-protected/ECO_L2T_LSTE.002/ECOv002_L2T_LSTE_28996_004_12SUB_20230817T134037_0712_02/ECOv002_L2T_LSTE_28996_004_12SUB_20230817T134037_0712_02_QC.tif,ECO_L2T_LSTE.002,ECOv002_L2T_LSTE_28996_004_12SUB_20230817T134037_0712_02_QC.tif,2026-06-09,sha256:98db67c637fc612b8f2ecc9139ccc377d0efc4eeba243d4e6b9ec933488f8a10
https://data.lpdaac.earthdatacloud.nasa.gov/lp-prod-protected/ECO_L2T_LSTE.002/ECOv002_L2T_LSTE_28996_004_12SUB_20230817T134037_0712_02/ECOv002_L2T_LSTE_28996_004_12SUB_20230817T134037_0712_02_LST.tif,ECO_L2T_LSTE.002,ECOv002_L2T_LSTE_28996_004_12SUB_20230817T134037_0712_02_LST.tif,2026-06-09,sha256:aa6914b001c2964f2b52bd26fe129b93101cac4f73eab75a961c53c3ed397ea2
https://data.lpdaac.earthdatacloud.nasa.gov/lp-prod-protected/ECO_L2T_LSTE.002/ECOv002_L2T_LSTE_28996_005_12SVB_20230817T134129_0710_01/ECOv002_L2T_LSTE_28996_005_12SVB_20230817T134129_0710_01_water.tif,ECO_L2T_LSTE.002,ECOv002_L2T_LSTE_28996_005_12SVB_20230817T134129_0710_01_water.tif,2026-06-09,sha256:5330bdd59b721b9812d2cfacc468382dac52d2fcd60ace86d0589db82a6d4135
https://data.lpdaac.earthdatacloud.nasa.gov/lp-prod-protected/ECO_L2T_LSTE.002/ECOv002_L2T_LSTE_28996_005_12SVB_20230817T134129_0710_01/ECOv002_L2T_LSTE_28996_005_12SVB_20230817T134129_0710_01_cloud.tif,ECO_L2T_LSTE.002,ECOv002_L2T_LSTE_28996_005_12SVB_20230817T134129_0710_01_cloud.tif,2026-06-09,sha256:30e3ab9931341fd7267065ea67b4b8e406b2a01764e09bab2799f6a1e3b3869f
https://data.lpdaac.earthdatacloud.nasa.gov/lp-prod-protected/ECO_L2T_LSTE.002/ECOv002_L2T_LSTE_28996_005_12SVB_20230817T134129_0710_01/ECOv002_L2T_LSTE_28996_005_12SVB_20230817T134129_0710_01_LST.tif,ECO_L2T_LSTE.002,ECOv002_L2T_LSTE_28996_005_12SVB_20230817T134129_0710_01_LST.tif,2026-06-09,sha256:8fa9e3932cc7afbb48ac7c68f5688ada6def24cab9e6d6d4331895b2a5bbbc45
https://data.lpdaac.earthdatacloud.nasa.gov/lp-prod-protected/ECO_L2T_LSTE.002/ECOv002_L2T_LSTE_28996_005_12SVB_20230817T134129_0710_01/ECOv002_L2T_LSTE_28996_005_12SVB_20230817T134129_0710_01_height.tif,ECO_L2T_LSTE.002,ECOv002_L2T_LSTE_28996_005_12SVB_20230817T134129_0710_01_height.tif,2026-06-09,sha256:c64dfd1fbd7b3f8e753e02234d3e218338dc17bccef240663d6760b400e70e8d
https://data.lpdaac.earthdatacloud.nasa.gov/lp-prod-protected/ECO_L2T_LSTE.002/ECOv002_L2T_LSTE_28996_005_12SVB_20230817T134129_0710_01/ECOv002_L2T_LSTE_28996_005_12SVB_20230817T134129_0710_01_QC.tif,ECO_L2T_LSTE.002,ECOv002_L2T_LSTE_28996_005_12SVB_20230817T134129_0710_01_QC.tif,2026-06-09,sha256:d35a647f18ed35ed704b24bf322252b52474f1f281954081336baf444bd82aa7
https://data.lpdaac.earthdatacloud.nasa.gov/lp-prod-protected/ECO_L2T_LSTE.002/ECOv002_L2T_LSTE_28996_005_12SUB_20230817T134129_0710_01/ECOv002_L2T_LSTE_28996_005_12SUB_20230817T134129_0710_01_water.tif,ECO_L2T_LSTE.002,ECOv002_L2T_LSTE_28996_005_12SUB_20230817T134129_0710_01_water.tif,2026-06-09,sha256:ffad0a107d611e29ecd76182a7b4ada67410d123020c89a0435a975769ef2687
https://data.lpdaac.earthdatacloud.nasa.gov/lp-prod-protected/ECO_L2T_LSTE.002/ECOv002_L2T_LSTE_28996_005_12SUB_20230817T134129_0710_01/ECOv002_L2T_LSTE_28996_005_12SUB_20230817T134129_0710_01_cloud.tif,ECO_L2T_LSTE.002,ECOv002_L2T_LSTE_28996_005_12SUB_20230817T134129_0710_01_cloud.tif,2026-06-09,sha256:bd027eebea4314cee29f4771ea31d9bd25e0f9618c8cb962e3eb6eb8fec9617b
https://data.lpdaac.earthdatacloud.nasa.gov/lp-prod-protected/ECO_L2T_LSTE.002/ECOv002_L2T_LSTE_28996_005_12SUB_20230817T134129_0710_01/ECOv002_L2T_LSTE_28996_005_12SUB_20230817T134129_0710_01_height.tif,ECO_L2T_LSTE.002,ECOv002_L2T_LSTE_28996_005_12SUB_20230817T134129_0710_01_height.tif,2026-06-09,sha256:7532921a4aa2808f9df62c78d5c9b999eb19c30a511c7ba58f305e9813a593cd
https://data.lpdaac.earthdatacloud.nasa.gov/lp-prod-protected/ECO_L2T_LSTE.002/ECOv002_L2T_LSTE_28996_005_12SUB_20230817T134129_0710_01/ECOv002_L2T_LSTE_28996_005_12SUB_20230817T134129_0710_01_LST.tif,ECO_L2T_LSTE.002,ECOv002_L2T_LSTE_28996_005_12SUB_20230817T134129_0710_01_LST.tif,2026-06-09,sha256:96c155aef0a5f183566c00f0bcd990e3e6dfe5b283ef488df946cc5942de23db
https://data.lpdaac.earthdatacloud.nasa.gov/lp-prod-protected/ECO_L2T_LSTE.002/ECOv002_L2T_LSTE_28996_005_12SUB_20230817T134129_0710_01/ECOv002_L2T_LSTE_28996_005_12SUB_20230817T134129_0710_01_QC.tif,ECO_L2T_LSTE.002,ECOv002_L2T_LSTE_28996_005_12SUB_20230817T134129_0710_01_QC.tif,2026-06-09,sha256:704f7c44c7fee7c33d656752031e7ecebd7703d8ddfed7726340fd4378d526e2
https://data.lpdaac.earthdatacloud.nasa.gov/lp-prod-protected/ECO_L2T_LSTE.002/ECOv002_L2T_LSTE_28996_005_12SUC_20230817T134129_0710_01/ECOv002_L2T_LSTE_28996_005_12SUC_20230817T134129_0710_01_water.tif,ECO_L2T_LSTE.002,ECOv002_L2T_LSTE_28996_005_12SUC_20230817T134129_0710_01_water.tif,2026-06-09,sha256:336170318f7f33c3e74157e4f92ad416145330887f4fe7a09cb32071a642cc0c
https://data.lpdaac.earthdatacloud.nasa.gov/lp-prod-protected/ECO_L2T_LSTE.002/ECOv002_L2T_LSTE_28996_005_12SUC_20230817T134129_0710_01/ECOv002_L2T_LSTE_28996_005_12SUC_20230817T134129_0710_01_cloud.tif,ECO_L2T_LSTE.002,ECOv002_L2T_LSTE_28996_005_12SUC_20230817T134129_0710_01_cloud.tif,2026-06-09,sha256:756b5f7897e08f5f1b38a9d538b89dd01c68e139b7d8c105f8123e49537cc7f2
https://data.lpdaac.earthdatacloud.nasa.gov/lp-prod-protected/ECO_L2T_LSTE.002/ECOv002_L2T_LSTE_28996_005_12SUC_20230817T134129_0710_01/ECOv002_L2T_LSTE_28996_005_12SUC_20230817T134129_0710_01_QC.tif,ECO_L2T_LSTE.002,ECOv002_L2T_LSTE_28996_005_12SUC_20230817T134129_0710_01_QC.tif,2026-06-09,sha256:ad4b9048a9c308ba6ad0587438011f6d602e1ac0e86de0e47996a2fcdb73f562
https://data.lpdaac.earthdatacloud.nasa.gov/lp-prod-protected/ECO_L2T_LSTE.002/ECOv002_L2T_LSTE_28996_005_12SUC_20230817T134129_0710_01/ECOv002_L2T_LSTE_28996_005_12SUC_20230817T134129_0710_01_height.tif,ECO_L2T_LSTE.002,ECOv002_L2T_LSTE_28996_005_12SUC_20230817T134129_0710_01_height.tif,2026-06-09,sha256:6160aedc77877e8efd073a530ae9456374452c580b7cb8e96f61fb54effac67e
https://data.lpdaac.earthdatacloud.nasa.gov/lp-prod-protected/ECO_L2T_LSTE.002/ECOv002_L2T_LSTE_28996_005_12SUC_20230817T134129_0710_01/ECOv002_L2T_LSTE_28996_005_12SUC_20230817T134129_0710_01_LST.tif,ECO_L2T_LSTE.002,ECOv002_L2T_LSTE_28996_005_12SUC_20230817T134129_0710_01_LST.tif,2026-06-09,sha256:a88ff113ba4af5afe77262a4af110407a1743b8663efb74fd25d736b2301e37e
https://data.lpdaac.earthdatacloud.nasa.gov/lp-prod-protected/ECO_L2T_LSTE.002/ECOv002_L2T_LSTE_28996_005_12SUB_20230817T134129_0712_02/ECOv002_L2T_LSTE_28996_005_12SUB_20230817T134129_0712_02_water.tif,ECO_L2T_LSTE.002,ECOv002_L2T_LSTE_28996_005_12SUB_20230817T134129_0712_02_water.tif,2026-06-09,sha256:977bfd350542816060d903deb1ea1b4bb92a48447849a57dd6972e9665899af4
https://data.lpdaac.earthdatacloud.nasa.gov/lp-prod-protected/ECO_L2T_LSTE.002/ECOv002_L2T_LSTE_28996_005_12SUB_20230817T134129_0712_02/ECOv002_L2T_LSTE_28996_005_12SUB_20230817T134129_0712_02_cloud.tif,ECO_L2T_LSTE.002,ECOv002_L2T_LSTE_28996_005_12SUB_20230817T134129_0712_02_cloud.tif,2026-06-09,sha256:fa87cec6353813e26c59654f300cfee794cc70ba872b49eb733cb92475f2c977
https://data.lpdaac.earthdatacloud.nasa.gov/lp-prod-protected/ECO_L2T_LSTE.002/ECOv002_L2T_LSTE_28996_005_12SUB_20230817T134129_0712_02/ECOv002_L2T_LSTE_28996_005_12SUB_20230817T134129_0712_02_height.tif,ECO_L2T_LSTE.002,ECOv002_L2T_LSTE_28996_005_12SUB_20230817T134129_0712_02_height.tif,2026-06-09,sha256:7884845a40f0caf4851328bf84c2d4638fa8b736aee7c7927b63833b75451438
https://data.lpdaac.earthdatacloud.nasa.gov/lp-prod-protected/ECO_L2T_LSTE.002/ECOv002_L2T_LSTE_28996_005_12SUB_20230817T134129_0712_02/ECOv002_L2T_LSTE_28996_005_12SUB_20230817T134129_0712_02_QC.tif,ECO_L2T_LSTE.002,ECOv002_L2T_LSTE_28996_005_12SUB_20230817T134129_0712_02_QC.tif,2026-06-09,sha256:396fc4cfbd50a45ba075075e22281026f53c424d42d04fc942f66667ef5ca247
https://data.lpdaac.earthdatacloud.nasa.gov/lp-prod-protected/ECO_L2T_LSTE.002/ECOv002_L2T_LSTE_28996_005_12SUB_20230817T134129_0712_02/ECOv002_L2T_LSTE_28996_005_12SUB_20230817T134129_0712_02_LST.tif,ECO_L2T_LSTE.002,ECOv002_L2T_LSTE_28996_005_12SUB_20230817T134129_0712_02_LST.tif,2026-06-09,sha256:18ed1222342eab57484c330635f93dc28d9b4489a3457af639c76167413a7840
https://data.lpdaac.earthdatacloud.nasa.gov/lp-prod-protected/ECO_L2T_LSTE.002/ECOv002_L2T_LSTE_28996_005_12SUC_20230817T134129_0712_02/ECOv002_L2T_LSTE_28996_005_12SUC_20230817T134129_0712_02_water.tif,ECO_L2T_LSTE.002,ECOv002_L2T_LSTE_28996_005_12SUC_20230817T134129_0712_02_water.tif,2026-06-09,sha256:435bef80e7a472a69e865793d10c8d836daef3de31ae28288bf05e00b1b3d2a1
https://data.lpdaac.earthdatacloud.nasa.gov/lp-prod-protected/ECO_L2T_LSTE.002/ECOv002_L2T_LSTE_28996_005_12SUC_20230817T134129_0712_02/ECOv002_L2T_LSTE_28996_005_12SUC_20230817T134129_0712_02_cloud.tif,ECO_L2T_LSTE.002,ECOv002_L2T_LSTE_28996_005_12SUC_20230817T134129_0712_02_cloud.tif,2026-06-09,sha256:0036bedc6f66b98c7d6750fb2c59cd910a82c2382e6a3f10e039d4573ce1106c
https://data.lpdaac.earthdatacloud.nasa.gov/lp-prod-protected/ECO_L2T_LSTE.002/ECOv002_L2T_LSTE_28996_005_12SUC_20230817T134129_0712_02/ECOv002_L2T_LSTE_28996_005_12SUC_20230817T134129_0712_02_height.tif,ECO_L2T_LSTE.002,ECOv002_L2T_LSTE_28996_005_12SUC_20230817T134129_0712_02_height.tif,2026-06-09,sha256:d71103b3a583e5672187dd41b43418f9e543ac3288248ae45d1def05038cecf1
https://data.lpdaac.earthdatacloud.nasa.gov/lp-prod-protected/ECO_L2T_LSTE.002/ECOv002_L2T_LSTE_28996_005_12SUC_20230817T134129_0712_02/ECOv002_L2T_LSTE_28996_005_12SUC_20230817T134129_0712_02_QC.tif,ECO_L2T_LSTE.002,ECOv002_L2T_LSTE_28996_005_12SUC_20230817T134129_0712_02_QC.tif,2026-06-09,sha256:dda2b99dee87bd3381672dc7caf75491644d7d635269e3aa82dbac04f23b52d5
https://data.lpdaac.earthdatacloud.nasa.gov/lp-prod-protected/ECO_L2T_LSTE.002/ECOv002_L2T_LSTE_28996_005_12SUC_20230817T134129_0712_02/ECOv002_L2T_LSTE_28996_005_12SUC_20230817T134129_0712_02_LST.tif,ECO_L2T_LSTE.002,ECOv002_L2T_LSTE_28996_005_12SUC_20230817T134129_0712_02_LST.tif,2026-06-09,sha256:56297bf4223d54279218b15e206b96d1dc4d5c3e7b137f10634f0fb7f5b47cd1
https://data.lpdaac.earthdatacloud.nasa.gov/lp-prod-protected/ECO_L2T_LSTE.002/ECOv002_L2T_LSTE_28996_005_12SVB_20230817T134129_0712_02/ECOv002_L2T_LSTE_28996_005_12SVB_20230817T134129_0712_02_water.tif,ECO_L2T_LSTE.002,ECOv002_L2T_LSTE_28996_005_12SVB_20230817T134129_0712_02_water.tif,2026-06-09,sha256:5330bdd59b721b9812d2cfacc468382dac52d2fcd60ace86d0589db82a6d4135
https://data.lpdaac.earthdatacloud.nasa.gov/lp-prod-protected/ECO_L2T_LSTE.002/ECOv002_L2T_LSTE_28996_005_12SVB_20230817T134129_0712_02/ECOv002_L2T_LSTE_28996_005_12SVB_20230817T134129_0712_02_cloud.tif,ECO_L2T_LSTE.002,ECOv002_L2T_LSTE_28996_005_12SVB_20230817T134129_0712_02_cloud.tif,2026-06-09,sha256:bd2428529a10d3a8aa92ddbbb7fc966553093b28883bfd2b9c1aea9da76adfe8
https://data.lpdaac.earthdatacloud.nasa.gov/lp-prod-protected/ECO_L2T_LSTE.002/ECOv002_L2T_LSTE_28996_005_12SVB_20230817T134129_0712_02/ECOv002_L2T_LSTE_28996_005_12SVB_20230817T134129_0712_02_height.tif,ECO_L2T_LSTE.002,ECOv002_L2T_LSTE_28996_005_12SVB_20230817T134129_0712_02_height.tif,2026-06-09,sha256:1603118cc35adbdea2bee697395d78a88c0afa2f84f01475e27a6676437ef377
https://data.lpdaac.earthdatacloud.nasa.gov/lp-prod-protected/ECO_L2T_LSTE.002/ECOv002_L2T_LSTE_28996_005_12SVB_20230817T134129_0712_02/ECOv002_L2T_LSTE_28996_005_12SVB_20230817T134129_0712_02_QC.tif,ECO_L2T_LSTE.002,ECOv002_L2T_LSTE_28996_005_12SVB_20230817T134129_0712_02_QC.tif,2026-06-09,sha256:c89f4829808c45c1cc1a5a6514c175f5ab516b0ff829f590668d1f72df12804f
https://data.lpdaac.earthdatacloud.nasa.gov/lp-prod-protected/ECO_L2T_LSTE.002/ECOv002_L2T_LSTE_28996_005_12SVB_20230817T134129_0712_02/ECOv002_L2T_LSTE_28996_005_12SVB_20230817T134129_0712_02_LST.tif,ECO_L2T_LSTE.002,ECOv002_L2T_LSTE_28996_005_12SVB_20230817T134129_0712_02_LST.tif,2026-06-09,sha256:0d9e005d7a1199f949d93a17d6398f8b60261e7c7ede82d79cb3e8921ae84671
https://data.lpdaac.earthdatacloud.nasa.gov/lp-prod-protected/ECO_L2T_LSTE.002/ECOv002_L2T_LSTE_28996_005_12SVC_20230817T134129_0712_02/ECOv002_L2T_LSTE_28996_005_12SVC_20230817T134129_0712_02_water.tif,ECO_L2T_LSTE.002,ECOv002_L2T_LSTE_28996_005_12SVC_20230817T134129_0712_02_water.tif,2026-06-09,sha256:24f9cb65c5487b8c4f6a5c03561e059c29d7714659e3e22139da7674705b12bf
https://data.lpdaac.earthdatacloud.nasa.gov/lp-prod-protected/ECO_L2T_LSTE.002/ECOv002_L2T_LSTE_28996_005_12SVC_20230817T134129_0712_02/ECOv002_L2T_LSTE_28996_005_12SVC_20230817T134129_0712_02_cloud.tif,ECO_L2T_LSTE.002,ECOv002_L2T_LSTE_28996_005_12SVC_20230817T134129_0712_02_cloud.tif,2026-06-09,sha256:55d6105fab3091b71260eeb82caaf226ba1daf396ecc24333f9f79bbc6f80118
https://data.lpdaac.earthdatacloud.nasa.gov/lp-prod-protected/ECO_L2T_LSTE.002/ECOv002_L2T_LSTE_28996_005_12SVC_20230817T134129_0712_02/ECOv002_L2T_LSTE_28996_005_12SVC_20230817T134129_0712_02_height.tif,ECO_L2T_LSTE.002,ECOv002_L2T_LSTE_28996_005_12SVC_20230817T134129_0712_02_height.tif,2026-06-09,sha256:1cf9f594ae56122ec7528f102aa88033fc30fbe63983826bc66b25903b22a538
https://data.lpdaac.earthdatacloud.nasa.gov/lp-prod-protected/ECO_L2T_LSTE.002/ECOv002_L2T_LSTE_28996_005_12SVC_20230817T134129_0712_02/ECOv002_L2T_LSTE_28996_005_12SVC_20230817T134129_0712_02_QC.tif,ECO_L2T_LSTE.002,ECOv002_L2T_LSTE_28996_005_12SVC_20230817T134129_0712_02_QC.tif,2026-06-09,sha256:2d6619afb755f8becdc4e4cde96f6e11a6dc457e9d49ee23d979e7ce1025ab70
https://data.lpdaac.earthdatacloud.nasa.gov/lp-prod-protected/ECO_L2T_LSTE.002/ECOv002_L2T_LSTE_28996_005_12SVC_20230817T134129_0712_02/ECOv002_L2T_LSTE_28996_005_12SVC_20230817T134129_0712_02_LST.tif,ECO_L2T_LSTE.002,ECOv002_L2T_LSTE_28996_005_12SVC_20230817T134129_0712_02_LST.tif,2026-06-09,sha256:c2cb0902bcd133e4d34351a49bbe886316971c3727afe5a549635ff4574779ae
https://data.lpdaac.earthdatacloud.nasa.gov/lp-prod-protected/ECO_L2T_LSTE.002/ECOv002_L2T_LSTE_29011_004_12SVB_20230818T125302_0710_01/ECOv002_L2T_LSTE_29011_004_12SVB_20230818T125302_0710_01_water.tif,ECO_L2T_LSTE.002,ECOv002_L2T_LSTE_29011_004_12SVB_20230818T125302_0710_01_water.tif,2026-06-09,sha256:bcdb14e6cf6be338a8844708102201fb5224563979de31d31ddd14028446857f
https://data.lpdaac.earthdatacloud.nasa.gov/lp-prod-protected/ECO_L2T_LSTE.002/ECOv002_L2T_LSTE_29011_004_12SVB_20230818T125302_0710_01/ECOv002_L2T_LSTE_29011_004_12SVB_20230818T125302_0710_01_cloud.tif,ECO_L2T_LSTE.002,ECOv002_L2T_LSTE_29011_004_12SVB_20230818T125302_0710_01_cloud.tif,2026-06-09,sha256:9b1e70e5ddb02ef86ffb33cb1cd9ff1e40c1e35bdfdfd3a91e006bd4b522945f
https://data.lpdaac.earthdatacloud.nasa.gov/lp-prod-protected/ECO_L2T_LSTE.002/ECOv002_L2T_LSTE_29011_004_12SVB_20230818T125302_0710_01/ECOv002_L2T_LSTE_29011_004_12SVB_20230818T125302_0710_01_QC.tif,ECO_L2T_LSTE.002,ECOv002_L2T_LSTE_29011_004_12SVB_20230818T125302_0710_01_QC.tif,2026-06-09,sha256:faf2d7012feabb632b6bdc8190168a1655e810e5945017f18bb8d6ddb759a364
https://data.lpdaac.earthdatacloud.nasa.gov/lp-prod-protected/ECO_L2T_LSTE.002/ECOv002_L2T_LSTE_29011_004_12SVB_20230818T125302_0710_01/ECOv002_L2T_LSTE_29011_004_12SVB_20230818T125302_0710_01_height.tif,ECO_L2T_LSTE.002,ECOv002_L2T_LSTE_29011_004_12SVB_20230818T125302_0710_01_height.tif,2026-06-09,sha256:56884396fde440c6f16cecf463247d74dd32f3fd678950806509186246983812
https://data.lpdaac.earthdatacloud.nasa.gov/lp-prod-protected/ECO_L2T_LSTE.002/ECOv002_L2T_LSTE_29011_004_12SVB_20230818T125302_0710_01/ECOv002_L2T_LSTE_29011_004_12SVB_20230818T125302_0710_01_LST.tif,ECO_L2T_LSTE.002,ECOv002_L2T_LSTE_29011_004_12SVB_20230818T125302_0710_01_LST.tif,2026-06-09,sha256:5eb86d8d7e26d513e071bf91471a961b4aef05982ef7545c06875a6181affb86
https://data.lpdaac.earthdatacloud.nasa.gov/lp-prod-protected/ECO_L2T_LSTE.002/ECOv002_L2T_LSTE_29011_004_12SUB_20230818T125302_0710_01/ECOv002_L2T_LSTE_29011_004_12SUB_20230818T125302_0710_01_water.tif,ECO_L2T_LSTE.002,ECOv002_L2T_LSTE_29011_004_12SUB_20230818T125302_0710_01_water.tif,2026-06-09,sha256:348f51926a952046090051fd5e0aa2d066eb5d43644ab6f95cafb76a33ec9217
https://data.lpdaac.earthdatacloud.nasa.gov/lp-prod-protected/ECO_L2T_LSTE.002/ECOv002_L2T_LSTE_29011_004_12SUB_20230818T125302_0710_01/ECOv002_L2T_LSTE_29011_004_12SUB_20230818T125302_0710_01_cloud.tif,ECO_L2T_LSTE.002,ECOv002_L2T_LSTE_29011_004_12SUB_20230818T125302_0710_01_cloud.tif,2026-06-09,sha256:65a2c847fc017903f6666c4d13b81b16479a5a150b452f7e47fde4f1b0e27ea2
https://data.lpdaac.earthdatacloud.nasa.gov/lp-prod-protected/ECO_L2T_LSTE.002/ECOv002_L2T_LSTE_29011_004_12SUB_20230818T125302_0710_01/ECOv002_L2T_LSTE_29011_004_12SUB_20230818T125302_0710_01_QC.tif,ECO_L2T_LSTE.002,ECOv002_L2T_LSTE_29011_004_12SUB_20230818T125302_0710_01_QC.tif,2026-06-09,sha256:ae54117db649d6742ec8bdd12790bd04420baa71c181be877e8dcbe221ee0379
https://data.lpdaac.earthdatacloud.nasa.gov/lp-prod-protected/ECO_L2T_LSTE.002/ECOv002_L2T_LSTE_29011_004_12SUB_20230818T125302_0710_01/ECOv002_L2T_LSTE_29011_004_12SUB_20230818T125302_0710_01_height.tif,ECO_L2T_LSTE.002,ECOv002_L2T_LSTE_29011_004_12SUB_20230818T125302_0710_01_height.tif,2026-06-09,sha256:f1cd7547bf412e3cd2a8b9f295ecc3bb0ec0587955d1a523d0bc91e3b58cb13f
https://data.lpdaac.earthdatacloud.nasa.gov/lp-prod-protected/ECO_L2T_LSTE.002/ECOv002_L2T_LSTE_29011_004_12SUB_20230818T125302_0710_01/ECOv002_L2T_LSTE_29011_004_12SUB_20230818T125302_0710_01_LST.tif,ECO_L2T_LSTE.002,ECOv002_L2T_LSTE_29011_004_12SUB_20230818T125302_0710_01_LST.tif,2026-06-09,sha256:2fa837719effb837869a1b57ab8003ac0a3700df2cfd3b670ae647ed2acf4ee4
https://data.lpdaac.earthdatacloud.nasa.gov/lp-prod-protected/ECO_L2T_LSTE.002/ECOv002_L2T_LSTE_29011_004_12SUB_20230818T125302_0712_02/ECOv002_L2T_LSTE_29011_004_12SUB_20230818T125302_0712_02_water.tif,ECO_L2T_LSTE.002,ECOv002_L2T_LSTE_29011_004_12SUB_20230818T125302_0712_02_water.tif,2026-06-09,sha256:a33c58cf1bd6335287c7edcbbc682dbbc09933adfec70aa33e9b8bb43b443b00
https://data.lpdaac.earthdatacloud.nasa.gov/lp-prod-protected/ECO_L2T_LSTE.002/ECOv002_L2T_LSTE_29011_004_12SUB_20230818T125302_0712_02/ECOv002_L2T_LSTE_29011_004_12SUB_20230818T125302_0712_02_cloud.tif,ECO_L2T_LSTE.002,ECOv002_L2T_LSTE_29011_004_12SUB_20230818T125302_0712_02_cloud.tif,2026-06-09,sha256:a2ac1e1ea54390fc6f9a1a9bb4c8d5461760246c3bff75400b00f1f8f150ed6f
https://data.lpdaac.earthdatacloud.nasa.gov/lp-prod-protected/ECO_L2T_LSTE.002/ECOv002_L2T_LSTE_29011_004_12SUB_20230818T125302_0712_02/ECOv002_L2T_LSTE_29011_004_12SUB_20230818T125302_0712_02_height.tif,ECO_L2T_LSTE.002,ECOv002_L2T_LSTE_29011_004_12SUB_20230818T125302_0712_02_height.tif,2026-06-09,sha256:2a4c039b14b86fe7c7a09e906c99258515530fa84e135c8adf3926d990ae5ae5
https://data.lpdaac.earthdatacloud.nasa.gov/lp-prod-protected/ECO_L2T_LSTE.002/ECOv002_L2T_LSTE_29011_004_12SUB_20230818T125302_0712_02/ECOv002_L2T_LSTE_29011_004_12SUB_20230818T125302_0712_02_QC.tif,ECO_L2T_LSTE.002,ECOv002_L2T_LSTE_29011_004_12SUB_20230818T125302_0712_02_QC.tif,2026-06-09,sha256:9379bf15974aea6ba3e7568458ab16c809e1cd31a544bdb9e5a8cc5342690e82
https://data.lpdaac.earthdatacloud.nasa.gov/lp-prod-protected/ECO_L2T_LSTE.002/ECOv002_L2T_LSTE_29011_004_12SUB_20230818T125302_0712_02/ECOv002_L2T_LSTE_29011_004_12SUB_20230818T125302_0712_02_LST.tif,ECO_L2T_LSTE.002,ECOv002_L2T_LSTE_29011_004_12SUB_20230818T125302_0712_02_LST.tif,2026-06-09,sha256:cc159f125e96636c6ba8e23d4a4497c8c1b375d2abd05bd3312310e8d5f40666
https://data.lpdaac.earthdatacloud.nasa.gov/lp-prod-protected/ECO_L2T_LSTE.002/ECOv002_L2T_LSTE_29011_004_12SVB_20230818T125302_0712_02/ECOv002_L2T_LSTE_29011_004_12SVB_20230818T125302_0712_02_water.tif,ECO_L2T_LSTE.002,ECOv002_L2T_LSTE_29011_004_12SVB_20230818T125302_0712_02_water.tif,2026-06-09,sha256:2e3c98934cf3ee33b98ba46dab44d2ccebf0881907d6fa3ac83f8cdc87455f9b
https://data.lpdaac.earthdatacloud.nasa.gov/lp-prod-protected/ECO_L2T_LSTE.002/ECOv002_L2T_LSTE_29011_004_12SVB_20230818T125302_0712_02/ECOv002_L2T_LSTE_29011_004_12SVB_20230818T125302_0712_02_cloud.tif,ECO_L2T_LSTE.002,ECOv002_L2T_LSTE_29011_004_12SVB_20230818T125302_0712_02_cloud.tif,2026-06-09,sha256:b2f6676b3c94d3c907b5f6a4a72318943fcbd12c71ec05d1fb3068808570dde2
https://data.lpdaac.earthdatacloud.nasa.gov/lp-prod-protected/ECO_L2T_LSTE.002/ECOv002_L2T_LSTE_29011_004_12SVB_20230818T125302_0712_02/ECOv002_L2T_LSTE_29011_004_12SVB_20230818T125302_0712_02_height.tif,ECO_L2T_LSTE.002,ECOv002_L2T_LSTE_29011_004_12SVB_20230818T125302_0712_02_height.tif,2026-06-09,sha256:307446eec81d0e844ea3bdd403050a39ae6335b9ebfed7d16b9da78aaea81ec4
https://data.lpdaac.earthdatacloud.nasa.gov/lp-prod-protected/ECO_L2T_LSTE.002/ECOv002_L2T_LSTE_29011_004_12SVB_20230818T125302_0712_02/ECOv002_L2T_LSTE_29011_004_12SVB_20230818T125302_0712_02_QC.tif,ECO_L2T_LSTE.002,ECOv002_L2T_LSTE_29011_004_12SVB_20230818T125302_0712_02_QC.tif,2026-06-09,sha256:07118b8db1e9a39a31bb47d66d0034637cd44eabc1988ab108f45b99b19b68a2
https://data.lpdaac.earthdatacloud.nasa.gov/lp-prod-protected/ECO_L2T_LSTE.002/ECOv002_L2T_LSTE_29011_004_12SVB_20230818T125302_0712_02/ECOv002_L2T_LSTE_29011_004_12SVB_20230818T125302_0712_02_LST.tif,ECO_L2T_LSTE.002,ECOv002_L2T_LSTE_29011_004_12SVB_20230818T125302_0712_02_LST.tif,2026-06-09,sha256:3d0d06cf5bb3e4a0b1a59bdf93dd61b98658965198cb5e29f8b0c1aafe1a0a56
https://data.lpdaac.earthdatacloud.nasa.gov/lp-prod-protected/ECO_L2T_LSTE.002/ECOv002_L2T_LSTE_29011_005_12SVC_20230818T125354_0710_01/ECOv002_L2T_LSTE_29011_005_12SVC_20230818T125354_0710_01_water.tif,ECO_L2T_LSTE.002,ECOv002_L2T_LSTE_29011_005_12SVC_20230818T125354_0710_01_water.tif,2026-06-09,sha256:ac136d14bb28d647f079af2281484bc5fc8e941aabfadb619b5a0ceedaffdf56
https://data.lpdaac.earthdatacloud.nasa.gov/lp-prod-protected/ECO_L2T_LSTE.002/ECOv002_L2T_LSTE_29011_005_12SVC_20230818T125354_0710_01/ECOv002_L2T_LSTE_29011_005_12SVC_20230818T125354_0710_01_cloud.tif,ECO_L2T_LSTE.002,ECOv002_L2T_LSTE_29011_005_12SVC_20230818T125354_0710_01_cloud.tif,2026-06-09,sha256:62bc981be86f03957a98df18e2e14014d075c6f9ff11c5fad063bfb99575f615
https://data.lpdaac.earthdatacloud.nasa.gov/lp-prod-protected/ECO_L2T_LSTE.002/ECOv002_L2T_LSTE_29011_005_12SVC_20230818T125354_0710_01/ECOv002_L2T_LSTE_29011_005_12SVC_20230818T125354_0710_01_QC.tif,ECO_L2T_LSTE.002,ECOv002_L2T_LSTE_29011_005_12SVC_20230818T125354_0710_01_QC.tif,2026-06-09,sha256:2c66ad4f40ef8e82fc58a6314b10097fb0d1f61e4148f60cd77cf50bee04618e
https://data.lpdaac.earthdatacloud.nasa.gov/lp-prod-protected/ECO_L2T_LSTE.002/ECOv002_L2T_LSTE_29011_005_12SVC_20230818T125354_0710_01/ECOv002_L2T_LSTE_29011_005_12SVC_20230818T125354_0710_01_height.tif,ECO_L2T_LSTE.002,ECOv002_L2T_LSTE_29011_005_12SVC_20230818T125354_0710_01_height.tif,2026-06-09,sha256:dabb31df88d0e7ec4ad40398c0a1a7c8c31477ee1b58cc08011b3c32262fee84
https://data.lpdaac.earthdatacloud.nasa.gov/lp-prod-protected/ECO_L2T_LSTE.002/ECOv002_L2T_LSTE_29011_005_12SVC_20230818T125354_0710_01/ECOv002_L2T_LSTE_29011_005_12SVC_20230818T125354_0710_01_LST.tif,ECO_L2T_LSTE.002,ECOv002_L2T_LSTE_29011_005_12SVC_20230818T125354_0710_01_LST.tif,2026-06-09,sha256:fa3bb25f0e153f34aca10fbb51e975fae1433b30598dd1eeedcb0355159aad79
https://data.lpdaac.earthdatacloud.nasa.gov/lp-prod-protected/ECO_L2T_LSTE.002/ECOv002_L2T_LSTE_29011_005_12SVB_20230818T125354_0710_01/ECOv002_L2T_LSTE_29011_005_12SVB_20230818T125354_0710_01_water.tif,ECO_L2T_LSTE.002,ECOv002_L2T_LSTE_29011_005_12SVB_20230818T125354_0710_01_water.tif,2026-06-09,sha256:5330bdd59b721b9812d2cfacc468382dac52d2fcd60ace86d0589db82a6d4135
https://data.lpdaac.earthdatacloud.nasa.gov/lp-prod-protected/ECO_L2T_LSTE.002/ECOv002_L2T_LSTE_29011_005_12SVB_20230818T125354_0710_01/ECOv002_L2T_LSTE_29011_005_12SVB_20230818T125354_0710_01_cloud.tif,ECO_L2T_LSTE.002,ECOv002_L2T_LSTE_29011_005_12SVB_20230818T125354_0710_01_cloud.tif,2026-06-09,sha256:cf1f704951ce7cb66439842751930a52c824ad8b93086159995c3691aabef199
https://data.lpdaac.earthdatacloud.nasa.gov/lp-prod-protected/ECO_L2T_LSTE.002/ECOv002_L2T_LSTE_29011_005_12SVB_20230818T125354_0710_01/ECOv002_L2T_LSTE_29011_005_12SVB_20230818T125354_0710_01_QC.tif,ECO_L2T_LSTE.002,ECOv002_L2T_LSTE_29011_005_12SVB_20230818T125354_0710_01_QC.tif,2026-06-09,sha256:92575cfc2b910043c7ea55cad0205fc86a66bb282094850fe9e4ee41909623c9
https://data.lpdaac.earthdatacloud.nasa.gov/lp-prod-protected/ECO_L2T_LSTE.002/ECOv002_L2T_LSTE_29011_005_12SVB_20230818T125354_0710_01/ECOv002_L2T_LSTE_29011_005_12SVB_20230818T125354_0710_01_height.tif,ECO_L2T_LSTE.002,ECOv002_L2T_LSTE_29011_005_12SVB_20230818T125354_0710_01_height.tif,2026-06-09,sha256:bf7d7a4d70745d64c933b27e25d59a5559ec93aeb9b8cd8031f40701e78d3b62
https://data.lpdaac.earthdatacloud.nasa.gov/lp-prod-protected/ECO_L2T_LSTE.002/ECOv002_L2T_LSTE_29011_005_12SVB_20230818T125354_0710_01/ECOv002_L2T_LSTE_29011_005_12SVB_20230818T125354_0710_01_LST.tif,ECO_L2T_LSTE.002,ECOv002_L2T_LSTE_29011_005_12SVB_20230818T125354_0710_01_LST.tif,2026-06-09,sha256:71c82f423f8ec34e8091b919c4fe5af99af0a175fdfd361406cce7915e494d6f
https://data.lpdaac.earthdatacloud.nasa.gov/lp-prod-protected/ECO_L2T_LSTE.002/ECOv002_L2T_LSTE_29011_005_12SVB_20230818T125354_0712_02/ECOv002_L2T_LSTE_29011_005_12SVB_20230818T125354_0712_02_water.tif,ECO_L2T_LSTE.002,ECOv002_L2T_LSTE_29011_005_12SVB_20230818T125354_0712_02_water.tif,2026-06-09,sha256:5330bdd59b721b9812d2cfacc468382dac52d2fcd60ace86d0589db82a6d4135
https://data.lpdaac.earthdatacloud.nasa.gov/lp-prod-protected/ECO_L2T_LSTE.002/ECOv002_L2T_LSTE_29011_005_12SVB_20230818T125354_0712_02/ECOv002_L2T_LSTE_29011_005_12SVB_20230818T125354_0712_02_cloud.tif,ECO_L2T_LSTE.002,ECOv002_L2T_LSTE_29011_005_12SVB_20230818T125354_0712_02_cloud.tif,2026-06-09,sha256:517b308d6e498b241608252a3d00c880c180e986ae0aece5dec04414ae069c7c
https://data.lpdaac.earthdatacloud.nasa.gov/lp-prod-protected/ECO_L2T_LSTE.002/ECOv002_L2T_LSTE_29011_005_12SVB_20230818T125354_0712_02/ECOv002_L2T_LSTE_29011_005_12SVB_20230818T125354_0712_02_height.tif,ECO_L2T_LSTE.002,ECOv002_L2T_LSTE_29011_005_12SVB_20230818T125354_0712_02_height.tif,2026-06-09,sha256:b4320425b77f3f04c2cef931214c886d030be20ef7d71268959a8c63c2528aff
https://data.lpdaac.earthdatacloud.nasa.gov/lp-prod-protected/ECO_L2T_LSTE.002/ECOv002_L2T_LSTE_29011_005_12SVB_20230818T125354_0712_02/ECOv002_L2T_LSTE_29011_005_12SVB_20230818T125354_0712_02_QC.tif,ECO_L2T_LSTE.002,ECOv002_L2T_LSTE_29011_005_12SVB_20230818T125354_0712_02_QC.tif,2026-06-09,sha256:0510e8f7ffd18e3eab194c422a7573be9b30132cbe6fb03cd6f2e2415a42f233
https://data.lpdaac.earthdatacloud.nasa.gov/lp-prod-protected/ECO_L2T_LSTE.002/ECOv002_L2T_LSTE_29011_005_12SVB_20230818T125354_0712_02/ECOv002_L2T_LSTE_29011_005_12SVB_20230818T125354_0712_02_LST.tif,ECO_L2T_LSTE.002,ECOv002_L2T_LSTE_29011_005_12SVB_20230818T125354_0712_02_LST.tif,2026-06-09,sha256:c76d41948edd8b701067934837f7ebf872e61b25a64e45a3fb6238c6e6cfd3da
https://data.lpdaac.earthdatacloud.nasa.gov/lp-prod-protected/ECO_L2T_LSTE.002/ECOv002_L2T_LSTE_29011_005_12SVC_20230818T125354_0712_02/ECOv002_L2T_LSTE_29011_005_12SVC_20230818T125354_0712_02_water.tif,ECO_L2T_LSTE.002,ECOv002_L2T_LSTE_29011_005_12SVC_20230818T125354_0712_02_water.tif,2026-06-09,sha256:9e5509adf168c7118c7f0b11be6d793fe89d3408fb2a49dbcea96b1d87d2b23a
https://data.lpdaac.earthdatacloud.nasa.gov/lp-prod-protected/ECO_L2T_LSTE.002/ECOv002_L2T_LSTE_29011_005_12SVC_20230818T125354_0712_02/ECOv002_L2T_LSTE_29011_005_12SVC_20230818T125354_0712_02_cloud.tif,ECO_L2T_LSTE.002,ECOv002_L2T_LSTE_29011_005_12SVC_20230818T125354_0712_02_cloud.tif,2026-06-09,sha256:1f565823051c4a6381a7c65a8b3b14e77c07df6f85656a9f1dff07a26f48ed29
https://data.lpdaac.earthdatacloud.nasa.gov/lp-prod-protected/ECO_L2T_LSTE.002/ECOv002_L2T_LSTE_29011_005_12SVC_20230818T125354_0712_02/ECOv002_L2T_LSTE_29011_005_12SVC_20230818T125354_0712_02_height.tif,ECO_L2T_LSTE.002,ECOv002_L2T_LSTE_29011_005_12SVC_20230818T125354_0712_02_height.tif,2026-06-09,sha256:09b540fbf48e34b3412622ff27ca634c878b599c6cba8ad44d018ca25b191628
https://data.lpdaac.earthdatacloud.nasa.gov/lp-prod-protected/ECO_L2T_LSTE.002/ECOv002_L2T_LSTE_29011_005_12SVC_20230818T125354_0712_02/ECOv002_L2T_LSTE_29011_005_12SVC_20230818T125354_0712_02_QC.tif,ECO_L2T_LSTE.002,ECOv002_L2T_LSTE_29011_005_12SVC_20230818T125354_0712_02_QC.tif,2026-06-09,sha256:257a730773410a66f0f8337ec3f05e5e7075669a21bb8eacaff51f2659c5af82
https://data.lpdaac.earthdatacloud.nasa.gov/lp-prod-protected/ECO_L2T_LSTE.002/ECOv002_L2T_LSTE_29011_005_12SVC_20230818T125354_0712_02/ECOv002_L2T_LSTE_29011_005_12SVC_20230818T125354_0712_02_LST.tif,ECO_L2T_LSTE.002,ECOv002_L2T_LSTE_29011_005_12SVC_20230818T125354_0712_02_LST.tif,2026-06-09,sha256:b5a1bdc1cc9a445aaeaeb516c93ea7a389c0d104ad5608c85e1061b1ef6c127d
https://data.lpdaac.earthdatacloud.nasa.gov/lp-prod-protected/ECO_L2T_LSTE.002/ECOv002_L2T_LSTE_29016_013_12SUC_20230818T210218_0710_01/ECOv002_L2T_LSTE_29016_013_12SUC_20230818T210218_0710_01_QC.tif,ECO_L2T_LSTE.002,ECOv002_L2T_LSTE_29016_013_12SUC_20230818T210218_0710_01_QC.tif,2026-06-09,sha256:6512e5b86b10245fc531a944f82c63f22302396436c9ddacf07356f6e8048048
https://data.lpdaac.earthdatacloud.nasa.gov/lp-prod-protected/ECO_L2T_LSTE.002/ECOv002_L2T_LSTE_29016_013_12SUC_20230818T210218_0710_01/ECOv002_L2T_LSTE_29016_013_12SUC_20230818T210218_0710_01_LST.tif,ECO_L2T_LSTE.002,ECOv002_L2T_LSTE_29016_013_12SUC_20230818T210218_0710_01_LST.tif,2026-06-09,sha256:0c11a0afcc994e8de1a94ab918423f17da36535a18c8b75b7d7186e9a7fc0de0
https://data.lpdaac.earthdatacloud.nasa.gov/lp-prod-protected/ECO_L2T_LSTE.002/ECOv002_L2T_LSTE_29016_013_12SUC_20230818T210218_0710_01/ECOv002_L2T_LSTE_29016_013_12SUC_20230818T210218_0710_01_water.tif,ECO_L2T_LSTE.002,ECOv002_L2T_LSTE_29016_013_12SUC_20230818T210218_0710_01_water.tif,2026-06-09,sha256:3c13c2de38551173a09241b365c726a65e42e833559fa6301878354b6760352d
https://data.lpdaac.earthdatacloud.nasa.gov/lp-prod-protected/ECO_L2T_LSTE.002/ECOv002_L2T_LSTE_29016_013_12SUC_20230818T210218_0710_01/ECOv002_L2T_LSTE_29016_013_12SUC_20230818T210218_0710_01_cloud.tif,ECO_L2T_LSTE.002,ECOv002_L2T_LSTE_29016_013_12SUC_20230818T210218_0710_01_cloud.tif,2026-06-09,sha256:28218daaf9cd8f9a56b86fd8cf062c615230e4f8aa3e8cbf7161987c4d69cdb2
https://data.lpdaac.earthdatacloud.nasa.gov/lp-prod-protected/ECO_L2T_LSTE.002/ECOv002_L2T_LSTE_29016_013_12SUC_20230818T210218_0710_01/ECOv002_L2T_LSTE_29016_013_12SUC_20230818T210218_0710_01_height.tif,ECO_L2T_LSTE.002,ECOv002_L2T_LSTE_29016_013_12SUC_20230818T210218_0710_01_height.tif,2026-06-09,sha256:c300e0b4fc6b677cb4f025b289816f71b3dd5a83dd00e87c9749166954db5929
https://data.lpdaac.earthdatacloud.nasa.gov/lp-prod-protected/ECO_L2T_LSTE.002/ECOv002_L2T_LSTE_29016_013_12SUB_20230818T210218_0710_01/ECOv002_L2T_LSTE_29016_013_12SUB_20230818T210218_0710_01_water.tif,ECO_L2T_LSTE.002,ECOv002_L2T_LSTE_29016_013_12SUB_20230818T210218_0710_01_water.tif,2026-06-09,sha256:d458f58010da3fa5cecfd82df66a616908024ec7c07d26f3a1544538cc5af6d6
https://data.lpdaac.earthdatacloud.nasa.gov/lp-prod-protected/ECO_L2T_LSTE.002/ECOv002_L2T_LSTE_29016_013_12SUB_20230818T210218_0710_01/ECOv002_L2T_LSTE_29016_013_12SUB_20230818T210218_0710_01_cloud.tif,ECO_L2T_LSTE.002,ECOv002_L2T_LSTE_29016_013_12SUB_20230818T210218_0710_01_cloud.tif,2026-06-09,sha256:21b8d3b63149d7dbee2e7b750401fba855bac571a6538bfea415f65ad7e43a0e
https://data.lpdaac.earthdatacloud.nasa.gov/lp-prod-protected/ECO_L2T_LSTE.002/ECOv002_L2T_LSTE_29016_013_12SUB_20230818T210218_0710_01/ECOv002_L2T_LSTE_29016_013_12SUB_20230818T210218_0710_01_height.tif,ECO_L2T_LSTE.002,ECOv002_L2T_LSTE_29016_013_12SUB_20230818T210218_0710_01_height.tif,2026-06-09,sha256:0b7b3b0cc91328fd4f93e897002f0bbbdd79235ab95cc13231be100511cb0bf5
https://data.lpdaac.earthdatacloud.nasa.gov/lp-prod-protected/ECO_L2T_LSTE.002/ECOv002_L2T_LSTE_29016_013_12SUB_20230818T210218_0710_01/ECOv002_L2T_LSTE_29016_013_12SUB_20230818T210218_0710_01_LST.tif,ECO_L2T_LSTE.002,ECOv002_L2T_LSTE_29016_013_12SUB_20230818T210218_0710_01_LST.tif,2026-06-09,sha256:8b8f65ef6943535781055c90fbfc032a9b46a3f64489e2e684104333f8745e95
https://data.lpdaac.earthdatacloud.nasa.gov/lp-prod-protected/ECO_L2T_LSTE.002/ECOv002_L2T_LSTE_29016_013_12SUB_20230818T210218_0710_01/ECOv002_L2T_LSTE_29016_013_12SUB_20230818T210218_0710_01_QC.tif,ECO_L2T_LSTE.002,ECOv002_L2T_LSTE_29016_013_12SUB_20230818T210218_0710_01_QC.tif,2026-06-09,sha256:fc0e3623ecac5d31aaca1ca2f413b7c9f885f2a8648aa8220c50d6e93d9649b1
https://data.lpdaac.earthdatacloud.nasa.gov/lp-prod-protected/ECO_L2T_LSTE.002/ECOv002_L2T_LSTE_29016_013_12SVB_20230818T210218_0710_01/ECOv002_L2T_LSTE_29016_013_12SVB_20230818T210218_0710_01_water.tif,ECO_L2T_LSTE.002,ECOv002_L2T_LSTE_29016_013_12SVB_20230818T210218_0710_01_water.tif,2026-06-09,sha256:5330bdd59b721b9812d2cfacc468382dac52d2fcd60ace86d0589db82a6d4135
https://data.lpdaac.earthdatacloud.nasa.gov/lp-prod-protected/ECO_L2T_LSTE.002/ECOv002_L2T_LSTE_29016_013_12SVB_20230818T210218_0710_01/ECOv002_L2T_LSTE_29016_013_12SVB_20230818T210218_0710_01_cloud.tif,ECO_L2T_LSTE.002,ECOv002_L2T_LSTE_29016_013_12SVB_20230818T210218_0710_01_cloud.tif,2026-06-09,sha256:508ae32a3cc184a1d8ff403bcb84862a63ca47085ba10e896a375c1e3cec148c
https://data.lpdaac.earthdatacloud.nasa.gov/lp-prod-protected/ECO_L2T_LSTE.002/ECOv002_L2T_LSTE_29016_013_12SVB_20230818T210218_0710_01/ECOv002_L2T_LSTE_29016_013_12SVB_20230818T210218_0710_01_height.tif,ECO_L2T_LSTE.002,ECOv002_L2T_LSTE_29016_013_12SVB_20230818T210218_0710_01_height.tif,2026-06-09,sha256:03f5171a5d58d16fd153e7a07fcd6e8f95fedf6d22d71bf2cb6c2fb631103e4a
https://data.lpdaac.earthdatacloud.nasa.gov/lp-prod-protected/ECO_L2T_LSTE.002/ECOv002_L2T_LSTE_29016_013_12SVB_20230818T210218_0710_01/ECOv002_L2T_LSTE_29016_013_12SVB_20230818T210218_0710_01_QC.tif,ECO_L2T_LSTE.002,ECOv002_L2T_LSTE_29016_013_12SVB_20230818T210218_0710_01_QC.tif,2026-06-09,sha256:416f2b249d0aaa7f0a7667e5863e229289977a5354012dbd374000fff5b0420d
https://data.lpdaac.earthdatacloud.nasa.gov/lp-prod-protected/ECO_L2T_LSTE.002/ECOv002_L2T_LSTE_29016_013_12SVB_20230818T210218_0710_01/ECOv002_L2T_LSTE_29016_013_12SVB_20230818T210218_0710_01_LST.tif,ECO_L2T_LSTE.002,ECOv002_L2T_LSTE_29016_013_12SVB_20230818T210218_0710_01_LST.tif,2026-06-09,sha256:e72202cda6a116f67ae4115739b2c9f4174ba845086b72f754de098d1fa7f401
https://data.lpdaac.earthdatacloud.nasa.gov/lp-prod-protected/ECO_L2T_LSTE.002/ECOv002_L2T_LSTE_29016_013_12SUB_20230818T210218_0712_02/ECOv002_L2T_LSTE_29016_013_12SUB_20230818T210218_0712_02_water.tif,ECO_L2T_LSTE.002,ECOv002_L2T_LSTE_29016_013_12SUB_20230818T210218_0712_02_water.tif,2026-06-09,sha256:fc118e0e3ae8395e7e7d7ff232f225a5d0e7d0ffc4319ccd083f36a4fa21ac5a
https://data.lpdaac.earthdatacloud.nasa.gov/lp-prod-protected/ECO_L2T_LSTE.002/ECOv002_L2T_LSTE_29016_013_12SUB_20230818T210218_0712_02/ECOv002_L2T_LSTE_29016_013_12SUB_20230818T210218_0712_02_cloud.tif,ECO_L2T_LSTE.002,ECOv002_L2T_LSTE_29016_013_12SUB_20230818T210218_0712_02_cloud.tif,2026-06-09,sha256:06dd0fec5a2bf20f613335d2c69aee1b719c6bb72f33a659aea935f1020df723
https://data.lpdaac.earthdatacloud.nasa.gov/lp-prod-protected/ECO_L2T_LSTE.002/ECOv002_L2T_LSTE_29016_013_12SUB_20230818T210218_0712_02/ECOv002_L2T_LSTE_29016_013_12SUB_20230818T210218_0712_02_height.tif,ECO_L2T_LSTE.002,ECOv002_L2T_LSTE_29016_013_12SUB_20230818T210218_0712_02_height.tif,2026-06-09,sha256:b794a11404ea96ba00ba390d589461801a7ba5e099f098443fde15703994f083
https://data.lpdaac.earthdatacloud.nasa.gov/lp-prod-protected/ECO_L2T_LSTE.002/ECOv002_L2T_LSTE_29016_013_12SUB_20230818T210218_0712_02/ECOv002_L2T_LSTE_29016_013_12SUB_20230818T210218_0712_02_QC.tif,ECO_L2T_LSTE.002,ECOv002_L2T_LSTE_29016_013_12SUB_20230818T210218_0712_02_QC.tif,2026-06-09,sha256:76291f7250b247b7776bc30e40ab4fc9eec3dbaeb3697d64cbd18155b7a45602
https://data.lpdaac.earthdatacloud.nasa.gov/lp-prod-protected/ECO_L2T_LSTE.002/ECOv002_L2T_LSTE_29016_013_12SUB_20230818T210218_0712_02/ECOv002_L2T_LSTE_29016_013_12SUB_20230818T210218_0712_02_LST.tif,ECO_L2T_LSTE.002,ECOv002_L2T_LSTE_29016_013_12SUB_20230818T210218_0712_02_LST.tif,2026-06-09,sha256:5c183484c794ec05715bd042da1b166c11d48395ec3f902700cd13c66a6ae784
https://data.lpdaac.earthdatacloud.nasa.gov/lp-prod-protected/ECO_L2T_LSTE.002/ECOv002_L2T_LSTE_29016_013_12SUC_20230818T210218_0712_02/ECOv002_L2T_LSTE_29016_013_12SUC_20230818T210218_0712_02_water.tif,ECO_L2T_LSTE.002,ECOv002_L2T_LSTE_29016_013_12SUC_20230818T210218_0712_02_water.tif,2026-06-09,sha256:ff5b93c2bef1cc5e98724aa0b98939d9ae5d31525f50d246c7a06cbccccd3252
https://data.lpdaac.earthdatacloud.nasa.gov/lp-prod-protected/ECO_L2T_LSTE.002/ECOv002_L2T_LSTE_29016_013_12SUC_20230818T210218_0712_02/ECOv002_L2T_LSTE_29016_013_12SUC_20230818T210218_0712_02_cloud.tif,ECO_L2T_LSTE.002,ECOv002_L2T_LSTE_29016_013_12SUC_20230818T210218_0712_02_cloud.tif,2026-06-09,sha256:648bc8bc4b0efc93ec88a9a3814c78cc1aedae7cf355bbb3e63299a22aad823b
https://data.lpdaac.earthdatacloud.nasa.gov/lp-prod-protected/ECO_L2T_LSTE.002/ECOv002_L2T_LSTE_29016_013_12SUC_20230818T210218_0712_02/ECOv002_L2T_LSTE_29016_013_12SUC_20230818T210218_0712_02_height.tif,ECO_L2T_LSTE.002,ECOv002_L2T_LSTE_29016_013_12SUC_20230818T210218_0712_02_height.tif,2026-06-09,sha256:6c19b43b5a399910049f9567c98b8722f70cda93e6626e6a703e614e5a99ea70
https://data.lpdaac.earthdatacloud.nasa.gov/lp-prod-protected/ECO_L2T_LSTE.002/ECOv002_L2T_LSTE_29016_013_12SUC_20230818T210218_0712_02/ECOv002_L2T_LSTE_29016_013_12SUC_20230818T210218_0712_02_QC.tif,ECO_L2T_LSTE.002,ECOv002_L2T_LSTE_29016_013_12SUC_20230818T210218_0712_02_QC.tif,2026-06-09,sha256:ece04a5dc562ea690751a075dc50fbd3d9798734222711ee818037c8d2ed4bbb
https://data.lpdaac.earthdatacloud.nasa.gov/lp-prod-protected/ECO_L2T_LSTE.002/ECOv002_L2T_LSTE_29016_013_12SUC_20230818T210218_0712_02/ECOv002_L2T_LSTE_29016_013_12SUC_20230818T210218_0712_02_LST.tif,ECO_L2T_LSTE.002,ECOv002_L2T_LSTE_29016_013_12SUC_20230818T210218_0712_02_LST.tif,2026-06-09,sha256:d8be6f0736d451f35d272a98a44311629eee13b940d312ab37749b35c4b21d10
https://data.lpdaac.earthdatacloud.nasa.gov/lp-prod-protected/ECO_L2T_LSTE.002/ECOv002_L2T_LSTE_29016_013_12SVB_20230818T210218_0712_02/ECOv002_L2T_LSTE_29016_013_12SVB_20230818T210218_0712_02_water.tif,ECO_L2T_LSTE.002,ECOv002_L2T_LSTE_29016_013_12SVB_20230818T210218_0712_02_water.tif,2026-06-09,sha256:5330bdd59b721b9812d2cfacc468382dac52d2fcd60ace86d0589db82a6d4135
https://data.lpdaac.earthdatacloud.nasa.gov/lp-prod-protected/ECO_L2T_LSTE.002/ECOv002_L2T_LSTE_29016_013_12SVB_20230818T210218_0712_02/ECOv002_L2T_LSTE_29016_013_12SVB_20230818T210218_0712_02_cloud.tif,ECO_L2T_LSTE.002,ECOv002_L2T_LSTE_29016_013_12SVB_20230818T210218_0712_02_cloud.tif,2026-06-09,sha256:cbb4d6155817e884f8478d72ff2570a88703ae7c82193f635fb449416b4520af
https://data.lpdaac.earthdatacloud.nasa.gov/lp-prod-protected/ECO_L2T_LSTE.002/ECOv002_L2T_LSTE_29016_013_12SVB_20230818T210218_0712_02/ECOv002_L2T_LSTE_29016_013_12SVB_20230818T210218_0712_02_height.tif,ECO_L2T_LSTE.002,ECOv002_L2T_LSTE_29016_013_12SVB_20230818T210218_0712_02_height.tif,2026-06-09,sha256:596a47ccaf315656d6190ff4790cf16c48b51466c311aa3e8afb633e34ae267e
https://data.lpdaac.earthdatacloud.nasa.gov/lp-prod-protected/ECO_L2T_LSTE.002/ECOv002_L2T_LSTE_29016_013_12SVB_20230818T210218_0712_02/ECOv002_L2T_LSTE_29016_013_12SVB_20230818T210218_0712_02_QC.tif,ECO_L2T_LSTE.002,ECOv002_L2T_LSTE_29016_013_12SVB_20230818T210218_0712_02_QC.tif,2026-06-09,sha256:7a347c07ae44db5f8fa19e81f3def6d0b5a219c1418d5d0f08c9546869a536c1
https://data.lpdaac.earthdatacloud.nasa.gov/lp-prod-protected/ECO_L2T_LSTE.002/ECOv002_L2T_LSTE_29016_013_12SVB_20230818T210218_0712_02/ECOv002_L2T_LSTE_29016_013_12SVB_20230818T210218_0712_02_LST.tif,ECO_L2T_LSTE.002,ECOv002_L2T_LSTE_29016_013_12SVB_20230818T210218_0712_02_LST.tif,2026-06-09,sha256:502c10eb8834fefdb8997f230f261c2cf65d497b0e5dffdcceb95cde4d748ed3
https://data.lpdaac.earthdatacloud.nasa.gov/lp-prod-protected/ECO_L2T_LSTE.002/ECOv002_L2T_LSTE_29057_004_12SUB_20230821T120547_0710_01/ECOv002_L2T_LSTE_29057_004_12SUB_20230821T120547_0710_01_water.tif,ECO_L2T_LSTE.002,ECOv002_L2T_LSTE_29057_004_12SUB_20230821T120547_0710_01_water.tif,2026-06-09,sha256:12926d44db3ee3fcbab890cac674f9849409445af7a5d5599a008ed2ac1cc1ca
https://data.lpdaac.earthdatacloud.nasa.gov/lp-prod-protected/ECO_L2T_LSTE.002/ECOv002_L2T_LSTE_29057_004_12SUB_20230821T120547_0710_01/ECOv002_L2T_LSTE_29057_004_12SUB_20230821T120547_0710_01_cloud.tif,ECO_L2T_LSTE.002,ECOv002_L2T_LSTE_29057_004_12SUB_20230821T120547_0710_01_cloud.tif,2026-06-09,sha256:40a6584f15772c6da2759cb5cb05bf34a11409bec2803fd360f8f14337dec21b
https://data.lpdaac.earthdatacloud.nasa.gov/lp-prod-protected/ECO_L2T_LSTE.002/ECOv002_L2T_LSTE_29057_004_12SUB_20230821T120547_0710_01/ECOv002_L2T_LSTE_29057_004_12SUB_20230821T120547_0710_01_height.tif,ECO_L2T_LSTE.002,ECOv002_L2T_LSTE_29057_004_12SUB_20230821T120547_0710_01_height.tif,2026-06-09,sha256:8fe6ca9e602cf4c5b0cd0bc73dcd15054ffe7d56db4f6ad0abb428f7a6d4eae1
https://data.lpdaac.earthdatacloud.nasa.gov/lp-prod-protected/ECO_L2T_LSTE.002/ECOv002_L2T_LSTE_29057_004_12SUB_20230821T120547_0710_01/ECOv002_L2T_LSTE_29057_004_12SUB_20230821T120547_0710_01_QC.tif,ECO_L2T_LSTE.002,ECOv002_L2T_LSTE_29057_004_12SUB_20230821T120547_0710_01_QC.tif,2026-06-09,sha256:69f919bbfed215117d1edfada24a0af01756f8b64ce32fe67dcce5bf477e0ab8
https://data.lpdaac.earthdatacloud.nasa.gov/lp-prod-protected/ECO_L2T_LSTE.002/ECOv002_L2T_LSTE_29057_004_12SUB_20230821T120547_0710_01/ECOv002_L2T_LSTE_29057_004_12SUB_20230821T120547_0710_01_LST.tif,ECO_L2T_LSTE.002,ECOv002_L2T_LSTE_29057_004_12SUB_20230821T120547_0710_01_LST.tif,2026-06-09,sha256:5cd4e340750063dfadff48878e034affd7c0d158999884af5371986f16d4b875
https://data.lpdaac.earthdatacloud.nasa.gov/lp-prod-protected/ECO_L2T_LSTE.002/ECOv002_L2T_LSTE_29057_004_12SUB_20230821T120547_0712_02/ECOv002_L2T_LSTE_29057_004_12SUB_20230821T120547_0712_02_water.tif,ECO_L2T_LSTE.002,ECOv002_L2T_LSTE_29057_004_12SUB_20230821T120547_0712_02_water.tif,2026-06-09,sha256:12926d44db3ee3fcbab890cac674f9849409445af7a5d5599a008ed2ac1cc1ca
https://data.lpdaac.earthdatacloud.nasa.gov/lp-prod-protected/ECO_L2T_LSTE.002/ECOv002_L2T_LSTE_29057_004_12SUB_20230821T120547_0712_02/ECOv002_L2T_LSTE_29057_004_12SUB_20230821T120547_0712_02_cloud.tif,ECO_L2T_LSTE.002,ECOv002_L2T_LSTE_29057_004_12SUB_20230821T120547_0712_02_cloud.tif,2026-06-09,sha256:f2d322de2b1ff7e2840c4f85b266cce05c909dd0618092e3f86afe78acb2926f
https://data.lpdaac.earthdatacloud.nasa.gov/lp-prod-protected/ECO_L2T_LSTE.002/ECOv002_L2T_LSTE_29057_004_12SUB_20230821T120547_0712_02/ECOv002_L2T_LSTE_29057_004_12SUB_20230821T120547_0712_02_height.tif,ECO_L2T_LSTE.002,ECOv002_L2T_LSTE_29057_004_12SUB_20230821T120547_0712_02_height.tif,2026-06-09,sha256:da93eaa2744b604fab8f0900c5414ce5f430618e145fb9712c06d07fcaeb31e9
https://data.lpdaac.earthdatacloud.nasa.gov/lp-prod-protected/ECO_L2T_LSTE.002/ECOv002_L2T_LSTE_29057_004_12SUB_20230821T120547_0712_02/ECOv002_L2T_LSTE_29057_004_12SUB_20230821T120547_0712_02_QC.tif,ECO_L2T_LSTE.002,ECOv002_L2T_LSTE_29057_004_12SUB_20230821T120547_0712_02_QC.tif,2026-06-09,sha256:529228325dab5fad6ba55ffd35fbe329a21c9e26118acdf97991d421983b8463
https://data.lpdaac.earthdatacloud.nasa.gov/lp-prod-protected/ECO_L2T_LSTE.002/ECOv002_L2T_LSTE_29057_004_12SUB_20230821T120547_0712_02/ECOv002_L2T_LSTE_29057_004_12SUB_20230821T120547_0712_02_LST.tif,ECO_L2T_LSTE.002,ECOv002_L2T_LSTE_29057_004_12SUB_20230821T120547_0712_02_LST.tif,2026-06-09,sha256:e476f5442ccd2e09656b117fd6ddfdb1b6f59fb91173901a4a0eb56411d87131
https://data.lpdaac.earthdatacloud.nasa.gov/lp-prod-protected/ECO_L2T_LSTE.002/ECOv002_L2T_LSTE_29057_005_12SVC_20230821T120639_0710_01/ECOv002_L2T_LSTE_29057_005_12SVC_20230821T120639_0710_01_QC.tif,ECO_L2T_LSTE.002,ECOv002_L2T_LSTE_29057_005_12SVC_20230821T120639_0710_01_QC.tif,2026-06-09,sha256:66ba6b01d8e824683f8def441dd04151966c4c7c9eb562e6a751f3ca7ecca4c3
https://data.lpdaac.earthdatacloud.nasa.gov/lp-prod-protected/ECO_L2T_LSTE.002/ECOv002_L2T_LSTE_29057_005_12SVC_20230821T120639_0710_01/ECOv002_L2T_LSTE_29057_005_12SVC_20230821T120639_0710_01_water.tif,ECO_L2T_LSTE.002,ECOv002_L2T_LSTE_29057_005_12SVC_20230821T120639_0710_01_water.tif,2026-06-09,sha256:bf1e55b0af1255a09c996264139c64e90321aa8c0e57c7e050b4a8809120c286
https://data.lpdaac.earthdatacloud.nasa.gov/lp-prod-protected/ECO_L2T_LSTE.002/ECOv002_L2T_LSTE_29057_005_12SVC_20230821T120639_0710_01/ECOv002_L2T_LSTE_29057_005_12SVC_20230821T120639_0710_01_cloud.tif,ECO_L2T_LSTE.002,ECOv002_L2T_LSTE_29057_005_12SVC_20230821T120639_0710_01_cloud.tif,2026-06-09,sha256:c24647ac2035af1217aeb5f7fdd443e3d499f93738efb162ad106a95afbb3b60
https://data.lpdaac.earthdatacloud.nasa.gov/lp-prod-protected/ECO_L2T_LSTE.002/ECOv002_L2T_LSTE_29057_005_12SVC_20230821T120639_0710_01/ECOv002_L2T_LSTE_29057_005_12SVC_20230821T120639_0710_01_height.tif,ECO_L2T_LSTE.002,ECOv002_L2T_LSTE_29057_005_12SVC_20230821T120639_0710_01_height.tif,2026-06-09,sha256:4d9174636bc6be7cdce1f11170d29ae1b60866cc0cdf678163b73a4ff59fad43
https://data.lpdaac.earthdatacloud.nasa.gov/lp-prod-protected/ECO_L2T_LSTE.002/ECOv002_L2T_LSTE_29057_005_12SVC_20230821T120639_0710_01/ECOv002_L2T_LSTE_29057_005_12SVC_20230821T120639_0710_01_LST.tif,ECO_L2T_LSTE.002,ECOv002_L2T_LSTE_29057_005_12SVC_20230821T120639_0710_01_LST.tif,2026-06-09,sha256:b35f3162f18130921c612f325a01f5139ae7153f9935239f933737f9768b358c
https://data.lpdaac.earthdatacloud.nasa.gov/lp-prod-protected/ECO_L2T_LSTE.002/ECOv002_L2T_LSTE_29057_005_12SUC_20230821T120639_0712_02/ECOv002_L2T_LSTE_29057_005_12SUC_20230821T120639_0712_02_water.tif,ECO_L2T_LSTE.002,ECOv002_L2T_LSTE_29057_005_12SUC_20230821T120639_0712_02_water.tif,2026-06-09,sha256:8c4275edbc25f5590d1a2eab51aae36e8d8c260f4b433ed3ee0fe80f16f4e4f8
https://data.lpdaac.earthdatacloud.nasa.gov/lp-prod-protected/ECO_L2T_LSTE.002/ECOv002_L2T_LSTE_29057_005_12SUC_20230821T120639_0712_02/ECOv002_L2T_LSTE_29057_005_12SUC_20230821T120639_0712_02_cloud.tif,ECO_L2T_LSTE.002,ECOv002_L2T_LSTE_29057_005_12SUC_20230821T120639_0712_02_cloud.tif,2026-06-09,sha256:f5c503fc7b491c72d7d6ee11b36de91a38c258384ed5b34751c1021a57cf2245
https://data.lpdaac.earthdatacloud.nasa.gov/lp-prod-protected/ECO_L2T_LSTE.002/ECOv002_L2T_LSTE_29057_005_12SUC_20230821T120639_0712_02/ECOv002_L2T_LSTE_29057_005_12SUC_20230821T120639_0712_02_height.tif,ECO_L2T_LSTE.002,ECOv002_L2T_LSTE_29057_005_12SUC_20230821T120639_0712_02_height.tif,2026-06-09,sha256:3143dd6fae1011fd676d79b86953be82857410a0336cc010f4b774dbfc10015c
https://data.lpdaac.earthdatacloud.nasa.gov/lp-prod-protected/ECO_L2T_LSTE.002/ECOv002_L2T_LSTE_29057_005_12SUC_20230821T120639_0712_02/ECOv002_L2T_LSTE_29057_005_12SUC_20230821T120639_0712_02_QC.tif,ECO_L2T_LSTE.002,ECOv002_L2T_LSTE_29057_005_12SUC_20230821T120639_0712_02_QC.tif,2026-06-09,sha256:7a36626b180271b466eab6119472a77afebe084e12d25916bd6cf0dd20efd0cf
https://data.lpdaac.earthdatacloud.nasa.gov/lp-prod-protected/ECO_L2T_LSTE.002/ECOv002_L2T_LSTE_29057_005_12SUC_20230821T120639_0712_02/ECOv002_L2T_LSTE_29057_005_12SUC_20230821T120639_0712_02_LST.tif,ECO_L2T_LSTE.002,ECOv002_L2T_LSTE_29057_005_12SUC_20230821T120639_0712_02_LST.tif,2026-06-09,sha256:c8a0a7994819f560ccd6612e323bf7ecf50fe612c2a68e94d08427e14ca9b8df
https://data.lpdaac.earthdatacloud.nasa.gov/lp-prod-protected/ECO_L2T_LSTE.002/ECOv002_L2T_LSTE_29057_005_12SVC_20230821T120639_0712_02/ECOv002_L2T_LSTE_29057_005_12SVC_20230821T120639_0712_02_water.tif,ECO_L2T_LSTE.002,ECOv002_L2T_LSTE_29057_005_12SVC_20230821T120639_0712_02_water.tif,2026-06-09,sha256:cdcfcb1c266e13ecf2597cc617c9e06d3dff9ac7ca41742f55a35d60edd263ae
https://data.lpdaac.earthdatacloud.nasa.gov/lp-prod-protected/ECO_L2T_LSTE.002/ECOv002_L2T_LSTE_29057_005_12SVC_20230821T120639_0712_02/ECOv002_L2T_LSTE_29057_005_12SVC_20230821T120639_0712_02_cloud.tif,ECO_L2T_LSTE.002,ECOv002_L2T_LSTE_29057_005_12SVC_20230821T120639_0712_02_cloud.tif,2026-06-09,sha256:75930d1f1913549384175897e071056433f6f8824e542a54ac74433f986b2615
https://data.lpdaac.earthdatacloud.nasa.gov/lp-prod-protected/ECO_L2T_LSTE.002/ECOv002_L2T_LSTE_29057_005_12SVC_20230821T120639_0712_02/ECOv002_L2T_LSTE_29057_005_12SVC_20230821T120639_0712_02_height.tif,ECO_L2T_LSTE.002,ECOv002_L2T_LSTE_29057_005_12SVC_20230821T120639_0712_02_height.tif,2026-06-09,sha256:dc9a72509e0b16282441db9dac7cc3cf9e0ae11b89259a3bd9a2f31d6d94afe5
https://data.lpdaac.earthdatacloud.nasa.gov/lp-prod-protected/ECO_L2T_LSTE.002/ECOv002_L2T_LSTE_29057_005_12SVC_20230821T120639_0712_02/ECOv002_L2T_LSTE_29057_005_12SVC_20230821T120639_0712_02_QC.tif,ECO_L2T_LSTE.002,ECOv002_L2T_LSTE_29057_005_12SVC_20230821T120639_0712_02_QC.tif,2026-06-09,sha256:3e35710f8e5436035a86e5a927c5f848d54104ebfbe1147a3387d1e61e210cf6
https://data.lpdaac.earthdatacloud.nasa.gov/lp-prod-protected/ECO_L2T_LSTE.002/ECOv002_L2T_LSTE_29057_005_12SVC_20230821T120639_0712_02/ECOv002_L2T_LSTE_29057_005_12SVC_20230821T120639_0712_02_LST.tif,ECO_L2T_LSTE.002,ECOv002_L2T_LSTE_29057_005_12SVC_20230821T120639_0712_02_LST.tif,2026-06-09,sha256:70ee53fcbb7a5fb52694c66b5224f5cefea1ba58d91041f6239f54b2796f7b91
https://data.lpdaac.earthdatacloud.nasa.gov/lp-prod-protected/ECO_L2T_LSTE.002/ECOv002_L2T_LSTE_29057_005_12SUB_20230821T120639_0712_02/ECOv002_L2T_LSTE_29057_005_12SUB_20230821T120639_0712_02_water.tif,ECO_L2T_LSTE.002,ECOv002_L2T_LSTE_29057_005_12SUB_20230821T120639_0712_02_water.tif,2026-06-09,sha256:000a492b0fec39445bca6ef176d34eb99d1628a08fa709c05b33ea4c7e3b8cfe
https://data.lpdaac.earthdatacloud.nasa.gov/lp-prod-protected/ECO_L2T_LSTE.002/ECOv002_L2T_LSTE_29057_005_12SUB_20230821T120639_0712_02/ECOv002_L2T_LSTE_29057_005_12SUB_20230821T120639_0712_02_cloud.tif,ECO_L2T_LSTE.002,ECOv002_L2T_LSTE_29057_005_12SUB_20230821T120639_0712_02_cloud.tif,2026-06-09,sha256:98192723f281de2b7da22b6bc4323e3a982a1a5d5dde4e9b5e54c81780bb4442
https://data.lpdaac.earthdatacloud.nasa.gov/lp-prod-protected/ECO_L2T_LSTE.002/ECOv002_L2T_LSTE_29057_005_12SUB_20230821T120639_0712_02/ECOv002_L2T_LSTE_29057_005_12SUB_20230821T120639_0712_02_height.tif,ECO_L2T_LSTE.002,ECOv002_L2T_LSTE_29057_005_12SUB_20230821T120639_0712_02_height.tif,2026-06-09,sha256:2dde22d368c8d9fcd86c9ab0ca8a873bd51047da9ed32ed09ec68e3077837517
https://data.lpdaac.earthdatacloud.nasa.gov/lp-prod-protected/ECO_L2T_LSTE.002/ECOv002_L2T_LSTE_29057_005_12SUB_20230821T120639_0712_02/ECOv002_L2T_LSTE_29057_005_12SUB_20230821T120639_0712_02_QC.tif,ECO_L2T_LSTE.002,ECOv002_L2T_LSTE_29057_005_12SUB_20230821T120639_0712_02_QC.tif,2026-06-09,sha256:8a735841269cf018aa203b6cf3f01c21ce8f88d9d966ece60685af60624a6368
https://data.lpdaac.earthdatacloud.nasa.gov/lp-prod-protected/ECO_L2T_LSTE.002/ECOv002_L2T_LSTE_29057_005_12SUB_20230821T120639_0712_02/ECOv002_L2T_LSTE_29057_005_12SUB_20230821T120639_0712_02_LST.tif,ECO_L2T_LSTE.002,ECOv002_L2T_LSTE_29057_005_12SUB_20230821T120639_0712_02_LST.tif,2026-06-09,sha256:db6eed19d19ebecf5f44c7efb92504cefb229ff443bcda6bc75a85924cf41c90
https://data.lpdaac.earthdatacloud.nasa.gov/lp-prod-protected/ECO_L2T_LSTE.002/ECOv002_L2T_LSTE_29072_003_12SUB_20230822T111804_0710_01/ECOv002_L2T_LSTE_29072_003_12SUB_20230822T111804_0710_01_cloud.tif,ECO_L2T_LSTE.002,ECOv002_L2T_LSTE_29072_003_12SUB_20230822T111804_0710_01_cloud.tif,2026-06-09,sha256:b0163583240435fa6c42685fe0e04328c9dde8cd6838f7dd8e1e9246fc969abe
https://data.lpdaac.earthdatacloud.nasa.gov/lp-prod-protected/ECO_L2T_LSTE.002/ECOv002_L2T_LSTE_29072_003_12SUB_20230822T111804_0710_01/ECOv002_L2T_LSTE_29072_003_12SUB_20230822T111804_0710_01_height.tif,ECO_L2T_LSTE.002,ECOv002_L2T_LSTE_29072_003_12SUB_20230822T111804_0710_01_height.tif,2026-06-09,sha256:22c2e358cb33f27c41d1126b199a4a3640dac7eaf9c1c28a442211b35d29f5a0
https://data.lpdaac.earthdatacloud.nasa.gov/lp-prod-protected/ECO_L2T_LSTE.002/ECOv002_L2T_LSTE_29072_003_12SUB_20230822T111804_0710_01/ECOv002_L2T_LSTE_29072_003_12SUB_20230822T111804_0710_01_QC.tif,ECO_L2T_LSTE.002,ECOv002_L2T_LSTE_29072_003_12SUB_20230822T111804_0710_01_QC.tif,2026-06-09,sha256:3f26526a1972ddea0764f97319460f7aa80fcc0270e6c190fd3961825213e74f
https://data.lpdaac.earthdatacloud.nasa.gov/lp-prod-protected/ECO_L2T_LSTE.002/ECOv002_L2T_LSTE_29072_003_12SUB_20230822T111804_0710_01/ECOv002_L2T_LSTE_29072_003_12SUB_20230822T111804_0710_01_LST.tif,ECO_L2T_LSTE.002,ECOv002_L2T_LSTE_29072_003_12SUB_20230822T111804_0710_01_LST.tif,2026-06-09,sha256:89eeac5192c3fb468b8b729bd06225576dbfcdde53688a7bc07e128538a9b8ee
https://data.lpdaac.earthdatacloud.nasa.gov/lp-prod-protected/ECO_L2T_LSTE.002/ECOv002_L2T_LSTE_29072_003_12SUB_20230822T111804_0710_01/ECOv002_L2T_LSTE_29072_003_12SUB_20230822T111804_0710_01_water.tif,ECO_L2T_LSTE.002,ECOv002_L2T_LSTE_29072_003_12SUB_20230822T111804_0710_01_water.tif,2026-06-09,sha256:12926d44db3ee3fcbab890cac674f9849409445af7a5d5599a008ed2ac1cc1ca
https://data.lpdaac.earthdatacloud.nasa.gov/lp-prod-protected/ECO_L2T_LSTE.002/ECOv002_L2T_LSTE_29072_003_12SUB_20230822T111804_0712_02/ECOv002_L2T_LSTE_29072_003_12SUB_20230822T111804_0712_02_water.tif,ECO_L2T_LSTE.002,ECOv002_L2T_LSTE_29072_003_12SUB_20230822T111804_0712_02_water.tif,2026-06-09,sha256:12926d44db3ee3fcbab890cac674f9849409445af7a5d5599a008ed2ac1cc1ca
https://data.lpdaac.earthdatacloud.nasa.gov/lp-prod-protected/ECO_L2T_LSTE.002/ECOv002_L2T_LSTE_29072_003_12SUB_20230822T111804_0712_02/ECOv002_L2T_LSTE_29072_003_12SUB_20230822T111804_0712_02_cloud.tif,ECO_L2T_LSTE.002,ECOv002_L2T_LSTE_29072_003_12SUB_20230822T111804_0712_02_cloud.tif,2026-06-09,sha256:468c95843c6b7ee7bf9228a84aa8f8c0f029458fc71cef972415c82c4a35996b
https://data.lpdaac.earthdatacloud.nasa.gov/lp-prod-protected/ECO_L2T_LSTE.002/ECOv002_L2T_LSTE_29072_003_12SUB_20230822T111804_0712_02/ECOv002_L2T_LSTE_29072_003_12SUB_20230822T111804_0712_02_height.tif,ECO_L2T_LSTE.002,ECOv002_L2T_LSTE_29072_003_12SUB_20230822T111804_0712_02_height.tif,2026-06-09,sha256:738103a8836bdd96dc5f8a69a8f74181c0daab78a6913f267e3d566907127bb7
https://data.lpdaac.earthdatacloud.nasa.gov/lp-prod-protected/ECO_L2T_LSTE.002/ECOv002_L2T_LSTE_29072_003_12SUB_20230822T111804_0712_02/ECOv002_L2T_LSTE_29072_003_12SUB_20230822T111804_0712_02_QC.tif,ECO_L2T_LSTE.002,ECOv002_L2T_LSTE_29072_003_12SUB_20230822T111804_0712_02_QC.tif,2026-06-09,sha256:094e411afe44d15b56019232182220b6dad735f81ca76c379fb0ce2d2b19e708
https://data.lpdaac.earthdatacloud.nasa.gov/lp-prod-protected/ECO_L2T_LSTE.002/ECOv002_L2T_LSTE_29072_003_12SUB_20230822T111804_0712_02/ECOv002_L2T_LSTE_29072_003_12SUB_20230822T111804_0712_02_LST.tif,ECO_L2T_LSTE.002,ECOv002_L2T_LSTE_29072_003_12SUB_20230822T111804_0712_02_LST.tif,2026-06-09,sha256:823ccf5206b0be88d9069ba4065b526ca1475b69fbe8e663cbc0606cf4a52b71
https://data.lpdaac.earthdatacloud.nasa.gov/lp-prod-protected/ECO_L2T_LSTE.002/ECOv002_L2T_LSTE_29072_004_12SVC_20230822T111855_0710_01/ECOv002_L2T_LSTE_29072_004_12SVC_20230822T111855_0710_01_height.tif,ECO_L2T_LSTE.002,ECOv002_L2T_LSTE_29072_004_12SVC_20230822T111855_0710_01_height.tif,2026-06-09,sha256:4180eb327294d775c5d1e57f6c32cec2e2afb2a54478f6f1df8420de44f66bd7
https://data.lpdaac.earthdatacloud.nasa.gov/lp-prod-protected/ECO_L2T_LSTE.002/ECOv002_L2T_LSTE_29072_004_12SVC_20230822T111855_0710_01/ECOv002_L2T_LSTE_29072_004_12SVC_20230822T111855_0710_01_QC.tif,ECO_L2T_LSTE.002,ECOv002_L2T_LSTE_29072_004_12SVC_20230822T111855_0710_01_QC.tif,2026-06-09,sha256:4d26f5934f90be6a68f3fe948c89fbbfa73fc3addcb84e2566313c9a39a94f0a
https://data.lpdaac.earthdatacloud.nasa.gov/lp-prod-protected/ECO_L2T_LSTE.002/ECOv002_L2T_LSTE_29072_004_12SVC_20230822T111855_0710_01/ECOv002_L2T_LSTE_29072_004_12SVC_20230822T111855_0710_01_water.tif,ECO_L2T_LSTE.002,ECOv002_L2T_LSTE_29072_004_12SVC_20230822T111855_0710_01_water.tif,2026-06-09,sha256:d47fb7e545ca1e1691cfb14c40e1bc35b9b816f28d928916d3cef0564ac5e8e3
https://data.lpdaac.earthdatacloud.nasa.gov/lp-prod-protected/ECO_L2T_LSTE.002/ECOv002_L2T_LSTE_29072_004_12SVC_20230822T111855_0710_01/ECOv002_L2T_LSTE_29072_004_12SVC_20230822T111855_0710_01_cloud.tif,ECO_L2T_LSTE.002,ECOv002_L2T_LSTE_29072_004_12SVC_20230822T111855_0710_01_cloud.tif,2026-06-09,sha256:6be6769d9e63c45af85176207bf108600f070bd9840a1c76c962c1dd53a8360c
https://data.lpdaac.earthdatacloud.nasa.gov/lp-prod-protected/ECO_L2T_LSTE.002/ECOv002_L2T_LSTE_29072_004_12SVC_20230822T111855_0710_01/ECOv002_L2T_LSTE_29072_004_12SVC_20230822T111855_0710_01_LST.tif,ECO_L2T_LSTE.002,ECOv002_L2T_LSTE_29072_004_12SVC_20230822T111855_0710_01_LST.tif,2026-06-09,sha256:4332f2cd67523adbfe6216abc57767a46df5d1712cd1b8704262d86a0f6e2321
https://data.lpdaac.earthdatacloud.nasa.gov/lp-prod-protected/ECO_L2T_LSTE.002/ECOv002_L2T_LSTE_29072_004_12SVB_20230822T111855_0710_01/ECOv002_L2T_LSTE_29072_004_12SVB_20230822T111855_0710_01_QC.tif,ECO_L2T_LSTE.002,ECOv002_L2T_LSTE_29072_004_12SVB_20230822T111855_0710_01_QC.tif,2026-06-09,sha256:ba58d69f6c3877d5180b96d3e86d9fc740ed5f41a1bec590173beb56574e8085
https://data.lpdaac.earthdatacloud.nasa.gov/lp-prod-protected/ECO_L2T_LSTE.002/ECOv002_L2T_LSTE_29072_004_12SVB_20230822T111855_0710_01/ECOv002_L2T_LSTE_29072_004_12SVB_20230822T111855_0710_01_height.tif,ECO_L2T_LSTE.002,ECOv002_L2T_LSTE_29072_004_12SVB_20230822T111855_0710_01_height.tif,2026-06-09,sha256:278b3f597f57aad68a7fbb9ed268ea028ec0c4bcc786e5af61f2138836498283
https://data.lpdaac.earthdatacloud.nasa.gov/lp-prod-protected/ECO_L2T_LSTE.002/ECOv002_L2T_LSTE_29072_004_12SVB_20230822T111855_0710_01/ECOv002_L2T_LSTE_29072_004_12SVB_20230822T111855_0710_01_water.tif,ECO_L2T_LSTE.002,ECOv002_L2T_LSTE_29072_004_12SVB_20230822T111855_0710_01_water.tif,2026-06-09,sha256:da1e43d210b068f70047a6884e430156febf3c880beef52078d31d69052c3d2a
https://data.lpdaac.earthdatacloud.nasa.gov/lp-prod-protected/ECO_L2T_LSTE.002/ECOv002_L2T_LSTE_29072_004_12SVB_20230822T111855_0710_01/ECOv002_L2T_LSTE_29072_004_12SVB_20230822T111855_0710_01_cloud.tif,ECO_L2T_LSTE.002,ECOv002_L2T_LSTE_29072_004_12SVB_20230822T111855_0710_01_cloud.tif,2026-06-09,sha256:8e50102474ad61be1f4d1759f4b5760aa52a65bff5085a1edb34421c1dd4a610
https://data.lpdaac.earthdatacloud.nasa.gov/lp-prod-protected/ECO_L2T_LSTE.002/ECOv002_L2T_LSTE_29072_004_12SVB_20230822T111855_0710_01/ECOv002_L2T_LSTE_29072_004_12SVB_20230822T111855_0710_01_LST.tif,ECO_L2T_LSTE.002,ECOv002_L2T_LSTE_29072_004_12SVB_20230822T111855_0710_01_LST.tif,2026-06-09,sha256:d2db9e0a1a258788ed1b97e168ef20085a18514aa2d0384bb998cfdbac3071da
https://data.lpdaac.earthdatacloud.nasa.gov/lp-prod-protected/ECO_L2T_LSTE.002/ECOv002_L2T_LSTE_29072_004_12SVC_20230822T111855_0712_02/ECOv002_L2T_LSTE_29072_004_12SVC_20230822T111855_0712_02_water.tif,ECO_L2T_LSTE.002,ECOv002_L2T_LSTE_29072_004_12SVC_20230822T111855_0712_02_water.tif,2026-06-09,sha256:dbf862dec0e61a859277133fc38e750338800cbc12392ae0f0bd1b7303b6d462
https://data.lpdaac.earthdatacloud.nasa.gov/lp-prod-protected/ECO_L2T_LSTE.002/ECOv002_L2T_LSTE_29072_004_12SVC_20230822T111855_0712_02/ECOv002_L2T_LSTE_29072_004_12SVC_20230822T111855_0712_02_cloud.tif,ECO_L2T_LSTE.002,ECOv002_L2T_LSTE_29072_004_12SVC_20230822T111855_0712_02_cloud.tif,2026-06-09,sha256:c4549e273640b46c424388202ebb9b485c84d2be9f49275ca1995da3220f2fee
https://data.lpdaac.earthdatacloud.nasa.gov/lp-prod-protected/ECO_L2T_LSTE.002/ECOv002_L2T_LSTE_29072_004_12SVC_20230822T111855_0712_02/ECOv002_L2T_LSTE_29072_004_12SVC_20230822T111855_0712_02_height.tif,ECO_L2T_LSTE.002,ECOv002_L2T_LSTE_29072_004_12SVC_20230822T111855_0712_02_height.tif,2026-06-09,sha256:ab4909c7340473961ad25cb1fa4b8ee87c1a0fd6250227d1ee2268f3caea6b28
https://data.lpdaac.earthdatacloud.nasa.gov/lp-prod-protected/ECO_L2T_LSTE.002/ECOv002_L2T_LSTE_29072_004_12SVC_20230822T111855_0712_02/ECOv002_L2T_LSTE_29072_004_12SVC_20230822T111855_0712_02_QC.tif,ECO_L2T_LSTE.002,ECOv002_L2T_LSTE_29072_004_12SVC_20230822T111855_0712_02_QC.tif,2026-06-09,sha256:25d48f55b6383885efc0b6941c88479da03138e5904652aa5a1d13ea307da525
https://data.lpdaac.earthdatacloud.nasa.gov/lp-prod-protected/ECO_L2T_LSTE.002/ECOv002_L2T_LSTE_29072_004_12SVC_20230822T111855_0712_02/ECOv002_L2T_LSTE_29072_004_12SVC_20230822T111855_0712_02_LST.tif,ECO_L2T_LSTE.002,ECOv002_L2T_LSTE_29072_004_12SVC_20230822T111855_0712_02_LST.tif,2026-06-09,sha256:81855523a3c07e53d5b908edd4cf3ce51ebaeb21251e6c86a583aaf548582114
https://data.lpdaac.earthdatacloud.nasa.gov/lp-prod-protected/ECO_L2T_LSTE.002/ECOv002_L2T_LSTE_29072_004_12SVB_20230822T111855_0712_02/ECOv002_L2T_LSTE_29072_004_12SVB_20230822T111855_0712_02_water.tif,ECO_L2T_LSTE.002,ECOv002_L2T_LSTE_29072_004_12SVB_20230822T111855_0712_02_water.tif,2026-06-09,sha256:8ee26886e33def775e82237b396b7f34977108f459be7b8e30a4f7dadda759a9
https://data.lpdaac.earthdatacloud.nasa.gov/lp-prod-protected/ECO_L2T_LSTE.002/ECOv002_L2T_LSTE_29072_004_12SVB_20230822T111855_0712_02/ECOv002_L2T_LSTE_29072_004_12SVB_20230822T111855_0712_02_cloud.tif,ECO_L2T_LSTE.002,ECOv002_L2T_LSTE_29072_004_12SVB_20230822T111855_0712_02_cloud.tif,2026-06-09,sha256:0fe8786cf9fcdc8e6b68d945ef1559a53a3620c22b5314131d69bb7ee872fb34
https://data.lpdaac.earthdatacloud.nasa.gov/lp-prod-protected/ECO_L2T_LSTE.002/ECOv002_L2T_LSTE_29072_004_12SVB_20230822T111855_0712_02/ECOv002_L2T_LSTE_29072_004_12SVB_20230822T111855_0712_02_height.tif,ECO_L2T_LSTE.002,ECOv002_L2T_LSTE_29072_004_12SVB_20230822T111855_0712_02_height.tif,2026-06-09,sha256:99275821eaac1665d616ca662849abe80e9e2aaeb528dc3be6ea7a134d516939
https://data.lpdaac.earthdatacloud.nasa.gov/lp-prod-protected/ECO_L2T_LSTE.002/ECOv002_L2T_LSTE_29072_004_12SVB_20230822T111855_0712_02/ECOv002_L2T_LSTE_29072_004_12SVB_20230822T111855_0712_02_QC.tif,ECO_L2T_LSTE.002,ECOv002_L2T_LSTE_29072_004_12SVB_20230822T111855_0712_02_QC.tif,2026-06-09,sha256:0d19028a0e0c9159f22f14a2043bc1b34904de19c9a1cf99c23434dca7bf49c7
https://data.lpdaac.earthdatacloud.nasa.gov/lp-prod-protected/ECO_L2T_LSTE.002/ECOv002_L2T_LSTE_29072_004_12SVB_20230822T111855_0712_02/ECOv002_L2T_LSTE_29072_004_12SVB_20230822T111855_0712_02_LST.tif,ECO_L2T_LSTE.002,ECOv002_L2T_LSTE_29072_004_12SVB_20230822T111855_0712_02_LST.tif,2026-06-09,sha256:2d11ae451076e4b2e70ef6118c539a5bd49c011943dae8c2379762505d2fa45e
https://data.lpdaac.earthdatacloud.nasa.gov/lp-prod-protected/ECO_L2T_LSTE.002/ECOv002_L2T_LSTE_29077_013_12SUB_20230822T192701_0710_01/ECOv002_L2T_LSTE_29077_013_12SUB_20230822T192701_0710_01_cloud.tif,ECO_L2T_LSTE.002,ECOv002_L2T_LSTE_29077_013_12SUB_20230822T192701_0710_01_cloud.tif,2026-06-09,sha256:6406d73a48213556b1c8746673ea0232b963b023e5de9956af29bac9541c9c4e
https://data.lpdaac.earthdatacloud.nasa.gov/lp-prod-protected/ECO_L2T_LSTE.002/ECOv002_L2T_LSTE_29077_013_12SUB_20230822T192701_0710_01/ECOv002_L2T_LSTE_29077_013_12SUB_20230822T192701_0710_01_LST.tif,ECO_L2T_LSTE.002,ECOv002_L2T_LSTE_29077_013_12SUB_20230822T192701_0710_01_LST.tif,2026-06-09,sha256:041f33231644be8923dc3df870870f39b1df7e0992bedd1ea8fecc79b63e6b66
https://data.lpdaac.earthdatacloud.nasa.gov/lp-prod-protected/ECO_L2T_LSTE.002/ECOv002_L2T_LSTE_29077_013_12SUB_20230822T192701_0710_01/ECOv002_L2T_LSTE_29077_013_12SUB_20230822T192701_0710_01_QC.tif,ECO_L2T_LSTE.002,ECOv002_L2T_LSTE_29077_013_12SUB_20230822T192701_0710_01_QC.tif,2026-06-09,sha256:b3fbe3ce3f09a009e11ca4ba2da4bf2f2695f1ccbb0c34ffe754d09b044577c6
https://data.lpdaac.earthdatacloud.nasa.gov/lp-prod-protected/ECO_L2T_LSTE.002/ECOv002_L2T_LSTE_29077_013_12SUB_20230822T192701_0710_01/ECOv002_L2T_LSTE_29077_013_12SUB_20230822T192701_0710_01_water.tif,ECO_L2T_LSTE.002,ECOv002_L2T_LSTE_29077_013_12SUB_20230822T192701_0710_01_water.tif,2026-06-09,sha256:4dce6d5d4bb1cb1323f2db532ad2588443fe9419287e9475413cdce8db010e3e
https://data.lpdaac.earthdatacloud.nasa.gov/lp-prod-protected/ECO_L2T_LSTE.002/ECOv002_L2T_LSTE_29077_013_12SUB_20230822T192701_0710_01/ECOv002_L2T_LSTE_29077_013_12SUB_20230822T192701_0710_01_height.tif,ECO_L2T_LSTE.002,ECOv002_L2T_LSTE_29077_013_12SUB_20230822T192701_0710_01_height.tif,2026-06-09,sha256:8a4d69b781fe8b9c32943287dece2c656462abcd2e45343f11baa6822e0a997e
https://data.lpdaac.earthdatacloud.nasa.gov/lp-prod-protected/ECO_L2T_LSTE.002/ECOv002_L2T_LSTE_29077_013_12SUC_20230822T192701_0710_01/ECOv002_L2T_LSTE_29077_013_12SUC_20230822T192701_0710_01_water.tif,ECO_L2T_LSTE.002,ECOv002_L2T_LSTE_29077_013_12SUC_20230822T192701_0710_01_water.tif,2026-06-09,sha256:32983096357c329f90e991e3db54336e21ec6e1f50229c79d05175e5984a2b36
https://data.lpdaac.earthdatacloud.nasa.gov/lp-prod-protected/ECO_L2T_LSTE.002/ECOv002_L2T_LSTE_29077_013_12SUC_20230822T192701_0710_01/ECOv002_L2T_LSTE_29077_013_12SUC_20230822T192701_0710_01_cloud.tif,ECO_L2T_LSTE.002,ECOv002_L2T_LSTE_29077_013_12SUC_20230822T192701_0710_01_cloud.tif,2026-06-09,sha256:87cf8ac5dfa0dd4fdca84f750cf6a832a7bf3192475b3ad4c8bd49a9c4e0b969
https://data.lpdaac.earthdatacloud.nasa.gov/lp-prod-protected/ECO_L2T_LSTE.002/ECOv002_L2T_LSTE_29077_013_12SUC_20230822T192701_0710_01/ECOv002_L2T_LSTE_29077_013_12SUC_20230822T192701_0710_01_height.tif,ECO_L2T_LSTE.002,ECOv002_L2T_LSTE_29077_013_12SUC_20230822T192701_0710_01_height.tif,2026-06-09,sha256:4e90b06a0ff4a0f263f3dfe738332daff4c61257862b6c8b6255008608964add
https://data.lpdaac.earthdatacloud.nasa.gov/lp-prod-protected/ECO_L2T_LSTE.002/ECOv002_L2T_LSTE_29077_013_12SUC_20230822T192701_0710_01/ECOv002_L2T_LSTE_29077_013_12SUC_20230822T192701_0710_01_QC.tif,ECO_L2T_LSTE.002,ECOv002_L2T_LSTE_29077_013_12SUC_20230822T192701_0710_01_QC.tif,2026-06-09,sha256:f7f6f7ce8a994eb13896a5fb2755d923259b55f4dac32ff0a014239bb31d5264
https://data.lpdaac.earthdatacloud.nasa.gov/lp-prod-protected/ECO_L2T_LSTE.002/ECOv002_L2T_LSTE_29077_013_12SUC_20230822T192701_0710_01/ECOv002_L2T_LSTE_29077_013_12SUC_20230822T192701_0710_01_LST.tif,ECO_L2T_LSTE.002,ECOv002_L2T_LSTE_29077_013_12SUC_20230822T192701_0710_01_LST.tif,2026-06-09,sha256:60fa8b672d4dda4bf499b943b70c9386f9d8743d81ec5c4554cc63fcec56f7ac
https://data.lpdaac.earthdatacloud.nasa.gov/lp-prod-protected/ECO_L2T_LSTE.002/ECOv002_L2T_LSTE_29077_013_12SUB_20230822T192701_0712_02/ECOv002_L2T_LSTE_29077_013_12SUB_20230822T192701_0712_02_water.tif,ECO_L2T_LSTE.002,ECOv002_L2T_LSTE_29077_013_12SUB_20230822T192701_0712_02_water.tif,2026-06-09,sha256:0830e1f8538e62abec09851dba863ca36967094290c1da51ce086ddc8c5b19f8
https://data.lpdaac.earthdatacloud.nasa.gov/lp-prod-protected/ECO_L2T_LSTE.002/ECOv002_L2T_LSTE_29077_013_12SUB_20230822T192701_0712_02/ECOv002_L2T_LSTE_29077_013_12SUB_20230822T192701_0712_02_cloud.tif,ECO_L2T_LSTE.002,ECOv002_L2T_LSTE_29077_013_12SUB_20230822T192701_0712_02_cloud.tif,2026-06-09,sha256:43b3838f7cd6e56cf77f68b9b485e21690ea1a5c5cd070a8330feb759e0a2167
https://data.lpdaac.earthdatacloud.nasa.gov/lp-prod-protected/ECO_L2T_LSTE.002/ECOv002_L2T_LSTE_29077_013_12SUB_20230822T192701_0712_02/ECOv002_L2T_LSTE_29077_013_12SUB_20230822T192701_0712_02_height.tif,ECO_L2T_LSTE.002,ECOv002_L2T_LSTE_29077_013_12SUB_20230822T192701_0712_02_height.tif,2026-06-09,sha256:5b8cf9c31eadac646fab3c6908fc62544d6535904818639be2005c303baafcff
https://data.lpdaac.earthdatacloud.nasa.gov/lp-prod-protected/ECO_L2T_LSTE.002/ECOv002_L2T_LSTE_29077_013_12SUB_20230822T192701_0712_02/ECOv002_L2T_LSTE_29077_013_12SUB_20230822T192701_0712_02_QC.tif,ECO_L2T_LSTE.002,ECOv002_L2T_LSTE_29077_013_12SUB_20230822T192701_0712_02_QC.tif,2026-06-09,sha256:5127b81940d51d7d890a98688061d10b49924b4193ca26d8ee00abc62fc695d3
https://data.lpdaac.earthdatacloud.nasa.gov/lp-prod-protected/ECO_L2T_LSTE.002/ECOv002_L2T_LSTE_29077_013_12SUB_20230822T192701_0712_02/ECOv002_L2T_LSTE_29077_013_12SUB_20230822T192701_0712_02_LST.tif,ECO_L2T_LSTE.002,ECOv002_L2T_LSTE_29077_013_12SUB_20230822T192701_0712_02_LST.tif,2026-06-09,sha256:90a1c19f26531d35d19d6511354bb2b188ed3bad7e695e16622c0b49e413d954
https://data.lpdaac.earthdatacloud.nasa.gov/lp-prod-protected/ECO_L2T_LSTE.002/ECOv002_L2T_LSTE_29077_013_12SUC_20230822T192701_0712_02/ECOv002_L2T_LSTE_29077_013_12SUC_20230822T192701_0712_02_water.tif,ECO_L2T_LSTE.002,ECOv002_L2T_LSTE_29077_013_12SUC_20230822T192701_0712_02_water.tif,2026-06-09,sha256:c63765a579a6c5e3c94cc7c7a67b1e0113be8a5322ef5074dd7bef1fea87a2f0
https://data.lpdaac.earthdatacloud.nasa.gov/lp-prod-protected/ECO_L2T_LSTE.002/ECOv002_L2T_LSTE_29077_013_12SUC_20230822T192701_0712_02/ECOv002_L2T_LSTE_29077_013_12SUC_20230822T192701_0712_02_cloud.tif,ECO_L2T_LSTE.002,ECOv002_L2T_LSTE_29077_013_12SUC_20230822T192701_0712_02_cloud.tif,2026-06-09,sha256:bebf1952643e2069bc8dae70c7e25e7a42f967eee8057f2963489eee29a4b88b
https://data.lpdaac.earthdatacloud.nasa.gov/lp-prod-protected/ECO_L2T_LSTE.002/ECOv002_L2T_LSTE_29077_013_12SUC_20230822T192701_0712_02/ECOv002_L2T_LSTE_29077_013_12SUC_20230822T192701_0712_02_height.tif,ECO_L2T_LSTE.002,ECOv002_L2T_LSTE_29077_013_12SUC_20230822T192701_0712_02_height.tif,2026-06-09,sha256:7933bbadf903f5e4ea148629c7f177290307aa573d916878cd7e2d44c6a9ed5c
https://data.lpdaac.earthdatacloud.nasa.gov/lp-prod-protected/ECO_L2T_LSTE.002/ECOv002_L2T_LSTE_29077_013_12SUC_20230822T192701_0712_02/ECOv002_L2T_LSTE_29077_013_12SUC_20230822T192701_0712_02_QC.tif,ECO_L2T_LSTE.002,ECOv002_L2T_LSTE_29077_013_12SUC_20230822T192701_0712_02_QC.tif,2026-06-09,sha256:374e439437791fef6747a9c4ef2df6af08914e33db5ce0d4e8d7fe4c53cd5633
https://data.lpdaac.earthdatacloud.nasa.gov/lp-prod-protected/ECO_L2T_LSTE.002/ECOv002_L2T_LSTE_29077_013_12SUC_20230822T192701_0712_02/ECOv002_L2T_LSTE_29077_013_12SUC_20230822T192701_0712_02_LST.tif,ECO_L2T_LSTE.002,ECOv002_L2T_LSTE_29077_013_12SUC_20230822T192701_0712_02_LST.tif,2026-06-09,sha256:69934421d337e31a5ebe65b5f9765e39e66de4e41d7e82ec130f963748b5c1e2
https://data.lpdaac.earthdatacloud.nasa.gov/lp-prod-protected/ECO_L2T_LSTE.002/ECOv002_L2T_LSTE_29077_014_12SUC_20230822T192753_0710_01/ECOv002_L2T_LSTE_29077_014_12SUC_20230822T192753_0710_01_water.tif,ECO_L2T_LSTE.002,ECOv002_L2T_LSTE_29077_014_12SUC_20230822T192753_0710_01_water.tif,2026-06-09,sha256:19b97e037e00caa1d18493e95a27ec62b6623722a9699f55409e233b407db5f8
https://data.lpdaac.earthdatacloud.nasa.gov/lp-prod-protected/ECO_L2T_LSTE.002/ECOv002_L2T_LSTE_29077_014_12SUC_20230822T192753_0710_01/ECOv002_L2T_LSTE_29077_014_12SUC_20230822T192753_0710_01_cloud.tif,ECO_L2T_LSTE.002,ECOv002_L2T_LSTE_29077_014_12SUC_20230822T192753_0710_01_cloud.tif,2026-06-09,sha256:32d758e9ecc5288c9998a5e1cc52397ea1c3ecf0a0149c39de98083312d178b2
https://data.lpdaac.earthdatacloud.nasa.gov/lp-prod-protected/ECO_L2T_LSTE.002/ECOv002_L2T_LSTE_29077_014_12SUC_20230822T192753_0710_01/ECOv002_L2T_LSTE_29077_014_12SUC_20230822T192753_0710_01_LST.tif,ECO_L2T_LSTE.002,ECOv002_L2T_LSTE_29077_014_12SUC_20230822T192753_0710_01_LST.tif,2026-06-09,sha256:63b41e00528550d3f36e2cfb0a5704220c8895aa9fd2baf4f23de562f74b969c
https://data.lpdaac.earthdatacloud.nasa.gov/lp-prod-protected/ECO_L2T_LSTE.002/ECOv002_L2T_LSTE_29077_014_12SUC_20230822T192753_0710_01/ECOv002_L2T_LSTE_29077_014_12SUC_20230822T192753_0710_01_QC.tif,ECO_L2T_LSTE.002,ECOv002_L2T_LSTE_29077_014_12SUC_20230822T192753_0710_01_QC.tif,2026-06-09,sha256:80ae4694d279084569ec2929919f835779b3eddf0116d8c67b53670ecb7196b2
https://data.lpdaac.earthdatacloud.nasa.gov/lp-prod-protected/ECO_L2T_LSTE.002/ECOv002_L2T_LSTE_29077_014_12SUC_20230822T192753_0710_01/ECOv002_L2T_LSTE_29077_014_12SUC_20230822T192753_0710_01_height.tif,ECO_L2T_LSTE.002,ECOv002_L2T_LSTE_29077_014_12SUC_20230822T192753_0710_01_height.tif,2026-06-09,sha256:f2e6713b69596a995c12c94e0124588af56b169ce3a6f61dc41f6f1c7591be9c
https://data.lpdaac.earthdatacloud.nasa.gov/lp-prod-protected/ECO_L2T_LSTE.002/ECOv002_L2T_LSTE_29077_014_12SVB_20230822T192753_0710_01/ECOv002_L2T_LSTE_29077_014_12SVB_20230822T192753_0710_01_height.tif,ECO_L2T_LSTE.002,ECOv002_L2T_LSTE_29077_014_12SVB_20230822T192753_0710_01_height.tif,2026-06-09,sha256:8c584230f1a5e0f8556834837003234a1bfe5b04db1d45dd61513f442d558243
https://data.lpdaac.earthdatacloud.nasa.gov/lp-prod-protected/ECO_L2T_LSTE.002/ECOv002_L2T_LSTE_29077_014_12SVB_20230822T192753_0710_01/ECOv002_L2T_LSTE_29077_014_12SVB_20230822T192753_0710_01_water.tif,ECO_L2T_LSTE.002,ECOv002_L2T_LSTE_29077_014_12SVB_20230822T192753_0710_01_water.tif,2026-06-09,sha256:be1197abdd3ecc7f47eb2c0f4a217624ad25baa32ffb0eaf3dff2099861196aa
https://data.lpdaac.earthdatacloud.nasa.gov/lp-prod-protected/ECO_L2T_LSTE.002/ECOv002_L2T_LSTE_29077_014_12SVB_20230822T192753_0710_01/ECOv002_L2T_LSTE_29077_014_12SVB_20230822T192753_0710_01_QC.tif,ECO_L2T_LSTE.002,ECOv002_L2T_LSTE_29077_014_12SVB_20230822T192753_0710_01_QC.tif,2026-06-09,sha256:3727edf13eec786eb16efd7bc90599377154067f8d3dc813d3c908f76751c669
https://data.lpdaac.earthdatacloud.nasa.gov/lp-prod-protected/ECO_L2T_LSTE.002/ECOv002_L2T_LSTE_29077_014_12SVB_20230822T192753_0710_01/ECOv002_L2T_LSTE_29077_014_12SVB_20230822T192753_0710_01_cloud.tif,ECO_L2T_LSTE.002,ECOv002_L2T_LSTE_29077_014_12SVB_20230822T192753_0710_01_cloud.tif,2026-06-09,sha256:23665f415912eafd67ceda534e639fae4f2afb21376dc037c53eda36802ca31a
https://data.lpdaac.earthdatacloud.nasa.gov/lp-prod-protected/ECO_L2T_LSTE.002/ECOv002_L2T_LSTE_29077_014_12SVB_20230822T192753_0710_01/ECOv002_L2T_LSTE_29077_014_12SVB_20230822T192753_0710_01_LST.tif,ECO_L2T_LSTE.002,ECOv002_L2T_LSTE_29077_014_12SVB_20230822T192753_0710_01_LST.tif,2026-06-09,sha256:71643a639cc39dac06f0b745f849ee8ff4b72d53421252a304becd21ec2799c6
https://data.lpdaac.earthdatacloud.nasa.gov/lp-prod-protected/ECO_L2T_LSTE.002/ECOv002_L2T_LSTE_29077_014_12SUB_20230822T192753_0710_01/ECOv002_L2T_LSTE_29077_014_12SUB_20230822T192753_0710_01_cloud.tif,ECO_L2T_LSTE.002,ECOv002_L2T_LSTE_29077_014_12SUB_20230822T192753_0710_01_cloud.tif,2026-06-09,sha256:1e7d5e11fcafd30162077142c5e230830ea444d86a61536481ddcb7ed80c3460
https://data.lpdaac.earthdatacloud.nasa.gov/lp-prod-protected/ECO_L2T_LSTE.002/ECOv002_L2T_LSTE_29077_014_12SUB_20230822T192753_0710_01/ECOv002_L2T_LSTE_29077_014_12SUB_20230822T192753_0710_01_height.tif,ECO_L2T_LSTE.002,ECOv002_L2T_LSTE_29077_014_12SUB_20230822T192753_0710_01_height.tif,2026-06-09,sha256:5632e83046f8fe86a2f3699b419988f1b48348126a83711824f9168fb0bdd014
https://data.lpdaac.earthdatacloud.nasa.gov/lp-prod-protected/ECO_L2T_LSTE.002/ECOv002_L2T_LSTE_29077_014_12SUB_20230822T192753_0710_01/ECOv002_L2T_LSTE_29077_014_12SUB_20230822T192753_0710_01_water.tif,ECO_L2T_LSTE.002,ECOv002_L2T_LSTE_29077_014_12SUB_20230822T192753_0710_01_water.tif,2026-06-09,sha256:85faa88927c24911eeea1c961977382f813c481bfa6fef03ec26e4ebbd172d98
https://data.lpdaac.earthdatacloud.nasa.gov/lp-prod-protected/ECO_L2T_LSTE.002/ECOv002_L2T_LSTE_29077_014_12SUB_20230822T192753_0710_01/ECOv002_L2T_LSTE_29077_014_12SUB_20230822T192753_0710_01_LST.tif,ECO_L2T_LSTE.002,ECOv002_L2T_LSTE_29077_014_12SUB_20230822T192753_0710_01_LST.tif,2026-06-09,sha256:ef3b0c21fcb122dec0c5c9871d2dd0ffdcaf415477c69ab655fef1b487138e0c
https://data.lpdaac.earthdatacloud.nasa.gov/lp-prod-protected/ECO_L2T_LSTE.002/ECOv002_L2T_LSTE_29077_014_12SUB_20230822T192753_0710_01/ECOv002_L2T_LSTE_29077_014_12SUB_20230822T192753_0710_01_QC.tif,ECO_L2T_LSTE.002,ECOv002_L2T_LSTE_29077_014_12SUB_20230822T192753_0710_01_QC.tif,2026-06-09,sha256:0b0c82c3738b906629b0f1efa816dbfd2976e1be07a8b4a730b93a1c9c8b7d47
https://data.lpdaac.earthdatacloud.nasa.gov/lp-prod-protected/ECO_L2T_LSTE.002/ECOv002_L2T_LSTE_29077_014_12SUC_20230822T192753_0712_02/ECOv002_L2T_LSTE_29077_014_12SUC_20230822T192753_0712_02_water.tif,ECO_L2T_LSTE.002,ECOv002_L2T_LSTE_29077_014_12SUC_20230822T192753_0712_02_water.tif,2026-06-09,sha256:51fbc678523281f8df88bd8919c1afdbbb1fd27478366961602650e2a2fb6aac
https://data.lpdaac.earthdatacloud.nasa.gov/lp-prod-protected/ECO_L2T_LSTE.002/ECOv002_L2T_LSTE_29077_014_12SUC_20230822T192753_0712_02/ECOv002_L2T_LSTE_29077_014_12SUC_20230822T192753_0712_02_cloud.tif,ECO_L2T_LSTE.002,ECOv002_L2T_LSTE_29077_014_12SUC_20230822T192753_0712_02_cloud.tif,2026-06-09,sha256:995feb4e44f34f4cc262170b19d82b6e3767f591903de9665c1fccf2190e111a
https://data.lpdaac.earthdatacloud.nasa.gov/lp-prod-protected/ECO_L2T_LSTE.002/ECOv002_L2T_LSTE_29077_014_12SUC_20230822T192753_0712_02/ECOv002_L2T_LSTE_29077_014_12SUC_20230822T192753_0712_02_height.tif,ECO_L2T_LSTE.002,ECOv002_L2T_LSTE_29077_014_12SUC_20230822T192753_0712_02_height.tif,2026-06-09,sha256:f5b3c600865327af7e6ec38302fff03d1d74302a13f46e6e969204f102328d8d
https://data.lpdaac.earthdatacloud.nasa.gov/lp-prod-protected/ECO_L2T_LSTE.002/ECOv002_L2T_LSTE_29077_014_12SUC_20230822T192753_0712_02/ECOv002_L2T_LSTE_29077_014_12SUC_20230822T192753_0712_02_QC.tif,ECO_L2T_LSTE.002,ECOv002_L2T_LSTE_29077_014_12SUC_20230822T192753_0712_02_QC.tif,2026-06-09,sha256:5ec8ed5f1652c700249e0b01282223dee395a5b539a5f379ca71ec7b7e6bd8c3
https://data.lpdaac.earthdatacloud.nasa.gov/lp-prod-protected/ECO_L2T_LSTE.002/ECOv002_L2T_LSTE_29077_014_12SUC_20230822T192753_0712_02/ECOv002_L2T_LSTE_29077_014_12SUC_20230822T192753_0712_02_LST.tif,ECO_L2T_LSTE.002,ECOv002_L2T_LSTE_29077_014_12SUC_20230822T192753_0712_02_LST.tif,2026-06-09,sha256:5106c15d6ae3401215a01d071920767638a76102c2fa960586b31102cd9501c3
https://data.lpdaac.earthdatacloud.nasa.gov/lp-prod-protected/ECO_L2T_LSTE.002/ECOv002_L2T_LSTE_29077_014_12SVB_20230822T192753_0712_02/ECOv002_L2T_LSTE_29077_014_12SVB_20230822T192753_0712_02_water.tif,ECO_L2T_LSTE.002,ECOv002_L2T_LSTE_29077_014_12SVB_20230822T192753_0712_02_water.tif,2026-06-09,sha256:6734d04b86b38f3c8660c1f3af9d466c2c342103b9d4016a322eee40dfea4de5
https://data.lpdaac.earthdatacloud.nasa.gov/lp-prod-protected/ECO_L2T_LSTE.002/ECOv002_L2T_LSTE_29077_014_12SVB_20230822T192753_0712_02/ECOv002_L2T_LSTE_29077_014_12SVB_20230822T192753_0712_02_cloud.tif,ECO_L2T_LSTE.002,ECOv002_L2T_LSTE_29077_014_12SVB_20230822T192753_0712_02_cloud.tif,2026-06-09,sha256:0eec94f7bd9e0644c1084fdd37c6484250ecb564429688a607a808620bb77d98
https://data.lpdaac.earthdatacloud.nasa.gov/lp-prod-protected/ECO_L2T_LSTE.002/ECOv002_L2T_LSTE_29077_014_12SVB_20230822T192753_0712_02/ECOv002_L2T_LSTE_29077_014_12SVB_20230822T192753_0712_02_height.tif,ECO_L2T_LSTE.002,ECOv002_L2T_LSTE_29077_014_12SVB_20230822T192753_0712_02_height.tif,2026-06-09,sha256:dcbe221c6188730f41576fc34ab7773f320801daeb2dd535ba4e4816ebb214f9
https://data.lpdaac.earthdatacloud.nasa.gov/lp-prod-protected/ECO_L2T_LSTE.002/ECOv002_L2T_LSTE_29077_014_12SVB_20230822T192753_0712_02/ECOv002_L2T_LSTE_29077_014_12SVB_20230822T192753_0712_02_QC.tif,ECO_L2T_LSTE.002,ECOv002_L2T_LSTE_29077_014_12SVB_20230822T192753_0712_02_QC.tif,2026-06-09,sha256:1bdeb33204cb26da8075cf45aa5e0f29b2b242fe10dbac18e177863f1b4ade53
https://data.lpdaac.earthdatacloud.nasa.gov/lp-prod-protected/ECO_L2T_LSTE.002/ECOv002_L2T_LSTE_29077_014_12SVB_20230822T192753_0712_02/ECOv002_L2T_LSTE_29077_014_12SVB_20230822T192753_0712_02_LST.tif,ECO_L2T_LSTE.002,ECOv002_L2T_LSTE_29077_014_12SVB_20230822T192753_0712_02_LST.tif,2026-06-09,sha256:9f6d6ffa663998ebf2431dc0558984446f9ee2cd441f944dbf607db23a3882ee
https://data.lpdaac.earthdatacloud.nasa.gov/lp-prod-protected/ECO_L2T_LSTE.002/ECOv002_L2T_LSTE_29077_014_12SUB_20230822T192753_0712_02/ECOv002_L2T_LSTE_29077_014_12SUB_20230822T192753_0712_02_water.tif,ECO_L2T_LSTE.002,ECOv002_L2T_LSTE_29077_014_12SUB_20230822T192753_0712_02_water.tif,2026-06-09,sha256:1787b85d9d0114781030d285227e2c0e977addfc4490f857733c352bbb15d86c
https://data.lpdaac.earthdatacloud.nasa.gov/lp-prod-protected/ECO_L2T_LSTE.002/ECOv002_L2T_LSTE_29077_014_12SUB_20230822T192753_0712_02/ECOv002_L2T_LSTE_29077_014_12SUB_20230822T192753_0712_02_cloud.tif,ECO_L2T_LSTE.002,ECOv002_L2T_LSTE_29077_014_12SUB_20230822T192753_0712_02_cloud.tif,2026-06-09,sha256:35bbfbb69e77ec093fcaf427195652566b60012ed4f289fbc301c0b6d735e8e8
https://data.lpdaac.earthdatacloud.nasa.gov/lp-prod-protected/ECO_L2T_LSTE.002/ECOv002_L2T_LSTE_29077_014_12SUB_20230822T192753_0712_02/ECOv002_L2T_LSTE_29077_014_12SUB_20230822T192753_0712_02_height.tif,ECO_L2T_LSTE.002,ECOv002_L2T_LSTE_29077_014_12SUB_20230822T192753_0712_02_height.tif,2026-06-09,sha256:df1ccee139d479b4b94a32d5006349466d5fd6c0749764934428ac52868ce0d9
https://data.lpdaac.earthdatacloud.nasa.gov/lp-prod-protected/ECO_L2T_LSTE.002/ECOv002_L2T_LSTE_29077_014_12SUB_20230822T192753_0712_02/ECOv002_L2T_LSTE_29077_014_12SUB_20230822T192753_0712_02_QC.tif,ECO_L2T_LSTE.002,ECOv002_L2T_LSTE_29077_014_12SUB_20230822T192753_0712_02_QC.tif,2026-06-09,sha256:3875630831203abe3e7574891e7b68e7edd8149db0658ddfba581abfc9beca9e
https://data.lpdaac.earthdatacloud.nasa.gov/lp-prod-protected/ECO_L2T_LSTE.002/ECOv002_L2T_LSTE_29077_014_12SUB_20230822T192753_0712_02/ECOv002_L2T_LSTE_29077_014_12SUB_20230822T192753_0712_02_LST.tif,ECO_L2T_LSTE.002,ECOv002_L2T_LSTE_29077_014_12SUB_20230822T192753_0712_02_LST.tif,2026-06-09,sha256:da70020709f18473896f07934cca6689b7b85a9e5e047fdf8d9a9a6177585be9
https://data.lpdaac.earthdatacloud.nasa.gov/lp-prod-protected/ECO_L2T_LSTE.002/ECOv002_L2T_LSTE_29092_011_12SUB_20230823T183859_0710_01/ECOv002_L2T_LSTE_29092_011_12SUB_20230823T183859_0710_01_water.tif,ECO_L2T_LSTE.002,ECOv002_L2T_LSTE_29092_011_12SUB_20230823T183859_0710_01_water.tif,2026-06-09,sha256:14bcc05aa15f5b81c37f349a648f1bb50584e74d4bc4499c515cdab1ae3b9793
https://data.lpdaac.earthdatacloud.nasa.gov/lp-prod-protected/ECO_L2T_LSTE.002/ECOv002_L2T_LSTE_29092_011_12SUB_20230823T183859_0710_01/ECOv002_L2T_LSTE_29092_011_12SUB_20230823T183859_0710_01_cloud.tif,ECO_L2T_LSTE.002,ECOv002_L2T_LSTE_29092_011_12SUB_20230823T183859_0710_01_cloud.tif,2026-06-09,sha256:7a99cdc41ce747b0d2d6c79fa1a936c3b0f004790e3fd0d36331fc68d98c2caf
https://data.lpdaac.earthdatacloud.nasa.gov/lp-prod-protected/ECO_L2T_LSTE.002/ECOv002_L2T_LSTE_29092_011_12SUB_20230823T183859_0710_01/ECOv002_L2T_LSTE_29092_011_12SUB_20230823T183859_0710_01_height.tif,ECO_L2T_LSTE.002,ECOv002_L2T_LSTE_29092_011_12SUB_20230823T183859_0710_01_height.tif,2026-06-09,sha256:497edba1b3e97195d6c5e0a558b6a7bb83b4e869a160b1d7a085e06686d6bb75
https://data.lpdaac.earthdatacloud.nasa.gov/lp-prod-protected/ECO_L2T_LSTE.002/ECOv002_L2T_LSTE_29092_011_12SUB_20230823T183859_0710_01/ECOv002_L2T_LSTE_29092_011_12SUB_20230823T183859_0710_01_LST.tif,ECO_L2T_LSTE.002,ECOv002_L2T_LSTE_29092_011_12SUB_20230823T183859_0710_01_LST.tif,2026-06-09,sha256:072c97544cf1282faac2d9c68c54897ccd15b25b4db61b709071abb5280f7be7
https://data.lpdaac.earthdatacloud.nasa.gov/lp-prod-protected/ECO_L2T_LSTE.002/ECOv002_L2T_LSTE_29092_011_12SUB_20230823T183859_0710_01/ECOv002_L2T_LSTE_29092_011_12SUB_20230823T183859_0710_01_QC.tif,ECO_L2T_LSTE.002,ECOv002_L2T_LSTE_29092_011_12SUB_20230823T183859_0710_01_QC.tif,2026-06-09,sha256:d0cbb137dafc021a12339aa87f65bd62de5718eb061a14af96123523cc46831e
https://data.lpdaac.earthdatacloud.nasa.gov/lp-prod-protected/ECO_L2T_LSTE.002/ECOv002_L2T_LSTE_29092_011_12SUC_20230823T183859_0710_01/ECOv002_L2T_LSTE_29092_011_12SUC_20230823T183859_0710_01_water.tif,ECO_L2T_LSTE.002,ECOv002_L2T_LSTE_29092_011_12SUC_20230823T183859_0710_01_water.tif,2026-06-09,sha256:4e274d7842dc5fedcbb49f207234e0c600dcce591527b6b4f90c1b0f6bff5a6a
https://data.lpdaac.earthdatacloud.nasa.gov/lp-prod-protected/ECO_L2T_LSTE.002/ECOv002_L2T_LSTE_29092_011_12SUC_20230823T183859_0710_01/ECOv002_L2T_LSTE_29092_011_12SUC_20230823T183859_0710_01_cloud.tif,ECO_L2T_LSTE.002,ECOv002_L2T_LSTE_29092_011_12SUC_20230823T183859_0710_01_cloud.tif,2026-06-09,sha256:e439bfa0566670798dad8cd8879fe600c500544e12d393923a727c3fcc005870
https://data.lpdaac.earthdatacloud.nasa.gov/lp-prod-protected/ECO_L2T_LSTE.002/ECOv002_L2T_LSTE_29092_011_12SUC_20230823T183859_0710_01/ECOv002_L2T_LSTE_29092_011_12SUC_20230823T183859_0710_01_QC.tif,ECO_L2T_LSTE.002,ECOv002_L2T_LSTE_29092_011_12SUC_20230823T183859_0710_01_QC.tif,2026-06-09,sha256:7e8d5dcd9c301702ee8a4ded74cca17552d4d1d11d6d5ce0d24f07edf013f631
https://data.lpdaac.earthdatacloud.nasa.gov/lp-prod-protected/ECO_L2T_LSTE.002/ECOv002_L2T_LSTE_29092_011_12SUC_20230823T183859_0710_01/ECOv002_L2T_LSTE_29092_011_12SUC_20230823T183859_0710_01_height.tif,ECO_L2T_LSTE.002,ECOv002_L2T_LSTE_29092_011_12SUC_20230823T183859_0710_01_height.tif,2026-06-09,sha256:092a3abb5f55413d59c61209ab1249c7b153a905c5cc0260eea61542be36c5f9
https://data.lpdaac.earthdatacloud.nasa.gov/lp-prod-protected/ECO_L2T_LSTE.002/ECOv002_L2T_LSTE_29092_011_12SUC_20230823T183859_0710_01/ECOv002_L2T_LSTE_29092_011_12SUC_20230823T183859_0710_01_LST.tif,ECO_L2T_LSTE.002,ECOv002_L2T_LSTE_29092_011_12SUC_20230823T183859_0710_01_LST.tif,2026-06-09,sha256:4a470ec18bf00af658e4b72f84e20cc69ae2ac6294e456b4509c4ce394e60b83
https://data.lpdaac.earthdatacloud.nasa.gov/lp-prod-protected/ECO_L2T_LSTE.002/ECOv002_L2T_LSTE_29092_011_12SVC_20230823T183859_0710_01/ECOv002_L2T_LSTE_29092_011_12SVC_20230823T183859_0710_01_LST.tif,ECO_L2T_LSTE.002,ECOv002_L2T_LSTE_29092_011_12SVC_20230823T183859_0710_01_LST.tif,2026-06-09,sha256:8deda83635fc849b5a692bd476f5613a480131cef71e14006a57632009d0b035
https://data.lpdaac.earthdatacloud.nasa.gov/lp-prod-protected/ECO_L2T_LSTE.002/ECOv002_L2T_LSTE_29092_011_12SVC_20230823T183859_0710_01/ECOv002_L2T_LSTE_29092_011_12SVC_20230823T183859_0710_01_water.tif,ECO_L2T_LSTE.002,ECOv002_L2T_LSTE_29092_011_12SVC_20230823T183859_0710_01_water.tif,2026-06-09,sha256:f86329d725b31ecde82f7452b80943280cc8621252db7bf36f3e1a38520a4cce
https://data.lpdaac.earthdatacloud.nasa.gov/lp-prod-protected/ECO_L2T_LSTE.002/ECOv002_L2T_LSTE_29092_011_12SVC_20230823T183859_0710_01/ECOv002_L2T_LSTE_29092_011_12SVC_20230823T183859_0710_01_cloud.tif,ECO_L2T_LSTE.002,ECOv002_L2T_LSTE_29092_011_12SVC_20230823T183859_0710_01_cloud.tif,2026-06-09,sha256:d4f3d7db127a59cbb2df831b37aeaa4fdb0a33d7c92a3770fc533751831748ff
https://data.lpdaac.earthdatacloud.nasa.gov/lp-prod-protected/ECO_L2T_LSTE.002/ECOv002_L2T_LSTE_29092_011_12SVC_20230823T183859_0710_01/ECOv002_L2T_LSTE_29092_011_12SVC_20230823T183859_0710_01_height.tif,ECO_L2T_LSTE.002,ECOv002_L2T_LSTE_29092_011_12SVC_20230823T183859_0710_01_height.tif,2026-06-09,sha256:83c666bf01ff9f4ab69776663be4332fa0f0480d6952f1dc5e8878c668d0ba29
https://data.lpdaac.earthdatacloud.nasa.gov/lp-prod-protected/ECO_L2T_LSTE.002/ECOv002_L2T_LSTE_29092_011_12SVC_20230823T183859_0710_01/ECOv002_L2T_LSTE_29092_011_12SVC_20230823T183859_0710_01_QC.tif,ECO_L2T_LSTE.002,ECOv002_L2T_LSTE_29092_011_12SVC_20230823T183859_0710_01_QC.tif,2026-06-09,sha256:45783bf5748871a8e2ed3a9a51060e6704c90b8743de2bfa67f8a57c83fc3288
https://data.lpdaac.earthdatacloud.nasa.gov/lp-prod-protected/ECO_L2T_LSTE.002/ECOv002_L2T_LSTE_29092_011_12SUB_20230823T183859_0712_02/ECOv002_L2T_LSTE_29092_011_12SUB_20230823T183859_0712_02_water.tif,ECO_L2T_LSTE.002,ECOv002_L2T_LSTE_29092_011_12SUB_20230823T183859_0712_02_water.tif,2026-06-09,sha256:009bfbe934bc0478f3ad1c4fb1402968ef976f725278f6ccf42325a5a8975a8f
https://data.lpdaac.earthdatacloud.nasa.gov/lp-prod-protected/ECO_L2T_LSTE.002/ECOv002_L2T_LSTE_29092_011_12SUB_20230823T183859_0712_02/ECOv002_L2T_LSTE_29092_011_12SUB_20230823T183859_0712_02_cloud.tif,ECO_L2T_LSTE.002,ECOv002_L2T_LSTE_29092_011_12SUB_20230823T183859_0712_02_cloud.tif,2026-06-09,sha256:7720039b16ad22cd6e50297a85cf5d7b4b8a7e1a76450e91a6c2fb65be996206
https://data.lpdaac.earthdatacloud.nasa.gov/lp-prod-protected/ECO_L2T_LSTE.002/ECOv002_L2T_LSTE_29092_011_12SUB_20230823T183859_0712_02/ECOv002_L2T_LSTE_29092_011_12SUB_20230823T183859_0712_02_height.tif,ECO_L2T_LSTE.002,ECOv002_L2T_LSTE_29092_011_12SUB_20230823T183859_0712_02_height.tif,2026-06-09,sha256:0a61ef098cc648fdc7774d1b33b465bbb7c7620b3539253a6c5abfd919b110bf
https://data.lpdaac.earthdatacloud.nasa.gov/lp-prod-protected/ECO_L2T_LSTE.002/ECOv002_L2T_LSTE_29092_011_12SUB_20230823T183859_0712_02/ECOv002_L2T_LSTE_29092_011_12SUB_20230823T183859_0712_02_QC.tif,ECO_L2T_LSTE.002,ECOv002_L2T_LSTE_29092_011_12SUB_20230823T183859_0712_02_QC.tif,2026-06-09,sha256:3793d775a24b37a2f5f213b0234934051c79007e69e41e9b35aed68de09cf2b5
https://data.lpdaac.earthdatacloud.nasa.gov/lp-prod-protected/ECO_L2T_LSTE.002/ECOv002_L2T_LSTE_29092_011_12SUB_20230823T183859_0712_02/ECOv002_L2T_LSTE_29092_011_12SUB_20230823T183859_0712_02_LST.tif,ECO_L2T_LSTE.002,ECOv002_L2T_LSTE_29092_011_12SUB_20230823T183859_0712_02_LST.tif,2026-06-09,sha256:757004f5478b8c8bdcc6c1ff8110bd15e3cb9f7150aae45737c9b834d23994f7
https://data.lpdaac.earthdatacloud.nasa.gov/lp-prod-protected/ECO_L2T_LSTE.002/ECOv002_L2T_LSTE_29092_011_12SUC_20230823T183859_0712_02/ECOv002_L2T_LSTE_29092_011_12SUC_20230823T183859_0712_02_water.tif,ECO_L2T_LSTE.002,ECOv002_L2T_LSTE_29092_011_12SUC_20230823T183859_0712_02_water.tif,2026-06-09,sha256:ce47bdaebae0073151ac9c7995c6361ca7dea292f4282746bb33d79bf42dc1f4
https://data.lpdaac.earthdatacloud.nasa.gov/lp-prod-protected/ECO_L2T_LSTE.002/ECOv002_L2T_LSTE_29092_011_12SUC_20230823T183859_0712_02/ECOv002_L2T_LSTE_29092_011_12SUC_20230823T183859_0712_02_cloud.tif,ECO_L2T_LSTE.002,ECOv002_L2T_LSTE_29092_011_12SUC_20230823T183859_0712_02_cloud.tif,2026-06-09,sha256:7f7af886bcdaf70939a120f14286b15020d6fb4f6f823e6b86604a6b38aeefab
https://data.lpdaac.earthdatacloud.nasa.gov/lp-prod-protected/ECO_L2T_LSTE.002/ECOv002_L2T_LSTE_29092_011_12SUC_20230823T183859_0712_02/ECOv002_L2T_LSTE_29092_011_12SUC_20230823T183859_0712_02_height.tif,ECO_L2T_LSTE.002,ECOv002_L2T_LSTE_29092_011_12SUC_20230823T183859_0712_02_height.tif,2026-06-09,sha256:e63b178fb3561b9c038866ffe4ffbe76dc9752a3f9cbc0813afc5e0e8e8a5419
https://data.lpdaac.earthdatacloud.nasa.gov/lp-prod-protected/ECO_L2T_LSTE.002/ECOv002_L2T_LSTE_29092_011_12SUC_20230823T183859_0712_02/ECOv002_L2T_LSTE_29092_011_12SUC_20230823T183859_0712_02_QC.tif,ECO_L2T_LSTE.002,ECOv002_L2T_LSTE_29092_011_12SUC_20230823T183859_0712_02_QC.tif,2026-06-09,sha256:8e61bcbf3f5da450616b6c717c7f2e9732a1de2face6dafa49b4a65d3f7a03d1
https://data.lpdaac.earthdatacloud.nasa.gov/lp-prod-protected/ECO_L2T_LSTE.002/ECOv002_L2T_LSTE_29092_011_12SUC_20230823T183859_0712_02/ECOv002_L2T_LSTE_29092_011_12SUC_20230823T183859_0712_02_LST.tif,ECO_L2T_LSTE.002,ECOv002_L2T_LSTE_29092_011_12SUC_20230823T183859_0712_02_LST.tif,2026-06-09,sha256:64b9ddf6ac7fa27821afde6e5b0259b326dd9a455cc26f17b9b0c04048981778
https://data.lpdaac.earthdatacloud.nasa.gov/lp-prod-protected/ECO_L2T_LSTE.002/ECOv002_L2T_LSTE_29092_011_12SVC_20230823T183859_0712_02/ECOv002_L2T_LSTE_29092_011_12SVC_20230823T183859_0712_02_water.tif,ECO_L2T_LSTE.002,ECOv002_L2T_LSTE_29092_011_12SVC_20230823T183859_0712_02_water.tif,2026-06-09,sha256:39acdc97d01fde21ee846bcbd040629f5812a1c6d69cefe5175fa2065d772ed8
https://data.lpdaac.earthdatacloud.nasa.gov/lp-prod-protected/ECO_L2T_LSTE.002/ECOv002_L2T_LSTE_29092_011_12SVC_20230823T183859_0712_02/ECOv002_L2T_LSTE_29092_011_12SVC_20230823T183859_0712_02_cloud.tif,ECO_L2T_LSTE.002,ECOv002_L2T_LSTE_29092_011_12SVC_20230823T183859_0712_02_cloud.tif,2026-06-09,sha256:9ca72edfd2e956d12e39ee1bcf1a56cb3888e7e59d0c25a184af147536ca47cc
https://data.lpdaac.earthdatacloud.nasa.gov/lp-prod-protected/ECO_L2T_LSTE.002/ECOv002_L2T_LSTE_29092_011_12SVC_20230823T183859_0712_02/ECOv002_L2T_LSTE_29092_011_12SVC_20230823T183859_0712_02_height.tif,ECO_L2T_LSTE.002,ECOv002_L2T_LSTE_29092_011_12SVC_20230823T183859_0712_02_height.tif,2026-06-09,sha256:b5f2d5fe8a99226f1c3c1743b47a34db97b92c9c94701513a9353f78aba30241
https://data.lpdaac.earthdatacloud.nasa.gov/lp-prod-protected/ECO_L2T_LSTE.002/ECOv002_L2T_LSTE_29092_011_12SVC_20230823T183859_0712_02/ECOv002_L2T_LSTE_29092_011_12SVC_20230823T183859_0712_02_QC.tif,ECO_L2T_LSTE.002,ECOv002_L2T_LSTE_29092_011_12SVC_20230823T183859_0712_02_QC.tif,2026-06-09,sha256:02e3172cef2ec4b5c3bddbea9f6c5d55d7d53f159be60434c6604f37735b52a4
https://data.lpdaac.earthdatacloud.nasa.gov/lp-prod-protected/ECO_L2T_LSTE.002/ECOv002_L2T_LSTE_29092_011_12SVC_20230823T183859_0712_02/ECOv002_L2T_LSTE_29092_011_12SVC_20230823T183859_0712_02_LST.tif,ECO_L2T_LSTE.002,ECOv002_L2T_LSTE_29092_011_12SVC_20230823T183859_0712_02_LST.tif,2026-06-09,sha256:2843f8f3d495eebc5af07a913b3bcd63ae234d0583c18610bf20a0cb882fb398
https://data.lpdaac.earthdatacloud.nasa.gov/lp-prod-protected/ECO_L2T_LSTE.002/ECOv002_L2T_LSTE_29092_012_12SUC_20230823T183951_0710_01/ECOv002_L2T_LSTE_29092_012_12SUC_20230823T183951_0710_01_water.tif,ECO_L2T_LSTE.002,ECOv002_L2T_LSTE_29092_012_12SUC_20230823T183951_0710_01_water.tif,2026-06-09,sha256:da85ceb29dd26056fde2ee7e50e28d10599e5f1d992bb47ae7dd60a53e786e1e
https://data.lpdaac.earthdatacloud.nasa.gov/lp-prod-protected/ECO_L2T_LSTE.002/ECOv002_L2T_LSTE_29092_012_12SUC_20230823T183951_0710_01/ECOv002_L2T_LSTE_29092_012_12SUC_20230823T183951_0710_01_QC.tif,ECO_L2T_LSTE.002,ECOv002_L2T_LSTE_29092_012_12SUC_20230823T183951_0710_01_QC.tif,2026-06-09,sha256:d585a963c61c43c1b16b29d515302b9621ed4ab0819c082510c2179ea85c976a
https://data.lpdaac.earthdatacloud.nasa.gov/lp-prod-protected/ECO_L2T_LSTE.002/ECOv002_L2T_LSTE_29092_012_12SUC_20230823T183951_0710_01/ECOv002_L2T_LSTE_29092_012_12SUC_20230823T183951_0710_01_LST.tif,ECO_L2T_LSTE.002,ECOv002_L2T_LSTE_29092_012_12SUC_20230823T183951_0710_01_LST.tif,2026-06-09,sha256:737c032faf35dc21c1c28d311223013c7686014747efecf7e1785614f6dfbc8a
https://data.lpdaac.earthdatacloud.nasa.gov/lp-prod-protected/ECO_L2T_LSTE.002/ECOv002_L2T_LSTE_29092_012_12SUC_20230823T183951_0710_01/ECOv002_L2T_LSTE_29092_012_12SUC_20230823T183951_0710_01_cloud.tif,ECO_L2T_LSTE.002,ECOv002_L2T_LSTE_29092_012_12SUC_20230823T183951_0710_01_cloud.tif,2026-06-09,sha256:fcd2a2dbc28b8aa3a1eae2e80e10f26196a820b1b8fdf92ba8e7096da4cef08f
https://data.lpdaac.earthdatacloud.nasa.gov/lp-prod-protected/ECO_L2T_LSTE.002/ECOv002_L2T_LSTE_29092_012_12SUC_20230823T183951_0710_01/ECOv002_L2T_LSTE_29092_012_12SUC_20230823T183951_0710_01_height.tif,ECO_L2T_LSTE.002,ECOv002_L2T_LSTE_29092_012_12SUC_20230823T183951_0710_01_height.tif,2026-06-09,sha256:15abc5868ef852b9019df51c45b156343cf69a539f97e9db2a3923073184b59d
https://data.lpdaac.earthdatacloud.nasa.gov/lp-prod-protected/ECO_L2T_LSTE.002/ECOv002_L2T_LSTE_29092_012_12SVC_20230823T183951_0710_01/ECOv002_L2T_LSTE_29092_012_12SVC_20230823T183951_0710_01_water.tif,ECO_L2T_LSTE.002,ECOv002_L2T_LSTE_29092_012_12SVC_20230823T183951_0710_01_water.tif,2026-06-09,sha256:3978d3473369a0a5255e22268595381d5dbace066d3dc703fb45802532f2d997
https://data.lpdaac.earthdatacloud.nasa.gov/lp-prod-protected/ECO_L2T_LSTE.002/ECOv002_L2T_LSTE_29092_012_12SVC_20230823T183951_0710_01/ECOv002_L2T_LSTE_29092_012_12SVC_20230823T183951_0710_01_QC.tif,ECO_L2T_LSTE.002,ECOv002_L2T_LSTE_29092_012_12SVC_20230823T183951_0710_01_QC.tif,2026-06-09,sha256:92d0546a96a1fe8a4c49c6f3e9f5afbf78d1a811a5b66d5cc22b5617cc5b2b20
https://data.lpdaac.earthdatacloud.nasa.gov/lp-prod-protected/ECO_L2T_LSTE.002/ECOv002_L2T_LSTE_29092_012_12SVC_20230823T183951_0710_01/ECOv002_L2T_LSTE_29092_012_12SVC_20230823T183951_0710_01_cloud.tif,ECO_L2T_LSTE.002,ECOv002_L2T_LSTE_29092_012_12SVC_20230823T183951_0710_01_cloud.tif,2026-06-09,sha256:2ea2c0d07d450c589059f64f11f4627e65893121fbbc66c3ea35add28bdeb883
https://data.lpdaac.earthdatacloud.nasa.gov/lp-prod-protected/ECO_L2T_LSTE.002/ECOv002_L2T_LSTE_29092_012_12SVC_20230823T183951_0710_01/ECOv002_L2T_LSTE_29092_012_12SVC_20230823T183951_0710_01_height.tif,ECO_L2T_LSTE.002,ECOv002_L2T_LSTE_29092_012_12SVC_20230823T183951_0710_01_height.tif,2026-06-09,sha256:82c6cabafb21e66f99bcb8dc80214ba28de405d51bd4cec213233ca92142686e
https://data.lpdaac.earthdatacloud.nasa.gov/lp-prod-protected/ECO_L2T_LSTE.002/ECOv002_L2T_LSTE_29092_012_12SVC_20230823T183951_0710_01/ECOv002_L2T_LSTE_29092_012_12SVC_20230823T183951_0710_01_LST.tif,ECO_L2T_LSTE.002,ECOv002_L2T_LSTE_29092_012_12SVC_20230823T183951_0710_01_LST.tif,2026-06-09,sha256:6b486d647c61dae4aba938cab0ef48bb133c4ae97a3ed5430de1c300cb13cc24
https://data.lpdaac.earthdatacloud.nasa.gov/lp-prod-protected/ECO_L2T_LSTE.002/ECOv002_L2T_LSTE_29092_012_12SUB_20230823T183951_0710_01/ECOv002_L2T_LSTE_29092_012_12SUB_20230823T183951_0710_01_water.tif,ECO_L2T_LSTE.002,ECOv002_L2T_LSTE_29092_012_12SUB_20230823T183951_0710_01_water.tif,2026-06-09,sha256:bc3ddd1543d6cc6558556907d9a1c405886608906578ff2ba1d6d8b60ad88fe6
https://data.lpdaac.earthdatacloud.nasa.gov/lp-prod-protected/ECO_L2T_LSTE.002/ECOv002_L2T_LSTE_29092_012_12SUB_20230823T183951_0710_01/ECOv002_L2T_LSTE_29092_012_12SUB_20230823T183951_0710_01_cloud.tif,ECO_L2T_LSTE.002,ECOv002_L2T_LSTE_29092_012_12SUB_20230823T183951_0710_01_cloud.tif,2026-06-09,sha256:f2fc941d3489237e38c63e768b0be3f9176bd2c5dc4dd4d44d0b3f59f3b28f0a
https://data.lpdaac.earthdatacloud.nasa.gov/lp-prod-protected/ECO_L2T_LSTE.002/ECOv002_L2T_LSTE_29092_012_12SUB_20230823T183951_0710_01/ECOv002_L2T_LSTE_29092_012_12SUB_20230823T183951_0710_01_height.tif,ECO_L2T_LSTE.002,ECOv002_L2T_LSTE_29092_012_12SUB_20230823T183951_0710_01_height.tif,2026-06-09,sha256:68416b9bb05270da855c01d366701d96aac6571982fde71332a5838f318a0935
https://data.lpdaac.earthdatacloud.nasa.gov/lp-prod-protected/ECO_L2T_LSTE.002/ECOv002_L2T_LSTE_29092_012_12SUB_20230823T183951_0710_01/ECOv002_L2T_LSTE_29092_012_12SUB_20230823T183951_0710_01_LST.tif,ECO_L2T_LSTE.002,ECOv002_L2T_LSTE_29092_012_12SUB_20230823T183951_0710_01_LST.tif,2026-06-09,sha256:7ee325bf729b8d692aa2c5a081a2fd131b06fd0af59c5549c5c5ba1b63560220
https://data.lpdaac.earthdatacloud.nasa.gov/lp-prod-protected/ECO_L2T_LSTE.002/ECOv002_L2T_LSTE_29092_012_12SUB_20230823T183951_0710_01/ECOv002_L2T_LSTE_29092_012_12SUB_20230823T183951_0710_01_QC.tif,ECO_L2T_LSTE.002,ECOv002_L2T_LSTE_29092_012_12SUB_20230823T183951_0710_01_QC.tif,2026-06-09,sha256:869edb3cb159b4d92c32add8c13160d02676a43411062dce674738a6ff998628
https://data.lpdaac.earthdatacloud.nasa.gov/lp-prod-protected/ECO_L2T_LSTE.002/ECOv002_L2T_LSTE_29092_012_12SUB_20230823T183951_0712_02/ECOv002_L2T_LSTE_29092_012_12SUB_20230823T183951_0712_02_water.tif,ECO_L2T_LSTE.002,ECOv002_L2T_LSTE_29092_012_12SUB_20230823T183951_0712_02_water.tif,2026-06-09,sha256:25e5321741353ab478440c8e1109febdc2287f8c8d7a622aa5de996535f32d70
https://data.lpdaac.earthdatacloud.nasa.gov/lp-prod-protected/ECO_L2T_LSTE.002/ECOv002_L2T_LSTE_29092_012_12SUB_20230823T183951_0712_02/ECOv002_L2T_LSTE_29092_012_12SUB_20230823T183951_0712_02_cloud.tif,ECO_L2T_LSTE.002,ECOv002_L2T_LSTE_29092_012_12SUB_20230823T183951_0712_02_cloud.tif,2026-06-09,sha256:df983281cbd8c2e20073fb738697798c88f86612471b16eb868f6a187bef5996
https://data.lpdaac.earthdatacloud.nasa.gov/lp-prod-protected/ECO_L2T_LSTE.002/ECOv002_L2T_LSTE_29092_012_12SUB_20230823T183951_0712_02/ECOv002_L2T_LSTE_29092_012_12SUB_20230823T183951_0712_02_height.tif,ECO_L2T_LSTE.002,ECOv002_L2T_LSTE_29092_012_12SUB_20230823T183951_0712_02_height.tif,2026-06-09,sha256:e37352d20d550e044e374ec9543fd12c55895f60125e11955ea681b74948c088
https://data.lpdaac.earthdatacloud.nasa.gov/lp-prod-protected/ECO_L2T_LSTE.002/ECOv002_L2T_LSTE_29092_012_12SUB_20230823T183951_0712_02/ECOv002_L2T_LSTE_29092_012_12SUB_20230823T183951_0712_02_QC.tif,ECO_L2T_LSTE.002,ECOv002_L2T_LSTE_29092_012_12SUB_20230823T183951_0712_02_QC.tif,2026-06-09,sha256:24e9191f7018d530a2996ad398f5e95941a4447ec2e46f6b55dec16726f68bdf
https://data.lpdaac.earthdatacloud.nasa.gov/lp-prod-protected/ECO_L2T_LSTE.002/ECOv002_L2T_LSTE_29092_012_12SUB_20230823T183951_0712_02/ECOv002_L2T_LSTE_29092_012_12SUB_20230823T183951_0712_02_LST.tif,ECO_L2T_LSTE.002,ECOv002_L2T_LSTE_29092_012_12SUB_20230823T183951_0712_02_LST.tif,2026-06-09,sha256:46af69a702017c627418f0f6319dbb3e4791e9237f2eedf8a354d53214f8d930
https://data.lpdaac.earthdatacloud.nasa.gov/lp-prod-protected/ECO_L2T_LSTE.002/ECOv002_L2T_LSTE_29092_012_12SVB_20230823T183951_0712_02/ECOv002_L2T_LSTE_29092_012_12SVB_20230823T183951_0712_02_water.tif,ECO_L2T_LSTE.002,ECOv002_L2T_LSTE_29092_012_12SVB_20230823T183951_0712_02_water.tif,2026-06-09,sha256:c7ebe6e30686514d63c4f1a355cfb6b2d4000705ba799b62323a657ea399c7d9
https://data.lpdaac.earthdatacloud.nasa.gov/lp-prod-protected/ECO_L2T_LSTE.002/ECOv002_L2T_LSTE_29092_012_12SVB_20230823T183951_0712_02/ECOv002_L2T_LSTE_29092_012_12SVB_20230823T183951_0712_02_cloud.tif,ECO_L2T_LSTE.002,ECOv002_L2T_LSTE_29092_012_12SVB_20230823T183951_0712_02_cloud.tif,2026-06-09,sha256:d13e054586b13beb496755bfdcbe500983c66b5b6618f12704db530a5c19eeb2
https://data.lpdaac.earthdatacloud.nasa.gov/lp-prod-protected/ECO_L2T_LSTE.002/ECOv002_L2T_LSTE_29092_012_12SVB_20230823T183951_0712_02/ECOv002_L2T_LSTE_29092_012_12SVB_20230823T183951_0712_02_height.tif,ECO_L2T_LSTE.002,ECOv002_L2T_LSTE_29092_012_12SVB_20230823T183951_0712_02_height.tif,2026-06-09,sha256:ac95522791a6a729b5f105f3aa0e9ba3b9f3031f7d1e19f219be036e32b061b8
https://data.lpdaac.earthdatacloud.nasa.gov/lp-prod-protected/ECO_L2T_LSTE.002/ECOv002_L2T_LSTE_29092_012_12SVB_20230823T183951_0712_02/ECOv002_L2T_LSTE_29092_012_12SVB_20230823T183951_0712_02_QC.tif,ECO_L2T_LSTE.002,ECOv002_L2T_LSTE_29092_012_12SVB_20230823T183951_0712_02_QC.tif,2026-06-09,sha256:7114b10c4d7d10a31372bce629d713512ad4d7bcdc56faf32186879ffe1bb0b8
https://data.lpdaac.earthdatacloud.nasa.gov/lp-prod-protected/ECO_L2T_LSTE.002/ECOv002_L2T_LSTE_29092_012_12SVB_20230823T183951_0712_02/ECOv002_L2T_LSTE_29092_012_12SVB_20230823T183951_0712_02_LST.tif,ECO_L2T_LSTE.002,ECOv002_L2T_LSTE_29092_012_12SVB_20230823T183951_0712_02_LST.tif,2026-06-09,sha256:b65be1e61e60c92f8226a47a1cacd2be7e2e3eff7d555205646c4f71fd971296
https://data.lpdaac.earthdatacloud.nasa.gov/lp-prod-protected/ECO_L2T_LSTE.002/ECOv002_L2T_LSTE_29092_012_12SVC_20230823T183951_0712_02/ECOv002_L2T_LSTE_29092_012_12SVC_20230823T183951_0712_02_water.tif,ECO_L2T_LSTE.002,ECOv002_L2T_LSTE_29092_012_12SVC_20230823T183951_0712_02_water.tif,2026-06-09,sha256:1215d35667bb19867e72fb91b715e324cf57877641c6702cf6910b202d3802cf
https://data.lpdaac.earthdatacloud.nasa.gov/lp-prod-protected/ECO_L2T_LSTE.002/ECOv002_L2T_LSTE_29092_012_12SVC_20230823T183951_0712_02/ECOv002_L2T_LSTE_29092_012_12SVC_20230823T183951_0712_02_cloud.tif,ECO_L2T_LSTE.002,ECOv002_L2T_LSTE_29092_012_12SVC_20230823T183951_0712_02_cloud.tif,2026-06-09,sha256:a92f50c35b1024a8d89dd31a3dba4196dba7a20599813b6b3907abf3d26d8edf
https://data.lpdaac.earthdatacloud.nasa.gov/lp-prod-protected/ECO_L2T_LSTE.002/ECOv002_L2T_LSTE_29092_012_12SVC_20230823T183951_0712_02/ECOv002_L2T_LSTE_29092_012_12SVC_20230823T183951_0712_02_height.tif,ECO_L2T_LSTE.002,ECOv002_L2T_LSTE_29092_012_12SVC_20230823T183951_0712_02_height.tif,2026-06-09,sha256:f2e6d8a0a41f29df92c0546cbac21749c45568024d05c8c64e824ee70e391ae4
https://data.lpdaac.earthdatacloud.nasa.gov/lp-prod-protected/ECO_L2T_LSTE.002/ECOv002_L2T_LSTE_29092_012_12SVC_20230823T183951_0712_02/ECOv002_L2T_LSTE_29092_012_12SVC_20230823T183951_0712_02_QC.tif,ECO_L2T_LSTE.002,ECOv002_L2T_LSTE_29092_012_12SVC_20230823T183951_0712_02_QC.tif,2026-06-09,sha256:3e54ed2fb9a9a958b9067209c25627fd058e561e35766a26eed7860a6e20bee8
https://data.lpdaac.earthdatacloud.nasa.gov/lp-prod-protected/ECO_L2T_LSTE.002/ECOv002_L2T_LSTE_29092_012_12SVC_20230823T183951_0712_02/ECOv002_L2T_LSTE_29092_012_12SVC_20230823T183951_0712_02_LST.tif,ECO_L2T_LSTE.002,ECOv002_L2T_LSTE_29092_012_12SVC_20230823T183951_0712_02_LST.tif,2026-06-09,sha256:e8e5d8a2d7193799f53488bb90d437c9a8014060ab38398e773f731e551a3fa6
https://data.lpdaac.earthdatacloud.nasa.gov/lp-prod-protected/ECO_L2T_LSTE.002/ECOv002_L2T_LSTE_29092_012_12SUC_20230823T183951_0712_02/ECOv002_L2T_LSTE_29092_012_12SUC_20230823T183951_0712_02_water.tif,ECO_L2T_LSTE.002,ECOv002_L2T_LSTE_29092_012_12SUC_20230823T183951_0712_02_water.tif,2026-06-09,sha256:1a2470362fa3c0eae679b333e890b8040bd920da8019feb81a05097e9907e9f5
https://data.lpdaac.earthdatacloud.nasa.gov/lp-prod-protected/ECO_L2T_LSTE.002/ECOv002_L2T_LSTE_29092_012_12SUC_20230823T183951_0712_02/ECOv002_L2T_LSTE_29092_012_12SUC_20230823T183951_0712_02_cloud.tif,ECO_L2T_LSTE.002,ECOv002_L2T_LSTE_29092_012_12SUC_20230823T183951_0712_02_cloud.tif,2026-06-09,sha256:fcd2a2dbc28b8aa3a1eae2e80e10f26196a820b1b8fdf92ba8e7096da4cef08f
https://data.lpdaac.earthdatacloud.nasa.gov/lp-prod-protected/ECO_L2T_LSTE.002/ECOv002_L2T_LSTE_29092_012_12SUC_20230823T183951_0712_02/ECOv002_L2T_LSTE_29092_012_12SUC_20230823T183951_0712_02_height.tif,ECO_L2T_LSTE.002,ECOv002_L2T_LSTE_29092_012_12SUC_20230823T183951_0712_02_height.tif,2026-06-09,sha256:74573e0ee909e2b12bc1c6add5d04ce1e4b66a1a3e158f4d1ed7738d2271580d
https://data.lpdaac.earthdatacloud.nasa.gov/lp-prod-protected/ECO_L2T_LSTE.002/ECOv002_L2T_LSTE_29092_012_12SUC_20230823T183951_0712_02/ECOv002_L2T_LSTE_29092_012_12SUC_20230823T183951_0712_02_QC.tif,ECO_L2T_LSTE.002,ECOv002_L2T_LSTE_29092_012_12SUC_20230823T183951_0712_02_QC.tif,2026-06-09,sha256:2a0e5e8abbe6547251dd1e9c552ca2abb9dd033df4ada7f6a173c7a297214541
https://data.lpdaac.earthdatacloud.nasa.gov/lp-prod-protected/ECO_L2T_LSTE.002/ECOv002_L2T_LSTE_29092_012_12SUC_20230823T183951_0712_02/ECOv002_L2T_LSTE_29092_012_12SUC_20230823T183951_0712_02_LST.tif,ECO_L2T_LSTE.002,ECOv002_L2T_LSTE_29092_012_12SUC_20230823T183951_0712_02_LST.tif,2026-06-09,sha256:3bac3df70035b1366c3224b84cf6ddca66defbb875f52de55125f8c560269d61
https://data.lpdaac.earthdatacloud.nasa.gov/lp-prod-protected/ECO_L2T_LSTE.002/ECOv002_L2T_LSTE_29133_004_12SUB_20230826T094244_0710_01/ECOv002_L2T_LSTE_29133_004_12SUB_20230826T094244_0710_01_QC.tif,ECO_L2T_LSTE.002,ECOv002_L2T_LSTE_29133_004_12SUB_20230826T094244_0710_01_QC.tif,2026-06-09,sha256:9b1e1dbf31a27558dc3f4162323c7bd224c444fe0abe383749cb7018d493ec02
https://data.lpdaac.earthdatacloud.nasa.gov/lp-prod-protected/ECO_L2T_LSTE.002/ECOv002_L2T_LSTE_29133_004_12SUB_20230826T094244_0710_01/ECOv002_L2T_LSTE_29133_004_12SUB_20230826T094244_0710_01_LST.tif,ECO_L2T_LSTE.002,ECOv002_L2T_LSTE_29133_004_12SUB_20230826T094244_0710_01_LST.tif,2026-06-09,sha256:ae6d01ccd303499cec07d3e24e7efd2605ef1a65b1a40cdab688e22438f79af4
https://data.lpdaac.earthdatacloud.nasa.gov/lp-prod-protected/ECO_L2T_LSTE.002/ECOv002_L2T_LSTE_29133_004_12SUB_20230826T094244_0710_01/ECOv002_L2T_LSTE_29133_004_12SUB_20230826T094244_0710_01_water.tif,ECO_L2T_LSTE.002,ECOv002_L2T_LSTE_29133_004_12SUB_20230826T094244_0710_01_water.tif,2026-06-09,sha256:12926d44db3ee3fcbab890cac674f9849409445af7a5d5599a008ed2ac1cc1ca
https://data.lpdaac.earthdatacloud.nasa.gov/lp-prod-protected/ECO_L2T_LSTE.002/ECOv002_L2T_LSTE_29133_004_12SUB_20230826T094244_0710_01/ECOv002_L2T_LSTE_29133_004_12SUB_20230826T094244_0710_01_cloud.tif,ECO_L2T_LSTE.002,ECOv002_L2T_LSTE_29133_004_12SUB_20230826T094244_0710_01_cloud.tif,2026-06-09,sha256:d3673660dda8ca5a0fc39ea856f0e8a4e34f3dca46d5cafb85db21680b96bb93
https://data.lpdaac.earthdatacloud.nasa.gov/lp-prod-protected/ECO_L2T_LSTE.002/ECOv002_L2T_LSTE_29133_004_12SUB_20230826T094244_0710_01/ECOv002_L2T_LSTE_29133_004_12SUB_20230826T094244_0710_01_height.tif,ECO_L2T_LSTE.002,ECOv002_L2T_LSTE_29133_004_12SUB_20230826T094244_0710_01_height.tif,2026-06-09,sha256:53a5e68f129ddf200e79f526079692ecdb5f66cbfb6512ba92eedcbd8c2bbf57
https://data.lpdaac.earthdatacloud.nasa.gov/lp-prod-protected/ECO_L2T_LSTE.002/ECOv002_L2T_LSTE_29133_004_12SVC_20230826T094244_0710_01/ECOv002_L2T_LSTE_29133_004_12SVC_20230826T094244_0710_01_water.tif,ECO_L2T_LSTE.002,ECOv002_L2T_LSTE_29133_004_12SVC_20230826T094244_0710_01_water.tif,2026-06-09,sha256:195fb17f3e034ed9c6ccfe7047dd40388aae0f15468c877c0f032f46d7090237
https://data.lpdaac.earthdatacloud.nasa.gov/lp-prod-protected/ECO_L2T_LSTE.002/ECOv002_L2T_LSTE_29133_004_12SVC_20230826T094244_0710_01/ECOv002_L2T_LSTE_29133_004_12SVC_20230826T094244_0710_01_cloud.tif,ECO_L2T_LSTE.002,ECOv002_L2T_LSTE_29133_004_12SVC_20230826T094244_0710_01_cloud.tif,2026-06-09,sha256:3adc3719aba205897d733db52c0b8f8eb8e5a77fb54ec982d5323b39bd9d6cae
https://data.lpdaac.earthdatacloud.nasa.gov/lp-prod-protected/ECO_L2T_LSTE.002/ECOv002_L2T_LSTE_29133_004_12SVC_20230826T094244_0710_01/ECOv002_L2T_LSTE_29133_004_12SVC_20230826T094244_0710_01_height.tif,ECO_L2T_LSTE.002,ECOv002_L2T_LSTE_29133_004_12SVC_20230826T094244_0710_01_height.tif,2026-06-09,sha256:4f98eebba7db0f477d9d1a3fabcc3cd2c1cd6368aa793d47484229389528cc44
https://data.lpdaac.earthdatacloud.nasa.gov/lp-prod-protected/ECO_L2T_LSTE.002/ECOv002_L2T_LSTE_29133_004_12SVC_20230826T094244_0710_01/ECOv002_L2T_LSTE_29133_004_12SVC_20230826T094244_0710_01_LST.tif,ECO_L2T_LSTE.002,ECOv002_L2T_LSTE_29133_004_12SVC_20230826T094244_0710_01_LST.tif,2026-06-09,sha256:b3f895ceca46c17587b3012ecb7fc77e4b20b0cbe8c7d32e9e0a058114d1122d
https://data.lpdaac.earthdatacloud.nasa.gov/lp-prod-protected/ECO_L2T_LSTE.002/ECOv002_L2T_LSTE_29133_004_12SVC_20230826T094244_0710_01/ECOv002_L2T_LSTE_29133_004_12SVC_20230826T094244_0710_01_QC.tif,ECO_L2T_LSTE.002,ECOv002_L2T_LSTE_29133_004_12SVC_20230826T094244_0710_01_QC.tif,2026-06-09,sha256:305e6129cb1282d49c35133f074fbaf75a410bdab1bfd161bf9e2a39307aef9f
https://data.lpdaac.earthdatacloud.nasa.gov/lp-prod-protected/ECO_L2T_LSTE.002/ECOv002_L2T_LSTE_29133_004_12SVB_20230826T094244_0710_01/ECOv002_L2T_LSTE_29133_004_12SVB_20230826T094244_0710_01_water.tif,ECO_L2T_LSTE.002,ECOv002_L2T_LSTE_29133_004_12SVB_20230826T094244_0710_01_water.tif,2026-06-09,sha256:d54c2e935ab04ffe3609ae2e82dcfb2b67bacea491ff457c319fb03b17564684
https://data.lpdaac.earthdatacloud.nasa.gov/lp-prod-protected/ECO_L2T_LSTE.002/ECOv002_L2T_LSTE_29133_004_12SVB_20230826T094244_0710_01/ECOv002_L2T_LSTE_29133_004_12SVB_20230826T094244_0710_01_QC.tif,ECO_L2T_LSTE.002,ECOv002_L2T_LSTE_29133_004_12SVB_20230826T094244_0710_01_QC.tif,2026-06-09,sha256:e0cf1e8fb9916194c0595305bc47ffc7acec8e582c8f813a5d98916148695a5e
https://data.lpdaac.earthdatacloud.nasa.gov/lp-prod-protected/ECO_L2T_LSTE.002/ECOv002_L2T_LSTE_29133_004_12SVB_20230826T094244_0710_01/ECOv002_L2T_LSTE_29133_004_12SVB_20230826T094244_0710_01_cloud.tif,ECO_L2T_LSTE.002,ECOv002_L2T_LSTE_29133_004_12SVB_20230826T094244_0710_01_cloud.tif,2026-06-09,sha256:080fcfcb448e9436ff21e2454177cfe23f30272257675d7818f402179c6357bd
https://data.lpdaac.earthdatacloud.nasa.gov/lp-prod-protected/ECO_L2T_LSTE.002/ECOv002_L2T_LSTE_29133_004_12SVB_20230826T094244_0710_01/ECOv002_L2T_LSTE_29133_004_12SVB_20230826T094244_0710_01_height.tif,ECO_L2T_LSTE.002,ECOv002_L2T_LSTE_29133_004_12SVB_20230826T094244_0710_01_height.tif,2026-06-09,sha256:87864f4ce64d10d44866baf4daf5346184dec14b6f7c23363e98cbbb4740c517
https://data.lpdaac.earthdatacloud.nasa.gov/lp-prod-protected/ECO_L2T_LSTE.002/ECOv002_L2T_LSTE_29133_004_12SVB_20230826T094244_0710_01/ECOv002_L2T_LSTE_29133_004_12SVB_20230826T094244_0710_01_LST.tif,ECO_L2T_LSTE.002,ECOv002_L2T_LSTE_29133_004_12SVB_20230826T094244_0710_01_LST.tif,2026-06-09,sha256:9a98cd0bfb725c28eaa9197b5f9725c3faa526b770314337cd2291f176a58dc8
https://data.lpdaac.earthdatacloud.nasa.gov/lp-prod-protected/ECO_L2T_LSTE.002/ECOv002_L2T_LSTE_29133_004_12SUB_20230826T094244_0712_02/ECOv002_L2T_LSTE_29133_004_12SUB_20230826T094244_0712_02_water.tif,ECO_L2T_LSTE.002,ECOv002_L2T_LSTE_29133_004_12SUB_20230826T094244_0712_02_water.tif,2026-06-09,sha256:12926d44db3ee3fcbab890cac674f9849409445af7a5d5599a008ed2ac1cc1ca
https://data.lpdaac.earthdatacloud.nasa.gov/lp-prod-protected/ECO_L2T_LSTE.002/ECOv002_L2T_LSTE_29133_004_12SUB_20230826T094244_0712_02/ECOv002_L2T_LSTE_29133_004_12SUB_20230826T094244_0712_02_cloud.tif,ECO_L2T_LSTE.002,ECOv002_L2T_LSTE_29133_004_12SUB_20230826T094244_0712_02_cloud.tif,2026-06-09,sha256:fa82955c0dfd780b0635479fa1153e7ef20c63177f77d68939b9049fe1735427
https://data.lpdaac.earthdatacloud.nasa.gov/lp-prod-protected/ECO_L2T_LSTE.002/ECOv002_L2T_LSTE_29133_004_12SUB_20230826T094244_0712_02/ECOv002_L2T_LSTE_29133_004_12SUB_20230826T094244_0712_02_height.tif,ECO_L2T_LSTE.002,ECOv002_L2T_LSTE_29133_004_12SUB_20230826T094244_0712_02_height.tif,2026-06-09,sha256:7b884dc10269ec1e78f937926c388940f80966753d18cd9645398808c9511dc8
https://data.lpdaac.earthdatacloud.nasa.gov/lp-prod-protected/ECO_L2T_LSTE.002/ECOv002_L2T_LSTE_29133_004_12SUB_20230826T094244_0712_02/ECOv002_L2T_LSTE_29133_004_12SUB_20230826T094244_0712_02_QC.tif,ECO_L2T_LSTE.002,ECOv002_L2T_LSTE_29133_004_12SUB_20230826T094244_0712_02_QC.tif,2026-06-09,sha256:2f4cbaa3b9b02eaf6648f5612bee693a437338af71962ae63c3362f01821e4f4
https://data.lpdaac.earthdatacloud.nasa.gov/lp-prod-protected/ECO_L2T_LSTE.002/ECOv002_L2T_LSTE_29133_004_12SUB_20230826T094244_0712_02/ECOv002_L2T_LSTE_29133_004_12SUB_20230826T094244_0712_02_LST.tif,ECO_L2T_LSTE.002,ECOv002_L2T_LSTE_29133_004_12SUB_20230826T094244_0712_02_LST.tif,2026-06-09,sha256:4a7f3014890be3dd548516a709b63c1d282fd8ba804b8eab789691524e0a1941
https://data.lpdaac.earthdatacloud.nasa.gov/lp-prod-protected/ECO_L2T_LSTE.002/ECOv002_L2T_LSTE_29133_004_12SVC_20230826T094244_0712_02/ECOv002_L2T_LSTE_29133_004_12SVC_20230826T094244_0712_02_water.tif,ECO_L2T_LSTE.002,ECOv002_L2T_LSTE_29133_004_12SVC_20230826T094244_0712_02_water.tif,2026-06-09,sha256:2b4ee1f32cc57c0a659369da41f69b1b7684bc176f5dc853ed36410adaffa937
https://data.lpdaac.earthdatacloud.nasa.gov/lp-prod-protected/ECO_L2T_LSTE.002/ECOv002_L2T_LSTE_29133_004_12SVC_20230826T094244_0712_02/ECOv002_L2T_LSTE_29133_004_12SVC_20230826T094244_0712_02_cloud.tif,ECO_L2T_LSTE.002,ECOv002_L2T_LSTE_29133_004_12SVC_20230826T094244_0712_02_cloud.tif,2026-06-09,sha256:80ce49b7b2fa514f78b15a4467c1c42d7ccda6d2e7f94e1ca250ba6e10353c95
https://data.lpdaac.earthdatacloud.nasa.gov/lp-prod-protected/ECO_L2T_LSTE.002/ECOv002_L2T_LSTE_29133_004_12SVC_20230826T094244_0712_02/ECOv002_L2T_LSTE_29133_004_12SVC_20230826T094244_0712_02_height.tif,ECO_L2T_LSTE.002,ECOv002_L2T_LSTE_29133_004_12SVC_20230826T094244_0712_02_height.tif,2026-06-09,sha256:99d21dde39e295abc0e83de0dd3321ef5231535ba18fdb9b4d40f3c42bd64945
https://data.lpdaac.earthdatacloud.nasa.gov/lp-prod-protected/ECO_L2T_LSTE.002/ECOv002_L2T_LSTE_29133_004_12SVC_20230826T094244_0712_02/ECOv002_L2T_LSTE_29133_004_12SVC_20230826T094244_0712_02_QC.tif,ECO_L2T_LSTE.002,ECOv002_L2T_LSTE_29133_004_12SVC_20230826T094244_0712_02_QC.tif,2026-06-09,sha256:f94caa018920b0cb0356b565b308cd23a75f2533b32de71d04c026fd68b68a5c
https://data.lpdaac.earthdatacloud.nasa.gov/lp-prod-protected/ECO_L2T_LSTE.002/ECOv002_L2T_LSTE_29133_004_12SVC_20230826T094244_0712_02/ECOv002_L2T_LSTE_29133_004_12SVC_20230826T094244_0712_02_LST.tif,ECO_L2T_LSTE.002,ECOv002_L2T_LSTE_29133_004_12SVC_20230826T094244_0712_02_LST.tif,2026-06-09,sha256:72a55b32da9320973a68735261267e1bf60fd46a2f9eb0fec22bf4123bcebaa8
https://data.lpdaac.earthdatacloud.nasa.gov/lp-prod-protected/ECO_L2T_LSTE.002/ECOv002_L2T_LSTE_29133_004_12SVB_20230826T094244_0712_02/ECOv002_L2T_LSTE_29133_004_12SVB_20230826T094244_0712_02_water.tif,ECO_L2T_LSTE.002,ECOv002_L2T_LSTE_29133_004_12SVB_20230826T094244_0712_02_water.tif,2026-06-09,sha256:fc0c1f356fb0249ddc0010d0cd7f70d415ae00d310f6d91ea481332428fe8c37
https://data.lpdaac.earthdatacloud.nasa.gov/lp-prod-protected/ECO_L2T_LSTE.002/ECOv002_L2T_LSTE_29133_004_12SVB_20230826T094244_0712_02/ECOv002_L2T_LSTE_29133_004_12SVB_20230826T094244_0712_02_cloud.tif,ECO_L2T_LSTE.002,ECOv002_L2T_LSTE_29133_004_12SVB_20230826T094244_0712_02_cloud.tif,2026-06-09,sha256:36a906f274eba5cd32236a6005cd42d529aee4c3bd59d983cb9fac20999a62b6
https://data.lpdaac.earthdatacloud.nasa.gov/lp-prod-protected/ECO_L2T_LSTE.002/ECOv002_L2T_LSTE_29133_004_12SVB_20230826T094244_0712_02/ECOv002_L2T_LSTE_29133_004_12SVB_20230826T094244_0712_02_height.tif,ECO_L2T_LSTE.002,ECOv002_L2T_LSTE_29133_004_12SVB_20230826T094244_0712_02_height.tif,2026-06-09,sha256:a2aced0fe470e4b8fb665bf34cd332053041e8cb598e723d685bbdb3ff913194
https://data.lpdaac.earthdatacloud.nasa.gov/lp-prod-protected/ECO_L2T_LSTE.002/ECOv002_L2T_LSTE_29133_004_12SVB_20230826T094244_0712_02/ECOv002_L2T_LSTE_29133_004_12SVB_20230826T094244_0712_02_QC.tif,ECO_L2T_LSTE.002,ECOv002_L2T_LSTE_29133_004_12SVB_20230826T094244_0712_02_QC.tif,2026-06-09,sha256:4f6a2e86a2c864803c41f12f8fd1d2259d90adc0ad14338e1cb4412ffeba49c9
https://data.lpdaac.earthdatacloud.nasa.gov/lp-prod-protected/ECO_L2T_LSTE.002/ECOv002_L2T_LSTE_29133_004_12SVB_20230826T094244_0712_02/ECOv002_L2T_LSTE_29133_004_12SVB_20230826T094244_0712_02_LST.tif,ECO_L2T_LSTE.002,ECOv002_L2T_LSTE_29133_004_12SVB_20230826T094244_0712_02_LST.tif,2026-06-09,sha256:6706e48a78121d1d01674970f00f8929b18f7420687bf00fe7b41534d84e90c2
https://data.lpdaac.earthdatacloud.nasa.gov/lp-prod-protected/ECO_L2T_LSTE.002/ECOv002_L2T_LSTE_29138_014_12SUB_20230826T175123_0710_01/ECOv002_L2T_LSTE_29138_014_12SUB_20230826T175123_0710_01_water.tif,ECO_L2T_LSTE.002,ECOv002_L2T_LSTE_29138_014_12SUB_20230826T175123_0710_01_water.tif,2026-06-09,sha256:346de1ae284cf9d208dc53e285a9b5c687189935e3ef899de8b70c41775485a7
https://data.lpdaac.earthdatacloud.nasa.gov/lp-prod-protected/ECO_L2T_LSTE.002/ECOv002_L2T_LSTE_29138_014_12SUB_20230826T175123_0710_01/ECOv002_L2T_LSTE_29138_014_12SUB_20230826T175123_0710_01_cloud.tif,ECO_L2T_LSTE.002,ECOv002_L2T_LSTE_29138_014_12SUB_20230826T175123_0710_01_cloud.tif,2026-06-09,sha256:d6e3dd61efc70246ba532e4a864a1c16ece939276b053793a9caa1d184320305
https://data.lpdaac.earthdatacloud.nasa.gov/lp-prod-protected/ECO_L2T_LSTE.002/ECOv002_L2T_LSTE_29138_014_12SUB_20230826T175123_0710_01/ECOv002_L2T_LSTE_29138_014_12SUB_20230826T175123_0710_01_QC.tif,ECO_L2T_LSTE.002,ECOv002_L2T_LSTE_29138_014_12SUB_20230826T175123_0710_01_QC.tif,2026-06-09,sha256:ab197525fff256338d30961832ed1254f2538cbe8f982f008d90539e1eb33594
https://data.lpdaac.earthdatacloud.nasa.gov/lp-prod-protected/ECO_L2T_LSTE.002/ECOv002_L2T_LSTE_29138_014_12SUB_20230826T175123_0710_01/ECOv002_L2T_LSTE_29138_014_12SUB_20230826T175123_0710_01_height.tif,ECO_L2T_LSTE.002,ECOv002_L2T_LSTE_29138_014_12SUB_20230826T175123_0710_01_height.tif,2026-06-09,sha256:9081741c5cfbff59e5e556e5009579b850bcd01a94a9516a068431ffa9ff6b33
https://data.lpdaac.earthdatacloud.nasa.gov/lp-prod-protected/ECO_L2T_LSTE.002/ECOv002_L2T_LSTE_29138_014_12SUB_20230826T175123_0710_01/ECOv002_L2T_LSTE_29138_014_12SUB_20230826T175123_0710_01_LST.tif,ECO_L2T_LSTE.002,ECOv002_L2T_LSTE_29138_014_12SUB_20230826T175123_0710_01_LST.tif,2026-06-09,sha256:154ce1e8ebb8045b2ba46339a609d6cb1dda345da0cf9ca2559cd0b0db535c8f
https://data.lpdaac.earthdatacloud.nasa.gov/lp-prod-protected/ECO_L2T_LSTE.002/ECOv002_L2T_LSTE_29138_014_12SUC_20230826T175123_0710_01/ECOv002_L2T_LSTE_29138_014_12SUC_20230826T175123_0710_01_water.tif,ECO_L2T_LSTE.002,ECOv002_L2T_LSTE_29138_014_12SUC_20230826T175123_0710_01_water.tif,2026-06-09,sha256:a1fc192e64101df51261de53f144ee6b01a23db52212468e830e8351b6de7c68
https://data.lpdaac.earthdatacloud.nasa.gov/lp-prod-protected/ECO_L2T_LSTE.002/ECOv002_L2T_LSTE_29138_014_12SUC_20230826T175123_0710_01/ECOv002_L2T_LSTE_29138_014_12SUC_20230826T175123_0710_01_cloud.tif,ECO_L2T_LSTE.002,ECOv002_L2T_LSTE_29138_014_12SUC_20230826T175123_0710_01_cloud.tif,2026-06-09,sha256:b1ad5d9437aecd9a82b335923b96f118f5d7c4c0708a5e55ece084d4c5ef4a97
https://data.lpdaac.earthdatacloud.nasa.gov/lp-prod-protected/ECO_L2T_LSTE.002/ECOv002_L2T_LSTE_29138_014_12SUC_20230826T175123_0710_01/ECOv002_L2T_LSTE_29138_014_12SUC_20230826T175123_0710_01_QC.tif,ECO_L2T_LSTE.002,ECOv002_L2T_LSTE_29138_014_12SUC_20230826T175123_0710_01_QC.tif,2026-06-09,sha256:0f36731508814edd046f144a0e08d1659f2d45e03be1b06d7f80ddb4171b54b2
https://data.lpdaac.earthdatacloud.nasa.gov/lp-prod-protected/ECO_L2T_LSTE.002/ECOv002_L2T_LSTE_29138_014_12SUC_20230826T175123_0710_01/ECOv002_L2T_LSTE_29138_014_12SUC_20230826T175123_0710_01_height.tif,ECO_L2T_LSTE.002,ECOv002_L2T_LSTE_29138_014_12SUC_20230826T175123_0710_01_height.tif,2026-06-09,sha256:0b66e2dec5554fea779b978c1cd452725ce90b1224c2ad3ce27e5d1729399562
https://data.lpdaac.earthdatacloud.nasa.gov/lp-prod-protected/ECO_L2T_LSTE.002/ECOv002_L2T_LSTE_29138_014_12SUC_20230826T175123_0710_01/ECOv002_L2T_LSTE_29138_014_12SUC_20230826T175123_0710_01_LST.tif,ECO_L2T_LSTE.002,ECOv002_L2T_LSTE_29138_014_12SUC_20230826T175123_0710_01_LST.tif,2026-06-09,sha256:01926aef33781aa1c0dfa4b9f920fad5c79fb0eda7bdc29b7ef23c9dc2a4fbae
https://data.lpdaac.earthdatacloud.nasa.gov/lp-prod-protected/ECO_L2T_LSTE.002/ECOv002_L2T_LSTE_29138_014_12SVC_20230826T175123_0710_01/ECOv002_L2T_LSTE_29138_014_12SVC_20230826T175123_0710_01_water.tif,ECO_L2T_LSTE.002,ECOv002_L2T_LSTE_29138_014_12SVC_20230826T175123_0710_01_water.tif,2026-06-09,sha256:1d4459627d8a9675ab12dadd21bb28d082bb0c3e171c8d12ccf24a99402fa5e7
https://data.lpdaac.earthdatacloud.nasa.gov/lp-prod-protected/ECO_L2T_LSTE.002/ECOv002_L2T_LSTE_29138_014_12SVC_20230826T175123_0710_01/ECOv002_L2T_LSTE_29138_014_12SVC_20230826T175123_0710_01_cloud.tif,ECO_L2T_LSTE.002,ECOv002_L2T_LSTE_29138_014_12SVC_20230826T175123_0710_01_cloud.tif,2026-06-09,sha256:5a31d65cf8cb32eea2ed30d1e5910e338941125d198311f06c5da46ed4baee4b
https://data.lpdaac.earthdatacloud.nasa.gov/lp-prod-protected/ECO_L2T_LSTE.002/ECOv002_L2T_LSTE_29138_014_12SVC_20230826T175123_0710_01/ECOv002_L2T_LSTE_29138_014_12SVC_20230826T175123_0710_01_QC.tif,ECO_L2T_LSTE.002,ECOv002_L2T_LSTE_29138_014_12SVC_20230826T175123_0710_01_QC.tif,2026-06-09,sha256:44300ea0f725c1348dd1f17d052cd5a4f75782abf28965b261ba35ce52d1e322
https://data.lpdaac.earthdatacloud.nasa.gov/lp-prod-protected/ECO_L2T_LSTE.002/ECOv002_L2T_LSTE_29138_014_12SVC_20230826T175123_0710_01/ECOv002_L2T_LSTE_29138_014_12SVC_20230826T175123_0710_01_height.tif,ECO_L2T_LSTE.002,ECOv002_L2T_LSTE_29138_014_12SVC_20230826T175123_0710_01_height.tif,2026-06-09,sha256:c6c083d486b20ad3b4714dce71d2b0f6bcb66278921618ee30e20b80934d233a
https://data.lpdaac.earthdatacloud.nasa.gov/lp-prod-protected/ECO_L2T_LSTE.002/ECOv002_L2T_LSTE_29138_014_12SVC_20230826T175123_0710_01/ECOv002_L2T_LSTE_29138_014_12SVC_20230826T175123_0710_01_LST.tif,ECO_L2T_LSTE.002,ECOv002_L2T_LSTE_29138_014_12SVC_20230826T175123_0710_01_LST.tif,2026-06-09,sha256:68b6528f1729706b21157fe41221cfb58399be568856fdccaf0c8242a5efaabe
https://data.lpdaac.earthdatacloud.nasa.gov/lp-prod-protected/ECO_L2T_LSTE.002/ECOv002_L2T_LSTE_29138_014_12SVB_20230826T175123_0710_01/ECOv002_L2T_LSTE_29138_014_12SVB_20230826T175123_0710_01_water.tif,ECO_L2T_LSTE.002,ECOv002_L2T_LSTE_29138_014_12SVB_20230826T175123_0710_01_water.tif,2026-06-09,sha256:903a4dc9dbdf7fe84ff34c4f584751330f7b65f8bab570cbaaa774d3b0de680a
https://data.lpdaac.earthdatacloud.nasa.gov/lp-prod-protected/ECO_L2T_LSTE.002/ECOv002_L2T_LSTE_29138_014_12SVB_20230826T175123_0710_01/ECOv002_L2T_LSTE_29138_014_12SVB_20230826T175123_0710_01_height.tif,ECO_L2T_LSTE.002,ECOv002_L2T_LSTE_29138_014_12SVB_20230826T175123_0710_01_height.tif,2026-06-09,sha256:64954e6bd90d75221305595e241b21b53265bad92e3e896fbc5a6f9be02a2809
https://data.lpdaac.earthdatacloud.nasa.gov/lp-prod-protected/ECO_L2T_LSTE.002/ECOv002_L2T_LSTE_29138_014_12SVB_20230826T175123_0710_01/ECOv002_L2T_LSTE_29138_014_12SVB_20230826T175123_0710_01_LST.tif,ECO_L2T_LSTE.002,ECOv002_L2T_LSTE_29138_014_12SVB_20230826T175123_0710_01_LST.tif,2026-06-09,sha256:b0a738382d7f95cc507fc49e7ef988b9d609ec1f225896053419b64c86f5d9a3
https://data.lpdaac.earthdatacloud.nasa.gov/lp-prod-protected/ECO_L2T_LSTE.002/ECOv002_L2T_LSTE_29138_014_12SVB_20230826T175123_0710_01/ECOv002_L2T_LSTE_29138_014_12SVB_20230826T175123_0710_01_cloud.tif,ECO_L2T_LSTE.002,ECOv002_L2T_LSTE_29138_014_12SVB_20230826T175123_0710_01_cloud.tif,2026-06-09,sha256:149f0834edac0da81c5220a1addc2eb4c4eac2260f1e61730adde749887940e9
https://data.lpdaac.earthdatacloud.nasa.gov/lp-prod-protected/ECO_L2T_LSTE.002/ECOv002_L2T_LSTE_29138_014_12SVB_20230826T175123_0710_01/ECOv002_L2T_LSTE_29138_014_12SVB_20230826T175123_0710_01_QC.tif,ECO_L2T_LSTE.002,ECOv002_L2T_LSTE_29138_014_12SVB_20230826T175123_0710_01_QC.tif,2026-06-09,sha256:8f579409f16d8c80a00647fc39ffb2a943f37d60e5f3ecc6f2c837abd73778c0
https://data.lpdaac.earthdatacloud.nasa.gov/lp-prod-protected/ECO_L2T_LSTE.002/ECOv002_L2T_LSTE_29138_014_12SVC_20230826T175123_0712_02/ECOv002_L2T_LSTE_29138_014_12SVC_20230826T175123_0712_02_water.tif,ECO_L2T_LSTE.002,ECOv002_L2T_LSTE_29138_014_12SVC_20230826T175123_0712_02_water.tif,2026-06-09,sha256:1d4459627d8a9675ab12dadd21bb28d082bb0c3e171c8d12ccf24a99402fa5e7
https://data.lpdaac.earthdatacloud.nasa.gov/lp-prod-protected/ECO_L2T_LSTE.002/ECOv002_L2T_LSTE_29138_014_12SVC_20230826T175123_0712_02/ECOv002_L2T_LSTE_29138_014_12SVC_20230826T175123_0712_02_cloud.tif,ECO_L2T_LSTE.002,ECOv002_L2T_LSTE_29138_014_12SVC_20230826T175123_0712_02_cloud.tif,2026-06-09,sha256:b7e540737f8234dd52df4bcf6181138658f6541d067d2dc0f6f01140e08ca21d
https://data.lpdaac.earthdatacloud.nasa.gov/lp-prod-protected/ECO_L2T_LSTE.002/ECOv002_L2T_LSTE_29138_014_12SVC_20230826T175123_0712_02/ECOv002_L2T_LSTE_29138_014_12SVC_20230826T175123_0712_02_height.tif,ECO_L2T_LSTE.002,ECOv002_L2T_LSTE_29138_014_12SVC_20230826T175123_0712_02_height.tif,2026-06-09,sha256:f9f628d745fe24b2e4e5d02dd0af44ea4fb5957433473ca65dbd0c7736d38461
https://data.lpdaac.earthdatacloud.nasa.gov/lp-prod-protected/ECO_L2T_LSTE.002/ECOv002_L2T_LSTE_29138_014_12SVC_20230826T175123_0712_02/ECOv002_L2T_LSTE_29138_014_12SVC_20230826T175123_0712_02_QC.tif,ECO_L2T_LSTE.002,ECOv002_L2T_LSTE_29138_014_12SVC_20230826T175123_0712_02_QC.tif,2026-06-09,sha256:eaecd03d22ed6e7fcc86739a073c2a9c6cb392f4c505180241daeeb61af48d11
https://data.lpdaac.earthdatacloud.nasa.gov/lp-prod-protected/ECO_L2T_LSTE.002/ECOv002_L2T_LSTE_29138_014_12SVC_20230826T175123_0712_02/ECOv002_L2T_LSTE_29138_014_12SVC_20230826T175123_0712_02_LST.tif,ECO_L2T_LSTE.002,ECOv002_L2T_LSTE_29138_014_12SVC_20230826T175123_0712_02_LST.tif,2026-06-09,sha256:42e1b51e0ec39c166a3217049bdc0c7e254781909a4c2840c3ce9a1be0750806
https://data.lpdaac.earthdatacloud.nasa.gov/lp-prod-protected/ECO_L2T_LSTE.002/ECOv002_L2T_LSTE_29138_014_12SUB_20230826T175123_0712_02/ECOv002_L2T_LSTE_29138_014_12SUB_20230826T175123_0712_02_water.tif,ECO_L2T_LSTE.002,ECOv002_L2T_LSTE_29138_014_12SUB_20230826T175123_0712_02_water.tif,2026-06-09,sha256:fdfaf1a9b2d70cf6bfc70333a3f225c546730ac999ed73b15892d62d3d560e6b
https://data.lpdaac.earthdatacloud.nasa.gov/lp-prod-protected/ECO_L2T_LSTE.002/ECOv002_L2T_LSTE_29138_014_12SUB_20230826T175123_0712_02/ECOv002_L2T_LSTE_29138_014_12SUB_20230826T175123_0712_02_cloud.tif,ECO_L2T_LSTE.002,ECOv002_L2T_LSTE_29138_014_12SUB_20230826T175123_0712_02_cloud.tif,2026-06-09,sha256:8ef3899da7f9d50c2fb917795b06b66c2e67dcb369a8fdc25f4f5007b56bf457
https://data.lpdaac.earthdatacloud.nasa.gov/lp-prod-protected/ECO_L2T_LSTE.002/ECOv002_L2T_LSTE_29138_014_12SUB_20230826T175123_0712_02/ECOv002_L2T_LSTE_29138_014_12SUB_20230826T175123_0712_02_height.tif,ECO_L2T_LSTE.002,ECOv002_L2T_LSTE_29138_014_12SUB_20230826T175123_0712_02_height.tif,2026-06-09,sha256:0a6c5d0c57b2fd7276a8f50c02181bd7b745c4cfef16567db530e98960fd9647
https://data.lpdaac.earthdatacloud.nasa.gov/lp-prod-protected/ECO_L2T_LSTE.002/ECOv002_L2T_LSTE_29138_014_12SUB_20230826T175123_0712_02/ECOv002_L2T_LSTE_29138_014_12SUB_20230826T175123_0712_02_QC.tif,ECO_L2T_LSTE.002,ECOv002_L2T_LSTE_29138_014_12SUB_20230826T175123_0712_02_QC.tif,2026-06-09,sha256:8ded08114319bd9861316a88756e3fce83acd3c84dc96fa7bebdb09398e9e905
https://data.lpdaac.earthdatacloud.nasa.gov/lp-prod-protected/ECO_L2T_LSTE.002/ECOv002_L2T_LSTE_29138_014_12SUB_20230826T175123_0712_02/ECOv002_L2T_LSTE_29138_014_12SUB_20230826T175123_0712_02_LST.tif,ECO_L2T_LSTE.002,ECOv002_L2T_LSTE_29138_014_12SUB_20230826T175123_0712_02_LST.tif,2026-06-09,sha256:eb3cad778032bf7a90dcc3cce50ec375c54908550230c94f916b68b548428910
https://data.lpdaac.earthdatacloud.nasa.gov/lp-prod-protected/ECO_L2T_LSTE.002/ECOv002_L2T_LSTE_29138_014_12SUC_20230826T175123_0712_02/ECOv002_L2T_LSTE_29138_014_12SUC_20230826T175123_0712_02_water.tif,ECO_L2T_LSTE.002,ECOv002_L2T_LSTE_29138_014_12SUC_20230826T175123_0712_02_water.tif,2026-06-09,sha256:951a5f02ff4acb9ffe68611daa61cd6f217837f9e255c11876ea2a79500fe2bc
https://data.lpdaac.earthdatacloud.nasa.gov/lp-prod-protected/ECO_L2T_LSTE.002/ECOv002_L2T_LSTE_29138_014_12SUC_20230826T175123_0712_02/ECOv002_L2T_LSTE_29138_014_12SUC_20230826T175123_0712_02_cloud.tif,ECO_L2T_LSTE.002,ECOv002_L2T_LSTE_29138_014_12SUC_20230826T175123_0712_02_cloud.tif,2026-06-09,sha256:57e47a349bc3403ba868832cdfe5387f5497e7846ae0211e3d691a49f2e1d45e
https://data.lpdaac.earthdatacloud.nasa.gov/lp-prod-protected/ECO_L2T_LSTE.002/ECOv002_L2T_LSTE_29138_014_12SUC_20230826T175123_0712_02/ECOv002_L2T_LSTE_29138_014_12SUC_20230826T175123_0712_02_height.tif,ECO_L2T_LSTE.002,ECOv002_L2T_LSTE_29138_014_12SUC_20230826T175123_0712_02_height.tif,2026-06-09,sha256:731101b799edaed85d89a7c0130c6c23771ad776c5e928fdc0742a1f6837bd28
https://data.lpdaac.earthdatacloud.nasa.gov/lp-prod-protected/ECO_L2T_LSTE.002/ECOv002_L2T_LSTE_29138_014_12SUC_20230826T175123_0712_02/ECOv002_L2T_LSTE_29138_014_12SUC_20230826T175123_0712_02_QC.tif,ECO_L2T_LSTE.002,ECOv002_L2T_LSTE_29138_014_12SUC_20230826T175123_0712_02_QC.tif,2026-06-09,sha256:c5966db051a65dd90c90f8ffe34d7a6ce40dc617c7e03e5fce99c420bf127768
https://data.lpdaac.earthdatacloud.nasa.gov/lp-prod-protected/ECO_L2T_LSTE.002/ECOv002_L2T_LSTE_29138_014_12SUC_20230826T175123_0712_02/ECOv002_L2T_LSTE_29138_014_12SUC_20230826T175123_0712_02_LST.tif,ECO_L2T_LSTE.002,ECOv002_L2T_LSTE_29138_014_12SUC_20230826T175123_0712_02_LST.tif,2026-06-09,sha256:76829742241f76e6fa65fe2339711f76a89a72a74bca93da7e29e33e9736d422
https://data.lpdaac.earthdatacloud.nasa.gov/lp-prod-protected/ECO_L2T_LSTE.002/ECOv002_L2T_LSTE_29138_014_12SVB_20230826T175123_0712_02/ECOv002_L2T_LSTE_29138_014_12SVB_20230826T175123_0712_02_water.tif,ECO_L2T_LSTE.002,ECOv002_L2T_LSTE_29138_014_12SVB_20230826T175123_0712_02_water.tif,2026-06-09,sha256:5b27b3ec53960f2673dc0838c75b7fe25f0278a7910683fdf65228bcce7ae682
https://data.lpdaac.earthdatacloud.nasa.gov/lp-prod-protected/ECO_L2T_LSTE.002/ECOv002_L2T_LSTE_29138_014_12SVB_20230826T175123_0712_02/ECOv002_L2T_LSTE_29138_014_12SVB_20230826T175123_0712_02_cloud.tif,ECO_L2T_LSTE.002,ECOv002_L2T_LSTE_29138_014_12SVB_20230826T175123_0712_02_cloud.tif,2026-06-09,sha256:83dca00c443e48bb0f9a4d6f7e95a2349d012c54abcafd858e57fd2a4f00f3ce
https://data.lpdaac.earthdatacloud.nasa.gov/lp-prod-protected/ECO_L2T_LSTE.002/ECOv002_L2T_LSTE_29138_014_12SVB_20230826T175123_0712_02/ECOv002_L2T_LSTE_29138_014_12SVB_20230826T175123_0712_02_height.tif,ECO_L2T_LSTE.002,ECOv002_L2T_LSTE_29138_014_12SVB_20230826T175123_0712_02_height.tif,2026-06-09,sha256:cb5606628f5f56d826649805e3538fcf2a76b1c0100e16fa84b2a245a4fd2726
https://data.lpdaac.earthdatacloud.nasa.gov/lp-prod-protected/ECO_L2T_LSTE.002/ECOv002_L2T_LSTE_29138_014_12SVB_20230826T175123_0712_02/ECOv002_L2T_LSTE_29138_014_12SVB_20230826T175123_0712_02_QC.tif,ECO_L2T_LSTE.002,ECOv002_L2T_LSTE_29138_014_12SVB_20230826T175123_0712_02_QC.tif,2026-06-09,sha256:c738a21ad36fc7a6f540a5d2f963e97efec04c8f5b55b6fdca49a439a82e0dfe
https://data.lpdaac.earthdatacloud.nasa.gov/lp-prod-protected/ECO_L2T_LSTE.002/ECOv002_L2T_LSTE_29138_014_12SVB_20230826T175123_0712_02/ECOv002_L2T_LSTE_29138_014_12SVB_20230826T175123_0712_02_LST.tif,ECO_L2T_LSTE.002,ECOv002_L2T_LSTE_29138_014_12SVB_20230826T175123_0712_02_LST.tif,2026-06-09,sha256:8e3497714450e3eb7965478a27fdcbe333914e185943a371830a6532041c1d01
https://data.lpdaac.earthdatacloud.nasa.gov/lp-prod-protected/ECO_L2T_LSTE.002/ECOv002_L2T_LSTE_29138_015_12SVB_20230826T175215_0712_02/ECOv002_L2T_LSTE_29138_015_12SVB_20230826T175215_0712_02_water.tif,ECO_L2T_LSTE.002,ECOv002_L2T_LSTE_29138_015_12SVB_20230826T175215_0712_02_water.tif,2026-06-09,sha256:d2f62e3531d5fa00c3c9e4fb3e41919aedbee045db891d6dfd63ef743f736b13
https://data.lpdaac.earthdatacloud.nasa.gov/lp-prod-protected/ECO_L2T_LSTE.002/ECOv002_L2T_LSTE_29138_015_12SVB_20230826T175215_0712_02/ECOv002_L2T_LSTE_29138_015_12SVB_20230826T175215_0712_02_cloud.tif,ECO_L2T_LSTE.002,ECOv002_L2T_LSTE_29138_015_12SVB_20230826T175215_0712_02_cloud.tif,2026-06-09,sha256:998d3e8dd163aad7549c57d475f7a550ff9d8319dd70efb496c58fcc7ff34c0d
https://data.lpdaac.earthdatacloud.nasa.gov/lp-prod-protected/ECO_L2T_LSTE.002/ECOv002_L2T_LSTE_29138_015_12SVB_20230826T175215_0712_02/ECOv002_L2T_LSTE_29138_015_12SVB_20230826T175215_0712_02_height.tif,ECO_L2T_LSTE.002,ECOv002_L2T_LSTE_29138_015_12SVB_20230826T175215_0712_02_height.tif,2026-06-09,sha256:fb4b6ac1d9006f3514283c79bf3cedb5e535ba8be37b9df96c6ce60f9b4414f9
https://data.lpdaac.earthdatacloud.nasa.gov/lp-prod-protected/ECO_L2T_LSTE.002/ECOv002_L2T_LSTE_29138_015_12SVB_20230826T175215_0712_02/ECOv002_L2T_LSTE_29138_015_12SVB_20230826T175215_0712_02_QC.tif,ECO_L2T_LSTE.002,ECOv002_L2T_LSTE_29138_015_12SVB_20230826T175215_0712_02_QC.tif,2026-06-09,sha256:06abe9e5d9a76db447179e87abdd193729b7a5eb07f93963246693a422191116
https://data.lpdaac.earthdatacloud.nasa.gov/lp-prod-protected/ECO_L2T_LSTE.002/ECOv002_L2T_LSTE_29138_015_12SVB_20230826T175215_0712_02/ECOv002_L2T_LSTE_29138_015_12SVB_20230826T175215_0712_02_LST.tif,ECO_L2T_LSTE.002,ECOv002_L2T_LSTE_29138_015_12SVB_20230826T175215_0712_02_LST.tif,2026-06-09,sha256:455060427877a3f0f27793e9b8c16c7751eca06d66f22f34a2816463879de253
https://data.lpdaac.earthdatacloud.nasa.gov/lp-prod-protected/ECO_L2T_LSTE.002/ECOv002_L2T_LSTE_29153_012_12SVB_20230827T170322_0712_01/ECOv002_L2T_LSTE_29153_012_12SVB_20230827T170322_0712_01_water.tif,ECO_L2T_LSTE.002,ECOv002_L2T_LSTE_29153_012_12SVB_20230827T170322_0712_01_water.tif,2026-06-09,sha256:5330bdd59b721b9812d2cfacc468382dac52d2fcd60ace86d0589db82a6d4135
https://data.lpdaac.earthdatacloud.nasa.gov/lp-prod-protected/ECO_L2T_LSTE.002/ECOv002_L2T_LSTE_29153_012_12SVB_20230827T170322_0712_01/ECOv002_L2T_LSTE_29153_012_12SVB_20230827T170322_0712_01_cloud.tif,ECO_L2T_LSTE.002,ECOv002_L2T_LSTE_29153_012_12SVB_20230827T170322_0712_01_cloud.tif,2026-06-09,sha256:ce32cb14d331ed6374e12816a7719fe7b68b5696f219313be83008a26555c9e2
https://data.lpdaac.earthdatacloud.nasa.gov/lp-prod-protected/ECO_L2T_LSTE.002/ECOv002_L2T_LSTE_29153_012_12SVB_20230827T170322_0712_01/ECOv002_L2T_LSTE_29153_012_12SVB_20230827T170322_0712_01_height.tif,ECO_L2T_LSTE.002,ECOv002_L2T_LSTE_29153_012_12SVB_20230827T170322_0712_01_height.tif,2026-06-09,sha256:25a7844f616db21d6ee49174a2817e988971b382b673eebd53481d0123bb13b5
https://data.lpdaac.earthdatacloud.nasa.gov/lp-prod-protected/ECO_L2T_LSTE.002/ECOv002_L2T_LSTE_29153_012_12SVB_20230827T170322_0712_01/ECOv002_L2T_LSTE_29153_012_12SVB_20230827T170322_0712_01_QC.tif,ECO_L2T_LSTE.002,ECOv002_L2T_LSTE_29153_012_12SVB_20230827T170322_0712_01_QC.tif,2026-06-09,sha256:8845c560d583d7ef55c5a2d4572a9be7b3b4c74d12fc99563a3948699611760a
https://data.lpdaac.earthdatacloud.nasa.gov/lp-prod-protected/ECO_L2T_LSTE.002/ECOv002_L2T_LSTE_29153_012_12SVB_20230827T170322_0712_01/ECOv002_L2T_LSTE_29153_012_12SVB_20230827T170322_0712_01_LST.tif,ECO_L2T_LSTE.002,ECOv002_L2T_LSTE_29153_012_12SVB_20230827T170322_0712_01_LST.tif,2026-06-09,sha256:93c945c2b99ed0f0176754bf0996c2b056d6dc354ef9985e194152ae09e02860
https://data.lpdaac.earthdatacloud.nasa.gov/lp-prod-protected/ECO_L2T_LSTE.002/ECOv002_L2T_LSTE_29153_012_12SUB_20230827T170322_0712_01/ECOv002_L2T_LSTE_29153_012_12SUB_20230827T170322_0712_01_water.tif,ECO_L2T_LSTE.002,ECOv002_L2T_LSTE_29153_012_12SUB_20230827T170322_0712_01_water.tif,2026-06-09,sha256:12926d44db3ee3fcbab890cac674f9849409445af7a5d5599a008ed2ac1cc1ca
https://data.lpdaac.earthdatacloud.nasa.gov/lp-prod-protected/ECO_L2T_LSTE.002/ECOv002_L2T_LSTE_29153_012_12SUB_20230827T170322_0712_01/ECOv002_L2T_LSTE_29153_012_12SUB_20230827T170322_0712_01_cloud.tif,ECO_L2T_LSTE.002,ECOv002_L2T_LSTE_29153_012_12SUB_20230827T170322_0712_01_cloud.tif,2026-06-09,sha256:12926d44db3ee3fcbab890cac674f9849409445af7a5d5599a008ed2ac1cc1ca
https://data.lpdaac.earthdatacloud.nasa.gov/lp-prod-protected/ECO_L2T_LSTE.002/ECOv002_L2T_LSTE_29153_012_12SUB_20230827T170322_0712_01/ECOv002_L2T_LSTE_29153_012_12SUB_20230827T170322_0712_01_height.tif,ECO_L2T_LSTE.002,ECOv002_L2T_LSTE_29153_012_12SUB_20230827T170322_0712_01_height.tif,2026-06-09,sha256:1c770cd9a079f17eb297547a57f709065450ea2a77741e64134887eeeb7dcd07
https://data.lpdaac.earthdatacloud.nasa.gov/lp-prod-protected/ECO_L2T_LSTE.002/ECOv002_L2T_LSTE_29153_012_12SUB_20230827T170322_0712_01/ECOv002_L2T_LSTE_29153_012_12SUB_20230827T170322_0712_01_QC.tif,ECO_L2T_LSTE.002,ECOv002_L2T_LSTE_29153_012_12SUB_20230827T170322_0712_01_QC.tif,2026-06-09,sha256:be671c196156aa9edea828d4c17bf9ef3c6f8eef90adbb87cab9dadbfeb77a12
https://data.lpdaac.earthdatacloud.nasa.gov/lp-prod-protected/ECO_L2T_LSTE.002/ECOv002_L2T_LSTE_29153_012_12SUB_20230827T170322_0712_01/ECOv002_L2T_LSTE_29153_012_12SUB_20230827T170322_0712_01_LST.tif,ECO_L2T_LSTE.002,ECOv002_L2T_LSTE_29153_012_12SUB_20230827T170322_0712_01_LST.tif,2026-06-09,sha256:6b9cc1795529cc05419aae62b768a06e406facc4e40a5e740b0a0f9d9a33a5ef
https://data.lpdaac.earthdatacloud.nasa.gov/lp-prod-protected/ECO_L2T_LSTE.002/ECOv002_L2T_LSTE_29153_012_12SVC_20230827T170322_0712_01/ECOv002_L2T_LSTE_29153_012_12SVC_20230827T170322_0712_01_water.tif,ECO_L2T_LSTE.002,ECOv002_L2T_LSTE_29153_012_12SVC_20230827T170322_0712_01_water.tif,2026-06-09,sha256:3d4709c938df4a5003001a955d7c8596f359a5fc3fe568e1d8aa6b42cb77d9f7
https://data.lpdaac.earthdatacloud.nasa.gov/lp-prod-protected/ECO_L2T_LSTE.002/ECOv002_L2T_LSTE_29153_012_12SVC_20230827T170322_0712_01/ECOv002_L2T_LSTE_29153_012_12SVC_20230827T170322_0712_01_cloud.tif,ECO_L2T_LSTE.002,ECOv002_L2T_LSTE_29153_012_12SVC_20230827T170322_0712_01_cloud.tif,2026-06-09,sha256:1de0a61cf05abaf14d8a307fbe13ed921647aae8339caac34419d35daaa422ca
https://data.lpdaac.earthdatacloud.nasa.gov/lp-prod-protected/ECO_L2T_LSTE.002/ECOv002_L2T_LSTE_29153_012_12SVC_20230827T170322_0712_01/ECOv002_L2T_LSTE_29153_012_12SVC_20230827T170322_0712_01_height.tif,ECO_L2T_LSTE.002,ECOv002_L2T_LSTE_29153_012_12SVC_20230827T170322_0712_01_height.tif,2026-06-09,sha256:28e6dec52fa7e038c5c59eb2a0725c776a92653881a258eed3e086e2f5b39103
https://data.lpdaac.earthdatacloud.nasa.gov/lp-prod-protected/ECO_L2T_LSTE.002/ECOv002_L2T_LSTE_29153_012_12SVC_20230827T170322_0712_01/ECOv002_L2T_LSTE_29153_012_12SVC_20230827T170322_0712_01_QC.tif,ECO_L2T_LSTE.002,ECOv002_L2T_LSTE_29153_012_12SVC_20230827T170322_0712_01_QC.tif,2026-06-09,sha256:24081fcb5920c40234830ee0a9f92603c343b15316189efc4ebd83cd39bf026a
https://data.lpdaac.earthdatacloud.nasa.gov/lp-prod-protected/ECO_L2T_LSTE.002/ECOv002_L2T_LSTE_29153_012_12SVC_20230827T170322_0712_01/ECOv002_L2T_LSTE_29153_012_12SVC_20230827T170322_0712_01_LST.tif,ECO_L2T_LSTE.002,ECOv002_L2T_LSTE_29153_012_12SVC_20230827T170322_0712_01_LST.tif,2026-06-09,sha256:f64bd0a7475087dd8e1975373075147e01247ea9b04198800eb195684f12b9d4
https://data.lpdaac.earthdatacloud.nasa.gov/lp-prod-protected/ECO_L2T_LSTE.002/ECOv002_L2T_LSTE_29153_012_12SUC_20230827T170322_0712_01/ECOv002_L2T_LSTE_29153_012_12SUC_20230827T170322_0712_01_water.tif,ECO_L2T_LSTE.002,ECOv002_L2T_LSTE_29153_012_12SUC_20230827T170322_0712_01_water.tif,2026-06-09,sha256:f68c74d909dfb07e2ec792bed4ee8b7818159fac4760d2c72aaee10db686caba
https://data.lpdaac.earthdatacloud.nasa.gov/lp-prod-protected/ECO_L2T_LSTE.002/ECOv002_L2T_LSTE_29153_012_12SUC_20230827T170322_0712_01/ECOv002_L2T_LSTE_29153_012_12SUC_20230827T170322_0712_01_cloud.tif,ECO_L2T_LSTE.002,ECOv002_L2T_LSTE_29153_012_12SUC_20230827T170322_0712_01_cloud.tif,2026-06-09,sha256:3b86616b6521b8ffb36ae689c3fbdf0a1834521dd5d28506356b406a77d2e063
https://data.lpdaac.earthdatacloud.nasa.gov/lp-prod-protected/ECO_L2T_LSTE.002/ECOv002_L2T_LSTE_29153_012_12SUC_20230827T170322_0712_01/ECOv002_L2T_LSTE_29153_012_12SUC_20230827T170322_0712_01_height.tif,ECO_L2T_LSTE.002,ECOv002_L2T_LSTE_29153_012_12SUC_20230827T170322_0712_01_height.tif,2026-06-09,sha256:b501ef0e07d176c2856dfcd068b2d22e1579508599d649897714c989ff435215
https://data.lpdaac.earthdatacloud.nasa.gov/lp-prod-protected/ECO_L2T_LSTE.002/ECOv002_L2T_LSTE_29153_012_12SUC_20230827T170322_0712_01/ECOv002_L2T_LSTE_29153_012_12SUC_20230827T170322_0712_01_QC.tif,ECO_L2T_LSTE.002,ECOv002_L2T_LSTE_29153_012_12SUC_20230827T170322_0712_01_QC.tif,2026-06-09,sha256:b31ef77053a238ba638910785d6d564e19ef38a58c054e5c397e7b8d81ac1907
https://data.lpdaac.earthdatacloud.nasa.gov/lp-prod-protected/ECO_L2T_LSTE.002/ECOv002_L2T_LSTE_29153_012_12SUC_20230827T170322_0712_01/ECOv002_L2T_LSTE_29153_012_12SUC_20230827T170322_0712_01_LST.tif,ECO_L2T_LSTE.002,ECOv002_L2T_LSTE_29153_012_12SUC_20230827T170322_0712_01_LST.tif,2026-06-09,sha256:53458baaf0bbefeb827880fae9fec3610fbd522456b9fc4735d491932a20b10f
https://data.lpdaac.earthdatacloud.nasa.gov/lp-prod-protected/ECO_L2T_LSTE.002/ECOv002_L2T_LSTE_29194_001_12SVB_20230830T080555_0710_01/ECOv002_L2T_LSTE_29194_001_12SVB_20230830T080555_0710_01_water.tif,ECO_L2T_LSTE.002,ECOv002_L2T_LSTE_29194_001_12SVB_20230830T080555_0710_01_water.tif,2026-06-09,sha256:318cc435e56dae01405753203003930ab8cd558c1b189d4bbebb048985777e45
https://data.lpdaac.earthdatacloud.nasa.gov/lp-prod-protected/ECO_L2T_LSTE.002/ECOv002_L2T_LSTE_29194_001_12SVB_20230830T080555_0710_01/ECOv002_L2T_LSTE_29194_001_12SVB_20230830T080555_0710_01_cloud.tif,ECO_L2T_LSTE.002,ECOv002_L2T_LSTE_29194_001_12SVB_20230830T080555_0710_01_cloud.tif,2026-06-09,sha256:b33aa91ff3a7e8add590eedeca94d3c6dccbf2f24f25a136057caea9d945bc75
https://data.lpdaac.earthdatacloud.nasa.gov/lp-prod-protected/ECO_L2T_LSTE.002/ECOv002_L2T_LSTE_29194_001_12SVB_20230830T080555_0710_01/ECOv002_L2T_LSTE_29194_001_12SVB_20230830T080555_0710_01_height.tif,ECO_L2T_LSTE.002,ECOv002_L2T_LSTE_29194_001_12SVB_20230830T080555_0710_01_height.tif,2026-06-09,sha256:8f2945571a329f85ef388bcf905e3e0ac70fc6a484535d35e377ea97815f353e
https://data.lpdaac.earthdatacloud.nasa.gov/lp-prod-protected/ECO_L2T_LSTE.002/ECOv002_L2T_LSTE_29194_001_12SVB_20230830T080555_0710_01/ECOv002_L2T_LSTE_29194_001_12SVB_20230830T080555_0710_01_LST.tif,ECO_L2T_LSTE.002,ECOv002_L2T_LSTE_29194_001_12SVB_20230830T080555_0710_01_LST.tif,2026-06-09,sha256:7b35295ea8536a8ec7d544a40c0b3eae270495598ab7311a2ab3cd6b085cd62b
https://data.lpdaac.earthdatacloud.nasa.gov/lp-prod-protected/ECO_L2T_LSTE.002/ECOv002_L2T_LSTE_29194_001_12SVB_20230830T080555_0710_01/ECOv002_L2T_LSTE_29194_001_12SVB_20230830T080555_0710_01_QC.tif,ECO_L2T_LSTE.002,ECOv002_L2T_LSTE_29194_001_12SVB_20230830T080555_0710_01_QC.tif,2026-06-09,sha256:2d4453484920bb695dc9868f392f6a5e4ba5521842e0d049e72734034fdf971b
https://data.lpdaac.earthdatacloud.nasa.gov/lp-prod-protected/ECO_L2T_LSTE.002/ECOv002_L2T_LSTE_29194_001_12SVB_20230830T080555_0712_02/ECOv002_L2T_LSTE_29194_001_12SVB_20230830T080555_0712_02_water.tif,ECO_L2T_LSTE.002,ECOv002_L2T_LSTE_29194_001_12SVB_20230830T080555_0712_02_water.tif,2026-06-09,sha256:4bd9df8c4c00c413c5e2beda13ab6080c825ac2d9c2ce0ef0d11bb4605949b4a
https://data.lpdaac.earthdatacloud.nasa.gov/lp-prod-protected/ECO_L2T_LSTE.002/ECOv002_L2T_LSTE_29194_001_12SVB_20230830T080555_0712_02/ECOv002_L2T_LSTE_29194_001_12SVB_20230830T080555_0712_02_cloud.tif,ECO_L2T_LSTE.002,ECOv002_L2T_LSTE_29194_001_12SVB_20230830T080555_0712_02_cloud.tif,2026-06-09,sha256:a9cf73ce8b7649d6dfcd4751545a1f2e669601d0bbc971a751ddd1acba963d79
https://data.lpdaac.earthdatacloud.nasa.gov/lp-prod-protected/ECO_L2T_LSTE.002/ECOv002_L2T_LSTE_29194_001_12SVB_20230830T080555_0712_02/ECOv002_L2T_LSTE_29194_001_12SVB_20230830T080555_0712_02_height.tif,ECO_L2T_LSTE.002,ECOv002_L2T_LSTE_29194_001_12SVB_20230830T080555_0712_02_height.tif,2026-06-09,sha256:98944e52963b4b184fd5f45aae3a58d6cc5b553060e6bc3ced0c9d31460bae18
https://data.lpdaac.earthdatacloud.nasa.gov/lp-prod-protected/ECO_L2T_LSTE.002/ECOv002_L2T_LSTE_29194_001_12SVB_20230830T080555_0712_02/ECOv002_L2T_LSTE_29194_001_12SVB_20230830T080555_0712_02_QC.tif,ECO_L2T_LSTE.002,ECOv002_L2T_LSTE_29194_001_12SVB_20230830T080555_0712_02_QC.tif,2026-06-09,sha256:c3194740dd7587a10ec5039fe40b15b8418735ff9cceb35dff9c19d457a889a4
https://data.lpdaac.earthdatacloud.nasa.gov/lp-prod-protected/ECO_L2T_LSTE.002/ECOv002_L2T_LSTE_29194_001_12SVB_20230830T080555_0712_02/ECOv002_L2T_LSTE_29194_001_12SVB_20230830T080555_0712_02_LST.tif,ECO_L2T_LSTE.002,ECOv002_L2T_LSTE_29194_001_12SVB_20230830T080555_0712_02_LST.tif,2026-06-09,sha256:68a12fc6fee3787b50242e9c8c38e2817957aaca519077af028459bae626d7fc
https://data.lpdaac.earthdatacloud.nasa.gov/lp-prod-protected/ECO_L2T_LSTE.002/ECOv002_L2T_LSTE_29199_013_12SUC_20230830T161406_0710_01/ECOv002_L2T_LSTE_29199_013_12SUC_20230830T161406_0710_01_water.tif,ECO_L2T_LSTE.002,ECOv002_L2T_LSTE_29199_013_12SUC_20230830T161406_0710_01_water.tif,2026-06-09,sha256:fcd2a2dbc28b8aa3a1eae2e80e10f26196a820b1b8fdf92ba8e7096da4cef08f
https://data.lpdaac.earthdatacloud.nasa.gov/lp-prod-protected/ECO_L2T_LSTE.002/ECOv002_L2T_LSTE_29199_013_12SUC_20230830T161406_0710_01/ECOv002_L2T_LSTE_29199_013_12SUC_20230830T161406_0710_01_cloud.tif,ECO_L2T_LSTE.002,ECOv002_L2T_LSTE_29199_013_12SUC_20230830T161406_0710_01_cloud.tif,2026-06-09,sha256:fcd2a2dbc28b8aa3a1eae2e80e10f26196a820b1b8fdf92ba8e7096da4cef08f
https://data.lpdaac.earthdatacloud.nasa.gov/lp-prod-protected/ECO_L2T_LSTE.002/ECOv002_L2T_LSTE_29199_013_12SUC_20230830T161406_0710_01/ECOv002_L2T_LSTE_29199_013_12SUC_20230830T161406_0710_01_QC.tif,ECO_L2T_LSTE.002,ECOv002_L2T_LSTE_29199_013_12SUC_20230830T161406_0710_01_QC.tif,2026-06-09,sha256:4751a71ff6cda04555e7478aedf86116aa344f98b5e323ac6063265286da1734
https://data.lpdaac.earthdatacloud.nasa.gov/lp-prod-protected/ECO_L2T_LSTE.002/ECOv002_L2T_LSTE_29199_013_12SUC_20230830T161406_0710_01/ECOv002_L2T_LSTE_29199_013_12SUC_20230830T161406_0710_01_LST.tif,ECO_L2T_LSTE.002,ECOv002_L2T_LSTE_29199_013_12SUC_20230830T161406_0710_01_LST.tif,2026-06-09,sha256:60936c05be686ff2a0841cba1fe9c200283f076077e918619a881c0a35948265
https://data.lpdaac.earthdatacloud.nasa.gov/lp-prod-protected/ECO_L2T_LSTE.002/ECOv002_L2T_LSTE_29199_013_12SUC_20230830T161406_0710_01/ECOv002_L2T_LSTE_29199_013_12SUC_20230830T161406_0710_01_height.tif,ECO_L2T_LSTE.002,ECOv002_L2T_LSTE_29199_013_12SUC_20230830T161406_0710_01_height.tif,2026-06-09,sha256:f99337aa3221dc3dfbfac55a45304e501d1bedf2fc830bc2165e637250a7e011
https://data.lpdaac.earthdatacloud.nasa.gov/lp-prod-protected/ECO_L2T_LSTE.002/ECOv002_L2T_LSTE_29199_013_12SUC_20230830T161406_0712_02/ECOv002_L2T_LSTE_29199_013_12SUC_20230830T161406_0712_02_water.tif,ECO_L2T_LSTE.002,ECOv002_L2T_LSTE_29199_013_12SUC_20230830T161406_0712_02_water.tif,2026-06-09,sha256:fcd2a2dbc28b8aa3a1eae2e80e10f26196a820b1b8fdf92ba8e7096da4cef08f
https://data.lpdaac.earthdatacloud.nasa.gov/lp-prod-protected/ECO_L2T_LSTE.002/ECOv002_L2T_LSTE_29199_013_12SUC_20230830T161406_0712_02/ECOv002_L2T_LSTE_29199_013_12SUC_20230830T161406_0712_02_cloud.tif,ECO_L2T_LSTE.002,ECOv002_L2T_LSTE_29199_013_12SUC_20230830T161406_0712_02_cloud.tif,2026-06-09,sha256:fcd2a2dbc28b8aa3a1eae2e80e10f26196a820b1b8fdf92ba8e7096da4cef08f
https://data.lpdaac.earthdatacloud.nasa.gov/lp-prod-protected/ECO_L2T_LSTE.002/ECOv002_L2T_LSTE_29199_013_12SUC_20230830T161406_0712_02/ECOv002_L2T_LSTE_29199_013_12SUC_20230830T161406_0712_02_height.tif,ECO_L2T_LSTE.002,ECOv002_L2T_LSTE_29199_013_12SUC_20230830T161406_0712_02_height.tif,2026-06-09,sha256:686e40b540c874b9eddd7f23e18cc0897c76c14fc8fe26510c95dee4c03a49b9
https://data.lpdaac.earthdatacloud.nasa.gov/lp-prod-protected/ECO_L2T_LSTE.002/ECOv002_L2T_LSTE_29199_013_12SUC_20230830T161406_0712_02/ECOv002_L2T_LSTE_29199_013_12SUC_20230830T161406_0712_02_QC.tif,ECO_L2T_LSTE.002,ECOv002_L2T_LSTE_29199_013_12SUC_20230830T161406_0712_02_QC.tif,2026-06-09,sha256:4661da5775a8ef1e2306f648b31e45f32f0a523e63ed8795270138371aa479b1
https://data.lpdaac.earthdatacloud.nasa.gov/lp-prod-protected/ECO_L2T_LSTE.002/ECOv002_L2T_LSTE_29199_013_12SUC_20230830T161406_0712_02/ECOv002_L2T_LSTE_29199_013_12SUC_20230830T161406_0712_02_LST.tif,ECO_L2T_LSTE.002,ECOv002_L2T_LSTE_29199_013_12SUC_20230830T161406_0712_02_LST.tif,2026-06-09,sha256:974f48e057cae67347ead278635111c511b80449f7e97417fdd31d4991a694ae
https://data.lpdaac.earthdatacloud.nasa.gov/lp-prod-protected/ECO_L2T_LSTE.002/ECOv002_L2T_LSTE_29199_014_12SUC_20230830T161458_0710_01/ECOv002_L2T_LSTE_29199_014_12SUC_20230830T161458_0710_01_water.tif,ECO_L2T_LSTE.002,ECOv002_L2T_LSTE_29199_014_12SUC_20230830T161458_0710_01_water.tif,2026-06-09,sha256:e5750b9b95de4333f4ddeda7ba3e93c080fca1691010d62e7aa156f0f6166fa3
https://data.lpdaac.earthdatacloud.nasa.gov/lp-prod-protected/ECO_L2T_LSTE.002/ECOv002_L2T_LSTE_29199_014_12SUC_20230830T161458_0710_01/ECOv002_L2T_LSTE_29199_014_12SUC_20230830T161458_0710_01_cloud.tif,ECO_L2T_LSTE.002,ECOv002_L2T_LSTE_29199_014_12SUC_20230830T161458_0710_01_cloud.tif,2026-06-09,sha256:78f5a0e34292dcd04725e9cbe361535b5f172d2795dbcb23e5a706913f787228
https://data.lpdaac.earthdatacloud.nasa.gov/lp-prod-protected/ECO_L2T_LSTE.002/ECOv002_L2T_LSTE_29199_014_12SUC_20230830T161458_0710_01/ECOv002_L2T_LSTE_29199_014_12SUC_20230830T161458_0710_01_height.tif,ECO_L2T_LSTE.002,ECOv002_L2T_LSTE_29199_014_12SUC_20230830T161458_0710_01_height.tif,2026-06-09,sha256:c0431947563869432c27503f1230347a825cc580a539624e55b1a92f535b5eea
https://data.lpdaac.earthdatacloud.nasa.gov/lp-prod-protected/ECO_L2T_LSTE.002/ECOv002_L2T_LSTE_29199_014_12SUC_20230830T161458_0710_01/ECOv002_L2T_LSTE_29199_014_12SUC_20230830T161458_0710_01_LST.tif,ECO_L2T_LSTE.002,ECOv002_L2T_LSTE_29199_014_12SUC_20230830T161458_0710_01_LST.tif,2026-06-09,sha256:e686f06c494c28291ac781b3754c68dd01129d339c17f55bdca28f87a36c97ec
https://data.lpdaac.earthdatacloud.nasa.gov/lp-prod-protected/ECO_L2T_LSTE.002/ECOv002_L2T_LSTE_29199_014_12SUC_20230830T161458_0710_01/ECOv002_L2T_LSTE_29199_014_12SUC_20230830T161458_0710_01_QC.tif,ECO_L2T_LSTE.002,ECOv002_L2T_LSTE_29199_014_12SUC_20230830T161458_0710_01_QC.tif,2026-06-09,sha256:c9d3ad3d0a167461c9ef3497f1ef01215a2c79532b22ab1518f2701159cccef5
https://data.lpdaac.earthdatacloud.nasa.gov/lp-prod-protected/ECO_L2T_LSTE.002/ECOv002_L2T_LSTE_29199_014_12SUB_20230830T161458_0710_01/ECOv002_L2T_LSTE_29199_014_12SUB_20230830T161458_0710_01_water.tif,ECO_L2T_LSTE.002,ECOv002_L2T_LSTE_29199_014_12SUB_20230830T161458_0710_01_water.tif,2026-06-09,sha256:6268da62abddc681aad5c8c997b4a6fae94cf65037b0ff12fd519204aa391f5d
https://data.lpdaac.earthdatacloud.nasa.gov/lp-prod-protected/ECO_L2T_LSTE.002/ECOv002_L2T_LSTE_29199_014_12SUB_20230830T161458_0710_01/ECOv002_L2T_LSTE_29199_014_12SUB_20230830T161458_0710_01_cloud.tif,ECO_L2T_LSTE.002,ECOv002_L2T_LSTE_29199_014_12SUB_20230830T161458_0710_01_cloud.tif,2026-06-09,sha256:12926d44db3ee3fcbab890cac674f9849409445af7a5d5599a008ed2ac1cc1ca
https://data.lpdaac.earthdatacloud.nasa.gov/lp-prod-protected/ECO_L2T_LSTE.002/ECOv002_L2T_LSTE_29199_014_12SUB_20230830T161458_0710_01/ECOv002_L2T_LSTE_29199_014_12SUB_20230830T161458_0710_01_height.tif,ECO_L2T_LSTE.002,ECOv002_L2T_LSTE_29199_014_12SUB_20230830T161458_0710_01_height.tif,2026-06-09,sha256:58e2f7100661fccee716b8c2c895db4b4615471c35b3607767ee31c799a56807
https://data.lpdaac.earthdatacloud.nasa.gov/lp-prod-protected/ECO_L2T_LSTE.002/ECOv002_L2T_LSTE_29199_014_12SUB_20230830T161458_0710_01/ECOv002_L2T_LSTE_29199_014_12SUB_20230830T161458_0710_01_QC.tif,ECO_L2T_LSTE.002,ECOv002_L2T_LSTE_29199_014_12SUB_20230830T161458_0710_01_QC.tif,2026-06-09,sha256:adfb5750e23e8f4212b33b92cf283f4490c15183be2f06c91f3740596bb95257
https://data.lpdaac.earthdatacloud.nasa.gov/lp-prod-protected/ECO_L2T_LSTE.002/ECOv002_L2T_LSTE_29199_014_12SUB_20230830T161458_0710_01/ECOv002_L2T_LSTE_29199_014_12SUB_20230830T161458_0710_01_LST.tif,ECO_L2T_LSTE.002,ECOv002_L2T_LSTE_29199_014_12SUB_20230830T161458_0710_01_LST.tif,2026-06-09,sha256:d10052856e90ca750da1adf5ec6c91ec99cd49643e992ea262c20d966360ca1c
https://data.lpdaac.earthdatacloud.nasa.gov/lp-prod-protected/ECO_L2T_LSTE.002/ECOv002_L2T_LSTE_29199_014_12SVC_20230830T161458_0710_01/ECOv002_L2T_LSTE_29199_014_12SVC_20230830T161458_0710_01_water.tif,ECO_L2T_LSTE.002,ECOv002_L2T_LSTE_29199_014_12SVC_20230830T161458_0710_01_water.tif,2026-06-09,sha256:96263a453fe5ff071178f9d804df328f335ef81c47725c5a0ac56fcff5459e9f
https://data.lpdaac.earthdatacloud.nasa.gov/lp-prod-protected/ECO_L2T_LSTE.002/ECOv002_L2T_LSTE_29199_014_12SVC_20230830T161458_0710_01/ECOv002_L2T_LSTE_29199_014_12SVC_20230830T161458_0710_01_cloud.tif,ECO_L2T_LSTE.002,ECOv002_L2T_LSTE_29199_014_12SVC_20230830T161458_0710_01_cloud.tif,2026-06-09,sha256:5ae6aaa662bb84f3a79eb79039a431655d5fc9f495be453bf0e2fa7256615b57
https://data.lpdaac.earthdatacloud.nasa.gov/lp-prod-protected/ECO_L2T_LSTE.002/ECOv002_L2T_LSTE_29199_014_12SVC_20230830T161458_0710_01/ECOv002_L2T_LSTE_29199_014_12SVC_20230830T161458_0710_01_height.tif,ECO_L2T_LSTE.002,ECOv002_L2T_LSTE_29199_014_12SVC_20230830T161458_0710_01_height.tif,2026-06-09,sha256:8aef45a7acb32155c1b40f7b05ad8558dc7dc4374bf6ad3da26a3401da4d3bc2
https://data.lpdaac.earthdatacloud.nasa.gov/lp-prod-protected/ECO_L2T_LSTE.002/ECOv002_L2T_LSTE_29199_014_12SVC_20230830T161458_0710_01/ECOv002_L2T_LSTE_29199_014_12SVC_20230830T161458_0710_01_QC.tif,ECO_L2T_LSTE.002,ECOv002_L2T_LSTE_29199_014_12SVC_20230830T161458_0710_01_QC.tif,2026-06-09,sha256:328a140d6d3475800200b60ae6aa4f732eb327e2a13bde395ea8b99bc2bbf7e6
https://data.lpdaac.earthdatacloud.nasa.gov/lp-prod-protected/ECO_L2T_LSTE.002/ECOv002_L2T_LSTE_29199_014_12SVC_20230830T161458_0710_01/ECOv002_L2T_LSTE_29199_014_12SVC_20230830T161458_0710_01_LST.tif,ECO_L2T_LSTE.002,ECOv002_L2T_LSTE_29199_014_12SVC_20230830T161458_0710_01_LST.tif,2026-06-09,sha256:cba5aed4b07446e4e9aa4a1066e546ef0789052ff6451bea6a6aa523f448e496
https://data.lpdaac.earthdatacloud.nasa.gov/lp-prod-protected/ECO_L2T_LSTE.002/ECOv002_L2T_LSTE_29199_014_12SUB_20230830T161458_0712_02/ECOv002_L2T_LSTE_29199_014_12SUB_20230830T161458_0712_02_water.tif,ECO_L2T_LSTE.002,ECOv002_L2T_LSTE_29199_014_12SUB_20230830T161458_0712_02_water.tif,2026-06-09,sha256:f26610e30899308852b2013e2f6afb43629793bb70cc8dc7d1d05c2cf1d5ea9d
https://data.lpdaac.earthdatacloud.nasa.gov/lp-prod-protected/ECO_L2T_LSTE.002/ECOv002_L2T_LSTE_29199_014_12SUB_20230830T161458_0712_02/ECOv002_L2T_LSTE_29199_014_12SUB_20230830T161458_0712_02_cloud.tif,ECO_L2T_LSTE.002,ECOv002_L2T_LSTE_29199_014_12SUB_20230830T161458_0712_02_cloud.tif,2026-06-09,sha256:12926d44db3ee3fcbab890cac674f9849409445af7a5d5599a008ed2ac1cc1ca
https://data.lpdaac.earthdatacloud.nasa.gov/lp-prod-protected/ECO_L2T_LSTE.002/ECOv002_L2T_LSTE_29199_014_12SUB_20230830T161458_0712_02/ECOv002_L2T_LSTE_29199_014_12SUB_20230830T161458_0712_02_height.tif,ECO_L2T_LSTE.002,ECOv002_L2T_LSTE_29199_014_12SUB_20230830T161458_0712_02_height.tif,2026-06-09,sha256:2848e3c8c1a3d09697adb32feffa52581fcbf7a89573b8fccd053277a0780dc7
https://data.lpdaac.earthdatacloud.nasa.gov/lp-prod-protected/ECO_L2T_LSTE.002/ECOv002_L2T_LSTE_29199_014_12SUB_20230830T161458_0712_02/ECOv002_L2T_LSTE_29199_014_12SUB_20230830T161458_0712_02_QC.tif,ECO_L2T_LSTE.002,ECOv002_L2T_LSTE_29199_014_12SUB_20230830T161458_0712_02_QC.tif,2026-06-09,sha256:4b08fc35b106257dfba7d4c5378ad8dff480c73042d57aeee17555f2661c597e
https://data.lpdaac.earthdatacloud.nasa.gov/lp-prod-protected/ECO_L2T_LSTE.002/ECOv002_L2T_LSTE_29199_014_12SUB_20230830T161458_0712_02/ECOv002_L2T_LSTE_29199_014_12SUB_20230830T161458_0712_02_LST.tif,ECO_L2T_LSTE.002,ECOv002_L2T_LSTE_29199_014_12SUB_20230830T161458_0712_02_LST.tif,2026-06-09,sha256:d22c553c06c4ec5ec874826d99afe2ee58145abc12a587d132d28e926dc357fc
https://data.lpdaac.earthdatacloud.nasa.gov/lp-prod-protected/ECO_L2T_LSTE.002/ECOv002_L2T_LSTE_29199_014_12SVB_20230830T161458_0712_02/ECOv002_L2T_LSTE_29199_014_12SVB_20230830T161458_0712_02_water.tif,ECO_L2T_LSTE.002,ECOv002_L2T_LSTE_29199_014_12SVB_20230830T161458_0712_02_water.tif,2026-06-09,sha256:e4f7c59532c74ecd9336927db0d04f1f9c054fc74eae7cf576d06db2401e1e8f
https://data.lpdaac.earthdatacloud.nasa.gov/lp-prod-protected/ECO_L2T_LSTE.002/ECOv002_L2T_LSTE_29199_014_12SVB_20230830T161458_0712_02/ECOv002_L2T_LSTE_29199_014_12SVB_20230830T161458_0712_02_cloud.tif,ECO_L2T_LSTE.002,ECOv002_L2T_LSTE_29199_014_12SVB_20230830T161458_0712_02_cloud.tif,2026-06-09,sha256:b62c34811328b9d095010b37567d40c2d10ba69cba14de6aa0843ad474a665f4
https://data.lpdaac.earthdatacloud.nasa.gov/lp-prod-protected/ECO_L2T_LSTE.002/ECOv002_L2T_LSTE_29199_014_12SVB_20230830T161458_0712_02/ECOv002_L2T_LSTE_29199_014_12SVB_20230830T161458_0712_02_height.tif,ECO_L2T_LSTE.002,ECOv002_L2T_LSTE_29199_014_12SVB_20230830T161458_0712_02_height.tif,2026-06-09,sha256:90802219e84cb6ce81db6e51d84cde415e7a29a32dbabe10751e0fd924d94578
https://data.lpdaac.earthdatacloud.nasa.gov/lp-prod-protected/ECO_L2T_LSTE.002/ECOv002_L2T_LSTE_29199_014_12SVB_20230830T161458_0712_02/ECOv002_L2T_LSTE_29199_014_12SVB_20230830T161458_0712_02_QC.tif,ECO_L2T_LSTE.002,ECOv002_L2T_LSTE_29199_014_12SVB_20230830T161458_0712_02_QC.tif,2026-06-09,sha256:fe50ca20e1fbb0355c60f14cef093571c8a15ee98bdaaf79ec3cff9540ffa452
https://data.lpdaac.earthdatacloud.nasa.gov/lp-prod-protected/ECO_L2T_LSTE.002/ECOv002_L2T_LSTE_29199_014_12SVB_20230830T161458_0712_02/ECOv002_L2T_LSTE_29199_014_12SVB_20230830T161458_0712_02_LST.tif,ECO_L2T_LSTE.002,ECOv002_L2T_LSTE_29199_014_12SVB_20230830T161458_0712_02_LST.tif,2026-06-09,sha256:de23c6e6eaccf628e8342b7a50a5db85e571343bc70f434ad5bbe09b6c416796
https://data.lpdaac.earthdatacloud.nasa.gov/lp-prod-protected/ECO_L2T_LSTE.002/ECOv002_L2T_LSTE_29199_014_12SVC_20230830T161458_0712_02/ECOv002_L2T_LSTE_29199_014_12SVC_20230830T161458_0712_02_water.tif,ECO_L2T_LSTE.002,ECOv002_L2T_LSTE_29199_014_12SVC_20230830T161458_0712_02_water.tif,2026-06-09,sha256:f55895e73f0ff05aa767b979f625d230f8392a5dbaa961dd012ff1cffdb24de1
https://data.lpdaac.earthdatacloud.nasa.gov/lp-prod-protected/ECO_L2T_LSTE.002/ECOv002_L2T_LSTE_29199_014_12SVC_20230830T161458_0712_02/ECOv002_L2T_LSTE_29199_014_12SVC_20230830T161458_0712_02_cloud.tif,ECO_L2T_LSTE.002,ECOv002_L2T_LSTE_29199_014_12SVC_20230830T161458_0712_02_cloud.tif,2026-06-09,sha256:d97385146093b72d19874b58f021dc99b4ac00f9b36bdcdff435ef772eea3345
https://data.lpdaac.earthdatacloud.nasa.gov/lp-prod-protected/ECO_L2T_LSTE.002/ECOv002_L2T_LSTE_29199_014_12SVC_20230830T161458_0712_02/ECOv002_L2T_LSTE_29199_014_12SVC_20230830T161458_0712_02_height.tif,ECO_L2T_LSTE.002,ECOv002_L2T_LSTE_29199_014_12SVC_20230830T161458_0712_02_height.tif,2026-06-09,sha256:5dc4149a109687b087787db7f4291e377698b2fe41473c6f19b86071251a418b
https://data.lpdaac.earthdatacloud.nasa.gov/lp-prod-protected/ECO_L2T_LSTE.002/ECOv002_L2T_LSTE_29199_014_12SVC_20230830T161458_0712_02/ECOv002_L2T_LSTE_29199_014_12SVC_20230830T161458_0712_02_QC.tif,ECO_L2T_LSTE.002,ECOv002_L2T_LSTE_29199_014_12SVC_20230830T161458_0712_02_QC.tif,2026-06-09,sha256:c4cf3d86e19b6dbd372b99efb056eb2065182823e345422024dd1ffdbe4acccc
https://data.lpdaac.earthdatacloud.nasa.gov/lp-prod-protected/ECO_L2T_LSTE.002/ECOv002_L2T_LSTE_29199_014_12SVC_20230830T161458_0712_02/ECOv002_L2T_LSTE_29199_014_12SVC_20230830T161458_0712_02_LST.tif,ECO_L2T_LSTE.002,ECOv002_L2T_LSTE_29199_014_12SVC_20230830T161458_0712_02_LST.tif,2026-06-09,sha256:c52d2755f935564632742a9f1e7944d452995fe5445984e7ef2a93c900cc99c0
https://data.lpdaac.earthdatacloud.nasa.gov/lp-prod-protected/ECO_L2T_LSTE.002/ECOv002_L2T_LSTE_29199_014_12SUC_20230830T161458_0712_02/ECOv002_L2T_LSTE_29199_014_12SUC_20230830T161458_0712_02_water.tif,ECO_L2T_LSTE.002,ECOv002_L2T_LSTE_29199_014_12SUC_20230830T161458_0712_02_water.tif,2026-06-09,sha256:ad19dadec68ad9e6a84ea2554ffa3cf3aadf1417416c3c766eb22cf99749a5a9
https://data.lpdaac.earthdatacloud.nasa.gov/lp-prod-protected/ECO_L2T_LSTE.002/ECOv002_L2T_LSTE_29199_014_12SUC_20230830T161458_0712_02/ECOv002_L2T_LSTE_29199_014_12SUC_20230830T161458_0712_02_cloud.tif,ECO_L2T_LSTE.002,ECOv002_L2T_LSTE_29199_014_12SUC_20230830T161458_0712_02_cloud.tif,2026-06-09,sha256:1b35568b70938c9c8ac14d39b0a1ffe38a9f92b0bbb96e4231a58589c57e6922
https://data.lpdaac.earthdatacloud.nasa.gov/lp-prod-protected/ECO_L2T_LSTE.002/ECOv002_L2T_LSTE_29199_014_12SUC_20230830T161458_0712_02/ECOv002_L2T_LSTE_29199_014_12SUC_20230830T161458_0712_02_height.tif,ECO_L2T_LSTE.002,ECOv002_L2T_LSTE_29199_014_12SUC_20230830T161458_0712_02_height.tif,2026-06-09,sha256:b241b907b6a4cf86fd018d0ab20370d77efcfc6b78f90d3b2e49bf8ebb1b081f
https://data.lpdaac.earthdatacloud.nasa.gov/lp-prod-protected/ECO_L2T_LSTE.002/ECOv002_L2T_LSTE_29199_014_12SUC_20230830T161458_0712_02/ECOv002_L2T_LSTE_29199_014_12SUC_20230830T161458_0712_02_QC.tif,ECO_L2T_LSTE.002,ECOv002_L2T_LSTE_29199_014_12SUC_20230830T161458_0712_02_QC.tif,2026-06-09,sha256:e7ab9a67a1508e52b6738b41fb53f033b60d11d25cb8e6112683f0a4a032e058
https://data.lpdaac.earthdatacloud.nasa.gov/lp-prod-protected/ECO_L2T_LSTE.002/ECOv002_L2T_LSTE_29199_014_12SUC_20230830T161458_0712_02/ECOv002_L2T_LSTE_29199_014_12SUC_20230830T161458_0712_02_LST.tif,ECO_L2T_LSTE.002,ECOv002_L2T_LSTE_29199_014_12SUC_20230830T161458_0712_02_LST.tif,2026-06-09,sha256:8d902cd8989f9e407190378a15b594d13e4f20b1bd36fd19fda96932378d11aa
https://data.lpdaac.earthdatacloud.nasa.gov/lp-prod-protected/ECO_L2T_LSTE.002/ECOv002_L2T_LSTE_29255_005_12SVB_20230903T062908_0710_01/ECOv002_L2T_LSTE_29255_005_12SVB_20230903T062908_0710_01_water.tif,ECO_L2T_LSTE.002,ECOv002_L2T_LSTE_29255_005_12SVB_20230903T062908_0710_01_water.tif,2026-06-09,sha256:5330bdd59b721b9812d2cfacc468382dac52d2fcd60ace86d0589db82a6d4135
https://data.lpdaac.earthdatacloud.nasa.gov/lp-prod-protected/ECO_L2T_LSTE.002/ECOv002_L2T_LSTE_29255_005_12SVB_20230903T062908_0710_01/ECOv002_L2T_LSTE_29255_005_12SVB_20230903T062908_0710_01_cloud.tif,ECO_L2T_LSTE.002,ECOv002_L2T_LSTE_29255_005_12SVB_20230903T062908_0710_01_cloud.tif,2026-06-09,sha256:5330bdd59b721b9812d2cfacc468382dac52d2fcd60ace86d0589db82a6d4135
https://data.lpdaac.earthdatacloud.nasa.gov/lp-prod-protected/ECO_L2T_LSTE.002/ECOv002_L2T_LSTE_29255_005_12SVB_20230903T062908_0710_01/ECOv002_L2T_LSTE_29255_005_12SVB_20230903T062908_0710_01_height.tif,ECO_L2T_LSTE.002,ECOv002_L2T_LSTE_29255_005_12SVB_20230903T062908_0710_01_height.tif,2026-06-09,sha256:4b8e6b346d05b2302a1c4243ddce9e2a30dcf9571ece635c44cb015422eba296
https://data.lpdaac.earthdatacloud.nasa.gov/lp-prod-protected/ECO_L2T_LSTE.002/ECOv002_L2T_LSTE_29255_005_12SVB_20230903T062908_0710_01/ECOv002_L2T_LSTE_29255_005_12SVB_20230903T062908_0710_01_LST.tif,ECO_L2T_LSTE.002,ECOv002_L2T_LSTE_29255_005_12SVB_20230903T062908_0710_01_LST.tif,2026-06-09,sha256:adf38d3118fc24e2610cd26efac88710395244c7ee3d2b7688672867ecbe4dfc
https://data.lpdaac.earthdatacloud.nasa.gov/lp-prod-protected/ECO_L2T_LSTE.002/ECOv002_L2T_LSTE_29255_005_12SVB_20230903T062908_0710_01/ECOv002_L2T_LSTE_29255_005_12SVB_20230903T062908_0710_01_QC.tif,ECO_L2T_LSTE.002,ECOv002_L2T_LSTE_29255_005_12SVB_20230903T062908_0710_01_QC.tif,2026-06-09,sha256:ee03f366700b649762d598e01b1b03246c391ba6582893cfefc5f3cada9ebd4e
https://data.lpdaac.earthdatacloud.nasa.gov/lp-prod-protected/ECO_L2T_LSTE.002/ECOv002_L2T_LSTE_29275_010_12SVC_20230904T134831_0710_01/ECOv002_L2T_LSTE_29275_010_12SVC_20230904T134831_0710_01_water.tif,ECO_L2T_LSTE.002,ECOv002_L2T_LSTE_29275_010_12SVC_20230904T134831_0710_01_water.tif,2026-06-09,sha256:cff5a360414308ed3d8ce22418a0d3e7ac7d934295c1b38c8af26c4be826100a
https://data.lpdaac.earthdatacloud.nasa.gov/lp-prod-protected/ECO_L2T_LSTE.002/ECOv002_L2T_LSTE_29275_010_12SVC_20230904T134831_0710_01/ECOv002_L2T_LSTE_29275_010_12SVC_20230904T134831_0710_01_cloud.tif,ECO_L2T_LSTE.002,ECOv002_L2T_LSTE_29275_010_12SVC_20230904T134831_0710_01_cloud.tif,2026-06-09,sha256:1e39785c24e5086ca644eababbf0af2354633fee99b66b2114507e8a3e2b3b0a
https://data.lpdaac.earthdatacloud.nasa.gov/lp-prod-protected/ECO_L2T_LSTE.002/ECOv002_L2T_LSTE_29275_010_12SVC_20230904T134831_0710_01/ECOv002_L2T_LSTE_29275_010_12SVC_20230904T134831_0710_01_QC.tif,ECO_L2T_LSTE.002,ECOv002_L2T_LSTE_29275_010_12SVC_20230904T134831_0710_01_QC.tif,2026-06-09,sha256:2691d56545037a6a48d4a544173df6b5b64283b2b9ba0a06b8b99aa72e704daf
https://data.lpdaac.earthdatacloud.nasa.gov/lp-prod-protected/ECO_L2T_LSTE.002/ECOv002_L2T_LSTE_29275_010_12SVC_20230904T134831_0710_01/ECOv002_L2T_LSTE_29275_010_12SVC_20230904T134831_0710_01_height.tif,ECO_L2T_LSTE.002,ECOv002_L2T_LSTE_29275_010_12SVC_20230904T134831_0710_01_height.tif,2026-06-09,sha256:434e7a7c6359dda8f7c379e78c7e98ef4f7b0b1ad1a0ea568e3e641f3a53b473
https://data.lpdaac.earthdatacloud.nasa.gov/lp-prod-protected/ECO_L2T_LSTE.002/ECOv002_L2T_LSTE_29275_010_12SVC_20230904T134831_0710_01/ECOv002_L2T_LSTE_29275_010_12SVC_20230904T134831_0710_01_LST.tif,ECO_L2T_LSTE.002,ECOv002_L2T_LSTE_29275_010_12SVC_20230904T134831_0710_01_LST.tif,2026-06-09,sha256:36585f31894792a577677d623690b12f36d7d0d28d4e697824307402b323383c
https://data.lpdaac.earthdatacloud.nasa.gov/lp-prod-protected/ECO_L2T_LSTE.002/ECOv002_L2T_LSTE_29275_010_12SVC_20230904T134831_0712_02/ECOv002_L2T_LSTE_29275_010_12SVC_20230904T134831_0712_02_water.tif,ECO_L2T_LSTE.002,ECOv002_L2T_LSTE_29275_010_12SVC_20230904T134831_0712_02_water.tif,2026-06-09,sha256:c9dba0d44afdff2799471626a6dba51daed326fa1e7e170239b0b64aba4ab0c5
https://data.lpdaac.earthdatacloud.nasa.gov/lp-prod-protected/ECO_L2T_LSTE.002/ECOv002_L2T_LSTE_29275_010_12SVC_20230904T134831_0712_02/ECOv002_L2T_LSTE_29275_010_12SVC_20230904T134831_0712_02_cloud.tif,ECO_L2T_LSTE.002,ECOv002_L2T_LSTE_29275_010_12SVC_20230904T134831_0712_02_cloud.tif,2026-06-09,sha256:89b0b8d1941734eb1f43cd31effa1c350a158e8a4ee55275b662a19b4321ce43
https://data.lpdaac.earthdatacloud.nasa.gov/lp-prod-protected/ECO_L2T_LSTE.002/ECOv002_L2T_LSTE_29275_010_12SVC_20230904T134831_0712_02/ECOv002_L2T_LSTE_29275_010_12SVC_20230904T134831_0712_02_height.tif,ECO_L2T_LSTE.002,ECOv002_L2T_LSTE_29275_010_12SVC_20230904T134831_0712_02_height.tif,2026-06-09,sha256:48fdb624d0d7ba563d90eb50092773d96d4529ed67d3401d32d78e23ed6b986a
https://data.lpdaac.earthdatacloud.nasa.gov/lp-prod-protected/ECO_L2T_LSTE.002/ECOv002_L2T_LSTE_29275_010_12SVC_20230904T134831_0712_02/ECOv002_L2T_LSTE_29275_010_12SVC_20230904T134831_0712_02_QC.tif,ECO_L2T_LSTE.002,ECOv002_L2T_LSTE_29275_010_12SVC_20230904T134831_0712_02_QC.tif,2026-06-09,sha256:31fa1abf1a57a5da8532481ab7bc52b9bc7eebb4cec7b27b08e59a881c3652b4
https://data.lpdaac.earthdatacloud.nasa.gov/lp-prod-protected/ECO_L2T_LSTE.002/ECOv002_L2T_LSTE_29275_010_12SVC_20230904T134831_0712_02/ECOv002_L2T_LSTE_29275_010_12SVC_20230904T134831_0712_02_LST.tif,ECO_L2T_LSTE.002,ECOv002_L2T_LSTE_29275_010_12SVC_20230904T134831_0712_02_LST.tif,2026-06-09,sha256:ae54eccd34bddd444afac159e42f9c285596d52bf4b88d89399bc33b573e56ca
https://data.lpdaac.earthdatacloud.nasa.gov/lp-prod-protected/ECO_L2T_LSTE.002/ECOv002_L2T_LSTE_29275_011_12SVC_20230904T134923_0710_01/ECOv002_L2T_LSTE_29275_011_12SVC_20230904T134923_0710_01_water.tif,ECO_L2T_LSTE.002,ECOv002_L2T_LSTE_29275_011_12SVC_20230904T134923_0710_01_water.tif,2026-06-09,sha256:1d4459627d8a9675ab12dadd21bb28d082bb0c3e171c8d12ccf24a99402fa5e7
https://data.lpdaac.earthdatacloud.nasa.gov/lp-prod-protected/ECO_L2T_LSTE.002/ECOv002_L2T_LSTE_29275_011_12SVC_20230904T134923_0710_01/ECOv002_L2T_LSTE_29275_011_12SVC_20230904T134923_0710_01_cloud.tif,ECO_L2T_LSTE.002,ECOv002_L2T_LSTE_29275_011_12SVC_20230904T134923_0710_01_cloud.tif,2026-06-09,sha256:e1f6ae93fcc123af38743765de53d19f9fb75ec6e74f277866e3cc8395aa1042
https://data.lpdaac.earthdatacloud.nasa.gov/lp-prod-protected/ECO_L2T_LSTE.002/ECOv002_L2T_LSTE_29275_011_12SVC_20230904T134923_0710_01/ECOv002_L2T_LSTE_29275_011_12SVC_20230904T134923_0710_01_height.tif,ECO_L2T_LSTE.002,ECOv002_L2T_LSTE_29275_011_12SVC_20230904T134923_0710_01_height.tif,2026-06-09,sha256:6018a3b68234f335b0b64c78283614de1b3291103b5f34e6bcde174412446c41
https://data.lpdaac.earthdatacloud.nasa.gov/lp-prod-protected/ECO_L2T_LSTE.002/ECOv002_L2T_LSTE_29275_011_12SVC_20230904T134923_0710_01/ECOv002_L2T_LSTE_29275_011_12SVC_20230904T134923_0710_01_LST.tif,ECO_L2T_LSTE.002,ECOv002_L2T_LSTE_29275_011_12SVC_20230904T134923_0710_01_LST.tif,2026-06-09,sha256:045616b22da5336713ac1bb0d3448331e6a2c3546fd4d58b0b1b5d7f56604b17
https://data.lpdaac.earthdatacloud.nasa.gov/lp-prod-protected/ECO_L2T_LSTE.002/ECOv002_L2T_LSTE_29275_011_12SVC_20230904T134923_0710_01/ECOv002_L2T_LSTE_29275_011_12SVC_20230904T134923_0710_01_QC.tif,ECO_L2T_LSTE.002,ECOv002_L2T_LSTE_29275_011_12SVC_20230904T134923_0710_01_QC.tif,2026-06-09,sha256:c987f09a9a360fdddcb6b437b62579b2998b82821f0bd5aa24065d32d33c4c92
https://data.lpdaac.earthdatacloud.nasa.gov/lp-prod-protected/ECO_L2T_LSTE.002/ECOv002_L2T_LSTE_29275_011_12SVC_20230904T134923_0712_02/ECOv002_L2T_LSTE_29275_011_12SVC_20230904T134923_0712_02_water.tif,ECO_L2T_LSTE.002,ECOv002_L2T_LSTE_29275_011_12SVC_20230904T134923_0712_02_water.tif,2026-06-09,sha256:1d4459627d8a9675ab12dadd21bb28d082bb0c3e171c8d12ccf24a99402fa5e7
https://data.lpdaac.earthdatacloud.nasa.gov/lp-prod-protected/ECO_L2T_LSTE.002/ECOv002_L2T_LSTE_29275_011_12SVC_20230904T134923_0712_02/ECOv002_L2T_LSTE_29275_011_12SVC_20230904T134923_0712_02_cloud.tif,ECO_L2T_LSTE.002,ECOv002_L2T_LSTE_29275_011_12SVC_20230904T134923_0712_02_cloud.tif,2026-06-09,sha256:faba8ec3e852691a5a2e28c63f57b4669049a76e7d171b80ced400f30c108a7d
https://data.lpdaac.earthdatacloud.nasa.gov/lp-prod-protected/ECO_L2T_LSTE.002/ECOv002_L2T_LSTE_29275_011_12SVC_20230904T134923_0712_02/ECOv002_L2T_LSTE_29275_011_12SVC_20230904T134923_0712_02_height.tif,ECO_L2T_LSTE.002,ECOv002_L2T_LSTE_29275_011_12SVC_20230904T134923_0712_02_height.tif,2026-06-09,sha256:40b83fee477ec675682673df24c17d38e9c5f11c49e1e780fa9a3722689681eb
https://data.lpdaac.earthdatacloud.nasa.gov/lp-prod-protected/ECO_L2T_LSTE.002/ECOv002_L2T_LSTE_29275_011_12SVC_20230904T134923_0712_02/ECOv002_L2T_LSTE_29275_011_12SVC_20230904T134923_0712_02_QC.tif,ECO_L2T_LSTE.002,ECOv002_L2T_LSTE_29275_011_12SVC_20230904T134923_0712_02_QC.tif,2026-06-09,sha256:1370cc75cce740066f747be1b5fdc8cc3c1740ef9d32cd5da9647c4fd0456663
https://data.lpdaac.earthdatacloud.nasa.gov/lp-prod-protected/ECO_L2T_LSTE.002/ECOv002_L2T_LSTE_29275_011_12SVC_20230904T134923_0712_02/ECOv002_L2T_LSTE_29275_011_12SVC_20230904T134923_0712_02_LST.tif,ECO_L2T_LSTE.002,ECOv002_L2T_LSTE_29275_011_12SVC_20230904T134923_0712_02_LST.tif,2026-06-09,sha256:3556984979c63f8d1d778ce465cbebfadcde2477e3acfbc0fdafe20c20f86591
https://data.lpdaac.earthdatacloud.nasa.gov/lp-prod-protected/ECO_L2T_LSTE.002/ECOv002_L2T_LSTE_29301_005_12SVB_20230906T053939_0710_01/ECOv002_L2T_LSTE_29301_005_12SVB_20230906T053939_0710_01_water.tif,ECO_L2T_LSTE.002,ECOv002_L2T_LSTE_29301_005_12SVB_20230906T053939_0710_01_water.tif,2026-06-09,sha256:b5b261a4c67b575c9233f5acd92e71490b592c627a106b3ccd9291292cd6472f
https://data.lpdaac.earthdatacloud.nasa.gov/lp-prod-protected/ECO_L2T_LSTE.002/ECOv002_L2T_LSTE_29301_005_12SVB_20230906T053939_0710_01/ECOv002_L2T_LSTE_29301_005_12SVB_20230906T053939_0710_01_cloud.tif,ECO_L2T_LSTE.002,ECOv002_L2T_LSTE_29301_005_12SVB_20230906T053939_0710_01_cloud.tif,2026-06-09,sha256:029ddb4c6ff66c1a274c9f1111b9f2e88aec45ec2076c8c0f6709f5bcc612d14
https://data.lpdaac.earthdatacloud.nasa.gov/lp-prod-protected/ECO_L2T_LSTE.002/ECOv002_L2T_LSTE_29301_005_12SVB_20230906T053939_0710_01/ECOv002_L2T_LSTE_29301_005_12SVB_20230906T053939_0710_01_QC.tif,ECO_L2T_LSTE.002,ECOv002_L2T_LSTE_29301_005_12SVB_20230906T053939_0710_01_QC.tif,2026-06-09,sha256:9e97ce8bcdf52f0021a6017fdc4027ce7dcbd8d6b00c80920071fb2de1cd2fe8
https://data.lpdaac.earthdatacloud.nasa.gov/lp-prod-protected/ECO_L2T_LSTE.002/ECOv002_L2T_LSTE_29301_005_12SVB_20230906T053939_0710_01/ECOv002_L2T_LSTE_29301_005_12SVB_20230906T053939_0710_01_height.tif,ECO_L2T_LSTE.002,ECOv002_L2T_LSTE_29301_005_12SVB_20230906T053939_0710_01_height.tif,2026-06-09,sha256:6bd58923a9bf0848a1e7b3159df0660590e720aae326741b1de2e0d251899df1
https://data.lpdaac.earthdatacloud.nasa.gov/lp-prod-protected/ECO_L2T_LSTE.002/ECOv002_L2T_LSTE_29301_005_12SVB_20230906T053939_0710_01/ECOv002_L2T_LSTE_29301_005_12SVB_20230906T053939_0710_01_LST.tif,ECO_L2T_LSTE.002,ECOv002_L2T_LSTE_29301_005_12SVB_20230906T053939_0710_01_LST.tif,2026-06-09,sha256:cf44d261a52a77270e9caf0f7104a9d40e141bfcd9c0241216717586f68babfc
https://data.lpdaac.earthdatacloud.nasa.gov/lp-prod-protected/ECO_L2T_LSTE.002/ECOv002_L2T_LSTE_29301_005_12SVC_20230906T053939_0710_01/ECOv002_L2T_LSTE_29301_005_12SVC_20230906T053939_0710_01_water.tif,ECO_L2T_LSTE.002,ECOv002_L2T_LSTE_29301_005_12SVC_20230906T053939_0710_01_water.tif,2026-06-09,sha256:fc5c9b346b171fe4004aa891f7ac25360744444e9ca41923c5e1eb786303c452
https://data.lpdaac.earthdatacloud.nasa.gov/lp-prod-protected/ECO_L2T_LSTE.002/ECOv002_L2T_LSTE_29301_005_12SVC_20230906T053939_0710_01/ECOv002_L2T_LSTE_29301_005_12SVC_20230906T053939_0710_01_cloud.tif,ECO_L2T_LSTE.002,ECOv002_L2T_LSTE_29301_005_12SVC_20230906T053939_0710_01_cloud.tif,2026-06-09,sha256:71a06bbe6a8ec0427c733932ead890199af4aea2fcecc1bb9be607d03ad6753a
https://data.lpdaac.earthdatacloud.nasa.gov/lp-prod-protected/ECO_L2T_LSTE.002/ECOv002_L2T_LSTE_29301_005_12SVC_20230906T053939_0710_01/ECOv002_L2T_LSTE_29301_005_12SVC_20230906T053939_0710_01_height.tif,ECO_L2T_LSTE.002,ECOv002_L2T_LSTE_29301_005_12SVC_20230906T053939_0710_01_height.tif,2026-06-09,sha256:36155931c4030ce7c70f11ed3a3c0a6d48e0079a1926d2cfe6a7fecf6f006971
https://data.lpdaac.earthdatacloud.nasa.gov/lp-prod-protected/ECO_L2T_LSTE.002/ECOv002_L2T_LSTE_29301_005_12SVC_20230906T053939_0710_01/ECOv002_L2T_LSTE_29301_005_12SVC_20230906T053939_0710_01_LST.tif,ECO_L2T_LSTE.002,ECOv002_L2T_LSTE_29301_005_12SVC_20230906T053939_0710_01_LST.tif,2026-06-09,sha256:8358136ccbe4225439653160d71f3f56f77c9a661a7e5244570fbaaa6d0718db
https://data.lpdaac.earthdatacloud.nasa.gov/lp-prod-protected/ECO_L2T_LSTE.002/ECOv002_L2T_LSTE_29301_005_12SVC_20230906T053939_0710_01/ECOv002_L2T_LSTE_29301_005_12SVC_20230906T053939_0710_01_QC.tif,ECO_L2T_LSTE.002,ECOv002_L2T_LSTE_29301_005_12SVC_20230906T053939_0710_01_QC.tif,2026-06-09,sha256:b39dc08f2378e86afbd5249211c642b7fd6161b1ad47f2f077f8869e8a16e3f3
https://data.lpdaac.earthdatacloud.nasa.gov/lp-prod-protected/ECO_L2T_LSTE.002/ECOv002_L2T_LSTE_29301_005_12SUC_20230906T053939_0710_01/ECOv002_L2T_LSTE_29301_005_12SUC_20230906T053939_0710_01_water.tif,ECO_L2T_LSTE.002,ECOv002_L2T_LSTE_29301_005_12SUC_20230906T053939_0710_01_water.tif,2026-06-09,sha256:cbcd93699fcab6e4c57ea50a86aeefa433f1f47b6e50ed665e6c80545a4384fe
https://data.lpdaac.earthdatacloud.nasa.gov/lp-prod-protected/ECO_L2T_LSTE.002/ECOv002_L2T_LSTE_29301_005_12SUC_20230906T053939_0710_01/ECOv002_L2T_LSTE_29301_005_12SUC_20230906T053939_0710_01_cloud.tif,ECO_L2T_LSTE.002,ECOv002_L2T_LSTE_29301_005_12SUC_20230906T053939_0710_01_cloud.tif,2026-06-09,sha256:182f2e30ab94b200c86862eb594ebe6c83ecb674772d1dea1028dffc1c5e26e7
https://data.lpdaac.earthdatacloud.nasa.gov/lp-prod-protected/ECO_L2T_LSTE.002/ECOv002_L2T_LSTE_29301_005_12SUC_20230906T053939_0710_01/ECOv002_L2T_LSTE_29301_005_12SUC_20230906T053939_0710_01_height.tif,ECO_L2T_LSTE.002,ECOv002_L2T_LSTE_29301_005_12SUC_20230906T053939_0710_01_height.tif,2026-06-09,sha256:1945bc235112efe7fe5398b8c471138e070664a0e024dfdf3ffd82af04b0371b
https://data.lpdaac.earthdatacloud.nasa.gov/lp-prod-protected/ECO_L2T_LSTE.002/ECOv002_L2T_LSTE_29301_005_12SUC_20230906T053939_0710_01/ECOv002_L2T_LSTE_29301_005_12SUC_20230906T053939_0710_01_QC.tif,ECO_L2T_LSTE.002,ECOv002_L2T_LSTE_29301_005_12SUC_20230906T053939_0710_01_QC.tif,2026-06-09,sha256:a53bafd0d5f0f3cae08bf15cb81525a88026801c35adb33f768d8198bde49b6d
https://data.lpdaac.earthdatacloud.nasa.gov/lp-prod-protected/ECO_L2T_LSTE.002/ECOv002_L2T_LSTE_29301_005_12SUC_20230906T053939_0710_01/ECOv002_L2T_LSTE_29301_005_12SUC_20230906T053939_0710_01_LST.tif,ECO_L2T_LSTE.002,ECOv002_L2T_LSTE_29301_005_12SUC_20230906T053939_0710_01_LST.tif,2026-06-09,sha256:3a31cca334ad495c2d5c8e3558a4df9db1bef7095320ae9bb58ba1cf851e9f0f
https://data.lpdaac.earthdatacloud.nasa.gov/lp-prod-protected/ECO_L2T_LSTE.002/ECOv002_L2T_LSTE_29301_005_12SUB_20230906T053939_0712_02/ECOv002_L2T_LSTE_29301_005_12SUB_20230906T053939_0712_02_water.tif,ECO_L2T_LSTE.002,ECOv002_L2T_LSTE_29301_005_12SUB_20230906T053939_0712_02_water.tif,2026-06-09,sha256:c14874167b3de92811faf44438cbf40a2b32975109644ccc4ba2eab7990ea136
https://data.lpdaac.earthdatacloud.nasa.gov/lp-prod-protected/ECO_L2T_LSTE.002/ECOv002_L2T_LSTE_29301_005_12SUB_20230906T053939_0712_02/ECOv002_L2T_LSTE_29301_005_12SUB_20230906T053939_0712_02_cloud.tif,ECO_L2T_LSTE.002,ECOv002_L2T_LSTE_29301_005_12SUB_20230906T053939_0712_02_cloud.tif,2026-06-09,sha256:8f7910b4c4b64ff291beae8bf6a0fbb40b53f850933f92f05d8dc3f04ee96e9f
https://data.lpdaac.earthdatacloud.nasa.gov/lp-prod-protected/ECO_L2T_LSTE.002/ECOv002_L2T_LSTE_29301_005_12SUB_20230906T053939_0712_02/ECOv002_L2T_LSTE_29301_005_12SUB_20230906T053939_0712_02_height.tif,ECO_L2T_LSTE.002,ECOv002_L2T_LSTE_29301_005_12SUB_20230906T053939_0712_02_height.tif,2026-06-09,sha256:edffcbc8cf2c9617214efc1211694cd46843d66dccad9a38f4f1449990feb791
https://data.lpdaac.earthdatacloud.nasa.gov/lp-prod-protected/ECO_L2T_LSTE.002/ECOv002_L2T_LSTE_29301_005_12SUB_20230906T053939_0712_02/ECOv002_L2T_LSTE_29301_005_12SUB_20230906T053939_0712_02_QC.tif,ECO_L2T_LSTE.002,ECOv002_L2T_LSTE_29301_005_12SUB_20230906T053939_0712_02_QC.tif,2026-06-09,sha256:62fe51793f419961b4f2f2cd9120ddbd72da5c8128f6013e5ffd4929ac85d760
https://data.lpdaac.earthdatacloud.nasa.gov/lp-prod-protected/ECO_L2T_LSTE.002/ECOv002_L2T_LSTE_29301_005_12SUB_20230906T053939_0712_02/ECOv002_L2T_LSTE_29301_005_12SUB_20230906T053939_0712_02_LST.tif,ECO_L2T_LSTE.002,ECOv002_L2T_LSTE_29301_005_12SUB_20230906T053939_0712_02_LST.tif,2026-06-09,sha256:f7884121db24f6c21ae72feec9ee73031c797a056df185fc03249505d683a4d6
https://data.lpdaac.earthdatacloud.nasa.gov/lp-prod-protected/ECO_L2T_LSTE.002/ECOv002_L2T_LSTE_29301_005_12SVC_20230906T053939_0712_02/ECOv002_L2T_LSTE_29301_005_12SVC_20230906T053939_0712_02_water.tif,ECO_L2T_LSTE.002,ECOv002_L2T_LSTE_29301_005_12SVC_20230906T053939_0712_02_water.tif,2026-06-09,sha256:aacad3cf3b22a9d4a1c44ab85db9b4f08f219f73c8151d886767c35fd445994b
https://data.lpdaac.earthdatacloud.nasa.gov/lp-prod-protected/ECO_L2T_LSTE.002/ECOv002_L2T_LSTE_29301_005_12SVC_20230906T053939_0712_02/ECOv002_L2T_LSTE_29301_005_12SVC_20230906T053939_0712_02_cloud.tif,ECO_L2T_LSTE.002,ECOv002_L2T_LSTE_29301_005_12SVC_20230906T053939_0712_02_cloud.tif,2026-06-09,sha256:fc4fefcf713e472a9622a14d1fe5ee74bdb2bb1cd4da7749eecc4fe67123229e
https://data.lpdaac.earthdatacloud.nasa.gov/lp-prod-protected/ECO_L2T_LSTE.002/ECOv002_L2T_LSTE_29301_005_12SVC_20230906T053939_0712_02/ECOv002_L2T_LSTE_29301_005_12SVC_20230906T053939_0712_02_height.tif,ECO_L2T_LSTE.002,ECOv002_L2T_LSTE_29301_005_12SVC_20230906T053939_0712_02_height.tif,2026-06-09,sha256:0933e7c96ee6da7ccc0fd83d2c3cb43361b1edda44bbd01ec848ba9b092de0ff
https://data.lpdaac.earthdatacloud.nasa.gov/lp-prod-protected/ECO_L2T_LSTE.002/ECOv002_L2T_LSTE_29301_005_12SVC_20230906T053939_0712_02/ECOv002_L2T_LSTE_29301_005_12SVC_20230906T053939_0712_02_QC.tif,ECO_L2T_LSTE.002,ECOv002_L2T_LSTE_29301_005_12SVC_20230906T053939_0712_02_QC.tif,2026-06-09,sha256:19cd276688b24023af4a8ea84f9e4a13b645b8699e88872d5454c51e9fa2f34f
https://data.lpdaac.earthdatacloud.nasa.gov/lp-prod-protected/ECO_L2T_LSTE.002/ECOv002_L2T_LSTE_29301_005_12SVC_20230906T053939_0712_02/ECOv002_L2T_LSTE_29301_005_12SVC_20230906T053939_0712_02_LST.tif,ECO_L2T_LSTE.002,ECOv002_L2T_LSTE_29301_005_12SVC_20230906T053939_0712_02_LST.tif,2026-06-09,sha256:fdb5562781ee9d5697241890b1211ff9069cb54b44c98f9ad3af46d6f6ef7e7d
https://data.lpdaac.earthdatacloud.nasa.gov/lp-prod-protected/ECO_L2T_LSTE.002/ECOv002_L2T_LSTE_29301_005_12SUC_20230906T053939_0712_02/ECOv002_L2T_LSTE_29301_005_12SUC_20230906T053939_0712_02_water.tif,ECO_L2T_LSTE.002,ECOv002_L2T_LSTE_29301_005_12SUC_20230906T053939_0712_02_water.tif,2026-06-09,sha256:b990d29191ed777a896962a95e3d76ae7ad17217f84096d13ecab92360c12cee
https://data.lpdaac.earthdatacloud.nasa.gov/lp-prod-protected/ECO_L2T_LSTE.002/ECOv002_L2T_LSTE_29301_005_12SUC_20230906T053939_0712_02/ECOv002_L2T_LSTE_29301_005_12SUC_20230906T053939_0712_02_cloud.tif,ECO_L2T_LSTE.002,ECOv002_L2T_LSTE_29301_005_12SUC_20230906T053939_0712_02_cloud.tif,2026-06-09,sha256:31acfe250ea1f23d7244894942c7349326d83afcd8401273a6816a7e7e1f2f4f
https://data.lpdaac.earthdatacloud.nasa.gov/lp-prod-protected/ECO_L2T_LSTE.002/ECOv002_L2T_LSTE_29301_005_12SUC_20230906T053939_0712_02/ECOv002_L2T_LSTE_29301_005_12SUC_20230906T053939_0712_02_height.tif,ECO_L2T_LSTE.002,ECOv002_L2T_LSTE_29301_005_12SUC_20230906T053939_0712_02_height.tif,2026-06-09,sha256:a7b842a92fbae8bfe3fad354c8327fb459f664e3b5a336ffcf9e51a048154545
https://data.lpdaac.earthdatacloud.nasa.gov/lp-prod-protected/ECO_L2T_LSTE.002/ECOv002_L2T_LSTE_29301_005_12SUC_20230906T053939_0712_02/ECOv002_L2T_LSTE_29301_005_12SUC_20230906T053939_0712_02_QC.tif,ECO_L2T_LSTE.002,ECOv002_L2T_LSTE_29301_005_12SUC_20230906T053939_0712_02_QC.tif,2026-06-09,sha256:9dca6839fcaf745f193548a6665088ec1f3db8b1ed2f02e3b7bbec643ad2ab72
https://data.lpdaac.earthdatacloud.nasa.gov/lp-prod-protected/ECO_L2T_LSTE.002/ECOv002_L2T_LSTE_29301_005_12SUC_20230906T053939_0712_02/ECOv002_L2T_LSTE_29301_005_12SUC_20230906T053939_0712_02_LST.tif,ECO_L2T_LSTE.002,ECOv002_L2T_LSTE_29301_005_12SUC_20230906T053939_0712_02_LST.tif,2026-06-09,sha256:a0be6138724005f0cd5d49a6ff7da65b46fe384b2aa46542b8b099d7c433803f
https://data.lpdaac.earthdatacloud.nasa.gov/lp-prod-protected/ECO_L2T_LSTE.002/ECOv002_L2T_LSTE_29301_005_12SVB_20230906T053939_0712_02/ECOv002_L2T_LSTE_29301_005_12SVB_20230906T053939_0712_02_water.tif,ECO_L2T_LSTE.002,ECOv002_L2T_LSTE_29301_005_12SVB_20230906T053939_0712_02_water.tif,2026-06-09,sha256:23a29f6bf34675f91e48025d194946fbbc855faf91081ddcdd58804da94cdef0
https://data.lpdaac.earthdatacloud.nasa.gov/lp-prod-protected/ECO_L2T_LSTE.002/ECOv002_L2T_LSTE_29301_005_12SVB_20230906T053939_0712_02/ECOv002_L2T_LSTE_29301_005_12SVB_20230906T053939_0712_02_cloud.tif,ECO_L2T_LSTE.002,ECOv002_L2T_LSTE_29301_005_12SVB_20230906T053939_0712_02_cloud.tif,2026-06-09,sha256:a84180dcc779d882b23a3f82ee69028094ac1e9064de3c8128159fa6100149d8
https://data.lpdaac.earthdatacloud.nasa.gov/lp-prod-protected/ECO_L2T_LSTE.002/ECOv002_L2T_LSTE_29301_005_12SVB_20230906T053939_0712_02/ECOv002_L2T_LSTE_29301_005_12SVB_20230906T053939_0712_02_height.tif,ECO_L2T_LSTE.002,ECOv002_L2T_LSTE_29301_005_12SVB_20230906T053939_0712_02_height.tif,2026-06-09,sha256:85da95ccfc461fac7303e84df4c180f8be5d2065024381082dcabe130688dae2
https://data.lpdaac.earthdatacloud.nasa.gov/lp-prod-protected/ECO_L2T_LSTE.002/ECOv002_L2T_LSTE_29301_005_12SVB_20230906T053939_0712_02/ECOv002_L2T_LSTE_29301_005_12SVB_20230906T053939_0712_02_QC.tif,ECO_L2T_LSTE.002,ECOv002_L2T_LSTE_29301_005_12SVB_20230906T053939_0712_02_QC.tif,2026-06-09,sha256:fac9864204d1369bdfe0d01a7b4c453990085068942cb26083c1e73d7625de92
https://data.lpdaac.earthdatacloud.nasa.gov/lp-prod-protected/ECO_L2T_LSTE.002/ECOv002_L2T_LSTE_29301_005_12SVB_20230906T053939_0712_02/ECOv002_L2T_LSTE_29301_005_12SVB_20230906T053939_0712_02_LST.tif,ECO_L2T_LSTE.002,ECOv002_L2T_LSTE_29301_005_12SVB_20230906T053939_0712_02_LST.tif,2026-06-09,sha256:c298cc8464b7c32b42ab5a80f7af3d6b4f64fed28244c7d6233c91d3d9364d57
https://data.lpdaac.earthdatacloud.nasa.gov/lp-prod-protected/ECO_L2T_LSTE.002/ECOv002_L2T_LSTE_29301_006_12SVC_20230906T054031_0710_01/ECOv002_L2T_LSTE_29301_006_12SVC_20230906T054031_0710_01_water.tif,ECO_L2T_LSTE.002,ECOv002_L2T_LSTE_29301_006_12SVC_20230906T054031_0710_01_water.tif,2026-06-09,sha256:01fb164ded4309c257231da71335d8246d161783e05ea143d29c8416bc2066c2
https://data.lpdaac.earthdatacloud.nasa.gov/lp-prod-protected/ECO_L2T_LSTE.002/ECOv002_L2T_LSTE_29301_006_12SVC_20230906T054031_0710_01/ECOv002_L2T_LSTE_29301_006_12SVC_20230906T054031_0710_01_cloud.tif,ECO_L2T_LSTE.002,ECOv002_L2T_LSTE_29301_006_12SVC_20230906T054031_0710_01_cloud.tif,2026-06-09,sha256:50b0ec4101823e23aecc7a60045eb44054f45f2c176c5b802ca450bf226f4e35
https://data.lpdaac.earthdatacloud.nasa.gov/lp-prod-protected/ECO_L2T_LSTE.002/ECOv002_L2T_LSTE_29301_006_12SVC_20230906T054031_0710_01/ECOv002_L2T_LSTE_29301_006_12SVC_20230906T054031_0710_01_QC.tif,ECO_L2T_LSTE.002,ECOv002_L2T_LSTE_29301_006_12SVC_20230906T054031_0710_01_QC.tif,2026-06-09,sha256:db33dce285f7c8fee80d9313b48e4b99279180dcc4c4dcfbe390c5552218044f
https://data.lpdaac.earthdatacloud.nasa.gov/lp-prod-protected/ECO_L2T_LSTE.002/ECOv002_L2T_LSTE_29301_006_12SVC_20230906T054031_0710_01/ECOv002_L2T_LSTE_29301_006_12SVC_20230906T054031_0710_01_height.tif,ECO_L2T_LSTE.002,ECOv002_L2T_LSTE_29301_006_12SVC_20230906T054031_0710_01_height.tif,2026-06-09,sha256:ea6e6820530b1f43035815e7724dfc943bc390cf9a2530bcd305a9caa6d748c1
https://data.lpdaac.earthdatacloud.nasa.gov/lp-prod-protected/ECO_L2T_LSTE.002/ECOv002_L2T_LSTE_29301_006_12SVC_20230906T054031_0710_01/ECOv002_L2T_LSTE_29301_006_12SVC_20230906T054031_0710_01_LST.tif,ECO_L2T_LSTE.002,ECOv002_L2T_LSTE_29301_006_12SVC_20230906T054031_0710_01_LST.tif,2026-06-09,sha256:9784dc68a1432cea02fe4ee89d00ab973db4b01274396b8ae7c9adcda1923f46
https://data.lpdaac.earthdatacloud.nasa.gov/lp-prod-protected/ECO_L2T_LSTE.002/ECOv002_L2T_LSTE_29301_006_12SVC_20230906T054031_0712_02/ECOv002_L2T_LSTE_29301_006_12SVC_20230906T054031_0712_02_water.tif,ECO_L2T_LSTE.002,ECOv002_L2T_LSTE_29301_006_12SVC_20230906T054031_0712_02_water.tif,2026-06-09,sha256:5b0d17af5583e4e6cc510585469dfb18a863588c345de66e62bc711cd4c4f3d7
https://data.lpdaac.earthdatacloud.nasa.gov/lp-prod-protected/ECO_L2T_LSTE.002/ECOv002_L2T_LSTE_29301_006_12SVC_20230906T054031_0712_02/ECOv002_L2T_LSTE_29301_006_12SVC_20230906T054031_0712_02_cloud.tif,ECO_L2T_LSTE.002,ECOv002_L2T_LSTE_29301_006_12SVC_20230906T054031_0712_02_cloud.tif,2026-06-09,sha256:b5d4344ad61c0c2660a859875c45f4f3cf899df90d851b6c0dba411c06e8ff7c
https://data.lpdaac.earthdatacloud.nasa.gov/lp-prod-protected/ECO_L2T_LSTE.002/ECOv002_L2T_LSTE_29301_006_12SVC_20230906T054031_0712_02/ECOv002_L2T_LSTE_29301_006_12SVC_20230906T054031_0712_02_height.tif,ECO_L2T_LSTE.002,ECOv002_L2T_LSTE_29301_006_12SVC_20230906T054031_0712_02_height.tif,2026-06-09,sha256:d1a72ed742409b67de90e423e9e6d682fa2c44ac09373bed578ac71eaa34622e
https://data.lpdaac.earthdatacloud.nasa.gov/lp-prod-protected/ECO_L2T_LSTE.002/ECOv002_L2T_LSTE_29301_006_12SVC_20230906T054031_0712_02/ECOv002_L2T_LSTE_29301_006_12SVC_20230906T054031_0712_02_QC.tif,ECO_L2T_LSTE.002,ECOv002_L2T_LSTE_29301_006_12SVC_20230906T054031_0712_02_QC.tif,2026-06-09,sha256:1e9ce5f9ed5cab07263e1da3d1d0287f127756b625306dd65c219b1eb9abcdc3
https://data.lpdaac.earthdatacloud.nasa.gov/lp-prod-protected/ECO_L2T_LSTE.002/ECOv002_L2T_LSTE_29301_006_12SVC_20230906T054031_0712_02/ECOv002_L2T_LSTE_29301_006_12SVC_20230906T054031_0712_02_LST.tif,ECO_L2T_LSTE.002,ECOv002_L2T_LSTE_29301_006_12SVC_20230906T054031_0712_02_LST.tif,2026-06-09,sha256:aa0ab7aa1f898f5fc19eace2306eb627d9c9e0340daa822904c1900f9114f72b
https://data.lpdaac.earthdatacloud.nasa.gov/lp-prod-protected/ECO_L2T_LSTE.002/ECOv002_L2T_LSTE_29321_016_12SUC_20230907T125948_0710_01/ECOv002_L2T_LSTE_29321_016_12SUC_20230907T125948_0710_01_water.tif,ECO_L2T_LSTE.002,ECOv002_L2T_LSTE_29321_016_12SUC_20230907T125948_0710_01_water.tif,2026-06-09,sha256:7913afc85e08b05962afc7ac9dab442ea86ca9393ef1610762b8de091ca15cf1
https://data.lpdaac.earthdatacloud.nasa.gov/lp-prod-protected/ECO_L2T_LSTE.002/ECOv002_L2T_LSTE_29321_016_12SUC_20230907T125948_0710_01/ECOv002_L2T_LSTE_29321_016_12SUC_20230907T125948_0710_01_cloud.tif,ECO_L2T_LSTE.002,ECOv002_L2T_LSTE_29321_016_12SUC_20230907T125948_0710_01_cloud.tif,2026-06-09,sha256:2a1788595f700ba72a1fda3491ad072a5d148d5a6c707a0bc4bdd9b2387c1603
https://data.lpdaac.earthdatacloud.nasa.gov/lp-prod-protected/ECO_L2T_LSTE.002/ECOv002_L2T_LSTE_29321_016_12SUC_20230907T125948_0710_01/ECOv002_L2T_LSTE_29321_016_12SUC_20230907T125948_0710_01_height.tif,ECO_L2T_LSTE.002,ECOv002_L2T_LSTE_29321_016_12SUC_20230907T125948_0710_01_height.tif,2026-06-09,sha256:86e2d043d50ae684497d9eca9198e921b684256c16847d6326fcf4402f554dcd
https://data.lpdaac.earthdatacloud.nasa.gov/lp-prod-protected/ECO_L2T_LSTE.002/ECOv002_L2T_LSTE_29321_016_12SUC_20230907T125948_0710_01/ECOv002_L2T_LSTE_29321_016_12SUC_20230907T125948_0710_01_QC.tif,ECO_L2T_LSTE.002,ECOv002_L2T_LSTE_29321_016_12SUC_20230907T125948_0710_01_QC.tif,2026-06-09,sha256:9d58c0d3e45248aafb4c4e46b8ba8f816bafc269d90691a44f7a3635916cee84
https://data.lpdaac.earthdatacloud.nasa.gov/lp-prod-protected/ECO_L2T_LSTE.002/ECOv002_L2T_LSTE_29321_016_12SUC_20230907T125948_0710_01/ECOv002_L2T_LSTE_29321_016_12SUC_20230907T125948_0710_01_LST.tif,ECO_L2T_LSTE.002,ECOv002_L2T_LSTE_29321_016_12SUC_20230907T125948_0710_01_LST.tif,2026-06-09,sha256:cbbef38456965bdd48391719594eeb724276b88a43a2cad940f93f4dafa6042a
https://data.lpdaac.earthdatacloud.nasa.gov/lp-prod-protected/ECO_L2T_LSTE.002/ECOv002_L2T_LSTE_29321_016_12SVB_20230907T125948_0710_01/ECOv002_L2T_LSTE_29321_016_12SVB_20230907T125948_0710_01_water.tif,ECO_L2T_LSTE.002,ECOv002_L2T_LSTE_29321_016_12SVB_20230907T125948_0710_01_water.tif,2026-06-09,sha256:952533d695c4fb760fd4e21f592601bce90e34c4fd87505a3a4ba2124ef24668
https://data.lpdaac.earthdatacloud.nasa.gov/lp-prod-protected/ECO_L2T_LSTE.002/ECOv002_L2T_LSTE_29321_016_12SVB_20230907T125948_0710_01/ECOv002_L2T_LSTE_29321_016_12SVB_20230907T125948_0710_01_cloud.tif,ECO_L2T_LSTE.002,ECOv002_L2T_LSTE_29321_016_12SVB_20230907T125948_0710_01_cloud.tif,2026-06-09,sha256:0278ec3c1c3a21716baab9e27e438d365a4eb4a161691ed0a75e4c7f7a9847e4
https://data.lpdaac.earthdatacloud.nasa.gov/lp-prod-protected/ECO_L2T_LSTE.002/ECOv002_L2T_LSTE_29321_016_12SVB_20230907T125948_0710_01/ECOv002_L2T_LSTE_29321_016_12SVB_20230907T125948_0710_01_height.tif,ECO_L2T_LSTE.002,ECOv002_L2T_LSTE_29321_016_12SVB_20230907T125948_0710_01_height.tif,2026-06-09,sha256:1a0a3bd4358a8d3290d78e7046f09bb4ef933150a4ca1ec0e765c0e36b18410c
https://data.lpdaac.earthdatacloud.nasa.gov/lp-prod-protected/ECO_L2T_LSTE.002/ECOv002_L2T_LSTE_29321_016_12SVB_20230907T125948_0710_01/ECOv002_L2T_LSTE_29321_016_12SVB_20230907T125948_0710_01_QC.tif,ECO_L2T_LSTE.002,ECOv002_L2T_LSTE_29321_016_12SVB_20230907T125948_0710_01_QC.tif,2026-06-09,sha256:08c51997beba3319732d08961f10bd035a4122a85abbfec23cc2b02feaf75cdf
https://data.lpdaac.earthdatacloud.nasa.gov/lp-prod-protected/ECO_L2T_LSTE.002/ECOv002_L2T_LSTE_29321_016_12SVB_20230907T125948_0710_01/ECOv002_L2T_LSTE_29321_016_12SVB_20230907T125948_0710_01_LST.tif,ECO_L2T_LSTE.002,ECOv002_L2T_LSTE_29321_016_12SVB_20230907T125948_0710_01_LST.tif,2026-06-09,sha256:e2a8c34810e577e2e59e18bc88aef0f7fc731b8989da945d4d8f9056bc5f28c5
https://data.lpdaac.earthdatacloud.nasa.gov/lp-prod-protected/ECO_L2T_LSTE.002/ECOv002_L2T_LSTE_29321_016_12SUB_20230907T125948_0710_01/ECOv002_L2T_LSTE_29321_016_12SUB_20230907T125948_0710_01_water.tif,ECO_L2T_LSTE.002,ECOv002_L2T_LSTE_29321_016_12SUB_20230907T125948_0710_01_water.tif,2026-06-09,sha256:22bba074d2cc1dcb0525defbf754d2e0a170464a7ba0c94a2291a0c9f579b853
https://data.lpdaac.earthdatacloud.nasa.gov/lp-prod-protected/ECO_L2T_LSTE.002/ECOv002_L2T_LSTE_29321_016_12SUB_20230907T125948_0710_01/ECOv002_L2T_LSTE_29321_016_12SUB_20230907T125948_0710_01_cloud.tif,ECO_L2T_LSTE.002,ECOv002_L2T_LSTE_29321_016_12SUB_20230907T125948_0710_01_cloud.tif,2026-06-09,sha256:f2c1751955b52d19c90d5c0406701750d0012a6a9a832aace9971e7c0ddabafa
https://data.lpdaac.earthdatacloud.nasa.gov/lp-prod-protected/ECO_L2T_LSTE.002/ECOv002_L2T_LSTE_29321_016_12SUB_20230907T125948_0710_01/ECOv002_L2T_LSTE_29321_016_12SUB_20230907T125948_0710_01_height.tif,ECO_L2T_LSTE.002,ECOv002_L2T_LSTE_29321_016_12SUB_20230907T125948_0710_01_height.tif,2026-06-09,sha256:360515d69d22bcb451c374c6fa125d6938ad9a7a299962b4612ba936d3e85fc4
https://data.lpdaac.earthdatacloud.nasa.gov/lp-prod-protected/ECO_L2T_LSTE.002/ECOv002_L2T_LSTE_29321_016_12SUB_20230907T125948_0710_01/ECOv002_L2T_LSTE_29321_016_12SUB_20230907T125948_0710_01_LST.tif,ECO_L2T_LSTE.002,ECOv002_L2T_LSTE_29321_016_12SUB_20230907T125948_0710_01_LST.tif,2026-06-09,sha256:be4555d05c8938bf153a1080ceca4a78412ed8d37ed0679dd43e379fb43fab5d
https://data.lpdaac.earthdatacloud.nasa.gov/lp-prod-protected/ECO_L2T_LSTE.002/ECOv002_L2T_LSTE_29321_016_12SUB_20230907T125948_0710_01/ECOv002_L2T_LSTE_29321_016_12SUB_20230907T125948_0710_01_QC.tif,ECO_L2T_LSTE.002,ECOv002_L2T_LSTE_29321_016_12SUB_20230907T125948_0710_01_QC.tif,2026-06-09,sha256:f310611ccc0e72a6775734120d4bfab1bc943c2e00bd968d04b52087c14e0763
https://data.lpdaac.earthdatacloud.nasa.gov/lp-prod-protected/ECO_L2T_LSTE.002/ECOv002_L2T_LSTE_29321_016_12SVC_20230907T125948_0710_01/ECOv002_L2T_LSTE_29321_016_12SVC_20230907T125948_0710_01_water.tif,ECO_L2T_LSTE.002,ECOv002_L2T_LSTE_29321_016_12SVC_20230907T125948_0710_01_water.tif,2026-06-09,sha256:f8b54db0a0e76cdfe5ee91770f9c59e0a2be88f749ede2916481cc7371d8327b
https://data.lpdaac.earthdatacloud.nasa.gov/lp-prod-protected/ECO_L2T_LSTE.002/ECOv002_L2T_LSTE_29321_016_12SVC_20230907T125948_0710_01/ECOv002_L2T_LSTE_29321_016_12SVC_20230907T125948_0710_01_cloud.tif,ECO_L2T_LSTE.002,ECOv002_L2T_LSTE_29321_016_12SVC_20230907T125948_0710_01_cloud.tif,2026-06-09,sha256:6619330e8eedd6147fbb80e947535bf1528f4955825ffcbb7fd81a0d647ff536
https://data.lpdaac.earthdatacloud.nasa.gov/lp-prod-protected/ECO_L2T_LSTE.002/ECOv002_L2T_LSTE_29321_016_12SVC_20230907T125948_0710_01/ECOv002_L2T_LSTE_29321_016_12SVC_20230907T125948_0710_01_height.tif,ECO_L2T_LSTE.002,ECOv002_L2T_LSTE_29321_016_12SVC_20230907T125948_0710_01_height.tif,2026-06-09,sha256:2abcf48671e93ad28358ac854de8f19fd03908bb0b457f12b21e39e257f53892
https://data.lpdaac.earthdatacloud.nasa.gov/lp-prod-protected/ECO_L2T_LSTE.002/ECOv002_L2T_LSTE_29321_016_12SVC_20230907T125948_0710_01/ECOv002_L2T_LSTE_29321_016_12SVC_20230907T125948_0710_01_LST.tif,ECO_L2T_LSTE.002,ECOv002_L2T_LSTE_29321_016_12SVC_20230907T125948_0710_01_LST.tif,2026-06-09,sha256:232d6b4c08271f949de312399625f2b18d4946c716ab4f5c5041e5b0a46ee727
https://data.lpdaac.earthdatacloud.nasa.gov/lp-prod-protected/ECO_L2T_LSTE.002/ECOv002_L2T_LSTE_29321_016_12SVC_20230907T125948_0710_01/ECOv002_L2T_LSTE_29321_016_12SVC_20230907T125948_0710_01_QC.tif,ECO_L2T_LSTE.002,ECOv002_L2T_LSTE_29321_016_12SVC_20230907T125948_0710_01_QC.tif,2026-06-09,sha256:01c38dfd588325faa4199dc3bf5a0571b22bc633443472d3329ec3c3185b4cd2
https://data.lpdaac.earthdatacloud.nasa.gov/lp-prod-protected/ECO_L2T_LSTE.002/ECOv002_L2T_LSTE_29321_016_12SVC_20230907T125948_0712_02/ECOv002_L2T_LSTE_29321_016_12SVC_20230907T125948_0712_02_water.tif,ECO_L2T_LSTE.002,ECOv002_L2T_LSTE_29321_016_12SVC_20230907T125948_0712_02_water.tif,2026-06-09,sha256:2f2fd5360ff5eb03ea215ae96bb1c24241ee02b0f5ee8a063fb1cbc01daf9c96
https://data.lpdaac.earthdatacloud.nasa.gov/lp-prod-protected/ECO_L2T_LSTE.002/ECOv002_L2T_LSTE_29321_016_12SVC_20230907T125948_0712_02/ECOv002_L2T_LSTE_29321_016_12SVC_20230907T125948_0712_02_cloud.tif,ECO_L2T_LSTE.002,ECOv002_L2T_LSTE_29321_016_12SVC_20230907T125948_0712_02_cloud.tif,2026-06-09,sha256:c533ab55d2a4b67fcae676f4b7367f1e64f17de7856fca916209bf6d9af1524a
https://data.lpdaac.earthdatacloud.nasa.gov/lp-prod-protected/ECO_L2T_LSTE.002/ECOv002_L2T_LSTE_29321_016_12SVC_20230907T125948_0712_02/ECOv002_L2T_LSTE_29321_016_12SVC_20230907T125948_0712_02_height.tif,ECO_L2T_LSTE.002,ECOv002_L2T_LSTE_29321_016_12SVC_20230907T125948_0712_02_height.tif,2026-06-09,sha256:0fde1bc21f8ed7d4ef214a304c140dbde0ed5fac6defb95cb513df777a1b6ebf
https://data.lpdaac.earthdatacloud.nasa.gov/lp-prod-protected/ECO_L2T_LSTE.002/ECOv002_L2T_LSTE_29321_016_12SVC_20230907T125948_0712_02/ECOv002_L2T_LSTE_29321_016_12SVC_20230907T125948_0712_02_QC.tif,ECO_L2T_LSTE.002,ECOv002_L2T_LSTE_29321_016_12SVC_20230907T125948_0712_02_QC.tif,2026-06-09,sha256:3ae55b8b1914fb75902c8b59bc6de61c35fed80348f891613ef50a8b563a3c62
https://data.lpdaac.earthdatacloud.nasa.gov/lp-prod-protected/ECO_L2T_LSTE.002/ECOv002_L2T_LSTE_29321_016_12SVC_20230907T125948_0712_02/ECOv002_L2T_LSTE_29321_016_12SVC_20230907T125948_0712_02_LST.tif,ECO_L2T_LSTE.002,ECOv002_L2T_LSTE_29321_016_12SVC_20230907T125948_0712_02_LST.tif,2026-06-09,sha256:9ef529e80f1a32576b59e07cfbfb1262f1198f413407309384d0b8ac2c943c16
https://data.lpdaac.earthdatacloud.nasa.gov/lp-prod-protected/ECO_L2T_LSTE.002/ECOv002_L2T_LSTE_29321_016_12SUB_20230907T125948_0712_02/ECOv002_L2T_LSTE_29321_016_12SUB_20230907T125948_0712_02_water.tif,ECO_L2T_LSTE.002,ECOv002_L2T_LSTE_29321_016_12SUB_20230907T125948_0712_02_water.tif,2026-06-09,sha256:60da30ed8f625d323faa14b13346dcba9cacb5af1205a31509b8bdca9dc7972a
https://data.lpdaac.earthdatacloud.nasa.gov/lp-prod-protected/ECO_L2T_LSTE.002/ECOv002_L2T_LSTE_29321_016_12SUB_20230907T125948_0712_02/ECOv002_L2T_LSTE_29321_016_12SUB_20230907T125948_0712_02_cloud.tif,ECO_L2T_LSTE.002,ECOv002_L2T_LSTE_29321_016_12SUB_20230907T125948_0712_02_cloud.tif,2026-06-09,sha256:7b07de691164d399410a47b99f99bfab8ff9fad05c4f8853c7240725b2179d66
https://data.lpdaac.earthdatacloud.nasa.gov/lp-prod-protected/ECO_L2T_LSTE.002/ECOv002_L2T_LSTE_29321_016_12SUB_20230907T125948_0712_02/ECOv002_L2T_LSTE_29321_016_12SUB_20230907T125948_0712_02_height.tif,ECO_L2T_LSTE.002,ECOv002_L2T_LSTE_29321_016_12SUB_20230907T125948_0712_02_height.tif,2026-06-09,sha256:d0ceadb10f4c806e033bc3d7ba54e63b814a28fbe7f9b2ce2a1ec99624142e65
https://data.lpdaac.earthdatacloud.nasa.gov/lp-prod-protected/ECO_L2T_LSTE.002/ECOv002_L2T_LSTE_29321_016_12SUB_20230907T125948_0712_02/ECOv002_L2T_LSTE_29321_016_12SUB_20230907T125948_0712_02_QC.tif,ECO_L2T_LSTE.002,ECOv002_L2T_LSTE_29321_016_12SUB_20230907T125948_0712_02_QC.tif,2026-06-09,sha256:183c56875f91bf8552e98c9641ad8ac25528c0583d07dfeb25adf68345fbd878
https://data.lpdaac.earthdatacloud.nasa.gov/lp-prod-protected/ECO_L2T_LSTE.002/ECOv002_L2T_LSTE_29321_016_12SUB_20230907T125948_0712_02/ECOv002_L2T_LSTE_29321_016_12SUB_20230907T125948_0712_02_LST.tif,ECO_L2T_LSTE.002,ECOv002_L2T_LSTE_29321_016_12SUB_20230907T125948_0712_02_LST.tif,2026-06-09,sha256:3fa823e8c5042003bdedc3ff350bb1a188fecc4a86915386768021b9bde13ae7
https://data.lpdaac.earthdatacloud.nasa.gov/lp-prod-protected/ECO_L2T_LSTE.002/ECOv002_L2T_LSTE_29321_016_12SVB_20230907T125948_0712_02/ECOv002_L2T_LSTE_29321_016_12SVB_20230907T125948_0712_02_water.tif,ECO_L2T_LSTE.002,ECOv002_L2T_LSTE_29321_016_12SVB_20230907T125948_0712_02_water.tif,2026-06-09,sha256:37b763028c9ff3d625b2eba11bf1a014c255dbec03cb91c5ef63756f054c493d
https://data.lpdaac.earthdatacloud.nasa.gov/lp-prod-protected/ECO_L2T_LSTE.002/ECOv002_L2T_LSTE_29321_016_12SVB_20230907T125948_0712_02/ECOv002_L2T_LSTE_29321_016_12SVB_20230907T125948_0712_02_cloud.tif,ECO_L2T_LSTE.002,ECOv002_L2T_LSTE_29321_016_12SVB_20230907T125948_0712_02_cloud.tif,2026-06-09,sha256:7825108014579d8a6d2b696e3940cfd836ebcf365cf7287b628fe636b991b576
https://data.lpdaac.earthdatacloud.nasa.gov/lp-prod-protected/ECO_L2T_LSTE.002/ECOv002_L2T_LSTE_29321_016_12SVB_20230907T125948_0712_02/ECOv002_L2T_LSTE_29321_016_12SVB_20230907T125948_0712_02_height.tif,ECO_L2T_LSTE.002,ECOv002_L2T_LSTE_29321_016_12SVB_20230907T125948_0712_02_height.tif,2026-06-09,sha256:ee1f770c24800e1019fa81d70c941c8e9860ba4b5334e17423a07faaacce76b6
https://data.lpdaac.earthdatacloud.nasa.gov/lp-prod-protected/ECO_L2T_LSTE.002/ECOv002_L2T_LSTE_29321_016_12SVB_20230907T125948_0712_02/ECOv002_L2T_LSTE_29321_016_12SVB_20230907T125948_0712_02_QC.tif,ECO_L2T_LSTE.002,ECOv002_L2T_LSTE_29321_016_12SVB_20230907T125948_0712_02_QC.tif,2026-06-09,sha256:f65398cdcc974e70b4502e19420bdda3446a86530825a656d2b7ac91191fdae9
https://data.lpdaac.earthdatacloud.nasa.gov/lp-prod-protected/ECO_L2T_LSTE.002/ECOv002_L2T_LSTE_29321_016_12SVB_20230907T125948_0712_02/ECOv002_L2T_LSTE_29321_016_12SVB_20230907T125948_0712_02_LST.tif,ECO_L2T_LSTE.002,ECOv002_L2T_LSTE_29321_016_12SVB_20230907T125948_0712_02_LST.tif,2026-06-09,sha256:e4726f42086539c837314b4638e1273646f479dbd1ced00a7455f5fc5460c5e2
https://data.lpdaac.earthdatacloud.nasa.gov/lp-prod-protected/ECO_L2T_LSTE.002/ECOv002_L2T_LSTE_29321_016_12SUC_20230907T125948_0712_02/ECOv002_L2T_LSTE_29321_016_12SUC_20230907T125948_0712_02_water.tif,ECO_L2T_LSTE.002,ECOv002_L2T_LSTE_29321_016_12SUC_20230907T125948_0712_02_water.tif,2026-06-09,sha256:5e84dd335fa569be972cd658c7870920a470725a6d3ed3982be5364430446bb3
https://data.lpdaac.earthdatacloud.nasa.gov/lp-prod-protected/ECO_L2T_LSTE.002/ECOv002_L2T_LSTE_29321_016_12SUC_20230907T125948_0712_02/ECOv002_L2T_LSTE_29321_016_12SUC_20230907T125948_0712_02_cloud.tif,ECO_L2T_LSTE.002,ECOv002_L2T_LSTE_29321_016_12SUC_20230907T125948_0712_02_cloud.tif,2026-06-09,sha256:e7813a63bc18a176815d85285ab26e6c33a69c734fb4c599d6a32f037a7a9550
https://data.lpdaac.earthdatacloud.nasa.gov/lp-prod-protected/ECO_L2T_LSTE.002/ECOv002_L2T_LSTE_29321_016_12SUC_20230907T125948_0712_02/ECOv002_L2T_LSTE_29321_016_12SUC_20230907T125948_0712_02_height.tif,ECO_L2T_LSTE.002,ECOv002_L2T_LSTE_29321_016_12SUC_20230907T125948_0712_02_height.tif,2026-06-09,sha256:74f687849bbf49c7b903276fffc52fcce99f57a9e9b87ba8edfeb6b40c73c591
https://data.lpdaac.earthdatacloud.nasa.gov/lp-prod-protected/ECO_L2T_LSTE.002/ECOv002_L2T_LSTE_29321_016_12SUC_20230907T125948_0712_02/ECOv002_L2T_LSTE_29321_016_12SUC_20230907T125948_0712_02_QC.tif,ECO_L2T_LSTE.002,ECOv002_L2T_LSTE_29321_016_12SUC_20230907T125948_0712_02_QC.tif,2026-06-09,sha256:843db773ef841c602cb4c5c35b194436f422b5767ad66c104150b0d7c10eb7f5
https://data.lpdaac.earthdatacloud.nasa.gov/lp-prod-protected/ECO_L2T_LSTE.002/ECOv002_L2T_LSTE_29321_016_12SUC_20230907T125948_0712_02/ECOv002_L2T_LSTE_29321_016_12SUC_20230907T125948_0712_02_LST.tif,ECO_L2T_LSTE.002,ECOv002_L2T_LSTE_29321_016_12SUC_20230907T125948_0712_02_LST.tif,2026-06-09,sha256:8324e6a7452c6bafad12204d07a539fbb03b5b04e7b18499d0f23701861b4d77
https://data.lpdaac.earthdatacloud.nasa.gov/lp-prod-protected/ECO_L2T_LSTE.002/ECOv002_L2T_LSTE_29347_005_12SUC_20230909T045050_0710_01/ECOv002_L2T_LSTE_29347_005_12SUC_20230909T045050_0710_01_water.tif,ECO_L2T_LSTE.002,ECOv002_L2T_LSTE_29347_005_12SUC_20230909T045050_0710_01_water.tif,2026-06-09,sha256:fcd2a2dbc28b8aa3a1eae2e80e10f26196a820b1b8fdf92ba8e7096da4cef08f
https://data.lpdaac.earthdatacloud.nasa.gov/lp-prod-protected/ECO_L2T_LSTE.002/ECOv002_L2T_LSTE_29347_005_12SUC_20230909T045050_0710_01/ECOv002_L2T_LSTE_29347_005_12SUC_20230909T045050_0710_01_cloud.tif,ECO_L2T_LSTE.002,ECOv002_L2T_LSTE_29347_005_12SUC_20230909T045050_0710_01_cloud.tif,2026-06-09,sha256:12b9bfbef677f2b71eb3e3bff935f5674725b3d2ead1aa7de4c63978780e80ab
https://data.lpdaac.earthdatacloud.nasa.gov/lp-prod-protected/ECO_L2T_LSTE.002/ECOv002_L2T_LSTE_29347_005_12SUC_20230909T045050_0710_01/ECOv002_L2T_LSTE_29347_005_12SUC_20230909T045050_0710_01_height.tif,ECO_L2T_LSTE.002,ECOv002_L2T_LSTE_29347_005_12SUC_20230909T045050_0710_01_height.tif,2026-06-09,sha256:e29df2aa7d6530b7bdc302c9a39798c3a979d9ddb6bb42bd17928b059ec4e9a3
https://data.lpdaac.earthdatacloud.nasa.gov/lp-prod-protected/ECO_L2T_LSTE.002/ECOv002_L2T_LSTE_29347_005_12SUC_20230909T045050_0710_01/ECOv002_L2T_LSTE_29347_005_12SUC_20230909T045050_0710_01_QC.tif,ECO_L2T_LSTE.002,ECOv002_L2T_LSTE_29347_005_12SUC_20230909T045050_0710_01_QC.tif,2026-06-09,sha256:ea47b2f7a9e10e10e5e87487100edd7bad645a44bd9ac45332908185bf5d0ca5
https://data.lpdaac.earthdatacloud.nasa.gov/lp-prod-protected/ECO_L2T_LSTE.002/ECOv002_L2T_LSTE_29347_005_12SUC_20230909T045050_0710_01/ECOv002_L2T_LSTE_29347_005_12SUC_20230909T045050_0710_01_LST.tif,ECO_L2T_LSTE.002,ECOv002_L2T_LSTE_29347_005_12SUC_20230909T045050_0710_01_LST.tif,2026-06-09,sha256:2bc030faef18c525d8973b53eebf7bf2575a6171d09ce57225002176c8e63056
https://data.lpdaac.earthdatacloud.nasa.gov/lp-prod-protected/ECO_L2T_LSTE.002/ECOv002_L2T_LSTE_29347_005_12SUC_20230909T045050_0712_02/ECOv002_L2T_LSTE_29347_005_12SUC_20230909T045050_0712_02_water.tif,ECO_L2T_LSTE.002,ECOv002_L2T_LSTE_29347_005_12SUC_20230909T045050_0712_02_water.tif,2026-06-09,sha256:fcd2a2dbc28b8aa3a1eae2e80e10f26196a820b1b8fdf92ba8e7096da4cef08f
https://data.lpdaac.earthdatacloud.nasa.gov/lp-prod-protected/ECO_L2T_LSTE.002/ECOv002_L2T_LSTE_29347_005_12SUC_20230909T045050_0712_02/ECOv002_L2T_LSTE_29347_005_12SUC_20230909T045050_0712_02_cloud.tif,ECO_L2T_LSTE.002,ECOv002_L2T_LSTE_29347_005_12SUC_20230909T045050_0712_02_cloud.tif,2026-06-09,sha256:1d0cc3df4869fb35deacdcd2fe26fcf27f2be525a34d19fd74703861c9b50b1c
https://data.lpdaac.earthdatacloud.nasa.gov/lp-prod-protected/ECO_L2T_LSTE.002/ECOv002_L2T_LSTE_29347_005_12SUC_20230909T045050_0712_02/ECOv002_L2T_LSTE_29347_005_12SUC_20230909T045050_0712_02_height.tif,ECO_L2T_LSTE.002,ECOv002_L2T_LSTE_29347_005_12SUC_20230909T045050_0712_02_height.tif,2026-06-09,sha256:c6f6089f505142eb26118e60246dd3695dc6edf5d569ef3628adc116efca3053
https://data.lpdaac.earthdatacloud.nasa.gov/lp-prod-protected/ECO_L2T_LSTE.002/ECOv002_L2T_LSTE_29347_005_12SUC_20230909T045050_0712_02/ECOv002_L2T_LSTE_29347_005_12SUC_20230909T045050_0712_02_QC.tif,ECO_L2T_LSTE.002,ECOv002_L2T_LSTE_29347_005_12SUC_20230909T045050_0712_02_QC.tif,2026-06-09,sha256:74172e9698d4d6296299aa4e3a8fcf3279b929fd4360add5994cd3636cb4132a
https://data.lpdaac.earthdatacloud.nasa.gov/lp-prod-protected/ECO_L2T_LSTE.002/ECOv002_L2T_LSTE_29347_005_12SUC_20230909T045050_0712_02/ECOv002_L2T_LSTE_29347_005_12SUC_20230909T045050_0712_02_LST.tif,ECO_L2T_LSTE.002,ECOv002_L2T_LSTE_29347_005_12SUC_20230909T045050_0712_02_LST.tif,2026-06-09,sha256:58b5a749dda8c029ef5bf79846a6209e44898ccd48a906175e1b01386bd2b6a2
https://data.lpdaac.earthdatacloud.nasa.gov/lp-prod-protected/ECO_L2T_LSTE.002/ECOv002_L2T_LSTE_29362_004_12SUB_20230910T040318_0711_01/ECOv002_L2T_LSTE_29362_004_12SUB_20230910T040318_0711_01_water.tif,ECO_L2T_LSTE.002,ECOv002_L2T_LSTE_29362_004_12SUB_20230910T040318_0711_01_water.tif,2026-06-09,sha256:3abaf1e3e7d1603fccf7305f1ed09564923bf5ea207eec2929c99070f76b6814
https://data.lpdaac.earthdatacloud.nasa.gov/lp-prod-protected/ECO_L2T_LSTE.002/ECOv002_L2T_LSTE_29362_004_12SUB_20230910T040318_0711_01/ECOv002_L2T_LSTE_29362_004_12SUB_20230910T040318_0711_01_cloud.tif,ECO_L2T_LSTE.002,ECOv002_L2T_LSTE_29362_004_12SUB_20230910T040318_0711_01_cloud.tif,2026-06-09,sha256:401f4e53a14ae75d54e9ab72e616ac99e7b99958ce4fa397f45271731889e8bd
https://data.lpdaac.earthdatacloud.nasa.gov/lp-prod-protected/ECO_L2T_LSTE.002/ECOv002_L2T_LSTE_29362_004_12SUB_20230910T040318_0711_01/ECOv002_L2T_LSTE_29362_004_12SUB_20230910T040318_0711_01_height.tif,ECO_L2T_LSTE.002,ECOv002_L2T_LSTE_29362_004_12SUB_20230910T040318_0711_01_height.tif,2026-06-09,sha256:fc3e73d7d4e5356443ccfefb3808415987aabf8b0ddeb88637332398a26297d6
https://data.lpdaac.earthdatacloud.nasa.gov/lp-prod-protected/ECO_L2T_LSTE.002/ECOv002_L2T_LSTE_29362_004_12SUB_20230910T040318_0711_01/ECOv002_L2T_LSTE_29362_004_12SUB_20230910T040318_0711_01_QC.tif,ECO_L2T_LSTE.002,ECOv002_L2T_LSTE_29362_004_12SUB_20230910T040318_0711_01_QC.tif,2026-06-09,sha256:0a433c2eb77cd3d8a5ee9ce4874ee5604fa693502713501459b696a0b9611383
https://data.lpdaac.earthdatacloud.nasa.gov/lp-prod-protected/ECO_L2T_LSTE.002/ECOv002_L2T_LSTE_29362_004_12SUB_20230910T040318_0711_01/ECOv002_L2T_LSTE_29362_004_12SUB_20230910T040318_0711_01_LST.tif,ECO_L2T_LSTE.002,ECOv002_L2T_LSTE_29362_004_12SUB_20230910T040318_0711_01_LST.tif,2026-06-09,sha256:63f9cca9a5f83a25c8e965cb3d3388222cf769e4e378265e52513630a212d467
https://data.lpdaac.earthdatacloud.nasa.gov/lp-prod-protected/ECO_L2T_LSTE.002/ECOv002_L2T_LSTE_29362_004_12SUC_20230910T040318_0711_01/ECOv002_L2T_LSTE_29362_004_12SUC_20230910T040318_0711_01_water.tif,ECO_L2T_LSTE.002,ECOv002_L2T_LSTE_29362_004_12SUC_20230910T040318_0711_01_water.tif,2026-06-09,sha256:5cdc658b68fcac270bc25860cbaace90eb08abe8e909ce34a86100ebdf8260e5
https://data.lpdaac.earthdatacloud.nasa.gov/lp-prod-protected/ECO_L2T_LSTE.002/ECOv002_L2T_LSTE_29362_004_12SUC_20230910T040318_0711_01/ECOv002_L2T_LSTE_29362_004_12SUC_20230910T040318_0711_01_QC.tif,ECO_L2T_LSTE.002,ECOv002_L2T_LSTE_29362_004_12SUC_20230910T040318_0711_01_QC.tif,2026-06-09,sha256:0589440613c6e3148b518417f699916e5fcc44e7be41ada93224ccfd46bc677d
https://data.lpdaac.earthdatacloud.nasa.gov/lp-prod-protected/ECO_L2T_LSTE.002/ECOv002_L2T_LSTE_29362_004_12SUC_20230910T040318_0711_01/ECOv002_L2T_LSTE_29362_004_12SUC_20230910T040318_0711_01_cloud.tif,ECO_L2T_LSTE.002,ECOv002_L2T_LSTE_29362_004_12SUC_20230910T040318_0711_01_cloud.tif,2026-06-09,sha256:1e1df4f31f7e6dd0e3b1ae19c53ee6bdc5a337e129ae5ca8731ba01ba8ac5fbb
https://data.lpdaac.earthdatacloud.nasa.gov/lp-prod-protected/ECO_L2T_LSTE.002/ECOv002_L2T_LSTE_29362_004_12SUC_20230910T040318_0711_01/ECOv002_L2T_LSTE_29362_004_12SUC_20230910T040318_0711_01_height.tif,ECO_L2T_LSTE.002,ECOv002_L2T_LSTE_29362_004_12SUC_20230910T040318_0711_01_height.tif,2026-06-09,sha256:53de520bf733785927bda5683e3326da9685fe27982a72b4f51fb3bc31ed847d
https://data.lpdaac.earthdatacloud.nasa.gov/lp-prod-protected/ECO_L2T_LSTE.002/ECOv002_L2T_LSTE_29362_004_12SUC_20230910T040318_0711_01/ECOv002_L2T_LSTE_29362_004_12SUC_20230910T040318_0711_01_LST.tif,ECO_L2T_LSTE.002,ECOv002_L2T_LSTE_29362_004_12SUC_20230910T040318_0711_01_LST.tif,2026-06-09,sha256:42054528da3cff869a3dc1bdb80398ed39f91f3d0b946f7eb9538eb927f89242
https://data.lpdaac.earthdatacloud.nasa.gov/lp-prod-protected/ECO_L2T_LSTE.002/ECOv002_L2T_LSTE_29362_004_12SVC_20230910T040318_0711_01/ECOv002_L2T_LSTE_29362_004_12SVC_20230910T040318_0711_01_water.tif,ECO_L2T_LSTE.002,ECOv002_L2T_LSTE_29362_004_12SVC_20230910T040318_0711_01_water.tif,2026-06-09,sha256:360239eceaa5fec3391bd752d05a1788b72cfbb6c6869ec03f75f3ab9c2e4269
https://data.lpdaac.earthdatacloud.nasa.gov/lp-prod-protected/ECO_L2T_LSTE.002/ECOv002_L2T_LSTE_29362_004_12SVC_20230910T040318_0711_01/ECOv002_L2T_LSTE_29362_004_12SVC_20230910T040318_0711_01_QC.tif,ECO_L2T_LSTE.002,ECOv002_L2T_LSTE_29362_004_12SVC_20230910T040318_0711_01_QC.tif,2026-06-09,sha256:92ea724bc0774fc3a336ffb5d08d22deb60a7c0904463a4b4dbfa0bb0cca71b3
https://data.lpdaac.earthdatacloud.nasa.gov/lp-prod-protected/ECO_L2T_LSTE.002/ECOv002_L2T_LSTE_29362_004_12SVC_20230910T040318_0711_01/ECOv002_L2T_LSTE_29362_004_12SVC_20230910T040318_0711_01_cloud.tif,ECO_L2T_LSTE.002,ECOv002_L2T_LSTE_29362_004_12SVC_20230910T040318_0711_01_cloud.tif,2026-06-09,sha256:22a80ea55a39bfb1d6e0c313535d25eba43b14ada8ca65c7b7299c05e251890e
https://data.lpdaac.earthdatacloud.nasa.gov/lp-prod-protected/ECO_L2T_LSTE.002/ECOv002_L2T_LSTE_29362_004_12SVC_20230910T040318_0711_01/ECOv002_L2T_LSTE_29362_004_12SVC_20230910T040318_0711_01_height.tif,ECO_L2T_LSTE.002,ECOv002_L2T_LSTE_29362_004_12SVC_20230910T040318_0711_01_height.tif,2026-06-09,sha256:285cdc2dd0295a5b0250922cae0a7c9cf2ca7cddef30a853a51f14e3211d225b
https://data.lpdaac.earthdatacloud.nasa.gov/lp-prod-protected/ECO_L2T_LSTE.002/ECOv002_L2T_LSTE_29362_004_12SVC_20230910T040318_0711_01/ECOv002_L2T_LSTE_29362_004_12SVC_20230910T040318_0711_01_LST.tif,ECO_L2T_LSTE.002,ECOv002_L2T_LSTE_29362_004_12SVC_20230910T040318_0711_01_LST.tif,2026-06-09,sha256:f0b7068671d2b84153ce33ddb6b2469c1110a9541174dfad1a0ae4e3449a5b6e
https://data.lpdaac.earthdatacloud.nasa.gov/lp-prod-protected/ECO_L2T_LSTE.002/ECOv002_L2T_LSTE_29362_004_12SVB_20230910T040318_0712_02/ECOv002_L2T_LSTE_29362_004_12SVB_20230910T040318_0712_02_water.tif,ECO_L2T_LSTE.002,ECOv002_L2T_LSTE_29362_004_12SVB_20230910T040318_0712_02_water.tif,2026-06-09,sha256:81327b21474df5c25ce98f9a2d868ac1a6b98b8e5baa42a50b7a5e43f218060b
https://data.lpdaac.earthdatacloud.nasa.gov/lp-prod-protected/ECO_L2T_LSTE.002/ECOv002_L2T_LSTE_29362_004_12SVB_20230910T040318_0712_02/ECOv002_L2T_LSTE_29362_004_12SVB_20230910T040318_0712_02_cloud.tif,ECO_L2T_LSTE.002,ECOv002_L2T_LSTE_29362_004_12SVB_20230910T040318_0712_02_cloud.tif,2026-06-09,sha256:27f63c9ffd83599227aab58fdfdc094f0930028049ab4f067848c500f14e8000
https://data.lpdaac.earthdatacloud.nasa.gov/lp-prod-protected/ECO_L2T_LSTE.002/ECOv002_L2T_LSTE_29362_004_12SVB_20230910T040318_0712_02/ECOv002_L2T_LSTE_29362_004_12SVB_20230910T040318_0712_02_height.tif,ECO_L2T_LSTE.002,ECOv002_L2T_LSTE_29362_004_12SVB_20230910T040318_0712_02_height.tif,2026-06-09,sha256:1ccfee983389547502aeefcc1c1582e2b728d781999976751dda0141c3eda686
https://data.lpdaac.earthdatacloud.nasa.gov/lp-prod-protected/ECO_L2T_LSTE.002/ECOv002_L2T_LSTE_29362_004_12SVB_20230910T040318_0712_02/ECOv002_L2T_LSTE_29362_004_12SVB_20230910T040318_0712_02_QC.tif,ECO_L2T_LSTE.002,ECOv002_L2T_LSTE_29362_004_12SVB_20230910T040318_0712_02_QC.tif,2026-06-09,sha256:e46a2e54438abe726db4914983ccd975aafc12080b05f7b531ced48f7d3d98b9
https://data.lpdaac.earthdatacloud.nasa.gov/lp-prod-protected/ECO_L2T_LSTE.002/ECOv002_L2T_LSTE_29362_004_12SVB_20230910T040318_0712_02/ECOv002_L2T_LSTE_29362_004_12SVB_20230910T040318_0712_02_LST.tif,ECO_L2T_LSTE.002,ECOv002_L2T_LSTE_29362_004_12SVB_20230910T040318_0712_02_LST.tif,2026-06-09,sha256:baef0f257ed92749ba201693dc61b4b5b9296bb5416931f79e972140b5a3687e
https://data.lpdaac.earthdatacloud.nasa.gov/lp-prod-protected/ECO_L2T_LSTE.002/ECOv002_L2T_LSTE_29362_004_12SUB_20230910T040318_0712_02/ECOv002_L2T_LSTE_29362_004_12SUB_20230910T040318_0712_02_water.tif,ECO_L2T_LSTE.002,ECOv002_L2T_LSTE_29362_004_12SUB_20230910T040318_0712_02_water.tif,2026-06-09,sha256:31b2c1937b29159752cb5e19d60367e19407f1beeb968da92508b3eff1e3168b
https://data.lpdaac.earthdatacloud.nasa.gov/lp-prod-protected/ECO_L2T_LSTE.002/ECOv002_L2T_LSTE_29362_004_12SUB_20230910T040318_0712_02/ECOv002_L2T_LSTE_29362_004_12SUB_20230910T040318_0712_02_cloud.tif,ECO_L2T_LSTE.002,ECOv002_L2T_LSTE_29362_004_12SUB_20230910T040318_0712_02_cloud.tif,2026-06-09,sha256:ef939348e7055e3e57291a2079c13a7f9b2dd191a5718eac74cc1d7c0b1fb11c
https://data.lpdaac.earthdatacloud.nasa.gov/lp-prod-protected/ECO_L2T_LSTE.002/ECOv002_L2T_LSTE_29362_004_12SUB_20230910T040318_0712_02/ECOv002_L2T_LSTE_29362_004_12SUB_20230910T040318_0712_02_height.tif,ECO_L2T_LSTE.002,ECOv002_L2T_LSTE_29362_004_12SUB_20230910T040318_0712_02_height.tif,2026-06-09,sha256:d5d5f796be7c7b32185b23b6a3322e9664b30aa4578fd281ba88671116e98df5
https://data.lpdaac.earthdatacloud.nasa.gov/lp-prod-protected/ECO_L2T_LSTE.002/ECOv002_L2T_LSTE_29362_004_12SUB_20230910T040318_0712_02/ECOv002_L2T_LSTE_29362_004_12SUB_20230910T040318_0712_02_QC.tif,ECO_L2T_LSTE.002,ECOv002_L2T_LSTE_29362_004_12SUB_20230910T040318_0712_02_QC.tif,2026-06-09,sha256:10943e113aa556ff0f02ddea272f1c5f6946ecc01a71df57b9ab90c401927c59
https://data.lpdaac.earthdatacloud.nasa.gov/lp-prod-protected/ECO_L2T_LSTE.002/ECOv002_L2T_LSTE_29362_004_12SUB_20230910T040318_0712_02/ECOv002_L2T_LSTE_29362_004_12SUB_20230910T040318_0712_02_LST.tif,ECO_L2T_LSTE.002,ECOv002_L2T_LSTE_29362_004_12SUB_20230910T040318_0712_02_LST.tif,2026-06-09,sha256:1f0a23bcfbd76a3aa804bd6a755fa406a1d79f47a6fb7039ec5fc66719a3157b
https://data.lpdaac.earthdatacloud.nasa.gov/lp-prod-protected/ECO_L2T_LSTE.002/ECOv002_L2T_LSTE_29362_004_12SUC_20230910T040318_0712_02/ECOv002_L2T_LSTE_29362_004_12SUC_20230910T040318_0712_02_water.tif,ECO_L2T_LSTE.002,ECOv002_L2T_LSTE_29362_004_12SUC_20230910T040318_0712_02_water.tif,2026-06-09,sha256:97db7798492b96cedae9d1a6f23c42be47096b0d6b72f719290d2b25695e0e60
https://data.lpdaac.earthdatacloud.nasa.gov/lp-prod-protected/ECO_L2T_LSTE.002/ECOv002_L2T_LSTE_29362_004_12SUC_20230910T040318_0712_02/ECOv002_L2T_LSTE_29362_004_12SUC_20230910T040318_0712_02_cloud.tif,ECO_L2T_LSTE.002,ECOv002_L2T_LSTE_29362_004_12SUC_20230910T040318_0712_02_cloud.tif,2026-06-09,sha256:ba92f18180549a0ba8cb15440fd255f99719acd39a0ab3dbaac91c2ebabd7099
https://data.lpdaac.earthdatacloud.nasa.gov/lp-prod-protected/ECO_L2T_LSTE.002/ECOv002_L2T_LSTE_29362_004_12SUC_20230910T040318_0712_02/ECOv002_L2T_LSTE_29362_004_12SUC_20230910T040318_0712_02_height.tif,ECO_L2T_LSTE.002,ECOv002_L2T_LSTE_29362_004_12SUC_20230910T040318_0712_02_height.tif,2026-06-09,sha256:96f385a9e03f7c0e2a2d00f80c583085c0350eea8c7266701501fbf61d7c87c9
https://data.lpdaac.earthdatacloud.nasa.gov/lp-prod-protected/ECO_L2T_LSTE.002/ECOv002_L2T_LSTE_29362_004_12SUC_20230910T040318_0712_02/ECOv002_L2T_LSTE_29362_004_12SUC_20230910T040318_0712_02_QC.tif,ECO_L2T_LSTE.002,ECOv002_L2T_LSTE_29362_004_12SUC_20230910T040318_0712_02_QC.tif,2026-06-09,sha256:784a5b66538fdaede38189a9039b6c63795c3ec4319ab9b9cc952bc7457eb014
https://data.lpdaac.earthdatacloud.nasa.gov/lp-prod-protected/ECO_L2T_LSTE.002/ECOv002_L2T_LSTE_29362_004_12SUC_20230910T040318_0712_02/ECOv002_L2T_LSTE_29362_004_12SUC_20230910T040318_0712_02_LST.tif,ECO_L2T_LSTE.002,ECOv002_L2T_LSTE_29362_004_12SUC_20230910T040318_0712_02_LST.tif,2026-06-09,sha256:df751d2a7b15caaffaa6c1edeaaac6e894bc801eb94eb91bc5431e47c7877aff
https://data.lpdaac.earthdatacloud.nasa.gov/lp-prod-protected/ECO_L2T_LSTE.002/ECOv002_L2T_LSTE_29362_004_12SVC_20230910T040318_0712_02/ECOv002_L2T_LSTE_29362_004_12SVC_20230910T040318_0712_02_water.tif,ECO_L2T_LSTE.002,ECOv002_L2T_LSTE_29362_004_12SVC_20230910T040318_0712_02_water.tif,2026-06-09,sha256:ece02027c3d1bd6ae8eb656eaa2304ab53e32c69253e18d7e3512bbf375605ec
https://data.lpdaac.earthdatacloud.nasa.gov/lp-prod-protected/ECO_L2T_LSTE.002/ECOv002_L2T_LSTE_29362_004_12SVC_20230910T040318_0712_02/ECOv002_L2T_LSTE_29362_004_12SVC_20230910T040318_0712_02_cloud.tif,ECO_L2T_LSTE.002,ECOv002_L2T_LSTE_29362_004_12SVC_20230910T040318_0712_02_cloud.tif,2026-06-09,sha256:bf601749ed87987c03a23487207d2f11819c0a89a163369506938e7d5732d2e8
https://data.lpdaac.earthdatacloud.nasa.gov/lp-prod-protected/ECO_L2T_LSTE.002/ECOv002_L2T_LSTE_29362_004_12SVC_20230910T040318_0712_02/ECOv002_L2T_LSTE_29362_004_12SVC_20230910T040318_0712_02_height.tif,ECO_L2T_LSTE.002,ECOv002_L2T_LSTE_29362_004_12SVC_20230910T040318_0712_02_height.tif,2026-06-09,sha256:645334555aa2526fd74a0947dd4370930b5984cae865e343d0c23816291e16a1
https://data.lpdaac.earthdatacloud.nasa.gov/lp-prod-protected/ECO_L2T_LSTE.002/ECOv002_L2T_LSTE_29362_004_12SVC_20230910T040318_0712_02/ECOv002_L2T_LSTE_29362_004_12SVC_20230910T040318_0712_02_QC.tif,ECO_L2T_LSTE.002,ECOv002_L2T_LSTE_29362_004_12SVC_20230910T040318_0712_02_QC.tif,2026-06-09,sha256:9f1c33fd6d153d44e773c3d976c653b80fa0bc56b37ef9dda493a52ce9ff59c9
https://data.lpdaac.earthdatacloud.nasa.gov/lp-prod-protected/ECO_L2T_LSTE.002/ECOv002_L2T_LSTE_29362_004_12SVC_20230910T040318_0712_02/ECOv002_L2T_LSTE_29362_004_12SVC_20230910T040318_0712_02_LST.tif,ECO_L2T_LSTE.002,ECOv002_L2T_LSTE_29362_004_12SVC_20230910T040318_0712_02_LST.tif,2026-06-09,sha256:aba738221066b3f62da1fe2c504d9b687dab6e288d31894df5550f4cf72869fe
https://data.lpdaac.earthdatacloud.nasa.gov/lp-prod-protected/ECO_L2T_LSTE.002/ECOv002_L2T_LSTE_29362_004_12SVB_20230910T040318_0711_01/ECOv002_L2T_LSTE_29362_004_12SVB_20230910T040318_0711_01_water.tif,ECO_L2T_LSTE.002,ECOv002_L2T_LSTE_29362_004_12SVB_20230910T040318_0711_01_water.tif,2026-06-09,sha256:22997d5311373763f1e25164202a2e30ac7beedfee21217e05d73d41f962c549
https://data.lpdaac.earthdatacloud.nasa.gov/lp-prod-protected/ECO_L2T_LSTE.002/ECOv002_L2T_LSTE_29362_004_12SVB_20230910T040318_0711_01/ECOv002_L2T_LSTE_29362_004_12SVB_20230910T040318_0711_01_cloud.tif,ECO_L2T_LSTE.002,ECOv002_L2T_LSTE_29362_004_12SVB_20230910T040318_0711_01_cloud.tif,2026-06-09,sha256:3ded73784470589114b9da85cb63a6e3ebd1bbb70939c5292236e3d455417d50
https://data.lpdaac.earthdatacloud.nasa.gov/lp-prod-protected/ECO_L2T_LSTE.002/ECOv002_L2T_LSTE_29362_004_12SVB_20230910T040318_0711_01/ECOv002_L2T_LSTE_29362_004_12SVB_20230910T040318_0711_01_height.tif,ECO_L2T_LSTE.002,ECOv002_L2T_LSTE_29362_004_12SVB_20230910T040318_0711_01_height.tif,2026-06-09,sha256:00b76dd3be17ec745853744bcf9f16310738cc656bddc348ede802a970e3b37e
https://data.lpdaac.earthdatacloud.nasa.gov/lp-prod-protected/ECO_L2T_LSTE.002/ECOv002_L2T_LSTE_29362_004_12SVB_20230910T040318_0711_01/ECOv002_L2T_LSTE_29362_004_12SVB_20230910T040318_0711_01_QC.tif,ECO_L2T_LSTE.002,ECOv002_L2T_LSTE_29362_004_12SVB_20230910T040318_0711_01_QC.tif,2026-06-09,sha256:bb1922b47126f42d780fa14ec0cac1683bc44b4ebda2de5bb2d42aca7ed5d364
https://data.lpdaac.earthdatacloud.nasa.gov/lp-prod-protected/ECO_L2T_LSTE.002/ECOv002_L2T_LSTE_29362_004_12SVB_20230910T040318_0711_01/ECOv002_L2T_LSTE_29362_004_12SVB_20230910T040318_0711_01_LST.tif,ECO_L2T_LSTE.002,ECOv002_L2T_LSTE_29362_004_12SVB_20230910T040318_0711_01_LST.tif,2026-06-09,sha256:ba5d49b88e3d03187b551eaae01da8258c47b5cbaf4c51e8428d77fc0f094556
https://data.lpdaac.earthdatacloud.nasa.gov/lp-prod-protected/ECO_L2T_LSTE.002/ECOv002_L2T_LSTE_29362_005_12SVC_20230910T040410_0712_02/ECOv002_L2T_LSTE_29362_005_12SVC_20230910T040410_0712_02_water.tif,ECO_L2T_LSTE.002,ECOv002_L2T_LSTE_29362_005_12SVC_20230910T040410_0712_02_water.tif,2026-06-09,sha256:795723df80697034751c4ce012c59ac6c6c85c73ba06f999ead0778edc5487aa
https://data.lpdaac.earthdatacloud.nasa.gov/lp-prod-protected/ECO_L2T_LSTE.002/ECOv002_L2T_LSTE_29362_005_12SVC_20230910T040410_0712_02/ECOv002_L2T_LSTE_29362_005_12SVC_20230910T040410_0712_02_cloud.tif,ECO_L2T_LSTE.002,ECOv002_L2T_LSTE_29362_005_12SVC_20230910T040410_0712_02_cloud.tif,2026-06-09,sha256:cb55a4aead5f97f6a7987440d1aeb8010e3e1f71669b08654b9e37062c98a558
https://data.lpdaac.earthdatacloud.nasa.gov/lp-prod-protected/ECO_L2T_LSTE.002/ECOv002_L2T_LSTE_29362_005_12SVC_20230910T040410_0712_02/ECOv002_L2T_LSTE_29362_005_12SVC_20230910T040410_0712_02_height.tif,ECO_L2T_LSTE.002,ECOv002_L2T_LSTE_29362_005_12SVC_20230910T040410_0712_02_height.tif,2026-06-09,sha256:4670153f6af796de28d0df754f5931af30cf3ca82df6dc0841cc87568858467a
https://data.lpdaac.earthdatacloud.nasa.gov/lp-prod-protected/ECO_L2T_LSTE.002/ECOv002_L2T_LSTE_29362_005_12SVC_20230910T040410_0712_02/ECOv002_L2T_LSTE_29362_005_12SVC_20230910T040410_0712_02_QC.tif,ECO_L2T_LSTE.002,ECOv002_L2T_LSTE_29362_005_12SVC_20230910T040410_0712_02_QC.tif,2026-06-09,sha256:11e97faf7690b6acef0fcce716449834efb8e478dc0c586de026c68487b002d1
https://data.lpdaac.earthdatacloud.nasa.gov/lp-prod-protected/ECO_L2T_LSTE.002/ECOv002_L2T_LSTE_29362_005_12SVC_20230910T040410_0712_02/ECOv002_L2T_LSTE_29362_005_12SVC_20230910T040410_0712_02_LST.tif,ECO_L2T_LSTE.002,ECOv002_L2T_LSTE_29362_005_12SVC_20230910T040410_0712_02_LST.tif,2026-06-09,sha256:7977e8825f500177e11c4b23282755c9e1132e53b9d56c28a966cc45d5fdb2a4
https://data.lpdaac.earthdatacloud.nasa.gov/lp-prod-protected/ECO_L2T_LSTE.002/ECOv002_L2T_LSTE_29362_005_12SVC_20230910T040410_0711_01/ECOv002_L2T_LSTE_29362_005_12SVC_20230910T040410_0711_01_water.tif,ECO_L2T_LSTE.002,ECOv002_L2T_LSTE_29362_005_12SVC_20230910T040410_0711_01_water.tif,2026-06-09,sha256:74f99bd65d467eb65985fb37264af969eaceaf08f06e2e604860745c31ff412b
https://data.lpdaac.earthdatacloud.nasa.gov/lp-prod-protected/ECO_L2T_LSTE.002/ECOv002_L2T_LSTE_29362_005_12SVC_20230910T040410_0711_01/ECOv002_L2T_LSTE_29362_005_12SVC_20230910T040410_0711_01_cloud.tif,ECO_L2T_LSTE.002,ECOv002_L2T_LSTE_29362_005_12SVC_20230910T040410_0711_01_cloud.tif,2026-06-09,sha256:80149d364db24dca59b96a19f8e70ca2d0a05220a507b50f40a94b12fc9ecd99
https://data.lpdaac.earthdatacloud.nasa.gov/lp-prod-protected/ECO_L2T_LSTE.002/ECOv002_L2T_LSTE_29362_005_12SVC_20230910T040410_0711_01/ECOv002_L2T_LSTE_29362_005_12SVC_20230910T040410_0711_01_height.tif,ECO_L2T_LSTE.002,ECOv002_L2T_LSTE_29362_005_12SVC_20230910T040410_0711_01_height.tif,2026-06-09,sha256:95d6080da2df48bce815baafeebd8e441198c427e3180ef1c70e96839fcb31d6
https://data.lpdaac.earthdatacloud.nasa.gov/lp-prod-protected/ECO_L2T_LSTE.002/ECOv002_L2T_LSTE_29362_005_12SVC_20230910T040410_0711_01/ECOv002_L2T_LSTE_29362_005_12SVC_20230910T040410_0711_01_QC.tif,ECO_L2T_LSTE.002,ECOv002_L2T_LSTE_29362_005_12SVC_20230910T040410_0711_01_QC.tif,2026-06-09,sha256:6e38656725539c8852304a43ba7ae5b8de73ecccbac8922d95962da5e2c71f27
https://data.lpdaac.earthdatacloud.nasa.gov/lp-prod-protected/ECO_L2T_LSTE.002/ECOv002_L2T_LSTE_29362_005_12SVC_20230910T040410_0711_01/ECOv002_L2T_LSTE_29362_005_12SVC_20230910T040410_0711_01_LST.tif,ECO_L2T_LSTE.002,ECOv002_L2T_LSTE_29362_005_12SVC_20230910T040410_0711_01_LST.tif,2026-06-09,sha256:e2edd3f24df8964d0ba40d18b79c70275a14740be8b817911c997972186bf687
https://data.lpdaac.earthdatacloud.nasa.gov/lp-prod-protected/ECO_L2T_LSTE.002/ECOv002_L2T_LSTE_29382_014_12SUB_20230911T112515_0710_01/ECOv002_L2T_LSTE_29382_014_12SUB_20230911T112515_0710_01_water.tif,ECO_L2T_LSTE.002,ECOv002_L2T_LSTE_29382_014_12SUB_20230911T112515_0710_01_water.tif,2026-06-09,sha256:25ada5837aed7a47a5cf946b15589c0a24c1153893b8b796b0bb18c7948b4187
https://data.lpdaac.earthdatacloud.nasa.gov/lp-prod-protected/ECO_L2T_LSTE.002/ECOv002_L2T_LSTE_29382_014_12SUB_20230911T112515_0710_01/ECOv002_L2T_LSTE_29382_014_12SUB_20230911T112515_0710_01_cloud.tif,ECO_L2T_LSTE.002,ECOv002_L2T_LSTE_29382_014_12SUB_20230911T112515_0710_01_cloud.tif,2026-06-09,sha256:94802f654a6aaaa8712caafb1d25a5564e922443ccd645fa131df8eb8de66a6d
https://data.lpdaac.earthdatacloud.nasa.gov/lp-prod-protected/ECO_L2T_LSTE.002/ECOv002_L2T_LSTE_29382_014_12SUB_20230911T112515_0710_01/ECOv002_L2T_LSTE_29382_014_12SUB_20230911T112515_0710_01_QC.tif,ECO_L2T_LSTE.002,ECOv002_L2T_LSTE_29382_014_12SUB_20230911T112515_0710_01_QC.tif,2026-06-09,sha256:23242e60248570971e80cdb6df3b0eb3a8b1c5be30ac07e7e477ae5e2f595094
https://data.lpdaac.earthdatacloud.nasa.gov/lp-prod-protected/ECO_L2T_LSTE.002/ECOv002_L2T_LSTE_29382_014_12SUB_20230911T112515_0710_01/ECOv002_L2T_LSTE_29382_014_12SUB_20230911T112515_0710_01_height.tif,ECO_L2T_LSTE.002,ECOv002_L2T_LSTE_29382_014_12SUB_20230911T112515_0710_01_height.tif,2026-06-09,sha256:9234c5c3086ac2a1ea7976053e1af823703aa9744cdeff6b29e3bf5ab0f327c5
https://data.lpdaac.earthdatacloud.nasa.gov/lp-prod-protected/ECO_L2T_LSTE.002/ECOv002_L2T_LSTE_29382_014_12SUB_20230911T112515_0710_01/ECOv002_L2T_LSTE_29382_014_12SUB_20230911T112515_0710_01_LST.tif,ECO_L2T_LSTE.002,ECOv002_L2T_LSTE_29382_014_12SUB_20230911T112515_0710_01_LST.tif,2026-06-09,sha256:343a0d76adf21528d6905899e31c6e1d34e85e1f551d105361d354893e8887ff
https://data.lpdaac.earthdatacloud.nasa.gov/lp-prod-protected/ECO_L2T_LSTE.002/ECOv002_L2T_LSTE_29382_014_12SUC_20230911T112515_0710_01/ECOv002_L2T_LSTE_29382_014_12SUC_20230911T112515_0710_01_water.tif,ECO_L2T_LSTE.002,ECOv002_L2T_LSTE_29382_014_12SUC_20230911T112515_0710_01_water.tif,2026-06-09,sha256:b54889d3feda92b472a14271dd5ff95b26754475166e9408b6e3ea0b12ba80fa
https://data.lpdaac.earthdatacloud.nasa.gov/lp-prod-protected/ECO_L2T_LSTE.002/ECOv002_L2T_LSTE_29382_014_12SUC_20230911T112515_0710_01/ECOv002_L2T_LSTE_29382_014_12SUC_20230911T112515_0710_01_cloud.tif,ECO_L2T_LSTE.002,ECOv002_L2T_LSTE_29382_014_12SUC_20230911T112515_0710_01_cloud.tif,2026-06-09,sha256:6ce57c668976c2c892c5148a222d1a05bcb9685e1d9460c1917ece1ea0c15ccd
https://data.lpdaac.earthdatacloud.nasa.gov/lp-prod-protected/ECO_L2T_LSTE.002/ECOv002_L2T_LSTE_29382_014_12SUC_20230911T112515_0710_01/ECOv002_L2T_LSTE_29382_014_12SUC_20230911T112515_0710_01_height.tif,ECO_L2T_LSTE.002,ECOv002_L2T_LSTE_29382_014_12SUC_20230911T112515_0710_01_height.tif,2026-06-09,sha256:be83cb3c560cab932c272f0e3387ad07958c52c14a777b4f7a7422557e0f1113
https://data.lpdaac.earthdatacloud.nasa.gov/lp-prod-protected/ECO_L2T_LSTE.002/ECOv002_L2T_LSTE_29382_014_12SUC_20230911T112515_0710_01/ECOv002_L2T_LSTE_29382_014_12SUC_20230911T112515_0710_01_QC.tif,ECO_L2T_LSTE.002,ECOv002_L2T_LSTE_29382_014_12SUC_20230911T112515_0710_01_QC.tif,2026-06-09,sha256:54166191ba99f1acb01e2183b14a56b329c3c72eb2d5479ce9faff40d83fa65d
https://data.lpdaac.earthdatacloud.nasa.gov/lp-prod-protected/ECO_L2T_LSTE.002/ECOv002_L2T_LSTE_29382_014_12SUC_20230911T112515_0710_01/ECOv002_L2T_LSTE_29382_014_12SUC_20230911T112515_0710_01_LST.tif,ECO_L2T_LSTE.002,ECOv002_L2T_LSTE_29382_014_12SUC_20230911T112515_0710_01_LST.tif,2026-06-09,sha256:238d799cd3bdbf27da8024684190ce2497c8b5e3a345160179209150f96f38b2
https://data.lpdaac.earthdatacloud.nasa.gov/lp-prod-protected/ECO_L2T_LSTE.002/ECOv002_L2T_LSTE_29382_014_12SVB_20230911T112515_0710_01/ECOv002_L2T_LSTE_29382_014_12SVB_20230911T112515_0710_01_water.tif,ECO_L2T_LSTE.002,ECOv002_L2T_LSTE_29382_014_12SVB_20230911T112515_0710_01_water.tif,2026-06-09,sha256:40688265328ff62b2865e330b9aae713cf7b8b0d27a1e4efd7ed44d131ee71a7
https://data.lpdaac.earthdatacloud.nasa.gov/lp-prod-protected/ECO_L2T_LSTE.002/ECOv002_L2T_LSTE_29382_014_12SVB_20230911T112515_0710_01/ECOv002_L2T_LSTE_29382_014_12SVB_20230911T112515_0710_01_cloud.tif,ECO_L2T_LSTE.002,ECOv002_L2T_LSTE_29382_014_12SVB_20230911T112515_0710_01_cloud.tif,2026-06-09,sha256:6229fa89b02e0c84d3d48d1f399d46905d68b435f5bbef5298afb76bf5727820
https://data.lpdaac.earthdatacloud.nasa.gov/lp-prod-protected/ECO_L2T_LSTE.002/ECOv002_L2T_LSTE_29382_014_12SVB_20230911T112515_0710_01/ECOv002_L2T_LSTE_29382_014_12SVB_20230911T112515_0710_01_height.tif,ECO_L2T_LSTE.002,ECOv002_L2T_LSTE_29382_014_12SVB_20230911T112515_0710_01_height.tif,2026-06-09,sha256:4162b7efc80e89c1952720f8334f387afcf9362bae4e99832952e8ffb7376ee1
https://data.lpdaac.earthdatacloud.nasa.gov/lp-prod-protected/ECO_L2T_LSTE.002/ECOv002_L2T_LSTE_29382_014_12SVB_20230911T112515_0710_01/ECOv002_L2T_LSTE_29382_014_12SVB_20230911T112515_0710_01_QC.tif,ECO_L2T_LSTE.002,ECOv002_L2T_LSTE_29382_014_12SVB_20230911T112515_0710_01_QC.tif,2026-06-09,sha256:d2b4453ee591d16cfb5c23a4292b2454dba5111f90f973d7fd8065be788c9bd4
https://data.lpdaac.earthdatacloud.nasa.gov/lp-prod-protected/ECO_L2T_LSTE.002/ECOv002_L2T_LSTE_29382_014_12SVB_20230911T112515_0710_01/ECOv002_L2T_LSTE_29382_014_12SVB_20230911T112515_0710_01_LST.tif,ECO_L2T_LSTE.002,ECOv002_L2T_LSTE_29382_014_12SVB_20230911T112515_0710_01_LST.tif,2026-06-09,sha256:1d09d5e98fd3c8db63843996ab0e73a1b6f2f7e2ce80115adbfd7c1018af3c03
https://data.lpdaac.earthdatacloud.nasa.gov/lp-prod-protected/ECO_L2T_LSTE.002/ECOv002_L2T_LSTE_29382_014_12SVC_20230911T112515_0710_01/ECOv002_L2T_LSTE_29382_014_12SVC_20230911T112515_0710_01_water.tif,ECO_L2T_LSTE.002,ECOv002_L2T_LSTE_29382_014_12SVC_20230911T112515_0710_01_water.tif,2026-06-09,sha256:baf4017d32a5e5008e35dbde04623d3eaf4ff9bf9e0b78789368d9266b556436
https://data.lpdaac.earthdatacloud.nasa.gov/lp-prod-protected/ECO_L2T_LSTE.002/ECOv002_L2T_LSTE_29382_014_12SVC_20230911T112515_0710_01/ECOv002_L2T_LSTE_29382_014_12SVC_20230911T112515_0710_01_cloud.tif,ECO_L2T_LSTE.002,ECOv002_L2T_LSTE_29382_014_12SVC_20230911T112515_0710_01_cloud.tif,2026-06-09,sha256:152a28dc5e8779e59426408fbf2defbf2595e8810c7f10eae743d0afa7f20d70
https://data.lpdaac.earthdatacloud.nasa.gov/lp-prod-protected/ECO_L2T_LSTE.002/ECOv002_L2T_LSTE_29382_014_12SVC_20230911T112515_0710_01/ECOv002_L2T_LSTE_29382_014_12SVC_20230911T112515_0710_01_height.tif,ECO_L2T_LSTE.002,ECOv002_L2T_LSTE_29382_014_12SVC_20230911T112515_0710_01_height.tif,2026-06-09,sha256:2cd79ba8e1ef5fb229ee7075f6de488e3770a485743309eb61ec8fbbb9ec3018
https://data.lpdaac.earthdatacloud.nasa.gov/lp-prod-protected/ECO_L2T_LSTE.002/ECOv002_L2T_LSTE_29382_014_12SVC_20230911T112515_0710_01/ECOv002_L2T_LSTE_29382_014_12SVC_20230911T112515_0710_01_QC.tif,ECO_L2T_LSTE.002,ECOv002_L2T_LSTE_29382_014_12SVC_20230911T112515_0710_01_QC.tif,2026-06-09,sha256:495bca04ffa29880b30323c8da9bc958e3f86ce479c89a8541001adbaca1d815
https://data.lpdaac.earthdatacloud.nasa.gov/lp-prod-protected/ECO_L2T_LSTE.002/ECOv002_L2T_LSTE_29382_014_12SVC_20230911T112515_0710_01/ECOv002_L2T_LSTE_29382_014_12SVC_20230911T112515_0710_01_LST.tif,ECO_L2T_LSTE.002,ECOv002_L2T_LSTE_29382_014_12SVC_20230911T112515_0710_01_LST.tif,2026-06-09,sha256:a5bcc2eabd2e18315481e8ec423ae4fef2f02a739a120ceacced9710c82db6d0
https://data.lpdaac.earthdatacloud.nasa.gov/lp-prod-protected/ECO_L2T_LSTE.002/ECOv002_L2T_LSTE_29382_014_12SVB_20230911T112515_0712_02/ECOv002_L2T_LSTE_29382_014_12SVB_20230911T112515_0712_02_water.tif,ECO_L2T_LSTE.002,ECOv002_L2T_LSTE_29382_014_12SVB_20230911T112515_0712_02_water.tif,2026-06-09,sha256:2755ddf492bbc39d6a72c2aa685262a820acc95b2eb009f894d97bf4b8c9192f
https://data.lpdaac.earthdatacloud.nasa.gov/lp-prod-protected/ECO_L2T_LSTE.002/ECOv002_L2T_LSTE_29382_014_12SVB_20230911T112515_0712_02/ECOv002_L2T_LSTE_29382_014_12SVB_20230911T112515_0712_02_cloud.tif,ECO_L2T_LSTE.002,ECOv002_L2T_LSTE_29382_014_12SVB_20230911T112515_0712_02_cloud.tif,2026-06-09,sha256:f7a4e021f583bab1e6cba54574ff56e6ebd10c50d01520e4f59420c3ee95ee62
https://data.lpdaac.earthdatacloud.nasa.gov/lp-prod-protected/ECO_L2T_LSTE.002/ECOv002_L2T_LSTE_29382_014_12SVB_20230911T112515_0712_02/ECOv002_L2T_LSTE_29382_014_12SVB_20230911T112515_0712_02_height.tif,ECO_L2T_LSTE.002,ECOv002_L2T_LSTE_29382_014_12SVB_20230911T112515_0712_02_height.tif,2026-06-09,sha256:1451f626181b114f5f2ab01fd3ff00004ece0385d58ccb21e5ea13fa1464b026
https://data.lpdaac.earthdatacloud.nasa.gov/lp-prod-protected/ECO_L2T_LSTE.002/ECOv002_L2T_LSTE_29382_014_12SVB_20230911T112515_0712_02/ECOv002_L2T_LSTE_29382_014_12SVB_20230911T112515_0712_02_QC.tif,ECO_L2T_LSTE.002,ECOv002_L2T_LSTE_29382_014_12SVB_20230911T112515_0712_02_QC.tif,2026-06-09,sha256:b93ee9c30afd15363871ac04f473b2f0da71263561feef015de346785895d2a7
https://data.lpdaac.earthdatacloud.nasa.gov/lp-prod-protected/ECO_L2T_LSTE.002/ECOv002_L2T_LSTE_29382_014_12SVB_20230911T112515_0712_02/ECOv002_L2T_LSTE_29382_014_12SVB_20230911T112515_0712_02_LST.tif,ECO_L2T_LSTE.002,ECOv002_L2T_LSTE_29382_014_12SVB_20230911T112515_0712_02_LST.tif,2026-06-09,sha256:3de6e6f940294df674f4badc42c3c95cf8be95dbd8302f3e7e8a614022092b74
https://data.lpdaac.earthdatacloud.nasa.gov/lp-prod-protected/ECO_L2T_LSTE.002/ECOv002_L2T_LSTE_29382_014_12SVC_20230911T112515_0712_02/ECOv002_L2T_LSTE_29382_014_12SVC_20230911T112515_0712_02_water.tif,ECO_L2T_LSTE.002,ECOv002_L2T_LSTE_29382_014_12SVC_20230911T112515_0712_02_water.tif,2026-06-09,sha256:dbde422b50dbf2cc0f3c3b94f0bbe2cf94c5ecb77171f85cb62c9eb039733058
https://data.lpdaac.earthdatacloud.nasa.gov/lp-prod-protected/ECO_L2T_LSTE.002/ECOv002_L2T_LSTE_29382_014_12SVC_20230911T112515_0712_02/ECOv002_L2T_LSTE_29382_014_12SVC_20230911T112515_0712_02_cloud.tif,ECO_L2T_LSTE.002,ECOv002_L2T_LSTE_29382_014_12SVC_20230911T112515_0712_02_cloud.tif,2026-06-09,sha256:9ea135b835b271bc99f9e033b993ff86ff34b0f256ba42a7acc61c72197c6329
https://data.lpdaac.earthdatacloud.nasa.gov/lp-prod-protected/ECO_L2T_LSTE.002/ECOv002_L2T_LSTE_29382_014_12SVC_20230911T112515_0712_02/ECOv002_L2T_LSTE_29382_014_12SVC_20230911T112515_0712_02_height.tif,ECO_L2T_LSTE.002,ECOv002_L2T_LSTE_29382_014_12SVC_20230911T112515_0712_02_height.tif,2026-06-09,sha256:9e99692ad518195a507a25542714c821672d0ccf60ea70df1275415a54a4d5d1
https://data.lpdaac.earthdatacloud.nasa.gov/lp-prod-protected/ECO_L2T_LSTE.002/ECOv002_L2T_LSTE_29382_014_12SVC_20230911T112515_0712_02/ECOv002_L2T_LSTE_29382_014_12SVC_20230911T112515_0712_02_QC.tif,ECO_L2T_LSTE.002,ECOv002_L2T_LSTE_29382_014_12SVC_20230911T112515_0712_02_QC.tif,2026-06-09,sha256:43fdbc436315ee3137577bb0a16f91cf1c9ab633a89b691ff2da28a774389a62
https://data.lpdaac.earthdatacloud.nasa.gov/lp-prod-protected/ECO_L2T_LSTE.002/ECOv002_L2T_LSTE_29382_014_12SVC_20230911T112515_0712_02/ECOv002_L2T_LSTE_29382_014_12SVC_20230911T112515_0712_02_LST.tif,ECO_L2T_LSTE.002,ECOv002_L2T_LSTE_29382_014_12SVC_20230911T112515_0712_02_LST.tif,2026-06-09,sha256:e95abff1bf8cd9a859b67c1ab11d75743ffa75cc585a73c1770adbc4f589abb0
https://data.lpdaac.earthdatacloud.nasa.gov/lp-prod-protected/ECO_L2T_LSTE.002/ECOv002_L2T_LSTE_29382_014_12SUB_20230911T112515_0712_02/ECOv002_L2T_LSTE_29382_014_12SUB_20230911T112515_0712_02_water.tif,ECO_L2T_LSTE.002,ECOv002_L2T_LSTE_29382_014_12SUB_20230911T112515_0712_02_water.tif,2026-06-09,sha256:a5f4a77de4fef47135cf524059863b10a62c58d5c77711528b65c80441bccfa8
https://data.lpdaac.earthdatacloud.nasa.gov/lp-prod-protected/ECO_L2T_LSTE.002/ECOv002_L2T_LSTE_29382_014_12SUB_20230911T112515_0712_02/ECOv002_L2T_LSTE_29382_014_12SUB_20230911T112515_0712_02_cloud.tif,ECO_L2T_LSTE.002,ECOv002_L2T_LSTE_29382_014_12SUB_20230911T112515_0712_02_cloud.tif,2026-06-09,sha256:26f9a1c2cfa7c2d630776109e1ee90f15c523e967596167bd5836415024e3c64
https://data.lpdaac.earthdatacloud.nasa.gov/lp-prod-protected/ECO_L2T_LSTE.002/ECOv002_L2T_LSTE_29382_014_12SUB_20230911T112515_0712_02/ECOv002_L2T_LSTE_29382_014_12SUB_20230911T112515_0712_02_height.tif,ECO_L2T_LSTE.002,ECOv002_L2T_LSTE_29382_014_12SUB_20230911T112515_0712_02_height.tif,2026-06-09,sha256:b17e5abfa9d4a53915b6b70a8669604bb7cd895d5a0d8d90bb85309e5826bde7
https://data.lpdaac.earthdatacloud.nasa.gov/lp-prod-protected/ECO_L2T_LSTE.002/ECOv002_L2T_LSTE_29382_014_12SUB_20230911T112515_0712_02/ECOv002_L2T_LSTE_29382_014_12SUB_20230911T112515_0712_02_QC.tif,ECO_L2T_LSTE.002,ECOv002_L2T_LSTE_29382_014_12SUB_20230911T112515_0712_02_QC.tif,2026-06-09,sha256:bf2062bcc9412bce0c36b0792f83fb9acf107b3ab498b999d3e1aa53042dc3ae
https://data.lpdaac.earthdatacloud.nasa.gov/lp-prod-protected/ECO_L2T_LSTE.002/ECOv002_L2T_LSTE_29382_014_12SUB_20230911T112515_0712_02/ECOv002_L2T_LSTE_29382_014_12SUB_20230911T112515_0712_02_LST.tif,ECO_L2T_LSTE.002,ECOv002_L2T_LSTE_29382_014_12SUB_20230911T112515_0712_02_LST.tif,2026-06-09,sha256:c7b113585d0bb11198411b4dc5e099c4aa010960a05a2852064e175ee1cd2abf
https://data.lpdaac.earthdatacloud.nasa.gov/lp-prod-protected/ECO_L2T_LSTE.002/ECOv002_L2T_LSTE_29382_014_12SUC_20230911T112515_0712_02/ECOv002_L2T_LSTE_29382_014_12SUC_20230911T112515_0712_02_water.tif,ECO_L2T_LSTE.002,ECOv002_L2T_LSTE_29382_014_12SUC_20230911T112515_0712_02_water.tif,2026-06-09,sha256:436c4c58e0e7952ff0fd9c1d5990250956f9b38a2df489ba52ab6b3b42ee2b0a
https://data.lpdaac.earthdatacloud.nasa.gov/lp-prod-protected/ECO_L2T_LSTE.002/ECOv002_L2T_LSTE_29382_014_12SUC_20230911T112515_0712_02/ECOv002_L2T_LSTE_29382_014_12SUC_20230911T112515_0712_02_cloud.tif,ECO_L2T_LSTE.002,ECOv002_L2T_LSTE_29382_014_12SUC_20230911T112515_0712_02_cloud.tif,2026-06-09,sha256:03e25a0c530fab9f2b817880b3bbff08775f8639d708233a1c744a55f397d567
https://data.lpdaac.earthdatacloud.nasa.gov/lp-prod-protected/ECO_L2T_LSTE.002/ECOv002_L2T_LSTE_29382_014_12SUC_20230911T112515_0712_02/ECOv002_L2T_LSTE_29382_014_12SUC_20230911T112515_0712_02_height.tif,ECO_L2T_LSTE.002,ECOv002_L2T_LSTE_29382_014_12SUC_20230911T112515_0712_02_height.tif,2026-06-09,sha256:8d58cd3b2bbbb4a865a2c6402e8ad487dbaa9b2c0cb1c76d1488f66a23939389
https://data.lpdaac.earthdatacloud.nasa.gov/lp-prod-protected/ECO_L2T_LSTE.002/ECOv002_L2T_LSTE_29382_014_12SUC_20230911T112515_0712_02/ECOv002_L2T_LSTE_29382_014_12SUC_20230911T112515_0712_02_QC.tif,ECO_L2T_LSTE.002,ECOv002_L2T_LSTE_29382_014_12SUC_20230911T112515_0712_02_QC.tif,2026-06-09,sha256:88a7435a8409393d78c21c8d371b2317c949c5632e78def7338ebacef66c0ae7
https://data.lpdaac.earthdatacloud.nasa.gov/lp-prod-protected/ECO_L2T_LSTE.002/ECOv002_L2T_LSTE_29382_014_12SUC_20230911T112515_0712_02/ECOv002_L2T_LSTE_29382_014_12SUC_20230911T112515_0712_02_LST.tif,ECO_L2T_LSTE.002,ECOv002_L2T_LSTE_29382_014_12SUC_20230911T112515_0712_02_LST.tif,2026-06-09,sha256:93e698f12e461afbb217cf403f91114907bda6c0fc6c179f7a6cbf02b3a55eb8
https://data.lpdaac.earthdatacloud.nasa.gov/lp-prod-protected/ECO_L2T_LSTE.002/ECOv002_L2T_LSTE_29423_004_12SVB_20230914T022923_0710_01/ECOv002_L2T_LSTE_29423_004_12SVB_20230914T022923_0710_01_water.tif,ECO_L2T_LSTE.002,ECOv002_L2T_LSTE_29423_004_12SVB_20230914T022923_0710_01_water.tif,2026-06-09,sha256:4b1872200947bae78d212dfb90a711e81b33e175edc07d9d96de00fe212f3881
https://data.lpdaac.earthdatacloud.nasa.gov/lp-prod-protected/ECO_L2T_LSTE.002/ECOv002_L2T_LSTE_29423_004_12SVB_20230914T022923_0710_01/ECOv002_L2T_LSTE_29423_004_12SVB_20230914T022923_0710_01_QC.tif,ECO_L2T_LSTE.002,ECOv002_L2T_LSTE_29423_004_12SVB_20230914T022923_0710_01_QC.tif,2026-06-09,sha256:3e49f2e8b9610570a8a8f8ce5ce34b9e391457e721a9a79f97cfe0e4e399b2d1
https://data.lpdaac.earthdatacloud.nasa.gov/lp-prod-protected/ECO_L2T_LSTE.002/ECOv002_L2T_LSTE_29423_004_12SVB_20230914T022923_0710_01/ECOv002_L2T_LSTE_29423_004_12SVB_20230914T022923_0710_01_cloud.tif,ECO_L2T_LSTE.002,ECOv002_L2T_LSTE_29423_004_12SVB_20230914T022923_0710_01_cloud.tif,2026-06-09,sha256:c434a52e8d7bd3595dffea7d34a68d76c7968c10765e616d35e32af4dc4a5398
https://data.lpdaac.earthdatacloud.nasa.gov/lp-prod-protected/ECO_L2T_LSTE.002/ECOv002_L2T_LSTE_29423_004_12SVB_20230914T022923_0710_01/ECOv002_L2T_LSTE_29423_004_12SVB_20230914T022923_0710_01_height.tif,ECO_L2T_LSTE.002,ECOv002_L2T_LSTE_29423_004_12SVB_20230914T022923_0710_01_height.tif,2026-06-09,sha256:77e907dca14e55c06fecd3e54f35eac1fde628316b44011037f5055221420f3a
https://data.lpdaac.earthdatacloud.nasa.gov/lp-prod-protected/ECO_L2T_LSTE.002/ECOv002_L2T_LSTE_29423_004_12SVB_20230914T022923_0710_01/ECOv002_L2T_LSTE_29423_004_12SVB_20230914T022923_0710_01_LST.tif,ECO_L2T_LSTE.002,ECOv002_L2T_LSTE_29423_004_12SVB_20230914T022923_0710_01_LST.tif,2026-06-09,sha256:d185dfc8bdf0ea21560efeab2e4187d181e50be114942580cf6f07ce81e1d78f
https://data.lpdaac.earthdatacloud.nasa.gov/lp-prod-protected/ECO_L2T_LSTE.002/ECOv002_L2T_LSTE_29423_004_12SUB_20230914T022923_0710_01/ECOv002_L2T_LSTE_29423_004_12SUB_20230914T022923_0710_01_water.tif,ECO_L2T_LSTE.002,ECOv002_L2T_LSTE_29423_004_12SUB_20230914T022923_0710_01_water.tif,2026-06-09,sha256:b024a21a02f6601e89990ce9afeaf102c5586df3256b0d25151a2c40a479e742
https://data.lpdaac.earthdatacloud.nasa.gov/lp-prod-protected/ECO_L2T_LSTE.002/ECOv002_L2T_LSTE_29423_004_12SUB_20230914T022923_0710_01/ECOv002_L2T_LSTE_29423_004_12SUB_20230914T022923_0710_01_cloud.tif,ECO_L2T_LSTE.002,ECOv002_L2T_LSTE_29423_004_12SUB_20230914T022923_0710_01_cloud.tif,2026-06-09,sha256:a20805c6265ea3e804a8486fce6255d43627c18239befede022993dd1d0df2b8
https://data.lpdaac.earthdatacloud.nasa.gov/lp-prod-protected/ECO_L2T_LSTE.002/ECOv002_L2T_LSTE_29423_004_12SUB_20230914T022923_0710_01/ECOv002_L2T_LSTE_29423_004_12SUB_20230914T022923_0710_01_QC.tif,ECO_L2T_LSTE.002,ECOv002_L2T_LSTE_29423_004_12SUB_20230914T022923_0710_01_QC.tif,2026-06-09,sha256:00efe9d9389685c0e105859697b8ce4fa0850100286232a55d47054e6004b902
https://data.lpdaac.earthdatacloud.nasa.gov/lp-prod-protected/ECO_L2T_LSTE.002/ECOv002_L2T_LSTE_29423_004_12SUB_20230914T022923_0710_01/ECOv002_L2T_LSTE_29423_004_12SUB_20230914T022923_0710_01_height.tif,ECO_L2T_LSTE.002,ECOv002_L2T_LSTE_29423_004_12SUB_20230914T022923_0710_01_height.tif,2026-06-09,sha256:92eb5dbe7c3c9e691d9c157bde00e1b594f4190ebb421ed1016de964e3f7797d
https://data.lpdaac.earthdatacloud.nasa.gov/lp-prod-protected/ECO_L2T_LSTE.002/ECOv002_L2T_LSTE_29423_004_12SUB_20230914T022923_0710_01/ECOv002_L2T_LSTE_29423_004_12SUB_20230914T022923_0710_01_LST.tif,ECO_L2T_LSTE.002,ECOv002_L2T_LSTE_29423_004_12SUB_20230914T022923_0710_01_LST.tif,2026-06-09,sha256:baff1a6bb997f0d96603d1c2cf60ad279c88fb92b698f8b11357d5246e654d23
https://data.lpdaac.earthdatacloud.nasa.gov/lp-prod-protected/ECO_L2T_LSTE.002/ECOv002_L2T_LSTE_29423_004_12SUC_20230914T022923_0710_01/ECOv002_L2T_LSTE_29423_004_12SUC_20230914T022923_0710_01_water.tif,ECO_L2T_LSTE.002,ECOv002_L2T_LSTE_29423_004_12SUC_20230914T022923_0710_01_water.tif,2026-06-09,sha256:f8458efcd32e9b10abdc6f759df5b6a1f0d7f9b38e9e90520494e57767d2e43e
https://data.lpdaac.earthdatacloud.nasa.gov/lp-prod-protected/ECO_L2T_LSTE.002/ECOv002_L2T_LSTE_29423_004_12SUC_20230914T022923_0710_01/ECOv002_L2T_LSTE_29423_004_12SUC_20230914T022923_0710_01_cloud.tif,ECO_L2T_LSTE.002,ECOv002_L2T_LSTE_29423_004_12SUC_20230914T022923_0710_01_cloud.tif,2026-06-09,sha256:505cba823cc0f269e0c4bc97c5c87619a38c76dd51aac47cd9aef7923c7bf9e7
https://data.lpdaac.earthdatacloud.nasa.gov/lp-prod-protected/ECO_L2T_LSTE.002/ECOv002_L2T_LSTE_29423_004_12SUC_20230914T022923_0710_01/ECOv002_L2T_LSTE_29423_004_12SUC_20230914T022923_0710_01_height.tif,ECO_L2T_LSTE.002,ECOv002_L2T_LSTE_29423_004_12SUC_20230914T022923_0710_01_height.tif,2026-06-09,sha256:5fa446afef8b691c8c18dc6574983d643abd1076af3b0972a6ed83694313a1fc
https://data.lpdaac.earthdatacloud.nasa.gov/lp-prod-protected/ECO_L2T_LSTE.002/ECOv002_L2T_LSTE_29423_004_12SUC_20230914T022923_0710_01/ECOv002_L2T_LSTE_29423_004_12SUC_20230914T022923_0710_01_LST.tif,ECO_L2T_LSTE.002,ECOv002_L2T_LSTE_29423_004_12SUC_20230914T022923_0710_01_LST.tif,2026-06-09,sha256:50cdec39fce98520071ad967aa3fa8cee77af9236c6e87484cd0d97a12f4dbd5
https://data.lpdaac.earthdatacloud.nasa.gov/lp-prod-protected/ECO_L2T_LSTE.002/ECOv002_L2T_LSTE_29423_004_12SUC_20230914T022923_0710_01/ECOv002_L2T_LSTE_29423_004_12SUC_20230914T022923_0710_01_QC.tif,ECO_L2T_LSTE.002,ECOv002_L2T_LSTE_29423_004_12SUC_20230914T022923_0710_01_QC.tif,2026-06-09,sha256:94ebd484e3b042c47cff43379f9f9f84801dcc67fce88020c50053f663f7fdcf
https://data.lpdaac.earthdatacloud.nasa.gov/lp-prod-protected/ECO_L2T_LSTE.002/ECOv002_L2T_LSTE_29423_004_12SVC_20230914T022923_0710_01/ECOv002_L2T_LSTE_29423_004_12SVC_20230914T022923_0710_01_water.tif,ECO_L2T_LSTE.002,ECOv002_L2T_LSTE_29423_004_12SVC_20230914T022923_0710_01_water.tif,2026-06-09,sha256:1d4459627d8a9675ab12dadd21bb28d082bb0c3e171c8d12ccf24a99402fa5e7
https://data.lpdaac.earthdatacloud.nasa.gov/lp-prod-protected/ECO_L2T_LSTE.002/ECOv002_L2T_LSTE_29423_004_12SVC_20230914T022923_0710_01/ECOv002_L2T_LSTE_29423_004_12SVC_20230914T022923_0710_01_QC.tif,ECO_L2T_LSTE.002,ECOv002_L2T_LSTE_29423_004_12SVC_20230914T022923_0710_01_QC.tif,2026-06-09,sha256:4970ada0fc78e369d50a83a2df10ae8fa0bd9fcff1711ac4bb94a9c432caba69
https://data.lpdaac.earthdatacloud.nasa.gov/lp-prod-protected/ECO_L2T_LSTE.002/ECOv002_L2T_LSTE_29423_004_12SVC_20230914T022923_0710_01/ECOv002_L2T_LSTE_29423_004_12SVC_20230914T022923_0710_01_cloud.tif,ECO_L2T_LSTE.002,ECOv002_L2T_LSTE_29423_004_12SVC_20230914T022923_0710_01_cloud.tif,2026-06-09,sha256:7aa592db8421bd2cd69dd0622262daa4ed43dd74bdf433edd7f20e9ab06da4ce
https://data.lpdaac.earthdatacloud.nasa.gov/lp-prod-protected/ECO_L2T_LSTE.002/ECOv002_L2T_LSTE_29423_004_12SVC_20230914T022923_0710_01/ECOv002_L2T_LSTE_29423_004_12SVC_20230914T022923_0710_01_height.tif,ECO_L2T_LSTE.002,ECOv002_L2T_LSTE_29423_004_12SVC_20230914T022923_0710_01_height.tif,2026-06-09,sha256:a85c235408b59e10440bdd4bacd1ce8070f5ca846c6a62ba6a79701e00306e12
https://data.lpdaac.earthdatacloud.nasa.gov/lp-prod-protected/ECO_L2T_LSTE.002/ECOv002_L2T_LSTE_29423_004_12SVC_20230914T022923_0710_01/ECOv002_L2T_LSTE_29423_004_12SVC_20230914T022923_0710_01_LST.tif,ECO_L2T_LSTE.002,ECOv002_L2T_LSTE_29423_004_12SVC_20230914T022923_0710_01_LST.tif,2026-06-09,sha256:0254e3e32fa45452886b19e0480a03fadaf5c7aac500cdf87f3cf434fe5266b2
https://data.lpdaac.earthdatacloud.nasa.gov/lp-prod-protected/ECO_L2T_LSTE.002/ECOv002_L2T_LSTE_29423_004_12SVB_20230914T022923_0712_02/ECOv002_L2T_LSTE_29423_004_12SVB_20230914T022923_0712_02_water.tif,ECO_L2T_LSTE.002,ECOv002_L2T_LSTE_29423_004_12SVB_20230914T022923_0712_02_water.tif,2026-06-09,sha256:577ebaac56b50844c3d26a91d1e76a1822545d6b9506c453e95bf274cf453a32
https://data.lpdaac.earthdatacloud.nasa.gov/lp-prod-protected/ECO_L2T_LSTE.002/ECOv002_L2T_LSTE_29423_004_12SVB_20230914T022923_0712_02/ECOv002_L2T_LSTE_29423_004_12SVB_20230914T022923_0712_02_cloud.tif,ECO_L2T_LSTE.002,ECOv002_L2T_LSTE_29423_004_12SVB_20230914T022923_0712_02_cloud.tif,2026-06-09,sha256:e5c4fa92a73df60acf80a209d605974dc20304b84b6a58ac42c555188b243bb9
https://data.lpdaac.earthdatacloud.nasa.gov/lp-prod-protected/ECO_L2T_LSTE.002/ECOv002_L2T_LSTE_29423_004_12SVB_20230914T022923_0712_02/ECOv002_L2T_LSTE_29423_004_12SVB_20230914T022923_0712_02_height.tif,ECO_L2T_LSTE.002,ECOv002_L2T_LSTE_29423_004_12SVB_20230914T022923_0712_02_height.tif,2026-06-09,sha256:f4f7f16475d37973b679f0c8781e598556f1fe7adfd95e8c1ed7c46129a73400
https://data.lpdaac.earthdatacloud.nasa.gov/lp-prod-protected/ECO_L2T_LSTE.002/ECOv002_L2T_LSTE_29423_004_12SVB_20230914T022923_0712_02/ECOv002_L2T_LSTE_29423_004_12SVB_20230914T022923_0712_02_QC.tif,ECO_L2T_LSTE.002,ECOv002_L2T_LSTE_29423_004_12SVB_20230914T022923_0712_02_QC.tif,2026-06-09,sha256:d9d2d7a8a468c789381468e29321387948f12176017388ea22e36c025f72a8b0
https://data.lpdaac.earthdatacloud.nasa.gov/lp-prod-protected/ECO_L2T_LSTE.002/ECOv002_L2T_LSTE_29423_004_12SVB_20230914T022923_0712_02/ECOv002_L2T_LSTE_29423_004_12SVB_20230914T022923_0712_02_LST.tif,ECO_L2T_LSTE.002,ECOv002_L2T_LSTE_29423_004_12SVB_20230914T022923_0712_02_LST.tif,2026-06-09,sha256:17ef1f1f0953f5ab1d48f62abbf9b8591029efa34b0f322f659cbb0057fe8fca
https://data.lpdaac.earthdatacloud.nasa.gov/lp-prod-protected/ECO_L2T_LSTE.002/ECOv002_L2T_LSTE_29423_004_12SVC_20230914T022923_0712_02/ECOv002_L2T_LSTE_29423_004_12SVC_20230914T022923_0712_02_water.tif,ECO_L2T_LSTE.002,ECOv002_L2T_LSTE_29423_004_12SVC_20230914T022923_0712_02_water.tif,2026-06-09,sha256:1d4459627d8a9675ab12dadd21bb28d082bb0c3e171c8d12ccf24a99402fa5e7
https://data.lpdaac.earthdatacloud.nasa.gov/lp-prod-protected/ECO_L2T_LSTE.002/ECOv002_L2T_LSTE_29423_004_12SVC_20230914T022923_0712_02/ECOv002_L2T_LSTE_29423_004_12SVC_20230914T022923_0712_02_cloud.tif,ECO_L2T_LSTE.002,ECOv002_L2T_LSTE_29423_004_12SVC_20230914T022923_0712_02_cloud.tif,2026-06-09,sha256:5560f7ee1f95455c1772b8d60a5c855f7cd217473c4178e287d2f2e1b98d38ab
https://data.lpdaac.earthdatacloud.nasa.gov/lp-prod-protected/ECO_L2T_LSTE.002/ECOv002_L2T_LSTE_29423_004_12SVC_20230914T022923_0712_02/ECOv002_L2T_LSTE_29423_004_12SVC_20230914T022923_0712_02_height.tif,ECO_L2T_LSTE.002,ECOv002_L2T_LSTE_29423_004_12SVC_20230914T022923_0712_02_height.tif,2026-06-09,sha256:136438ba5775f1bcbfbe809b44fc3eb8b7441acb081c7599b5dc03b69844c080
https://data.lpdaac.earthdatacloud.nasa.gov/lp-prod-protected/ECO_L2T_LSTE.002/ECOv002_L2T_LSTE_29423_004_12SVC_20230914T022923_0712_02/ECOv002_L2T_LSTE_29423_004_12SVC_20230914T022923_0712_02_QC.tif,ECO_L2T_LSTE.002,ECOv002_L2T_LSTE_29423_004_12SVC_20230914T022923_0712_02_QC.tif,2026-06-09,sha256:0e0c6adb0a905db0d9d642c6624dcbf0ebded03f74653a25e42be05237e81ae6
https://data.lpdaac.earthdatacloud.nasa.gov/lp-prod-protected/ECO_L2T_LSTE.002/ECOv002_L2T_LSTE_29423_004_12SVC_20230914T022923_0712_02/ECOv002_L2T_LSTE_29423_004_12SVC_20230914T022923_0712_02_LST.tif,ECO_L2T_LSTE.002,ECOv002_L2T_LSTE_29423_004_12SVC_20230914T022923_0712_02_LST.tif,2026-06-09,sha256:1d2c37659fab2db0fc8806253e060a99ccf16f6cbe7b474f1695ab9a2ec2f7a9
https://data.lpdaac.earthdatacloud.nasa.gov/lp-prod-protected/ECO_L2T_LSTE.002/ECOv002_L2T_LSTE_29423_004_12SUB_20230914T022923_0712_02/ECOv002_L2T_LSTE_29423_004_12SUB_20230914T022923_0712_02_water.tif,ECO_L2T_LSTE.002,ECOv002_L2T_LSTE_29423_004_12SUB_20230914T022923_0712_02_water.tif,2026-06-09,sha256:cea37aa1ba16cb1ea83b350f8f29a8bd7774e76bd21d98b5f32258f949c679ec
https://data.lpdaac.earthdatacloud.nasa.gov/lp-prod-protected/ECO_L2T_LSTE.002/ECOv002_L2T_LSTE_29423_004_12SUB_20230914T022923_0712_02/ECOv002_L2T_LSTE_29423_004_12SUB_20230914T022923_0712_02_cloud.tif,ECO_L2T_LSTE.002,ECOv002_L2T_LSTE_29423_004_12SUB_20230914T022923_0712_02_cloud.tif,2026-06-09,sha256:e609ac0c4490c1aa0906c25888fcf83fe0c02fe754c17574a1285c30e0aa1620
https://data.lpdaac.earthdatacloud.nasa.gov/lp-prod-protected/ECO_L2T_LSTE.002/ECOv002_L2T_LSTE_29423_004_12SUB_20230914T022923_0712_02/ECOv002_L2T_LSTE_29423_004_12SUB_20230914T022923_0712_02_height.tif,ECO_L2T_LSTE.002,ECOv002_L2T_LSTE_29423_004_12SUB_20230914T022923_0712_02_height.tif,2026-06-09,sha256:2e3e285502e88e3ae1351cc6b054bade5c41a4ad6a64bb2e857e42db17fdf593
https://data.lpdaac.earthdatacloud.nasa.gov/lp-prod-protected/ECO_L2T_LSTE.002/ECOv002_L2T_LSTE_29423_004_12SUB_20230914T022923_0712_02/ECOv002_L2T_LSTE_29423_004_12SUB_20230914T022923_0712_02_QC.tif,ECO_L2T_LSTE.002,ECOv002_L2T_LSTE_29423_004_12SUB_20230914T022923_0712_02_QC.tif,2026-06-09,sha256:7a0722b0fd56f88c94c1c37308cc046b0d430f292cbeaf2f88a4d5ae90196334
https://data.lpdaac.earthdatacloud.nasa.gov/lp-prod-protected/ECO_L2T_LSTE.002/ECOv002_L2T_LSTE_29423_004_12SUB_20230914T022923_0712_02/ECOv002_L2T_LSTE_29423_004_12SUB_20230914T022923_0712_02_LST.tif,ECO_L2T_LSTE.002,ECOv002_L2T_LSTE_29423_004_12SUB_20230914T022923_0712_02_LST.tif,2026-06-09,sha256:abfa4c941c9bfc9107b76a66943923cd65486e2002449a4d6e34d4a2e3f368d2
https://data.lpdaac.earthdatacloud.nasa.gov/lp-prod-protected/ECO_L2T_LSTE.002/ECOv002_L2T_LSTE_29423_004_12SUC_20230914T022923_0712_02/ECOv002_L2T_LSTE_29423_004_12SUC_20230914T022923_0712_02_water.tif,ECO_L2T_LSTE.002,ECOv002_L2T_LSTE_29423_004_12SUC_20230914T022923_0712_02_water.tif,2026-06-09,sha256:9c1019bcfd4af6566a1a5e403a882fb845d92f07dca09701062a4602873f9a58
https://data.lpdaac.earthdatacloud.nasa.gov/lp-prod-protected/ECO_L2T_LSTE.002/ECOv002_L2T_LSTE_29423_004_12SUC_20230914T022923_0712_02/ECOv002_L2T_LSTE_29423_004_12SUC_20230914T022923_0712_02_cloud.tif,ECO_L2T_LSTE.002,ECOv002_L2T_LSTE_29423_004_12SUC_20230914T022923_0712_02_cloud.tif,2026-06-09,sha256:f10697aa075444911871db7b62058dcc6c0efdb3df2686f4d5e668be03ba5ea4
https://data.lpdaac.earthdatacloud.nasa.gov/lp-prod-protected/ECO_L2T_LSTE.002/ECOv002_L2T_LSTE_29423_004_12SUC_20230914T022923_0712_02/ECOv002_L2T_LSTE_29423_004_12SUC_20230914T022923_0712_02_height.tif,ECO_L2T_LSTE.002,ECOv002_L2T_LSTE_29423_004_12SUC_20230914T022923_0712_02_height.tif,2026-06-09,sha256:eaff30aa710c90e471c220602a7cae90b028aa7e25ff0d4f55bcd87d9886977d
https://data.lpdaac.earthdatacloud.nasa.gov/lp-prod-protected/ECO_L2T_LSTE.002/ECOv002_L2T_LSTE_29423_004_12SUC_20230914T022923_0712_02/ECOv002_L2T_LSTE_29423_004_12SUC_20230914T022923_0712_02_QC.tif,ECO_L2T_LSTE.002,ECOv002_L2T_LSTE_29423_004_12SUC_20230914T022923_0712_02_QC.tif,2026-06-09,sha256:c09c7bac3d73fff2c6ecf3e342f2380b82e3ddd277d9b0ddeeeacb54b29ac715
https://data.lpdaac.earthdatacloud.nasa.gov/lp-prod-protected/ECO_L2T_LSTE.002/ECOv002_L2T_LSTE_29423_004_12SUC_20230914T022923_0712_02/ECOv002_L2T_LSTE_29423_004_12SUC_20230914T022923_0712_02_LST.tif,ECO_L2T_LSTE.002,ECOv002_L2T_LSTE_29423_004_12SUC_20230914T022923_0712_02_LST.tif,2026-06-09,sha256:e1d176cbb95a3afe2efdacc746b0b3d42d937047fc210ec4ad685b3b64c0dcd6
https://data.lpdaac.earthdatacloud.nasa.gov/lp-prod-protected/ECO_L2T_LSTE.002/ECOv002_L2T_LSTE_29423_005_12SVC_20230914T023015_0710_01/ECOv002_L2T_LSTE_29423_005_12SVC_20230914T023015_0710_01_water.tif,ECO_L2T_LSTE.002,ECOv002_L2T_LSTE_29423_005_12SVC_20230914T023015_0710_01_water.tif,2026-06-09,sha256:f658ffc6f20a745f70be936fcd6aa6796107c6d41692f1d3a0e05d822284bf95
https://data.lpdaac.earthdatacloud.nasa.gov/lp-prod-protected/ECO_L2T_LSTE.002/ECOv002_L2T_LSTE_29423_005_12SVC_20230914T023015_0710_01/ECOv002_L2T_LSTE_29423_005_12SVC_20230914T023015_0710_01_QC.tif,ECO_L2T_LSTE.002,ECOv002_L2T_LSTE_29423_005_12SVC_20230914T023015_0710_01_QC.tif,2026-06-09,sha256:b2ab04008c4ffa41253ac1d4be1300d8e0d08f831843757457a3167b217be783
https://data.lpdaac.earthdatacloud.nasa.gov/lp-prod-protected/ECO_L2T_LSTE.002/ECOv002_L2T_LSTE_29423_005_12SVC_20230914T023015_0710_01/ECOv002_L2T_LSTE_29423_005_12SVC_20230914T023015_0710_01_cloud.tif,ECO_L2T_LSTE.002,ECOv002_L2T_LSTE_29423_005_12SVC_20230914T023015_0710_01_cloud.tif,2026-06-09,sha256:d4a0128f7abca3282016f53c8954bca32881486178ce6159c8ae25cd2e69f670
https://data.lpdaac.earthdatacloud.nasa.gov/lp-prod-protected/ECO_L2T_LSTE.002/ECOv002_L2T_LSTE_29423_005_12SVC_20230914T023015_0710_01/ECOv002_L2T_LSTE_29423_005_12SVC_20230914T023015_0710_01_height.tif,ECO_L2T_LSTE.002,ECOv002_L2T_LSTE_29423_005_12SVC_20230914T023015_0710_01_height.tif,2026-06-09,sha256:78c3c355ff43ac4d128c7fe7f0c5aea25bde470b43e34128299a3d938c49606f
https://data.lpdaac.earthdatacloud.nasa.gov/lp-prod-protected/ECO_L2T_LSTE.002/ECOv002_L2T_LSTE_29423_005_12SVC_20230914T023015_0710_01/ECOv002_L2T_LSTE_29423_005_12SVC_20230914T023015_0710_01_LST.tif,ECO_L2T_LSTE.002,ECOv002_L2T_LSTE_29423_005_12SVC_20230914T023015_0710_01_LST.tif,2026-06-09,sha256:c38efacdf76401682c69dd66861f3ef05d2eb76e13fc690c5face186052d39b6
https://data.lpdaac.earthdatacloud.nasa.gov/lp-prod-protected/ECO_L2T_LSTE.002/ECOv002_L2T_LSTE_29423_005_12SUC_20230914T023015_0710_01/ECOv002_L2T_LSTE_29423_005_12SUC_20230914T023015_0710_01_water.tif,ECO_L2T_LSTE.002,ECOv002_L2T_LSTE_29423_005_12SUC_20230914T023015_0710_01_water.tif,2026-06-09,sha256:a6d8a829d7ff918a4ae85888e4e162a7755f5bf37e7630dcc5dc8d64c664122e
https://data.lpdaac.earthdatacloud.nasa.gov/lp-prod-protected/ECO_L2T_LSTE.002/ECOv002_L2T_LSTE_29423_005_12SUC_20230914T023015_0710_01/ECOv002_L2T_LSTE_29423_005_12SUC_20230914T023015_0710_01_QC.tif,ECO_L2T_LSTE.002,ECOv002_L2T_LSTE_29423_005_12SUC_20230914T023015_0710_01_QC.tif,2026-06-09,sha256:8d9f2e63662cc73818ddebe98966220e8f5e7a3e199e879e64dbb4837c7a8862
https://data.lpdaac.earthdatacloud.nasa.gov/lp-prod-protected/ECO_L2T_LSTE.002/ECOv002_L2T_LSTE_29423_005_12SUC_20230914T023015_0710_01/ECOv002_L2T_LSTE_29423_005_12SUC_20230914T023015_0710_01_cloud.tif,ECO_L2T_LSTE.002,ECOv002_L2T_LSTE_29423_005_12SUC_20230914T023015_0710_01_cloud.tif,2026-06-09,sha256:e29db66fa0d2982b03e9102d3a2b3679727dfb5e39b5fd749e2bc76829edfa53
https://data.lpdaac.earthdatacloud.nasa.gov/lp-prod-protected/ECO_L2T_LSTE.002/ECOv002_L2T_LSTE_29423_005_12SUC_20230914T023015_0710_01/ECOv002_L2T_LSTE_29423_005_12SUC_20230914T023015_0710_01_height.tif,ECO_L2T_LSTE.002,ECOv002_L2T_LSTE_29423_005_12SUC_20230914T023015_0710_01_height.tif,2026-06-09,sha256:29fde0a18976caa78511133ca777e53f040a27213e7f62dada548e5ac1afac80
https://data.lpdaac.earthdatacloud.nasa.gov/lp-prod-protected/ECO_L2T_LSTE.002/ECOv002_L2T_LSTE_29423_005_12SUC_20230914T023015_0710_01/ECOv002_L2T_LSTE_29423_005_12SUC_20230914T023015_0710_01_LST.tif,ECO_L2T_LSTE.002,ECOv002_L2T_LSTE_29423_005_12SUC_20230914T023015_0710_01_LST.tif,2026-06-09,sha256:81595cbcb675d7275580c28bec4f60a923722245283bd731c86ad9d4a7c64a42
https://data.lpdaac.earthdatacloud.nasa.gov/lp-prod-protected/ECO_L2T_LSTE.002/ECOv002_L2T_LSTE_29423_005_12SVB_20230914T023015_0710_01/ECOv002_L2T_LSTE_29423_005_12SVB_20230914T023015_0710_01_water.tif,ECO_L2T_LSTE.002,ECOv002_L2T_LSTE_29423_005_12SVB_20230914T023015_0710_01_water.tif,2026-06-09,sha256:5330bdd59b721b9812d2cfacc468382dac52d2fcd60ace86d0589db82a6d4135
https://data.lpdaac.earthdatacloud.nasa.gov/lp-prod-protected/ECO_L2T_LSTE.002/ECOv002_L2T_LSTE_29423_005_12SVB_20230914T023015_0710_01/ECOv002_L2T_LSTE_29423_005_12SVB_20230914T023015_0710_01_QC.tif,ECO_L2T_LSTE.002,ECOv002_L2T_LSTE_29423_005_12SVB_20230914T023015_0710_01_QC.tif,2026-06-09,sha256:f173f663f19a94beea5123965f3263a0b06feb6cb42a2da855ca8cfe051173d8
https://data.lpdaac.earthdatacloud.nasa.gov/lp-prod-protected/ECO_L2T_LSTE.002/ECOv002_L2T_LSTE_29423_005_12SVB_20230914T023015_0710_01/ECOv002_L2T_LSTE_29423_005_12SVB_20230914T023015_0710_01_cloud.tif,ECO_L2T_LSTE.002,ECOv002_L2T_LSTE_29423_005_12SVB_20230914T023015_0710_01_cloud.tif,2026-06-09,sha256:86ae3ce12e230734d4553d3ae4fcbb2fe53dcfb421472b9ae0fb3f2c85fdc436
https://data.lpdaac.earthdatacloud.nasa.gov/lp-prod-protected/ECO_L2T_LSTE.002/ECOv002_L2T_LSTE_29423_005_12SVB_20230914T023015_0710_01/ECOv002_L2T_LSTE_29423_005_12SVB_20230914T023015_0710_01_height.tif,ECO_L2T_LSTE.002,ECOv002_L2T_LSTE_29423_005_12SVB_20230914T023015_0710_01_height.tif,2026-06-09,sha256:64ed1ad451a214f9b954a6621523fd36377d6e3e58578ef8fa3d2d4b97bdf989
https://data.lpdaac.earthdatacloud.nasa.gov/lp-prod-protected/ECO_L2T_LSTE.002/ECOv002_L2T_LSTE_29423_005_12SVB_20230914T023015_0710_01/ECOv002_L2T_LSTE_29423_005_12SVB_20230914T023015_0710_01_LST.tif,ECO_L2T_LSTE.002,ECOv002_L2T_LSTE_29423_005_12SVB_20230914T023015_0710_01_LST.tif,2026-06-09,sha256:0a4351c38c21d36278706a28ab4bd720ce2029f44a1b01ac0653211cc8d13ae3
https://data.lpdaac.earthdatacloud.nasa.gov/lp-prod-protected/ECO_L2T_LSTE.002/ECOv002_L2T_LSTE_29423_005_12SVC_20230914T023015_0712_02/ECOv002_L2T_LSTE_29423_005_12SVC_20230914T023015_0712_02_water.tif,ECO_L2T_LSTE.002,ECOv002_L2T_LSTE_29423_005_12SVC_20230914T023015_0712_02_water.tif,2026-06-09,sha256:cd08b2d2c5da5a311f95530352849ec69e309a6ce48379114c31559a4e99460b
https://data.lpdaac.earthdatacloud.nasa.gov/lp-prod-protected/ECO_L2T_LSTE.002/ECOv002_L2T_LSTE_29423_005_12SVC_20230914T023015_0712_02/ECOv002_L2T_LSTE_29423_005_12SVC_20230914T023015_0712_02_cloud.tif,ECO_L2T_LSTE.002,ECOv002_L2T_LSTE_29423_005_12SVC_20230914T023015_0712_02_cloud.tif,2026-06-09,sha256:f8260dc398b04998bfc50059ecc4640bb3a87af0cf0dbec4a2c3f0bbcc680bc1
https://data.lpdaac.earthdatacloud.nasa.gov/lp-prod-protected/ECO_L2T_LSTE.002/ECOv002_L2T_LSTE_29423_005_12SVC_20230914T023015_0712_02/ECOv002_L2T_LSTE_29423_005_12SVC_20230914T023015_0712_02_height.tif,ECO_L2T_LSTE.002,ECOv002_L2T_LSTE_29423_005_12SVC_20230914T023015_0712_02_height.tif,2026-06-09,sha256:2cb3075ddc3fc158dc2c9df9464b5d81d4b67583d0b6f5d63b2b15ce32c431b1
https://data.lpdaac.earthdatacloud.nasa.gov/lp-prod-protected/ECO_L2T_LSTE.002/ECOv002_L2T_LSTE_29423_005_12SVC_20230914T023015_0712_02/ECOv002_L2T_LSTE_29423_005_12SVC_20230914T023015_0712_02_QC.tif,ECO_L2T_LSTE.002,ECOv002_L2T_LSTE_29423_005_12SVC_20230914T023015_0712_02_QC.tif,2026-06-09,sha256:a90384f9679f7b844ae9dc89129589fced49f5a97fab7fb011e382b28d6e96d7
https://data.lpdaac.earthdatacloud.nasa.gov/lp-prod-protected/ECO_L2T_LSTE.002/ECOv002_L2T_LSTE_29423_005_12SVC_20230914T023015_0712_02/ECOv002_L2T_LSTE_29423_005_12SVC_20230914T023015_0712_02_LST.tif,ECO_L2T_LSTE.002,ECOv002_L2T_LSTE_29423_005_12SVC_20230914T023015_0712_02_LST.tif,2026-06-09,sha256:81db7afaaf3b551829af604b4bce6940808e7f01cc5d8e816be1da73caa837de
https://data.lpdaac.earthdatacloud.nasa.gov/lp-prod-protected/ECO_L2T_LSTE.002/ECOv002_L2T_LSTE_29423_005_12SUC_20230914T023015_0712_02/ECOv002_L2T_LSTE_29423_005_12SUC_20230914T023015_0712_02_water.tif,ECO_L2T_LSTE.002,ECOv002_L2T_LSTE_29423_005_12SUC_20230914T023015_0712_02_water.tif,2026-06-09,sha256:59942de0e8e0869b0e58cd4a36eb2845f350b1bdc4b5b33c501abed7e0123a33
https://data.lpdaac.earthdatacloud.nasa.gov/lp-prod-protected/ECO_L2T_LSTE.002/ECOv002_L2T_LSTE_29423_005_12SUC_20230914T023015_0712_02/ECOv002_L2T_LSTE_29423_005_12SUC_20230914T023015_0712_02_cloud.tif,ECO_L2T_LSTE.002,ECOv002_L2T_LSTE_29423_005_12SUC_20230914T023015_0712_02_cloud.tif,2026-06-09,sha256:0a3394e1b9a49531ec838d08844a26899c18d55cb1ba16fbb5b2d2d7f0a8c7ec
https://data.lpdaac.earthdatacloud.nasa.gov/lp-prod-protected/ECO_L2T_LSTE.002/ECOv002_L2T_LSTE_29423_005_12SUC_20230914T023015_0712_02/ECOv002_L2T_LSTE_29423_005_12SUC_20230914T023015_0712_02_height.tif,ECO_L2T_LSTE.002,ECOv002_L2T_LSTE_29423_005_12SUC_20230914T023015_0712_02_height.tif,2026-06-09,sha256:c1f1168630f6b4bac723b4ddb133a54bc906a61dd81a8bcdd46c29ea31a2fe96
https://data.lpdaac.earthdatacloud.nasa.gov/lp-prod-protected/ECO_L2T_LSTE.002/ECOv002_L2T_LSTE_29423_005_12SUC_20230914T023015_0712_02/ECOv002_L2T_LSTE_29423_005_12SUC_20230914T023015_0712_02_QC.tif,ECO_L2T_LSTE.002,ECOv002_L2T_LSTE_29423_005_12SUC_20230914T023015_0712_02_QC.tif,2026-06-09,sha256:49b8cb63ca38dcfc44d1787a76e920fd78f5a78e43a0c42fd7f9ad82de8cfa75
https://data.lpdaac.earthdatacloud.nasa.gov/lp-prod-protected/ECO_L2T_LSTE.002/ECOv002_L2T_LSTE_29423_005_12SUC_20230914T023015_0712_02/ECOv002_L2T_LSTE_29423_005_12SUC_20230914T023015_0712_02_LST.tif,ECO_L2T_LSTE.002,ECOv002_L2T_LSTE_29423_005_12SUC_20230914T023015_0712_02_LST.tif,2026-06-09,sha256:d78b28aed99b95caab140662a4ed6a83dc545e3df788c6819641cd794b190ef2
https://data.lpdaac.earthdatacloud.nasa.gov/lp-prod-protected/ECO_L2T_LSTE.002/ECOv002_L2T_LSTE_29423_005_12SVB_20230914T023015_0712_02/ECOv002_L2T_LSTE_29423_005_12SVB_20230914T023015_0712_02_water.tif,ECO_L2T_LSTE.002,ECOv002_L2T_LSTE_29423_005_12SVB_20230914T023015_0712_02_water.tif,2026-06-09,sha256:5330bdd59b721b9812d2cfacc468382dac52d2fcd60ace86d0589db82a6d4135
https://data.lpdaac.earthdatacloud.nasa.gov/lp-prod-protected/ECO_L2T_LSTE.002/ECOv002_L2T_LSTE_29423_005_12SVB_20230914T023015_0712_02/ECOv002_L2T_LSTE_29423_005_12SVB_20230914T023015_0712_02_cloud.tif,ECO_L2T_LSTE.002,ECOv002_L2T_LSTE_29423_005_12SVB_20230914T023015_0712_02_cloud.tif,2026-06-09,sha256:8b036c88a5f18023a2fcdbb2cffbb88fa72ca7fe74b74da90f250745381cb0e1
https://data.lpdaac.earthdatacloud.nasa.gov/lp-prod-protected/ECO_L2T_LSTE.002/ECOv002_L2T_LSTE_29423_005_12SVB_20230914T023015_0712_02/ECOv002_L2T_LSTE_29423_005_12SVB_20230914T023015_0712_02_height.tif,ECO_L2T_LSTE.002,ECOv002_L2T_LSTE_29423_005_12SVB_20230914T023015_0712_02_height.tif,2026-06-09,sha256:0c5a03edacedcc4c875b6e0a6743851860617ec2ebd244feb134dcc82d86eb1e
https://data.lpdaac.earthdatacloud.nasa.gov/lp-prod-protected/ECO_L2T_LSTE.002/ECOv002_L2T_LSTE_29423_005_12SVB_20230914T023015_0712_02/ECOv002_L2T_LSTE_29423_005_12SVB_20230914T023015_0712_02_QC.tif,ECO_L2T_LSTE.002,ECOv002_L2T_LSTE_29423_005_12SVB_20230914T023015_0712_02_QC.tif,2026-06-09,sha256:0e7404b3e753f6666fc688b8850400e51dc2b6061a39c21aa9faf5ba9589d649
https://data.lpdaac.earthdatacloud.nasa.gov/lp-prod-protected/ECO_L2T_LSTE.002/ECOv002_L2T_LSTE_29423_005_12SVB_20230914T023015_0712_02/ECOv002_L2T_LSTE_29423_005_12SVB_20230914T023015_0712_02_LST.tif,ECO_L2T_LSTE.002,ECOv002_L2T_LSTE_29423_005_12SVB_20230914T023015_0712_02_LST.tif,2026-06-09,sha256:890f15641d3360b2754ed993eda7193f49a5218c5a2b6c6a85bcd169a1725065
https://data.lpdaac.earthdatacloud.nasa.gov/lp-prod-protected/ECO_L2T_LSTE.002/ECOv002_L2T_LSTE_29443_012_12SUB_20230915T095015_0710_01/ECOv002_L2T_LSTE_29443_012_12SUB_20230915T095015_0710_01_water.tif,ECO_L2T_LSTE.002,ECOv002_L2T_LSTE_29443_012_12SUB_20230915T095015_0710_01_water.tif,2026-06-09,sha256:e76ce3f8f33c86099334374d8b823584923ab1ac7a224828ec66b56f26231493
https://data.lpdaac.earthdatacloud.nasa.gov/lp-prod-protected/ECO_L2T_LSTE.002/ECOv002_L2T_LSTE_29443_012_12SUB_20230915T095015_0710_01/ECOv002_L2T_LSTE_29443_012_12SUB_20230915T095015_0710_01_QC.tif,ECO_L2T_LSTE.002,ECOv002_L2T_LSTE_29443_012_12SUB_20230915T095015_0710_01_QC.tif,2026-06-09,sha256:6777ef72a69df7c711408a52c10fc5d1b1e3b3a0e10ee6c858e5846c01e4be14
https://data.lpdaac.earthdatacloud.nasa.gov/lp-prod-protected/ECO_L2T_LSTE.002/ECOv002_L2T_LSTE_29443_012_12SUB_20230915T095015_0710_01/ECOv002_L2T_LSTE_29443_012_12SUB_20230915T095015_0710_01_cloud.tif,ECO_L2T_LSTE.002,ECOv002_L2T_LSTE_29443_012_12SUB_20230915T095015_0710_01_cloud.tif,2026-06-09,sha256:83c4258bad96a04dcbd2ed67252a9c796ec2cd6f1245e90a5c5109a03d651a0b
https://data.lpdaac.earthdatacloud.nasa.gov/lp-prod-protected/ECO_L2T_LSTE.002/ECOv002_L2T_LSTE_29443_012_12SUB_20230915T095015_0710_01/ECOv002_L2T_LSTE_29443_012_12SUB_20230915T095015_0710_01_height.tif,ECO_L2T_LSTE.002,ECOv002_L2T_LSTE_29443_012_12SUB_20230915T095015_0710_01_height.tif,2026-06-09,sha256:4d646ed07c2239ecd9f19f9c41ccde172e1183d17ba2228034eab08ee4725ee8
https://data.lpdaac.earthdatacloud.nasa.gov/lp-prod-protected/ECO_L2T_LSTE.002/ECOv002_L2T_LSTE_29443_012_12SUB_20230915T095015_0710_01/ECOv002_L2T_LSTE_29443_012_12SUB_20230915T095015_0710_01_LST.tif,ECO_L2T_LSTE.002,ECOv002_L2T_LSTE_29443_012_12SUB_20230915T095015_0710_01_LST.tif,2026-06-09,sha256:79fd881f9ca41d0d9129882f7b637d119137328fba12d3fdddd0f0975c23d392
https://data.lpdaac.earthdatacloud.nasa.gov/lp-prod-protected/ECO_L2T_LSTE.002/ECOv002_L2T_LSTE_29443_012_12SUC_20230915T095015_0710_01/ECOv002_L2T_LSTE_29443_012_12SUC_20230915T095015_0710_01_water.tif,ECO_L2T_LSTE.002,ECOv002_L2T_LSTE_29443_012_12SUC_20230915T095015_0710_01_water.tif,2026-06-09,sha256:fbdb1f92450766405e5b470fdf399e773d1321c8940e52e71e0d02a2f2ccc04f
https://data.lpdaac.earthdatacloud.nasa.gov/lp-prod-protected/ECO_L2T_LSTE.002/ECOv002_L2T_LSTE_29443_012_12SUC_20230915T095015_0710_01/ECOv002_L2T_LSTE_29443_012_12SUC_20230915T095015_0710_01_QC.tif,ECO_L2T_LSTE.002,ECOv002_L2T_LSTE_29443_012_12SUC_20230915T095015_0710_01_QC.tif,2026-06-09,sha256:9679a69d3ee64811db8a37b6beec1111179df314d05c8d8581cb6598970522f3
https://data.lpdaac.earthdatacloud.nasa.gov/lp-prod-protected/ECO_L2T_LSTE.002/ECOv002_L2T_LSTE_29443_012_12SUC_20230915T095015_0710_01/ECOv002_L2T_LSTE_29443_012_12SUC_20230915T095015_0710_01_cloud.tif,ECO_L2T_LSTE.002,ECOv002_L2T_LSTE_29443_012_12SUC_20230915T095015_0710_01_cloud.tif,2026-06-09,sha256:2ff2f5740e76e7d0206a6c67f4833626a96b429f99c73a3d913e7d2de46a4a4b
https://data.lpdaac.earthdatacloud.nasa.gov/lp-prod-protected/ECO_L2T_LSTE.002/ECOv002_L2T_LSTE_29443_012_12SUC_20230915T095015_0710_01/ECOv002_L2T_LSTE_29443_012_12SUC_20230915T095015_0710_01_height.tif,ECO_L2T_LSTE.002,ECOv002_L2T_LSTE_29443_012_12SUC_20230915T095015_0710_01_height.tif,2026-06-09,sha256:3374f119209135ba5df92b64f30213e92396483834c90f2154bffa888735822c
https://data.lpdaac.earthdatacloud.nasa.gov/lp-prod-protected/ECO_L2T_LSTE.002/ECOv002_L2T_LSTE_29443_012_12SUC_20230915T095015_0710_01/ECOv002_L2T_LSTE_29443_012_12SUC_20230915T095015_0710_01_LST.tif,ECO_L2T_LSTE.002,ECOv002_L2T_LSTE_29443_012_12SUC_20230915T095015_0710_01_LST.tif,2026-06-09,sha256:c7a1f84111ddd81eb271e4eaced63ea69db0e31fd34a7707242130f61ce42cc3
https://data.lpdaac.earthdatacloud.nasa.gov/lp-prod-protected/ECO_L2T_LSTE.002/ECOv002_L2T_LSTE_29443_012_12SVC_20230915T095015_0710_01/ECOv002_L2T_LSTE_29443_012_12SVC_20230915T095015_0710_01_water.tif,ECO_L2T_LSTE.002,ECOv002_L2T_LSTE_29443_012_12SVC_20230915T095015_0710_01_water.tif,2026-06-09,sha256:1d4459627d8a9675ab12dadd21bb28d082bb0c3e171c8d12ccf24a99402fa5e7
https://data.lpdaac.earthdatacloud.nasa.gov/lp-prod-protected/ECO_L2T_LSTE.002/ECOv002_L2T_LSTE_29443_012_12SVC_20230915T095015_0710_01/ECOv002_L2T_LSTE_29443_012_12SVC_20230915T095015_0710_01_QC.tif,ECO_L2T_LSTE.002,ECOv002_L2T_LSTE_29443_012_12SVC_20230915T095015_0710_01_QC.tif,2026-06-09,sha256:5877d34b9b4ce65f9e75fe6ddd5ca8f188b16c749e119de344a7941b677a6a2c
https://data.lpdaac.earthdatacloud.nasa.gov/lp-prod-protected/ECO_L2T_LSTE.002/ECOv002_L2T_LSTE_29443_012_12SVC_20230915T095015_0710_01/ECOv002_L2T_LSTE_29443_012_12SVC_20230915T095015_0710_01_cloud.tif,ECO_L2T_LSTE.002,ECOv002_L2T_LSTE_29443_012_12SVC_20230915T095015_0710_01_cloud.tif,2026-06-09,sha256:064263f2e1dd98884aeb917a46a2a023a0265d61f0347b1b05d346017de18936
https://data.lpdaac.earthdatacloud.nasa.gov/lp-prod-protected/ECO_L2T_LSTE.002/ECOv002_L2T_LSTE_29443_012_12SVC_20230915T095015_0710_01/ECOv002_L2T_LSTE_29443_012_12SVC_20230915T095015_0710_01_height.tif,ECO_L2T_LSTE.002,ECOv002_L2T_LSTE_29443_012_12SVC_20230915T095015_0710_01_height.tif,2026-06-09,sha256:d8a7eefd6c826b0fceb85de11afd3214602ec8beb954131ed612c6ac2a795131
https://data.lpdaac.earthdatacloud.nasa.gov/lp-prod-protected/ECO_L2T_LSTE.002/ECOv002_L2T_LSTE_29443_012_12SVC_20230915T095015_0710_01/ECOv002_L2T_LSTE_29443_012_12SVC_20230915T095015_0710_01_LST.tif,ECO_L2T_LSTE.002,ECOv002_L2T_LSTE_29443_012_12SVC_20230915T095015_0710_01_LST.tif,2026-06-09,sha256:1fc8db886d776722a13de38db47ada148de5503ede9c1086d9567beefd4e90aa
https://data.lpdaac.earthdatacloud.nasa.gov/lp-prod-protected/ECO_L2T_LSTE.002/ECOv002_L2T_LSTE_29443_012_12SVC_20230915T095015_0712_02/ECOv002_L2T_LSTE_29443_012_12SVC_20230915T095015_0712_02_water.tif,ECO_L2T_LSTE.002,ECOv002_L2T_LSTE_29443_012_12SVC_20230915T095015_0712_02_water.tif,2026-06-09,sha256:1d4459627d8a9675ab12dadd21bb28d082bb0c3e171c8d12ccf24a99402fa5e7
https://data.lpdaac.earthdatacloud.nasa.gov/lp-prod-protected/ECO_L2T_LSTE.002/ECOv002_L2T_LSTE_29443_012_12SVC_20230915T095015_0712_02/ECOv002_L2T_LSTE_29443_012_12SVC_20230915T095015_0712_02_cloud.tif,ECO_L2T_LSTE.002,ECOv002_L2T_LSTE_29443_012_12SVC_20230915T095015_0712_02_cloud.tif,2026-06-09,sha256:0dcbab14e96209514716880676c3dd1f94d9d5f538efd56042dd9262e86d3ed9
https://data.lpdaac.earthdatacloud.nasa.gov/lp-prod-protected/ECO_L2T_LSTE.002/ECOv002_L2T_LSTE_29443_012_12SVC_20230915T095015_0712_02/ECOv002_L2T_LSTE_29443_012_12SVC_20230915T095015_0712_02_height.tif,ECO_L2T_LSTE.002,ECOv002_L2T_LSTE_29443_012_12SVC_20230915T095015_0712_02_height.tif,2026-06-09,sha256:fb34005312e249725e22e89d55c2b5421e15388232e6f19dbde9a4bbda506d89
https://data.lpdaac.earthdatacloud.nasa.gov/lp-prod-protected/ECO_L2T_LSTE.002/ECOv002_L2T_LSTE_29443_012_12SVC_20230915T095015_0712_02/ECOv002_L2T_LSTE_29443_012_12SVC_20230915T095015_0712_02_QC.tif,ECO_L2T_LSTE.002,ECOv002_L2T_LSTE_29443_012_12SVC_20230915T095015_0712_02_QC.tif,2026-06-09,sha256:6991db5bf2dab937a38b269ab947fe6f29496f84d5d6d264fa13ba1857d7e37b
https://data.lpdaac.earthdatacloud.nasa.gov/lp-prod-protected/ECO_L2T_LSTE.002/ECOv002_L2T_LSTE_29443_012_12SVC_20230915T095015_0712_02/ECOv002_L2T_LSTE_29443_012_12SVC_20230915T095015_0712_02_LST.tif,ECO_L2T_LSTE.002,ECOv002_L2T_LSTE_29443_012_12SVC_20230915T095015_0712_02_LST.tif,2026-06-09,sha256:51abb009f7612e6894c2f38d31dfb38ffa9c07af86d349072ebd9a2fa3cb8dee
https://data.lpdaac.earthdatacloud.nasa.gov/lp-prod-protected/ECO_L2T_LSTE.002/ECOv002_L2T_LSTE_29443_012_12SUC_20230915T095015_0712_02/ECOv002_L2T_LSTE_29443_012_12SUC_20230915T095015_0712_02_water.tif,ECO_L2T_LSTE.002,ECOv002_L2T_LSTE_29443_012_12SUC_20230915T095015_0712_02_water.tif,2026-06-09,sha256:865fcbb35120d103a980c3e1a924fd51970ba1433fa3e11aac4417f1c5fb1bca
https://data.lpdaac.earthdatacloud.nasa.gov/lp-prod-protected/ECO_L2T_LSTE.002/ECOv002_L2T_LSTE_29443_012_12SUC_20230915T095015_0712_02/ECOv002_L2T_LSTE_29443_012_12SUC_20230915T095015_0712_02_cloud.tif,ECO_L2T_LSTE.002,ECOv002_L2T_LSTE_29443_012_12SUC_20230915T095015_0712_02_cloud.tif,2026-06-09,sha256:be45cc7dd1f084691ae13dc7b51998322dfc833ccc514031439c6e3330668dd2
https://data.lpdaac.earthdatacloud.nasa.gov/lp-prod-protected/ECO_L2T_LSTE.002/ECOv002_L2T_LSTE_29443_012_12SUC_20230915T095015_0712_02/ECOv002_L2T_LSTE_29443_012_12SUC_20230915T095015_0712_02_height.tif,ECO_L2T_LSTE.002,ECOv002_L2T_LSTE_29443_012_12SUC_20230915T095015_0712_02_height.tif,2026-06-09,sha256:8cd26f5a91b49e3b2ce167d69cc09a591bd01784983dd47b49139122d9083024
https://data.lpdaac.earthdatacloud.nasa.gov/lp-prod-protected/ECO_L2T_LSTE.002/ECOv002_L2T_LSTE_29443_012_12SUC_20230915T095015_0712_02/ECOv002_L2T_LSTE_29443_012_12SUC_20230915T095015_0712_02_QC.tif,ECO_L2T_LSTE.002,ECOv002_L2T_LSTE_29443_012_12SUC_20230915T095015_0712_02_QC.tif,2026-06-09,sha256:cfac72cb193ff35dd319d5ad3131db80382cc481e293291e74013a471c1d9a08
https://data.lpdaac.earthdatacloud.nasa.gov/lp-prod-protected/ECO_L2T_LSTE.002/ECOv002_L2T_LSTE_29443_012_12SUC_20230915T095015_0712_02/ECOv002_L2T_LSTE_29443_012_12SUC_20230915T095015_0712_02_LST.tif,ECO_L2T_LSTE.002,ECOv002_L2T_LSTE_29443_012_12SUC_20230915T095015_0712_02_LST.tif,2026-06-09,sha256:60763713d82db6a40e1bbd56e305091214275f4bd5296981df6a4056fa36e4b1
https://data.lpdaac.earthdatacloud.nasa.gov/lp-prod-protected/ECO_L2T_LSTE.002/ECOv002_L2T_LSTE_29443_012_12SUB_20230915T095015_0712_02/ECOv002_L2T_LSTE_29443_012_12SUB_20230915T095015_0712_02_water.tif,ECO_L2T_LSTE.002,ECOv002_L2T_LSTE_29443_012_12SUB_20230915T095015_0712_02_water.tif,2026-06-09,sha256:3880d0df9fdfb1c7093bafbce8e2596232d71e4cb63ba89e02c5e07b664f4936
https://data.lpdaac.earthdatacloud.nasa.gov/lp-prod-protected/ECO_L2T_LSTE.002/ECOv002_L2T_LSTE_29443_012_12SUB_20230915T095015_0712_02/ECOv002_L2T_LSTE_29443_012_12SUB_20230915T095015_0712_02_cloud.tif,ECO_L2T_LSTE.002,ECOv002_L2T_LSTE_29443_012_12SUB_20230915T095015_0712_02_cloud.tif,2026-06-09,sha256:1e055ffb37634282f308d512df9fb9c365a890f774480f9dd37f54a7f2986a27
https://data.lpdaac.earthdatacloud.nasa.gov/lp-prod-protected/ECO_L2T_LSTE.002/ECOv002_L2T_LSTE_29443_012_12SUB_20230915T095015_0712_02/ECOv002_L2T_LSTE_29443_012_12SUB_20230915T095015_0712_02_height.tif,ECO_L2T_LSTE.002,ECOv002_L2T_LSTE_29443_012_12SUB_20230915T095015_0712_02_height.tif,2026-06-09,sha256:6d43318d397e63263f8753520bd23d1fe253b0c5f651dde2aef946cc5aa78fe0
https://data.lpdaac.earthdatacloud.nasa.gov/lp-prod-protected/ECO_L2T_LSTE.002/ECOv002_L2T_LSTE_29443_012_12SUB_20230915T095015_0712_02/ECOv002_L2T_LSTE_29443_012_12SUB_20230915T095015_0712_02_QC.tif,ECO_L2T_LSTE.002,ECOv002_L2T_LSTE_29443_012_12SUB_20230915T095015_0712_02_QC.tif,2026-06-09,sha256:760705e441e6a75aa38f2c84f1e4da57ad8c2c51725bc27a0bb301a62d85f2f0
https://data.lpdaac.earthdatacloud.nasa.gov/lp-prod-protected/ECO_L2T_LSTE.002/ECOv002_L2T_LSTE_29443_012_12SUB_20230915T095015_0712_02/ECOv002_L2T_LSTE_29443_012_12SUB_20230915T095015_0712_02_LST.tif,ECO_L2T_LSTE.002,ECOv002_L2T_LSTE_29443_012_12SUB_20230915T095015_0712_02_LST.tif,2026-06-09,sha256:f3ac5d6aa03a22ad614c874d66c101715cbccc822f92a8600b36cbac83db1722
https://data.lpdaac.earthdatacloud.nasa.gov/lp-prod-protected/ECO_L2T_LSTE.002/ECOv002_L2T_LSTE_29545_003_12SUB_20230921T232050_0710_01/ECOv002_L2T_LSTE_29545_003_12SUB_20230921T232050_0710_01_water.tif,ECO_L2T_LSTE.002,ECOv002_L2T_LSTE_29545_003_12SUB_20230921T232050_0710_01_water.tif,2026-06-09,sha256:c21e57113b237064150382dd68a3e7db0d3a94128ca2ee597b211f0f63ff2082
https://data.lpdaac.earthdatacloud.nasa.gov/lp-prod-protected/ECO_L2T_LSTE.002/ECOv002_L2T_LSTE_29545_003_12SUB_20230921T232050_0710_01/ECOv002_L2T_LSTE_29545_003_12SUB_20230921T232050_0710_01_QC.tif,ECO_L2T_LSTE.002,ECOv002_L2T_LSTE_29545_003_12SUB_20230921T232050_0710_01_QC.tif,2026-06-09,sha256:df93ecd26ae96a249f5d0f1f08f353c08cbb9fda6b92d79210f56e8dd51e7e86
https://data.lpdaac.earthdatacloud.nasa.gov/lp-prod-protected/ECO_L2T_LSTE.002/ECOv002_L2T_LSTE_29545_003_12SUB_20230921T232050_0710_01/ECOv002_L2T_LSTE_29545_003_12SUB_20230921T232050_0710_01_LST.tif,ECO_L2T_LSTE.002,ECOv002_L2T_LSTE_29545_003_12SUB_20230921T232050_0710_01_LST.tif,2026-06-09,sha256:ffe932fe3a4de8bc201bb0a64e55c4b4d5e8b23690465541abf7e0f981645edb
https://data.lpdaac.earthdatacloud.nasa.gov/lp-prod-protected/ECO_L2T_LSTE.002/ECOv002_L2T_LSTE_29545_003_12SUB_20230921T232050_0710_01/ECOv002_L2T_LSTE_29545_003_12SUB_20230921T232050_0710_01_cloud.tif,ECO_L2T_LSTE.002,ECOv002_L2T_LSTE_29545_003_12SUB_20230921T232050_0710_01_cloud.tif,2026-06-09,sha256:77a7018e0923504223d1bedeaaf3f8d59ceaba32bedd63a77dcb9a02c1971b73
https://data.lpdaac.earthdatacloud.nasa.gov/lp-prod-protected/ECO_L2T_LSTE.002/ECOv002_L2T_LSTE_29545_003_12SUB_20230921T232050_0710_01/ECOv002_L2T_LSTE_29545_003_12SUB_20230921T232050_0710_01_height.tif,ECO_L2T_LSTE.002,ECOv002_L2T_LSTE_29545_003_12SUB_20230921T232050_0710_01_height.tif,2026-06-09,sha256:dd6900d30d9398891867a8817ea64a124f7fb62e5212d0dd81876bdac0287755
https://data.lpdaac.earthdatacloud.nasa.gov/lp-prod-protected/ECO_L2T_LSTE.002/ECOv002_L2T_LSTE_29545_003_12SUC_20230921T232050_0710_01/ECOv002_L2T_LSTE_29545_003_12SUC_20230921T232050_0710_01_water.tif,ECO_L2T_LSTE.002,ECOv002_L2T_LSTE_29545_003_12SUC_20230921T232050_0710_01_water.tif,2026-06-09,sha256:713bddebd72d870b00f36ae2cf8b06f06f31ef41ff1f72aa87db20f30c383a05
https://data.lpdaac.earthdatacloud.nasa.gov/lp-prod-protected/ECO_L2T_LSTE.002/ECOv002_L2T_LSTE_29545_003_12SUC_20230921T232050_0710_01/ECOv002_L2T_LSTE_29545_003_12SUC_20230921T232050_0710_01_cloud.tif,ECO_L2T_LSTE.002,ECOv002_L2T_LSTE_29545_003_12SUC_20230921T232050_0710_01_cloud.tif,2026-06-09,sha256:9e2dcf3aca5a8ac8ed50dac785c4c8235ce406da1c06f0c69e1ea3f5802eba86
https://data.lpdaac.earthdatacloud.nasa.gov/lp-prod-protected/ECO_L2T_LSTE.002/ECOv002_L2T_LSTE_29545_003_12SUC_20230921T232050_0710_01/ECOv002_L2T_LSTE_29545_003_12SUC_20230921T232050_0710_01_height.tif,ECO_L2T_LSTE.002,ECOv002_L2T_LSTE_29545_003_12SUC_20230921T232050_0710_01_height.tif,2026-06-09,sha256:347fb08d917699b5a49c50008d2af4f9f5f0e52cad289eb9ea28d9928089da3e
https://data.lpdaac.earthdatacloud.nasa.gov/lp-prod-protected/ECO_L2T_LSTE.002/ECOv002_L2T_LSTE_29545_003_12SUC_20230921T232050_0710_01/ECOv002_L2T_LSTE_29545_003_12SUC_20230921T232050_0710_01_QC.tif,ECO_L2T_LSTE.002,ECOv002_L2T_LSTE_29545_003_12SUC_20230921T232050_0710_01_QC.tif,2026-06-09,sha256:dcbc9a5e61a36387fae622852f20c435e6f72867a7a3ae0ec90b4a49c434af69
https://data.lpdaac.earthdatacloud.nasa.gov/lp-prod-protected/ECO_L2T_LSTE.002/ECOv002_L2T_LSTE_29545_003_12SUC_20230921T232050_0710_01/ECOv002_L2T_LSTE_29545_003_12SUC_20230921T232050_0710_01_LST.tif,ECO_L2T_LSTE.002,ECOv002_L2T_LSTE_29545_003_12SUC_20230921T232050_0710_01_LST.tif,2026-06-09,sha256:beceb012a1dbfd7cb96ba418eafc40dd2fd109f4462d4c921ef33035756948eb
https://data.lpdaac.earthdatacloud.nasa.gov/lp-prod-protected/ECO_L2T_LSTE.002/ECOv002_L2T_LSTE_29545_003_12SVB_20230921T232050_0710_01/ECOv002_L2T_LSTE_29545_003_12SVB_20230921T232050_0710_01_water.tif,ECO_L2T_LSTE.002,ECOv002_L2T_LSTE_29545_003_12SVB_20230921T232050_0710_01_water.tif,2026-06-09,sha256:a6889d0370ba2dde6edd5ff8e4e35aff175fb6f0ff9002cdbca74e8a07012a15
https://data.lpdaac.earthdatacloud.nasa.gov/lp-prod-protected/ECO_L2T_LSTE.002/ECOv002_L2T_LSTE_29545_003_12SVB_20230921T232050_0710_01/ECOv002_L2T_LSTE_29545_003_12SVB_20230921T232050_0710_01_QC.tif,ECO_L2T_LSTE.002,ECOv002_L2T_LSTE_29545_003_12SVB_20230921T232050_0710_01_QC.tif,2026-06-09,sha256:c09614719faf60b7543c287b843ccff26552b62796d922f28c7624b938afc2d8
https://data.lpdaac.earthdatacloud.nasa.gov/lp-prod-protected/ECO_L2T_LSTE.002/ECOv002_L2T_LSTE_29545_003_12SVB_20230921T232050_0710_01/ECOv002_L2T_LSTE_29545_003_12SVB_20230921T232050_0710_01_cloud.tif,ECO_L2T_LSTE.002,ECOv002_L2T_LSTE_29545_003_12SVB_20230921T232050_0710_01_cloud.tif,2026-06-09,sha256:08ec9dd41e4cf94b5bac0357803c2186ff8ebbd65da4e41b2b559bff7c27fccb
https://data.lpdaac.earthdatacloud.nasa.gov/lp-prod-protected/ECO_L2T_LSTE.002/ECOv002_L2T_LSTE_29545_003_12SVB_20230921T232050_0710_01/ECOv002_L2T_LSTE_29545_003_12SVB_20230921T232050_0710_01_height.tif,ECO_L2T_LSTE.002,ECOv002_L2T_LSTE_29545_003_12SVB_20230921T232050_0710_01_height.tif,2026-06-09,sha256:58ee08056d7ff245482a59db4c251569fdfa9036fc600c15248bcf242b373b06
https://data.lpdaac.earthdatacloud.nasa.gov/lp-prod-protected/ECO_L2T_LSTE.002/ECOv002_L2T_LSTE_29545_003_12SVB_20230921T232050_0710_01/ECOv002_L2T_LSTE_29545_003_12SVB_20230921T232050_0710_01_LST.tif,ECO_L2T_LSTE.002,ECOv002_L2T_LSTE_29545_003_12SVB_20230921T232050_0710_01_LST.tif,2026-06-09,sha256:b47930d9490b857485600ae0356f7e06a8b14e7e7e751664eedaf666b362b86a
https://data.lpdaac.earthdatacloud.nasa.gov/lp-prod-protected/ECO_L2T_LSTE.002/ECOv002_L2T_LSTE_29545_003_12SVC_20230921T232050_0710_01/ECOv002_L2T_LSTE_29545_003_12SVC_20230921T232050_0710_01_water.tif,ECO_L2T_LSTE.002,ECOv002_L2T_LSTE_29545_003_12SVC_20230921T232050_0710_01_water.tif,2026-06-09,sha256:ab698c35229630cafaacdd89e0155d2efd5a3d45d68996ace45adf2db4a1f8fd
https://data.lpdaac.earthdatacloud.nasa.gov/lp-prod-protected/ECO_L2T_LSTE.002/ECOv002_L2T_LSTE_29545_003_12SVC_20230921T232050_0710_01/ECOv002_L2T_LSTE_29545_003_12SVC_20230921T232050_0710_01_QC.tif,ECO_L2T_LSTE.002,ECOv002_L2T_LSTE_29545_003_12SVC_20230921T232050_0710_01_QC.tif,2026-06-09,sha256:a3411a9105db9ca8e0a9938443def16ab6cd5ed7d7ae69eddc780e0e3ce89031
https://data.lpdaac.earthdatacloud.nasa.gov/lp-prod-protected/ECO_L2T_LSTE.002/ECOv002_L2T_LSTE_29545_003_12SVC_20230921T232050_0710_01/ECOv002_L2T_LSTE_29545_003_12SVC_20230921T232050_0710_01_cloud.tif,ECO_L2T_LSTE.002,ECOv002_L2T_LSTE_29545_003_12SVC_20230921T232050_0710_01_cloud.tif,2026-06-09,sha256:680dfca6c612b8d6632f222b50d48788df8ad4a0d26b959741f182ff1dc9c100
https://data.lpdaac.earthdatacloud.nasa.gov/lp-prod-protected/ECO_L2T_LSTE.002/ECOv002_L2T_LSTE_29545_003_12SVC_20230921T232050_0710_01/ECOv002_L2T_LSTE_29545_003_12SVC_20230921T232050_0710_01_height.tif,ECO_L2T_LSTE.002,ECOv002_L2T_LSTE_29545_003_12SVC_20230921T232050_0710_01_height.tif,2026-06-09,sha256:94551c9ceaffc0a94e7d42abda220b32629a68a000606b83e9c8b8195244c8d2
https://data.lpdaac.earthdatacloud.nasa.gov/lp-prod-protected/ECO_L2T_LSTE.002/ECOv002_L2T_LSTE_29545_003_12SVC_20230921T232050_0710_01/ECOv002_L2T_LSTE_29545_003_12SVC_20230921T232050_0710_01_LST.tif,ECO_L2T_LSTE.002,ECOv002_L2T_LSTE_29545_003_12SVC_20230921T232050_0710_01_LST.tif,2026-06-09,sha256:2067f3bda9e3be835763d4fd1061a7d3f9dd89a8a61abe5f985da8b8ab3c2100
https://data.lpdaac.earthdatacloud.nasa.gov/lp-prod-protected/ECO_L2T_LSTE.002/ECOv002_L2T_LSTE_29545_003_12SUB_20230921T232050_0712_02/ECOv002_L2T_LSTE_29545_003_12SUB_20230921T232050_0712_02_water.tif,ECO_L2T_LSTE.002,ECOv002_L2T_LSTE_29545_003_12SUB_20230921T232050_0712_02_water.tif,2026-06-09,sha256:9927524391e408f284713843ff4734abce8d1e7dbec6f4dfc6dcc7f85974d210
https://data.lpdaac.earthdatacloud.nasa.gov/lp-prod-protected/ECO_L2T_LSTE.002/ECOv002_L2T_LSTE_29545_003_12SUB_20230921T232050_0712_02/ECOv002_L2T_LSTE_29545_003_12SUB_20230921T232050_0712_02_cloud.tif,ECO_L2T_LSTE.002,ECOv002_L2T_LSTE_29545_003_12SUB_20230921T232050_0712_02_cloud.tif,2026-06-09,sha256:a41cee54ed01ea1a611937ebd68fd752e84604ddd4f09fa16592d36b579fc7b1
https://data.lpdaac.earthdatacloud.nasa.gov/lp-prod-protected/ECO_L2T_LSTE.002/ECOv002_L2T_LSTE_29545_003_12SUB_20230921T232050_0712_02/ECOv002_L2T_LSTE_29545_003_12SUB_20230921T232050_0712_02_height.tif,ECO_L2T_LSTE.002,ECOv002_L2T_LSTE_29545_003_12SUB_20230921T232050_0712_02_height.tif,2026-06-09,sha256:4bc41c25dbd53d43bdcb28c22bf8098e84ebec2f8700c028bc5336c3f4faafe2
https://data.lpdaac.earthdatacloud.nasa.gov/lp-prod-protected/ECO_L2T_LSTE.002/ECOv002_L2T_LSTE_29545_003_12SUB_20230921T232050_0712_02/ECOv002_L2T_LSTE_29545_003_12SUB_20230921T232050_0712_02_QC.tif,ECO_L2T_LSTE.002,ECOv002_L2T_LSTE_29545_003_12SUB_20230921T232050_0712_02_QC.tif,2026-06-09,sha256:dfcc6238414eb7107f2e5f5f19261d8be25e955341f6a669cdb912dbf8365fa7
https://data.lpdaac.earthdatacloud.nasa.gov/lp-prod-protected/ECO_L2T_LSTE.002/ECOv002_L2T_LSTE_29545_003_12SUB_20230921T232050_0712_02/ECOv002_L2T_LSTE_29545_003_12SUB_20230921T232050_0712_02_LST.tif,ECO_L2T_LSTE.002,ECOv002_L2T_LSTE_29545_003_12SUB_20230921T232050_0712_02_LST.tif,2026-06-09,sha256:8ca5c2028cdcd20a9afba50e252573f284d4f2c1a4befc3957d46420b561ff5b
https://data.lpdaac.earthdatacloud.nasa.gov/lp-prod-protected/ECO_L2T_LSTE.002/ECOv002_L2T_LSTE_29545_003_12SUC_20230921T232050_0712_02/ECOv002_L2T_LSTE_29545_003_12SUC_20230921T232050_0712_02_water.tif,ECO_L2T_LSTE.002,ECOv002_L2T_LSTE_29545_003_12SUC_20230921T232050_0712_02_water.tif,2026-06-09,sha256:1bce1548269cf144749f12e7fec4f627b70ff22d853fd2e7808c5c87f07f42e0
https://data.lpdaac.earthdatacloud.nasa.gov/lp-prod-protected/ECO_L2T_LSTE.002/ECOv002_L2T_LSTE_29545_003_12SUC_20230921T232050_0712_02/ECOv002_L2T_LSTE_29545_003_12SUC_20230921T232050_0712_02_cloud.tif,ECO_L2T_LSTE.002,ECOv002_L2T_LSTE_29545_003_12SUC_20230921T232050_0712_02_cloud.tif,2026-06-09,sha256:0b48a054fdf2a771d94bcadc746a6a8199620ce73128b4001d8d5461dfd853f6
https://data.lpdaac.earthdatacloud.nasa.gov/lp-prod-protected/ECO_L2T_LSTE.002/ECOv002_L2T_LSTE_29545_003_12SUC_20230921T232050_0712_02/ECOv002_L2T_LSTE_29545_003_12SUC_20230921T232050_0712_02_height.tif,ECO_L2T_LSTE.002,ECOv002_L2T_LSTE_29545_003_12SUC_20230921T232050_0712_02_height.tif,2026-06-09,sha256:c707af1eaf072682d4018526fec30d70b342dbebefcce6abbd12796358ddcfbc
https://data.lpdaac.earthdatacloud.nasa.gov/lp-prod-protected/ECO_L2T_LSTE.002/ECOv002_L2T_LSTE_29545_003_12SUC_20230921T232050_0712_02/ECOv002_L2T_LSTE_29545_003_12SUC_20230921T232050_0712_02_QC.tif,ECO_L2T_LSTE.002,ECOv002_L2T_LSTE_29545_003_12SUC_20230921T232050_0712_02_QC.tif,2026-06-09,sha256:4bae609e1254cbd80c2e47f388a3749b594bf7d2d5ece8bd80087f6a87e8fc1c
https://data.lpdaac.earthdatacloud.nasa.gov/lp-prod-protected/ECO_L2T_LSTE.002/ECOv002_L2T_LSTE_29545_003_12SUC_20230921T232050_0712_02/ECOv002_L2T_LSTE_29545_003_12SUC_20230921T232050_0712_02_LST.tif,ECO_L2T_LSTE.002,ECOv002_L2T_LSTE_29545_003_12SUC_20230921T232050_0712_02_LST.tif,2026-06-09,sha256:13b8ce9938988b9fc7e3b6886d7dac9c9c0a8aded244e4bb08f52256050ea708
https://data.lpdaac.earthdatacloud.nasa.gov/lp-prod-protected/ECO_L2T_LSTE.002/ECOv002_L2T_LSTE_29545_003_12SVC_20230921T232050_0712_02/ECOv002_L2T_LSTE_29545_003_12SVC_20230921T232050_0712_02_water.tif,ECO_L2T_LSTE.002,ECOv002_L2T_LSTE_29545_003_12SVC_20230921T232050_0712_02_water.tif,2026-06-09,sha256:1b88228e94a8b9480a58130dcb792fa6209a5ca49daffbdc9066043c2e709189
https://data.lpdaac.earthdatacloud.nasa.gov/lp-prod-protected/ECO_L2T_LSTE.002/ECOv002_L2T_LSTE_29545_003_12SVC_20230921T232050_0712_02/ECOv002_L2T_LSTE_29545_003_12SVC_20230921T232050_0712_02_cloud.tif,ECO_L2T_LSTE.002,ECOv002_L2T_LSTE_29545_003_12SVC_20230921T232050_0712_02_cloud.tif,2026-06-09,sha256:16aa69638ec03aedbb7cf092a1c29367c248811bc308b86734ed6b6684060904
https://data.lpdaac.earthdatacloud.nasa.gov/lp-prod-protected/ECO_L2T_LSTE.002/ECOv002_L2T_LSTE_29545_003_12SVC_20230921T232050_0712_02/ECOv002_L2T_LSTE_29545_003_12SVC_20230921T232050_0712_02_height.tif,ECO_L2T_LSTE.002,ECOv002_L2T_LSTE_29545_003_12SVC_20230921T232050_0712_02_height.tif,2026-06-09,sha256:5faf4e845a453acb4ccbe5a6263d8e3661b6923082ed193b18a3cfa09b4f8286
https://data.lpdaac.earthdatacloud.nasa.gov/lp-prod-protected/ECO_L2T_LSTE.002/ECOv002_L2T_LSTE_29545_003_12SVC_20230921T232050_0712_02/ECOv002_L2T_LSTE_29545_003_12SVC_20230921T232050_0712_02_QC.tif,ECO_L2T_LSTE.002,ECOv002_L2T_LSTE_29545_003_12SVC_20230921T232050_0712_02_QC.tif,2026-06-09,sha256:4cdead327d936697ef30e501bc0c6388612c3987e28a2117a65fda1ad20cedd6
https://data.lpdaac.earthdatacloud.nasa.gov/lp-prod-protected/ECO_L2T_LSTE.002/ECOv002_L2T_LSTE_29545_003_12SVC_20230921T232050_0712_02/ECOv002_L2T_LSTE_29545_003_12SVC_20230921T232050_0712_02_LST.tif,ECO_L2T_LSTE.002,ECOv002_L2T_LSTE_29545_003_12SVC_20230921T232050_0712_02_LST.tif,2026-06-09,sha256:7d7b8099ad577a934a5fdb2337b9d5d9993eeaa42ea88d6db639cc11c8dba8ff
https://data.lpdaac.earthdatacloud.nasa.gov/lp-prod-protected/ECO_L2T_LSTE.002/ECOv002_L2T_LSTE_29545_003_12SVB_20230921T232050_0712_02/ECOv002_L2T_LSTE_29545_003_12SVB_20230921T232050_0712_02_water.tif,ECO_L2T_LSTE.002,ECOv002_L2T_LSTE_29545_003_12SVB_20230921T232050_0712_02_water.tif,2026-06-09,sha256:811c72911b51ea1b818562578039493cde83465de49e264c4a6479a8b0f1452d
https://data.lpdaac.earthdatacloud.nasa.gov/lp-prod-protected/ECO_L2T_LSTE.002/ECOv002_L2T_LSTE_29545_003_12SVB_20230921T232050_0712_02/ECOv002_L2T_LSTE_29545_003_12SVB_20230921T232050_0712_02_cloud.tif,ECO_L2T_LSTE.002,ECOv002_L2T_LSTE_29545_003_12SVB_20230921T232050_0712_02_cloud.tif,2026-06-09,sha256:35b0588d5b4211405d27f1d33dcfc389096516c80df0ec1e1665303ed56916d1
https://data.lpdaac.earthdatacloud.nasa.gov/lp-prod-protected/ECO_L2T_LSTE.002/ECOv002_L2T_LSTE_29545_003_12SVB_20230921T232050_0712_02/ECOv002_L2T_LSTE_29545_003_12SVB_20230921T232050_0712_02_height.tif,ECO_L2T_LSTE.002,ECOv002_L2T_LSTE_29545_003_12SVB_20230921T232050_0712_02_height.tif,2026-06-09,sha256:998cd09810b81e7bab07aa24926e6d5698d6a878798fca3f147a9020046d6317
https://data.lpdaac.earthdatacloud.nasa.gov/lp-prod-protected/ECO_L2T_LSTE.002/ECOv002_L2T_LSTE_29545_003_12SVB_20230921T232050_0712_02/ECOv002_L2T_LSTE_29545_003_12SVB_20230921T232050_0712_02_QC.tif,ECO_L2T_LSTE.002,ECOv002_L2T_LSTE_29545_003_12SVB_20230921T232050_0712_02_QC.tif,2026-06-09,sha256:2a7f2262e4856069089e743c3d4e2c18004938f3a12a91416b519bc43dff03e0
https://data.lpdaac.earthdatacloud.nasa.gov/lp-prod-protected/ECO_L2T_LSTE.002/ECOv002_L2T_LSTE_29545_003_12SVB_20230921T232050_0712_02/ECOv002_L2T_LSTE_29545_003_12SVB_20230921T232050_0712_02_LST.tif,ECO_L2T_LSTE.002,ECOv002_L2T_LSTE_29545_003_12SVB_20230921T232050_0712_02_LST.tif,2026-06-09,sha256:c47b34fda49f8ffea2699c92f603c255ce7ec3fe37aec777bb861b3781d29a57
https://data.lpdaac.earthdatacloud.nasa.gov/lp-prod-protected/ECO_L2T_LSTE.002/ECOv002_L2T_LSTE_29545_004_12SVC_20230921T232142_0712_02/ECOv002_L2T_LSTE_29545_004_12SVC_20230921T232142_0712_02_water.tif,ECO_L2T_LSTE.002,ECOv002_L2T_LSTE_29545_004_12SVC_20230921T232142_0712_02_water.tif,2026-06-09,sha256:532b061c031f45083c924ceddd58ca86d20e3c0c7a574edec8e2cd6dd9ea8b7c
https://data.lpdaac.earthdatacloud.nasa.gov/lp-prod-protected/ECO_L2T_LSTE.002/ECOv002_L2T_LSTE_29545_004_12SVC_20230921T232142_0712_02/ECOv002_L2T_LSTE_29545_004_12SVC_20230921T232142_0712_02_cloud.tif,ECO_L2T_LSTE.002,ECOv002_L2T_LSTE_29545_004_12SVC_20230921T232142_0712_02_cloud.tif,2026-06-09,sha256:d63a7ba62ea3a956f1b2f9888a4ea67eadb7fb506c1dfae1c204f65913d23875
https://data.lpdaac.earthdatacloud.nasa.gov/lp-prod-protected/ECO_L2T_LSTE.002/ECOv002_L2T_LSTE_29545_004_12SVC_20230921T232142_0712_02/ECOv002_L2T_LSTE_29545_004_12SVC_20230921T232142_0712_02_height.tif,ECO_L2T_LSTE.002,ECOv002_L2T_LSTE_29545_004_12SVC_20230921T232142_0712_02_height.tif,2026-06-09,sha256:9ce2c7757542ed2cf10f910b6ac37d67aa17e604fde14b642a708a4678a59653
https://data.lpdaac.earthdatacloud.nasa.gov/lp-prod-protected/ECO_L2T_LSTE.002/ECOv002_L2T_LSTE_29545_004_12SVC_20230921T232142_0712_02/ECOv002_L2T_LSTE_29545_004_12SVC_20230921T232142_0712_02_QC.tif,ECO_L2T_LSTE.002,ECOv002_L2T_LSTE_29545_004_12SVC_20230921T232142_0712_02_QC.tif,2026-06-09,sha256:d7a5fcce170b628e9582bf56dca67c7e5404f938de86276f749a71849d828fd6
https://data.lpdaac.earthdatacloud.nasa.gov/lp-prod-protected/ECO_L2T_LSTE.002/ECOv002_L2T_LSTE_29545_004_12SVC_20230921T232142_0712_02/ECOv002_L2T_LSTE_29545_004_12SVC_20230921T232142_0712_02_LST.tif,ECO_L2T_LSTE.002,ECOv002_L2T_LSTE_29545_004_12SVC_20230921T232142_0712_02_LST.tif,2026-06-09,sha256:088ae464796f505dccd23e39d11db39c93d0599be5dd19a17ed4712330fdc997
https://data.lpdaac.earthdatacloud.nasa.gov/lp-prod-protected/ECO_L2T_LSTE.002/ECOv002_L2T_LSTE_29591_007_12SUB_20230924T223358_0710_01/ECOv002_L2T_LSTE_29591_007_12SUB_20230924T223358_0710_01_water.tif,ECO_L2T_LSTE.002,ECOv002_L2T_LSTE_29591_007_12SUB_20230924T223358_0710_01_water.tif,2026-06-09,sha256:12926d44db3ee3fcbab890cac674f9849409445af7a5d5599a008ed2ac1cc1ca
https://data.lpdaac.earthdatacloud.nasa.gov/lp-prod-protected/ECO_L2T_LSTE.002/ECOv002_L2T_LSTE_29591_007_12SUB_20230924T223358_0710_01/ECOv002_L2T_LSTE_29591_007_12SUB_20230924T223358_0710_01_cloud.tif,ECO_L2T_LSTE.002,ECOv002_L2T_LSTE_29591_007_12SUB_20230924T223358_0710_01_cloud.tif,2026-06-09,sha256:12926d44db3ee3fcbab890cac674f9849409445af7a5d5599a008ed2ac1cc1ca
https://data.lpdaac.earthdatacloud.nasa.gov/lp-prod-protected/ECO_L2T_LSTE.002/ECOv002_L2T_LSTE_29591_007_12SUB_20230924T223358_0710_01/ECOv002_L2T_LSTE_29591_007_12SUB_20230924T223358_0710_01_height.tif,ECO_L2T_LSTE.002,ECOv002_L2T_LSTE_29591_007_12SUB_20230924T223358_0710_01_height.tif,2026-06-09,sha256:ef5837a917ff55ccd08ec678f4c5d91d3fb925fa2a388ca7afb30d5110b8090e
https://data.lpdaac.earthdatacloud.nasa.gov/lp-prod-protected/ECO_L2T_LSTE.002/ECOv002_L2T_LSTE_29591_007_12SUB_20230924T223358_0710_01/ECOv002_L2T_LSTE_29591_007_12SUB_20230924T223358_0710_01_QC.tif,ECO_L2T_LSTE.002,ECOv002_L2T_LSTE_29591_007_12SUB_20230924T223358_0710_01_QC.tif,2026-06-09,sha256:50a5774c2f689f062c107bd35e58abd0acbf479861f775a0ede10ca9c9a273c5
https://data.lpdaac.earthdatacloud.nasa.gov/lp-prod-protected/ECO_L2T_LSTE.002/ECOv002_L2T_LSTE_29591_007_12SUB_20230924T223358_0710_01/ECOv002_L2T_LSTE_29591_007_12SUB_20230924T223358_0710_01_LST.tif,ECO_L2T_LSTE.002,ECOv002_L2T_LSTE_29591_007_12SUB_20230924T223358_0710_01_LST.tif,2026-06-09,sha256:3ab4806cdb2543538edcc6e3bf5f9991a22df3d612e14e1852eefb3620931823
https://data.lpdaac.earthdatacloud.nasa.gov/lp-prod-protected/ECO_L2T_LSTE.002/ECOv002_L2T_LSTE_29591_007_12SUC_20230924T223358_0710_01/ECOv002_L2T_LSTE_29591_007_12SUC_20230924T223358_0710_01_water.tif,ECO_L2T_LSTE.002,ECOv002_L2T_LSTE_29591_007_12SUC_20230924T223358_0710_01_water.tif,2026-06-09,sha256:c62548f307e262a4215855a758f594fc4987266b6a0726f7071c8fcc7b42c078
https://data.lpdaac.earthdatacloud.nasa.gov/lp-prod-protected/ECO_L2T_LSTE.002/ECOv002_L2T_LSTE_29591_007_12SUC_20230924T223358_0710_01/ECOv002_L2T_LSTE_29591_007_12SUC_20230924T223358_0710_01_cloud.tif,ECO_L2T_LSTE.002,ECOv002_L2T_LSTE_29591_007_12SUC_20230924T223358_0710_01_cloud.tif,2026-06-09,sha256:99643ff7d9d0e4cbc6641bcb043000f80f986e894764c67e423d6402f2f616ec
https://data.lpdaac.earthdatacloud.nasa.gov/lp-prod-protected/ECO_L2T_LSTE.002/ECOv002_L2T_LSTE_29591_007_12SUC_20230924T223358_0710_01/ECOv002_L2T_LSTE_29591_007_12SUC_20230924T223358_0710_01_height.tif,ECO_L2T_LSTE.002,ECOv002_L2T_LSTE_29591_007_12SUC_20230924T223358_0710_01_height.tif,2026-06-09,sha256:7acb3fe7114c7713f7e8cec374a4aac73b7d29db1156ddd3f4ef859b0e7b04f9
https://data.lpdaac.earthdatacloud.nasa.gov/lp-prod-protected/ECO_L2T_LSTE.002/ECOv002_L2T_LSTE_29591_007_12SUC_20230924T223358_0710_01/ECOv002_L2T_LSTE_29591_007_12SUC_20230924T223358_0710_01_QC.tif,ECO_L2T_LSTE.002,ECOv002_L2T_LSTE_29591_007_12SUC_20230924T223358_0710_01_QC.tif,2026-06-09,sha256:32a5e7f20bd3b6a229ba24588077ea0391d32e9ef8a1968233e4225c2f2130bf
https://data.lpdaac.earthdatacloud.nasa.gov/lp-prod-protected/ECO_L2T_LSTE.002/ECOv002_L2T_LSTE_29591_007_12SUC_20230924T223358_0710_01/ECOv002_L2T_LSTE_29591_007_12SUC_20230924T223358_0710_01_LST.tif,ECO_L2T_LSTE.002,ECOv002_L2T_LSTE_29591_007_12SUC_20230924T223358_0710_01_LST.tif,2026-06-09,sha256:db08c3b27210313d5bb4b823ef682077ace9a610e5d3e68966877f3f6fe9a413
https://data.lpdaac.earthdatacloud.nasa.gov/lp-prod-protected/ECO_L2T_LSTE.002/ECOv002_L2T_LSTE_29591_007_12SVC_20230924T223358_0710_01/ECOv002_L2T_LSTE_29591_007_12SVC_20230924T223358_0710_01_water.tif,ECO_L2T_LSTE.002,ECOv002_L2T_LSTE_29591_007_12SVC_20230924T223358_0710_01_water.tif,2026-06-09,sha256:1d4459627d8a9675ab12dadd21bb28d082bb0c3e171c8d12ccf24a99402fa5e7
https://data.lpdaac.earthdatacloud.nasa.gov/lp-prod-protected/ECO_L2T_LSTE.002/ECOv002_L2T_LSTE_29591_007_12SVC_20230924T223358_0710_01/ECOv002_L2T_LSTE_29591_007_12SVC_20230924T223358_0710_01_cloud.tif,ECO_L2T_LSTE.002,ECOv002_L2T_LSTE_29591_007_12SVC_20230924T223358_0710_01_cloud.tif,2026-06-09,sha256:bda282a0945fe9138cb519c37c9d8e83288ff7fa390cb7160c164453aff462ae
https://data.lpdaac.earthdatacloud.nasa.gov/lp-prod-protected/ECO_L2T_LSTE.002/ECOv002_L2T_LSTE_29591_007_12SVC_20230924T223358_0710_01/ECOv002_L2T_LSTE_29591_007_12SVC_20230924T223358_0710_01_height.tif,ECO_L2T_LSTE.002,ECOv002_L2T_LSTE_29591_007_12SVC_20230924T223358_0710_01_height.tif,2026-06-09,sha256:c0160a9ac69b373816c8e9449595e378d979cc39483d366ee56365c0e03b673f
https://data.lpdaac.earthdatacloud.nasa.gov/lp-prod-protected/ECO_L2T_LSTE.002/ECOv002_L2T_LSTE_29591_007_12SVC_20230924T223358_0710_01/ECOv002_L2T_LSTE_29591_007_12SVC_20230924T223358_0710_01_QC.tif,ECO_L2T_LSTE.002,ECOv002_L2T_LSTE_29591_007_12SVC_20230924T223358_0710_01_QC.tif,2026-06-09,sha256:34d07ca669ee9f35d1d15a16409caa6de0d6dcf4f1de79235960e90577a192ab
https://data.lpdaac.earthdatacloud.nasa.gov/lp-prod-protected/ECO_L2T_LSTE.002/ECOv002_L2T_LSTE_29591_007_12SVC_20230924T223358_0710_01/ECOv002_L2T_LSTE_29591_007_12SVC_20230924T223358_0710_01_LST.tif,ECO_L2T_LSTE.002,ECOv002_L2T_LSTE_29591_007_12SVC_20230924T223358_0710_01_LST.tif,2026-06-09,sha256:bb76c6b8a16ba2942c81437315ee2e16fea4532ce08558574a57902408b89b8e
https://data.lpdaac.earthdatacloud.nasa.gov/lp-prod-protected/ECO_L2T_LSTE.002/ECOv002_L2T_LSTE_29591_007_12SUC_20230924T223358_0712_02/ECOv002_L2T_LSTE_29591_007_12SUC_20230924T223358_0712_02_water.tif,ECO_L2T_LSTE.002,ECOv002_L2T_LSTE_29591_007_12SUC_20230924T223358_0712_02_water.tif,2026-06-09,sha256:40a610511748065e5599606accde27690d34671bbcd7e778837c3ce558becadf
https://data.lpdaac.earthdatacloud.nasa.gov/lp-prod-protected/ECO_L2T_LSTE.002/ECOv002_L2T_LSTE_29591_007_12SUC_20230924T223358_0712_02/ECOv002_L2T_LSTE_29591_007_12SUC_20230924T223358_0712_02_cloud.tif,ECO_L2T_LSTE.002,ECOv002_L2T_LSTE_29591_007_12SUC_20230924T223358_0712_02_cloud.tif,2026-06-09,sha256:c9f9529485f4286c0ac5714600b6dcd986df9b118f34059e9d9b8cee269256ff
https://data.lpdaac.earthdatacloud.nasa.gov/lp-prod-protected/ECO_L2T_LSTE.002/ECOv002_L2T_LSTE_29591_007_12SUC_20230924T223358_0712_02/ECOv002_L2T_LSTE_29591_007_12SUC_20230924T223358_0712_02_height.tif,ECO_L2T_LSTE.002,ECOv002_L2T_LSTE_29591_007_12SUC_20230924T223358_0712_02_height.tif,2026-06-09,sha256:775bd89e7d318cf6677107dc77ceab982e5d80d0de31fce913efad93a167f6a9
https://data.lpdaac.earthdatacloud.nasa.gov/lp-prod-protected/ECO_L2T_LSTE.002/ECOv002_L2T_LSTE_29591_007_12SUC_20230924T223358_0712_02/ECOv002_L2T_LSTE_29591_007_12SUC_20230924T223358_0712_02_QC.tif,ECO_L2T_LSTE.002,ECOv002_L2T_LSTE_29591_007_12SUC_20230924T223358_0712_02_QC.tif,2026-06-09,sha256:c5a2450fa2848ccd13c9b379e8d45992b921c9f758bac1e62fede4a3417e4786
https://data.lpdaac.earthdatacloud.nasa.gov/lp-prod-protected/ECO_L2T_LSTE.002/ECOv002_L2T_LSTE_29591_007_12SUC_20230924T223358_0712_02/ECOv002_L2T_LSTE_29591_007_12SUC_20230924T223358_0712_02_LST.tif,ECO_L2T_LSTE.002,ECOv002_L2T_LSTE_29591_007_12SUC_20230924T223358_0712_02_LST.tif,2026-06-09,sha256:d0adddeeedbb8876a3c5d603ff48d425bb114636ca18b34d9153b0290680eec2
https://data.lpdaac.earthdatacloud.nasa.gov/lp-prod-protected/ECO_L2T_LSTE.002/ECOv002_L2T_LSTE_29591_007_12SUB_20230924T223358_0712_02/ECOv002_L2T_LSTE_29591_007_12SUB_20230924T223358_0712_02_water.tif,ECO_L2T_LSTE.002,ECOv002_L2T_LSTE_29591_007_12SUB_20230924T223358_0712_02_water.tif,2026-06-09,sha256:12926d44db3ee3fcbab890cac674f9849409445af7a5d5599a008ed2ac1cc1ca
https://data.lpdaac.earthdatacloud.nasa.gov/lp-prod-protected/ECO_L2T_LSTE.002/ECOv002_L2T_LSTE_29591_007_12SUB_20230924T223358_0712_02/ECOv002_L2T_LSTE_29591_007_12SUB_20230924T223358_0712_02_cloud.tif,ECO_L2T_LSTE.002,ECOv002_L2T_LSTE_29591_007_12SUB_20230924T223358_0712_02_cloud.tif,2026-06-09,sha256:12926d44db3ee3fcbab890cac674f9849409445af7a5d5599a008ed2ac1cc1ca
https://data.lpdaac.earthdatacloud.nasa.gov/lp-prod-protected/ECO_L2T_LSTE.002/ECOv002_L2T_LSTE_29591_007_12SUB_20230924T223358_0712_02/ECOv002_L2T_LSTE_29591_007_12SUB_20230924T223358_0712_02_height.tif,ECO_L2T_LSTE.002,ECOv002_L2T_LSTE_29591_007_12SUB_20230924T223358_0712_02_height.tif,2026-06-09,sha256:ba06bd3854077bdeee27a118f0ce64a7da833300d9cdb281f61700e83e082659
https://data.lpdaac.earthdatacloud.nasa.gov/lp-prod-protected/ECO_L2T_LSTE.002/ECOv002_L2T_LSTE_29591_007_12SUB_20230924T223358_0712_02/ECOv002_L2T_LSTE_29591_007_12SUB_20230924T223358_0712_02_QC.tif,ECO_L2T_LSTE.002,ECOv002_L2T_LSTE_29591_007_12SUB_20230924T223358_0712_02_QC.tif,2026-06-09,sha256:4cdc746c65eff9dc31efe7ef73302919128f93a70ca751496d8c5a158068014d
https://data.lpdaac.earthdatacloud.nasa.gov/lp-prod-protected/ECO_L2T_LSTE.002/ECOv002_L2T_LSTE_29591_007_12SUB_20230924T223358_0712_02/ECOv002_L2T_LSTE_29591_007_12SUB_20230924T223358_0712_02_LST.tif,ECO_L2T_LSTE.002,ECOv002_L2T_LSTE_29591_007_12SUB_20230924T223358_0712_02_LST.tif,2026-06-09,sha256:01857808e6a0f3c7cf3c3197ae006ac2d995057172a4c3a64c1c7b62a7e7cb48
https://data.lpdaac.earthdatacloud.nasa.gov/lp-prod-protected/ECO_L2T_LSTE.002/ECOv002_L2T_LSTE_29591_007_12SVC_20230924T223358_0712_02/ECOv002_L2T_LSTE_29591_007_12SVC_20230924T223358_0712_02_water.tif,ECO_L2T_LSTE.002,ECOv002_L2T_LSTE_29591_007_12SVC_20230924T223358_0712_02_water.tif,2026-06-09,sha256:1d4459627d8a9675ab12dadd21bb28d082bb0c3e171c8d12ccf24a99402fa5e7
https://data.lpdaac.earthdatacloud.nasa.gov/lp-prod-protected/ECO_L2T_LSTE.002/ECOv002_L2T_LSTE_29591_007_12SVC_20230924T223358_0712_02/ECOv002_L2T_LSTE_29591_007_12SVC_20230924T223358_0712_02_cloud.tif,ECO_L2T_LSTE.002,ECOv002_L2T_LSTE_29591_007_12SVC_20230924T223358_0712_02_cloud.tif,2026-06-09,sha256:0ac8ebf24502b0ae8b5065f4ae8caba5a8094ebd355ac7e067924418bbe8852c
https://data.lpdaac.earthdatacloud.nasa.gov/lp-prod-protected/ECO_L2T_LSTE.002/ECOv002_L2T_LSTE_29591_007_12SVC_20230924T223358_0712_02/ECOv002_L2T_LSTE_29591_007_12SVC_20230924T223358_0712_02_height.tif,ECO_L2T_LSTE.002,ECOv002_L2T_LSTE_29591_007_12SVC_20230924T223358_0712_02_height.tif,2026-06-09,sha256:6fa5a8f129496db00d8c8ada5b226ba2f1f0adfb5c6ed09bb7626f8a38ff11f5
https://data.lpdaac.earthdatacloud.nasa.gov/lp-prod-protected/ECO_L2T_LSTE.002/ECOv002_L2T_LSTE_29591_007_12SVC_20230924T223358_0712_02/ECOv002_L2T_LSTE_29591_007_12SVC_20230924T223358_0712_02_QC.tif,ECO_L2T_LSTE.002,ECOv002_L2T_LSTE_29591_007_12SVC_20230924T223358_0712_02_QC.tif,2026-06-09,sha256:063b387f95688ce0b50cfec759e9c29f58408f1e25d8864df9c472c486ebc080
https://data.lpdaac.earthdatacloud.nasa.gov/lp-prod-protected/ECO_L2T_LSTE.002/ECOv002_L2T_LSTE_29591_007_12SVC_20230924T223358_0712_02/ECOv002_L2T_LSTE_29591_007_12SVC_20230924T223358_0712_02_LST.tif,ECO_L2T_LSTE.002,ECOv002_L2T_LSTE_29591_007_12SVC_20230924T223358_0712_02_LST.tif,2026-06-09,sha256:3b1d968d507f6aca1cd81bb7b40c01712324ba7efc4be198ef155a37727f4ce6
https://data.lpdaac.earthdatacloud.nasa.gov/lp-prod-protected/ECO_L2T_LSTE.002/ECOv002_L2T_LSTE_29606_003_12SUB_20230925T214542_0710_01/ECOv002_L2T_LSTE_29606_003_12SUB_20230925T214542_0710_01_water.tif,ECO_L2T_LSTE.002,ECOv002_L2T_LSTE_29606_003_12SUB_20230925T214542_0710_01_water.tif,2026-06-09,sha256:63014f4fa1d6f43d935e2a3f2741e3e0d4666ce19b72389a849b2579d4435434
https://data.lpdaac.earthdatacloud.nasa.gov/lp-prod-protected/ECO_L2T_LSTE.002/ECOv002_L2T_LSTE_29606_003_12SUB_20230925T214542_0710_01/ECOv002_L2T_LSTE_29606_003_12SUB_20230925T214542_0710_01_cloud.tif,ECO_L2T_LSTE.002,ECOv002_L2T_LSTE_29606_003_12SUB_20230925T214542_0710_01_cloud.tif,2026-06-09,sha256:46428cb6ef38a1db0758589a11c77d4f11d74e6d359e7e6abed86f85c101cc5f
https://data.lpdaac.earthdatacloud.nasa.gov/lp-prod-protected/ECO_L2T_LSTE.002/ECOv002_L2T_LSTE_29606_003_12SUB_20230925T214542_0710_01/ECOv002_L2T_LSTE_29606_003_12SUB_20230925T214542_0710_01_height.tif,ECO_L2T_LSTE.002,ECOv002_L2T_LSTE_29606_003_12SUB_20230925T214542_0710_01_height.tif,2026-06-09,sha256:217ea7283b3eaf0b81fb0d8c6e8b3a4809da0916d79640c62e0352edcd434e94
https://data.lpdaac.earthdatacloud.nasa.gov/lp-prod-protected/ECO_L2T_LSTE.002/ECOv002_L2T_LSTE_29606_003_12SUB_20230925T214542_0710_01/ECOv002_L2T_LSTE_29606_003_12SUB_20230925T214542_0710_01_QC.tif,ECO_L2T_LSTE.002,ECOv002_L2T_LSTE_29606_003_12SUB_20230925T214542_0710_01_QC.tif,2026-06-09,sha256:83d3304067bdf7be456afe4533d0e13c40e9457b08a704456395f540502a1a09
https://data.lpdaac.earthdatacloud.nasa.gov/lp-prod-protected/ECO_L2T_LSTE.002/ECOv002_L2T_LSTE_29606_003_12SUB_20230925T214542_0710_01/ECOv002_L2T_LSTE_29606_003_12SUB_20230925T214542_0710_01_LST.tif,ECO_L2T_LSTE.002,ECOv002_L2T_LSTE_29606_003_12SUB_20230925T214542_0710_01_LST.tif,2026-06-09,sha256:96b32707303a9adbd73a04c37899962a07c28e5468646effacd8b4acab313f3d
https://data.lpdaac.earthdatacloud.nasa.gov/lp-prod-protected/ECO_L2T_LSTE.002/ECOv002_L2T_LSTE_29606_003_12SUC_20230925T214542_0710_01/ECOv002_L2T_LSTE_29606_003_12SUC_20230925T214542_0710_01_water.tif,ECO_L2T_LSTE.002,ECOv002_L2T_LSTE_29606_003_12SUC_20230925T214542_0710_01_water.tif,2026-06-09,sha256:4208c569d7493e8de0f7458ea72c840e3bb1f1ca5b9f1c4ea457a9feecbe1c49
https://data.lpdaac.earthdatacloud.nasa.gov/lp-prod-protected/ECO_L2T_LSTE.002/ECOv002_L2T_LSTE_29606_003_12SUC_20230925T214542_0710_01/ECOv002_L2T_LSTE_29606_003_12SUC_20230925T214542_0710_01_cloud.tif,ECO_L2T_LSTE.002,ECOv002_L2T_LSTE_29606_003_12SUC_20230925T214542_0710_01_cloud.tif,2026-06-09,sha256:722d11ee24978310c34d19020f9417c9fd664ff7023eaa80f3eaa9819c1bf169
https://data.lpdaac.earthdatacloud.nasa.gov/lp-prod-protected/ECO_L2T_LSTE.002/ECOv002_L2T_LSTE_29606_003_12SUC_20230925T214542_0710_01/ECOv002_L2T_LSTE_29606_003_12SUC_20230925T214542_0710_01_height.tif,ECO_L2T_LSTE.002,ECOv002_L2T_LSTE_29606_003_12SUC_20230925T214542_0710_01_height.tif,2026-06-09,sha256:b9440bf83024c17622ac365329c56d2594c071c562283daaf8475c9cc75442f1
https://data.lpdaac.earthdatacloud.nasa.gov/lp-prod-protected/ECO_L2T_LSTE.002/ECOv002_L2T_LSTE_29606_003_12SUC_20230925T214542_0710_01/ECOv002_L2T_LSTE_29606_003_12SUC_20230925T214542_0710_01_QC.tif,ECO_L2T_LSTE.002,ECOv002_L2T_LSTE_29606_003_12SUC_20230925T214542_0710_01_QC.tif,2026-06-09,sha256:0c8da71569ef37abbabc32dbffbc8cef761f16aeb2f8ffbdf3431ce39a72ffcb
https://data.lpdaac.earthdatacloud.nasa.gov/lp-prod-protected/ECO_L2T_LSTE.002/ECOv002_L2T_LSTE_29606_003_12SUC_20230925T214542_0710_01/ECOv002_L2T_LSTE_29606_003_12SUC_20230925T214542_0710_01_LST.tif,ECO_L2T_LSTE.002,ECOv002_L2T_LSTE_29606_003_12SUC_20230925T214542_0710_01_LST.tif,2026-06-09,sha256:ddb0209f5b5809f5e9bbb05b73581cf92e96a4cdab32bd7aa8c3ae790a3fa592
https://data.lpdaac.earthdatacloud.nasa.gov/lp-prod-protected/ECO_L2T_LSTE.002/ECOv002_L2T_LSTE_29606_003_12SVB_20230925T214542_0710_01/ECOv002_L2T_LSTE_29606_003_12SVB_20230925T214542_0710_01_height.tif,ECO_L2T_LSTE.002,ECOv002_L2T_LSTE_29606_003_12SVB_20230925T214542_0710_01_height.tif,2026-06-09,sha256:ff240a67198ea0e64490b558790867d9c0e44ed8d3bdc5953184875f2e9f7350
https://data.lpdaac.earthdatacloud.nasa.gov/lp-prod-protected/ECO_L2T_LSTE.002/ECOv002_L2T_LSTE_29606_003_12SVB_20230925T214542_0710_01/ECOv002_L2T_LSTE_29606_003_12SVB_20230925T214542_0710_01_QC.tif,ECO_L2T_LSTE.002,ECOv002_L2T_LSTE_29606_003_12SVB_20230925T214542_0710_01_QC.tif,2026-06-09,sha256:eddce2305dceebdcf93b2e36642c84d652377293720ef2edc81348da1b99bcf4
https://data.lpdaac.earthdatacloud.nasa.gov/lp-prod-protected/ECO_L2T_LSTE.002/ECOv002_L2T_LSTE_29606_003_12SVB_20230925T214542_0710_01/ECOv002_L2T_LSTE_29606_003_12SVB_20230925T214542_0710_01_water.tif,ECO_L2T_LSTE.002,ECOv002_L2T_LSTE_29606_003_12SVB_20230925T214542_0710_01_water.tif,2026-06-09,sha256:e5b6c0b8b51608c5700d9d257280c139514124817b4ba8bd8ea99ed1a854c682
https://data.lpdaac.earthdatacloud.nasa.gov/lp-prod-protected/ECO_L2T_LSTE.002/ECOv002_L2T_LSTE_29606_003_12SVB_20230925T214542_0710_01/ECOv002_L2T_LSTE_29606_003_12SVB_20230925T214542_0710_01_cloud.tif,ECO_L2T_LSTE.002,ECOv002_L2T_LSTE_29606_003_12SVB_20230925T214542_0710_01_cloud.tif,2026-06-09,sha256:89adb39754a2ff86ae705b0c88589ede03354ad07f1b041296f020313bd7c13e
https://data.lpdaac.earthdatacloud.nasa.gov/lp-prod-protected/ECO_L2T_LSTE.002/ECOv002_L2T_LSTE_29606_003_12SVB_20230925T214542_0710_01/ECOv002_L2T_LSTE_29606_003_12SVB_20230925T214542_0710_01_LST.tif,ECO_L2T_LSTE.002,ECOv002_L2T_LSTE_29606_003_12SVB_20230925T214542_0710_01_LST.tif,2026-06-09,sha256:ccf326e4a1e16f9dc9bea54a638f388ea2a489e24414dc64659c18944100e632
https://data.lpdaac.earthdatacloud.nasa.gov/lp-prod-protected/ECO_L2T_LSTE.002/ECOv002_L2T_LSTE_29606_003_12SVC_20230925T214542_0710_01/ECOv002_L2T_LSTE_29606_003_12SVC_20230925T214542_0710_01_water.tif,ECO_L2T_LSTE.002,ECOv002_L2T_LSTE_29606_003_12SVC_20230925T214542_0710_01_water.tif,2026-06-09,sha256:24544664446d0e0c7031476089f97ce2a24c6bca693b604dfda9fd9dfce4a226
https://data.lpdaac.earthdatacloud.nasa.gov/lp-prod-protected/ECO_L2T_LSTE.002/ECOv002_L2T_LSTE_29606_003_12SVC_20230925T214542_0710_01/ECOv002_L2T_LSTE_29606_003_12SVC_20230925T214542_0710_01_cloud.tif,ECO_L2T_LSTE.002,ECOv002_L2T_LSTE_29606_003_12SVC_20230925T214542_0710_01_cloud.tif,2026-06-09,sha256:62b5e5c40694c1def8af0e90838822340baab8e80b513f19c63213e9abf2cdfd
https://data.lpdaac.earthdatacloud.nasa.gov/lp-prod-protected/ECO_L2T_LSTE.002/ECOv002_L2T_LSTE_29606_003_12SVC_20230925T214542_0710_01/ECOv002_L2T_LSTE_29606_003_12SVC_20230925T214542_0710_01_height.tif,ECO_L2T_LSTE.002,ECOv002_L2T_LSTE_29606_003_12SVC_20230925T214542_0710_01_height.tif,2026-06-09,sha256:ff560220a92816de7edfde77eea0063818bec66faafb4a1f5d3d3697d1335a98
https://data.lpdaac.earthdatacloud.nasa.gov/lp-prod-protected/ECO_L2T_LSTE.002/ECOv002_L2T_LSTE_29606_003_12SVC_20230925T214542_0710_01/ECOv002_L2T_LSTE_29606_003_12SVC_20230925T214542_0710_01_LST.tif,ECO_L2T_LSTE.002,ECOv002_L2T_LSTE_29606_003_12SVC_20230925T214542_0710_01_LST.tif,2026-06-09,sha256:11e6d99e3f62f4e2203c55b978815cc966defc7a0bfcb38b9b79b4092deaffee
https://data.lpdaac.earthdatacloud.nasa.gov/lp-prod-protected/ECO_L2T_LSTE.002/ECOv002_L2T_LSTE_29606_003_12SVC_20230925T214542_0710_01/ECOv002_L2T_LSTE_29606_003_12SVC_20230925T214542_0710_01_QC.tif,ECO_L2T_LSTE.002,ECOv002_L2T_LSTE_29606_003_12SVC_20230925T214542_0710_01_QC.tif,2026-06-09,sha256:7f18f08bbbb4ef0f51e51b76fc8e2d2b70ed6e2e088d850bf1a599be0132d05c
https://data.lpdaac.earthdatacloud.nasa.gov/lp-prod-protected/ECO_L2T_LSTE.002/ECOv002_L2T_LSTE_29606_003_12SUC_20230925T214542_0712_02/ECOv002_L2T_LSTE_29606_003_12SUC_20230925T214542_0712_02_water.tif,ECO_L2T_LSTE.002,ECOv002_L2T_LSTE_29606_003_12SUC_20230925T214542_0712_02_water.tif,2026-06-09,sha256:acaff5a73ca7df1efc29a5e77a67ec78a5607ccab568559ff2c3031f640c83d4
https://data.lpdaac.earthdatacloud.nasa.gov/lp-prod-protected/ECO_L2T_LSTE.002/ECOv002_L2T_LSTE_29606_003_12SUC_20230925T214542_0712_02/ECOv002_L2T_LSTE_29606_003_12SUC_20230925T214542_0712_02_cloud.tif,ECO_L2T_LSTE.002,ECOv002_L2T_LSTE_29606_003_12SUC_20230925T214542_0712_02_cloud.tif,2026-06-09,sha256:1327a5dccd71ffab61dfbb53ace88078fc3cd60538570f1cf71c6baa507b5745
https://data.lpdaac.earthdatacloud.nasa.gov/lp-prod-protected/ECO_L2T_LSTE.002/ECOv002_L2T_LSTE_29606_003_12SUC_20230925T214542_0712_02/ECOv002_L2T_LSTE_29606_003_12SUC_20230925T214542_0712_02_height.tif,ECO_L2T_LSTE.002,ECOv002_L2T_LSTE_29606_003_12SUC_20230925T214542_0712_02_height.tif,2026-06-09,sha256:c39596b92e0812db13a4ffeecc04277b3c7c8378c8f7bc5cd62f31ed1df59ba9
https://data.lpdaac.earthdatacloud.nasa.gov/lp-prod-protected/ECO_L2T_LSTE.002/ECOv002_L2T_LSTE_29606_003_12SUC_20230925T214542_0712_02/ECOv002_L2T_LSTE_29606_003_12SUC_20230925T214542_0712_02_QC.tif,ECO_L2T_LSTE.002,ECOv002_L2T_LSTE_29606_003_12SUC_20230925T214542_0712_02_QC.tif,2026-06-09,sha256:35c259c47edaf5a390e31bb92aa9eb0932652d9dc6a5df09735b20e1296a5f42
https://data.lpdaac.earthdatacloud.nasa.gov/lp-prod-protected/ECO_L2T_LSTE.002/ECOv002_L2T_LSTE_29606_003_12SUC_20230925T214542_0712_02/ECOv002_L2T_LSTE_29606_003_12SUC_20230925T214542_0712_02_LST.tif,ECO_L2T_LSTE.002,ECOv002_L2T_LSTE_29606_003_12SUC_20230925T214542_0712_02_LST.tif,2026-06-09,sha256:934e5339343d769327d8e1e61e894f275878cd1e6c9ec092a0e949703281b771
https://data.lpdaac.earthdatacloud.nasa.gov/lp-prod-protected/ECO_L2T_LSTE.002/ECOv002_L2T_LSTE_29606_003_12SUB_20230925T214542_0712_02/ECOv002_L2T_LSTE_29606_003_12SUB_20230925T214542_0712_02_water.tif,ECO_L2T_LSTE.002,ECOv002_L2T_LSTE_29606_003_12SUB_20230925T214542_0712_02_water.tif,2026-06-09,sha256:e3da502140e4cca38a4ce8d54859a3cc8412c86426aeaec76e6ca1b4721c42a9
https://data.lpdaac.earthdatacloud.nasa.gov/lp-prod-protected/ECO_L2T_LSTE.002/ECOv002_L2T_LSTE_29606_003_12SUB_20230925T214542_0712_02/ECOv002_L2T_LSTE_29606_003_12SUB_20230925T214542_0712_02_cloud.tif,ECO_L2T_LSTE.002,ECOv002_L2T_LSTE_29606_003_12SUB_20230925T214542_0712_02_cloud.tif,2026-06-09,sha256:08dd089b0b0a0e0fe64476e6590a08cdf6a8ac108d7b0e0d248e0177d7c847f8
https://data.lpdaac.earthdatacloud.nasa.gov/lp-prod-protected/ECO_L2T_LSTE.002/ECOv002_L2T_LSTE_29606_003_12SUB_20230925T214542_0712_02/ECOv002_L2T_LSTE_29606_003_12SUB_20230925T214542_0712_02_height.tif,ECO_L2T_LSTE.002,ECOv002_L2T_LSTE_29606_003_12SUB_20230925T214542_0712_02_height.tif,2026-06-09,sha256:5085ec6499378abba69cb717a8b1ce1ded0789500a465e089ca27621f5b1a00d
https://data.lpdaac.earthdatacloud.nasa.gov/lp-prod-protected/ECO_L2T_LSTE.002/ECOv002_L2T_LSTE_29606_003_12SUB_20230925T214542_0712_02/ECOv002_L2T_LSTE_29606_003_12SUB_20230925T214542_0712_02_QC.tif,ECO_L2T_LSTE.002,ECOv002_L2T_LSTE_29606_003_12SUB_20230925T214542_0712_02_QC.tif,2026-06-09,sha256:86ec9e7287485d176e62d2169de25714bc70726332f8408174b149d95c2a2d8b
https://data.lpdaac.earthdatacloud.nasa.gov/lp-prod-protected/ECO_L2T_LSTE.002/ECOv002_L2T_LSTE_29606_003_12SUB_20230925T214542_0712_02/ECOv002_L2T_LSTE_29606_003_12SUB_20230925T214542_0712_02_LST.tif,ECO_L2T_LSTE.002,ECOv002_L2T_LSTE_29606_003_12SUB_20230925T214542_0712_02_LST.tif,2026-06-09,sha256:24c79f1e5f270a8a81aed80fc32743455fe783262104212dc4526988166a8486
https://data.lpdaac.earthdatacloud.nasa.gov/lp-prod-protected/ECO_L2T_LSTE.002/ECOv002_L2T_LSTE_29606_003_12SVB_20230925T214542_0712_02/ECOv002_L2T_LSTE_29606_003_12SVB_20230925T214542_0712_02_water.tif,ECO_L2T_LSTE.002,ECOv002_L2T_LSTE_29606_003_12SVB_20230925T214542_0712_02_water.tif,2026-06-09,sha256:32afc8f6601ae75fefb6e0d489995ff5761f18711e2701b42553fcfe5f6ad5c4
https://data.lpdaac.earthdatacloud.nasa.gov/lp-prod-protected/ECO_L2T_LSTE.002/ECOv002_L2T_LSTE_29606_003_12SVB_20230925T214542_0712_02/ECOv002_L2T_LSTE_29606_003_12SVB_20230925T214542_0712_02_cloud.tif,ECO_L2T_LSTE.002,ECOv002_L2T_LSTE_29606_003_12SVB_20230925T214542_0712_02_cloud.tif,2026-06-09,sha256:c32045edebfbd3e7b29ea9be7a193086e991a12065b21e06ac3b64b215ae8e2f
https://data.lpdaac.earthdatacloud.nasa.gov/lp-prod-protected/ECO_L2T_LSTE.002/ECOv002_L2T_LSTE_29606_003_12SVB_20230925T214542_0712_02/ECOv002_L2T_LSTE_29606_003_12SVB_20230925T214542_0712_02_height.tif,ECO_L2T_LSTE.002,ECOv002_L2T_LSTE_29606_003_12SVB_20230925T214542_0712_02_height.tif,2026-06-09,sha256:443e3128994d47506119a8e667af72779860ab5431cd45ec4f88c3cfb94c15f1
https://data.lpdaac.earthdatacloud.nasa.gov/lp-prod-protected/ECO_L2T_LSTE.002/ECOv002_L2T_LSTE_29606_003_12SVB_20230925T214542_0712_02/ECOv002_L2T_LSTE_29606_003_12SVB_20230925T214542_0712_02_QC.tif,ECO_L2T_LSTE.002,ECOv002_L2T_LSTE_29606_003_12SVB_20230925T214542_0712_02_QC.tif,2026-06-09,sha256:33b9c66967276c2b0a09e4d0deb840a6f71ba1423716f36ddc865865837a2422
https://data.lpdaac.earthdatacloud.nasa.gov/lp-prod-protected/ECO_L2T_LSTE.002/ECOv002_L2T_LSTE_29606_003_12SVB_20230925T214542_0712_02/ECOv002_L2T_LSTE_29606_003_12SVB_20230925T214542_0712_02_LST.tif,ECO_L2T_LSTE.002,ECOv002_L2T_LSTE_29606_003_12SVB_20230925T214542_0712_02_LST.tif,2026-06-09,sha256:fd4922a0bb042adeec6f8357fc385e456329eacdffbdaf1e080d4759de9114f6
https://data.lpdaac.earthdatacloud.nasa.gov/lp-prod-protected/ECO_L2T_LSTE.002/ECOv002_L2T_LSTE_29606_003_12SVC_20230925T214542_0712_02/ECOv002_L2T_LSTE_29606_003_12SVC_20230925T214542_0712_02_water.tif,ECO_L2T_LSTE.002,ECOv002_L2T_LSTE_29606_003_12SVC_20230925T214542_0712_02_water.tif,2026-06-09,sha256:b90392db7f76cdc66facbad10baadd36ded9c29dc9a9ff5c8e6cc5a7bbf3f60f
https://data.lpdaac.earthdatacloud.nasa.gov/lp-prod-protected/ECO_L2T_LSTE.002/ECOv002_L2T_LSTE_29606_003_12SVC_20230925T214542_0712_02/ECOv002_L2T_LSTE_29606_003_12SVC_20230925T214542_0712_02_cloud.tif,ECO_L2T_LSTE.002,ECOv002_L2T_LSTE_29606_003_12SVC_20230925T214542_0712_02_cloud.tif,2026-06-09,sha256:05df9379d122a709fa17739bb19362802514d9281c94a14d170be79997571ddb
https://data.lpdaac.earthdatacloud.nasa.gov/lp-prod-protected/ECO_L2T_LSTE.002/ECOv002_L2T_LSTE_29606_003_12SVC_20230925T214542_0712_02/ECOv002_L2T_LSTE_29606_003_12SVC_20230925T214542_0712_02_height.tif,ECO_L2T_LSTE.002,ECOv002_L2T_LSTE_29606_003_12SVC_20230925T214542_0712_02_height.tif,2026-06-09,sha256:dcafd741575bb0333fecfd9aaae50e08ffccb72a0fcb8388b1ef1ad4e54e1bd8
https://data.lpdaac.earthdatacloud.nasa.gov/lp-prod-protected/ECO_L2T_LSTE.002/ECOv002_L2T_LSTE_29606_003_12SVC_20230925T214542_0712_02/ECOv002_L2T_LSTE_29606_003_12SVC_20230925T214542_0712_02_QC.tif,ECO_L2T_LSTE.002,ECOv002_L2T_LSTE_29606_003_12SVC_20230925T214542_0712_02_QC.tif,2026-06-09,sha256:c62b77fde6c631396df0fb09b04a865b3c0fe9f27cabd3007b88d7eb1f93c4da
https://data.lpdaac.earthdatacloud.nasa.gov/lp-prod-protected/ECO_L2T_LSTE.002/ECOv002_L2T_LSTE_29606_003_12SVC_20230925T214542_0712_02/ECOv002_L2T_LSTE_29606_003_12SVC_20230925T214542_0712_02_LST.tif,ECO_L2T_LSTE.002,ECOv002_L2T_LSTE_29606_003_12SVC_20230925T214542_0712_02_LST.tif,2026-06-09,sha256:7cbb8a07cc52522547bb545c942a23d9bf388ba0f075307433fc2250b3b451df
https://data.lpdaac.earthdatacloud.nasa.gov/lp-prod-protected/ECO_L2T_LSTE.002/ECOv002_L2T_LSTE_29606_003_12SUC_20230925T214542_0712_03/ECOv002_L2T_LSTE_29606_003_12SUC_20230925T214542_0712_03_water.tif,ECO_L2T_LSTE.002,ECOv002_L2T_LSTE_29606_003_12SUC_20230925T214542_0712_03_water.tif,2026-06-09,sha256:0add56e7edf87a70263a283d7cdf7ec4960564da7b06c55eb1c3683388d151de
https://data.lpdaac.earthdatacloud.nasa.gov/lp-prod-protected/ECO_L2T_LSTE.002/ECOv002_L2T_LSTE_29606_003_12SUC_20230925T214542_0712_03/ECOv002_L2T_LSTE_29606_003_12SUC_20230925T214542_0712_03_cloud.tif,ECO_L2T_LSTE.002,ECOv002_L2T_LSTE_29606_003_12SUC_20230925T214542_0712_03_cloud.tif,2026-06-09,sha256:e73ae8bcf1a2c588f486242cda8a10a3e3d24eaf225b1cf10f5baf7a94b32b6c
https://data.lpdaac.earthdatacloud.nasa.gov/lp-prod-protected/ECO_L2T_LSTE.002/ECOv002_L2T_LSTE_29606_003_12SUC_20230925T214542_0712_03/ECOv002_L2T_LSTE_29606_003_12SUC_20230925T214542_0712_03_height.tif,ECO_L2T_LSTE.002,ECOv002_L2T_LSTE_29606_003_12SUC_20230925T214542_0712_03_height.tif,2026-06-09,sha256:69a1a021f73988f60dcd7c918bc25ec697cb18aec8fd82a6b875e44da0390552
https://data.lpdaac.earthdatacloud.nasa.gov/lp-prod-protected/ECO_L2T_LSTE.002/ECOv002_L2T_LSTE_29606_003_12SUC_20230925T214542_0712_03/ECOv002_L2T_LSTE_29606_003_12SUC_20230925T214542_0712_03_QC.tif,ECO_L2T_LSTE.002,ECOv002_L2T_LSTE_29606_003_12SUC_20230925T214542_0712_03_QC.tif,2026-06-09,sha256:c15ad7ac0fa7579e95d0794a508e59b25201863e83ac20a702c61c353519f862
https://data.lpdaac.earthdatacloud.nasa.gov/lp-prod-protected/ECO_L2T_LSTE.002/ECOv002_L2T_LSTE_29606_003_12SUC_20230925T214542_0712_03/ECOv002_L2T_LSTE_29606_003_12SUC_20230925T214542_0712_03_LST.tif,ECO_L2T_LSTE.002,ECOv002_L2T_LSTE_29606_003_12SUC_20230925T214542_0712_03_LST.tif,2026-06-09,sha256:e11ac305f901fbbb211455a82e2bee650b176325898d4f51fa172b86bb4ec926
https://data.lpdaac.earthdatacloud.nasa.gov/lp-prod-protected/ECO_L2T_LSTE.002/ECOv002_L2T_LSTE_29606_003_12SUB_20230925T214542_0712_03/ECOv002_L2T_LSTE_29606_003_12SUB_20230925T214542_0712_03_water.tif,ECO_L2T_LSTE.002,ECOv002_L2T_LSTE_29606_003_12SUB_20230925T214542_0712_03_water.tif,2026-06-09,sha256:86003c5ebd0735fc3b86c473d08cef228b463ce2a7fe72e63c532aa198c2cdcf
https://data.lpdaac.earthdatacloud.nasa.gov/lp-prod-protected/ECO_L2T_LSTE.002/ECOv002_L2T_LSTE_29606_003_12SUB_20230925T214542_0712_03/ECOv002_L2T_LSTE_29606_003_12SUB_20230925T214542_0712_03_cloud.tif,ECO_L2T_LSTE.002,ECOv002_L2T_LSTE_29606_003_12SUB_20230925T214542_0712_03_cloud.tif,2026-06-09,sha256:08dd089b0b0a0e0fe64476e6590a08cdf6a8ac108d7b0e0d248e0177d7c847f8
https://data.lpdaac.earthdatacloud.nasa.gov/lp-prod-protected/ECO_L2T_LSTE.002/ECOv002_L2T_LSTE_29606_003_12SUB_20230925T214542_0712_03/ECOv002_L2T_LSTE_29606_003_12SUB_20230925T214542_0712_03_height.tif,ECO_L2T_LSTE.002,ECOv002_L2T_LSTE_29606_003_12SUB_20230925T214542_0712_03_height.tif,2026-06-09,sha256:12246271d9bbd6804f9f40850914c4ba6f888adf6c6eabf1c6881b5ac01d1319
https://data.lpdaac.earthdatacloud.nasa.gov/lp-prod-protected/ECO_L2T_LSTE.002/ECOv002_L2T_LSTE_29606_003_12SUB_20230925T214542_0712_03/ECOv002_L2T_LSTE_29606_003_12SUB_20230925T214542_0712_03_QC.tif,ECO_L2T_LSTE.002,ECOv002_L2T_LSTE_29606_003_12SUB_20230925T214542_0712_03_QC.tif,2026-06-09,sha256:a098ffcd01d0caf8df5464733a2d01151c626e44d18846ccbf650bd1fbd6b776
https://data.lpdaac.earthdatacloud.nasa.gov/lp-prod-protected/ECO_L2T_LSTE.002/ECOv002_L2T_LSTE_29606_003_12SUB_20230925T214542_0712_03/ECOv002_L2T_LSTE_29606_003_12SUB_20230925T214542_0712_03_LST.tif,ECO_L2T_LSTE.002,ECOv002_L2T_LSTE_29606_003_12SUB_20230925T214542_0712_03_LST.tif,2026-06-09,sha256:c0a0de85e0e8813a18ea1e829352d2f5a681bd25349d23b15d7ce86a5428bb44
https://data.lpdaac.earthdatacloud.nasa.gov/lp-prod-protected/ECO_L2T_LSTE.002/ECOv002_L2T_LSTE_29606_003_12SVC_20230925T214542_0712_03/ECOv002_L2T_LSTE_29606_003_12SVC_20230925T214542_0712_03_water.tif,ECO_L2T_LSTE.002,ECOv002_L2T_LSTE_29606_003_12SVC_20230925T214542_0712_03_water.tif,2026-06-09,sha256:3b6bd275a51d3657edceefe937c7121a0014bd97d1633820f6b40881acfc9a43
https://data.lpdaac.earthdatacloud.nasa.gov/lp-prod-protected/ECO_L2T_LSTE.002/ECOv002_L2T_LSTE_29606_003_12SVC_20230925T214542_0712_03/ECOv002_L2T_LSTE_29606_003_12SVC_20230925T214542_0712_03_cloud.tif,ECO_L2T_LSTE.002,ECOv002_L2T_LSTE_29606_003_12SVC_20230925T214542_0712_03_cloud.tif,2026-06-09,sha256:4f3aa0facdb89df95d4eaedc0c4ead24ece3afcee30d1d67984cbd9210799520
https://data.lpdaac.earthdatacloud.nasa.gov/lp-prod-protected/ECO_L2T_LSTE.002/ECOv002_L2T_LSTE_29606_003_12SVC_20230925T214542_0712_03/ECOv002_L2T_LSTE_29606_003_12SVC_20230925T214542_0712_03_height.tif,ECO_L2T_LSTE.002,ECOv002_L2T_LSTE_29606_003_12SVC_20230925T214542_0712_03_height.tif,2026-06-09,sha256:015aa7d355165c5e46038957d1c01c37d57267693b464d62cd06dce71dd81aab
https://data.lpdaac.earthdatacloud.nasa.gov/lp-prod-protected/ECO_L2T_LSTE.002/ECOv002_L2T_LSTE_29606_003_12SVC_20230925T214542_0712_03/ECOv002_L2T_LSTE_29606_003_12SVC_20230925T214542_0712_03_QC.tif,ECO_L2T_LSTE.002,ECOv002_L2T_LSTE_29606_003_12SVC_20230925T214542_0712_03_QC.tif,2026-06-09,sha256:e6756559ddee2315671e33f85fe396e84dc2d21221ff4465bac9b68299c09d1d
https://data.lpdaac.earthdatacloud.nasa.gov/lp-prod-protected/ECO_L2T_LSTE.002/ECOv002_L2T_LSTE_29606_003_12SVC_20230925T214542_0712_03/ECOv002_L2T_LSTE_29606_003_12SVC_20230925T214542_0712_03_LST.tif,ECO_L2T_LSTE.002,ECOv002_L2T_LSTE_29606_003_12SVC_20230925T214542_0712_03_LST.tif,2026-06-09,sha256:ed48e5ce4124f1b405db9f1aa98a634aedb6fedf74bb03ac058e4b4fd84cc91b
https://data.lpdaac.earthdatacloud.nasa.gov/lp-prod-protected/ECO_L2T_LSTE.002/ECOv002_L2T_LSTE_29606_003_12SVB_20230925T214542_0712_03/ECOv002_L2T_LSTE_29606_003_12SVB_20230925T214542_0712_03_water.tif,ECO_L2T_LSTE.002,ECOv002_L2T_LSTE_29606_003_12SVB_20230925T214542_0712_03_water.tif,2026-06-09,sha256:ae0a8287a2db89c0afd5c45cdc3bf6c85c7440aeb8ee683d94291606949e5815
https://data.lpdaac.earthdatacloud.nasa.gov/lp-prod-protected/ECO_L2T_LSTE.002/ECOv002_L2T_LSTE_29606_003_12SVB_20230925T214542_0712_03/ECOv002_L2T_LSTE_29606_003_12SVB_20230925T214542_0712_03_cloud.tif,ECO_L2T_LSTE.002,ECOv002_L2T_LSTE_29606_003_12SVB_20230925T214542_0712_03_cloud.tif,2026-06-09,sha256:c32045edebfbd3e7b29ea9be7a193086e991a12065b21e06ac3b64b215ae8e2f
https://data.lpdaac.earthdatacloud.nasa.gov/lp-prod-protected/ECO_L2T_LSTE.002/ECOv002_L2T_LSTE_29606_003_12SVB_20230925T214542_0712_03/ECOv002_L2T_LSTE_29606_003_12SVB_20230925T214542_0712_03_height.tif,ECO_L2T_LSTE.002,ECOv002_L2T_LSTE_29606_003_12SVB_20230925T214542_0712_03_height.tif,2026-06-09,sha256:3cf22dc0719735cb1d84d51fc77383625ad4cfd0c2119f098eab93d491b33f5a
https://data.lpdaac.earthdatacloud.nasa.gov/lp-prod-protected/ECO_L2T_LSTE.002/ECOv002_L2T_LSTE_29606_003_12SVB_20230925T214542_0712_03/ECOv002_L2T_LSTE_29606_003_12SVB_20230925T214542_0712_03_QC.tif,ECO_L2T_LSTE.002,ECOv002_L2T_LSTE_29606_003_12SVB_20230925T214542_0712_03_QC.tif,2026-06-09,sha256:5851f27b8e2f2236fcb613613898fccbc156eb8c2657cdb9d74f29a6b1bb7b29
https://data.lpdaac.earthdatacloud.nasa.gov/lp-prod-protected/ECO_L2T_LSTE.002/ECOv002_L2T_LSTE_29606_003_12SVB_20230925T214542_0712_03/ECOv002_L2T_LSTE_29606_003_12SVB_20230925T214542_0712_03_LST.tif,ECO_L2T_LSTE.002,ECOv002_L2T_LSTE_29606_003_12SVB_20230925T214542_0712_03_LST.tif,2026-06-09,sha256:7403b9d893864c7039f5c85a878ddc053a55e89501b716c11f7eb6adeed19eb0
https://data.lpdaac.earthdatacloud.nasa.gov/lp-prod-protected/ECO_L2T_LSTE.002/ECOv002_L2T_LSTE_29652_001_12SUB_20230928T205726_0711_01/ECOv002_L2T_LSTE_29652_001_12SUB_20230928T205726_0711_01_water.tif,ECO_L2T_LSTE.002,ECOv002_L2T_LSTE_29652_001_12SUB_20230928T205726_0711_01_water.tif,2026-06-09,sha256:9d1029ebfe88772dbcf738acfc5a8fe80e3e047f4de8f0e4cd7b19f9950beac4
https://data.lpdaac.earthdatacloud.nasa.gov/lp-prod-protected/ECO_L2T_LSTE.002/ECOv002_L2T_LSTE_29652_001_12SUB_20230928T205726_0711_01/ECOv002_L2T_LSTE_29652_001_12SUB_20230928T205726_0711_01_QC.tif,ECO_L2T_LSTE.002,ECOv002_L2T_LSTE_29652_001_12SUB_20230928T205726_0711_01_QC.tif,2026-06-09,sha256:33954f8e9191efc50f4e7e33179bab61cc3257068066297916a64125fb96e184
https://data.lpdaac.earthdatacloud.nasa.gov/lp-prod-protected/ECO_L2T_LSTE.002/ECOv002_L2T_LSTE_29652_001_12SUB_20230928T205726_0711_01/ECOv002_L2T_LSTE_29652_001_12SUB_20230928T205726_0711_01_cloud.tif,ECO_L2T_LSTE.002,ECOv002_L2T_LSTE_29652_001_12SUB_20230928T205726_0711_01_cloud.tif,2026-06-09,sha256:12926d44db3ee3fcbab890cac674f9849409445af7a5d5599a008ed2ac1cc1ca
https://data.lpdaac.earthdatacloud.nasa.gov/lp-prod-protected/ECO_L2T_LSTE.002/ECOv002_L2T_LSTE_29652_001_12SUB_20230928T205726_0711_01/ECOv002_L2T_LSTE_29652_001_12SUB_20230928T205726_0711_01_height.tif,ECO_L2T_LSTE.002,ECOv002_L2T_LSTE_29652_001_12SUB_20230928T205726_0711_01_height.tif,2026-06-09,sha256:d74ee47bfe69cc9cfc8928b81875b62b650cbebb54dc064b098ac05c3408fdb2
https://data.lpdaac.earthdatacloud.nasa.gov/lp-prod-protected/ECO_L2T_LSTE.002/ECOv002_L2T_LSTE_29652_001_12SUB_20230928T205726_0711_01/ECOv002_L2T_LSTE_29652_001_12SUB_20230928T205726_0711_01_LST.tif,ECO_L2T_LSTE.002,ECOv002_L2T_LSTE_29652_001_12SUB_20230928T205726_0711_01_LST.tif,2026-06-09,sha256:2adf2c1fd221bfe9e19981137d7635bd48f75f3c76d4c829c7669dbdc5b7965f
https://data.lpdaac.earthdatacloud.nasa.gov/lp-prod-protected/ECO_L2T_LSTE.002/ECOv002_L2T_LSTE_29652_001_12SUC_20230928T205726_0711_01/ECOv002_L2T_LSTE_29652_001_12SUC_20230928T205726_0711_01_water.tif,ECO_L2T_LSTE.002,ECOv002_L2T_LSTE_29652_001_12SUC_20230928T205726_0711_01_water.tif,2026-06-09,sha256:f58999350c91a5243f5d677c2407f04e739f270a875771f4fd462d17415acc9e
https://data.lpdaac.earthdatacloud.nasa.gov/lp-prod-protected/ECO_L2T_LSTE.002/ECOv002_L2T_LSTE_29652_001_12SUC_20230928T205726_0711_01/ECOv002_L2T_LSTE_29652_001_12SUC_20230928T205726_0711_01_QC.tif,ECO_L2T_LSTE.002,ECOv002_L2T_LSTE_29652_001_12SUC_20230928T205726_0711_01_QC.tif,2026-06-09,sha256:1d2263dca4496a9cdc2dacf91b772672d780b01ee50b53a5d824d8046627e91a
https://data.lpdaac.earthdatacloud.nasa.gov/lp-prod-protected/ECO_L2T_LSTE.002/ECOv002_L2T_LSTE_29652_001_12SUC_20230928T205726_0711_01/ECOv002_L2T_LSTE_29652_001_12SUC_20230928T205726_0711_01_cloud.tif,ECO_L2T_LSTE.002,ECOv002_L2T_LSTE_29652_001_12SUC_20230928T205726_0711_01_cloud.tif,2026-06-09,sha256:fcd2a2dbc28b8aa3a1eae2e80e10f26196a820b1b8fdf92ba8e7096da4cef08f
https://data.lpdaac.earthdatacloud.nasa.gov/lp-prod-protected/ECO_L2T_LSTE.002/ECOv002_L2T_LSTE_29652_001_12SUC_20230928T205726_0711_01/ECOv002_L2T_LSTE_29652_001_12SUC_20230928T205726_0711_01_height.tif,ECO_L2T_LSTE.002,ECOv002_L2T_LSTE_29652_001_12SUC_20230928T205726_0711_01_height.tif,2026-06-09,sha256:80956fff35a107953fc583d03fc296f8b616aac4a64f975592c1b1c9234e93fd
https://data.lpdaac.earthdatacloud.nasa.gov/lp-prod-protected/ECO_L2T_LSTE.002/ECOv002_L2T_LSTE_29652_001_12SUC_20230928T205726_0711_01/ECOv002_L2T_LSTE_29652_001_12SUC_20230928T205726_0711_01_LST.tif,ECO_L2T_LSTE.002,ECOv002_L2T_LSTE_29652_001_12SUC_20230928T205726_0711_01_LST.tif,2026-06-09,sha256:9f901be5f4f9d12c3067162f23101a6839216b1d592c867e6b576343b83eea02
https://data.lpdaac.earthdatacloud.nasa.gov/lp-prod-protected/ECO_L2T_LSTE.002/ECOv002_L2T_LSTE_29652_001_12SUC_20230928T205726_0712_02/ECOv002_L2T_LSTE_29652_001_12SUC_20230928T205726_0712_02_water.tif,ECO_L2T_LSTE.002,ECOv002_L2T_LSTE_29652_001_12SUC_20230928T205726_0712_02_water.tif,2026-06-09,sha256:510b1722561dc9b5e12bbe420ff20bc050f87ca76a014e6207c832f6aa9ae031
https://data.lpdaac.earthdatacloud.nasa.gov/lp-prod-protected/ECO_L2T_LSTE.002/ECOv002_L2T_LSTE_29652_001_12SUC_20230928T205726_0712_02/ECOv002_L2T_LSTE_29652_001_12SUC_20230928T205726_0712_02_cloud.tif,ECO_L2T_LSTE.002,ECOv002_L2T_LSTE_29652_001_12SUC_20230928T205726_0712_02_cloud.tif,2026-06-09,sha256:fcd2a2dbc28b8aa3a1eae2e80e10f26196a820b1b8fdf92ba8e7096da4cef08f
https://data.lpdaac.earthdatacloud.nasa.gov/lp-prod-protected/ECO_L2T_LSTE.002/ECOv002_L2T_LSTE_29652_001_12SUC_20230928T205726_0712_02/ECOv002_L2T_LSTE_29652_001_12SUC_20230928T205726_0712_02_height.tif,ECO_L2T_LSTE.002,ECOv002_L2T_LSTE_29652_001_12SUC_20230928T205726_0712_02_height.tif,2026-06-09,sha256:cbbaed2de98f93052cd05f095c9b22cc610812a012586682e28705797d55ffb6
https://data.lpdaac.earthdatacloud.nasa.gov/lp-prod-protected/ECO_L2T_LSTE.002/ECOv002_L2T_LSTE_29652_001_12SUC_20230928T205726_0712_02/ECOv002_L2T_LSTE_29652_001_12SUC_20230928T205726_0712_02_QC.tif,ECO_L2T_LSTE.002,ECOv002_L2T_LSTE_29652_001_12SUC_20230928T205726_0712_02_QC.tif,2026-06-09,sha256:f720213dfcfb1e5c391a7919ecef66a5e30dc72aff3f736bbe9e149dd5288064
https://data.lpdaac.earthdatacloud.nasa.gov/lp-prod-protected/ECO_L2T_LSTE.002/ECOv002_L2T_LSTE_29652_001_12SUC_20230928T205726_0712_02/ECOv002_L2T_LSTE_29652_001_12SUC_20230928T205726_0712_02_LST.tif,ECO_L2T_LSTE.002,ECOv002_L2T_LSTE_29652_001_12SUC_20230928T205726_0712_02_LST.tif,2026-06-09,sha256:29cc6599aa4128f6e96d5b8f5b6420d24d2df405145b4cf5654966db55d6c203
https://data.lpdaac.earthdatacloud.nasa.gov/lp-prod-protected/ECO_L2T_LSTE.002/ECOv002_L2T_LSTE_29652_001_12SUB_20230928T205726_0712_02/ECOv002_L2T_LSTE_29652_001_12SUB_20230928T205726_0712_02_water.tif,ECO_L2T_LSTE.002,ECOv002_L2T_LSTE_29652_001_12SUB_20230928T205726_0712_02_water.tif,2026-06-09,sha256:2d9c95fa59b67a6d9dc8f8b12ea24b4cb8b037799b18eaacf07367ba5de10b80
https://data.lpdaac.earthdatacloud.nasa.gov/lp-prod-protected/ECO_L2T_LSTE.002/ECOv002_L2T_LSTE_29652_001_12SUB_20230928T205726_0712_02/ECOv002_L2T_LSTE_29652_001_12SUB_20230928T205726_0712_02_cloud.tif,ECO_L2T_LSTE.002,ECOv002_L2T_LSTE_29652_001_12SUB_20230928T205726_0712_02_cloud.tif,2026-06-09,sha256:12926d44db3ee3fcbab890cac674f9849409445af7a5d5599a008ed2ac1cc1ca
https://data.lpdaac.earthdatacloud.nasa.gov/lp-prod-protected/ECO_L2T_LSTE.002/ECOv002_L2T_LSTE_29652_001_12SUB_20230928T205726_0712_02/ECOv002_L2T_LSTE_29652_001_12SUB_20230928T205726_0712_02_height.tif,ECO_L2T_LSTE.002,ECOv002_L2T_LSTE_29652_001_12SUB_20230928T205726_0712_02_height.tif,2026-06-09,sha256:81f807e40fad9b50c10657065f6a9a4a595f006b5f282cb35033a85e4c7a9910
https://data.lpdaac.earthdatacloud.nasa.gov/lp-prod-protected/ECO_L2T_LSTE.002/ECOv002_L2T_LSTE_29652_001_12SUB_20230928T205726_0712_02/ECOv002_L2T_LSTE_29652_001_12SUB_20230928T205726_0712_02_QC.tif,ECO_L2T_LSTE.002,ECOv002_L2T_LSTE_29652_001_12SUB_20230928T205726_0712_02_QC.tif,2026-06-09,sha256:781f082bbbfdeb0926d91af7501a7a19b3a0253d3e422222c0dbe218f4d5b21a
https://data.lpdaac.earthdatacloud.nasa.gov/lp-prod-protected/ECO_L2T_LSTE.002/ECOv002_L2T_LSTE_29652_001_12SUB_20230928T205726_0712_02/ECOv002_L2T_LSTE_29652_001_12SUB_20230928T205726_0712_02_LST.tif,ECO_L2T_LSTE.002,ECOv002_L2T_LSTE_29652_001_12SUB_20230928T205726_0712_02_LST.tif,2026-06-09,sha256:fc45995d780446ae6e4ade82fbf06fbd874a89ec6ebfd708fb4622f031cfa3f2
https://data.lpdaac.earthdatacloud.nasa.gov/lp-prod-protected/ECO_L2T_LSTE.002/ECOv002_L2T_LSTE_29652_002_12SUB_20230928T205818_0711_01/ECOv002_L2T_LSTE_29652_002_12SUB_20230928T205818_0711_01_water.tif,ECO_L2T_LSTE.002,ECOv002_L2T_LSTE_29652_002_12SUB_20230928T205818_0711_01_water.tif,2026-06-09,sha256:12926d44db3ee3fcbab890cac674f9849409445af7a5d5599a008ed2ac1cc1ca
https://data.lpdaac.earthdatacloud.nasa.gov/lp-prod-protected/ECO_L2T_LSTE.002/ECOv002_L2T_LSTE_29652_002_12SUB_20230928T205818_0711_01/ECOv002_L2T_LSTE_29652_002_12SUB_20230928T205818_0711_01_cloud.tif,ECO_L2T_LSTE.002,ECOv002_L2T_LSTE_29652_002_12SUB_20230928T205818_0711_01_cloud.tif,2026-06-09,sha256:12926d44db3ee3fcbab890cac674f9849409445af7a5d5599a008ed2ac1cc1ca
https://data.lpdaac.earthdatacloud.nasa.gov/lp-prod-protected/ECO_L2T_LSTE.002/ECOv002_L2T_LSTE_29652_002_12SUB_20230928T205818_0711_01/ECOv002_L2T_LSTE_29652_002_12SUB_20230928T205818_0711_01_height.tif,ECO_L2T_LSTE.002,ECOv002_L2T_LSTE_29652_002_12SUB_20230928T205818_0711_01_height.tif,2026-06-09,sha256:43e2fc7aa6c991e5df8475a107e081d44b59af590c241b4de52a2f7936ad1fe4
https://data.lpdaac.earthdatacloud.nasa.gov/lp-prod-protected/ECO_L2T_LSTE.002/ECOv002_L2T_LSTE_29652_002_12SUB_20230928T205818_0711_01/ECOv002_L2T_LSTE_29652_002_12SUB_20230928T205818_0711_01_LST.tif,ECO_L2T_LSTE.002,ECOv002_L2T_LSTE_29652_002_12SUB_20230928T205818_0711_01_LST.tif,2026-06-09,sha256:dbedbde3c5dd136b97664cc8453aa79c6fadd029cc529ff3a514528a6aebb898
https://data.lpdaac.earthdatacloud.nasa.gov/lp-prod-protected/ECO_L2T_LSTE.002/ECOv002_L2T_LSTE_29652_002_12SUB_20230928T205818_0711_01/ECOv002_L2T_LSTE_29652_002_12SUB_20230928T205818_0711_01_QC.tif,ECO_L2T_LSTE.002,ECOv002_L2T_LSTE_29652_002_12SUB_20230928T205818_0711_01_QC.tif,2026-06-09,sha256:c29103efba0e2aa15307376e104d572e100df8cfc7105f5ed6f250126f86af61
https://data.lpdaac.earthdatacloud.nasa.gov/lp-prod-protected/ECO_L2T_LSTE.002/ECOv002_L2T_LSTE_29652_002_12SUC_20230928T205818_0711_01/ECOv002_L2T_LSTE_29652_002_12SUC_20230928T205818_0711_01_water.tif,ECO_L2T_LSTE.002,ECOv002_L2T_LSTE_29652_002_12SUC_20230928T205818_0711_01_water.tif,2026-06-09,sha256:9cba95e6dbbf62d22fba4d8b73e8578a12e371e32068ca527def8cca856399d0
https://data.lpdaac.earthdatacloud.nasa.gov/lp-prod-protected/ECO_L2T_LSTE.002/ECOv002_L2T_LSTE_29652_002_12SUC_20230928T205818_0711_01/ECOv002_L2T_LSTE_29652_002_12SUC_20230928T205818_0711_01_QC.tif,ECO_L2T_LSTE.002,ECOv002_L2T_LSTE_29652_002_12SUC_20230928T205818_0711_01_QC.tif,2026-06-09,sha256:4745a70f076ce6b514f47ff879344947b2a08bdf77a91fd61265c7ebba879de0
https://data.lpdaac.earthdatacloud.nasa.gov/lp-prod-protected/ECO_L2T_LSTE.002/ECOv002_L2T_LSTE_29652_002_12SUC_20230928T205818_0711_01/ECOv002_L2T_LSTE_29652_002_12SUC_20230928T205818_0711_01_cloud.tif,ECO_L2T_LSTE.002,ECOv002_L2T_LSTE_29652_002_12SUC_20230928T205818_0711_01_cloud.tif,2026-06-09,sha256:41e291417905fcb53ee37e35b681d84ba5b6acd2ce77a935918d3091cb679416
https://data.lpdaac.earthdatacloud.nasa.gov/lp-prod-protected/ECO_L2T_LSTE.002/ECOv002_L2T_LSTE_29652_002_12SUC_20230928T205818_0711_01/ECOv002_L2T_LSTE_29652_002_12SUC_20230928T205818_0711_01_height.tif,ECO_L2T_LSTE.002,ECOv002_L2T_LSTE_29652_002_12SUC_20230928T205818_0711_01_height.tif,2026-06-09,sha256:d5edab54d0ca84e07e34cf251cda5105ec51b3d955b8e2e6c35e8b180c1df3e4
https://data.lpdaac.earthdatacloud.nasa.gov/lp-prod-protected/ECO_L2T_LSTE.002/ECOv002_L2T_LSTE_29652_002_12SUC_20230928T205818_0711_01/ECOv002_L2T_LSTE_29652_002_12SUC_20230928T205818_0711_01_LST.tif,ECO_L2T_LSTE.002,ECOv002_L2T_LSTE_29652_002_12SUC_20230928T205818_0711_01_LST.tif,2026-06-09,sha256:52ada6dc599d48597673abb34d10957cdb43c6fe9c08e4a03c53f0fac0ebf0e5
https://data.lpdaac.earthdatacloud.nasa.gov/lp-prod-protected/ECO_L2T_LSTE.002/ECOv002_L2T_LSTE_29652_002_12SVC_20230928T205818_0712_02/ECOv002_L2T_LSTE_29652_002_12SVC_20230928T205818_0712_02_water.tif,ECO_L2T_LSTE.002,ECOv002_L2T_LSTE_29652_002_12SVC_20230928T205818_0712_02_water.tif,2026-06-09,sha256:ee6a07504f550d6dbe84f4e9c847ce5e46c1ebc8fe7a75758b895b43fb9ba70d
https://data.lpdaac.earthdatacloud.nasa.gov/lp-prod-protected/ECO_L2T_LSTE.002/ECOv002_L2T_LSTE_29652_002_12SVC_20230928T205818_0712_02/ECOv002_L2T_LSTE_29652_002_12SVC_20230928T205818_0712_02_cloud.tif,ECO_L2T_LSTE.002,ECOv002_L2T_LSTE_29652_002_12SVC_20230928T205818_0712_02_cloud.tif,2026-06-09,sha256:c2bed66baa71313b75ba2a4994509e3a621cdc07b510d2f7ddddb9191914f116
https://data.lpdaac.earthdatacloud.nasa.gov/lp-prod-protected/ECO_L2T_LSTE.002/ECOv002_L2T_LSTE_29652_002_12SVC_20230928T205818_0712_02/ECOv002_L2T_LSTE_29652_002_12SVC_20230928T205818_0712_02_height.tif,ECO_L2T_LSTE.002,ECOv002_L2T_LSTE_29652_002_12SVC_20230928T205818_0712_02_height.tif,2026-06-09,sha256:30181a1a07661f12a548a4f00c3491c6eea6c950c543cceac925337fccf54a8d
https://data.lpdaac.earthdatacloud.nasa.gov/lp-prod-protected/ECO_L2T_LSTE.002/ECOv002_L2T_LSTE_29652_002_12SVC_20230928T205818_0712_02/ECOv002_L2T_LSTE_29652_002_12SVC_20230928T205818_0712_02_QC.tif,ECO_L2T_LSTE.002,ECOv002_L2T_LSTE_29652_002_12SVC_20230928T205818_0712_02_QC.tif,2026-06-09,sha256:6583587508833c1b3f52b83d7e7c80a2d1ac4b06c851f338b5934140a08fa39b
https://data.lpdaac.earthdatacloud.nasa.gov/lp-prod-protected/ECO_L2T_LSTE.002/ECOv002_L2T_LSTE_29652_002_12SVC_20230928T205818_0712_02/ECOv002_L2T_LSTE_29652_002_12SVC_20230928T205818_0712_02_LST.tif,ECO_L2T_LSTE.002,ECOv002_L2T_LSTE_29652_002_12SVC_20230928T205818_0712_02_LST.tif,2026-06-09,sha256:9eb999b0755e2eb11e907a369a9d859fc76b1fc992e3a180a8b2a7bb37f54114
https://data.lpdaac.earthdatacloud.nasa.gov/lp-prod-protected/ECO_L2T_LSTE.002/ECOv002_L2T_LSTE_29652_002_12SUB_20230928T205818_0712_02/ECOv002_L2T_LSTE_29652_002_12SUB_20230928T205818_0712_02_water.tif,ECO_L2T_LSTE.002,ECOv002_L2T_LSTE_29652_002_12SUB_20230928T205818_0712_02_water.tif,2026-06-09,sha256:12926d44db3ee3fcbab890cac674f9849409445af7a5d5599a008ed2ac1cc1ca
https://data.lpdaac.earthdatacloud.nasa.gov/lp-prod-protected/ECO_L2T_LSTE.002/ECOv002_L2T_LSTE_29652_002_12SUB_20230928T205818_0712_02/ECOv002_L2T_LSTE_29652_002_12SUB_20230928T205818_0712_02_cloud.tif,ECO_L2T_LSTE.002,ECOv002_L2T_LSTE_29652_002_12SUB_20230928T205818_0712_02_cloud.tif,2026-06-09,sha256:12926d44db3ee3fcbab890cac674f9849409445af7a5d5599a008ed2ac1cc1ca
https://data.lpdaac.earthdatacloud.nasa.gov/lp-prod-protected/ECO_L2T_LSTE.002/ECOv002_L2T_LSTE_29652_002_12SUB_20230928T205818_0712_02/ECOv002_L2T_LSTE_29652_002_12SUB_20230928T205818_0712_02_height.tif,ECO_L2T_LSTE.002,ECOv002_L2T_LSTE_29652_002_12SUB_20230928T205818_0712_02_height.tif,2026-06-09,sha256:f9068a39ae7aadd4536d8b17b5b498bf9ec1f22783bd5990b61073b62db1be73
https://data.lpdaac.earthdatacloud.nasa.gov/lp-prod-protected/ECO_L2T_LSTE.002/ECOv002_L2T_LSTE_29652_002_12SUB_20230928T205818_0712_02/ECOv002_L2T_LSTE_29652_002_12SUB_20230928T205818_0712_02_QC.tif,ECO_L2T_LSTE.002,ECOv002_L2T_LSTE_29652_002_12SUB_20230928T205818_0712_02_QC.tif,2026-06-09,sha256:ba2c8ee405ea93fe90e72a2f839cf1fa620ab7edf726dea6f1d3ad485e2c0eb4
https://data.lpdaac.earthdatacloud.nasa.gov/lp-prod-protected/ECO_L2T_LSTE.002/ECOv002_L2T_LSTE_29652_002_12SUB_20230928T205818_0712_02/ECOv002_L2T_LSTE_29652_002_12SUB_20230928T205818_0712_02_LST.tif,ECO_L2T_LSTE.002,ECOv002_L2T_LSTE_29652_002_12SUB_20230928T205818_0712_02_LST.tif,2026-06-09,sha256:a7b1aca2b882e3da5ee1645d4fa64082d1e60d29afc05c3f15dd8ce22fccf1e5
https://data.lpdaac.earthdatacloud.nasa.gov/lp-prod-protected/ECO_L2T_LSTE.002/ECOv002_L2T_LSTE_29652_002_12SUC_20230928T205818_0712_02/ECOv002_L2T_LSTE_29652_002_12SUC_20230928T205818_0712_02_water.tif,ECO_L2T_LSTE.002,ECOv002_L2T_LSTE_29652_002_12SUC_20230928T205818_0712_02_water.tif,2026-06-09,sha256:82e77e8f8cdfec66583b36b5c38cbf8c1921da5a893f8fd78db08c7c27eb3764
https://data.lpdaac.earthdatacloud.nasa.gov/lp-prod-protected/ECO_L2T_LSTE.002/ECOv002_L2T_LSTE_29652_002_12SUC_20230928T205818_0712_02/ECOv002_L2T_LSTE_29652_002_12SUC_20230928T205818_0712_02_cloud.tif,ECO_L2T_LSTE.002,ECOv002_L2T_LSTE_29652_002_12SUC_20230928T205818_0712_02_cloud.tif,2026-06-09,sha256:2e914da0cf7a9485c0475a3b9c4b045d433e7ac71454b0e6e82fdffc1b34e570
https://data.lpdaac.earthdatacloud.nasa.gov/lp-prod-protected/ECO_L2T_LSTE.002/ECOv002_L2T_LSTE_29652_002_12SUC_20230928T205818_0712_02/ECOv002_L2T_LSTE_29652_002_12SUC_20230928T205818_0712_02_height.tif,ECO_L2T_LSTE.002,ECOv002_L2T_LSTE_29652_002_12SUC_20230928T205818_0712_02_height.tif,2026-06-09,sha256:a0debdd6110ecb97d0a498a4f5f9cab2f43c7b4a68c774d8ca3ba50f3e798b72
https://data.lpdaac.earthdatacloud.nasa.gov/lp-prod-protected/ECO_L2T_LSTE.002/ECOv002_L2T_LSTE_29652_002_12SUC_20230928T205818_0712_02/ECOv002_L2T_LSTE_29652_002_12SUC_20230928T205818_0712_02_QC.tif,ECO_L2T_LSTE.002,ECOv002_L2T_LSTE_29652_002_12SUC_20230928T205818_0712_02_QC.tif,2026-06-09,sha256:26bdef9e1f8c17e027c6d56664367a8233d1d7b2e23b6b8abd6cf4ca1b28c37b
https://data.lpdaac.earthdatacloud.nasa.gov/lp-prod-protected/ECO_L2T_LSTE.002/ECOv002_L2T_LSTE_29652_002_12SUC_20230928T205818_0712_02/ECOv002_L2T_LSTE_29652_002_12SUC_20230928T205818_0712_02_LST.tif,ECO_L2T_LSTE.002,ECOv002_L2T_LSTE_29652_002_12SUC_20230928T205818_0712_02_LST.tif,2026-06-09,sha256:9ac677ca4e1cbcc18b24f7daa97b42fc24a14109fe79359e6b6f7f04ecb1f378
https://data.lpdaac.earthdatacloud.nasa.gov/lp-prod-protected/ECO_L2T_LSTE.002/ECOv002_L2T_LSTE_29652_002_12SVC_20230928T205818_0711_01/ECOv002_L2T_LSTE_29652_002_12SVC_20230928T205818_0711_01_water.tif,ECO_L2T_LSTE.002,ECOv002_L2T_LSTE_29652_002_12SVC_20230928T205818_0711_01_water.tif,2026-06-09,sha256:d2eeab386d42671db7b08caac1905b11e4df49710c692e6846c5dc1a639d13cb
https://data.lpdaac.earthdatacloud.nasa.gov/lp-prod-protected/ECO_L2T_LSTE.002/ECOv002_L2T_LSTE_29652_002_12SVC_20230928T205818_0711_01/ECOv002_L2T_LSTE_29652_002_12SVC_20230928T205818_0711_01_cloud.tif,ECO_L2T_LSTE.002,ECOv002_L2T_LSTE_29652_002_12SVC_20230928T205818_0711_01_cloud.tif,2026-06-09,sha256:b11c2b6d085ff6fd3053983fdb944b4777e4bc1925f87ecaa710aaaea6942932
https://data.lpdaac.earthdatacloud.nasa.gov/lp-prod-protected/ECO_L2T_LSTE.002/ECOv002_L2T_LSTE_29652_002_12SVC_20230928T205818_0711_01/ECOv002_L2T_LSTE_29652_002_12SVC_20230928T205818_0711_01_height.tif,ECO_L2T_LSTE.002,ECOv002_L2T_LSTE_29652_002_12SVC_20230928T205818_0711_01_height.tif,2026-06-09,sha256:2fee1d76a38557c8ec8a9ec792b7639679490db608608a375895714fa83740a2
https://data.lpdaac.earthdatacloud.nasa.gov/lp-prod-protected/ECO_L2T_LSTE.002/ECOv002_L2T_LSTE_29652_002_12SVC_20230928T205818_0711_01/ECOv002_L2T_LSTE_29652_002_12SVC_20230928T205818_0711_01_QC.tif,ECO_L2T_LSTE.002,ECOv002_L2T_LSTE_29652_002_12SVC_20230928T205818_0711_01_QC.tif,2026-06-09,sha256:02825e3ae713b731795c31c952ed8ed49e27a3fe926ddbeef122cfc5c14cf888
https://data.lpdaac.earthdatacloud.nasa.gov/lp-prod-protected/ECO_L2T_LSTE.002/ECOv002_L2T_LSTE_29652_002_12SVC_20230928T205818_0711_01/ECOv002_L2T_LSTE_29652_002_12SVC_20230928T205818_0711_01_LST.tif,ECO_L2T_LSTE.002,ECOv002_L2T_LSTE_29652_002_12SVC_20230928T205818_0711_01_LST.tif,2026-06-09,sha256:b92ea70c5338a749f8712a5019149acb65cefecdee8fcdad1d7d4e95f6a3df6a
https://data.lpdaac.earthdatacloud.nasa.gov/lp-prod-protected/ECO_L2T_LSTE.002/ECOv002_L2T_LSTE_29667_003_12SUC_20230929T200950_0711_01/ECOv002_L2T_LSTE_29667_003_12SUC_20230929T200950_0711_01_water.tif,ECO_L2T_LSTE.002,ECOv002_L2T_LSTE_29667_003_12SUC_20230929T200950_0711_01_water.tif,2026-06-09,sha256:21b7c6ff4cafa5586f14998165fb39a3f40585c981458c7d7e291353cd18b047
https://data.lpdaac.earthdatacloud.nasa.gov/lp-prod-protected/ECO_L2T_LSTE.002/ECOv002_L2T_LSTE_29667_003_12SUC_20230929T200950_0711_01/ECOv002_L2T_LSTE_29667_003_12SUC_20230929T200950_0711_01_QC.tif,ECO_L2T_LSTE.002,ECOv002_L2T_LSTE_29667_003_12SUC_20230929T200950_0711_01_QC.tif,2026-06-09,sha256:463cfc407dabccd6672d660d5dd90b762d461b1101aa3cdb39a9b2977a1daf5c
https://data.lpdaac.earthdatacloud.nasa.gov/lp-prod-protected/ECO_L2T_LSTE.002/ECOv002_L2T_LSTE_29667_003_12SUC_20230929T200950_0711_01/ECOv002_L2T_LSTE_29667_003_12SUC_20230929T200950_0711_01_cloud.tif,ECO_L2T_LSTE.002,ECOv002_L2T_LSTE_29667_003_12SUC_20230929T200950_0711_01_cloud.tif,2026-06-09,sha256:a64eca2334c9a854048a83a7d4d0eb7cae2585e42f90ff80f13bfe30af96d87b
https://data.lpdaac.earthdatacloud.nasa.gov/lp-prod-protected/ECO_L2T_LSTE.002/ECOv002_L2T_LSTE_29667_003_12SUC_20230929T200950_0711_01/ECOv002_L2T_LSTE_29667_003_12SUC_20230929T200950_0711_01_height.tif,ECO_L2T_LSTE.002,ECOv002_L2T_LSTE_29667_003_12SUC_20230929T200950_0711_01_height.tif,2026-06-09,sha256:0e6e3520d0fc0bcc4e3b3f0249cc0a411ff8fb63c8d725fb360f10f317104c45
https://data.lpdaac.earthdatacloud.nasa.gov/lp-prod-protected/ECO_L2T_LSTE.002/ECOv002_L2T_LSTE_29667_003_12SUC_20230929T200950_0711_01/ECOv002_L2T_LSTE_29667_003_12SUC_20230929T200950_0711_01_LST.tif,ECO_L2T_LSTE.002,ECOv002_L2T_LSTE_29667_003_12SUC_20230929T200950_0711_01_LST.tif,2026-06-09,sha256:3923ee022da4a0c8ef945cac4e6136ceae273cc5d9b17d23d7899089eae3f5b7
https://data.lpdaac.earthdatacloud.nasa.gov/lp-prod-protected/ECO_L2T_LSTE.002/ECOv002_L2T_LSTE_29667_003_12SUB_20230929T200950_0711_01/ECOv002_L2T_LSTE_29667_003_12SUB_20230929T200950_0711_01_water.tif,ECO_L2T_LSTE.002,ECOv002_L2T_LSTE_29667_003_12SUB_20230929T200950_0711_01_water.tif,2026-06-09,sha256:bffab6124006fc93ce93fe1132e94349b118e2007f749734f87196a526657aaf
https://data.lpdaac.earthdatacloud.nasa.gov/lp-prod-protected/ECO_L2T_LSTE.002/ECOv002_L2T_LSTE_29667_003_12SUB_20230929T200950_0711_01/ECOv002_L2T_LSTE_29667_003_12SUB_20230929T200950_0711_01_height.tif,ECO_L2T_LSTE.002,ECOv002_L2T_LSTE_29667_003_12SUB_20230929T200950_0711_01_height.tif,2026-06-09,sha256:96d241801f8df2930e73ea55f585cfc813b713d49f2438d59e3f842301132e80
https://data.lpdaac.earthdatacloud.nasa.gov/lp-prod-protected/ECO_L2T_LSTE.002/ECOv002_L2T_LSTE_29667_003_12SUB_20230929T200950_0711_01/ECOv002_L2T_LSTE_29667_003_12SUB_20230929T200950_0711_01_LST.tif,ECO_L2T_LSTE.002,ECOv002_L2T_LSTE_29667_003_12SUB_20230929T200950_0711_01_LST.tif,2026-06-09,sha256:e735bb6130bdfd1e90517a97eb37eba18f4cab7fd92ecf47be3d095a29057f01
https://data.lpdaac.earthdatacloud.nasa.gov/lp-prod-protected/ECO_L2T_LSTE.002/ECOv002_L2T_LSTE_29667_003_12SUB_20230929T200950_0711_01/ECOv002_L2T_LSTE_29667_003_12SUB_20230929T200950_0711_01_cloud.tif,ECO_L2T_LSTE.002,ECOv002_L2T_LSTE_29667_003_12SUB_20230929T200950_0711_01_cloud.tif,2026-06-09,sha256:12926d44db3ee3fcbab890cac674f9849409445af7a5d5599a008ed2ac1cc1ca
https://data.lpdaac.earthdatacloud.nasa.gov/lp-prod-protected/ECO_L2T_LSTE.002/ECOv002_L2T_LSTE_29667_003_12SUB_20230929T200950_0711_01/ECOv002_L2T_LSTE_29667_003_12SUB_20230929T200950_0711_01_QC.tif,ECO_L2T_LSTE.002,ECOv002_L2T_LSTE_29667_003_12SUB_20230929T200950_0711_01_QC.tif,2026-06-09,sha256:f863780feae6f872a24a551dbb27e83d65b439c350a66948fc2636bef7ad00e8
https://data.lpdaac.earthdatacloud.nasa.gov/lp-prod-protected/ECO_L2T_LSTE.002/ECOv002_L2T_LSTE_29667_003_12SVC_20230929T200950_0711_01/ECOv002_L2T_LSTE_29667_003_12SVC_20230929T200950_0711_01_water.tif,ECO_L2T_LSTE.002,ECOv002_L2T_LSTE_29667_003_12SVC_20230929T200950_0711_01_water.tif,2026-06-09,sha256:3fa21c6abc6508d17f8d15b25762433f78d67e7dbacbcafad4af124385b35066
https://data.lpdaac.earthdatacloud.nasa.gov/lp-prod-protected/ECO_L2T_LSTE.002/ECOv002_L2T_LSTE_29667_003_12SVC_20230929T200950_0711_01/ECOv002_L2T_LSTE_29667_003_12SVC_20230929T200950_0711_01_QC.tif,ECO_L2T_LSTE.002,ECOv002_L2T_LSTE_29667_003_12SVC_20230929T200950_0711_01_QC.tif,2026-06-09,sha256:e7a416375cc3bd6d60c4b7be9258c7379ff366b4d49b8b4704328960d744d2a3
https://data.lpdaac.earthdatacloud.nasa.gov/lp-prod-protected/ECO_L2T_LSTE.002/ECOv002_L2T_LSTE_29667_003_12SVC_20230929T200950_0711_01/ECOv002_L2T_LSTE_29667_003_12SVC_20230929T200950_0711_01_cloud.tif,ECO_L2T_LSTE.002,ECOv002_L2T_LSTE_29667_003_12SVC_20230929T200950_0711_01_cloud.tif,2026-06-09,sha256:77b380a5ad0ff99f6ed115d0ebccd462c27c2f473fcfd2df42ddaf0625c5384c
https://data.lpdaac.earthdatacloud.nasa.gov/lp-prod-protected/ECO_L2T_LSTE.002/ECOv002_L2T_LSTE_29667_003_12SVC_20230929T200950_0711_01/ECOv002_L2T_LSTE_29667_003_12SVC_20230929T200950_0711_01_height.tif,ECO_L2T_LSTE.002,ECOv002_L2T_LSTE_29667_003_12SVC_20230929T200950_0711_01_height.tif,2026-06-09,sha256:bdc48f0378fcdc1a5fe155c5fe3b2c4b627b1c8fca60875123bc90626101703f
https://data.lpdaac.earthdatacloud.nasa.gov/lp-prod-protected/ECO_L2T_LSTE.002/ECOv002_L2T_LSTE_29667_003_12SVC_20230929T200950_0711_01/ECOv002_L2T_LSTE_29667_003_12SVC_20230929T200950_0711_01_LST.tif,ECO_L2T_LSTE.002,ECOv002_L2T_LSTE_29667_003_12SVC_20230929T200950_0711_01_LST.tif,2026-06-09,sha256:5a4da3e604d2015e3d8175f53510f07cb444d389401c171f880adc91c986a258
https://data.lpdaac.earthdatacloud.nasa.gov/lp-prod-protected/ECO_L2T_LSTE.002/ECOv002_L2T_LSTE_29667_003_12SVB_20230929T200950_0711_01/ECOv002_L2T_LSTE_29667_003_12SVB_20230929T200950_0711_01_water.tif,ECO_L2T_LSTE.002,ECOv002_L2T_LSTE_29667_003_12SVB_20230929T200950_0711_01_water.tif,2026-06-09,sha256:16566bda5f1249871abee3cfb8a99dd5db00ff8fbfac4dfb7ccf45d03c78c52b
https://data.lpdaac.earthdatacloud.nasa.gov/lp-prod-protected/ECO_L2T_LSTE.002/ECOv002_L2T_LSTE_29667_003_12SVB_20230929T200950_0711_01/ECOv002_L2T_LSTE_29667_003_12SVB_20230929T200950_0711_01_cloud.tif,ECO_L2T_LSTE.002,ECOv002_L2T_LSTE_29667_003_12SVB_20230929T200950_0711_01_cloud.tif,2026-06-09,sha256:33a03d28256d87868b6e87157b00bce975d13490570aa227a97453af43da4c36
https://data.lpdaac.earthdatacloud.nasa.gov/lp-prod-protected/ECO_L2T_LSTE.002/ECOv002_L2T_LSTE_29667_003_12SVB_20230929T200950_0711_01/ECOv002_L2T_LSTE_29667_003_12SVB_20230929T200950_0711_01_height.tif,ECO_L2T_LSTE.002,ECOv002_L2T_LSTE_29667_003_12SVB_20230929T200950_0711_01_height.tif,2026-06-09,sha256:041602e7eb2a67e523a6e72c895e1e04c70f8c7808f1c7b675e7f2a8a1b0b0d2
https://data.lpdaac.earthdatacloud.nasa.gov/lp-prod-protected/ECO_L2T_LSTE.002/ECOv002_L2T_LSTE_29667_003_12SVB_20230929T200950_0711_01/ECOv002_L2T_LSTE_29667_003_12SVB_20230929T200950_0711_01_LST.tif,ECO_L2T_LSTE.002,ECOv002_L2T_LSTE_29667_003_12SVB_20230929T200950_0711_01_LST.tif,2026-06-09,sha256:f3392f5b79f19a904e4dc66850dc162bfa5eeb8bca5a345dc0917ea80d638c08
https://data.lpdaac.earthdatacloud.nasa.gov/lp-prod-protected/ECO_L2T_LSTE.002/ECOv002_L2T_LSTE_29667_003_12SVB_20230929T200950_0711_01/ECOv002_L2T_LSTE_29667_003_12SVB_20230929T200950_0711_01_QC.tif,ECO_L2T_LSTE.002,ECOv002_L2T_LSTE_29667_003_12SVB_20230929T200950_0711_01_QC.tif,2026-06-09,sha256:5521016351710b0dab9f09b3b62eeb2c6d15529bc6924351ca0ca0c8087554e3
https://data.lpdaac.earthdatacloud.nasa.gov/lp-prod-protected/ECO_L2T_LSTE.002/ECOv002_L2T_LSTE_29667_003_12SVB_20230929T200950_0712_02/ECOv002_L2T_LSTE_29667_003_12SVB_20230929T200950_0712_02_water.tif,ECO_L2T_LSTE.002,ECOv002_L2T_LSTE_29667_003_12SVB_20230929T200950_0712_02_water.tif,2026-06-09,sha256:88198c049d7bcdbff9089c11da949c0cbecb9fbc3f6ed5eadcc81440d85c9cde
https://data.lpdaac.earthdatacloud.nasa.gov/lp-prod-protected/ECO_L2T_LSTE.002/ECOv002_L2T_LSTE_29667_003_12SVB_20230929T200950_0712_02/ECOv002_L2T_LSTE_29667_003_12SVB_20230929T200950_0712_02_cloud.tif,ECO_L2T_LSTE.002,ECOv002_L2T_LSTE_29667_003_12SVB_20230929T200950_0712_02_cloud.tif,2026-06-09,sha256:f1a9637b2b30eb4bb310526dd59f9ab5210956bcbca1fbc1584887ba7bf3d324
https://data.lpdaac.earthdatacloud.nasa.gov/lp-prod-protected/ECO_L2T_LSTE.002/ECOv002_L2T_LSTE_29667_003_12SVB_20230929T200950_0712_02/ECOv002_L2T_LSTE_29667_003_12SVB_20230929T200950_0712_02_height.tif,ECO_L2T_LSTE.002,ECOv002_L2T_LSTE_29667_003_12SVB_20230929T200950_0712_02_height.tif,2026-06-09,sha256:1e2955b55daaffbe57a5769d06f0cdb439688ddd743d2b54c5dc8ec78acde032
https://data.lpdaac.earthdatacloud.nasa.gov/lp-prod-protected/ECO_L2T_LSTE.002/ECOv002_L2T_LSTE_29667_003_12SVB_20230929T200950_0712_02/ECOv002_L2T_LSTE_29667_003_12SVB_20230929T200950_0712_02_QC.tif,ECO_L2T_LSTE.002,ECOv002_L2T_LSTE_29667_003_12SVB_20230929T200950_0712_02_QC.tif,2026-06-09,sha256:8aaa70a4a570ca11833746f85ef678ffa22abc97780141217af5347c055ffa3a
https://data.lpdaac.earthdatacloud.nasa.gov/lp-prod-protected/ECO_L2T_LSTE.002/ECOv002_L2T_LSTE_29667_003_12SVB_20230929T200950_0712_02/ECOv002_L2T_LSTE_29667_003_12SVB_20230929T200950_0712_02_LST.tif,ECO_L2T_LSTE.002,ECOv002_L2T_LSTE_29667_003_12SVB_20230929T200950_0712_02_LST.tif,2026-06-09,sha256:b3f943976179855566e6cc217cc8f50e24c01c61100f40011ea22cc0f9c746aa
https://data.lpdaac.earthdatacloud.nasa.gov/lp-prod-protected/ECO_L2T_LSTE.002/ECOv002_L2T_LSTE_29667_003_12SUC_20230929T200950_0712_02/ECOv002_L2T_LSTE_29667_003_12SUC_20230929T200950_0712_02_water.tif,ECO_L2T_LSTE.002,ECOv002_L2T_LSTE_29667_003_12SUC_20230929T200950_0712_02_water.tif,2026-06-09,sha256:25b8477ef256dd406cae26d3177d3200d72c4c19123a32387bf05b9633187a18
https://data.lpdaac.earthdatacloud.nasa.gov/lp-prod-protected/ECO_L2T_LSTE.002/ECOv002_L2T_LSTE_29667_003_12SUC_20230929T200950_0712_02/ECOv002_L2T_LSTE_29667_003_12SUC_20230929T200950_0712_02_cloud.tif,ECO_L2T_LSTE.002,ECOv002_L2T_LSTE_29667_003_12SUC_20230929T200950_0712_02_cloud.tif,2026-06-09,sha256:238ec3c9ff38d7843d69c18de1815c0c858655816d93ef1f63741db9d271a531
https://data.lpdaac.earthdatacloud.nasa.gov/lp-prod-protected/ECO_L2T_LSTE.002/ECOv002_L2T_LSTE_29667_003_12SUC_20230929T200950_0712_02/ECOv002_L2T_LSTE_29667_003_12SUC_20230929T200950_0712_02_height.tif,ECO_L2T_LSTE.002,ECOv002_L2T_LSTE_29667_003_12SUC_20230929T200950_0712_02_height.tif,2026-06-09,sha256:3a92b8e4394e18739830f1582f84279d8010c6be621d2a8b3a6e0f7cd313e081
https://data.lpdaac.earthdatacloud.nasa.gov/lp-prod-protected/ECO_L2T_LSTE.002/ECOv002_L2T_LSTE_29667_003_12SUC_20230929T200950_0712_02/ECOv002_L2T_LSTE_29667_003_12SUC_20230929T200950_0712_02_QC.tif,ECO_L2T_LSTE.002,ECOv002_L2T_LSTE_29667_003_12SUC_20230929T200950_0712_02_QC.tif,2026-06-09,sha256:4521c5a499f7a2146fdeb559d3c5e57bd88eeab3d6dc83bc3fa15259b6b09e01
https://data.lpdaac.earthdatacloud.nasa.gov/lp-prod-protected/ECO_L2T_LSTE.002/ECOv002_L2T_LSTE_29667_003_12SUC_20230929T200950_0712_02/ECOv002_L2T_LSTE_29667_003_12SUC_20230929T200950_0712_02_LST.tif,ECO_L2T_LSTE.002,ECOv002_L2T_LSTE_29667_003_12SUC_20230929T200950_0712_02_LST.tif,2026-06-09,sha256:57d5110be1cf140976de396f2e9bd487a7d5549898c47d28d4b9b5d39f4b8ce3
https://data.lpdaac.earthdatacloud.nasa.gov/lp-prod-protected/ECO_L2T_LSTE.002/ECOv002_L2T_LSTE_29667_003_12SVC_20230929T200950_0712_02/ECOv002_L2T_LSTE_29667_003_12SVC_20230929T200950_0712_02_water.tif,ECO_L2T_LSTE.002,ECOv002_L2T_LSTE_29667_003_12SVC_20230929T200950_0712_02_water.tif,2026-06-09,sha256:ab55f6ef6778d7b4ac51132f53f4a00f0007073998166670349105bf862cf6bf
https://data.lpdaac.earthdatacloud.nasa.gov/lp-prod-protected/ECO_L2T_LSTE.002/ECOv002_L2T_LSTE_29667_003_12SVC_20230929T200950_0712_02/ECOv002_L2T_LSTE_29667_003_12SVC_20230929T200950_0712_02_cloud.tif,ECO_L2T_LSTE.002,ECOv002_L2T_LSTE_29667_003_12SVC_20230929T200950_0712_02_cloud.tif,2026-06-09,sha256:cb7e986fd9fb6543d3b5b0e3ef65002d4fa980cb31a7a2d13a0986bd05d780d2
https://data.lpdaac.earthdatacloud.nasa.gov/lp-prod-protected/ECO_L2T_LSTE.002/ECOv002_L2T_LSTE_29667_003_12SVC_20230929T200950_0712_02/ECOv002_L2T_LSTE_29667_003_12SVC_20230929T200950_0712_02_height.tif,ECO_L2T_LSTE.002,ECOv002_L2T_LSTE_29667_003_12SVC_20230929T200950_0712_02_height.tif,2026-06-09,sha256:82c4490330103c1670e2fd53633bb580e6ef6105f4d125b7f1e305296b68f729
https://data.lpdaac.earthdatacloud.nasa.gov/lp-prod-protected/ECO_L2T_LSTE.002/ECOv002_L2T_LSTE_29667_003_12SVC_20230929T200950_0712_02/ECOv002_L2T_LSTE_29667_003_12SVC_20230929T200950_0712_02_QC.tif,ECO_L2T_LSTE.002,ECOv002_L2T_LSTE_29667_003_12SVC_20230929T200950_0712_02_QC.tif,2026-06-09,sha256:19ec1325bde180ed945fa4d97e43ebafdcbadfa98d586050d2bf293d12988daf
https://data.lpdaac.earthdatacloud.nasa.gov/lp-prod-protected/ECO_L2T_LSTE.002/ECOv002_L2T_LSTE_29667_003_12SVC_20230929T200950_0712_02/ECOv002_L2T_LSTE_29667_003_12SVC_20230929T200950_0712_02_LST.tif,ECO_L2T_LSTE.002,ECOv002_L2T_LSTE_29667_003_12SVC_20230929T200950_0712_02_LST.tif,2026-06-09,sha256:b1ab595579b0f41e7566a9bd1d35d0ca916c33fe4366db83dc9c132c50fa4104
https://data.lpdaac.earthdatacloud.nasa.gov/lp-prod-protected/ECO_L2T_LSTE.002/ECOv002_L2T_LSTE_29667_003_12SUB_20230929T200950_0712_02/ECOv002_L2T_LSTE_29667_003_12SUB_20230929T200950_0712_02_water.tif,ECO_L2T_LSTE.002,ECOv002_L2T_LSTE_29667_003_12SUB_20230929T200950_0712_02_water.tif,2026-06-09,sha256:e5cba04064132da7f4a7c756a88807304aa47116cba9b0742af7cba3babfdafe
https://data.lpdaac.earthdatacloud.nasa.gov/lp-prod-protected/ECO_L2T_LSTE.002/ECOv002_L2T_LSTE_29667_003_12SUB_20230929T200950_0712_02/ECOv002_L2T_LSTE_29667_003_12SUB_20230929T200950_0712_02_cloud.tif,ECO_L2T_LSTE.002,ECOv002_L2T_LSTE_29667_003_12SUB_20230929T200950_0712_02_cloud.tif,2026-06-09,sha256:12926d44db3ee3fcbab890cac674f9849409445af7a5d5599a008ed2ac1cc1ca
https://data.lpdaac.earthdatacloud.nasa.gov/lp-prod-protected/ECO_L2T_LSTE.002/ECOv002_L2T_LSTE_29667_003_12SUB_20230929T200950_0712_02/ECOv002_L2T_LSTE_29667_003_12SUB_20230929T200950_0712_02_height.tif,ECO_L2T_LSTE.002,ECOv002_L2T_LSTE_29667_003_12SUB_20230929T200950_0712_02_height.tif,2026-06-09,sha256:0f1bc0a541bd3eb3a1281e4a444469aba5fe05dc44c009f028aba56188c74ce3
https://data.lpdaac.earthdatacloud.nasa.gov/lp-prod-protected/ECO_L2T_LSTE.002/ECOv002_L2T_LSTE_29667_003_12SUB_20230929T200950_0712_02/ECOv002_L2T_LSTE_29667_003_12SUB_20230929T200950_0712_02_QC.tif,ECO_L2T_LSTE.002,ECOv002_L2T_LSTE_29667_003_12SUB_20230929T200950_0712_02_QC.tif,2026-06-09,sha256:8a4ee536d379005fed9c502963ac96c525a055be9a72b449753c2e21ce51d0b7
https://data.lpdaac.earthdatacloud.nasa.gov/lp-prod-protected/ECO_L2T_LSTE.002/ECOv002_L2T_LSTE_29667_003_12SUB_20230929T200950_0712_02/ECOv002_L2T_LSTE_29667_003_12SUB_20230929T200950_0712_02_LST.tif,ECO_L2T_LSTE.002,ECOv002_L2T_LSTE_29667_003_12SUB_20230929T200950_0712_02_LST.tif,2026-06-09,sha256:0b1dffd91530ad874f7b770c9db4b1258af687dbe50bb164fcb0bd7dd5d4e43c
