city,orbit,date,pair_id,f0,f1,support_status,group_km,model,quantity,units,status,point,q025,q975,SE,width95,estimable,failed
atlanta,27835,2023-06-03,near_-0.02,0.008509538620710373,0.10850953862071037,BLOCK_RANGE_ONLY,1.0,linear,temperature,K,ESTIMABLE,0.33790819348265183,0.32648149343218424,0.3495265896424703,0.005999340853927348,0.023045096210286053,1000.0,0.0
atlanta,27835,2023-06-03,near_-0.02,0.008509538620710373,0.10850953862071037,BLOCK_RANGE_ONLY,1.0,linear,emitted_flux,W/m2,ESTIMABLE,2.3511908026902133,2.279918311159684,2.4268656731613283,0.038310392769172835,0.14694736200164416,1000.0,0.0
atlanta,27835,2023-06-03,near_-0.02,0.008509538620710373,0.10850953862071037,BLOCK_RANGE_ONLY,1.0,linear,temperature_equivalent,K,ESTIMABLE,0.3514095243358497,0.34073979274803606,0.3627394959101252,0.005735517304458389,0.021999703162089157,1000.0,0.0
atlanta,27835,2023-06-03,near_-0.02,0.008509538620710373,0.10850953862071037,BLOCK_RANGE_ONLY,1.0,linear,temperature_minus_equivalent,K,ESTIMABLE,-0.01350133085319788,-0.017590422596189162,-0.00942311598812157,0.002069055915547027,0.008167306608067592,1000.0,0.0
atlanta,27835,2023-06-03,near_-0.02,0.008509538620710373,0.10850953862071037,BLOCK_RANGE_ONLY,1.0,quadratic,temperature,K,ESTIMABLE,0.3227652905327276,0.2957269742679428,0.351915263378875,0.014752655355515473,0.05618828911093221,1000.0,0.0
atlanta,27835,2023-06-03,near_-0.02,0.008509538620710373,0.10850953862071037,BLOCK_RANGE_ONLY,1.0,quadratic,emitted_flux,W/m2,ESTIMABLE,2.062722221955605,1.8845128829557787,2.250074680819484,0.09309472092186721,0.36556179786370535,1000.0,0.0
atlanta,27835,2023-06-03,near_-0.02,0.008509538620710373,0.10850953862071037,BLOCK_RANGE_ONLY,1.0,quadratic,temperature_equivalent,K,ESTIMABLE,0.308231504703258,0.28156598985848263,0.33627242355682085,0.01393159931078678,0.05470643369833822,1000.0,0.0
atlanta,27835,2023-06-03,near_-0.02,0.008509538620710373,0.10850953862071037,BLOCK_RANGE_ONLY,1.0,quadratic,temperature_minus_equivalent,K,ESTIMABLE,0.014533785829469625,0.004665576730105765,0.025403716310536253,0.00538702581851856,0.020738139580430488,1000.0,0.0
atlanta,27835,2023-06-03,near_-0.02,0.008509538620710373,0.10850953862071037,BLOCK_RANGE_ONLY,1.0,quadratic_minus_linear,temperature,K,ESTIMABLE,-0.015142902949924208,-0.04052398484591681,0.010597530312224584,0.012968713123079059,0.051121515158141395,1000.0,0.0
atlanta,27835,2023-06-03,near_-0.02,0.008509538620710373,0.10850953862071037,BLOCK_RANGE_ONLY,1.0,quadratic_minus_linear,emitted_flux,W/m2,ESTIMABLE,-0.28846858073460835,-0.4403928778467554,-0.13427739167736635,0.07803986579317648,0.30611548616938905,1000.0,0.0
atlanta,27835,2023-06-03,near_-0.02,0.008509538620710373,0.10850953862071037,BLOCK_RANGE_ONLY,1.0,quadratic_minus_linear,temperature_equivalent,K,ESTIMABLE,-0.04317801963259171,-0.06590539346196067,-0.020100774932838312,0.011678178845284196,0.04580461852912236,1000.0,0.0
atlanta,27835,2023-06-03,near_-0.02,0.008509538620710373,0.10850953862071037,BLOCK_RANGE_ONLY,1.0,quadratic_minus_linear,temperature_minus_equivalent,K,ESTIMABLE,0.028035116682667505,0.01816080481298507,0.038282451002758545,0.005185399853880921,0.020121646189773475,1000.0,0.0
atlanta,27835,2023-06-03,near_-0.02,0.008509538620710373,0.10850953862071037,BLOCK_RANGE_ONLY,8.0,linear,temperature,K,ESTIMABLE,0.33790819348265183,0.3135650334085736,0.3620683201176879,0.012436433900683806,0.0485032867091143,1000.0,0.0
atlanta,27835,2023-06-03,near_-0.02,0.008509538620710373,0.10850953862071037,BLOCK_RANGE_ONLY,8.0,linear,emitted_flux,W/m2,ESTIMABLE,2.3511908026902133,2.1885013706626557,2.5173855720897254,0.08220194009434506,0.32888420142706964,1000.0,0.0
atlanta,27835,2023-06-03,near_-0.02,0.008509538620710373,0.10850953862071037,BLOCK_RANGE_ONLY,8.0,linear,temperature_equivalent,K,ESTIMABLE,0.3514095243358497,0.3270559592680783,0.37629366043312446,0.012306497169101998,0.049237701165046166,1000.0,0.0
atlanta,27835,2023-06-03,near_-0.02,0.008509538620710373,0.10850953862071037,BLOCK_RANGE_ONLY,8.0,linear,temperature_minus_equivalent,K,ESTIMABLE,-0.01350133085319788,-0.022134426615195536,-0.005801786920913978,0.004259443109173813,0.01633263969428156,1000.0,0.0
atlanta,27835,2023-06-03,near_-0.02,0.008509538620710373,0.10850953862071037,BLOCK_RANGE_ONLY,8.0,quadratic,temperature,K,ESTIMABLE,0.3227652905327276,0.27650052923202567,0.3750988930957887,0.025612333114067944,0.09859836386376303,1000.0,0.0
atlanta,27835,2023-06-03,near_-0.02,0.008509538620710373,0.10850953862071037,BLOCK_RANGE_ONLY,8.0,quadratic,emitted_flux,W/m2,ESTIMABLE,2.062722221955605,1.7275804598318945,2.419564910589174,0.17365387771710164,0.6919844507572797,1000.0,0.0
atlanta,27835,2023-06-03,near_-0.02,0.008509538620710373,0.10850953862071037,BLOCK_RANGE_ONLY,8.0,quadratic,temperature_equivalent,K,ESTIMABLE,0.308231504703258,0.2580897611728304,0.36164637913258274,0.02598749556603204,0.10355661795975235,1000.0,0.0
atlanta,27835,2023-06-03,near_-0.02,0.008509538620710373,0.10850953862071037,BLOCK_RANGE_ONLY,8.0,quadratic,temperature_minus_equivalent,K,ESTIMABLE,0.014533785829469625,-0.0006446264946174991,0.03176704120489229,0.008291894303891047,0.032411667699509795,1000.0,0.0
atlanta,27835,2023-06-03,near_-0.02,0.008509538620710373,0.10850953862071037,BLOCK_RANGE_ONLY,8.0,quadratic_minus_linear,temperature,K,ESTIMABLE,-0.015142902949924208,-0.05330688386456477,0.025065448028046073,0.019834231075197335,0.07837233189261085,1000.0,0.0
atlanta,27835,2023-06-03,near_-0.02,0.008509538620710373,0.10850953862071037,BLOCK_RANGE_ONLY,8.0,quadratic_minus_linear,emitted_flux,W/m2,ESTIMABLE,-0.28846858073460835,-0.5353650340510413,-0.025116990833867644,0.1286099053735634,0.5102480432171737,1000.0,0.0
atlanta,27835,2023-06-03,near_-0.02,0.008509538620710373,0.10850953862071037,BLOCK_RANGE_ONLY,8.0,quadratic_minus_linear,temperature_equivalent,K,ESTIMABLE,-0.04317801963259171,-0.08010093228440666,-0.0037602658924939633,0.01924494907416804,0.0763406663919127,1000.0,0.0
atlanta,27835,2023-06-03,near_-0.02,0.008509538620710373,0.10850953862071037,BLOCK_RANGE_ONLY,8.0,quadratic_minus_linear,temperature_minus_equivalent,K,ESTIMABLE,0.028035116682667505,0.01307693438631412,0.044619141840777754,0.00825991204060976,0.031542207454463636,1000.0,0.0
atlanta,27835,2023-06-03,near_-0.01,0.01850953862071037,0.11850953862071037,BLOCK_RANGE_ONLY,1.0,linear,temperature,K,ESTIMABLE,0.33790819348265183,0.32648149343218424,0.3495265896424703,0.005999340853927348,0.023045096210286053,1000.0,0.0
atlanta,27835,2023-06-03,near_-0.01,0.01850953862071037,0.11850953862071037,BLOCK_RANGE_ONLY,1.0,linear,emitted_flux,W/m2,ESTIMABLE,2.3511908026902133,2.279918311159684,2.4268656731613283,0.038310392769172835,0.14694736200164416,1000.0,0.0
atlanta,27835,2023-06-03,near_-0.01,0.01850953862071037,0.11850953862071037,BLOCK_RANGE_ONLY,1.0,linear,temperature_equivalent,K,ESTIMABLE,0.3514095243358497,0.34073979274803606,0.3627394959101252,0.005735517304458389,0.021999703162089157,1000.0,0.0
atlanta,27835,2023-06-03,near_-0.01,0.01850953862071037,0.11850953862071037,BLOCK_RANGE_ONLY,1.0,linear,temperature_minus_equivalent,K,ESTIMABLE,-0.01350133085319788,-0.017590422596189162,-0.00942311598812157,0.002069055915547027,0.008167306608067592,1000.0,0.0
atlanta,27835,2023-06-03,near_-0.01,0.01850953862071037,0.11850953862071037,BLOCK_RANGE_ONLY,1.0,quadratic,temperature,K,ESTIMABLE,0.32311202489423874,0.2965415414330728,0.3516705493067438,0.01448175845616416,0.05512900787367098,1000.0,0.0
atlanta,27835,2023-06-03,near_-0.01,0.01850953862071037,0.11850953862071037,BLOCK_RANGE_ONLY,1.0,quadratic,emitted_flux,W/m2,ESTIMABLE,2.0693274263531882,1.8930955733082644,2.2534622802814184,0.09146449562827255,0.360366706973154,1000.0,0.0
atlanta,27835,2023-06-03,near_-0.01,0.01850953862071037,0.11850953862071037,BLOCK_RANGE_ONLY,1.0,quadratic,temperature_equivalent,K,ESTIMABLE,0.30921997372416854,0.282850064809692,0.3367795123858272,0.01368776652253989,0.053929447576135214,1000.0,0.0
atlanta,27835,2023-06-03,near_-0.01,0.01850953862071037,0.11850953862071037,BLOCK_RANGE_ONLY,1.0,quadratic,temperature_minus_equivalent,K,ESTIMABLE,0.013892051170070197,0.004201455350224049,0.024524418772709076,0.005277538477847384,0.020322963422485026,1000.0,0.0
atlanta,27835,2023-06-03,near_-0.01,0.01850953862071037,0.11850953862071037,BLOCK_RANGE_ONLY,1.0,quadratic_minus_linear,temperature,K,ESTIMABLE,-0.014796168588413094,-0.03959539336787926,0.01035489043397393,0.012671873428223946,0.04995028380185319,1000.0,0.0
atlanta,27835,2023-06-03,near_-0.01,0.01850953862071037,0.11850953862071037,BLOCK_RANGE_ONLY,1.0,quadratic_minus_linear,emitted_flux,W/m2,ESTIMABLE,-0.2818633763370251,-0.4303169517339612,-0.13120409289856294,0.07625436541802563,0.29911285883539823,1000.0,0.0
atlanta,27835,2023-06-03,near_-0.01,0.01850953862071037,0.11850953862071037,BLOCK_RANGE_ONLY,1.0,quadratic_minus_linear,temperature_equivalent,K,ESTIMABLE,-0.04218955061168117,-0.06439798048576648,-0.019640757809708028,0.01141109757071925,0.044757222676058445,1000.0,0.0
atlanta,27835,2023-06-03,near_-0.01,0.01850953862071037,0.11850953862071037,BLOCK_RANGE_ONLY,1.0,quadratic_minus_linear,temperature_minus_equivalent,K,ESTIMABLE,0.027393382023268076,0.017745390654831564,0.03740632646408682,0.005066653994230685,0.019660935809255257,1000.0,0.0
atlanta,27835,2023-06-03,near_-0.01,0.01850953862071037,0.11850953862071037,BLOCK_RANGE_ONLY,8.0,linear,temperature,K,ESTIMABLE,0.33790819348265183,0.3135650334085736,0.3620683201176879,0.012436433900683806,0.0485032867091143,1000.0,0.0
atlanta,27835,2023-06-03,near_-0.01,0.01850953862071037,0.11850953862071037,BLOCK_RANGE_ONLY,8.0,linear,emitted_flux,W/m2,ESTIMABLE,2.3511908026902133,2.1885013706626557,2.5173855720897254,0.08220194009434506,0.32888420142706964,1000.0,0.0
atlanta,27835,2023-06-03,near_-0.01,0.01850953862071037,0.11850953862071037,BLOCK_RANGE_ONLY,8.0,linear,temperature_equivalent,K,ESTIMABLE,0.3514095243358497,0.3270559592680783,0.37629366043312446,0.012306497169101998,0.049237701165046166,1000.0,0.0
atlanta,27835,2023-06-03,near_-0.01,0.01850953862071037,0.11850953862071037,BLOCK_RANGE_ONLY,8.0,linear,temperature_minus_equivalent,K,ESTIMABLE,-0.01350133085319788,-0.022134426615195536,-0.005801786920913978,0.004259443109173813,0.01633263969428156,1000.0,0.0
atlanta,27835,2023-06-03,near_-0.01,0.01850953862071037,0.11850953862071037,BLOCK_RANGE_ONLY,8.0,quadratic,temperature,K,ESTIMABLE,0.32311202489423874,0.2777333570468983,0.37481434611922076,0.02521373118446169,0.09708098907232249,1000.0,0.0
atlanta,27835,2023-06-03,near_-0.01,0.01850953862071037,0.11850953862071037,BLOCK_RANGE_ONLY,8.0,quadratic,emitted_flux,W/m2,ESTIMABLE,2.0693274263531882,1.7388315330721653,2.421610058753651,0.17103311836195687,0.6827785256814858,1000.0,0.0
atlanta,27835,2023-06-03,near_-0.01,0.01850953862071037,0.11850953862071037,BLOCK_RANGE_ONLY,8.0,quadratic,temperature_equivalent,K,ESTIMABLE,0.30921997372416854,0.2597726850127316,0.36195259060771434,0.02559553142729305,0.10217990559498275,1000.0,0.0
atlanta,27835,2023-06-03,near_-0.01,0.01850953862071037,0.11850953862071037,BLOCK_RANGE_ONLY,8.0,quadratic,temperature_minus_equivalent,K,ESTIMABLE,0.013892051170070197,-0.00107702841711563,0.030839561387045106,0.008128494687865301,0.03191658980416073,1000.0,0.0
atlanta,27835,2023-06-03,near_-0.01,0.01850953862071037,0.11850953862071037,BLOCK_RANGE_ONLY,8.0,quadratic_minus_linear,temperature,K,ESTIMABLE,-0.014796168588413094,-0.05207533117831378,0.024488674803247217,0.01938045452570281,0.076564005981561,1000.0,0.0
atlanta,27835,2023-06-03,near_-0.01,0.01850953862071037,0.11850953862071037,BLOCK_RANGE_ONLY,8.0,quadratic_minus_linear,emitted_flux,W/m2,ESTIMABLE,-0.2818633763370251,-0.52314188739763,-0.02453720863408829,0.12567084915076301,0.4986046787635417,1000.0,0.0
atlanta,27835,2023-06-03,near_-0.01,0.01850953862071037,0.11850953862071037,BLOCK_RANGE_ONLY,8.0,quadratic_minus_linear,temperature_equivalent,K,ESTIMABLE,-0.04218955061168117,-0.07827279636936453,-0.0036734682028083374,0.0188053274683484,0.07459932816655619,1000.0,0.0
atlanta,27835,2023-06-03,near_-0.01,0.01850953862071037,0.11850953862071037,BLOCK_RANGE_ONLY,8.0,quadratic_minus_linear,temperature_minus_equivalent,K,ESTIMABLE,0.027393382023268076,0.012780298644233627,0.043600701161678454,0.00807075496943639,0.030820402517444827,1000.0,0.0
atlanta,27835,2023-06-03,historical,0.028509538620710373,0.12850953862071038,BLOCK_RANGE_ONLY,1.0,linear,temperature,K,ESTIMABLE,0.33790819348265183,0.32648149343218424,0.3495265896424703,0.005999340853927348,0.023045096210286053,1000.0,0.0
atlanta,27835,2023-06-03,historical,0.028509538620710373,0.12850953862071038,BLOCK_RANGE_ONLY,1.0,linear,emitted_flux,W/m2,ESTIMABLE,2.3511908026902133,2.279918311159684,2.4268656731613283,0.038310392769172835,0.14694736200164416,1000.0,0.0
atlanta,27835,2023-06-03,historical,0.028509538620710373,0.12850953862071038,BLOCK_RANGE_ONLY,1.0,linear,temperature_equivalent,K,ESTIMABLE,0.3514095243358497,0.34073979274803606,0.3627394959101252,0.005735517304458389,0.021999703162089157,1000.0,0.0
atlanta,27835,2023-06-03,historical,0.028509538620710373,0.12850953862071038,BLOCK_RANGE_ONLY,1.0,linear,temperature_minus_equivalent,K,ESTIMABLE,-0.01350133085319788,-0.017590422596189162,-0.00942311598812157,0.002069055915547027,0.008167306608067592,1000.0,0.0
atlanta,27835,2023-06-03,historical,0.028509538620710373,0.12850953862071038,BLOCK_RANGE_ONLY,1.0,quadratic,temperature,K,ESTIMABLE,0.3234587592557498,0.29735800522277817,0.35142580027250087,0.014211898009921725,0.0540677950497227,1000.0,0.0
atlanta,27835,2023-06-03,historical,0.028509538620710373,0.12850953862071038,BLOCK_RANGE_ONLY,1.0,quadratic,emitted_flux,W/m2,ESTIMABLE,2.0759326307507715,1.9025487640859051,2.255717393206014,0.08984017598084283,0.35316862912010905,1000.0,0.0
atlanta,27835,2023-06-03,historical,0.028509538620710373,0.12850953862071038,BLOCK_RANGE_ONLY,1.0,quadratic,temperature_equivalent,K,ESTIMABLE,0.31020845206643344,0.2842643954484572,0.33711708098689713,0.013444812923185258,0.052852685538439914,1000.0,0.0
atlanta,27835,2023-06-03,historical,0.028509538620710373,0.12850953862071038,BLOCK_RANGE_ONLY,1.0,quadratic,temperature_minus_equivalent,K,ESTIMABLE,0.013250307189316357,0.003727638366450689,0.02359879198642166,0.005168460221925338,0.019871153619970973,1000.0,0.0
atlanta,27835,2023-06-03,historical,0.028509538620710373,0.12850953862071038,BLOCK_RANGE_ONLY,1.0,quadratic_minus_linear,temperature,K,ESTIMABLE,-0.014449434226902036,-0.03866680188984171,0.010112250555723278,0.012375033794329833,0.048779052445564984,1000.0,0.0
atlanta,27835,2023-06-03,historical,0.028509538620710373,0.12850953862071038,BLOCK_RANGE_ONLY,1.0,quadratic_minus_linear,emitted_flux,W/m2,ESTIMABLE,-0.2752581719394418,-0.4202410256211671,-0.12813079411975997,0.07446886732262778,0.29211023150140714,1000.0,0.0
atlanta,27835,2023-06-03,historical,0.028509538620710373,0.12850953862071038,BLOCK_RANGE_ONLY,1.0,quadratic_minus_linear,temperature_equivalent,K,ESTIMABLE,-0.04120107226941627,-0.06289054583358791,-0.019180738667573402,0.011144011595800463,0.04370980716601451,1000.0,0.0
atlanta,27835,2023-06-03,historical,0.028509538620710373,0.12850953862071038,BLOCK_RANGE_ONLY,1.0,quadratic_minus_linear,temperature_minus_equivalent,K,ESTIMABLE,0.026751638042514236,0.017329961852906757,0.03653019734882355,0.004947908617318213,0.01920023549591679,1000.0,0.0
atlanta,27835,2023-06-03,historical,0.028509538620710373,0.12850953862071038,BLOCK_RANGE_ONLY,8.0,linear,temperature,K,ESTIMABLE,0.33790819348265183,0.3135650334085736,0.3620683201176879,0.012436433900683806,0.0485032867091143,1000.0,0.0
atlanta,27835,2023-06-03,historical,0.028509538620710373,0.12850953862071038,BLOCK_RANGE_ONLY,8.0,linear,emitted_flux,W/m2,ESTIMABLE,2.3511908026902133,2.1885013706626557,2.5173855720897254,0.08220194009434506,0.32888420142706964,1000.0,0.0
atlanta,27835,2023-06-03,historical,0.028509538620710373,0.12850953862071038,BLOCK_RANGE_ONLY,8.0,linear,temperature_equivalent,K,ESTIMABLE,0.3514095243358497,0.3270559592680783,0.37629366043312446,0.012306497169101998,0.049237701165046166,1000.0,0.0
atlanta,27835,2023-06-03,historical,0.028509538620710373,0.12850953862071038,BLOCK_RANGE_ONLY,8.0,linear,temperature_minus_equivalent,K,ESTIMABLE,-0.01350133085319788,-0.022134426615195536,-0.005801786920913978,0.004259443109173813,0.01633263969428156,1000.0,0.0
atlanta,27835,2023-06-03,historical,0.028509538620710373,0.12850953862071038,BLOCK_RANGE_ONLY,8.0,quadratic,temperature,K,ESTIMABLE,0.3234587592557498,0.27896636698902194,0.3743116240202588,0.024817024679485943,0.09534525703123686,1000.0,0.0
atlanta,27835,2023-06-03,historical,0.028509538620710373,0.12850953862071038,BLOCK_RANGE_ONLY,8.0,quadratic,emitted_flux,W/m2,ESTIMABLE,2.0759326307507715,1.7512382089138574,2.422722078411991,0.1684228734143038,0.6714838694981335,1000.0,0.0
atlanta,27835,2023-06-03,historical,0.028509538620710373,0.12850953862071038,BLOCK_RANGE_ONLY,8.0,quadratic,temperature_equivalent,K,ESTIMABLE,0.31020845206643344,0.261628494027417,0.3621190890435443,0.02520513354620065,0.10049059501612728,1000.0,0.0
atlanta,27835,2023-06-03,historical,0.028509538620710373,0.12850953862071038,BLOCK_RANGE_ONLY,8.0,quadratic,temperature_minus_equivalent,K,ESTIMABLE,0.013250307189316357,-0.0014953184917447903,0.02983272363142105,0.007966235032023566,0.03132804212316584,1000.0,0.0
atlanta,27835,2023-06-03,historical,0.028509538620710373,0.12850953862071038,BLOCK_RANGE_ONLY,8.0,quadratic_minus_linear,temperature,K,ESTIMABLE,-0.014449434226902036,-0.050843778492062855,0.023911901578448413,0.018926678364281184,0.07475568007051127,1000.0,0.0
atlanta,27835,2023-06-03,historical,0.028509538620710373,0.12850953862071038,BLOCK_RANGE_ONLY,8.0,quadratic_minus_linear,emitted_flux,W/m2,ESTIMABLE,-0.2752581719394418,-0.5109187407442187,-0.02395742643430894,0.12273180221294372,0.4869613143099098,1000.0,0.0
atlanta,27835,2023-06-03,historical,0.028509538620710373,0.12850953862071038,BLOCK_RANGE_ONLY,8.0,quadratic_minus_linear,temperature_equivalent,K,ESTIMABLE,-0.04120107226941627,-0.07644462857604566,-0.0035866704406956693,0.018365699137145353,0.07285795813534998,1000.0,0.0
atlanta,27835,2023-06-03,historical,0.028509538620710373,0.12850953862071038,BLOCK_RANGE_ONLY,8.0,quadratic_minus_linear,temperature_minus_equivalent,K,ESTIMABLE,0.026751638042514236,0.012483656130656759,0.04258224092746541,0.00788159796849739,0.03009858479680865,1000.0,0.0
atlanta,27835,2023-06-03,near_+0.01,0.038509538620710375,0.1385095386207104,BLOCK_RANGE_ONLY,1.0,linear,temperature,K,ESTIMABLE,0.33790819348265183,0.32648149343218424,0.3495265896424703,0.005999340853927348,0.023045096210286053,1000.0,0.0
atlanta,27835,2023-06-03,near_+0.01,0.038509538620710375,0.1385095386207104,BLOCK_RANGE_ONLY,1.0,linear,emitted_flux,W/m2,ESTIMABLE,2.3511908026902133,2.279918311159684,2.4268656731613283,0.038310392769172835,0.14694736200164416,1000.0,0.0
atlanta,27835,2023-06-03,near_+0.01,0.038509538620710375,0.1385095386207104,BLOCK_RANGE_ONLY,1.0,linear,temperature_equivalent,K,ESTIMABLE,0.3514095243358497,0.34073979274803606,0.3627394959101252,0.005735517304458389,0.021999703162089157,1000.0,0.0
atlanta,27835,2023-06-03,near_+0.01,0.038509538620710375,0.1385095386207104,BLOCK_RANGE_ONLY,1.0,linear,temperature_minus_equivalent,K,ESTIMABLE,-0.01350133085319788,-0.017590422596189162,-0.00942311598812157,0.002069055915547027,0.008167306608067592,1000.0,0.0
atlanta,27835,2023-06-03,near_+0.01,0.038509538620710375,0.1385095386207104,BLOCK_RANGE_ONLY,1.0,quadratic,temperature,K,ESTIMABLE,0.32380549361726085,0.29815912213288975,0.3511810512382579,0.013943134196579488,0.053021929105368126,1000.0,0.0
atlanta,27835,2023-06-03,near_+0.01,0.038509538620710375,0.1385095386207104,BLOCK_RANGE_ONLY,1.0,quadratic,emitted_flux,W/m2,ESTIMABLE,2.082537835148355,1.9132410953455967,2.258210041105465,0.08822208817934375,0.34496894575986814,1000.0,0.0
atlanta,27835,2023-06-03,near_+0.01,0.038509538620710375,0.1385095386207104,BLOCK_RANGE_ONLY,1.0,quadratic,temperature_equivalent,K,ESTIMABLE,0.31119693973028006,0.2858641419784732,0.33749020753256925,0.01320278735431074,0.051626065554096046,1000.0,0.0
atlanta,27835,2023-06-03,near_+0.01,0.038509538620710375,0.1385095386207104,BLOCK_RANGE_ONLY,1.0,quadratic,temperature_minus_equivalent,K,ESTIMABLE,0.012608553886980789,0.003253816101899559,0.02269485529090179,0.005059817496154644,0.01944103918900223,1000.0,0.0
atlanta,27835,2023-06-03,near_+0.01,0.038509538620710375,0.1385095386207104,BLOCK_RANGE_ONLY,1.0,quadratic_minus_linear,temperature,K,ESTIMABLE,-0.014102699865390977,-0.03773821041180422,0.00986961067747268,0.012078194225891348,0.0476078210892769,1000.0,0.0
atlanta,27835,2023-06-03,near_+0.01,0.038509538620710375,0.1385095386207104,BLOCK_RANGE_ONLY,1.0,quadratic_minus_linear,emitted_flux,W/m2,ESTIMABLE,-0.2686529675418581,-0.4101650995083728,-0.12505749534095656,0.07268337167499228,0.28510760416741626,1000.0,0.0
atlanta,27835,2023-06-03,near_+0.01,0.038509538620710375,0.1385095386207104,BLOCK_RANGE_ONLY,1.0,quadratic_minus_linear,temperature_equivalent,K,ESTIMABLE,-0.040212584605569646,-0.0613830895047414,-0.018720717506492696,0.010876920945497913,0.04266237199824871,1000.0,0.0
atlanta,27835,2023-06-03,near_+0.01,0.038509538620710375,0.1385095386207104,BLOCK_RANGE_ONLY,1.0,quadratic_minus_linear,temperature_minus_equivalent,K,ESTIMABLE,0.026109884740178668,0.016914542293464094,0.035654063656964406,0.004829163746712523,0.018739521363500312,1000.0,0.0
atlanta,27835,2023-06-03,near_+0.01,0.038509538620710375,0.1385095386207104,BLOCK_RANGE_ONLY,8.0,linear,temperature,K,ESTIMABLE,0.33790819348265183,0.3135650334085736,0.3620683201176879,0.012436433900683806,0.0485032867091143,1000.0,0.0
atlanta,27835,2023-06-03,near_+0.01,0.038509538620710375,0.1385095386207104,BLOCK_RANGE_ONLY,8.0,linear,emitted_flux,W/m2,ESTIMABLE,2.3511908026902133,2.1885013706626557,2.5173855720897254,0.08220194009434506,0.32888420142706964,1000.0,0.0
atlanta,27835,2023-06-03,near_+0.01,0.038509538620710375,0.1385095386207104,BLOCK_RANGE_ONLY,8.0,linear,temperature_equivalent,K,ESTIMABLE,0.3514095243358497,0.3270559592680783,0.37629366043312446,0.012306497169101998,0.049237701165046166,1000.0,0.0
atlanta,27835,2023-06-03,near_+0.01,0.038509538620710375,0.1385095386207104,BLOCK_RANGE_ONLY,8.0,linear,temperature_minus_equivalent,K,ESTIMABLE,-0.01350133085319788,-0.022134426615195536,-0.005801786920913978,0.004259443109173813,0.01633263969428156,1000.0,0.0
atlanta,27835,2023-06-03,near_+0.01,0.038509538620710375,0.1385095386207104,BLOCK_RANGE_ONLY,8.0,quadratic,temperature,K,ESTIMABLE,0.32380549361726085,0.2801993769311456,0.3744770560535572,0.024422305964952137,0.09427767912241158,1000.0,0.0
atlanta,27835,2023-06-03,near_+0.01,0.038509538620710375,0.1385095386207104,BLOCK_RANGE_ONLY,8.0,quadratic,emitted_flux,W/m2,ESTIMABLE,2.082537835148355,1.7632485285762234,2.4240581144704,0.16582363939961167,0.6608095858941765,1000.0,0.0
atlanta,27835,2023-06-03,near_+0.01,0.038509538620710375,0.1385095386207104,BLOCK_RANGE_ONLY,8.0,quadratic,temperature_equivalent,K,ESTIMABLE,0.31119693973028006,0.2634250467835784,0.36231912895061097,0.024816376272478027,0.09889408216703255,1000.0,0.0
atlanta,27835,2023-06-03,near_+0.01,0.038509538620710375,0.1385095386207104,BLOCK_RANGE_ONLY,8.0,quadratic,temperature_minus_equivalent,K,ESTIMABLE,0.012608553886980789,-0.001728827147585038,0.028753395028959006,0.007805186520079537,0.030482222176544043,1000.0,0.0
atlanta,27835,2023-06-03,near_+0.01,0.038509538620710375,0.1385095386207104,BLOCK_RANGE_ONLY,8.0,quadratic_minus_linear,temperature,K,ESTIMABLE,-0.014102699865390977,-0.04961222580581193,0.023335128353649558,0.018472902619530815,0.07294735415946149,1000.0,0.0
atlanta,27835,2023-06-03,near_+0.01,0.038509538620710375,0.1385095386207104,BLOCK_RANGE_ONLY,8.0,quadratic_minus_linear,emitted_flux,W/m2,ESTIMABLE,-0.2686529675418581,-0.4986955940908072,-0.0233776442345296,0.11979276524351057,0.4753179498562776,1000.0,0.0
atlanta,27835,2023-06-03,near_+0.01,0.038509538620710375,0.1385095386207104,BLOCK_RANGE_ONLY,8.0,quadratic_minus_linear,temperature_equivalent,K,ESTIMABLE,-0.040212584605569646,-0.07461642890319808,-0.0034998726063193842,0.017926064182544454,0.0711165562968787,1000.0,0.0
atlanta,27835,2023-06-03,near_+0.01,0.038509538620710375,0.1385095386207104,BLOCK_RANGE_ONLY,8.0,quadratic_minus_linear,temperature_minus_equivalent,K,ESTIMABLE,0.026109884740178668,0.012187006845304873,0.04156376113757861,0.007692441132808761,0.029376754292273738,1000.0,0.0
atlanta,27835,2023-06-03,near_+0.02,0.04850953862071038,0.14850953862071037,BLOCK_RANGE_ONLY,1.0,linear,temperature,K,ESTIMABLE,0.3379081934826518,0.3264814934321842,0.34952658964247024,0.005999340853927344,0.023045096210286053,1000.0,0.0
atlanta,27835,2023-06-03,near_+0.02,0.04850953862071038,0.14850953862071037,BLOCK_RANGE_ONLY,1.0,linear,emitted_flux,W/m2,ESTIMABLE,2.3511908026902133,2.2799183111596837,2.426865673161328,0.03831039276917283,0.14694736200164416,1000.0,0.0
atlanta,27835,2023-06-03,near_+0.02,0.04850953862071038,0.14850953862071037,BLOCK_RANGE_ONLY,1.0,linear,temperature_equivalent,K,ESTIMABLE,0.3514095243358497,0.34073979274803606,0.3627394959101252,0.005735517304458479,0.021999703162089157,1000.0,0.0
atlanta,27835,2023-06-03,near_+0.02,0.04850953862071038,0.14850953862071037,BLOCK_RANGE_ONLY,1.0,linear,temperature_minus_equivalent,K,ESTIMABLE,-0.013501330853197935,-0.017590422596189217,-0.009423115988121625,0.0020690559155470342,0.008167306608067592,1000.0,0.0
atlanta,27835,2023-06-03,near_+0.02,0.04850953862071038,0.14850953862071037,BLOCK_RANGE_ONLY,1.0,quadratic,temperature,K,ESTIMABLE,0.32415222797877186,0.2989811830982203,0.35116764741230916,0.0136755316723301,0.052186464314088854,1000.0,0.0
atlanta,27835,2023-06-03,near_+0.02,0.04850953862071038,0.14850953862071037,BLOCK_RANGE_ONLY,1.0,quadratic,emitted_flux,W/m2,ESTIMABLE,2.0891430395459385,1.923884372242942,2.2626988771166965,0.08661058150075872,0.33881450487375453,1000.0,0.0
atlanta,27835,2023-06-03,near_+0.02,0.04850953862071038,0.14850953862071037,BLOCK_RANGE_ONLY,1.0,quadratic,temperature_equivalent,K,ESTIMABLE,0.31218543671587895,0.2874565734295288,0.33816214847763604,0.012961742112946964,0.05070557504810724,1000.0,0.0
atlanta,27835,2023-06-03,near_+0.02,0.04850953862071038,0.14850953862071037,BLOCK_RANGE_ONLY,1.0,quadratic,temperature_minus_equivalent,K,ESTIMABLE,0.011966791262892906,0.0027799885563403876,0.02184805774525862,0.004951638956464399,0.019068069188918232,1000.0,0.0
atlanta,27835,2023-06-03,near_+0.02,0.04850953862071038,0.14850953862071037,BLOCK_RANGE_ONLY,1.0,quadratic_minus_linear,temperature,K,ESTIMABLE,-0.013755965503879919,-0.03680961893376667,0.009626970799222026,0.011781354727856082,0.0464365897329887,1000.0,0.0
atlanta,27835,2023-06-03,near_+0.02,0.04850953862071038,0.14850953862071037,BLOCK_RANGE_ONLY,1.0,quadratic_minus_linear,emitted_flux,W/m2,ESTIMABLE,-0.2620477631442748,-0.4000891733955788,-0.12198419656215315,0.07089787866005282,0.27810497683342567,1000.0,0.0
atlanta,27835,2023-06-03,near_+0.02,0.04850953862071038,0.14850953862071037,BLOCK_RANGE_ONLY,1.0,quadratic_minus_linear,temperature_equivalent,K,ESTIMABLE,-0.03922408761997076,-0.05987561149848801,-0.01826069432635081,0.01060982564732174,0.0416149171721372,1000.0,0.0
atlanta,27835,2023-06-03,near_+0.02,0.04850953862071038,0.14850953862071037,BLOCK_RANGE_ONLY,1.0,quadratic_minus_linear,temperature_minus_equivalent,K,ESTIMABLE,0.02546812211609084,0.016499124999645287,0.03477792538845266,0.004710419408370163,0.018278800388807373,1000.0,0.0
atlanta,27835,2023-06-03,near_+0.02,0.04850953862071038,0.14850953862071037,BLOCK_RANGE_ONLY,8.0,linear,temperature,K,ESTIMABLE,0.3379081934826518,0.31356503340857356,0.36206832011768786,0.012436433900683804,0.0485032867091143,1000.0,0.0
atlanta,27835,2023-06-03,near_+0.02,0.04850953862071038,0.14850953862071037,BLOCK_RANGE_ONLY,8.0,linear,emitted_flux,W/m2,ESTIMABLE,2.3511908026902133,2.1885013706626557,2.517385572089725,0.08220194009434503,0.3288842014270692,1000.0,0.0
atlanta,27835,2023-06-03,near_+0.02,0.04850953862071038,0.14850953862071037,BLOCK_RANGE_ONLY,8.0,linear,temperature_equivalent,K,ESTIMABLE,0.3514095243358497,0.3270559592680783,0.37629366043312446,0.012306497169101998,0.049237701165046166,1000.0,0.0
atlanta,27835,2023-06-03,near_+0.02,0.04850953862071038,0.14850953862071037,BLOCK_RANGE_ONLY,8.0,linear,temperature_minus_equivalent,K,ESTIMABLE,-0.013501330853197935,-0.02213442661519559,-0.005801786920914033,0.004259443109173812,0.01633263969428156,1000.0,0.0
atlanta,27835,2023-06-03,near_+0.02,0.04850953862071038,0.14850953862071037,BLOCK_RANGE_ONLY,8.0,quadratic,temperature,K,ESTIMABLE,0.32415222797877186,0.28112591885148425,0.3744283147251693,0.024029672997210406,0.09330239587368505,1000.0,0.0
atlanta,27835,2023-06-03,near_+0.02,0.04850953862071038,0.14850953862071037,BLOCK_RANGE_ONLY,8.0,quadratic,emitted_flux,W/m2,ESTIMABLE,2.0891430395459385,1.7747609304700782,2.425661259390284,0.163235942305672,0.650900328920206,1000.0,0.0
atlanta,27835,2023-06-03,near_+0.02,0.04850953862071038,0.14850953862071037,BLOCK_RANGE_ONLY,8.0,quadratic,temperature_equivalent,K,ESTIMABLE,0.31218543671587895,0.2651471478469986,0.3625591626159988,0.024429338367784516,0.09741201476900019,1000.0,0.0
atlanta,27835,2023-06-03,near_+0.02,0.04850953862071038,0.14850953862071037,BLOCK_RANGE_ONLY,8.0,quadratic,temperature_minus_equivalent,K,ESTIMABLE,0.011966791262892906,-0.0019995512178983582,0.02772626633610175,0.007645425779939036,0.029725817554000108,1000.0,0.0
atlanta,27835,2023-06-03,near_+0.02,0.04850953862071038,0.14850953862071037,BLOCK_RANGE_ONLY,8.0,quadratic_minus_linear,temperature,K,ESTIMABLE,-0.013755965503879919,-0.04839373929197618,0.022758355128850702,0.0180191273229308,0.07115209442082687,1000.0,0.0
atlanta,27835,2023-06-03,near_+0.02,0.04850953862071038,0.14850953862071037,BLOCK_RANGE_ONLY,8.0,quadratic_minus_linear,emitted_flux,W/m2,ESTIMABLE,-0.2620477631442748,-0.48647244743739615,-0.02279786203475024,0.11685373899462066,0.4636745854026459,1000.0,0.0
atlanta,27835,2023-06-03,near_+0.02,0.04850953862071038,0.14850953862071037,BLOCK_RANGE_ONLY,8.0,quadratic_minus_linear,temperature_equivalent,K,ESTIMABLE,-0.03922408761997076,-0.07279444522166187,-0.0034130746995132146,0.01748642271683196,0.06938137052214866,1000.0,0.0
atlanta,27835,2023-06-03,near_+0.02,0.04850953862071038,0.14850953862071037,BLOCK_RANGE_ONLY,8.0,quadratic_minus_linear,temperature_minus_equivalent,K,ESTIMABLE,0.02546812211609084,0.011890350788122603,0.04054526179140284,0.0075032845670010475,0.028654911003280235,1000.0,0.0
atlanta,27835,2023-06-03,grid_00,0.0,0.1,BLOCK_RANGE_ONLY,1.0,linear,temperature,K,ESTIMABLE,0.33790819348265183,0.32648149343218424,0.3495265896424703,0.005999340853927348,0.023045096210286053,1000.0,0.0
atlanta,27835,2023-06-03,grid_00,0.0,0.1,BLOCK_RANGE_ONLY,1.0,linear,emitted_flux,W/m2,ESTIMABLE,2.3511908026902133,2.279918311159684,2.4268656731613283,0.038310392769172835,0.14694736200164416,1000.0,0.0
atlanta,27835,2023-06-03,grid_00,0.0,0.1,BLOCK_RANGE_ONLY,1.0,linear,temperature_equivalent,K,ESTIMABLE,0.3514095243358497,0.34073979274803606,0.3627394959101252,0.005735517304458389,0.021999703162089157,1000.0,0.0
atlanta,27835,2023-06-03,grid_00,0.0,0.1,BLOCK_RANGE_ONLY,1.0,linear,temperature_minus_equivalent,K,ESTIMABLE,-0.01350133085319788,-0.017590422596189162,-0.00942311598812157,0.002069055915547027,0.008167306608067592,1000.0,0.0
atlanta,27835,2023-06-03,grid_00,0.0,0.1,BLOCK_RANGE_ONLY,1.0,quadratic,temperature,K,ESTIMABLE,0.3224702355886871,0.2950371708962844,0.3521181584376723,0.01498395029906815,0.057080987541387906,1000.0,0.0
atlanta,27835,2023-06-03,grid_00,0.0,0.1,BLOCK_RANGE_ONLY,1.0,quadratic,emitted_flux,W/m2,ESTIMABLE,2.0571014977637128,1.877209409453371,2.246775542685556,0.09448638960993105,0.3695661332321851,1000.0,0.0
atlanta,27835,2023-06-03,grid_00,0.0,0.1,BLOCK_RANGE_ONLY,1.0,quadratic,temperature_equivalent,K,ESTIMABLE,0.3073903705131329,0.2804733137254246,0.33577857885214396,0.014139747908989158,0.05530526512671935,1000.0,0.0
atlanta,27835,2023-06-03,grid_00,0.0,0.1,BLOCK_RANGE_ONLY,1.0,quadratic,temperature_minus_equivalent,K,ESTIMABLE,0.0150798650755542,0.004989600501644931,0.02618341889719785,0.00548049832503688,0.02119381839555292,1000.0,0.0
atlanta,27835,2023-06-03,grid_00,0.0,0.1,BLOCK_RANGE_ONLY,1.0,quadratic_minus_linear,temperature,K,ESTIMABLE,-0.015437957893964738,-0.041314173350439076,0.010804005653714406,0.013221310052768128,0.052118179004153484,1000.0,0.0
atlanta,27835,2023-06-03,grid_00,0.0,0.1,BLOCK_RANGE_ONLY,1.0,quadratic_minus_linear,emitted_flux,W/m2,ESTIMABLE,-0.29408930492650054,-0.4489670260863799,-0.13689262714248693,0.07955924591365966,0.312074398943893,1000.0,0.0
atlanta,27835,2023-06-03,grid_00,0.0,0.1,BLOCK_RANGE_ONLY,1.0,quadratic_minus_linear,temperature_equivalent,K,ESTIMABLE,-0.04401915382271682,-0.06718811528568125,-0.020492226690323898,0.011905448968588413,0.04669588859535735,1000.0,0.0
atlanta,27835,2023-06-03,grid_00,0.0,0.1,BLOCK_RANGE_ONLY,1.0,quadratic_minus_linear,temperature_minus_equivalent,K,ESTIMABLE,0.02858119592875208,0.01851429156300636,0.0390279889584346,0.005286447465832917,0.020513697395428243,1000.0,0.0
atlanta,27835,2023-06-03,grid_00,0.0,0.1,BLOCK_RANGE_ONLY,8.0,linear,temperature,K,ESTIMABLE,0.33790819348265183,0.3135650334085736,0.3620683201176879,0.012436433900683806,0.0485032867091143,1000.0,0.0
atlanta,27835,2023-06-03,grid_00,0.0,0.1,BLOCK_RANGE_ONLY,8.0,linear,emitted_flux,W/m2,ESTIMABLE,2.3511908026902133,2.1885013706626557,2.5173855720897254,0.08220194009434506,0.32888420142706964,1000.0,0.0
atlanta,27835,2023-06-03,grid_00,0.0,0.1,BLOCK_RANGE_ONLY,8.0,linear,temperature_equivalent,K,ESTIMABLE,0.3514095243358497,0.3270559592680783,0.37629366043312446,0.012306497169101998,0.049237701165046166,1000.0,0.0
atlanta,27835,2023-06-03,grid_00,0.0,0.1,BLOCK_RANGE_ONLY,8.0,linear,temperature_minus_equivalent,K,ESTIMABLE,-0.01350133085319788,-0.022134426615195536,-0.005801786920913978,0.004259443109173813,0.01633263969428156,1000.0,0.0
atlanta,27835,2023-06-03,grid_00,0.0,0.1,BLOCK_RANGE_ONLY,8.0,quadratic,temperature,K,ESTIMABLE,0.3224702355886871,0.2754526823106859,0.3758399546180979,0.025952952335061064,0.10038727230741196,1000.0,0.0
atlanta,27835,2023-06-03,grid_00,0.0,0.1,BLOCK_RANGE_ONLY,8.0,quadratic,emitted_flux,W/m2,ESTIMABLE,2.0571014977637128,1.716781872329172,2.4180002835809686,0.17589195181719935,0.7012184112517967,1000.0,0.0
atlanta,27835,2023-06-03,grid_00,0.0,0.1,BLOCK_RANGE_ONLY,8.0,quadratic,temperature_equivalent,K,ESTIMABLE,0.3073903705131329,0.25647454508457057,0.3614121146964749,0.02632221978915559,0.10493756961190431,1000.0,0.0
atlanta,27835,2023-06-03,grid_00,0.0,0.1,BLOCK_RANGE_ONLY,8.0,quadratic,temperature_minus_equivalent,K,ESTIMABLE,0.0150798650755542,-0.0003852189222951829,0.0326224597847005,0.008431787951958732,0.03300767870699568,1000.0,0.0
atlanta,27835,2023-06-03,grid_00,0.0,0.1,BLOCK_RANGE_ONLY,8.0,quadratic_minus_linear,temperature,K,ESTIMABLE,-0.015437957893964738,-0.05435487837927394,0.02555625543122781,0.020220374268575533,0.07991113381050174,1000.0,0.0
atlanta,27835,2023-06-03,grid_00,0.0,0.1,BLOCK_RANGE_ONLY,8.0,quadratic_minus_linear,emitted_flux,W/m2,ESTIMABLE,-0.29408930492650054,-0.5457663679024222,-0.025610358735929928,0.131110913462159,0.5201560091664923,1000.0,0.0
atlanta,27835,2023-06-03,grid_00,0.0,0.1,BLOCK_RANGE_ONLY,8.0,quadratic_minus_linear,temperature_equivalent,K,ESTIMABLE,-0.04401915382271682,-0.08165656649734387,-0.0038341266648118217,0.01961904141127301,0.07782243983253205,1000.0,0.0
atlanta,27835,2023-06-03,grid_00,0.0,0.1,BLOCK_RANGE_ONLY,8.0,quadratic_minus_linear,temperature_minus_equivalent,K,ESTIMABLE,0.02858119592875208,0.013329352383812903,0.04548577247006264,0.008420875971237625,0.03215642008624974,1000.0,0.0
atlanta,27835,2023-06-03,grid_01,0.1,0.2,BLOCK_RANGE_ONLY,1.0,linear,temperature,K,ESTIMABLE,0.33790819348265183,0.32648149343218424,0.3495265896424703,0.005999340853927348,0.023045096210286053,1000.0,0.0
atlanta,27835,2023-06-03,grid_01,0.1,0.2,BLOCK_RANGE_ONLY,1.0,linear,emitted_flux,W/m2,ESTIMABLE,2.3511908026902133,2.279918311159684,2.4268656731613283,0.038310392769172835,0.14694736200164416,1000.0,0.0
atlanta,27835,2023-06-03,grid_01,0.1,0.2,BLOCK_RANGE_ONLY,1.0,linear,temperature_equivalent,K,ESTIMABLE,0.3514095243358497,0.34073979274803606,0.3627394959101252,0.005735517304458389,0.021999703162089157,1000.0,0.0
atlanta,27835,2023-06-03,grid_01,0.1,0.2,BLOCK_RANGE_ONLY,1.0,linear,temperature_minus_equivalent,K,ESTIMABLE,-0.01350133085319788,-0.017590422596189162,-0.00942311598812157,0.002069055915547027,0.008167306608067592,1000.0,0.0
atlanta,27835,2023-06-03,grid_01,0.1,0.2,BLOCK_RANGE_ONLY,1.0,quadratic,temperature,K,ESTIMABLE,0.32593757920379773,0.30274358868756446,0.3498852925679391,0.012318860654212204,0.04714170388037464,1000.0,0.0
atlanta,27835,2023-06-03,grid_01,0.1,0.2,BLOCK_RANGE_ONLY,1.0,quadratic,emitted_flux,W/m2,ESTIMABLE,2.123153541739547,1.975343988744448,2.2801563493130876,0.07843228422820887,0.3048123605686397,1000.0,0.0
atlanta,27835,2023-06-03,grid_01,0.1,0.2,BLOCK_RANGE_ONLY,1.0,quadratic,temperature_equivalent,K,ESTIMABLE,0.3172754008815559,0.29515622687044923,0.3407754260471322,0.011738390377407315,0.045619199176682945,1000.0,0.0
atlanta,27835,2023-06-03,grid_01,0.1,0.2,BLOCK_RANGE_ONLY,1.0,quadratic,temperature_minus_equivalent,K,ESTIMABLE,0.00866217832224181,0.0004575135407781498,0.0173784454971092,0.0044032557363125596,0.01692093195633105,1000.0,0.0
atlanta,27835,2023-06-03,grid_01,0.1,0.2,BLOCK_RANGE_ONLY,1.0,quadratic_minus_linear,temperature,K,ESTIMABLE,-0.011970614278854097,-0.03202825857006381,0.008377130171967,0.01025291580214157,0.04040538874203081,1000.0,0.0
atlanta,27835,2023-06-03,grid_01,0.1,0.2,BLOCK_RANGE_ONLY,1.0,quadratic_minus_linear,emitted_flux,W/m2,ESTIMABLE,-0.22803726095066645,-0.34820776495843836,-0.10615963935445502,0.06170434304676939,0.24204812560398334,1000.0,0.0
atlanta,27835,2023-06-03,grid_01,0.1,0.2,BLOCK_RANGE_ONLY,1.0,quadratic_minus_linear,temperature_equivalent,K,ESTIMABLE,-0.034134123454293785,-0.05211319449283564,-0.015891981783700267,0.00923446733789399,0.03622121270913538,1000.0,0.0
atlanta,27835,2023-06-03,grid_01,0.1,0.2,BLOCK_RANGE_ONLY,1.0,quadratic_minus_linear,temperature_minus_equivalent,K,ESTIMABLE,0.02216350917543969,0.01435988783175153,0.030266576565196927,0.00409900896967437,0.015906688733445397,1000.0,0.0
atlanta,27835,2023-06-03,grid_01,0.1,0.2,BLOCK_RANGE_ONLY,8.0,linear,temperature,K,ESTIMABLE,0.33790819348265183,0.3135650334085736,0.3620683201176879,0.012436433900683806,0.0485032867091143,1000.0,0.0
atlanta,27835,2023-06-03,grid_01,0.1,0.2,BLOCK_RANGE_ONLY,8.0,linear,emitted_flux,W/m2,ESTIMABLE,2.3511908026902133,2.1885013706626557,2.5173855720897254,0.08220194009434506,0.32888420142706964,1000.0,0.0
atlanta,27835,2023-06-03,grid_01,0.1,0.2,BLOCK_RANGE_ONLY,8.0,linear,temperature_equivalent,K,ESTIMABLE,0.3514095243358497,0.3270559592680783,0.37629366043312446,0.012306497169101998,0.049237701165046166,1000.0,0.0
atlanta,27835,2023-06-03,grid_01,0.1,0.2,BLOCK_RANGE_ONLY,8.0,linear,temperature_minus_equivalent,K,ESTIMABLE,-0.01350133085319788,-0.022134426615195536,-0.005801786920913978,0.004259443109173813,0.01633263969428156,1000.0,0.0
atlanta,27835,2023-06-03,grid_01,0.1,0.2,BLOCK_RANGE_ONLY,8.0,quadratic,temperature,K,ESTIMABLE,0.32593757920379773,0.28534245949329173,0.37138083736142385,0.022045188366296996,0.08603837786813212,1000.0,0.0
atlanta,27835,2023-06-03,grid_01,0.1,0.2,BLOCK_RANGE_ONLY,8.0,quadratic,emitted_flux,W/m2,ESTIMABLE,2.123153541739547,1.838738781112298,2.4310078116525315,0.1501168150227508,0.5922690305402336,1000.0,0.0
atlanta,27835,2023-06-03,grid_01,0.1,0.2,BLOCK_RANGE_ONLY,8.0,quadratic,temperature_equivalent,K,ESTIMABLE,0.3172754008815559,0.2747178925407184,0.36335968843025623,0.02246703639769517,0.08864179588953786,1000.0,0.0
atlanta,27835,2023-06-03,grid_01,0.1,0.2,BLOCK_RANGE_ONLY,8.0,quadratic,temperature_minus_equivalent,K,ESTIMABLE,0.00866217832224181,-0.0040433403525006045,0.022522994208669135,0.006846573961136115,0.02656633456116974,1000.0,0.0
atlanta,27835,2023-06-03,grid_01,0.1,0.2,BLOCK_RANGE_ONLY,8.0,quadratic_minus_linear,temperature,K,ESTIMABLE,-0.011970614278854097,-0.04216006026894608,0.01978852318323946,0.015682625946658344,0.06194858345218554,1000.0,0.0
atlanta,27835,2023-06-03,grid_01,0.1,0.2,BLOCK_RANGE_ONLY,8.0,quadratic_minus_linear,emitted_flux,W/m2,ESTIMABLE,-0.22803726095066645,-0.4237852346906021,-0.01981253673813602,0.1017207620098819,0.40397269795246604,1000.0,0.0
atlanta,27835,2023-06-03,grid_01,0.1,0.2,BLOCK_RANGE_ONLY,8.0,quadratic_minus_linear,temperature_equivalent,K,ESTIMABLE,-0.034134123454293785,-0.0634184987092155,-0.0029661471273258037,0.01522259068527679,0.06045235158188969,1000.0,0.0
atlanta,27835,2023-06-03,grid_01,0.1,0.2,BLOCK_RANGE_ONLY,8.0,quadratic_minus_linear,temperature_minus_equivalent,K,ESTIMABLE,0.02216350917543969,0.010352031257405924,0.03530065204937134,0.006529317836864687,0.024948620791965418,1000.0,0.0
atlanta,27835,2023-06-03,grid_02,0.2,0.3,BLOCK_RANGE_ONLY,1.0,linear,temperature,K,ESTIMABLE,0.3379081934826517,0.32648149343218413,0.3495265896424702,0.005999340853927346,0.023045096210286053,1000.0,0.0
atlanta,27835,2023-06-03,grid_02,0.2,0.3,BLOCK_RANGE_ONLY,1.0,linear,emitted_flux,W/m2,ESTIMABLE,2.351190802690213,2.2799183111596837,2.4268656731613274,0.03831039276917282,0.1469473620016437,1000.0,0.0
atlanta,27835,2023-06-03,grid_02,0.2,0.3,BLOCK_RANGE_ONLY,1.0,linear,temperature_equivalent,K,ESTIMABLE,0.3514095243358497,0.34073979274803606,0.3627394959101252,0.005735517304458479,0.021999703162089157,1000.0,0.0
atlanta,27835,2023-06-03,grid_02,0.2,0.3,BLOCK_RANGE_ONLY,1.0,linear,temperature_minus_equivalent,K,ESTIMABLE,-0.01350133085319799,-0.017590422596189273,-0.009423115988121681,0.002069055915547034,0.008167306608067592,1000.0,0.0
atlanta,27835,2023-06-03,grid_02,0.2,0.3,BLOCK_RANGE_ONLY,1.0,quadratic,temperature,K,ESTIMABLE,0.3294049228189083,0.31079950396973804,0.34938467723613403,0.009829181086849307,0.03858517326639599,1000.0,0.0
atlanta,27835,2023-06-03,grid_02,0.2,0.3,BLOCK_RANGE_ONLY,1.0,quadratic,emitted_flux,W/m2,ESTIMABLE,2.1892055857153805,2.07242417847393,2.3179091129404155,0.06334986084472935,0.24548493446648534,1000.0,0.0
atlanta,27835,2023-06-03,grid_02,0.2,0.3,BLOCK_RANGE_ONLY,1.0,quadratic,temperature_equivalent,K,ESTIMABLE,0.32716136355350045,0.30968340597429744,0.34642700831005724,0.009482016843036577,0.036743602335759795,1000.0,0.0
atlanta,27835,2023-06-03,grid_02,0.2,0.3,BLOCK_RANGE_ONLY,1.0,quadratic,temperature_minus_equivalent,K,ESTIMABLE,0.0022435592654078684,-0.003906083459902894,0.008955463054114187,0.0034002518196421796,0.01286154651401708,1000.0,0.0
atlanta,27835,2023-06-03,grid_02,0.2,0.3,BLOCK_RANGE_ONLY,1.0,quadratic_minus_linear,temperature,K,ESTIMABLE,-0.0085032706637434,-0.022742343789688597,0.005943220871125891,0.007284534106406988,0.02868556466081449,1000.0,0.0
atlanta,27835,2023-06-03,grid_02,0.2,0.3,BLOCK_RANGE_ONLY,1.0,quadratic_minus_linear,emitted_flux,W/m2,ESTIMABLE,-0.16198521697483237,-0.24744850383049657,-0.07542665156642268,0.04384990950245848,0.1720218522640739,1000.0,0.0
atlanta,27835,2023-06-03,grid_02,0.2,0.3,BLOCK_RANGE_ONLY,1.0,quadratic_minus_linear,temperature_equivalent,K,ESTIMABLE,-0.02424816078234926,-0.037036105511332094,-0.011291534962070676,0.006563051657844756,0.02574457054926142,1000.0,0.0
atlanta,27835,2023-06-03,grid_02,0.2,0.3,BLOCK_RANGE_ONLY,1.0,quadratic_minus_linear,temperature_minus_equivalent,K,ESTIMABLE,0.01574489011860586,0.010202712763287634,0.02150393823445183,0.0029116527225414575,0.011301225471164196,1000.0,0.0
atlanta,27835,2023-06-03,grid_02,0.2,0.3,BLOCK_RANGE_ONLY,8.0,linear,temperature,K,ESTIMABLE,0.3379081934826517,0.3135650334085735,0.3620683201176878,0.012436433900683804,0.0485032867091143,1000.0,0.0
atlanta,27835,2023-06-03,grid_02,0.2,0.3,BLOCK_RANGE_ONLY,8.0,linear,emitted_flux,W/m2,ESTIMABLE,2.351190802690213,2.1885013706626553,2.517385572089725,0.08220194009434503,0.32888420142706964,1000.0,0.0
atlanta,27835,2023-06-03,grid_02,0.2,0.3,BLOCK_RANGE_ONLY,8.0,linear,temperature_equivalent,K,ESTIMABLE,0.3514095243358497,0.3270559592680783,0.37629366043312446,0.01230649716910198,0.049237701165046166,1000.0,0.0
atlanta,27835,2023-06-03,grid_02,0.2,0.3,BLOCK_RANGE_ONLY,8.0,linear,temperature_minus_equivalent,K,ESTIMABLE,-0.01350133085319799,-0.022134426615195647,-0.005801786920914035,0.0042594431091737914,0.01633263969428161,1000.0,0.0
atlanta,27835,2023-06-03,grid_02,0.2,0.3,BLOCK_RANGE_ONLY,8.0,quadratic,temperature,K,ESTIMABLE,0.3294049228189083,0.29533320808133967,0.3677119291474392,0.018428484084847683,0.07237872106609955,1000.0,0.0
atlanta,27835,2023-06-03,grid_02,0.2,0.3,BLOCK_RANGE_ONLY,8.0,quadratic,emitted_flux,W/m2,ESTIMABLE,2.1892055857153805,1.9544653980114577,2.4506824115857238,0.1259363958501478,0.49621701357426606,1000.0,0.0
atlanta,27835,2023-06-03,grid_02,0.2,0.3,BLOCK_RANGE_ONLY,8.0,quadratic,temperature_equivalent,K,ESTIMABLE,0.32716136355350045,0.2920321961628787,0.3663055693735188,0.018849830578758442,0.07427337321064015,1000.0,0.0
atlanta,27835,2023-06-03,grid_02,0.2,0.3,BLOCK_RANGE_ONLY,8.0,quadratic,temperature_minus_equivalent,K,ESTIMABLE,0.0022435592654078684,-0.008300449322124155,0.013536858511567215,0.005460148821135313,0.02183730783369137,1000.0,0.0
atlanta,27835,2023-06-03,grid_02,0.2,0.3,BLOCK_RANGE_ONLY,8.0,quadratic_minus_linear,temperature,K,ESTIMABLE,-0.0085032706637434,-0.02997027459791234,0.014020790935251057,0.011144957512917433,0.0439910655331634,1000.0,0.0
atlanta,27835,2023-06-03,grid_02,0.2,0.3,BLOCK_RANGE_ONLY,8.0,quadratic_minus_linear,emitted_flux,W/m2,ESTIMABLE,-0.16198521697483237,-0.3020632629034947,-0.014014714740342124,0.07233251984757533,0.2880485481631526,1000.0,0.0
atlanta,27835,2023-06-03,grid_02,0.2,0.3,BLOCK_RANGE_ONLY,8.0,quadratic_minus_linear,temperature_equivalent,K,ESTIMABLE,-0.02424816078234926,-0.0452070085966028,-0.0020981603540676263,0.01082561399421299,0.04310884824253518,1000.0,0.0
atlanta,27835,2023-06-03,grid_02,0.2,0.3,BLOCK_RANGE_ONLY,8.0,quadratic_minus_linear,temperature_minus_equivalent,K,ESTIMABLE,0.01574489011860586,0.007354239470020459,0.025113575612479774,0.004637903525313336,0.017759336142459316,1000.0,0.0
atlanta,27835,2023-06-03,grid_03,0.3,0.4,BLOCK_RANGE_ONLY,1.0,linear,temperature,K,ESTIMABLE,0.33790819348265194,0.3264814934321843,0.34952658964247035,0.005999340853927348,0.023045096210286053,1000.0,0.0
atlanta,27835,2023-06-03,grid_03,0.3,0.4,BLOCK_RANGE_ONLY,1.0,linear,emitted_flux,W/m2,ESTIMABLE,2.351190802690214,2.279918311159685,2.4268656731613287,0.03831039276917283,0.1469473620016437,1000.0,0.0
atlanta,27835,2023-06-03,grid_03,0.3,0.4,BLOCK_RANGE_ONLY,1.0,linear,temperature_equivalent,K,ESTIMABLE,0.3514095243358497,0.34073979274803606,0.3627394959101252,0.00573551730445835,0.021999703162089157,1000.0,0.0
atlanta,27835,2023-06-03,grid_03,0.3,0.4,BLOCK_RANGE_ONLY,1.0,linear,temperature_minus_equivalent,K,ESTIMABLE,-0.013501330853197768,-0.017590422596189106,-0.00942311598812146,0.002069055915546922,0.008167306608067646,1000.0,0.0
atlanta,27835,2023-06-03,grid_03,0.3,0.4,BLOCK_RANGE_ONLY,1.0,quadratic,temperature,K,ESTIMABLE,0.3328722664340191,0.31847402956998266,0.34762441265100386,0.007687274265009693,0.02915038308102119,1000.0,0.0
atlanta,27835,2023-06-03,grid_03,0.3,0.4,BLOCK_RANGE_ONLY,1.0,quadratic,emitted_flux,W/m2,ESTIMABLE,2.2552576296912163,2.1631910028213617,2.3561067300639627,0.0501240740652212,0.19291572724260098,1000.0,0.0
atlanta,27835,2023-06-03,grid_03,0.3,0.4,BLOCK_RANGE_ONLY,1.0,quadratic,temperature_equivalent,K,ESTIMABLE,0.3370482587341712,0.3232676680542127,0.3521454952357644,0.007503136496317723,0.028877827181551685,1000.0,0.0
atlanta,27835,2023-06-03,grid_03,0.3,0.4,BLOCK_RANGE_ONLY,1.0,quadratic,temperature_minus_equivalent,K,ESTIMABLE,-0.004175992300152087,-0.008825847053066724,0.0008441205902097545,0.002560254182818717,0.009669967643276479,1000.0,0.0
atlanta,27835,2023-06-03,grid_03,0.3,0.4,BLOCK_RANGE_ONLY,1.0,quadratic_minus_linear,temperature,K,ESTIMABLE,-0.005035927048632816,-0.013456429009313275,0.003509311570284837,0.00431619086883731,0.016965740579598113,1000.0,0.0
atlanta,27835,2023-06-03,grid_03,0.3,0.4,BLOCK_RANGE_ONLY,1.0,quadratic_minus_linear,emitted_flux,W/m2,ESTIMABLE,-0.09593317299899784,-0.1466892427025548,-0.044693663778390354,0.025996912277641213,0.10199557892416444,1000.0,0.0
atlanta,27835,2023-06-03,grid_03,0.3,0.4,BLOCK_RANGE_ONLY,1.0,quadratic_minus_linear,temperature_equivalent,K,ESTIMABLE,-0.014361265601678497,-0.02195684761334462,-0.0066908862048237015,0.0038913465227729312,0.015265961408520918,1000.0,0.0
atlanta,27835,2023-06-03,grid_03,0.3,0.4,BLOCK_RANGE_ONLY,1.0,quadratic_minus_linear,temperature_minus_equivalent,K,ESTIMABLE,0.009325338553045681,0.0060395507213883756,0.012739618029291069,0.0017245154525726703,0.0067000673079026934,1000.0,0.0
atlanta,27835,2023-06-03,grid_03,0.3,0.4,BLOCK_RANGE_ONLY,8.0,linear,temperature,K,ESTIMABLE,0.33790819348265194,0.31356503340857367,0.362068320117688,0.01243643390068381,0.04850328670911436,1000.0,0.0
atlanta,27835,2023-06-03,grid_03,0.3,0.4,BLOCK_RANGE_ONLY,8.0,linear,emitted_flux,W/m2,ESTIMABLE,2.351190802690214,2.1885013706626566,2.5173855720897262,0.08220194009434506,0.32888420142706964,1000.0,0.0
atlanta,27835,2023-06-03,grid_03,0.3,0.4,BLOCK_RANGE_ONLY,8.0,linear,temperature_equivalent,K,ESTIMABLE,0.3514095243358497,0.3270559592680783,0.37629366043312446,0.01230649716910203,0.049237701165046166,1000.0,0.0
atlanta,27835,2023-06-03,grid_03,0.3,0.4,BLOCK_RANGE_ONLY,8.0,linear,temperature_minus_equivalent,K,ESTIMABLE,-0.013501330853197768,-0.02213442661519548,-0.005801786920913868,0.004259443109173858,0.01633263969428161,1000.0,0.0
atlanta,27835,2023-06-03,grid_03,0.3,0.4,BLOCK_RANGE_ONLY,8.0,quadratic,temperature,K,ESTIMABLE,0.3328722664340191,0.3043274365477091,0.3645566648251222,0.01531051343312353,0.060229228277413116,1000.0,0.0
atlanta,27835,2023-06-03,grid_03,0.3,0.4,BLOCK_RANGE_ONLY,8.0,quadratic,emitted_flux,W/m2,ESTIMABLE,2.2552576296912163,2.0569118634545918,2.4750081659696277,0.10446402086610991,0.41809630251503593,1000.0,0.0
atlanta,27835,2023-06-03,grid_03,0.3,0.4,BLOCK_RANGE_ONLY,8.0,quadratic,temperature_equivalent,K,ESTIMABLE,0.3370482587341712,0.30736199209943466,0.3699479829013299,0.01563732181078518,0.06258599080189525,1000.0,0.0
atlanta,27835,2023-06-03,grid_03,0.3,0.4,BLOCK_RANGE_ONLY,8.0,quadratic,temperature_minus_equivalent,K,ESTIMABLE,-0.004175992300152087,-0.012762836867217252,0.004889253231963195,0.004461993607538654,0.017652090099180447,1000.0,0.0
atlanta,27835,2023-06-03,grid_03,0.3,0.4,BLOCK_RANGE_ONLY,8.0,quadratic_minus_linear,temperature,K,ESTIMABLE,-0.005035927048632816,-0.017773093914989803,0.008253058687262763,0.0066075335570143934,0.026026152602252564,1000.0,0.0
atlanta,27835,2023-06-03,grid_03,0.3,0.4,BLOCK_RANGE_ONLY,8.0,quadratic_minus_linear,emitted_flux,W/m2,ESTIMABLE,-0.09593317299899784,-0.17988708148103916,-0.008216892742548226,0.04295010639996465,0.17167018873849094,1000.0,0.0
atlanta,27835,2023-06-03,grid_03,0.3,0.4,BLOCK_RANGE_ONLY,8.0,quadratic_minus_linear,temperature_equivalent,K,ESTIMABLE,-0.014361265601678497,-0.026925598808712436,-0.0012301663448156005,0.006428697812921264,0.025695432463896835,1000.0,0.0
atlanta,27835,2023-06-03,grid_03,0.3,0.4,BLOCK_RANGE_ONLY,8.0,quadratic_minus_linear,temperature_minus_equivalent,K,ESTIMABLE,0.009325338553045681,0.00435556524230449,0.014920626921686749,0.002747182876019014,0.01056506167938226,1000.0,0.0
atlanta,27835,2023-06-03,grid_04,0.4,0.5,BLOCK_RANGE_ONLY,1.0,linear,temperature,K,ESTIMABLE,0.3379081934826517,0.32648149343218413,0.3495265896424702,0.005999340853927346,0.023045096210286053,1000.0,0.0
atlanta,27835,2023-06-03,grid_04,0.4,0.5,BLOCK_RANGE_ONLY,1.0,linear,emitted_flux,W/m2,ESTIMABLE,2.351190802690213,2.2799183111596837,2.4268656731613274,0.03831039276917282,0.1469473620016437,1000.0,0.0
atlanta,27835,2023-06-03,grid_04,0.4,0.5,BLOCK_RANGE_ONLY,1.0,linear,temperature_equivalent,K,ESTIMABLE,0.3514095243358497,0.34073979274803606,0.3627394959101252,0.005735517304458479,0.021999703162089157,1000.0,0.0
atlanta,27835,2023-06-03,grid_04,0.4,0.5,BLOCK_RANGE_ONLY,1.0,linear,temperature_minus_equivalent,K,ESTIMABLE,-0.01350133085319799,-0.017590422596189273,-0.009423115988121681,0.002069055915547034,0.008167306608067592,1000.0,0.0
atlanta,27835,2023-06-03,grid_04,0.4,0.5,BLOCK_RANGE_ONLY,1.0,quadratic,temperature,K,ESTIMABLE,0.3363396100491296,0.32488371266183763,0.3486622943615842,0.006260869123381355,0.02377858169974656,1000.0,0.0
atlanta,27835,2023-06-03,grid_04,0.4,0.5,BLOCK_RANGE_ONLY,1.0,quadratic,emitted_flux,W/m2,ESTIMABLE,2.321309673667049,2.2452808976089447,2.400136137286336,0.04061129159239039,0.15485523967739123,1000.0,0.0
atlanta,27835,2023-06-03,grid_04,0.4,0.5,BLOCK_RANGE_ONLY,1.0,quadratic,temperature_equivalent,K,ESTIMABLE,0.3469360866289435,0.3355548476613407,0.3587374346259793,0.006079731715846149,0.023182586964638596,1000.0,0.0
atlanta,27835,2023-06-03,grid_04,0.4,0.5,BLOCK_RANGE_ONLY,1.0,quadratic,temperature_minus_equivalent,K,ESTIMABLE,-0.010596476579813885,-0.014813279248886492,-0.006460970352404527,0.002090003652213719,0.008352308896481964,1000.0,0.0
atlanta,27835,2023-06-03,grid_04,0.4,0.5,BLOCK_RANGE_ONLY,1.0,quadratic_minus_linear,temperature,K,ESTIMABLE,-0.0015685834335221194,-0.004168670107808377,0.0010831154033783014,0.0013481401456406747,0.005251785511186678,1000.0,0.0
atlanta,27835,2023-06-03,grid_04,0.4,0.5,BLOCK_RANGE_ONLY,1.0,quadratic_minus_linear,emitted_flux,W/m2,ESTIMABLE,-0.029881129023163755,-0.04592998157461344,-0.01364366127030382,0.008154790287071828,0.03228632030430962,1000.0,0.0
atlanta,27835,2023-06-03,grid_04,0.4,0.5,BLOCK_RANGE_ONLY,1.0,quadratic_minus_linear,temperature_equivalent,K,ESTIMABLE,-0.004473437706906225,-0.006875420070760185,-0.0020427310726361726,0.0012207649126897,0.004832688998124012,1000.0,0.0
atlanta,27835,2023-06-03,grid_04,0.4,0.5,BLOCK_RANGE_ONLY,1.0,quadratic_minus_linear,temperature_minus_equivalent,K,ESTIMABLE,0.0029048542733841054,0.0018810267957528285,0.003972199780638276,0.000538941173315539,0.002091172984885448,1000.0,0.0
atlanta,27835,2023-06-03,grid_04,0.4,0.5,BLOCK_RANGE_ONLY,8.0,linear,temperature,K,ESTIMABLE,0.3379081934826517,0.3135650334085735,0.3620683201176878,0.012436433900683804,0.0485032867091143,1000.0,0.0
atlanta,27835,2023-06-03,grid_04,0.4,0.5,BLOCK_RANGE_ONLY,8.0,linear,emitted_flux,W/m2,ESTIMABLE,2.351190802690213,2.1885013706626553,2.517385572089725,0.08220194009434503,0.32888420142706964,1000.0,0.0
atlanta,27835,2023-06-03,grid_04,0.4,0.5,BLOCK_RANGE_ONLY,8.0,linear,temperature_equivalent,K,ESTIMABLE,0.3514095243358497,0.3270559592680783,0.37629366043312446,0.01230649716910198,0.049237701165046166,1000.0,0.0
atlanta,27835,2023-06-03,grid_04,0.4,0.5,BLOCK_RANGE_ONLY,8.0,linear,temperature_minus_equivalent,K,ESTIMABLE,-0.01350133085319799,-0.022134426615195647,-0.005801786920914035,0.0042594431091737914,0.01633263969428161,1000.0,0.0
atlanta,27835,2023-06-03,grid_04,0.4,0.5,BLOCK_RANGE_ONLY,8.0,quadratic,temperature,K,ESTIMABLE,0.3363396100491296,0.3110674494732183,0.36307831825920384,0.013053685987744245,0.05201086878598554,1000.0,0.0
atlanta,27835,2023-06-03,grid_04,0.4,0.5,BLOCK_RANGE_ONLY,8.0,quadratic,emitted_flux,W/m2,ESTIMABLE,2.321309673667049,2.151742172106804,2.5017508848952215,0.08771160538916452,0.3500087127884175,1000.0,0.0
atlanta,27835,2023-06-03,grid_04,0.4,0.5,BLOCK_RANGE_ONLY,8.0,quadratic,temperature_equivalent,K,ESTIMABLE,0.3469360866289435,0.3215541265151572,0.3739524463775936,0.013130815489592525,0.05239831986243643,1000.0,0.0
atlanta,27835,2023-06-03,grid_04,0.4,0.5,BLOCK_RANGE_ONLY,8.0,quadratic,temperature_minus_equivalent,K,ESTIMABLE,-0.010596476579813885,-0.018683290607040867,-0.003156271995053584,0.004143121285807703,0.015527018611987284,1000.0,0.0
atlanta,27835,2023-06-03,grid_04,0.4,0.5,BLOCK_RANGE_ONLY,8.0,quadratic_minus_linear,temperature,K,ESTIMABLE,-0.0015685834335221194,-0.005554395521067861,0.002467619233608356,0.002071960861071193,0.008022014754676217,1000.0,0.0
atlanta,27835,2023-06-03,grid_04,0.4,0.5,BLOCK_RANGE_ONLY,8.0,quadratic_minus_linear,emitted_flux,W/m2,ESTIMABLE,-0.029881129023163755,-0.05693574932809854,-0.0024190707447543187,0.013611321048166081,0.054516678583344226,1000.0,0.0
atlanta,27835,2023-06-03,grid_04,0.4,0.5,BLOCK_RANGE_ONLY,8.0,quadratic_minus_linear,temperature_equivalent,K,ESTIMABLE,-0.004473437706906225,-0.008522446823739926,-0.0003621650994574605,0.0020375010330085353,0.008160281724282466,1000.0,0.0
atlanta,27835,2023-06-03,grid_04,0.4,0.5,BLOCK_RANGE_ONLY,8.0,quadratic_minus_linear,temperature_minus_equivalent,K,ESTIMABLE,0.0029048542733841054,0.0013419706029412781,0.004686340731297839,0.000862542176372662,0.0033443701283565608,1000.0,0.0
atlanta,27835,2023-06-03,grid_05,0.5,0.6,BLOCK_RANGE_ONLY,1.0,linear,temperature,K,ESTIMABLE,0.3379081934826517,0.32648149343218413,0.3495265896424702,0.005999340853927346,0.023045096210286053,1000.0,0.0
atlanta,27835,2023-06-03,grid_05,0.5,0.6,BLOCK_RANGE_ONLY,1.0,linear,emitted_flux,W/m2,ESTIMABLE,2.351190802690213,2.2799183111596837,2.4268656731613274,0.03831039276917282,0.1469473620016437,1000.0,0.0
atlanta,27835,2023-06-03,grid_05,0.5,0.6,BLOCK_RANGE_ONLY,1.0,linear,temperature_equivalent,K,ESTIMABLE,0.3514095243358497,0.34073979274803606,0.3627394959101252,0.005735517304458479,0.021999703162089157,1000.0,0.0
atlanta,27835,2023-06-03,grid_05,0.5,0.6,BLOCK_RANGE_ONLY,1.0,linear,temperature_minus_equivalent,K,ESTIMABLE,-0.01350133085319799,-0.017590422596189273,-0.009423115988121681,0.002069055915547034,0.008167306608067592,1000.0,0.0
atlanta,27835,2023-06-03,grid_05,0.5,0.6,BLOCK_RANGE_ONLY,1.0,quadratic,temperature,K,ESTIMABLE,0.33980695366424024,0.3281693427136128,0.3513561212314856,0.006076651257227563,0.023186778517872764,1000.0,0.0
atlanta,27835,2023-06-03,grid_05,0.5,0.6,BLOCK_RANGE_ONLY,1.0,quadratic,emitted_flux,W/m2,ESTIMABLE,2.387361717642883,2.316232355853544,2.4613582404682446,0.03773284352875769,0.14512588461470077,1000.0,0.0
atlanta,27835,2023-06-03,grid_05,0.5,0.6,BLOCK_RANGE_ONLY,1.0,quadratic,temperature_equivalent,K,ESTIMABLE,0.356824847443022,0.3461759915913632,0.36790409756615505,0.005649334265920098,0.021728105974791856,1000.0,0.0
atlanta,27835,2023-06-03,grid_05,0.5,0.6,BLOCK_RANGE_ONLY,1.0,quadratic,temperature_minus_equivalent,K,ESTIMABLE,-0.017017893778781767,-0.02150120072763947,-0.012573067031810664,0.00223634576719537,0.008928133695828807,1000.0,0.0
atlanta,27835,2023-06-03,grid_05,0.5,0.6,BLOCK_RANGE_ONLY,1.0,quadratic_minus_linear,temperature,K,ESTIMABLE,0.0018987601815885213,-0.0013279882588173738,0.005064350858262401,0.0016212254178759673,0.006392339117079775,1000.0,0.0
atlanta,27835,2023-06-03,grid_05,0.5,0.6,BLOCK_RANGE_ONLY,1.0,quadratic_minus_linear,emitted_flux,W/m2,ESTIMABLE,0.03617091495267033,0.016772311797673876,0.0554051857996094,0.009736428161191508,0.038632874001935526,1000.0,0.0
atlanta,27835,2023-06-03,grid_05,0.5,0.6,BLOCK_RANGE_ONLY,1.0,quadratic_minus_linear,temperature_equivalent,K,ESTIMABLE,0.0054153231071722985,0.002511017199523735,0.008294531129214988,0.0014576721057204408,0.005783513929691253,1000.0,0.0
atlanta,27835,2023-06-03,grid_05,0.5,0.6,BLOCK_RANGE_ONLY,1.0,quadratic_minus_linear,temperature_minus_equivalent,K,ESTIMABLE,-0.003516562925583777,-0.0047873975856176434,-0.002281226406470412,0.0006535460123104211,0.0025061711791472315,1000.0,0.0
atlanta,27835,2023-06-03,grid_05,0.5,0.6,BLOCK_RANGE_ONLY,8.0,linear,temperature,K,ESTIMABLE,0.3379081934826517,0.3135650334085735,0.3620683201176878,0.012436433900683804,0.0485032867091143,1000.0,0.0
atlanta,27835,2023-06-03,grid_05,0.5,0.6,BLOCK_RANGE_ONLY,8.0,linear,emitted_flux,W/m2,ESTIMABLE,2.351190802690213,2.1885013706626553,2.517385572089725,0.08220194009434503,0.32888420142706964,1000.0,0.0
atlanta,27835,2023-06-03,grid_05,0.5,0.6,BLOCK_RANGE_ONLY,8.0,linear,temperature_equivalent,K,ESTIMABLE,0.3514095243358497,0.3270559592680783,0.37629366043312446,0.01230649716910198,0.049237701165046166,1000.0,0.0
atlanta,27835,2023-06-03,grid_05,0.5,0.6,BLOCK_RANGE_ONLY,8.0,linear,temperature_minus_equivalent,K,ESTIMABLE,-0.01350133085319799,-0.022134426615195647,-0.005801786920914035,0.0042594431091737914,0.01633263969428161,1000.0,0.0
atlanta,27835,2023-06-03,grid_05,0.5,0.6,BLOCK_RANGE_ONLY,8.0,quadratic,temperature,K,ESTIMABLE,0.33980695366424024,0.3162309309746867,0.3635399160262138,0.012147827563305635,0.04730898505152714,1000.0,0.0
atlanta,27835,2023-06-03,grid_05,0.5,0.6,BLOCK_RANGE_ONLY,8.0,quadratic,emitted_flux,W/m2,ESTIMABLE,2.387361717642883,2.2264703415699603,2.542506145353808,0.07875124121570112,0.31603580378384777,1000.0,0.0
atlanta,27835,2023-06-03,grid_05,0.5,0.6,BLOCK_RANGE_ONLY,8.0,quadratic,temperature_equivalent,K,ESTIMABLE,0.356824847443022,0.3327391646422697,0.3800554467875983,0.011790462400324518,0.04731628214532857,1000.0,0.0
atlanta,27835,2023-06-03,grid_05,0.5,0.6,BLOCK_RANGE_ONLY,8.0,quadratic,temperature_minus_equivalent,K,ESTIMABLE,-0.017017893778781767,-0.026470913411691433,-0.00836388640619401,0.004645731906137359,0.018107027005497423,1000.0,0.0
atlanta,27835,2023-06-03,grid_05,0.5,0.6,BLOCK_RANGE_ONLY,8.0,quadratic_minus_linear,temperature,K,ESTIMABLE,0.0018987601815885213,-0.003232345032974751,0.006629110518758204,0.0024719717378954,0.009861455551732954,1000.0,0.0
atlanta,27835,2023-06-03,grid_05,0.5,0.6,BLOCK_RANGE_ONLY,8.0,quadratic_minus_linear,emitted_flux,W/m2,ESTIMABLE,0.03617091495267033,0.0033787512530399715,0.06673729846843293,0.015926791585996615,0.06335854721539295,1000.0,0.0
atlanta,27835,2023-06-03,grid_05,0.5,0.6,BLOCK_RANGE_ONLY,8.0,quadratic_minus_linear,temperature_equivalent,K,ESTIMABLE,0.0054153231071722985,0.0005058433821716339,0.009989808260434073,0.0023843511004428787,0.00948396487826244,1000.0,0.0
atlanta,27835,2023-06-03,grid_05,0.5,0.6,BLOCK_RANGE_ONLY,8.0,quadratic_minus_linear,temperature_minus_equivalent,K,ESTIMABLE,-0.003516562925583777,-0.005617729526742885,-0.0016274945737269665,0.0010499731634362071,0.003990234953015918,1000.0,0.0
atlanta,27835,2023-06-03,grid_06,0.6,0.7,BLOCK_RANGE_ONLY,1.0,linear,temperature,K,ESTIMABLE,0.3379081934826517,0.32648149343218413,0.3495265896424702,0.005999340853927346,0.023045096210286053,1000.0,0.0
atlanta,27835,2023-06-03,grid_06,0.6,0.7,BLOCK_RANGE_ONLY,1.0,linear,emitted_flux,W/m2,ESTIMABLE,2.351190802690213,2.2799183111596837,2.4268656731613274,0.03831039276917282,0.1469473620016437,1000.0,0.0
atlanta,27835,2023-06-03,grid_06,0.6,0.7,BLOCK_RANGE_ONLY,1.0,linear,temperature_equivalent,K,ESTIMABLE,0.3514095243358497,0.34073979274803606,0.3627394959101252,0.005735517304458479,0.021999703162089157,1000.0,0.0
atlanta,27835,2023-06-03,grid_06,0.6,0.7,BLOCK_RANGE_ONLY,1.0,linear,temperature_minus_equivalent,K,ESTIMABLE,-0.01350133085319799,-0.017590422596189273,-0.009423115988121681,0.002069055915547034,0.008167306608067592,1000.0,0.0
atlanta,27835,2023-06-03,grid_06,0.6,0.7,BLOCK_RANGE_ONLY,1.0,quadratic,temperature,K,ESTIMABLE,0.3432742972793509,0.32949334115834455,0.3570843054760949,0.007230201282885987,0.02759096431775032,1000.0,0.0
atlanta,27835,2023-06-03,grid_06,0.6,0.7,BLOCK_RANGE_ONLY,1.0,quadratic,emitted_flux,W/m2,ESTIMABLE,2.4534137616187173,2.374521430036375,2.536169571403772,0.042847336309115386,0.1616481413673969,1000.0,0.0
atlanta,27835,2023-06-03,grid_06,0.6,0.7,BLOCK_RANGE_ONLY,1.0,quadratic,temperature_equivalent,K,ESTIMABLE,0.3667145413818389,0.35490243367686103,0.37910653700057395,0.006415658601913101,0.024204103323712922,1000.0,0.0
atlanta,27835,2023-06-03,grid_06,0.6,0.7,BLOCK_RANGE_ONLY,1.0,quadratic,temperature_minus_equivalent,K,ESTIMABLE,-0.023440244102488017,-0.029141412349387358,-0.017475999977529903,0.0029076060586716874,0.011665412371857455,1000.0,0.0
atlanta,27835,2023-06-03,grid_06,0.6,0.7,BLOCK_RANGE_ONLY,1.0,quadratic_minus_linear,temperature,K,ESTIMABLE,0.005366103796699162,-0.0037543870413236854,0.014401315331812468,0.004589354380092222,0.018155702373136153,1000.0,0.0
atlanta,27835,2023-06-03,grid_06,0.6,0.7,BLOCK_RANGE_ONLY,1.0,quadratic_minus_linear,emitted_flux,W/m2,ESTIMABLE,0.10222295892850441,0.0475052995857062,0.15575009452315802,0.027581365704169504,0.10824479493745182,1000.0,0.0
atlanta,27835,2023-06-03,grid_06,0.6,0.7,BLOCK_RANGE_ONLY,1.0,quadratic_minus_linear,temperature_equivalent,K,ESTIMABLE,0.015305017045989189,0.007112271887956468,0.023320160685787523,0.004129685148130387,0.016207888797831055,1000.0,0.0
atlanta,27835,2023-06-03,grid_06,0.6,0.7,BLOCK_RANGE_ONLY,1.0,quadratic_minus_linear,temperature_minus_equivalent,K,ESTIMABLE,-0.009938913249290027,-0.013541197063957093,-0.006434164592182207,0.0018395211827257577,0.007107032471774886,1000.0,0.0
atlanta,27835,2023-06-03,grid_06,0.6,0.7,BLOCK_RANGE_ONLY,8.0,linear,temperature,K,ESTIMABLE,0.3379081934826517,0.3135650334085735,0.3620683201176878,0.012436433900683804,0.0485032867091143,1000.0,0.0
atlanta,27835,2023-06-03,grid_06,0.6,0.7,BLOCK_RANGE_ONLY,8.0,linear,emitted_flux,W/m2,ESTIMABLE,2.351190802690213,2.1885013706626553,2.517385572089725,0.08220194009434503,0.32888420142706964,1000.0,0.0
atlanta,27835,2023-06-03,grid_06,0.6,0.7,BLOCK_RANGE_ONLY,8.0,linear,temperature_equivalent,K,ESTIMABLE,0.3514095243358497,0.3270559592680783,0.37629366043312446,0.01230649716910198,0.049237701165046166,1000.0,0.0
atlanta,27835,2023-06-03,grid_06,0.6,0.7,BLOCK_RANGE_ONLY,8.0,linear,temperature_minus_equivalent,K,ESTIMABLE,-0.01350133085319799,-0.022134426615195647,-0.005801786920914035,0.0042594431091737914,0.01633263969428161,1000.0,0.0
atlanta,27835,2023-06-03,grid_06,0.6,0.7,BLOCK_RANGE_ONLY,8.0,quadratic,temperature,K,ESTIMABLE,0.3432742972793509,0.31772813511368514,0.36794810833859687,0.012881180516916484,0.05021997322491173,1000.0,0.0
atlanta,27835,2023-06-03,grid_06,0.6,0.7,BLOCK_RANGE_ONLY,8.0,quadratic,emitted_flux,W/m2,ESTIMABLE,2.4534137616187173,2.2932955621939564,2.607272176020991,0.0802373259444888,0.3139766138270348,1000.0,0.0
atlanta,27835,2023-06-03,grid_06,0.6,0.7,BLOCK_RANGE_ONLY,8.0,quadratic,temperature_equivalent,K,ESTIMABLE,0.3667145413818389,0.3427423293950568,0.38975473232534624,0.012014048370997694,0.047012402930289465,1000.0,0.0
atlanta,27835,2023-06-03,grid_06,0.6,0.7,BLOCK_RANGE_ONLY,8.0,quadratic,temperature_minus_equivalent,K,ESTIMABLE,-0.023440244102488017,-0.03426320932481631,-0.012173653354650382,0.0057587241324621365,0.022089555970165927,1000.0,0.0
atlanta,27835,2023-06-03,grid_06,0.6,0.7,BLOCK_RANGE_ONLY,8.0,quadratic_minus_linear,temperature,K,ESTIMABLE,0.005366103796699162,-0.008923193827767266,0.018828196215130065,0.007008021625002263,0.027751390042897332,1000.0,0.0
atlanta,27835,2023-06-03,grid_06,0.6,0.7,BLOCK_RANGE_ONLY,8.0,quadratic_minus_linear,emitted_flux,W/m2,ESTIMABLE,0.10222295892850441,0.009176573250833816,0.18840727183007341,0.045275771980286005,0.1792306985792396,1000.0,0.0
atlanta,27835,2023-06-03,grid_06,0.6,0.7,BLOCK_RANGE_ONLY,8.0,quadratic_minus_linear,temperature_equivalent,K,ESTIMABLE,0.015305017045989189,0.0013738591001839506,0.028208979423300206,0.0067787002723123735,0.026835120323116256,1000.0,0.0
atlanta,27835,2023-06-03,grid_06,0.6,0.7,BLOCK_RANGE_ONLY,8.0,quadratic_minus_linear,temperature_minus_equivalent,K,ESTIMABLE,-0.009938913249290027,-0.01574579229712576,-0.00461998806680585,0.002936632692940591,0.011125804230319909,1000.0,0.0
atlanta,27835,2023-06-03,grid_07,0.7,0.8,BLOCK_RANGE_ONLY,1.0,linear,temperature,K,ESTIMABLE,0.3379081934826521,0.3264814934321845,0.3495265896424706,0.005999340853927351,0.023045096210286053,1000.0,0.0
atlanta,27835,2023-06-03,grid_07,0.7,0.8,BLOCK_RANGE_ONLY,1.0,linear,emitted_flux,W/m2,ESTIMABLE,2.3511908026902155,2.279918311159686,2.42686567316133,0.03831039276917286,0.14694736200164416,1000.0,0.0
atlanta,27835,2023-06-03,grid_07,0.7,0.8,BLOCK_RANGE_ONLY,1.0,linear,temperature_equivalent,K,ESTIMABLE,0.3514095243358497,0.34073979274803606,0.3627394959101252,0.005735517304458323,0.021999703162089157,1000.0,0.0
atlanta,27835,2023-06-03,grid_07,0.7,0.8,BLOCK_RANGE_ONLY,1.0,linear,temperature_minus_equivalent,K,ESTIMABLE,-0.013501330853197602,-0.01759042259618894,-0.009423115988121292,0.00206905591554686,0.008167306608067647,1000.0,0.0
atlanta,27835,2023-06-03,grid_07,0.7,0.8,BLOCK_RANGE_ONLY,1.0,quadratic,temperature,K,ESTIMABLE,0.3467416408944619,0.32948811944195755,0.36464901230509034,0.009233029971106609,0.03516089286313279,1000.0,0.0
atlanta,27835,2023-06-03,grid_07,0.7,0.8,BLOCK_RANGE_ONLY,1.0,quadratic,emitted_flux,W/m2,ESTIMABLE,2.5194658055945545,2.418002918643531,2.6223315754439827,0.053718313905635105,0.20432865680045165,1000.0,0.0
atlanta,27835,2023-06-03,grid_07,0.7,0.8,BLOCK_RANGE_ONLY,1.0,quadratic,temperature_equivalent,K,ESTIMABLE,0.37660516865093996,0.36141250918141593,0.3920101390610398,0.008044149076890007,0.03059762987962389,1000.0,0.0
atlanta,27835,2023-06-03,grid_07,0.7,0.8,BLOCK_RANGE_ONLY,1.0,quadratic,temperature_minus_equivalent,K,ESTIMABLE,-0.029863527756478048,-0.03764051527971408,-0.02205761149993882,0.003837551140494423,0.015582903779775257,1000.0,0.0
atlanta,27835,2023-06-03,grid_07,0.7,0.8,BLOCK_RANGE_ONLY,1.0,quadratic_minus_linear,temperature,K,ESTIMABLE,0.008833447411809803,-0.006180785823830052,0.023687230112187898,0.0075577038287962875,0.02986801593601795,1000.0,0.0
atlanta,27835,2023-06-03,grid_07,0.7,0.8,BLOCK_RANGE_ONLY,1.0,quadratic_minus_linear,emitted_flux,W/m2,ESTIMABLE,0.16827500290433894,0.07823828737373854,0.25634018268391573,0.045434587121854844,0.17810189531017717,1000.0,0.0
atlanta,27835,2023-06-03,grid_07,0.7,0.8,BLOCK_RANGE_ONLY,1.0,quadratic_minus_linear,temperature_equivalent,K,ESTIMABLE,0.02519564431509025,0.011713728594786232,0.03838075047710844,0.006803443644397501,0.026667021882322207,1000.0,0.0
atlanta,27835,2023-06-03,grid_07,0.7,0.8,BLOCK_RANGE_ONLY,1.0,quadratic_minus_linear,temperature_minus_equivalent,K,ESTIMABLE,-0.016362196903280446,-0.02231151222598297,-0.01059789472942938,0.003026631252255864,0.01171361749655359,1000.0,0.0
atlanta,27835,2023-06-03,grid_07,0.7,0.8,BLOCK_RANGE_ONLY,8.0,linear,temperature,K,ESTIMABLE,0.3379081934826521,0.31356503340857383,0.3620683201176882,0.012436433900683818,0.04850328670911436,1000.0,0.0
atlanta,27835,2023-06-03,grid_07,0.7,0.8,BLOCK_RANGE_ONLY,8.0,linear,emitted_flux,W/m2,ESTIMABLE,2.3511908026902155,2.188501370662658,2.5173855720897276,0.0822019400943451,0.32888420142706964,1000.0,0.0
atlanta,27835,2023-06-03,grid_07,0.7,0.8,BLOCK_RANGE_ONLY,8.0,linear,temperature_equivalent,K,ESTIMABLE,0.3514095243358497,0.3270559592680783,0.37629366043312446,0.012306497169101992,0.049237701165046166,1000.0,0.0
atlanta,27835,2023-06-03,grid_07,0.7,0.8,BLOCK_RANGE_ONLY,8.0,linear,temperature_minus_equivalent,K,ESTIMABLE,-0.013501330853197602,-0.022134426615195258,-0.0058017869209137,0.004259443109173667,0.01633263969428156,1000.0,0.0
atlanta,27835,2023-06-03,grid_07,0.7,0.8,BLOCK_RANGE_ONLY,8.0,quadratic,temperature,K,ESTIMABLE,0.3467416408944619,0.3170074186955541,0.374347233127463,0.015015458996360169,0.057339814431908886,1000.0,0.0
atlanta,27835,2023-06-03,grid_07,0.7,0.8,BLOCK_RANGE_ONLY,8.0,quadratic,emitted_flux,W/m2,ESTIMABLE,2.5194658055945545,2.3313349646906794,2.692762087165468,0.09166317234893363,0.3614271224747885,1000.0,0.0
atlanta,27835,2023-06-03,grid_07,0.7,0.8,BLOCK_RANGE_ONLY,8.0,quadratic,temperature_equivalent,K,ESTIMABLE,0.37660516865093996,0.3484369294811458,0.4025589767762156,0.0137261376642664,0.05412204729506981,1000.0,0.0
atlanta,27835,2023-06-03,grid_07,0.7,0.8,BLOCK_RANGE_ONLY,8.0,quadratic,temperature_minus_equivalent,K,ESTIMABLE,-0.029863527756478048,-0.043600455257095314,-0.015919911662525283,0.007204658146505559,0.02768054359457003,1000.0,0.0
atlanta,27835,2023-06-03,grid_07,0.7,0.8,BLOCK_RANGE_ONLY,8.0,quadratic_minus_linear,temperature,K,ESTIMABLE,0.008833447411809803,-0.014612928958955182,0.031030595674484785,0.0115454835446788,0.045643524633439965,1000.0,0.0
atlanta,27835,2023-06-03,grid_07,0.7,0.8,BLOCK_RANGE_ONLY,8.0,quadratic_minus_linear,emitted_flux,W/m2,ESTIMABLE,0.16827500290433894,0.014974395248628092,0.3118636613792626,0.07465900197054284,0.2968892661306345,1000.0,0.0
atlanta,27835,2023-06-03,grid_07,0.7,0.8,BLOCK_RANGE_ONLY,8.0,quadratic_minus_linear,temperature_equivalent,K,ESTIMABLE,0.02519564431509025,0.0022418820547471813,0.0466948993420587,0.01117899057694593,0.04445301728731152,1000.0,0.0
atlanta,27835,2023-06-03,grid_07,0.7,0.8,BLOCK_RANGE_ONLY,8.0,quadratic_minus_linear,temperature_minus_equivalent,K,ESTIMABLE,-0.016362196903280446,-0.025923630369236148,-0.0076157443994086865,0.004827990454873697,0.01830788596982746,1000.0,0.0
atlanta,27835,2023-06-03,grid_08,0.8,0.9,BLOCK_RANGE_ONLY,1.0,linear,temperature,K,ESTIMABLE,0.3379081934826517,0.32648149343218413,0.3495265896424702,0.005999340853927346,0.023045096210286053,1000.0,0.0
atlanta,27835,2023-06-03,grid_08,0.8,0.9,BLOCK_RANGE_ONLY,1.0,linear,emitted_flux,W/m2,ESTIMABLE,2.351190802690213,2.2799183111596837,2.4268656731613274,0.03831039276917282,0.1469473620016437,1000.0,0.0
atlanta,27835,2023-06-03,grid_08,0.8,0.9,BLOCK_RANGE_ONLY,1.0,linear,temperature_equivalent,K,ESTIMABLE,0.3514095243358497,0.34073979274803606,0.3627394959101252,0.005735517304458479,0.021999703162089157,1000.0,0.0
atlanta,27835,2023-06-03,grid_08,0.8,0.9,BLOCK_RANGE_ONLY,1.0,linear,temperature_minus_equivalent,K,ESTIMABLE,-0.01350133085319799,-0.017590422596189273,-0.009423115988121681,0.002069055915547034,0.008167306608067592,1000.0,0.0
atlanta,27835,2023-06-03,grid_08,0.8,0.9,BLOCK_RANGE_ONLY,1.0,quadratic,temperature,K,ESTIMABLE,0.3502089845095722,0.3283744506878881,0.37319260909765956,0.011655247147567677,0.044818158409771436,1000.0,0.0
atlanta,27835,2023-06-03,grid_08,0.8,0.9,BLOCK_RANGE_ONLY,1.0,quadratic,emitted_flux,W/m2,ESTIMABLE,2.585517849570386,2.4567934701976792,2.717290164663677,0.06762437830397712,0.2604966944659979,1000.0,0.0
atlanta,27835,2023-06-03,grid_08,0.8,0.9,BLOCK_RANGE_ONLY,1.0,quadratic,temperature_equivalent,K,ESTIMABLE,0.38649672945581415,0.3672205959899372,0.40623295645242335,0.010127490507414225,0.03901236046248613,1000.0,0.0
atlanta,27835,2023-06-03,grid_08,0.8,0.9,BLOCK_RANGE_ONLY,1.0,quadratic,temperature_minus_equivalent,K,ESTIMABLE,-0.03628774494624193,-0.04609034393451911,-0.0263688553083903,0.004880472611445675,0.019721488626128807,1000.0,0.0
atlanta,27835,2023-06-03,grid_08,0.8,0.9,BLOCK_RANGE_ONLY,1.0,quadratic_minus_linear,temperature,K,ESTIMABLE,0.012300791026920499,-0.008607184606336419,0.032973144892563054,0.010526087234521546,0.041580329498899476,1000.0,0.0
atlanta,27835,2023-06-03,grid_08,0.8,0.9,BLOCK_RANGE_ONLY,1.0,quadratic_minus_linear,emitted_flux,W/m2,ESTIMABLE,0.23432704688017303,0.10897127516177041,0.3570992515626628,0.06328908240618478,0.2481279764008924,1000.0,0.0
atlanta,27835,2023-06-03,grid_08,0.8,0.9,BLOCK_RANGE_ONLY,1.0,quadratic_minus_linear,temperature_equivalent,K,ESTIMABLE,0.03508720511996444,0.016315387340735298,0.05347083640948397,0.009477898262172189,0.03715544906874867,1000.0,0.0
atlanta,27835,2023-06-03,grid_08,0.8,0.9,BLOCK_RANGE_ONLY,1.0,quadratic_minus_linear,temperature_minus_equivalent,K,ESTIMABLE,-0.02278641409304394,-0.031076130092160884,-0.014763348106110456,0.0042139045287399955,0.016312781986050427,1000.0,0.0
atlanta,27835,2023-06-03,grid_08,0.8,0.9,BLOCK_RANGE_ONLY,8.0,linear,temperature,K,ESTIMABLE,0.3379081934826517,0.3135650334085735,0.3620683201176878,0.012436433900683804,0.0485032867091143,1000.0,0.0
atlanta,27835,2023-06-03,grid_08,0.8,0.9,BLOCK_RANGE_ONLY,8.0,linear,emitted_flux,W/m2,ESTIMABLE,2.351190802690213,2.1885013706626553,2.517385572089725,0.08220194009434503,0.32888420142706964,1000.0,0.0
atlanta,27835,2023-06-03,grid_08,0.8,0.9,BLOCK_RANGE_ONLY,8.0,linear,temperature_equivalent,K,ESTIMABLE,0.3514095243358497,0.3270559592680783,0.37629366043312446,0.01230649716910198,0.049237701165046166,1000.0,0.0
atlanta,27835,2023-06-03,grid_08,0.8,0.9,BLOCK_RANGE_ONLY,8.0,linear,temperature_minus_equivalent,K,ESTIMABLE,-0.01350133085319799,-0.022134426615195647,-0.005801786920914035,0.0042594431091737914,0.01633263969428161,1000.0,0.0
atlanta,27835,2023-06-03,grid_08,0.8,0.9,BLOCK_RANGE_ONLY,8.0,quadratic,temperature,K,ESTIMABLE,0.3502089845095722,0.31564664342494114,0.3843699566656802,0.018060656316805312,0.06872331324073905,1000.0,0.0
atlanta,27835,2023-06-03,grid_08,0.8,0.9,BLOCK_RANGE_ONLY,8.0,quadratic,emitted_flux,W/m2,ESTIMABLE,2.585517849570386,2.3578883562461495,2.7956923080445955,0.1099731060944356,0.437803951798446,1000.0,0.0
atlanta,27835,2023-06-03,grid_08,0.8,0.9,BLOCK_RANGE_ONLY,8.0,quadratic,temperature_equivalent,K,ESTIMABLE,0.38649672945581415,0.3524122264610085,0.41797741843108865,0.01646951686418081,0.06556519197008015,1000.0,0.0
atlanta,27835,2023-06-03,grid_08,0.8,0.9,BLOCK_RANGE_ONLY,8.0,quadratic,temperature_minus_equivalent,K,ESTIMABLE,-0.03628774494624193,-0.05285804814704213,-0.01938619068462144,0.008821384537301769,0.03347185746242069,1000.0,0.0
atlanta,27835,2023-06-03,grid_08,0.8,0.9,BLOCK_RANGE_ONLY,8.0,quadratic_minus_linear,temperature,K,ESTIMABLE,0.012300791026920499,-0.020334343893404962,0.04323359587368957,0.016083162432332775,0.06356793976709453,1000.0,0.0
atlanta,27835,2023-06-03,grid_08,0.8,0.9,BLOCK_RANGE_ONLY,8.0,quadratic_minus_linear,emitted_flux,W/m2,ESTIMABLE,0.23432704688017303,0.020772217246421924,0.4359976741870327,0.10404746912204875,0.4152254569406108,1000.0,0.0
atlanta,27835,2023-06-03,grid_08,0.8,0.9,BLOCK_RANGE_ONLY,8.0,quadratic_minus_linear,temperature_equivalent,K,ESTIMABLE,0.03508720511996444,0.0031099122459167486,0.06529004853479137,0.015580878754656668,0.062180136288874616,1000.0,0.0
atlanta,27835,2023-06-03,grid_08,0.8,0.9,BLOCK_RANGE_ONLY,8.0,quadratic_minus_linear,temperature_minus_equivalent,K,ESTIMABLE,-0.02278641409304394,-0.0360499943742747,-0.010614503413275495,0.006720185905128324,0.02543549096099921,1000.0,0.0
atlanta,27835,2023-06-03,grid_09,0.9,1.0,NO_SPANNING_BLOCKS,,,,,NOT_ESTIMATED_NO_REFERENCE_BLOCKS,,,,,,,
atlanta,27896,2023-06-07,near_-0.02,0.008509538620710373,0.10850953862071037,BLOCK_RANGE_ONLY,1.0,linear,temperature,K,ESTIMABLE,0.22822955145878146,0.21967716385887173,0.23662068925955643,0.0042510197143684255,0.016943525400684695,1000.0,0.0
atlanta,27896,2023-06-07,near_-0.02,0.008509538620710373,0.10850953862071037,BLOCK_RANGE_ONLY,1.0,linear,emitted_flux,W/m2,ESTIMABLE,1.555312140175611,1.5039733399507973,1.6108017247946351,0.02689895669614031,0.10682838484383783,1000.0,0.0
atlanta,27896,2023-06-07,near_-0.02,0.008509538620710373,0.10850953862071037,BLOCK_RANGE_ONLY,1.0,linear,temperature_equivalent,K,ESTIMABLE,0.232325417810614,0.22464844299806686,0.24062371454821657,0.004022502397258575,0.015975271550149717,1000.0,0.0
atlanta,27896,2023-06-07,near_-0.02,0.008509538620710373,0.10850953862071037,BLOCK_RANGE_ONLY,1.0,linear,temperature_minus_equivalent,K,ESTIMABLE,-0.004095866351832539,-0.0072944558055327855,-0.000864161071106871,0.0016209618378567785,0.006430294734425915,1000.0,0.0
atlanta,27896,2023-06-07,near_-0.02,0.008509538620710373,0.10850953862071037,BLOCK_RANGE_ONLY,1.0,quadratic,temperature,K,ESTIMABLE,0.2621670926591131,0.2398575419538627,0.28264909221350054,0.010858280035671566,0.04279155025963785,1000.0,0.0
atlanta,27896,2023-06-07,near_-0.02,0.008509538620710373,0.10850953862071037,BLOCK_RANGE_ONLY,1.0,quadratic,emitted_flux,W/m2,ESTIMABLE,1.5377411253819235,1.4038078774963842,1.6686061585064256,0.06648075036535209,0.2647982810100413,1000.0,0.0
atlanta,27896,2023-06-07,near_-0.02,0.008509538620710373,0.10850953862071037,BLOCK_RANGE_ONLY,1.0,quadratic,temperature_equivalent,K,ESTIMABLE,0.22969786349176502,0.20967176526100814,0.24926888837608488,0.009941277924692467,0.03959712311507674,1000.0,0.0
atlanta,27896,2023-06-07,near_-0.02,0.008509538620710373,0.10850953862071037,BLOCK_RANGE_ONLY,1.0,quadratic,temperature_minus_equivalent,K,ESTIMABLE,0.03246922916734807,0.024321835519431022,0.040265603043300145,0.004013390342300605,0.015943767523869123,1000.0,0.0
atlanta,27896,2023-06-07,near_-0.02,0.008509538620710373,0.10850953862071037,BLOCK_RANGE_ONLY,1.0,quadratic_minus_linear,temperature,K,ESTIMABLE,0.03393754120033163,0.015232647397870303,0.05216873114573241,0.009291308580124063,0.03693608374786211,1000.0,0.0
atlanta,27896,2023-06-07,near_-0.02,0.008509538620710373,0.10850953862071037,BLOCK_RANGE_ONLY,1.0,quadratic_minus_linear,emitted_flux,W/m2,ESTIMABLE,-0.01757101479368739,-0.13128652714142044,0.09340063632708312,0.05613454494804339,0.22468716346850356,1000.0,0.0
atlanta,27896,2023-06-07,near_-0.02,0.008509538620710373,0.10850953862071037,BLOCK_RANGE_ONLY,1.0,quadratic_minus_linear,temperature_equivalent,K,ESTIMABLE,-0.002627554318848979,-0.0196303585837029,0.013967853287101659,0.00839413571282957,0.033598211870804556,1000.0,0.0
atlanta,27896,2023-06-07,near_-0.02,0.008509538620710373,0.10850953862071037,BLOCK_RANGE_ONLY,1.0,quadratic_minus_linear,temperature_minus_equivalent,K,ESTIMABLE,0.03656509551918061,0.029071982744098952,0.043896703641696774,0.0036624997990008117,0.014824720897597822,1000.0,0.0
atlanta,27896,2023-06-07,near_-0.02,0.008509538620710373,0.10850953862071037,BLOCK_RANGE_ONLY,8.0,linear,temperature,K,ESTIMABLE,0.22822955145878146,0.2117409809644951,0.24435197307062442,0.008618191507979324,0.03261099210612933,1000.0,0.0
atlanta,27896,2023-06-07,near_-0.02,0.008509538620710373,0.10850953862071037,BLOCK_RANGE_ONLY,8.0,linear,emitted_flux,W/m2,ESTIMABLE,1.555312140175611,1.4509749847178346,1.6605871737781537,0.054147721888274665,0.2096121890603191,1000.0,0.0
atlanta,27896,2023-06-07,near_-0.02,0.008509538620710373,0.10850953862071037,BLOCK_RANGE_ONLY,8.0,linear,temperature_equivalent,K,ESTIMABLE,0.232325417810614,0.21672389534443823,0.24806953437844897,0.008097301824397505,0.03134563903401075,1000.0,0.0
atlanta,27896,2023-06-07,near_-0.02,0.008509538620710373,0.10850953862071037,BLOCK_RANGE_ONLY,8.0,linear,temperature_minus_equivalent,K,ESTIMABLE,-0.004095866351832539,-0.012078597311478027,0.00377786966474711,0.004061547499322381,0.01585646697622514,1000.0,0.0
atlanta,27896,2023-06-07,near_-0.02,0.008509538620710373,0.10850953862071037,BLOCK_RANGE_ONLY,8.0,quadratic,temperature,K,ESTIMABLE,0.2621670926591131,0.2262579052669737,0.29716776145444146,0.01821470821077554,0.07090985618746776,1000.0,0.0
atlanta,27896,2023-06-07,near_-0.02,0.008509538620710373,0.10850953862071037,BLOCK_RANGE_ONLY,8.0,quadratic,emitted_flux,W/m2,ESTIMABLE,1.5377411253819235,1.311617690888644,1.7503601430096605,0.1150569279815242,0.43874245212101637,1000.0,0.0
atlanta,27896,2023-06-07,near_-0.02,0.008509538620710373,0.10850953862071037,BLOCK_RANGE_ONLY,8.0,quadratic,temperature_equivalent,K,ESTIMABLE,0.22969786349176502,0.19588943605670578,0.2614971505307608,0.017205171249249408,0.065607714474055,1000.0,0.0
atlanta,27896,2023-06-07,near_-0.02,0.008509538620710373,0.10850953862071037,BLOCK_RANGE_ONLY,8.0,quadratic,temperature_minus_equivalent,K,ESTIMABLE,0.03246922916734807,0.020740250366300433,0.04460886452509841,0.006243877189784349,0.023868614158797975,1000.0,0.0
atlanta,27896,2023-06-07,near_-0.02,0.008509538620710373,0.10850953862071037,BLOCK_RANGE_ONLY,8.0,quadratic_minus_linear,temperature,K,ESTIMABLE,0.03393754120033163,0.008122731342599047,0.06012602004935134,0.013454940764164503,0.05200328870675229,1000.0,0.0
atlanta,27896,2023-06-07,near_-0.02,0.008509538620710373,0.10850953862071037,BLOCK_RANGE_ONLY,8.0,quadratic_minus_linear,emitted_flux,W/m2,ESTIMABLE,-0.01757101479368739,-0.18148042097020153,0.1470568313742746,0.0845629654567611,0.32853725234447617,1000.0,0.0
atlanta,27896,2023-06-07,near_-0.02,0.008509538620710373,0.10850953862071037,BLOCK_RANGE_ONLY,8.0,quadratic_minus_linear,temperature_equivalent,K,ESTIMABLE,-0.002627554318848979,-0.02713300802596308,0.021994197030140578,0.012645109001091679,0.04912720505610366,1000.0,0.0
atlanta,27896,2023-06-07,near_-0.02,0.008509538620710373,0.10850953862071037,BLOCK_RANGE_ONLY,8.0,quadratic_minus_linear,temperature_minus_equivalent,K,ESTIMABLE,0.03656509551918061,0.02622989621240579,0.04676625690851136,0.005162243353906941,0.020536360696105573,1000.0,0.0
atlanta,27896,2023-06-07,near_-0.01,0.01850953862071037,0.11850953862071037,BLOCK_RANGE_ONLY,1.0,linear,temperature,K,ESTIMABLE,0.22822955145878146,0.21967716385887173,0.23662068925955643,0.0042510197143684255,0.016943525400684695,1000.0,0.0
atlanta,27896,2023-06-07,near_-0.01,0.01850953862071037,0.11850953862071037,BLOCK_RANGE_ONLY,1.0,linear,emitted_flux,W/m2,ESTIMABLE,1.555312140175611,1.5039733399507973,1.6108017247946351,0.02689895669614031,0.10682838484383783,1000.0,0.0
atlanta,27896,2023-06-07,near_-0.01,0.01850953862071037,0.11850953862071037,BLOCK_RANGE_ONLY,1.0,linear,temperature_equivalent,K,ESTIMABLE,0.232325417810614,0.22464844299806686,0.24062371454821657,0.004022502397258575,0.015975271550149717,1000.0,0.0
atlanta,27896,2023-06-07,near_-0.01,0.01850953862071037,0.11850953862071037,BLOCK_RANGE_ONLY,1.0,linear,temperature_minus_equivalent,K,ESTIMABLE,-0.004095866351832539,-0.0072944558055327855,-0.000864161071106871,0.0016209618378567785,0.006430294734425915,1000.0,0.0
atlanta,27896,2023-06-07,near_-0.01,0.01850953862071037,0.11850953862071037,BLOCK_RANGE_ONLY,1.0,quadratic,temperature,K,ESTIMABLE,0.26138991077904355,0.2394976356443371,0.2814792480107802,0.010662288110493277,0.04198161236644313,1000.0,0.0
atlanta,27896,2023-06-07,near_-0.01,0.01850953862071037,0.11850953862071037,BLOCK_RANGE_ONLY,1.0,quadratic,emitted_flux,W/m2,ESTIMABLE,1.538143507930249,1.4067037317955204,1.666637647072945,0.06530331972122748,0.2599339152774245,1000.0,0.0
atlanta,27896,2023-06-07,near_-0.01,0.01850953862071037,0.11850953862071037,BLOCK_RANGE_ONLY,1.0,quadratic,temperature_equivalent,K,ESTIMABLE,0.22975803469250877,0.21010472157039004,0.24897446803239945,0.009765216170630961,0.038869746462009414,1000.0,0.0
atlanta,27896,2023-06-07,near_-0.01,0.01850953862071037,0.11850953862071037,BLOCK_RANGE_ONLY,1.0,quadratic,temperature_minus_equivalent,K,ESTIMABLE,0.03163187608653478,0.023650247753584572,0.03927854568371323,0.00393674244877342,0.015628297930128657,1000.0,0.0
atlanta,27896,2023-06-07,near_-0.01,0.01850953862071037,0.11850953862071037,BLOCK_RANGE_ONLY,1.0,quadratic_minus_linear,temperature,K,ESTIMABLE,0.033160359320262095,0.014884032812300454,0.05097508492129448,0.009078498471662323,0.03609105210899403,1000.0,0.0
atlanta,27896,2023-06-07,near_-0.01,0.01850953862071037,0.11850953862071037,BLOCK_RANGE_ONLY,1.0,quadratic_minus_linear,emitted_flux,W/m2,ESTIMABLE,-0.017168632245361914,-0.1282868216028916,0.09126189763259156,0.054848931641427415,0.21954871923548314,1000.0,0.0
atlanta,27896,2023-06-07,near_-0.01,0.01850953862071037,0.11850953862071037,BLOCK_RANGE_ONLY,1.0,quadratic_minus_linear,temperature_equivalent,K,ESTIMABLE,-0.0025673831181052265,-0.01918187456286944,0.013647988946534892,0.008201895750344584,0.03282986350940433,1000.0,0.0
atlanta,27896,2023-06-07,near_-0.01,0.01850953862071037,0.11850953862071037,BLOCK_RANGE_ONLY,1.0,quadratic_minus_linear,temperature_minus_equivalent,K,ESTIMABLE,0.03572774243836732,0.02840694533260177,0.04289081701000965,0.0035785575733331986,0.014483871677407882,1000.0,0.0
atlanta,27896,2023-06-07,near_-0.01,0.01850953862071037,0.11850953862071037,BLOCK_RANGE_ONLY,8.0,linear,temperature,K,ESTIMABLE,0.22822955145878146,0.2117409809644951,0.24435197307062442,0.008618191507979324,0.03261099210612933,1000.0,0.0
atlanta,27896,2023-06-07,near_-0.01,0.01850953862071037,0.11850953862071037,BLOCK_RANGE_ONLY,8.0,linear,emitted_flux,W/m2,ESTIMABLE,1.555312140175611,1.4509749847178346,1.6605871737781537,0.054147721888274665,0.2096121890603191,1000.0,0.0
atlanta,27896,2023-06-07,near_-0.01,0.01850953862071037,0.11850953862071037,BLOCK_RANGE_ONLY,8.0,linear,temperature_equivalent,K,ESTIMABLE,0.232325417810614,0.21672389534443823,0.24806953437844897,0.008097301824397505,0.03134563903401075,1000.0,0.0
atlanta,27896,2023-06-07,near_-0.01,0.01850953862071037,0.11850953862071037,BLOCK_RANGE_ONLY,8.0,linear,temperature_minus_equivalent,K,ESTIMABLE,-0.004095866351832539,-0.012078597311478027,0.00377786966474711,0.004061547499322381,0.01585646697622514,1000.0,0.0
atlanta,27896,2023-06-07,near_-0.01,0.01850953862071037,0.11850953862071037,BLOCK_RANGE_ONLY,8.0,quadratic,temperature,K,ESTIMABLE,0.26138991077904355,0.22614635691570067,0.29576703395969295,0.017938602454734935,0.06962067704399227,1000.0,0.0
atlanta,27896,2023-06-07,near_-0.01,0.01850953862071037,0.11850953862071037,BLOCK_RANGE_ONLY,8.0,quadratic,emitted_flux,W/m2,ESTIMABLE,1.538143507930249,1.3144605718245292,1.7475373958607265,0.11332400597431591,0.4330768240361973,1000.0,0.0
atlanta,27896,2023-06-07,near_-0.01,0.01850953862071037,0.11850953862071037,BLOCK_RANGE_ONLY,8.0,quadratic,temperature_equivalent,K,ESTIMABLE,0.22975803469250877,0.1963144164625973,0.2610749174570799,0.016946048867522698,0.06476050099448258,1000.0,0.0
atlanta,27896,2023-06-07,near_-0.01,0.01850953862071037,0.11850953862071037,BLOCK_RANGE_ONLY,8.0,quadratic,temperature_minus_equivalent,K,ESTIMABLE,0.03163187608653478,0.02011176035797215,0.04361246804252815,0.006154677856730047,0.023500707684555998,1000.0,0.0
atlanta,27896,2023-06-07,near_-0.01,0.01850953862071037,0.11850953862071037,BLOCK_RANGE_ONLY,8.0,quadratic_minus_linear,temperature,K,ESTIMABLE,0.033160359320262095,0.007937460793550562,0.05875882854257467,0.013146145208612367,0.05082136774902411,1000.0,0.0
atlanta,27896,2023-06-07,near_-0.01,0.01850953862071037,0.11850953862071037,BLOCK_RANGE_ONLY,8.0,quadratic_minus_linear,emitted_flux,W/m2,ESTIMABLE,-0.017168632245361914,-0.17732830006454808,0.14368149693235144,0.08262749324974683,0.3210097969968995,1000.0,0.0
atlanta,27896,2023-06-07,near_-0.01,0.01850953862071037,0.11850953862071037,BLOCK_RANGE_ONLY,8.0,quadratic_minus_linear,temperature_equivalent,K,ESTIMABLE,-0.0025673831181052265,-0.02651230587134421,0.021489321606694027,0.012355696517945639,0.04800162747803824,1000.0,0.0
atlanta,27896,2023-06-07,near_-0.01,0.01850953862071037,0.11850953862071037,BLOCK_RANGE_ONLY,8.0,quadratic_minus_linear,temperature_minus_equivalent,K,ESTIMABLE,0.03572774243836732,0.025629892830135614,0.045697919560913486,0.005044307329180339,0.02006802673077787,1000.0,0.0
atlanta,27896,2023-06-07,historical,0.028509538620710373,0.12850953862071038,BLOCK_RANGE_ONLY,1.0,linear,temperature,K,ESTIMABLE,0.22822955145878146,0.21967716385887173,0.23662068925955643,0.0042510197143684255,0.016943525400684695,1000.0,0.0
atlanta,27896,2023-06-07,historical,0.028509538620710373,0.12850953862071038,BLOCK_RANGE_ONLY,1.0,linear,emitted_flux,W/m2,ESTIMABLE,1.555312140175611,1.5039733399507973,1.6108017247946351,0.02689895669614031,0.10682838484383783,1000.0,0.0
atlanta,27896,2023-06-07,historical,0.028509538620710373,0.12850953862071038,BLOCK_RANGE_ONLY,1.0,linear,temperature_equivalent,K,ESTIMABLE,0.232325417810614,0.22464844299806686,0.24062371454821657,0.004022502397258575,0.015975271550149717,1000.0,0.0
atlanta,27896,2023-06-07,historical,0.028509538620710373,0.12850953862071038,BLOCK_RANGE_ONLY,1.0,linear,temperature_minus_equivalent,K,ESTIMABLE,-0.004095866351832539,-0.0072944558055327855,-0.000864161071106871,0.0016209618378567785,0.006430294734425915,1000.0,0.0
atlanta,27896,2023-06-07,historical,0.028509538620710373,0.12850953862071038,BLOCK_RANGE_ONLY,1.0,quadratic,temperature,K,ESTIMABLE,0.26061272889897397,0.23913898910352072,0.2801655347242888,0.010466953256260111,0.04102654562076807,1000.0,0.0
atlanta,27896,2023-06-07,historical,0.028509538620710373,0.12850953862071038,BLOCK_RANGE_ONLY,1.0,quadratic,emitted_flux,W/m2,ESTIMABLE,1.5385458904785743,1.4096014670363421,1.6646530383043732,0.06413004427751523,0.255051571268031,1000.0,0.0
atlanta,27896,2023-06-07,historical,0.028509538620710373,0.12850953862071038,BLOCK_RANGE_ONLY,1.0,quadratic,temperature_equivalent,K,ESTIMABLE,0.22981820592775648,0.21053796088724114,0.24867764092657438,0.009589775539291835,0.03813968003933324,1000.0,0.0
atlanta,27896,2023-06-07,historical,0.028509538620710373,0.12850953862071038,BLOCK_RANGE_ONLY,1.0,quadratic,temperature_minus_equivalent,K,ESTIMABLE,0.030794522971217486,0.022985063290098286,0.03829148830366406,0.003860398610959599,0.015306425013565772,1000.0,0.0
atlanta,27896,2023-06-07,historical,0.028509538620710373,0.12850953862071038,BLOCK_RANGE_ONLY,1.0,quadratic_minus_linear,temperature,K,ESTIMABLE,0.03238317744019251,0.014535418226730632,0.049781438696856556,0.008865688589631859,0.03524602047012593,1000.0,0.0
atlanta,27896,2023-06-07,historical,0.028509538620710373,0.12850953862071038,BLOCK_RANGE_ONLY,1.0,quadratic_minus_linear,emitted_flux,W/m2,ESTIMABLE,-0.01676624969703666,-0.12528711606436277,0.0891231589381,0.05356331844498306,0.21441027500246276,1000.0,0.0
atlanta,27896,2023-06-07,historical,0.028509538620710373,0.12850953862071038,BLOCK_RANGE_ONLY,1.0,quadratic_minus_linear,temperature_equivalent,K,ESTIMABLE,-0.0025072118828575185,-0.0187333886237937,0.01332812558180194,0.00800965554594333,0.03206151420559564,1000.0,0.0
atlanta,27896,2023-06-07,historical,0.028509538620710373,0.12850953862071038,BLOCK_RANGE_ONLY,1.0,quadratic_minus_linear,temperature_minus_equivalent,K,ESTIMABLE,0.034890389323050025,0.027741907852505944,0.04188493010480478,0.0034946159953118004,0.014143022252298833,1000.0,0.0
atlanta,27896,2023-06-07,historical,0.028509538620710373,0.12850953862071038,BLOCK_RANGE_ONLY,8.0,linear,temperature,K,ESTIMABLE,0.22822955145878146,0.2117409809644951,0.24435197307062442,0.008618191507979324,0.03261099210612933,1000.0,0.0
atlanta,27896,2023-06-07,historical,0.028509538620710373,0.12850953862071038,BLOCK_RANGE_ONLY,8.0,linear,emitted_flux,W/m2,ESTIMABLE,1.555312140175611,1.4509749847178346,1.6605871737781537,0.054147721888274665,0.2096121890603191,1000.0,0.0
atlanta,27896,2023-06-07,historical,0.028509538620710373,0.12850953862071038,BLOCK_RANGE_ONLY,8.0,linear,temperature_equivalent,K,ESTIMABLE,0.232325417810614,0.21672389534443823,0.24806953437844897,0.008097301824397505,0.03134563903401075,1000.0,0.0
atlanta,27896,2023-06-07,historical,0.028509538620710373,0.12850953862071038,BLOCK_RANGE_ONLY,8.0,linear,temperature_minus_equivalent,K,ESTIMABLE,-0.004095866351832539,-0.012078597311478027,0.00377786966474711,0.004061547499322381,0.01585646697622514,1000.0,0.0
atlanta,27896,2023-06-07,historical,0.028509538620710373,0.12850953862071038,BLOCK_RANGE_ONLY,8.0,quadratic,temperature,K,ESTIMABLE,0.26061272889897397,0.22603480856442767,0.2945934628774851,0.017663580001321556,0.06855865431305744,1000.0,0.0
atlanta,27896,2023-06-07,historical,0.028509538620710373,0.12850953862071038,BLOCK_RANGE_ONLY,8.0,quadratic,emitted_flux,W/m2,ESTIMABLE,1.5385458904785743,1.317393023903795,1.7447146487117926,0.1115977430148874,0.4273216248079976,1000.0,0.0
atlanta,27896,2023-06-07,historical,0.028509538620710373,0.12850953862071038,BLOCK_RANGE_ONLY,8.0,quadratic,temperature_equivalent,K,ESTIMABLE,0.22981820592775648,0.19675278862547002,0.2606526860867433,0.016687921911351614,0.06389989746127328,1000.0,0.0
atlanta,27896,2023-06-07,historical,0.028509538620710373,0.12850953862071038,BLOCK_RANGE_ONLY,8.0,quadratic,temperature_minus_equivalent,K,ESTIMABLE,0.030794522971217486,0.01948326883116146,0.04250315338320838,0.006066462282690253,0.023019884552046916,1000.0,0.0
atlanta,27896,2023-06-07,historical,0.028509538620710373,0.12850953862071038,BLOCK_RANGE_ONLY,8.0,quadratic_minus_linear,temperature,K,ESTIMABLE,0.03238317744019251,0.0077521902445020505,0.057391637035798,0.012837350752137466,0.04963944679129595,1000.0,0.0
atlanta,27896,2023-06-07,historical,0.028509538620710373,0.12850953862071038,BLOCK_RANGE_ONLY,8.0,quadratic_minus_linear,emitted_flux,W/m2,ESTIMABLE,-0.01676624969703666,-0.17317617915889483,0.14030616249042804,0.08069202201619105,0.31348234164932287,1000.0,0.0
atlanta,27896,2023-06-07,historical,0.028509538620710373,0.12850953862071038,BLOCK_RANGE_ONLY,8.0,quadratic_minus_linear,temperature_equivalent,K,ESTIMABLE,-0.0025072118828575185,-0.02589160004251596,0.020984448614561294,0.012066283800014312,0.04687604865707726,1000.0,0.0
atlanta,27896,2023-06-07,historical,0.028509538620710373,0.12850953862071038,BLOCK_RANGE_ONLY,8.0,quadratic_minus_linear,temperature_minus_equivalent,K,ESTIMABLE,0.034890389323050025,0.025029889121932436,0.04462958221304986,0.004926374334363745,0.019599693091117427,1000.0,0.0
atlanta,27896,2023-06-07,near_+0.01,0.038509538620710375,0.1385095386207104,BLOCK_RANGE_ONLY,1.0,linear,temperature,K,ESTIMABLE,0.22822955145878146,0.21967716385887173,0.23662068925955643,0.0042510197143684255,0.016943525400684695,1000.0,0.0
atlanta,27896,2023-06-07,near_+0.01,0.038509538620710375,0.1385095386207104,BLOCK_RANGE_ONLY,1.0,linear,emitted_flux,W/m2,ESTIMABLE,1.555312140175611,1.5039733399507973,1.6108017247946351,0.02689895669614031,0.10682838484383783,1000.0,0.0
atlanta,27896,2023-06-07,near_+0.01,0.038509538620710375,0.1385095386207104,BLOCK_RANGE_ONLY,1.0,linear,temperature_equivalent,K,ESTIMABLE,0.232325417810614,0.22464844299806686,0.24062371454821657,0.004022502397258575,0.015975271550149717,1000.0,0.0
atlanta,27896,2023-06-07,near_+0.01,0.038509538620710375,0.1385095386207104,BLOCK_RANGE_ONLY,1.0,linear,temperature_minus_equivalent,K,ESTIMABLE,-0.004095866351832539,-0.0072944558055327855,-0.000864161071106871,0.0016209618378567785,0.006430294734425915,1000.0,0.0
atlanta,27896,2023-06-07,near_+0.01,0.038509538620710375,0.1385095386207104,BLOCK_RANGE_ONLY,1.0,quadratic,temperature,K,ESTIMABLE,0.25983554701890443,0.23878034256270433,0.27906365700252084,0.010272312956961897,0.0402833144398165,1000.0,0.0
atlanta,27896,2023-06-07,near_+0.01,0.038509538620710375,0.1385095386207104,BLOCK_RANGE_ONLY,1.0,quadratic,emitted_flux,W/m2,ESTIMABLE,1.5389482730268997,1.412499202277164,1.6626684295358014,0.06296115632999351,0.25016922725863733,1000.0,0.0
atlanta,27896,2023-06-07,near_+0.01,0.038509538620710375,0.1385095386207104,BLOCK_RANGE_ONLY,1.0,quadratic,temperature_equivalent,K,ESTIMABLE,0.229878377197565,0.21097120199449365,0.24838081466163828,0.009414990768898037,0.037409612667144626,1000.0,0.0
atlanta,27896,2023-06-07,near_+0.01,0.038509538620710375,0.1385095386207104,BLOCK_RANGE_ONLY,1.0,quadratic,temperature_minus_equivalent,K,ESTIMABLE,0.029957169821339447,0.02233615050548533,0.037304430903152726,0.0037843772292584362,0.014968280397667396,1000.0,0.0
atlanta,27896,2023-06-07,near_+0.01,0.038509538620710375,0.1385095386207104,BLOCK_RANGE_ONLY,1.0,quadratic_minus_linear,temperature,K,ESTIMABLE,0.031605995560122974,0.014186803641160785,0.048587792472418574,0.008652878950739297,0.03440098883125779,1000.0,0.0
atlanta,27896,2023-06-07,near_+0.01,0.038509538620710375,0.1385095386207104,BLOCK_RANGE_ONLY,1.0,quadratic_minus_linear,emitted_flux,W/m2,ESTIMABLE,-0.016363867148711186,-0.12228741052583371,0.08698442024360843,0.05227770536683835,0.20927183076944214,1000.0,0.0
atlanta,27896,2023-06-07,near_+0.01,0.038509538620710375,0.1385095386207104,BLOCK_RANGE_ONLY,1.0,quadratic_minus_linear,temperature_equivalent,K,ESTIMABLE,-0.002447040613049012,-0.018284900766421686,0.013008263192959644,0.007817415100836113,0.03129316395938133,1000.0,0.0
atlanta,27896,2023-06-07,near_+0.01,0.038509538620710375,0.1385095386207104,BLOCK_RANGE_ONLY,1.0,quadratic_minus_linear,temperature_minus_equivalent,K,ESTIMABLE,0.034053036173171986,0.02707687030392233,0.040879042926026746,0.0034106751114481373,0.013802172622104415,1000.0,0.0
atlanta,27896,2023-06-07,near_+0.01,0.038509538620710375,0.1385095386207104,BLOCK_RANGE_ONLY,8.0,linear,temperature,K,ESTIMABLE,0.22822955145878146,0.2117409809644951,0.24435197307062442,0.008618191507979324,0.03261099210612933,1000.0,0.0
atlanta,27896,2023-06-07,near_+0.01,0.038509538620710375,0.1385095386207104,BLOCK_RANGE_ONLY,8.0,linear,emitted_flux,W/m2,ESTIMABLE,1.555312140175611,1.4509749847178346,1.6605871737781537,0.054147721888274665,0.2096121890603191,1000.0,0.0
atlanta,27896,2023-06-07,near_+0.01,0.038509538620710375,0.1385095386207104,BLOCK_RANGE_ONLY,8.0,linear,temperature_equivalent,K,ESTIMABLE,0.232325417810614,0.21672389534443823,0.24806953437844897,0.008097301824397505,0.03134563903401075,1000.0,0.0
atlanta,27896,2023-06-07,near_+0.01,0.038509538620710375,0.1385095386207104,BLOCK_RANGE_ONLY,8.0,linear,temperature_minus_equivalent,K,ESTIMABLE,-0.004095866351832539,-0.012078597311478027,0.00377786966474711,0.004061547499322381,0.01585646697622514,1000.0,0.0
atlanta,27896,2023-06-07,near_+0.01,0.038509538620710375,0.1385095386207104,BLOCK_RANGE_ONLY,8.0,quadratic,temperature,K,ESTIMABLE,0.25983554701890443,0.22592326021315468,0.293574647098226,0.017389692248739985,0.06765138688507133,1000.0,0.0
atlanta,27896,2023-06-07,near_+0.01,0.038509538620710375,0.1385095386207104,BLOCK_RANGE_ONLY,8.0,quadratic,emitted_flux,W/m2,ESTIMABLE,1.5389482730268997,1.3199349891835366,1.7415408719158103,0.10987845295778341,0.42160588273227373,1000.0,0.0
atlanta,27896,2023-06-07,near_+0.01,0.038509538620710375,0.1385095386207104,BLOCK_RANGE_ONLY,8.0,quadratic,temperature_equivalent,K,ESTIMABLE,0.229878377197565,0.19713278842235268,0.26017794913249903,0.016430837315017426,0.06304516071014635,1000.0,0.0
atlanta,27896,2023-06-07,near_+0.01,0.038509538620710375,0.1385095386207104,BLOCK_RANGE_ONLY,8.0,quadratic,temperature_minus_equivalent,K,ESTIMABLE,0.029957169821339447,0.018854775785979237,0.041431094249285774,0.005979274010961374,0.022576318463306537,1000.0,0.0
atlanta,27896,2023-06-07,near_+0.01,0.038509538620710375,0.1385095386207104,BLOCK_RANGE_ONLY,8.0,quadratic_minus_linear,temperature,K,ESTIMABLE,0.031605995560122974,0.0075669196954535655,0.056024445529021326,0.012528557476007483,0.04845752583356776,1000.0,0.0
atlanta,27896,2023-06-07,near_+0.01,0.038509538620710375,0.1385095386207104,BLOCK_RANGE_ONLY,8.0,quadratic_minus_linear,emitted_flux,W/m2,ESTIMABLE,-0.016363867148711186,-0.16902405825324138,0.1369308280485049,0.07875655182786305,0.3059548863017463,1000.0,0.0
atlanta,27896,2023-06-07,near_+0.01,0.038509538620710375,0.1385095386207104,BLOCK_RANGE_ONLY,8.0,quadratic_minus_linear,temperature_equivalent,K,ESTIMABLE,-0.002447040613049012,-0.025270890539366063,0.0204795780537438,0.011776870858010297,0.04575046859310986,1000.0,0.0
atlanta,27896,2023-06-07,near_+0.01,0.038509538620710375,0.1385095386207104,BLOCK_RANGE_ONLY,8.0,quadratic_minus_linear,temperature_minus_equivalent,K,ESTIMABLE,0.034053036173171986,0.024429885087906993,0.04356124486486223,0.004808444593999691,0.019131359776955237,1000.0,0.0
atlanta,27896,2023-06-07,near_+0.02,0.04850953862071038,0.14850953862071037,BLOCK_RANGE_ONLY,1.0,linear,temperature,K,ESTIMABLE,0.22822955145878143,0.2196771638588717,0.2366206892595564,0.004251019714368424,0.016943525400684695,1000.0,0.0
atlanta,27896,2023-06-07,near_+0.02,0.04850953862071038,0.14850953862071037,BLOCK_RANGE_ONLY,1.0,linear,emitted_flux,W/m2,ESTIMABLE,1.5553121401756107,1.503973339950797,1.610801724794635,0.02689895669614031,0.10682838484383783,1000.0,0.0
atlanta,27896,2023-06-07,near_+0.02,0.04850953862071038,0.14850953862071037,BLOCK_RANGE_ONLY,1.0,linear,temperature_equivalent,K,ESTIMABLE,0.232325417810614,0.22464844299806686,0.24062371454821657,0.004022502397258575,0.015975271550149717,1000.0,0.0
atlanta,27896,2023-06-07,near_+0.02,0.04850953862071038,0.14850953862071037,BLOCK_RANGE_ONLY,1.0,linear,temperature_minus_equivalent,K,ESTIMABLE,-0.004095866351832567,-0.007294455805532813,-0.0008641610711069258,0.0016209618378567783,0.006430294734425888,1000.0,0.0
atlanta,27896,2023-06-07,near_+0.02,0.04850953862071038,0.14850953862071037,BLOCK_RANGE_ONLY,1.0,quadratic,temperature,K,ESTIMABLE,0.2590583651388349,0.2384216960218879,0.27807089441671007,0.010078407453673706,0.03964919839482217,1000.0,0.0
atlanta,27896,2023-06-07,near_+0.02,0.04850953862071038,0.14850953862071037,BLOCK_RANGE_ONLY,1.0,quadratic,emitted_flux,W/m2,ESTIMABLE,1.539350655575225,1.4153969375179853,1.6597958735090996,0.06179690484752703,0.24439893599111429,1000.0,0.0
atlanta,27896,2023-06-07,near_+0.02,0.04850953862071038,0.14850953862071037,BLOCK_RANGE_ONLY,1.0,quadratic,temperature_equivalent,K,ESTIMABLE,0.22993854850187745,0.2114044448922016,0.24795118483625628,0.00924089909101848,0.03654673994405469,1000.0,0.0
atlanta,27896,2023-06-07,near_+0.02,0.04850953862071038,0.14850953862071037,BLOCK_RANGE_ONLY,1.0,quadratic,temperature_minus_equivalent,K,ESTIMABLE,0.029119816636957452,0.021687329715127775,0.03636126520014748,0.003708698131766209,0.014673935485019704,1000.0,0.0
atlanta,27896,2023-06-07,near_+0.02,0.04850953862071038,0.14850953862071037,BLOCK_RANGE_ONLY,1.0,quadratic_minus_linear,temperature,K,ESTIMABLE,0.03082881368005347,0.013838189055590963,0.047394146247980704,0.008440069573376228,0.03355595719238974,1000.0,0.0
atlanta,27896,2023-06-07,near_+0.02,0.04850953862071038,0.14850953862071037,BLOCK_RANGE_ONLY,1.0,quadratic_minus_linear,emitted_flux,W/m2,ESTIMABLE,-0.01596148460038571,-0.11928770498730487,0.08484568154911687,0.05099209241594099,0.20413338653642174,1000.0,0.0
atlanta,27896,2023-06-07,near_+0.02,0.04850953862071038,0.14850953862071037,BLOCK_RANGE_ONLY,1.0,quadratic_minus_linear,temperature_equivalent,K,ESTIMABLE,-0.00238686930873655,-0.01783641099075197,0.012688401779951163,0.007625174416353225,0.03052481277070313,1000.0,0.0
atlanta,27896,2023-06-07,near_+0.02,0.04850953862071038,0.14850953862071037,BLOCK_RANGE_ONLY,1.0,quadratic_minus_linear,temperature_minus_equivalent,K,ESTIMABLE,0.03321568298879002,0.026411832686739994,0.03987315547367558,0.0033267349729501792,0.013461322786935584,1000.0,0.0
atlanta,27896,2023-06-07,near_+0.02,0.04850953862071038,0.14850953862071037,BLOCK_RANGE_ONLY,8.0,linear,temperature,K,ESTIMABLE,0.22822955145878143,0.21174098096449506,0.2443519730706244,0.008618191507979323,0.03261099210612933,1000.0,0.0
atlanta,27896,2023-06-07,near_+0.02,0.04850953862071038,0.14850953862071037,BLOCK_RANGE_ONLY,8.0,linear,emitted_flux,W/m2,ESTIMABLE,1.5553121401756107,1.4509749847178344,1.6605871737781535,0.054147721888274665,0.2096121890603191,1000.0,0.0
atlanta,27896,2023-06-07,near_+0.02,0.04850953862071038,0.14850953862071037,BLOCK_RANGE_ONLY,8.0,linear,temperature_equivalent,K,ESTIMABLE,0.232325417810614,0.21672389534443823,0.24806953437844897,0.008097301824397569,0.03134563903401075,1000.0,0.0
atlanta,27896,2023-06-07,near_+0.02,0.04850953862071038,0.14850953862071037,BLOCK_RANGE_ONLY,8.0,linear,temperature_minus_equivalent,K,ESTIMABLE,-0.004095866351832567,-0.012078597311478055,0.0037778696647470817,0.004061547499322288,0.015856466976225135,1000.0,0.0
atlanta,27896,2023-06-07,near_+0.02,0.04850953862071038,0.14850953862071037,BLOCK_RANGE_ONLY,8.0,quadratic,temperature,K,ESTIMABLE,0.2590583651388349,0.22581202666141728,0.2924414837681303,0.017116993665869735,0.066629457106713,1000.0,0.0
atlanta,27896,2023-06-07,near_+0.02,0.04850953862071038,0.14850953862071037,BLOCK_RANGE_ONLY,8.0,quadratic,emitted_flux,W/m2,ESTIMABLE,1.539350655575225,1.3226325458511519,1.7380157971349832,0.10816646830327646,0.41538325128383136,1000.0,0.0
atlanta,27896,2023-06-07,near_+0.02,0.04850953862071038,0.14850953862071037,BLOCK_RANGE_ONLY,8.0,quadratic,temperature_equivalent,K,ESTIMABLE,0.22993854850187745,0.19753604917418244,0.2596506671697128,0.016174844801115883,0.06211461799553036,1000.0,0.0
atlanta,27896,2023-06-07,near_+0.02,0.04850953862071038,0.14850953862071037,BLOCK_RANGE_ONLY,8.0,quadratic,temperature_minus_equivalent,K,ESTIMABLE,0.029119816636957452,0.01814409384617642,0.04042544000114517,0.005893158639309229,0.022281346154968747,1000.0,0.0
atlanta,27896,2023-06-07,near_+0.02,0.04850953862071038,0.14850953862071037,BLOCK_RANGE_ONLY,8.0,quadratic_minus_linear,temperature,K,ESTIMABLE,0.03082881368005347,0.0073816491464050804,0.05465347841947092,0.012219765469704316,0.04727182927306584,1000.0,0.0
atlanta,27896,2023-06-07,near_+0.02,0.04850953862071038,0.14850953862071037,BLOCK_RANGE_ONLY,8.0,quadratic_minus_linear,emitted_flux,W/m2,ESTIMABLE,-0.01596148460038571,-0.16487193734758793,0.13355549360658173,0.07682108276376487,0.2984274309541697,1000.0,0.0
atlanta,27896,2023-06-07,near_+0.02,0.04850953862071038,0.14850953862071037,BLOCK_RANGE_ONLY,8.0,quadratic_minus_linear,temperature_equivalent,K,ESTIMABLE,-0.00238686930873655,-0.02465017736194994,0.019974709924186124,0.011487457703731213,0.04462488728613606,1000.0,0.0
atlanta,27896,2023-06-07,near_+0.02,0.04850953862071038,0.14850953862071037,BLOCK_RANGE_ONLY,8.0,quadratic_minus_linear,temperature_minus_equivalent,K,ESTIMABLE,0.03321568298879002,0.02382988072789309,0.04249290751646426,0.00469051835520103,0.018663026788571166,1000.0,0.0
atlanta,27896,2023-06-07,grid_00,0.0,0.1,BLOCK_RANGE_ONLY,1.0,linear,temperature,K,ESTIMABLE,0.22822955145878146,0.21967716385887173,0.23662068925955643,0.0042510197143684255,0.016943525400684695,1000.0,0.0
atlanta,27896,2023-06-07,grid_00,0.0,0.1,BLOCK_RANGE_ONLY,1.0,linear,emitted_flux,W/m2,ESTIMABLE,1.555312140175611,1.5039733399507973,1.6108017247946351,0.02689895669614031,0.10682838484383783,1000.0,0.0
atlanta,27896,2023-06-07,grid_00,0.0,0.1,BLOCK_RANGE_ONLY,1.0,linear,temperature_equivalent,K,ESTIMABLE,0.232325417810614,0.22464844299806686,0.24062371454821657,0.004022502397258575,0.015975271550149717,1000.0,0.0
atlanta,27896,2023-06-07,grid_00,0.0,0.1,BLOCK_RANGE_ONLY,1.0,linear,temperature_minus_equivalent,K,ESTIMABLE,-0.004095866351832539,-0.0072944558055327855,-0.000864161071106871,0.0016209618378567785,0.006430294734425915,1000.0,0.0
atlanta,27896,2023-06-07,grid_00,0.0,0.1,BLOCK_RANGE_ONLY,1.0,quadratic,temperature,K,ESTIMABLE,0.2628284385814899,0.2401658302627656,0.2836697779627289,0.011025551368308439,0.0435039476999633,1000.0,0.0
atlanta,27896,2023-06-07,grid_00,0.0,0.1,BLOCK_RANGE_ONLY,1.0,quadratic,emitted_flux,W/m2,ESTIMABLE,1.537398716398396,1.4015515071117421,1.6702368524050288,0.06748579914893284,0.2686853452932867,1000.0,0.0
atlanta,27896,2023-06-07,grid_00,0.0,0.1,BLOCK_RANGE_ONLY,1.0,quadratic,temperature_equivalent,K,ESTIMABLE,0.22964666060335048,0.20933441879822823,0.2495127836786338,0.010091563174096645,0.040178364880405576,1000.0,0.0
atlanta,27896,2023-06-07,grid_00,0.0,0.1,BLOCK_RANGE_ONLY,1.0,quadratic,temperature_minus_equivalent,K,ESTIMABLE,0.033181777978139426,0.024894565642036542,0.04110554329941972,0.004078840792954447,0.016210977657383177,1000.0,0.0
atlanta,27896,2023-06-07,grid_00,0.0,0.1,BLOCK_RANGE_ONLY,1.0,quadratic_minus_linear,temperature,K,ESTIMABLE,0.03459888712270845,0.01552930232583525,0.0531844690103644,0.009472400330708916,0.03765516668452915,1000.0,0.0
atlanta,27896,2023-06-07,grid_00,0.0,0.1,BLOCK_RANGE_ONLY,1.0,quadratic_minus_linear,emitted_flux,W/m2,ESTIMABLE,-0.017913423777214943,-0.13383913815450732,0.0952206042791214,0.05722854263764565,0.22905974243362873,1000.0,0.0
atlanta,27896,2023-06-07,grid_00,0.0,0.1,BLOCK_RANGE_ONLY,1.0,quadratic_minus_linear,temperature_equivalent,K,ESTIMABLE,-0.0026787572072635157,-0.020011996282624976,0.014240043851596338,0.008557722860005185,0.03425204013422131,1000.0,0.0
atlanta,27896,2023-06-07,grid_00,0.0,0.1,BLOCK_RANGE_ONLY,1.0,quadratic_minus_linear,temperature_minus_equivalent,K,ESTIMABLE,0.037277644329971965,0.02963789884390577,0.044752666540209415,0.003733931238372803,0.015114767696303644,1000.0,0.0
atlanta,27896,2023-06-07,grid_00,0.0,0.1,BLOCK_RANGE_ONLY,8.0,linear,temperature,K,ESTIMABLE,0.22822955145878146,0.2117409809644951,0.24435197307062442,0.008618191507979324,0.03261099210612933,1000.0,0.0
atlanta,27896,2023-06-07,grid_00,0.0,0.1,BLOCK_RANGE_ONLY,8.0,linear,emitted_flux,W/m2,ESTIMABLE,1.555312140175611,1.4509749847178346,1.6605871737781537,0.054147721888274665,0.2096121890603191,1000.0,0.0
atlanta,27896,2023-06-07,grid_00,0.0,0.1,BLOCK_RANGE_ONLY,8.0,linear,temperature_equivalent,K,ESTIMABLE,0.232325417810614,0.21672389534443823,0.24806953437844897,0.008097301824397505,0.03134563903401075,1000.0,0.0
atlanta,27896,2023-06-07,grid_00,0.0,0.1,BLOCK_RANGE_ONLY,8.0,linear,temperature_minus_equivalent,K,ESTIMABLE,-0.004095866351832539,-0.012078597311478027,0.00377786966474711,0.004061547499322381,0.01585646697622514,1000.0,0.0
atlanta,27896,2023-06-07,grid_00,0.0,0.1,BLOCK_RANGE_ONLY,8.0,quadratic,temperature,K,ESTIMABLE,0.2628284385814899,0.22635282776729712,0.298399106573828,0.018450478219582664,0.07204627880653089,1000.0,0.0
atlanta,27896,2023-06-07,grid_00,0.0,0.1,BLOCK_RANGE_ONLY,8.0,quadratic,emitted_flux,W/m2,ESTIMABLE,1.537398716398396,1.3084625619645138,1.752762170597696,0.11653658661636022,0.4442996086331821,1000.0,0.0
atlanta,27896,2023-06-07,grid_00,0.0,0.1,BLOCK_RANGE_ONLY,8.0,quadratic,temperature_equivalent,K,ESTIMABLE,0.22964666060335048,0.19541777990860112,0.2618564527369969,0.01742642313413828,0.0664386728283958,1000.0,0.0
atlanta,27896,2023-06-07,grid_00,0.0,0.1,BLOCK_RANGE_ONLY,8.0,quadratic,temperature_minus_equivalent,K,ESTIMABLE,0.033181777978139426,0.02126563765261767,0.04544997077243324,0.0063205252949012705,0.024184333119815573,1000.0,0.0
atlanta,27896,2023-06-07,grid_00,0.0,0.1,BLOCK_RANGE_ONLY,8.0,quadratic_minus_linear,temperature,K,ESTIMABLE,0.03459888712270845,0.00828038803183986,0.061289436942233676,0.013717712344767848,0.05300904891039382,1000.0,0.0
atlanta,27896,2023-06-07,grid_00,0.0,0.1,BLOCK_RANGE_ONLY,8.0,quadratic_minus_linear,emitted_flux,W/m2,ESTIMABLE,-0.017913423777214943,-0.1850136842906531,0.14992908525341048,0.08620996372381758,0.33494276954406355,1000.0,0.0
atlanta,27896,2023-06-07,grid_00,0.0,0.1,BLOCK_RANGE_ONLY,8.0,quadratic_minus_linear,temperature_equivalent,K,ESTIMABLE,-0.0026787572072635157,-0.0276611940281029,0.022423824636445027,0.012891385479127637,0.050085018664547926,1000.0,0.0
atlanta,27896,2023-06-07,grid_00,0.0,0.1,BLOCK_RANGE_ONLY,8.0,quadratic_minus_linear,temperature_minus_equivalent,K,ESTIMABLE,0.037277644329971965,0.02674047115115228,0.04767536270022687,0.005262603702249433,0.02093489154907459,1000.0,0.0
atlanta,27896,2023-06-07,grid_01,0.1,0.2,BLOCK_RANGE_ONLY,1.0,linear,temperature,K,ESTIMABLE,0.22822955145878146,0.21967716385887173,0.23662068925955643,0.0042510197143684255,0.016943525400684695,1000.0,0.0
atlanta,27896,2023-06-07,grid_01,0.1,0.2,BLOCK_RANGE_ONLY,1.0,linear,emitted_flux,W/m2,ESTIMABLE,1.555312140175611,1.5039733399507973,1.6108017247946351,0.02689895669614031,0.10682838484383783,1000.0,0.0
atlanta,27896,2023-06-07,grid_01,0.1,0.2,BLOCK_RANGE_ONLY,1.0,linear,temperature_equivalent,K,ESTIMABLE,0.232325417810614,0.22464844299806686,0.24062371454821657,0.004022502397258575,0.015975271550149717,1000.0,0.0
atlanta,27896,2023-06-07,grid_01,0.1,0.2,BLOCK_RANGE_ONLY,1.0,linear,temperature_minus_equivalent,K,ESTIMABLE,-0.004095866351832539,-0.0072944558055327855,-0.000864161071106871,0.0016209618378567785,0.006430294734425915,1000.0,0.0
atlanta,27896,2023-06-07,grid_01,0.1,0.2,BLOCK_RANGE_ONLY,1.0,quadratic,temperature,K,ESTIMABLE,0.2550566197807944,0.23656660848071315,0.27200584968425773,0.009093378034349831,0.03543924120354458,1000.0,0.0
atlanta,27896,2023-06-07,grid_01,0.1,0.2,BLOCK_RANGE_ONLY,1.0,quadratic,emitted_flux,W/m2,ESTIMABLE,1.54142254188165,1.4303175099684793,1.6506582827107008,0.05588640689994415,0.22034077274222152,1000.0,0.0
atlanta,27896,2023-06-07,grid_01,0.1,0.2,BLOCK_RANGE_ONLY,1.0,quadratic,temperature_equivalent,K,ESTIMABLE,0.23024837387066555,0.21363526090617455,0.24658454554765968,0.008357093398734356,0.03294928464148514,1000.0,0.0
atlanta,27896,2023-06-07,grid_01,0.1,0.2,BLOCK_RANGE_ONLY,1.0,quadratic,temperature_minus_equivalent,K,ESTIMABLE,0.024808245910128868,0.018210948839373128,0.03128838600284088,0.0033253191715323137,0.013077437163467754,1000.0,0.0
atlanta,27896,2023-06-07,grid_01,0.1,0.2,BLOCK_RANGE_ONLY,1.0,quadratic_minus_linear,temperature,K,ESTIMABLE,0.026827068322012954,0.012043156470136901,0.04124800676598493,0.007344309268641784,0.02920485029584803,1000.0,0.0
atlanta,27896,2023-06-07,grid_01,0.1,0.2,BLOCK_RANGE_ONLY,1.0,quadratic_minus_linear,emitted_flux,W/m2,ESTIMABLE,-0.013889598293960859,-0.10384208276921875,0.073833217334206,0.04437241444793869,0.17767530010342475,1000.0,0.0
atlanta,27896,2023-06-07,grid_01,0.1,0.2,BLOCK_RANGE_ONLY,1.0,quadratic_minus_linear,temperature_equivalent,K,ESTIMABLE,-0.002077043939948453,-0.015527086074264673,0.011041436054992458,0.006635314535022883,0.02656852212925713,1000.0,0.0
atlanta,27896,2023-06-07,grid_01,0.1,0.2,BLOCK_RANGE_ONLY,1.0,quadratic_minus_linear,temperature_minus_equivalent,K,ESTIMABLE,0.028904112261961407,0.022987522227250638,0.03469369164002261,0.0028945375150325635,0.011706169412771972,1000.0,0.0
atlanta,27896,2023-06-07,grid_01,0.1,0.2,BLOCK_RANGE_ONLY,8.0,linear,temperature,K,ESTIMABLE,0.22822955145878146,0.2117409809644951,0.24435197307062442,0.008618191507979324,0.03261099210612933,1000.0,0.0
atlanta,27896,2023-06-07,grid_01,0.1,0.2,BLOCK_RANGE_ONLY,8.0,linear,emitted_flux,W/m2,ESTIMABLE,1.555312140175611,1.4509749847178346,1.6605871737781537,0.054147721888274665,0.2096121890603191,1000.0,0.0
atlanta,27896,2023-06-07,grid_01,0.1,0.2,BLOCK_RANGE_ONLY,8.0,linear,temperature_equivalent,K,ESTIMABLE,0.232325417810614,0.21672389534443823,0.24806953437844897,0.008097301824397505,0.03134563903401075,1000.0,0.0
atlanta,27896,2023-06-07,grid_01,0.1,0.2,BLOCK_RANGE_ONLY,8.0,linear,temperature_minus_equivalent,K,ESTIMABLE,-0.004095866351832539,-0.012078597311478027,0.00377786966474711,0.004061547499322381,0.01585646697622514,1000.0,0.0
atlanta,27896,2023-06-07,grid_01,0.1,0.2,BLOCK_RANGE_ONLY,8.0,quadratic,temperature,K,ESTIMABLE,0.2550566197807944,0.2249281798002957,0.2859358147193347,0.01573400388107696,0.06100763491903902,1000.0,0.0
atlanta,27896,2023-06-07,grid_01,0.1,0.2,BLOCK_RANGE_ONLY,8.0,quadratic,emitted_flux,W/m2,ESTIMABLE,1.54142254188165,1.3395562117868915,1.7224375607399132,0.099481197561196,0.3828813489530216,1000.0,0.0
atlanta,27896,2023-06-07,grid_01,0.1,0.2,BLOCK_RANGE_ONLY,8.0,quadratic,temperature_equivalent,K,ESTIMABLE,0.23024837387066555,0.2000660221811657,0.257320500679279,0.014876134608616115,0.05725447849811327,1000.0,0.0
atlanta,27896,2023-06-07,grid_01,0.1,0.2,BLOCK_RANGE_ONLY,8.0,quadratic,temperature_minus_equivalent,K,ESTIMABLE,0.024808245910128868,0.01466883161860986,0.03515047181702973,0.0054686193371894665,0.020481640198419873,1000.0,0.0
atlanta,27896,2023-06-07,grid_01,0.1,0.2,BLOCK_RANGE_ONLY,8.0,quadratic_minus_linear,temperature,K,ESTIMABLE,0.026827068322012954,0.0064276825413549865,0.047549237929830804,0.010629805459481638,0.04112155538847582,1000.0,0.0
atlanta,27896,2023-06-07,grid_01,0.1,0.2,BLOCK_RANGE_ONLY,8.0,quadratic_minus_linear,emitted_flux,W/m2,ESTIMABLE,-0.013889598293960859,-0.14349247523411937,0.11617574083417817,0.06685528473519249,0.25966821606829754,1000.0,0.0
atlanta,27896,2023-06-07,grid_01,0.1,0.2,BLOCK_RANGE_ONLY,8.0,quadratic_minus_linear,temperature_equivalent,K,ESTIMABLE,-0.002077043939948453,-0.02145403840321478,0.017375159119882248,0.009997253209063178,0.03882919752309703,1000.0,0.0
atlanta,27896,2023-06-07,grid_01,0.1,0.2,BLOCK_RANGE_ONLY,8.0,quadratic_minus_linear,temperature_minus_equivalent,K,ESTIMABLE,0.028904112261961407,0.020734704200959887,0.03699198921438138,0.004083377659250049,0.01625728501342149,1000.0,0.0
atlanta,27896,2023-06-07,grid_02,0.2,0.3,BLOCK_RANGE_ONLY,1.0,linear,temperature,K,ESTIMABLE,0.2282295514587814,0.21967716385887168,0.23662068925955637,0.0042510197143684255,0.016943525400684695,1000.0,0.0
atlanta,27896,2023-06-07,grid_02,0.2,0.3,BLOCK_RANGE_ONLY,1.0,linear,emitted_flux,W/m2,ESTIMABLE,1.5553121401756105,1.5039733399507969,1.6108017247946347,0.026898956696140303,0.10682838484383783,1000.0,0.0
atlanta,27896,2023-06-07,grid_02,0.2,0.3,BLOCK_RANGE_ONLY,1.0,linear,temperature_equivalent,K,ESTIMABLE,0.232325417810614,0.22464844299806686,0.24062371454821657,0.00402250239725857,0.015975271550149717,1000.0,0.0
atlanta,27896,2023-06-07,grid_02,0.2,0.3,BLOCK_RANGE_ONLY,1.0,linear,temperature_minus_equivalent,K,ESTIMABLE,-0.004095866351832594,-0.007294455805532842,-0.0008641610711069536,0.0016209618378567902,0.006430294734425889,1000.0,0.0
atlanta,27896,2023-06-07,grid_02,0.2,0.3,BLOCK_RANGE_ONLY,1.0,quadratic,temperature,K,ESTIMABLE,0.2472848009800989,0.23234484195009683,0.2615664783334466,0.007271471317588416,0.029221636383349764,1000.0,0.0
atlanta,27896,2023-06-07,grid_02,0.2,0.3,BLOCK_RANGE_ONLY,1.0,quadratic,emitted_flux,W/m2,ESTIMABLE,1.5454463673649037,1.4558213100917665,1.6339109885099599,0.04497565297650738,0.17808967841819334,1000.0,0.0
atlanta,27896,2023-06-07,grid_02,0.2,0.3,BLOCK_RANGE_ONLY,1.0,quadratic,temperature_equivalent,K,ESTIMABLE,0.23085009059116146,0.21744851439528645,0.24407982760950658,0.006725578848287221,0.02663131321422013,1000.0,0.0
atlanta,27896,2023-06-07,grid_02,0.2,0.3,BLOCK_RANGE_ONLY,1.0,quadratic,temperature_minus_equivalent,K,ESTIMABLE,0.01643471038893743,0.011450628189161984,0.021415708881326607,0.002624551702538634,0.009965080692164624,1000.0,0.0
atlanta,27896,2023-06-07,grid_02,0.2,0.3,BLOCK_RANGE_ONLY,1.0,quadratic_minus_linear,temperature,K,ESTIMABLE,0.019055249521317486,0.00855701061443858,0.029319745418260837,0.005216264869447102,0.020762734803822257,1000.0,0.0
atlanta,27896,2023-06-07,grid_02,0.2,0.3,BLOCK_RANGE_ONLY,1.0,quadratic_minus_linear,emitted_flux,W/m2,ESTIMABLE,-0.009865772810706774,-0.07384502738393019,0.052445830389290585,0.03151630896078288,0.12629085777322077,1000.0,0.0
atlanta,27896,2023-06-07,grid_02,0.2,0.3,BLOCK_RANGE_ONLY,1.0,quadratic_minus_linear,temperature_equivalent,K,ESTIMABLE,-0.001475327219452538,-0.011041984023647445,0.007842925839221948,0.004712883760960905,0.018884909862869392,1000.0,0.0
atlanta,27896,2023-06-07,grid_02,0.2,0.3,BLOCK_RANGE_ONLY,1.0,quadratic_minus_linear,temperature_minus_equivalent,K,ESTIMABLE,0.020530576740770023,0.016329589119430776,0.024630811517950244,0.002055275458325105,0.008301222398519468,1000.0,0.0
atlanta,27896,2023-06-07,grid_02,0.2,0.3,BLOCK_RANGE_ONLY,8.0,linear,temperature,K,ESTIMABLE,0.2282295514587814,0.21174098096449503,0.24435197307062434,0.008618191507979323,0.032610992106129305,1000.0,0.0
atlanta,27896,2023-06-07,grid_02,0.2,0.3,BLOCK_RANGE_ONLY,8.0,linear,emitted_flux,W/m2,ESTIMABLE,1.5553121401756105,1.4509749847178341,1.6605871737781532,0.05414772188827466,0.2096121890603191,1000.0,0.0
atlanta,27896,2023-06-07,grid_02,0.2,0.3,BLOCK_RANGE_ONLY,8.0,linear,temperature_equivalent,K,ESTIMABLE,0.232325417810614,0.21672389534443823,0.24806953437844897,0.008097301824397506,0.03134563903401075,1000.0,0.0
atlanta,27896,2023-06-07,grid_02,0.2,0.3,BLOCK_RANGE_ONLY,8.0,linear,temperature_minus_equivalent,K,ESTIMABLE,-0.004095866351832594,-0.012078597311478083,0.003777869664747054,0.004061547499322265,0.015856466976225135,1000.0,0.0
atlanta,27896,2023-06-07,grid_02,0.2,0.3,BLOCK_RANGE_ONLY,8.0,quadratic,temperature,K,ESTIMABLE,0.2472848009800989,0.2214060942605325,0.2724678571222708,0.013182236934671509,0.051061762861738275,1000.0,0.0
atlanta,27896,2023-06-07,grid_02,0.2,0.3,BLOCK_RANGE_ONLY,8.0,quadratic,emitted_flux,W/m2,ESTIMABLE,1.5454463673649037,1.376354757490351,1.6986914349368334,0.08343540950411008,0.3223366774464824,1000.0,0.0
atlanta,27896,2023-06-07,grid_02,0.2,0.3,BLOCK_RANGE_ONLY,8.0,quadratic,temperature_equivalent,K,ESTIMABLE,0.23085009059116146,0.20556736527802855,0.25376869459163487,0.012476785481307871,0.04820132931360632,1000.0,0.0
atlanta,27896,2023-06-07,grid_02,0.2,0.3,BLOCK_RANGE_ONLY,8.0,quadratic,temperature_minus_equivalent,K,ESTIMABLE,0.01643471038893743,0.007632567539938152,0.025485066575866713,0.004758924492826171,0.01785249903592856,1000.0,0.0
atlanta,27896,2023-06-07,grid_02,0.2,0.3,BLOCK_RANGE_ONLY,8.0,quadratic_minus_linear,temperature,K,ESTIMABLE,0.019055249521317486,0.004574977050870111,0.033836620498989854,0.007542125503641352,0.029261643448119743,1000.0,0.0
atlanta,27896,2023-06-07,grid_02,0.2,0.3,BLOCK_RANGE_ONLY,8.0,quadratic_minus_linear,emitted_flux,W/m2,ESTIMABLE,-0.009865772810706774,-0.10197126617758566,0.08241338765063809,0.04750080622133622,0.18438465382822375,1000.0,0.0
atlanta,27896,2023-06-07,grid_02,0.2,0.3,BLOCK_RANGE_ONLY,8.0,quadratic_minus_linear,temperature_equivalent,K,ESTIMABLE,-0.001475327219452538,-0.015246515314559872,0.012325415359191533,0.007103112867652066,0.027571930673751403,1000.0,0.0
atlanta,27896,2023-06-07,grid_02,0.2,0.3,BLOCK_RANGE_ONLY,8.0,quadratic_minus_linear,temperature_minus_equivalent,K,ESTIMABLE,0.020530576740770023,0.014708916911847536,0.026279365323875842,0.002904776679195416,0.011570448412028306,1000.0,0.0
atlanta,27896,2023-06-07,grid_03,0.3,0.4,BLOCK_RANGE_ONLY,1.0,linear,temperature,K,ESTIMABLE,0.22822955145878154,0.21967716385887182,0.2366206892595565,0.004251019714368426,0.016943525400684695,1000.0,0.0
atlanta,27896,2023-06-07,grid_03,0.3,0.4,BLOCK_RANGE_ONLY,1.0,linear,emitted_flux,W/m2,ESTIMABLE,1.5553121401756114,1.5039733399507977,1.6108017247946356,0.02689895669614032,0.10682838484383783,1000.0,0.0
atlanta,27896,2023-06-07,grid_03,0.3,0.4,BLOCK_RANGE_ONLY,1.0,linear,temperature_equivalent,K,ESTIMABLE,0.232325417810614,0.22464844299806686,0.24062371454821657,0.004022502397258633,0.015975271550149717,1000.0,0.0
atlanta,27896,2023-06-07,grid_03,0.3,0.4,BLOCK_RANGE_ONLY,1.0,linear,temperature_minus_equivalent,K,ESTIMABLE,-0.004095866351832456,-0.007294455805532703,-0.0008641610711068155,0.0016209618378568017,0.006430294734425888,1000.0,0.0
atlanta,27896,2023-06-07,grid_03,0.3,0.4,BLOCK_RANGE_ONLY,1.0,quadratic,temperature,K,ESTIMABLE,0.23951298217940356,0.22787876591561979,0.2503396683058169,0.005667194730724646,0.0224609023901971,1000.0,0.0
atlanta,27896,2023-06-07,grid_03,0.3,0.4,BLOCK_RANGE_ONLY,1.0,quadratic,emitted_flux,W/m2,ESTIMABLE,1.5494701928481587,1.475925719343954,1.618018074028474,0.0353961825653754,0.14209235468452008,1000.0,0.0
atlanta,27896,2023-06-07,grid_03,0.3,0.4,BLOCK_RANGE_ONLY,1.0,quadratic,temperature_equivalent,K,ESTIMABLE,0.23145181076495192,0.2204545645403627,0.2417029456476186,0.005293122676005952,0.02124838110725591,1000.0,0.0
atlanta,27896,2023-06-07,grid_03,0.3,0.4,BLOCK_RANGE_ONLY,1.0,quadratic,temperature_minus_equivalent,K,ESTIMABLE,0.008061171414451646,0.004179919649874698,0.012060427170686897,0.002031872404008204,0.007880507520812199,1000.0,0.0
atlanta,27896,2023-06-07,grid_03,0.3,0.4,BLOCK_RANGE_ONLY,1.0,quadratic_minus_linear,temperature,K,ESTIMABLE,0.011283430720622017,0.005070864758740234,0.017382585858282045,0.003088363594126421,0.01231172109954181,1000.0,0.0
atlanta,27896,2023-06-07,grid_03,0.3,0.4,BLOCK_RANGE_ONLY,1.0,quadratic_minus_linear,emitted_flux,W/m2,ESTIMABLE,-0.00584194732745269,-0.04375762779176321,0.03105844344437496,0.01866027309940778,0.07481607123613818,1000.0,0.0
atlanta,27896,2023-06-07,grid_03,0.3,0.4,BLOCK_RANGE_ONLY,1.0,quadratic_minus_linear,temperature_equivalent,K,ESTIMABLE,-0.0008736070456620837,-0.006543408122352901,0.004644513197348488,0.0027904375487243795,0.011187921319701389,1000.0,0.0
atlanta,27896,2023-06-07,grid_03,0.3,0.4,BLOCK_RANGE_ONLY,1.0,quadratic_minus_linear,temperature_minus_equivalent,K,ESTIMABLE,0.012157037766284101,0.009686182406419051,0.014572386771506919,0.0012164139734187958,0.004886204365087868,1000.0,0.0
atlanta,27896,2023-06-07,grid_03,0.3,0.4,BLOCK_RANGE_ONLY,8.0,linear,temperature,K,ESTIMABLE,0.22822955145878154,0.21174098096449515,0.24435197307062448,0.008618191507979328,0.03261099210612933,1000.0,0.0
atlanta,27896,2023-06-07,grid_03,0.3,0.4,BLOCK_RANGE_ONLY,8.0,linear,emitted_flux,W/m2,ESTIMABLE,1.5553121401756114,1.450974984717835,1.6605871737781541,0.054147721888274686,0.2096121890603191,1000.0,0.0
atlanta,27896,2023-06-07,grid_03,0.3,0.4,BLOCK_RANGE_ONLY,8.0,linear,temperature_equivalent,K,ESTIMABLE,0.232325417810614,0.21672389534443823,0.24806953437844897,0.008097301824397508,0.03134563903401075,1000.0,0.0
atlanta,27896,2023-06-07,grid_03,0.3,0.4,BLOCK_RANGE_ONLY,8.0,linear,temperature_minus_equivalent,K,ESTIMABLE,-0.004095866351832456,-0.012078597311477944,0.0037778696647471654,0.004061547499322456,0.01585646697622511,1000.0,0.0
atlanta,27896,2023-06-07,grid_03,0.3,0.4,BLOCK_RANGE_ONLY,8.0,quadratic,temperature,K,ESTIMABLE,0.23951298217940356,0.21741964408991626,0.2602083718629579,0.010911352984278026,0.04278872777304166,1000.0,0.0
atlanta,27896,2023-06-07,grid_03,0.3,0.4,BLOCK_RANGE_ONLY,8.0,quadratic,emitted_flux,W/m2,ESTIMABLE,1.5494701928481587,1.4119094210744485,1.676635254434464,0.06910609736426257,0.26472583336001554,1000.0,0.0
atlanta,27896,2023-06-07,grid_03,0.3,0.4,BLOCK_RANGE_ONLY,8.0,quadratic,temperature_equivalent,K,ESTIMABLE,0.23145181076495192,0.21088302351555938,0.2504697683949303,0.010334082877443059,0.039586744879370916,1000.0,0.0
atlanta,27896,2023-06-07,grid_03,0.3,0.4,BLOCK_RANGE_ONLY,8.0,quadratic,temperature_minus_equivalent,K,ESTIMABLE,0.008061171414451646,-0.00014633494918056943,0.016051592205096506,0.00426306816192661,0.016197927154277075,1000.0,0.0
atlanta,27896,2023-06-07,grid_03,0.3,0.4,BLOCK_RANGE_ONLY,8.0,quadratic_minus_linear,temperature,K,ESTIMABLE,0.011283430720622017,0.0027222715603852105,0.020115945682508882,0.004455144329037085,0.01739367412212367,1000.0,0.0
atlanta,27896,2023-06-07,grid_03,0.3,0.4,BLOCK_RANGE_ONLY,8.0,quadratic_minus_linear,emitted_flux,W/m2,ESTIMABLE,-0.00584194732745269,-0.06045005712105216,0.04864757534932674,0.028146941738344516,0.1090976324703789,1000.0,0.0
atlanta,27896,2023-06-07,grid_03,0.3,0.4,BLOCK_RANGE_ONLY,8.0,quadratic_minus_linear,temperature_equivalent,K,ESTIMABLE,-0.0008736070456620837,-0.009038624711435262,0.0072753607849705285,0.0042090262805650905,0.01631398549640579,1000.0,0.0
atlanta,27896,2023-06-07,grid_03,0.3,0.4,BLOCK_RANGE_ONLY,8.0,quadratic_minus_linear,temperature_minus_equivalent,K,ESTIMABLE,0.012157037766284101,0.008742645861821868,0.015593631502058582,0.0017280846571598838,0.006850985640236715,1000.0,0.0
atlanta,27896,2023-06-07,grid_04,0.4,0.5,BLOCK_RANGE_ONLY,1.0,linear,temperature,K,ESTIMABLE,0.2282295514587814,0.21967716385887168,0.23662068925955637,0.0042510197143684255,0.016943525400684695,1000.0,0.0
atlanta,27896,2023-06-07,grid_04,0.4,0.5,BLOCK_RANGE_ONLY,1.0,linear,emitted_flux,W/m2,ESTIMABLE,1.5553121401756105,1.5039733399507969,1.6108017247946347,0.026898956696140303,0.10682838484383783,1000.0,0.0
atlanta,27896,2023-06-07,grid_04,0.4,0.5,BLOCK_RANGE_ONLY,1.0,linear,temperature_equivalent,K,ESTIMABLE,0.232325417810614,0.22464844299806686,0.24062371454821657,0.00402250239725857,0.015975271550149717,1000.0,0.0
atlanta,27896,2023-06-07,grid_04,0.4,0.5,BLOCK_RANGE_ONLY,1.0,linear,temperature_minus_equivalent,K,ESTIMABLE,-0.004095866351832594,-0.007294455805532842,-0.0008641610711069536,0.0016209618378567902,0.006430294734425889,1000.0,0.0
atlanta,27896,2023-06-07,grid_04,0.4,0.5,BLOCK_RANGE_ONLY,1.0,quadratic,temperature,K,ESTIMABLE,0.23174116337870795,0.2225782548305273,0.2404501160618854,0.004518620038897098,0.017871861231358116,1000.0,0.0
atlanta,27896,2023-06-07,grid_04,0.4,0.5,BLOCK_RANGE_ONLY,1.0,quadratic,emitted_flux,W/m2,ESTIMABLE,1.5534940183314119,1.4964129279286225,1.6099827443822643,0.028522475607853967,0.11356981645364184,1000.0,0.0
atlanta,27896,2023-06-07,grid_04,0.4,0.5,BLOCK_RANGE_ONLY,1.0,quadratic,temperature_equivalent,K,ESTIMABLE,0.23205353439198007,0.2235179402437737,0.24050123377568725,0.004265268887813873,0.01698329353191355,1000.0,0.0
atlanta,27896,2023-06-07,grid_04,0.4,0.5,BLOCK_RANGE_ONLY,1.0,quadratic,temperature_minus_equivalent,K,ESTIMABLE,-0.00031237101327211136,-0.003600918800070278,0.0029434809630588463,0.0016668653815500745,0.006544399763129124,1000.0,0.0
atlanta,27896,2023-06-07,grid_04,0.4,0.5,BLOCK_RANGE_ONLY,1.0,quadratic_minus_linear,temperature,K,ESTIMABLE,0.0035116119199265494,0.0015782763057515317,0.0054036688457117146,0.0009615561020294388,0.003825392539960183,1000.0,0.0
atlanta,27896,2023-06-07,grid_04,0.4,0.5,BLOCK_RANGE_ONLY,1.0,quadratic_minus_linear,emitted_flux,W/m2,ESTIMABLE,-0.0018181218441986058,-0.013555697060472282,0.009576048677634645,0.005804769490557959,0.023131745738106925,1000.0,0.0
atlanta,27896,2023-06-07,grid_04,0.4,0.5,BLOCK_RANGE_ONLY,1.0,quadratic_minus_linear,temperature_equivalent,K,ESTIMABLE,-0.0002718834186339336,-0.002027128822994939,0.0014320394629379503,0.000868045073179406,0.0034591682859328897,1000.0,0.0
atlanta,27896,2023-06-07,grid_04,0.4,0.5,BLOCK_RANGE_ONLY,1.0,quadratic_minus_linear,temperature_minus_equivalent,K,ESTIMABLE,0.003783495338560483,0.0030017157619277616,0.004536670550633306,0.0003805992479208073,0.0015349547887055443,1000.0,0.0
atlanta,27896,2023-06-07,grid_04,0.4,0.5,BLOCK_RANGE_ONLY,8.0,linear,temperature,K,ESTIMABLE,0.2282295514587814,0.21174098096449503,0.24435197307062434,0.008618191507979323,0.032610992106129305,1000.0,0.0
atlanta,27896,2023-06-07,grid_04,0.4,0.5,BLOCK_RANGE_ONLY,8.0,linear,emitted_flux,W/m2,ESTIMABLE,1.5553121401756105,1.4509749847178341,1.6605871737781532,0.05414772188827466,0.2096121890603191,1000.0,0.0
atlanta,27896,2023-06-07,grid_04,0.4,0.5,BLOCK_RANGE_ONLY,8.0,linear,temperature_equivalent,K,ESTIMABLE,0.232325417810614,0.21672389534443823,0.24806953437844897,0.008097301824397506,0.03134563903401075,1000.0,0.0
atlanta,27896,2023-06-07,grid_04,0.4,0.5,BLOCK_RANGE_ONLY,8.0,linear,temperature_minus_equivalent,K,ESTIMABLE,-0.004095866351832594,-0.012078597311478083,0.003777869664747054,0.004061547499322265,0.015856466976225135,1000.0,0.0
atlanta,27896,2023-06-07,grid_04,0.4,0.5,BLOCK_RANGE_ONLY,8.0,quadratic,temperature,K,ESTIMABLE,0.23174116337870795,0.2138043070347474,0.24893199038709155,0.009133325690395058,0.03512768335234415,1000.0,0.0
atlanta,27896,2023-06-07,grid_04,0.4,0.5,BLOCK_RANGE_ONLY,8.0,quadratic,emitted_flux,W/m2,ESTIMABLE,1.5534940183314119,1.4398867893406528,1.666011536418994,0.057784635238191814,0.22612474707834118,1000.0,0.0
atlanta,27896,2023-06-07,grid_04,0.4,0.5,BLOCK_RANGE_ONLY,8.0,quadratic,temperature_equivalent,K,ESTIMABLE,0.23205353439198007,0.21506601526122465,0.2488808239863431,0.00864114117147054,0.03381480872511844,1000.0,0.0
atlanta,27896,2023-06-07,grid_04,0.4,0.5,BLOCK_RANGE_ONLY,8.0,quadratic,temperature_minus_equivalent,K,ESTIMABLE,-0.00031237101327211136,-0.008374522157249575,0.007404292721169186,0.004060169521430181,0.01577881487841876,1000.0,0.0
atlanta,27896,2023-06-07,grid_04,0.4,0.5,BLOCK_RANGE_ONLY,8.0,quadratic_minus_linear,temperature,K,ESTIMABLE,0.0035116119199265494,0.0008366544680118084,0.006238348147581042,0.0013735813576368529,0.005401693679569234,1000.0,0.0
atlanta,27896,2023-06-07,grid_04,0.4,0.5,BLOCK_RANGE_ONLY,8.0,quadratic_minus_linear,emitted_flux,W/m2,ESTIMABLE,-0.0018181218441986058,-0.019232037072869756,0.014981384603397051,0.008797744577909827,0.03421342167626681,1000.0,0.0
atlanta,27896,2023-06-07,grid_04,0.4,0.5,BLOCK_RANGE_ONLY,8.0,quadratic_minus_linear,temperature_equivalent,K,ESTIMABLE,-0.0002718834186339336,-0.002875847488056138,0.0022405743249294115,0.0013155995667799823,0.00511642181298555,1000.0,0.0
atlanta,27896,2023-06-07,grid_04,0.4,0.5,BLOCK_RANGE_ONLY,8.0,quadratic_minus_linear,temperature_minus_equivalent,K,ESTIMABLE,0.003783495338560483,0.0027083094542454667,0.004938025786658913,0.0005653634070891736,0.0022297163324134462,1000.0,0.0
atlanta,27896,2023-06-07,grid_05,0.5,0.6,BLOCK_RANGE_ONLY,1.0,linear,temperature,K,ESTIMABLE,0.2282295514587814,0.21967716385887168,0.23662068925955637,0.0042510197143684255,0.016943525400684695,1000.0,0.0
atlanta,27896,2023-06-07,grid_05,0.5,0.6,BLOCK_RANGE_ONLY,1.0,linear,emitted_flux,W/m2,ESTIMABLE,1.5553121401756105,1.5039733399507969,1.6108017247946347,0.026898956696140303,0.10682838484383783,1000.0,0.0
atlanta,27896,2023-06-07,grid_05,0.5,0.6,BLOCK_RANGE_ONLY,1.0,linear,temperature_equivalent,K,ESTIMABLE,0.232325417810614,0.22464844299806686,0.24062371454821657,0.00402250239725857,0.015975271550149717,1000.0,0.0
atlanta,27896,2023-06-07,grid_05,0.5,0.6,BLOCK_RANGE_ONLY,1.0,linear,temperature_minus_equivalent,K,ESTIMABLE,-0.004095866351832594,-0.007294455805532842,-0.0008641610711069536,0.0016209618378567902,0.006430294734425889,1000.0,0.0
atlanta,27896,2023-06-07,grid_05,0.5,0.6,BLOCK_RANGE_ONLY,1.0,quadratic,temperature,K,ESTIMABLE,0.22396934457801246,0.21616186020155329,0.23276471237489454,0.0042162528318898,0.01660285217334126,1000.0,0.0
atlanta,27896,2023-06-07,grid_05,0.5,0.6,BLOCK_RANGE_ONLY,1.0,quadratic,emitted_flux,W/m2,ESTIMABLE,1.557517843814666,1.5060953731592828,1.6124230775483002,0.02654684509430333,0.1063277043890174,1000.0,0.0
atlanta,27896,2023-06-07,grid_05,0.5,0.6,BLOCK_RANGE_ONLY,1.0,quadratic,temperature_equivalent,K,ESTIMABLE,0.23265526147241644,0.2249657512258622,0.24086619274377058,0.0039698642496191466,0.01590044151790837,1000.0,0.0
atlanta,27896,2023-06-07,grid_05,0.5,0.6,BLOCK_RANGE_ONLY,1.0,quadratic,temperature_minus_equivalent,K,ESTIMABLE,-0.008685916894403983,-0.012060405326886221,-0.00526343792104401,0.00168465633997155,0.006796967405842211,1000.0,0.0
atlanta,27896,2023-06-07,grid_05,0.5,0.6,BLOCK_RANGE_ONLY,1.0,quadratic_minus_linear,temperature,K,ESTIMABLE,-0.004260206880768946,-0.006542426115385592,-0.0019000230992230298,0.0011701369713421291,0.004642403016162562,1000.0,0.0
atlanta,27896,2023-06-07,grid_05,0.5,0.6,BLOCK_RANGE_ONLY,1.0,quadratic_minus_linear,emitted_flux,W/m2,ESTIMABLE,0.0022057036390554785,-0.011729039276970965,0.01634646097972061,0.007053112830064217,0.028075500256691574,1000.0,0.0
atlanta,27896,2023-06-07,grid_05,0.5,0.6,BLOCK_RANGE_ONLY,1.0,quadratic_minus_linear,temperature_equivalent,K,ESTIMABLE,0.0003298436618024425,-0.0017539797528300482,0.0024444365276309545,0.0010547289748920777,0.0041984162804610025,1000.0,0.0
atlanta,27896,2023-06-07,grid_05,0.5,0.6,BLOCK_RANGE_ONLY,1.0,quadratic_minus_linear,temperature_minus_equivalent,K,ESTIMABLE,-0.004590050542571389,-0.005536497918959679,-0.003657858903890138,0.00046875030614145386,0.0018786390150695408,1000.0,0.0
atlanta,27896,2023-06-07,grid_05,0.5,0.6,BLOCK_RANGE_ONLY,8.0,linear,temperature,K,ESTIMABLE,0.2282295514587814,0.21174098096449503,0.24435197307062434,0.008618191507979323,0.032610992106129305,1000.0,0.0
atlanta,27896,2023-06-07,grid_05,0.5,0.6,BLOCK_RANGE_ONLY,8.0,linear,emitted_flux,W/m2,ESTIMABLE,1.5553121401756105,1.4509749847178341,1.6605871737781532,0.05414772188827466,0.2096121890603191,1000.0,0.0
atlanta,27896,2023-06-07,grid_05,0.5,0.6,BLOCK_RANGE_ONLY,8.0,linear,temperature_equivalent,K,ESTIMABLE,0.232325417810614,0.21672389534443823,0.24806953437844897,0.008097301824397506,0.03134563903401075,1000.0,0.0
atlanta,27896,2023-06-07,grid_05,0.5,0.6,BLOCK_RANGE_ONLY,8.0,linear,temperature_minus_equivalent,K,ESTIMABLE,-0.004095866351832594,-0.012078597311478083,0.003777869664747054,0.004061547499322265,0.015856466976225135,1000.0,0.0
atlanta,27896,2023-06-07,grid_05,0.5,0.6,BLOCK_RANGE_ONLY,8.0,quadratic,temperature,K,ESTIMABLE,0.22396934457801246,0.20785870190323483,0.23986616674378183,0.008176271354338112,0.032007464840547006,1000.0,0.0
atlanta,27896,2023-06-07,grid_05,0.5,0.6,BLOCK_RANGE_ONLY,8.0,quadratic,emitted_flux,W/m2,ESTIMABLE,1.557517843814666,1.4567173186226487,1.6586945448551285,0.051494676318959196,0.2019772262324797,1000.0,0.0
atlanta,27896,2023-06-07,grid_05,0.5,0.6,BLOCK_RANGE_ONLY,8.0,quadratic,temperature_equivalent,K,ESTIMABLE,0.23265526147241644,0.21758248549833326,0.2477864666337865,0.007700583925616548,0.03020398113545325,1000.0,0.0
atlanta,27896,2023-06-07,grid_05,0.5,0.6,BLOCK_RANGE_ONLY,8.0,quadratic,temperature_minus_equivalent,K,ESTIMABLE,-0.008685916894403983,-0.016863511848851345,-0.0003797574822853161,0.004192977127744428,0.016483754366566027,1000.0,0.0
atlanta,27896,2023-06-07,grid_05,0.5,0.6,BLOCK_RANGE_ONLY,8.0,quadratic_minus_linear,temperature,K,ESTIMABLE,-0.004260206880768946,-0.007580375456446745,-0.0009841967237568955,0.0017317336322789196,0.00659617873268985,1000.0,0.0
atlanta,27896,2023-06-07,grid_05,0.5,0.6,BLOCK_RANGE_ONLY,8.0,quadratic_minus_linear,emitted_flux,W/m2,ESTIMABLE,0.0022057036390554785,-0.018209988925549057,0.022588219091884472,0.010572442148627575,0.04079820801743353,1000.0,0.0
atlanta,27896,2023-06-07,grid_05,0.5,0.6,BLOCK_RANGE_ONLY,8.0,quadratic_minus_linear,temperature_equivalent,K,ESTIMABLE,0.0003298436618024425,-0.0027234099255608155,0.0033776293948591268,0.0015810040615518107,0.006101039320419942,1000.0,0.0
atlanta,27896,2023-06-07,grid_05,0.5,0.6,BLOCK_RANGE_ONLY,8.0,quadratic_minus_linear,temperature_minus_equivalent,K,ESTIMABLE,-0.004590050542571389,-0.005940435627494443,-0.003360728221410947,0.0006616803109866583,0.0025797074060834955,1000.0,0.0
atlanta,27896,2023-06-07,grid_06,0.6,0.7,BLOCK_RANGE_ONLY,1.0,linear,temperature,K,ESTIMABLE,0.2282295514587814,0.21967716385887168,0.23662068925955637,0.0042510197143684255,0.016943525400684695,1000.0,0.0
atlanta,27896,2023-06-07,grid_06,0.6,0.7,BLOCK_RANGE_ONLY,1.0,linear,emitted_flux,W/m2,ESTIMABLE,1.5553121401756105,1.5039733399507969,1.6108017247946347,0.026898956696140303,0.10682838484383783,1000.0,0.0
atlanta,27896,2023-06-07,grid_06,0.6,0.7,BLOCK_RANGE_ONLY,1.0,linear,temperature_equivalent,K,ESTIMABLE,0.232325417810614,0.22464844299806686,0.24062371454821657,0.00402250239725857,0.015975271550149717,1000.0,0.0
atlanta,27896,2023-06-07,grid_06,0.6,0.7,BLOCK_RANGE_ONLY,1.0,linear,temperature_minus_equivalent,K,ESTIMABLE,-0.004095866351832594,-0.007294455805532842,-0.0008641610711069536,0.0016209618378567902,0.006430294734425889,1000.0,0.0
atlanta,27896,2023-06-07,grid_06,0.6,0.7,BLOCK_RANGE_ONLY,1.0,quadratic,temperature,K,ESTIMABLE,0.21619752577731702,0.20645776980490743,0.22676559614179564,0.00491870702272886,0.020307826336888213,1000.0,0.0
atlanta,27896,2023-06-07,grid_06,0.6,0.7,BLOCK_RANGE_ONLY,1.0,quadratic,emitted_flux,W/m2,ESTIMABLE,1.5615416692979198,1.5039776724194769,1.6263138278196967,0.0304384600330293,0.1223361554002198,1000.0,0.0
atlanta,27896,2023-06-07,grid_06,0.6,0.7,BLOCK_RANGE_ONLY,1.0,quadratic,temperature_equivalent,K,ESTIMABLE,0.23325699200614736,0.22464909083134046,0.24294361932558955,0.004551851978435731,0.01829452849424909,1000.0,0.0
atlanta,27896,2023-06-07,grid_06,0.6,0.7,BLOCK_RANGE_ONLY,1.0,quadratic,temperature_minus_equivalent,K,ESTIMABLE,-0.01705946622883034,-0.021149197313468152,-0.012863583105712718,0.002075422119643126,0.008285614207755435,1000.0,0.0
atlanta,27896,2023-06-07,grid_06,0.6,0.7,BLOCK_RANGE_ONLY,1.0,quadratic_minus_linear,temperature,K,ESTIMABLE,-0.012032025681464387,-0.018445000570699265,-0.005425477297406691,0.00329725353477413,0.013019523273292574,1000.0,0.0
atlanta,27896,2023-06-07,grid_06,0.6,0.7,BLOCK_RANGE_ONLY,1.0,quadratic_minus_linear,emitted_flux,W/m2,ESTIMABLE,0.006229529122309341,-0.03309933246753212,0.04614319415722407,0.01990876559231618,0.0792425266247562,1000.0,0.0
atlanta,27896,2023-06-07,grid_06,0.6,0.7,BLOCK_RANGE_ONLY,1.0,quadratic_minus_linear,temperature_equivalent,K,ESTIMABLE,0.0009315741955333579,-0.004949467969811394,0.006900342984985739,0.002977195484358694,0.011849810954797133,1000.0,0.0
atlanta,27896,2023-06-07,grid_06,0.6,0.7,BLOCK_RANGE_ONLY,1.0,quadratic_minus_linear,temperature_minus_equivalent,K,ESTIMABLE,-0.012963599876997745,-0.015601888876181228,-0.010265448713587888,0.0013054758893188796,0.005336440162593339,1000.0,0.0
atlanta,27896,2023-06-07,grid_06,0.6,0.7,BLOCK_RANGE_ONLY,8.0,linear,temperature,K,ESTIMABLE,0.2282295514587814,0.21174098096449503,0.24435197307062434,0.008618191507979323,0.032610992106129305,1000.0,0.0
atlanta,27896,2023-06-07,grid_06,0.6,0.7,BLOCK_RANGE_ONLY,8.0,linear,emitted_flux,W/m2,ESTIMABLE,1.5553121401756105,1.4509749847178341,1.6605871737781532,0.05414772188827466,0.2096121890603191,1000.0,0.0
atlanta,27896,2023-06-07,grid_06,0.6,0.7,BLOCK_RANGE_ONLY,8.0,linear,temperature_equivalent,K,ESTIMABLE,0.232325417810614,0.21672389534443823,0.24806953437844897,0.008097301824397506,0.03134563903401075,1000.0,0.0
atlanta,27896,2023-06-07,grid_06,0.6,0.7,BLOCK_RANGE_ONLY,8.0,linear,temperature_minus_equivalent,K,ESTIMABLE,-0.004095866351832594,-0.012078597311478083,0.003777869664747054,0.004061547499322265,0.015856466976225135,1000.0,0.0
atlanta,27896,2023-06-07,grid_06,0.6,0.7,BLOCK_RANGE_ONLY,8.0,quadratic,temperature,K,ESTIMABLE,0.21619752577731702,0.2001401018679654,0.2327305725743324,0.008328202040436572,0.032590470706367,1000.0,0.0
atlanta,27896,2023-06-07,grid_06,0.6,0.7,BLOCK_RANGE_ONLY,8.0,quadratic,emitted_flux,W/m2,ESTIMABLE,1.5615416692979198,1.4579963080606673,1.662716053268511,0.05209189525895012,0.20471974520784375,1000.0,0.0
atlanta,27896,2023-06-07,grid_06,0.6,0.7,BLOCK_RANGE_ONLY,8.0,quadratic,temperature_equivalent,K,ESTIMABLE,0.23325699200614736,0.21777372014137483,0.24838793745610416,0.007789925985777454,0.030614217314729325,1000.0,0.0
atlanta,27896,2023-06-07,grid_06,0.6,0.7,BLOCK_RANGE_ONLY,8.0,quadratic,temperature_minus_equivalent,K,ESTIMABLE,-0.01705946622883034,-0.025959007401297206,-0.0078262108663864,0.004632710641377595,0.018132796534910806,1000.0,0.0
atlanta,27896,2023-06-07,grid_06,0.6,0.7,BLOCK_RANGE_ONLY,8.0,quadratic_minus_linear,temperature,K,ESTIMABLE,-0.012032025681464387,-0.021443076922387214,-0.0028360073049474087,0.004815063641729627,0.018607069617439805,1000.0,0.0
atlanta,27896,2023-06-07,grid_06,0.6,0.7,BLOCK_RANGE_ONLY,8.0,quadratic_minus_linear,emitted_flux,W/m2,ESTIMABLE,0.006229529122309341,-0.05202574363622746,0.06409767905301941,0.029922884205997997,0.11612342268924687,1000.0,0.0
atlanta,27896,2023-06-07,grid_06,0.6,0.7,BLOCK_RANGE_ONLY,8.0,quadratic_minus_linear,temperature_equivalent,K,ESTIMABLE,0.0009315741955333579,-0.00777972632744337,0.00958486390635187,0.004474693172734348,0.01736459023379524,1000.0,0.0
atlanta,27896,2023-06-07,grid_06,0.6,0.7,BLOCK_RANGE_ONLY,8.0,quadratic_minus_linear,temperature_minus_equivalent,K,ESTIMABLE,-0.012963599876997745,-0.01655738727100351,-0.009373912972098409,0.0018277985392693475,0.0071834742989051025,1000.0,0.0
atlanta,27896,2023-06-07,grid_07,0.7,0.8,BLOCK_RANGE_ONLY,1.0,linear,temperature,K,ESTIMABLE,0.22822955145878165,0.21967716385887193,0.23662068925955665,0.004251019714368428,0.016943525400684722,1000.0,0.0
atlanta,27896,2023-06-07,grid_07,0.7,0.8,BLOCK_RANGE_ONLY,1.0,linear,emitted_flux,W/m2,ESTIMABLE,1.5553121401756123,1.5039733399507986,1.6108017247946365,0.026898956696140335,0.10682838484383783,1000.0,0.0
atlanta,27896,2023-06-07,grid_07,0.7,0.8,BLOCK_RANGE_ONLY,1.0,linear,temperature_equivalent,K,ESTIMABLE,0.232325417810614,0.22464844299806686,0.24062371454821657,0.004022502397258435,0.015975271550149717,1000.0,0.0
atlanta,27896,2023-06-07,grid_07,0.7,0.8,BLOCK_RANGE_ONLY,1.0,linear,temperature_minus_equivalent,K,ESTIMABLE,-0.004095866351832345,-0.007294455805532592,-0.0008641610711066768,0.001620961837856973,0.0064302947344259155,1000.0,0.0
atlanta,27896,2023-06-07,grid_07,0.7,0.8,BLOCK_RANGE_ONLY,1.0,quadratic,temperature,K,ESTIMABLE,0.20842570697662172,0.19646595211065984,0.22121960121564332,0.00629830132297534,0.024753649104983483,1000.0,0.0
atlanta,27896,2023-06-07,grid_07,0.7,0.8,BLOCK_RANGE_ONLY,1.0,quadratic,emitted_flux,W/m2,ESTIMABLE,1.5655654947811757,1.492016122581338,1.640854065628762,0.03845550947477859,0.14883794304742404,1000.0,0.0
atlanta,27896,2023-06-07,grid_07,0.7,0.8,BLOCK_RANGE_ONLY,1.0,quadratic,temperature_equivalent,K,ESTIMABLE,0.23385872599340018,0.22286049484122258,0.24511822395855062,0.005750775595144858,0.02225772911732804,1000.0,0.0
atlanta,27896,2023-06-07,grid_07,0.7,0.8,BLOCK_RANGE_ONLY,1.0,quadratic,temperature_minus_equivalent,K,ESTIMABLE,-0.02543301901677847,-0.0308007651202121,-0.019934022624608614,0.0026807389552145453,0.010866742495603487,1000.0,0.0
atlanta,27896,2023-06-07,grid_07,0.7,0.8,BLOCK_RANGE_ONLY,1.0,quadratic_minus_linear,temperature,K,ESTIMABLE,-0.019803844482159938,-0.030376791727729703,-0.008900180834561889,0.005425179366618814,0.021476610893167814,1000.0,0.0
atlanta,27896,2023-06-07,grid_07,0.7,0.8,BLOCK_RANGE_ONLY,1.0,quadratic_minus_linear,emitted_flux,W/m2,ESTIMABLE,0.010253354605563425,-0.05448816043912821,0.07614024954251285,0.03276481328021034,0.13062840998164105,1000.0,0.0
atlanta,27896,2023-06-07,grid_07,0.7,0.8,BLOCK_RANGE_ONLY,1.0,quadratic_minus_linear,temperature_equivalent,K,ESTIMABLE,0.001533308182786186,-0.00814769578764043,0.011386404534380288,0.004899746924492005,0.019534100322020718,1000.0,0.0
atlanta,27896,2023-06-07,grid_07,0.7,0.8,BLOCK_RANGE_ONLY,1.0,quadratic_minus_linear,temperature_minus_equivalent,K,ESTIMABLE,-0.021337152664946124,-0.025660976206662987,-0.016915282463477097,0.002144403950759205,0.00874569374318589,1000.0,0.0
atlanta,27896,2023-06-07,grid_07,0.7,0.8,BLOCK_RANGE_ONLY,8.0,linear,temperature,K,ESTIMABLE,0.22822955145878165,0.21174098096449526,0.24435197307062462,0.008618191507979333,0.03261099210612936,1000.0,0.0
atlanta,27896,2023-06-07,grid_07,0.7,0.8,BLOCK_RANGE_ONLY,8.0,linear,emitted_flux,W/m2,ESTIMABLE,1.5553121401756123,1.450974984717836,1.660587173778155,0.054147721888274714,0.2096121890603191,1000.0,0.0
atlanta,27896,2023-06-07,grid_07,0.7,0.8,BLOCK_RANGE_ONLY,8.0,linear,temperature_equivalent,K,ESTIMABLE,0.232325417810614,0.21672389534443823,0.24806953437844897,0.008097301824397553,0.03134563903401075,1000.0,0.0
atlanta,27896,2023-06-07,grid_07,0.7,0.8,BLOCK_RANGE_ONLY,8.0,linear,temperature_minus_equivalent,K,ESTIMABLE,-0.004095866351832345,-0.012078597311477833,0.0037778696647472773,0.004061547499322496,0.01585646697622511,1000.0,0.0
atlanta,27896,2023-06-07,grid_07,0.7,0.8,BLOCK_RANGE_ONLY,8.0,quadratic,temperature,K,ESTIMABLE,0.20842570697662172,0.1899971376084809,0.22730540016814443,0.00953625954274087,0.037308262559663546,1000.0,0.0
atlanta,27896,2023-06-07,grid_07,0.7,0.8,BLOCK_RANGE_ONLY,8.0,quadratic,emitted_flux,W/m2,ESTIMABLE,1.5655654947811757,1.4463185206933464,1.6778376322909907,0.05936881047348051,0.23151911159764427,1000.0,0.0
atlanta,27896,2023-06-07,grid_07,0.7,0.8,BLOCK_RANGE_ONLY,8.0,quadratic,temperature_equivalent,K,ESTIMABLE,0.23385872599340018,0.2160276689441744,0.25064960446461837,0.008878166768815886,0.03462193552044396,1000.0,0.0
atlanta,27896,2023-06-07,grid_07,0.7,0.8,BLOCK_RANGE_ONLY,8.0,quadratic,temperature_minus_equivalent,K,ESTIMABLE,-0.02543301901677847,-0.03584964952376867,-0.015338704937936319,0.00530356903279283,0.02051094458583235,1000.0,0.0
atlanta,27896,2023-06-07,grid_07,0.7,0.8,BLOCK_RANGE_ONLY,8.0,quadratic_minus_linear,temperature,K,ESTIMABLE,-0.019803844482159938,-0.03496848764732901,-0.004688550401554321,0.007902185472909997,0.03027993724577469,1000.0,0.0
atlanta,27896,2023-06-07,grid_07,0.7,0.8,BLOCK_RANGE_ONLY,8.0,quadratic_minus_linear,emitted_flux,W/m2,ESTIMABLE,0.010253354605563425,-0.08602143861721807,0.10561688198391467,0.04927684758907188,0.19163832060113273,1000.0,0.0
atlanta,27896,2023-06-07,grid_07,0.7,0.8,BLOCK_RANGE_ONLY,8.0,quadratic_minus_linear,temperature_equivalent,K,ESTIMABLE,0.001533308182786186,-0.012862997756974437,0.015793916928583937,0.007368947006426036,0.028656914685558373,1000.0,0.0
atlanta,27896,2023-06-07,grid_07,0.7,0.8,BLOCK_RANGE_ONLY,8.0,quadratic_minus_linear,temperature_minus_equivalent,K,ESTIMABLE,-0.021337152664946124,-0.02721782393960556,-0.015405130459747262,0.003004784788723931,0.011812693479858296,1000.0,0.0
atlanta,27896,2023-06-07,grid_08,0.8,0.9,BLOCK_RANGE_ONLY,1.0,linear,temperature,K,ESTIMABLE,0.2282295514587814,0.21967716385887168,0.23662068925955637,0.0042510197143684255,0.016943525400684695,1000.0,0.0
atlanta,27896,2023-06-07,grid_08,0.8,0.9,BLOCK_RANGE_ONLY,1.0,linear,emitted_flux,W/m2,ESTIMABLE,1.5553121401756105,1.5039733399507969,1.6108017247946347,0.026898956696140303,0.10682838484383783,1000.0,0.0
atlanta,27896,2023-06-07,grid_08,0.8,0.9,BLOCK_RANGE_ONLY,1.0,linear,temperature_equivalent,K,ESTIMABLE,0.232325417810614,0.22464844299806686,0.24062371454821657,0.00402250239725857,0.015975271550149717,1000.0,0.0
atlanta,27896,2023-06-07,grid_08,0.8,0.9,BLOCK_RANGE_ONLY,1.0,linear,temperature_minus_equivalent,K,ESTIMABLE,-0.004095866351832594,-0.007294455805532842,-0.0008641610711069536,0.0016209618378567902,0.006430294734425889,1000.0,0.0
atlanta,27896,2023-06-07,grid_08,0.8,0.9,BLOCK_RANGE_ONLY,1.0,quadratic,temperature,K,ESTIMABLE,0.20065388817592605,0.18561125419823735,0.2172212987325948,0.00801258699054621,0.03161004453435745,1000.0,0.0
atlanta,27896,2023-06-07,grid_08,0.8,0.9,BLOCK_RANGE_ONLY,1.0,quadratic,emitted_flux,W/m2,ESTIMABLE,1.569589320264428,1.4779434855215965,1.669817985566825,0.048597469726399445,0.19187450004522844,1000.0,0.0
atlanta,27896,2023-06-07,grid_08,0.8,0.9,BLOCK_RANGE_ONLY,1.0,quadratic,temperature_equivalent,K,ESTIMABLE,0.23446046343406124,0.22075626959980213,0.24945013566428,0.007267483142957048,0.02869386606447788,1000.0,0.0
atlanta,27896,2023-06-07,grid_08,0.8,0.9,BLOCK_RANGE_ONLY,1.0,quadratic,temperature_minus_equivalent,K,ESTIMABLE,-0.033806575258135185,-0.040472448154851855,-0.027142044864395583,0.0033874786030560675,0.013330403290456271,1000.0,0.0
atlanta,27896,2023-06-07,grid_08,0.8,0.9,BLOCK_RANGE_ONLY,1.0,quadratic_minus_linear,temperature,K,ESTIMABLE,-0.02757566328285535,-0.04231416742839223,-0.01237488437171706,0.007553230526994348,0.02993928305667517,1000.0,0.0
atlanta,27896,2023-06-07,grid_08,0.8,0.9,BLOCK_RANGE_ONLY,1.0,quadratic_minus_linear,emitted_flux,W/m2,ESTIMABLE,0.01427718008881751,-0.07587698841072428,0.1061373049278012,0.04562092202296402,0.18201429333852548,1000.0,0.0
atlanta,27896,2023-06-07,grid_08,0.8,0.9,BLOCK_RANGE_ONLY,1.0,quadratic_minus_linear,temperature_equivalent,K,ESTIMABLE,0.0021350456234472404,-0.011345826053728558,0.01587265804108284,0.006822333374453244,0.027218484094811396,1000.0,0.0
atlanta,27896,2023-06-07,grid_08,0.8,0.9,BLOCK_RANGE_ONLY,1.0,quadratic_minus_linear,temperature_minus_equivalent,K,ESTIMABLE,-0.02971070890630259,-0.035719907070107595,-0.02356530601856098,0.0029836757626187146,0.012154601051546615,1000.0,0.0
atlanta,27896,2023-06-07,grid_08,0.8,0.9,BLOCK_RANGE_ONLY,8.0,linear,temperature,K,ESTIMABLE,0.2282295514587814,0.21174098096449503,0.24435197307062434,0.008618191507979323,0.032610992106129305,1000.0,0.0
atlanta,27896,2023-06-07,grid_08,0.8,0.9,BLOCK_RANGE_ONLY,8.0,linear,emitted_flux,W/m2,ESTIMABLE,1.5553121401756105,1.4509749847178341,1.6605871737781532,0.05414772188827466,0.2096121890603191,1000.0,0.0
atlanta,27896,2023-06-07,grid_08,0.8,0.9,BLOCK_RANGE_ONLY,8.0,linear,temperature_equivalent,K,ESTIMABLE,0.232325417810614,0.21672389534443823,0.24806953437844897,0.008097301824397506,0.03134563903401075,1000.0,0.0
atlanta,27896,2023-06-07,grid_08,0.8,0.9,BLOCK_RANGE_ONLY,8.0,linear,temperature_minus_equivalent,K,ESTIMABLE,-0.004095866351832594,-0.012078597311478083,0.003777869664747054,0.004061547499322265,0.015856466976225135,1000.0,0.0
atlanta,27896,2023-06-07,grid_08,0.8,0.9,BLOCK_RANGE_ONLY,8.0,quadratic,temperature,K,ESTIMABLE,0.20065388817592605,0.1789388269321447,0.2227875461239022,0.011471499630838258,0.04384871919175751,1000.0,0.0
atlanta,27896,2023-06-07,grid_08,0.8,0.9,BLOCK_RANGE_ONLY,8.0,quadratic,emitted_flux,W/m2,ESTIMABLE,1.569589320264428,1.432741622906417,1.705349189050329,0.0713089896527373,0.272607566143912,1000.0,0.0
atlanta,27896,2023-06-07,grid_08,0.8,0.9,BLOCK_RANGE_ONLY,8.0,quadratic,temperature_equivalent,K,ESTIMABLE,0.23446046343406124,0.21399770120038114,0.2547645102297423,0.010663786868743206,0.04076680902936114,1000.0,0.0
atlanta,27896,2023-06-07,grid_08,0.8,0.9,BLOCK_RANGE_ONLY,8.0,quadratic,temperature_minus_equivalent,K,ESTIMABLE,-0.033806575258135185,-0.046538753342960114,-0.022000997117480447,0.00613013726909924,0.024537756225479667,1000.0,0.0
atlanta,27896,2023-06-07,grid_08,0.8,0.9,BLOCK_RANGE_ONLY,8.0,quadratic_minus_linear,temperature,K,ESTIMABLE,-0.02757566328285535,-0.04871282936232243,-0.006541255892039169,0.010989904162287064,0.04217157347028326,1000.0,0.0
atlanta,27896,2023-06-07,grid_08,0.8,0.9,BLOCK_RANGE_ONLY,8.0,quadratic_minus_linear,emitted_flux,W/m2,ESTIMABLE,0.01427718008881751,-0.12001713359820845,0.14713608491480926,0.06863135333300081,0.2671532185130177,1000.0,0.0
atlanta,27896,2023-06-07,grid_08,0.8,0.9,BLOCK_RANGE_ONLY,8.0,quadratic_minus_linear,temperature_equivalent,K,ESTIMABLE,0.0021350456234472404,-0.017946022757308812,0.022003337682231457,0.010263320104762505,0.03994936043954027,1000.0,0.0
atlanta,27896,2023-06-07,grid_08,0.8,0.9,BLOCK_RANGE_ONLY,8.0,quadratic_minus_linear,temperature_minus_equivalent,K,ESTIMABLE,-0.02971070890630259,-0.03787962302809113,-0.021449924995181495,0.004183478115465197,0.016429698032909633,1000.0,0.0
atlanta,27896,2023-06-07,grid_09,0.9,1.0,NO_SPANNING_BLOCKS,,,,,NOT_ESTIMATED_NO_REFERENCE_BLOCKS,,,,,,,
atlanta,27916,2023-06-08,near_-0.02,0.008509538620710373,0.10850953862071037,BLOCK_RANGE_ONLY,1.0,linear,temperature,K,ESTIMABLE,0.09739955103292858,0.09261938878274639,0.10219876861077266,0.0024469555782321425,0.009579379828026272,1000.0,0.0
atlanta,27916,2023-06-08,near_-0.02,0.008509538620710373,0.10850953862071037,BLOCK_RANGE_ONLY,1.0,linear,emitted_flux,W/m2,ESTIMABLE,0.5242823213760864,0.49887360071017844,0.5508465778573348,0.01312944082175952,0.051972977147156374,1000.0,0.0
atlanta,27916,2023-06-08,near_-0.02,0.008509538620710373,0.10850953862071037,BLOCK_RANGE_ONLY,1.0,linear,temperature_equivalent,K,ESTIMABLE,0.0782574153976725,0.07446341627181426,0.08222410445033149,0.0019605070321183447,0.0077606881785172305,1000.0,0.0
atlanta,27916,2023-06-08,near_-0.02,0.008509538620710373,0.10850953862071037,BLOCK_RANGE_ONLY,1.0,linear,temperature_minus_equivalent,K,ESTIMABLE,0.019142135635256075,0.017379724104045882,0.021124132732360218,0.0009361452596740734,0.0037444086283143357,1000.0,0.0
atlanta,27916,2023-06-08,near_-0.02,0.008509538620710373,0.10850953862071037,BLOCK_RANGE_ONLY,1.0,quadratic,temperature,K,ESTIMABLE,0.19926008990655802,0.187785950010321,0.21014359613170172,0.005705483767093165,0.02235764612138072,1000.0,0.0
atlanta,27916,2023-06-08,near_-0.02,0.008509538620710373,0.10850953862071037,BLOCK_RANGE_ONLY,1.0,quadratic,emitted_flux,W/m2,ESTIMABLE,0.9376046425713793,0.8786868578374718,0.9955709447621477,0.02984861909156976,0.11688408692467589,1000.0,0.0
atlanta,27916,2023-06-08,near_-0.02,0.008509538620710373,0.10850953862071037,BLOCK_RANGE_ONLY,1.0,quadratic,temperature_equivalent,K,ESTIMABLE,0.13999347992910316,0.13119097886232822,0.14865454759288213,0.004459658236714462,0.017463568730553908,1000.0,0.0
atlanta,27916,2023-06-08,near_-0.02,0.008509538620710373,0.10850953862071037,BLOCK_RANGE_ONLY,1.0,quadratic,temperature_minus_equivalent,K,ESTIMABLE,0.059266609977454865,0.05498312731901609,0.06388551278457225,0.00231238347006814,0.008902385465556155,1000.0,0.0
atlanta,27916,2023-06-08,near_-0.02,0.008509538620710373,0.10850953862071037,BLOCK_RANGE_ONLY,1.0,quadratic_minus_linear,temperature,K,ESTIMABLE,0.10186053887362945,0.09184366279075254,0.11132872656118853,0.0050750144983283145,0.01948506377043599,1000.0,0.0
atlanta,27916,2023-06-08,near_-0.02,0.008509538620710373,0.10850953862071037,BLOCK_RANGE_ONLY,1.0,quadratic_minus_linear,emitted_flux,W/m2,ESTIMABLE,0.4133223211952929,0.36207412624680085,0.4620087151514208,0.02627342476398554,0.09993458890461993,1000.0,0.0
atlanta,27916,2023-06-08,near_-0.02,0.008509538620710373,0.10850953862071037,BLOCK_RANGE_ONLY,1.0,quadratic_minus_linear,temperature_equivalent,K,ESTIMABLE,0.06173606453143066,0.05407848682985446,0.06900856220799056,0.003925538090498544,0.014930075378136107,1000.0,0.0
atlanta,27916,2023-06-08,near_-0.02,0.008509538620710373,0.10850953862071037,BLOCK_RANGE_ONLY,1.0,quadratic_minus_linear,temperature_minus_equivalent,K,ESTIMABLE,0.04012447434219879,0.0359104485372508,0.04402146773804318,0.002084850753512384,0.00811101920079238,1000.0,0.0
atlanta,27916,2023-06-08,near_-0.02,0.008509538620710373,0.10850953862071037,BLOCK_RANGE_ONLY,8.0,linear,temperature,K,ESTIMABLE,0.09739955103292858,0.08827230498883128,0.10650659793913217,0.004692130500724302,0.018234292950300893,1000.0,0.0
atlanta,27916,2023-06-08,near_-0.02,0.008509538620710373,0.10850953862071037,BLOCK_RANGE_ONLY,8.0,linear,emitted_flux,W/m2,ESTIMABLE,0.5242823213760864,0.47079141243077327,0.5740246729841659,0.025940668553073098,0.10323326055339266,1000.0,0.0
atlanta,27916,2023-06-08,near_-0.02,0.008509538620710373,0.10850953862071037,BLOCK_RANGE_ONLY,8.0,linear,temperature_equivalent,K,ESTIMABLE,0.0782574153976725,0.07027037785947385,0.08568527986507775,0.0038734943447668296,0.0154149020056039,1000.0,0.0
atlanta,27916,2023-06-08,near_-0.02,0.008509538620710373,0.10850953862071037,BLOCK_RANGE_ONLY,8.0,linear,temperature_minus_equivalent,K,ESTIMABLE,0.019142135635256075,0.01648659707301394,0.021953466394099407,0.0013778063833660274,0.0054668693210854664,1000.0,0.0
atlanta,27916,2023-06-08,near_-0.02,0.008509538620710373,0.10850953862071037,BLOCK_RANGE_ONLY,8.0,quadratic,temperature,K,ESTIMABLE,0.19926008990655802,0.18068133660147195,0.220649793439424,0.010234024579220596,0.039968456837952054,1000.0,0.0
atlanta,27916,2023-06-08,near_-0.02,0.008509538620710373,0.10850953862071037,BLOCK_RANGE_ONLY,8.0,quadratic,emitted_flux,W/m2,ESTIMABLE,0.9376046425713793,0.8385186225196404,1.0459635339982103,0.053706766369967254,0.20744491147856992,1000.0,0.0
atlanta,27916,2023-06-08,near_-0.02,0.008509538620710373,0.10850953862071037,BLOCK_RANGE_ONLY,8.0,quadratic,temperature_equivalent,K,ESTIMABLE,0.13999347992910316,0.1251901425493301,0.15618456592124516,0.008024321588082837,0.030994423371915047,1000.0,0.0
atlanta,27916,2023-06-08,near_-0.02,0.008509538620710373,0.10850953862071037,BLOCK_RANGE_ONLY,8.0,quadratic,temperature_minus_equivalent,K,ESTIMABLE,0.059266609977454865,0.05306330925224054,0.06614320188627397,0.0033589006857545033,0.013079892634033433,1000.0,0.0
atlanta,27916,2023-06-08,near_-0.02,0.008509538620710373,0.10850953862071037,BLOCK_RANGE_ONLY,8.0,quadratic_minus_linear,temperature,K,ESTIMABLE,0.10186053887362945,0.08616961154113177,0.11941976937742413,0.008459665601076779,0.03325015783629236,1000.0,0.0
atlanta,27916,2023-06-08,near_-0.02,0.008509538620710373,0.10850953862071037,BLOCK_RANGE_ONLY,8.0,quadratic_minus_linear,emitted_flux,W/m2,ESTIMABLE,0.4133223211952929,0.32947693323860816,0.4976453503320512,0.04220361317238859,0.16816841709344305,1000.0,0.0
atlanta,27916,2023-06-08,near_-0.02,0.008509538620710373,0.10850953862071037,BLOCK_RANGE_ONLY,8.0,quadratic_minus_linear,temperature_equivalent,K,ESTIMABLE,0.06173606453143066,0.04921131540551329,0.07433672386745797,0.00630607749608047,0.025125408461944686,1000.0,0.0
atlanta,27916,2023-06-08,near_-0.02,0.008509538620710373,0.10850953862071037,BLOCK_RANGE_ONLY,8.0,quadratic_minus_linear,temperature_minus_equivalent,K,ESTIMABLE,0.04012447434219879,0.034651586953152354,0.046471139230750434,0.0030312119618765374,0.01181955227759808,1000.0,0.0
atlanta,27916,2023-06-08,near_-0.01,0.01850953862071037,0.11850953862071037,BLOCK_RANGE_ONLY,1.0,linear,temperature,K,ESTIMABLE,0.09739955103292858,0.09261938878274639,0.10219876861077266,0.0024469555782321425,0.009579379828026272,1000.0,0.0
atlanta,27916,2023-06-08,near_-0.01,0.01850953862071037,0.11850953862071037,BLOCK_RANGE_ONLY,1.0,linear,emitted_flux,W/m2,ESTIMABLE,0.5242823213760864,0.49887360071017844,0.5508465778573348,0.01312944082175952,0.051972977147156374,1000.0,0.0
atlanta,27916,2023-06-08,near_-0.01,0.01850953862071037,0.11850953862071037,BLOCK_RANGE_ONLY,1.0,linear,temperature_equivalent,K,ESTIMABLE,0.0782574153976725,0.07446341627181426,0.08222410445033149,0.0019605070321183447,0.0077606881785172305,1000.0,0.0
atlanta,27916,2023-06-08,near_-0.01,0.01850953862071037,0.11850953862071037,BLOCK_RANGE_ONLY,1.0,linear,temperature_minus_equivalent,K,ESTIMABLE,0.019142135635256075,0.017379724104045882,0.021124132732360218,0.0009361452596740734,0.0037444086283143357,1000.0,0.0
atlanta,27916,2023-06-08,near_-0.01,0.01850953862071037,0.11850953862071037,BLOCK_RANGE_ONLY,1.0,quadratic,temperature,K,ESTIMABLE,0.19692393762886176,0.18564422326503485,0.20765706828273356,0.005599956631519704,0.022012845017698707,1000.0,0.0
atlanta,27916,2023-06-08,near_-0.01,0.01850953862071037,0.11850953862071037,BLOCK_RANGE_ONLY,1.0,quadratic,emitted_flux,W/m2,ESTIMABLE,0.9281251729675416,0.8704145282038663,0.9851016696876754,0.02930633446250068,0.1146871414838091,1000.0,0.0
atlanta,27916,2023-06-08,near_-0.01,0.01850953862071037,0.11850953862071037,BLOCK_RANGE_ONLY,1.0,quadratic,temperature_equivalent,K,ESTIMABLE,0.13857716768956152,0.12995512612140345,0.1470902220390471,0.004378576902607334,0.017135095917643645,1000.0,0.0
atlanta,27916,2023-06-08,near_-0.01,0.01850953862071037,0.11850953862071037,BLOCK_RANGE_ONLY,1.0,quadratic,temperature_minus_equivalent,K,ESTIMABLE,0.05834676993930024,0.0541385518288503,0.06288903215076748,0.0022685937193120125,0.008750480321917178,1000.0,0.0
atlanta,27916,2023-06-08,near_-0.01,0.01850953862071037,0.11850953862071037,BLOCK_RANGE_ONLY,1.0,quadratic_minus_linear,temperature,K,ESTIMABLE,0.09952438659593318,0.08973831672447995,0.10878207076645148,0.004958232664122768,0.019043754041971533,1000.0,0.0
atlanta,27916,2023-06-08,near_-0.01,0.01850953862071037,0.11850953862071037,BLOCK_RANGE_ONLY,1.0,quadratic_minus_linear,emitted_flux,W/m2,ESTIMABLE,0.40384285159145517,0.35375468544488925,0.45139791894377945,0.025669355476431135,0.0976432334988902,1000.0,0.0
atlanta,27916,2023-06-08,near_-0.01,0.01850953862071037,0.11850953862071037,BLOCK_RANGE_ONLY,1.0,quadratic_minus_linear,temperature_equivalent,K,ESTIMABLE,0.06031975229188902,0.05283560291863267,0.06742315663228596,0.003835231727101279,0.014587553713653285,1000.0,0.0
atlanta,27916,2023-06-08,near_-0.01,0.01850953862071037,0.11850953862071037,BLOCK_RANGE_ONLY,1.0,quadratic_minus_linear,temperature_minus_equivalent,K,ESTIMABLE,0.03920463430404417,0.03508922268847414,0.043012357657403744,0.002036952628296306,0.007923134968929602,1000.0,0.0
atlanta,27916,2023-06-08,near_-0.01,0.01850953862071037,0.11850953862071037,BLOCK_RANGE_ONLY,8.0,linear,temperature,K,ESTIMABLE,0.09739955103292858,0.08827230498883128,0.10650659793913217,0.004692130500724302,0.018234292950300893,1000.0,0.0
atlanta,27916,2023-06-08,near_-0.01,0.01850953862071037,0.11850953862071037,BLOCK_RANGE_ONLY,8.0,linear,emitted_flux,W/m2,ESTIMABLE,0.5242823213760864,0.47079141243077327,0.5740246729841659,0.025940668553073098,0.10323326055339266,1000.0,0.0
atlanta,27916,2023-06-08,near_-0.01,0.01850953862071037,0.11850953862071037,BLOCK_RANGE_ONLY,8.0,linear,temperature_equivalent,K,ESTIMABLE,0.0782574153976725,0.07027037785947385,0.08568527986507775,0.0038734943447668296,0.0154149020056039,1000.0,0.0
atlanta,27916,2023-06-08,near_-0.01,0.01850953862071037,0.11850953862071037,BLOCK_RANGE_ONLY,8.0,linear,temperature_minus_equivalent,K,ESTIMABLE,0.019142135635256075,0.01648659707301394,0.021953466394099407,0.0013778063833660274,0.0054668693210854664,1000.0,0.0
atlanta,27916,2023-06-08,near_-0.01,0.01850953862071037,0.11850953862071037,BLOCK_RANGE_ONLY,8.0,quadratic,temperature,K,ESTIMABLE,0.19692393762886176,0.17858737577260966,0.21793333936822784,0.010058061019171437,0.03934596359561818,1000.0,0.0
atlanta,27916,2023-06-08,near_-0.01,0.01850953862071037,0.11850953862071037,BLOCK_RANGE_ONLY,8.0,quadratic,emitted_flux,W/m2,ESTIMABLE,0.9281251729675416,0.8302361137986825,1.0348769983441413,0.05284087277549506,0.2046408845454588,1000.0,0.0
atlanta,27916,2023-06-08,near_-0.01,0.01850953862071037,0.11850953862071037,BLOCK_RANGE_ONLY,8.0,quadratic,temperature_equivalent,K,ESTIMABLE,0.13857716768956152,0.12395283989622499,0.15452789069004352,0.007894841581574849,0.03057505079381853,1000.0,0.0
atlanta,27916,2023-06-08,near_-0.01,0.01850953862071037,0.11850953862071037,BLOCK_RANGE_ONLY,8.0,quadratic,temperature_minus_equivalent,K,ESTIMABLE,0.05834676993930024,0.052242921184976546,0.06509568263974334,0.0032951070098511726,0.012852761454766798,1000.0,0.0
atlanta,27916,2023-06-08,near_-0.01,0.01850953862071037,0.11850953862071037,BLOCK_RANGE_ONLY,8.0,quadratic_minus_linear,temperature,K,ESTIMABLE,0.09952438659593318,0.08420725353934241,0.116681902623773,0.008263191457575269,0.03247464908443058,1000.0,0.0
atlanta,27916,2023-06-08,near_-0.01,0.01850953862071037,0.11850953862071037,BLOCK_RANGE_ONLY,8.0,quadratic_minus_linear,emitted_flux,W/m2,ESTIMABLE,0.40384285159145517,0.3219209943410581,0.48628780231660873,0.04122424732755337,0.16436680797555064,1000.0,0.0
atlanta,27916,2023-06-08,near_-0.01,0.01850953862071037,0.11850953862071037,BLOCK_RANGE_ONLY,8.0,quadratic_minus_linear,temperature_equivalent,K,ESTIMABLE,0.06031975229188902,0.04808248695632074,0.0726395808008263,0.0061596565795380915,0.024557093844505565,1000.0,0.0
atlanta,27916,2023-06-08,near_-0.01,0.01850953862071037,0.11850953862071037,BLOCK_RANGE_ONLY,8.0,quadratic_minus_linear,temperature_minus_equivalent,K,ESTIMABLE,0.03920463430404417,0.03386148963324202,0.04540799881310196,0.0029613919079475625,0.011546509179859936,1000.0,0.0
atlanta,27916,2023-06-08,historical,0.028509538620710373,0.12850953862071038,BLOCK_RANGE_ONLY,1.0,linear,temperature,K,ESTIMABLE,0.09739955103292858,0.09261938878274639,0.10219876861077266,0.0024469555782321425,0.009579379828026272,1000.0,0.0
atlanta,27916,2023-06-08,historical,0.028509538620710373,0.12850953862071038,BLOCK_RANGE_ONLY,1.0,linear,emitted_flux,W/m2,ESTIMABLE,0.5242823213760864,0.49887360071017844,0.5508465778573348,0.01312944082175952,0.051972977147156374,1000.0,0.0
atlanta,27916,2023-06-08,historical,0.028509538620710373,0.12850953862071038,BLOCK_RANGE_ONLY,1.0,linear,temperature_equivalent,K,ESTIMABLE,0.0782574153976725,0.07446341627181426,0.08222410445033149,0.0019605070321183447,0.0077606881785172305,1000.0,0.0
atlanta,27916,2023-06-08,historical,0.028509538620710373,0.12850953862071038,BLOCK_RANGE_ONLY,1.0,linear,temperature_minus_equivalent,K,ESTIMABLE,0.019142135635256075,0.017379724104045882,0.021124132732360218,0.0009361452596740734,0.0037444086283143357,1000.0,0.0
atlanta,27916,2023-06-08,historical,0.028509538620710373,0.12850953862071038,BLOCK_RANGE_ONLY,1.0,quadratic,temperature,K,ESTIMABLE,0.19458778535116547,0.18350249651974873,0.2051341645512949,0.005494888672688918,0.021631668031546175,1000.0,0.0
atlanta,27916,2023-06-08,historical,0.028509538620710373,0.12850953862071038,BLOCK_RANGE_ONLY,1.0,quadratic,emitted_flux,W/m2,ESTIMABLE,0.9186457033637039,0.8621750899686512,0.9746323946132032,0.028766524078463657,0.11245730464455195,1000.0,0.0
atlanta,27916,2023-06-08,historical,0.028509538620710373,0.12850953862071038,BLOCK_RANGE_ONLY,1.0,quadratic,temperature_equivalent,K,ESTIMABLE,0.13716087457612502,0.12872420169814233,0.14552591981834978,0.004297867419352971,0.01680171812020745,1000.0,0.0
atlanta,27916,2023-06-08,historical,0.028509538620710373,0.12850953862071038,BLOCK_RANGE_ONLY,1.0,quadratic,temperature_minus_equivalent,K,ESTIMABLE,0.057426910775040446,0.05332327717021026,0.06189231770871057,0.0022249739366135422,0.008569040538500314,1000.0,0.0
atlanta,27916,2023-06-08,historical,0.028509538620710373,0.12850953862071038,BLOCK_RANGE_ONLY,1.0,quadratic_minus_linear,temperature,K,ESTIMABLE,0.0971882343182369,0.08763102239985801,0.10623541497171447,0.004841455167293291,0.018604392571856462,1000.0,0.0
atlanta,27916,2023-06-08,historical,0.028509538620710373,0.12850953862071038,BLOCK_RANGE_ONLY,1.0,quadratic_minus_linear,emitted_flux,W/m2,ESTIMABLE,0.39436338198761745,0.34543524464297753,0.44078712273613807,0.02506529996422351,0.09535187809316054,1000.0,0.0
atlanta,27916,2023-06-08,historical,0.028509538620710373,0.12850953862071038,BLOCK_RANGE_ONLY,1.0,quadratic_minus_linear,temperature_equivalent,K,ESTIMABLE,0.05890345917845252,0.05159273373584909,0.06583777502248153,0.003744929856327186,0.01424504128663244,1000.0,0.0
atlanta,27916,2023-06-08,historical,0.028509538620710373,0.12850953862071038,BLOCK_RANGE_ONLY,1.0,quadratic_minus_linear,temperature_minus_equivalent,K,ESTIMABLE,0.03828477513978437,0.03426798027530922,0.0420032274921768,0.001989055261616299,0.00773524721686758,1000.0,0.0
atlanta,27916,2023-06-08,historical,0.028509538620710373,0.12850953862071038,BLOCK_RANGE_ONLY,8.0,linear,temperature,K,ESTIMABLE,0.09739955103292858,0.08827230498883128,0.10650659793913217,0.004692130500724302,0.018234292950300893,1000.0,0.0
atlanta,27916,2023-06-08,historical,0.028509538620710373,0.12850953862071038,BLOCK_RANGE_ONLY,8.0,linear,emitted_flux,W/m2,ESTIMABLE,0.5242823213760864,0.47079141243077327,0.5740246729841659,0.025940668553073098,0.10323326055339266,1000.0,0.0
atlanta,27916,2023-06-08,historical,0.028509538620710373,0.12850953862071038,BLOCK_RANGE_ONLY,8.0,linear,temperature_equivalent,K,ESTIMABLE,0.0782574153976725,0.07027037785947385,0.08568527986507775,0.0038734943447668296,0.0154149020056039,1000.0,0.0
atlanta,27916,2023-06-08,historical,0.028509538620710373,0.12850953862071038,BLOCK_RANGE_ONLY,8.0,linear,temperature_minus_equivalent,K,ESTIMABLE,0.019142135635256075,0.01648659707301394,0.021953466394099407,0.0013778063833660274,0.0054668693210854664,1000.0,0.0
atlanta,27916,2023-06-08,historical,0.028509538620710373,0.12850953862071038,BLOCK_RANGE_ONLY,8.0,quadratic,temperature,K,ESTIMABLE,0.19458778535116547,0.17678570110262334,0.21527001836816978,0.009882881751115433,0.038484317265546436,1000.0,0.0
atlanta,27916,2023-06-08,historical,0.028509538620710373,0.12850953862071038,BLOCK_RANGE_ONLY,8.0,quadratic,emitted_flux,W/m2,ESTIMABLE,0.9186457033637039,0.8219536050777246,1.0237904626900722,0.05197904258703145,0.2018368576123476,1000.0,0.0
atlanta,27916,2023-06-08,historical,0.028509538620710373,0.12850953862071038,BLOCK_RANGE_ONLY,8.0,quadratic,temperature_equivalent,K,ESTIMABLE,0.13716087457612502,0.12271555183934595,0.15287124162938995,0.007765972168467567,0.030155689790044002,1000.0,0.0
atlanta,27916,2023-06-08,historical,0.028509538620710373,0.12850953862071038,BLOCK_RANGE_ONLY,8.0,quadratic,temperature_minus_equivalent,K,ESTIMABLE,0.057426910775040446,0.051425806955558866,0.06402122437574542,0.0032315656604027716,0.012595417420186557,1000.0,0.0
atlanta,27916,2023-06-08,historical,0.028509538620710373,0.12850953862071038,BLOCK_RANGE_ONLY,8.0,quadratic_minus_linear,temperature,K,ESTIMABLE,0.0971882343182369,0.08224489553755308,0.11394403587012185,0.008066731178793416,0.031699140332568765,1000.0,0.0
atlanta,27916,2023-06-08,historical,0.028509538620710373,0.12850953862071038,BLOCK_RANGE_ONLY,8.0,quadratic_minus_linear,emitted_flux,W/m2,ESTIMABLE,0.39436338198761745,0.314365055443508,0.4749302018091778,0.040244926655077104,0.16056514636566976,1000.0,0.0
atlanta,27916,2023-06-08,historical,0.028509538620710373,0.12850953862071038,BLOCK_RANGE_ONLY,8.0,quadratic_minus_linear,temperature_equivalent,K,ESTIMABLE,0.05890345917845252,0.04695367065650942,0.0709424651981692,0.006013246370999658,0.02398879454165978,1000.0,0.0
atlanta,27916,2023-06-08,historical,0.028509538620710373,0.12850953862071038,BLOCK_RANGE_ONLY,8.0,quadratic_minus_linear,temperature_minus_equivalent,K,ESTIMABLE,0.03828477513978437,0.033071380904294755,0.044342305159465814,0.002891575731217432,0.01127092425517106,1000.0,0.0
atlanta,27916,2023-06-08,near_+0.01,0.038509538620710375,0.1385095386207104,BLOCK_RANGE_ONLY,1.0,linear,temperature,K,ESTIMABLE,0.09739955103292858,0.09261938878274639,0.10219876861077266,0.0024469555782321425,0.009579379828026272,1000.0,0.0
atlanta,27916,2023-06-08,near_+0.01,0.038509538620710375,0.1385095386207104,BLOCK_RANGE_ONLY,1.0,linear,emitted_flux,W/m2,ESTIMABLE,0.5242823213760864,0.49887360071017844,0.5508465778573348,0.01312944082175952,0.051972977147156374,1000.0,0.0
atlanta,27916,2023-06-08,near_+0.01,0.038509538620710375,0.1385095386207104,BLOCK_RANGE_ONLY,1.0,linear,temperature_equivalent,K,ESTIMABLE,0.0782574153976725,0.07446341627181426,0.08222410445033149,0.0019605070321183447,0.0077606881785172305,1000.0,0.0
atlanta,27916,2023-06-08,near_+0.01,0.038509538620710375,0.1385095386207104,BLOCK_RANGE_ONLY,1.0,linear,temperature_minus_equivalent,K,ESTIMABLE,0.019142135635256075,0.017379724104045882,0.021124132732360218,0.0009361452596740734,0.0037444086283143357,1000.0,0.0
atlanta,27916,2023-06-08,near_+0.01,0.038509538620710375,0.1385095386207104,BLOCK_RANGE_ONLY,1.0,quadratic,temperature,K,ESTIMABLE,0.19225163307346918,0.18138324038319942,0.20267194016991208,0.005390306741512399,0.02128869978671266,1000.0,0.0
atlanta,27916,2023-06-08,near_+0.01,0.038509538620710375,0.1385095386207104,BLOCK_RANGE_ONLY,1.0,quadratic,emitted_flux,W/m2,ESTIMABLE,0.9091662337598662,0.8537052502744645,0.9641613788558557,0.028229329879758843,0.1104561285813912,1000.0,0.0
atlanta,27916,2023-06-08,near_+0.01,0.038509538620710375,0.1385095386207104,BLOCK_RANGE_ONLY,1.0,quadratic,temperature_equivalent,K,ESTIMABLE,0.1357446005881684,0.12745887168749875,0.1439613808457551,0.004217550978226757,0.01650250915825635,1000.0,0.0
atlanta,27916,2023-06-08,near_+0.01,0.038509538620710375,0.1385095386207104,BLOCK_RANGE_ONLY,1.0,quadratic,temperature_minus_equivalent,K,ESTIMABLE,0.056507032485300784,0.05250746903778205,0.06089829287827258,0.0021815343766543325,0.00839082384049053,1000.0,0.0
atlanta,27916,2023-06-08,near_+0.01,0.038509538620710375,0.1385095386207104,BLOCK_RANGE_ONLY,1.0,quadratic_minus_linear,temperature,K,ESTIMABLE,0.0948520820405406,0.08552372807523609,0.10368875917697747,0.004724682329453847,0.018165031101741377,1000.0,0.0
atlanta,27916,2023-06-08,near_+0.01,0.038509538620710375,0.1385095386207104,BLOCK_RANGE_ONLY,1.0,quadratic_minus_linear,emitted_flux,W/m2,ESTIMABLE,0.3848839123837797,0.3371158038410658,0.4301763265284966,0.024461259247883442,0.09306052268743076,1000.0,0.0
atlanta,27916,2023-06-08,near_+0.01,0.038509538620710375,0.1385095386207104,BLOCK_RANGE_ONLY,1.0,quadratic_minus_linear,temperature_equivalent,K,ESTIMABLE,0.05748718519049589,0.050349879281107235,0.06425241737772466,0.0036546326304430147,0.013902538096617428,1000.0,0.0
atlanta,27916,2023-06-08,near_+0.01,0.038509538620710375,0.1385095386207104,BLOCK_RANGE_ONLY,1.0,quadratic_minus_linear,temperature_minus_equivalent,K,ESTIMABLE,0.03736489685004471,0.033446721298158184,0.04099407724293364,0.001941158776064495,0.007547355944775458,1000.0,0.0
atlanta,27916,2023-06-08,near_+0.01,0.038509538620710375,0.1385095386207104,BLOCK_RANGE_ONLY,8.0,linear,temperature,K,ESTIMABLE,0.09739955103292858,0.08827230498883128,0.10650659793913217,0.004692130500724302,0.018234292950300893,1000.0,0.0
atlanta,27916,2023-06-08,near_+0.01,0.038509538620710375,0.1385095386207104,BLOCK_RANGE_ONLY,8.0,linear,emitted_flux,W/m2,ESTIMABLE,0.5242823213760864,0.47079141243077327,0.5740246729841659,0.025940668553073098,0.10323326055339266,1000.0,0.0
atlanta,27916,2023-06-08,near_+0.01,0.038509538620710375,0.1385095386207104,BLOCK_RANGE_ONLY,8.0,linear,temperature_equivalent,K,ESTIMABLE,0.0782574153976725,0.07027037785947385,0.08568527986507775,0.0038734943447668296,0.0154149020056039,1000.0,0.0
atlanta,27916,2023-06-08,near_+0.01,0.038509538620710375,0.1385095386207104,BLOCK_RANGE_ONLY,8.0,linear,temperature_minus_equivalent,K,ESTIMABLE,0.019142135635256075,0.01648659707301394,0.021953466394099407,0.0013778063833660274,0.0054668693210854664,1000.0,0.0
atlanta,27916,2023-06-08,near_+0.01,0.038509538620710375,0.1385095386207104,BLOCK_RANGE_ONLY,8.0,quadratic,temperature,K,ESTIMABLE,0.19225163307346918,0.17496225102411944,0.21260669736811175,0.009708529230092204,0.037644446343992305,1000.0,0.0
atlanta,27916,2023-06-08,near_+0.01,0.038509538620710375,0.1385095386207104,BLOCK_RANGE_ONLY,8.0,quadratic,emitted_flux,W/m2,ESTIMABLE,0.9091662337598662,0.8136710963567668,1.0127039270360034,0.05112148131346907,0.1990328306792366,1000.0,0.0
atlanta,27916,2023-06-08,near_+0.01,0.038509538620710375,0.1385095386207104,BLOCK_RANGE_ONLY,8.0,quadratic,temperature_equivalent,K,ESTIMABLE,0.1357446005881684,0.12147827837835194,0.15121461873837064,0.007637744027580461,0.029736340360018695,1000.0,0.0
atlanta,27916,2023-06-08,near_+0.01,0.038509538620710375,0.1385095386207104,BLOCK_RANGE_ONLY,8.0,quadratic,temperature_minus_equivalent,K,ESTIMABLE,0.056507032485300784,0.050654018220349914,0.06298213899731651,0.003168291977854793,0.0123281207769666,1000.0,0.0
atlanta,27916,2023-06-08,near_+0.01,0.038509538620710375,0.1385095386207104,BLOCK_RANGE_ONLY,8.0,quadratic_minus_linear,temperature,K,ESTIMABLE,0.0948520820405406,0.08028253753576373,0.11120616911647069,0.007870285803016342,0.03092363158070696,1000.0,0.0
atlanta,27916,2023-06-08,near_+0.01,0.038509538620710375,0.1385095386207104,BLOCK_RANGE_ONLY,8.0,quadratic_minus_linear,emitted_flux,W/m2,ESTIMABLE,0.3848839123837797,0.30680911654595794,0.46344238051371833,0.03926565453487748,0.1566332639677604,1000.0,0.0
atlanta,27916,2023-06-08,near_+0.01,0.038509538620710375,0.1385095386207104,BLOCK_RANGE_ONLY,8.0,quadratic_minus_linear,temperature_equivalent,K,ESTIMABLE,0.05748718519049589,0.04582486650568427,0.06922803087297211,0.0058668473749106526,0.023403164367287836,1000.0,0.0
atlanta,27916,2023-06-08,near_+0.01,0.038509538620710375,0.1385095386207104,BLOCK_RANGE_ONLY,8.0,quadratic_minus_linear,temperature_minus_equivalent,K,ESTIMABLE,0.03736489685004471,0.032281260766597625,0.043276567247547526,0.0028217638978560674,0.010995306480949901,1000.0,0.0
atlanta,27916,2023-06-08,near_+0.02,0.04850953862071038,0.14850953862071037,BLOCK_RANGE_ONLY,1.0,linear,temperature,K,ESTIMABLE,0.09739955103292856,0.09261938878274638,0.10219876861077265,0.0024469555782321425,0.009579379828026272,1000.0,0.0
atlanta,27916,2023-06-08,near_+0.02,0.04850953862071038,0.14850953862071037,BLOCK_RANGE_ONLY,1.0,linear,emitted_flux,W/m2,ESTIMABLE,0.5242823213760864,0.4988736007101784,0.5508465778573347,0.013129440821759519,0.05197297714715632,1000.0,0.0
atlanta,27916,2023-06-08,near_+0.02,0.04850953862071038,0.14850953862071037,BLOCK_RANGE_ONLY,1.0,linear,temperature_equivalent,K,ESTIMABLE,0.0782574153976725,0.07446341627181426,0.08222410445033149,0.0019605070321183447,0.0077606881785172305,1000.0,0.0
atlanta,27916,2023-06-08,near_+0.02,0.04850953862071038,0.14850953862071037,BLOCK_RANGE_ONLY,1.0,linear,temperature_minus_equivalent,K,ESTIMABLE,0.01914213563525606,0.01737972410404587,0.021124132732360204,0.0009361452596740734,0.0037444086283143357,1000.0,0.0
atlanta,27916,2023-06-08,near_+0.02,0.04850953862071038,0.14850953862071037,BLOCK_RANGE_ONLY,1.0,quadratic,temperature,K,ESTIMABLE,0.18991548079577286,0.17930467068528308,0.20011915635678104,0.005286239684496781,0.020814485671497962,1000.0,0.0
atlanta,27916,2023-06-08,near_+0.02,0.04850953862071038,0.14850953862071037,BLOCK_RANGE_ONLY,1.0,quadratic,emitted_flux,W/m2,ESTIMABLE,0.8996867641560284,0.8452891082102553,0.9533769679652044,0.027694904104152512,0.10808785975494917,1000.0,0.0
atlanta,27916,2023-06-08,near_+0.02,0.04850953862071038,0.14850953862071037,BLOCK_RANGE_ONLY,1.0,quadratic,temperature_equivalent,K,ESTIMABLE,0.13432834572506636,0.1262015788175404,0.1423500399733925,0.0041376503078199124,0.016148461155852084,1000.0,0.0
atlanta,27916,2023-06-08,near_+0.02,0.04850953862071038,0.14850953862071037,BLOCK_RANGE_ONLY,1.0,quadratic,temperature_minus_equivalent,K,ESTIMABLE,0.055587135070706506,0.051661772398048283,0.05992818675557675,0.0021382860835310563,0.008266414357528465,1000.0,0.0
atlanta,27916,2023-06-08,near_+0.02,0.04850953862071038,0.14850953862071037,BLOCK_RANGE_ONLY,1.0,quadratic_minus_linear,temperature,K,ESTIMABLE,0.0925159297628443,0.08341643375061414,0.10114209479316859,0.0046079145048059985,0.01772566104255445,1000.0,0.0
atlanta,27916,2023-06-08,near_+0.02,0.04850953862071038,0.14850953862071037,BLOCK_RANGE_ONLY,1.0,quadratic_minus_linear,emitted_flux,W/m2,ESTIMABLE,0.375404442779942,0.3287963630391542,0.41956553032085514,0.023857234451259545,0.09076916728170092,1000.0,0.0
atlanta,27916,2023-06-08,near_+0.02,0.04850953862071038,0.14850953862071037,BLOCK_RANGE_ONLY,1.0,quadratic_minus_linear,temperature_equivalent,K,ESTIMABLE,0.05607093032739385,0.04910703955401061,0.06266708369716553,0.0035643402171486706,0.013560044143154919,1000.0,0.0
atlanta,27916,2023-06-08,near_+0.02,0.04850953862071038,0.14850953862071037,BLOCK_RANGE_ONLY,1.0,quadratic_minus_linear,temperature_minus_equivalent,K,ESTIMABLE,0.036444999435450445,0.032625445757642084,0.039984906910353536,0.0018932633066444536,0.007359461152711452,1000.0,0.0
atlanta,27916,2023-06-08,near_+0.02,0.04850953862071038,0.14850953862071037,BLOCK_RANGE_ONLY,8.0,linear,temperature,K,ESTIMABLE,0.09739955103292856,0.08827230498883126,0.10650659793913216,0.004692130500724302,0.018234292950300893,1000.0,0.0
atlanta,27916,2023-06-08,near_+0.02,0.04850953862071038,0.14850953862071037,BLOCK_RANGE_ONLY,8.0,linear,emitted_flux,W/m2,ESTIMABLE,0.5242823213760864,0.4707914124307732,0.5740246729841658,0.025940668553073098,0.1032332605533926,1000.0,0.0
atlanta,27916,2023-06-08,near_+0.02,0.04850953862071038,0.14850953862071037,BLOCK_RANGE_ONLY,8.0,linear,temperature_equivalent,K,ESTIMABLE,0.0782574153976725,0.07027037785947385,0.08568527986507775,0.0038734943447668296,0.0154149020056039,1000.0,0.0
atlanta,27916,2023-06-08,near_+0.02,0.04850953862071038,0.14850953862071037,BLOCK_RANGE_ONLY,8.0,linear,temperature_minus_equivalent,K,ESTIMABLE,0.01914213563525606,0.016486597073013927,0.021953466394099393,0.0013778063833660274,0.0054668693210854664,1000.0,0.0
atlanta,27916,2023-06-08,near_+0.02,0.04850953862071038,0.14850953862071037,BLOCK_RANGE_ONLY,8.0,quadratic,temperature,K,ESTIMABLE,0.18991548079577286,0.1728060905826281,0.20993211573805118,0.009535048808498509,0.03712602515542307,1000.0,0.0
atlanta,27916,2023-06-08,near_+0.02,0.04850953862071038,0.14850953862071037,BLOCK_RANGE_ONLY,8.0,quadratic,emitted_flux,W/m2,ESTIMABLE,0.8996867641560284,0.8060066792135984,1.0016173913819346,0.05026840743382338,0.19561071216833625,1000.0,0.0
atlanta,27916,2023-06-08,near_+0.02,0.04850953862071038,0.14850953862071037,BLOCK_RANGE_ONLY,8.0,quadratic,temperature_equivalent,K,ESTIMABLE,0.13432834572506636,0.12033335085169057,0.14955802201601642,0.007510189773830049,0.029224671164325852,1000.0,0.0
atlanta,27916,2023-06-08,near_+0.02,0.04850953862071038,0.14850953862071037,BLOCK_RANGE_ONLY,8.0,quadratic,temperature_minus_equivalent,K,ESTIMABLE,0.055587135070706506,0.04985594797872972,0.061912687932140435,0.0031053024863144127,0.012056739953410715,1000.0,0.0
atlanta,27916,2023-06-08,near_+0.02,0.04850953862071038,0.14850953862071037,BLOCK_RANGE_ONLY,8.0,quadratic_minus_linear,temperature,K,ESTIMABLE,0.0925159297628443,0.07832017953397437,0.10846830236281955,0.007673856474763726,0.030148122828845186,1000.0,0.0
atlanta,27916,2023-06-08,near_+0.02,0.04850953862071038,0.14850953862071037,BLOCK_RANGE_ONLY,8.0,quadratic_minus_linear,emitted_flux,W/m2,ESTIMABLE,0.375404442779942,0.299253177648408,0.45195455921825867,0.03828643469249543,0.1527013815698507,1000.0,0.0
atlanta,27916,2023-06-08,near_+0.02,0.04850953862071038,0.14850953862071037,BLOCK_RANGE_ONLY,8.0,quadratic_minus_linear,temperature_equivalent,K,ESTIMABLE,0.05607093032739385,0.0446960745036705,0.06751145228384985,0.005720460147324362,0.022815377780179343,1000.0,0.0
atlanta,27916,2023-06-08,near_+0.02,0.04850953862071038,0.14850953862071037,BLOCK_RANGE_ONLY,8.0,quadratic_minus_linear,temperature_minus_equivalent,K,ESTIMABLE,0.036444999435450445,0.03149118877990801,0.04221080730617259,0.0027519569213203064,0.01071961852626458,1000.0,0.0
atlanta,27916,2023-06-08,grid_00,0.0,0.1,BLOCK_RANGE_ONLY,1.0,linear,temperature,K,ESTIMABLE,0.09739955103292858,0.09261938878274639,0.10219876861077266,0.0024469555782321425,0.009579379828026272,1000.0,0.0
atlanta,27916,2023-06-08,grid_00,0.0,0.1,BLOCK_RANGE_ONLY,1.0,linear,emitted_flux,W/m2,ESTIMABLE,0.5242823213760864,0.49887360071017844,0.5508465778573348,0.01312944082175952,0.051972977147156374,1000.0,0.0
atlanta,27916,2023-06-08,grid_00,0.0,0.1,BLOCK_RANGE_ONLY,1.0,linear,temperature_equivalent,K,ESTIMABLE,0.0782574153976725,0.07446341627181426,0.08222410445033149,0.0019605070321183447,0.0077606881785172305,1000.0,0.0
atlanta,27916,2023-06-08,grid_00,0.0,0.1,BLOCK_RANGE_ONLY,1.0,linear,temperature_minus_equivalent,K,ESTIMABLE,0.019142135635256075,0.017379724104045882,0.021124132732360218,0.0009361452596740734,0.0037444086283143357,1000.0,0.0
atlanta,27916,2023-06-08,grid_00,0.0,0.1,BLOCK_RANGE_ONLY,1.0,quadratic,temperature,K,ESTIMABLE,0.20124804770964974,0.18960846065572304,0.21225951660792833,0.005795625341164461,0.02265105595220529,1000.0,0.0
atlanta,27916,2023-06-08,grid_00,0.0,0.1,BLOCK_RANGE_ONLY,1.0,quadratic,emitted_flux,W/m2,ESTIMABLE,0.94567123384115,0.8859903572182627,1.0044798148198537,0.03031192748607211,0.11848945760159102,1000.0,0.0
atlanta,27916,2023-06-08,grid_00,0.0,0.1,BLOCK_RANGE_ONLY,1.0,quadratic,temperature_equivalent,K,ESTIMABLE,0.14119871136216489,0.13228210436892168,0.14998573484083694,0.004528932722554803,0.017703630471915255,1000.0,0.0
atlanta,27916,2023-06-08,grid_00,0.0,0.1,BLOCK_RANGE_ONLY,1.0,quadratic,temperature_minus_equivalent,K,ESTIMABLE,0.060049336347484855,0.05570191960390095,0.06473425641545257,0.00234977323214919,0.009032336811551613,1000.0,0.0
atlanta,27916,2023-06-08,grid_00,0.0,0.1,BLOCK_RANGE_ONLY,1.0,quadratic_minus_linear,temperature,K,ESTIMABLE,0.10384849667672116,0.0936350085059589,0.11349581314508557,0.005174393647226409,0.019860804639126664,1000.0,0.0
atlanta,27916,2023-06-08,grid_00,0.0,0.1,BLOCK_RANGE_ONLY,1.0,quadratic_minus_linear,emitted_flux,W/m2,ESTIMABLE,0.4213889124650636,0.36915358652745894,0.4710380131639619,0.0267874700083403,0.10188442663650293,1000.0,0.0
atlanta,27916,2023-06-08,grid_00,0.0,0.1,BLOCK_RANGE_ONLY,1.0,quadratic_minus_linear,temperature_equivalent,K,ESTIMABLE,0.06294129596449238,0.05513613529377892,0.07035768808022454,0.004002388073256345,0.015221552786445616,1000.0,0.0
atlanta,27916,2023-06-08,grid_00,0.0,0.1,BLOCK_RANGE_ONLY,1.0,quadratic_minus_linear,temperature_minus_equivalent,K,ESTIMABLE,0.04090720071222878,0.036609260799440144,0.04488015804043366,0.0021256103617377886,0.008270897240993516,1000.0,0.0
atlanta,27916,2023-06-08,grid_00,0.0,0.1,BLOCK_RANGE_ONLY,8.0,linear,temperature,K,ESTIMABLE,0.09739955103292858,0.08827230498883128,0.10650659793913217,0.004692130500724302,0.018234292950300893,1000.0,0.0
atlanta,27916,2023-06-08,grid_00,0.0,0.1,BLOCK_RANGE_ONLY,8.0,linear,emitted_flux,W/m2,ESTIMABLE,0.5242823213760864,0.47079141243077327,0.5740246729841659,0.025940668553073098,0.10323326055339266,1000.0,0.0
atlanta,27916,2023-06-08,grid_00,0.0,0.1,BLOCK_RANGE_ONLY,8.0,linear,temperature_equivalent,K,ESTIMABLE,0.0782574153976725,0.07027037785947385,0.08568527986507775,0.0038734943447668296,0.0154149020056039,1000.0,0.0
atlanta,27916,2023-06-08,grid_00,0.0,0.1,BLOCK_RANGE_ONLY,8.0,linear,temperature_minus_equivalent,K,ESTIMABLE,0.019142135635256075,0.01648659707301394,0.021953466394099407,0.0013778063833660274,0.0054668693210854664,1000.0,0.0
atlanta,27916,2023-06-08,grid_00,0.0,0.1,BLOCK_RANGE_ONLY,8.0,quadratic,temperature,K,ESTIMABLE,0.20124804770964974,0.1825111221297441,0.22301773005503775,0.010384349276191215,0.04050660792529365,1000.0,0.0
atlanta,27916,2023-06-08,grid_00,0.0,0.1,BLOCK_RANGE_ONLY,8.0,quadratic,emitted_flux,W/m2,ESTIMABLE,0.94567123384115,0.8452653680968234,1.0553962634230771,0.054446656888595193,0.21013089532625373,1000.0,0.0
atlanta,27916,2023-06-08,grid_00,0.0,0.1,BLOCK_RANGE_ONLY,8.0,quadratic,temperature_equivalent,K,ESTIMABLE,0.14119871136216489,0.1261980322876269,0.15759413137408557,0.008134962309284902,0.031396099086458656,1000.0,0.0
atlanta,27916,2023-06-08,grid_00,0.0,0.1,BLOCK_RANGE_ONLY,8.0,quadratic,temperature_minus_equivalent,K,ESTIMABLE,0.060049336347484855,0.053706241368129196,0.06707565761116824,0.0034133741804596063,0.013369416243039042,1000.0,0.0
atlanta,27916,2023-06-08,grid_00,0.0,0.1,BLOCK_RANGE_ONLY,8.0,quadratic_minus_linear,temperature,K,ESTIMABLE,0.10384849667672116,0.08783948766152042,0.12174956766527946,0.008626866242318598,0.033910080003759044,1000.0,0.0
atlanta,27916,2023-06-08,grid_00,0.0,0.1,BLOCK_RANGE_ONLY,8.0,quadratic_minus_linear,emitted_flux,W/m2,ESTIMABLE,0.4213889124650636,0.33590668862505113,0.507310099679449,0.043037041587385486,0.17140341105439783,1000.0,0.0
atlanta,27916,2023-06-08,grid_00,0.0,0.1,BLOCK_RANGE_ONLY,8.0,quadratic_minus_linear,temperature_equivalent,K,ESTIMABLE,0.06294129596449238,0.05017190590229177,0.0757809359442831,0.006430683029004345,0.025609030041991332,1000.0,0.0
atlanta,27916,2023-06-08,grid_00,0.0,0.1,BLOCK_RANGE_ONLY,8.0,quadratic_minus_linear,temperature_minus_equivalent,K,ESTIMABLE,0.04090720071222878,0.035324633123937195,0.0473758060519425,0.00309062834132164,0.012051172928005303,1000.0,0.0
atlanta,27916,2023-06-08,grid_01,0.1,0.2,BLOCK_RANGE_ONLY,1.0,linear,temperature,K,ESTIMABLE,0.09739955103292858,0.09261938878274639,0.10219876861077266,0.0024469555782321425,0.009579379828026272,1000.0,0.0
atlanta,27916,2023-06-08,grid_01,0.1,0.2,BLOCK_RANGE_ONLY,1.0,linear,emitted_flux,W/m2,ESTIMABLE,0.5242823213760864,0.49887360071017844,0.5508465778573348,0.01312944082175952,0.051972977147156374,1000.0,0.0
atlanta,27916,2023-06-08,grid_01,0.1,0.2,BLOCK_RANGE_ONLY,1.0,linear,temperature_equivalent,K,ESTIMABLE,0.0782574153976725,0.07446341627181426,0.08222410445033149,0.0019605070321183447,0.0077606881785172305,1000.0,0.0
atlanta,27916,2023-06-08,grid_01,0.1,0.2,BLOCK_RANGE_ONLY,1.0,linear,temperature_minus_equivalent,K,ESTIMABLE,0.019142135635256075,0.017379724104045882,0.021124132732360218,0.0009361452596740734,0.0037444086283143357,1000.0,0.0
atlanta,27916,2023-06-08,grid_01,0.1,0.2,BLOCK_RANGE_ONLY,1.0,quadratic,temperature,K,ESTIMABLE,0.17788652493268686,0.16847057082615927,0.18720928021664024,0.004759812161290152,0.018738709390480973,1000.0,0.0
atlanta,27916,2023-06-08,grid_01,0.1,0.2,BLOCK_RANGE_ONLY,1.0,quadratic,emitted_flux,W/m2,ESTIMABLE,0.850876537802773,0.8010918491337601,0.8997870640751313,0.02499361205724773,0.09869521494137123,1000.0,0.0
atlanta,27916,2023-06-08,grid_01,0.1,0.2,BLOCK_RANGE_ONLY,1.0,quadratic,temperature_equivalent,K,ESTIMABLE,0.12703628683220813,0.11959916927638688,0.13434333066673787,0.0037338150441805,0.014744161390350993,1000.0,0.0
atlanta,27916,2023-06-08,grid_01,0.1,0.2,BLOCK_RANGE_ONLY,1.0,quadratic,temperature_minus_equivalent,K,ESTIMABLE,0.05085023810047873,0.04734185964012233,0.05475803521007495,0.0019191147267392456,0.007416175569952617,1000.0,0.0
atlanta,27916,2023-06-08,grid_01,0.1,0.2,BLOCK_RANGE_ONLY,1.0,quadratic_minus_linear,temperature,K,ESTIMABLE,0.08048697389975829,0.07256587804693995,0.08799846687531176,0.004006767485393892,0.015432588828371813,1000.0,0.0
atlanta,27916,2023-06-08,grid_01,0.1,0.2,BLOCK_RANGE_ONLY,1.0,quadratic_minus_linear,emitted_flux,W/m2,ESTIMABLE,0.3265942164266865,0.28595917850834235,0.3649300510875481,0.020747387380522765,0.07897087257920576,1000.0,0.0
atlanta,27916,2023-06-08,grid_01,0.1,0.2,BLOCK_RANGE_ONLY,1.0,quadratic_minus_linear,temperature_equivalent,K,ESTIMABLE,0.04877887143453563,0.04270783359284991,0.05450450677404604,0.0030995044304543496,0.011796673181196128,1000.0,0.0
atlanta,27916,2023-06-08,grid_01,0.1,0.2,BLOCK_RANGE_ONLY,1.0,quadratic_minus_linear,temperature_minus_equivalent,K,ESTIMABLE,0.031708102465222654,0.028396704215130412,0.03478832439470707,0.0016466697115019545,0.006391620179576656,1000.0,0.0
atlanta,27916,2023-06-08,grid_01,0.1,0.2,BLOCK_RANGE_ONLY,8.0,linear,temperature,K,ESTIMABLE,0.09739955103292858,0.08827230498883128,0.10650659793913217,0.004692130500724302,0.018234292950300893,1000.0,0.0
atlanta,27916,2023-06-08,grid_01,0.1,0.2,BLOCK_RANGE_ONLY,8.0,linear,emitted_flux,W/m2,ESTIMABLE,0.5242823213760864,0.47079141243077327,0.5740246729841659,0.025940668553073098,0.10323326055339266,1000.0,0.0
atlanta,27916,2023-06-08,grid_01,0.1,0.2,BLOCK_RANGE_ONLY,8.0,linear,temperature_equivalent,K,ESTIMABLE,0.0782574153976725,0.07027037785947385,0.08568527986507775,0.0038734943447668296,0.0154149020056039,1000.0,0.0
atlanta,27916,2023-06-08,grid_01,0.1,0.2,BLOCK_RANGE_ONLY,8.0,linear,temperature_minus_equivalent,K,ESTIMABLE,0.019142135635256075,0.01648659707301394,0.021953466394099407,0.0013778063833660274,0.0054668693210854664,1000.0,0.0
atlanta,27916,2023-06-08,grid_01,0.1,0.2,BLOCK_RANGE_ONLY,8.0,quadratic,temperature,K,ESTIMABLE,0.17788652493268686,0.16254356276905343,0.19602524907193977,0.008657563868606563,0.03348168630288634,1000.0,0.0
atlanta,27916,2023-06-08,grid_01,0.1,0.2,BLOCK_RANGE_ONLY,8.0,quadratic,emitted_flux,W/m2,ESTIMABLE,0.850876537802773,0.7649511585984612,0.9443082135766947,0.04595630681939221,0.1793570549782335,1000.0,0.0
atlanta,27916,2023-06-08,grid_01,0.1,0.2,BLOCK_RANGE_ONLY,8.0,quadratic,temperature_equivalent,K,ESTIMABLE,0.12703628683220813,0.11420059945330792,0.1409950611889627,0.006865475028901482,0.026794461735654793,1000.0,0.0
atlanta,27916,2023-06-08,grid_01,0.1,0.2,BLOCK_RANGE_ONLY,8.0,quadratic,temperature_minus_equivalent,K,ESTIMABLE,0.05085023810047873,0.045670649741444413,0.05658853307416028,0.0027861963281999324,0.010917883332715865,1000.0,0.0
atlanta,27916,2023-06-08,grid_01,0.1,0.2,BLOCK_RANGE_ONLY,8.0,quadratic_minus_linear,temperature,K,ESTIMABLE,0.08048697389975829,0.0680951451923804,0.09437220075446412,0.006662740386966144,0.02627705556208372,1000.0,0.0
atlanta,27916,2023-06-08,grid_01,0.1,0.2,BLOCK_RANGE_ONLY,8.0,quadratic_minus_linear,emitted_flux,W/m2,ESTIMABLE,0.3265942164266865,0.2603472996495508,0.3932322293147963,0.03324538840706717,0.1328849296652455,1000.0,0.0
atlanta,27916,2023-06-08,grid_01,0.1,0.2,BLOCK_RANGE_ONLY,8.0,quadratic_minus_linear,temperature_equivalent,K,ESTIMABLE,0.04877887143453563,0.03888406471870809,0.05873345039419462,0.004966917874663993,0.019849385675486532,1000.0,0.0
atlanta,27916,2023-06-08,grid_01,0.1,0.2,BLOCK_RANGE_ONLY,8.0,quadratic_minus_linear,temperature_minus_equivalent,K,ESTIMABLE,0.031708102465222654,0.027407190277198984,0.03672281147997924,0.002392618439384085,0.009315621202780254,1000.0,0.0
atlanta,27916,2023-06-08,grid_02,0.2,0.3,BLOCK_RANGE_ONLY,1.0,linear,temperature,K,ESTIMABLE,0.09739955103292855,0.09261938878274636,0.10219876861077264,0.0024469555782321425,0.009579379828026272,1000.0,0.0
atlanta,27916,2023-06-08,grid_02,0.2,0.3,BLOCK_RANGE_ONLY,1.0,linear,emitted_flux,W/m2,ESTIMABLE,0.5242823213760863,0.49887360071017833,0.5508465778573346,0.013129440821759517,0.05197297714715626,1000.0,0.0
atlanta,27916,2023-06-08,grid_02,0.2,0.3,BLOCK_RANGE_ONLY,1.0,linear,temperature_equivalent,K,ESTIMABLE,0.0782574153976725,0.07446341627181426,0.08222410445033149,0.0019605070321183447,0.0077606881785172305,1000.0,0.0
atlanta,27916,2023-06-08,grid_02,0.2,0.3,BLOCK_RANGE_ONLY,1.0,linear,temperature_minus_equivalent,K,ESTIMABLE,0.019142135635256047,0.017379724104045854,0.02112413273236019,0.0009361452596740731,0.0037444086283143357,1000.0,0.0
atlanta,27916,2023-06-08,grid_02,0.2,0.3,BLOCK_RANGE_ONLY,1.0,quadratic,temperature,K,ESTIMABLE,0.15452500215572398,0.14719215120911308,0.16204611442235822,0.003801861350304658,0.014853963213245142,1000.0,0.0
atlanta,27916,2023-06-08,grid_02,0.2,0.3,BLOCK_RANGE_ONLY,1.0,quadratic,emitted_flux,W/m2,ESTIMABLE,0.7560818417643956,0.7159206885168924,0.7938762473011818,0.02008973212538437,0.07795555878428939,1000.0,0.0
atlanta,27916,2023-06-08,grid_02,0.2,0.3,BLOCK_RANGE_ONLY,1.0,quadratic,temperature_equivalent,K,ESTIMABLE,0.11287577441851226,0.10687704365499684,0.11852130573637822,0.003000816156218191,0.011644262081381376,1000.0,0.0
atlanta,27916,2023-06-08,grid_02,0.2,0.3,BLOCK_RANGE_ONLY,1.0,quadratic,temperature_minus_equivalent,K,ESTIMABLE,0.04164922773721172,0.038894367133712825,0.04488284975754631,0.0015178666531334756,0.005988482623833488,1000.0,0.0
atlanta,27916,2023-06-08,grid_02,0.2,0.3,BLOCK_RANGE_ONLY,1.0,quadratic_minus_linear,temperature,K,ESTIMABLE,0.057125451122795434,0.05149293480072059,0.06243588427744429,0.002840038899050353,0.010942949476723696,1000.0,0.0
atlanta,27916,2023-06-08,grid_02,0.2,0.3,BLOCK_RANGE_ONLY,1.0,quadratic_minus_linear,emitted_flux,W/m2,ESTIMABLE,0.2317995203883093,0.20292678707481557,0.2589559780598809,0.01471015344044433,0.05602919098506534,1000.0,0.0
atlanta,27916,2023-06-08,grid_02,0.2,0.3,BLOCK_RANGE_ONLY,1.0,quadratic_minus_linear,temperature_equivalent,K,ESTIMABLE,0.03461835902083976,0.03030437202869223,0.038674852974000376,0.00219728962756531,0.008370480945308147,1000.0,0.0
atlanta,27916,2023-06-08,grid_02,0.2,0.3,BLOCK_RANGE_ONLY,1.0,quadratic_minus_linear,temperature_minus_equivalent,K,ESTIMABLE,0.022507092101955672,0.02017349809139676,0.024709402566876072,0.0011679815853647608,0.0045359044754793125,1000.0,0.0
atlanta,27916,2023-06-08,grid_02,0.2,0.3,BLOCK_RANGE_ONLY,8.0,linear,temperature,K,ESTIMABLE,0.09739955103292855,0.08827230498883125,0.10650659793913214,0.0046921305007243015,0.018234292950300893,1000.0,0.0
atlanta,27916,2023-06-08,grid_02,0.2,0.3,BLOCK_RANGE_ONLY,8.0,linear,emitted_flux,W/m2,ESTIMABLE,0.5242823213760863,0.47079141243077316,0.5740246729841657,0.02594066855307309,0.10323326055339255,1000.0,0.0
atlanta,27916,2023-06-08,grid_02,0.2,0.3,BLOCK_RANGE_ONLY,8.0,linear,temperature_equivalent,K,ESTIMABLE,0.0782574153976725,0.07027037785947385,0.08568527986507775,0.0038734943447668296,0.0154149020056039,1000.0,0.0
atlanta,27916,2023-06-08,grid_02,0.2,0.3,BLOCK_RANGE_ONLY,8.0,linear,temperature_minus_equivalent,K,ESTIMABLE,0.019142135635256047,0.016486597073013913,0.02195346639409938,0.0013778063833660263,0.0054668693210854664,1000.0,0.0
atlanta,27916,2023-06-08,grid_02,0.2,0.3,BLOCK_RANGE_ONLY,8.0,quadratic,temperature,K,ESTIMABLE,0.15452500215572398,0.141462160934895,0.1694050257800393,0.007057967184328021,0.0279428648451443,1000.0,0.0
atlanta,27916,2023-06-08,grid_02,0.2,0.3,BLOCK_RANGE_ONLY,8.0,quadratic,emitted_flux,W/m2,ESTIMABLE,0.7560818417643956,0.6836210087609845,0.8314853288560031,0.03810145547965694,0.1478643200950186,1000.0,0.0
atlanta,27916,2023-06-08,grid_02,0.2,0.3,BLOCK_RANGE_ONLY,8.0,quadratic,temperature_equivalent,K,ESTIMABLE,0.11287577441851226,0.10205280254528333,0.12413945599029716,0.00569125551230592,0.02208665344501383,1000.0,0.0
atlanta,27916,2023-06-08,grid_02,0.2,0.3,BLOCK_RANGE_ONLY,8.0,quadratic,temperature_minus_equivalent,K,ESTIMABLE,0.04164922773721172,0.037598097612830214,0.046124221304598596,0.0022028343922513645,0.008526123691768382,1000.0,0.0
atlanta,27916,2023-06-08,grid_02,0.2,0.3,BLOCK_RANGE_ONLY,8.0,quadratic_minus_linear,temperature,K,ESTIMABLE,0.057125451122795434,0.04819956407784383,0.06675761406462141,0.004701508710227375,0.018558049986777583,1000.0,0.0
atlanta,27916,2023-06-08,grid_02,0.2,0.3,BLOCK_RANGE_ONLY,8.0,quadratic_minus_linear,emitted_flux,W/m2,ESTIMABLE,0.2317995203883093,0.1852793632551177,0.2792140203910896,0.02346315910391491,0.0939346571359719,1000.0,0.0
atlanta,27916,2023-06-08,grid_02,0.2,0.3,BLOCK_RANGE_ONLY,8.0,quadratic_minus_linear,temperature_equivalent,K,ESTIMABLE,0.03461835902083976,0.02767042377106037,0.04170124637161195,0.003504955953951563,0.014030822600551576,1000.0,0.0
atlanta,27916,2023-06-08,grid_02,0.2,0.3,BLOCK_RANGE_ONLY,8.0,quadratic_minus_linear,temperature_minus_equivalent,K,ESTIMABLE,0.022507092101955672,0.01944573984372258,0.026074911771112905,0.0016956689353575187,0.006629171927390324,1000.0,0.0
atlanta,27916,2023-06-08,grid_03,0.3,0.4,BLOCK_RANGE_ONLY,1.0,linear,temperature,K,ESTIMABLE,0.0973995510329286,0.09261938878274642,0.10219876861077269,0.0024469555782321434,0.009579379828026272,1000.0,0.0
atlanta,27916,2023-06-08,grid_03,0.3,0.4,BLOCK_RANGE_ONLY,1.0,linear,emitted_flux,W/m2,ESTIMABLE,0.5242823213760867,0.4988736007101786,0.5508465778573349,0.01312944082175952,0.05197297714715632,1000.0,0.0
atlanta,27916,2023-06-08,grid_03,0.3,0.4,BLOCK_RANGE_ONLY,1.0,linear,temperature_equivalent,K,ESTIMABLE,0.0782574153976725,0.07446341627181426,0.08222410445033149,0.0019605070321183447,0.0077606881785172305,1000.0,0.0
atlanta,27916,2023-06-08,grid_03,0.3,0.4,BLOCK_RANGE_ONLY,1.0,linear,temperature_minus_equivalent,K,ESTIMABLE,0.019142135635256102,0.017379724104045896,0.021124132732360246,0.0009361452596740739,0.0037444086283143496,1000.0,0.0
atlanta,27916,2023-06-08,grid_03,0.3,0.4,BLOCK_RANGE_ONLY,1.0,quadratic,temperature,K,ESTIMABLE,0.13116347937876122,0.1254460886137432,0.1368705650625531,0.0029973799965422906,0.011424476448809895,1000.0,0.0
atlanta,27916,2023-06-08,grid_03,0.3,0.4,BLOCK_RANGE_ONLY,1.0,quadratic,emitted_flux,W/m2,ESTIMABLE,0.661287145726019,0.6293071849496212,0.6914751439433542,0.015986338778012914,0.06216795899373295,1000.0,0.0
atlanta,27916,2023-06-08,grid_03,0.3,0.4,BLOCK_RANGE_ONLY,1.0,quadratic,temperature_equivalent,K,ESTIMABLE,0.09871717351876441,0.09394105572038285,0.10322586626135574,0.002387567875623693,0.009284810540972896,1000.0,0.0
atlanta,27916,2023-06-08,grid_03,0.3,0.4,BLOCK_RANGE_ONLY,1.0,quadratic,temperature_minus_equivalent,K,ESTIMABLE,0.032446305859996805,0.030331737152612493,0.03491641327496107,0.001176624823705217,0.004584676122348575,1000.0,0.0
atlanta,27916,2023-06-08,grid_03,0.3,0.4,BLOCK_RANGE_ONLY,1.0,quadratic_minus_linear,temperature,K,ESTIMABLE,0.03376392834583261,0.03041852636404307,0.0368670538836922,0.001676083355560029,0.006448527519649128,1000.0,0.0
atlanta,27916,2023-06-08,grid_03,0.3,0.4,BLOCK_RANGE_ONLY,1.0,quadratic_minus_linear,emitted_flux,W/m2,ESTIMABLE,0.13700482434993233,0.11999741445876871,0.1531256644680473,0.008681713127001712,0.033128250009278576,1000.0,0.0
atlanta,27916,2023-06-08,grid_03,0.3,0.4,BLOCK_RANGE_ONLY,1.0,quadratic_minus_linear,temperature_equivalent,K,ESTIMABLE,0.02045975812109191,0.017918919460231563,0.0228674007560997,0.0012966312452147833,0.004948481295868137,1000.0,0.0
atlanta,27916,2023-06-08,grid_03,0.3,0.4,BLOCK_RANGE_ONLY,1.0,quadratic_minus_linear,temperature_minus_equivalent,K,ESTIMABLE,0.013304170224740702,0.011938764673355234,0.01465670948386676,0.0006902587539736859,0.002717944810511526,1000.0,0.0
atlanta,27916,2023-06-08,grid_03,0.3,0.4,BLOCK_RANGE_ONLY,8.0,linear,temperature,K,ESTIMABLE,0.0973995510329286,0.0882723049888313,0.10650659793913221,0.004692130500724304,0.018234292950300907,1000.0,0.0
atlanta,27916,2023-06-08,grid_03,0.3,0.4,BLOCK_RANGE_ONLY,8.0,linear,emitted_flux,W/m2,ESTIMABLE,0.5242823213760867,0.47079141243077344,0.574024672984166,0.025940668553073105,0.1032332605533926,1000.0,0.0
atlanta,27916,2023-06-08,grid_03,0.3,0.4,BLOCK_RANGE_ONLY,8.0,linear,temperature_equivalent,K,ESTIMABLE,0.0782574153976725,0.07027037785947385,0.08568527986507775,0.0038734943447668296,0.0154149020056039,1000.0,0.0
atlanta,27916,2023-06-08,grid_03,0.3,0.4,BLOCK_RANGE_ONLY,8.0,linear,temperature_minus_equivalent,K,ESTIMABLE,0.019142135635256102,0.016486597073013955,0.021953466394099435,0.0013778063833660287,0.00546686932108548,1000.0,0.0
atlanta,27916,2023-06-08,grid_03,0.3,0.4,BLOCK_RANGE_ONLY,8.0,quadratic,temperature,K,ESTIMABLE,0.13116347937876122,0.12046276643787443,0.1425185854179282,0.005693783961310896,0.022055818980053765,1000.0,0.0
atlanta,27916,2023-06-08,grid_03,0.3,0.4,BLOCK_RANGE_ONLY,8.0,quadratic,emitted_flux,W/m2,ESTIMABLE,0.661287145726019,0.5992093813257715,0.7230004394237244,0.03136327096963747,0.12379105809795288,1000.0,0.0
atlanta,27916,2023-06-08,grid_03,0.3,0.4,BLOCK_RANGE_ONLY,8.0,quadratic,temperature_equivalent,K,ESTIMABLE,0.09871717351876441,0.08944623147517632,0.10793449633628285,0.004684127853813286,0.018488264861106538,1000.0,0.0
atlanta,27916,2023-06-08,grid_03,0.3,0.4,BLOCK_RANGE_ONLY,8.0,quadratic,temperature_minus_equivalent,K,ESTIMABLE,0.032446305859996805,0.029393467610719853,0.03595639546794425,0.0017090636617537074,0.006562927857224395,1000.0,0.0
atlanta,27916,2023-06-08,grid_03,0.3,0.4,BLOCK_RANGE_ONLY,8.0,quadratic_minus_linear,temperature,K,ESTIMABLE,0.03376392834583261,0.02856767416508915,0.039489870117305065,0.0027493717878014556,0.010922195952215916,1000.0,0.0
atlanta,27916,2023-06-08,grid_03,0.3,0.4,BLOCK_RANGE_ONLY,8.0,quadratic_minus_linear,emitted_flux,W/m2,ESTIMABLE,0.13700482434993233,0.10960107589780005,0.16445581792024183,0.013710539850456421,0.05485474202244178,1000.0,0.0
atlanta,27916,2023-06-08,grid_03,0.3,0.4,BLOCK_RANGE_ONLY,8.0,quadratic_minus_linear,temperature_equivalent,K,ESTIMABLE,0.02045975812109191,0.016367252768348807,0.024559410091526956,0.0020478110045573338,0.00819215732317815,1000.0,0.0
atlanta,27916,2023-06-08,grid_03,0.3,0.4,BLOCK_RANGE_ONLY,8.0,quadratic_minus_linear,temperature_minus_equivalent,K,ESTIMABLE,0.013304170224740702,0.011490583801022955,0.015410583535293636,0.0010024973970284342,0.003919999734270681,1000.0,0.0
atlanta,27916,2023-06-08,grid_04,0.4,0.5,BLOCK_RANGE_ONLY,1.0,linear,temperature,K,ESTIMABLE,0.09739955103292855,0.09261938878274636,0.10219876861077264,0.0024469555782321425,0.009579379828026272,1000.0,0.0
atlanta,27916,2023-06-08,grid_04,0.4,0.5,BLOCK_RANGE_ONLY,1.0,linear,emitted_flux,W/m2,ESTIMABLE,0.5242823213760863,0.49887360071017833,0.5508465778573346,0.013129440821759517,0.05197297714715626,1000.0,0.0
atlanta,27916,2023-06-08,grid_04,0.4,0.5,BLOCK_RANGE_ONLY,1.0,linear,temperature_equivalent,K,ESTIMABLE,0.0782574153976725,0.07446341627181426,0.08222410445033149,0.0019605070321183447,0.0077606881785172305,1000.0,0.0
atlanta,27916,2023-06-08,grid_04,0.4,0.5,BLOCK_RANGE_ONLY,1.0,linear,temperature_minus_equivalent,K,ESTIMABLE,0.019142135635256047,0.017379724104045854,0.02112413273236019,0.0009361452596740731,0.0037444086283143357,1000.0,0.0
atlanta,27916,2023-06-08,grid_04,0.4,0.5,BLOCK_RANGE_ONLY,1.0,quadratic,temperature,K,ESTIMABLE,0.10780195660179828,0.10283584131417353,0.11264255524515697,0.002499244518041427,0.009806713930983438,1000.0,0.0
atlanta,27916,2023-06-08,grid_04,0.4,0.5,BLOCK_RANGE_ONLY,1.0,quadratic,emitted_flux,W/m2,ESTIMABLE,0.5664924496876417,0.540619446625085,0.5927700637984388,0.013437920807747541,0.052150617173353786,1000.0,0.0
atlanta,27916,2023-06-08,grid_04,0.4,0.5,BLOCK_RANGE_ONLY,1.0,quadratic,temperature_equivalent,K,ESTIMABLE,0.08456048353099277,0.08069692746176856,0.08848460490228546,0.0020066899467149793,0.0077876774405169075,1000.0,0.0
atlanta,27916,2023-06-08,grid_04,0.4,0.5,BLOCK_RANGE_ONLY,1.0,quadratic,temperature_minus_equivalent,K,ESTIMABLE,0.023241473070805513,0.021469123327311015,0.025228814065766533,0.0009616860878088281,0.0037596907384555185,1000.0,0.0
atlanta,27916,2023-06-08,grid_04,0.4,0.5,BLOCK_RANGE_ONLY,1.0,quadratic_minus_linear,temperature,K,ESTIMABLE,0.010402405568869733,0.009323344810326385,0.01136004346244037,0.0005333751794078516,0.0020366986521139843,1000.0,0.0
atlanta,27916,2023-06-08,grid_04,0.4,0.5,BLOCK_RANGE_ONLY,1.0,quadratic_minus_linear,emitted_flux,W/m2,ESTIMABLE,0.04221012831155535,0.036724757856002016,0.04727620990750029,0.002721152118476293,0.010551452051498274,1000.0,0.0
atlanta,27916,2023-06-08,grid_04,0.4,0.5,BLOCK_RANGE_ONLY,1.0,quadratic_minus_linear,temperature_equivalent,K,ESTIMABLE,0.0063030681333202665,0.005483969811392342,0.0070598270173732654,0.0004063518884552066,0.0015758572059809232,1000.0,0.0
atlanta,27916,2023-06-08,grid_04,0.4,0.5,BLOCK_RANGE_ONLY,1.0,quadratic_minus_linear,temperature_minus_equivalent,K,ESTIMABLE,0.004099337435549466,0.0036653071494695197,0.004522335354844548,0.00022047227947549175,0.0008570282053750287,1000.0,0.0
atlanta,27916,2023-06-08,grid_04,0.4,0.5,BLOCK_RANGE_ONLY,8.0,linear,temperature,K,ESTIMABLE,0.09739955103292855,0.08827230498883125,0.10650659793913214,0.0046921305007243015,0.018234292950300893,1000.0,0.0
atlanta,27916,2023-06-08,grid_04,0.4,0.5,BLOCK_RANGE_ONLY,8.0,linear,emitted_flux,W/m2,ESTIMABLE,0.5242823213760863,0.47079141243077316,0.5740246729841657,0.02594066855307309,0.10323326055339255,1000.0,0.0
atlanta,27916,2023-06-08,grid_04,0.4,0.5,BLOCK_RANGE_ONLY,8.0,linear,temperature_equivalent,K,ESTIMABLE,0.0782574153976725,0.07027037785947385,0.08568527986507775,0.0038734943447668296,0.0154149020056039,1000.0,0.0
atlanta,27916,2023-06-08,grid_04,0.4,0.5,BLOCK_RANGE_ONLY,8.0,linear,temperature_minus_equivalent,K,ESTIMABLE,0.019142135635256047,0.016486597073013913,0.02195346639409938,0.0013778063833660263,0.0054668693210854664,1000.0,0.0
atlanta,27916,2023-06-08,grid_04,0.4,0.5,BLOCK_RANGE_ONLY,8.0,quadratic,temperature,K,ESTIMABLE,0.10780195660179828,0.09864926933786082,0.1173064898260073,0.0047713978253853115,0.018657220488146484,1000.0,0.0
atlanta,27916,2023-06-08,grid_04,0.4,0.5,BLOCK_RANGE_ONLY,8.0,quadratic,emitted_flux,W/m2,ESTIMABLE,0.5664924496876417,0.5136770036262397,0.6176513635885964,0.026604204652986508,0.10397435996235671,1000.0,0.0
atlanta,27916,2023-06-08,grid_04,0.4,0.5,BLOCK_RANGE_ONLY,8.0,quadratic,temperature_equivalent,K,ESTIMABLE,0.08456048353099277,0.07667382562445937,0.0922003454383642,0.003972815129031186,0.015526519813904821,1000.0,0.0
atlanta,27916,2023-06-08,grid_04,0.4,0.5,BLOCK_RANGE_ONLY,8.0,quadratic,temperature_minus_equivalent,K,ESTIMABLE,0.023241473070805513,0.02059668700156527,0.026068129446767934,0.0014032658918984129,0.005471442445202663,1000.0,0.0
atlanta,27916,2023-06-08,grid_04,0.4,0.5,BLOCK_RANGE_ONLY,8.0,quadratic_minus_linear,temperature,K,ESTIMABLE,0.010402405568869733,0.00874477264664853,0.012154118734116336,0.0008698808480210468,0.003409346087467806,1000.0,0.0
atlanta,27916,2023-06-08,grid_04,0.4,0.5,BLOCK_RANGE_ONLY,8.0,quadratic_minus_linear,emitted_flux,W/m2,ESTIMABLE,0.04221012831155535,0.033856625398766146,0.0507698366773888,0.00419917300224012,0.01691321127862265,1000.0,0.0
atlanta,27916,2023-06-08,grid_04,0.4,0.5,BLOCK_RANGE_ONLY,8.0,quadratic_minus_linear,temperature_equivalent,K,ESTIMABLE,0.0063030681333202665,0.005055648615321218,0.007581533059064327,0.0006270836062831589,0.002525884443743109,1000.0,0.0
atlanta,27916,2023-06-08,grid_04,0.4,0.5,BLOCK_RANGE_ONLY,8.0,quadratic_minus_linear,temperature_minus_equivalent,K,ESTIMABLE,0.004099337435549466,0.003467843911093972,0.00480718068493246,0.00033875365161762337,0.001339336773838488,1000.0,0.0
atlanta,27916,2023-06-08,grid_05,0.5,0.6,BLOCK_RANGE_ONLY,1.0,linear,temperature,K,ESTIMABLE,0.09739955103292855,0.09261938878274636,0.10219876861077264,0.0024469555782321425,0.009579379828026272,1000.0,0.0
atlanta,27916,2023-06-08,grid_05,0.5,0.6,BLOCK_RANGE_ONLY,1.0,linear,emitted_flux,W/m2,ESTIMABLE,0.5242823213760863,0.49887360071017833,0.5508465778573346,0.013129440821759517,0.05197297714715626,1000.0,0.0
atlanta,27916,2023-06-08,grid_05,0.5,0.6,BLOCK_RANGE_ONLY,1.0,linear,temperature_equivalent,K,ESTIMABLE,0.0782574153976725,0.07446341627181426,0.08222410445033149,0.0019605070321183447,0.0077606881785172305,1000.0,0.0
atlanta,27916,2023-06-08,grid_05,0.5,0.6,BLOCK_RANGE_ONLY,1.0,linear,temperature_minus_equivalent,K,ESTIMABLE,0.019142135635256047,0.017379724104045854,0.02112413273236019,0.0009361452596740731,0.0037444086283143357,1000.0,0.0
atlanta,27916,2023-06-08,grid_05,0.5,0.6,BLOCK_RANGE_ONLY,1.0,quadratic,temperature,K,ESTIMABLE,0.0844404338248354,0.07965352905286079,0.08957679031662426,0.0024979909284873637,0.009923261263763472,1000.0,0.0
atlanta,27916,2023-06-08,grid_05,0.5,0.6,BLOCK_RANGE_ONLY,1.0,quadratic,emitted_flux,W/m2,ESTIMABLE,0.4716977536492646,0.445191089970473,0.49888086822422545,0.013365679975197149,0.05368977825375243,1000.0,0.0
atlanta,27916,2023-06-08,grid_05,0.5,0.6,BLOCK_RANGE_ONLY,1.0,quadratic,temperature_equivalent,K,ESTIMABLE,0.07040570385350975,0.066448060542902,0.07446450142848562,0.0019956334387380486,0.00801644088558362,1000.0,0.0
atlanta,27916,2023-06-08,grid_05,0.5,0.6,BLOCK_RANGE_ONLY,1.0,quadratic,temperature_minus_equivalent,K,ESTIMABLE,0.014034729971325655,0.012223970168067633,0.016002473358386792,0.0009619564631097881,0.0037785031903191588,1000.0,0.0
atlanta,27916,2023-06-08,grid_05,0.5,0.6,BLOCK_RANGE_ONLY,1.0,quadratic_minus_linear,temperature,K,ESTIMABLE,-0.012959117208093146,-0.014263897266919397,-0.011573546021412804,0.0007010862641559307,0.002690351245506593,1000.0,0.0
atlanta,27916,2023-06-08,grid_05,0.5,0.6,BLOCK_RANGE_ONLY,1.0,quadratic_minus_linear,emitted_flux,W/m2,ESTIMABLE,-0.05258456772682174,-0.05926312059513492,-0.04586550185948384,0.003533580668163507,0.013397618735651082,1000.0,0.0
atlanta,27916,2023-06-08,grid_05,0.5,0.6,BLOCK_RANGE_ONLY,1.0,quadratic_minus_linear,temperature_equivalent,K,ESTIMABLE,-0.007851711544162754,-0.008848876538345962,-0.006848455474731452,0.0005276099083009216,0.00200042106361451,1000.0,0.0
atlanta,27916,2023-06-08,grid_05,0.5,0.6,BLOCK_RANGE_ONLY,1.0,quadratic_minus_linear,temperature_minus_equivalent,K,ESTIMABLE,-0.005107405663930392,-0.005649586642619563,-0.004567778654893849,0.0002844155565709982,0.0010818079877257143,1000.0,0.0
atlanta,27916,2023-06-08,grid_05,0.5,0.6,BLOCK_RANGE_ONLY,8.0,linear,temperature,K,ESTIMABLE,0.09739955103292855,0.08827230498883125,0.10650659793913214,0.0046921305007243015,0.018234292950300893,1000.0,0.0
atlanta,27916,2023-06-08,grid_05,0.5,0.6,BLOCK_RANGE_ONLY,8.0,linear,emitted_flux,W/m2,ESTIMABLE,0.5242823213760863,0.47079141243077316,0.5740246729841657,0.02594066855307309,0.10323326055339255,1000.0,0.0
atlanta,27916,2023-06-08,grid_05,0.5,0.6,BLOCK_RANGE_ONLY,8.0,linear,temperature_equivalent,K,ESTIMABLE,0.0782574153976725,0.07027037785947385,0.08568527986507775,0.0038734943447668296,0.0154149020056039,1000.0,0.0
atlanta,27916,2023-06-08,grid_05,0.5,0.6,BLOCK_RANGE_ONLY,8.0,linear,temperature_minus_equivalent,K,ESTIMABLE,0.019142135635256047,0.016486597073013913,0.02195346639409938,0.0013778063833660263,0.0054668693210854664,1000.0,0.0
atlanta,27916,2023-06-08,grid_05,0.5,0.6,BLOCK_RANGE_ONLY,8.0,quadratic,temperature,K,ESTIMABLE,0.0844404338248354,0.075383081141556,0.09326842417131875,0.00456684628656174,0.01788534302976276,1000.0,0.0
atlanta,27916,2023-06-08,grid_05,0.5,0.6,BLOCK_RANGE_ONLY,8.0,quadratic,emitted_flux,W/m2,ESTIMABLE,0.4716977536492646,0.42127812840680917,0.5194706129608457,0.024982148177799552,0.09819248455403656,1000.0,0.0
atlanta,27916,2023-06-08,grid_05,0.5,0.6,BLOCK_RANGE_ONLY,8.0,quadratic,temperature_equivalent,K,ESTIMABLE,0.07040570385350975,0.06287780447863014,0.07753892644348497,0.0037300845445945065,0.01466112196485482,1000.0,0.0
atlanta,27916,2023-06-08,grid_05,0.5,0.6,BLOCK_RANGE_ONLY,8.0,quadratic,temperature_minus_equivalent,K,ESTIMABLE,0.014034729971325655,0.011223732299380623,0.01672804441952882,0.0014135971183080135,0.005504312120148196,1000.0,0.0
atlanta,27916,2023-06-08,grid_05,0.5,0.6,BLOCK_RANGE_ONLY,8.0,quadratic_minus_linear,temperature,K,ESTIMABLE,-0.012959117208093146,-0.015682938161645964,-0.010532294846460599,0.001302738092990921,0.0051506433151853655,1000.0,0.0
atlanta,27916,2023-06-08,grid_05,0.5,0.6,BLOCK_RANGE_ONLY,8.0,quadratic_minus_linear,emitted_flux,W/m2,ESTIMABLE,-0.05258456772682174,-0.0657672151510034,-0.040405924887626704,0.006283493285664511,0.02536129026337669,1000.0,0.0
atlanta,27916,2023-06-08,grid_05,0.5,0.6,BLOCK_RANGE_ONLY,8.0,quadratic_minus_linear,temperature_equivalent,K,ESTIMABLE,-0.007851711544162754,-0.009819457871235216,-0.0060330515108873335,0.000938270153891475,0.0037864063603478826,1000.0,0.0
atlanta,27916,2023-06-08,grid_05,0.5,0.6,BLOCK_RANGE_ONLY,8.0,quadratic_minus_linear,temperature_minus_equivalent,K,ESTIMABLE,-0.005107405663930392,-0.005996259171396618,-0.004261964052313512,0.00045338704890262346,0.0017342951190831056,1000.0,0.0
atlanta,27916,2023-06-08,grid_06,0.6,0.7,BLOCK_RANGE_ONLY,1.0,linear,temperature,K,ESTIMABLE,0.09739955103292855,0.09261938878274636,0.10219876861077264,0.0024469555782321425,0.009579379828026272,1000.0,0.0
atlanta,27916,2023-06-08,grid_06,0.6,0.7,BLOCK_RANGE_ONLY,1.0,linear,emitted_flux,W/m2,ESTIMABLE,0.5242823213760863,0.49887360071017833,0.5508465778573346,0.013129440821759517,0.05197297714715626,1000.0,0.0
atlanta,27916,2023-06-08,grid_06,0.6,0.7,BLOCK_RANGE_ONLY,1.0,linear,temperature_equivalent,K,ESTIMABLE,0.0782574153976725,0.07446341627181426,0.08222410445033149,0.0019605070321183447,0.0077606881785172305,1000.0,0.0
atlanta,27916,2023-06-08,grid_06,0.6,0.7,BLOCK_RANGE_ONLY,1.0,linear,temperature_minus_equivalent,K,ESTIMABLE,0.019142135635256047,0.017379724104045854,0.02112413273236019,0.0009361452596740731,0.0037444086283143357,1000.0,0.0
atlanta,27916,2023-06-08,grid_06,0.6,0.7,BLOCK_RANGE_ONLY,1.0,quadratic,temperature,K,ESTIMABLE,0.061078911047872594,0.05557096864981395,0.06715629317259482,0.0029942433764153114,0.011585324522780868,1000.0,0.0
atlanta,27916,2023-06-08,grid_06,0.6,0.7,BLOCK_RANGE_ONLY,1.0,quadratic,emitted_flux,W/m2,ESTIMABLE,0.3769030576108877,0.34626043663759004,0.4082523118150652,0.015803609847679555,0.061991875177475175,1000.0,0.0
atlanta,27916,2023-06-08,grid_06,0.6,0.7,BLOCK_RANGE_ONLY,1.0,quadratic,temperature_equivalent,K,ESTIMABLE,0.05625283388496882,0.05167829184516961,0.06093307345333301,0.002359323856403527,0.009254781608163398,1000.0,0.0
atlanta,27916,2023-06-08,grid_06,0.6,0.7,BLOCK_RANGE_ONLY,1.0,quadratic,temperature_minus_equivalent,K,ESTIMABLE,0.004826077162903772,0.0027218685779017513,0.0072036726375909865,0.001177397586981362,0.004481804059689235,1000.0,0.0
atlanta,27916,2023-06-08,grid_06,0.6,0.7,BLOCK_RANGE_ONLY,1.0,quadratic_minus_linear,temperature,K,ESTIMABLE,-0.036320639985055955,-0.039833004585716,-0.032641547556177215,0.0018521214911891293,0.007191457029538786,1000.0,0.0
atlanta,27916,2023-06-08,grid_06,0.6,0.7,BLOCK_RANGE_ONLY,1.0,quadratic_minus_linear,emitted_flux,W/m2,ESTIMABLE,-0.1473792637651986,-0.16477859910247986,-0.12906636599357035,0.009519281132477714,0.0357122331089095,1000.0,0.0
atlanta,27916,2023-06-08,grid_06,0.6,0.7,BLOCK_RANGE_ONLY,1.0,quadratic_minus_linear,temperature_equivalent,K,ESTIMABLE,-0.02200458151270368,-0.024601931216098195,-0.01927062748368229,0.0014211571133912531,0.005331303732415905,1000.0,0.0
atlanta,27916,2023-06-08,grid_06,0.6,0.7,BLOCK_RANGE_ONLY,1.0,quadratic_minus_linear,temperature_minus_equivalent,K,ESTIMABLE,-0.014316058472352275,-0.01574174679026259,-0.012821747873235515,0.0007573430384557241,0.002919998917027074,1000.0,0.0
atlanta,27916,2023-06-08,grid_06,0.6,0.7,BLOCK_RANGE_ONLY,8.0,linear,temperature,K,ESTIMABLE,0.09739955103292855,0.08827230498883125,0.10650659793913214,0.0046921305007243015,0.018234292950300893,1000.0,0.0
atlanta,27916,2023-06-08,grid_06,0.6,0.7,BLOCK_RANGE_ONLY,8.0,linear,emitted_flux,W/m2,ESTIMABLE,0.5242823213760863,0.47079141243077316,0.5740246729841657,0.02594066855307309,0.10323326055339255,1000.0,0.0
atlanta,27916,2023-06-08,grid_06,0.6,0.7,BLOCK_RANGE_ONLY,8.0,linear,temperature_equivalent,K,ESTIMABLE,0.0782574153976725,0.07027037785947385,0.08568527986507775,0.0038734943447668296,0.0154149020056039,1000.0,0.0
atlanta,27916,2023-06-08,grid_06,0.6,0.7,BLOCK_RANGE_ONLY,8.0,linear,temperature_minus_equivalent,K,ESTIMABLE,0.019142135635256047,0.016486597073013913,0.02195346639409938,0.0013778063833660263,0.0054668693210854664,1000.0,0.0
atlanta,27916,2023-06-08,grid_06,0.6,0.7,BLOCK_RANGE_ONLY,8.0,quadratic,temperature,K,ESTIMABLE,0.061078911047872594,0.05030082961059303,0.07094071072082855,0.00516611257998259,0.02063988111023552,1000.0,0.0
atlanta,27916,2023-06-08,grid_06,0.6,0.7,BLOCK_RANGE_ONLY,8.0,quadratic,emitted_flux,W/m2,ESTIMABLE,0.3769030576108877,0.32350480169553375,0.42728375082890374,0.027067080245078853,0.10377894913336999,1000.0,0.0
atlanta,27916,2023-06-08,grid_06,0.6,0.7,BLOCK_RANGE_ONLY,8.0,quadratic,temperature_equivalent,K,ESTIMABLE,0.05625283388496882,0.04828130260446102,0.06377444526386,0.0040408404324475,0.015493142659398981,1000.0,0.0
atlanta,27916,2023-06-08,grid_06,0.6,0.7,BLOCK_RANGE_ONLY,8.0,quadratic,temperature_minus_equivalent,K,ESTIMABLE,0.004826077162903772,0.001271551398389238,0.008141979904565284,0.0017347079321749503,0.006870428506176047,1000.0,0.0
atlanta,27916,2023-06-08,grid_06,0.6,0.7,BLOCK_RANGE_ONLY,8.0,quadratic_minus_linear,temperature,K,ESTIMABLE,-0.036320639985055955,-0.042772862842537944,-0.03049347722171112,0.003221854555234604,0.012279385620826824,1000.0,0.0
atlanta,27916,2023-06-08,grid_06,0.6,0.7,BLOCK_RANGE_ONLY,8.0,quadratic_minus_linear,emitted_flux,W/m2,ESTIMABLE,-0.1473792637651986,-0.17923222553020776,-0.11639263723257616,0.015922518798723376,0.0628395882976316,1000.0,0.0
atlanta,27916,2023-06-08,grid_06,0.6,0.7,BLOCK_RANGE_ONLY,8.0,quadratic_minus_linear,temperature_equivalent,K,ESTIMABLE,-0.02200458151270368,-0.026760842907488324,-0.01737868885442282,0.0023772688098301054,0.009382154053065504,1000.0,0.0
atlanta,27916,2023-06-08,grid_06,0.6,0.7,BLOCK_RANGE_ONLY,8.0,quadratic_minus_linear,temperature_minus_equivalent,K,ESTIMABLE,-0.014316058472352275,-0.016603514518356732,-0.012176001688734756,0.0011306751655622996,0.004427512829621977,1000.0,0.0
atlanta,27916,2023-06-08,grid_07,0.7,0.8,BLOCK_RANGE_ONLY,1.0,linear,temperature,K,ESTIMABLE,0.09739955103292865,0.09261938878274646,0.10219876861077275,0.0024469555782321447,0.009579379828026285,1000.0,0.0
atlanta,27916,2023-06-08,grid_07,0.7,0.8,BLOCK_RANGE_ONLY,1.0,linear,emitted_flux,W/m2,ESTIMABLE,0.5242823213760869,0.4988736007101789,0.5508465778573353,0.01312944082175953,0.051972977147156374,1000.0,0.0
atlanta,27916,2023-06-08,grid_07,0.7,0.8,BLOCK_RANGE_ONLY,1.0,linear,temperature_equivalent,K,ESTIMABLE,0.0782574153976725,0.07446341627181426,0.08222410445033149,0.0019605070321183447,0.0077606881785172305,1000.0,0.0
atlanta,27916,2023-06-08,grid_07,0.7,0.8,BLOCK_RANGE_ONLY,1.0,linear,temperature_minus_equivalent,K,ESTIMABLE,0.019142135635256144,0.01737972410404595,0.0211241327323603,0.0009361452596740746,0.0037444086283143496,1000.0,0.0
atlanta,27916,2023-06-08,grid_07,0.7,0.8,BLOCK_RANGE_ONLY,1.0,quadratic,temperature,K,ESTIMABLE,0.03771738827090971,0.03085842988930556,0.045264698215584334,0.0037977397641446673,0.014406268326278775,1000.0,0.0
atlanta,27916,2023-06-08,grid_07,0.7,0.8,BLOCK_RANGE_ONLY,1.0,quadratic,emitted_flux,W/m2,ESTIMABLE,0.2821083615725107,0.24591195965848658,0.3204205003567214,0.019847311271055344,0.07450854069823484,1000.0,0.0
atlanta,27916,2023-06-08,grid_07,0.7,0.8,BLOCK_RANGE_ONLY,1.0,quadratic,temperature_equivalent,K,ESTIMABLE,0.04210187302430768,0.03669897438571894,0.0478208827605755,0.002962610048598208,0.011121908374856562,1000.0,0.0
atlanta,27916,2023-06-08,grid_07,0.7,0.8,BLOCK_RANGE_ONLY,1.0,quadratic,temperature_minus_equivalent,K,ESTIMABLE,-0.00438448475339797,-0.007189244771691536,-0.0012526419960000945,0.0015191489829103374,0.005936602775691442,1000.0,0.0
atlanta,27916,2023-06-08,grid_07,0.7,0.8,BLOCK_RANGE_ONLY,1.0,quadratic_minus_linear,temperature,K,ESTIMABLE,-0.05968216276201894,-0.06534113013771987,-0.053692163562813214,0.0030167839311123993,0.01164896657490666,1000.0,0.0
atlanta,27916,2023-06-08,grid_07,0.7,0.8,BLOCK_RANGE_ONLY,1.0,quadratic_minus_linear,emitted_flux,W/m2,ESTIMABLE,-0.2421739598035762,-0.2707099572071673,-0.21190886304486953,0.015549798444805365,0.05880109416229776,1000.0,0.0
atlanta,27916,2023-06-08,grid_07,0.7,0.8,BLOCK_RANGE_ONLY,1.0,quadratic_minus_linear,temperature_equivalent,K,ESTIMABLE,-0.036155542373364824,-0.0404151537613032,-0.03163836082908489,0.002321153355489461,0.008776792932218315,1000.0,0.0
atlanta,27916,2023-06-08,grid_07,0.7,0.8,BLOCK_RANGE_ONLY,1.0,quadratic_minus_linear,temperature_minus_equivalent,K,ESTIMABLE,-0.023526620388654114,-0.025879653018919674,-0.021073811089338694,0.0012356762551738202,0.00480584192958098,1000.0,0.0
atlanta,27916,2023-06-08,grid_07,0.7,0.8,BLOCK_RANGE_ONLY,8.0,linear,temperature,K,ESTIMABLE,0.09739955103292865,0.08827230498883135,0.10650659793913227,0.004692130500724307,0.01823429295030092,1000.0,0.0
atlanta,27916,2023-06-08,grid_07,0.7,0.8,BLOCK_RANGE_ONLY,8.0,linear,emitted_flux,W/m2,ESTIMABLE,0.5242823213760869,0.47079141243077366,0.5740246729841664,0.025940668553073122,0.10323326055339271,1000.0,0.0
atlanta,27916,2023-06-08,grid_07,0.7,0.8,BLOCK_RANGE_ONLY,8.0,linear,temperature_equivalent,K,ESTIMABLE,0.0782574153976725,0.07027037785947385,0.08568527986507775,0.0038734943447668296,0.0154149020056039,1000.0,0.0
atlanta,27916,2023-06-08,grid_07,0.7,0.8,BLOCK_RANGE_ONLY,8.0,linear,temperature_minus_equivalent,K,ESTIMABLE,0.019142135635256144,0.01648659707301401,0.02195346639409949,0.0013778063833660304,0.00546686932108548,1000.0,0.0
atlanta,27916,2023-06-08,grid_07,0.7,0.8,BLOCK_RANGE_ONLY,8.0,quadratic,temperature,K,ESTIMABLE,0.03771738827090971,0.02478797468849164,0.04971930988999086,0.006345403041573223,0.024931335201499222,1000.0,0.0
atlanta,27916,2023-06-08,grid_07,0.7,0.8,BLOCK_RANGE_ONLY,8.0,quadratic,emitted_flux,W/m2,ESTIMABLE,0.2821083615725107,0.21975443401108907,0.3421309527183953,0.03214562211975383,0.1223765187073062,1000.0,0.0
atlanta,27916,2023-06-08,grid_07,0.7,0.8,BLOCK_RANGE_ONLY,8.0,quadratic,temperature_equivalent,K,ESTIMABLE,0.04210187302430768,0.03279471364183166,0.05106182922437199,0.004798371697517903,0.01826711558254033,1000.0,0.0
atlanta,27916,2023-06-08,grid_07,0.7,0.8,BLOCK_RANGE_ONLY,8.0,quadratic,temperature_minus_equivalent,K,ESTIMABLE,-0.00438448475339797,-0.008912407872687206,-0.000245283626816412,0.0022367449370914367,0.008667124245870794,1000.0,0.0
atlanta,27916,2023-06-08,grid_07,0.7,0.8,BLOCK_RANGE_ONLY,8.0,quadratic_minus_linear,temperature,K,ESTIMABLE,-0.05968216276201894,-0.0699091155680558,-0.05021189730238629,0.00517748523882232,0.019697218265669517,1000.0,0.0
atlanta,27916,2023-06-08,grid_07,0.7,0.8,BLOCK_RANGE_ONLY,8.0,quadratic_minus_linear,emitted_flux,W/m2,ESTIMABLE,-0.2421739598035762,-0.2934220957138657,-0.19216099714772478,0.025685910631645343,0.1012610985661409,1000.0,0.0
atlanta,27916,2023-06-08,grid_07,0.7,0.8,BLOCK_RANGE_ONLY,8.0,quadratic_minus_linear,temperature_equivalent,K,ESTIMABLE,-0.036155542373364824,-0.0438067970592229,-0.028689162722812966,0.0038344401586934214,0.015117634336409932,1000.0,0.0
atlanta,27916,2023-06-08,grid_07,0.7,0.8,BLOCK_RANGE_ONLY,8.0,quadratic_minus_linear,temperature_minus_equivalent,K,ESTIMABLE,-0.023526620388654114,-0.02726414654733218,-0.020151505972157677,0.0018260235036756008,0.007112640575174502,1000.0,0.0
atlanta,27916,2023-06-08,grid_08,0.8,0.9,BLOCK_RANGE_ONLY,1.0,linear,temperature,K,ESTIMABLE,0.09739955103292855,0.09261938878274636,0.10219876861077264,0.0024469555782321425,0.009579379828026272,1000.0,0.0
atlanta,27916,2023-06-08,grid_08,0.8,0.9,BLOCK_RANGE_ONLY,1.0,linear,emitted_flux,W/m2,ESTIMABLE,0.5242823213760863,0.49887360071017833,0.5508465778573346,0.013129440821759517,0.05197297714715626,1000.0,0.0
atlanta,27916,2023-06-08,grid_08,0.8,0.9,BLOCK_RANGE_ONLY,1.0,linear,temperature_equivalent,K,ESTIMABLE,0.0782574153976725,0.07446341627181426,0.08222410445033149,0.0019605070321183447,0.0077606881785172305,1000.0,0.0
atlanta,27916,2023-06-08,grid_08,0.8,0.9,BLOCK_RANGE_ONLY,1.0,linear,temperature_minus_equivalent,K,ESTIMABLE,0.019142135635256047,0.017379724104045854,0.02112413273236019,0.0009361452596740731,0.0037444086283143357,1000.0,0.0
atlanta,27916,2023-06-08,grid_08,0.8,0.9,BLOCK_RANGE_ONLY,1.0,quadratic,temperature,K,ESTIMABLE,0.014355865493946905,0.005636905845659753,0.023769266348606505,0.004755203511489374,0.018132360502946754,1000.0,0.0
atlanta,27916,2023-06-08,grid_08,0.8,0.9,BLOCK_RANGE_ONLY,1.0,quadratic,emitted_flux,W/m2,ESTIMABLE,0.18731366553413376,0.14087544475193964,0.23615360757376191,0.024720971716678947,0.09527816282182228,1000.0,0.0
atlanta,27916,2023-06-08,grid_08,0.8,0.9,BLOCK_RANGE_ONLY,1.0,quadratic,temperature_equivalent,K,ESTIMABLE,0.027952820670748224,0.021022150081245174,0.03524243006538939,0.0036896052326192102,0.014220279984144213,1000.0,0.0
atlanta,27916,2023-06-08,grid_08,0.8,0.9,BLOCK_RANGE_ONLY,1.0,quadratic,temperature_minus_equivalent,K,ESTIMABLE,-0.01359695517680132,-0.017186907751263993,-0.009614691118144886,0.0019210062650066792,0.007572216633119107,1000.0,0.0
atlanta,27916,2023-06-08,grid_08,0.8,0.9,BLOCK_RANGE_ONLY,1.0,quadratic_minus_linear,temperature,K,ESTIMABLE,-0.08304368553898164,-0.09088202179126394,-0.0747610677781711,0.004183708373735912,0.01612095401309284,1000.0,0.0
atlanta,27916,2023-06-08,grid_08,0.8,0.9,BLOCK_RANGE_ONLY,1.0,quadratic_minus_linear,emitted_flux,W/m2,ESTIMABLE,-0.33696865584195257,-0.3766816711011559,-0.29505670609599066,0.02158760634075002,0.08162496500516525,1000.0,0.0
atlanta,27916,2023-06-08,grid_08,0.8,0.9,BLOCK_RANGE_ONLY,1.0,quadratic_minus_linear,temperature_equivalent,K,ESTIMABLE,-0.05030459472692428,-0.05623176533702292,-0.04404963555267329,0.0032219954284533926,0.012182129784349627,1000.0,0.0
atlanta,27916,2023-06-08,grid_08,0.8,0.9,BLOCK_RANGE_ONLY,1.0,quadratic_minus_linear,temperature_minus_equivalent,K,ESTIMABLE,-0.032739090812057364,-0.03603041189282464,-0.029338883292588318,0.001714973283800684,0.006691528600236321,1000.0,0.0
atlanta,27916,2023-06-08,grid_08,0.8,0.9,BLOCK_RANGE_ONLY,8.0,linear,temperature,K,ESTIMABLE,0.09739955103292855,0.08827230498883125,0.10650659793913214,0.0046921305007243015,0.018234292950300893,1000.0,0.0
atlanta,27916,2023-06-08,grid_08,0.8,0.9,BLOCK_RANGE_ONLY,8.0,linear,emitted_flux,W/m2,ESTIMABLE,0.5242823213760863,0.47079141243077316,0.5740246729841657,0.02594066855307309,0.10323326055339255,1000.0,0.0
atlanta,27916,2023-06-08,grid_08,0.8,0.9,BLOCK_RANGE_ONLY,8.0,linear,temperature_equivalent,K,ESTIMABLE,0.0782574153976725,0.07027037785947385,0.08568527986507775,0.0038734943447668296,0.0154149020056039,1000.0,0.0
atlanta,27916,2023-06-08,grid_08,0.8,0.9,BLOCK_RANGE_ONLY,8.0,linear,temperature_minus_equivalent,K,ESTIMABLE,0.019142135635256047,0.016486597073013913,0.02195346639409938,0.0013778063833660263,0.0054668693210854664,1000.0,0.0
atlanta,27916,2023-06-08,grid_08,0.8,0.9,BLOCK_RANGE_ONLY,8.0,quadratic,temperature,K,ESTIMABLE,0.014355865493946905,-0.0011032515552971795,0.02867854449537845,0.007847442049352086,0.02978179605067563,1000.0,0.0
atlanta,27916,2023-06-08,grid_08,0.8,0.9,BLOCK_RANGE_ONLY,8.0,quadratic,emitted_flux,W/m2,ESTIMABLE,0.18731366553413376,0.10932829030099714,0.26248127301889196,0.03906725346111404,0.15315298271789482,1000.0,0.0
atlanta,27916,2023-06-08,grid_08,0.8,0.9,BLOCK_RANGE_ONLY,8.0,quadratic,temperature_equivalent,K,ESTIMABLE,0.027952820670748224,0.01631415729003436,0.03917217796936398,0.005830780507881826,0.02285802067932962,1000.0,0.0
atlanta,27916,2023-06-08,grid_08,0.8,0.9,BLOCK_RANGE_ONLY,8.0,quadratic,temperature_minus_equivalent,K,ESTIMABLE,-0.01359695517680132,-0.01933071765610772,-0.008530496809330141,0.0028250158193398297,0.01080022084677758,1000.0,0.0
atlanta,27916,2023-06-08,grid_08,0.8,0.9,BLOCK_RANGE_ONLY,8.0,quadratic_minus_linear,temperature,K,ESTIMABLE,-0.08304368553898164,-0.09724856848105656,-0.06985025192175663,0.007139688117021662,0.02739831655929993,1000.0,0.0
atlanta,27916,2023-06-08,grid_08,0.8,0.9,BLOCK_RANGE_ONLY,8.0,quadratic_minus_linear,emitted_flux,W/m2,ESTIMABLE,-0.33696865584195257,-0.40758942341826504,-0.2678752082408155,0.03547112188970763,0.13971421517744953,1000.0,0.0
atlanta,27916,2023-06-08,grid_08,0.8,0.9,BLOCK_RANGE_ONLY,8.0,quadratic_minus_linear,temperature_equivalent,K,ESTIMABLE,-0.05030459472692428,-0.06084660048522039,-0.03999212634356297,0.005294474118232934,0.02085447414165742,1000.0,0.0
atlanta,27916,2023-06-08,grid_08,0.8,0.9,BLOCK_RANGE_ONLY,8.0,quadratic_minus_linear,temperature_minus_equivalent,K,ESTIMABLE,-0.032739090812057364,-0.037903209852682584,-0.028105505660326505,0.0025247524410184716,0.00979770419235608,1000.0,0.0
atlanta,27916,2023-06-08,grid_09,0.9,1.0,NO_SPANNING_BLOCKS,,,,,NOT_ESTIMATED_NO_REFERENCE_BLOCKS,,,,,,,
atlanta,28145,2023-06-23,near_-0.02,0.008509538620710373,0.10850953862071037,BLOCK_RANGE_ONLY,1.0,linear,temperature,K,ESTIMABLE,0.22180472457611594,0.20465518300216065,0.2390428150125113,0.008535871380575398,0.03438763201035064,1000.0,0.0
atlanta,28145,2023-06-23,near_-0.02,0.008509538620710373,0.10850953862071037,BLOCK_RANGE_ONLY,1.0,linear,emitted_flux,W/m2,ESTIMABLE,1.4122495435618487,1.302867175104204,1.5248222558218998,0.055759817529001825,0.22195508071769576,1000.0,0.0
atlanta,28145,2023-06-23,near_-0.02,0.008509538620710373,0.10850953862071037,BLOCK_RANGE_ONLY,1.0,linear,temperature_equivalent,K,ESTIMABLE,0.21093387538570596,0.19458133787962312,0.22776602894241335,0.008336662996305429,0.033184691062790234,1000.0,0.0
atlanta,28145,2023-06-23,near_-0.02,0.008509538620710373,0.10850953862071037,BLOCK_RANGE_ONLY,1.0,linear,temperature_minus_equivalent,K,ESTIMABLE,0.010870849190409981,0.004118372095895314,0.017608960919040108,0.0034731676242327767,0.013490588823144793,1000.0,0.0
atlanta,28145,2023-06-23,near_-0.02,0.008509538620710373,0.10850953862071037,BLOCK_RANGE_ONLY,1.0,quadratic,temperature,K,ESTIMABLE,0.2841492063795033,0.24052962095470032,0.32662607243718295,0.02190367341501996,0.08609645148248263,1000.0,0.0
atlanta,28145,2023-06-23,near_-0.02,0.008509538620710373,0.10850953862071037,BLOCK_RANGE_ONLY,1.0,quadratic,emitted_flux,W/m2,ESTIMABLE,1.5418532215295684,1.2629065423344297,1.8125834346963594,0.1421167701986913,0.5496768923619297,1000.0,0.0
atlanta,28145,2023-06-23,near_-0.02,0.008509538620710373,0.10850953862071037,BLOCK_RANGE_ONLY,1.0,quadratic,temperature_equivalent,K,ESTIMABLE,0.2303127768827835,0.18860790546436873,0.2708050868108714,0.021251753268039606,0.08219718134650267,1000.0,0.0
atlanta,28145,2023-06-23,near_-0.02,0.008509538620710373,0.10850953862071037,BLOCK_RANGE_ONLY,1.0,quadratic,temperature_minus_equivalent,K,ESTIMABLE,0.053836429496719795,0.03643814771958974,0.07025018666819129,0.008295830275099746,0.03381203894860155,1000.0,0.0
atlanta,28145,2023-06-23,near_-0.02,0.008509538620710373,0.10850953862071037,BLOCK_RANGE_ONLY,1.0,quadratic_minus_linear,temperature,K,ESTIMABLE,0.062344481803387364,0.025656443940876086,0.09936872107435102,0.019562853718165116,0.07371227713347493,1000.0,0.0
atlanta,28145,2023-06-23,near_-0.02,0.008509538620710373,0.10850953862071037,BLOCK_RANGE_ONLY,1.0,quadratic_minus_linear,emitted_flux,W/m2,ESTIMABLE,0.12960367796771965,-0.12245470648354813,0.37387321651101507,0.1274029901266549,0.4963279229945632,1000.0,0.0
atlanta,28145,2023-06-23,near_-0.02,0.008509538620710373,0.10850953862071037,BLOCK_RANGE_ONLY,1.0,quadratic_minus_linear,temperature_equivalent,K,ESTIMABLE,0.01937890149707755,-0.018306214470960924,0.05591339505975695,0.01905155938317511,0.07421960953071788,1000.0,0.0
atlanta,28145,2023-06-23,near_-0.02,0.008509538620710373,0.10850953862071037,BLOCK_RANGE_ONLY,1.0,quadratic_minus_linear,temperature_minus_equivalent,K,ESTIMABLE,0.042965580306309814,0.027820013331192283,0.056907927164411835,0.007519187167883389,0.029087913833219552,1000.0,0.0
atlanta,28145,2023-06-23,near_-0.02,0.008509538620710373,0.10850953862071037,BLOCK_RANGE_ONLY,8.0,linear,temperature,K,ESTIMABLE,0.22180472457611594,0.1992524040537499,0.24339321980080736,0.010987197571753461,0.04414081574705747,1000.0,0.0
atlanta,28145,2023-06-23,near_-0.02,0.008509538620710373,0.10850953862071037,BLOCK_RANGE_ONLY,8.0,linear,emitted_flux,W/m2,ESTIMABLE,1.4122495435618487,1.2608193091255113,1.5476213002380825,0.07398500596044016,0.2868019911125712,1000.0,0.0
atlanta,28145,2023-06-23,near_-0.02,0.008509538620710373,0.10850953862071037,BLOCK_RANGE_ONLY,8.0,linear,temperature_equivalent,K,ESTIMABLE,0.21093387538570596,0.18829590924674022,0.2311753281707624,0.011061498230720336,0.04287941892402217,1000.0,0.0
atlanta,28145,2023-06-23,near_-0.02,0.008509538620710373,0.10850953862071037,BLOCK_RANGE_ONLY,8.0,linear,temperature_minus_equivalent,K,ESTIMABLE,0.010870849190409981,0.0013898357955514987,0.01971622517301991,0.004744287624158134,0.018326389377468413,1000.0,0.0
atlanta,28145,2023-06-23,near_-0.02,0.008509538620710373,0.10850953862071037,BLOCK_RANGE_ONLY,8.0,quadratic,temperature,K,ESTIMABLE,0.2841492063795033,0.2325979823844855,0.33979079935584566,0.02776569103832438,0.10719281697136016,1000.0,0.0
atlanta,28145,2023-06-23,near_-0.02,0.008509538620710373,0.10850953862071037,BLOCK_RANGE_ONLY,8.0,quadratic,emitted_flux,W/m2,ESTIMABLE,1.5418532215295684,1.185275741436583,1.8904339777767871,0.17409745433248056,0.705158236340204,1000.0,0.0
atlanta,28145,2023-06-23,near_-0.02,0.008509538620710373,0.10850953862071037,BLOCK_RANGE_ONLY,8.0,quadratic,temperature_equivalent,K,ESTIMABLE,0.2303127768827835,0.17700439853225305,0.28245185656471244,0.02603440377658264,0.10544745803245939,1000.0,0.0
atlanta,28145,2023-06-23,near_-0.02,0.008509538620710373,0.10850953862071037,BLOCK_RANGE_ONLY,8.0,quadratic,temperature_minus_equivalent,K,ESTIMABLE,0.053836429496719795,0.03210636378750101,0.07684450893748491,0.011298599132024892,0.04473814514998391,1000.0,0.0
atlanta,28145,2023-06-23,near_-0.02,0.008509538620710373,0.10850953862071037,BLOCK_RANGE_ONLY,8.0,quadratic_minus_linear,temperature,K,ESTIMABLE,0.062344481803387364,0.015301840852732212,0.10961681585589714,0.02384978790841782,0.09431497500316492,1000.0,0.0
atlanta,28145,2023-06-23,near_-0.02,0.008509538620710373,0.10850953862071037,BLOCK_RANGE_ONLY,8.0,quadratic_minus_linear,emitted_flux,W/m2,ESTIMABLE,0.12960367796771965,-0.18324928201994375,0.45254584765302663,0.1527137640606667,0.6357951296729704,1000.0,0.0
atlanta,28145,2023-06-23,near_-0.02,0.008509538620710373,0.10850953862071037,BLOCK_RANGE_ONLY,8.0,quadratic_minus_linear,temperature_equivalent,K,ESTIMABLE,0.01937890149707755,-0.027395067481492674,0.06768121126810342,0.022836957218775676,0.0950762787495961,1000.0,0.0
atlanta,28145,2023-06-23,near_-0.02,0.008509538620710373,0.10850953862071037,BLOCK_RANGE_ONLY,8.0,quadratic_minus_linear,temperature_minus_equivalent,K,ESTIMABLE,0.042965580306309814,0.02501093821164891,0.061703852939950246,0.009301042213505783,0.036692914728301336,1000.0,0.0
atlanta,28145,2023-06-23,near_-0.01,0.01850953862071037,0.11850953862071037,BLOCK_RANGE_ONLY,1.0,linear,temperature,K,ESTIMABLE,0.22180472457611594,0.20465518300216065,0.2390428150125113,0.008535871380575398,0.03438763201035064,1000.0,0.0
atlanta,28145,2023-06-23,near_-0.01,0.01850953862071037,0.11850953862071037,BLOCK_RANGE_ONLY,1.0,linear,emitted_flux,W/m2,ESTIMABLE,1.4122495435618487,1.302867175104204,1.5248222558218998,0.055759817529001825,0.22195508071769576,1000.0,0.0
atlanta,28145,2023-06-23,near_-0.01,0.01850953862071037,0.11850953862071037,BLOCK_RANGE_ONLY,1.0,linear,temperature_equivalent,K,ESTIMABLE,0.21093387538570596,0.19458133787962312,0.22776602894241335,0.008336662996305429,0.033184691062790234,1000.0,0.0
atlanta,28145,2023-06-23,near_-0.01,0.01850953862071037,0.11850953862071037,BLOCK_RANGE_ONLY,1.0,linear,temperature_minus_equivalent,K,ESTIMABLE,0.010870849190409981,0.004118372095895314,0.017608960919040108,0.0034731676242327767,0.013490588823144793,1000.0,0.0
atlanta,28145,2023-06-23,near_-0.01,0.01850953862071037,0.11850953862071037,BLOCK_RANGE_ONLY,1.0,quadratic,temperature,K,ESTIMABLE,0.28271103666026254,0.23996939960871994,0.3243652770379689,0.02148825224535912,0.08439587742924898,1000.0,0.0
atlanta,28145,2023-06-23,near_-0.01,0.01850953862071037,0.11850953862071037,BLOCK_RANGE_ONLY,1.0,quadratic,emitted_flux,W/m2,ESTIMABLE,1.5388635088915965,1.2663345107640067,1.8056142599714877,0.13941682257972615,0.539279749207481,1000.0,0.0
atlanta,28145,2023-06-23,near_-0.01,0.01850953862071037,0.11850953862071037,BLOCK_RANGE_ONLY,1.0,quadratic,temperature_equivalent,K,ESTIMABLE,0.22986570177999965,0.18912031488118403,0.2697625319994444,0.02084792511097323,0.08064221711826036,1000.0,0.0
atlanta,28145,2023-06-23,near_-0.01,0.01850953862071037,0.11850953862071037,BLOCK_RANGE_ONLY,1.0,quadratic,temperature_minus_equivalent,K,ESTIMABLE,0.052845334880262884,0.035767928573080164,0.06897700194633868,0.008138447036874713,0.03320907337325852,1000.0,0.0
atlanta,28145,2023-06-23,near_-0.01,0.01850953862071037,0.11850953862071037,BLOCK_RANGE_ONLY,1.0,quadratic_minus_linear,temperature,K,ESTIMABLE,0.0609063120841466,0.025063104119968517,0.09707511375035616,0.019111278805451444,0.07201200963038765,1000.0,0.0
atlanta,28145,2023-06-23,near_-0.01,0.01850953862071037,0.11850953862071037,BLOCK_RANGE_ONLY,1.0,quadratic_minus_linear,emitted_flux,W/m2,ESTIMABLE,0.12661396532974778,-0.11963643467644586,0.3652448514119675,0.12446340126298235,0.48488128608841335,1000.0,0.0
atlanta,28145,2023-06-23,near_-0.01,0.01850953862071037,0.11850953862071037,BLOCK_RANGE_ONLY,1.0,quadratic_minus_linear,temperature_equivalent,K,ESTIMABLE,0.018931826394293694,-0.01788493634991113,0.054622671727683765,0.018611902873388576,0.07250760807759489,1000.0,0.0
atlanta,28145,2023-06-23,near_-0.01,0.01850953862071037,0.11850953862071037,BLOCK_RANGE_ONLY,1.0,quadratic_minus_linear,temperature_minus_equivalent,K,ESTIMABLE,0.0419744856898529,0.02717973548289298,0.05559108554895932,0.007345693989470606,0.028411350066066342,1000.0,0.0
atlanta,28145,2023-06-23,near_-0.01,0.01850953862071037,0.11850953862071037,BLOCK_RANGE_ONLY,8.0,linear,temperature,K,ESTIMABLE,0.22180472457611594,0.1992524040537499,0.24339321980080736,0.010987197571753461,0.04414081574705747,1000.0,0.0
atlanta,28145,2023-06-23,near_-0.01,0.01850953862071037,0.11850953862071037,BLOCK_RANGE_ONLY,8.0,linear,emitted_flux,W/m2,ESTIMABLE,1.4122495435618487,1.2608193091255113,1.5476213002380825,0.07398500596044016,0.2868019911125712,1000.0,0.0
atlanta,28145,2023-06-23,near_-0.01,0.01850953862071037,0.11850953862071037,BLOCK_RANGE_ONLY,8.0,linear,temperature_equivalent,K,ESTIMABLE,0.21093387538570596,0.18829590924674022,0.2311753281707624,0.011061498230720336,0.04287941892402217,1000.0,0.0
atlanta,28145,2023-06-23,near_-0.01,0.01850953862071037,0.11850953862071037,BLOCK_RANGE_ONLY,8.0,linear,temperature_minus_equivalent,K,ESTIMABLE,0.010870849190409981,0.0013898357955514987,0.01971622517301991,0.004744287624158134,0.018326389377468413,1000.0,0.0
atlanta,28145,2023-06-23,near_-0.01,0.01850953862071037,0.11850953862071037,BLOCK_RANGE_ONLY,8.0,quadratic,temperature,K,ESTIMABLE,0.28271103666026254,0.2323080198379847,0.337685578402726,0.027256952006139295,0.10537755856474132,1000.0,0.0
atlanta,28145,2023-06-23,near_-0.01,0.01850953862071037,0.11850953862071037,BLOCK_RANGE_ONLY,8.0,quadratic,emitted_flux,W/m2,ESTIMABLE,1.5388635088915965,1.1887450256639225,1.880569156030488,0.1709059167271759,0.6918241303665655,1000.0,0.0
atlanta,28145,2023-06-23,near_-0.01,0.01850953862071037,0.11850953862071037,BLOCK_RANGE_ONLY,8.0,quadratic,temperature_equivalent,K,ESTIMABLE,0.22986570177999965,0.1775229264310852,0.2809759661281077,0.025557023725863444,0.10345303969702252,1000.0,0.0
atlanta,28145,2023-06-23,near_-0.01,0.01850953862071037,0.11850953862071037,BLOCK_RANGE_ONLY,8.0,quadratic,temperature_minus_equivalent,K,ESTIMABLE,0.052845334880262884,0.031554290051912216,0.0755148731411102,0.011104002070949625,0.04396058308919799,1000.0,0.0
atlanta,28145,2023-06-23,near_-0.01,0.01850953862071037,0.11850953862071037,BLOCK_RANGE_ONLY,8.0,quadratic_minus_linear,temperature,K,ESTIMABLE,0.0609063120841466,0.014950556740105281,0.10706091270702749,0.023296953920637447,0.0921103559669222,1000.0,0.0
atlanta,28145,2023-06-23,near_-0.01,0.01850953862071037,0.11850953862071037,BLOCK_RANGE_ONLY,8.0,quadratic_minus_linear,emitted_flux,W/m2,ESTIMABLE,0.12661396532974778,-0.17906047253549814,0.44198826070701147,0.1491843243259998,0.6210487332425096,1000.0,0.0
atlanta,28145,2023-06-23,near_-0.01,0.01850953862071037,0.11850953862071037,BLOCK_RANGE_ONLY,8.0,quadratic_minus_linear,temperature_equivalent,K,ESTIMABLE,0.018931826394293694,-0.026768936400381447,0.06610175677803766,0.02230905996253877,0.0928706931784191,1000.0,0.0
atlanta,28145,2023-06-23,near_-0.01,0.01850953862071037,0.11850953862071037,BLOCK_RANGE_ONLY,8.0,quadratic_minus_linear,temperature_minus_equivalent,K,ESTIMABLE,0.0419744856898529,0.024437231265214632,0.06028096268977725,0.009087655894781489,0.03584373142456262,1000.0,0.0
atlanta,28145,2023-06-23,historical,0.028509538620710373,0.12850953862071038,BLOCK_RANGE_ONLY,1.0,linear,temperature,K,ESTIMABLE,0.22180472457611594,0.20465518300216065,0.2390428150125113,0.008535871380575398,0.03438763201035064,1000.0,0.0
atlanta,28145,2023-06-23,historical,0.028509538620710373,0.12850953862071038,BLOCK_RANGE_ONLY,1.0,linear,emitted_flux,W/m2,ESTIMABLE,1.4122495435618487,1.302867175104204,1.5248222558218998,0.055759817529001825,0.22195508071769576,1000.0,0.0
atlanta,28145,2023-06-23,historical,0.028509538620710373,0.12850953862071038,BLOCK_RANGE_ONLY,1.0,linear,temperature_equivalent,K,ESTIMABLE,0.21093387538570596,0.19458133787962312,0.22776602894241335,0.008336662996305429,0.033184691062790234,1000.0,0.0
atlanta,28145,2023-06-23,historical,0.028509538620710373,0.12850953862071038,BLOCK_RANGE_ONLY,1.0,linear,temperature_minus_equivalent,K,ESTIMABLE,0.010870849190409981,0.004118372095895314,0.017608960919040108,0.0034731676242327767,0.013490588823144793,1000.0,0.0
atlanta,28145,2023-06-23,historical,0.028509538620710373,0.12850953862071038,BLOCK_RANGE_ONLY,1.0,quadratic,temperature,K,ESTIMABLE,0.28127286694102177,0.2392140088808108,0.32225389839043594,0.02107431919259175,0.08303988950962515,1000.0,0.0
atlanta,28145,2023-06-23,historical,0.028509538620710373,0.12850953862071038,BLOCK_RANGE_ONLY,1.0,quadratic,emitted_flux,W/m2,ESTIMABLE,1.5358737962536244,1.270081225487465,1.798709664097959,0.13672676064791192,0.528628438610494,1000.0,0.0
atlanta,28145,2023-06-23,historical,0.028509538620710373,0.12850953862071038,BLOCK_RANGE_ONLY,1.0,quadratic,temperature_equivalent,K,ESTIMABLE,0.22941862858363038,0.18968037305278357,0.2687296481076288,0.020445578546765163,0.07904927505484521,1000.0,0.0
atlanta,28145,2023-06-23,historical,0.028509538620710373,0.12850953862071038,BLOCK_RANGE_ONLY,1.0,quadratic,temperature_minus_equivalent,K,ESTIMABLE,0.05185423835739139,0.035200045424061556,0.06770364773174783,0.007981732755344825,0.03250360230768628,1000.0,0.0
atlanta,28145,2023-06-23,historical,0.028509538620710373,0.12850953862071038,BLOCK_RANGE_ONLY,1.0,quadratic_minus_linear,temperature,K,ESTIMABLE,0.05946814236490583,0.024469764299060948,0.0947815064263613,0.018659704685331943,0.07031174212730035,1000.0,0.0
atlanta,28145,2023-06-23,historical,0.028509538620710373,0.12850953862071038,BLOCK_RANGE_ONLY,1.0,quadratic_minus_linear,emitted_flux,W/m2,ESTIMABLE,0.12362425269177568,-0.11681816286934381,0.35661849396105627,0.12152381341619072,0.4734366568304001,1000.0,0.0
atlanta,28145,2023-06-23,historical,0.028509538620710373,0.12850953862071038,BLOCK_RANGE_ONLY,1.0,quadratic_minus_linear,temperature_equivalent,K,ESTIMABLE,0.01848475319792442,-0.01746365653638975,0.05333196428672265,0.018172250151784648,0.0707956208231124,1000.0,0.0
atlanta,28145,2023-06-23,historical,0.028509538620710373,0.12850953862071038,BLOCK_RANGE_ONLY,1.0,quadratic_minus_linear,temperature_minus_equivalent,K,ESTIMABLE,0.04098338916698141,0.026539439713691226,0.05427411592130696,0.007172202143948323,0.027734676207615733,1000.0,0.0
atlanta,28145,2023-06-23,historical,0.028509538620710373,0.12850953862071038,BLOCK_RANGE_ONLY,8.0,linear,temperature,K,ESTIMABLE,0.22180472457611594,0.1992524040537499,0.24339321980080736,0.010987197571753461,0.04414081574705747,1000.0,0.0
atlanta,28145,2023-06-23,historical,0.028509538620710373,0.12850953862071038,BLOCK_RANGE_ONLY,8.0,linear,emitted_flux,W/m2,ESTIMABLE,1.4122495435618487,1.2608193091255113,1.5476213002380825,0.07398500596044016,0.2868019911125712,1000.0,0.0
atlanta,28145,2023-06-23,historical,0.028509538620710373,0.12850953862071038,BLOCK_RANGE_ONLY,8.0,linear,temperature_equivalent,K,ESTIMABLE,0.21093387538570596,0.18829590924674022,0.2311753281707624,0.011061498230720336,0.04287941892402217,1000.0,0.0
atlanta,28145,2023-06-23,historical,0.028509538620710373,0.12850953862071038,BLOCK_RANGE_ONLY,8.0,linear,temperature_minus_equivalent,K,ESTIMABLE,0.010870849190409981,0.0013898357955514987,0.01971622517301991,0.004744287624158134,0.018326389377468413,1000.0,0.0
atlanta,28145,2023-06-23,historical,0.028509538620710373,0.12850953862071038,BLOCK_RANGE_ONLY,8.0,quadratic,temperature,K,ESTIMABLE,0.28127286694102177,0.23152661737937127,0.3353396464536472,0.02674996637227157,0.10381302907427595,1000.0,0.0
atlanta,28145,2023-06-23,historical,0.028509538620710373,0.12850953862071038,BLOCK_RANGE_ONLY,8.0,quadratic,emitted_flux,W/m2,ESTIMABLE,1.5358737962536244,1.1921973226065374,1.8717309634968993,0.16772792488585916,0.6795336408903618,1000.0,0.0
atlanta,28145,2023-06-23,historical,0.028509538620710373,0.12850953862071038,BLOCK_RANGE_ONLY,8.0,quadratic,temperature_equivalent,K,ESTIMABLE,0.22941862858363038,0.1780389179189555,0.27965368876405555,0.02508167366551266,0.10161477084510004,1000.0,0.0
atlanta,28145,2023-06-23,historical,0.028509538620710373,0.12850953862071038,BLOCK_RANGE_ONLY,8.0,quadratic,temperature_minus_equivalent,K,ESTIMABLE,0.05185423835739139,0.031002315080754354,0.07418523706977256,0.01091011173060504,0.043182921989018214,1000.0,0.0
atlanta,28145,2023-06-23,historical,0.028509538620710373,0.12850953862071038,BLOCK_RANGE_ONLY,8.0,quadratic_minus_linear,temperature,K,ESTIMABLE,0.05946814236490583,0.014599272627478321,0.10450459726418634,0.022744123968785446,0.08990532463670803,1000.0,0.0
atlanta,28145,2023-06-23,historical,0.028509538620710373,0.12850953862071038,BLOCK_RANGE_ONLY,8.0,quadratic_minus_linear,emitted_flux,W/m2,ESTIMABLE,0.12362425269177568,-0.17487166305105253,0.43143067376099636,0.14565489062330525,0.6063023368120489,1000.0,0.0
atlanta,28145,2023-06-23,historical,0.028509538620710373,0.12850953862071038,BLOCK_RANGE_ONLY,8.0,quadratic_minus_linear,temperature_equivalent,K,ESTIMABLE,0.01848475319792442,-0.026142801580571983,0.06452232608426271,0.021781168409198425,0.0906651276648347,1000.0,0.0
atlanta,28145,2023-06-23,historical,0.028509538620710373,0.12850953862071038,BLOCK_RANGE_ONLY,8.0,quadratic_minus_linear,temperature_minus_equivalent,K,ESTIMABLE,0.04098338916698141,0.023862805432678342,0.05885806797040692,0.008874275019468567,0.03499526253772858,1000.0,0.0
atlanta,28145,2023-06-23,near_+0.01,0.038509538620710375,0.1385095386207104,BLOCK_RANGE_ONLY,1.0,linear,temperature,K,ESTIMABLE,0.22180472457611594,0.20465518300216065,0.2390428150125113,0.008535871380575398,0.03438763201035064,1000.0,0.0
atlanta,28145,2023-06-23,near_+0.01,0.038509538620710375,0.1385095386207104,BLOCK_RANGE_ONLY,1.0,linear,emitted_flux,W/m2,ESTIMABLE,1.4122495435618487,1.302867175104204,1.5248222558218998,0.055759817529001825,0.22195508071769576,1000.0,0.0
atlanta,28145,2023-06-23,near_+0.01,0.038509538620710375,0.1385095386207104,BLOCK_RANGE_ONLY,1.0,linear,temperature_equivalent,K,ESTIMABLE,0.21093387538570596,0.19458133787962312,0.22776602894241335,0.008336662996305429,0.033184691062790234,1000.0,0.0
atlanta,28145,2023-06-23,near_+0.01,0.038509538620710375,0.1385095386207104,BLOCK_RANGE_ONLY,1.0,linear,temperature_minus_equivalent,K,ESTIMABLE,0.010870849190409981,0.004118372095895314,0.017608960919040108,0.0034731676242327767,0.013490588823144793,1000.0,0.0
atlanta,28145,2023-06-23,near_+0.01,0.038509538620710375,0.1385095386207104,BLOCK_RANGE_ONLY,1.0,quadratic,temperature,K,ESTIMABLE,0.279834697221781,0.23870601996982083,0.3199872626301629,0.020661963693827144,0.08128124266034209,1000.0,0.0
atlanta,28145,2023-06-23,near_+0.01,0.038509538620710375,0.1385095386207104,BLOCK_RANGE_ONLY,1.0,quadratic,emitted_flux,W/m2,ESTIMABLE,1.5328840836156523,1.2731240765379797,1.7918178474376696,0.13404717956317214,0.5186937708996899,1000.0,0.0
atlanta,28145,2023-06-23,near_+0.01,0.038509538620710375,0.1385095386207104,BLOCK_RANGE_ONLY,1.0,quadratic,temperature_equivalent,K,ESTIMABLE,0.22897155729350516,0.1901352200216735,0.26769868606056946,0.020044802553461083,0.07756346603889597,1000.0,0.0
atlanta,28145,2023-06-23,near_+0.01,0.038509538620710375,0.1385095386207104,BLOCK_RANGE_ONLY,1.0,quadratic,temperature_minus_equivalent,K,ESTIMABLE,0.05086313992827585,0.03463044913814188,0.06642932560411481,0.007825727590635285,0.03179887646597293,1000.0,0.0
atlanta,28145,2023-06-23,near_+0.01,0.038509538620710375,0.1385095386207104,BLOCK_RANGE_ONLY,1.0,quadratic_minus_linear,temperature,K,ESTIMABLE,0.05802997264566506,0.023876424478153378,0.09248789910236642,0.018208131416777244,0.06861147462421305,1000.0,0.0
atlanta,28145,2023-06-23,near_+0.01,0.038509538620710375,0.1385095386207104,BLOCK_RANGE_ONLY,1.0,quadratic_minus_linear,emitted_flux,W/m2,ESTIMABLE,0.12063454005380359,-0.11399989106224154,0.3480020661912315,0.11858422666190252,0.46200195725347304,1000.0,0.0
atlanta,28145,2023-06-23,near_+0.01,0.038509538620710375,0.1385095386207104,BLOCK_RANGE_ONLY,1.0,quadratic_minus_linear,temperature_equivalent,K,ESTIMABLE,0.018037681907799197,-0.0170423750303371,0.05204247108747636,0.017732601229559566,0.06908484611781346,1000.0,0.0
atlanta,28145,2023-06-23,near_+0.01,0.038509538620710375,0.1385095386207104,BLOCK_RANGE_ONLY,1.0,quadratic_minus_linear,temperature_minus_equivalent,K,ESTIMABLE,0.039992290737865865,0.02589912602414687,0.05295714141652474,0.006998711698457986,0.027058015392377868,1000.0,0.0
atlanta,28145,2023-06-23,near_+0.01,0.038509538620710375,0.1385095386207104,BLOCK_RANGE_ONLY,8.0,linear,temperature,K,ESTIMABLE,0.22180472457611594,0.1992524040537499,0.24339321980080736,0.010987197571753461,0.04414081574705747,1000.0,0.0
atlanta,28145,2023-06-23,near_+0.01,0.038509538620710375,0.1385095386207104,BLOCK_RANGE_ONLY,8.0,linear,emitted_flux,W/m2,ESTIMABLE,1.4122495435618487,1.2608193091255113,1.5476213002380825,0.07398500596044016,0.2868019911125712,1000.0,0.0
atlanta,28145,2023-06-23,near_+0.01,0.038509538620710375,0.1385095386207104,BLOCK_RANGE_ONLY,8.0,linear,temperature_equivalent,K,ESTIMABLE,0.21093387538570596,0.18829590924674022,0.2311753281707624,0.011061498230720336,0.04287941892402217,1000.0,0.0
atlanta,28145,2023-06-23,near_+0.01,0.038509538620710375,0.1385095386207104,BLOCK_RANGE_ONLY,8.0,linear,temperature_minus_equivalent,K,ESTIMABLE,0.010870849190409981,0.0013898357955514987,0.01971622517301991,0.004744287624158134,0.018326389377468413,1000.0,0.0
atlanta,28145,2023-06-23,near_+0.01,0.038509538620710375,0.1385095386207104,BLOCK_RANGE_ONLY,8.0,quadratic,temperature,K,ESTIMABLE,0.279834697221781,0.2306394217311555,0.3325375561381892,0.026244835750938195,0.10189813440703369,1000.0,0.0
atlanta,28145,2023-06-23,near_+0.01,0.038509538620710375,0.1385095386207104,BLOCK_RANGE_ONLY,8.0,quadratic,emitted_flux,W/m2,ESTIMABLE,1.5328840836156523,1.1956496195491526,1.8628730838085779,0.16456426357970388,0.6672234642594252,1000.0,0.0
atlanta,28145,2023-06-23,near_+0.01,0.038509538620710375,0.1385095386207104,BLOCK_RANGE_ONLY,8.0,quadratic,temperature_equivalent,K,ESTIMABLE,0.22897155729350516,0.1785549119505319,0.27832848269275556,0.024608470923708166,0.09977357074222365,1000.0,0.0
atlanta,28145,2023-06-23,near_+0.01,0.038509538620710375,0.1385095386207104,BLOCK_RANGE_ONLY,8.0,quadratic,temperature_minus_equivalent,K,ESTIMABLE,0.05086313992827585,0.030450333896667712,0.07285820069586496,0.010716966437327217,0.04240786679919725,1000.0,0.0
atlanta,28145,2023-06-23,near_+0.01,0.038509538620710375,0.1385095386207104,BLOCK_RANGE_ONLY,8.0,quadratic_minus_linear,temperature,K,ESTIMABLE,0.05802997264566506,0.014247988514851363,0.10194828182134513,0.02219129835449115,0.08770029330649377,1000.0,0.0
atlanta,28145,2023-06-23,near_+0.01,0.038509538620710375,0.1385095386207104,BLOCK_RANGE_ONLY,8.0,quadratic_minus_linear,emitted_flux,W/m2,ESTIMABLE,0.12063454005380359,-0.17068285356660692,0.42087308681498126,0.14212546340196308,0.5915559403815882,1000.0,0.0
atlanta,28145,2023-06-23,near_+0.01,0.038509538620710375,0.1385095386207104,BLOCK_RANGE_ONLY,8.0,quadratic_minus_linear,temperature_equivalent,K,ESTIMABLE,0.018037681907799197,-0.02551666302206428,0.06294291918603818,0.02125328262574432,0.08845958220810246,1000.0,0.0
atlanta,28145,2023-06-23,near_+0.01,0.038509538620710375,0.1385095386207104,BLOCK_RANGE_ONLY,8.0,quadratic_minus_linear,temperature_minus_equivalent,K,ESTIMABLE,0.039992290737865865,0.02328229538670771,0.05743516878200421,0.008660899950896481,0.034152873395296504,1000.0,0.0
atlanta,28145,2023-06-23,near_+0.02,0.04850953862071038,0.14850953862071037,BLOCK_RANGE_ONLY,1.0,linear,temperature,K,ESTIMABLE,0.2218047245761159,0.20465518300216062,0.23904281501251126,0.008535871380575398,0.03438763201035064,1000.0,0.0
atlanta,28145,2023-06-23,near_+0.02,0.04850953862071038,0.14850953862071037,BLOCK_RANGE_ONLY,1.0,linear,emitted_flux,W/m2,ESTIMABLE,1.4122495435618485,1.3028671751042038,1.5248222558218996,0.055759817529001825,0.22195508071769576,1000.0,0.0
atlanta,28145,2023-06-23,near_+0.02,0.04850953862071038,0.14850953862071037,BLOCK_RANGE_ONLY,1.0,linear,temperature_equivalent,K,ESTIMABLE,0.21093387538570596,0.19458133787962312,0.22776602894241335,0.008336662996305429,0.033184691062790234,1000.0,0.0
atlanta,28145,2023-06-23,near_+0.02,0.04850953862071038,0.14850953862071037,BLOCK_RANGE_ONLY,1.0,linear,temperature_minus_equivalent,K,ESTIMABLE,0.010870849190409954,0.004118372095895286,0.01760896091904008,0.0034731676242327767,0.013490588823144793,1000.0,0.0
atlanta,28145,2023-06-23,near_+0.02,0.04850953862071038,0.14850953862071037,BLOCK_RANGE_ONLY,1.0,quadratic,temperature,K,ESTIMABLE,0.27839652750254024,0.2378706771542203,0.31773150088769936,0.020251282115499536,0.07986082373347905,1000.0,0.0
atlanta,28145,2023-06-23,near_+0.02,0.04850953862071038,0.14850953862071037,BLOCK_RANGE_ONLY,1.0,quadratic,emitted_flux,W/m2,ESTIMABLE,1.52989437097768,1.2754281658672955,1.7849258813894584,0.13137872062452344,0.5094977155221629,1000.0,0.0
atlanta,28145,2023-06-23,near_+0.02,0.04850953862071038,0.14850953862071037,BLOCK_RANGE_ONLY,1.0,quadratic,temperature_equivalent,K,ESTIMABLE,0.22852448790968083,0.1904796378141583,0.26666771181251075,0.019645693006946532,0.07618807399835245,1000.0,0.0
atlanta,28145,2023-06-23,near_+0.02,0.04850953862071038,0.14850953862071037,BLOCK_RANGE_ONLY,1.0,quadratic,temperature_minus_equivalent,K,ESTIMABLE,0.04987203959285941,0.033943472830423614,0.06515499610859977,0.007670474780601449,0.03121152327817616,1000.0,0.0
atlanta,28145,2023-06-23,near_+0.02,0.04850953862071038,0.14850953862071037,BLOCK_RANGE_ONLY,1.0,quadratic_minus_linear,temperature,K,ESTIMABLE,0.05659180292642432,0.023283084657245785,0.09019429177837153,0.017756559064756677,0.06691120712112575,1000.0,0.0
atlanta,28145,2023-06-23,near_+0.02,0.04850953862071038,0.14850953862071037,BLOCK_RANGE_ONLY,1.0,quadratic_minus_linear,emitted_flux,W/m2,ESTIMABLE,0.11764482741583149,-0.11118161925513927,0.33938563842140673,0.11564464108342921,0.450567257676546,1000.0,0.0
atlanta,28145,2023-06-23,near_+0.02,0.04850953862071038,0.14850953862071037,BLOCK_RANGE_ONLY,1.0,quadratic_minus_linear,temperature_equivalent,K,ESTIMABLE,0.01759061252397487,-0.01662109183181002,0.050753603028992685,0.01729295611905732,0.0673746948608027,1000.0,0.0
atlanta,28145,2023-06-23,near_+0.02,0.04850953862071038,0.14850953862071037,BLOCK_RANGE_ONLY,1.0,quadratic_minus_linear,temperature_minus_equivalent,K,ESTIMABLE,0.039001190402449454,0.025258794414757438,0.051640162034787516,0.006825222726979643,0.02638136762003008,1000.0,0.0
atlanta,28145,2023-06-23,near_+0.02,0.04850953862071038,0.14850953862071037,BLOCK_RANGE_ONLY,8.0,linear,temperature,K,ESTIMABLE,0.2218047245761159,0.19925240405374986,0.24339321980080733,0.01098719757175346,0.04414081574705747,1000.0,0.0
atlanta,28145,2023-06-23,near_+0.02,0.04850953862071038,0.14850953862071037,BLOCK_RANGE_ONLY,8.0,linear,emitted_flux,W/m2,ESTIMABLE,1.4122495435618485,1.260819309125511,1.5476213002380823,0.07398500596044016,0.2868019911125712,1000.0,0.0
atlanta,28145,2023-06-23,near_+0.02,0.04850953862071038,0.14850953862071037,BLOCK_RANGE_ONLY,8.0,linear,temperature_equivalent,K,ESTIMABLE,0.21093387538570596,0.18829590924674022,0.2311753281707624,0.011061498230720336,0.04287941892402217,1000.0,0.0
atlanta,28145,2023-06-23,near_+0.02,0.04850953862071038,0.14850953862071037,BLOCK_RANGE_ONLY,8.0,linear,temperature_minus_equivalent,K,ESTIMABLE,0.010870849190409954,0.001389835795551471,0.019716225173019884,0.004744287624158134,0.018326389377468413,1000.0,0.0
atlanta,28145,2023-06-23,near_+0.02,0.04850953862071038,0.14850953862071037,BLOCK_RANGE_ONLY,8.0,quadratic,temperature,K,ESTIMABLE,0.27839652750254024,0.22994123021422216,0.32972024323951726,0.02574166934550228,0.0997790130252951,1000.0,0.0
atlanta,28145,2023-06-23,near_+0.02,0.04850953862071038,0.14850953862071037,BLOCK_RANGE_ONLY,8.0,quadratic,emitted_flux,W/m2,ESTIMABLE,1.52989437097768,1.1987901688990088,1.8539321235878963,0.16141577542296762,0.6551419546888875,1000.0,0.0
atlanta,28145,2023-06-23,near_+0.02,0.04850953862071038,0.14850953862071037,BLOCK_RANGE_ONLY,8.0,quadratic,temperature_equivalent,K,ESTIMABLE,0.22852448790968083,0.17902431313365524,0.276990863954191,0.024137541476475493,0.09796655082053574,1000.0,0.0
atlanta,28145,2023-06-23,near_+0.02,0.04850953862071038,0.14850953862071037,BLOCK_RANGE_ONLY,8.0,quadratic,temperature_minus_equivalent,K,ESTIMABLE,0.04987203959285941,0.02989834649960954,0.07153261633229702,0.01052460717794862,0.041634269832687476,1000.0,0.0
atlanta,28145,2023-06-23,near_+0.02,0.04850953862071038,0.14850953862071037,BLOCK_RANGE_ONLY,8.0,quadratic_minus_linear,temperature,K,ESTIMABLE,0.05659180292642432,0.013896704402224404,0.09939196637850396,0.021638477410205813,0.08549526197627956,1000.0,0.0
atlanta,28145,2023-06-23,near_+0.02,0.04850953862071038,0.14850953862071037,BLOCK_RANGE_ONLY,8.0,quadratic_minus_linear,emitted_flux,W/m2,ESTIMABLE,0.11764482741583149,-0.1664940440821611,0.41031549986896615,0.13859604315712729,0.5768095439511273,1000.0,0.0
atlanta,28145,2023-06-23,near_+0.02,0.04850953862071038,0.14850953862071037,BLOCK_RANGE_ONLY,8.0,quadratic_minus_linear,temperature_equivalent,K,ESTIMABLE,0.01759061252397487,-0.02489052072480149,0.06136353608251283,0.020725402686009996,0.08625405680731432,1000.0,0.0
atlanta,28145,2023-06-23,near_+0.02,0.04850953862071038,0.14850953862071037,BLOCK_RANGE_ONLY,8.0,quadratic_minus_linear,temperature_minus_equivalent,K,ESTIMABLE,0.039001190402449454,0.022701778823435808,0.05601226512456899,0.008447531089106643,0.03331048630113319,1000.0,0.0
atlanta,28145,2023-06-23,grid_00,0.0,0.1,BLOCK_RANGE_ONLY,1.0,linear,temperature,K,ESTIMABLE,0.22180472457611594,0.20465518300216065,0.2390428150125113,0.008535871380575398,0.03438763201035064,1000.0,0.0
atlanta,28145,2023-06-23,grid_00,0.0,0.1,BLOCK_RANGE_ONLY,1.0,linear,emitted_flux,W/m2,ESTIMABLE,1.4122495435618487,1.302867175104204,1.5248222558218998,0.055759817529001825,0.22195508071769576,1000.0,0.0
atlanta,28145,2023-06-23,grid_00,0.0,0.1,BLOCK_RANGE_ONLY,1.0,linear,temperature_equivalent,K,ESTIMABLE,0.21093387538570596,0.19458133787962312,0.22776602894241335,0.008336662996305429,0.033184691062790234,1000.0,0.0
atlanta,28145,2023-06-23,grid_00,0.0,0.1,BLOCK_RANGE_ONLY,1.0,linear,temperature_minus_equivalent,K,ESTIMABLE,0.010870849190409981,0.004118372095895314,0.017608960919040108,0.0034731676242327767,0.013490588823144793,1000.0,0.0
atlanta,28145,2023-06-23,grid_00,0.0,0.1,BLOCK_RANGE_ONLY,1.0,quadratic,temperature,K,ESTIMABLE,0.2853730224564049,0.24092537134780614,0.3286673025289269,0.022258287262483,0.08774193118112075,1000.0,0.0
atlanta,28145,2023-06-23,grid_00,0.0,0.1,BLOCK_RANGE_ONLY,1.0,quadratic,emitted_flux,W/m2,ESTIMABLE,1.5443973290453334,1.2602448379897286,1.818513880843937,0.14442167151955243,0.5582690428542083,1000.0,0.0
atlanta,28145,2023-06-23,grid_00,0.0,0.1,BLOCK_RANGE_ONLY,1.0,quadratic,temperature_equivalent,K,ESTIMABLE,0.23069321866938708,0.1882100381910476,0.2716922610339054,0.021596497181761258,0.08348222284285783,1000.0,0.0
atlanta,28145,2023-06-23,grid_00,0.0,0.1,BLOCK_RANGE_ONLY,1.0,quadratic,temperature_minus_equivalent,K,ESTIMABLE,0.05467980378701781,0.03703481487206277,0.07133664087595354,0.008430254962813898,0.03430182600389077,1000.0,0.0
atlanta,28145,2023-06-23,grid_00,0.0,0.1,BLOCK_RANGE_ONLY,1.0,quadratic_minus_linear,temperature,K,ESTIMABLE,0.06356829788028895,0.026161348752997887,0.1013204750847789,0.019947123718064626,0.07515912633178101,1000.0,0.0
atlanta,28145,2023-06-23,grid_00,0.0,0.1,BLOCK_RANGE_ONLY,1.0,quadratic_minus_linear,emitted_flux,W/m2,ESTIMABLE,0.13214778548348471,-0.12485292576216758,0.38121555711540867,0.12990444537226586,0.5060684828775762,1000.0,0.0
atlanta,28145,2023-06-23,grid_00,0.0,0.1,BLOCK_RANGE_ONLY,1.0,quadratic_minus_linear,temperature_equivalent,K,ESTIMABLE,0.01975934328368112,-0.01866470138220535,0.05701175357920077,0.01942568976386011,0.07567645496140613,1000.0,0.0
atlanta,28145,2023-06-23,grid_00,0.0,0.1,BLOCK_RANGE_ONLY,1.0,quadratic_minus_linear,temperature_minus_equivalent,K,ESTIMABLE,0.04380895459660783,0.02836484612517498,0.058028440213870484,0.007666822861935075,0.029663594088695504,1000.0,0.0
atlanta,28145,2023-06-23,grid_00,0.0,0.1,BLOCK_RANGE_ONLY,8.0,linear,temperature,K,ESTIMABLE,0.22180472457611594,0.1992524040537499,0.24339321980080736,0.010987197571753461,0.04414081574705747,1000.0,0.0
atlanta,28145,2023-06-23,grid_00,0.0,0.1,BLOCK_RANGE_ONLY,8.0,linear,emitted_flux,W/m2,ESTIMABLE,1.4122495435618487,1.2608193091255113,1.5476213002380825,0.07398500596044016,0.2868019911125712,1000.0,0.0
atlanta,28145,2023-06-23,grid_00,0.0,0.1,BLOCK_RANGE_ONLY,8.0,linear,temperature_equivalent,K,ESTIMABLE,0.21093387538570596,0.18829590924674022,0.2311753281707624,0.011061498230720336,0.04287941892402217,1000.0,0.0
atlanta,28145,2023-06-23,grid_00,0.0,0.1,BLOCK_RANGE_ONLY,8.0,linear,temperature_minus_equivalent,K,ESTIMABLE,0.010870849190409981,0.0013898357955514987,0.01971622517301991,0.004744287624158134,0.018326389377468413,1000.0,0.0
atlanta,28145,2023-06-23,grid_00,0.0,0.1,BLOCK_RANGE_ONLY,8.0,quadratic,temperature,K,ESTIMABLE,0.2853730224564049,0.23281264794849627,0.34158224525641573,0.028199914338388855,0.10876959730791946,1000.0,0.0
atlanta,28145,2023-06-23,grid_00,0.0,0.1,BLOCK_RANGE_ONLY,8.0,quadratic,emitted_flux,W/m2,ESTIMABLE,1.5443973290453334,1.1822906665245647,1.8994060860779125,0.17682342453673738,0.7171154195533478,1000.0,0.0
atlanta,28145,2023-06-23,grid_00,0.0,0.1,BLOCK_RANGE_ONLY,8.0,quadratic,temperature_equivalent,K,ESTIMABLE,0.23069321866938708,0.1765582438288149,0.2837942048197589,0.02644214881232705,0.10723596099094401,1000.0,0.0
atlanta,28145,2023-06-23,grid_00,0.0,0.1,BLOCK_RANGE_ONLY,8.0,quadratic,temperature_minus_equivalent,K,ESTIMABLE,0.05467980378701781,0.03261852282247906,0.07797596743681907,0.01146472191511967,0.04535744461434001,1000.0,0.0
atlanta,28145,2023-06-23,grid_00,0.0,0.1,BLOCK_RANGE_ONLY,8.0,quadratic_minus_linear,temperature,K,ESTIMABLE,0.06356829788028895,0.015600767425056328,0.1117917616420777,0.0243202270978679,0.09619099421702137,1000.0,0.0
atlanta,28145,2023-06-23,grid_00,0.0,0.1,BLOCK_RANGE_ONLY,8.0,quadratic_minus_linear,emitted_flux,W/m2,ESTIMABLE,0.13214778548348471,-0.1868137656282124,0.46152986703888904,0.1557171588772709,0.6483436326671015,1000.0,0.0
atlanta,28145,2023-06-23,grid_00,0.0,0.1,BLOCK_RANGE_ONLY,8.0,quadratic_minus_linear,temperature_equivalent,K,ESTIMABLE,0.01975934328368112,-0.02792787319879011,0.06902527290763202,0.02328617787324599,0.09695314610642214,1000.0,0.0
atlanta,28145,2023-06-23,grid_00,0.0,0.1,BLOCK_RANGE_ONLY,8.0,quadratic_minus_linear,temperature_minus_equivalent,K,ESTIMABLE,0.04380895459660783,0.025499133168719487,0.06291466337397338,0.009482628164081375,0.037415530205253886,1000.0,0.0
atlanta,28145,2023-06-23,grid_01,0.1,0.2,BLOCK_RANGE_ONLY,1.0,linear,temperature,K,ESTIMABLE,0.22180472457611594,0.20465518300216065,0.2390428150125113,0.008535871380575398,0.03438763201035064,1000.0,0.0
atlanta,28145,2023-06-23,grid_01,0.1,0.2,BLOCK_RANGE_ONLY,1.0,linear,emitted_flux,W/m2,ESTIMABLE,1.4122495435618487,1.302867175104204,1.5248222558218998,0.055759817529001825,0.22195508071769576,1000.0,0.0
atlanta,28145,2023-06-23,grid_01,0.1,0.2,BLOCK_RANGE_ONLY,1.0,linear,temperature_equivalent,K,ESTIMABLE,0.21093387538570596,0.19458133787962312,0.22776602894241335,0.008336662996305429,0.033184691062790234,1000.0,0.0
atlanta,28145,2023-06-23,grid_01,0.1,0.2,BLOCK_RANGE_ONLY,1.0,linear,temperature_minus_equivalent,K,ESTIMABLE,0.010870849190409981,0.004118372095895314,0.017608960919040108,0.0034731676242327767,0.013490588823144793,1000.0,0.0
atlanta,28145,2023-06-23,grid_01,0.1,0.2,BLOCK_RANGE_ONLY,1.0,quadratic,temperature,K,ESTIMABLE,0.2709913252639971,0.23432622178340118,0.30628757262084233,0.018167428235741693,0.07196135083744115,1000.0,0.0
atlanta,28145,2023-06-23,grid_01,0.1,0.2,BLOCK_RANGE_ONLY,1.0,quadratic,emitted_flux,W/m2,ESTIMABLE,1.5145002026656127,1.2825173227746036,1.74644828817763,0.11784315921844281,0.46393096540302636,1000.0,0.0
atlanta,28145,2023-06-23,grid_01,0.1,0.2,BLOCK_RANGE_ONLY,1.0,quadratic,temperature_equivalent,K,ESTIMABLE,0.2262225372032276,0.19153933986077334,0.2609120066750165,0.017621284244877185,0.06937266681424317,1000.0,0.0
atlanta,28145,2023-06-23,grid_01,0.1,0.2,BLOCK_RANGE_ONLY,1.0,quadratic,temperature_minus_equivalent,K,ESTIMABLE,0.044768788060769504,0.030509844838194116,0.05860151313657778,0.00688489078204853,0.02809166829838366,1000.0,0.0
atlanta,28145,2023-06-23,grid_01,0.1,0.2,BLOCK_RANGE_ONLY,1.0,quadratic_minus_linear,temperature,K,ESTIMABLE,0.049186600687881166,0.020227950543922204,0.07838440184483021,0.015431409734557781,0.058156451300908005,1000.0,0.0
atlanta,28145,2023-06-23,grid_01,0.1,0.2,BLOCK_RANGE_ONLY,1.0,quadratic_minus_linear,emitted_flux,W/m2,ESTIMABLE,0.10225065910376396,-0.09667020769114555,0.29501925429044634,0.10050860181965515,0.3916894619815919,1000.0,0.0
atlanta,28145,2023-06-23,grid_01,0.1,0.2,BLOCK_RANGE_ONLY,1.0,quadratic_minus_linear,temperature_equivalent,K,ESTIMABLE,0.015288661817521643,-0.014451858410673424,0.04411741276308304,0.015029264081321296,0.05856927117375647,1000.0,0.0
atlanta,28145,2023-06-23,grid_01,0.1,0.2,BLOCK_RANGE_ONLY,1.0,quadratic_minus_linear,temperature_minus_equivalent,K,ESTIMABLE,0.03389793887035952,0.021961413749249082,0.044858897231188785,0.005931946800028592,0.022897483481939703,1000.0,0.0
atlanta,28145,2023-06-23,grid_01,0.1,0.2,BLOCK_RANGE_ONLY,8.0,linear,temperature,K,ESTIMABLE,0.22180472457611594,0.1992524040537499,0.24339321980080736,0.010987197571753461,0.04414081574705747,1000.0,0.0
atlanta,28145,2023-06-23,grid_01,0.1,0.2,BLOCK_RANGE_ONLY,8.0,linear,emitted_flux,W/m2,ESTIMABLE,1.4122495435618487,1.2608193091255113,1.5476213002380825,0.07398500596044016,0.2868019911125712,1000.0,0.0
atlanta,28145,2023-06-23,grid_01,0.1,0.2,BLOCK_RANGE_ONLY,8.0,linear,temperature_equivalent,K,ESTIMABLE,0.21093387538570596,0.18829590924674022,0.2311753281707624,0.011061498230720336,0.04287941892402217,1000.0,0.0
atlanta,28145,2023-06-23,grid_01,0.1,0.2,BLOCK_RANGE_ONLY,8.0,linear,temperature_minus_equivalent,K,ESTIMABLE,0.010870849190409981,0.0013898357955514987,0.01971622517301991,0.004744287624158134,0.018326389377468413,1000.0,0.0
atlanta,28145,2023-06-23,grid_01,0.1,0.2,BLOCK_RANGE_ONLY,8.0,quadratic,temperature,K,ESTIMABLE,0.2709913252639971,0.22667335351983717,0.31639132877744064,0.023186742574106894,0.08971797525760347,1000.0,0.0
atlanta,28145,2023-06-23,grid_01,0.1,0.2,BLOCK_RANGE_ONLY,8.0,quadratic,emitted_flux,W/m2,ESTIMABLE,1.5145002026656127,1.2114293242864864,1.8039885005597343,0.14548125166914302,0.5925591762732478,1000.0,0.0
atlanta,28145,2023-06-23,grid_01,0.1,0.2,BLOCK_RANGE_ONLY,8.0,quadratic,temperature_equivalent,K,ESTIMABLE,0.2262225372032276,0.18091344165606812,0.2695193278027503,0.021754221417151765,0.08860588614668216,1000.0,0.0
atlanta,28145,2023-06-23,grid_01,0.1,0.2,BLOCK_RANGE_ONLY,8.0,quadratic,temperature_minus_equivalent,K,ESTIMABLE,0.044768788060769504,0.026540846896920513,0.06435062507380043,0.009548367472187902,0.037809778176879916,1000.0,0.0
atlanta,28145,2023-06-23,grid_01,0.1,0.2,BLOCK_RANGE_ONLY,8.0,quadratic_minus_linear,temperature,K,ESTIMABLE,0.049186600687881166,0.012087926298786794,0.08622938022021448,0.018792066340407403,0.07414145392142768,1000.0,0.0
atlanta,28145,2023-06-23,grid_01,0.1,0.2,BLOCK_RANGE_ONLY,8.0,quadratic_minus_linear,emitted_flux,W/m2,ESTIMABLE,0.10225065910376396,-0.14492567078375632,0.355953997578738,0.12042302906151024,0.5008796683624943,1000.0,0.0
atlanta,28145,2023-06-23,grid_01,0.1,0.2,BLOCK_RANGE_ONLY,8.0,quadratic_minus_linear,temperature_equivalent,K,ESTIMABLE,0.015288661817521643,-0.02166642595698107,0.05323159627193518,0.01800742048460794,0.07489802222891626,1000.0,0.0
atlanta,28145,2023-06-23,grid_01,0.1,0.2,BLOCK_RANGE_ONLY,8.0,quadratic_minus_linear,temperature_minus_equivalent,K,ESTIMABLE,0.03389793887035952,0.019712569086702682,0.048684359101718304,0.007349001896210598,0.02897179001501562,1000.0,0.0
atlanta,28145,2023-06-23,grid_02,0.2,0.3,BLOCK_RANGE_ONLY,1.0,linear,temperature,K,ESTIMABLE,0.22180472457611589,0.2046551830021606,0.2390428150125112,0.008535871380575396,0.03438763201035061,1000.0,0.0
atlanta,28145,2023-06-23,grid_02,0.2,0.3,BLOCK_RANGE_ONLY,1.0,linear,emitted_flux,W/m2,ESTIMABLE,1.4122495435618483,1.3028671751042036,1.5248222558218993,0.055759817529001825,0.22195508071769576,1000.0,0.0
atlanta,28145,2023-06-23,grid_02,0.2,0.3,BLOCK_RANGE_ONLY,1.0,linear,temperature_equivalent,K,ESTIMABLE,0.21093387538570596,0.19458133787962312,0.22776602894241335,0.008336662996305429,0.033184691062790234,1000.0,0.0
atlanta,28145,2023-06-23,grid_02,0.2,0.3,BLOCK_RANGE_ONLY,1.0,linear,temperature_minus_equivalent,K,ESTIMABLE,0.010870849190409926,0.004118372095895258,0.017608960919040052,0.0034731676242327767,0.013490588823144793,1000.0,0.0
atlanta,28145,2023-06-23,grid_02,0.2,0.3,BLOCK_RANGE_ONLY,1.0,quadratic,temperature,K,ESTIMABLE,0.25660962807158927,0.22755657869837967,0.2841891055463619,0.014334102127984173,0.05663252684798223,1000.0,0.0
atlanta,28145,2023-06-23,grid_02,0.2,0.3,BLOCK_RANGE_ONLY,1.0,quadratic,emitted_flux,W/m2,ESTIMABLE,1.4846030762858917,1.2979310774017034,1.6699173622333046,0.09297667663022041,0.3719862848316011,1000.0,0.0
atlanta,28145,2023-06-23,grid_02,0.2,0.3,BLOCK_RANGE_ONLY,1.0,quadratic,temperature_equivalent,K,ESTIMABLE,0.22175204635487944,0.19384345712635137,0.24946499898054666,0.01390238934650258,0.055621541854195294,1000.0,0.0
atlanta,28145,2023-06-23,grid_02,0.2,0.3,BLOCK_RANGE_ONLY,1.0,quadratic,temperature_minus_equivalent,K,ESTIMABLE,0.03485758171670983,0.023712876391154686,0.04584735977907203,0.00545487102277202,0.022134483387917347,1000.0,0.0
atlanta,28145,2023-06-23,grid_02,0.2,0.3,BLOCK_RANGE_ONLY,1.0,quadratic_minus_linear,temperature,K,ESTIMABLE,0.03480490349547338,0.014294552334846573,0.05544832860488152,0.010915860316112391,0.04115377627003494,1000.0,0.0
atlanta,28145,2023-06-23,grid_02,0.2,0.3,BLOCK_RANGE_ONLY,1.0,quadratic_minus_linear,emitted_flux,W/m2,ESTIMABLE,0.07235353272404343,-0.0684874896201233,0.20885497659219854,0.07111296931322383,0.27734246621232184,1000.0,0.0
atlanta,28145,2023-06-23,grid_02,0.2,0.3,BLOCK_RANGE_ONLY,1.0,quadratic_minus_linear,temperature_equivalent,K,ESTIMABLE,0.01081817096917348,-0.010238846177615812,0.031230419285972737,0.010633233476700405,0.04146926546358855,1000.0,0.0
atlanta,28145,2023-06-23,grid_02,0.2,0.3,BLOCK_RANGE_ONLY,1.0,quadratic_minus_linear,temperature_minus_equivalent,K,ESTIMABLE,0.023986732526299903,0.015556189730134534,0.03175306802094583,0.004197301172072445,0.016196878290811297,1000.0,0.0
atlanta,28145,2023-06-23,grid_02,0.2,0.3,BLOCK_RANGE_ONLY,8.0,linear,temperature,K,ESTIMABLE,0.22180472457611589,0.19925240405374983,0.2433932198008073,0.010987197571753458,0.04414081574705747,1000.0,0.0
atlanta,28145,2023-06-23,grid_02,0.2,0.3,BLOCK_RANGE_ONLY,8.0,linear,emitted_flux,W/m2,ESTIMABLE,1.4122495435618483,1.260819309125511,1.547621300238082,0.07398500596044015,0.286801991112571,1000.0,0.0
atlanta,28145,2023-06-23,grid_02,0.2,0.3,BLOCK_RANGE_ONLY,8.0,linear,temperature_equivalent,K,ESTIMABLE,0.21093387538570596,0.18829590924674022,0.2311753281707624,0.011061498230720241,0.04287941892402217,1000.0,0.0
atlanta,28145,2023-06-23,grid_02,0.2,0.3,BLOCK_RANGE_ONLY,8.0,linear,temperature_minus_equivalent,K,ESTIMABLE,0.010870849190409926,0.0013898357955514432,0.019716225173019856,0.00474428762415819,0.018326389377468413,1000.0,0.0
atlanta,28145,2023-06-23,grid_02,0.2,0.3,BLOCK_RANGE_ONLY,8.0,quadratic,temperature,K,ESTIMABLE,0.25660962807158927,0.2211365096706291,0.29178392151856986,0.018470472003763432,0.07064741184794077,1000.0,0.0
atlanta,28145,2023-06-23,grid_02,0.2,0.3,BLOCK_RANGE_ONLY,8.0,quadratic,emitted_flux,W/m2,ESTIMABLE,1.4846030762858917,1.2418066675039876,1.708349931428603,0.1164243548185811,0.4665432639246154,1000.0,0.0
atlanta,28145,2023-06-23,grid_02,0.2,0.3,BLOCK_RANGE_ONLY,8.0,quadratic,temperature_equivalent,K,ESTIMABLE,0.22175204635487944,0.18545397165597563,0.255213341321641,0.01740843792289281,0.06975936966566534,1000.0,0.0
atlanta,28145,2023-06-23,grid_02,0.2,0.3,BLOCK_RANGE_ONLY,8.0,quadratic,temperature_minus_equivalent,K,ESTIMABLE,0.03485758171670983,0.020004841849088264,0.05057256371609811,0.007747120659760135,0.03056772186700985,1000.0,0.0
atlanta,28145,2023-06-23,grid_02,0.2,0.3,BLOCK_RANGE_ONLY,8.0,quadratic_minus_linear,temperature,K,ESTIMABLE,0.03480490349547338,0.008575085172517233,0.06085208781562191,0.013264746922996822,0.05227700264310468,1000.0,0.0
atlanta,28145,2023-06-23,grid_02,0.2,0.3,BLOCK_RANGE_ONLY,8.0,quadratic_minus_linear,emitted_flux,W/m2,ESTIMABLE,0.07235353272404343,-0.10303757593930024,0.2510877262211722,0.08513015313783089,0.35412530216047244,1000.0,0.0
atlanta,28145,2023-06-23,grid_02,0.2,0.3,BLOCK_RANGE_ONLY,8.0,quadratic_minus_linear,temperature_equivalent,K,ESTIMABLE,0.01081817096917348,-0.015404604804936639,0.03754585363735998,0.012729330511335086,0.05295045844229662,1000.0,0.0
atlanta,28145,2023-06-23,grid_02,0.2,0.3,BLOCK_RANGE_ONLY,8.0,quadratic_minus_linear,temperature_minus_equivalent,K,ESTIMABLE,0.023986732526299903,0.013938248668087523,0.03436570533224517,0.005216442915851686,0.02042745666415765,1000.0,0.0
atlanta,28145,2023-06-23,grid_03,0.3,0.4,BLOCK_RANGE_ONLY,1.0,linear,temperature,K,ESTIMABLE,0.221804724576116,0.2046551830021607,0.23904281501251134,0.008535871380575401,0.03438763201035064,1000.0,0.0
atlanta,28145,2023-06-23,grid_03,0.3,0.4,BLOCK_RANGE_ONLY,1.0,linear,emitted_flux,W/m2,ESTIMABLE,1.4122495435618492,1.3028671751042045,1.5248222558219002,0.055759817529001846,0.22195508071769576,1000.0,0.0
atlanta,28145,2023-06-23,grid_03,0.3,0.4,BLOCK_RANGE_ONLY,1.0,linear,temperature_equivalent,K,ESTIMABLE,0.21093387538570596,0.19458133787962312,0.22776602894241335,0.008336662996305427,0.033184691062790234,1000.0,0.0
atlanta,28145,2023-06-23,grid_03,0.3,0.4,BLOCK_RANGE_ONLY,1.0,linear,temperature_minus_equivalent,K,ESTIMABLE,0.010870849190410037,0.004118372095895369,0.017608960919040163,0.0034731676242328335,0.013490588823144793,1000.0,0.0
atlanta,28145,2023-06-23,grid_03,0.3,0.4,BLOCK_RANGE_ONLY,1.0,quadratic,temperature,K,ESTIMABLE,0.24222793087918162,0.21956552510904184,0.26365731926972585,0.011030161250098794,0.04409179416068401,1000.0,0.0
atlanta,28145,2023-06-23,grid_03,0.3,0.4,BLOCK_RANGE_ONLY,1.0,quadratic,emitted_flux,W/m2,ESTIMABLE,1.4547059499061719,1.3108840611697405,1.5937075219061934,0.07162803831149815,0.2828234607364528,1000.0,0.0
atlanta,28145,2023-06-23,grid_03,0.3,0.4,BLOCK_RANGE_ONLY,1.0,quadratic,temperature_equivalent,K,ESTIMABLE,0.21728174610547057,0.1957797664722051,0.23806725910148996,0.010709781223079865,0.042287492629284856,1000.0,0.0
atlanta,28145,2023-06-23,grid_03,0.3,0.4,BLOCK_RANGE_ONLY,1.0,quadratic,temperature_minus_equivalent,K,ESTIMABLE,0.02494618477371105,0.0164338123320985,0.033148630866206036,0.004257985817990245,0.016714818534107535,1000.0,0.0
atlanta,28145,2023-06-23,grid_03,0.3,0.4,BLOCK_RANGE_ONLY,1.0,quadratic_minus_linear,temperature,K,ESTIMABLE,0.020423206303065627,0.008361154125770862,0.032508877647305055,0.006400823756282822,0.024147723521534194,1000.0,0.0
atlanta,28145,2023-06-23,grid_03,0.3,0.4,BLOCK_RANGE_ONLY,1.0,quadratic_minus_linear,emitted_flux,W/m2,ESTIMABLE,0.042456406344322684,-0.04030404650140414,0.12269069889395047,0.04171799398198094,0.1629947453953546,1000.0,0.0
atlanta,28145,2023-06-23,grid_03,0.3,0.4,BLOCK_RANGE_ONLY,1.0,quadratic_minus_linear,temperature_equivalent,K,ESTIMABLE,0.0063478707197646145,-0.006025547431862321,0.018345009637705797,0.006237664540693471,0.024370557069568116,1000.0,0.0
atlanta,28145,2023-06-23,grid_03,0.3,0.4,BLOCK_RANGE_ONLY,1.0,quadratic_minus_linear,temperature_minus_equivalent,K,ESTIMABLE,0.014075335583301013,0.009143298103334918,0.018546297613688336,0.0024632823048429883,0.009402999510353418,1000.0,0.0
atlanta,28145,2023-06-23,grid_03,0.3,0.4,BLOCK_RANGE_ONLY,8.0,linear,temperature,K,ESTIMABLE,0.221804724576116,0.19925240405374994,0.24339321980080744,0.010987197571753465,0.0441408157470575,1000.0,0.0
atlanta,28145,2023-06-23,grid_03,0.3,0.4,BLOCK_RANGE_ONLY,8.0,linear,emitted_flux,W/m2,ESTIMABLE,1.4122495435618492,1.2608193091255118,1.547621300238083,0.07398500596044018,0.2868019911125712,1000.0,0.0
atlanta,28145,2023-06-23,grid_03,0.3,0.4,BLOCK_RANGE_ONLY,8.0,linear,temperature_equivalent,K,ESTIMABLE,0.21093387538570596,0.18829590924674022,0.2311753281707624,0.011061498230720428,0.04287941892402217,1000.0,0.0
atlanta,28145,2023-06-23,grid_03,0.3,0.4,BLOCK_RANGE_ONLY,8.0,linear,temperature_minus_equivalent,K,ESTIMABLE,0.010870849190410037,0.0013898357955515542,0.01971622517301997,0.004744287624158226,0.018326389377468416,1000.0,0.0
atlanta,28145,2023-06-23,grid_03,0.3,0.4,BLOCK_RANGE_ONLY,8.0,quadratic,temperature,K,ESTIMABLE,0.24222793087918162,0.21454438084252983,0.2684152483823071,0.014346953795987235,0.053870867539777295,1000.0,0.0
atlanta,28145,2023-06-23,grid_03,0.3,0.4,BLOCK_RANGE_ONLY,8.0,quadratic,emitted_flux,W/m2,ESTIMABLE,1.4547059499061719,1.2703401923769233,1.6266015559370042,0.09184786817344376,0.35626136356008087,1000.0,0.0
atlanta,28145,2023-06-23,grid_03,0.3,0.4,BLOCK_RANGE_ONLY,8.0,quadratic,temperature_equivalent,K,ESTIMABLE,0.21728174610547057,0.18971908348088676,0.24298665087854088,0.013732979083117498,0.05326756739765412,1000.0,0.0
atlanta,28145,2023-06-23,grid_03,0.3,0.4,BLOCK_RANGE_ONLY,8.0,quadratic,temperature_minus_equivalent,K,ESTIMABLE,0.02494618477371105,0.013206899844054015,0.03735603095354376,0.006162698101124097,0.024149131109489748,1000.0,0.0
atlanta,28145,2023-06-23,grid_03,0.3,0.4,BLOCK_RANGE_ONLY,8.0,quadratic_minus_linear,temperature,K,ESTIMABLE,0.020423206303065627,0.005062244046247699,0.03534714155300862,0.007740071502157479,0.030284897506760916,1000.0,0.0
atlanta,28145,2023-06-23,grid_03,0.3,0.4,BLOCK_RANGE_ONLY,8.0,quadratic_minus_linear,emitted_flux,W/m2,ESTIMABLE,0.042456406344322684,-0.06114948109484438,0.14612539552204712,0.0498411948449555,0.2072748766168915,1000.0,0.0
atlanta,28145,2023-06-23,grid_03,0.3,0.4,BLOCK_RANGE_ONLY,8.0,quadratic_minus_linear,temperature_equivalent,K,ESTIMABLE,0.0063478707197646145,-0.009142409690571184,0.021851617587456927,0.0074523060132603465,0.03099402727802811,1000.0,0.0
atlanta,28145,2023-06-23,grid_03,0.3,0.4,BLOCK_RANGE_ONLY,8.0,quadratic_minus_linear,temperature_minus_equivalent,K,ESTIMABLE,0.014075335583301013,0.008159146848942402,0.02022431896009089,0.0030870549031274818,0.012065172111148489,1000.0,0.0
atlanta,28145,2023-06-23,grid_04,0.4,0.5,BLOCK_RANGE_ONLY,1.0,linear,temperature,K,ESTIMABLE,0.22180472457611589,0.2046551830021606,0.2390428150125112,0.008535871380575396,0.03438763201035061,1000.0,0.0
atlanta,28145,2023-06-23,grid_04,0.4,0.5,BLOCK_RANGE_ONLY,1.0,linear,emitted_flux,W/m2,ESTIMABLE,1.4122495435618483,1.3028671751042036,1.5248222558218993,0.055759817529001825,0.22195508071769576,1000.0,0.0
atlanta,28145,2023-06-23,grid_04,0.4,0.5,BLOCK_RANGE_ONLY,1.0,linear,temperature_equivalent,K,ESTIMABLE,0.21093387538570596,0.19458133787962312,0.22776602894241335,0.008336662996305429,0.033184691062790234,1000.0,0.0
atlanta,28145,2023-06-23,grid_04,0.4,0.5,BLOCK_RANGE_ONLY,1.0,linear,temperature_minus_equivalent,K,ESTIMABLE,0.010870849190409926,0.004118372095895258,0.017608960919040052,0.0034731676242327767,0.013490588823144793,1000.0,0.0
atlanta,28145,2023-06-23,grid_04,0.4,0.5,BLOCK_RANGE_ONLY,1.0,quadratic,temperature,K,ESTIMABLE,0.22784623368677373,0.20985748812144758,0.2455782024978387,0.008868447939968174,0.03572071437639113,1000.0,0.0
atlanta,28145,2023-06-23,grid_04,0.4,0.5,BLOCK_RANGE_ONLY,1.0,quadratic,emitted_flux,W/m2,ESTIMABLE,1.4248088235264504,1.310358896399305,1.5417368013075365,0.0578338188263741,0.23137790490823162,1000.0,0.0
atlanta,28145,2023-06-23,grid_04,0.4,0.5,BLOCK_RANGE_ONLY,1.0,quadratic,temperature_equivalent,K,ESTIMABLE,0.21281163643595846,0.195701260203721,0.2302953676247114,0.008646908469552947,0.034594107420990394,1000.0,0.0
atlanta,28145,2023-06-23,grid_04,0.4,0.5,BLOCK_RANGE_ONLY,1.0,quadratic,temperature_minus_equivalent,K,ESTIMABLE,0.015034597250815268,0.00845484462159813,0.022105699176220146,0.003539173997432303,0.013650854554622015,1000.0,0.0
atlanta,28145,2023-06-23,grid_04,0.4,0.5,BLOCK_RANGE_ONLY,1.0,quadratic_minus_linear,temperature,K,ESTIMABLE,0.0060415091106578445,0.0024307870863687006,0.00957089977028549,0.0018899791930484524,0.00714011268391679,1000.0,0.0
atlanta,28145,2023-06-23,grid_04,0.4,0.5,BLOCK_RANGE_ONLY,1.0,quadratic_minus_linear,emitted_flux,W/m2,ESTIMABLE,0.012559279964602155,-0.012072297678672222,0.0360894351347072,0.01232837749881282,0.04816173281337942,1000.0,0.0
atlanta,28145,2023-06-23,grid_04,0.4,0.5,BLOCK_RANGE_ONLY,1.0,quadratic_minus_linear,temperature_equivalent,K,ESTIMABLE,0.0018777610502525022,-0.0018047189832472554,0.005395938732384309,0.0018432601239420135,0.0072006577156315645,1000.0,0.0
atlanta,28145,2023-06-23,grid_04,0.4,0.5,BLOCK_RANGE_ONLY,1.0,quadratic_minus_linear,temperature_minus_equivalent,K,ESTIMABLE,0.004163748060405342,0.002688954726155991,0.005532028053532325,0.0007340408578646648,0.0028430733273763337,1000.0,0.0
atlanta,28145,2023-06-23,grid_04,0.4,0.5,BLOCK_RANGE_ONLY,8.0,linear,temperature,K,ESTIMABLE,0.22180472457611589,0.19925240405374983,0.2433932198008073,0.010987197571753458,0.04414081574705747,1000.0,0.0
atlanta,28145,2023-06-23,grid_04,0.4,0.5,BLOCK_RANGE_ONLY,8.0,linear,emitted_flux,W/m2,ESTIMABLE,1.4122495435618483,1.260819309125511,1.547621300238082,0.07398500596044015,0.286801991112571,1000.0,0.0
atlanta,28145,2023-06-23,grid_04,0.4,0.5,BLOCK_RANGE_ONLY,8.0,linear,temperature_equivalent,K,ESTIMABLE,0.21093387538570596,0.18829590924674022,0.2311753281707624,0.011061498230720241,0.04287941892402217,1000.0,0.0
atlanta,28145,2023-06-23,grid_04,0.4,0.5,BLOCK_RANGE_ONLY,8.0,linear,temperature_minus_equivalent,K,ESTIMABLE,0.010870849190409926,0.0013898357955514432,0.019716225173019856,0.00474428762415819,0.018326389377468413,1000.0,0.0
atlanta,28145,2023-06-23,grid_04,0.4,0.5,BLOCK_RANGE_ONLY,8.0,quadratic,temperature,K,ESTIMABLE,0.22784623368677373,0.20522460501186285,0.25011930903961693,0.011474113157235809,0.044894704027754084,1000.0,0.0
atlanta,28145,2023-06-23,grid_04,0.4,0.5,BLOCK_RANGE_ONLY,8.0,quadratic,emitted_flux,W/m2,ESTIMABLE,1.4248088235264504,1.2662351097638553,1.5635893259205598,0.07621677024428947,0.29735421615670443,1000.0,0.0
atlanta,28145,2023-06-23,grid_04,0.4,0.5,BLOCK_RANGE_ONLY,8.0,quadratic,temperature_equivalent,K,ESTIMABLE,0.21281163643595846,0.1891054565061026,0.23356320380843557,0.011395348445298055,0.044457747302332956,1000.0,0.0
atlanta,28145,2023-06-23,grid_04,0.4,0.5,BLOCK_RANGE_ONLY,8.0,quadratic,temperature_minus_equivalent,K,ESTIMABLE,0.015034597250815268,0.0055753827985089675,0.024545715094568824,0.0050053531284124,0.018970332296059857,1000.0,0.0
atlanta,28145,2023-06-23,grid_04,0.4,0.5,BLOCK_RANGE_ONLY,8.0,quadratic_minus_linear,temperature,K,ESTIMABLE,0.0060415091106578445,0.0015535167738907722,0.010489346477607322,0.002237709794486955,0.00893582970371655,1000.0,0.0
atlanta,28145,2023-06-23,grid_04,0.4,0.5,BLOCK_RANGE_ONLY,8.0,quadratic_minus_linear,emitted_flux,W/m2,ESTIMABLE,0.012559279964602155,-0.019041383614674813,0.04115513593282004,0.014584619270182474,0.06019651954749485,1000.0,0.0
atlanta,28145,2023-06-23,grid_04,0.4,0.5,BLOCK_RANGE_ONLY,8.0,quadratic_minus_linear,temperature_equivalent,K,ESTIMABLE,0.0018777610502525022,-0.002846298291788685,0.006153172077478075,0.002180602621434657,0.00899947036926676,1000.0,0.0
atlanta,28145,2023-06-23,grid_04,0.4,0.5,BLOCK_RANGE_ONLY,8.0,quadratic_minus_linear,temperature_minus_equivalent,K,ESTIMABLE,0.004163748060405342,0.0024028151845427947,0.00618498271031747,0.0009813525726605158,0.0037821675257746754,1000.0,0.0
atlanta,28145,2023-06-23,grid_05,0.5,0.6,BLOCK_RANGE_ONLY,1.0,linear,temperature,K,ESTIMABLE,0.22180472457611589,0.2046551830021606,0.2390428150125112,0.008535871380575396,0.03438763201035061,1000.0,0.0
atlanta,28145,2023-06-23,grid_05,0.5,0.6,BLOCK_RANGE_ONLY,1.0,linear,emitted_flux,W/m2,ESTIMABLE,1.4122495435618483,1.3028671751042036,1.5248222558218993,0.055759817529001825,0.22195508071769576,1000.0,0.0
atlanta,28145,2023-06-23,grid_05,0.5,0.6,BLOCK_RANGE_ONLY,1.0,linear,temperature_equivalent,K,ESTIMABLE,0.21093387538570596,0.19458133787962312,0.22776602894241335,0.008336662996305429,0.033184691062790234,1000.0,0.0
atlanta,28145,2023-06-23,grid_05,0.5,0.6,BLOCK_RANGE_ONLY,1.0,linear,temperature_minus_equivalent,K,ESTIMABLE,0.010870849190409926,0.004118372095895258,0.017608960919040052,0.0034731676242327767,0.013490588823144793,1000.0,0.0
atlanta,28145,2023-06-23,grid_05,0.5,0.6,BLOCK_RANGE_ONLY,1.0,quadratic,temperature,K,ESTIMABLE,0.21346453649436592,0.19585883512531924,0.23126885326399294,0.00874192306061515,0.0354100181386737,1000.0,0.0
atlanta,28145,2023-06-23,grid_05,0.5,0.6,BLOCK_RANGE_ONLY,1.0,quadratic,emitted_flux,W/m2,ESTIMABLE,1.3949116971467297,1.2811737806153347,1.5075913295149759,0.05733399149078874,0.22641754889964116,1000.0,0.0
atlanta,28145,2023-06-23,grid_05,0.5,0.6,BLOCK_RANGE_ONLY,1.0,quadratic,temperature_equivalent,K,ESTIMABLE,0.20834171732741424,0.19133850351874598,0.2251894425830642,0.008571795942767288,0.033850939064318214,1000.0,0.0
atlanta,28145,2023-06-23,grid_05,0.5,0.6,BLOCK_RANGE_ONLY,1.0,quadratic,temperature_minus_equivalent,K,ESTIMABLE,0.005122819166951675,-0.0015918669688799547,0.012231916005708941,0.0035973744234370775,0.013823782974588895,1000.0,0.0
atlanta,28145,2023-06-23,grid_05,0.5,0.6,BLOCK_RANGE_ONLY,1.0,quadratic_minus_linear,temperature,K,ESTIMABLE,-0.008340188081749966,-0.013342245987802374,-0.0033660134586360915,0.0026382638636728495,0.009976232529166282,1000.0,0.0
atlanta,28145,2023-06-23,grid_05,0.5,0.6,BLOCK_RANGE_ONLY,1.0,quadratic_minus_linear,emitted_flux,W/m2,ESTIMABLE,-0.017337846415118596,-0.05017079237700729,0.016042634861971553,0.01708355976257353,0.06621342723897884,1000.0,0.0
atlanta,28145,2023-06-23,grid_05,0.5,0.6,BLOCK_RANGE_ONLY,1.0,quadratic_minus_linear,temperature_equivalent,K,ESTIMABLE,-0.002592158058291716,-0.007500861950808258,0.002398273649274074,0.002554118354535676,0.009899135600082331,1000.0,0.0
atlanta,28145,2023-06-23,grid_05,0.5,0.6,BLOCK_RANGE_ONLY,1.0,quadratic_minus_linear,temperature_minus_equivalent,K,ESTIMABLE,-0.00574803002345825,-0.007618859059916954,-0.0037367417077562278,0.0010149200291399258,0.003882117352160726,1000.0,0.0
atlanta,28145,2023-06-23,grid_05,0.5,0.6,BLOCK_RANGE_ONLY,8.0,linear,temperature,K,ESTIMABLE,0.22180472457611589,0.19925240405374983,0.2433932198008073,0.010987197571753458,0.04414081574705747,1000.0,0.0
atlanta,28145,2023-06-23,grid_05,0.5,0.6,BLOCK_RANGE_ONLY,8.0,linear,emitted_flux,W/m2,ESTIMABLE,1.4122495435618483,1.260819309125511,1.547621300238082,0.07398500596044015,0.286801991112571,1000.0,0.0
atlanta,28145,2023-06-23,grid_05,0.5,0.6,BLOCK_RANGE_ONLY,8.0,linear,temperature_equivalent,K,ESTIMABLE,0.21093387538570596,0.18829590924674022,0.2311753281707624,0.011061498230720241,0.04287941892402217,1000.0,0.0
atlanta,28145,2023-06-23,grid_05,0.5,0.6,BLOCK_RANGE_ONLY,8.0,linear,temperature_minus_equivalent,K,ESTIMABLE,0.010870849190409926,0.0013898357955514432,0.019716225173019856,0.00474428762415819,0.018326389377468413,1000.0,0.0
atlanta,28145,2023-06-23,grid_05,0.5,0.6,BLOCK_RANGE_ONLY,8.0,quadratic,temperature,K,ESTIMABLE,0.21346453649436592,0.1911430624315338,0.23501019750010463,0.010891230628555583,0.04386713506857082,1000.0,0.0
atlanta,28145,2023-06-23,grid_05,0.5,0.6,BLOCK_RANGE_ONLY,8.0,quadratic,emitted_flux,W/m2,ESTIMABLE,1.3949116971467297,1.2420666083536824,1.5405066254372015,0.07532281148706808,0.2984400170835191,1000.0,0.0
atlanta,28145,2023-06-23,grid_05,0.5,0.6,BLOCK_RANGE_ONLY,8.0,quadratic,temperature_equivalent,K,ESTIMABLE,0.20834171732741424,0.18549282612216586,0.2301114096151579,0.011261273533712136,0.04461858349299205,1000.0,0.0
atlanta,28145,2023-06-23,grid_05,0.5,0.6,BLOCK_RANGE_ONLY,8.0,quadratic,temperature_minus_equivalent,K,ESTIMABLE,0.005122819166951675,-0.00407665706934495,0.013692710680071517,0.004608833657428006,0.017769367749416468,1000.0,0.0
atlanta,28145,2023-06-23,grid_05,0.5,0.6,BLOCK_RANGE_ONLY,8.0,quadratic_minus_linear,temperature,K,ESTIMABLE,-0.008340188081749966,-0.01549976120001903,-0.0019833981946775748,0.003354016357838943,0.013516363005341455,1000.0,0.0
atlanta,28145,2023-06-23,grid_05,0.5,0.6,BLOCK_RANGE_ONLY,8.0,quadratic_minus_linear,emitted_flux,W/m2,ESTIMABLE,-0.017337846415118596,-0.06232668676824158,0.023610507691146976,0.02080486049750435,0.08593719445938855,1000.0,0.0
atlanta,28145,2023-06-23,grid_05,0.5,0.6,BLOCK_RANGE_ONLY,8.0,quadratic_minus_linear,temperature_equivalent,K,ESTIMABLE,-0.002592158058291716,-0.009318200043831836,0.0035303194266575132,0.0031104919013273456,0.01284851947048935,1000.0,0.0
atlanta,28145,2023-06-23,grid_05,0.5,0.6,BLOCK_RANGE_ONLY,8.0,quadratic_minus_linear,temperature_minus_equivalent,K,ESTIMABLE,-0.00574803002345825,-0.00811270460399346,-0.003317248510117289,0.0012288385151699415,0.004795456093876171,1000.0,0.0
atlanta,28145,2023-06-23,grid_06,0.6,0.7,BLOCK_RANGE_ONLY,1.0,linear,temperature,K,ESTIMABLE,0.22180472457611589,0.2046551830021606,0.2390428150125112,0.008535871380575396,0.03438763201035061,1000.0,0.0
atlanta,28145,2023-06-23,grid_06,0.6,0.7,BLOCK_RANGE_ONLY,1.0,linear,emitted_flux,W/m2,ESTIMABLE,1.4122495435618483,1.3028671751042036,1.5248222558218993,0.055759817529001825,0.22195508071769576,1000.0,0.0
atlanta,28145,2023-06-23,grid_06,0.6,0.7,BLOCK_RANGE_ONLY,1.0,linear,temperature_equivalent,K,ESTIMABLE,0.21093387538570596,0.19458133787962312,0.22776602894241335,0.008336662996305429,0.033184691062790234,1000.0,0.0
atlanta,28145,2023-06-23,grid_06,0.6,0.7,BLOCK_RANGE_ONLY,1.0,linear,temperature_minus_equivalent,K,ESTIMABLE,0.010870849190409926,0.004118372095895258,0.017608960919040052,0.0034731676242327767,0.013490588823144793,1000.0,0.0
atlanta,28145,2023-06-23,grid_06,0.6,0.7,BLOCK_RANGE_ONLY,1.0,quadratic,temperature,K,ESTIMABLE,0.19908283930195816,0.17778102969794446,0.22035317809354188,0.010722873076025308,0.04257214839559742,1000.0,0.0
atlanta,28145,2023-06-23,grid_06,0.6,0.7,BLOCK_RANGE_ONLY,1.0,quadratic,emitted_flux,W/m2,ESTIMABLE,1.3650145707670092,1.2257855809215124,1.5063358441680654,0.07041224192585659,0.2805502632465531,1000.0,0.0
atlanta,28145,2023-06-23,grid_06,0.6,0.7,BLOCK_RANGE_ONLY,1.0,quadratic,temperature_equivalent,K,ESTIMABLE,0.20387198876085222,0.18305926034649075,0.22500170898401137,0.010526624188380043,0.04194244863752061,1000.0,0.0
atlanta,28145,2023-06-23,grid_06,0.6,0.7,BLOCK_RANGE_ONLY,1.0,quadratic,temperature_minus_equivalent,K,ESTIMABLE,-0.004789149458894054,-0.013319728292149011,0.0043104198357910095,0.004401823694462676,0.01763014812794002,1000.0,0.0
atlanta,28145,2023-06-23,grid_06,0.6,0.7,BLOCK_RANGE_ONLY,1.0,quadratic_minus_linear,temperature,K,ESTIMABLE,-0.02272188527415772,-0.0360732591437903,-0.009296415350908725,0.0071509292649006235,0.026776843792881578,1000.0,0.0
atlanta,28145,2023-06-23,grid_06,0.6,0.7,BLOCK_RANGE_ONLY,1.0,quadratic_minus_linear,emitted_flux,W/m2,ESTIMABLE,-0.047234972794839125,-0.1364494985357095,0.04422825097374875,0.046475460074163394,0.18067774950945825,1000.0,0.0
atlanta,28145,2023-06-23,grid_06,0.6,0.7,BLOCK_RANGE_ONLY,1.0,quadratic_minus_linear,temperature_equivalent,K,ESTIMABLE,-0.0070618866248537415,-0.02039888132647576,0.0066124665906258425,0.006948137966037768,0.0270113479171016,1000.0,0.0
atlanta,28145,2023-06-23,grid_06,0.6,0.7,BLOCK_RANGE_ONLY,1.0,quadratic_minus_linear,temperature_minus_equivalent,K,ESTIMABLE,-0.01565999864930398,-0.020695897434556923,-0.010156065378560421,0.0027460986586301172,0.010539832055996502,1000.0,0.0
atlanta,28145,2023-06-23,grid_06,0.6,0.7,BLOCK_RANGE_ONLY,8.0,linear,temperature,K,ESTIMABLE,0.22180472457611589,0.19925240405374983,0.2433932198008073,0.010987197571753458,0.04414081574705747,1000.0,0.0
atlanta,28145,2023-06-23,grid_06,0.6,0.7,BLOCK_RANGE_ONLY,8.0,linear,emitted_flux,W/m2,ESTIMABLE,1.4122495435618483,1.260819309125511,1.547621300238082,0.07398500596044015,0.286801991112571,1000.0,0.0
atlanta,28145,2023-06-23,grid_06,0.6,0.7,BLOCK_RANGE_ONLY,8.0,linear,temperature_equivalent,K,ESTIMABLE,0.21093387538570596,0.18829590924674022,0.2311753281707624,0.011061498230720241,0.04287941892402217,1000.0,0.0
atlanta,28145,2023-06-23,grid_06,0.6,0.7,BLOCK_RANGE_ONLY,8.0,linear,temperature_minus_equivalent,K,ESTIMABLE,0.010870849190409926,0.0013898357955514432,0.019716225173019856,0.00474428762415819,0.018326389377468413,1000.0,0.0
atlanta,28145,2023-06-23,grid_06,0.6,0.7,BLOCK_RANGE_ONLY,8.0,quadratic,temperature,K,ESTIMABLE,0.19908283930195816,0.17345460334383328,0.2238724365158426,0.012912241432152605,0.05041783317200932,1000.0,0.0
atlanta,28145,2023-06-23,grid_06,0.6,0.7,BLOCK_RANGE_ONLY,8.0,quadratic,emitted_flux,W/m2,ESTIMABLE,1.3650145707670092,1.1995305328836605,1.5466973216327236,0.08960814962682276,0.34716678874906304,1000.0,0.0
atlanta,28145,2023-06-23,grid_06,0.6,0.7,BLOCK_RANGE_ONLY,8.0,quadratic,temperature_equivalent,K,ESTIMABLE,0.20387198876085222,0.1791349716984513,0.23103715709332986,0.013396510215894736,0.051902185394878564,1000.0,0.0
atlanta,28145,2023-06-23,grid_06,0.6,0.7,BLOCK_RANGE_ONLY,8.0,quadratic,temperature_minus_equivalent,K,ESTIMABLE,-0.004789149458894054,-0.014738219753987251,0.0051328078106508464,0.0051518488584901614,0.0198710275646381,1000.0,0.0
atlanta,28145,2023-06-23,grid_06,0.6,0.7,BLOCK_RANGE_ONLY,8.0,quadratic_minus_linear,temperature,K,ESTIMABLE,-0.02272188527415772,-0.04093797399064092,-0.005550989520803262,0.008867634897278712,0.03538698446983766,1000.0,0.0
atlanta,28145,2023-06-23,grid_06,0.6,0.7,BLOCK_RANGE_ONLY,8.0,quadratic_minus_linear,emitted_flux,W/m2,ESTIMABLE,-0.047234972794839125,-0.1672481859651826,0.06495545834520386,0.05607618038673934,0.23220364431038645,1000.0,0.0
atlanta,28145,2023-06-23,grid_06,0.6,0.7,BLOCK_RANGE_ONLY,8.0,quadratic_minus_linear,temperature_equivalent,K,ESTIMABLE,-0.0070618866248537415,-0.025009209681624612,0.00970869160784673,0.008383441222782477,0.034717901289471345,1000.0,0.0
atlanta,28145,2023-06-23,grid_06,0.6,0.7,BLOCK_RANGE_ONLY,8.0,quadratic_minus_linear,temperature_minus_equivalent,K,ESTIMABLE,-0.01565999864930398,-0.02231029484338805,-0.008988465955022939,0.0033421874436123473,0.013321828888365113,1000.0,0.0
atlanta,28145,2023-06-23,grid_07,0.7,0.8,BLOCK_RANGE_ONLY,1.0,linear,temperature,K,ESTIMABLE,0.22180472457611614,0.20465518300216082,0.23904281501251148,0.008535871380575405,0.034387632010350666,1000.0,0.0
atlanta,28145,2023-06-23,grid_07,0.7,0.8,BLOCK_RANGE_ONLY,1.0,linear,emitted_flux,W/m2,ESTIMABLE,1.4122495435618498,1.3028671751042051,1.524822255821901,0.05575981752900187,0.22195508071769576,1000.0,0.0
atlanta,28145,2023-06-23,grid_07,0.7,0.8,BLOCK_RANGE_ONLY,1.0,linear,temperature_equivalent,K,ESTIMABLE,0.21093387538570596,0.19458133787962312,0.22776602894241335,0.008336662996305427,0.033184691062790234,1000.0,0.0
atlanta,28145,2023-06-23,grid_07,0.7,0.8,BLOCK_RANGE_ONLY,1.0,linear,temperature_minus_equivalent,K,ESTIMABLE,0.010870849190410176,0.004118372095895508,0.017608960919040302,0.003473167624232835,0.013490588823144793,1000.0,0.0
atlanta,28145,2023-06-23,grid_07,0.7,0.8,BLOCK_RANGE_ONLY,1.0,quadratic,temperature,K,ESTIMABLE,0.18470114210955055,0.15698282658713705,0.2130574410228962,0.013940076523621638,0.056074614435759146,1000.0,0.0
atlanta,28145,2023-06-23,grid_07,0.7,0.8,BLOCK_RANGE_ONLY,1.0,quadratic,emitted_flux,W/m2,ESTIMABLE,1.33511744438729,1.1489805120597816,1.5142711235656876,0.09141576613648471,0.365290611505906,1000.0,0.0
atlanta,28145,2023-06-23,grid_07,0.7,0.8,BLOCK_RANGE_ONLY,1.0,quadratic,temperature_equivalent,K,ESTIMABLE,0.19940245071740037,0.17157977649431047,0.22618828248362632,0.013666083868052112,0.05460850598931585,1000.0,0.0
atlanta,28145,2023-06-23,grid_07,0.7,0.8,BLOCK_RANGE_ONLY,1.0,quadratic,temperature_minus_equivalent,K,ESTIMABLE,-0.014701308607849822,-0.025241138842108674,-0.0036232271135228735,0.0056418223426199935,0.0216179117285858,1000.0,0.0
atlanta,28145,2023-06-23,grid_07,0.7,0.8,BLOCK_RANGE_ONLY,1.0,quadratic_minus_linear,temperature,K,ESTIMABLE,-0.03710358246656559,-0.0588435434034541,-0.01523590131769817,0.011666108209763335,0.04360764208575593,1000.0,0.0
atlanta,28145,2023-06-23,grid_07,0.7,0.8,BLOCK_RANGE_ONLY,1.0,quadratic_minus_linear,emitted_flux,W/m2,ESTIMABLE,-0.07713209917455988,-0.22274647594528202,0.07242610073498688,0.07587061365630618,0.2951725766802689,1000.0,0.0
atlanta,28145,2023-06-23,grid_07,0.7,0.8,BLOCK_RANGE_ONLY,1.0,quadratic_minus_linear,temperature_equivalent,K,ESTIMABLE,-0.01153142466830559,-0.03329802972591409,0.01082875446595466,0.01134228101780943,0.04412678419186875,1000.0,0.0
atlanta,28145,2023-06-23,grid_07,0.7,0.8,BLOCK_RANGE_ONLY,1.0,quadratic_minus_linear,temperature_minus_equivalent,K,ESTIMABLE,-0.025572157798259998,-0.033827888789907466,-0.01650071504596047,0.00448010724541618,0.017327173743946996,1000.0,0.0
atlanta,28145,2023-06-23,grid_07,0.7,0.8,BLOCK_RANGE_ONLY,8.0,linear,temperature,K,ESTIMABLE,0.22180472457611614,0.19925240405375005,0.24339321980080758,0.010987197571753472,0.04414081574705753,1000.0,0.0
atlanta,28145,2023-06-23,grid_07,0.7,0.8,BLOCK_RANGE_ONLY,8.0,linear,emitted_flux,W/m2,ESTIMABLE,1.4122495435618498,1.2608193091255124,1.5476213002380836,0.07398500596044023,0.2868019911125712,1000.0,0.0
atlanta,28145,2023-06-23,grid_07,0.7,0.8,BLOCK_RANGE_ONLY,8.0,linear,temperature_equivalent,K,ESTIMABLE,0.21093387538570596,0.18829590924674022,0.2311753281707624,0.011061498230720428,0.04287941892402217,1000.0,0.0
atlanta,28145,2023-06-23,grid_07,0.7,0.8,BLOCK_RANGE_ONLY,8.0,linear,temperature_minus_equivalent,K,ESTIMABLE,0.010870849190410176,0.0013898357955516923,0.01971622517302011,0.004744287624158228,0.018326389377468416,1000.0,0.0
atlanta,28145,2023-06-23,grid_07,0.7,0.8,BLOCK_RANGE_ONLY,8.0,quadratic,temperature,K,ESTIMABLE,0.18470114210955055,0.15241432454197718,0.21728282242315727,0.01661254030359254,0.0648684978811801,1000.0,0.0
atlanta,28145,2023-06-23,grid_07,0.7,0.8,BLOCK_RANGE_ONLY,8.0,quadratic,emitted_flux,W/m2,ESTIMABLE,1.33511744438729,1.120670834047351,1.5626736662092326,0.11347810235525994,0.44200283216188163,1000.0,0.0
atlanta,28145,2023-06-23,grid_07,0.7,0.8,BLOCK_RANGE_ONLY,8.0,quadratic,temperature_equivalent,K,ESTIMABLE,0.19940245071740037,0.1673488558905703,0.23342627361328708,0.01696435716820613,0.06607741772271677,1000.0,0.0
atlanta,28145,2023-06-23,grid_07,0.7,0.8,BLOCK_RANGE_ONLY,8.0,quadratic,temperature_minus_equivalent,K,ESTIMABLE,-0.014701308607849822,-0.026600349890361842,-0.0017938264539346413,0.006399491774527567,0.0248065234364272,1000.0,0.0
atlanta,28145,2023-06-23,grid_07,0.7,0.8,BLOCK_RANGE_ONLY,8.0,quadratic_minus_linear,temperature,K,ESTIMABLE,-0.03710358246656559,-0.0662230289062788,-0.008989502138907255,0.014393189846336921,0.05723352676737155,1000.0,0.0
atlanta,28145,2023-06-23,grid_07,0.7,0.8,BLOCK_RANGE_ONLY,8.0,quadratic_minus_linear,emitted_flux,W/m2,ESTIMABLE,-0.07713209917455988,-0.27312689057924283,0.10647421844618778,0.09136628742918675,0.3796011090254306,1000.0,0.0
atlanta,28145,2023-06-23,grid_07,0.7,0.8,BLOCK_RANGE_ONLY,8.0,quadratic_minus_linear,temperature_equivalent,K,ESTIMABLE,-0.01153142466830559,-0.04083854300867955,0.015914846314718994,0.013658720423456705,0.056753389323398545,1000.0,0.0
atlanta,28145,2023-06-23,grid_07,0.7,0.8,BLOCK_RANGE_ONLY,8.0,quadratic_minus_linear,temperature_minus_equivalent,K,ESTIMABLE,-0.025572157798259998,-0.03655462325736064,-0.014782342098332903,0.00547201143210106,0.02177228115902774,1000.0,0.0
atlanta,28145,2023-06-23,grid_08,0.8,0.9,BLOCK_RANGE_ONLY,1.0,linear,temperature,K,ESTIMABLE,0.22180472457611589,0.2046551830021606,0.2390428150125112,0.008535871380575396,0.03438763201035061,1000.0,0.0
atlanta,28145,2023-06-23,grid_08,0.8,0.9,BLOCK_RANGE_ONLY,1.0,linear,emitted_flux,W/m2,ESTIMABLE,1.4122495435618483,1.3028671751042036,1.5248222558218993,0.055759817529001825,0.22195508071769576,1000.0,0.0
atlanta,28145,2023-06-23,grid_08,0.8,0.9,BLOCK_RANGE_ONLY,1.0,linear,temperature_equivalent,K,ESTIMABLE,0.21093387538570596,0.19458133787962312,0.22776602894241335,0.008336662996305429,0.033184691062790234,1000.0,0.0
atlanta,28145,2023-06-23,grid_08,0.8,0.9,BLOCK_RANGE_ONLY,1.0,linear,temperature_minus_equivalent,K,ESTIMABLE,0.010870849190409926,0.004118372095895258,0.017608960919040052,0.0034731676242327767,0.013490588823144793,1000.0,0.0
atlanta,28145,2023-06-23,grid_08,0.8,0.9,BLOCK_RANGE_ONLY,1.0,quadratic,temperature,K,ESTIMABLE,0.17031944491714263,0.13509908495036135,0.20518483129150522,0.017732974884021816,0.07008574634114387,1000.0,0.0
atlanta,28145,2023-06-23,grid_08,0.8,0.9,BLOCK_RANGE_ONLY,1.0,quadratic,emitted_flux,W/m2,ESTIMABLE,1.3052203180075679,1.0792070768128974,1.5365018365352265,0.11612089405507973,0.45729475972232914,1000.0,0.0
atlanta,28145,2023-06-23,grid_08,0.8,0.9,BLOCK_RANGE_ONLY,1.0,quadratic,temperature_equivalent,K,ESTIMABLE,0.194933103178073,0.16115234801914086,0.22951254379954947,0.017358635133352278,0.06836019578040861,1000.0,0.0
atlanta,28145,2023-06-23,grid_08,0.8,0.9,BLOCK_RANGE_ONLY,1.0,quadratic,temperature_minus_equivalent,K,ESTIMABLE,-0.02461365826093037,-0.03795186354932662,-0.010718213027965372,0.007092459804993517,0.02723365052136125,1000.0,0.0
atlanta,28145,2023-06-23,grid_08,0.8,0.9,BLOCK_RANGE_ONLY,1.0,quadratic_minus_linear,temperature,K,ESTIMABLE,-0.05148527965897326,-0.08173488700220027,-0.02117538728448753,0.01618169677275055,0.06055949971771274,1000.0,0.0
atlanta,28145,2023-06-23,grid_08,0.8,0.9,BLOCK_RANGE_ONLY,1.0,quadratic_minus_linear,emitted_flux,W/m2,ESTIMABLE,-0.1070292255542804,-0.3090434533548532,0.10060881880600892,0.10526629515946347,0.40965227216086214,1000.0,0.0
atlanta,28145,2023-06-23,grid_08,0.8,0.9,BLOCK_RANGE_ONLY,1.0,quadratic_minus_linear,temperature_equivalent,K,ESTIMABLE,-0.016000772207632963,-0.046195591615766314,0.015042782601449289,0.015736140145231184,0.061238374217215605,1000.0,0.0
atlanta,28145,2023-06-23,grid_08,0.8,0.9,BLOCK_RANGE_ONLY,1.0,quadratic_minus_linear,temperature_minus_equivalent,K,ESTIMABLE,-0.0354845074513403,-0.0469988496724876,-0.022918526598519222,0.006214542033442368,0.02408032307396838,1000.0,0.0
atlanta,28145,2023-06-23,grid_08,0.8,0.9,BLOCK_RANGE_ONLY,8.0,linear,temperature,K,ESTIMABLE,0.22180472457611589,0.19925240405374983,0.2433932198008073,0.010987197571753458,0.04414081574705747,1000.0,0.0
atlanta,28145,2023-06-23,grid_08,0.8,0.9,BLOCK_RANGE_ONLY,8.0,linear,emitted_flux,W/m2,ESTIMABLE,1.4122495435618483,1.260819309125511,1.547621300238082,0.07398500596044015,0.286801991112571,1000.0,0.0
atlanta,28145,2023-06-23,grid_08,0.8,0.9,BLOCK_RANGE_ONLY,8.0,linear,temperature_equivalent,K,ESTIMABLE,0.21093387538570596,0.18829590924674022,0.2311753281707624,0.011061498230720241,0.04287941892402217,1000.0,0.0
atlanta,28145,2023-06-23,grid_08,0.8,0.9,BLOCK_RANGE_ONLY,8.0,linear,temperature_minus_equivalent,K,ESTIMABLE,0.010870849190409926,0.0013898357955514432,0.019716225173019856,0.00474428762415819,0.018326389377468413,1000.0,0.0
atlanta,28145,2023-06-23,grid_08,0.8,0.9,BLOCK_RANGE_ONLY,8.0,quadratic,temperature,K,ESTIMABLE,0.17031944491714263,0.12903925547391462,0.21252652654692214,0.021127481019119338,0.08348727107300752,1000.0,0.0
atlanta,28145,2023-06-23,grid_08,0.8,0.9,BLOCK_RANGE_ONLY,8.0,quadratic,emitted_flux,W/m2,ESTIMABLE,1.3052203180075679,1.0349412829820337,1.5882581272999883,0.14218475176382178,0.5533168443179546,1000.0,0.0
atlanta,28145,2023-06-23,grid_08,0.8,0.9,BLOCK_RANGE_ONLY,8.0,quadratic,temperature_equivalent,K,ESTIMABLE,0.194933103178073,0.15453749676990042,0.23725230965694663,0.021254879688179087,0.08271481288704621,1000.0,0.0
atlanta,28145,2023-06-23,grid_08,0.8,0.9,BLOCK_RANGE_ONLY,8.0,quadratic,temperature_minus_equivalent,K,ESTIMABLE,-0.02461365826093037,-0.04017136583126911,-0.008621695614063694,0.008029728093441775,0.031549670217205415,1000.0,0.0
atlanta,28145,2023-06-23,grid_08,0.8,0.9,BLOCK_RANGE_ONLY,8.0,quadratic_minus_linear,temperature,K,ESTIMABLE,-0.05148527965897326,-0.09151107976026163,-0.0125019615851,0.01992075102932695,0.07900911817516162,1000.0,0.0
atlanta,28145,2023-06-23,grid_08,0.8,0.9,BLOCK_RANGE_ONLY,8.0,quadratic_minus_linear,emitted_flux,W/m2,ESTIMABLE,-0.1070292255542804,-0.37852779960772787,0.14829099312743568,0.12665947906019664,0.5268187927351635,1000.0,0.0
atlanta,28145,2023-06-23,grid_08,0.8,0.9,BLOCK_RANGE_ONLY,8.0,quadratic_minus_linear,temperature_equivalent,K,ESTIMABLE,-0.016000772207632963,-0.05658393849718664,0.02217417714124251,0.018933982024381714,0.07875811563842915,1000.0,0.0
atlanta,28145,2023-06-23,grid_08,0.8,0.9,BLOCK_RANGE_ONLY,8.0,quadratic_minus_linear,temperature_minus_equivalent,K,ESTIMABLE,-0.0354845074513403,-0.050777943651708866,-0.020570676559671174,0.007604436932425514,0.030207267092037693,1000.0,0.0
atlanta,28145,2023-06-23,grid_09,0.9,1.0,NO_SPANNING_BLOCKS,,,,,NOT_ESTIMATED_NO_REFERENCE_BLOCKS,,,,,,,
atlanta,28598,2023-07-22,near_-0.02,0.008509538620710373,0.10850953862071037,BLOCK_RANGE_ONLY,1.0,linear,temperature,K,ESTIMABLE,0.1608455050969203,0.14983321038667674,0.17151255976828422,0.005521318699122113,0.021679349381607482,1000.0,0.0
atlanta,28598,2023-07-22,near_-0.02,0.008509538620710373,0.10850953862071037,BLOCK_RANGE_ONLY,1.0,linear,emitted_flux,W/m2,ESTIMABLE,0.8826717524276035,0.8047468841977984,0.955175907734796,0.038853328421086,0.1504290235369976,1000.0,0.0
atlanta,28598,2023-07-22,near_-0.02,0.008509538620710373,0.10850953862071037,BLOCK_RANGE_ONLY,1.0,linear,temperature_equivalent,K,ESTIMABLE,0.13178631126720575,0.12014516109017279,0.14261882485686073,0.005804593171043789,0.02247366376668794,1000.0,0.0
atlanta,28598,2023-07-22,near_-0.02,0.008509538620710373,0.10850953862071037,BLOCK_RANGE_ONLY,1.0,linear,temperature_minus_equivalent,K,ESTIMABLE,0.029059193829714558,0.02478252540217063,0.033221105770182946,0.0021169085147689243,0.008438580368012316,1000.0,0.0
atlanta,28598,2023-07-22,near_-0.02,0.008509538620710373,0.10850953862071037,BLOCK_RANGE_ONLY,1.0,quadratic,temperature,K,ESTIMABLE,0.2601737980739845,0.2303647786864362,0.28826009370336203,0.015091874776789284,0.057895315016925825,1000.0,0.0
atlanta,28598,2023-07-22,near_-0.02,0.008509538620710373,0.10850953862071037,BLOCK_RANGE_ONLY,1.0,quadratic,emitted_flux,W/m2,ESTIMABLE,1.3633664035962356,1.1504120289370443,1.5608243284529297,0.10532867070357524,0.4104122995158854,1000.0,0.0
atlanta,28598,2023-07-22,near_-0.02,0.008509538620710373,0.10850953862071037,BLOCK_RANGE_ONLY,1.0,quadratic,temperature_equivalent,K,ESTIMABLE,0.20362558734677805,0.17179372320508718,0.233149719240663,0.0157464466053032,0.061355996035575816,1000.0,0.0
atlanta,28598,2023-07-22,near_-0.02,0.008509538620710373,0.10850953862071037,BLOCK_RANGE_ONLY,1.0,quadratic,temperature_minus_equivalent,K,ESTIMABLE,0.05654821072720645,0.046421088750301875,0.06747705289894082,0.005277954358392305,0.021055964148638945,1000.0,0.0
atlanta,28598,2023-07-22,near_-0.02,0.008509538620710373,0.10850953862071037,BLOCK_RANGE_ONLY,1.0,quadratic_minus_linear,temperature,K,ESTIMABLE,0.09932829297706419,0.0726571742928415,0.12530568684185386,0.01349015552553882,0.05264851254901236,1000.0,0.0
atlanta,28598,2023-07-22,near_-0.02,0.008509538620710373,0.10850953862071037,BLOCK_RANGE_ONLY,1.0,quadratic_minus_linear,emitted_flux,W/m2,ESTIMABLE,0.4806946511686321,0.29824568847775745,0.6522730901978809,0.09392087709323554,0.3540274017201235,1000.0,0.0
atlanta,28598,2023-07-22,near_-0.02,0.008509538620710373,0.10850953862071037,BLOCK_RANGE_ONLY,1.0,quadratic_minus_linear,temperature_equivalent,K,ESTIMABLE,0.0718392760795723,0.044566636361319925,0.0974854712571215,0.01404141929210594,0.05291883489580157,1000.0,0.0
atlanta,28598,2023-07-22,near_-0.02,0.008509538620710373,0.10850953862071037,BLOCK_RANGE_ONLY,1.0,quadratic_minus_linear,temperature_minus_equivalent,K,ESTIMABLE,0.02748901689749189,0.01814586267916508,0.037278124519039516,0.004881822215767492,0.019132261839874435,1000.0,0.0
atlanta,28598,2023-07-22,near_-0.02,0.008509538620710373,0.10850953862071037,BLOCK_RANGE_ONLY,8.0,linear,temperature,K,ESTIMABLE,0.1608455050969203,0.14257997209805476,0.17810509267000338,0.009340117590545382,0.03552512057194862,1000.0,0.0
atlanta,28598,2023-07-22,near_-0.02,0.008509538620710373,0.10850953862071037,BLOCK_RANGE_ONLY,8.0,linear,emitted_flux,W/m2,ESTIMABLE,0.8826717524276035,0.7559288205152808,1.0037447459183382,0.06436655801766952,0.2478159254030574,1000.0,0.0
atlanta,28598,2023-07-22,near_-0.02,0.008509538620710373,0.10850953862071037,BLOCK_RANGE_ONLY,8.0,linear,temperature_equivalent,K,ESTIMABLE,0.13178631126720575,0.11285291752104457,0.1498758982354346,0.009616190856615556,0.03702298071439003,1000.0,0.0
atlanta,28598,2023-07-22,near_-0.02,0.008509538620710373,0.10850953862071037,BLOCK_RANGE_ONLY,8.0,linear,temperature_minus_equivalent,K,ESTIMABLE,0.029059193829714558,0.02422121882871852,0.03440084113901595,0.002637306707978919,0.010179622310297433,1000.0,0.0
atlanta,28598,2023-07-22,near_-0.02,0.008509538620710373,0.10850953862071037,BLOCK_RANGE_ONLY,8.0,quadratic,temperature,K,ESTIMABLE,0.2601737980739845,0.22368731546089177,0.29659501928833093,0.019121372437660156,0.07290770382743916,1000.0,0.0
atlanta,28598,2023-07-22,near_-0.02,0.008509538620710373,0.10850953862071037,BLOCK_RANGE_ONLY,8.0,quadratic,emitted_flux,W/m2,ESTIMABLE,1.3633664035962356,1.1117523478142577,1.6247524445063481,0.1351380722617266,0.5130000966920905,1000.0,0.0
atlanta,28598,2023-07-22,near_-0.02,0.008509538620710373,0.10850953862071037,BLOCK_RANGE_ONLY,8.0,quadratic,temperature_equivalent,K,ESTIMABLE,0.20362558734677805,0.1660160111247208,0.24271010511342153,0.02020327548119518,0.07669409398870072,1000.0,0.0
atlanta,28598,2023-07-22,near_-0.02,0.008509538620710373,0.10850953862071037,BLOCK_RANGE_ONLY,8.0,quadratic,temperature_minus_equivalent,K,ESTIMABLE,0.05654821072720645,0.04334680986484283,0.06918496777540717,0.006608140069636815,0.02583815791056434,1000.0,0.0
atlanta,28598,2023-07-22,near_-0.02,0.008509538620710373,0.10850953862071037,BLOCK_RANGE_ONLY,8.0,quadratic_minus_linear,temperature,K,ESTIMABLE,0.09932829297706419,0.07108815614023514,0.1294761582203241,0.014436337536155995,0.05838800208008896,1000.0,0.0
atlanta,28598,2023-07-22,near_-0.02,0.008509538620710373,0.10850953862071037,BLOCK_RANGE_ONLY,8.0,quadratic_minus_linear,emitted_flux,W/m2,ESTIMABLE,0.4806946511686321,0.2885267877705137,0.6783192581011387,0.10103146150542475,0.389792470330625,1000.0,0.0
atlanta,28598,2023-07-22,near_-0.02,0.008509538620710373,0.10850953862071037,BLOCK_RANGE_ONLY,8.0,quadratic_minus_linear,temperature_equivalent,K,ESTIMABLE,0.0718392760795723,0.04311889178839721,0.10141645798158833,0.015106249139601168,0.05829756619319112,1000.0,0.0
atlanta,28598,2023-07-22,near_-0.02,0.008509538620710373,0.10850953862071037,BLOCK_RANGE_ONLY,8.0,quadratic_minus_linear,temperature_minus_equivalent,K,ESTIMABLE,0.02748901689749189,0.014989914237909083,0.038793324767762774,0.0062014136794648475,0.023803410529853693,1000.0,0.0
atlanta,28598,2023-07-22,near_-0.01,0.01850953862071037,0.11850953862071037,BLOCK_RANGE_ONLY,1.0,linear,temperature,K,ESTIMABLE,0.1608455050969203,0.14983321038667674,0.17151255976828422,0.005521318699122113,0.021679349381607482,1000.0,0.0
atlanta,28598,2023-07-22,near_-0.01,0.01850953862071037,0.11850953862071037,BLOCK_RANGE_ONLY,1.0,linear,emitted_flux,W/m2,ESTIMABLE,0.8826717524276035,0.8047468841977984,0.955175907734796,0.038853328421086,0.1504290235369976,1000.0,0.0
atlanta,28598,2023-07-22,near_-0.01,0.01850953862071037,0.11850953862071037,BLOCK_RANGE_ONLY,1.0,linear,temperature_equivalent,K,ESTIMABLE,0.13178631126720575,0.12014516109017279,0.14261882485686073,0.005804593171043789,0.02247366376668794,1000.0,0.0
atlanta,28598,2023-07-22,near_-0.01,0.01850953862071037,0.11850953862071037,BLOCK_RANGE_ONLY,1.0,linear,temperature_minus_equivalent,K,ESTIMABLE,0.029059193829714558,0.02478252540217063,0.033221105770182946,0.0021169085147689243,0.008438580368012316,1000.0,0.0
atlanta,28598,2023-07-22,near_-0.01,0.01850953862071037,0.11850953862071037,BLOCK_RANGE_ONLY,1.0,quadratic,temperature,K,ESTIMABLE,0.257867169853764,0.22864004049595088,0.28534117157285016,0.014800601945462281,0.05670113107689928,1000.0,0.0
atlanta,28598,2023-07-22,near_-0.01,0.01850953862071037,0.11850953862071037,BLOCK_RANGE_ONLY,1.0,quadratic,emitted_flux,W/m2,ESTIMABLE,1.3522035836739135,1.1431723563570086,1.5479721025639037,0.10330325278762419,0.4047997462068951,1000.0,0.0
atlanta,28598,2023-07-22,near_-0.01,0.01850953862071037,0.11850953862071037,BLOCK_RANGE_ONLY,1.0,quadratic,temperature_equivalent,K,ESTIMABLE,0.20195675815045888,0.1707117256555179,0.23122778694148707,0.015443408415314658,0.060516061285969175,1000.0,0.0
atlanta,28598,2023-07-22,near_-0.01,0.01850953862071037,0.11850953862071037,BLOCK_RANGE_ONLY,1.0,quadratic,temperature_minus_equivalent,K,ESTIMABLE,0.05591041170330513,0.04597426314417285,0.0665853477299753,0.005174268552975797,0.020611084585802457,1000.0,0.0
atlanta,28598,2023-07-22,near_-0.01,0.01850953862071037,0.11850953862071037,BLOCK_RANGE_ONLY,1.0,quadratic_minus_linear,temperature,K,ESTIMABLE,0.0970216647568437,0.07097311428806508,0.12238382271052661,0.013176979175978439,0.05141070842246154,1000.0,0.0
atlanta,28598,2023-07-22,near_-0.01,0.01850953862071037,0.11850953862071037,BLOCK_RANGE_ONLY,1.0,quadratic_minus_linear,emitted_flux,W/m2,ESTIMABLE,0.4695318312463099,0.2913122350775094,0.6371755548507078,0.09174025892761833,0.34586331977319834,1000.0,0.0
atlanta,28598,2023-07-22,near_-0.01,0.01850953862071037,0.11850953862071037,BLOCK_RANGE_ONLY,1.0,quadratic_minus_linear,temperature_equivalent,K,ESTIMABLE,0.07017044688325313,0.04353036040351839,0.09522804432889558,0.013715196394943256,0.051697683925377186,1000.0,0.0
atlanta,28598,2023-07-22,near_-0.01,0.01850953862071037,0.11850953862071037,BLOCK_RANGE_ONLY,1.0,quadratic_minus_linear,temperature_minus_equivalent,K,ESTIMABLE,0.02685121787359057,0.017724907751334593,0.03641384097353688,0.0047684370199784065,0.018688933222202286,1000.0,0.0
atlanta,28598,2023-07-22,near_-0.01,0.01850953862071037,0.11850953862071037,BLOCK_RANGE_ONLY,8.0,linear,temperature,K,ESTIMABLE,0.1608455050969203,0.14257997209805476,0.17810509267000338,0.009340117590545382,0.03552512057194862,1000.0,0.0
atlanta,28598,2023-07-22,near_-0.01,0.01850953862071037,0.11850953862071037,BLOCK_RANGE_ONLY,8.0,linear,emitted_flux,W/m2,ESTIMABLE,0.8826717524276035,0.7559288205152808,1.0037447459183382,0.06436655801766952,0.2478159254030574,1000.0,0.0
atlanta,28598,2023-07-22,near_-0.01,0.01850953862071037,0.11850953862071037,BLOCK_RANGE_ONLY,8.0,linear,temperature_equivalent,K,ESTIMABLE,0.13178631126720575,0.11285291752104457,0.1498758982354346,0.009616190856615556,0.03702298071439003,1000.0,0.0
atlanta,28598,2023-07-22,near_-0.01,0.01850953862071037,0.11850953862071037,BLOCK_RANGE_ONLY,8.0,linear,temperature_minus_equivalent,K,ESTIMABLE,0.029059193829714558,0.02422121882871852,0.03440084113901595,0.002637306707978919,0.010179622310297433,1000.0,0.0
atlanta,28598,2023-07-22,near_-0.01,0.01850953862071037,0.11850953862071037,BLOCK_RANGE_ONLY,8.0,quadratic,temperature,K,ESTIMABLE,0.257867169853764,0.22199425040865375,0.2936134032019325,0.01882171597915223,0.07161915279327877,1000.0,0.0
atlanta,28598,2023-07-22,near_-0.01,0.01850953862071037,0.11850953862071037,BLOCK_RANGE_ONLY,8.0,quadratic,emitted_flux,W/m2,ESTIMABLE,1.3522035836739135,1.1043271038933922,1.6100641020221036,0.13302899854960595,0.5057369981287114,1000.0,0.0
atlanta,28598,2023-07-22,near_-0.01,0.01850953862071037,0.11850953862071037,BLOCK_RANGE_ONLY,8.0,quadratic,temperature_equivalent,K,ESTIMABLE,0.20195675815045888,0.16490634049322636,0.24051340103138158,0.01988764832380518,0.07560706053815522,1000.0,0.0
atlanta,28598,2023-07-22,near_-0.01,0.01850953862071037,0.11850953862071037,BLOCK_RANGE_ONLY,8.0,quadratic,temperature_minus_equivalent,K,ESTIMABLE,0.05591041170330513,0.04296233373314641,0.06833383663483251,0.006476354206996984,0.025371502901686105,1000.0,0.0
atlanta,28598,2023-07-22,near_-0.01,0.01850953862071037,0.11850953862071037,BLOCK_RANGE_ONLY,8.0,quadratic_minus_linear,temperature,K,ESTIMABLE,0.0970216647568437,0.0694490221181419,0.12645526552336406,0.014097778925791027,0.05700624340522216,1000.0,0.0
atlanta,28598,2023-07-22,near_-0.01,0.01850953862071037,0.11850953862071037,BLOCK_RANGE_ONLY,8.0,quadratic_minus_linear,emitted_flux,W/m2,ESTIMABLE,0.4695318312463099,0.2817793486881489,0.6624301142540379,0.0986700031895485,0.38065076556588895,1000.0,0.0
atlanta,28598,2023-07-22,near_-0.01,0.01850953862071037,0.11850953862071037,BLOCK_RANGE_ONLY,8.0,quadratic_minus_linear,temperature_equivalent,K,ESTIMABLE,0.07017044688325313,0.042110318081265065,0.09903972742205837,0.014752925969154456,0.056929409340793304,1000.0,0.0
atlanta,28598,2023-07-22,near_-0.01,0.01850953862071037,0.11850953862071037,BLOCK_RANGE_ONLY,8.0,quadratic_minus_linear,temperature_minus_equivalent,K,ESTIMABLE,0.02685121787359057,0.014643273068175987,0.03789737214528031,0.006057218968033856,0.02325409907710432,1000.0,0.0
atlanta,28598,2023-07-22,historical,0.028509538620710373,0.12850953862071038,BLOCK_RANGE_ONLY,1.0,linear,temperature,K,ESTIMABLE,0.1608455050969203,0.14983321038667674,0.17151255976828422,0.005521318699122113,0.021679349381607482,1000.0,0.0
atlanta,28598,2023-07-22,historical,0.028509538620710373,0.12850953862071038,BLOCK_RANGE_ONLY,1.0,linear,emitted_flux,W/m2,ESTIMABLE,0.8826717524276035,0.8047468841977984,0.955175907734796,0.038853328421086,0.1504290235369976,1000.0,0.0
atlanta,28598,2023-07-22,historical,0.028509538620710373,0.12850953862071038,BLOCK_RANGE_ONLY,1.0,linear,temperature_equivalent,K,ESTIMABLE,0.13178631126720575,0.12014516109017279,0.14261882485686073,0.005804593171043789,0.02247366376668794,1000.0,0.0
atlanta,28598,2023-07-22,historical,0.028509538620710373,0.12850953862071038,BLOCK_RANGE_ONLY,1.0,linear,temperature_minus_equivalent,K,ESTIMABLE,0.029059193829714558,0.02478252540217063,0.033221105770182946,0.0021169085147689243,0.008438580368012316,1000.0,0.0
atlanta,28598,2023-07-22,historical,0.028509538620710373,0.12850953862071038,BLOCK_RANGE_ONLY,1.0,quadratic,temperature,K,ESTIMABLE,0.2555605416335435,0.2269656706947787,0.28242224944233835,0.01451024386840109,0.05545657874755966,1000.0,0.0
atlanta,28598,2023-07-22,historical,0.028509538620710373,0.12850953862071038,BLOCK_RANGE_ONLY,1.0,quadratic,emitted_flux,W/m2,ESTIMABLE,1.3410407637515915,1.1359326837769732,1.5339427790844145,0.10128428798481934,0.39801009530744125,1000.0,0.0
atlanta,28598,2023-07-22,historical,0.028509538620710373,0.12850953862071038,BLOCK_RANGE_ONLY,1.0,quadratic,temperature_equivalent,K,ESTIMABLE,0.20028795551354506,0.1696297392697545,0.22912987073915758,0.015141344415355473,0.059500131469403084,1000.0,0.0
atlanta,28598,2023-07-22,historical,0.028509538620710373,0.12850953862071038,BLOCK_RANGE_ONLY,1.0,quadratic,temperature_minus_equivalent,K,ESTIMABLE,0.05527258611999847,0.045606184068276164,0.0657243365597015,0.0050710010327766255,0.020118152491425338,1000.0,0.0
atlanta,28598,2023-07-22,historical,0.028509538620710373,0.12850953862071038,BLOCK_RANGE_ONLY,1.0,quadratic_minus_linear,temperature,K,ESTIMABLE,0.09471503653662322,0.06928905428328865,0.11946195857919935,0.012863805417054069,0.0501729042959107,1000.0,0.0
atlanta,28598,2023-07-22,historical,0.028509538620710373,0.12850953862071038,BLOCK_RANGE_ONLY,1.0,quadratic_minus_linear,emitted_flux,W/m2,ESTIMABLE,0.458369011323988,0.28437878167726144,0.6220780195035348,0.08955964969793423,0.33769923782627337,1000.0,0.0
atlanta,28598,2023-07-22,historical,0.028509538620710373,0.12850953862071038,BLOCK_RANGE_ONLY,1.0,quadratic_minus_linear,temperature_equivalent,K,ESTIMABLE,0.06850164424633931,0.04249409468597491,0.09297066600130534,0.013388985048770473,0.050476571315330426,1000.0,0.0
atlanta,28598,2023-07-22,historical,0.028509538620710373,0.12850953862071038,BLOCK_RANGE_ONLY,1.0,quadratic_minus_linear,temperature_minus_equivalent,K,ESTIMABLE,0.02621339229028391,0.017303930471924262,0.035549505172898205,0.004655055303369312,0.018245574700973943,1000.0,0.0
atlanta,28598,2023-07-22,historical,0.028509538620710373,0.12850953862071038,BLOCK_RANGE_ONLY,8.0,linear,temperature,K,ESTIMABLE,0.1608455050969203,0.14257997209805476,0.17810509267000338,0.009340117590545382,0.03552512057194862,1000.0,0.0
atlanta,28598,2023-07-22,historical,0.028509538620710373,0.12850953862071038,BLOCK_RANGE_ONLY,8.0,linear,emitted_flux,W/m2,ESTIMABLE,0.8826717524276035,0.7559288205152808,1.0037447459183382,0.06436655801766952,0.2478159254030574,1000.0,0.0
atlanta,28598,2023-07-22,historical,0.028509538620710373,0.12850953862071038,BLOCK_RANGE_ONLY,8.0,linear,temperature_equivalent,K,ESTIMABLE,0.13178631126720575,0.11285291752104457,0.1498758982354346,0.009616190856615556,0.03702298071439003,1000.0,0.0
atlanta,28598,2023-07-22,historical,0.028509538620710373,0.12850953862071038,BLOCK_RANGE_ONLY,8.0,linear,temperature_minus_equivalent,K,ESTIMABLE,0.029059193829714558,0.02422121882871852,0.03440084113901595,0.002637306707978919,0.010179622310297433,1000.0,0.0
atlanta,28598,2023-07-22,historical,0.028509538620710373,0.12850953862071038,BLOCK_RANGE_ONLY,8.0,quadratic,temperature,K,ESTIMABLE,0.2555605416335435,0.22055525818840063,0.29074452658139366,0.018523406833072943,0.07018926839299303,1000.0,0.0
atlanta,28598,2023-07-22,historical,0.028509538620710373,0.12850953862071038,BLOCK_RANGE_ONLY,8.0,quadratic,emitted_flux,W/m2,ESTIMABLE,1.3410407637515915,1.098053105582767,1.5957568102822266,0.13092856669878822,0.4977037046994597,1000.0,0.0
atlanta,28598,2023-07-22,historical,0.028509538620710373,0.12850953862071038,BLOCK_RANGE_ONLY,8.0,quadratic,temperature_equivalent,K,ESTIMABLE,0.20028795551354506,0.16396872770474574,0.2383737289541358,0.019573323172998026,0.07440500124939006,1000.0,0.0
atlanta,28598,2023-07-22,historical,0.028509538620710373,0.12850953862071038,BLOCK_RANGE_ONLY,8.0,quadratic,temperature_minus_equivalent,K,ESTIMABLE,0.05527258611999847,0.042583766435791925,0.06745669692074381,0.006345113659200737,0.024872930484951886,1000.0,0.0
atlanta,28598,2023-07-22,historical,0.028509538620710373,0.12850953862071038,BLOCK_RANGE_ONLY,8.0,quadratic_minus_linear,temperature,K,ESTIMABLE,0.09471503653662322,0.06780988809604863,0.12343429621498402,0.013759229616029477,0.05562440811893539,1000.0,0.0
atlanta,28598,2023-07-22,historical,0.028509538620710373,0.12850953862071038,BLOCK_RANGE_ONLY,8.0,quadratic_minus_linear,emitted_flux,W/m2,ESTIMABLE,0.458369011323988,0.27503190960578405,0.6465409704069369,0.09630857743275752,0.37150906080115287,1000.0,0.0
atlanta,28598,2023-07-22,historical,0.028509538620710373,0.12850953862071038,BLOCK_RANGE_ONLY,8.0,quadratic_minus_linear,temperature_equivalent,K,ESTIMABLE,0.06850164424633931,0.04110175407462293,0.09666305074306364,0.014399618977365936,0.05556129666844071,1000.0,0.0
atlanta,28598,2023-07-22,historical,0.028509538620710373,0.12850953862071038,BLOCK_RANGE_ONLY,8.0,quadratic_minus_linear,temperature_minus_equivalent,K,ESTIMABLE,0.02621339229028391,0.014296602264929854,0.0370013913571609,0.005913029417236235,0.022704789092231045,1000.0,0.0
atlanta,28598,2023-07-22,near_+0.01,0.038509538620710375,0.1385095386207104,BLOCK_RANGE_ONLY,1.0,linear,temperature,K,ESTIMABLE,0.1608455050969203,0.14983321038667674,0.17151255976828422,0.005521318699122113,0.021679349381607482,1000.0,0.0
atlanta,28598,2023-07-22,near_+0.01,0.038509538620710375,0.1385095386207104,BLOCK_RANGE_ONLY,1.0,linear,emitted_flux,W/m2,ESTIMABLE,0.8826717524276035,0.8047468841977984,0.955175907734796,0.038853328421086,0.1504290235369976,1000.0,0.0
atlanta,28598,2023-07-22,near_+0.01,0.038509538620710375,0.1385095386207104,BLOCK_RANGE_ONLY,1.0,linear,temperature_equivalent,K,ESTIMABLE,0.13178631126720575,0.12014516109017279,0.14261882485686073,0.005804593171043789,0.02247366376668794,1000.0,0.0
atlanta,28598,2023-07-22,near_+0.01,0.038509538620710375,0.1385095386207104,BLOCK_RANGE_ONLY,1.0,linear,temperature_minus_equivalent,K,ESTIMABLE,0.029059193829714558,0.02478252540217063,0.033221105770182946,0.0021169085147689243,0.008438580368012316,1000.0,0.0
atlanta,28598,2023-07-22,near_+0.01,0.038509538620710375,0.1385095386207104,BLOCK_RANGE_ONLY,1.0,quadratic,temperature,K,ESTIMABLE,0.25325391341332304,0.22525797271262624,0.27950189636578854,0.014220856577423077,0.0542439236531623,1000.0,0.0
atlanta,28598,2023-07-22,near_+0.01,0.038509538620710375,0.1385095386207104,BLOCK_RANGE_ONLY,1.0,quadratic,emitted_flux,W/m2,ESTIMABLE,1.3298779438292694,1.1286786614230444,1.5198144187192872,0.0992721700198313,0.39113575729624284,1000.0,0.0
atlanta,28598,2023-07-22,near_+0.01,0.038509538620710375,0.1385095386207104,BLOCK_RANGE_ONLY,1.0,quadratic,temperature_equivalent,K,ESTIMABLE,0.19861917943495655,0.1685456194733689,0.2270171871826605,0.014840313418084845,0.0584715677092916,1000.0,0.0
atlanta,28598,2023-07-22,near_+0.01,0.038509538620710375,0.1385095386207104,BLOCK_RANGE_ONLY,1.0,quadratic,temperature_minus_equivalent,K,ESTIMABLE,0.05463473397836649,0.04507568003899218,0.0648615091876448,0.00496817767974962,0.019785829148652623,1000.0,0.0
atlanta,28598,2023-07-22,near_+0.01,0.038509538620710375,0.1385095386207104,BLOCK_RANGE_ONLY,1.0,quadratic_minus_linear,temperature,K,ESTIMABLE,0.09240840831640273,0.06760499427851223,0.11654009444787203,0.012550634442696754,0.0489351001693598,1000.0,0.0
atlanta,28598,2023-07-22,near_+0.01,0.038509538620710375,0.1385095386207104,BLOCK_RANGE_ONLY,1.0,quadratic_minus_linear,emitted_flux,W/m2,ESTIMABLE,0.44720619140166584,0.2774453282770134,0.6069804841563616,0.08737905007319183,0.32953515587934823,1000.0,0.0
atlanta,28598,2023-07-22,near_+0.01,0.038509538620710375,0.1385095386207104,BLOCK_RANGE_ONLY,1.0,quadratic_minus_linear,temperature_equivalent,K,ESTIMABLE,0.0668328681677508,0.04145783920846213,0.0907133362719648,0.013062785352945755,0.04925549706350267,1000.0,0.0
atlanta,28598,2023-07-22,near_+0.01,0.038509538620710375,0.1385095386207104,BLOCK_RANGE_ONLY,1.0,quadratic_minus_linear,temperature_minus_equivalent,K,ESTIMABLE,0.025575540148651932,0.01688293084162056,0.03468511711981224,0.004541677106316395,0.01780218627819168,1000.0,0.0
atlanta,28598,2023-07-22,near_+0.01,0.038509538620710375,0.1385095386207104,BLOCK_RANGE_ONLY,8.0,linear,temperature,K,ESTIMABLE,0.1608455050969203,0.14257997209805476,0.17810509267000338,0.009340117590545382,0.03552512057194862,1000.0,0.0
atlanta,28598,2023-07-22,near_+0.01,0.038509538620710375,0.1385095386207104,BLOCK_RANGE_ONLY,8.0,linear,emitted_flux,W/m2,ESTIMABLE,0.8826717524276035,0.7559288205152808,1.0037447459183382,0.06436655801766952,0.2478159254030574,1000.0,0.0
atlanta,28598,2023-07-22,near_+0.01,0.038509538620710375,0.1385095386207104,BLOCK_RANGE_ONLY,8.0,linear,temperature_equivalent,K,ESTIMABLE,0.13178631126720575,0.11285291752104457,0.1498758982354346,0.009616190856615556,0.03702298071439003,1000.0,0.0
atlanta,28598,2023-07-22,near_+0.01,0.038509538620710375,0.1385095386207104,BLOCK_RANGE_ONLY,8.0,linear,temperature_minus_equivalent,K,ESTIMABLE,0.029059193829714558,0.02422121882871852,0.03440084113901595,0.002637306707978919,0.010179622310297433,1000.0,0.0
atlanta,28598,2023-07-22,near_+0.01,0.038509538620710375,0.1385095386207104,BLOCK_RANGE_ONLY,8.0,quadratic,temperature,K,ESTIMABLE,0.25325391341332304,0.21864864802864514,0.28797104263191203,0.018226511153006945,0.06932239460326689,1000.0,0.0
atlanta,28598,2023-07-22,near_+0.01,0.038509538620710375,0.1385095386207104,BLOCK_RANGE_ONLY,8.0,quadratic,emitted_flux,W/m2,ESTIMABLE,1.3298779438292694,1.0911953040615012,1.5814495185423498,0.12883719937455781,0.4902542144808486,1000.0,0.0
atlanta,28598,2023-07-22,near_+0.01,0.038509538620710375,0.1385095386207104,BLOCK_RANGE_ONLY,8.0,quadratic,temperature_equivalent,K,ESTIMABLE,0.19861917943495655,0.16294387849196995,0.23623410054470212,0.01926036315084747,0.07329022205273217,1000.0,0.0
atlanta,28598,2023-07-22,near_+0.01,0.038509538620710375,0.1385095386207104,BLOCK_RANGE_ONLY,8.0,quadratic,temperature_minus_equivalent,K,ESTIMABLE,0.05463473397836649,0.04223570739444689,0.06657053532612214,0.006214452739542409,0.024334827931675254,1000.0,0.0
atlanta,28598,2023-07-22,near_+0.01,0.038509538620710375,0.1385095386207104,BLOCK_RANGE_ONLY,8.0,quadratic_minus_linear,temperature,K,ESTIMABLE,0.09240840831640273,0.06617075407395538,0.12041324395199511,0.0134206903107203,0.05424248987803973,1000.0,0.0
atlanta,28598,2023-07-22,near_+0.01,0.038509538620710375,0.1385095386207104,BLOCK_RANGE_ONLY,8.0,quadratic_minus_linear,emitted_flux,W/m2,ESTIMABLE,0.44720619140166584,0.26829519547380004,0.6306518265598359,0.09394718669023541,0.36235663108603583,1000.0,0.0
atlanta,28598,2023-07-22,near_+0.01,0.038509538620710375,0.1385095386207104,BLOCK_RANGE_ONLY,8.0,quadratic_minus_linear,temperature_equivalent,K,ESTIMABLE,0.0668328681677508,0.04009319976824059,0.09428642794165255,0.014046328530303976,0.05419322817341196,1000.0,0.0
atlanta,28598,2023-07-22,near_+0.01,0.038509538620710375,0.1385095386207104,BLOCK_RANGE_ONLY,8.0,quadratic_minus_linear,temperature_minus_equivalent,K,ESTIMABLE,0.025575540148651932,0.013949901829354391,0.03610538240457696,0.005768845160220951,0.02215548057522257,1000.0,0.0
atlanta,28598,2023-07-22,near_+0.02,0.04850953862071038,0.14850953862071037,BLOCK_RANGE_ONLY,1.0,linear,temperature,K,ESTIMABLE,0.16084550509692028,0.1498332103866767,0.1715125597682842,0.0055213186991221125,0.021679349381607482,1000.0,0.0
atlanta,28598,2023-07-22,near_+0.02,0.04850953862071038,0.14850953862071037,BLOCK_RANGE_ONLY,1.0,linear,emitted_flux,W/m2,ESTIMABLE,0.8826717524276034,0.8047468841977983,0.9551759077347959,0.038853328421086,0.1504290235369976,1000.0,0.0
atlanta,28598,2023-07-22,near_+0.02,0.04850953862071038,0.14850953862071037,BLOCK_RANGE_ONLY,1.0,linear,temperature_equivalent,K,ESTIMABLE,0.13178631126720575,0.12014516109017279,0.14261882485686073,0.005804593171043789,0.02247366376668794,1000.0,0.0
atlanta,28598,2023-07-22,near_+0.02,0.04850953862071038,0.14850953862071037,BLOCK_RANGE_ONLY,1.0,linear,temperature_minus_equivalent,K,ESTIMABLE,0.02905919382971453,0.024782525402170602,0.03322110577018292,0.0021169085147689243,0.008438580368012316,1000.0,0.0
atlanta,28598,2023-07-22,near_+0.02,0.04850953862071038,0.14850953862071037,BLOCK_RANGE_ONLY,1.0,quadratic,temperature,K,ESTIMABLE,0.2509472851931025,0.223516192237293,0.27675618820871295,0.013932500564274858,0.05323999597141996,1000.0,0.0
atlanta,28598,2023-07-22,near_+0.02,0.04850953862071038,0.14850953862071037,BLOCK_RANGE_ONLY,1.0,quadratic,emitted_flux,W/m2,ESTIMABLE,1.3187151239069472,1.1214178026070625,1.5056826398863978,0.09726732380438559,0.38426483727933536,1000.0,0.0
atlanta,28598,2023-07-22,near_+0.02,0.04850953862071038,0.14850953862071037,BLOCK_RANGE_ONLY,1.0,quadratic,temperature_equivalent,K,ESTIMABLE,0.19695042991389755,0.16746048918741252,0.22490403502966244,0.014540378894606725,0.05744354584224992,1000.0,0.0
atlanta,28598,2023-07-22,near_+0.02,0.04850953862071038,0.14850953862071037,BLOCK_RANGE_ONLY,1.0,quadratic,temperature_minus_equivalent,K,ESTIMABLE,0.05399685527920495,0.04462371635366844,0.06394094574020957,0.004865826446612564,0.01931722938654113,1000.0,0.0
atlanta,28598,2023-07-22,near_+0.02,0.04850953862071038,0.14850953862071037,BLOCK_RANGE_ONLY,1.0,quadratic_minus_linear,temperature,K,ESTIMABLE,0.09010178009618222,0.06592093427373577,0.11361823031654474,0.01223746646668741,0.047697296042808965,1000.0,0.0
atlanta,28598,2023-07-22,near_+0.02,0.04850953862071038,0.14850953862071037,BLOCK_RANGE_ONLY,1.0,quadratic_minus_linear,emitted_flux,W/m2,ESTIMABLE,0.4360433714793438,0.27051187487676553,0.5918829488091882,0.08519846079088797,0.3213710739324227,1000.0,0.0
atlanta,28598,2023-07-22,near_+0.02,0.04850953862071038,0.14850953862071037,BLOCK_RANGE_ONLY,1.0,quadratic_minus_linear,temperature_equivalent,K,ESTIMABLE,0.0651641186466918,0.040421593970697244,0.08845605513837285,0.012736597417056844,0.0480344611676756,1000.0,0.0
atlanta,28598,2023-07-22,near_+0.02,0.04850953862071038,0.14850953862071037,BLOCK_RANGE_ONLY,1.0,quadratic_minus_linear,temperature_minus_equivalent,K,ESTIMABLE,0.024937661449490417,0.016461908861169546,0.03382067681697322,0.004428302473416275,0.017358767955803673,1000.0,0.0
atlanta,28598,2023-07-22,near_+0.02,0.04850953862071038,0.14850953862071037,BLOCK_RANGE_ONLY,8.0,linear,temperature,K,ESTIMABLE,0.16084550509692028,0.14257997209805473,0.17810509267000335,0.009340117590545378,0.03552512057194862,1000.0,0.0
atlanta,28598,2023-07-22,near_+0.02,0.04850953862071038,0.14850953862071037,BLOCK_RANGE_ONLY,8.0,linear,emitted_flux,W/m2,ESTIMABLE,0.8826717524276034,0.7559288205152807,1.003744745918338,0.06436655801766952,0.2478159254030573,1000.0,0.0
atlanta,28598,2023-07-22,near_+0.02,0.04850953862071038,0.14850953862071037,BLOCK_RANGE_ONLY,8.0,linear,temperature_equivalent,K,ESTIMABLE,0.13178631126720575,0.11285291752104457,0.1498758982354346,0.009616190856615513,0.03702298071439003,1000.0,0.0
atlanta,28598,2023-07-22,near_+0.02,0.04850953862071038,0.14850953862071037,BLOCK_RANGE_ONLY,8.0,linear,temperature_minus_equivalent,K,ESTIMABLE,0.02905919382971453,0.024221218828718492,0.034400841139015925,0.0026373067079789566,0.010179622310297433,1000.0,0.0
atlanta,28598,2023-07-22,near_+0.02,0.04850953862071038,0.14850953862071037,BLOCK_RANGE_ONLY,8.0,quadratic,temperature,K,ESTIMABLE,0.2509472851931025,0.2165420743766208,0.28514894099566185,0.017931099149838346,0.06860686661904106,1000.0,0.0
atlanta,28598,2023-07-22,near_+0.02,0.04850953862071038,0.14850953862071037,BLOCK_RANGE_ONLY,8.0,quadratic,emitted_flux,W/m2,ESTIMABLE,1.3187151239069472,1.083907264376655,1.5668433800985537,0.12675534525120682,0.48293611572189876,1000.0,0.0
atlanta,28598,2023-07-22,near_+0.02,0.04850953862071038,0.14850953862071037,BLOCK_RANGE_ONLY,8.0,quadratic,temperature_equivalent,K,ESTIMABLE,0.19695042991389755,0.16185474424434715,0.23404982521941092,0.018948835263448666,0.07219508097506377,1000.0,0.0
atlanta,28598,2023-07-22,near_+0.02,0.04850953862071038,0.14850953862071037,BLOCK_RANGE_ONLY,8.0,quadratic,temperature_minus_equivalent,K,ESTIMABLE,0.05399685527920495,0.04187101104156545,0.06568587364057368,0.006084408549562523,0.02381486259900823,1000.0,0.0
atlanta,28598,2023-07-22,near_+0.02,0.04850953862071038,0.14850953862071037,BLOCK_RANGE_ONLY,8.0,quadratic_minus_linear,temperature,K,ESTIMABLE,0.09010178009618222,0.06453162005186214,0.11739219168900618,0.01308216178654716,0.05286057163714404,1000.0,0.0
atlanta,28598,2023-07-22,near_+0.02,0.04850953862071038,0.14850953862071037,BLOCK_RANGE_ONLY,8.0,quadratic_minus_linear,emitted_flux,W/m2,ESTIMABLE,0.4360433714793438,0.2616314240857496,0.6147626827127346,0.09158583367033897,0.353131258626985,1000.0,0.0
atlanta,28598,2023-07-22,near_+0.02,0.04850953862071038,0.14850953862071037,BLOCK_RANGE_ONLY,8.0,quadratic_minus_linear,temperature_equivalent,K,ESTIMABLE,0.0651641186466918,0.039093036941611106,0.09190985901509378,0.013693055031852865,0.05281682207348268,1000.0,0.0
atlanta,28598,2023-07-22,near_+0.02,0.04850953862071038,0.14850953862071037,BLOCK_RANGE_ONLY,8.0,quadratic_minus_linear,temperature_minus_equivalent,K,ESTIMABLE,0.024937661449490417,0.013603171762634867,0.035209345288482054,0.005624666343862918,0.021606173525847185,1000.0,0.0
atlanta,28598,2023-07-22,grid_00,0.0,0.1,BLOCK_RANGE_ONLY,1.0,linear,temperature,K,ESTIMABLE,0.1608455050969203,0.14983321038667674,0.17151255976828422,0.005521318699122113,0.021679349381607482,1000.0,0.0
atlanta,28598,2023-07-22,grid_00,0.0,0.1,BLOCK_RANGE_ONLY,1.0,linear,emitted_flux,W/m2,ESTIMABLE,0.8826717524276035,0.8047468841977984,0.955175907734796,0.038853328421086,0.1504290235369976,1000.0,0.0
atlanta,28598,2023-07-22,grid_00,0.0,0.1,BLOCK_RANGE_ONLY,1.0,linear,temperature_equivalent,K,ESTIMABLE,0.13178631126720575,0.12014516109017279,0.14261882485686073,0.005804593171043789,0.02247366376668794,1000.0,0.0
atlanta,28598,2023-07-22,grid_00,0.0,0.1,BLOCK_RANGE_ONLY,1.0,linear,temperature_minus_equivalent,K,ESTIMABLE,0.029059193829714558,0.02478252540217063,0.033221105770182946,0.0021169085147689243,0.008438580368012316,1000.0,0.0
atlanta,28598,2023-07-22,grid_00,0.0,0.1,BLOCK_RANGE_ONLY,1.0,quadratic,temperature,K,ESTIMABLE,0.2621366322663432,0.2318929455382035,0.2907439617634057,0.015340415929225361,0.058851016225202224,1000.0,0.0
atlanta,28598,2023-07-22,grid_00,0.0,0.1,BLOCK_RANGE_ONLY,1.0,quadratic,emitted_flux,W/m2,ESTIMABLE,1.372865448320739,1.1565726562791552,1.572280311533742,0.10705701589365767,0.41570765525458686,1000.0,0.0
atlanta,28598,2023-07-22,grid_00,0.0,0.1,BLOCK_RANGE_ONLY,1.0,quadratic,temperature_equivalent,K,ESTIMABLE,0.20504570491380036,0.17271446199078042,0.23486288595481566,0.01600504439436151,0.06214842396403525,1000.0,0.0
atlanta,28598,2023-07-22,grid_00,0.0,0.1,BLOCK_RANGE_ONLY,1.0,quadratic,temperature_minus_equivalent,K,ESTIMABLE,0.05709092735254284,0.04680040596508058,0.0682570361008697,0.005366497607554673,0.021456630135789113,1000.0,0.0
atlanta,28598,2023-07-22,grid_00,0.0,0.1,BLOCK_RANGE_ONLY,1.0,quadratic_minus_linear,temperature,K,ESTIMABLE,0.1012911271694229,0.07409023165786538,0.1277920584088537,0.013756656057514149,0.05370182675098831,1000.0,0.0
atlanta,28598,2023-07-22,grid_00,0.0,0.1,BLOCK_RANGE_ONLY,1.0,quadratic_minus_linear,emitted_flux,W/m2,ESTIMABLE,0.49019369589313544,0.304145737426188,0.6651203962093121,0.0957764891235621,0.36097465878312407,1000.0,0.0
atlanta,28598,2023-07-22,grid_00,0.0,0.1,BLOCK_RANGE_ONLY,1.0,quadratic_minus_linear,temperature_equivalent,K,ESTIMABLE,0.07325939364659462,0.04544846745459381,0.09940647569670488,0.014319028955386986,0.05395800824211107,1000.0,0.0
atlanta,28598,2023-07-22,grid_00,0.0,0.1,BLOCK_RANGE_ONLY,1.0,quadratic_minus_linear,temperature_minus_equivalent,K,ESTIMABLE,0.028031733522828284,0.018504058297431288,0.03801354878496194,0.004978310498491729,0.01950949048753065,1000.0,0.0
atlanta,28598,2023-07-22,grid_00,0.0,0.1,BLOCK_RANGE_ONLY,8.0,linear,temperature,K,ESTIMABLE,0.1608455050969203,0.14257997209805476,0.17810509267000338,0.009340117590545382,0.03552512057194862,1000.0,0.0
atlanta,28598,2023-07-22,grid_00,0.0,0.1,BLOCK_RANGE_ONLY,8.0,linear,emitted_flux,W/m2,ESTIMABLE,0.8826717524276035,0.7559288205152808,1.0037447459183382,0.06436655801766952,0.2478159254030574,1000.0,0.0
atlanta,28598,2023-07-22,grid_00,0.0,0.1,BLOCK_RANGE_ONLY,8.0,linear,temperature_equivalent,K,ESTIMABLE,0.13178631126720575,0.11285291752104457,0.1498758982354346,0.009616190856615556,0.03702298071439003,1000.0,0.0
atlanta,28598,2023-07-22,grid_00,0.0,0.1,BLOCK_RANGE_ONLY,8.0,linear,temperature_minus_equivalent,K,ESTIMABLE,0.029059193829714558,0.02422121882871852,0.03440084113901595,0.002637306707978919,0.010179622310297433,1000.0,0.0
atlanta,28598,2023-07-22,grid_00,0.0,0.1,BLOCK_RANGE_ONLY,8.0,quadratic,temperature,K,ESTIMABLE,0.2621366322663432,0.2251373818947226,0.2990223576857908,0.019377380546342908,0.07388497579106817,1000.0,0.0
atlanta,28598,2023-07-22,grid_00,0.0,0.1,BLOCK_RANGE_ONLY,8.0,quadratic,emitted_flux,W/m2,ESTIMABLE,1.372865448320739,1.1175653873240277,1.6380344957127724,0.1369393036881478,0.5204691083887447,1000.0,0.0
atlanta,28598,2023-07-22,grid_00,0.0,0.1,BLOCK_RANGE_ONLY,8.0,quadratic,temperature_equivalent,K,ESTIMABLE,0.20504570491380036,0.16688475296522967,0.24469653197167957,0.02047284038732352,0.0778117790064499,1000.0,0.0
atlanta,28598,2023-07-22,grid_00,0.0,0.1,BLOCK_RANGE_ONLY,8.0,quadratic,temperature_minus_equivalent,K,ESTIMABLE,0.05709092735254284,0.04367395144525788,0.0699092305174632,0.006720689373103357,0.02623527907220532,1000.0,0.0
atlanta,28598,2023-07-22,grid_00,0.0,0.1,BLOCK_RANGE_ONLY,8.0,quadratic_minus_linear,temperature,K,ESTIMABLE,0.1012911271694229,0.07248298356678741,0.13204679852770446,0.014724442137624093,0.05956381496091705,1000.0,0.0
atlanta,28598,2023-07-22,grid_00,0.0,0.1,BLOCK_RANGE_ONLY,8.0,quadratic_minus_linear,emitted_flux,W/m2,ESTIMABLE,0.49019369589313544,0.29426854711674094,0.6918401864228316,0.10304097754561747,0.3975716393060907,1000.0,0.0
atlanta,28598,2023-07-22,grid_00,0.0,0.1,BLOCK_RANGE_ONLY,8.0,quadratic_minus_linear,temperature_equivalent,K,ESTIMABLE,0.07325939364659462,0.04397714911924879,0.10343898846539047,0.0154069233476159,0.05946183934614168,1000.0,0.0
atlanta,28598,2023-07-22,grid_00,0.0,0.1,BLOCK_RANGE_ONLY,8.0,quadratic_minus_linear,temperature_minus_equivalent,K,ESTIMABLE,0.028031733522828284,0.015284866541618588,0.039555716929880885,0.006324120699391482,0.024270850388262297,1000.0,0.0
atlanta,28598,2023-07-22,grid_01,0.1,0.2,BLOCK_RANGE_ONLY,1.0,linear,temperature,K,ESTIMABLE,0.1608455050969203,0.14983321038667674,0.17151255976828422,0.005521318699122113,0.021679349381607482,1000.0,0.0
atlanta,28598,2023-07-22,grid_01,0.1,0.2,BLOCK_RANGE_ONLY,1.0,linear,emitted_flux,W/m2,ESTIMABLE,0.8826717524276035,0.8047468841977984,0.955175907734796,0.038853328421086,0.1504290235369976,1000.0,0.0
atlanta,28598,2023-07-22,grid_01,0.1,0.2,BLOCK_RANGE_ONLY,1.0,linear,temperature_equivalent,K,ESTIMABLE,0.13178631126720575,0.12014516109017279,0.14261882485686073,0.005804593171043789,0.02247366376668794,1000.0,0.0
atlanta,28598,2023-07-22,grid_01,0.1,0.2,BLOCK_RANGE_ONLY,1.0,linear,temperature_minus_equivalent,K,ESTIMABLE,0.029059193829714558,0.02478252540217063,0.033221105770182946,0.0021169085147689243,0.008438580368012316,1000.0,0.0
atlanta,28598,2023-07-22,grid_01,0.1,0.2,BLOCK_RANGE_ONLY,1.0,quadratic,temperature,K,ESTIMABLE,0.23907035006413827,0.21394956049082248,0.2618576969796419,0.012466758067254833,0.04790813648881942,1000.0,0.0
atlanta,28598,2023-07-22,grid_01,0.1,0.2,BLOCK_RANGE_ONLY,1.0,quadratic,emitted_flux,W/m2,ESTIMABLE,1.2612372490975188,1.083112208248011,1.4295491270646778,0.08707827493337168,0.34643691881666694,1000.0,0.0
atlanta,28598,2023-07-22,grid_01,0.1,0.2,BLOCK_RANGE_ONLY,1.0,quadratic,temperature_equivalent,K,ESTIMABLE,0.18835838202647892,0.16173593067394734,0.2135203766818165,0.01301618031284949,0.05178444600786916,1000.0,0.0
atlanta,28598,2023-07-22,grid_01,0.1,0.2,BLOCK_RANGE_ONLY,1.0,quadratic,temperature_minus_equivalent,K,ESTIMABLE,0.050711968037659344,0.04246563063198472,0.05952620919349247,0.0043475327077315004,0.01706057856150775,1000.0,0.0
atlanta,28598,2023-07-22,grid_01,0.1,0.2,BLOCK_RANGE_ONLY,1.0,quadratic_minus_linear,temperature,K,ESTIMABLE,0.07822484496721796,0.05724963161010111,0.09857341709558087,0.010625007577535171,0.04132378548547976,1000.0,0.0
atlanta,28598,2023-07-22,grid_01,0.1,0.2,BLOCK_RANGE_ONLY,1.0,quadratic_minus_linear,emitted_flux,W/m2,ESTIMABLE,0.37856549666991524,0.23481120342370843,0.5141450427375804,0.07397070420358878,0.279333839313872,1000.0,0.0
atlanta,28598,2023-07-22,grid_01,0.1,0.2,BLOCK_RANGE_ONLY,1.0,quadratic_minus_linear,temperature_equivalent,K,ESTIMABLE,0.056572070759273174,0.0350860815274487,0.07683397965577257,0.011057231988174631,0.04174789812832387,1000.0,0.0
atlanta,28598,2023-07-22,grid_01,0.1,0.2,BLOCK_RANGE_ONLY,1.0,quadratic_minus_linear,temperature_minus_equivalent,K,ESTIMABLE,0.021652774207944786,0.014293693465904766,0.029368806758795798,0.0038445897751587595,0.015075113292891032,1000.0,0.0
atlanta,28598,2023-07-22,grid_01,0.1,0.2,BLOCK_RANGE_ONLY,8.0,linear,temperature,K,ESTIMABLE,0.1608455050969203,0.14257997209805476,0.17810509267000338,0.009340117590545382,0.03552512057194862,1000.0,0.0
atlanta,28598,2023-07-22,grid_01,0.1,0.2,BLOCK_RANGE_ONLY,8.0,linear,emitted_flux,W/m2,ESTIMABLE,0.8826717524276035,0.7559288205152808,1.0037447459183382,0.06436655801766952,0.2478159254030574,1000.0,0.0
atlanta,28598,2023-07-22,grid_01,0.1,0.2,BLOCK_RANGE_ONLY,8.0,linear,temperature_equivalent,K,ESTIMABLE,0.13178631126720575,0.11285291752104457,0.1498758982354346,0.009616190856615556,0.03702298071439003,1000.0,0.0
atlanta,28598,2023-07-22,grid_01,0.1,0.2,BLOCK_RANGE_ONLY,8.0,linear,temperature_minus_equivalent,K,ESTIMABLE,0.029059193829714558,0.02422121882871852,0.03440084113901595,0.002637306707978919,0.010179622310297433,1000.0,0.0
atlanta,28598,2023-07-22,grid_01,0.1,0.2,BLOCK_RANGE_ONLY,8.0,quadratic,temperature,K,ESTIMABLE,0.23907035006413827,0.20733624563427072,0.27063419657611676,0.016436499492148284,0.06329795094184604,1000.0,0.0
atlanta,28598,2023-07-22,grid_01,0.1,0.2,BLOCK_RANGE_ONLY,8.0,quadratic,emitted_flux,W/m2,ESTIMABLE,1.2612372490975188,1.0435988647351582,1.49189888217347,0.11620558332454824,0.4483000174383118,1000.0,0.0
atlanta,28598,2023-07-22,grid_01,0.1,0.2,BLOCK_RANGE_ONLY,8.0,quadratic,temperature_equivalent,K,ESTIMABLE,0.18835838202647892,0.15583120815923338,0.22284296417775237,0.01737030290193603,0.067011756018519,1000.0,0.0
atlanta,28598,2023-07-22,grid_01,0.1,0.2,BLOCK_RANGE_ONLY,8.0,quadratic,temperature_minus_equivalent,K,ESTIMABLE,0.050711968037659344,0.03990484154827243,0.061109349515513514,0.005426223017294983,0.021204507967241083,1000.0,0.0
atlanta,28598,2023-07-22,grid_01,0.1,0.2,BLOCK_RANGE_ONLY,8.0,quadratic_minus_linear,temperature,K,ESTIMABLE,0.07822484496721796,0.056021184017547056,0.10183665420178152,0.011339269897427392,0.045815470184234465,1000.0,0.0
atlanta,28598,2023-07-22,grid_01,0.1,0.2,BLOCK_RANGE_ONLY,8.0,quadratic_minus_linear,emitted_flux,W/m2,ESTIMABLE,0.37856549666991524,0.22731935775606738,0.533253087061776,0.07942784212629649,0.3059337293057086,1000.0,0.0
atlanta,28598,2023-07-22,grid_01,0.1,0.2,BLOCK_RANGE_ONLY,8.0,quadratic_minus_linear,temperature_equivalent,K,ESTIMABLE,0.056572070759273174,0.033965288288645465,0.07970640727115068,0.011874320733470509,0.04574111898250521,1000.0,0.0
atlanta,28598,2023-07-22,grid_01,0.1,0.2,BLOCK_RANGE_ONLY,8.0,quadratic_minus_linear,temperature_minus_equivalent,K,ESTIMABLE,0.021652774207944786,0.011812747215328285,0.030595163026100887,0.0048823759773423915,0.018782415810772602,1000.0,0.0
atlanta,28598,2023-07-22,grid_02,0.2,0.3,BLOCK_RANGE_ONLY,1.0,linear,temperature,K,ESTIMABLE,0.16084550509692025,0.1498332103866767,0.17151255976828417,0.005521318699122111,0.021679349381607455,1000.0,0.0
atlanta,28598,2023-07-22,grid_02,0.2,0.3,BLOCK_RANGE_ONLY,1.0,linear,emitted_flux,W/m2,ESTIMABLE,0.8826717524276032,0.8047468841977982,0.9551759077347958,0.03885332842108599,0.1504290235369976,1000.0,0.0
atlanta,28598,2023-07-22,grid_02,0.2,0.3,BLOCK_RANGE_ONLY,1.0,linear,temperature_equivalent,K,ESTIMABLE,0.13178631126720575,0.12014516109017279,0.14261882485686073,0.005804593171043804,0.02247366376668794,1000.0,0.0
atlanta,28598,2023-07-22,grid_02,0.2,0.3,BLOCK_RANGE_ONLY,1.0,linear,temperature_minus_equivalent,K,ESTIMABLE,0.029059193829714502,0.024782525402170602,0.03322110577018289,0.002116908514768935,0.008438580368012288,1000.0,0.0
atlanta,28598,2023-07-22,grid_02,0.2,0.3,BLOCK_RANGE_ONLY,1.0,quadratic,temperature,K,ESTIMABLE,0.21600406786193332,0.19597100733413292,0.23476626471371323,0.009753681500075906,0.03879525737958031,1000.0,0.0
atlanta,28598,2023-07-22,grid_02,0.2,0.3,BLOCK_RANGE_ONLY,1.0,quadratic,emitted_flux,W/m2,ESTIMABLE,1.1496090498742981,1.003644534233491,1.277926626211387,0.06822921995254383,0.2742820919778961,1000.0,0.0
atlanta,28598,2023-07-22,grid_02,0.2,0.3,BLOCK_RANGE_ONLY,1.0,quadratic,temperature_equivalent,K,ESTIMABLE,0.17167371427404987,0.1498609242637116,0.19085311169222194,0.010197087638501426,0.04099218742851035,1000.0,0.0
atlanta,28598,2023-07-22,grid_02,0.2,0.3,BLOCK_RANGE_ONLY,1.0,quadratic,temperature_minus_equivalent,K,ESTIMABLE,0.04433035358788345,0.03799043111400329,0.05126136496485603,0.003402280791202477,0.013270933850852741,1000.0,0.0
atlanta,28598,2023-07-22,grid_02,0.2,0.3,BLOCK_RANGE_ONLY,1.0,quadratic_minus_linear,temperature,K,ESTIMABLE,0.055158562765013075,0.04040903156233683,0.06953191124955281,0.007493899948107535,0.029122879687215983,1000.0,0.0
atlanta,28598,2023-07-22,grid_02,0.2,0.3,BLOCK_RANGE_ONLY,1.0,quadratic_minus_linear,emitted_flux,W/m2,ESTIMABLE,0.2669372974466949,0.16547666942122863,0.3631696892658488,0.05216678510851124,0.19769301984462018,1000.0,0.0
atlanta,28598,2023-07-22,grid_02,0.2,0.3,BLOCK_RANGE_ONLY,1.0,quadratic_minus_linear,temperature_equivalent,K,ESTIMABLE,0.039887403006844124,0.024724719435226916,0.05426634169024993,0.007796734885955879,0.029541622255023013,1000.0,0.0
atlanta,28598,2023-07-22,grid_02,0.2,0.3,BLOCK_RANGE_ONLY,1.0,quadratic_minus_linear,temperature_minus_equivalent,K,ESTIMABLE,0.01527115975816895,0.010081094090793056,0.02071314617369908,0.002711276162562545,0.010632052082906025,1000.0,0.0
atlanta,28598,2023-07-22,grid_02,0.2,0.3,BLOCK_RANGE_ONLY,8.0,linear,temperature,K,ESTIMABLE,0.16084550509692025,0.1425799720980547,0.17810509267000332,0.009340117590545378,0.03552512057194862,1000.0,0.0
atlanta,28598,2023-07-22,grid_02,0.2,0.3,BLOCK_RANGE_ONLY,8.0,linear,emitted_flux,W/m2,ESTIMABLE,0.8826717524276032,0.7559288205152805,1.0037447459183377,0.06436655801766952,0.2478159254030572,1000.0,0.0
atlanta,28598,2023-07-22,grid_02,0.2,0.3,BLOCK_RANGE_ONLY,8.0,linear,temperature_equivalent,K,ESTIMABLE,0.13178631126720575,0.11285291752104457,0.1498758982354346,0.009616190856615522,0.03702298071439003,1000.0,0.0
atlanta,28598,2023-07-22,grid_02,0.2,0.3,BLOCK_RANGE_ONLY,8.0,linear,temperature_minus_equivalent,K,ESTIMABLE,0.029059193829714502,0.024221218828718465,0.0344008411390159,0.002637306707979033,0.010179622310297433,1000.0,0.0
atlanta,28598,2023-07-22,grid_02,0.2,0.3,BLOCK_RANGE_ONLY,8.0,quadratic,temperature,K,ESTIMABLE,0.21600406786193332,0.18936111818841334,0.24265086105399872,0.01370343513949671,0.05328974286558538,1000.0,0.0
atlanta,28598,2023-07-22,grid_02,0.2,0.3,BLOCK_RANGE_ONLY,8.0,quadratic,emitted_flux,W/m2,ESTIMABLE,1.1496090498742981,0.96871286140172,1.3386887762587296,0.09680406249872876,0.36997591485700965,1000.0,0.0
atlanta,28598,2023-07-22,grid_02,0.2,0.3,BLOCK_RANGE_ONLY,8.0,quadratic,temperature_equivalent,K,ESTIMABLE,0.17167371427404987,0.14464144303098578,0.1999363449800228,0.014467858903367789,0.05529490194903702,1000.0,0.0
atlanta,28598,2023-07-22,grid_02,0.2,0.3,BLOCK_RANGE_ONLY,8.0,quadratic,temperature_minus_equivalent,K,ESTIMABLE,0.04433035358788345,0.03591554288045152,0.052564299401707405,0.0042288572499763,0.016648756521255886,1000.0,0.0
atlanta,28598,2023-07-22,grid_02,0.2,0.3,BLOCK_RANGE_ONLY,8.0,quadratic_minus_linear,temperature,K,ESTIMABLE,0.055158562765013075,0.03948117543294253,0.07153309087977147,0.00795605855298753,0.03205191544682894,1000.0,0.0
atlanta,28598,2023-07-22,grid_02,0.2,0.3,BLOCK_RANGE_ONLY,8.0,quadratic_minus_linear,emitted_flux,W/m2,ESTIMABLE,0.2669372974466949,0.16069476926098633,0.3752077418902812,0.055821549381747056,0.2145129726292949,1000.0,0.0
atlanta,28598,2023-07-22,grid_02,0.2,0.3,BLOCK_RANGE_ONLY,8.0,quadratic_minus_linear,temperature_equivalent,K,ESTIMABLE,0.039887403006844124,0.024009160962386034,0.05607679206503206,0.008343871203500195,0.03206763110264603,1000.0,0.0
atlanta,28598,2023-07-22,grid_02,0.2,0.3,BLOCK_RANGE_ONLY,8.0,quadratic_minus_linear,temperature_minus_equivalent,K,ESTIMABLE,0.01527115975816895,0.00834750922662715,0.021628103894340812,0.0034413414636264247,0.013280594667713662,1000.0,0.0
atlanta,28598,2023-07-22,grid_03,0.3,0.4,BLOCK_RANGE_ONLY,1.0,linear,temperature,K,ESTIMABLE,0.16084550509692033,0.1498332103866768,0.17151255976828425,0.005521318699122116,0.021679349381607455,1000.0,0.0
atlanta,28598,2023-07-22,grid_03,0.3,0.4,BLOCK_RANGE_ONLY,1.0,linear,emitted_flux,W/m2,ESTIMABLE,0.8826717524276038,0.8047468841977986,0.9551759077347963,0.03885332842108601,0.15042902353699772,1000.0,0.0
atlanta,28598,2023-07-22,grid_03,0.3,0.4,BLOCK_RANGE_ONLY,1.0,linear,temperature_equivalent,K,ESTIMABLE,0.13178631126720575,0.12014516109017279,0.14261882485686073,0.005804593171043789,0.02247366376668794,1000.0,0.0
atlanta,28598,2023-07-22,grid_03,0.3,0.4,BLOCK_RANGE_ONLY,1.0,linear,temperature_minus_equivalent,K,ESTIMABLE,0.029059193829714586,0.024782525402170685,0.033221105770183,0.0021169085147689248,0.008438580368012316,1000.0,0.0
atlanta,28598,2023-07-22,grid_03,0.3,0.4,BLOCK_RANGE_ONLY,1.0,quadratic,temperature,K,ESTIMABLE,0.1929377856597285,0.1775803711479559,0.20698227290142593,0.0073804538596220345,0.029401901753470017,1000.0,0.0
atlanta,28598,2023-07-22,grid_03,0.3,0.4,BLOCK_RANGE_ONLY,1.0,quadratic,emitted_flux,W/m2,ESTIMABLE,1.0379808506510784,0.9257061734270552,1.135512894078385,0.051759116317196624,0.20980672065132977,1000.0,0.0
atlanta,28598,2023-07-22,grid_03,0.3,0.4,BLOCK_RANGE_ONLY,1.0,quadratic,temperature_equivalent,K,ESTIMABLE,0.15499170067096202,0.138215751960594,0.16956700103889374,0.00773436482053763,0.03135124907829975,1000.0,0.0
atlanta,28598,2023-07-22,grid_03,0.3,0.4,BLOCK_RANGE_ONLY,1.0,quadratic,temperature_minus_equivalent,K,ESTIMABLE,0.037946084988766476,0.0330621016215373,0.043508782096827736,0.0026116524295408923,0.010446680475290439,1000.0,0.0
atlanta,28598,2023-07-22,grid_03,0.3,0.4,BLOCK_RANGE_ONLY,1.0,quadratic_minus_linear,temperature,K,ESTIMABLE,0.03209228056280816,0.02356843151457258,0.04044082469238914,0.004364497349459576,0.01687239317781656,1000.0,0.0
atlanta,28598,2023-07-22,grid_03,0.3,0.4,BLOCK_RANGE_ONLY,1.0,quadratic_minus_linear,emitted_flux,W/m2,ESTIMABLE,0.1553090982234746,0.09614608386499017,0.2121943357941174,0.03036875093552739,0.11604825192912722,1000.0,0.0
atlanta,28598,2023-07-22,grid_03,0.3,0.4,BLOCK_RANGE_ONLY,1.0,quadratic_minus_linear,temperature_equivalent,K,ESTIMABLE,0.02320538940375627,0.014364946332889872,0.031703559361186254,0.00453813748723425,0.017338613028296382,1000.0,0.0
atlanta,28598,2023-07-22,grid_03,0.3,0.4,BLOCK_RANGE_ONLY,1.0,quadratic_minus_linear,temperature_minus_equivalent,K,ESTIMABLE,0.00888689115905189,0.005866260933095923,0.0120462353046168,0.0015786161780082428,0.006179974371520876,1000.0,0.0
atlanta,28598,2023-07-22,grid_03,0.3,0.4,BLOCK_RANGE_ONLY,8.0,linear,temperature,K,ESTIMABLE,0.16084550509692033,0.14257997209805479,0.17810509267000343,0.009340117590545384,0.03552512057194865,1000.0,0.0
atlanta,28598,2023-07-22,grid_03,0.3,0.4,BLOCK_RANGE_ONLY,8.0,linear,emitted_flux,W/m2,ESTIMABLE,0.8826717524276038,0.755928820515281,1.0037447459183384,0.06436655801766955,0.2478159254030574,1000.0,0.0
atlanta,28598,2023-07-22,grid_03,0.3,0.4,BLOCK_RANGE_ONLY,8.0,linear,temperature_equivalent,K,ESTIMABLE,0.13178631126720575,0.11285291752104457,0.1498758982354346,0.009616190856615556,0.03702298071439003,1000.0,0.0
atlanta,28598,2023-07-22,grid_03,0.3,0.4,BLOCK_RANGE_ONLY,8.0,linear,temperature_minus_equivalent,K,ESTIMABLE,0.029059193829714586,0.024221218828718576,0.03440084113901598,0.0026373067079789184,0.010179622310297405,1000.0,0.0
atlanta,28598,2023-07-22,grid_03,0.3,0.4,BLOCK_RANGE_ONLY,8.0,quadratic,temperature,K,ESTIMABLE,0.1929377856597285,0.17062027724215567,0.21419254046301786,0.011329595493167255,0.04357226322086219,1000.0,0.0
atlanta,28598,2023-07-22,grid_03,0.3,0.4,BLOCK_RANGE_ONLY,8.0,quadratic,emitted_flux,W/m2,ESTIMABLE,1.0379808506510784,0.8880143214254116,1.1911693960769947,0.07971348478126251,0.3031550746515831,1000.0,0.0
atlanta,28598,2023-07-22,grid_03,0.3,0.4,BLOCK_RANGE_ONLY,8.0,quadratic,temperature_equivalent,K,ESTIMABLE,0.15499170067096202,0.13258448183926816,0.1778852804270926,0.011911665111382159,0.04530079858782443,1000.0,0.0
atlanta,28598,2023-07-22,grid_03,0.3,0.4,BLOCK_RANGE_ONLY,8.0,quadratic,temperature_minus_equivalent,K,ESTIMABLE,0.037946084988766476,0.031806417562523406,0.04437265118330444,0.003237709314678482,0.012566233620781034,1000.0,0.0
atlanta,28598,2023-07-22,grid_03,0.3,0.4,BLOCK_RANGE_ONLY,8.0,quadratic_minus_linear,temperature,K,ESTIMABLE,0.03209228056280816,0.02295431635219038,0.04124640902065101,0.004579156465969374,0.018292092668460633,1000.0,0.0
atlanta,28598,2023-07-22,grid_03,0.3,0.4,BLOCK_RANGE_ONLY,8.0,quadratic_minus_linear,emitted_flux,W/m2,ESTIMABLE,0.1553090982234746,0.09382526279518076,0.21779707486426342,0.032237134878479574,0.12397181206908266,1000.0,0.0
atlanta,28598,2023-07-22,grid_03,0.3,0.4,BLOCK_RANGE_ONLY,8.0,quadratic_minus_linear,temperature_equivalent,K,ESTIMABLE,0.02320538940375627,0.01401593058216406,0.03254660961359548,0.004817819997093288,0.018530679031431418,1000.0,0.0
atlanta,28598,2023-07-22,grid_03,0.3,0.4,BLOCK_RANGE_ONLY,8.0,quadratic_minus_linear,temperature_minus_equivalent,K,ESTIMABLE,0.00888689115905189,0.004873692309415608,0.012625754660233017,0.0020018228123853503,0.007752062350817409,1000.0,0.0
atlanta,28598,2023-07-22,grid_04,0.4,0.5,BLOCK_RANGE_ONLY,1.0,linear,temperature,K,ESTIMABLE,0.16084550509692025,0.1498332103866767,0.17151255976828417,0.005521318699122111,0.021679349381607455,1000.0,0.0
atlanta,28598,2023-07-22,grid_04,0.4,0.5,BLOCK_RANGE_ONLY,1.0,linear,emitted_flux,W/m2,ESTIMABLE,0.8826717524276032,0.8047468841977982,0.9551759077347958,0.03885332842108599,0.1504290235369976,1000.0,0.0
atlanta,28598,2023-07-22,grid_04,0.4,0.5,BLOCK_RANGE_ONLY,1.0,linear,temperature_equivalent,K,ESTIMABLE,0.13178631126720575,0.12014516109017279,0.14261882485686073,0.005804593171043804,0.02247366376668794,1000.0,0.0
atlanta,28598,2023-07-22,grid_04,0.4,0.5,BLOCK_RANGE_ONLY,1.0,linear,temperature_minus_equivalent,K,ESTIMABLE,0.029059193829714502,0.024782525402170602,0.03322110577018289,0.002116908514768935,0.008438580368012288,1000.0,0.0
atlanta,28598,2023-07-22,grid_04,0.4,0.5,BLOCK_RANGE_ONLY,1.0,quadratic,temperature,K,ESTIMABLE,0.16987150345752355,0.1580165870638128,0.18100010961046153,0.005781906762887455,0.022983522546648733,1000.0,0.0
atlanta,28598,2023-07-22,grid_04,0.4,0.5,BLOCK_RANGE_ONLY,1.0,quadratic,emitted_flux,W/m2,ESTIMABLE,0.9263526514278578,0.843366084985061,1.0023371143161026,0.04066896808606424,0.15897102933104157,1000.0,0.0
atlanta,28598,2023-07-22,grid_04,0.4,0.5,BLOCK_RANGE_ONLY,1.0,quadratic,temperature_equivalent,K,ESTIMABLE,0.1383123402323463,0.1259142992594974,0.14966556526076571,0.006076215443213742,0.023751266001268312,1000.0,0.0
atlanta,28598,2023-07-22,grid_04,0.4,0.5,BLOCK_RANGE_ONLY,1.0,quadratic,temperature_minus_equivalent,K,ESTIMABLE,0.03155916322517727,0.027296233894764828,0.0361542551575914,0.0021528353564839284,0.008858021262826574,1000.0,0.0
atlanta,28598,2023-07-22,grid_04,0.4,0.5,BLOCK_RANGE_ONLY,1.0,quadratic_minus_linear,temperature,K,ESTIMABLE,0.009025998360603305,0.0065976665216074554,0.011474263378854417,0.0012496751843020573,0.004876596857246961,1000.0,0.0
atlanta,28598,2023-07-22,grid_04,0.4,0.5,BLOCK_RANGE_ONLY,1.0,quadratic_minus_linear,emitted_flux,W/m2,ESTIMABLE,0.043680899000254625,0.02675834657610769,0.060214092423545494,0.008621355743405057,0.0334557458474378,1000.0,0.0
atlanta,28598,2023-07-22,grid_04,0.4,0.5,BLOCK_RANGE_ONLY,1.0,quadratic_minus_linear,temperature_equivalent,K,ESTIMABLE,0.00652602896514054,0.003997678568116214,0.00899648392866652,0.0012881251580123937,0.004998805360550306,1000.0,0.0
atlanta,28598,2023-07-22,grid_04,0.4,0.5,BLOCK_RANGE_ONLY,1.0,quadratic_minus_linear,temperature_minus_equivalent,K,ESTIMABLE,0.0024999693954627644,0.0016496872087255054,0.0033940772905776805,0.0004493553344297959,0.0017443900818521752,1000.0,0.0
atlanta,28598,2023-07-22,grid_04,0.4,0.5,BLOCK_RANGE_ONLY,8.0,linear,temperature,K,ESTIMABLE,0.16084550509692025,0.1425799720980547,0.17810509267000332,0.009340117590545378,0.03552512057194862,1000.0,0.0
atlanta,28598,2023-07-22,grid_04,0.4,0.5,BLOCK_RANGE_ONLY,8.0,linear,emitted_flux,W/m2,ESTIMABLE,0.8826717524276032,0.7559288205152805,1.0037447459183377,0.06436655801766952,0.2478159254030572,1000.0,0.0
atlanta,28598,2023-07-22,grid_04,0.4,0.5,BLOCK_RANGE_ONLY,8.0,linear,temperature_equivalent,K,ESTIMABLE,0.13178631126720575,0.11285291752104457,0.1498758982354346,0.009616190856615522,0.03702298071439003,1000.0,0.0
atlanta,28598,2023-07-22,grid_04,0.4,0.5,BLOCK_RANGE_ONLY,8.0,linear,temperature_minus_equivalent,K,ESTIMABLE,0.029059193829714502,0.024221218828718465,0.0344008411390159,0.002637306707979033,0.010179622310297433,1000.0,0.0
atlanta,28598,2023-07-22,grid_04,0.4,0.5,BLOCK_RANGE_ONLY,8.0,quadratic,temperature,K,ESTIMABLE,0.16987150345752355,0.15127644358220688,0.1874188056572293,0.009585682751092806,0.036142362075022416,1000.0,0.0
atlanta,28598,2023-07-22,grid_04,0.4,0.5,BLOCK_RANGE_ONLY,8.0,quadratic,emitted_flux,W/m2,ESTIMABLE,0.9263526514278578,0.7961817550714844,1.0548530630689223,0.0667336273174391,0.258671307997438,1000.0,0.0
atlanta,28598,2023-07-22,grid_04,0.4,0.5,BLOCK_RANGE_ONLY,8.0,quadratic,temperature_equivalent,K,ESTIMABLE,0.1383123402323463,0.11886570030404756,0.1575129585340335,0.009970453349909222,0.03864725822998594,1000.0,0.0
atlanta,28598,2023-07-22,grid_04,0.4,0.5,BLOCK_RANGE_ONLY,8.0,quadratic,temperature_minus_equivalent,K,ESTIMABLE,0.03155916322517727,0.02672901411523696,0.0368244874338923,0.002690645631759252,0.010095473318655339,1000.0,0.0
atlanta,28598,2023-07-22,grid_04,0.4,0.5,BLOCK_RANGE_ONLY,8.0,quadratic_minus_linear,temperature,K,ESTIMABLE,0.009025998360603305,0.006545085044035665,0.011471685349218238,0.0012603414340932497,0.004926600305182573,1000.0,0.0
atlanta,28598,2023-07-22,grid_04,0.4,0.5,BLOCK_RANGE_ONLY,8.0,quadratic_minus_linear,emitted_flux,W/m2,ESTIMABLE,0.043680899000254625,0.026950038078072044,0.06102994060071104,0.008851247043397665,0.034079902522639,1000.0,0.0
atlanta,28598,2023-07-22,grid_04,0.4,0.5,BLOCK_RANGE_ONLY,8.0,quadratic_minus_linear,temperature_equivalent,K,ESTIMABLE,0.00652602896514054,0.004025832819070274,0.00911804563672831,0.0013225540094319184,0.005092212817658036,1000.0,0.0
atlanta,28598,2023-07-22,grid_04,0.4,0.5,BLOCK_RANGE_ONLY,8.0,quadratic_minus_linear,temperature_minus_equivalent,K,ESTIMABLE,0.0024999693954627644,0.001370911760648852,0.0036111714969689745,0.000572782715404685,0.0022402597363201226,1000.0,0.0
atlanta,28598,2023-07-22,grid_05,0.5,0.6,BLOCK_RANGE_ONLY,1.0,linear,temperature,K,ESTIMABLE,0.16084550509692025,0.1498332103866767,0.17151255976828417,0.005521318699122111,0.021679349381607455,1000.0,0.0
atlanta,28598,2023-07-22,grid_05,0.5,0.6,BLOCK_RANGE_ONLY,1.0,linear,emitted_flux,W/m2,ESTIMABLE,0.8826717524276032,0.8047468841977982,0.9551759077347958,0.03885332842108599,0.1504290235369976,1000.0,0.0
atlanta,28598,2023-07-22,grid_05,0.5,0.6,BLOCK_RANGE_ONLY,1.0,linear,temperature_equivalent,K,ESTIMABLE,0.13178631126720575,0.12014516109017279,0.14261882485686073,0.005804593171043804,0.02247366376668794,1000.0,0.0
atlanta,28598,2023-07-22,grid_05,0.5,0.6,BLOCK_RANGE_ONLY,1.0,linear,temperature_minus_equivalent,K,ESTIMABLE,0.029059193829714502,0.024782525402170602,0.03322110577018289,0.002116908514768935,0.008438580368012288,1000.0,0.0
atlanta,28598,2023-07-22,grid_05,0.5,0.6,BLOCK_RANGE_ONLY,1.0,quadratic,temperature,K,ESTIMABLE,0.14680522125531864,0.13599570135200115,0.15750390705521108,0.005657945097565443,0.021508205703209937,1000.0,0.0
atlanta,28598,2023-07-22,grid_05,0.5,0.6,BLOCK_RANGE_ONLY,1.0,quadratic,emitted_flux,W/m2,ESTIMABLE,0.8147244522046375,0.7363557550510373,0.8884224675481341,0.03975050924299307,0.1520667124970968,1000.0,0.0
atlanta,28598,2023-07-22,grid_05,0.5,0.6,BLOCK_RANGE_ONLY,1.0,quadratic,temperature_equivalent,K,ESTIMABLE,0.12163563197367466,0.10992931508265116,0.13264545841857114,0.005938066875433608,0.02271614333591998,1000.0,0.0
atlanta,28598,2023-07-22,grid_05,0.5,0.6,BLOCK_RANGE_ONLY,1.0,quadratic,temperature_minus_equivalent,K,ESTIMABLE,0.025169589281643978,0.020714557856618212,0.029555288562452344,0.0022395212410811823,0.008840730705834132,1000.0,0.0
atlanta,28598,2023-07-22,grid_05,0.5,0.6,BLOCK_RANGE_ONLY,1.0,quadratic_minus_linear,temperature,K,ESTIMABLE,-0.014040283841601608,-0.017680857602047764,-0.01025099097263008,0.0019227816544548917,0.007429866629417683,1000.0,0.0
atlanta,28598,2023-07-22,grid_05,0.5,0.6,BLOCK_RANGE_ONLY,1.0,quadratic_minus_linear,emitted_flux,W/m2,ESTIMABLE,-0.06794730022296569,-0.092348003049958,-0.04239961046046763,0.013325677955298666,0.04994839258949037,1000.0,0.0
atlanta,28598,2023-07-22,grid_05,0.5,0.6,BLOCK_RANGE_ONLY,1.0,quadratic_minus_linear,temperature_equivalent,K,ESTIMABLE,-0.010150679293531084,-0.0137957492085647,-0.006334461677734282,0.0019906924416956775,0.007461287530830417,1000.0,0.0
atlanta,28598,2023-07-22,grid_05,0.5,0.6,BLOCK_RANGE_ONLY,1.0,quadratic_minus_linear,temperature_minus_equivalent,K,ESTIMABLE,-0.0038896045480705244,-0.005257371987968909,-0.0025685958916946837,0.0006918942940772975,0.0026887760962742255,1000.0,0.0
atlanta,28598,2023-07-22,grid_05,0.5,0.6,BLOCK_RANGE_ONLY,8.0,linear,temperature,K,ESTIMABLE,0.16084550509692025,0.1425799720980547,0.17810509267000332,0.009340117590545378,0.03552512057194862,1000.0,0.0
atlanta,28598,2023-07-22,grid_05,0.5,0.6,BLOCK_RANGE_ONLY,8.0,linear,emitted_flux,W/m2,ESTIMABLE,0.8826717524276032,0.7559288205152805,1.0037447459183377,0.06436655801766952,0.2478159254030572,1000.0,0.0
atlanta,28598,2023-07-22,grid_05,0.5,0.6,BLOCK_RANGE_ONLY,8.0,linear,temperature_equivalent,K,ESTIMABLE,0.13178631126720575,0.11285291752104457,0.1498758982354346,0.009616190856615522,0.03702298071439003,1000.0,0.0
atlanta,28598,2023-07-22,grid_05,0.5,0.6,BLOCK_RANGE_ONLY,8.0,linear,temperature_minus_equivalent,K,ESTIMABLE,0.029059193829714502,0.024221218828718465,0.0344008411390159,0.002637306707979033,0.010179622310297433,1000.0,0.0
atlanta,28598,2023-07-22,grid_05,0.5,0.6,BLOCK_RANGE_ONLY,8.0,quadratic,temperature,K,ESTIMABLE,0.14680522125531864,0.12909942824867635,0.16367615920104314,0.00885216775257906,0.034576730952366797,1000.0,0.0
atlanta,28598,2023-07-22,grid_05,0.5,0.6,BLOCK_RANGE_ONLY,8.0,quadratic,emitted_flux,W/m2,ESTIMABLE,0.8147244522046375,0.6935513352674677,0.9259455638051974,0.060567636516283656,0.23239422853772973,1000.0,0.0
atlanta,28598,2023-07-22,grid_05,0.5,0.6,BLOCK_RANGE_ONLY,8.0,quadratic,temperature_equivalent,K,ESTIMABLE,0.12163563197367466,0.10353596049240679,0.13825151851087725,0.00904773641299029,0.034715558018470455,1000.0,0.0
atlanta,28598,2023-07-22,grid_05,0.5,0.6,BLOCK_RANGE_ONLY,8.0,quadratic,temperature_minus_equivalent,K,ESTIMABLE,0.025169589281643978,0.019911805672311506,0.030909541783919137,0.0028549561093955916,0.01099773611160763,1000.0,0.0
atlanta,28598,2023-07-22,grid_05,0.5,0.6,BLOCK_RANGE_ONLY,8.0,quadratic_minus_linear,temperature,K,ESTIMABLE,-0.014040283841601608,-0.018960531276343288,-0.00984923607037272,0.0022711731485193613,0.009111295205970567,1000.0,0.0
atlanta,28598,2023-07-22,grid_05,0.5,0.6,BLOCK_RANGE_ONLY,8.0,quadratic_minus_linear,emitted_flux,W/m2,ESTIMABLE,-0.06794730022296569,-0.09926762963404044,-0.04012095492616763,0.015276796212843155,0.05914667470787281,1000.0,0.0
atlanta,28598,2023-07-22,grid_05,0.5,0.6,BLOCK_RANGE_ONLY,8.0,quadratic_minus_linear,temperature_equivalent,K,ESTIMABLE,-0.010150679293531084,-0.014832207117558482,-0.0059936865796530025,0.0022824415653111955,0.00883852053790548,1000.0,0.0
atlanta,28598,2023-07-22,grid_05,0.5,0.6,BLOCK_RANGE_ONLY,8.0,quadratic_minus_linear,temperature_minus_equivalent,K,ESTIMABLE,-0.0038896045480705244,-0.005578339034151638,-0.0021496480250446227,0.0008957074568451478,0.0034286910091070153,1000.0,0.0
atlanta,28598,2023-07-22,grid_06,0.6,0.7,BLOCK_RANGE_ONLY,1.0,linear,temperature,K,ESTIMABLE,0.16084550509692025,0.1498332103866767,0.17151255976828417,0.005521318699122111,0.021679349381607455,1000.0,0.0
atlanta,28598,2023-07-22,grid_06,0.6,0.7,BLOCK_RANGE_ONLY,1.0,linear,emitted_flux,W/m2,ESTIMABLE,0.8826717524276032,0.8047468841977982,0.9551759077347958,0.03885332842108599,0.1504290235369976,1000.0,0.0
atlanta,28598,2023-07-22,grid_06,0.6,0.7,BLOCK_RANGE_ONLY,1.0,linear,temperature_equivalent,K,ESTIMABLE,0.13178631126720575,0.12014516109017279,0.14261882485686073,0.005804593171043804,0.02247366376668794,1000.0,0.0
atlanta,28598,2023-07-22,grid_06,0.6,0.7,BLOCK_RANGE_ONLY,1.0,linear,temperature_minus_equivalent,K,ESTIMABLE,0.029059193829714502,0.024782525402170602,0.03322110577018289,0.002116908514768935,0.008438580368012288,1000.0,0.0
atlanta,28598,2023-07-22,grid_06,0.6,0.7,BLOCK_RANGE_ONLY,1.0,quadratic,temperature,K,ESTIMABLE,0.12373893905311377,0.10979893093826261,0.1376303377665203,0.007086380593154244,0.0278314068282577,1000.0,0.0
atlanta,28598,2023-07-22,grid_06,0.6,0.7,BLOCK_RANGE_ONLY,1.0,quadratic,emitted_flux,W/m2,ESTIMABLE,0.7030962529814175,0.6058976721626855,0.8009039658183019,0.049572373169064474,0.1950062936556164,1000.0,0.0
atlanta,28598,2023-07-22,grid_06,0.6,0.7,BLOCK_RANGE_ONLY,1.0,quadratic,temperature_equivalent,K,ESTIMABLE,0.10496157491127178,0.09044504824264692,0.11957110321307168,0.007404134662886356,0.029126054970424767,1000.0,0.0
atlanta,28598,2023-07-22,grid_06,0.6,0.7,BLOCK_RANGE_ONLY,1.0,quadratic,temperature_minus_equivalent,K,ESTIMABLE,0.018777364141841987,0.01330617887024608,0.024231385163431856,0.0028215293853163593,0.010925206293185776,1000.0,0.0
atlanta,28598,2023-07-22,grid_06,0.6,0.7,BLOCK_RANGE_ONLY,1.0,quadratic_minus_linear,temperature,K,ESTIMABLE,-0.03710656604380648,-0.04684232019917537,-0.026961246300552494,0.005045298879826976,0.019881073898622877,1000.0,0.0
atlanta,28598,2023-07-22,grid_06,0.6,0.7,BLOCK_RANGE_ONLY,1.0,quadratic_minus_linear,emitted_flux,W/m2,ESTIMABLE,-0.17957549944618567,-0.24339914065450832,-0.11186146658868952,0.03509984028063464,0.1315376740658188,1000.0,0.0
atlanta,28598,2023-07-22,grid_06,0.6,0.7,BLOCK_RANGE_ONLY,1.0,quadratic_minus_linear,temperature_equivalent,K,ESTIMABLE,-0.026824736355933965,-0.03635746102081185,-0.016710495304147345,0.00524266545695522,0.019646965716664508,1000.0,0.0
atlanta,28598,2023-07-22,grid_06,0.6,0.7,BLOCK_RANGE_ONLY,1.0,quadratic_minus_linear,temperature_minus_equivalent,K,ESTIMABLE,-0.010281829687872515,-0.013879854825254471,-0.006788301898938148,0.0018222116114048682,0.007091552926316323,1000.0,0.0
atlanta,28598,2023-07-22,grid_06,0.6,0.7,BLOCK_RANGE_ONLY,8.0,linear,temperature,K,ESTIMABLE,0.16084550509692025,0.1425799720980547,0.17810509267000332,0.009340117590545378,0.03552512057194862,1000.0,0.0
atlanta,28598,2023-07-22,grid_06,0.6,0.7,BLOCK_RANGE_ONLY,8.0,linear,emitted_flux,W/m2,ESTIMABLE,0.8826717524276032,0.7559288205152805,1.0037447459183377,0.06436655801766952,0.2478159254030572,1000.0,0.0
atlanta,28598,2023-07-22,grid_06,0.6,0.7,BLOCK_RANGE_ONLY,8.0,linear,temperature_equivalent,K,ESTIMABLE,0.13178631126720575,0.11285291752104457,0.1498758982354346,0.009616190856615522,0.03702298071439003,1000.0,0.0
atlanta,28598,2023-07-22,grid_06,0.6,0.7,BLOCK_RANGE_ONLY,8.0,linear,temperature_minus_equivalent,K,ESTIMABLE,0.029059193829714502,0.024221218828718465,0.0344008411390159,0.002637306707979033,0.010179622310297433,1000.0,0.0
atlanta,28598,2023-07-22,grid_06,0.6,0.7,BLOCK_RANGE_ONLY,8.0,quadratic,temperature,K,ESTIMABLE,0.12373893905311377,0.10508002692969834,0.14117363905070945,0.009369440452044245,0.036093612121011115,1000.0,0.0
atlanta,28598,2023-07-22,grid_06,0.6,0.7,BLOCK_RANGE_ONLY,8.0,quadratic,emitted_flux,W/m2,ESTIMABLE,0.7030962529814175,0.580243068535639,0.8214997849316475,0.06324100244817417,0.24125671639600854,1000.0,0.0
atlanta,28598,2023-07-22,grid_06,0.6,0.7,BLOCK_RANGE_ONLY,8.0,quadratic,temperature_equivalent,K,ESTIMABLE,0.10496157491127178,0.08661388979889324,0.12264775803831895,0.009445562177836158,0.03603386823942571,1000.0,0.0
atlanta,28598,2023-07-22,grid_06,0.6,0.7,BLOCK_RANGE_ONLY,8.0,quadratic,temperature_minus_equivalent,K,ESTIMABLE,0.018777364141841987,0.011710378078480545,0.02601888131405191,0.0036350346424224213,0.014308503235571365,1000.0,0.0
atlanta,28598,2023-07-22,grid_06,0.6,0.7,BLOCK_RANGE_ONLY,8.0,quadratic_minus_linear,temperature,K,ESTIMABLE,-0.03710656604380648,-0.048726713776811745,-0.026020552095345748,0.00562831899948985,0.022706161681465997,1000.0,0.0
atlanta,28598,2023-07-22,grid_06,0.6,0.7,BLOCK_RANGE_ONLY,8.0,quadratic_minus_linear,emitted_flux,W/m2,ESTIMABLE,-0.17957549944618567,-0.2563835282842016,-0.10913045034740088,0.03878583053242164,0.1472530779368007,1000.0,0.0
atlanta,28598,2023-07-22,grid_06,0.6,0.7,BLOCK_RANGE_ONLY,8.0,quadratic_minus_linear,temperature_equivalent,K,ESTIMABLE,-0.026824736355933965,-0.038287337543103206,-0.01630123267750463,0.005793846839845399,0.021986104865598575,1000.0,0.0
atlanta,28598,2023-07-22,grid_06,0.6,0.7,BLOCK_RANGE_ONLY,8.0,quadratic_minus_linear,temperature_minus_equivalent,K,ESTIMABLE,-0.010281829687872515,-0.014631862782275863,-0.005671297164336427,0.0023296017669135723,0.008960565617939436,1000.0,0.0
atlanta,28598,2023-07-22,grid_07,0.7,0.8,BLOCK_RANGE_ONLY,1.0,linear,temperature,K,ESTIMABLE,0.16084550509692042,0.14983321038667688,0.17151255976828436,0.005521318699122118,0.021679349381607482,1000.0,0.0
atlanta,28598,2023-07-22,grid_07,0.7,0.8,BLOCK_RANGE_ONLY,1.0,linear,emitted_flux,W/m2,ESTIMABLE,0.8826717524276042,0.804746884197799,0.9551759077347968,0.038853328421086034,0.15042902353699772,1000.0,0.0
atlanta,28598,2023-07-22,grid_07,0.7,0.8,BLOCK_RANGE_ONLY,1.0,linear,temperature_equivalent,K,ESTIMABLE,0.13178631126720575,0.12014516109017279,0.14261882485686073,0.005804593171043796,0.02247366376668794,1000.0,0.0
atlanta,28598,2023-07-22,grid_07,0.7,0.8,BLOCK_RANGE_ONLY,1.0,linear,temperature_minus_equivalent,K,ESTIMABLE,0.02905919382971467,0.02478252540217077,0.033221105770183085,0.0021169085147688675,0.008438580368012316,1000.0,0.0
atlanta,28598,2023-07-22,grid_07,0.7,0.8,BLOCK_RANGE_ONLY,1.0,quadratic,temperature,K,ESTIMABLE,0.10067265685090887,0.08251518336278402,0.1189241420022042,0.00938316510387774,0.03640895863942019,1000.0,0.0
atlanta,28598,2023-07-22,grid_07,0.7,0.8,BLOCK_RANGE_ONLY,1.0,quadratic,emitted_flux,W/m2,ESTIMABLE,0.5914680537581974,0.4685820108289703,0.713906910597404,0.06546691190817275,0.2453248997684337,1000.0,0.0
atlanta,28598,2023-07-22,grid_07,0.7,0.8,BLOCK_RANGE_ONLY,1.0,quadratic,temperature_equivalent,K,ESTIMABLE,0.08829016806180334,0.06994049238266627,0.10657626173381515,0.00977661546122337,0.036635769351148886,1000.0,0.0
atlanta,28598,2023-07-22,grid_07,0.7,0.8,BLOCK_RANGE_ONLY,1.0,quadratic,temperature_minus_equivalent,K,ESTIMABLE,0.012382488789105528,0.004912654947195367,0.019517922757855827,0.0036700762518548408,0.01460526781066046,1000.0,0.0
atlanta,28598,2023-07-22,grid_07,0.7,0.8,BLOCK_RANGE_ONLY,1.0,quadratic_minus_linear,temperature,K,ESTIMABLE,-0.060172848246011545,-0.07608983346697934,-0.043800503674521464,0.008175300762325869,0.032289329792457876,1000.0,0.0
atlanta,28598,2023-07-22,grid_07,0.7,0.8,BLOCK_RANGE_ONLY,1.0,quadratic_minus_linear,emitted_flux,W/m2,ESTIMABLE,-0.29120369866940676,-0.39425283377066866,-0.18119600059116953,0.056899939008118024,0.21305683317949914,1000.0,0.0
atlanta,28598,2023-07-22,grid_07,0.7,0.8,BLOCK_RANGE_ONLY,1.0,quadratic_minus_linear,temperature_equivalent,K,ESTIMABLE,-0.043496143205402404,-0.05888455985329273,-0.027066741760508255,0.00849749500202035,0.03181781809278447,1000.0,0.0
atlanta,28598,2023-07-22,grid_07,0.7,0.8,BLOCK_RANGE_ONLY,1.0,quadratic_minus_linear,temperature_minus_equivalent,K,ESTIMABLE,-0.01667670504060914,-0.022585534261745005,-0.011011267520650715,0.0029538405569991075,0.01157426674109429,1000.0,0.0
atlanta,28598,2023-07-22,grid_07,0.7,0.8,BLOCK_RANGE_ONLY,8.0,linear,temperature,K,ESTIMABLE,0.16084550509692042,0.14257997209805487,0.17810509267000352,0.009340117590545389,0.03552512057194865,1000.0,0.0
atlanta,28598,2023-07-22,grid_07,0.7,0.8,BLOCK_RANGE_ONLY,8.0,linear,emitted_flux,W/m2,ESTIMABLE,0.8826717524276042,0.7559288205152813,1.0037447459183388,0.06436655801766959,0.24781592540305752,1000.0,0.0
atlanta,28598,2023-07-22,grid_07,0.7,0.8,BLOCK_RANGE_ONLY,8.0,linear,temperature_equivalent,K,ESTIMABLE,0.13178631126720575,0.11285291752104457,0.1498758982354346,0.00961619085661548,0.03702298071439003,1000.0,0.0
atlanta,28598,2023-07-22,grid_07,0.7,0.8,BLOCK_RANGE_ONLY,8.0,linear,temperature_minus_equivalent,K,ESTIMABLE,0.02905919382971467,0.02422121882871866,0.03440084113901609,0.002637306707978767,0.010179622310297433,1000.0,0.0
atlanta,28598,2023-07-22,grid_07,0.7,0.8,BLOCK_RANGE_ONLY,8.0,quadratic,temperature,K,ESTIMABLE,0.10067265685090887,0.0791988597475634,0.12072469350620448,0.010961839954971336,0.04152583375864108,1000.0,0.0
atlanta,28598,2023-07-22,grid_07,0.7,0.8,BLOCK_RANGE_ONLY,8.0,quadratic,emitted_flux,W/m2,ESTIMABLE,0.5914680537581974,0.4414649416474516,0.7277868547990496,0.07379928459942424,0.286321913151598,1000.0,0.0
atlanta,28598,2023-07-22,grid_07,0.7,0.8,BLOCK_RANGE_ONLY,8.0,quadratic,temperature_equivalent,K,ESTIMABLE,0.08829016806180334,0.0658917306826666,0.1086494156460148,0.011020771066436315,0.0427576849633482,1000.0,0.0
atlanta,28598,2023-07-22,grid_07,0.7,0.8,BLOCK_RANGE_ONLY,8.0,quadratic,temperature_minus_equivalent,K,ESTIMABLE,0.012382488789105528,0.003338005325154391,0.021680226202692637,0.004735483622666251,0.018342220877538246,1000.0,0.0
atlanta,28598,2023-07-22,grid_07,0.7,0.8,BLOCK_RANGE_ONLY,8.0,quadratic_minus_linear,temperature,K,ESTIMABLE,-0.060172848246011545,-0.07887216788512919,-0.04229866559231238,0.00900820195149298,0.036573502292816806,1000.0,0.0
atlanta,28598,2023-07-22,grid_07,0.7,0.8,BLOCK_RANGE_ONLY,8.0,quadratic_minus_linear,emitted_flux,W/m2,ESTIMABLE,-0.29120369866940676,-0.4131702526009123,-0.17673589580514043,0.06237968432836331,0.23643435679577185,1000.0,0.0
atlanta,28598,2023-07-22,grid_07,0.7,0.8,BLOCK_RANGE_ONLY,8.0,quadratic_minus_linear,temperature_equivalent,K,ESTIMABLE,-0.043496143205402404,-0.061706821407862836,-0.02639844563462788,0.00931679349934736,0.03530837577323495,1000.0,0.0
atlanta,28598,2023-07-22,grid_07,0.7,0.8,BLOCK_RANGE_ONLY,8.0,quadratic_minus_linear,temperature_minus_equivalent,K,ESTIMABLE,-0.01667670504060914,-0.023667329036954322,-0.009186770180396174,0.0037682173584876345,0.014480558856558148,1000.0,0.0
atlanta,28598,2023-07-22,grid_08,0.8,0.9,BLOCK_RANGE_ONLY,1.0,linear,temperature,K,ESTIMABLE,0.16084550509692025,0.1498332103866767,0.17151255976828417,0.005521318699122111,0.021679349381607455,1000.0,0.0
atlanta,28598,2023-07-22,grid_08,0.8,0.9,BLOCK_RANGE_ONLY,1.0,linear,emitted_flux,W/m2,ESTIMABLE,0.8826717524276032,0.8047468841977982,0.9551759077347958,0.03885332842108599,0.1504290235369976,1000.0,0.0
atlanta,28598,2023-07-22,grid_08,0.8,0.9,BLOCK_RANGE_ONLY,1.0,linear,temperature_equivalent,K,ESTIMABLE,0.13178631126720575,0.12014516109017279,0.14261882485686073,0.005804593171043804,0.02247366376668794,1000.0,0.0
atlanta,28598,2023-07-22,grid_08,0.8,0.9,BLOCK_RANGE_ONLY,1.0,linear,temperature_minus_equivalent,K,ESTIMABLE,0.029059193829714502,0.024782525402170602,0.03322110577018289,0.002116908514768935,0.008438580368012288,1000.0,0.0
atlanta,28598,2023-07-22,grid_08,0.8,0.9,BLOCK_RANGE_ONLY,1.0,quadratic,temperature,K,ESTIMABLE,0.077606374648704,0.053918382245373715,0.10123310640112304,0.012062061809402704,0.047314724155749326,1000.0,0.0
atlanta,28598,2023-07-22,grid_08,0.8,0.9,BLOCK_RANGE_ONLY,1.0,quadratic,emitted_flux,W/m2,ESTIMABLE,0.47983985453497713,0.32546514276017374,0.6386108921756244,0.08405707646959666,0.31314574941545065,1000.0,0.0
atlanta,28598,2023-07-22,grid_08,0.8,0.9,BLOCK_RANGE_ONLY,1.0,quadratic,temperature_equivalent,K,ESTIMABLE,0.07162141044261716,0.04857394041017784,0.09533051598733663,0.01255084694673497,0.046756575577158795,1000.0,0.0
atlanta,28598,2023-07-22,grid_08,0.8,0.9,BLOCK_RANGE_ONLY,1.0,quadratic,temperature_minus_equivalent,K,ESTIMABLE,0.0059849642060868374,-0.003414411302946031,0.014935394212097716,0.004640991239046749,0.018349805515043748,1000.0,0.0
atlanta,28598,2023-07-22,grid_08,0.8,0.9,BLOCK_RANGE_ONLY,1.0,quadratic_minus_linear,temperature,K,ESTIMABLE,-0.08323913044821625,-0.10507982971657882,-0.06064175254556717,0.011306573070290352,0.044438077171011656,1000.0,0.0
atlanta,28598,2023-07-22,grid_08,0.8,0.9,BLOCK_RANGE_ONLY,1.0,quadratic_minus_linear,emitted_flux,W/m2,ESTIMABLE,-0.4028318978926261,-0.5450820331711786,-0.25053053459364866,0.07870442495293861,0.29455149857753,1000.0,0.0
atlanta,28598,2023-07-22,grid_08,0.8,0.9,BLOCK_RANGE_ONLY,1.0,quadratic_minus_linear,temperature_equivalent,K,ESTIMABLE,-0.060164900824588585,-0.08140327105824952,-0.037421965796735894,0.011751962359417414,0.04398130526151362,1000.0,0.0
atlanta,28598,2023-07-22,grid_08,0.8,0.9,BLOCK_RANGE_ONLY,1.0,quadratic_minus_linear,temperature_minus_equivalent,K,ESTIMABLE,-0.023074229623627665,-0.03128945079831654,-0.015236985260720069,0.004085452691682153,0.016052465537596473,1000.0,0.0
atlanta,28598,2023-07-22,grid_08,0.8,0.9,BLOCK_RANGE_ONLY,8.0,linear,temperature,K,ESTIMABLE,0.16084550509692025,0.1425799720980547,0.17810509267000332,0.009340117590545378,0.03552512057194862,1000.0,0.0
atlanta,28598,2023-07-22,grid_08,0.8,0.9,BLOCK_RANGE_ONLY,8.0,linear,emitted_flux,W/m2,ESTIMABLE,0.8826717524276032,0.7559288205152805,1.0037447459183377,0.06436655801766952,0.2478159254030572,1000.0,0.0
atlanta,28598,2023-07-22,grid_08,0.8,0.9,BLOCK_RANGE_ONLY,8.0,linear,temperature_equivalent,K,ESTIMABLE,0.13178631126720575,0.11285291752104457,0.1498758982354346,0.009616190856615522,0.03702298071439003,1000.0,0.0
atlanta,28598,2023-07-22,grid_08,0.8,0.9,BLOCK_RANGE_ONLY,8.0,linear,temperature_minus_equivalent,K,ESTIMABLE,0.029059193829714502,0.024221218828718465,0.0344008411390159,0.002637306707979033,0.010179622310297433,1000.0,0.0
atlanta,28598,2023-07-22,grid_08,0.8,0.9,BLOCK_RANGE_ONLY,8.0,quadratic,temperature,K,ESTIMABLE,0.077606374648704,0.049625817372111365,0.10133096434088315,0.013247167107038695,0.051705146968771785,1000.0,0.0
atlanta,28598,2023-07-22,grid_08,0.8,0.9,BLOCK_RANGE_ONLY,8.0,quadratic,emitted_flux,W/m2,ESTIMABLE,0.47983985453497713,0.2932606963731426,0.6450555661660649,0.08949395869766366,0.35179486979292224,1000.0,0.0
atlanta,28598,2023-07-22,grid_08,0.8,0.9,BLOCK_RANGE_ONLY,8.0,quadratic,temperature_equivalent,K,ESTIMABLE,0.07162141044261716,0.043766595529064034,0.09629300560489323,0.013362407477950254,0.0525264100758292,1000.0,0.0
atlanta,28598,2023-07-22,grid_08,0.8,0.9,BLOCK_RANGE_ONLY,8.0,quadratic,temperature_minus_equivalent,K,ESTIMABLE,0.0059849642060868374,-0.005117785321782107,0.017569191993606455,0.005981796808854281,0.022686977315388563,1000.0,0.0
atlanta,28598,2023-07-22,grid_08,0.8,0.9,BLOCK_RANGE_ONLY,8.0,quadratic_minus_linear,temperature,K,ESTIMABLE,-0.08323913044821625,-0.10889468644020996,-0.058691582584224584,0.012392231856576303,0.05020310385598537,1000.0,0.0
atlanta,28598,2023-07-22,grid_08,0.8,0.9,BLOCK_RANGE_ONLY,8.0,quadratic_minus_linear,emitted_flux,W/m2,ESTIMABLE,-0.4028318978926261,-0.5717634111380848,-0.244341341262879,0.08598856669917374,0.32742206987520583,1000.0,0.0
atlanta,28598,2023-07-22,grid_08,0.8,0.9,BLOCK_RANGE_ONLY,8.0,quadratic_minus_linear,temperature_equivalent,K,ESTIMABLE,-0.060164900824588585,-0.08538520977261185,-0.03649468669337353,0.012840857932872695,0.04889052307923832,1000.0,0.0
atlanta,28598,2023-07-22,grid_08,0.8,0.9,BLOCK_RANGE_ONLY,8.0,quadratic_minus_linear,temperature_minus_equivalent,K,ESTIMABLE,-0.023074229623627665,-0.03267677290046825,-0.012682106911535018,0.0052073677824406575,0.01999466598893323,1000.0,0.0
atlanta,28598,2023-07-22,grid_09,0.9,1.0,NO_SPANNING_BLOCKS,,,,,NOT_ESTIMATED_NO_REFERENCE_BLOCKS,,,,,,,
phoenix,27963,2023-06-11,near_-0.02,0.008509538620710373,0.10850953862071037,BLOCK_RANGE_ONLY,1.0,linear,temperature,K,ESTIMABLE,0.8927882384055235,0.862440155574091,0.9249069336722938,0.016571431652590497,0.06246677809820278,1000.0,0.0
phoenix,27963,2023-06-11,near_-0.02,0.008509538620710373,0.10850953862071037,BLOCK_RANGE_ONLY,1.0,linear,emitted_flux,W/m2,ESTIMABLE,6.601969773220041,6.3999988358897335,6.822148901592732,0.10553888172921476,0.42215006570299884,1000.0,0.0
phoenix,27963,2023-06-11,near_-0.02,0.008509538620710373,0.10850953862071037,BLOCK_RANGE_ONLY,1.0,linear,temperature_equivalent,K,ESTIMABLE,0.9897390604989482,0.9593213061940716,1.0229091336114635,0.015897154421213103,0.06358782741739188,1000.0,0.0
phoenix,27963,2023-06-11,near_-0.02,0.008509538620710373,0.10850953862071037,BLOCK_RANGE_ONLY,1.0,linear,temperature_minus_equivalent,K,ESTIMABLE,-0.09695082209342476,-0.11383074306562242,-0.08107170436564998,0.008193377906718953,0.032759038699972445,1000.0,0.0
phoenix,27963,2023-06-11,near_-0.02,0.008509538620710373,0.10850953862071037,BLOCK_RANGE_ONLY,1.0,quadratic,temperature,K,ESTIMABLE,0.8987946265398322,0.8676086776529206,0.9305876107252359,0.016573558103640935,0.06297893307231528,1000.0,0.0
phoenix,27963,2023-06-11,near_-0.02,0.008509538620710373,0.10850953862071037,BLOCK_RANGE_ONLY,1.0,quadratic,emitted_flux,W/m2,ESTIMABLE,6.621330071318179,6.418344597265846,6.842790814395879,0.10584834614562229,0.4244462171300327,1000.0,0.0
phoenix,27963,2023-06-11,near_-0.02,0.008509538620710373,0.10850953862071037,BLOCK_RANGE_ONLY,1.0,quadratic,temperature_equivalent,K,ESTIMABLE,0.9926552753020701,0.9620838972269183,1.0260193853624884,0.015944206614270515,0.06393548813557004,1000.0,0.0
phoenix,27963,2023-06-11,near_-0.02,0.008509538620710373,0.10850953862071037,BLOCK_RANGE_ONLY,1.0,quadratic,temperature_minus_equivalent,K,ESTIMABLE,-0.09386064876223787,-0.11142782387450705,-0.07796919719975103,0.008322505191656764,0.03345862667475602,1000.0,0.0
phoenix,27963,2023-06-11,near_-0.02,0.008509538620710373,0.10850953862071037,BLOCK_RANGE_ONLY,1.0,quadratic_minus_linear,temperature,K,ESTIMABLE,0.00600638813430876,0.003193190435021781,0.008993976416453758,0.0014713766652642074,0.005800785981431977,1000.0,0.0
phoenix,27963,2023-06-11,near_-0.02,0.008509538620710373,0.10850953862071037,BLOCK_RANGE_ONLY,1.0,quadratic_minus_linear,emitted_flux,W/m2,ESTIMABLE,0.019360298098137996,0.004812099743689125,0.03666864404411647,0.00801393460162996,0.03185654430042734,1000.0,0.0
phoenix,27963,2023-06-11,near_-0.02,0.008509538620710373,0.10850953862071037,BLOCK_RANGE_ONLY,1.0,quadratic_minus_linear,temperature_equivalent,K,ESTIMABLE,0.002916214803121875,0.0007248798646060096,0.005522924499628345,0.0012071470497469344,0.0047980446350223355,1000.0,0.0
phoenix,27963,2023-06-11,near_-0.02,0.008509538620710373,0.10850953862071037,BLOCK_RANGE_ONLY,1.0,quadratic_minus_linear,temperature_minus_equivalent,K,ESTIMABLE,0.003090173331186885,0.0019315491967420273,0.004316524855715267,0.0005880493115842626,0.00238497565897324,1000.0,0.0
phoenix,27963,2023-06-11,near_-0.02,0.008509538620710373,0.10850953862071037,BLOCK_RANGE_ONLY,8.0,linear,temperature,K,ESTIMABLE,0.8927882384055235,0.8260392132753568,0.955330603002811,0.03236479953278864,0.12929138972745424,1000.0,0.0
phoenix,27963,2023-06-11,near_-0.02,0.008509538620710373,0.10850953862071037,BLOCK_RANGE_ONLY,8.0,linear,emitted_flux,W/m2,ESTIMABLE,6.601969773220041,6.15258453010008,7.076638355179633,0.23521518620283005,0.9240538250795529,1000.0,0.0
phoenix,27963,2023-06-11,near_-0.02,0.008509538620710373,0.10850953862071037,BLOCK_RANGE_ONLY,8.0,linear,temperature_equivalent,K,ESTIMABLE,0.9897390604989482,0.9220716211956983,1.0612611825883662,0.03542988101718342,0.13918956139266792,1000.0,0.0
phoenix,27963,2023-06-11,near_-0.02,0.008509538620710373,0.10850953862071037,BLOCK_RANGE_ONLY,8.0,linear,temperature_minus_equivalent,K,ESTIMABLE,-0.09695082209342476,-0.12855626462674719,-0.06973041829871247,0.01555365823198414,0.05882584632803471,1000.0,0.0
phoenix,27963,2023-06-11,near_-0.02,0.008509538620710373,0.10850953862071037,BLOCK_RANGE_ONLY,8.0,quadratic,temperature,K,ESTIMABLE,0.8987946265398322,0.8347402870666026,0.9607494971161913,0.03157451783980827,0.12600921004958865,1000.0,0.0
phoenix,27963,2023-06-11,near_-0.02,0.008509538620710373,0.10850953862071037,BLOCK_RANGE_ONLY,8.0,quadratic,emitted_flux,W/m2,ESTIMABLE,6.621330071318179,6.174082190194765,7.088234676577917,0.227594728840694,0.914152486383152,1000.0,0.0
phoenix,27963,2023-06-11,near_-0.02,0.008509538620710373,0.10850953862071037,BLOCK_RANGE_ONLY,8.0,quadratic,temperature_equivalent,K,ESTIMABLE,0.9926552753020701,0.9253076948722224,1.0630091055327184,0.03428330017202441,0.13770141066049602,1000.0,0.0
phoenix,27963,2023-06-11,near_-0.02,0.008509538620710373,0.10850953862071037,BLOCK_RANGE_ONLY,8.0,quadratic,temperature_minus_equivalent,K,ESTIMABLE,-0.09386064876223787,-0.12673286250962612,-0.06475714700285319,0.016107190774655798,0.06197571550677293,1000.0,0.0
phoenix,27963,2023-06-11,near_-0.02,0.008509538620710373,0.10850953862071037,BLOCK_RANGE_ONLY,8.0,quadratic_minus_linear,temperature,K,ESTIMABLE,0.00600638813430876,-0.0004292652037220429,0.017593620590205215,0.004688215793906012,0.01802288579392726,1000.0,0.0
phoenix,27963,2023-06-11,near_-0.02,0.008509538620710373,0.10850953862071037,BLOCK_RANGE_ONLY,8.0,quadratic_minus_linear,emitted_flux,W/m2,ESTIMABLE,0.019360298098137996,-0.0065732205529429825,0.09635017458776464,0.025693108846385763,0.10292339514070763,1000.0,0.0
phoenix,27963,2023-06-11,near_-0.02,0.008509538620710373,0.10850953862071037,BLOCK_RANGE_ONLY,8.0,quadratic_minus_linear,temperature_equivalent,K,ESTIMABLE,0.002916214803121875,-0.0009901483182687798,0.0145087031422932,0.003869320073826359,0.015498851460561978,1000.0,0.0
phoenix,27963,2023-06-11,near_-0.02,0.008509538620710373,0.10850953862071037,BLOCK_RANGE_ONLY,8.0,quadratic_minus_linear,temperature_minus_equivalent,K,ESTIMABLE,0.003090173331186885,-0.00045857599121193465,0.005816846284054452,0.0015853469541888825,0.006275422275266387,1000.0,0.0
phoenix,27963,2023-06-11,near_-0.01,0.01850953862071037,0.11850953862071037,BLOCK_RANGE_ONLY,1.0,linear,temperature,K,ESTIMABLE,0.8927882384055235,0.862440155574091,0.9249069336722938,0.016571431652590497,0.06246677809820278,1000.0,0.0
phoenix,27963,2023-06-11,near_-0.01,0.01850953862071037,0.11850953862071037,BLOCK_RANGE_ONLY,1.0,linear,emitted_flux,W/m2,ESTIMABLE,6.601969773220041,6.3999988358897335,6.822148901592732,0.10553888172921476,0.42215006570299884,1000.0,0.0
phoenix,27963,2023-06-11,near_-0.01,0.01850953862071037,0.11850953862071037,BLOCK_RANGE_ONLY,1.0,linear,temperature_equivalent,K,ESTIMABLE,0.9897390604989482,0.9593213061940716,1.0229091336114635,0.015897154421213103,0.06358782741739188,1000.0,0.0
phoenix,27963,2023-06-11,near_-0.01,0.01850953862071037,0.11850953862071037,BLOCK_RANGE_ONLY,1.0,linear,temperature_minus_equivalent,K,ESTIMABLE,-0.09695082209342476,-0.11383074306562242,-0.08107170436564998,0.008193377906718953,0.032759038699972445,1000.0,0.0
phoenix,27963,2023-06-11,near_-0.01,0.01850953862071037,0.11850953862071037,BLOCK_RANGE_ONLY,1.0,quadratic,temperature,K,ESTIMABLE,0.8662161944202788,0.8353284532150757,0.901004697827671,0.016824448422136942,0.06567624461259536,1000.0,0.0
phoenix,27963,2023-06-11,near_-0.01,0.01850953862071037,0.11850953862071037,BLOCK_RANGE_ONLY,1.0,quadratic,emitted_flux,W/m2,ESTIMABLE,6.516320514276456,6.312732883826257,6.737235280565931,0.10676451777175351,0.4245023967396735,1000.0,0.0
phoenix,27963,2023-06-11,near_-0.01,0.01850953862071037,0.11850953862071037,BLOCK_RANGE_ONLY,1.0,quadratic,temperature_equivalent,K,ESTIMABLE,0.9768388070269793,0.9461813875475471,1.010115616636766,0.016079847058905045,0.06393422908921886,1000.0,0.0
phoenix,27963,2023-06-11,near_-0.01,0.01850953862071037,0.11850953862071037,BLOCK_RANGE_ONLY,1.0,quadratic,temperature_minus_equivalent,K,ESTIMABLE,-0.11062261260670059,-0.12594188273744783,-0.09403946843561758,0.00819616802548279,0.031902414301830245,1000.0,0.0
phoenix,27963,2023-06-11,near_-0.01,0.01850953862071037,0.11850953862071037,BLOCK_RANGE_ONLY,1.0,quadratic_minus_linear,temperature,K,ESTIMABLE,-0.02657204398524471,-0.03471065154074012,-0.018047847392936738,0.004165534012538525,0.016662804147803384,1000.0,0.0
phoenix,27963,2023-06-11,near_-0.01,0.01850953862071037,0.11850953862071037,BLOCK_RANGE_ONLY,1.0,quadratic_minus_linear,emitted_flux,W/m2,ESTIMABLE,-0.08564925894358488,-0.13474468416301044,-0.027937815892135735,0.027461072807334362,0.10680686827087471,1000.0,0.0
phoenix,27963,2023-06-11,near_-0.01,0.01850953862071037,0.11850953862071037,BLOCK_RANGE_ONLY,1.0,quadratic_minus_linear,temperature_equivalent,K,ESTIMABLE,-0.012900253471968881,-0.020299071767233556,-0.0042079810140037924,0.004136095198344469,0.016091090753229766,1000.0,0.0
phoenix,27963,2023-06-11,near_-0.01,0.01850953862071037,0.11850953862071037,BLOCK_RANGE_ONLY,1.0,quadratic_minus_linear,temperature_minus_equivalent,K,ESTIMABLE,-0.013671790513275828,-0.018516068885884272,-0.008896576990279645,0.0025120574775981887,0.009619491895604628,1000.0,0.0
phoenix,27963,2023-06-11,near_-0.01,0.01850953862071037,0.11850953862071037,BLOCK_RANGE_ONLY,8.0,linear,temperature,K,ESTIMABLE,0.8927882384055235,0.8260392132753568,0.955330603002811,0.03236479953278864,0.12929138972745424,1000.0,0.0
phoenix,27963,2023-06-11,near_-0.01,0.01850953862071037,0.11850953862071037,BLOCK_RANGE_ONLY,8.0,linear,emitted_flux,W/m2,ESTIMABLE,6.601969773220041,6.15258453010008,7.076638355179633,0.23521518620283005,0.9240538250795529,1000.0,0.0
phoenix,27963,2023-06-11,near_-0.01,0.01850953862071037,0.11850953862071037,BLOCK_RANGE_ONLY,8.0,linear,temperature_equivalent,K,ESTIMABLE,0.9897390604989482,0.9220716211956983,1.0612611825883662,0.03542988101718342,0.13918956139266792,1000.0,0.0
phoenix,27963,2023-06-11,near_-0.01,0.01850953862071037,0.11850953862071037,BLOCK_RANGE_ONLY,8.0,linear,temperature_minus_equivalent,K,ESTIMABLE,-0.09695082209342476,-0.12855626462674719,-0.06973041829871247,0.01555365823198414,0.05882584632803471,1000.0,0.0
phoenix,27963,2023-06-11,near_-0.01,0.01850953862071037,0.11850953862071037,BLOCK_RANGE_ONLY,8.0,quadratic,temperature,K,ESTIMABLE,0.8662161944202788,0.7984531043979968,0.9313296752188115,0.03324164044987006,0.13287657082081472,1000.0,0.0
phoenix,27963,2023-06-11,near_-0.01,0.01850953862071037,0.11850953862071037,BLOCK_RANGE_ONLY,8.0,quadratic,emitted_flux,W/m2,ESTIMABLE,6.516320514276456,6.046545796252327,7.029036496411231,0.2597067969927101,0.9824907001589036,1000.0,0.0
phoenix,27963,2023-06-11,near_-0.01,0.01850953862071037,0.11850953862071037,BLOCK_RANGE_ONLY,8.0,quadratic,temperature_equivalent,K,ESTIMABLE,0.9768388070269793,0.9061109230072603,1.0540864216527013,0.039115504646240466,0.14797549864544102,1000.0,0.0
phoenix,27963,2023-06-11,near_-0.01,0.01850953862071037,0.11850953862071037,BLOCK_RANGE_ONLY,8.0,quadratic,temperature_minus_equivalent,K,ESTIMABLE,-0.11062261260670059,-0.14674884142130648,-0.07771404170363494,0.01794066418413183,0.06903479971767154,1000.0,0.0
phoenix,27963,2023-06-11,near_-0.01,0.01850953862071037,0.11850953862071037,BLOCK_RANGE_ONLY,8.0,quadratic_minus_linear,temperature,K,ESTIMABLE,-0.02657204398524471,-0.04130217390428077,-0.009457347185703431,0.00831106752091997,0.03184482671857734,1000.0,0.0
phoenix,27963,2023-06-11,near_-0.01,0.01850953862071037,0.11850953862071037,BLOCK_RANGE_ONLY,8.0,quadratic_minus_linear,emitted_flux,W/m2,ESTIMABLE,-0.08564925894358488,-0.1958278829990799,0.0874692569975208,0.07016904741476633,0.2832971399966007,1000.0,0.0
phoenix,27963,2023-06-11,near_-0.01,0.01850953862071037,0.11850953862071037,BLOCK_RANGE_ONLY,8.0,quadratic_minus_linear,temperature_equivalent,K,ESTIMABLE,-0.012900253471968881,-0.029487199217116712,0.0131772775422533,0.010568468370906128,0.04266447675937001,1000.0,0.0
phoenix,27963,2023-06-11,near_-0.01,0.01850953862071037,0.11850953862071037,BLOCK_RANGE_ONLY,8.0,quadratic_minus_linear,temperature_minus_equivalent,K,ESTIMABLE,-0.013671790513275828,-0.025763951398148015,-0.004995178417045882,0.005264939121138023,0.020768772981102135,1000.0,0.0
phoenix,27963,2023-06-11,historical,0.028509538620710373,0.12850953862071038,BLOCK_RANGE_ONLY,1.0,linear,temperature,K,ESTIMABLE,0.8927882384055235,0.862440155574091,0.9249069336722938,0.016571431652590497,0.06246677809820278,1000.0,0.0
phoenix,27963,2023-06-11,historical,0.028509538620710373,0.12850953862071038,BLOCK_RANGE_ONLY,1.0,linear,emitted_flux,W/m2,ESTIMABLE,6.601969773220041,6.3999988358897335,6.822148901592732,0.10553888172921476,0.42215006570299884,1000.0,0.0
phoenix,27963,2023-06-11,historical,0.028509538620710373,0.12850953862071038,BLOCK_RANGE_ONLY,1.0,linear,temperature_equivalent,K,ESTIMABLE,0.9897390604989482,0.9593213061940716,1.0229091336114635,0.015897154421213103,0.06358782741739188,1000.0,0.0
phoenix,27963,2023-06-11,historical,0.028509538620710373,0.12850953862071038,BLOCK_RANGE_ONLY,1.0,linear,temperature_minus_equivalent,K,ESTIMABLE,-0.09695082209342476,-0.11383074306562242,-0.08107170436564998,0.008193377906718953,0.032759038699972445,1000.0,0.0
phoenix,27963,2023-06-11,historical,0.028509538620710373,0.12850953862071038,BLOCK_RANGE_ONLY,1.0,quadratic,temperature,K,ESTIMABLE,0.8336377623007251,0.798724907357574,0.872182816093052,0.01855321842526582,0.07345790873547808,1000.0,0.0
phoenix,27963,2023-06-11,historical,0.028509538620710373,0.12850953862071038,BLOCK_RANGE_ONLY,1.0,quadratic,emitted_flux,W/m2,ESTIMABLE,6.4113109572347335,6.192595874876239,6.64255092961973,0.11829934863576012,0.44995505474349073,1000.0,0.0
phoenix,27963,2023-06-11,historical,0.028509538620710373,0.12850953862071038,BLOCK_RANGE_ONLY,1.0,quadratic,temperature_equivalent,K,ESTIMABLE,0.9610247300053061,0.928094666471344,0.9958518371108553,0.017814497899099738,0.06775717063951137,1000.0,0.0
phoenix,27963,2023-06-11,historical,0.028509538620710373,0.12850953862071038,BLOCK_RANGE_ONLY,1.0,quadratic,temperature_minus_equivalent,K,ESTIMABLE,-0.12738696770458102,-0.14542470832283141,-0.11027125082341466,0.008979720401563553,0.03515345749941676,1000.0,0.0
phoenix,27963,2023-06-11,historical,0.028509538620710373,0.12850953862071038,BLOCK_RANGE_ONLY,1.0,quadratic_minus_linear,temperature,K,ESTIMABLE,-0.0591504761047984,-0.07705481780480047,-0.03997060472084559,0.009236829037079728,0.03708421308395488,1000.0,0.0
phoenix,27963,2023-06-11,historical,0.028509538620710373,0.12850953862071038,BLOCK_RANGE_ONLY,1.0,quadratic_minus_linear,emitted_flux,W/m2,ESTIMABLE,-0.19065881598530776,-0.3025789175738771,-0.06113202435128008,0.062010335033756185,0.24144689322259705,1000.0,0.0
phoenix,27963,2023-06-11,historical,0.028509538620710373,0.12850953862071038,BLOCK_RANGE_ONLY,1.0,quadratic_minus_linear,temperature_equivalent,K,ESTIMABLE,-0.028714330493642137,-0.045571265561989094,-0.009207828447328838,0.009338374613393721,0.03636343711466025,1000.0,0.0
phoenix,27963,2023-06-11,historical,0.028509538620710373,0.12850953862071038,BLOCK_RANGE_ONLY,1.0,quadratic_minus_linear,temperature_minus_equivalent,K,ESTIMABLE,-0.030436145611156262,-0.040856510274696625,-0.020378439051712126,0.005274222981344889,0.0204780712229845,1000.0,0.0
phoenix,27963,2023-06-11,historical,0.028509538620710373,0.12850953862071038,BLOCK_RANGE_ONLY,8.0,linear,temperature,K,ESTIMABLE,0.8927882384055235,0.8260392132753568,0.955330603002811,0.03236479953278864,0.12929138972745424,1000.0,0.0
phoenix,27963,2023-06-11,historical,0.028509538620710373,0.12850953862071038,BLOCK_RANGE_ONLY,8.0,linear,emitted_flux,W/m2,ESTIMABLE,6.601969773220041,6.15258453010008,7.076638355179633,0.23521518620283005,0.9240538250795529,1000.0,0.0
phoenix,27963,2023-06-11,historical,0.028509538620710373,0.12850953862071038,BLOCK_RANGE_ONLY,8.0,linear,temperature_equivalent,K,ESTIMABLE,0.9897390604989482,0.9220716211956983,1.0612611825883662,0.03542988101718342,0.13918956139266792,1000.0,0.0
phoenix,27963,2023-06-11,historical,0.028509538620710373,0.12850953862071038,BLOCK_RANGE_ONLY,8.0,linear,temperature_minus_equivalent,K,ESTIMABLE,-0.09695082209342476,-0.12855626462674719,-0.06973041829871247,0.01555365823198414,0.05882584632803471,1000.0,0.0
phoenix,27963,2023-06-11,historical,0.028509538620710373,0.12850953862071038,BLOCK_RANGE_ONLY,8.0,quadratic,temperature,K,ESTIMABLE,0.8336377623007251,0.7591399173148696,0.9109541997219729,0.038150563556584374,0.15181428240710326,1000.0,0.0
phoenix,27963,2023-06-11,historical,0.028509538620710373,0.12850953862071038,BLOCK_RANGE_ONLY,8.0,quadratic,emitted_flux,W/m2,ESTIMABLE,6.4113109572347335,5.846400459012102,7.051721657529654,0.31514953229763965,1.2053211985175523,1000.0,0.0
phoenix,27963,2023-06-11,historical,0.028509538620710373,0.12850953862071038,BLOCK_RANGE_ONLY,8.0,quadratic,temperature_equivalent,K,ESTIMABLE,0.9610247300053061,0.8759921559510019,1.0575055675068796,0.0474600538202012,0.18151341155587775,1000.0,0.0
phoenix,27963,2023-06-11,historical,0.028509538620710373,0.12850953862071038,BLOCK_RANGE_ONLY,8.0,quadratic,temperature_minus_equivalent,K,ESTIMABLE,-0.12738696770458102,-0.1692821453479451,-0.08973695848170306,0.020774921699661008,0.07954518686624205,1000.0,0.0
phoenix,27963,2023-06-11,historical,0.028509538620710373,0.12850953862071038,BLOCK_RANGE_ONLY,8.0,quadratic_minus_linear,temperature,K,ESTIMABLE,-0.0591504761047984,-0.09252480648852683,-0.019756068745446803,0.01893596251181418,0.07276873774308003,1000.0,0.0
phoenix,27963,2023-06-11,historical,0.028509538620710373,0.12850953862071038,BLOCK_RANGE_ONLY,8.0,quadratic_minus_linear,emitted_flux,W/m2,ESTIMABLE,-0.19065881598530776,-0.46010140763612245,0.1687966845613033,0.15940703272774323,0.6288980921974258,1000.0,0.0
phoenix,27963,2023-06-11,historical,0.028509538620710373,0.12850953862071038,BLOCK_RANGE_ONLY,8.0,quadratic_minus_linear,temperature_equivalent,K,ESTIMABLE,-0.028714330493642137,-0.06924859463856876,0.025430803096141093,0.024004859539600732,0.09467939773470986,1000.0,0.0
phoenix,27963,2023-06-11,historical,0.028509538620710373,0.12850953862071038,BLOCK_RANGE_ONLY,8.0,quadratic_minus_linear,temperature_minus_equivalent,K,ESTIMABLE,-0.030436145611156262,-0.0519551624796614,-0.012465151704466725,0.010012129834392433,0.03949001077519468,1000.0,0.0
phoenix,27963,2023-06-11,near_+0.01,0.038509538620710375,0.1385095386207104,BLOCK_RANGE_ONLY,1.0,linear,temperature,K,ESTIMABLE,0.8927882384055235,0.862440155574091,0.9249069336722938,0.016571431652590497,0.06246677809820278,1000.0,0.0
phoenix,27963,2023-06-11,near_+0.01,0.038509538620710375,0.1385095386207104,BLOCK_RANGE_ONLY,1.0,linear,emitted_flux,W/m2,ESTIMABLE,6.601969773220041,6.3999988358897335,6.822148901592732,0.10553888172921476,0.42215006570299884,1000.0,0.0
phoenix,27963,2023-06-11,near_+0.01,0.038509538620710375,0.1385095386207104,BLOCK_RANGE_ONLY,1.0,linear,temperature_equivalent,K,ESTIMABLE,0.9897390604989482,0.9593213061940716,1.0229091336114635,0.015897154421213103,0.06358782741739188,1000.0,0.0
phoenix,27963,2023-06-11,near_+0.01,0.038509538620710375,0.1385095386207104,BLOCK_RANGE_ONLY,1.0,linear,temperature_minus_equivalent,K,ESTIMABLE,-0.09695082209342476,-0.11383074306562242,-0.08107170436564998,0.008193377906718953,0.032759038699972445,1000.0,0.0
phoenix,27963,2023-06-11,near_+0.01,0.038509538620710375,0.1385095386207104,BLOCK_RANGE_ONLY,1.0,quadratic,temperature,K,ESTIMABLE,0.8010593301811715,0.7621978447716647,0.8440546241288829,0.021404727886478552,0.08185677935721813,1000.0,0.0
phoenix,27963,2023-06-11,near_+0.01,0.038509538620710375,0.1385095386207104,BLOCK_RANGE_ONLY,1.0,quadratic,emitted_flux,W/m2,ESTIMABLE,6.306301400193011,6.048582126277253,6.575887736621369,0.13781180384710745,0.5273056103441158,1000.0,0.0
phoenix,27963,2023-06-11,near_+0.01,0.038509538620710375,0.1385095386207104,BLOCK_RANGE_ONLY,1.0,quadratic,temperature_equivalent,K,ESTIMABLE,0.9452130433937214,0.906417403630887,0.9858104881210921,0.02074981665537107,0.0793930844902051,1000.0,0.0
phoenix,27963,2023-06-11,near_+0.01,0.038509538620710375,0.1385095386207104,BLOCK_RANGE_ONLY,1.0,quadratic,temperature_minus_equivalent,K,ESTIMABLE,-0.14415371321254988,-0.16453066382974738,-0.1240446800093427,0.010470489069591716,0.04048598382040468,1000.0,0.0
phoenix,27963,2023-06-11,near_+0.01,0.038509538620710375,0.1385095386207104,BLOCK_RANGE_ONLY,1.0,quadratic_minus_linear,temperature,K,ESTIMABLE,-0.09172890822435198,-0.11938668541541228,-0.061785648029224614,0.014355032582441451,0.057601037386187666,1000.0,0.0
phoenix,27963,2023-06-11,near_+0.01,0.038509538620710375,0.1385095386207104,BLOCK_RANGE_ONLY,1.0,quadratic_minus_linear,emitted_flux,W/m2,ESTIMABLE,-0.29566837302703064,-0.4690198636298724,-0.09425969415328478,0.09663196438863338,0.37476016947658763,1000.0,0.0
phoenix,27963,2023-06-11,near_+0.01,0.038509538620710375,0.1385095386207104,BLOCK_RANGE_ONLY,1.0,quadratic_minus_linear,temperature_equivalent,K,ESTIMABLE,-0.044526017105226856,-0.07064041116209126,-0.014198254031168745,0.01455004059831675,0.056442157130922516,1000.0,0.0
phoenix,27963,2023-06-11,near_+0.01,0.038509538620710375,0.1385095386207104,BLOCK_RANGE_ONLY,1.0,quadratic_minus_linear,temperature_minus_equivalent,K,ESTIMABLE,-0.04720289111912512,-0.06324899795534812,-0.031686158591333446,0.008053521822937396,0.031562839364014675,1000.0,0.0
phoenix,27963,2023-06-11,near_+0.01,0.038509538620710375,0.1385095386207104,BLOCK_RANGE_ONLY,8.0,linear,temperature,K,ESTIMABLE,0.8927882384055235,0.8260392132753568,0.955330603002811,0.03236479953278864,0.12929138972745424,1000.0,0.0
phoenix,27963,2023-06-11,near_+0.01,0.038509538620710375,0.1385095386207104,BLOCK_RANGE_ONLY,8.0,linear,emitted_flux,W/m2,ESTIMABLE,6.601969773220041,6.15258453010008,7.076638355179633,0.23521518620283005,0.9240538250795529,1000.0,0.0
phoenix,27963,2023-06-11,near_+0.01,0.038509538620710375,0.1385095386207104,BLOCK_RANGE_ONLY,8.0,linear,temperature_equivalent,K,ESTIMABLE,0.9897390604989482,0.9220716211956983,1.0612611825883662,0.03542988101718342,0.13918956139266792,1000.0,0.0
phoenix,27963,2023-06-11,near_+0.01,0.038509538620710375,0.1385095386207104,BLOCK_RANGE_ONLY,8.0,linear,temperature_minus_equivalent,K,ESTIMABLE,-0.09695082209342476,-0.12855626462674719,-0.06973041829871247,0.01555365823198414,0.05882584632803471,1000.0,0.0
phoenix,27963,2023-06-11,near_+0.01,0.038509538620710375,0.1385095386207104,BLOCK_RANGE_ONLY,8.0,quadratic,temperature,K,ESTIMABLE,0.8010593301811715,0.7186508146142774,0.8917314493745739,0.0452584433722152,0.17308063476029656,1000.0,0.0
phoenix,27963,2023-06-11,near_+0.01,0.038509538620710375,0.1385095386207104,BLOCK_RANGE_ONLY,8.0,quadratic,emitted_flux,W/m2,ESTIMABLE,6.306301400193011,5.639358766334231,7.0897394396293585,0.3839455462766743,1.4503806732951272,1000.0,0.0
phoenix,27963,2023-06-11,near_+0.01,0.038509538620710375,0.1385095386207104,BLOCK_RANGE_ONLY,8.0,quadratic,temperature_equivalent,K,ESTIMABLE,0.9452130433937214,0.8448447148103014,1.063235921839113,0.0578131217237285,0.21839120702881154,1000.0,0.0
phoenix,27963,2023-06-11,near_+0.01,0.038509538620710375,0.1385095386207104,BLOCK_RANGE_ONLY,8.0,quadratic,temperature_minus_equivalent,K,ESTIMABLE,-0.14415371321254988,-0.19460507032471172,-0.09949569689255174,0.024260295354196534,0.09510937343215999,1000.0,0.0
phoenix,27963,2023-06-11,near_+0.01,0.038509538620710375,0.1385095386207104,BLOCK_RANGE_ONLY,8.0,quadratic_minus_linear,temperature,K,ESTIMABLE,-0.09172890822435198,-0.14482760059024358,-0.03002108827877533,0.029840741714388615,0.11480651231146824,1000.0,0.0
phoenix,27963,2023-06-11,near_+0.01,0.038509538620710375,0.1385095386207104,BLOCK_RANGE_ONLY,8.0,quadratic_minus_linear,emitted_flux,W/m2,ESTIMABLE,-0.29566837302703064,-0.7337414781922232,0.26013939840689826,0.249240559392119,0.9938808765991215,1000.0,0.0
phoenix,27963,2023-06-11,near_+0.01,0.038509538620710375,0.1385095386207104,BLOCK_RANGE_ONLY,8.0,quadratic_minus_linear,temperature_equivalent,K,ESTIMABLE,-0.044526017105226856,-0.11050259454404313,0.039176532541817716,0.03752737949290794,0.14967912708586084,1000.0,0.0
phoenix,27963,2023-06-11,near_+0.01,0.038509538620710375,0.1385095386207104,BLOCK_RANGE_ONLY,8.0,quadratic_minus_linear,temperature_minus_equivalent,K,ESTIMABLE,-0.04720289111912512,-0.07858737453402562,-0.019900852131761713,0.01483284554642497,0.05868652240226391,1000.0,0.0
phoenix,27963,2023-06-11,near_+0.02,0.04850953862071038,0.14850953862071037,BLOCK_RANGE_ONLY,1.0,linear,temperature,K,ESTIMABLE,0.8927882384055233,0.8624401555740909,0.9249069336722937,0.016571431652590497,0.06246677809820278,1000.0,0.0
phoenix,27963,2023-06-11,near_+0.02,0.04850953862071038,0.14850953862071037,BLOCK_RANGE_ONLY,1.0,linear,emitted_flux,W/m2,ESTIMABLE,6.60196977322004,6.399998835889733,6.8221489015927315,0.10553888172921476,0.42215006570299884,1000.0,0.0
phoenix,27963,2023-06-11,near_+0.02,0.04850953862071038,0.14850953862071037,BLOCK_RANGE_ONLY,1.0,linear,temperature_equivalent,K,ESTIMABLE,0.9897390604989482,0.9593213061940716,1.0229091336114635,0.01589715442121307,0.06358782741739188,1000.0,0.0
phoenix,27963,2023-06-11,near_+0.02,0.04850953862071038,0.14850953862071037,BLOCK_RANGE_ONLY,1.0,linear,temperature_minus_equivalent,K,ESTIMABLE,-0.09695082209342487,-0.11383074306562253,-0.08107170436565009,0.008193377906719078,0.032759038699972445,1000.0,0.0
phoenix,27963,2023-06-11,near_+0.02,0.04850953862071038,0.14850953862071037,BLOCK_RANGE_ONLY,1.0,quadratic,temperature,K,ESTIMABLE,0.7684808980616177,0.7229195541038302,0.8185995170271385,0.024997668903016815,0.09567996292330827,1000.0,0.0
phoenix,27963,2023-06-11,near_+0.02,0.04850953862071038,0.14850953862071037,BLOCK_RANGE_ONLY,1.0,quadratic,emitted_flux,W/m2,ESTIMABLE,6.201291843151287,5.898099661345335,6.525420364831166,0.1624522527725625,0.6273207034858306,1000.0,0.0
phoenix,27963,2023-06-11,near_+0.02,0.04850953862071038,0.14850953862071037,BLOCK_RANGE_ONLY,1.0,quadratic,temperature_equivalent,K,ESTIMABLE,0.9294037463491804,0.8837712530575473,0.9782093257092583,0.024456283530774853,0.094438072651711,1000.0,0.0
phoenix,27963,2023-06-11,near_+0.02,0.04850953862071038,0.14850953862071037,BLOCK_RANGE_ONLY,1.0,quadratic,temperature_minus_equivalent,K,ESTIMABLE,-0.16092284828756276,-0.18462846398702365,-0.13655861360621305,0.012415993852895718,0.0480698503808106,1000.0,0.0
phoenix,27963,2023-06-11,near_+0.02,0.04850953862071038,0.14850953862071037,BLOCK_RANGE_ONLY,1.0,quadratic_minus_linear,temperature,K,ESTIMABLE,-0.12430734034390567,-0.16172969881687704,-0.08376370523491225,0.019483211310196372,0.0779659935819648,1000.0,0.0
phoenix,27963,2023-06-11,near_+0.02,0.04850953862071038,0.14850953862071037,BLOCK_RANGE_ONLY,1.0,quadratic_minus_linear,emitted_flux,W/m2,ESTIMABLE,-0.4006779300687535,-0.6338215626720489,-0.1272204395356382,0.13126871368133364,0.5066011231364107,1000.0,0.0
phoenix,27963,2023-06-11,near_+0.02,0.04850953862071038,0.14850953862071037,BLOCK_RANGE_ONLY,1.0,quadratic_minus_linear,temperature_equivalent,K,ESTIMABLE,-0.06033531414976778,-0.0954383088895625,-0.019157799513145335,0.019762471087631267,0.07628050937641717,1000.0,0.0
phoenix,27963,2023-06-11,near_+0.02,0.04850953862071038,0.14850953862071037,BLOCK_RANGE_ONLY,1.0,quadratic_minus_linear,temperature_minus_equivalent,K,ESTIMABLE,-0.06397202619413789,-0.08554616175317953,-0.04309340855692721,0.010836430966208944,0.042452753196252316,1000.0,0.0
phoenix,27963,2023-06-11,near_+0.02,0.04850953862071038,0.14850953862071037,BLOCK_RANGE_ONLY,8.0,linear,temperature,K,ESTIMABLE,0.8927882384055233,0.8260392132753567,0.9553306030028109,0.03236479953278863,0.12929138972745424,1000.0,0.0
phoenix,27963,2023-06-11,near_+0.02,0.04850953862071038,0.14850953862071037,BLOCK_RANGE_ONLY,8.0,linear,emitted_flux,W/m2,ESTIMABLE,6.60196977322004,6.152584530100079,7.076638355179632,0.23521518620283005,0.9240538250795529,1000.0,0.0
phoenix,27963,2023-06-11,near_+0.02,0.04850953862071038,0.14850953862071037,BLOCK_RANGE_ONLY,8.0,linear,temperature_equivalent,K,ESTIMABLE,0.9897390604989482,0.9220716211956983,1.0612611825883662,0.03542988101718347,0.13918956139266792,1000.0,0.0
phoenix,27963,2023-06-11,near_+0.02,0.04850953862071038,0.14850953862071037,BLOCK_RANGE_ONLY,8.0,linear,temperature_minus_equivalent,K,ESTIMABLE,-0.09695082209342487,-0.1285562646267473,-0.06973041829871258,0.015553658231984098,0.05882584632803471,1000.0,0.0
phoenix,27963,2023-06-11,near_+0.02,0.04850953862071038,0.14850953862071037,BLOCK_RANGE_ONLY,8.0,quadratic,temperature,K,ESTIMABLE,0.7684808980616177,0.6685972757317585,0.8787565164537273,0.05369907122261532,0.2101592407219688,1000.0,0.0
phoenix,27963,2023-06-11,near_+0.02,0.04850953862071038,0.14850953862071037,BLOCK_RANGE_ONLY,8.0,quadratic,emitted_flux,W/m2,ESTIMABLE,6.201291843151287,5.405240157190343,7.125424735183269,0.4601439826826284,1.7201845779929261,1000.0,0.0
phoenix,27963,2023-06-11,near_+0.02,0.04850953862071038,0.14850953862071037,BLOCK_RANGE_ONLY,8.0,quadratic,temperature_equivalent,K,ESTIMABLE,0.9294037463491804,0.8096349761265316,1.0686149905356643,0.06927795125324848,0.25898001440913276,1000.0,0.0
phoenix,27963,2023-06-11,near_+0.02,0.04850953862071038,0.14850953862071037,BLOCK_RANGE_ONLY,8.0,quadratic,temperature_minus_equivalent,K,ESTIMABLE,-0.16092284828756276,-0.21720729669565092,-0.10988526458438502,0.02815478326443705,0.1073220321112659,1000.0,0.0
phoenix,27963,2023-06-11,near_+0.02,0.04850953862071038,0.14850953862071037,BLOCK_RANGE_ONLY,8.0,quadratic_minus_linear,temperature,K,ESTIMABLE,-0.12430734034390567,-0.19544617135620057,-0.04028610781210386,0.040801610419018405,0.15516006354409673,1000.0,0.0
phoenix,27963,2023-06-11,near_+0.02,0.04850953862071038,0.14850953862071037,BLOCK_RANGE_ONLY,8.0,quadratic_minus_linear,emitted_flux,W/m2,ESTIMABLE,-0.4006779300687535,-0.99920602118838,0.3447047634273709,0.3391967840416436,1.3439107846157508,1000.0,0.0
phoenix,27963,2023-06-11,near_+0.02,0.04850953862071038,0.14850953862071037,BLOCK_RANGE_ONLY,8.0,quadratic_minus_linear,temperature_equivalent,K,ESTIMABLE,-0.06033531414976778,-0.15041207581366506,0.051915096456286815,0.0510648223136512,0.20232717226995187,1000.0,0.0
phoenix,27963,2023-06-11,near_+0.02,0.04850953862071038,0.14850953862071037,BLOCK_RANGE_ONLY,8.0,quadratic_minus_linear,temperature_minus_equivalent,K,ESTIMABLE,-0.06397202619413789,-0.10490892211843386,-0.027282261139107245,0.0196713490350402,0.07762666097932662,1000.0,0.0
phoenix,27963,2023-06-11,grid_00,0.0,0.1,BLOCK_RANGE_ONLY,1.0,linear,temperature,K,ESTIMABLE,0.8927882384055235,0.862440155574091,0.9249069336722938,0.016571431652590497,0.06246677809820278,1000.0,0.0
phoenix,27963,2023-06-11,grid_00,0.0,0.1,BLOCK_RANGE_ONLY,1.0,linear,emitted_flux,W/m2,ESTIMABLE,6.601969773220041,6.3999988358897335,6.822148901592732,0.10553888172921476,0.42215006570299884,1000.0,0.0
phoenix,27963,2023-06-11,grid_00,0.0,0.1,BLOCK_RANGE_ONLY,1.0,linear,temperature_equivalent,K,ESTIMABLE,0.9897390604989482,0.9593213061940716,1.0229091336114635,0.015897154421213103,0.06358782741739188,1000.0,0.0
phoenix,27963,2023-06-11,grid_00,0.0,0.1,BLOCK_RANGE_ONLY,1.0,linear,temperature_minus_equivalent,K,ESTIMABLE,-0.09695082209342476,-0.11383074306562242,-0.08107170436564998,0.008193377906718953,0.032759038699972445,1000.0,0.0
phoenix,27963,2023-06-11,grid_00,0.0,0.1,BLOCK_RANGE_ONLY,1.0,quadratic,temperature,K,ESTIMABLE,0.9265173691721855,0.8921080188667312,0.9594645699469072,0.017581786930051607,0.06735655108017602,1000.0,0.0
phoenix,27963,2023-06-11,grid_00,0.0,0.1,BLOCK_RANGE_ONLY,1.0,quadratic,emitted_flux,W/m2,ESTIMABLE,6.710688359437202,6.48225211361791,6.944815653440534,0.11370671836449567,0.4625635398226242,1000.0,0.0
phoenix,27963,2023-06-11,grid_00,0.0,0.1,BLOCK_RANGE_ONLY,1.0,quadratic,temperature_equivalent,K,ESTIMABLE,1.0061162438999531,0.9717079614108698,1.041393492613605,0.01713006750225799,0.06968553120273524,1000.0,0.0
phoenix,27963,2023-06-11,grid_00,0.0,0.1,BLOCK_RANGE_ONLY,1.0,quadratic,temperature_minus_equivalent,K,ESTIMABLE,-0.07959887472776761,-0.09809165926329227,-0.06258333881323033,0.009126227890034503,0.03550832045006194,1000.0,0.0
phoenix,27963,2023-06-11,grid_00,0.0,0.1,BLOCK_RANGE_ONLY,1.0,quadratic_minus_linear,temperature,K,ESTIMABLE,0.03372913076666206,0.0220983651846805,0.04433593506406368,0.005550540034545828,0.02223756987938318,1000.0,0.0
phoenix,27963,2023-06-11,grid_00,0.0,0.1,BLOCK_RANGE_ONLY,1.0,quadratic_minus_linear,emitted_flux,W/m2,ESTIMABLE,0.10871858621716068,0.03312104526680706,0.17835373756401032,0.03699004512937161,0.14523269229720326,1000.0,0.0
phoenix,27963,2023-06-11,grid_00,0.0,0.1,BLOCK_RANGE_ONLY,1.0,quadratic_minus_linear,temperature_equivalent,K,ESTIMABLE,0.016377183401004913,0.004989625108105145,0.026868130753754826,0.00557270098102157,0.021878505645649683,1000.0,0.0
phoenix,27963,2023-06-11,grid_00,0.0,0.1,BLOCK_RANGE_ONLY,1.0,quadratic_minus_linear,temperature_minus_equivalent,K,ESTIMABLE,0.01735194736565715,0.01216120106197435,0.022623574533948303,0.0027415442533913537,0.010462373471973953,1000.0,0.0
phoenix,27963,2023-06-11,grid_00,0.0,0.1,BLOCK_RANGE_ONLY,8.0,linear,temperature,K,ESTIMABLE,0.8927882384055235,0.8260392132753568,0.955330603002811,0.03236479953278864,0.12929138972745424,1000.0,0.0
phoenix,27963,2023-06-11,grid_00,0.0,0.1,BLOCK_RANGE_ONLY,8.0,linear,emitted_flux,W/m2,ESTIMABLE,6.601969773220041,6.15258453010008,7.076638355179633,0.23521518620283005,0.9240538250795529,1000.0,0.0
phoenix,27963,2023-06-11,grid_00,0.0,0.1,BLOCK_RANGE_ONLY,8.0,linear,temperature_equivalent,K,ESTIMABLE,0.9897390604989482,0.9220716211956983,1.0612611825883662,0.03542988101718342,0.13918956139266792,1000.0,0.0
phoenix,27963,2023-06-11,grid_00,0.0,0.1,BLOCK_RANGE_ONLY,8.0,linear,temperature_minus_equivalent,K,ESTIMABLE,-0.09695082209342476,-0.12855626462674719,-0.06973041829871247,0.01555365823198414,0.05882584632803471,1000.0,0.0
phoenix,27963,2023-06-11,grid_00,0.0,0.1,BLOCK_RANGE_ONLY,8.0,quadratic,temperature,K,ESTIMABLE,0.9265173691721855,0.8581790302269947,0.9910843253055368,0.03310438344919743,0.1329052950785421,1000.0,0.0
phoenix,27963,2023-06-11,grid_00,0.0,0.1,BLOCK_RANGE_ONLY,8.0,quadratic,emitted_flux,W/m2,ESTIMABLE,6.710688359437202,6.249758144005687,7.160701591661563,0.22640653447824155,0.9109434476558755,1000.0,0.0
phoenix,27963,2023-06-11,grid_00,0.0,0.1,BLOCK_RANGE_ONLY,8.0,quadratic,temperature_equivalent,K,ESTIMABLE,1.0061162438999531,0.9367001010513392,1.0739327646365027,0.03410819548522011,0.1372326635851635,1000.0,0.0
phoenix,27963,2023-06-11,grid_00,0.0,0.1,BLOCK_RANGE_ONLY,8.0,quadratic,temperature_minus_equivalent,K,ESTIMABLE,-0.07959887472776761,-0.11180446841695986,-0.05223974461554225,0.015608523962726238,0.05956472380141761,1000.0,0.0
phoenix,27963,2023-06-11,grid_00,0.0,0.1,BLOCK_RANGE_ONLY,8.0,quadratic_minus_linear,temperature,K,ESTIMABLE,0.03372913076666206,0.008788708533557477,0.06106908716538497,0.013145541044032327,0.052280378631827495,1000.0,0.0
phoenix,27963,2023-06-11,grid_00,0.0,0.1,BLOCK_RANGE_ONLY,8.0,quadratic_minus_linear,emitted_flux,W/m2,ESTIMABLE,0.10871858621716068,-0.07531108440629268,0.30709769457232533,0.09903811844163767,0.382408778978618,1000.0,0.0
phoenix,27963,2023-06-11,grid_00,0.0,0.1,BLOCK_RANGE_ONLY,8.0,quadratic_minus_linear,temperature_equivalent,K,ESTIMABLE,0.016377183401004913,-0.011345387139772355,0.04625846428490943,0.01491830969239408,0.05760385142468179,1000.0,0.0
phoenix,27963,2023-06-11,grid_00,0.0,0.1,BLOCK_RANGE_ONLY,8.0,quadratic_minus_linear,temperature_minus_equivalent,K,ESTIMABLE,0.01735194736565715,0.008626357823888497,0.02544476585490252,0.004287188126053781,0.016818408031014025,1000.0,0.0
phoenix,27963,2023-06-11,grid_01,0.1,0.2,BLOCK_RANGE_ONLY,1.0,linear,temperature,K,ESTIMABLE,0.8927882384055235,0.862440155574091,0.9249069336722938,0.016571431652590497,0.06246677809820278,1000.0,0.0
phoenix,27963,2023-06-11,grid_01,0.1,0.2,BLOCK_RANGE_ONLY,1.0,linear,emitted_flux,W/m2,ESTIMABLE,6.601969773220041,6.3999988358897335,6.822148901592732,0.10553888172921476,0.42215006570299884,1000.0,0.0
phoenix,27963,2023-06-11,grid_01,0.1,0.2,BLOCK_RANGE_ONLY,1.0,linear,temperature_equivalent,K,ESTIMABLE,0.9897390604989482,0.9593213061940716,1.0229091336114635,0.015897154421213103,0.06358782741739188,1000.0,0.0
phoenix,27963,2023-06-11,grid_01,0.1,0.2,BLOCK_RANGE_ONLY,1.0,linear,temperature_minus_equivalent,K,ESTIMABLE,-0.09695082209342476,-0.11383074306562242,-0.08107170436564998,0.008193377906718953,0.032759038699972445,1000.0,0.0
phoenix,27963,2023-06-11,grid_01,0.1,0.2,BLOCK_RANGE_ONLY,1.0,quadratic,temperature,K,ESTIMABLE,0.6007330479766495,0.5117181438198775,0.7021430155950021,0.048154963472867886,0.19042487177512468,1000.0,0.0
phoenix,27963,2023-06-11,grid_01,0.1,0.2,BLOCK_RANGE_ONLY,1.0,quadratic,emitted_flux,W/m2,ESTIMABLE,5.660592789019974,5.070768526045232,6.336958197681535,0.32015788107556203,1.2661896716363028,1000.0,0.0
phoenix,27963,2023-06-11,grid_01,0.1,0.2,BLOCK_RANGE_ONLY,1.0,quadratic,temperature_equivalent,K,ESTIMABLE,0.8480387436003411,0.7593534130834655,0.949828906605687,0.04816205451012477,0.19047549352222148,1000.0,0.0
phoenix,27963,2023-06-11,grid_01,0.1,0.2,BLOCK_RANGE_ONLY,1.0,quadratic,temperature_minus_equivalent,K,ESTIMABLE,-0.24730569562369165,-0.2951549489911844,-0.1978492233548314,0.025079710704220493,0.09730572563635298,1000.0,0.0
phoenix,27963,2023-06-11,grid_01,0.1,0.2,BLOCK_RANGE_ONLY,1.0,quadratic_minus_linear,temperature,K,ESTIMABLE,-0.29205519042887396,-0.37958643243414414,-0.19692973580903983,0.04592019869660924,0.1826566966251043,1000.0,0.0
phoenix,27963,2023-06-11,grid_01,0.1,0.2,BLOCK_RANGE_ONLY,1.0,quadratic_minus_linear,emitted_flux,W/m2,ESTIMABLE,-0.9413769842000672,-1.4975618717346133,-0.2990029641161788,0.3096628641584798,1.1985589076184344,1000.0,0.0
phoenix,27963,2023-06-11,grid_01,0.1,0.2,BLOCK_RANGE_ONLY,1.0,quadratic_minus_linear,temperature_equivalent,K,ESTIMABLE,-0.14170031689860707,-0.22531912525100922,-0.045020520796843766,0.04658481707210868,0.18029860445416546,1000.0,0.0
phoenix,27963,2023-06-11,grid_01,0.1,0.2,BLOCK_RANGE_ONLY,1.0,quadratic_minus_linear,temperature_minus_equivalent,K,ESTIMABLE,-0.15035487353026689,-0.20046488852038913,-0.10210613171725173,0.02517210111184365,0.0983587568031374,1000.0,0.0
phoenix,27963,2023-06-11,grid_01,0.1,0.2,BLOCK_RANGE_ONLY,8.0,linear,temperature,K,ESTIMABLE,0.8927882384055235,0.8260392132753568,0.955330603002811,0.03236479953278864,0.12929138972745424,1000.0,0.0
phoenix,27963,2023-06-11,grid_01,0.1,0.2,BLOCK_RANGE_ONLY,8.0,linear,emitted_flux,W/m2,ESTIMABLE,6.601969773220041,6.15258453010008,7.076638355179633,0.23521518620283005,0.9240538250795529,1000.0,0.0
phoenix,27963,2023-06-11,grid_01,0.1,0.2,BLOCK_RANGE_ONLY,8.0,linear,temperature_equivalent,K,ESTIMABLE,0.9897390604989482,0.9220716211956983,1.0612611825883662,0.03542988101718342,0.13918956139266792,1000.0,0.0
phoenix,27963,2023-06-11,grid_01,0.1,0.2,BLOCK_RANGE_ONLY,8.0,linear,temperature_minus_equivalent,K,ESTIMABLE,-0.09695082209342476,-0.12855626462674719,-0.06973041829871247,0.01555365823198414,0.05882584632803471,1000.0,0.0
phoenix,27963,2023-06-11,grid_01,0.1,0.2,BLOCK_RANGE_ONLY,8.0,quadratic,temperature,K,ESTIMABLE,0.6007330479766495,0.41131648675499843,0.8246358133103834,0.10498494595056883,0.41331932655538495,1000.0,0.0
phoenix,27963,2023-06-11,grid_01,0.1,0.2,BLOCK_RANGE_ONLY,8.0,quadratic,emitted_flux,W/m2,ESTIMABLE,5.660592789019974,4.094978546694797,7.4604448389776366,0.8942818080154219,3.3654662922828393,1000.0,0.0
phoenix,27963,2023-06-11,grid_01,0.1,0.2,BLOCK_RANGE_ONLY,8.0,quadratic,temperature_equivalent,K,ESTIMABLE,0.8480387436003411,0.612799472920733,1.1191281756902312,0.13455054971070263,0.5063287027694982,1000.0,0.0
phoenix,27963,2023-06-11,grid_01,0.1,0.2,BLOCK_RANGE_ONLY,8.0,quadratic,temperature_minus_equivalent,K,ESTIMABLE,-0.24730569562369165,-0.353225137936481,-0.1528375295567213,0.05087076782557677,0.20038760837975972,1000.0,0.0
phoenix,27963,2023-06-11,grid_01,0.1,0.2,BLOCK_RANGE_ONLY,8.0,quadratic_minus_linear,temperature,K,ESTIMABLE,-0.29205519042887396,-0.4630548502920442,-0.09216625735594794,0.09741213400948899,0.3708885929360962,1000.0,0.0
phoenix,27963,2023-06-11,grid_01,0.1,0.2,BLOCK_RANGE_ONLY,8.0,quadratic_minus_linear,emitted_flux,W/m2,ESTIMABLE,-0.9413769842000672,-2.392497137104898,0.7798273993236124,0.802771186481517,3.1723245364285106,1000.0,0.0
phoenix,27963,2023-06-11,grid_01,0.1,0.2,BLOCK_RANGE_ONLY,8.0,quadratic_minus_linear,temperature_equivalent,K,ESTIMABLE,-0.14170031689860707,-0.35968515395407225,0.11748541900106618,0.12077165437256487,0.47717057295513843,1000.0,0.0
phoenix,27963,2023-06-11,grid_01,0.1,0.2,BLOCK_RANGE_ONLY,8.0,quadratic_minus_linear,temperature_minus_equivalent,K,ESTIMABLE,-0.15035487353026689,-0.24175549427732027,-0.06626387532851466,0.04461904344970835,0.1754916189488056,1000.0,0.0
phoenix,27963,2023-06-11,grid_02,0.2,0.3,BLOCK_RANGE_ONLY,1.0,linear,temperature,K,ESTIMABLE,0.8927882384055232,0.8624401555740908,0.9249069336722935,0.016571431652590497,0.06246677809820267,1000.0,0.0
phoenix,27963,2023-06-11,grid_02,0.2,0.3,BLOCK_RANGE_ONLY,1.0,linear,emitted_flux,W/m2,ESTIMABLE,6.6019697732200395,6.399998835889732,6.82214890159273,0.10553888172921473,0.42215006570299796,1000.0,0.0
phoenix,27963,2023-06-11,grid_02,0.2,0.3,BLOCK_RANGE_ONLY,1.0,linear,temperature_equivalent,K,ESTIMABLE,0.9897390604989482,0.9593213061940716,1.0229091336114635,0.01589715442121307,0.06358782741739188,1000.0,0.0
phoenix,27963,2023-06-11,grid_02,0.2,0.3,BLOCK_RANGE_ONLY,1.0,linear,temperature_minus_equivalent,K,ESTIMABLE,-0.09695082209342498,-0.11383074306562264,-0.0810717043656502,0.00819337790671914,0.032759038699972445,1000.0,0.0
phoenix,27963,2023-06-11,grid_02,0.2,0.3,BLOCK_RANGE_ONLY,1.0,quadratic,temperature,K,ESTIMABLE,0.2749487267811136,0.08851728680686127,0.481840691548018,0.09801399418298384,0.39332340474115673,1000.0,0.0
phoenix,27963,2023-06-11,grid_02,0.2,0.3,BLOCK_RANGE_ONLY,1.0,quadratic,emitted_flux,W/m2,ESTIMABLE,4.6104972186027435,3.4306247862345627,5.995757968519931,0.6574201820466183,2.5651331822853685,1000.0,0.0
phoenix,27963,2023-06-11,grid_02,0.2,0.3,BLOCK_RANGE_ONLY,1.0,quadratic,temperature_equivalent,K,ESTIMABLE,0.6901996831009569,0.5131373841266097,0.8984673234018004,0.09875425315879642,0.38532993927519066,1000.0,0.0
phoenix,27963,2023-06-11,grid_02,0.2,0.3,BLOCK_RANGE_ONLY,1.0,quadratic,temperature_minus_equivalent,K,ESTIMABLE,-0.4152509563198433,-0.5159465597467918,-0.3148952301959372,0.052183433735305644,0.20105132955085464,1000.0,0.0
phoenix,27963,2023-06-11,grid_02,0.2,0.3,BLOCK_RANGE_ONLY,1.0,quadratic_minus_linear,temperature,K,ESTIMABLE,-0.6178395116244096,-0.8039154715592032,-0.4167103078659158,0.097286083666711,0.3872051636932874,1000.0,0.0
phoenix,27963,2023-06-11,grid_02,0.2,0.3,BLOCK_RANGE_ONLY,1.0,quadratic_minus_linear,emitted_flux,W/m2,ESTIMABLE,-1.991472554617296,-3.1750382157511656,-0.6323570302931528,0.6561572154391335,2.542681185458013,1000.0,0.0
phoenix,27963,2023-06-11,grid_02,0.2,0.3,BLOCK_RANGE_ONLY,1.0,quadratic_minus_linear,temperature_equivalent,K,ESTIMABLE,-0.2995393773979913,-0.4771331051196569,-0.09520407617150115,0.09856769058005622,0.3819290289481557,1000.0,0.0
phoenix,27963,2023-06-11,grid_02,0.2,0.3,BLOCK_RANGE_ONLY,1.0,quadratic_minus_linear,temperature_minus_equivalent,K,ESTIMABLE,-0.31830013422641834,-0.42388122499026376,-0.2167741776435872,0.052989556835118905,0.20710704734667656,1000.0,0.0
phoenix,27963,2023-06-11,grid_02,0.2,0.3,BLOCK_RANGE_ONLY,8.0,linear,temperature,K,ESTIMABLE,0.8927882384055232,0.8260392132753566,0.9553306030028108,0.03236479953278863,0.12929138972745424,1000.0,0.0
phoenix,27963,2023-06-11,grid_02,0.2,0.3,BLOCK_RANGE_ONLY,8.0,linear,emitted_flux,W/m2,ESTIMABLE,6.6019697732200395,6.1525845301000786,7.0766383551796315,0.23521518620283,0.9240538250795529,1000.0,0.0
phoenix,27963,2023-06-11,grid_02,0.2,0.3,BLOCK_RANGE_ONLY,8.0,linear,temperature_equivalent,K,ESTIMABLE,0.9897390604989482,0.9220716211956983,1.0612611825883662,0.0354298810171835,0.13918956139266792,1000.0,0.0
phoenix,27963,2023-06-11,grid_02,0.2,0.3,BLOCK_RANGE_ONLY,8.0,linear,temperature_minus_equivalent,K,ESTIMABLE,-0.09695082209342498,-0.1285562646267474,-0.0697304182987128,0.015553658231984057,0.0588258463280346,1000.0,0.0
phoenix,27963,2023-06-11,grid_02,0.2,0.3,BLOCK_RANGE_ONLY,8.0,quadratic,temperature,K,ESTIMABLE,0.2749487267811136,-0.1024965659202636,0.7189613062170284,0.21257472389582008,0.8214578721372919,1000.0,0.0
phoenix,27963,2023-06-11,grid_02,0.2,0.3,BLOCK_RANGE_ONLY,8.0,quadratic,emitted_flux,W/m2,ESTIMABLE,4.6104972186027435,1.4285753371724725,8.250990977408355,1.780605159755151,6.822415640235882,1000.0,0.0
phoenix,27963,2023-06-11,grid_02,0.2,0.3,BLOCK_RANGE_ONLY,8.0,quadratic,temperature_equivalent,K,ESTIMABLE,0.6901996831009569,0.2133747843843068,1.2384208455650862,0.26755489311438274,1.0250460611807795,1000.0,0.0
phoenix,27963,2023-06-11,grid_02,0.2,0.3,BLOCK_RANGE_ONLY,8.0,quadratic,temperature_minus_equivalent,K,ESTIMABLE,-0.4152509563198433,-0.6196321669802966,-0.2273982633233411,0.09801306786352182,0.39223390365695543,1000.0,0.0
phoenix,27963,2023-06-11,grid_02,0.2,0.3,BLOCK_RANGE_ONLY,8.0,quadratic_minus_linear,temperature,K,ESTIMABLE,-0.6178395116244096,-0.9879791253667956,-0.19274468907308373,0.20747452408831515,0.7952344362937118,1000.0,0.0
phoenix,27963,2023-06-11,grid_02,0.2,0.3,BLOCK_RANGE_ONLY,8.0,quadratic_minus_linear,emitted_flux,W/m2,ESTIMABLE,-1.991472554617296,-5.075623847204023,1.6242861612929784,1.7033523875851042,6.699910008497001,1000.0,0.0
phoenix,27963,2023-06-11,grid_02,0.2,0.3,BLOCK_RANGE_ONLY,8.0,quadratic_minus_linear,temperature_equivalent,K,ESTIMABLE,-0.2995393773979913,-0.761676448796645,0.24485694597157823,0.2559231548864463,1.0065333947682231,1000.0,0.0
phoenix,27963,2023-06-11,grid_02,0.2,0.3,BLOCK_RANGE_ONLY,8.0,quadratic_minus_linear,temperature_minus_equivalent,K,ESTIMABLE,-0.31830013422641834,-0.5072004469034498,-0.14264701117650416,0.0929468928795625,0.36455343572694565,1000.0,0.0
phoenix,27963,2023-06-11,grid_03,0.3,0.4,NO_SPANNING_BLOCKS,,,,,NOT_ESTIMATED_NO_REFERENCE_BLOCKS,,,,,,,
phoenix,27963,2023-06-11,grid_04,0.4,0.5,NO_SPANNING_BLOCKS,,,,,NOT_ESTIMATED_NO_REFERENCE_BLOCKS,,,,,,,
phoenix,27963,2023-06-11,grid_05,0.5,0.6,NO_SPANNING_BLOCKS,,,,,NOT_ESTIMATED_NO_REFERENCE_BLOCKS,,,,,,,
phoenix,27963,2023-06-11,grid_06,0.6,0.7,NO_SPANNING_BLOCKS,,,,,NOT_ESTIMATED_NO_REFERENCE_BLOCKS,,,,,,,
phoenix,27963,2023-06-11,grid_07,0.7,0.8,NO_SPANNING_BLOCKS,,,,,NOT_ESTIMATED_NO_REFERENCE_BLOCKS,,,,,,,
phoenix,27963,2023-06-11,grid_08,0.8,0.9,NO_SPANNING_BLOCKS,,,,,NOT_ESTIMATED_NO_REFERENCE_BLOCKS,,,,,,,
phoenix,27963,2023-06-11,grid_09,0.9,1.0,NO_SPANNING_BLOCKS,,,,,NOT_ESTIMATED_NO_REFERENCE_BLOCKS,,,,,,,
phoenix,28024,2023-06-15,near_-0.02,0.008509538620710373,0.10850953862071037,BLOCK_RANGE_ONLY,1.0,linear,temperature,K,ESTIMABLE,1.2889166920443191,1.2236179974970167,1.3450353373049386,0.031218196225296212,0.12141733980792191,1000.0,0.0
phoenix,28024,2023-06-15,near_-0.02,0.008509538620710373,0.10850953862071037,BLOCK_RANGE_ONLY,1.0,linear,emitted_flux,W/m2,ESTIMABLE,9.834237098055766,9.343423589985932,10.260515225542608,0.2368197484079684,0.9170916355566767,1000.0,0.0
phoenix,28024,2023-06-15,near_-0.02,0.008509538620710373,0.10850953862071037,BLOCK_RANGE_ONLY,1.0,linear,temperature_equivalent,K,ESTIMABLE,1.4777414535058142,1.4034923214980495,1.5422706841179945,0.03583705597055101,0.13877836261994503,1000.0,0.0
phoenix,28024,2023-06-15,near_-0.02,0.008509538620710373,0.10850953862071037,BLOCK_RANGE_ONLY,1.0,linear,temperature_minus_equivalent,K,ESTIMABLE,-0.18882476146149507,-0.20783061991715554,-0.16964145402863337,0.009726979579108706,0.03818916588852217,1000.0,0.0
phoenix,28024,2023-06-15,near_-0.02,0.008509538620710373,0.10850953862071037,BLOCK_RANGE_ONLY,1.0,quadratic,temperature,K,ESTIMABLE,1.2781027746198947,1.2130799965451051,1.33331628128183,0.031248266539497735,0.12023628473672487,1000.0,0.0
phoenix,28024,2023-06-15,near_-0.02,0.008509538620710373,0.10850953862071037,BLOCK_RANGE_ONLY,1.0,quadratic,emitted_flux,W/m2,ESTIMABLE,9.734818555905553,9.229599949358125,10.16493617521721,0.23765955553321544,0.9353362258590856,1000.0,0.0
phoenix,28024,2023-06-15,near_-0.02,0.008509538620710373,0.10850953862071037,BLOCK_RANGE_ONLY,1.0,quadratic,temperature_equivalent,K,ESTIMABLE,1.4626973827315055,1.3862808812272376,1.5277986275452449,0.03595886209412833,0.1415177463180073,1000.0,0.0
phoenix,28024,2023-06-15,near_-0.02,0.008509538620710373,0.10850953862071037,BLOCK_RANGE_ONLY,1.0,quadratic,temperature_minus_equivalent,K,ESTIMABLE,-0.18459460811161077,-0.2034201030378005,-0.16526074956361192,0.009842656691978926,0.038159353474188584,1000.0,0.0
phoenix,28024,2023-06-15,near_-0.02,0.008509538620710373,0.10850953862071037,BLOCK_RANGE_ONLY,1.0,quadratic_minus_linear,temperature,K,ESTIMABLE,-0.01081391742442439,-0.017392182437640864,-0.00473788459856728,0.003203842072027865,0.012654297839073583,1000.0,0.0
phoenix,28024,2023-06-15,near_-0.02,0.008509538620710373,0.10850953862071037,BLOCK_RANGE_ONLY,1.0,quadratic_minus_linear,emitted_flux,W/m2,ESTIMABLE,-0.09941854215021273,-0.14688640518135196,-0.05545857593058925,0.02348171069067028,0.0914278292507627,1000.0,0.0
phoenix,28024,2023-06-15,near_-0.02,0.008509538620710373,0.10850953862071037,BLOCK_RANGE_ONLY,1.0,quadratic_minus_linear,temperature_equivalent,K,ESTIMABLE,-0.015044070774308693,-0.022224361775003844,-0.008390827694672968,0.003552865908556203,0.013833534080330875,1000.0,0.0
phoenix,28024,2023-06-15,near_-0.02,0.008509538620710373,0.10850953862071037,BLOCK_RANGE_ONLY,1.0,quadratic_minus_linear,temperature_minus_equivalent,K,ESTIMABLE,0.0042301533498843025,0.002462106385952861,0.006051112096477851,0.0008908598508813317,0.0035890057105249897,1000.0,0.0
phoenix,28024,2023-06-15,near_-0.02,0.008509538620710373,0.10850953862071037,BLOCK_RANGE_ONLY,8.0,linear,temperature,K,ESTIMABLE,1.2889166920443191,1.1855062353317283,1.4109238866702476,0.0588275923713343,0.22541765133851932,1000.0,0.0
phoenix,28024,2023-06-15,near_-0.02,0.008509538620710373,0.10850953862071037,BLOCK_RANGE_ONLY,8.0,linear,emitted_flux,W/m2,ESTIMABLE,9.834237098055766,8.912301975120062,10.852056954257437,0.512621204409298,1.9397549791373745,1000.0,0.0
phoenix,28024,2023-06-15,near_-0.02,0.008509538620710373,0.10850953862071037,BLOCK_RANGE_ONLY,8.0,linear,temperature_equivalent,K,ESTIMABLE,1.4777414535058142,1.3383167524251136,1.6318833520970841,0.07758378790372153,0.2935665996719705,1000.0,0.0
phoenix,28024,2023-06-15,near_-0.02,0.008509538620710373,0.10850953862071037,BLOCK_RANGE_ONLY,8.0,linear,temperature_minus_equivalent,K,ESTIMABLE,-0.18882476146149507,-0.23894893568947997,-0.14114319547293264,0.02565124250036717,0.09780574021654734,1000.0,0.0
phoenix,28024,2023-06-15,near_-0.02,0.008509538620710373,0.10850953862071037,BLOCK_RANGE_ONLY,8.0,quadratic,temperature,K,ESTIMABLE,1.2781027746198947,1.1725625664663308,1.4024661316939535,0.06087305329520253,0.22990356522762267,1000.0,0.0
phoenix,28024,2023-06-15,near_-0.02,0.008509538620710373,0.10850953862071037,BLOCK_RANGE_ONLY,8.0,quadratic,emitted_flux,W/m2,ESTIMABLE,9.734818555905553,8.766357818571068,10.801892116052997,0.5334057233395977,2.035534297481929,1000.0,0.0
phoenix,28024,2023-06-15,near_-0.02,0.008509538620710373,0.10850953862071037,BLOCK_RANGE_ONLY,8.0,quadratic,temperature_equivalent,K,ESTIMABLE,1.4626973827315055,1.316262596236308,1.624280892778866,0.08071795379252324,0.30801829654255797,1000.0,0.0
phoenix,28024,2023-06-15,near_-0.02,0.008509538620710373,0.10850953862071037,BLOCK_RANGE_ONLY,8.0,quadratic,temperature_minus_equivalent,K,ESTIMABLE,-0.18459460811161077,-0.23641803270008416,-0.13455197805296823,0.026321642197476226,0.10186605464711593,1000.0,0.0
phoenix,28024,2023-06-15,near_-0.02,0.008509538620710373,0.10850953862071037,BLOCK_RANGE_ONLY,8.0,quadratic_minus_linear,temperature,K,ESTIMABLE,-0.01081391742442439,-0.022013781112209002,5.5538235442278896e-05,0.005596852749200534,0.02206931934765128,1000.0,0.0
phoenix,28024,2023-06-15,near_-0.02,0.008509538620710373,0.10850953862071037,BLOCK_RANGE_ONLY,8.0,quadratic_minus_linear,emitted_flux,W/m2,ESTIMABLE,-0.09941854215021273,-0.190260904732507,-0.010910215145803044,0.045177320936877575,0.17935068958670397,1000.0,0.0
phoenix,28024,2023-06-15,near_-0.02,0.008509538620710373,0.10850953862071037,BLOCK_RANGE_ONLY,8.0,quadratic_minus_linear,temperature_equivalent,K,ESTIMABLE,-0.015044070774308693,-0.028758302589577057,-0.0016536206179324654,0.006830589975604983,0.02710468197164459,1000.0,0.0
phoenix,28024,2023-06-15,near_-0.02,0.008509538620710373,0.10850953862071037,BLOCK_RANGE_ONLY,8.0,quadratic_minus_linear,temperature_minus_equivalent,K,ESTIMABLE,0.0042301533498843025,0.0009910998789896043,0.007344918516853441,0.0016403349436818922,0.006353818637863837,1000.0,0.0
phoenix,28024,2023-06-15,near_-0.01,0.01850953862071037,0.11850953862071037,BLOCK_RANGE_ONLY,1.0,linear,temperature,K,ESTIMABLE,1.2889166920443191,1.2236179974970167,1.3450353373049386,0.031218196225296212,0.12141733980792191,1000.0,0.0
phoenix,28024,2023-06-15,near_-0.01,0.01850953862071037,0.11850953862071037,BLOCK_RANGE_ONLY,1.0,linear,emitted_flux,W/m2,ESTIMABLE,9.834237098055766,9.343423589985932,10.260515225542608,0.2368197484079684,0.9170916355566767,1000.0,0.0
phoenix,28024,2023-06-15,near_-0.01,0.01850953862071037,0.11850953862071037,BLOCK_RANGE_ONLY,1.0,linear,temperature_equivalent,K,ESTIMABLE,1.4777414535058142,1.4034923214980495,1.5422706841179945,0.03583705597055101,0.13877836261994503,1000.0,0.0
phoenix,28024,2023-06-15,near_-0.01,0.01850953862071037,0.11850953862071037,BLOCK_RANGE_ONLY,1.0,linear,temperature_minus_equivalent,K,ESTIMABLE,-0.18882476146149507,-0.20783061991715554,-0.16964145402863337,0.009726979579108706,0.03818916588852217,1000.0,0.0
phoenix,28024,2023-06-15,near_-0.01,0.01850953862071037,0.11850953862071037,BLOCK_RANGE_ONLY,1.0,quadratic,temperature,K,ESTIMABLE,1.3092473048720632,1.2435023958111766,1.365853406306201,0.0317411751503959,0.12235101049502428,1000.0,0.0
phoenix,28024,2023-06-15,near_-0.01,0.01850953862071037,0.11850953862071037,BLOCK_RANGE_ONLY,1.0,quadratic,emitted_flux,W/m2,ESTIMABLE,10.021148076660944,9.51806880587792,10.451556764894958,0.23920464392382623,0.9334879590170377,1000.0,0.0
phoenix,28024,2023-06-15,near_-0.01,0.01850953862071037,0.11850953862071037,BLOCK_RANGE_ONLY,1.0,quadratic,temperature_equivalent,K,ESTIMABLE,1.5060307985575605,1.4299061970256361,1.5712031614211412,0.03620791481253913,0.1412969643955051,1000.0,0.0
phoenix,28024,2023-06-15,near_-0.01,0.01850953862071037,0.11850953862071037,BLOCK_RANGE_ONLY,1.0,quadratic,temperature_minus_equivalent,K,ESTIMABLE,-0.1967834936854973,-0.21612871624719726,-0.1776390870535851,0.00975375069383661,0.03848962919361215,1000.0,0.0
phoenix,28024,2023-06-15,near_-0.01,0.01850953862071037,0.11850953862071037,BLOCK_RANGE_ONLY,1.0,quadratic_minus_linear,temperature,K,ESTIMABLE,0.020330612827744066,0.008615844418055869,0.03344364367363661,0.006241482708991753,0.024827799255580738,1000.0,0.0
phoenix,28024,2023-06-15,near_-0.01,0.01850953862071037,0.11850953862071037,BLOCK_RANGE_ONLY,1.0,quadratic_minus_linear,emitted_flux,W/m2,ESTIMABLE,0.18691097860517836,0.10051928003001245,0.2876066701130464,0.04815169829072944,0.18708739008303396,1000.0,0.0
phoenix,28024,2023-06-15,near_-0.01,0.01850953862071037,0.11850953862071037,BLOCK_RANGE_ONLY,1.0,quadratic_minus_linear,temperature_equivalent,K,ESTIMABLE,0.028289345051746295,0.015216572402307805,0.0435117440713654,0.007287951597298335,0.028295171669057595,1000.0,0.0
phoenix,28024,2023-06-15,near_-0.01,0.01850953862071037,0.11850953862071037,BLOCK_RANGE_ONLY,1.0,quadratic_minus_linear,temperature_minus_equivalent,K,ESTIMABLE,-0.00795873222400223,-0.012125608809986537,-0.0042987961099459696,0.0020209546934279606,0.007826812700040568,1000.0,0.0
phoenix,28024,2023-06-15,near_-0.01,0.01850953862071037,0.11850953862071037,BLOCK_RANGE_ONLY,8.0,linear,temperature,K,ESTIMABLE,1.2889166920443191,1.1855062353317283,1.4109238866702476,0.0588275923713343,0.22541765133851932,1000.0,0.0
phoenix,28024,2023-06-15,near_-0.01,0.01850953862071037,0.11850953862071037,BLOCK_RANGE_ONLY,8.0,linear,emitted_flux,W/m2,ESTIMABLE,9.834237098055766,8.912301975120062,10.852056954257437,0.512621204409298,1.9397549791373745,1000.0,0.0
phoenix,28024,2023-06-15,near_-0.01,0.01850953862071037,0.11850953862071037,BLOCK_RANGE_ONLY,8.0,linear,temperature_equivalent,K,ESTIMABLE,1.4777414535058142,1.3383167524251136,1.6318833520970841,0.07758378790372153,0.2935665996719705,1000.0,0.0
phoenix,28024,2023-06-15,near_-0.01,0.01850953862071037,0.11850953862071037,BLOCK_RANGE_ONLY,8.0,linear,temperature_minus_equivalent,K,ESTIMABLE,-0.18882476146149507,-0.23894893568947997,-0.14114319547293264,0.02565124250036717,0.09780574021654734,1000.0,0.0
phoenix,28024,2023-06-15,near_-0.01,0.01850953862071037,0.11850953862071037,BLOCK_RANGE_ONLY,8.0,quadratic,temperature,K,ESTIMABLE,1.3092473048720632,1.2031853886455954,1.4361602936064954,0.0599440405682041,0.2329749049609,1000.0,0.0
phoenix,28024,2023-06-15,near_-0.01,0.01850953862071037,0.11850953862071037,BLOCK_RANGE_ONLY,8.0,quadratic,emitted_flux,W/m2,ESTIMABLE,10.021148076660944,9.110438288276132,11.133228116048956,0.5235119683011572,2.022789827772824,1000.0,0.0
phoenix,28024,2023-06-15,near_-0.01,0.01850953862071037,0.11850953862071037,BLOCK_RANGE_ONLY,8.0,quadratic,temperature_equivalent,K,ESTIMABLE,1.5060307985575605,1.3682653090997292,1.6745049637752019,0.07925736737605096,0.30623965467547265,1000.0,0.0
phoenix,28024,2023-06-15,near_-0.01,0.01850953862071037,0.11850953862071037,BLOCK_RANGE_ONLY,8.0,quadratic,temperature_minus_equivalent,K,ESTIMABLE,-0.1967834936854973,-0.24979210195532847,-0.14805183567957153,0.02670107237873318,0.10174026627575694,1000.0,0.0
phoenix,28024,2023-06-15,near_-0.01,0.01850953862071037,0.11850953862071037,BLOCK_RANGE_ONLY,8.0,quadratic_minus_linear,temperature,K,ESTIMABLE,0.020330612827744066,-0.00011022838862061436,0.05635086456563599,0.014032764293905795,0.0564610929542566,1000.0,0.0
phoenix,28024,2023-06-15,near_-0.01,0.01850953862071037,0.11850953862071037,BLOCK_RANGE_ONLY,8.0,quadratic_minus_linear,emitted_flux,W/m2,ESTIMABLE,0.18691097860517836,0.016724747770647454,0.47231299738500726,0.11739887882707442,0.4555882496143598,1000.0,0.0
phoenix,28024,2023-06-15,near_-0.01,0.01850953862071037,0.11850953862071037,BLOCK_RANGE_ONLY,8.0,quadratic_minus_linear,temperature_equivalent,K,ESTIMABLE,0.028289345051746295,0.0025349655542342476,0.07145339545789113,0.017772785605572838,0.06891842990365689,1000.0,0.0
phoenix,28024,2023-06-15,near_-0.01,0.01850953862071037,0.11850953862071037,BLOCK_RANGE_ONLY,8.0,quadratic_minus_linear,temperature_minus_equivalent,K,ESTIMABLE,-0.00795873222400223,-0.019105906747020746,-0.0015155964443026703,0.004521205146834069,0.017590310302718078,1000.0,0.0
phoenix,28024,2023-06-15,historical,0.028509538620710373,0.12850953862071038,BLOCK_RANGE_ONLY,1.0,linear,temperature,K,ESTIMABLE,1.2889166920443191,1.2236179974970167,1.3450353373049386,0.031218196225296212,0.12141733980792191,1000.0,0.0
phoenix,28024,2023-06-15,historical,0.028509538620710373,0.12850953862071038,BLOCK_RANGE_ONLY,1.0,linear,emitted_flux,W/m2,ESTIMABLE,9.834237098055766,9.343423589985932,10.260515225542608,0.2368197484079684,0.9170916355566767,1000.0,0.0
phoenix,28024,2023-06-15,historical,0.028509538620710373,0.12850953862071038,BLOCK_RANGE_ONLY,1.0,linear,temperature_equivalent,K,ESTIMABLE,1.4777414535058142,1.4034923214980495,1.5422706841179945,0.03583705597055101,0.13877836261994503,1000.0,0.0
phoenix,28024,2023-06-15,historical,0.028509538620710373,0.12850953862071038,BLOCK_RANGE_ONLY,1.0,linear,temperature_minus_equivalent,K,ESTIMABLE,-0.18882476146149507,-0.20783061991715554,-0.16964145402863337,0.009726979579108706,0.03818916588852217,1000.0,0.0
phoenix,28024,2023-06-15,historical,0.028509538620710373,0.12850953862071038,BLOCK_RANGE_ONLY,1.0,quadratic,temperature,K,ESTIMABLE,1.3403918351242317,1.2715153821794534,1.403468103619708,0.03471669321303492,0.13195272144025472,1000.0,0.0
phoenix,28024,2023-06-15,historical,0.028509538620710373,0.12850953862071038,BLOCK_RANGE_ONLY,1.0,quadratic,emitted_flux,W/m2,ESTIMABLE,10.307477597416337,9.777432433899977,10.772891524345644,0.25934969819928855,0.9954590904456673,1000.0,0.0
phoenix,28024,2023-06-15,historical,0.028509538620710373,0.12850953862071038,BLOCK_RANGE_ONLY,1.0,quadratic,temperature_equivalent,K,ESTIMABLE,1.5493822043927707,1.4691454738126892,1.6198861190345297,0.03927360516499183,0.1507406452218405,1000.0,0.0
phoenix,28024,2023-06-15,historical,0.028509538620710373,0.12850953862071038,BLOCK_RANGE_ONLY,1.0,quadratic,temperature_minus_equivalent,K,ESTIMABLE,-0.2089903692685391,-0.23022479599739826,-0.18821155838229225,0.010428227442894828,0.042013237615106,1000.0,0.0
phoenix,28024,2023-06-15,historical,0.028509538620710373,0.12850953862071038,BLOCK_RANGE_ONLY,1.0,quadratic_minus_linear,temperature,K,ESTIMABLE,0.05147514307991252,0.02160317801163314,0.0828013300501506,0.01530836889763404,0.06119815203851746,1000.0,0.0
phoenix,28024,2023-06-15,historical,0.028509538620710373,0.12850953862071038,BLOCK_RANGE_ONLY,1.0,quadratic_minus_linear,emitted_flux,W/m2,ESTIMABLE,0.4732404993605712,0.26215613453076647,0.7142466318501516,0.11572548683181735,0.4520904973193851,1000.0,0.0
phoenix,28024,2023-06-15,historical,0.028509538620710373,0.12850953862071038,BLOCK_RANGE_ONLY,1.0,quadratic_minus_linear,temperature_equivalent,K,ESTIMABLE,0.07164075088695654,0.039677132046118405,0.10809563755492774,0.017523088881609077,0.06841850550880933,1000.0,0.0
phoenix,28024,2023-06-15,historical,0.028509538620710373,0.12850953862071038,BLOCK_RANGE_ONLY,1.0,quadratic_minus_linear,temperature_minus_equivalent,K,ESTIMABLE,-0.020165607807044017,-0.02966814806979921,-0.011371034126504294,0.004768519426221959,0.018297113943294918,1000.0,0.0
phoenix,28024,2023-06-15,historical,0.028509538620710373,0.12850953862071038,BLOCK_RANGE_ONLY,8.0,linear,temperature,K,ESTIMABLE,1.2889166920443191,1.1855062353317283,1.4109238866702476,0.0588275923713343,0.22541765133851932,1000.0,0.0
phoenix,28024,2023-06-15,historical,0.028509538620710373,0.12850953862071038,BLOCK_RANGE_ONLY,8.0,linear,emitted_flux,W/m2,ESTIMABLE,9.834237098055766,8.912301975120062,10.852056954257437,0.512621204409298,1.9397549791373745,1000.0,0.0
phoenix,28024,2023-06-15,historical,0.028509538620710373,0.12850953862071038,BLOCK_RANGE_ONLY,8.0,linear,temperature_equivalent,K,ESTIMABLE,1.4777414535058142,1.3383167524251136,1.6318833520970841,0.07758378790372153,0.2935665996719705,1000.0,0.0
phoenix,28024,2023-06-15,historical,0.028509538620710373,0.12850953862071038,BLOCK_RANGE_ONLY,8.0,linear,temperature_minus_equivalent,K,ESTIMABLE,-0.18882476146149507,-0.23894893568947997,-0.14114319547293264,0.02565124250036717,0.09780574021654734,1000.0,0.0
phoenix,28024,2023-06-15,historical,0.028509538620710373,0.12850953862071038,BLOCK_RANGE_ONLY,8.0,quadratic,temperature,K,ESTIMABLE,1.3403918351242317,1.232226573235074,1.4770657922631802,0.0640347795998604,0.24483921902810635,1000.0,0.0
phoenix,28024,2023-06-15,historical,0.028509538620710373,0.12850953862071038,BLOCK_RANGE_ONLY,8.0,quadratic,emitted_flux,W/m2,ESTIMABLE,10.307477597416337,9.351727093660292,11.444589026282882,0.5516969640263801,2.09286193262259,1000.0,0.0
phoenix,28024,2023-06-15,historical,0.028509538620710373,0.12850953862071038,BLOCK_RANGE_ONLY,8.0,quadratic,temperature_equivalent,K,ESTIMABLE,1.5493822043927707,1.4047480174818332,1.721723239241389,0.08356244752775586,0.31697522175955584,1000.0,0.0
phoenix,28024,2023-06-15,historical,0.028509538620710373,0.12850953862071038,BLOCK_RANGE_ONLY,8.0,quadratic,temperature_minus_equivalent,K,ESTIMABLE,-0.2089903692685391,-0.2687283377340679,-0.16036387269575386,0.028075414826398817,0.10836446503831404,1000.0,0.0
phoenix,28024,2023-06-15,historical,0.028509538620710373,0.12850953862071038,BLOCK_RANGE_ONLY,8.0,quadratic_minus_linear,temperature,K,ESTIMABLE,0.05147514307991252,-0.00027599501268350476,0.12355517485689284,0.03133556770442603,0.12383116986957635,1000.0,0.0
phoenix,28024,2023-06-15,historical,0.028509538620710373,0.12850953862071038,BLOCK_RANGE_ONLY,8.0,quadratic_minus_linear,emitted_flux,W/m2,ESTIMABLE,0.4732404993605712,0.0443067334279129,1.0730353997610995,0.25745999120433366,1.0287286663331867,1000.0,0.0
phoenix,28024,2023-06-15,historical,0.028509538620710373,0.12850953862071038,BLOCK_RANGE_ONLY,8.0,quadratic_minus_linear,temperature_equivalent,K,ESTIMABLE,0.07164075088695654,0.006715680537199376,0.16245231806929183,0.038989035535742234,0.15573663753209246,1000.0,0.0
phoenix,28024,2023-06-15,historical,0.028509538620710373,0.12850953862071038,BLOCK_RANGE_ONLY,8.0,quadratic_minus_linear,temperature_minus_equivalent,K,ESTIMABLE,-0.020165607807044017,-0.0419251616602254,-0.00418827317477557,0.009672019277752356,0.03773688848544983,1000.0,0.0
phoenix,28024,2023-06-15,near_+0.01,0.038509538620710375,0.1385095386207104,BLOCK_RANGE_ONLY,1.0,linear,temperature,K,ESTIMABLE,1.2889166920443191,1.2236179974970167,1.3450353373049386,0.031218196225296212,0.12141733980792191,1000.0,0.0
phoenix,28024,2023-06-15,near_+0.01,0.038509538620710375,0.1385095386207104,BLOCK_RANGE_ONLY,1.0,linear,emitted_flux,W/m2,ESTIMABLE,9.834237098055766,9.343423589985932,10.260515225542608,0.2368197484079684,0.9170916355566767,1000.0,0.0
phoenix,28024,2023-06-15,near_+0.01,0.038509538620710375,0.1385095386207104,BLOCK_RANGE_ONLY,1.0,linear,temperature_equivalent,K,ESTIMABLE,1.4777414535058142,1.4034923214980495,1.5422706841179945,0.03583705597055101,0.13877836261994503,1000.0,0.0
phoenix,28024,2023-06-15,near_+0.01,0.038509538620710375,0.1385095386207104,BLOCK_RANGE_ONLY,1.0,linear,temperature_minus_equivalent,K,ESTIMABLE,-0.18882476146149507,-0.20783061991715554,-0.16964145402863337,0.009726979579108706,0.03818916588852217,1000.0,0.0
phoenix,28024,2023-06-15,near_+0.01,0.038509538620710375,0.1385095386207104,BLOCK_RANGE_ONLY,1.0,quadratic,temperature,K,ESTIMABLE,1.3715363653764003,1.2920782148353678,1.4451844050761196,0.0396193630045098,0.15310619024075178,1000.0,0.0
phoenix,28024,2023-06-15,near_+0.01,0.038509538620710375,0.1385095386207104,BLOCK_RANGE_ONLY,1.0,quadratic,emitted_flux,W/m2,ESTIMABLE,10.59380711817173,9.992776450610146,11.127430978829736,0.2942996384303899,1.1346545282195901,1000.0,0.0
phoenix,28024,2023-06-15,near_+0.01,0.038509538620710375,0.1385095386207104,BLOCK_RANGE_ONLY,1.0,quadratic,temperature_equivalent,K,ESTIMABLE,1.592751617673514,1.5017362037006805,1.673626023076271,0.044584615066315406,0.17188981937559045,1000.0,0.0
phoenix,28024,2023-06-15,near_+0.01,0.038509538620710375,0.1385095386207104,BLOCK_RANGE_ONLY,1.0,quadratic,temperature_minus_equivalent,K,ESTIMABLE,-0.22121525229711358,-0.24496076779223783,-0.1971843882820186,0.011738570947423461,0.047776379510219236,1000.0,0.0
phoenix,28024,2023-06-15,near_+0.01,0.038509538620710375,0.1385095386207104,BLOCK_RANGE_ONLY,1.0,quadratic_minus_linear,temperature,K,ESTIMABLE,0.0826196733320812,0.03494482777308601,0.1323792169208644,0.024422013834258516,0.0974343891477784,1000.0,0.0
phoenix,28024,2023-06-15,near_+0.01,0.038509538620710375,0.1385095386207104,BLOCK_RANGE_ONLY,1.0,quadratic_minus_linear,emitted_flux,W/m2,ESTIMABLE,0.7595700201159641,0.42592978541112364,1.1494878859000526,0.183773767169037,0.7235581004889289,1000.0,0.0
phoenix,28024,2023-06-15,near_+0.01,0.038509538620710375,0.1385095386207104,BLOCK_RANGE_ONLY,1.0,quadratic_minus_linear,temperature_equivalent,K,ESTIMABLE,0.11501016416769971,0.0644712853750761,0.17407675308049447,0.027838738331209634,0.10960546770541837,1000.0,0.0
phoenix,28024,2023-06-15,near_+0.01,0.038509538620710375,0.1385095386207104,BLOCK_RANGE_ONLY,1.0,quadratic_minus_linear,temperature_minus_equivalent,K,ESTIMABLE,-0.03239049083561851,-0.04725489733138496,-0.01842038128203574,0.0075390011140018896,0.028834516049349217,1000.0,0.0
phoenix,28024,2023-06-15,near_+0.01,0.038509538620710375,0.1385095386207104,BLOCK_RANGE_ONLY,8.0,linear,temperature,K,ESTIMABLE,1.2889166920443191,1.1855062353317283,1.4109238866702476,0.0588275923713343,0.22541765133851932,1000.0,0.0
phoenix,28024,2023-06-15,near_+0.01,0.038509538620710375,0.1385095386207104,BLOCK_RANGE_ONLY,8.0,linear,emitted_flux,W/m2,ESTIMABLE,9.834237098055766,8.912301975120062,10.852056954257437,0.512621204409298,1.9397549791373745,1000.0,0.0
phoenix,28024,2023-06-15,near_+0.01,0.038509538620710375,0.1385095386207104,BLOCK_RANGE_ONLY,8.0,linear,temperature_equivalent,K,ESTIMABLE,1.4777414535058142,1.3383167524251136,1.6318833520970841,0.07758378790372153,0.2935665996719705,1000.0,0.0
phoenix,28024,2023-06-15,near_+0.01,0.038509538620710375,0.1385095386207104,BLOCK_RANGE_ONLY,8.0,linear,temperature_minus_equivalent,K,ESTIMABLE,-0.18882476146149507,-0.23894893568947997,-0.14114319547293264,0.02565124250036717,0.09780574021654734,1000.0,0.0
phoenix,28024,2023-06-15,near_+0.01,0.038509538620710375,0.1385095386207104,BLOCK_RANGE_ONLY,8.0,quadratic,temperature,K,ESTIMABLE,1.3715363653764003,1.245844477043902,1.526529910771369,0.07229815774804473,0.2806854337274669,1000.0,0.0
phoenix,28024,2023-06-15,near_+0.01,0.038509538620710375,0.1385095386207104,BLOCK_RANGE_ONLY,8.0,quadratic,emitted_flux,W/m2,ESTIMABLE,10.59380711817173,9.522664765520371,11.945258429440011,0.612728278420018,2.42259366391964,1000.0,0.0
phoenix,28024,2023-06-15,near_+0.01,0.038509538620710375,0.1385095386207104,BLOCK_RANGE_ONLY,8.0,quadratic,temperature_equivalent,K,ESTIMABLE,1.592751617673514,1.4306013940200089,1.7976952162408708,0.09284814385196376,0.36709382222086195,1000.0,0.0
phoenix,28024,2023-06-15,near_+0.01,0.038509538620710375,0.1385095386207104,BLOCK_RANGE_ONLY,8.0,quadratic,temperature_minus_equivalent,K,ESTIMABLE,-0.22121525229711358,-0.2860363563962593,-0.16702187126056142,0.030317811867149456,0.11901448513569787,1000.0,0.0
phoenix,28024,2023-06-15,near_+0.01,0.038509538620710375,0.1385095386207104,BLOCK_RANGE_ONLY,8.0,quadratic_minus_linear,temperature,K,ESTIMABLE,0.0826196733320812,-0.00044176163674639513,0.19231536996310608,0.04885000255462925,0.19275713159985247,1000.0,0.0
phoenix,28024,2023-06-15,near_+0.01,0.038509538620710375,0.1385095386207104,BLOCK_RANGE_ONLY,8.0,quadratic_minus_linear,emitted_flux,W/m2,ESTIMABLE,0.7595700201159641,0.07196465195852833,1.6585517909754852,0.3994376563248362,1.5865871390169568,1000.0,0.0
phoenix,28024,2023-06-15,near_+0.01,0.038509538620710375,0.1385095386207104,BLOCK_RANGE_ONLY,8.0,quadratic_minus_linear,temperature_equivalent,K,ESTIMABLE,0.11501016416769971,0.010908045202067741,0.2514223221326759,0.0605145394185543,0.24051427693060817,1000.0,0.0
phoenix,28024,2023-06-15,near_+0.01,0.038509538620710375,0.1385095386207104,BLOCK_RANGE_ONLY,8.0,quadratic_minus_linear,temperature_minus_equivalent,K,ESTIMABLE,-0.03239049083561851,-0.06501814022794054,-0.00681000113156992,0.014916668584465241,0.058208139096370626,1000.0,0.0
phoenix,28024,2023-06-15,near_+0.02,0.04850953862071038,0.14850953862071037,BLOCK_RANGE_ONLY,1.0,linear,temperature,K,ESTIMABLE,1.288916692044319,1.2236179974970165,1.3450353373049384,0.031218196225296205,0.12141733980792191,1000.0,0.0
phoenix,28024,2023-06-15,near_+0.02,0.04850953862071038,0.14850953862071037,BLOCK_RANGE_ONLY,1.0,linear,emitted_flux,W/m2,ESTIMABLE,9.834237098055766,9.343423589985932,10.260515225542607,0.2368197484079683,0.917091635556675,1000.0,0.0
phoenix,28024,2023-06-15,near_+0.02,0.04850953862071038,0.14850953862071037,BLOCK_RANGE_ONLY,1.0,linear,temperature_equivalent,K,ESTIMABLE,1.4777414535058142,1.4034923214980495,1.5422706841179945,0.03583705597055088,0.13877836261994503,1000.0,0.0
phoenix,28024,2023-06-15,near_+0.02,0.04850953862071038,0.14850953862071037,BLOCK_RANGE_ONLY,1.0,linear,temperature_minus_equivalent,K,ESTIMABLE,-0.1888247614614953,-0.20783061991715576,-0.1696414540286336,0.009726979579108591,0.03818916588852217,1000.0,0.0
phoenix,28024,2023-06-15,near_+0.02,0.04850953862071038,0.14850953862071037,BLOCK_RANGE_ONLY,1.0,quadratic,temperature,K,ESTIMABLE,1.4026808956285688,1.3117826002818334,1.4864390150824769,0.04583489513060447,0.17465641480064353,1000.0,0.0
phoenix,28024,2023-06-15,near_+0.02,0.04850953862071038,0.14850953862071037,BLOCK_RANGE_ONLY,1.0,quadratic,emitted_flux,W/m2,ESTIMABLE,10.88013663892712,10.21714718767235,11.515797659909882,0.3395127322315216,1.298650472237533,1000.0,0.0
phoenix,28024,2023-06-15,near_+0.02,0.04850953862071038,0.14850953862071037,BLOCK_RANGE_ONLY,1.0,quadratic,temperature_equivalent,K,ESTIMABLE,1.6361390558628273,1.5357038848676126,1.7325251201202234,0.05145550928929873,0.19682123525261086,1000.0,0.0
phoenix,28024,2023-06-15,near_+0.02,0.04850953862071038,0.14850953862071037,BLOCK_RANGE_ONLY,1.0,quadratic,temperature_minus_equivalent,K,ESTIMABLE,-0.23345816023425847,-0.2605142766218174,-0.2064449007804317,0.013503850612354623,0.054069375841385714,1000.0,0.0
phoenix,28024,2023-06-15,near_+0.02,0.04850953862071038,0.14850953862071037,BLOCK_RANGE_ONLY,1.0,quadratic_minus_linear,temperature,K,ESTIMABLE,0.11376420358424988,0.04835517721794249,0.18249186923003743,0.03354432754804657,0.13413669201209494,1000.0,0.0
phoenix,28024,2023-06-15,near_+0.02,0.04850953862071038,0.14850953862071037,BLOCK_RANGE_ONLY,1.0,quadratic_minus_linear,emitted_flux,W/m2,ESTIMABLE,1.0458995408713534,0.589662871054241,1.5832759389136284,0.25191231339376047,0.9936130678593874,1000.0,0.0
phoenix,28024,2023-06-15,near_+0.02,0.04850953862071038,0.14850953862071037,BLOCK_RANGE_ONLY,1.0,quadratic_minus_linear,temperature_equivalent,K,ESTIMABLE,0.15839760235701306,0.08926518937140031,0.23985901102766718,0.03817676301362071,0.1505938216562669,1000.0,0.0
phoenix,28024,2023-06-15,near_+0.02,0.04850953862071038,0.14850953862071037,BLOCK_RANGE_ONLY,1.0,quadratic_minus_linear,temperature_minus_equivalent,K,ESTIMABLE,-0.04463339877276318,-0.06497455351638867,-0.02535954321537643,0.010317825454712897,0.03961501030101224,1000.0,0.0
phoenix,28024,2023-06-15,near_+0.02,0.04850953862071038,0.14850953862071037,BLOCK_RANGE_ONLY,8.0,linear,temperature,K,ESTIMABLE,1.288916692044319,1.185506235331728,1.4109238866702474,0.05882759237133428,0.22541765133851932,1000.0,0.0
phoenix,28024,2023-06-15,near_+0.02,0.04850953862071038,0.14850953862071037,BLOCK_RANGE_ONLY,8.0,linear,emitted_flux,W/m2,ESTIMABLE,9.834237098055766,8.91230197512006,10.852056954257435,0.5126212044092979,1.9397549791373745,1000.0,0.0
phoenix,28024,2023-06-15,near_+0.02,0.04850953862071038,0.14850953862071037,BLOCK_RANGE_ONLY,8.0,linear,temperature_equivalent,K,ESTIMABLE,1.4777414535058142,1.3383167524251136,1.6318833520970841,0.0775837879037215,0.2935665996719705,1000.0,0.0
phoenix,28024,2023-06-15,near_+0.02,0.04850953862071038,0.14850953862071037,BLOCK_RANGE_ONLY,8.0,linear,temperature_minus_equivalent,K,ESTIMABLE,-0.1888247614614953,-0.2389489356894802,-0.14114319547293286,0.025651242500367166,0.09780574021654734,1000.0,0.0
phoenix,28024,2023-06-15,near_+0.02,0.04850953862071038,0.14850953862071037,BLOCK_RANGE_ONLY,8.0,quadratic,temperature,K,ESTIMABLE,1.4026808956285688,1.2594892818635048,1.5879299102524211,0.08350448997340132,0.3284406283889163,1000.0,0.0
phoenix,28024,2023-06-15,near_+0.02,0.04850953862071038,0.14850953862071037,BLOCK_RANGE_ONLY,8.0,quadratic,emitted_flux,W/m2,ESTIMABLE,10.88013663892712,9.662092516505826,12.392695190454708,0.6980429715522202,2.730602673948882,1000.0,0.0
phoenix,28024,2023-06-15,near_+0.02,0.04850953862071038,0.14850953862071037,BLOCK_RANGE_ONLY,8.0,quadratic,temperature_equivalent,K,ESTIMABLE,1.6361390558628273,1.4516938090628018,1.8656364765240325,0.10582323746267919,0.41394266746123076,1000.0,0.0
phoenix,28024,2023-06-15,near_+0.02,0.04850953862071038,0.14850953862071037,BLOCK_RANGE_ONLY,8.0,quadratic,temperature_minus_equivalent,K,ESTIMABLE,-0.23345816023425847,-0.30635280740185333,-0.17582423474581546,0.03326062822321226,0.13052857265603787,1000.0,0.0
phoenix,28024,2023-06-15,near_+0.02,0.04850953862071038,0.14850953862071037,BLOCK_RANGE_ONLY,8.0,quadratic_minus_linear,temperature,K,ESTIMABLE,0.11376420358424988,-0.0006075282608092967,0.2597599091691123,0.06640883459611499,0.2603674374299216,1000.0,0.0
phoenix,28024,2023-06-15,near_+0.02,0.04850953862071038,0.14850953862071037,BLOCK_RANGE_ONLY,8.0,quadratic_minus_linear,emitted_flux,W/m2,ESTIMABLE,1.0458995408713534,0.09963072373323684,2.250333266873629,0.5418273520300363,2.150702543140392,1000.0,0.0
phoenix,28024,2023-06-15,near_+0.02,0.04850953862071038,0.14850953862071037,BLOCK_RANGE_ONLY,8.0,quadratic_minus_linear,temperature_equivalent,K,ESTIMABLE,0.15839760235701306,0.01510182581952222,0.34113514756946584,0.08212191132789555,0.3260333217499436,1000.0,0.0
phoenix,28024,2023-06-15,near_+0.02,0.04850953862071038,0.14850953862071037,BLOCK_RANGE_ONLY,8.0,quadratic_minus_linear,temperature_minus_equivalent,K,ESTIMABLE,-0.04463339877276318,-0.0882753757544244,-0.009508092465575876,0.020194518197817916,0.07876728328884852,1000.0,0.0
phoenix,28024,2023-06-15,grid_00,0.0,0.1,BLOCK_RANGE_ONLY,1.0,linear,temperature,K,ESTIMABLE,1.2889166920443191,1.2236179974970167,1.3450353373049386,0.031218196225296212,0.12141733980792191,1000.0,0.0
phoenix,28024,2023-06-15,grid_00,0.0,0.1,BLOCK_RANGE_ONLY,1.0,linear,emitted_flux,W/m2,ESTIMABLE,9.834237098055766,9.343423589985932,10.260515225542608,0.2368197484079684,0.9170916355566767,1000.0,0.0
phoenix,28024,2023-06-15,grid_00,0.0,0.1,BLOCK_RANGE_ONLY,1.0,linear,temperature_equivalent,K,ESTIMABLE,1.4777414535058142,1.4034923214980495,1.5422706841179945,0.03583705597055101,0.13877836261994503,1000.0,0.0
phoenix,28024,2023-06-15,grid_00,0.0,0.1,BLOCK_RANGE_ONLY,1.0,linear,temperature_minus_equivalent,K,ESTIMABLE,-0.18882476146149507,-0.20783061991715554,-0.16964145402863337,0.009726979579108706,0.03818916588852217,1000.0,0.0
phoenix,28024,2023-06-15,grid_00,0.0,0.1,BLOCK_RANGE_ONLY,1.0,quadratic,temperature,K,ESTIMABLE,1.2516002163194235,1.1836663781213326,1.3134402303355472,0.03288335725131272,0.12977385221421467,1000.0,0.0
phoenix,28024,2023-06-15,grid_00,0.0,0.1,BLOCK_RANGE_ONLY,1.0,quadratic,emitted_flux,W/m2,ESTIMABLE,9.491165344393803,8.961554424687266,9.958153629895131,0.2513650572062483,0.9965992052078647,1000.0,0.0
phoenix,28024,2023-06-15,grid_00,0.0,0.1,BLOCK_RANGE_ONLY,1.0,quadratic,temperature_equivalent,K,ESTIMABLE,1.425836799965964,1.3457605213341666,1.4964956086726957,0.03801876964236934,0.15073508733852914,1000.0,0.0
phoenix,28024,2023-06-15,grid_00,0.0,0.1,BLOCK_RANGE_ONLY,1.0,quadratic,temperature_minus_equivalent,K,ESTIMABLE,-0.1742365836465405,-0.1944317056342755,-0.15354437142078603,0.010506845537584245,0.040887334213489474,1000.0,0.0
phoenix,28024,2023-06-15,grid_00,0.0,0.1,BLOCK_RANGE_ONLY,1.0,quadratic_minus_linear,temperature,K,ESTIMABLE,-0.037316475724895604,-0.05906453117601043,-0.016251778267323075,0.010822704360463687,0.04281275290868736,1000.0,0.0
phoenix,28024,2023-06-15,grid_00,0.0,0.1,BLOCK_RANGE_ONLY,1.0,quadratic_minus_linear,emitted_flux,W/m2,ESTIMABLE,-0.3430717536619632,-0.5104745972967473,-0.19109293444868358,0.07985547727335383,0.3193816628480637,1000.0,0.0
phoenix,28024,2023-06-15,grid_00,0.0,0.1,BLOCK_RANGE_ONLY,1.0,quadratic_minus_linear,temperature_equivalent,K,ESTIMABLE,-0.05190465353985019,-0.07722847463362399,-0.028909623396359052,0.012077520506494605,0.04831885123726494,1000.0,0.0
phoenix,28024,2023-06-15,grid_00,0.0,0.1,BLOCK_RANGE_ONLY,1.0,quadratic_minus_linear,temperature_minus_equivalent,K,ESTIMABLE,0.014588177814954584,0.008410848840898783,0.02089591539454933,0.0031676779248275807,0.012485066553650549,1000.0,0.0
phoenix,28024,2023-06-15,grid_00,0.0,0.1,BLOCK_RANGE_ONLY,8.0,linear,temperature,K,ESTIMABLE,1.2889166920443191,1.1855062353317283,1.4109238866702476,0.0588275923713343,0.22541765133851932,1000.0,0.0
phoenix,28024,2023-06-15,grid_00,0.0,0.1,BLOCK_RANGE_ONLY,8.0,linear,emitted_flux,W/m2,ESTIMABLE,9.834237098055766,8.912301975120062,10.852056954257437,0.512621204409298,1.9397549791373745,1000.0,0.0
phoenix,28024,2023-06-15,grid_00,0.0,0.1,BLOCK_RANGE_ONLY,8.0,linear,temperature_equivalent,K,ESTIMABLE,1.4777414535058142,1.3383167524251136,1.6318833520970841,0.07758378790372153,0.2935665996719705,1000.0,0.0
phoenix,28024,2023-06-15,grid_00,0.0,0.1,BLOCK_RANGE_ONLY,8.0,linear,temperature_minus_equivalent,K,ESTIMABLE,-0.18882476146149507,-0.23894893568947997,-0.14114319547293264,0.02565124250036717,0.09780574021654734,1000.0,0.0
phoenix,28024,2023-06-15,grid_00,0.0,0.1,BLOCK_RANGE_ONLY,8.0,quadratic,temperature,K,ESTIMABLE,1.2516002163194235,1.1330149945545105,1.3786490313709876,0.06548927980748628,0.2456340368164771,1000.0,0.0
phoenix,28024,2023-06-15,grid_00,0.0,0.1,BLOCK_RANGE_ONLY,8.0,quadratic,emitted_flux,W/m2,ESTIMABLE,9.491165344393803,8.47375490093264,10.640225551971826,0.5705447769748433,2.1664706510391856,1000.0,0.0
phoenix,28024,2023-06-15,grid_00,0.0,0.1,BLOCK_RANGE_ONLY,8.0,quadratic,temperature_equivalent,K,ESTIMABLE,1.425836799965964,1.2720603147979133,1.599784166419367,0.08630395251777337,0.3277238516214538,1000.0,0.0
phoenix,28024,2023-06-15,grid_00,0.0,0.1,BLOCK_RANGE_ONLY,8.0,quadratic,temperature_minus_equivalent,K,ESTIMABLE,-0.1742365836465405,-0.22564615205608254,-0.12265426535903652,0.026810142453255616,0.10299188669704602,1000.0,0.0
phoenix,28024,2023-06-15,grid_00,0.0,0.1,BLOCK_RANGE_ONLY,8.0,quadratic_minus_linear,temperature,K,ESTIMABLE,-0.037316475724895604,-0.07368293689280359,0.00019659798439116988,0.019447820341853696,0.07387953487719476,1000.0,0.0
phoenix,28024,2023-06-15,grid_00,0.0,0.1,BLOCK_RANGE_ONLY,8.0,quadratic_minus_linear,emitted_flux,W/m2,ESTIMABLE,-0.3430717536619632,-0.6299198726164814,-0.037997936750900234,0.15540547120275575,0.5919219358655812,1000.0,0.0
phoenix,28024,2023-06-15,grid_00,0.0,0.1,BLOCK_RANGE_ONLY,8.0,quadratic_minus_linear,temperature_equivalent,K,ESTIMABLE,-0.05190465353985019,-0.09532997356550368,-0.005749924119200512,0.023496206227387594,0.08958004944630317,1000.0,0.0
phoenix,28024,2023-06-15,grid_00,0.0,0.1,BLOCK_RANGE_ONLY,8.0,quadratic_minus_linear,temperature_minus_equivalent,K,ESTIMABLE,0.014588177814954584,0.0037303039298494326,0.02542355112546955,0.005550860634027851,0.021693247195620116,1000.0,0.0
phoenix,28024,2023-06-15,grid_01,0.1,0.2,BLOCK_RANGE_ONLY,1.0,linear,temperature,K,ESTIMABLE,1.2889166920443191,1.2236179974970167,1.3450353373049386,0.031218196225296212,0.12141733980792191,1000.0,0.0
phoenix,28024,2023-06-15,grid_01,0.1,0.2,BLOCK_RANGE_ONLY,1.0,linear,emitted_flux,W/m2,ESTIMABLE,9.834237098055766,9.343423589985932,10.260515225542608,0.2368197484079684,0.9170916355566767,1000.0,0.0
phoenix,28024,2023-06-15,grid_01,0.1,0.2,BLOCK_RANGE_ONLY,1.0,linear,temperature_equivalent,K,ESTIMABLE,1.4777414535058142,1.4034923214980495,1.5422706841179945,0.03583705597055101,0.13877836261994503,1000.0,0.0
phoenix,28024,2023-06-15,grid_01,0.1,0.2,BLOCK_RANGE_ONLY,1.0,linear,temperature_minus_equivalent,K,ESTIMABLE,-0.18882476146149507,-0.20783061991715554,-0.16964145402863337,0.009726979579108706,0.03818916588852217,1000.0,0.0
phoenix,28024,2023-06-15,grid_01,0.1,0.2,BLOCK_RANGE_ONLY,1.0,quadratic,temperature,K,ESTIMABLE,1.5630455188411092,1.3925144571972223,1.7292715785759358,0.08645636210964333,0.3367571213787135,1000.0,0.0
phoenix,28024,2023-06-15,grid_01,0.1,0.2,BLOCK_RANGE_ONLY,1.0,quadratic,emitted_flux,W/m2,ESTIMABLE,12.354460551947723,11.116773058923402,13.608527544713505,0.6404332491288223,2.4917544857901035,1000.0,0.0
phoenix,28024,2023-06-15,grid_01,0.1,0.2,BLOCK_RANGE_ONLY,1.0,quadratic,temperature_equivalent,K,ESTIMABLE,1.8598289875741898,1.6720101363470519,2.0504790076405244,0.09727193407052193,0.3784688712934725,1000.0,0.0
phoenix,28024,2023-06-15,grid_01,0.1,0.2,BLOCK_RANGE_ONLY,1.0,quadratic,temperature_minus_equivalent,K,ESTIMABLE,-0.2967834687330806,-0.34694811382516905,-0.24618389740555605,0.025699382229094028,0.100764216419613,1000.0,0.0
phoenix,28024,2023-06-15,grid_01,0.1,0.2,BLOCK_RANGE_ONLY,1.0,quadratic_minus_linear,temperature,K,ESTIMABLE,0.27412882679679007,0.11663043106095827,0.4393226311825084,0.08054162238610307,0.32269220012155014,1000.0,0.0
phoenix,28024,2023-06-15,grid_01,0.1,0.2,BLOCK_RANGE_ONLY,1.0,quadratic_minus_linear,emitted_flux,W/m2,ESTIMABLE,2.5202234538919566,1.4230177748101804,3.811727239511782,0.6030350168807579,2.388709464701601,1000.0,0.0
phoenix,28024,2023-06-15,grid_01,0.1,0.2,BLOCK_RANGE_ONLY,1.0,quadratic_minus_linear,temperature_equivalent,K,ESTIMABLE,0.3820875340683756,0.2155312630215491,0.5782215418690697,0.09158769975761451,0.3626902788475206,1000.0,0.0
phoenix,28024,2023-06-15,grid_01,0.1,0.2,BLOCK_RANGE_ONLY,1.0,quadratic_minus_linear,temperature_minus_equivalent,K,ESTIMABLE,-0.10795870727158552,-0.1560101026145837,-0.061298881003372725,0.024713780399774125,0.09471122161121098,1000.0,0.0
phoenix,28024,2023-06-15,grid_01,0.1,0.2,BLOCK_RANGE_ONLY,8.0,linear,temperature,K,ESTIMABLE,1.2889166920443191,1.1855062353317283,1.4109238866702476,0.0588275923713343,0.22541765133851932,1000.0,0.0
phoenix,28024,2023-06-15,grid_01,0.1,0.2,BLOCK_RANGE_ONLY,8.0,linear,emitted_flux,W/m2,ESTIMABLE,9.834237098055766,8.912301975120062,10.852056954257437,0.512621204409298,1.9397549791373745,1000.0,0.0
phoenix,28024,2023-06-15,grid_01,0.1,0.2,BLOCK_RANGE_ONLY,8.0,linear,temperature_equivalent,K,ESTIMABLE,1.4777414535058142,1.3383167524251136,1.6318833520970841,0.07758378790372153,0.2935665996719705,1000.0,0.0
phoenix,28024,2023-06-15,grid_01,0.1,0.2,BLOCK_RANGE_ONLY,8.0,linear,temperature_minus_equivalent,K,ESTIMABLE,-0.18882476146149507,-0.23894893568947997,-0.14114319547293264,0.02565124250036717,0.09780574021654734,1000.0,0.0
phoenix,28024,2023-06-15,grid_01,0.1,0.2,BLOCK_RANGE_ONLY,8.0,quadratic,temperature,K,ESTIMABLE,1.5630455188411092,1.2934459311468178,1.9041374440649523,0.1605267464378339,0.6106915129181345,1000.0,0.0
phoenix,28024,2023-06-15,grid_01,0.1,0.2,BLOCK_RANGE_ONLY,8.0,quadratic,emitted_flux,W/m2,ESTIMABLE,12.354460551947723,10.06243720024644,15.126016320357058,1.3070438736286716,5.063579120110617,1000.0,0.0
phoenix,28024,2023-06-15,grid_01,0.1,0.2,BLOCK_RANGE_ONLY,8.0,quadratic,temperature_equivalent,K,ESTIMABLE,1.8598289875741898,1.5122810224548175,2.281643087131577,0.19860582215175154,0.7693620646767594,1000.0,0.0
phoenix,28024,2023-06-15,grid_01,0.1,0.2,BLOCK_RANGE_ONLY,8.0,quadratic,temperature_minus_equivalent,K,ESTIMABLE,-0.2967834687330806,-0.4185813401452581,-0.20159159771765092,0.05456964502799199,0.21698974242760719,1000.0,0.0
phoenix,28024,2023-06-15,grid_01,0.1,0.2,BLOCK_RANGE_ONLY,8.0,quadratic_minus_linear,temperature,K,ESTIMABLE,0.27412882679679007,-0.0014610682562379706,0.6050971785319242,0.15696035033397426,0.6065582467881622,1000.0,0.0
phoenix,28024,2023-06-15,grid_01,0.1,0.2,BLOCK_RANGE_ONLY,8.0,quadratic_minus_linear,emitted_flux,W/m2,ESTIMABLE,2.5202234538919566,0.2420846037564743,5.282116960739145,1.2763138787672106,5.040032356982671,1000.0,0.0
phoenix,28024,2023-06-15,grid_01,0.1,0.2,BLOCK_RANGE_ONLY,8.0,quadratic_minus_linear,temperature_equivalent,K,ESTIMABLE,0.3820875340683756,0.0366984638098856,0.8033606215098373,0.19388945954355793,0.7666621576999517,1000.0,0.0
phoenix,28024,2023-06-15,grid_01,0.1,0.2,BLOCK_RANGE_ONLY,8.0,quadratic_minus_linear,temperature_minus_equivalent,K,ESTIMABLE,-0.10795870727158552,-0.20864097793408398,-0.02388834025782212,0.047678814089771246,0.18475263767626188,1000.0,0.0
phoenix,28024,2023-06-15,grid_02,0.2,0.3,BLOCK_RANGE_ONLY,1.0,linear,temperature,K,ESTIMABLE,1.2889166920443187,1.2236179974970165,1.3450353373049382,0.0312181962252962,0.12141733980792169,1000.0,0.0
phoenix,28024,2023-06-15,grid_02,0.2,0.3,BLOCK_RANGE_ONLY,1.0,linear,emitted_flux,W/m2,ESTIMABLE,9.834237098055764,9.34342358998593,10.260515225542605,0.2368197484079683,0.917091635556675,1000.0,0.0
phoenix,28024,2023-06-15,grid_02,0.2,0.3,BLOCK_RANGE_ONLY,1.0,linear,temperature_equivalent,K,ESTIMABLE,1.4777414535058142,1.4034923214980495,1.5422706841179945,0.03583705597055088,0.13877836261994503,1000.0,0.0
phoenix,28024,2023-06-15,grid_02,0.2,0.3,BLOCK_RANGE_ONLY,1.0,linear,temperature_minus_equivalent,K,ESTIMABLE,-0.18882476146149552,-0.20783061991715598,-0.1696414540286336,0.009726979579108593,0.03818916588852239,1000.0,0.0
phoenix,28024,2023-06-15,grid_02,0.2,0.3,BLOCK_RANGE_ONLY,1.0,quadratic,temperature,K,ESTIMABLE,1.874490821362794,1.5397391945280305,2.2296847335712555,0.17475109403341632,0.689945539043225,1000.0,0.0
phoenix,28024,2023-06-15,grid_02,0.2,0.3,BLOCK_RANGE_ONLY,1.0,quadratic,emitted_flux,W/m2,ESTIMABLE,15.217755759501639,12.753031425203785,17.899095288053317,1.2991481037514374,5.146063862849532,1000.0,0.0
phoenix,28024,2023-06-15,grid_02,0.2,0.3,BLOCK_RANGE_ONLY,1.0,quadratic,temperature_equivalent,K,ESTIMABLE,2.2956344850904884,1.9203841043406882,2.705405465264964,0.19815812219085857,0.785021360924276,1000.0,0.0
phoenix,28024,2023-06-15,grid_02,0.2,0.3,BLOCK_RANGE_ONLY,1.0,quadratic,temperature_minus_equivalent,K,ESTIMABLE,-0.4211436637276944,-0.5237191923111896,-0.31979173362917507,0.05303804821494796,0.2039274586820145,1000.0,0.0
phoenix,28024,2023-06-15,grid_02,0.2,0.3,BLOCK_RANGE_ONLY,1.0,quadratic_minus_linear,temperature,K,ESTIMABLE,0.5855741293184753,0.24841198999230654,0.9369796440031509,0.1718331455075623,0.6885676540108444,1000.0,0.0
phoenix,28024,2023-06-15,grid_02,0.2,0.3,BLOCK_RANGE_ONLY,1.0,quadratic_minus_linear,emitted_flux,W/m2,ESTIMABLE,5.3835186614458745,3.037133827141185,8.12924021668704,1.2851405604851371,5.0921063895458545,1000.0,0.0
phoenix,28024,2023-06-15,grid_02,0.2,0.3,BLOCK_RANGE_ONLY,1.0,quadratic_minus_linear,temperature_equivalent,K,ESTIMABLE,0.8178930315846742,0.4605464123053551,1.2367111389119216,0.19601411282008596,0.7761647266065665,1000.0,0.0
phoenix,28024,2023-06-15,grid_02,0.2,0.3,BLOCK_RANGE_ONLY,1.0,quadratic_minus_linear,temperature_minus_equivalent,K,ESTIMABLE,-0.2323189022661989,-0.3354841183879842,-0.13129690375145653,0.05305629369240728,0.20418721463652767,1000.0,0.0
phoenix,28024,2023-06-15,grid_02,0.2,0.3,BLOCK_RANGE_ONLY,8.0,linear,temperature,K,ESTIMABLE,1.2889166920443187,1.1855062353317278,1.4109238866702472,0.05882759237133428,0.22541765133851932,1000.0,0.0
phoenix,28024,2023-06-15,grid_02,0.2,0.3,BLOCK_RANGE_ONLY,8.0,linear,emitted_flux,W/m2,ESTIMABLE,9.834237098055764,8.91230197512006,10.852056954257435,0.5126212044092978,1.9397549791373745,1000.0,0.0
phoenix,28024,2023-06-15,grid_02,0.2,0.3,BLOCK_RANGE_ONLY,8.0,linear,temperature_equivalent,K,ESTIMABLE,1.4777414535058142,1.3383167524251136,1.6318833520970841,0.07758378790372145,0.2935665996719705,1000.0,0.0
phoenix,28024,2023-06-15,grid_02,0.2,0.3,BLOCK_RANGE_ONLY,8.0,linear,temperature_minus_equivalent,K,ESTIMABLE,-0.18882476146149552,-0.23894893568948042,-0.14114319547293305,0.025651242500367214,0.09780574021654737,1000.0,0.0
phoenix,28024,2023-06-15,grid_02,0.2,0.3,BLOCK_RANGE_ONLY,8.0,quadratic,temperature,K,ESTIMABLE,1.874490821362794,1.3013643719156243,2.576570154845091,0.3304381765685624,1.275205782929467,1000.0,0.0
phoenix,28024,2023-06-15,grid_02,0.2,0.3,BLOCK_RANGE_ONLY,8.0,quadratic,emitted_flux,W/m2,ESTIMABLE,15.217755759501639,10.44420887773113,21.175248676374757,2.6771945059097395,10.731039798643627,1000.0,0.0
phoenix,28024,2023-06-15,grid_02,0.2,0.3,BLOCK_RANGE_ONLY,8.0,quadratic,temperature_equivalent,K,ESTIMABLE,2.2956344850904884,1.5700902080993402,3.2082790985620515,0.4086557383050449,1.6381888904627113,1000.0,0.0
phoenix,28024,2023-06-15,grid_02,0.2,0.3,BLOCK_RANGE_ONLY,8.0,quadratic,temperature_minus_equivalent,K,ESTIMABLE,-0.4211436637276944,-0.6489043055105722,-0.23671708845770614,0.10569711344343971,0.4121872170528661,1000.0,0.0
phoenix,28024,2023-06-15,grid_02,0.2,0.3,BLOCK_RANGE_ONLY,8.0,quadratic_minus_linear,temperature,K,ESTIMABLE,0.5855741293184753,-0.0031187344968669024,1.2906902268330835,0.33291958052614634,1.2938089613299504,1000.0,0.0
phoenix,28024,2023-06-15,grid_02,0.2,0.3,BLOCK_RANGE_ONLY,8.0,quadratic_minus_linear,emitted_flux,W/m2,ESTIMABLE,5.3835186614458745,0.5187453215035744,11.129493518152154,2.7036952053835384,10.61074819664858,1000.0,0.0
phoenix,28024,2023-06-15,grid_02,0.2,0.3,BLOCK_RANGE_ONLY,8.0,quadratic_minus_linear,temperature_equivalent,K,ESTIMABLE,0.8178930315846742,0.0786542241013862,1.699324088358888,0.412600325963037,1.620669864257502,1000.0,0.0
phoenix,28024,2023-06-15,grid_02,0.2,0.3,BLOCK_RANGE_ONLY,8.0,quadratic_minus_linear,temperature_minus_equivalent,K,ESTIMABLE,-0.2323189022661989,-0.44809071492807134,-0.05185035918176224,0.10232456760385268,0.3962403557463091,1000.0,0.0
phoenix,28024,2023-06-15,grid_03,0.3,0.4,NO_SPANNING_BLOCKS,,,,,NOT_ESTIMATED_NO_REFERENCE_BLOCKS,,,,,,,
phoenix,28024,2023-06-15,grid_04,0.4,0.5,NO_SPANNING_BLOCKS,,,,,NOT_ESTIMATED_NO_REFERENCE_BLOCKS,,,,,,,
phoenix,28024,2023-06-15,grid_05,0.5,0.6,NO_SPANNING_BLOCKS,,,,,NOT_ESTIMATED_NO_REFERENCE_BLOCKS,,,,,,,
phoenix,28024,2023-06-15,grid_06,0.6,0.7,NO_SPANNING_BLOCKS,,,,,NOT_ESTIMATED_NO_REFERENCE_BLOCKS,,,,,,,
phoenix,28024,2023-06-15,grid_07,0.7,0.8,NO_SPANNING_BLOCKS,,,,,NOT_ESTIMATED_NO_REFERENCE_BLOCKS,,,,,,,
phoenix,28024,2023-06-15,grid_08,0.8,0.9,NO_SPANNING_BLOCKS,,,,,NOT_ESTIMATED_NO_REFERENCE_BLOCKS,,,,,,,
phoenix,28024,2023-06-15,grid_09,0.9,1.0,NO_SPANNING_BLOCKS,,,,,NOT_ESTIMATED_NO_REFERENCE_BLOCKS,,,,,,,
phoenix,28085,2023-06-19,near_-0.02,0.008509538620710373,0.10850953862071037,BLOCK_RANGE_ONLY,1.0,linear,temperature,K,ESTIMABLE,1.394945273860558,1.3210154300815193,1.4742562878736458,0.03839672460651637,0.15324085779212648,1000.0,0.0
phoenix,28085,2023-06-19,near_-0.02,0.008509538620710373,0.10850953862071037,BLOCK_RANGE_ONLY,1.0,linear,emitted_flux,W/m2,ESTIMABLE,10.425683766549245,9.822323727896794,11.009790930292551,0.29719462477853464,1.1874672023957569,1000.0,0.0
phoenix,28085,2023-06-19,near_-0.02,0.008509538620710373,0.10850953862071037,BLOCK_RANGE_ONLY,1.0,linear,temperature_equivalent,K,ESTIMABLE,1.5672843298287944,1.4759386012418232,1.6557914708609203,0.045013248582524736,0.17985286961909708,1000.0,0.0
phoenix,28085,2023-06-19,near_-0.02,0.008509538620710373,0.10850953862071037,BLOCK_RANGE_ONLY,1.0,linear,temperature_minus_equivalent,K,ESTIMABLE,-0.1723390559682363,-0.20142525488551916,-0.14203665038757465,0.015042903746551636,0.0593886044979445,1000.0,0.0
phoenix,28085,2023-06-19,near_-0.02,0.008509538620710373,0.10850953862071037,BLOCK_RANGE_ONLY,1.0,quadratic,temperature,K,ESTIMABLE,1.374828412216188,1.2983509982934214,1.4547835063461347,0.03869010578091312,0.15643250805271336,1000.0,0.0
phoenix,28085,2023-06-19,near_-0.02,0.008509538620710373,0.10850953862071037,BLOCK_RANGE_ONLY,1.0,quadratic,emitted_flux,W/m2,ESTIMABLE,10.227930166832206,9.621957279543196,10.843675357111731,0.30104108592933204,1.2217180775685357,1000.0,0.0
phoenix,28085,2023-06-19,near_-0.02,0.008509538620710373,0.10850953862071037,BLOCK_RANGE_ONLY,1.0,quadratic,temperature_equivalent,K,ESTIMABLE,1.5373366075316426,1.4456217765317405,1.630613085155359,0.045582773371000716,0.18499130862361857,1000.0,0.0
phoenix,28085,2023-06-19,near_-0.02,0.008509538620710373,0.10850953862071037,BLOCK_RANGE_ONLY,1.0,quadratic,temperature_minus_equivalent,K,ESTIMABLE,-0.16250819531545457,-0.19267964507534588,-0.13163269365238392,0.015490004368448834,0.06104695142296196,1000.0,0.0
phoenix,28085,2023-06-19,near_-0.02,0.008509538620710373,0.10850953862071037,BLOCK_RANGE_ONLY,1.0,quadratic_minus_linear,temperature,K,ESTIMABLE,-0.0201168616443701,-0.02838719326912615,-0.012268448195754855,0.0041242999271456195,0.016118745073371295,1000.0,0.0
phoenix,28085,2023-06-19,near_-0.02,0.008509538620710373,0.10850953862071037,BLOCK_RANGE_ONLY,1.0,quadratic_minus_linear,emitted_flux,W/m2,ESTIMABLE,-0.1977535997170392,-0.25929367392627733,-0.1386534934198306,0.031302395957980116,0.12064018050644673,1000.0,0.0
phoenix,28085,2023-06-19,near_-0.02,0.008509538620710373,0.10850953862071037,BLOCK_RANGE_ONLY,1.0,quadratic_minus_linear,temperature_equivalent,K,ESTIMABLE,-0.029947722297151813,-0.03924308251506829,-0.020993928766428385,0.0047388742120476855,0.018249153748639908,1000.0,0.0
phoenix,28085,2023-06-19,near_-0.02,0.008509538620710373,0.10850953862071037,BLOCK_RANGE_ONLY,1.0,quadratic_minus_linear,temperature_minus_equivalent,K,ESTIMABLE,0.009830860652781714,0.006631721504978011,0.012934016294657475,0.0016217498319995095,0.006302294789679464,1000.0,0.0
phoenix,28085,2023-06-19,near_-0.02,0.008509538620710373,0.10850953862071037,BLOCK_RANGE_ONLY,8.0,linear,temperature,K,ESTIMABLE,1.394945273860558,1.256854566682278,1.5202140815175238,0.06531610128233092,0.2633595148352459,1000.0,0.0
phoenix,28085,2023-06-19,near_-0.02,0.008509538620710373,0.10850953862071037,BLOCK_RANGE_ONLY,8.0,linear,emitted_flux,W/m2,ESTIMABLE,10.425683766549245,9.43397078910808,11.42739268073738,0.5014515101106889,1.9934218916292998,1000.0,0.0
phoenix,28085,2023-06-19,near_-0.02,0.008509538620710373,0.10850953862071037,BLOCK_RANGE_ONLY,8.0,linear,temperature_equivalent,K,ESTIMABLE,1.5672843298287944,1.4171861224962954,1.7191148341695268,0.0759532596582503,0.30192871167323143,1000.0,0.0
phoenix,28085,2023-06-19,near_-0.02,0.008509538620710373,0.10850953862071037,BLOCK_RANGE_ONLY,8.0,linear,temperature_minus_equivalent,K,ESTIMABLE,-0.1723390559682363,-0.22351797655192351,-0.12595009339846022,0.024973744932514287,0.09756788315346329,1000.0,0.0
phoenix,28085,2023-06-19,near_-0.02,0.008509538620710373,0.10850953862071037,BLOCK_RANGE_ONLY,8.0,quadratic,temperature,K,ESTIMABLE,1.374828412216188,1.2393628211999115,1.5037486567210074,0.06747068966355078,0.26438583552109596,1000.0,0.0
phoenix,28085,2023-06-19,near_-0.02,0.008509538620710373,0.10850953862071037,BLOCK_RANGE_ONLY,8.0,quadratic,emitted_flux,W/m2,ESTIMABLE,10.227930166832206,9.208886344635422,11.276193425980434,0.5247931496970706,2.067307081345012,1000.0,0.0
phoenix,28085,2023-06-19,near_-0.02,0.008509538620710373,0.10850953862071037,BLOCK_RANGE_ONLY,8.0,quadratic,temperature_equivalent,K,ESTIMABLE,1.5373366075316426,1.3831490515334521,1.6961831829594018,0.07946708071534675,0.3130341314259497,1000.0,0.0
phoenix,28085,2023-06-19,near_-0.02,0.008509538620710373,0.10850953862071037,BLOCK_RANGE_ONLY,8.0,quadratic,temperature_minus_equivalent,K,ESTIMABLE,-0.16250819531545457,-0.21582456192608276,-0.11490183444990264,0.02589485754875308,0.10092272747618013,1000.0,0.0
phoenix,28085,2023-06-19,near_-0.02,0.008509538620710373,0.10850953862071037,BLOCK_RANGE_ONLY,8.0,quadratic_minus_linear,temperature,K,ESTIMABLE,-0.0201168616443701,-0.03276102261543645,-0.005473768958680126,0.00702417471184129,0.027287253656756327,1000.0,0.0
phoenix,28085,2023-06-19,near_-0.02,0.008509538620710373,0.10850953862071037,BLOCK_RANGE_ONLY,8.0,quadratic_minus_linear,emitted_flux,W/m2,ESTIMABLE,-0.1977535997170392,-0.3034738866298478,-0.08445606970834381,0.05821570075562473,0.21901781692150402,1000.0,0.0
phoenix,28085,2023-06-19,near_-0.02,0.008509538620710373,0.10850953862071037,BLOCK_RANGE_ONLY,8.0,quadratic_minus_linear,temperature_equivalent,K,ESTIMABLE,-0.029947722297151813,-0.04591343516925406,-0.012789212451140494,0.008806958335617676,0.03312422271811356,1000.0,0.0
phoenix,28085,2023-06-19,near_-0.02,0.008509538620710373,0.10850953862071037,BLOCK_RANGE_ONLY,8.0,quadratic_minus_linear,temperature_minus_equivalent,K,ESTIMABLE,0.009830860652781714,0.004133987687908003,0.016143861655142033,0.0030180816127607715,0.01200987396723403,1000.0,0.0
phoenix,28085,2023-06-19,near_-0.01,0.01850953862071037,0.11850953862071037,BLOCK_RANGE_ONLY,1.0,linear,temperature,K,ESTIMABLE,1.394945273860558,1.3210154300815193,1.4742562878736458,0.03839672460651637,0.15324085779212648,1000.0,0.0
phoenix,28085,2023-06-19,near_-0.01,0.01850953862071037,0.11850953862071037,BLOCK_RANGE_ONLY,1.0,linear,emitted_flux,W/m2,ESTIMABLE,10.425683766549245,9.822323727896794,11.009790930292551,0.29719462477853464,1.1874672023957569,1000.0,0.0
phoenix,28085,2023-06-19,near_-0.01,0.01850953862071037,0.11850953862071037,BLOCK_RANGE_ONLY,1.0,linear,temperature_equivalent,K,ESTIMABLE,1.5672843298287944,1.4759386012418232,1.6557914708609203,0.045013248582524736,0.17985286961909708,1000.0,0.0
phoenix,28085,2023-06-19,near_-0.01,0.01850953862071037,0.11850953862071037,BLOCK_RANGE_ONLY,1.0,linear,temperature_minus_equivalent,K,ESTIMABLE,-0.1723390559682363,-0.20142525488551916,-0.14203665038757465,0.015042903746551636,0.0593886044979445,1000.0,0.0
phoenix,28085,2023-06-19,near_-0.01,0.01850953862071037,0.11850953862071037,BLOCK_RANGE_ONLY,1.0,quadratic,temperature,K,ESTIMABLE,1.4308511694960238,1.3562114150045348,1.5090737341744083,0.038630786073627195,0.15286231916987347,1000.0,0.0
phoenix,28085,2023-06-19,near_-0.01,0.01850953862071037,0.11850953862071037,BLOCK_RANGE_ONLY,1.0,quadratic,emitted_flux,W/m2,ESTIMABLE,10.778647376803276,10.201312466220287,11.357000357062283,0.29522028397208905,1.155687890841996,1000.0,0.0
phoenix,28085,2023-06-19,near_-0.01,0.01850953862071037,0.11850953862071037,BLOCK_RANGE_ONLY,1.0,quadratic,temperature_equivalent,K,ESTIMABLE,1.620758350953281,1.5333062899741876,1.7084381464588632,0.04473771170009351,0.17513185648467555,1000.0,0.0
phoenix,28085,2023-06-19,near_-0.01,0.01850953862071037,0.11850953862071037,BLOCK_RANGE_ONLY,1.0,quadratic,temperature_minus_equivalent,K,ESTIMABLE,-0.18990718145725727,-0.21807697593716,-0.16068003214767204,0.014573042262431697,0.05739694378948795,1000.0,0.0
phoenix,28085,2023-06-19,near_-0.01,0.01850953862071037,0.11850953862071037,BLOCK_RANGE_ONLY,1.0,quadratic_minus_linear,temperature,K,ESTIMABLE,0.035905895635465646,0.020585699696685056,0.05359517529065963,0.008183339264528395,0.033009475593974574,1000.0,0.0
phoenix,28085,2023-06-19,near_-0.01,0.01850953862071037,0.11850953862071037,BLOCK_RANGE_ONLY,1.0,quadratic_minus_linear,emitted_flux,W/m2,ESTIMABLE,0.3529636102540312,0.2333331942251533,0.48701872539082597,0.06565439051325318,0.25368553116567266,1000.0,0.0
phoenix,28085,2023-06-19,near_-0.01,0.01850953862071037,0.11850953862071037,BLOCK_RANGE_ONLY,1.0,quadratic_minus_linear,temperature_equivalent,K,ESTIMABLE,0.053474021124486626,0.035350520577406994,0.07378151883087156,0.009945873423249645,0.03843099825346456,1000.0,0.0
phoenix,28085,2023-06-19,near_-0.01,0.01850953862071037,0.11850953862071037,BLOCK_RANGE_ONLY,1.0,quadratic_minus_linear,temperature_minus_equivalent,K,ESTIMABLE,-0.01756812548902098,-0.02447776972005906,-0.011331463719931522,0.0033584255694886164,0.013146306000127539,1000.0,0.0
phoenix,28085,2023-06-19,near_-0.01,0.01850953862071037,0.11850953862071037,BLOCK_RANGE_ONLY,8.0,linear,temperature,K,ESTIMABLE,1.394945273860558,1.256854566682278,1.5202140815175238,0.06531610128233092,0.2633595148352459,1000.0,0.0
phoenix,28085,2023-06-19,near_-0.01,0.01850953862071037,0.11850953862071037,BLOCK_RANGE_ONLY,8.0,linear,emitted_flux,W/m2,ESTIMABLE,10.425683766549245,9.43397078910808,11.42739268073738,0.5014515101106889,1.9934218916292998,1000.0,0.0
phoenix,28085,2023-06-19,near_-0.01,0.01850953862071037,0.11850953862071037,BLOCK_RANGE_ONLY,8.0,linear,temperature_equivalent,K,ESTIMABLE,1.5672843298287944,1.4171861224962954,1.7191148341695268,0.0759532596582503,0.30192871167323143,1000.0,0.0
phoenix,28085,2023-06-19,near_-0.01,0.01850953862071037,0.11850953862071037,BLOCK_RANGE_ONLY,8.0,linear,temperature_minus_equivalent,K,ESTIMABLE,-0.1723390559682363,-0.22351797655192351,-0.12595009339846022,0.024973744932514287,0.09756788315346329,1000.0,0.0
phoenix,28085,2023-06-19,near_-0.01,0.01850953862071037,0.11850953862071037,BLOCK_RANGE_ONLY,8.0,quadratic,temperature,K,ESTIMABLE,1.4308511694960238,1.2909171742845107,1.5705091914291442,0.0699423841075768,0.27959201714463355,1000.0,0.0
phoenix,28085,2023-06-19,near_-0.01,0.01850953862071037,0.11850953862071037,BLOCK_RANGE_ONLY,8.0,quadratic,emitted_flux,W/m2,ESTIMABLE,10.778647376803276,9.738377881328363,11.881209074886275,0.5396187534979514,2.142831193557912,1000.0,0.0
phoenix,28085,2023-06-19,near_-0.01,0.01850953862071037,0.11850953862071037,BLOCK_RANGE_ONLY,8.0,quadratic,temperature_equivalent,K,ESTIMABLE,1.620758350953281,1.4632359450168593,1.7879732299366708,0.08177886138405652,0.3247372849198116,1000.0,0.0
phoenix,28085,2023-06-19,near_-0.01,0.01850953862071037,0.11850953862071037,BLOCK_RANGE_ONLY,8.0,quadratic,temperature_minus_equivalent,K,ESTIMABLE,-0.18990718145725727,-0.24401089831547743,-0.14198872994124517,0.02541410225924403,0.10202216837423225,1000.0,0.0
phoenix,28085,2023-06-19,near_-0.01,0.01850953862071037,0.11850953862071037,BLOCK_RANGE_ONLY,8.0,quadratic_minus_linear,temperature,K,ESTIMABLE,0.035905895635465646,0.005759492375420289,0.07874010253749299,0.018168971791543333,0.0729806101620727,1000.0,0.0
phoenix,28085,2023-06-19,near_-0.01,0.01850953862071037,0.11850953862071037,BLOCK_RANGE_ONLY,8.0,quadratic_minus_linear,emitted_flux,W/m2,ESTIMABLE,0.3529636102540312,0.11292176754207502,0.7068368071449722,0.15004681233810754,0.5939150396028972,1000.0,0.0
phoenix,28085,2023-06-19,near_-0.01,0.01850953862071037,0.11850953862071037,BLOCK_RANGE_ONLY,8.0,quadratic_minus_linear,temperature_equivalent,K,ESTIMABLE,0.053474021124486626,0.017096617316828145,0.10734026457791826,0.02274514377387853,0.09024364726109012,1000.0,0.0
phoenix,28085,2023-06-19,near_-0.01,0.01850953862071037,0.11850953862071037,BLOCK_RANGE_ONLY,8.0,quadratic_minus_linear,temperature_minus_equivalent,K,ESTIMABLE,-0.01756812548902098,-0.030591357043213144,-0.008989435760338768,0.005624775608855066,0.021601921282874376,1000.0,0.0
phoenix,28085,2023-06-19,historical,0.028509538620710373,0.12850953862071038,BLOCK_RANGE_ONLY,1.0,linear,temperature,K,ESTIMABLE,1.394945273860558,1.3210154300815193,1.4742562878736458,0.03839672460651637,0.15324085779212648,1000.0,0.0
phoenix,28085,2023-06-19,historical,0.028509538620710373,0.12850953862071038,BLOCK_RANGE_ONLY,1.0,linear,emitted_flux,W/m2,ESTIMABLE,10.425683766549245,9.822323727896794,11.009790930292551,0.29719462477853464,1.1874672023957569,1000.0,0.0
phoenix,28085,2023-06-19,historical,0.028509538620710373,0.12850953862071038,BLOCK_RANGE_ONLY,1.0,linear,temperature_equivalent,K,ESTIMABLE,1.5672843298287944,1.4759386012418232,1.6557914708609203,0.045013248582524736,0.17985286961909708,1000.0,0.0
phoenix,28085,2023-06-19,historical,0.028509538620710373,0.12850953862071038,BLOCK_RANGE_ONLY,1.0,linear,temperature_minus_equivalent,K,ESTIMABLE,-0.1723390559682363,-0.20142525488551916,-0.14203665038757465,0.015042903746551636,0.0593886044979445,1000.0,0.0
phoenix,28085,2023-06-19,historical,0.028509538620710373,0.12850953862071038,BLOCK_RANGE_ONLY,1.0,quadratic,temperature,K,ESTIMABLE,1.4868739267758595,1.4073130299135979,1.5709598872040798,0.041894139110456134,0.1636468572904819,1000.0,0.0
phoenix,28085,2023-06-19,historical,0.028509538620710373,0.12850953862071038,BLOCK_RANGE_ONLY,1.0,quadratic,emitted_flux,W/m2,ESTIMABLE,11.32936458677435,10.739262054131014,11.926219958451965,0.31486728946659226,1.1869579043209502,1000.0,0.0
phoenix,28085,2023-06-19,historical,0.028509538620710373,0.12850953862071038,BLOCK_RANGE_ONLY,1.0,quadratic,temperature_equivalent,K,ESTIMABLE,1.7042468165403761,1.614790112894768,1.794805291297348,0.047753735393304235,0.18001517840258008,1000.0,0.0
phoenix,28085,2023-06-19,historical,0.028509538620710373,0.12850953862071038,BLOCK_RANGE_ONLY,1.0,quadratic,temperature_minus_equivalent,K,ESTIMABLE,-0.21737288976451663,-0.24781347536368142,-0.18839279361601105,0.015039600706776941,0.05942068174767037,1000.0,0.0
phoenix,28085,2023-06-19,historical,0.028509538620710373,0.12850953862071038,BLOCK_RANGE_ONLY,1.0,quadratic_minus_linear,temperature,K,ESTIMABLE,0.09192865291530139,0.054725368444012865,0.13320031129309706,0.019603370755038305,0.0784749428490842,1000.0,0.0
phoenix,28085,2023-06-19,historical,0.028509538620710373,0.12850953862071038,BLOCK_RANGE_ONLY,1.0,quadratic_minus_linear,emitted_flux,W/m2,ESTIMABLE,0.9036808202251052,0.6198841404887327,1.2044925765322425,0.151981154262796,0.5846084360435098,1000.0,0.0
phoenix,28085,2023-06-19,historical,0.028509538620710373,0.12850953862071038,BLOCK_RANGE_ONLY,1.0,quadratic_minus_linear,temperature_equivalent,K,ESTIMABLE,0.13696248671158173,0.09391452079658791,0.18258240335996587,0.023041604527275664,0.08866788256337796,1000.0,0.0
phoenix,28085,2023-06-19,historical,0.028509538620710373,0.12850953862071038,BLOCK_RANGE_ONLY,1.0,quadratic_minus_linear,temperature_minus_equivalent,K,ESTIMABLE,-0.04503383379628034,-0.060612104361130716,-0.029977827536633236,0.007835822946367203,0.03063427682449748,1000.0,0.0
phoenix,28085,2023-06-19,historical,0.028509538620710373,0.12850953862071038,BLOCK_RANGE_ONLY,8.0,linear,temperature,K,ESTIMABLE,1.394945273860558,1.256854566682278,1.5202140815175238,0.06531610128233092,0.2633595148352459,1000.0,0.0
phoenix,28085,2023-06-19,historical,0.028509538620710373,0.12850953862071038,BLOCK_RANGE_ONLY,8.0,linear,emitted_flux,W/m2,ESTIMABLE,10.425683766549245,9.43397078910808,11.42739268073738,0.5014515101106889,1.9934218916292998,1000.0,0.0
phoenix,28085,2023-06-19,historical,0.028509538620710373,0.12850953862071038,BLOCK_RANGE_ONLY,8.0,linear,temperature_equivalent,K,ESTIMABLE,1.5672843298287944,1.4171861224962954,1.7191148341695268,0.0759532596582503,0.30192871167323143,1000.0,0.0
phoenix,28085,2023-06-19,historical,0.028509538620710373,0.12850953862071038,BLOCK_RANGE_ONLY,8.0,linear,temperature_minus_equivalent,K,ESTIMABLE,-0.1723390559682363,-0.22351797655192351,-0.12595009339846022,0.024973744932514287,0.09756788315346329,1000.0,0.0
phoenix,28085,2023-06-19,historical,0.028509538620710373,0.12850953862071038,BLOCK_RANGE_ONLY,8.0,quadratic,temperature,K,ESTIMABLE,1.4868739267758595,1.3363815065474227,1.646115852729718,0.07836818211495765,0.30973434618229523,1000.0,0.0
phoenix,28085,2023-06-19,historical,0.028509538620710373,0.12850953862071038,BLOCK_RANGE_ONLY,8.0,quadratic,emitted_flux,W/m2,ESTIMABLE,11.32936458677435,10.200194782831717,12.570787377966738,0.5999769782197057,2.3705925951350206,1000.0,0.0
phoenix,28085,2023-06-19,historical,0.028509538620710373,0.12850953862071038,BLOCK_RANGE_ONLY,8.0,quadratic,temperature_equivalent,K,ESTIMABLE,1.7042468165403761,1.5331370595193519,1.8926912898691726,0.09100040908331264,0.3595542303498207,1000.0,0.0
phoenix,28085,2023-06-19,historical,0.028509538620710373,0.12850953862071038,BLOCK_RANGE_ONLY,8.0,quadratic,temperature_minus_equivalent,K,ESTIMABLE,-0.21737288976451663,-0.2758884222266372,-0.16719506108940965,0.026171455009560914,0.10869336113722752,1000.0,0.0
phoenix,28085,2023-06-19,historical,0.028509538620710373,0.12850953862071038,BLOCK_RANGE_ONLY,8.0,quadratic_minus_linear,temperature,K,ESTIMABLE,0.09192865291530139,0.019313149763200012,0.17312799835076878,0.03899840745358768,0.15381484858756878,1000.0,0.0
phoenix,28085,2023-06-19,historical,0.028509538620710373,0.12850953862071038,BLOCK_RANGE_ONLY,8.0,quadratic_minus_linear,emitted_flux,W/m2,ESTIMABLE,0.9036808202251052,0.3497162429387362,1.5550079398948622,0.30764013080292635,1.205291696956126,1000.0,0.0
phoenix,28085,2023-06-19,historical,0.028509538620710373,0.12850953862071038,BLOCK_RANGE_ONLY,8.0,quadratic_minus_linear,temperature_equivalent,K,ESTIMABLE,0.13696248671158173,0.05304089007291992,0.2358983875834454,0.04666640506518196,0.18285749751052546,1000.0,0.0
phoenix,28085,2023-06-19,historical,0.028509538620710373,0.12850953862071038,BLOCK_RANGE_ONLY,8.0,quadratic_minus_linear,temperature_minus_equivalent,K,ESTIMABLE,-0.04503383379628034,-0.06880299623372817,-0.02629125945752896,0.010869242960351352,0.04251173677619921,1000.0,0.0
phoenix,28085,2023-06-19,near_+0.01,0.038509538620710375,0.1385095386207104,BLOCK_RANGE_ONLY,1.0,linear,temperature,K,ESTIMABLE,1.394945273860558,1.3210154300815193,1.4742562878736458,0.03839672460651637,0.15324085779212648,1000.0,0.0
phoenix,28085,2023-06-19,near_+0.01,0.038509538620710375,0.1385095386207104,BLOCK_RANGE_ONLY,1.0,linear,emitted_flux,W/m2,ESTIMABLE,10.425683766549245,9.822323727896794,11.009790930292551,0.29719462477853464,1.1874672023957569,1000.0,0.0
phoenix,28085,2023-06-19,near_+0.01,0.038509538620710375,0.1385095386207104,BLOCK_RANGE_ONLY,1.0,linear,temperature_equivalent,K,ESTIMABLE,1.5672843298287944,1.4759386012418232,1.6557914708609203,0.045013248582524736,0.17985286961909708,1000.0,0.0
phoenix,28085,2023-06-19,near_+0.01,0.038509538620710375,0.1385095386207104,BLOCK_RANGE_ONLY,1.0,linear,temperature_minus_equivalent,K,ESTIMABLE,-0.1723390559682363,-0.20142525488551916,-0.14203665038757465,0.015042903746551636,0.0593886044979445,1000.0,0.0
phoenix,28085,2023-06-19,near_+0.01,0.038509538620710375,0.1385095386207104,BLOCK_RANGE_ONLY,1.0,quadratic,temperature,K,ESTIMABLE,1.542896684055695,1.454512948105922,1.6382071001698395,0.04780447743421061,0.18369415206391748,1000.0,0.0
phoenix,28085,2023-06-19,near_+0.01,0.038509538620710375,0.1385095386207104,BLOCK_RANGE_ONLY,1.0,quadratic,emitted_flux,W/m2,ESTIMABLE,11.880081796745422,11.199226253294556,12.542976687030094,0.35578774169432126,1.3437504337355382,1000.0,0.0
phoenix,28085,2023-06-19,near_+0.01,0.038509538620710375,0.1385095386207104,BLOCK_RANGE_ONLY,1.0,quadratic,temperature_equivalent,K,ESTIMABLE,1.7878021289454296,1.684511880450549,1.8884659755100173,0.05400350145185224,0.20395409505946827,1000.0,0.0
phoenix,28085,2023-06-19,near_+0.01,0.038509538620710375,0.1385095386207104,BLOCK_RANGE_ONLY,1.0,quadratic,temperature_minus_equivalent,K,ESTIMABLE,-0.24490544488973454,-0.27864922664060915,-0.21278029363589013,0.01678396213459093,0.06586893300471902,1000.0,0.0
phoenix,28085,2023-06-19,near_+0.01,0.038509538620710375,0.1385095386207104,BLOCK_RANGE_ONLY,1.0,quadratic_minus_linear,temperature,K,ESTIMABLE,0.1479514101951369,0.08873502139384636,0.21271859563418397,0.031128526470303897,0.12398357424033761,1000.0,0.0
phoenix,28085,2023-06-19,near_+0.01,0.038509538620710375,0.1385095386207104,BLOCK_RANGE_ONLY,1.0,quadratic_minus_linear,emitted_flux,W/m2,ESTIMABLE,1.4543980301961774,1.001151527765717,1.9211463942603388,0.23946431209026792,0.9199948664946218,1000.0,0.0
phoenix,28085,2023-06-19,near_+0.01,0.038509538620710375,0.1385095386207104,BLOCK_RANGE_ONLY,1.0,quadratic_minus_linear,temperature_equivalent,K,ESTIMABLE,0.22051779911663516,0.1517042419155999,0.291136411443675,0.03633404513499083,0.13943216952807513,1000.0,0.0
phoenix,28085,2023-06-19,near_+0.01,0.038509538620710375,0.1385095386207104,BLOCK_RANGE_ONLY,1.0,quadratic_minus_linear,temperature_minus_equivalent,K,ESTIMABLE,-0.07256638892149825,-0.09687078512185668,-0.048840857129023106,0.012381707751997035,0.04802992799283357,1000.0,0.0
phoenix,28085,2023-06-19,near_+0.01,0.038509538620710375,0.1385095386207104,BLOCK_RANGE_ONLY,8.0,linear,temperature,K,ESTIMABLE,1.394945273860558,1.256854566682278,1.5202140815175238,0.06531610128233092,0.2633595148352459,1000.0,0.0
phoenix,28085,2023-06-19,near_+0.01,0.038509538620710375,0.1385095386207104,BLOCK_RANGE_ONLY,8.0,linear,emitted_flux,W/m2,ESTIMABLE,10.425683766549245,9.43397078910808,11.42739268073738,0.5014515101106889,1.9934218916292998,1000.0,0.0
phoenix,28085,2023-06-19,near_+0.01,0.038509538620710375,0.1385095386207104,BLOCK_RANGE_ONLY,8.0,linear,temperature_equivalent,K,ESTIMABLE,1.5672843298287944,1.4171861224962954,1.7191148341695268,0.0759532596582503,0.30192871167323143,1000.0,0.0
phoenix,28085,2023-06-19,near_+0.01,0.038509538620710375,0.1385095386207104,BLOCK_RANGE_ONLY,8.0,linear,temperature_minus_equivalent,K,ESTIMABLE,-0.1723390559682363,-0.22351797655192351,-0.12595009339846022,0.024973744932514287,0.09756788315346329,1000.0,0.0
phoenix,28085,2023-06-19,near_+0.01,0.038509538620710375,0.1385095386207104,BLOCK_RANGE_ONLY,8.0,quadratic,temperature,K,ESTIMABLE,1.542896684055695,1.372565029381632,1.725207352461272,0.09111091363678249,0.35264232307964005,1000.0,0.0
phoenix,28085,2023-06-19,near_+0.01,0.038509538620710375,0.1385095386207104,BLOCK_RANGE_ONLY,8.0,quadratic,emitted_flux,W/m2,ESTIMABLE,11.880081796745422,10.593624159900907,13.329711782934984,0.6940891698981271,2.736087623034077,1000.0,0.0
phoenix,28085,2023-06-19,near_+0.01,0.038509538620710375,0.1385095386207104,BLOCK_RANGE_ONLY,8.0,quadratic,temperature_equivalent,K,ESTIMABLE,1.7878021289454296,1.592723914236153,2.00806178607517,0.10536099854257358,0.41533787183901705,1000.0,0.0
phoenix,28085,2023-06-19,near_+0.01,0.038509538620710375,0.1385095386207104,BLOCK_RANGE_ONLY,8.0,quadratic,temperature_minus_equivalent,K,ESTIMABLE,-0.24490544488973454,-0.306167760656676,-0.19016039299648668,0.02808354973604934,0.11600736766018932,1000.0,0.0
phoenix,28085,2023-06-19,near_+0.01,0.038509538620710375,0.1385095386207104,BLOCK_RANGE_ONLY,8.0,quadratic_minus_linear,temperature,K,ESTIMABLE,0.1479514101951369,0.0318938724976439,0.269219836404893,0.060179994800971075,0.23732596390724908,1000.0,0.0
phoenix,28085,2023-06-19,near_+0.01,0.038509538620710375,0.1385095386207104,BLOCK_RANGE_ONLY,8.0,quadratic_minus_linear,emitted_flux,W/m2,ESTIMABLE,1.4543980301961774,0.5814256611397475,2.423843080354476,0.46880089630600275,1.8424174192147287,1000.0,0.0
phoenix,28085,2023-06-19,near_+0.01,0.038509538620710375,0.1385095386207104,BLOCK_RANGE_ONLY,8.0,quadratic_minus_linear,temperature_equivalent,K,ESTIMABLE,0.22051779911663516,0.08809399021068601,0.3678715071131421,0.07116772078377093,0.2797775169024561,1000.0,0.0
phoenix,28085,2023-06-19,near_+0.01,0.038509538620710375,0.1385095386207104,BLOCK_RANGE_ONLY,8.0,quadratic_minus_linear,temperature_minus_equivalent,K,ESTIMABLE,-0.07256638892149825,-0.10752638122978311,-0.043105663115711915,0.016418078969530757,0.0644207181140712,1000.0,0.0
phoenix,28085,2023-06-19,near_+0.02,0.04850953862071038,0.14850953862071037,BLOCK_RANGE_ONLY,1.0,linear,temperature,K,ESTIMABLE,1.3949452738605579,1.3210154300815191,1.4742562878736456,0.038396724606516365,0.15324085779212648,1000.0,0.0
phoenix,28085,2023-06-19,near_+0.02,0.04850953862071038,0.14850953862071037,BLOCK_RANGE_ONLY,1.0,linear,emitted_flux,W/m2,ESTIMABLE,10.425683766549243,9.822323727896794,11.00979093029255,0.2971946247785345,1.187467202395755,1000.0,0.0
phoenix,28085,2023-06-19,near_+0.02,0.04850953862071038,0.14850953862071037,BLOCK_RANGE_ONLY,1.0,linear,temperature_equivalent,K,ESTIMABLE,1.5672843298287944,1.4759386012418232,1.6557914708609203,0.04501324858252477,0.17985286961909708,1000.0,0.0
phoenix,28085,2023-06-19,near_+0.02,0.04850953862071038,0.14850953862071037,BLOCK_RANGE_ONLY,1.0,linear,temperature_minus_equivalent,K,ESTIMABLE,-0.1723390559682365,-0.20142525488551938,-0.14203665038757488,0.015042903746551773,0.0593886044979445,1000.0,0.0
phoenix,28085,2023-06-19,near_+0.02,0.04850953862071038,0.14850953862071037,BLOCK_RANGE_ONLY,1.0,quadratic,temperature,K,ESTIMABLE,1.5989194413355305,1.497035060724293,1.7118840508401427,0.05552283445143494,0.21484899011584968,1000.0,0.0
phoenix,28085,2023-06-19,near_+0.02,0.04850953862071038,0.14850953862071037,BLOCK_RANGE_ONLY,1.0,quadratic,emitted_flux,W/m2,ESTIMABLE,12.430799006716493,11.64652480969314,13.213790094442079,0.41168621249718784,1.5672652847489381,1000.0,0.0
phoenix,28085,2023-06-19,near_+0.02,0.04850953862071038,0.14850953862071037,BLOCK_RANGE_ONLY,1.0,quadratic,temperature_equivalent,K,ESTIMABLE,1.8714244131874693,1.7523584806822996,1.9904312909104291,0.06253853869942032,0.23807281022812954,1000.0,0.0
phoenix,28085,2023-06-19,near_+0.02,0.04850953862071038,0.14850953862071037,BLOCK_RANGE_ONLY,1.0,quadratic,temperature_minus_equivalent,K,ESTIMABLE,-0.2725049718519388,-0.3105412949256841,-0.23484051644436862,0.019473726634063337,0.07570077848131548,1000.0,0.0
phoenix,28085,2023-06-19,near_+0.02,0.04850953862071038,0.14850953862071037,BLOCK_RANGE_ONLY,1.0,quadratic_minus_linear,temperature,K,ESTIMABLE,0.20397416747497266,0.12258578688259737,0.2922228234042384,0.04267371658617429,0.16963703652164103,1000.0,0.0
phoenix,28085,2023-06-19,near_+0.02,0.04850953862071038,0.14850953862071037,BLOCK_RANGE_ONLY,1.0,quadratic_minus_linear,emitted_flux,W/m2,ESTIMABLE,2.0051152401672496,1.3823553969624869,2.6401762666868565,0.32717755964476986,1.2578208697243696,1000.0,0.0
phoenix,28085,2023-06-19,near_+0.02,0.04850953862071038,0.14850953862071037,BLOCK_RANGE_ONLY,1.0,quadratic_minus_linear,temperature_equivalent,K,ESTIMABLE,0.30414008335867493,0.20952598166174852,0.400632996600703,0.049682916795100174,0.1911070149389545,1000.0,0.0
phoenix,28085,2023-06-19,near_+0.02,0.04850953862071038,0.14850953862071037,BLOCK_RANGE_ONLY,1.0,quadratic_minus_linear,temperature_minus_equivalent,K,ESTIMABLE,-0.10016591588370227,-0.13333863437137378,-0.06784562242601787,0.01695039986792994,0.06549301194535591,1000.0,0.0
phoenix,28085,2023-06-19,near_+0.02,0.04850953862071038,0.14850953862071037,BLOCK_RANGE_ONLY,8.0,linear,temperature,K,ESTIMABLE,1.3949452738605579,1.2568545666822777,1.5202140815175236,0.06531610128233091,0.2633595148352459,1000.0,0.0
phoenix,28085,2023-06-19,near_+0.02,0.04850953862071038,0.14850953862071037,BLOCK_RANGE_ONLY,8.0,linear,emitted_flux,W/m2,ESTIMABLE,10.425683766549243,9.43397078910808,11.427392680737379,0.5014515101106887,1.993421891629298,1000.0,0.0
phoenix,28085,2023-06-19,near_+0.02,0.04850953862071038,0.14850953862071037,BLOCK_RANGE_ONLY,8.0,linear,temperature_equivalent,K,ESTIMABLE,1.5672843298287944,1.4171861224962954,1.7191148341695268,0.07595325965825014,0.30192871167323143,1000.0,0.0
phoenix,28085,2023-06-19,near_+0.02,0.04850953862071038,0.14850953862071037,BLOCK_RANGE_ONLY,8.0,linear,temperature_minus_equivalent,K,ESTIMABLE,-0.1723390559682365,-0.22351797655192374,-0.12595009339846044,0.024973744932514176,0.09756788315346329,1000.0,0.0
phoenix,28085,2023-06-19,near_+0.02,0.04850953862071038,0.14850953862071037,BLOCK_RANGE_ONLY,8.0,quadratic,temperature,K,ESTIMABLE,1.5989194413355305,1.4011138532467131,1.804087354112923,0.10663403275610472,0.40297350086620987,1000.0,0.0
phoenix,28085,2023-06-19,near_+0.02,0.04850953862071038,0.14850953862071037,BLOCK_RANGE_ONLY,8.0,quadratic,emitted_flux,W/m2,ESTIMABLE,12.430799006716493,10.906374591758881,14.045229172581303,0.8102781024162925,3.1388545808224215,1000.0,0.0
phoenix,28085,2023-06-19,near_+0.02,0.04850953862071038,0.14850953862071037,BLOCK_RANGE_ONLY,8.0,quadratic,temperature_equivalent,K,ESTIMABLE,1.8714244131874693,1.6401157895457614,2.1169506672356704,0.12309939478475619,0.47683487768990895,1000.0,0.0
phoenix,28085,2023-06-19,near_+0.02,0.04850953862071038,0.14850953862071037,BLOCK_RANGE_ONLY,8.0,quadratic,temperature_minus_equivalent,K,ESTIMABLE,-0.2725049718519388,-0.3406246698716341,-0.21304713899229358,0.030952381142607274,0.1275775308793405,1000.0,0.0
phoenix,28085,2023-06-19,near_+0.02,0.04850953862071038,0.14850953862071037,BLOCK_RANGE_ONLY,8.0,quadratic_minus_linear,temperature,K,ESTIMABLE,0.20397416747497266,0.04391704055403964,0.3652814449434422,0.08143942231467802,0.3213644043894026,1000.0,0.0
phoenix,28085,2023-06-19,near_+0.02,0.04850953862071038,0.14850953862071037,BLOCK_RANGE_ONLY,8.0,quadratic_minus_linear,emitted_flux,W/m2,ESTIMABLE,2.0051152401672496,0.8108433768365584,3.2889014502941887,0.6308007108298438,2.47805807345763,1000.0,0.0
phoenix,28085,2023-06-19,near_+0.02,0.04850953862071038,0.14850953862071037,BLOCK_RANGE_ONLY,8.0,quadratic_minus_linear,temperature_equivalent,K,ESTIMABLE,0.30414008335867493,0.12287073184555908,0.49914234453040357,0.09583682697566553,0.3762716126848445,1000.0,0.0
phoenix,28085,2023-06-19,near_+0.02,0.04850953862071038,0.14850953862071037,BLOCK_RANGE_ONLY,8.0,quadratic_minus_linear,temperature_minus_equivalent,K,ESTIMABLE,-0.10016591588370227,-0.14718584263852952,-0.05992730208412068,0.022064193947979895,0.08725854055440885,1000.0,0.0
phoenix,28085,2023-06-19,grid_00,0.0,0.1,BLOCK_RANGE_ONLY,1.0,linear,temperature,K,ESTIMABLE,1.394945273860558,1.3210154300815193,1.4742562878736458,0.03839672460651637,0.15324085779212648,1000.0,0.0
phoenix,28085,2023-06-19,grid_00,0.0,0.1,BLOCK_RANGE_ONLY,1.0,linear,emitted_flux,W/m2,ESTIMABLE,10.425683766549245,9.822323727896794,11.009790930292551,0.29719462477853464,1.1874672023957569,1000.0,0.0
phoenix,28085,2023-06-19,grid_00,0.0,0.1,BLOCK_RANGE_ONLY,1.0,linear,temperature_equivalent,K,ESTIMABLE,1.5672843298287944,1.4759386012418232,1.6557914708609203,0.045013248582524736,0.17985286961909708,1000.0,0.0
phoenix,28085,2023-06-19,grid_00,0.0,0.1,BLOCK_RANGE_ONLY,1.0,linear,temperature_minus_equivalent,K,ESTIMABLE,-0.1723390559682363,-0.20142525488551916,-0.14203665038757465,0.015042903746551636,0.0593886044979445,1000.0,0.0
phoenix,28085,2023-06-19,grid_00,0.0,0.1,BLOCK_RANGE_ONLY,1.0,quadratic,temperature,K,ESTIMABLE,1.3271556305450436,1.243358692390014,1.4076292847167056,0.04136894669660752,0.1642705923266916,1000.0,0.0
phoenix,28085,2023-06-19,grid_00,0.0,0.1,BLOCK_RANGE_ONLY,1.0,quadratic,emitted_flux,W/m2,ESTIMABLE,9.759295230098335,9.083789630260512,10.367309567258134,0.32519567051141196,1.2835199369976227,1000.0,0.0
phoenix,28085,2023-06-19,grid_00,0.0,0.1,BLOCK_RANGE_ONLY,1.0,quadratic,temperature_equivalent,K,ESTIMABLE,1.4664010060097894,1.3642368305451371,1.558443272307349,0.04920627889375869,0.1942064417622118,1000.0,0.0
phoenix,28085,2023-06-19,grid_00,0.0,0.1,BLOCK_RANGE_ONLY,1.0,quadratic,temperature_minus_equivalent,K,ESTIMABLE,-0.1392453754647458,-0.17463142002186308,-0.10604539206834011,0.017197593813903456,0.06858602795352296,1000.0,0.0
phoenix,28085,2023-06-19,grid_00,0.0,0.1,BLOCK_RANGE_ONLY,1.0,quadratic_minus_linear,temperature,K,ESTIMABLE,-0.06778964331551451,-0.09435166459450825,-0.04135015136552266,0.013603713477475129,0.05300151322898559,1000.0,0.0
phoenix,28085,2023-06-19,grid_00,0.0,0.1,BLOCK_RANGE_ONLY,1.0,quadratic_minus_linear,emitted_flux,W/m2,ESTIMABLE,-0.6663885364509099,-0.8573422644634073,-0.47030455379500186,0.10158085213417782,0.3870377106684055,1000.0,0.0
phoenix,28085,2023-06-19,grid_00,0.0,0.1,BLOCK_RANGE_ONLY,1.0,quadratic_minus_linear,temperature_equivalent,K,ESTIMABLE,-0.100883323819005,-0.12970839128461337,-0.0712146402167619,0.015365674117357647,0.05849375106785147,1000.0,0.0
phoenix,28085,2023-06-19,grid_00,0.0,0.1,BLOCK_RANGE_ONLY,1.0,quadratic_minus_linear,temperature_minus_equivalent,K,ESTIMABLE,0.033093680503490486,0.02275476750434911,0.04281202253217185,0.005263031223659628,0.020057255027822744,1000.0,0.0
phoenix,28085,2023-06-19,grid_00,0.0,0.1,BLOCK_RANGE_ONLY,8.0,linear,temperature,K,ESTIMABLE,1.394945273860558,1.256854566682278,1.5202140815175238,0.06531610128233092,0.2633595148352459,1000.0,0.0
phoenix,28085,2023-06-19,grid_00,0.0,0.1,BLOCK_RANGE_ONLY,8.0,linear,emitted_flux,W/m2,ESTIMABLE,10.425683766549245,9.43397078910808,11.42739268073738,0.5014515101106889,1.9934218916292998,1000.0,0.0
phoenix,28085,2023-06-19,grid_00,0.0,0.1,BLOCK_RANGE_ONLY,8.0,linear,temperature_equivalent,K,ESTIMABLE,1.5672843298287944,1.4171861224962954,1.7191148341695268,0.0759532596582503,0.30192871167323143,1000.0,0.0
phoenix,28085,2023-06-19,grid_00,0.0,0.1,BLOCK_RANGE_ONLY,8.0,linear,temperature_minus_equivalent,K,ESTIMABLE,-0.1723390559682363,-0.22351797655192351,-0.12595009339846022,0.024973744932514287,0.09756788315346329,1000.0,0.0
phoenix,28085,2023-06-19,grid_00,0.0,0.1,BLOCK_RANGE_ONLY,8.0,quadratic,temperature,K,ESTIMABLE,1.3271556305450436,1.1830565226909984,1.4617588923112392,0.07056859471455369,0.27870236962024086,1000.0,0.0
phoenix,28085,2023-06-19,grid_00,0.0,0.1,BLOCK_RANGE_ONLY,8.0,quadratic,emitted_flux,W/m2,ESTIMABLE,9.759295230098335,8.698894413572887,10.872787106487602,0.5511093828376615,2.1738926929147144,1000.0,0.0
phoenix,28085,2023-06-19,grid_00,0.0,0.1,BLOCK_RANGE_ONLY,8.0,quadratic,temperature_equivalent,K,ESTIMABLE,1.4664010060097894,1.3060695270026912,1.6350251577068733,0.08339378342770035,0.3289556307041821,1000.0,0.0
phoenix,28085,2023-06-19,grid_00,0.0,0.1,BLOCK_RANGE_ONLY,8.0,quadratic,temperature_minus_equivalent,K,ESTIMABLE,-0.1392453754647458,-0.19358015445321916,-0.0879639587935716,0.0272220055180005,0.10561619565964755,1000.0,0.0
phoenix,28085,2023-06-19,grid_00,0.0,0.1,BLOCK_RANGE_ONLY,8.0,quadratic_minus_linear,temperature,K,ESTIMABLE,-0.06778964331551451,-0.10999249723595543,-0.016520716942359116,0.02295795750363078,0.09347178029359632,1000.0,0.0
phoenix,28085,2023-06-19,grid_00,0.0,0.1,BLOCK_RANGE_ONLY,8.0,quadratic_minus_linear,emitted_flux,W/m2,ESTIMABLE,-0.6663885364509099,-0.9688140554884127,-0.3149695474067864,0.16987293778220572,0.6538445080816263,1000.0,0.0
phoenix,28085,2023-06-19,grid_00,0.0,0.1,BLOCK_RANGE_ONLY,8.0,quadratic_minus_linear,temperature_equivalent,K,ESTIMABLE,-0.100883323819005,-0.1465103583355088,-0.04773347861111718,0.025692918624534506,0.09877687972439161,1000.0,0.0
phoenix,28085,2023-06-19,grid_00,0.0,0.1,BLOCK_RANGE_ONLY,8.0,quadratic_minus_linear,temperature_minus_equivalent,K,ESTIMABLE,0.033093680503490486,0.020828166960420853,0.045644714678997195,0.006295026827261047,0.024816547718576342,1000.0,0.0
phoenix,28085,2023-06-19,grid_01,0.1,0.2,BLOCK_RANGE_ONLY,1.0,linear,temperature,K,ESTIMABLE,1.394945273860558,1.3210154300815193,1.4742562878736458,0.03839672460651637,0.15324085779212648,1000.0,0.0
phoenix,28085,2023-06-19,grid_01,0.1,0.2,BLOCK_RANGE_ONLY,1.0,linear,emitted_flux,W/m2,ESTIMABLE,10.425683766549245,9.822323727896794,11.009790930292551,0.29719462477853464,1.1874672023957569,1000.0,0.0
phoenix,28085,2023-06-19,grid_01,0.1,0.2,BLOCK_RANGE_ONLY,1.0,linear,temperature_equivalent,K,ESTIMABLE,1.5672843298287944,1.4759386012418232,1.6557914708609203,0.045013248582524736,0.17985286961909708,1000.0,0.0
phoenix,28085,2023-06-19,grid_01,0.1,0.2,BLOCK_RANGE_ONLY,1.0,linear,temperature_minus_equivalent,K,ESTIMABLE,-0.1723390559682363,-0.20142525488551916,-0.14203665038757465,0.015042903746551636,0.0593886044979445,1000.0,0.0
phoenix,28085,2023-06-19,grid_01,0.1,0.2,BLOCK_RANGE_ONLY,1.0,quadratic,temperature,K,ESTIMABLE,1.8873832033434002,1.6831700705072123,2.0962652902737733,0.10687329733894041,0.41309521976656094,1000.0,0.0
phoenix,28085,2023-06-19,grid_01,0.1,0.2,BLOCK_RANGE_ONLY,1.0,quadratic,emitted_flux,W/m2,ESTIMABLE,15.266467329809059,13.735232153619805,16.817081053566433,0.7969204633769096,3.0818488999466283,1000.0,0.0
phoenix,28085,2023-06-19,grid_01,0.1,0.2,BLOCK_RANGE_ONLY,1.0,quadratic,temperature_equivalent,K,ESTIMABLE,2.303064379483942,2.069760728527618,2.5398543575452677,0.121563885090136,0.47009362901764984,1000.0,0.0
phoenix,28085,2023-06-19,grid_01,0.1,0.2,BLOCK_RANGE_ONLY,1.0,quadratic,temperature_minus_equivalent,K,ESTIMABLE,-0.4156811761405419,-0.4925424866912965,-0.33771559268541174,0.03948113515125012,0.15482689400588479,1000.0,0.0
phoenix,28085,2023-06-19,grid_01,0.1,0.2,BLOCK_RANGE_ONLY,1.0,quadratic_minus_linear,temperature,K,ESTIMABLE,0.49243792948284204,0.2968849401883908,0.7019960222564902,0.10218126734729915,0.40511108206809937,1000.0,0.0
phoenix,28085,2023-06-19,grid_01,0.1,0.2,BLOCK_RANGE_ONLY,1.0,quadratic_minus_linear,emitted_flux,W/m2,ESTIMABLE,4.840783563259814,3.3451917074136874,6.357677803454152,0.7795270706324948,3.0124860960404645,1000.0,0.0
phoenix,28085,2023-06-19,grid_01,0.1,0.2,BLOCK_RANGE_ONLY,1.0,quadratic_minus_linear,temperature_equivalent,K,ESTIMABLE,0.7357800496551476,0.5077612358636457,0.9665859267482986,0.11886829226548555,0.45882469088465283,1000.0,0.0
phoenix,28085,2023-06-19,grid_01,0.1,0.2,BLOCK_RANGE_ONLY,1.0,quadratic_minus_linear,temperature_minus_equivalent,K,ESTIMABLE,-0.2433421201723056,-0.3217100867150378,-0.16548497982971597,0.040695765693976434,0.15622510688532185,1000.0,0.0
phoenix,28085,2023-06-19,grid_01,0.1,0.2,BLOCK_RANGE_ONLY,8.0,linear,temperature,K,ESTIMABLE,1.394945273860558,1.256854566682278,1.5202140815175238,0.06531610128233092,0.2633595148352459,1000.0,0.0
phoenix,28085,2023-06-19,grid_01,0.1,0.2,BLOCK_RANGE_ONLY,8.0,linear,emitted_flux,W/m2,ESTIMABLE,10.425683766549245,9.43397078910808,11.42739268073738,0.5014515101106889,1.9934218916292998,1000.0,0.0
phoenix,28085,2023-06-19,grid_01,0.1,0.2,BLOCK_RANGE_ONLY,8.0,linear,temperature_equivalent,K,ESTIMABLE,1.5672843298287944,1.4171861224962954,1.7191148341695268,0.0759532596582503,0.30192871167323143,1000.0,0.0
phoenix,28085,2023-06-19,grid_01,0.1,0.2,BLOCK_RANGE_ONLY,8.0,linear,temperature_minus_equivalent,K,ESTIMABLE,-0.1723390559682363,-0.22351797655192351,-0.12595009339846022,0.024973744932514287,0.09756788315346329,1000.0,0.0
phoenix,28085,2023-06-19,grid_01,0.1,0.2,BLOCK_RANGE_ONLY,8.0,quadratic,temperature,K,ESTIMABLE,1.8873832033434002,1.4876186738931756,2.2814433326535646,0.20391757256389248,0.793824658760389,1000.0,0.0
phoenix,28085,2023-06-19,grid_01,0.1,0.2,BLOCK_RANGE_ONLY,8.0,quadratic,emitted_flux,W/m2,ESTIMABLE,15.266467329809059,12.396828983864733,18.299150177486407,1.5477876200689273,5.902321193621674,1000.0,0.0
phoenix,28085,2023-06-19,grid_01,0.1,0.2,BLOCK_RANGE_ONLY,8.0,quadratic,temperature_equivalent,K,ESTIMABLE,2.303064379483942,1.8662643821685094,2.7666817163437414,0.23614894070417036,0.900417334175232,1000.0,0.0
phoenix,28085,2023-06-19,grid_01,0.1,0.2,BLOCK_RANGE_ONLY,8.0,quadratic,temperature_minus_equivalent,K,ESTIMABLE,-0.4156811761405419,-0.5238740114510736,-0.3201305559596325,0.05390735325940663,0.20374345549144107,1000.0,0.0
phoenix,28085,2023-06-19,grid_01,0.1,0.2,BLOCK_RANGE_ONLY,8.0,quadratic_minus_linear,temperature,K,ESTIMABLE,0.49243792948284204,0.10604825140818866,0.867174718004661,0.19115651021906072,0.7611264665964723,1000.0,0.0
phoenix,28085,2023-06-19,grid_01,0.1,0.2,BLOCK_RANGE_ONLY,8.0,quadratic_minus_linear,emitted_flux,W/m2,ESTIMABLE,4.840783563259814,2.0223856713760813,7.798225712751784,1.4677282000371061,5.775840041375703,1000.0,0.0
phoenix,28085,2023-06-19,grid_01,0.1,0.2,BLOCK_RANGE_ONLY,8.0,quadratic_minus_linear,temperature_equivalent,K,ESTIMABLE,0.7357800496551476,0.30692231853300317,1.1889807317076202,0.2239329156830959,0.882058413174617,1000.0,0.0
phoenix,28085,2023-06-19,grid_01,0.1,0.2,BLOCK_RANGE_ONLY,8.0,quadratic_minus_linear,temperature_minus_equivalent,K,ESTIMABLE,-0.2433421201723056,-0.35281329161325803,-0.14897634054330597,0.051819796312463764,0.20383695106995206,1000.0,0.0
phoenix,28085,2023-06-19,grid_02,0.2,0.3,BLOCK_RANGE_ONLY,1.0,linear,temperature,K,ESTIMABLE,1.3949452738605577,1.321015430081519,1.4742562878736454,0.03839672460651637,0.15324085779212648,1000.0,0.0
phoenix,28085,2023-06-19,grid_02,0.2,0.3,BLOCK_RANGE_ONLY,1.0,linear,emitted_flux,W/m2,ESTIMABLE,10.425683766549241,9.822323727896793,11.009790930292548,0.2971946247785345,1.187467202395755,1000.0,0.0
phoenix,28085,2023-06-19,grid_02,0.2,0.3,BLOCK_RANGE_ONLY,1.0,linear,temperature_equivalent,K,ESTIMABLE,1.5672843298287944,1.4759386012418232,1.6557914708609203,0.045013248582524534,0.17985286961909708,1000.0,0.0
phoenix,28085,2023-06-19,grid_02,0.2,0.3,BLOCK_RANGE_ONLY,1.0,linear,temperature_minus_equivalent,K,ESTIMABLE,-0.17233905596823673,-0.2014252548855196,-0.1420366503875751,0.01504290374655166,0.0593886044979445,1000.0,0.0
phoenix,28085,2023-06-19,grid_02,0.2,0.3,BLOCK_RANGE_ONLY,1.0,quadratic,temperature,K,ESTIMABLE,2.4476107761417563,2.0335245552400356,2.879634420466725,0.2187903215377415,0.8461098652266892,1000.0,0.0
phoenix,28085,2023-06-19,grid_02,0.2,0.3,BLOCK_RANGE_ONLY,1.0,quadratic,emitted_flux,W/m2,ESTIMABLE,20.773639429519775,17.668279375897534,24.02269258686467,1.6462452889594577,6.354413210967138,1000.0,0.0
phoenix,28085,2023-06-19,grid_02,0.2,0.3,BLOCK_RANGE_ONLY,1.0,quadratic,temperature_equivalent,K,ESTIMABLE,3.146502936475599,2.6700678969206564,3.6473342669694304,0.25317990904764576,0.977266370048774,1000.0,0.0
phoenix,28085,2023-06-19,grid_02,0.2,0.3,BLOCK_RANGE_ONLY,1.0,quadratic,temperature_minus_equivalent,K,ESTIMABLE,-0.6988921603338429,-0.8624595410653458,-0.5362385566386808,0.08503280248342628,0.32622098442666503,1000.0,0.0
phoenix,28085,2023-06-19,grid_02,0.2,0.3,BLOCK_RANGE_ONLY,1.0,quadratic_minus_linear,temperature,K,ESTIMABLE,1.0526655022811986,0.6353925950759022,1.4982506007972856,0.21779291300270343,0.8628580057213834,1000.0,0.0
phoenix,28085,2023-06-19,grid_02,0.2,0.3,BLOCK_RANGE_ONLY,1.0,quadratic_minus_linear,emitted_flux,W/m2,ESTIMABLE,10.347955662970534,7.157230399381375,13.573162578052305,1.6585287346984043,6.415932178670929,1000.0,0.0
phoenix,28085,2023-06-19,grid_02,0.2,0.3,BLOCK_RANGE_ONLY,1.0,quadratic_minus_linear,temperature_equivalent,K,ESTIMABLE,1.5792186066468048,1.0894159206526992,2.0745385525377786,0.2549794157620835,0.9851226318850794,1000.0,0.0
phoenix,28085,2023-06-19,grid_02,0.2,0.3,BLOCK_RANGE_ONLY,1.0,quadratic_minus_linear,temperature_minus_equivalent,K,ESTIMABLE,-0.5265531043656062,-0.6945022888845525,-0.3569812165470733,0.08776423670912457,0.33752107233747913,1000.0,0.0
phoenix,28085,2023-06-19,grid_02,0.2,0.3,BLOCK_RANGE_ONLY,8.0,linear,temperature,K,ESTIMABLE,1.3949452738605577,1.2568545666822775,1.5202140815175234,0.06531610128233091,0.2633595148352459,1000.0,0.0
phoenix,28085,2023-06-19,grid_02,0.2,0.3,BLOCK_RANGE_ONLY,8.0,linear,emitted_flux,W/m2,ESTIMABLE,10.425683766549241,9.433970789108079,11.427392680737379,0.5014515101106887,1.9934218916292998,1000.0,0.0
phoenix,28085,2023-06-19,grid_02,0.2,0.3,BLOCK_RANGE_ONLY,8.0,linear,temperature_equivalent,K,ESTIMABLE,1.5672843298287944,1.4171861224962954,1.7191148341695268,0.07595325965825,0.30192871167323143,1000.0,0.0
phoenix,28085,2023-06-19,grid_02,0.2,0.3,BLOCK_RANGE_ONLY,8.0,linear,temperature_minus_equivalent,K,ESTIMABLE,-0.17233905596823673,-0.22351797655192396,-0.12595009339846067,0.02497374493251421,0.09756788315346329,1000.0,0.0
phoenix,28085,2023-06-19,grid_02,0.2,0.3,BLOCK_RANGE_ONLY,8.0,quadratic,temperature,K,ESTIMABLE,2.4476107761417563,1.6226973999319623,3.270486995022145,0.4113198274800101,1.6477895950901829,1000.0,0.0
phoenix,28085,2023-06-19,grid_02,0.2,0.3,BLOCK_RANGE_ONLY,8.0,quadratic,emitted_flux,W/m2,ESTIMABLE,20.773639429519775,14.682445070142638,27.01561390533991,3.128564222251334,12.333168835197274,1000.0,0.0
phoenix,28085,2023-06-19,grid_02,0.2,0.3,BLOCK_RANGE_ONLY,8.0,quadratic,temperature_equivalent,K,ESTIMABLE,3.146502936475599,2.2140193334900515,4.110833583571364,0.4813474359526086,1.8968142500813125,1000.0,0.0
phoenix,28085,2023-06-19,grid_02,0.2,0.3,BLOCK_RANGE_ONLY,8.0,quadratic,temperature_minus_equivalent,K,ESTIMABLE,-0.6988921603338429,-0.9252501767262425,-0.49320578104311275,0.11074100719087661,0.4320443956831298,1000.0,0.0
phoenix,28085,2023-06-19,grid_02,0.2,0.3,BLOCK_RANGE_ONLY,8.0,quadratic_minus_linear,temperature,K,ESTIMABLE,1.0526655022811986,0.22903682413193496,1.8457667178405988,0.40441776571139,1.6167298937086638,1000.0,0.0
phoenix,28085,2023-06-19,grid_02,0.2,0.3,BLOCK_RANGE_ONLY,8.0,quadratic_minus_linear,emitted_flux,W/m2,ESTIMABLE,10.347955662970534,4.383768131655815,16.43837238911597,3.09514748183396,12.054604257460154,1000.0,0.0
phoenix,28085,2023-06-19,grid_02,0.2,0.3,BLOCK_RANGE_ONLY,8.0,quadratic_minus_linear,temperature_equivalent,K,ESTIMABLE,1.5792186066468048,0.6652632591311772,2.5196895745471344,0.4761930879303486,1.854426315415957,1000.0,0.0
phoenix,28085,2023-06-19,grid_02,0.2,0.3,BLOCK_RANGE_ONLY,8.0,quadratic_minus_linear,temperature_minus_equivalent,K,ESTIMABLE,-0.5265531043656062,-0.7595960176737615,-0.32212516549635284,0.11201756336526313,0.43747085217740866,1000.0,0.0
phoenix,28085,2023-06-19,grid_03,0.3,0.4,NO_SPANNING_BLOCKS,,,,,NOT_ESTIMATED_NO_REFERENCE_BLOCKS,,,,,,,
phoenix,28085,2023-06-19,grid_04,0.4,0.5,NO_SPANNING_BLOCKS,,,,,NOT_ESTIMATED_NO_REFERENCE_BLOCKS,,,,,,,
phoenix,28085,2023-06-19,grid_05,0.5,0.6,NO_SPANNING_BLOCKS,,,,,NOT_ESTIMATED_NO_REFERENCE_BLOCKS,,,,,,,
phoenix,28085,2023-06-19,grid_06,0.6,0.7,NO_SPANNING_BLOCKS,,,,,NOT_ESTIMATED_NO_REFERENCE_BLOCKS,,,,,,,
phoenix,28085,2023-06-19,grid_07,0.7,0.8,NO_SPANNING_BLOCKS,,,,,NOT_ESTIMATED_NO_REFERENCE_BLOCKS,,,,,,,
phoenix,28085,2023-06-19,grid_08,0.8,0.9,NO_SPANNING_BLOCKS,,,,,NOT_ESTIMATED_NO_REFERENCE_BLOCKS,,,,,,,
phoenix,28085,2023-06-19,grid_09,0.9,1.0,NO_SPANNING_BLOCKS,,,,,NOT_ESTIMATED_NO_REFERENCE_BLOCKS,,,,,,,
phoenix,28192,2023-06-26,near_-0.02,0.008509538620710373,0.10850953862071037,BLOCK_RANGE_ONLY,1.0,linear,temperature,K,ESTIMABLE,1.2318634831190292,1.1710527356209588,1.2895161691577885,0.03085022652745617,0.11846343353682975,1000.0,0.0
phoenix,28192,2023-06-26,near_-0.02,0.008509538620710373,0.10850953862071037,BLOCK_RANGE_ONLY,1.0,linear,emitted_flux,W/m2,ESTIMABLE,10.263647692709647,9.805838505720203,10.70909593494878,0.23370436067822561,0.9032574292285762,1000.0,0.0
phoenix,28192,2023-06-26,near_-0.02,0.008509538620710373,0.10850953862071037,BLOCK_RANGE_ONLY,1.0,linear,temperature_equivalent,K,ESTIMABLE,1.5427450190927061,1.4734439413085383,1.6102191335746299,0.03538843515291704,0.13677519226609158,1000.0,0.0
phoenix,28192,2023-06-26,near_-0.02,0.008509538620710373,0.10850953862071037,BLOCK_RANGE_ONLY,1.0,linear,temperature_minus_equivalent,K,ESTIMABLE,-0.31088153597367696,-0.3351073976246198,-0.28498762153931656,0.01277910843034421,0.050119776085303214,1000.0,0.0
phoenix,28192,2023-06-26,near_-0.02,0.008509538620710373,0.10850953862071037,BLOCK_RANGE_ONLY,1.0,quadratic,temperature,K,ESTIMABLE,1.216514868776396,1.1543343506281074,1.2736536029977699,0.031127432690045143,0.11931925236966245,1000.0,0.0
phoenix,28192,2023-06-26,near_-0.02,0.008509538620710373,0.10850953862071037,BLOCK_RANGE_ONLY,1.0,quadratic,emitted_flux,W/m2,ESTIMABLE,10.132943723254611,9.659952844781781,10.583382793259137,0.23696284574377524,0.9234299484773558,1000.0,0.0
phoenix,28192,2023-06-26,near_-0.02,0.008509538620710373,0.10850953862071037,BLOCK_RANGE_ONLY,1.0,quadratic,temperature_equivalent,K,ESTIMABLE,1.5229549535911815,1.4513700906373317,1.5911723625896528,0.03587500924255849,0.1398022719523211,1000.0,0.0
phoenix,28192,2023-06-26,near_-0.02,0.008509538620710373,0.10850953862071037,BLOCK_RANGE_ONLY,1.0,quadratic,temperature_minus_equivalent,K,ESTIMABLE,-0.30644008481478546,-0.3310672692245262,-0.27966972275875146,0.013050089131640607,0.05139754646577471,1000.0,0.0
phoenix,28192,2023-06-26,near_-0.02,0.008509538620710373,0.10850953862071037,BLOCK_RANGE_ONLY,1.0,quadratic_minus_linear,temperature,K,ESTIMABLE,-0.015348614342633127,-0.021431887773701103,-0.008792452296697884,0.0032857576094647216,0.012639435477003219,1000.0,0.0
phoenix,28192,2023-06-26,near_-0.02,0.008509538620710373,0.10850953862071037,BLOCK_RANGE_ONLY,1.0,quadratic_minus_linear,emitted_flux,W/m2,ESTIMABLE,-0.13070396945503582,-0.17946848689382336,-0.08204857192419944,0.02498342517443833,0.09741991496962392,1000.0,0.0
phoenix,28192,2023-06-26,near_-0.02,0.008509538620710373,0.10850953862071037,BLOCK_RANGE_ONLY,1.0,quadratic_minus_linear,temperature_equivalent,K,ESTIMABLE,-0.019790065501524623,-0.027165091518170925,-0.012422074524285169,0.0037819296040705074,0.014743016993885756,1000.0,0.0
phoenix,28192,2023-06-26,near_-0.02,0.008509538620710373,0.10850953862071037,BLOCK_RANGE_ONLY,1.0,quadratic_minus_linear,temperature_minus_equivalent,K,ESTIMABLE,0.004441451158891496,0.002071470664392705,0.007161845269192729,0.001281269057637116,0.005090374604800024,1000.0,0.0
phoenix,28192,2023-06-26,near_-0.02,0.008509538620710373,0.10850953862071037,BLOCK_RANGE_ONLY,8.0,linear,temperature,K,ESTIMABLE,1.2318634831190292,1.1420574718326413,1.329945031584608,0.04760152765736189,0.1878875597519667,1000.0,0.0
phoenix,28192,2023-06-26,near_-0.02,0.008509538620710373,0.10850953862071037,BLOCK_RANGE_ONLY,8.0,linear,emitted_flux,W/m2,ESTIMABLE,10.263647692709647,9.480640835232368,11.106897663584967,0.419007768257302,1.6262568283525987,1000.0,0.0
phoenix,28192,2023-06-26,near_-0.02,0.008509538620710373,0.10850953862071037,BLOCK_RANGE_ONLY,8.0,linear,temperature_equivalent,K,ESTIMABLE,1.5427450190927061,1.4242449139599984,1.670512896895879,0.06345237645822999,0.24626798293588048,1000.0,0.0
phoenix,28192,2023-06-26,near_-0.02,0.008509538620710373,0.10850953862071037,BLOCK_RANGE_ONLY,8.0,linear,temperature_minus_equivalent,K,ESTIMABLE,-0.31088153597367696,-0.3670412409302898,-0.2600318861523145,0.029193519134596245,0.1070093547779753,1000.0,0.0
phoenix,28192,2023-06-26,near_-0.02,0.008509538620710373,0.10850953862071037,BLOCK_RANGE_ONLY,8.0,quadratic,temperature,K,ESTIMABLE,1.216514868776396,1.1279442368315644,1.3135892284282313,0.047546458958440056,0.18564499159666692,1000.0,0.0
phoenix,28192,2023-06-26,near_-0.02,0.008509538620710373,0.10850953862071037,BLOCK_RANGE_ONLY,8.0,quadratic,emitted_flux,W/m2,ESTIMABLE,10.132943723254611,9.340101780218065,10.988230021940723,0.4246382953569506,1.6481282417226577,1000.0,0.0
phoenix,28192,2023-06-26,near_-0.02,0.008509538620710373,0.10850953862071037,BLOCK_RANGE_ONLY,8.0,quadratic,temperature_equivalent,K,ESTIMABLE,1.5229549535911815,1.4029899855863774,1.6525231088236565,0.06429393212664826,0.24953312323727905,1000.0,0.0
phoenix,28192,2023-06-26,near_-0.02,0.008509538620710373,0.10850953862071037,BLOCK_RANGE_ONLY,8.0,quadratic,temperature_minus_equivalent,K,ESTIMABLE,-0.30644008481478546,-0.36494873094418717,-0.2536765350638014,0.0300826247599361,0.11127219588038578,1000.0,0.0
phoenix,28192,2023-06-26,near_-0.02,0.008509538620710373,0.10850953862071037,BLOCK_RANGE_ONLY,8.0,quadratic_minus_linear,temperature,K,ESTIMABLE,-0.015348614342633127,-0.02609766460707099,-0.003643087241437267,0.005707938120043207,0.022454577365633725,1000.0,0.0
phoenix,28192,2023-06-26,near_-0.02,0.008509538620710373,0.10850953862071037,BLOCK_RANGE_ONLY,8.0,quadratic_minus_linear,emitted_flux,W/m2,ESTIMABLE,-0.13070396945503582,-0.21172492322104502,-0.032266961827786045,0.04603667907405953,0.17945796139325898,1000.0,0.0
phoenix,28192,2023-06-26,near_-0.02,0.008509538620710373,0.10850953862071037,BLOCK_RANGE_ONLY,8.0,quadratic_minus_linear,temperature_equivalent,K,ESTIMABLE,-0.019790065501524623,-0.03206700592295277,-0.0048842677602309,0.006968698550000548,0.027182738162721872,1000.0,0.0
phoenix,28192,2023-06-26,near_-0.02,0.008509538620710373,0.10850953862071037,BLOCK_RANGE_ONLY,8.0,quadratic_minus_linear,temperature_minus_equivalent,K,ESTIMABLE,0.004441451158891496,0.00048417938991999755,0.008167605623917912,0.001932582898861303,0.007683426233997914,1000.0,0.0
phoenix,28192,2023-06-26,near_-0.01,0.01850953862071037,0.11850953862071037,BLOCK_RANGE_ONLY,1.0,linear,temperature,K,ESTIMABLE,1.2318634831190292,1.1710527356209588,1.2895161691577885,0.03085022652745617,0.11846343353682975,1000.0,0.0
phoenix,28192,2023-06-26,near_-0.01,0.01850953862071037,0.11850953862071037,BLOCK_RANGE_ONLY,1.0,linear,emitted_flux,W/m2,ESTIMABLE,10.263647692709647,9.805838505720203,10.70909593494878,0.23370436067822561,0.9032574292285762,1000.0,0.0
phoenix,28192,2023-06-26,near_-0.01,0.01850953862071037,0.11850953862071037,BLOCK_RANGE_ONLY,1.0,linear,temperature_equivalent,K,ESTIMABLE,1.5427450190927061,1.4734439413085383,1.6102191335746299,0.03538843515291704,0.13677519226609158,1000.0,0.0
phoenix,28192,2023-06-26,near_-0.01,0.01850953862071037,0.11850953862071037,BLOCK_RANGE_ONLY,1.0,linear,temperature_minus_equivalent,K,ESTIMABLE,-0.31088153597367696,-0.3351073976246198,-0.28498762153931656,0.01277910843034421,0.050119776085303214,1000.0,0.0
phoenix,28192,2023-06-26,near_-0.01,0.01850953862071037,0.11850953862071037,BLOCK_RANGE_ONLY,1.0,quadratic,temperature,K,ESTIMABLE,1.260219196564055,1.2006372004213144,1.3169556869358847,0.03114154031916046,0.11631848651457033,1000.0,0.0
phoenix,28192,2023-06-26,near_-0.01,0.01850953862071037,0.11850953862071037,BLOCK_RANGE_ONLY,1.0,quadratic,emitted_flux,W/m2,ESTIMABLE,10.505116024720554,10.04976995563846,10.956900666561843,0.2350424489777463,0.9071307109233828,1000.0,0.0
phoenix,28192,2023-06-26,near_-0.01,0.01850953862071037,0.11850953862071037,BLOCK_RANGE_ONLY,1.0,quadratic,temperature_equivalent,K,ESTIMABLE,1.579315936383125,1.5103634530716277,1.6477741555713337,0.035603723564962046,0.137410702499706,1000.0,0.0
phoenix,28192,2023-06-26,near_-0.01,0.01850953862071037,0.11850953862071037,BLOCK_RANGE_ONLY,1.0,quadratic,temperature_minus_equivalent,K,ESTIMABLE,-0.31909673981907005,-0.3434042068700993,-0.29315805566529296,0.01271395083267965,0.050246151204806355,1000.0,0.0
phoenix,28192,2023-06-26,near_-0.01,0.01850953862071037,0.11850953862071037,BLOCK_RANGE_ONLY,1.0,quadratic_minus_linear,temperature,K,ESTIMABLE,0.028355713445025854,0.01558785861280223,0.042845238958694694,0.006926548290377745,0.027257380345892465,1000.0,0.0
phoenix,28192,2023-06-26,near_-0.01,0.01850953862071037,0.11850953862071037,BLOCK_RANGE_ONLY,1.0,quadratic_minus_linear,emitted_flux,W/m2,ESTIMABLE,0.241468332010907,0.14357423425804475,0.3589800918584034,0.054185228846962766,0.21540585760035866,1000.0,0.0
phoenix,28192,2023-06-26,near_-0.01,0.01850953862071037,0.11850953862071037,BLOCK_RANGE_ONLY,1.0,quadratic_minus_linear,temperature_equivalent,K,ESTIMABLE,0.03657091729041895,0.02174747272407984,0.0543576637180493,0.00820673386094504,0.03261019099396946,1000.0,0.0
phoenix,28192,2023-06-26,near_-0.01,0.01850953862071037,0.11850953862071037,BLOCK_RANGE_ONLY,1.0,quadratic_minus_linear,temperature_minus_equivalent,K,ESTIMABLE,-0.008215203845393093,-0.013940011408444563,-0.003713353501507411,0.002599115370663147,0.010226657906937152,1000.0,0.0
phoenix,28192,2023-06-26,near_-0.01,0.01850953862071037,0.11850953862071037,BLOCK_RANGE_ONLY,8.0,linear,temperature,K,ESTIMABLE,1.2318634831190292,1.1420574718326413,1.329945031584608,0.04760152765736189,0.1878875597519667,1000.0,0.0
phoenix,28192,2023-06-26,near_-0.01,0.01850953862071037,0.11850953862071037,BLOCK_RANGE_ONLY,8.0,linear,emitted_flux,W/m2,ESTIMABLE,10.263647692709647,9.480640835232368,11.106897663584967,0.419007768257302,1.6262568283525987,1000.0,0.0
phoenix,28192,2023-06-26,near_-0.01,0.01850953862071037,0.11850953862071037,BLOCK_RANGE_ONLY,8.0,linear,temperature_equivalent,K,ESTIMABLE,1.5427450190927061,1.4242449139599984,1.670512896895879,0.06345237645822999,0.24626798293588048,1000.0,0.0
phoenix,28192,2023-06-26,near_-0.01,0.01850953862071037,0.11850953862071037,BLOCK_RANGE_ONLY,8.0,linear,temperature_minus_equivalent,K,ESTIMABLE,-0.31088153597367696,-0.3670412409302898,-0.2600318861523145,0.029193519134596245,0.1070093547779753,1000.0,0.0
phoenix,28192,2023-06-26,near_-0.01,0.01850953862071037,0.11850953862071037,BLOCK_RANGE_ONLY,8.0,quadratic,temperature,K,ESTIMABLE,1.260219196564055,1.159848140880325,1.3727965864256961,0.055030062880738084,0.21294844554537118,1000.0,0.0
phoenix,28192,2023-06-26,near_-0.01,0.01850953862071037,0.11850953862071037,BLOCK_RANGE_ONLY,8.0,quadratic,emitted_flux,W/m2,ESTIMABLE,10.505116024720554,9.637903257858804,11.48575170682318,0.4787455505249052,1.8478484489643758,1000.0,0.0
phoenix,28192,2023-06-26,near_-0.01,0.01850953862071037,0.11850953862071037,BLOCK_RANGE_ONLY,8.0,quadratic,temperature_equivalent,K,ESTIMABLE,1.579315936383125,1.44803418997664,1.727967210178329,0.0725263451270088,0.279933020201689,1000.0,0.0
phoenix,28192,2023-06-26,near_-0.01,0.01850953862071037,0.11850953862071037,BLOCK_RANGE_ONLY,8.0,quadratic,temperature_minus_equivalent,K,ESTIMABLE,-0.31909673981907005,-0.377341227924127,-0.26699680010899324,0.029547853670250455,0.11034442781513376,1000.0,0.0
phoenix,28192,2023-06-26,near_-0.01,0.01850953862071037,0.11850953862071037,BLOCK_RANGE_ONLY,8.0,quadratic_minus_linear,temperature,K,ESTIMABLE,0.028355713445025854,0.004963187181176121,0.0637461119828303,0.015290929352306857,0.058782924801654174,1000.0,0.0
phoenix,28192,2023-06-26,near_-0.01,0.01850953862071037,0.11850953862071037,BLOCK_RANGE_ONLY,8.0,quadratic_minus_linear,emitted_flux,W/m2,ESTIMABLE,0.241468332010907,0.04824642961362718,0.5322334907763864,0.12539867484248257,0.4839870611627592,1000.0,0.0
phoenix,28192,2023-06-26,near_-0.01,0.01850953862071037,0.11850953862071037,BLOCK_RANGE_ONLY,8.0,quadratic_minus_linear,temperature_equivalent,K,ESTIMABLE,0.03657091729041895,0.007305515909398252,0.08067119880841175,0.01900673104291376,0.0733656828990135,1000.0,0.0
phoenix,28192,2023-06-26,near_-0.01,0.01850953862071037,0.11850953862071037,BLOCK_RANGE_ONLY,8.0,quadratic_minus_linear,temperature_minus_equivalent,K,ESTIMABLE,-0.008215203845393093,-0.01810115466423365,-0.0007888429908933409,0.0045859870293543424,0.017312311673340307,1000.0,0.0
phoenix,28192,2023-06-26,historical,0.028509538620710373,0.12850953862071038,BLOCK_RANGE_ONLY,1.0,linear,temperature,K,ESTIMABLE,1.2318634831190292,1.1710527356209588,1.2895161691577885,0.03085022652745617,0.11846343353682975,1000.0,0.0
phoenix,28192,2023-06-26,historical,0.028509538620710373,0.12850953862071038,BLOCK_RANGE_ONLY,1.0,linear,emitted_flux,W/m2,ESTIMABLE,10.263647692709647,9.805838505720203,10.70909593494878,0.23370436067822561,0.9032574292285762,1000.0,0.0
phoenix,28192,2023-06-26,historical,0.028509538620710373,0.12850953862071038,BLOCK_RANGE_ONLY,1.0,linear,temperature_equivalent,K,ESTIMABLE,1.5427450190927061,1.4734439413085383,1.6102191335746299,0.03538843515291704,0.13677519226609158,1000.0,0.0
phoenix,28192,2023-06-26,historical,0.028509538620710373,0.12850953862071038,BLOCK_RANGE_ONLY,1.0,linear,temperature_minus_equivalent,K,ESTIMABLE,-0.31088153597367696,-0.3351073976246198,-0.28498762153931656,0.01277910843034421,0.050119776085303214,1000.0,0.0
phoenix,28192,2023-06-26,historical,0.028509538620710373,0.12850953862071038,BLOCK_RANGE_ONLY,1.0,quadratic,temperature,K,ESTIMABLE,1.3039235243517142,1.2389356204131279,1.3655104657299642,0.03407646787047276,0.12657484531683627,1000.0,0.0
phoenix,28192,2023-06-26,historical,0.028509538620710373,0.12850953862071038,BLOCK_RANGE_ONLY,1.0,quadratic,emitted_flux,W/m2,ESTIMABLE,10.877288326186497,10.410219708732589,11.364976420484949,0.2560636556090519,0.9547567117523599,1000.0,0.0
phoenix,28192,2023-06-26,historical,0.028509538620710373,0.12850953862071038,BLOCK_RANGE_ONLY,1.0,quadratic,temperature_equivalent,K,ESTIMABLE,1.6357073629520187,1.564942149778328,1.7096478532371406,0.038809239758400144,0.14470570345881262,1000.0,0.0
phoenix,28192,2023-06-26,historical,0.028509538620710373,0.12850953862071038,BLOCK_RANGE_ONLY,1.0,quadratic,temperature_minus_equivalent,K,ESTIMABLE,-0.33178383860030447,-0.3573857427076944,-0.3059233819514726,0.013470862374669186,0.05146236075622179,1000.0,0.0
phoenix,28192,2023-06-26,historical,0.028509538620710373,0.12850953862071038,BLOCK_RANGE_ONLY,1.0,quadratic_minus_linear,temperature,K,ESTIMABLE,0.07206004123268506,0.04096962392182315,0.10608918171726031,0.01660390318179957,0.06511955779543716,1000.0,0.0
phoenix,28192,2023-06-26,historical,0.028509538620710373,0.12850953862071038,BLOCK_RANGE_ONLY,1.0,quadratic_minus_linear,emitted_flux,W/m2,ESTIMABLE,0.6136406334768498,0.37463965937142274,0.8793990567422496,0.12836661116074974,0.5047593973708269,1000.0,0.0
phoenix,28192,2023-06-26,historical,0.028509538620710373,0.12850953862071038,BLOCK_RANGE_ONLY,1.0,quadratic_minus_linear,temperature_equivalent,K,ESTIMABLE,0.09296234385931257,0.05675697938732469,0.13321127874465333,0.019452474788273874,0.07645429935732864,1000.0,0.0
phoenix,28192,2023-06-26,historical,0.028509538620710373,0.12850953862071038,BLOCK_RANGE_ONLY,1.0,quadratic_minus_linear,temperature_minus_equivalent,K,ESTIMABLE,-0.02090230262662751,-0.03446602316059372,-0.009873470350112237,0.006353919136009992,0.02459255281048148,1000.0,0.0
phoenix,28192,2023-06-26,historical,0.028509538620710373,0.12850953862071038,BLOCK_RANGE_ONLY,8.0,linear,temperature,K,ESTIMABLE,1.2318634831190292,1.1420574718326413,1.329945031584608,0.04760152765736189,0.1878875597519667,1000.0,0.0
phoenix,28192,2023-06-26,historical,0.028509538620710373,0.12850953862071038,BLOCK_RANGE_ONLY,8.0,linear,emitted_flux,W/m2,ESTIMABLE,10.263647692709647,9.480640835232368,11.106897663584967,0.419007768257302,1.6262568283525987,1000.0,0.0
phoenix,28192,2023-06-26,historical,0.028509538620710373,0.12850953862071038,BLOCK_RANGE_ONLY,8.0,linear,temperature_equivalent,K,ESTIMABLE,1.5427450190927061,1.4242449139599984,1.670512896895879,0.06345237645822999,0.24626798293588048,1000.0,0.0
phoenix,28192,2023-06-26,historical,0.028509538620710373,0.12850953862071038,BLOCK_RANGE_ONLY,8.0,linear,temperature_minus_equivalent,K,ESTIMABLE,-0.31088153597367696,-0.3670412409302898,-0.2600318861523145,0.029193519134596245,0.1070093547779753,1000.0,0.0
phoenix,28192,2023-06-26,historical,0.028509538620710373,0.12850953862071038,BLOCK_RANGE_ONLY,8.0,quadratic,temperature,K,ESTIMABLE,1.3039235243517142,1.179981346116154,1.443169358479806,0.06679589396039512,0.2631880123636521,1000.0,0.0
phoenix,28192,2023-06-26,historical,0.028509538620710373,0.12850953862071038,BLOCK_RANGE_ONLY,8.0,quadratic,emitted_flux,W/m2,ESTIMABLE,10.877288326186497,9.822372471979934,12.075918179219633,0.566834069431702,2.2535457072396987,1000.0,0.0
phoenix,28192,2023-06-26,historical,0.028509538620710373,0.12850953862071038,BLOCK_RANGE_ONLY,8.0,quadratic,temperature_equivalent,K,ESTIMABLE,1.6357073629520187,1.4759459777734847,1.8175307374782335,0.08591838749300758,0.3415847597047488,1000.0,0.0
phoenix,28192,2023-06-26,historical,0.028509538620710373,0.12850953862071038,BLOCK_RANGE_ONLY,8.0,quadratic,temperature_minus_equivalent,K,ESTIMABLE,-0.33178383860030447,-0.39133143741133664,-0.27711932751154744,0.030107134821773116,0.1142121098997892,1000.0,0.0
phoenix,28192,2023-06-26,historical,0.028509538620710373,0.12850953862071038,BLOCK_RANGE_ONLY,8.0,quadratic_minus_linear,temperature,K,ESTIMABLE,0.07206004123268506,0.01396048016741493,0.14143815229946688,0.03317809595909978,0.12747767213205194,1000.0,0.0
phoenix,28192,2023-06-26,historical,0.028509538620710373,0.12850953862071038,BLOCK_RANGE_ONLY,8.0,quadratic_minus_linear,emitted_flux,W/m2,ESTIMABLE,0.6136406334768498,0.13713978133218588,1.2047918984444115,0.2693589043297148,1.0676521171122255,1000.0,0.0
phoenix,28192,2023-06-26,historical,0.028509538620710373,0.12850953862071038,BLOCK_RANGE_ONLY,8.0,quadratic_minus_linear,temperature_equivalent,K,ESTIMABLE,0.09296234385931257,0.020769998796593823,0.18261428570969399,0.04084837438092654,0.16184428691310015,1000.0,0.0
phoenix,28192,2023-06-26,historical,0.028509538620710373,0.12850953862071038,BLOCK_RANGE_ONLY,8.0,quadratic_minus_linear,temperature_minus_equivalent,K,ESTIMABLE,-0.02090230262662751,-0.04163833392233472,-0.0021142758023151137,0.010175650439717361,0.039524058120019606,1000.0,0.0
phoenix,28192,2023-06-26,near_+0.01,0.038509538620710375,0.1385095386207104,BLOCK_RANGE_ONLY,1.0,linear,temperature,K,ESTIMABLE,1.2318634831190292,1.1710527356209588,1.2895161691577885,0.03085022652745617,0.11846343353682975,1000.0,0.0
phoenix,28192,2023-06-26,near_+0.01,0.038509538620710375,0.1385095386207104,BLOCK_RANGE_ONLY,1.0,linear,emitted_flux,W/m2,ESTIMABLE,10.263647692709647,9.805838505720203,10.70909593494878,0.23370436067822561,0.9032574292285762,1000.0,0.0
phoenix,28192,2023-06-26,near_+0.01,0.038509538620710375,0.1385095386207104,BLOCK_RANGE_ONLY,1.0,linear,temperature_equivalent,K,ESTIMABLE,1.5427450190927061,1.4734439413085383,1.6102191335746299,0.03538843515291704,0.13677519226609158,1000.0,0.0
phoenix,28192,2023-06-26,near_+0.01,0.038509538620710375,0.1385095386207104,BLOCK_RANGE_ONLY,1.0,linear,temperature_minus_equivalent,K,ESTIMABLE,-0.31088153597367696,-0.3351073976246198,-0.28498762153931656,0.01277910843034421,0.050119776085303214,1000.0,0.0
phoenix,28192,2023-06-26,near_+0.01,0.038509538620710375,0.1385095386207104,BLOCK_RANGE_ONLY,1.0,quadratic,temperature,K,ESTIMABLE,1.3476278521393734,1.2756386019820407,1.421050598746864,0.039282915537236895,0.1454119967648233,1000.0,0.0
phoenix,28192,2023-06-26,near_+0.01,0.038509538620710375,0.1385095386207104,BLOCK_RANGE_ONLY,1.0,quadratic,emitted_flux,W/m2,ESTIMABLE,11.24946062765244,10.714657773248565,11.8253111246717,0.2951649013182839,1.1106533514231351,1000.0,0.0
phoenix,28192,2023-06-26,near_+0.01,0.038509538620710375,0.1385095386207104,BLOCK_RANGE_ONLY,1.0,quadratic,temperature_equivalent,K,ESTIMABLE,1.692129271695876,1.6110618867862059,1.7794892763092947,0.04475998629989894,0.16842738952308878,1000.0,0.0
phoenix,28192,2023-06-26,near_+0.01,0.038509538620710375,0.1385095386207104,BLOCK_RANGE_ONLY,1.0,quadratic,temperature_minus_equivalent,K,ESTIMABLE,-0.3445014195565026,-0.37422359173995884,-0.3153868418392533,0.015163111789237967,0.05883674990070553,1000.0,0.0
phoenix,28192,2023-06-26,near_+0.01,0.038509538620710375,0.1385095386207104,BLOCK_RANGE_ONLY,1.0,quadratic_minus_linear,temperature,K,ESTIMABLE,0.11576436902034426,0.06636424816380863,0.1699806454344861,0.026342623104449427,0.10361639727067747,1000.0,0.0
phoenix,28192,2023-06-26,near_+0.01,0.038509538620710375,0.1385095386207104,BLOCK_RANGE_ONLY,1.0,quadratic_minus_linear,emitted_flux,W/m2,ESTIMABLE,0.9858129349427927,0.6056948017947736,1.4011462839668538,0.2031009971431429,0.7954514821720802,1000.0,0.0
phoenix,28192,2023-06-26,near_+0.01,0.038509538620710375,0.1385095386207104,BLOCK_RANGE_ONLY,1.0,quadratic_minus_linear,temperature_equivalent,K,ESTIMABLE,0.1493842526031699,0.09177731252236043,0.212419515441816,0.030794353975250245,0.12064220291945557,1000.0,0.0
phoenix,28192,2023-06-26,near_+0.01,0.038509538620710375,0.1385095386207104,BLOCK_RANGE_ONLY,1.0,quadratic_minus_linear,temperature_minus_equivalent,K,ESTIMABLE,-0.03361988358282564,-0.05511036036243787,-0.016014396268412088,0.01013157087424677,0.039095964094025784,1000.0,0.0
phoenix,28192,2023-06-26,near_+0.01,0.038509538620710375,0.1385095386207104,BLOCK_RANGE_ONLY,8.0,linear,temperature,K,ESTIMABLE,1.2318634831190292,1.1420574718326413,1.329945031584608,0.04760152765736189,0.1878875597519667,1000.0,0.0
phoenix,28192,2023-06-26,near_+0.01,0.038509538620710375,0.1385095386207104,BLOCK_RANGE_ONLY,8.0,linear,emitted_flux,W/m2,ESTIMABLE,10.263647692709647,9.480640835232368,11.106897663584967,0.419007768257302,1.6262568283525987,1000.0,0.0
phoenix,28192,2023-06-26,near_+0.01,0.038509538620710375,0.1385095386207104,BLOCK_RANGE_ONLY,8.0,linear,temperature_equivalent,K,ESTIMABLE,1.5427450190927061,1.4242449139599984,1.670512896895879,0.06345237645822999,0.24626798293588048,1000.0,0.0
phoenix,28192,2023-06-26,near_+0.01,0.038509538620710375,0.1385095386207104,BLOCK_RANGE_ONLY,8.0,linear,temperature_minus_equivalent,K,ESTIMABLE,-0.31088153597367696,-0.3670412409302898,-0.2600318861523145,0.029193519134596245,0.1070093547779753,1000.0,0.0
phoenix,28192,2023-06-26,near_+0.01,0.038509538620710375,0.1385095386207104,BLOCK_RANGE_ONLY,8.0,quadratic,temperature,K,ESTIMABLE,1.3476278521393734,1.1975845417796955,1.5212370798736563,0.08099886818602903,0.3236525380939608,1000.0,0.0
phoenix,28192,2023-06-26,near_+0.01,0.038509538620710375,0.1385095386207104,BLOCK_RANGE_ONLY,8.0,quadratic,emitted_flux,W/m2,ESTIMABLE,11.24946062765244,9.982669726017667,12.664362703356055,0.6757428225641641,2.681692977338388,1000.0,0.0
phoenix,28192,2023-06-26,near_+0.01,0.038509538620710375,0.1385095386207104,BLOCK_RANGE_ONLY,8.0,quadratic,temperature_equivalent,K,ESTIMABLE,1.692129271695876,1.500206399874402,1.9069095667426823,0.10248279271986147,0.40670316686828034,1000.0,0.0
phoenix,28192,2023-06-26,near_+0.01,0.038509538620710375,0.1385095386207104,BLOCK_RANGE_ONLY,8.0,quadratic,temperature_minus_equivalent,K,ESTIMABLE,-0.3445014195565026,-0.41002825722750746,-0.2863952843544097,0.03171294319441445,0.12363297287309777,1000.0,0.0
phoenix,28192,2023-06-26,near_+0.01,0.038509538620710375,0.1385095386207104,BLOCK_RANGE_ONLY,8.0,quadratic_minus_linear,temperature,K,ESTIMABLE,0.11576436902034426,0.022983892209803382,0.22277368757284197,0.05131764950408605,0.1997897953630386,1000.0,0.0
phoenix,28192,2023-06-26,near_+0.01,0.038509538620710375,0.1385095386207104,BLOCK_RANGE_ONLY,8.0,quadratic_minus_linear,emitted_flux,W/m2,ESTIMABLE,0.9858129349427927,0.229547481659408,1.87225475273948,0.4154606490253069,1.6427072710800719,1000.0,0.0
phoenix,28192,2023-06-26,near_+0.01,0.038509538620710375,0.1385095386207104,BLOCK_RANGE_ONLY,8.0,quadratic_minus_linear,temperature_equivalent,K,ESTIMABLE,0.1493842526031699,0.03476759653004961,0.28408047667463876,0.06303871635819283,0.24931288014458913,1000.0,0.0
phoenix,28192,2023-06-26,near_+0.01,0.038509538620710375,0.1385095386207104,BLOCK_RANGE_ONLY,8.0,quadratic_minus_linear,temperature_minus_equivalent,K,ESTIMABLE,-0.03361988358282564,-0.06510633019233236,-0.0034521695885936466,0.01587221765703643,0.06165416060373872,1000.0,0.0
phoenix,28192,2023-06-26,near_+0.02,0.04850953862071038,0.14850953862071037,BLOCK_RANGE_ONLY,1.0,linear,temperature,K,ESTIMABLE,1.231863483119029,1.1710527356209588,1.2895161691577883,0.03085022652745616,0.11846343353682953,1000.0,0.0
phoenix,28192,2023-06-26,near_+0.02,0.04850953862071038,0.14850953862071037,BLOCK_RANGE_ONLY,1.0,linear,emitted_flux,W/m2,ESTIMABLE,10.263647692709645,9.805838505720203,10.709095934948778,0.2337043606782256,0.9032574292285744,1000.0,0.0
phoenix,28192,2023-06-26,near_+0.02,0.04850953862071038,0.14850953862071037,BLOCK_RANGE_ONLY,1.0,linear,temperature_equivalent,K,ESTIMABLE,1.5427450190927061,1.4734439413085383,1.6102191335746299,0.03538843515291704,0.13677519226609158,1000.0,0.0
phoenix,28192,2023-06-26,near_+0.02,0.04850953862071038,0.14850953862071037,BLOCK_RANGE_ONLY,1.0,linear,temperature_minus_equivalent,K,ESTIMABLE,-0.3108815359736772,-0.33510739762462,-0.2849876215393168,0.01277910843034421,0.050119776085303214,1000.0,0.0
phoenix,28192,2023-06-26,near_+0.02,0.04850953862071038,0.14850953862071037,BLOCK_RANGE_ONLY,1.0,quadratic,temperature,K,ESTIMABLE,1.3913321799270322,1.3062197501652926,1.4781249355758594,0.04599587921960912,0.17190518541056687,1000.0,0.0
phoenix,28192,2023-06-26,near_+0.02,0.04850953862071038,0.14850953862071037,BLOCK_RANGE_ONLY,1.0,quadratic,emitted_flux,W/m2,ESTIMABLE,11.621632929118379,10.978382021304391,12.28923566737896,0.3462746345901468,1.3108536460745697,1000.0,0.0
phoenix,28192,2023-06-26,near_+0.02,0.04850953862071038,0.14850953862071037,BLOCK_RANGE_ONLY,1.0,quadratic,temperature_equivalent,K,ESTIMABLE,1.748581701088881,1.6510303097806642,1.8499226785786518,0.052539226880965156,0.19889236879798755,1000.0,0.0
phoenix,28192,2023-06-26,near_+0.02,0.04850953862071038,0.14850953862071037,BLOCK_RANGE_ONLY,1.0,quadratic,temperature_minus_equivalent,K,ESTIMABLE,-0.3572495211618487,-0.3921330312099959,-0.3252436287048965,0.017526258753808168,0.0668894025050994,1000.0,0.0
phoenix,28192,2023-06-26,near_+0.02,0.04850953862071038,0.14850953862071037,BLOCK_RANGE_ONLY,1.0,quadratic_minus_linear,temperature,K,ESTIMABLE,0.15946869680800324,0.09175887240579411,0.2338563917676754,0.03609306920554733,0.14209751936188128,1000.0,0.0
phoenix,28192,2023-06-26,near_+0.02,0.04850953862071038,0.14850953862071037,BLOCK_RANGE_ONLY,1.0,quadratic_minus_linear,emitted_flux,W/m2,ESTIMABLE,1.3579852364087337,0.8366734605572078,1.9307094160315028,0.27794266236785076,1.094035955474295,1000.0,0.0
phoenix,28192,2023-06-26,near_+0.02,0.04850953862071038,0.14850953862071037,BLOCK_RANGE_ONLY,1.0,quadratic_minus_linear,temperature_equivalent,K,ESTIMABLE,0.20583668199617478,0.12679739234370543,0.29279636509795065,0.04216489533212114,0.16599897275424522,1000.0,0.0
phoenix,28192,2023-06-26,near_+0.02,0.04850953862071038,0.14850953862071037,BLOCK_RANGE_ONLY,1.0,quadratic_minus_linear,temperature_minus_equivalent,K,ESTIMABLE,-0.046367985188171534,-0.07571504753927528,-0.02211943613874884,0.013919141032369554,0.05359561140052645,1000.0,0.0
phoenix,28192,2023-06-26,near_+0.02,0.04850953862071038,0.14850953862071037,BLOCK_RANGE_ONLY,8.0,linear,temperature,K,ESTIMABLE,1.231863483119029,1.142057471832641,1.3299450315846078,0.04760152765736187,0.1878875597519667,1000.0,0.0
phoenix,28192,2023-06-26,near_+0.02,0.04850953862071038,0.14850953862071037,BLOCK_RANGE_ONLY,8.0,linear,emitted_flux,W/m2,ESTIMABLE,10.263647692709645,9.480640835232368,11.106897663584965,0.4190077682573019,1.6262568283525969,1000.0,0.0
phoenix,28192,2023-06-26,near_+0.02,0.04850953862071038,0.14850953862071037,BLOCK_RANGE_ONLY,8.0,linear,temperature_equivalent,K,ESTIMABLE,1.5427450190927061,1.4242449139599984,1.670512896895879,0.06345237645822996,0.24626798293588048,1000.0,0.0
phoenix,28192,2023-06-26,near_+0.02,0.04850953862071038,0.14850953862071037,BLOCK_RANGE_ONLY,8.0,linear,temperature_minus_equivalent,K,ESTIMABLE,-0.3108815359736772,-0.3670412409302898,-0.2600318861523147,0.029193519134596245,0.10700935477797507,1000.0,0.0
phoenix,28192,2023-06-26,near_+0.02,0.04850953862071038,0.14850953862071037,BLOCK_RANGE_ONLY,8.0,quadratic,temperature,K,ESTIMABLE,1.3913321799270322,1.21494697801981,1.5914933438011656,0.09656957809272053,0.3765463657813555,1000.0,0.0
phoenix,28192,2023-06-26,near_+0.02,0.04850953862071038,0.14850953862071037,BLOCK_RANGE_ONLY,8.0,quadratic,emitted_flux,W/m2,ESTIMABLE,11.621632929118379,10.151649785573143,13.275215232670128,0.796981682401066,3.1235654470969845,1000.0,0.0
phoenix,28192,2023-06-26,near_+0.02,0.04850953862071038,0.14850953862071037,BLOCK_RANGE_ONLY,8.0,quadratic,temperature_equivalent,K,ESTIMABLE,1.748581701088881,1.5257870349081855,1.9997730507709177,0.12093660491616377,0.47398601586273226,1000.0,0.0
phoenix,28192,2023-06-26,near_+0.02,0.04850953862071038,0.14850953862071037,BLOCK_RANGE_ONLY,8.0,quadratic,temperature_minus_equivalent,K,ESTIMABLE,-0.3572495211618487,-0.4295307981438027,-0.2929454948007566,0.03422791076810735,0.13658530334304608,1000.0,0.0
phoenix,28192,2023-06-26,near_+0.02,0.04850953862071038,0.14850953862071037,BLOCK_RANGE_ONLY,8.0,quadratic_minus_linear,temperature,K,ESTIMABLE,0.15946869680800324,0.03199037841618884,0.30091645122176575,0.06951228537399848,0.2689260728055769,1000.0,0.0
phoenix,28192,2023-06-26,near_+0.02,0.04850953862071038,0.14850953862071037,BLOCK_RANGE_ONLY,8.0,quadratic_minus_linear,emitted_flux,W/m2,ESTIMABLE,1.3579852364087337,0.32195518198663015,2.5237798604114845,0.5620363175923105,2.2018246784248543,1000.0,0.0
phoenix,28192,2023-06-26,near_+0.02,0.04850953862071038,0.14850953862071037,BLOCK_RANGE_ONLY,8.0,quadratic_minus_linear,temperature_equivalent,K,ESTIMABLE,0.20583668199617478,0.04876707134102816,0.3831383080251143,0.0853255837677822,0.33437123668408614,1000.0,0.0
phoenix,28192,2023-06-26,near_+0.02,0.04850953862071038,0.14850953862071037,BLOCK_RANGE_ONLY,8.0,quadratic_minus_linear,temperature_minus_equivalent,K,ESTIMABLE,-0.046367985188171534,-0.08834704153271605,-0.004802534442088969,0.021606529899607034,0.08354450709062708,1000.0,0.0
phoenix,28192,2023-06-26,grid_00,0.0,0.1,BLOCK_RANGE_ONLY,1.0,linear,temperature,K,ESTIMABLE,1.2318634831190292,1.1710527356209588,1.2895161691577885,0.03085022652745617,0.11846343353682975,1000.0,0.0
phoenix,28192,2023-06-26,grid_00,0.0,0.1,BLOCK_RANGE_ONLY,1.0,linear,emitted_flux,W/m2,ESTIMABLE,10.263647692709647,9.805838505720203,10.70909593494878,0.23370436067822561,0.9032574292285762,1000.0,0.0
phoenix,28192,2023-06-26,grid_00,0.0,0.1,BLOCK_RANGE_ONLY,1.0,linear,temperature_equivalent,K,ESTIMABLE,1.5427450190927061,1.4734439413085383,1.6102191335746299,0.03538843515291704,0.13677519226609158,1000.0,0.0
phoenix,28192,2023-06-26,grid_00,0.0,0.1,BLOCK_RANGE_ONLY,1.0,linear,temperature_minus_equivalent,K,ESTIMABLE,-0.31088153597367696,-0.3351073976246198,-0.28498762153931656,0.01277910843034421,0.050119776085303214,1000.0,0.0
phoenix,28192,2023-06-26,grid_00,0.0,0.1,BLOCK_RANGE_ONLY,1.0,quadratic,temperature,K,ESTIMABLE,1.179324502256269,1.1106510860853382,1.2413876002116733,0.03343980392105017,0.13073651412633502,1000.0,0.0
phoenix,28192,2023-06-26,grid_00,0.0,0.1,BLOCK_RANGE_ONLY,1.0,quadratic,emitted_flux,W/m2,ESTIMABLE,9.816242265966302,9.292842110692943,10.284285020923416,0.256450470097564,0.9914429102304734,1000.0,0.0
phoenix,28192,2023-06-26,grid_00,0.0,0.1,BLOCK_RANGE_ONLY,1.0,quadratic,temperature_equivalent,K,ESTIMABLE,1.475018304567925,1.3958434714400823,1.5458700878935658,0.03880737076470167,0.15002661645348359,1000.0,0.0
phoenix,28192,2023-06-26,grid_00,0.0,0.1,BLOCK_RANGE_ONLY,1.0,quadratic,temperature_minus_equivalent,K,ESTIMABLE,-0.295693802311656,-0.32210538871760963,-0.2664425081199099,0.014141684733274401,0.05566288059769975,1000.0,0.0
phoenix,28192,2023-06-26,grid_00,0.0,0.1,BLOCK_RANGE_ONLY,1.0,quadratic_minus_linear,temperature,K,ESTIMABLE,-0.0525389808627601,-0.07445094813938796,-0.030474658867195737,0.011366967735597032,0.04397628927219223,1000.0,0.0
phoenix,28192,2023-06-26,grid_00,0.0,0.1,BLOCK_RANGE_ONLY,1.0,quadratic_minus_linear,emitted_flux,W/m2,ESTIMABLE,-0.4474054267433445,-0.6158700077236423,-0.28237820295788985,0.08660828985392169,0.33349180476575246,1000.0,0.0
phoenix,28192,2023-06-26,grid_00,0.0,0.1,BLOCK_RANGE_ONLY,1.0,quadratic_minus_linear,temperature_equivalent,K,ESTIMABLE,-0.06772671452478107,-0.09323160805626571,-0.042755372274318415,0.013104115919248888,0.05047623578194729,1000.0,0.0
phoenix,28192,2023-06-26,grid_00,0.0,0.1,BLOCK_RANGE_ONLY,1.0,quadratic_minus_linear,temperature_minus_equivalent,K,ESTIMABLE,0.015187733662020975,0.0072007967274652475,0.024137047556734202,0.004429593545433882,0.016936250829268956,1000.0,0.0
phoenix,28192,2023-06-26,grid_00,0.0,0.1,BLOCK_RANGE_ONLY,8.0,linear,temperature,K,ESTIMABLE,1.2318634831190292,1.1420574718326413,1.329945031584608,0.04760152765736189,0.1878875597519667,1000.0,0.0
phoenix,28192,2023-06-26,grid_00,0.0,0.1,BLOCK_RANGE_ONLY,8.0,linear,emitted_flux,W/m2,ESTIMABLE,10.263647692709647,9.480640835232368,11.106897663584967,0.419007768257302,1.6262568283525987,1000.0,0.0
phoenix,28192,2023-06-26,grid_00,0.0,0.1,BLOCK_RANGE_ONLY,8.0,linear,temperature_equivalent,K,ESTIMABLE,1.5427450190927061,1.4242449139599984,1.670512896895879,0.06345237645822999,0.24626798293588048,1000.0,0.0
phoenix,28192,2023-06-26,grid_00,0.0,0.1,BLOCK_RANGE_ONLY,8.0,linear,temperature_minus_equivalent,K,ESTIMABLE,-0.31088153597367696,-0.3670412409302898,-0.2600318861523145,0.029193519134596245,0.1070093547779753,1000.0,0.0
phoenix,28192,2023-06-26,grid_00,0.0,0.1,BLOCK_RANGE_ONLY,8.0,quadratic,temperature,K,ESTIMABLE,1.179324502256269,1.0887275689975366,1.2681024201306816,0.046170712342990715,0.179374851133145,1000.0,0.0
phoenix,28192,2023-06-26,grid_00,0.0,0.1,BLOCK_RANGE_ONLY,8.0,quadratic,emitted_flux,W/m2,ESTIMABLE,9.816242265966302,9.030079309106505,10.658804185869945,0.41564874916677086,1.6287248767634406,1000.0,0.0
phoenix,28192,2023-06-26,grid_00,0.0,0.1,BLOCK_RANGE_ONLY,8.0,quadratic,temperature_equivalent,K,ESTIMABLE,1.475018304567925,1.3561179122021882,1.6025990244912833,0.06290293623385151,0.24648111228909508,1000.0,0.0
phoenix,28192,2023-06-26,grid_00,0.0,0.1,BLOCK_RANGE_ONLY,8.0,quadratic,temperature_minus_equivalent,K,ESTIMABLE,-0.295693802311656,-0.3575979844388409,-0.2390863428040891,0.03135288180023938,0.11851164163475178,1000.0,0.0
phoenix,28192,2023-06-26,grid_00,0.0,0.1,BLOCK_RANGE_ONLY,8.0,quadratic_minus_linear,temperature,K,ESTIMABLE,-0.0525389808627601,-0.08830053831972073,-0.011699670630366539,0.019637676466836423,0.0766008676893542,1000.0,0.0
phoenix,28192,2023-06-26,grid_00,0.0,0.1,BLOCK_RANGE_ONLY,8.0,quadratic_minus_linear,emitted_flux,W/m2,ESTIMABLE,-0.4474054267433445,-0.7343632407994563,-0.11093775800156454,0.1567873288205188,0.6234254827978917,1000.0,0.0
phoenix,28192,2023-06-26,grid_00,0.0,0.1,BLOCK_RANGE_ONLY,8.0,quadratic_minus_linear,temperature_equivalent,K,ESTIMABLE,-0.06772671452478107,-0.11108490745483408,-0.01680125204341751,0.023734396687477732,0.09428365541141658,1000.0,0.0
phoenix,28192,2023-06-26,grid_00,0.0,0.1,BLOCK_RANGE_ONLY,8.0,quadratic_minus_linear,temperature_minus_equivalent,K,ESTIMABLE,0.015187733662020975,0.0016670968899138716,0.026194075544741978,0.006315927475511598,0.024526978654828106,1000.0,0.0
phoenix,28192,2023-06-26,grid_01,0.1,0.2,BLOCK_RANGE_ONLY,1.0,linear,temperature,K,ESTIMABLE,1.2318634831190292,1.1710527356209588,1.2895161691577885,0.03085022652745617,0.11846343353682975,1000.0,0.0
phoenix,28192,2023-06-26,grid_01,0.1,0.2,BLOCK_RANGE_ONLY,1.0,linear,emitted_flux,W/m2,ESTIMABLE,10.263647692709647,9.805838505720203,10.70909593494878,0.23370436067822561,0.9032574292285762,1000.0,0.0
phoenix,28192,2023-06-26,grid_01,0.1,0.2,BLOCK_RANGE_ONLY,1.0,linear,temperature_equivalent,K,ESTIMABLE,1.5427450190927061,1.4734439413085383,1.6102191335746299,0.03538843515291704,0.13677519226609158,1000.0,0.0
phoenix,28192,2023-06-26,grid_01,0.1,0.2,BLOCK_RANGE_ONLY,1.0,linear,temperature_minus_equivalent,K,ESTIMABLE,-0.31088153597367696,-0.3351073976246198,-0.28498762153931656,0.01277910843034421,0.050119776085303214,1000.0,0.0
phoenix,28192,2023-06-26,grid_01,0.1,0.2,BLOCK_RANGE_ONLY,1.0,quadratic,temperature,K,ESTIMABLE,1.6163677801328598,1.4445154487485135,1.7920081120779203,0.08988655849220913,0.34749266332940687,1000.0,0.0
phoenix,28192,2023-06-26,grid_01,0.1,0.2,BLOCK_RANGE_ONLY,1.0,quadratic,emitted_flux,W/m2,ESTIMABLE,13.537965280625725,12.25471952283264,14.935259321823633,0.6830031348940062,2.680539798990992,1000.0,0.0
phoenix,28192,2023-06-26,grid_01,0.1,0.2,BLOCK_RANGE_ONLY,1.0,quadratic,temperature_equivalent,K,ESTIMABLE,2.0397424901148042,1.8446807713241484,2.2525562214842765,0.10392253442273583,0.40787545016012805,1000.0,0.0
phoenix,28192,2023-06-26,grid_01,0.1,0.2,BLOCK_RANGE_ONLY,1.0,quadratic,temperature_minus_equivalent,K,ESTIMABLE,-0.4233747099819445,-0.49331413519603906,-0.3635929897984001,0.03415875743009488,0.12972114539763896,1000.0,0.0
phoenix,28192,2023-06-26,grid_01,0.1,0.2,BLOCK_RANGE_ONLY,1.0,quadratic_minus_linear,temperature,K,ESTIMABLE,0.3845042970138306,0.22251696428314674,0.5618896926295474,0.08633426244857188,0.33937272834640064,1000.0,0.0
phoenix,28192,2023-06-26,grid_01,0.1,0.2,BLOCK_RANGE_ONLY,1.0,quadratic_minus_linear,emitted_flux,W/m2,ESTIMABLE,3.2743175879160784,2.025993231401933,4.672677369802078,0.6636342997962256,2.646684138400145,1000.0,0.0
phoenix,28192,2023-06-26,grid_01,0.1,0.2,BLOCK_RANGE_ONLY,1.0,quadratic_minus_linear,temperature_equivalent,K,ESTIMABLE,0.4969974710220981,0.30730370206321567,0.7101513040138258,0.10095956671654152,0.4028476019506101,1000.0,0.0
phoenix,28192,2023-06-26,grid_01,0.1,0.2,BLOCK_RANGE_ONLY,1.0,quadratic_minus_linear,temperature_minus_equivalent,K,ESTIMABLE,-0.11249317400826753,-0.18255821010944007,-0.05372118668305553,0.033541737549657794,0.12883702342638453,1000.0,0.0
phoenix,28192,2023-06-26,grid_01,0.1,0.2,BLOCK_RANGE_ONLY,8.0,linear,temperature,K,ESTIMABLE,1.2318634831190292,1.1420574718326413,1.329945031584608,0.04760152765736189,0.1878875597519667,1000.0,0.0
phoenix,28192,2023-06-26,grid_01,0.1,0.2,BLOCK_RANGE_ONLY,8.0,linear,emitted_flux,W/m2,ESTIMABLE,10.263647692709647,9.480640835232368,11.106897663584967,0.419007768257302,1.6262568283525987,1000.0,0.0
phoenix,28192,2023-06-26,grid_01,0.1,0.2,BLOCK_RANGE_ONLY,8.0,linear,temperature_equivalent,K,ESTIMABLE,1.5427450190927061,1.4242449139599984,1.670512896895879,0.06345237645822999,0.24626798293588048,1000.0,0.0
phoenix,28192,2023-06-26,grid_01,0.1,0.2,BLOCK_RANGE_ONLY,8.0,linear,temperature_minus_equivalent,K,ESTIMABLE,-0.31088153597367696,-0.3670412409302898,-0.2600318861523145,0.029193519134596245,0.1070093547779753,1000.0,0.0
phoenix,28192,2023-06-26,grid_01,0.1,0.2,BLOCK_RANGE_ONLY,8.0,quadratic,temperature,K,ESTIMABLE,1.6163677801328598,1.2735993292727095,1.9881326443925842,0.1846655687201503,0.7145333151198747,1000.0,0.0
phoenix,28192,2023-06-26,grid_01,0.1,0.2,BLOCK_RANGE_ONLY,8.0,quadratic,emitted_flux,W/m2,ESTIMABLE,13.537965280625725,10.695550380028287,16.656072521865255,1.4962692248881593,5.960522141836968,1000.0,0.0
phoenix,28192,2023-06-26,grid_01,0.1,0.2,BLOCK_RANGE_ONLY,8.0,quadratic,temperature_equivalent,K,ESTIMABLE,2.0397424901148042,1.6081666824369107,2.5152421118442847,0.22769953698946035,0.907075429407374,1000.0,0.0
phoenix,28192,2023-06-26,grid_01,0.1,0.2,BLOCK_RANGE_ONLY,8.0,quadratic,temperature_minus_equivalent,K,ESTIMABLE,-0.4233747099819445,-0.5341298094625562,-0.3175478186666755,0.05571958030806158,0.2165819907958807,1000.0,0.0
phoenix,28192,2023-06-26,grid_01,0.1,0.2,BLOCK_RANGE_ONLY,8.0,quadratic_minus_linear,temperature,K,ESTIMABLE,0.3845042970138306,0.07836519143348909,0.7185093924012079,0.16337433992683748,0.6401442009677188,1000.0,0.0
phoenix,28192,2023-06-26,grid_01,0.1,0.2,BLOCK_RANGE_ONLY,8.0,quadratic_minus_linear,emitted_flux,W/m2,ESTIMABLE,3.2743175879160784,0.7897396932017976,5.993858302043132,1.3182937050694103,5.204118608841335,1000.0,0.0
phoenix,28192,2023-06-26,grid_01,0.1,0.2,BLOCK_RANGE_ONLY,8.0,quadratic_minus_linear,temperature_equivalent,K,ESTIMABLE,0.4969974710220981,0.11964942128149403,0.911617891154411,0.20070884751643334,0.791968469872917,1000.0,0.0
phoenix,28192,2023-06-26,grid_01,0.1,0.2,BLOCK_RANGE_ONLY,8.0,quadratic_minus_linear,temperature_minus_equivalent,K,ESTIMABLE,-0.11249317400826753,-0.2113908805797836,-0.011953434833737177,0.05149832028475078,0.19943744574604644,1000.0,0.0
phoenix,28192,2023-06-26,grid_02,0.2,0.3,BLOCK_RANGE_ONLY,1.0,linear,temperature,K,ESTIMABLE,1.231863483119029,1.1710527356209586,1.289516169157788,0.03085022652745616,0.11846343353682953,1000.0,0.0
phoenix,28192,2023-06-26,grid_02,0.2,0.3,BLOCK_RANGE_ONLY,1.0,linear,emitted_flux,W/m2,ESTIMABLE,10.263647692709643,9.805838505720201,10.709095934948776,0.23370436067822548,0.9032574292285744,1000.0,0.0
phoenix,28192,2023-06-26,grid_02,0.2,0.3,BLOCK_RANGE_ONLY,1.0,linear,temperature_equivalent,K,ESTIMABLE,1.5427450190927061,1.4734439413085383,1.6102191335746299,0.035388435152917105,0.13677519226609158,1000.0,0.0
phoenix,28192,2023-06-26,grid_02,0.2,0.3,BLOCK_RANGE_ONLY,1.0,linear,temperature_minus_equivalent,K,ESTIMABLE,-0.3108815359736772,-0.33510739762462016,-0.284987621539317,0.012779108430344315,0.05011977608530316,1000.0,0.0
phoenix,28192,2023-06-26,grid_02,0.2,0.3,BLOCK_RANGE_ONLY,1.0,quadratic,temperature,K,ESTIMABLE,2.05341105800945,1.7018416848953644,2.4270827815533584,0.18464596518460474,0.7252410966579941,1000.0,0.0
phoenix,28192,2023-06-26,grid_02,0.2,0.3,BLOCK_RANGE_ONLY,1.0,quadratic,emitted_flux,W/m2,ESTIMABLE,17.25968829528514,14.650741840308783,20.145541590660628,1.4107543213938625,5.494799750351845,1000.0,0.0
phoenix,28192,2023-06-26,grid_02,0.2,0.3,BLOCK_RANGE_ONLY,1.0,quadratic,temperature_equivalent,K,ESTIMABLE,2.607542631184799,2.209187767216636,3.0499616602201027,0.21583805204166664,0.8407738930034667,1000.0,0.0
phoenix,28192,2023-06-26,grid_02,0.2,0.3,BLOCK_RANGE_ONLY,1.0,quadratic,temperature_minus_equivalent,K,ESTIMABLE,-0.5541315731753493,-0.7086543461731204,-0.43134898167945995,0.07151372730696735,0.27730536449366044,1000.0,0.0
phoenix,28192,2023-06-26,grid_02,0.2,0.3,BLOCK_RANGE_ONLY,1.0,quadratic_minus_linear,temperature,K,ESTIMABLE,0.8215475748904209,0.47646320670300124,1.1984564094096044,0.18393250919742699,0.7219932027066032,1000.0,0.0
phoenix,28192,2023-06-26,grid_02,0.2,0.3,BLOCK_RANGE_ONLY,1.0,quadratic_minus_linear,emitted_flux,W/m2,ESTIMABLE,6.996040602575498,4.335779819026275,9.96515357499709,1.4129147200929257,5.629373755970816,1000.0,0.0
phoenix,28192,2023-06-26,grid_02,0.2,0.3,BLOCK_RANGE_ONLY,1.0,quadratic_minus_linear,temperature_equivalent,K,ESTIMABLE,1.064797612092093,0.6587614923928115,1.51982714231642,0.21613453142386005,0.8610656499236086,1000.0,0.0
phoenix,28192,2023-06-26,grid_02,0.2,0.3,BLOCK_RANGE_ONLY,1.0,quadratic_minus_linear,temperature_minus_equivalent,K,ESTIMABLE,-0.24325003720167215,-0.3927831918980828,-0.11670048930023584,0.07220386035309354,0.27608270259784695,1000.0,0.0
phoenix,28192,2023-06-26,grid_02,0.2,0.3,BLOCK_RANGE_ONLY,8.0,linear,temperature,K,ESTIMABLE,1.231863483119029,1.142057471832641,1.3299450315846075,0.04760152765736187,0.18788755975196647,1000.0,0.0
phoenix,28192,2023-06-26,grid_02,0.2,0.3,BLOCK_RANGE_ONLY,8.0,linear,emitted_flux,W/m2,ESTIMABLE,10.263647692709643,9.480640835232366,11.106897663584965,0.4190077682573018,1.6262568283525987,1000.0,0.0
phoenix,28192,2023-06-26,grid_02,0.2,0.3,BLOCK_RANGE_ONLY,8.0,linear,temperature_equivalent,K,ESTIMABLE,1.5427450190927061,1.4242449139599984,1.670512896895879,0.06345237645823006,0.24626798293588048,1000.0,0.0
phoenix,28192,2023-06-26,grid_02,0.2,0.3,BLOCK_RANGE_ONLY,8.0,linear,temperature_minus_equivalent,K,ESTIMABLE,-0.3108815359736772,-0.36704124093029,-0.26003188615231493,0.029193519134596,0.10700935477797507,1000.0,0.0
phoenix,28192,2023-06-26,grid_02,0.2,0.3,BLOCK_RANGE_ONLY,8.0,quadratic,temperature,K,ESTIMABLE,2.05341105800945,1.3838663904121613,2.7797499099616867,0.36420484164425015,1.3958835195495254,1000.0,0.0
phoenix,28192,2023-06-26,grid_02,0.2,0.3,BLOCK_RANGE_ONLY,8.0,quadratic,emitted_flux,W/m2,ESTIMABLE,17.25968829528514,11.805241268438932,23.279395602180113,2.93722203616751,11.47415433374118,1000.0,0.0
phoenix,28192,2023-06-26,grid_02,0.2,0.3,BLOCK_RANGE_ONLY,8.0,quadratic,temperature_equivalent,K,ESTIMABLE,2.607542631184799,1.7764433422909307,3.5325439645628944,0.4494963629570432,1.7561006222719637,1000.0,0.0
phoenix,28192,2023-06-26,grid_02,0.2,0.3,BLOCK_RANGE_ONLY,8.0,quadratic,temperature_minus_equivalent,K,ESTIMABLE,-0.5541315731753493,-0.7684571101772251,-0.3477140514165258,0.11093991446425712,0.4207430587606993,1000.0,0.0
phoenix,28192,2023-06-26,grid_02,0.2,0.3,BLOCK_RANGE_ONLY,8.0,quadratic_minus_linear,temperature,K,ESTIMABLE,0.8215475748904209,0.16843005349734472,1.526030492328547,0.3457902086091261,1.3576004388312024,1000.0,0.0
phoenix,28192,2023-06-26,grid_02,0.2,0.3,BLOCK_RANGE_ONLY,8.0,quadratic_minus_linear,emitted_flux,W/m2,ESTIMABLE,6.996040602575498,1.6974164233390296,12.667704417475257,2.788119133916211,10.970287994136227,1000.0,0.0
phoenix,28192,2023-06-26,grid_02,0.2,0.3,BLOCK_RANGE_ONLY,8.0,quadratic_minus_linear,temperature_equivalent,K,ESTIMABLE,1.064797612092093,0.25734281704400386,1.9377780544331142,0.4268759249392455,1.6804352373891103,1000.0,0.0
phoenix,28192,2023-06-26,grid_02,0.2,0.3,BLOCK_RANGE_ONLY,8.0,quadratic_minus_linear,temperature_minus_equivalent,K,ESTIMABLE,-0.24325003720167215,-0.4568444849560463,-0.02679184922929404,0.11109410639767608,0.43005263572675223,1000.0,0.0
phoenix,28192,2023-06-26,grid_03,0.3,0.4,NO_SPANNING_BLOCKS,,,,,NOT_ESTIMATED_NO_REFERENCE_BLOCKS,,,,,,,
phoenix,28192,2023-06-26,grid_04,0.4,0.5,NO_SPANNING_BLOCKS,,,,,NOT_ESTIMATED_NO_REFERENCE_BLOCKS,,,,,,,
phoenix,28192,2023-06-26,grid_05,0.5,0.6,NO_SPANNING_BLOCKS,,,,,NOT_ESTIMATED_NO_REFERENCE_BLOCKS,,,,,,,
phoenix,28192,2023-06-26,grid_06,0.6,0.7,NO_SPANNING_BLOCKS,,,,,NOT_ESTIMATED_NO_REFERENCE_BLOCKS,,,,,,,
phoenix,28192,2023-06-26,grid_07,0.7,0.8,NO_SPANNING_BLOCKS,,,,,NOT_ESTIMATED_NO_REFERENCE_BLOCKS,,,,,,,
phoenix,28192,2023-06-26,grid_08,0.8,0.9,NO_SPANNING_BLOCKS,,,,,NOT_ESTIMATED_NO_REFERENCE_BLOCKS,,,,,,,
phoenix,28192,2023-06-26,grid_09,0.9,1.0,NO_SPANNING_BLOCKS,,,,,NOT_ESTIMATED_NO_REFERENCE_BLOCKS,,,,,,,
phoenix,28706,2023-07-29,near_-0.02,0.008509538620710373,0.10850953862071037,BLOCK_RANGE_ONLY,1.0,linear,temperature,K,ESTIMABLE,1.705227828868181,1.6407965054271176,1.7723541219765244,0.033236379745203784,0.1315576165494068,1000.0,0.0
phoenix,28706,2023-07-29,near_-0.02,0.008509538620710373,0.10850953862071037,BLOCK_RANGE_ONLY,1.0,linear,emitted_flux,W/m2,ESTIMABLE,13.782603375995883,13.270870216363045,14.312681064949578,0.27303623672539223,1.0418108485865325,1000.0,0.0
phoenix,28706,2023-07-29,near_-0.02,0.008509538620710373,0.10850953862071037,BLOCK_RANGE_ONLY,1.0,linear,temperature_equivalent,K,ESTIMABLE,2.0769705280472976,1.9991122170871578,2.157681261053314,0.041557322338650816,0.158569043966156,1000.0,0.0
phoenix,28706,2023-07-29,near_-0.02,0.008509538620710373,0.10850953862071037,BLOCK_RANGE_ONLY,1.0,linear,temperature_minus_equivalent,K,ESTIMABLE,-0.3717426991791166,-0.4004130969426824,-0.34516470927117826,0.014199105071260614,0.05524838767150414,1000.0,0.0
phoenix,28706,2023-07-29,near_-0.02,0.008509538620710373,0.10850953862071037,BLOCK_RANGE_ONLY,1.0,quadratic,temperature,K,ESTIMABLE,1.6878162308548739,1.624124482793848,1.753486570954029,0.03294582242158374,0.12936208816018113,1000.0,0.0
phoenix,28706,2023-07-29,near_-0.02,0.008509538620710373,0.10850953862071037,BLOCK_RANGE_ONLY,1.0,quadratic,emitted_flux,W/m2,ESTIMABLE,13.63693763157975,13.13566000690002,14.171252782230688,0.27230871978557647,1.0355927753306684,1000.0,0.0
phoenix,28706,2023-07-29,near_-0.02,0.008509538620710373,0.10850953862071037,BLOCK_RANGE_ONLY,1.0,quadratic,temperature_equivalent,K,ESTIMABLE,2.0548021016286953,1.9785501906660314,2.1361409819974453,0.041437947298512315,0.15759079133141385,1000.0,0.0
phoenix,28706,2023-07-29,near_-0.02,0.008509538620710373,0.10850953862071037,BLOCK_RANGE_ONLY,1.0,quadratic,temperature_minus_equivalent,K,ESTIMABLE,-0.3669858707738214,-0.396031085569745,-0.34072783633752857,0.014354889077889866,0.05530324923221641,1000.0,0.0
phoenix,28706,2023-07-29,near_-0.02,0.008509538620710373,0.10850953862071037,BLOCK_RANGE_ONLY,1.0,quadratic_minus_linear,temperature,K,ESTIMABLE,-0.01741159801330716,-0.02362570277459743,-0.01063478138371043,0.0033002562968847287,0.012990921390887,1000.0,0.0
phoenix,28706,2023-07-29,near_-0.02,0.008509538620710373,0.10850953862071037,BLOCK_RANGE_ONLY,1.0,quadratic_minus_linear,emitted_flux,W/m2,ESTIMABLE,-0.14566574441613334,-0.19547946240636915,-0.09377018840155407,0.02590783647665057,0.10170927400481508,1000.0,0.0
phoenix,28706,2023-07-29,near_-0.02,0.008509538620710373,0.10850953862071037,BLOCK_RANGE_ONLY,1.0,quadratic_minus_linear,temperature_equivalent,K,ESTIMABLE,-0.022168426418602394,-0.029752693957760812,-0.014264065857381074,0.003943054705915272,0.015488628100379738,1000.0,0.0
phoenix,28706,2023-07-29,near_-0.02,0.008509538620710373,0.10850953862071037,BLOCK_RANGE_ONLY,1.0,quadratic_minus_linear,temperature_minus_equivalent,K,ESTIMABLE,0.0047568284052952325,0.0018488465389033593,0.007562802198857737,0.0014090005802012689,0.005713955659954377,1000.0,0.0
phoenix,28706,2023-07-29,near_-0.02,0.008509538620710373,0.10850953862071037,BLOCK_RANGE_ONLY,8.0,linear,temperature,K,ESTIMABLE,1.705227828868181,1.5833113924332844,1.824137076957869,0.061232770465752616,0.24082568452458464,1000.0,0.0
phoenix,28706,2023-07-29,near_-0.02,0.008509538620710373,0.10850953862071037,BLOCK_RANGE_ONLY,8.0,linear,emitted_flux,W/m2,ESTIMABLE,13.782603375995883,12.687636369242124,14.85046707378585,0.5583161237292668,2.162830704543726,1000.0,0.0
phoenix,28706,2023-07-29,near_-0.02,0.008509538620710373,0.10850953862071037,BLOCK_RANGE_ONLY,8.0,linear,temperature_equivalent,K,ESTIMABLE,2.0769705280472976,1.910446178669551,2.2396296122179193,0.08497876950665849,0.3291834335483683,1000.0,0.0
phoenix,28706,2023-07-29,near_-0.02,0.008509538620710373,0.10850953862071037,BLOCK_RANGE_ONLY,8.0,linear,temperature_minus_equivalent,K,ESTIMABLE,-0.3717426991791166,-0.4425354109184104,-0.3107146627410202,0.033767391550591046,0.1318207481773902,1000.0,0.0
phoenix,28706,2023-07-29,near_-0.02,0.008509538620710373,0.10850953862071037,BLOCK_RANGE_ONLY,8.0,quadratic,temperature,K,ESTIMABLE,1.6878162308548739,1.5690055955858957,1.810055984444811,0.06198713136716884,0.24105038885891528,1000.0,0.0
phoenix,28706,2023-07-29,near_-0.02,0.008509538620710373,0.10850953862071037,BLOCK_RANGE_ONLY,8.0,quadratic,emitted_flux,W/m2,ESTIMABLE,13.63693763157975,12.517908674126275,14.739731217896095,0.5723915139441551,2.22182254376982,1000.0,0.0
phoenix,28706,2023-07-29,near_-0.02,0.008509538620710373,0.10850953862071037,BLOCK_RANGE_ONLY,8.0,quadratic,temperature_equivalent,K,ESTIMABLE,2.0548021016286953,1.8846575080907286,2.2227503061497473,0.08710364635643723,0.3380927980590187,1000.0,0.0
phoenix,28706,2023-07-29,near_-0.02,0.008509538620710373,0.10850953862071037,BLOCK_RANGE_ONLY,8.0,quadratic,temperature_minus_equivalent,K,ESTIMABLE,-0.3669858707738214,-0.43877585947611975,-0.30314622076128717,0.03466794611254792,0.13562963871483258,1000.0,0.0
phoenix,28706,2023-07-29,near_-0.02,0.008509538620710373,0.10850953862071037,BLOCK_RANGE_ONLY,8.0,quadratic_minus_linear,temperature,K,ESTIMABLE,-0.01741159801330716,-0.02898598071671766,-0.005277919379138843,0.006008623653396682,0.023708061337578815,1000.0,0.0
phoenix,28706,2023-07-29,near_-0.02,0.008509538620710373,0.10850953862071037,BLOCK_RANGE_ONLY,8.0,quadratic_minus_linear,emitted_flux,W/m2,ESTIMABLE,-0.14566574441613334,-0.24080027459681613,-0.04235472516196711,0.05074428449354278,0.19844554943484902,1000.0,0.0
phoenix,28706,2023-07-29,near_-0.02,0.008509538620710373,0.10850953862071037,BLOCK_RANGE_ONLY,8.0,quadratic_minus_linear,temperature_equivalent,K,ESTIMABLE,-0.022168426418602394,-0.03664546541307203,-0.006444209583756334,0.007716752634585974,0.030201255829315696,1000.0,0.0
phoenix,28706,2023-07-29,near_-0.02,0.008509538620710373,0.10850953862071037,BLOCK_RANGE_ONLY,8.0,quadratic_minus_linear,temperature_minus_equivalent,K,ESTIMABLE,0.0047568284052952325,-0.0008093051533615003,0.009916204216845796,0.0026533662177429373,0.010725509370207297,1000.0,0.0
phoenix,28706,2023-07-29,near_-0.01,0.01850953862071037,0.11850953862071037,BLOCK_RANGE_ONLY,1.0,linear,temperature,K,ESTIMABLE,1.705227828868181,1.6407965054271176,1.7723541219765244,0.033236379745203784,0.1315576165494068,1000.0,0.0
phoenix,28706,2023-07-29,near_-0.01,0.01850953862071037,0.11850953862071037,BLOCK_RANGE_ONLY,1.0,linear,emitted_flux,W/m2,ESTIMABLE,13.782603375995883,13.270870216363045,14.312681064949578,0.27303623672539223,1.0418108485865325,1000.0,0.0
phoenix,28706,2023-07-29,near_-0.01,0.01850953862071037,0.11850953862071037,BLOCK_RANGE_ONLY,1.0,linear,temperature_equivalent,K,ESTIMABLE,2.0769705280472976,1.9991122170871578,2.157681261053314,0.041557322338650816,0.158569043966156,1000.0,0.0
phoenix,28706,2023-07-29,near_-0.01,0.01850953862071037,0.11850953862071037,BLOCK_RANGE_ONLY,1.0,linear,temperature_minus_equivalent,K,ESTIMABLE,-0.3717426991791166,-0.4004130969426824,-0.34516470927117826,0.014199105071260614,0.05524838767150414,1000.0,0.0
phoenix,28706,2023-07-29,near_-0.01,0.01850953862071037,0.11850953862071037,BLOCK_RANGE_ONLY,1.0,quadratic,temperature,K,ESTIMABLE,1.7375553437383433,1.6697392645007905,1.8058902034875661,0.03455973992996405,0.13615093898677566,1000.0,0.0
phoenix,28706,2023-07-29,near_-0.01,0.01850953862071037,0.11850953862071037,BLOCK_RANGE_ONLY,1.0,quadratic,emitted_flux,W/m2,ESTIMABLE,14.05305595106032,13.50137400152272,14.591306530380256,0.28105522491093216,1.0899325288575366,1000.0,0.0
phoenix,28706,2023-07-29,near_-0.01,0.01850953862071037,0.11850953862071037,BLOCK_RANGE_ONLY,1.0,quadratic,temperature_equivalent,K,ESTIMABLE,2.1181423904237704,2.0341753198650663,2.200130432082463,0.04279428047114138,0.16595511221739656,1000.0,0.0
phoenix,28706,2023-07-29,near_-0.01,0.01850953862071037,0.11850953862071037,BLOCK_RANGE_ONLY,1.0,quadratic,temperature_minus_equivalent,K,ESTIMABLE,-0.3805870466854271,-0.4087386921137878,-0.35364245051455884,0.014332357234181529,0.05509624159922899,1000.0,0.0
phoenix,28706,2023-07-29,near_-0.01,0.01850953862071037,0.11850953862071037,BLOCK_RANGE_ONLY,1.0,quadratic_minus_linear,temperature,K,ESTIMABLE,0.03232751487016228,0.019001291831722056,0.04883425048442854,0.007418892689167839,0.029832958652706486,1000.0,0.0
phoenix,28706,2023-07-29,near_-0.01,0.01850953862071037,0.11850953862071037,BLOCK_RANGE_ONLY,1.0,quadratic_minus_linear,emitted_flux,W/m2,ESTIMABLE,0.27045257506443754,0.16721048689483312,0.4019409562716429,0.06055429082355228,0.23473046937680977,1000.0,0.0
phoenix,28706,2023-07-29,near_-0.01,0.01850953862071037,0.11850953862071037,BLOCK_RANGE_ONLY,1.0,quadratic_minus_linear,temperature_equivalent,K,ESTIMABLE,0.041171862376472745,0.025445935991830027,0.061200389956258046,0.009220779764550685,0.035754453964428015,1000.0,0.0
phoenix,28706,2023-07-29,near_-0.01,0.01850953862071037,0.11850953862071037,BLOCK_RANGE_ONLY,1.0,quadratic_minus_linear,temperature_minus_equivalent,K,ESTIMABLE,-0.008844347506310468,-0.014471852239596777,-0.0032075218471491205,0.002938366335066042,0.011264330392447657,1000.0,0.0
phoenix,28706,2023-07-29,near_-0.01,0.01850953862071037,0.11850953862071037,BLOCK_RANGE_ONLY,8.0,linear,temperature,K,ESTIMABLE,1.705227828868181,1.5833113924332844,1.824137076957869,0.061232770465752616,0.24082568452458464,1000.0,0.0
phoenix,28706,2023-07-29,near_-0.01,0.01850953862071037,0.11850953862071037,BLOCK_RANGE_ONLY,8.0,linear,emitted_flux,W/m2,ESTIMABLE,13.782603375995883,12.687636369242124,14.85046707378585,0.5583161237292668,2.162830704543726,1000.0,0.0
phoenix,28706,2023-07-29,near_-0.01,0.01850953862071037,0.11850953862071037,BLOCK_RANGE_ONLY,8.0,linear,temperature_equivalent,K,ESTIMABLE,2.0769705280472976,1.910446178669551,2.2396296122179193,0.08497876950665849,0.3291834335483683,1000.0,0.0
phoenix,28706,2023-07-29,near_-0.01,0.01850953862071037,0.11850953862071037,BLOCK_RANGE_ONLY,8.0,linear,temperature_minus_equivalent,K,ESTIMABLE,-0.3717426991791166,-0.4425354109184104,-0.3107146627410202,0.033767391550591046,0.1318207481773902,1000.0,0.0
phoenix,28706,2023-07-29,near_-0.01,0.01850953862071037,0.11850953862071037,BLOCK_RANGE_ONLY,8.0,quadratic,temperature,K,ESTIMABLE,1.7375553437383433,1.6084475085045542,1.870222343643798,0.0679811455416327,0.2617748351392437,1000.0,0.0
phoenix,28706,2023-07-29,near_-0.01,0.01850953862071037,0.11850953862071037,BLOCK_RANGE_ONLY,8.0,quadratic,emitted_flux,W/m2,ESTIMABLE,14.05305595106032,12.917095506416482,15.278340943222572,0.6132488742065832,2.3612454368060902,1000.0,0.0
phoenix,28706,2023-07-29,near_-0.01,0.01850953862071037,0.11850953862071037,BLOCK_RANGE_ONLY,8.0,quadratic,temperature_equivalent,K,ESTIMABLE,2.1181423904237704,1.9453206740562805,2.3048755249511186,0.09338095694089263,0.3595548508948381,1000.0,0.0
phoenix,28706,2023-07-29,near_-0.01,0.01850953862071037,0.11850953862071037,BLOCK_RANGE_ONLY,8.0,quadratic,temperature_minus_equivalent,K,ESTIMABLE,-0.3805870466854271,-0.45580287655369806,-0.31642882967317904,0.03511883853022933,0.13937404688051902,1000.0,0.0
phoenix,28706,2023-07-29,near_-0.01,0.01850953862071037,0.11850953862071037,BLOCK_RANGE_ONLY,8.0,quadratic_minus_linear,temperature,K,ESTIMABLE,0.03232751487016228,0.007033844922676552,0.07401197433899305,0.01742698933629102,0.06697812941631649,1000.0,0.0
phoenix,28706,2023-07-29,near_-0.01,0.01850953862071037,0.11850953862071037,BLOCK_RANGE_ONLY,8.0,quadratic_minus_linear,emitted_flux,W/m2,ESTIMABLE,0.27045257506443754,0.06289175137125072,0.62293274110022,0.14696072372369656,0.5600409897289693,1000.0,0.0
phoenix,28706,2023-07-29,near_-0.01,0.01850953862071037,0.11850953862071037,BLOCK_RANGE_ONLY,8.0,quadratic_minus_linear,temperature_equivalent,K,ESTIMABLE,0.041171862376472745,0.009556766868283263,0.09482163887536783,0.02239055035283227,0.08526487200708457,1000.0,0.0
phoenix,28706,2023-07-29,near_-0.01,0.01850953862071037,0.11850953862071037,BLOCK_RANGE_ONLY,8.0,quadratic_minus_linear,temperature_minus_equivalent,K,ESTIMABLE,-0.008844347506310468,-0.023056506067175853,0.0009901572759808096,0.006165882845794527,0.024046663343156662,1000.0,0.0
phoenix,28706,2023-07-29,historical,0.028509538620710373,0.12850953862071038,BLOCK_RANGE_ONLY,1.0,linear,temperature,K,ESTIMABLE,1.705227828868181,1.6407965054271176,1.7723541219765244,0.033236379745203784,0.1315576165494068,1000.0,0.0
phoenix,28706,2023-07-29,historical,0.028509538620710373,0.12850953862071038,BLOCK_RANGE_ONLY,1.0,linear,emitted_flux,W/m2,ESTIMABLE,13.782603375995883,13.270870216363045,14.312681064949578,0.27303623672539223,1.0418108485865325,1000.0,0.0
phoenix,28706,2023-07-29,historical,0.028509538620710373,0.12850953862071038,BLOCK_RANGE_ONLY,1.0,linear,temperature_equivalent,K,ESTIMABLE,2.0769705280472976,1.9991122170871578,2.157681261053314,0.041557322338650816,0.158569043966156,1000.0,0.0
phoenix,28706,2023-07-29,historical,0.028509538620710373,0.12850953862071038,BLOCK_RANGE_ONLY,1.0,linear,temperature_minus_equivalent,K,ESTIMABLE,-0.3717426991791166,-0.4004130969426824,-0.34516470927117826,0.014199105071260614,0.05524838767150414,1000.0,0.0
phoenix,28706,2023-07-29,historical,0.028509538620710373,0.12850953862071038,BLOCK_RANGE_ONLY,1.0,quadratic,temperature,K,ESTIMABLE,1.7872944566218127,1.7104460024122934,1.864838125643856,0.03881885192051853,0.1543921232315626,1000.0,0.0
phoenix,28706,2023-07-29,historical,0.028509538620710373,0.12850953862071038,BLOCK_RANGE_ONLY,1.0,quadratic,emitted_flux,W/m2,ESTIMABLE,14.469174270540895,13.847608301696027,15.07735915246135,0.311504867705602,1.2297508507653223,1000.0,0.0
phoenix,28706,2023-07-29,historical,0.028509538620710373,0.12850953862071038,BLOCK_RANGE_ONLY,1.0,quadratic,temperature_equivalent,K,ESTIMABLE,2.1815211985571636,2.0868649518847917,2.2742229898923156,0.04745914372742729,0.18735803800752393,1000.0,0.0
phoenix,28706,2023-07-29,historical,0.028509538620710373,0.12850953862071038,BLOCK_RANGE_ONLY,1.0,quadratic,temperature_minus_equivalent,K,ESTIMABLE,-0.3942267419353509,-0.4246292466668119,-0.3647575327109909,0.015517635197703748,0.059871713955821027,1000.0,0.0
phoenix,28706,2023-07-29,historical,0.028509538620710373,0.12850953862071038,BLOCK_RANGE_ONLY,1.0,quadratic_minus_linear,temperature,K,ESTIMABLE,0.08206662775363172,0.04938006053667966,0.12024513686730152,0.017400214862174003,0.07086507633062186,1000.0,0.0
phoenix,28706,2023-07-29,historical,0.028509538620710373,0.12850953862071038,BLOCK_RANGE_ONLY,1.0,quadratic_minus_linear,emitted_flux,W/m2,ESTIMABLE,0.686570894545012,0.42977228997920874,0.977745196586941,0.14094563086332512,0.5479729066077323,1000.0,0.0
phoenix,28706,2023-07-29,historical,0.028509538620710373,0.12850953862071038,BLOCK_RANGE_ONLY,1.0,quadratic_minus_linear,temperature_equivalent,K,ESTIMABLE,0.104550670509866,0.06547152144229643,0.14886702247117256,0.021475879139726976,0.08339550102887613,1000.0,0.0
phoenix,28706,2023-07-29,historical,0.028509538620710373,0.12850953862071038,BLOCK_RANGE_ONLY,1.0,quadratic_minus_linear,temperature_minus_equivalent,K,ESTIMABLE,-0.02248404275623428,-0.03637178154209482,-0.00815601354979629,0.007164378600598499,0.02821576799229853,1000.0,0.0
phoenix,28706,2023-07-29,historical,0.028509538620710373,0.12850953862071038,BLOCK_RANGE_ONLY,8.0,linear,temperature,K,ESTIMABLE,1.705227828868181,1.5833113924332844,1.824137076957869,0.061232770465752616,0.24082568452458464,1000.0,0.0
phoenix,28706,2023-07-29,historical,0.028509538620710373,0.12850953862071038,BLOCK_RANGE_ONLY,8.0,linear,emitted_flux,W/m2,ESTIMABLE,13.782603375995883,12.687636369242124,14.85046707378585,0.5583161237292668,2.162830704543726,1000.0,0.0
phoenix,28706,2023-07-29,historical,0.028509538620710373,0.12850953862071038,BLOCK_RANGE_ONLY,8.0,linear,temperature_equivalent,K,ESTIMABLE,2.0769705280472976,1.910446178669551,2.2396296122179193,0.08497876950665849,0.3291834335483683,1000.0,0.0
phoenix,28706,2023-07-29,historical,0.028509538620710373,0.12850953862071038,BLOCK_RANGE_ONLY,8.0,linear,temperature_minus_equivalent,K,ESTIMABLE,-0.3717426991791166,-0.4425354109184104,-0.3107146627410202,0.033767391550591046,0.1318207481773902,1000.0,0.0
phoenix,28706,2023-07-29,historical,0.028509538620710373,0.12850953862071038,BLOCK_RANGE_ONLY,8.0,quadratic,temperature,K,ESTIMABLE,1.7872944566218127,1.640627560110694,1.9495712745088882,0.07882227453126212,0.3089437143981941,1000.0,0.0
phoenix,28706,2023-07-29,historical,0.028509538620710373,0.12850953862071038,BLOCK_RANGE_ONLY,8.0,quadratic,emitted_flux,W/m2,ESTIMABLE,14.469174270540895,13.224236265838233,15.903488935347537,0.6942025395462701,2.679252669509305,1000.0,0.0
phoenix,28706,2023-07-29,historical,0.028509538620710373,0.12850953862071038,BLOCK_RANGE_ONLY,8.0,quadratic,temperature_equivalent,K,ESTIMABLE,2.1815211985571636,1.9920199240610017,2.4002770420436192,0.10577703135274477,0.40825711798261755,1000.0,0.0
phoenix,28706,2023-07-29,historical,0.028509538620710373,0.12850953862071038,BLOCK_RANGE_ONLY,8.0,quadratic,temperature_minus_equivalent,K,ESTIMABLE,-0.3942267419353509,-0.4735199374747441,-0.3288134060915269,0.037294277279282625,0.14470653138321715,1000.0,0.0
phoenix,28706,2023-07-29,historical,0.028509538620710373,0.12850953862071038,BLOCK_RANGE_ONLY,8.0,quadratic_minus_linear,temperature,K,ESTIMABLE,0.08206662775363172,0.021066448050859294,0.16651916375015643,0.03719918649047646,0.14545271569929713,1000.0,0.0
phoenix,28706,2023-07-29,historical,0.028509538620710373,0.12850953862071038,BLOCK_RANGE_ONLY,8.0,quadratic_minus_linear,emitted_flux,W/m2,ESTIMABLE,0.686570894545012,0.1812359710595703,1.3911504197499915,0.31308269505437836,1.2099144486904212,1000.0,0.0
phoenix,28706,2023-07-29,historical,0.028509538620710373,0.12850953862071038,BLOCK_RANGE_ONLY,8.0,quadratic_minus_linear,temperature_equivalent,K,ESTIMABLE,0.104550670509866,0.027548249294208915,0.21220923518268078,0.047728376297591066,0.18466098588847188,1000.0,0.0
phoenix,28706,2023-07-29,historical,0.028509538620710373,0.12850953862071038,BLOCK_RANGE_ONLY,8.0,quadratic_minus_linear,temperature_minus_equivalent,K,ESTIMABLE,-0.02248404275623428,-0.05186859731037003,0.002946025681325359,0.013959974718359868,0.05481462299169539,1000.0,0.0
phoenix,28706,2023-07-29,near_+0.01,0.038509538620710375,0.1385095386207104,BLOCK_RANGE_ONLY,1.0,linear,temperature,K,ESTIMABLE,1.705227828868181,1.6407965054271176,1.7723541219765244,0.033236379745203784,0.1315576165494068,1000.0,0.0
phoenix,28706,2023-07-29,near_+0.01,0.038509538620710375,0.1385095386207104,BLOCK_RANGE_ONLY,1.0,linear,emitted_flux,W/m2,ESTIMABLE,13.782603375995883,13.270870216363045,14.312681064949578,0.27303623672539223,1.0418108485865325,1000.0,0.0
phoenix,28706,2023-07-29,near_+0.01,0.038509538620710375,0.1385095386207104,BLOCK_RANGE_ONLY,1.0,linear,temperature_equivalent,K,ESTIMABLE,2.0769705280472976,1.9991122170871578,2.157681261053314,0.041557322338650816,0.158569043966156,1000.0,0.0
phoenix,28706,2023-07-29,near_+0.01,0.038509538620710375,0.1385095386207104,BLOCK_RANGE_ONLY,1.0,linear,temperature_minus_equivalent,K,ESTIMABLE,-0.3717426991791166,-0.4004130969426824,-0.34516470927117826,0.014199105071260614,0.05524838767150414,1000.0,0.0
phoenix,28706,2023-07-29,near_+0.01,0.038509538620710375,0.1385095386207104,BLOCK_RANGE_ONLY,1.0,quadratic,temperature,K,ESTIMABLE,1.8370335695052822,1.7494543170081929,1.927242661871522,0.04497788496845657,0.17778834486332906,1000.0,0.0
phoenix,28706,2023-07-29,near_+0.01,0.038509538620710375,0.1385095386207104,BLOCK_RANGE_ONLY,1.0,quadratic,emitted_flux,W/m2,ESTIMABLE,14.885292590021468,14.172910334680717,15.589034031639544,0.3581644431471519,1.4161236969588273,1000.0,0.0
phoenix,28706,2023-07-29,near_+0.01,0.038509538620710375,0.1385095386207104,BLOCK_RANGE_ONLY,1.0,quadratic,temperature_equivalent,K,ESTIMABLE,2.2449385807314,2.136393412158327,2.3522783197657318,0.05460127528501057,0.21588490760740475,1000.0,0.0
phoenix,28706,2023-07-29,near_+0.01,0.038509538620710375,0.1385095386207104,BLOCK_RANGE_ONLY,1.0,quadratic,temperature_minus_equivalent,K,ESTIMABLE,-0.407905011226118,-0.4413212560217138,-0.3740604980422626,0.017676622277959603,0.06726075797945119,1000.0,0.0
phoenix,28706,2023-07-29,near_+0.01,0.038509538620710375,0.1385095386207104,BLOCK_RANGE_ONLY,1.0,quadratic_minus_linear,temperature,K,ESTIMABLE,0.13180574063710115,0.07918674165955633,0.1920095705400385,0.02746041181727663,0.11282282888048217,1000.0,0.0
phoenix,28706,2023-07-29,near_+0.01,0.038509538620710375,0.1385095386207104,BLOCK_RANGE_ONLY,1.0,quadratic_minus_linear,emitted_flux,W/m2,ESTIMABLE,1.1026892140255846,0.6975092017661655,1.5619144056571488,0.2219634252705903,0.8644052038909833,1000.0,0.0
phoenix,28706,2023-07-29,near_+0.01,0.038509538620710375,0.1385095386207104,BLOCK_RANGE_ONLY,1.0,quadratic_minus_linear,temperature_equivalent,K,ESTIMABLE,0.16796805268410253,0.10612909581812176,0.2381826741359106,0.033841623835307075,0.13205357831778886,1000.0,0.0
phoenix,28706,2023-07-29,near_+0.01,0.038509538620710375,0.1385095386207104,BLOCK_RANGE_ONLY,1.0,quadratic_minus_linear,temperature_minus_equivalent,K,ESTIMABLE,-0.03616231204700138,-0.0579888073439601,-0.013082345088078024,0.01141607719708374,0.044906462255882074,1000.0,0.0
phoenix,28706,2023-07-29,near_+0.01,0.038509538620710375,0.1385095386207104,BLOCK_RANGE_ONLY,8.0,linear,temperature,K,ESTIMABLE,1.705227828868181,1.5833113924332844,1.824137076957869,0.061232770465752616,0.24082568452458464,1000.0,0.0
phoenix,28706,2023-07-29,near_+0.01,0.038509538620710375,0.1385095386207104,BLOCK_RANGE_ONLY,8.0,linear,emitted_flux,W/m2,ESTIMABLE,13.782603375995883,12.687636369242124,14.85046707378585,0.5583161237292668,2.162830704543726,1000.0,0.0
phoenix,28706,2023-07-29,near_+0.01,0.038509538620710375,0.1385095386207104,BLOCK_RANGE_ONLY,8.0,linear,temperature_equivalent,K,ESTIMABLE,2.0769705280472976,1.910446178669551,2.2396296122179193,0.08497876950665849,0.3291834335483683,1000.0,0.0
phoenix,28706,2023-07-29,near_+0.01,0.038509538620710375,0.1385095386207104,BLOCK_RANGE_ONLY,8.0,linear,temperature_minus_equivalent,K,ESTIMABLE,-0.3717426991791166,-0.4425354109184104,-0.3107146627410202,0.033767391550591046,0.1318207481773902,1000.0,0.0
phoenix,28706,2023-07-29,near_+0.01,0.038509538620710375,0.1385095386207104,BLOCK_RANGE_ONLY,8.0,quadratic,temperature,K,ESTIMABLE,1.8370335695052822,1.669899251589691,2.02319722478148,0.0928275222900927,0.3532979731917887,1000.0,0.0
phoenix,28706,2023-07-29,near_+0.01,0.038509538620710375,0.1385095386207104,BLOCK_RANGE_ONLY,8.0,quadratic,emitted_flux,W/m2,ESTIMABLE,14.885292590021468,13.465979598140592,16.551024341845334,0.8032191468247185,3.085044743704742,1000.0,0.0
phoenix,28706,2023-07-29,near_+0.01,0.038509538620710375,0.1385095386207104,BLOCK_RANGE_ONLY,8.0,quadratic,temperature_equivalent,K,ESTIMABLE,2.2449385807314,2.02879053364466,2.499187269680354,0.12246846361138541,0.4703967360356942,1000.0,0.0
phoenix,28706,2023-07-29,near_+0.01,0.038509538620710375,0.1385095386207104,BLOCK_RANGE_ONLY,8.0,quadratic,temperature_minus_equivalent,K,ESTIMABLE,-0.407905011226118,-0.4955244231624098,-0.33475954548490544,0.040935234979667806,0.16076487767750436,1000.0,0.0
phoenix,28706,2023-07-29,near_+0.01,0.038509538620710375,0.1385095386207104,BLOCK_RANGE_ONLY,8.0,quadratic_minus_linear,temperature,K,ESTIMABLE,0.13180574063710115,0.035216568432996746,0.2583751838988893,0.057239340604922175,0.22315861546589255,1000.0,0.0
phoenix,28706,2023-07-29,near_+0.01,0.038509538620710375,0.1385095386207104,BLOCK_RANGE_ONLY,8.0,quadratic_minus_linear,emitted_flux,W/m2,ESTIMABLE,1.1026892140255846,0.2990554132508177,2.16093321910391,0.48150279467945156,1.8618778058530925,1000.0,0.0
phoenix,28706,2023-07-29,near_+0.01,0.038509538620710375,0.1385095386207104,BLOCK_RANGE_ONLY,8.0,quadratic_minus_linear,temperature_equivalent,K,ESTIMABLE,0.16796805268410253,0.04549465466066778,0.32950663158977134,0.07344846407504185,0.28401197692910357,1000.0,0.0
phoenix,28706,2023-07-29,near_+0.01,0.038509538620710375,0.1385095386207104,BLOCK_RANGE_ONLY,8.0,quadratic_minus_linear,temperature_minus_equivalent,K,ESTIMABLE,-0.03616231204700138,-0.08129603827680679,0.004886366817373283,0.021882967800317517,0.08618240509418007,1000.0,0.0
phoenix,28706,2023-07-29,near_+0.02,0.04850953862071038,0.14850953862071037,BLOCK_RANGE_ONLY,1.0,linear,temperature,K,ESTIMABLE,1.7052278288681808,1.6407965054271174,1.7723541219765242,0.033236379745203784,0.1315576165494068,1000.0,0.0
phoenix,28706,2023-07-29,near_+0.02,0.04850953862071038,0.14850953862071037,BLOCK_RANGE_ONLY,1.0,linear,emitted_flux,W/m2,ESTIMABLE,13.782603375995881,13.270870216363043,14.312681064949576,0.27303623672539223,1.0418108485865325,1000.0,0.0
phoenix,28706,2023-07-29,near_+0.02,0.04850953862071038,0.14850953862071037,BLOCK_RANGE_ONLY,1.0,linear,temperature_equivalent,K,ESTIMABLE,2.0769705280472976,1.9991122170871578,2.157681261053314,0.041557322338650976,0.158569043966156,1000.0,0.0
phoenix,28706,2023-07-29,near_+0.02,0.04850953862071038,0.14850953862071037,BLOCK_RANGE_ONLY,1.0,linear,temperature_minus_equivalent,K,ESTIMABLE,-0.37174269917911684,-0.4004130969426826,-0.3451647092711785,0.014199105071260756,0.05524838767150414,1000.0,0.0
phoenix,28706,2023-07-29,near_+0.02,0.04850953862071038,0.14850953862071037,BLOCK_RANGE_ONLY,1.0,quadratic,temperature,K,ESTIMABLE,1.8867726823887514,1.7876125219969896,1.9924611999285975,0.05237075748404301,0.20484867793160788,1000.0,0.0
phoenix,28706,2023-07-29,near_+0.02,0.04850953862071038,0.14850953862071037,BLOCK_RANGE_ONLY,1.0,quadratic,emitted_flux,W/m2,ESTIMABLE,15.301410909502037,14.443948582034285,16.108746385571507,0.41560978891456457,1.6647978035372226,1000.0,0.0
phoenix,28706,2023-07-29,near_+0.02,0.04850953862071038,0.14850953862071037,BLOCK_RANGE_ONLY,1.0,quadratic,temperature_equivalent,K,ESTIMABLE,2.308394591771105,2.1776779870016254,2.431619690841221,0.0633977777235069,0.2539417038395957,1000.0,0.0
phoenix,28706,2023-07-29,near_+0.02,0.04850953862071038,0.14850953862071037,BLOCK_RANGE_ONLY,1.0,quadratic,temperature_minus_equivalent,K,ESTIMABLE,-0.42162190938235344,-0.4593434063730028,-0.3813701988962167,0.02051036578491993,0.0779732074767861,1000.0,0.0
phoenix,28706,2023-07-29,near_+0.02,0.04850953862071038,0.14850953862071037,BLOCK_RANGE_ONLY,1.0,quadratic_minus_linear,temperature,K,ESTIMABLE,0.1815448535205706,0.10925765371573032,0.2630984356685796,0.03753611845286085,0.15384078195284928,1000.0,0.0
phoenix,28706,2023-07-29,near_+0.02,0.04850953862071038,0.14850953862071037,BLOCK_RANGE_ONLY,1.0,quadratic_minus_linear,emitted_flux,W/m2,ESTIMABLE,1.5188075335061555,0.9616922799183621,2.1473025021503567,0.30310575057613126,1.1856102222319946,1000.0,0.0
phoenix,28706,2023-07-29,near_+0.02,0.04850953862071038,0.14850953862071037,BLOCK_RANGE_ONLY,1.0,quadratic_minus_linear,temperature_equivalent,K,ESTIMABLE,0.2314240637238072,0.14635267513625508,0.3273983452469665,0.04624164751369101,0.1810456701107114,1000.0,0.0
phoenix,28706,2023-07-29,near_+0.02,0.04850953862071038,0.14850953862071037,BLOCK_RANGE_ONLY,1.0,quadratic_minus_linear,temperature_minus_equivalent,K,ESTIMABLE,-0.0498792102032366,-0.07962885221452858,-0.01812048718586764,0.01568088823805258,0.06150836502866094,1000.0,0.0
phoenix,28706,2023-07-29,near_+0.02,0.04850953862071038,0.14850953862071037,BLOCK_RANGE_ONLY,8.0,linear,temperature,K,ESTIMABLE,1.7052278288681808,1.5833113924332842,1.8241370769578689,0.061232770465752616,0.24082568452458464,1000.0,0.0
phoenix,28706,2023-07-29,near_+0.02,0.04850953862071038,0.14850953862071037,BLOCK_RANGE_ONLY,8.0,linear,emitted_flux,W/m2,ESTIMABLE,13.782603375995881,12.687636369242123,14.850467073785849,0.5583161237292668,2.162830704543726,1000.0,0.0
phoenix,28706,2023-07-29,near_+0.02,0.04850953862071038,0.14850953862071037,BLOCK_RANGE_ONLY,8.0,linear,temperature_equivalent,K,ESTIMABLE,2.0769705280472976,1.910446178669551,2.2396296122179193,0.08497876950665847,0.3291834335483683,1000.0,0.0
phoenix,28706,2023-07-29,near_+0.02,0.04850953862071038,0.14850953862071037,BLOCK_RANGE_ONLY,8.0,linear,temperature_minus_equivalent,K,ESTIMABLE,-0.37174269917911684,-0.44253541091841064,-0.31071466274102044,0.033767391550590956,0.1318207481773902,1000.0,0.0
phoenix,28706,2023-07-29,near_+0.02,0.04850953862071038,0.14850953862071037,BLOCK_RANGE_ONLY,8.0,quadratic,temperature,K,ESTIMABLE,1.8867726823887514,1.6933804156457242,2.1064083011820363,0.1087815698813942,0.4130278855363121,1000.0,0.0
phoenix,28706,2023-07-29,near_+0.02,0.04850953862071038,0.14850953862071037,BLOCK_RANGE_ONLY,8.0,quadratic,emitted_flux,W/m2,ESTIMABLE,15.301410909502037,13.63062027312292,17.215142585243385,0.9304867959598647,3.5845223121204643,1000.0,0.0
phoenix,28706,2023-07-29,near_+0.02,0.04850953862071038,0.14850953862071037,BLOCK_RANGE_ONLY,8.0,quadratic,temperature_equivalent,K,ESTIMABLE,2.308394591771105,2.053840789351996,2.600728228670299,0.14196622202461556,0.546887439318303,1000.0,0.0
phoenix,28706,2023-07-29,near_+0.02,0.04850953862071038,0.14850953862071037,BLOCK_RANGE_ONLY,8.0,quadratic,temperature_minus_equivalent,K,ESTIMABLE,-0.42162190938235344,-0.5161347457997871,-0.33793920689844437,0.04570635895781799,0.17819553890134276,1000.0,0.0
phoenix,28706,2023-07-29,near_+0.02,0.04850953862071038,0.14850953862071037,BLOCK_RANGE_ONLY,8.0,quadratic_minus_linear,temperature,K,ESTIMABLE,0.1815448535205706,0.049366688815134195,0.3480733078544232,0.0773394328226315,0.298706619039289,1000.0,0.0
phoenix,28706,2023-07-29,near_+0.02,0.04850953862071038,0.14850953862071037,BLOCK_RANGE_ONLY,8.0,quadratic_minus_linear,emitted_flux,W/m2,ESTIMABLE,1.5188075335061555,0.4160959341219346,2.928013766046935,0.6504382801943777,2.5119178319250004,1000.0,0.0
phoenix,28706,2023-07-29,near_+0.02,0.04850953862071038,0.14850953862071037,BLOCK_RANGE_ONLY,8.0,quadratic_minus_linear,temperature_equivalent,K,ESTIMABLE,0.2314240637238072,0.0633051616525691,0.4467249328005792,0.09928012669358509,0.38341977114801007,1000.0,0.0
phoenix,28706,2023-07-29,near_+0.02,0.04850953862071038,0.14850953862071037,BLOCK_RANGE_ONLY,8.0,quadratic_minus_linear,temperature_minus_equivalent,K,ESTIMABLE,-0.0498792102032366,-0.11064268810781266,0.006581930493257698,0.029853226931501383,0.11722461860107036,1000.0,0.0
phoenix,28706,2023-07-29,grid_00,0.0,0.1,BLOCK_RANGE_ONLY,1.0,linear,temperature,K,ESTIMABLE,1.705227828868181,1.6407965054271176,1.7723541219765244,0.033236379745203784,0.1315576165494068,1000.0,0.0
phoenix,28706,2023-07-29,grid_00,0.0,0.1,BLOCK_RANGE_ONLY,1.0,linear,emitted_flux,W/m2,ESTIMABLE,13.782603375995883,13.270870216363045,14.312681064949578,0.27303623672539223,1.0418108485865325,1000.0,0.0
phoenix,28706,2023-07-29,grid_00,0.0,0.1,BLOCK_RANGE_ONLY,1.0,linear,temperature_equivalent,K,ESTIMABLE,2.0769705280472976,1.9991122170871578,2.157681261053314,0.041557322338650816,0.158569043966156,1000.0,0.0
phoenix,28706,2023-07-29,grid_00,0.0,0.1,BLOCK_RANGE_ONLY,1.0,linear,temperature_minus_equivalent,K,ESTIMABLE,-0.3717426991791166,-0.4004130969426824,-0.34516470927117826,0.014199105071260614,0.05524838767150414,1000.0,0.0
phoenix,28706,2023-07-29,grid_00,0.0,0.1,BLOCK_RANGE_ONLY,1.0,quadratic,temperature,K,ESTIMABLE,1.6454905406506983,1.5816376302986825,1.712471268353665,0.033956495118448164,0.13083363805498238,1000.0,0.0
phoenix,28706,2023-07-29,grid_00,0.0,0.1,BLOCK_RANGE_ONLY,1.0,quadratic,emitted_flux,W/m2,ESTIMABLE,13.282840140539246,12.776903338555995,13.833110722064182,0.28360444137237834,1.0562073835081875,1000.0,0.0
phoenix,28706,2023-07-29,grid_00,0.0,0.1,BLOCK_RANGE_ONLY,1.0,quadratic,temperature_equivalent,K,ESTIMABLE,2.000932732850913,1.9240120907750609,2.0846581882996262,0.04313505672875805,0.16064609752456538,1000.0,0.0
phoenix,28706,2023-07-29,grid_00,0.0,0.1,BLOCK_RANGE_ONLY,1.0,quadratic,temperature_minus_equivalent,K,ESTIMABLE,-0.35544219220021467,-0.3862116129882304,-0.32685770101788886,0.015322974411733107,0.059353911970341566,1000.0,0.0
phoenix,28706,2023-07-29,grid_00,0.0,0.1,BLOCK_RANGE_ONLY,1.0,quadratic_minus_linear,temperature,K,ESTIMABLE,-0.0597372882174827,-0.08409973037730425,-0.03679888250658351,0.011560707582547028,0.047300847870720746,1000.0,0.0
phoenix,28706,2023-07-29,grid_00,0.0,0.1,BLOCK_RANGE_ONLY,1.0,quadratic_minus_linear,emitted_flux,W/m2,ESTIMABLE,-0.49976323545663703,-0.6875440056979459,-0.3222805584328342,0.09230466321411232,0.36526344726511173,1000.0,0.0
phoenix,28706,2023-07-29,grid_00,0.0,0.1,BLOCK_RANGE_ONLY,1.0,quadratic_minus_linear,temperature_equivalent,K,ESTIMABLE,-0.07603779519638465,-0.10460393838575185,-0.04905691040355578,0.01404033476027867,0.05554702798219607,1000.0,0.0
phoenix,28706,2023-07-29,grid_00,0.0,0.1,BLOCK_RANGE_ONLY,1.0,quadratic_minus_linear,temperature_minus_equivalent,K,ESTIMABLE,0.016300506978901952,0.006180687138309083,0.02560034511578996,0.004952059355369365,0.019419657977480877,1000.0,0.0
phoenix,28706,2023-07-29,grid_00,0.0,0.1,BLOCK_RANGE_ONLY,8.0,linear,temperature,K,ESTIMABLE,1.705227828868181,1.5833113924332844,1.824137076957869,0.061232770465752616,0.24082568452458464,1000.0,0.0
phoenix,28706,2023-07-29,grid_00,0.0,0.1,BLOCK_RANGE_ONLY,8.0,linear,emitted_flux,W/m2,ESTIMABLE,13.782603375995883,12.687636369242124,14.85046707378585,0.5583161237292668,2.162830704543726,1000.0,0.0
phoenix,28706,2023-07-29,grid_00,0.0,0.1,BLOCK_RANGE_ONLY,8.0,linear,temperature_equivalent,K,ESTIMABLE,2.0769705280472976,1.910446178669551,2.2396296122179193,0.08497876950665849,0.3291834335483683,1000.0,0.0
phoenix,28706,2023-07-29,grid_00,0.0,0.1,BLOCK_RANGE_ONLY,8.0,linear,temperature_minus_equivalent,K,ESTIMABLE,-0.3717426991791166,-0.4425354109184104,-0.3107146627410202,0.033767391550591046,0.1318207481773902,1000.0,0.0
phoenix,28706,2023-07-29,grid_00,0.0,0.1,BLOCK_RANGE_ONLY,8.0,quadratic,temperature,K,ESTIMABLE,1.6454905406506983,1.5268931879902843,1.7677393246815443,0.061800856742979,0.24084613669125998,1000.0,0.0
phoenix,28706,2023-07-29,grid_00,0.0,0.1,BLOCK_RANGE_ONLY,8.0,quadratic,emitted_flux,W/m2,ESTIMABLE,13.282840140539246,12.164045963853347,14.4194377108063,0.575860556562177,2.2553917469529523,1000.0,0.0
phoenix,28706,2023-07-29,grid_00,0.0,0.1,BLOCK_RANGE_ONLY,8.0,quadratic,temperature_equivalent,K,ESTIMABLE,2.000932732850913,1.8309115900958233,2.1739438154469655,0.08758495420877882,0.3430322253511422,1000.0,0.0
phoenix,28706,2023-07-29,grid_00,0.0,0.1,BLOCK_RANGE_ONLY,8.0,quadratic,temperature_minus_equivalent,K,ESTIMABLE,-0.35544219220021467,-0.4255982159361906,-0.28889357896342394,0.03568547703317664,0.1367046369727667,1000.0,0.0
phoenix,28706,2023-07-29,grid_00,0.0,0.1,BLOCK_RANGE_ONLY,8.0,quadratic_minus_linear,temperature,K,ESTIMABLE,-0.0597372882174827,-0.09924285554485354,-0.018142355394703324,0.021171982350286306,0.08110050015015022,1000.0,0.0
phoenix,28706,2023-07-29,grid_00,0.0,0.1,BLOCK_RANGE_ONLY,8.0,quadratic_minus_linear,emitted_flux,W/m2,ESTIMABLE,-0.49976323545663703,-0.8330942200232996,-0.15165822359964884,0.17774446535891608,0.6814359964236507,1000.0,0.0
phoenix,28706,2023-07-29,grid_00,0.0,0.1,BLOCK_RANGE_ONLY,8.0,quadratic_minus_linear,temperature_equivalent,K,ESTIMABLE,-0.07603779519638465,-0.12670276967696878,-0.023063993210644188,0.027037694484648076,0.10363877646632459,1000.0,0.0
phoenix,28706,2023-07-29,grid_00,0.0,0.1,BLOCK_RANGE_ONLY,8.0,quadratic_minus_linear,temperature_minus_equivalent,K,ESTIMABLE,0.016300506978901952,-0.002155337850440941,0.032516928439417656,0.008882698879318756,0.034672266289858596,1000.0,0.0
phoenix,28706,2023-07-29,grid_01,0.1,0.2,BLOCK_RANGE_ONLY,1.0,linear,temperature,K,ESTIMABLE,1.705227828868181,1.6407965054271176,1.7723541219765244,0.033236379745203784,0.1315576165494068,1000.0,0.0
phoenix,28706,2023-07-29,grid_01,0.1,0.2,BLOCK_RANGE_ONLY,1.0,linear,emitted_flux,W/m2,ESTIMABLE,13.782603375995883,13.270870216363045,14.312681064949578,0.27303623672539223,1.0418108485865325,1000.0,0.0
phoenix,28706,2023-07-29,grid_01,0.1,0.2,BLOCK_RANGE_ONLY,1.0,linear,temperature_equivalent,K,ESTIMABLE,2.0769705280472976,1.9991122170871578,2.157681261053314,0.041557322338650816,0.158569043966156,1000.0,0.0
phoenix,28706,2023-07-29,grid_01,0.1,0.2,BLOCK_RANGE_ONLY,1.0,linear,temperature_minus_equivalent,K,ESTIMABLE,-0.3717426991791166,-0.4004130969426824,-0.34516470927117826,0.014199105071260614,0.05524838767150414,1000.0,0.0
phoenix,28706,2023-07-29,grid_01,0.1,0.2,BLOCK_RANGE_ONLY,1.0,quadratic,temperature,K,ESTIMABLE,2.1428816694853925,1.9491093446012273,2.3581932356028976,0.09834240047902416,0.4090838910016703,1000.0,0.0
phoenix,28706,2023-07-29,grid_01,0.1,0.2,BLOCK_RANGE_ONLY,1.0,quadratic,emitted_flux,W/m2,ESTIMABLE,17.444023335344973,15.942077657530616,19.054168161732633,0.7814242754448708,3.1120905042020173,1000.0,0.0
phoenix,28706,2023-07-29,grid_01,0.1,0.2,BLOCK_RANGE_ONLY,1.0,quadratic,temperature_equivalent,K,ESTIMABLE,2.6357461262589936,2.406168789684938,2.8824259890103674,0.1195818743728822,0.4762571993254294,1000.0,0.0
phoenix,28706,2023-07-29,grid_01,0.1,0.2,BLOCK_RANGE_ONLY,1.0,quadratic,temperature_minus_equivalent,K,ESTIMABLE,-0.49286445677360113,-0.5692469879817064,-0.4159041926296997,0.03957813081259575,0.15334279535200668,1000.0,0.0
phoenix,28706,2023-07-29,grid_01,0.1,0.2,BLOCK_RANGE_ONLY,1.0,quadratic_minus_linear,temperature,K,ESTIMABLE,0.43765384061721146,0.2639189968397772,0.6307334302332127,0.08946414260594648,0.3668144333934355,1000.0,0.0
phoenix,28706,2023-07-29,grid_01,0.1,0.2,BLOCK_RANGE_ONLY,1.0,quadratic_minus_linear,emitted_flux,W/m2,ESTIMABLE,3.6614199593490895,2.31699542461975,5.144868216477507,0.7212964893974928,2.827872791857757,1000.0,0.0
phoenix,28706,2023-07-29,grid_01,0.1,0.2,BLOCK_RANGE_ONLY,1.0,quadratic_minus_linear,temperature_equivalent,K,ESTIMABLE,0.558775598211696,0.3529449688569201,0.7861843003850651,0.11039246820080668,0.43323933152814503,1000.0,0.0
phoenix,28706,2023-07-29,grid_01,0.1,0.2,BLOCK_RANGE_ONLY,1.0,quadratic_minus_linear,temperature_minus_equivalent,K,ESTIMABLE,-0.12112175759448451,-0.19260419151996522,-0.04422856186850189,0.037812628037251154,0.14837562965146334,1000.0,0.0
phoenix,28706,2023-07-29,grid_01,0.1,0.2,BLOCK_RANGE_ONLY,8.0,linear,temperature,K,ESTIMABLE,1.705227828868181,1.5833113924332844,1.824137076957869,0.061232770465752616,0.24082568452458464,1000.0,0.0
phoenix,28706,2023-07-29,grid_01,0.1,0.2,BLOCK_RANGE_ONLY,8.0,linear,emitted_flux,W/m2,ESTIMABLE,13.782603375995883,12.687636369242124,14.85046707378585,0.5583161237292668,2.162830704543726,1000.0,0.0
phoenix,28706,2023-07-29,grid_01,0.1,0.2,BLOCK_RANGE_ONLY,8.0,linear,temperature_equivalent,K,ESTIMABLE,2.0769705280472976,1.910446178669551,2.2396296122179193,0.08497876950665849,0.3291834335483683,1000.0,0.0
phoenix,28706,2023-07-29,grid_01,0.1,0.2,BLOCK_RANGE_ONLY,8.0,linear,temperature_minus_equivalent,K,ESTIMABLE,-0.3717426991791166,-0.4425354109184104,-0.3107146627410202,0.033767391550591046,0.1318207481773902,1000.0,0.0
phoenix,28706,2023-07-29,grid_01,0.1,0.2,BLOCK_RANGE_ONLY,8.0,quadratic,temperature,K,ESTIMABLE,2.1428816694853925,1.7883987567839073,2.5661479730811485,0.20311953799052665,0.7777492162972413,1000.0,0.0
phoenix,28706,2023-07-29,grid_01,0.1,0.2,BLOCK_RANGE_ONLY,8.0,quadratic,emitted_flux,W/m2,ESTIMABLE,17.444023335344973,14.358029855703904,21.0945682604255,1.7060539739834508,6.736538404721596,1000.0,0.0
phoenix,28706,2023-07-29,grid_01,0.1,0.2,BLOCK_RANGE_ONLY,8.0,quadratic,temperature_equivalent,K,ESTIMABLE,2.6357461262589936,2.1645890678567428,3.1958657045875456,0.2611702383235362,1.0312766367308028,1000.0,0.0
phoenix,28706,2023-07-29,grid_01,0.1,0.2,BLOCK_RANGE_ONLY,8.0,quadratic,temperature_minus_equivalent,K,ESTIMABLE,-0.49286445677360113,-0.657828212444873,-0.3424763161914946,0.07937587117563429,0.3153518962533784,1000.0,0.0
phoenix,28706,2023-07-29,grid_01,0.1,0.2,BLOCK_RANGE_ONLY,8.0,quadratic_minus_linear,temperature,K,ESTIMABLE,0.43765384061721146,0.12224614324375423,0.8227113713198408,0.18103066233909115,0.7004652280760866,1000.0,0.0
phoenix,28706,2023-07-29,grid_01,0.1,0.2,BLOCK_RANGE_ONLY,8.0,quadratic_minus_linear,emitted_flux,W/m2,ESTIMABLE,3.6614199593490895,1.0194934169866272,6.877746893764386,1.5219728088205338,5.858253476777759,1000.0,0.0
phoenix,28706,2023-07-29,grid_01,0.1,0.2,BLOCK_RANGE_ONLY,8.0,quadratic_minus_linear,temperature_equivalent,K,ESTIMABLE,0.558775598211696,0.1551684900886272,1.0523874054003086,0.23307368235742099,0.8972189153116814,1000.0,0.0
phoenix,28706,2023-07-29,grid_01,0.1,0.2,BLOCK_RANGE_ONLY,8.0,quadratic_minus_linear,temperature_minus_equivalent,K,ESTIMABLE,-0.12112175759448451,-0.26642221053987664,0.014685687890153763,0.0713758875120547,0.2811078984300304,1000.0,0.0
phoenix,28706,2023-07-29,grid_02,0.2,0.3,BLOCK_RANGE_ONLY,1.0,linear,temperature,K,ESTIMABLE,1.7052278288681804,1.6407965054271172,1.772354121976524,0.03323637974520376,0.1315576165494068,1000.0,0.0
phoenix,28706,2023-07-29,grid_02,0.2,0.3,BLOCK_RANGE_ONLY,1.0,linear,emitted_flux,W/m2,ESTIMABLE,13.782603375995878,13.270870216363042,14.312681064949572,0.2730362367253921,1.0418108485865307,1000.0,0.0
phoenix,28706,2023-07-29,grid_02,0.2,0.3,BLOCK_RANGE_ONLY,1.0,linear,temperature_equivalent,K,ESTIMABLE,2.0769705280472976,1.9991122170871578,2.157681261053314,0.041557322338651115,0.158569043966156,1000.0,0.0
phoenix,28706,2023-07-29,grid_02,0.2,0.3,BLOCK_RANGE_ONLY,1.0,linear,temperature_minus_equivalent,K,ESTIMABLE,-0.3717426991791173,-0.40041309694268284,-0.3451647092711787,0.014199105071260654,0.05524838767150414,1000.0,0.0
phoenix,28706,2023-07-29,grid_02,0.2,0.3,BLOCK_RANGE_ONLY,1.0,quadratic,temperature,K,ESTIMABLE,2.6402727983200855,2.2576602478680927,3.069134935154815,0.19633475251223734,0.8114746872867222,1000.0,0.0
phoenix,28706,2023-07-29,grid_02,0.2,0.3,BLOCK_RANGE_ONLY,1.0,quadratic,emitted_flux,W/m2,ESTIMABLE,21.60520653015069,18.602233413681734,24.85708352593641,1.5688022740136587,6.254850112254676,1000.0,0.0
phoenix,28706,2023-07-29,grid_02,0.2,0.3,BLOCK_RANGE_ONLY,1.0,quadratic,temperature_equivalent,K,ESTIMABLE,3.27445649191435,2.813128905379101,3.7763441234943174,0.24157912046381608,0.9632152181152165,1000.0,0.0
phoenix,28706,2023-07-29,grid_02,0.2,0.3,BLOCK_RANGE_ONLY,1.0,quadratic,temperature_minus_equivalent,K,ESTIMABLE,-0.6341836935942644,-0.7934070093445572,-0.47489001903535083,0.08197452144728583,0.3185169903092064,1000.0,0.0
phoenix,28706,2023-07-29,grid_02,0.2,0.3,BLOCK_RANGE_ONLY,1.0,quadratic_minus_linear,temperature,K,ESTIMABLE,0.9350449694519052,0.5630129273597114,1.3437817669376018,0.190346890716508,0.7807688395778903,1000.0,0.0
phoenix,28706,2023-07-29,grid_02,0.2,0.3,BLOCK_RANGE_ONLY,1.0,quadratic_minus_linear,emitted_flux,W/m2,ESTIMABLE,7.822603154154811,4.954892086997795,10.968550922458443,1.5337344483288842,6.013658835460648,1000.0,0.0
phoenix,28706,2023-07-29,grid_02,0.2,0.3,BLOCK_RANGE_ONLY,1.0,quadratic_minus_linear,temperature_equivalent,K,ESTIMABLE,1.1974859638670523,0.7564381700201779,1.6831129535602685,0.23620217558589018,0.9266747835400906,1000.0,0.0
phoenix,28706,2023-07-29,grid_02,0.2,0.3,BLOCK_RANGE_ONLY,1.0,quadratic_minus_linear,temperature_minus_equivalent,K,ESTIMABLE,-0.2624409944151471,-0.41805280694927266,-0.09755035252401097,0.08160105069327236,0.3205024544252617,1000.0,0.0
phoenix,28706,2023-07-29,grid_02,0.2,0.3,BLOCK_RANGE_ONLY,8.0,linear,temperature,K,ESTIMABLE,1.7052278288681804,1.583311392433284,1.8241370769578684,0.0612327704657526,0.24082568452458442,1000.0,0.0
phoenix,28706,2023-07-29,grid_02,0.2,0.3,BLOCK_RANGE_ONLY,8.0,linear,emitted_flux,W/m2,ESTIMABLE,13.782603375995878,12.68763636924212,14.850467073785847,0.5583161237292666,2.162830704543726,1000.0,0.0
phoenix,28706,2023-07-29,grid_02,0.2,0.3,BLOCK_RANGE_ONLY,8.0,linear,temperature_equivalent,K,ESTIMABLE,2.0769705280472976,1.910446178669551,2.2396296122179193,0.08497876950665853,0.3291834335483683,1000.0,0.0
phoenix,28706,2023-07-29,grid_02,0.2,0.3,BLOCK_RANGE_ONLY,8.0,linear,temperature_minus_equivalent,K,ESTIMABLE,-0.3717426991791173,-0.44253541091841087,-0.31071466274102066,0.03376739155059104,0.1318207481773902,1000.0,0.0
phoenix,28706,2023-07-29,grid_02,0.2,0.3,BLOCK_RANGE_ONLY,8.0,quadratic,temperature,K,ESTIMABLE,2.6402727983200855,1.9191547697810738,3.489340606656463,0.3999300681913072,1.5701858368753894,1000.0,0.0
phoenix,28706,2023-07-29,grid_02,0.2,0.3,BLOCK_RANGE_ONLY,8.0,quadratic,emitted_flux,W/m2,ESTIMABLE,21.60520653015069,15.74788790323798,28.67916998172449,3.3510759041439573,12.931282078486507,1000.0,0.0
phoenix,28706,2023-07-29,grid_02,0.2,0.3,BLOCK_RANGE_ONLY,8.0,quadratic,temperature_equivalent,K,ESTIMABLE,3.27445649191435,2.3765232258776607,4.369360138709103,0.5163524913199612,1.9928369128314425,1000.0,0.0
phoenix,28706,2023-07-29,grid_02,0.2,0.3,BLOCK_RANGE_ONLY,8.0,quadratic,temperature_minus_equivalent,K,ESTIMABLE,-0.6341836935942644,-0.9601619630805882,-0.32556595873595057,0.15806519429556495,0.6345960043446377,1000.0,0.0
phoenix,28706,2023-07-29,grid_02,0.2,0.3,BLOCK_RANGE_ONLY,8.0,quadratic_minus_linear,temperature,K,ESTIMABLE,0.9350449694519052,0.26384103894661404,1.7431826262625787,0.38254968368555625,1.4793415873159645,1000.0,0.0
phoenix,28706,2023-07-29,grid_02,0.2,0.3,BLOCK_RANGE_ONLY,8.0,quadratic_minus_linear,emitted_flux,W/m2,ESTIMABLE,7.822603154154811,2.191396827215719,14.555321816673242,3.215788260794123,12.363924989457523,1000.0,0.0
phoenix,28706,2023-07-29,grid_02,0.2,0.3,BLOCK_RANGE_ONLY,8.0,quadratic_minus_linear,temperature_equivalent,K,ESTIMABLE,1.1974859638670523,0.3338199313869552,2.2415010146438656,0.49567138879797873,1.9076810832569104,1000.0,0.0
phoenix,28706,2023-07-29,grid_02,0.2,0.3,BLOCK_RANGE_ONLY,8.0,quadratic_minus_linear,temperature_minus_equivalent,K,ESTIMABLE,-0.2624409944151471,-0.5731429970603616,0.0293686774529052,0.15410652838946604,0.6025116745132668,1000.0,0.0
phoenix,28706,2023-07-29,grid_03,0.3,0.4,NO_SPANNING_BLOCKS,,,,,NOT_ESTIMATED_NO_REFERENCE_BLOCKS,,,,,,,
phoenix,28706,2023-07-29,grid_04,0.4,0.5,NO_SPANNING_BLOCKS,,,,,NOT_ESTIMATED_NO_REFERENCE_BLOCKS,,,,,,,
phoenix,28706,2023-07-29,grid_05,0.5,0.6,NO_SPANNING_BLOCKS,,,,,NOT_ESTIMATED_NO_REFERENCE_BLOCKS,,,,,,,
phoenix,28706,2023-07-29,grid_06,0.6,0.7,NO_SPANNING_BLOCKS,,,,,NOT_ESTIMATED_NO_REFERENCE_BLOCKS,,,,,,,
phoenix,28706,2023-07-29,grid_07,0.7,0.8,NO_SPANNING_BLOCKS,,,,,NOT_ESTIMATED_NO_REFERENCE_BLOCKS,,,,,,,
phoenix,28706,2023-07-29,grid_08,0.8,0.9,NO_SPANNING_BLOCKS,,,,,NOT_ESTIMATED_NO_REFERENCE_BLOCKS,,,,,,,
phoenix,28706,2023-07-29,grid_09,0.9,1.0,NO_SPANNING_BLOCKS,,,,,NOT_ESTIMATED_NO_REFERENCE_BLOCKS,,,,,,,
phoenix,28828,2023-08-06,near_-0.02,0.008509538620710373,0.10850953862071037,BLOCK_RANGE_ONLY,1.0,linear,temperature,K,ESTIMABLE,1.4410557503682782,1.3829353543697855,1.5041283278084236,0.030406778711168262,0.12119297343863811,1000.0,0.0
phoenix,28828,2023-08-06,near_-0.02,0.008509538620710373,0.10850953862071037,BLOCK_RANGE_ONLY,1.0,linear,emitted_flux,W/m2,ESTIMABLE,11.692047495727621,11.265110272356331,12.15119087842367,0.22749966528058035,0.8860806060673383,1000.0,0.0
phoenix,28828,2023-08-06,near_-0.02,0.008509538620710373,0.10850953862071037,BLOCK_RANGE_ONLY,1.0,linear,temperature_equivalent,K,ESTIMABLE,1.7592658717378526,1.6945024512347047,1.8289596355041566,0.03452150787169334,0.13445718426945197,1000.0,0.0
phoenix,28828,2023-08-06,near_-0.02,0.008509538620710373,0.10850953862071037,BLOCK_RANGE_ONLY,1.0,linear,temperature_minus_equivalent,K,ESTIMABLE,-0.3182101213695745,-0.34573537167350243,-0.29274428384390994,0.013218015520204896,0.0529910878295925,1000.0,0.0
phoenix,28828,2023-08-06,near_-0.02,0.008509538620710373,0.10850953862071037,BLOCK_RANGE_ONLY,1.0,quadratic,temperature,K,ESTIMABLE,1.4257832658143959,1.3693626794160896,1.4877166329380629,0.030137169328376616,0.11835395352197331,1000.0,0.0
phoenix,28828,2023-08-06,near_-0.02,0.008509538620710373,0.10850953862071037,BLOCK_RANGE_ONLY,1.0,quadratic,emitted_flux,W/m2,ESTIMABLE,11.5444227461582,11.112804471161919,12.00360609528084,0.22756378462566934,0.8908016241189216,1000.0,0.0
phoenix,28828,2023-08-06,near_-0.02,0.008509538620710373,0.10850953862071037,BLOCK_RANGE_ONLY,1.0,quadratic,temperature_equivalent,K,ESTIMABLE,1.7368676726576382,1.6714084387367663,1.806552538071766,0.034523936038247015,0.1351440993349997,1000.0,0.0
phoenix,28828,2023-08-06,near_-0.02,0.008509538620710373,0.10850953862071037,BLOCK_RANGE_ONLY,1.0,quadratic,temperature_minus_equivalent,K,ESTIMABLE,-0.31108440684324234,-0.33890949098484185,-0.28537967228399946,0.01343570133197339,0.05352981870084239,1000.0,0.0
phoenix,28828,2023-08-06,near_-0.02,0.008509538620710373,0.10850953862071037,BLOCK_RANGE_ONLY,1.0,quadratic_minus_linear,temperature,K,ESTIMABLE,-0.015272484553882304,-0.021325819330736177,-0.009052532039121248,0.0031020402920786724,0.01227328729161493,1000.0,0.0
phoenix,28828,2023-08-06,near_-0.02,0.008509538620710373,0.10850953862071037,BLOCK_RANGE_ONLY,1.0,quadratic_minus_linear,emitted_flux,W/m2,ESTIMABLE,-0.14762474956942206,-0.19102779515545154,-0.1036100719603418,0.022864496461850348,0.08741772319510974,1000.0,0.0
phoenix,28828,2023-08-06,near_-0.02,0.008509538620710373,0.10850953862071037,BLOCK_RANGE_ONLY,1.0,quadratic_minus_linear,temperature_equivalent,K,ESTIMABLE,-0.022398199080214454,-0.028996268834512763,-0.015722032809972575,0.00346913783631341,0.013274236024540188,1000.0,0.0
phoenix,28828,2023-08-06,near_-0.02,0.008509538620710373,0.10850953862071037,BLOCK_RANGE_ONLY,1.0,quadratic_minus_linear,temperature_minus_equivalent,K,ESTIMABLE,0.00712571452633215,0.004530238619669613,0.009809070008137863,0.0013400830615312375,0.00527883138846825,1000.0,0.0
phoenix,28828,2023-08-06,near_-0.02,0.008509538620710373,0.10850953862071037,BLOCK_RANGE_ONLY,8.0,linear,temperature,K,ESTIMABLE,1.4410557503682782,1.334215593674379,1.5373359246958251,0.05163224376507922,0.20312033102144622,1000.0,0.0
phoenix,28828,2023-08-06,near_-0.02,0.008509538620710373,0.10850953862071037,BLOCK_RANGE_ONLY,8.0,linear,emitted_flux,W/m2,ESTIMABLE,11.692047495727621,10.79918702757556,12.538932598228755,0.4485547443004116,1.739745570653195,1000.0,0.0
phoenix,28828,2023-08-06,near_-0.02,0.008509538620710373,0.10850953862071037,BLOCK_RANGE_ONLY,8.0,linear,temperature_equivalent,K,ESTIMABLE,1.7592658717378526,1.6238709536136724,1.8878515704622614,0.06806434399188055,0.263980616848589,1000.0,0.0
phoenix,28828,2023-08-06,near_-0.02,0.008509538620710373,0.10850953862071037,BLOCK_RANGE_ONLY,8.0,linear,temperature_minus_equivalent,K,ESTIMABLE,-0.3182101213695745,-0.372784540894096,-0.26702770445745255,0.0281453585225941,0.10575683643664346,1000.0,0.0
phoenix,28828,2023-08-06,near_-0.02,0.008509538620710373,0.10850953862071037,BLOCK_RANGE_ONLY,8.0,quadratic,temperature,K,ESTIMABLE,1.4257832658143959,1.3219889793063708,1.5230135625072037,0.05152792759592694,0.20102458320083283,1000.0,0.0
phoenix,28828,2023-08-06,near_-0.02,0.008509538620710373,0.10850953862071037,BLOCK_RANGE_ONLY,8.0,quadratic,emitted_flux,W/m2,ESTIMABLE,11.5444227461582,10.661492496525613,12.434723554262478,0.4531161479215781,1.773231057736865,1000.0,0.0
phoenix,28828,2023-08-06,near_-0.02,0.008509538620710373,0.10850953862071037,BLOCK_RANGE_ONLY,8.0,quadratic,temperature_equivalent,K,ESTIMABLE,1.7368676726576382,1.6030063383626483,1.8720205682461213,0.0687430887728653,0.269014229883473,1000.0,0.0
phoenix,28828,2023-08-06,near_-0.02,0.008509538620710373,0.10850953862071037,BLOCK_RANGE_ONLY,8.0,quadratic,temperature_minus_equivalent,K,ESTIMABLE,-0.31108440684324234,-0.36731263506614553,-0.2594013682824362,0.028943877710419272,0.10791126678370933,1000.0,0.0
phoenix,28828,2023-08-06,near_-0.02,0.008509538620710373,0.10850953862071037,BLOCK_RANGE_ONLY,8.0,quadratic_minus_linear,temperature,K,ESTIMABLE,-0.015272484553882304,-0.025604335781675598,-0.0036194784106063534,0.0057940282480487375,0.021984857371069245,1000.0,0.0
phoenix,28828,2023-08-06,near_-0.02,0.008509538620710373,0.10850953862071037,BLOCK_RANGE_ONLY,8.0,quadratic_minus_linear,emitted_flux,W/m2,ESTIMABLE,-0.14762474956942206,-0.2249559923799333,-0.05480067581753665,0.04663708425193426,0.17015531656239666,1000.0,0.0
phoenix,28828,2023-08-06,near_-0.02,0.008509538620710373,0.10850953862071037,BLOCK_RANGE_ONLY,8.0,quadratic_minus_linear,temperature_equivalent,K,ESTIMABLE,-0.022398199080214454,-0.034150490921777535,-0.008321822794528096,0.007074271348011194,0.02582866812724944,1000.0,0.0
phoenix,28828,2023-08-06,near_-0.02,0.008509538620710373,0.10850953862071037,BLOCK_RANGE_ONLY,8.0,quadratic_minus_linear,temperature_minus_equivalent,K,ESTIMABLE,0.00712571452633215,0.003078013807205948,0.01094850647339907,0.001997852834650567,0.007870492666193121,1000.0,0.0
phoenix,28828,2023-08-06,near_-0.01,0.01850953862071037,0.11850953862071037,BLOCK_RANGE_ONLY,1.0,linear,temperature,K,ESTIMABLE,1.4410557503682782,1.3829353543697855,1.5041283278084236,0.030406778711168262,0.12119297343863811,1000.0,0.0
phoenix,28828,2023-08-06,near_-0.01,0.01850953862071037,0.11850953862071037,BLOCK_RANGE_ONLY,1.0,linear,emitted_flux,W/m2,ESTIMABLE,11.692047495727621,11.265110272356331,12.15119087842367,0.22749966528058035,0.8860806060673383,1000.0,0.0
phoenix,28828,2023-08-06,near_-0.01,0.01850953862071037,0.11850953862071037,BLOCK_RANGE_ONLY,1.0,linear,temperature_equivalent,K,ESTIMABLE,1.7592658717378526,1.6945024512347047,1.8289596355041566,0.03452150787169334,0.13445718426945197,1000.0,0.0
phoenix,28828,2023-08-06,near_-0.01,0.01850953862071037,0.11850953862071037,BLOCK_RANGE_ONLY,1.0,linear,temperature_minus_equivalent,K,ESTIMABLE,-0.3182101213695745,-0.34573537167350243,-0.29274428384390994,0.013218015520204896,0.0529910878295925,1000.0,0.0
phoenix,28828,2023-08-06,near_-0.01,0.01850953862071037,0.11850953862071037,BLOCK_RANGE_ONLY,1.0,quadratic,temperature,K,ESTIMABLE,1.4694118916074428,1.4107185118585497,1.5323156783570369,0.03157916490446647,0.12159716649848717,1000.0,0.0
phoenix,28828,2023-08-06,near_-0.01,0.01850953862071037,0.11850953862071037,BLOCK_RANGE_ONLY,1.0,quadratic,emitted_flux,W/m2,ESTIMABLE,11.96613965371398,11.528282074557517,12.441835841095033,0.23452575522377908,0.9135537665375164,1000.0,0.0
phoenix,28828,2023-08-06,near_-0.01,0.01850953862071037,0.11850953862071037,BLOCK_RANGE_ONLY,1.0,quadratic,temperature_equivalent,K,ESTIMABLE,1.8008649518989728,1.734419039119564,1.8731009599545814,0.035602145959550816,0.1386819208350174,1000.0,0.0
phoenix,28828,2023-08-06,near_-0.01,0.01850953862071037,0.11850953862071037,BLOCK_RANGE_ONLY,1.0,quadratic,temperature_minus_equivalent,K,ESTIMABLE,-0.33145306029153,-0.35932577880777256,-0.305643657022069,0.013514480941245417,0.05368212178570353,1000.0,0.0
phoenix,28828,2023-08-06,near_-0.01,0.01850953862071037,0.11850953862071037,BLOCK_RANGE_ONLY,1.0,quadratic_minus_linear,temperature,K,ESTIMABLE,0.028356141239164634,0.016274902629168163,0.041905018264103935,0.00651113059160644,0.025630115634935773,1000.0,0.0
phoenix,28828,2023-08-06,near_-0.01,0.01850953862071037,0.11850953862071037,BLOCK_RANGE_ONLY,1.0,quadratic_minus_linear,emitted_flux,W/m2,ESTIMABLE,0.27409215798635955,0.18327184087413023,0.3805934916244888,0.052792666314049976,0.19732165075035857,1000.0,0.0
phoenix,28828,2023-08-06,near_-0.01,0.01850953862071037,0.11850953862071037,BLOCK_RANGE_ONLY,1.0,quadratic_minus_linear,temperature_equivalent,K,ESTIMABLE,0.04159908016112013,0.027808748203223387,0.057763811773460814,0.008014647842099843,0.029955063570237427,1000.0,0.0
phoenix,28828,2023-08-06,near_-0.01,0.01850953862071037,0.11850953862071037,BLOCK_RANGE_ONLY,1.0,quadratic_minus_linear,temperature_minus_equivalent,K,ESTIMABLE,-0.013242938921955494,-0.019956513452188546,-0.008040731436838994,0.003077555422538136,0.011915782015349551,1000.0,0.0
phoenix,28828,2023-08-06,near_-0.01,0.01850953862071037,0.11850953862071037,BLOCK_RANGE_ONLY,8.0,linear,temperature,K,ESTIMABLE,1.4410557503682782,1.334215593674379,1.5373359246958251,0.05163224376507922,0.20312033102144622,1000.0,0.0
phoenix,28828,2023-08-06,near_-0.01,0.01850953862071037,0.11850953862071037,BLOCK_RANGE_ONLY,8.0,linear,emitted_flux,W/m2,ESTIMABLE,11.692047495727621,10.79918702757556,12.538932598228755,0.4485547443004116,1.739745570653195,1000.0,0.0
phoenix,28828,2023-08-06,near_-0.01,0.01850953862071037,0.11850953862071037,BLOCK_RANGE_ONLY,8.0,linear,temperature_equivalent,K,ESTIMABLE,1.7592658717378526,1.6238709536136724,1.8878515704622614,0.06806434399188055,0.263980616848589,1000.0,0.0
phoenix,28828,2023-08-06,near_-0.01,0.01850953862071037,0.11850953862071037,BLOCK_RANGE_ONLY,8.0,linear,temperature_minus_equivalent,K,ESTIMABLE,-0.3182101213695745,-0.372784540894096,-0.26702770445745255,0.0281453585225941,0.10575683643664346,1000.0,0.0
phoenix,28828,2023-08-06,near_-0.01,0.01850953862071037,0.11850953862071037,BLOCK_RANGE_ONLY,8.0,quadratic,temperature,K,ESTIMABLE,1.4694118916074428,1.3535997350188447,1.5883411410331152,0.058795295359824785,0.23474140601427052,1000.0,0.0
phoenix,28828,2023-08-06,near_-0.01,0.01850953862071037,0.11850953862071037,BLOCK_RANGE_ONLY,8.0,quadratic,emitted_flux,W/m2,ESTIMABLE,11.96613965371398,10.971095596940131,13.0210935095763,0.5208590148679704,2.0499979126361687,1000.0,0.0
phoenix,28828,2023-08-06,near_-0.01,0.01850953862071037,0.11850953862071037,BLOCK_RANGE_ONLY,8.0,quadratic,temperature_equivalent,K,ESTIMABLE,1.8008649518989728,1.649925818566898,1.9611307197459609,0.07907087037264694,0.31120490117906296,1000.0,0.0
phoenix,28828,2023-08-06,near_-0.01,0.01850953862071037,0.11850953862071037,BLOCK_RANGE_ONLY,8.0,quadratic,temperature_minus_equivalent,K,ESTIMABLE,-0.33145306029153,-0.39446238853620175,-0.27654525557018,0.030700403448486215,0.11791713296602174,1000.0,0.0
phoenix,28828,2023-08-06,near_-0.01,0.01850953862071037,0.11850953862071037,BLOCK_RANGE_ONLY,8.0,quadratic_minus_linear,temperature,K,ESTIMABLE,0.028356141239164634,0.005986988314197622,0.06470222292537012,0.015348021005175554,0.05871523461117249,1000.0,0.0
phoenix,28828,2023-08-06,near_-0.01,0.01850953862071037,0.11850953862071037,BLOCK_RANGE_ONLY,8.0,quadratic_minus_linear,emitted_flux,W/m2,ESTIMABLE,0.27409215798635955,0.08884375948573515,0.590137412787754,0.13329817522566687,0.5012936533020188,1000.0,0.0
phoenix,28828,2023-08-06,near_-0.01,0.01850953862071037,0.11850953862071037,BLOCK_RANGE_ONLY,8.0,quadratic_minus_linear,temperature_equivalent,K,ESTIMABLE,0.04159908016112013,0.013478925103193262,0.08965142540888706,0.020251486591977456,0.0761725003056938,1000.0,0.0
phoenix,28828,2023-08-06,near_-0.01,0.01850953862071037,0.11850953862071037,BLOCK_RANGE_ONLY,8.0,quadratic_minus_linear,temperature_minus_equivalent,K,ESTIMABLE,-0.013242938921955494,-0.027138183073377224,-0.005018015397767341,0.0058569496800681175,0.022120167675609884,1000.0,0.0
phoenix,28828,2023-08-06,historical,0.028509538620710373,0.12850953862071038,BLOCK_RANGE_ONLY,1.0,linear,temperature,K,ESTIMABLE,1.4410557503682782,1.3829353543697855,1.5041283278084236,0.030406778711168262,0.12119297343863811,1000.0,0.0
phoenix,28828,2023-08-06,historical,0.028509538620710373,0.12850953862071038,BLOCK_RANGE_ONLY,1.0,linear,emitted_flux,W/m2,ESTIMABLE,11.692047495727621,11.265110272356331,12.15119087842367,0.22749966528058035,0.8860806060673383,1000.0,0.0
phoenix,28828,2023-08-06,historical,0.028509538620710373,0.12850953862071038,BLOCK_RANGE_ONLY,1.0,linear,temperature_equivalent,K,ESTIMABLE,1.7592658717378526,1.6945024512347047,1.8289596355041566,0.03452150787169334,0.13445718426945197,1000.0,0.0
phoenix,28828,2023-08-06,historical,0.028509538620710373,0.12850953862071038,BLOCK_RANGE_ONLY,1.0,linear,temperature_minus_equivalent,K,ESTIMABLE,-0.3182101213695745,-0.34573537167350243,-0.29274428384390994,0.013218015520204896,0.0529910878295925,1000.0,0.0
phoenix,28828,2023-08-06,historical,0.028509538620710373,0.12850953862071038,BLOCK_RANGE_ONLY,1.0,quadratic,temperature,K,ESTIMABLE,1.51304051740049,1.4457845477315032,1.5872793969172,0.035358203966494174,0.14149484918569688,1000.0,0.0
phoenix,28828,2023-08-06,historical,0.028509538620710373,0.12850953862071038,BLOCK_RANGE_ONLY,1.0,quadratic,emitted_flux,W/m2,ESTIMABLE,12.38785656126976,11.900048894358966,12.955272051468603,0.2603396150936305,1.055223157109637,1000.0,0.0
phoenix,28828,2023-08-06,historical,0.028509538620710373,0.12850953862071038,BLOCK_RANGE_ONLY,1.0,quadratic,temperature_equivalent,K,ESTIMABLE,1.8649015140583742,1.7908328123737263,1.9511240928490594,0.03954539840467247,0.16029128047533314,1000.0,0.0
phoenix,28828,2023-08-06,historical,0.028509538620710373,0.12850953862071038,BLOCK_RANGE_ONLY,1.0,quadratic,temperature_minus_equivalent,K,ESTIMABLE,-0.3518609966578843,-0.38195881490161465,-0.3241973008741194,0.014809968890478196,0.05776151402749524,1000.0,0.0
phoenix,28828,2023-08-06,historical,0.028509538620710373,0.12850953862071038,BLOCK_RANGE_ONLY,1.0,quadratic_minus_linear,temperature,K,ESTIMABLE,0.0719847670322118,0.04227664417108697,0.10276016352884465,0.015463868853708733,0.06048351935775768,1000.0,0.0
phoenix,28828,2023-08-06,historical,0.028509538620710373,0.12850953862071038,BLOCK_RANGE_ONLY,1.0,quadratic_minus_linear,emitted_flux,W/m2,ESTIMABLE,0.6958090655421394,0.47886268537862453,0.9348020068432839,0.12086636243524966,0.4559393214646593,1000.0,0.0
phoenix,28828,2023-08-06,historical,0.028509538620710373,0.12850953862071038,BLOCK_RANGE_ONLY,1.0,quadratic_minus_linear,temperature_equivalent,K,ESTIMABLE,0.10563564232052158,0.07267557957561763,0.14192967529499043,0.018360713126214647,0.0692540957193728,1000.0,0.0
phoenix,28828,2023-08-06,historical,0.028509538620710373,0.12850953862071038,BLOCK_RANGE_ONLY,1.0,quadratic_minus_linear,temperature_minus_equivalent,K,ESTIMABLE,-0.03365087528830979,-0.04927119291698341,-0.020893365082046277,0.007193066476199782,0.028377827834937135,1000.0,0.0
phoenix,28828,2023-08-06,historical,0.028509538620710373,0.12850953862071038,BLOCK_RANGE_ONLY,8.0,linear,temperature,K,ESTIMABLE,1.4410557503682782,1.334215593674379,1.5373359246958251,0.05163224376507922,0.20312033102144622,1000.0,0.0
phoenix,28828,2023-08-06,historical,0.028509538620710373,0.12850953862071038,BLOCK_RANGE_ONLY,8.0,linear,emitted_flux,W/m2,ESTIMABLE,11.692047495727621,10.79918702757556,12.538932598228755,0.4485547443004116,1.739745570653195,1000.0,0.0
phoenix,28828,2023-08-06,historical,0.028509538620710373,0.12850953862071038,BLOCK_RANGE_ONLY,8.0,linear,temperature_equivalent,K,ESTIMABLE,1.7592658717378526,1.6238709536136724,1.8878515704622614,0.06806434399188055,0.263980616848589,1000.0,0.0
phoenix,28828,2023-08-06,historical,0.028509538620710373,0.12850953862071038,BLOCK_RANGE_ONLY,8.0,linear,temperature_minus_equivalent,K,ESTIMABLE,-0.3182101213695745,-0.372784540894096,-0.26702770445745255,0.0281453585225941,0.10575683643664346,1000.0,0.0
phoenix,28828,2023-08-06,historical,0.028509538620710373,0.12850953862071038,BLOCK_RANGE_ONLY,8.0,quadratic,temperature,K,ESTIMABLE,1.51304051740049,1.3739852095708944,1.6545623596331847,0.07018689330699343,0.2805771500622902,1000.0,0.0
phoenix,28828,2023-08-06,historical,0.028509538620710373,0.12850953862071038,BLOCK_RANGE_ONLY,8.0,quadratic,emitted_flux,W/m2,ESTIMABLE,12.38785656126976,11.213255414768158,13.660778725480993,0.618025819607999,2.4475233107128354,1000.0,0.0
phoenix,28828,2023-08-06,historical,0.028509538620710373,0.12850953862071038,BLOCK_RANGE_ONLY,8.0,quadratic,temperature_equivalent,K,ESTIMABLE,1.8649015140583742,1.6866391647410892,2.058430082552455,0.09388213501714933,0.37179091781136586,1000.0,0.0
phoenix,28828,2023-08-06,historical,0.028509538620710373,0.12850953862071038,BLOCK_RANGE_ONLY,8.0,quadratic,temperature_minus_equivalent,K,ESTIMABLE,-0.3518609966578843,-0.4242963539052179,-0.2926440232067734,0.03355074922807075,0.1316523306984445,1000.0,0.0
phoenix,28828,2023-08-06,historical,0.028509538620710373,0.12850953862071038,BLOCK_RANGE_ONLY,8.0,quadratic_minus_linear,temperature,K,ESTIMABLE,0.0719847670322118,0.015349171824155882,0.14474394891435166,0.033243142687353296,0.12939477709019578,1000.0,0.0
phoenix,28828,2023-08-06,historical,0.028509538620710373,0.12850953862071038,BLOCK_RANGE_ONLY,8.0,quadratic_minus_linear,emitted_flux,W/m2,ESTIMABLE,0.6958090655421394,0.2438491876842168,1.3113894355756686,0.2793630610521481,1.0675402478914517,1000.0,0.0
phoenix,28828,2023-08-06,historical,0.028509538620710373,0.12850953862071038,BLOCK_RANGE_ONLY,8.0,quadratic_minus_linear,temperature_equivalent,K,ESTIMABLE,0.10563564232052158,0.03699741570004704,0.19932483376200025,0.04247081004675734,0.16232741806195322,1000.0,0.0
phoenix,28828,2023-08-06,historical,0.028509538620710373,0.12850953862071038,BLOCK_RANGE_ONLY,8.0,quadratic_minus_linear,temperature_minus_equivalent,K,ESTIMABLE,-0.03365087528830979,-0.05948934679039992,-0.015087909937741143,0.011939899936701675,0.04440143685265877,1000.0,0.0
phoenix,28828,2023-08-06,near_+0.01,0.038509538620710375,0.1385095386207104,BLOCK_RANGE_ONLY,1.0,linear,temperature,K,ESTIMABLE,1.4410557503682782,1.3829353543697855,1.5041283278084236,0.030406778711168262,0.12119297343863811,1000.0,0.0
phoenix,28828,2023-08-06,near_+0.01,0.038509538620710375,0.1385095386207104,BLOCK_RANGE_ONLY,1.0,linear,emitted_flux,W/m2,ESTIMABLE,11.692047495727621,11.265110272356331,12.15119087842367,0.22749966528058035,0.8860806060673383,1000.0,0.0
phoenix,28828,2023-08-06,near_+0.01,0.038509538620710375,0.1385095386207104,BLOCK_RANGE_ONLY,1.0,linear,temperature_equivalent,K,ESTIMABLE,1.7592658717378526,1.6945024512347047,1.8289596355041566,0.03452150787169334,0.13445718426945197,1000.0,0.0
phoenix,28828,2023-08-06,near_+0.01,0.038509538620710375,0.1385095386207104,BLOCK_RANGE_ONLY,1.0,linear,temperature_minus_equivalent,K,ESTIMABLE,-0.3182101213695745,-0.34573537167350243,-0.29274428384390994,0.013218015520204896,0.0529910878295925,1000.0,0.0
phoenix,28828,2023-08-06,near_+0.01,0.038509538620710375,0.1385095386207104,BLOCK_RANGE_ONLY,1.0,quadratic,temperature,K,ESTIMABLE,1.556669143193537,1.4803693243326304,1.642831269273691,0.04083045150552953,0.1624619449410607,1000.0,0.0
phoenix,28828,2023-08-06,near_+0.01,0.038509538620710375,0.1385095386207104,BLOCK_RANGE_ONLY,1.0,quadratic,emitted_flux,W/m2,ESTIMABLE,12.809573468825542,12.25740052114345,13.46593700486399,0.30018066567419915,1.2085364837205397,1000.0,0.0
phoenix,28828,2023-08-06,near_+0.01,0.038509538620710375,0.1385095386207104,BLOCK_RANGE_ONLY,1.0,quadratic,temperature_equivalent,K,ESTIMABLE,1.9289774154449333,1.8450879203915818,2.0287840508965376,0.045625602075311536,0.1836961305049558,1000.0,0.0
phoenix,28828,2023-08-06,near_+0.01,0.038509538620710375,0.1385095386207104,BLOCK_RANGE_ONLY,1.0,quadratic,temperature_minus_equivalent,K,ESTIMABLE,-0.3723082722513962,-0.40710916800358465,-0.34171614402591777,0.017051938946943308,0.06539302397766689,1000.0,0.0
phoenix,28828,2023-08-06,near_+0.01,0.038509538620710375,0.1385095386207104,BLOCK_RANGE_ONLY,1.0,quadratic_minus_linear,temperature,K,ESTIMABLE,0.11561339282525895,0.06828217389501173,0.16412187623909924,0.024491466044419,0.09583970234408751,1000.0,0.0
phoenix,28828,2023-08-06,near_+0.01,0.038509538620710375,0.1385095386207104,BLOCK_RANGE_ONLY,1.0,quadratic_minus_linear,emitted_flux,W/m2,ESTIMABLE,1.117525973097921,0.7685173689905915,1.4960799399491724,0.18970403541780934,0.7275625709585809,1000.0,0.0
phoenix,28828,2023-08-06,near_+0.01,0.038509538620710375,0.1385095386207104,BLOCK_RANGE_ONLY,1.0,quadratic_minus_linear,temperature_equivalent,K,ESTIMABLE,0.16971154370708064,0.1166425884837949,0.22727637324030353,0.028835648814458947,0.11063378475650863,1000.0,0.0
phoenix,28828,2023-08-06,near_+0.01,0.038509538620710375,0.1385095386207104,BLOCK_RANGE_ONLY,1.0,quadratic_minus_linear,temperature_minus_equivalent,K,ESTIMABLE,-0.05409815088182168,-0.07886484394697439,-0.033684181036382606,0.011347733115947944,0.045180662910591786,1000.0,0.0
phoenix,28828,2023-08-06,near_+0.01,0.038509538620710375,0.1385095386207104,BLOCK_RANGE_ONLY,8.0,linear,temperature,K,ESTIMABLE,1.4410557503682782,1.334215593674379,1.5373359246958251,0.05163224376507922,0.20312033102144622,1000.0,0.0
phoenix,28828,2023-08-06,near_+0.01,0.038509538620710375,0.1385095386207104,BLOCK_RANGE_ONLY,8.0,linear,emitted_flux,W/m2,ESTIMABLE,11.692047495727621,10.79918702757556,12.538932598228755,0.4485547443004116,1.739745570653195,1000.0,0.0
phoenix,28828,2023-08-06,near_+0.01,0.038509538620710375,0.1385095386207104,BLOCK_RANGE_ONLY,8.0,linear,temperature_equivalent,K,ESTIMABLE,1.7592658717378526,1.6238709536136724,1.8878515704622614,0.06806434399188055,0.263980616848589,1000.0,0.0
phoenix,28828,2023-08-06,near_+0.01,0.038509538620710375,0.1385095386207104,BLOCK_RANGE_ONLY,8.0,linear,temperature_minus_equivalent,K,ESTIMABLE,-0.3182101213695745,-0.372784540894096,-0.26702770445745255,0.0281453585225941,0.10575683643664346,1000.0,0.0
phoenix,28828,2023-08-06,near_+0.01,0.038509538620710375,0.1385095386207104,BLOCK_RANGE_ONLY,8.0,quadratic,temperature,K,ESTIMABLE,1.556669143193537,1.395966905936781,1.729117347271165,0.08404205512269329,0.333150441334384,1000.0,0.0
phoenix,28828,2023-08-06,near_+0.01,0.038509538620710375,0.1385095386207104,BLOCK_RANGE_ONLY,8.0,quadratic,emitted_flux,W/m2,ESTIMABLE,12.809573468825542,11.456065982546187,14.3239733811697,0.7330072608821879,2.8679073986235135,1000.0,0.0
phoenix,28828,2023-08-06,near_+0.01,0.038509538620710375,0.1385095386207104,BLOCK_RANGE_ONLY,8.0,quadratic,temperature_equivalent,K,ESTIMABLE,1.9289774154449333,1.7234641417162933,2.159401332701614,0.1114205319881997,0.4359371909853209,1000.0,0.0
phoenix,28828,2023-08-06,near_+0.01,0.038509538620710375,0.1385095386207104,BLOCK_RANGE_ONLY,8.0,quadratic,temperature_minus_equivalent,K,ESTIMABLE,-0.3723082722513962,-0.4560951438714524,-0.3058225058060116,0.037256209436849166,0.15027263806544078,1000.0,0.0
phoenix,28828,2023-08-06,near_+0.01,0.038509538620710375,0.1385095386207104,BLOCK_RANGE_ONLY,8.0,quadratic_minus_linear,temperature,K,ESTIMABLE,0.11561339282525895,0.024729001862792616,0.2258862845053381,0.05140238442142978,0.20115728264254548,1000.0,0.0
phoenix,28828,2023-08-06,near_+0.01,0.038509538620710375,0.1385095386207104,BLOCK_RANGE_ONLY,8.0,quadratic_minus_linear,emitted_flux,W/m2,ESTIMABLE,1.117525973097921,0.4016582668938611,2.0359106619233884,0.42778612262826243,1.6342523950295273,1000.0,0.0
phoenix,28828,2023-08-06,near_+0.01,0.038509538620710375,0.1385095386207104,BLOCK_RANGE_ONLY,8.0,quadratic_minus_linear,temperature_equivalent,K,ESTIMABLE,0.16971154370708064,0.060975236350439846,0.3096873711854755,0.06507647119982812,0.24871213483503568,1000.0,0.0
phoenix,28828,2023-08-06,near_+0.01,0.038509538620710375,0.1385095386207104,BLOCK_RANGE_ONLY,8.0,quadratic_minus_linear,temperature_minus_equivalent,K,ESTIMABLE,-0.05409815088182168,-0.09257602263666354,-0.02456056566117353,0.01815559053595414,0.06801545697549001,1000.0,0.0
phoenix,28828,2023-08-06,near_+0.02,0.04850953862071038,0.14850953862071037,BLOCK_RANGE_ONLY,1.0,linear,temperature,K,ESTIMABLE,1.441055750368278,1.3829353543697853,1.5041283278084234,0.030406778711168262,0.12119297343863811,1000.0,0.0
phoenix,28828,2023-08-06,near_+0.02,0.04850953862071038,0.14850953862071037,BLOCK_RANGE_ONLY,1.0,linear,emitted_flux,W/m2,ESTIMABLE,11.69204749572762,11.26511027235633,12.151190878423668,0.22749966528058035,0.8860806060673383,1000.0,0.0
phoenix,28828,2023-08-06,near_+0.02,0.04850953862071038,0.14850953862071037,BLOCK_RANGE_ONLY,1.0,linear,temperature_equivalent,K,ESTIMABLE,1.7592658717378526,1.6945024512347047,1.8289596355041566,0.03452150787169345,0.13445718426945197,1000.0,0.0
phoenix,28828,2023-08-06,near_+0.02,0.04850953862071038,0.14850953862071037,BLOCK_RANGE_ONLY,1.0,linear,temperature_minus_equivalent,K,ESTIMABLE,-0.3182101213695747,-0.34573537167350266,-0.29274428384391016,0.01321801552020485,0.0529910878295925,1000.0,0.0
phoenix,28828,2023-08-06,near_+0.02,0.04850953862071038,0.14850953862071037,BLOCK_RANGE_ONLY,1.0,quadratic,temperature,K,ESTIMABLE,1.6002977689865838,1.5105157211516114,1.69789833437331,0.04741321760111907,0.1873826132216987,1000.0,0.0
phoenix,28828,2023-08-06,near_+0.02,0.04850953862071038,0.14850953862071037,BLOCK_RANGE_ONLY,1.0,quadratic,emitted_flux,W/m2,ESTIMABLE,13.23129037638132,12.582729497879791,13.987452527299869,0.3492813771671783,1.4047230294200777,1000.0,0.0
phoenix,28828,2023-08-06,near_+0.02,0.04850953862071038,0.14850953862071037,BLOCK_RANGE_ONLY,1.0,quadratic,temperature_equivalent,K,ESTIMABLE,1.993092712494672,1.894505724020607,2.1081538768498276,0.05312159173504847,0.21364815282922067,1000.0,0.0
phoenix,28828,2023-08-06,near_+0.02,0.04850953862071038,0.14850953862071037,BLOCK_RANGE_ONLY,1.0,quadratic,temperature_minus_equivalent,K,ESTIMABLE,-0.3927949435080882,-0.43463780760600373,-0.3577377079392536,0.01992766026416248,0.07690009966675015,1000.0,0.0
phoenix,28828,2023-08-06,near_+0.02,0.04850953862071038,0.14850953862071037,BLOCK_RANGE_ONLY,1.0,quadratic_minus_linear,temperature,K,ESTIMABLE,0.1592420186183059,0.09428942562651198,0.22555596146293017,0.033533517990536416,0.13126653583641817,1000.0,0.0
phoenix,28828,2023-08-06,near_+0.02,0.04850953862071038,0.14850953862071037,BLOCK_RANGE_ONLY,1.0,quadratic_minus_linear,emitted_flux,W/m2,ESTIMABLE,1.5392428806537009,1.0627159287570418,2.0489138134044684,0.2586965327811015,0.9861978846474266,1000.0,0.0
phoenix,28828,2023-08-06,near_+0.02,0.04850953862071038,0.14850953862071037,BLOCK_RANGE_ONLY,1.0,quadratic_minus_linear,temperature_equivalent,K,ESTIMABLE,0.23382684075681937,0.16132855529054382,0.31147683547094257,0.03934705433683671,0.15014828018039875,1000.0,0.0
phoenix,28828,2023-08-06,near_+0.02,0.04850953862071038,0.14850953862071037,BLOCK_RANGE_ONLY,1.0,quadratic_minus_linear,temperature_minus_equivalent,K,ESTIMABLE,-0.07458482213851347,-0.10833523506708972,-0.04654946920843499,0.015515606330918056,0.06178576585865474,1000.0,0.0
phoenix,28828,2023-08-06,near_+0.02,0.04850953862071038,0.14850953862071037,BLOCK_RANGE_ONLY,8.0,linear,temperature,K,ESTIMABLE,1.441055750368278,1.3342155936743787,1.537335924695825,0.05163224376507922,0.20312033102144622,1000.0,0.0
phoenix,28828,2023-08-06,near_+0.02,0.04850953862071038,0.14850953862071037,BLOCK_RANGE_ONLY,8.0,linear,emitted_flux,W/m2,ESTIMABLE,11.69204749572762,10.799187027575558,12.538932598228753,0.4485547443004116,1.739745570653195,1000.0,0.0
phoenix,28828,2023-08-06,near_+0.02,0.04850953862071038,0.14850953862071037,BLOCK_RANGE_ONLY,8.0,linear,temperature_equivalent,K,ESTIMABLE,1.7592658717378526,1.6238709536136724,1.8878515704622614,0.06806434399188041,0.263980616848589,1000.0,0.0
phoenix,28828,2023-08-06,near_+0.02,0.04850953862071038,0.14850953862071037,BLOCK_RANGE_ONLY,8.0,linear,temperature_minus_equivalent,K,ESTIMABLE,-0.3182101213695747,-0.37278454089409624,-0.2670277044574528,0.028145358522593866,0.10575683643664346,1000.0,0.0
phoenix,28828,2023-08-06,near_+0.02,0.04850953862071038,0.14850953862071037,BLOCK_RANGE_ONLY,8.0,quadratic,temperature,K,ESTIMABLE,1.6002977689865838,1.411530009447114,1.80692953057015,0.09933522974214457,0.3953995211230361,1000.0,0.0
phoenix,28828,2023-08-06,near_+0.02,0.04850953862071038,0.14850953862071037,BLOCK_RANGE_ONLY,8.0,quadratic,emitted_flux,W/m2,ESTIMABLE,13.23129037638132,11.642789080834609,15.047434386777809,0.8586764849352981,3.4046453059432,1000.0,0.0
phoenix,28828,2023-08-06,near_+0.02,0.04850953862071038,0.14850953862071037,BLOCK_RANGE_ONLY,8.0,quadratic,temperature_equivalent,K,ESTIMABLE,1.993092712494672,1.7517916598627579,2.269659817049013,0.13060713847510158,0.5178681571862553,1000.0,0.0
phoenix,28828,2023-08-06,near_+0.02,0.04850953862071038,0.14850953862071037,BLOCK_RANGE_ONLY,8.0,quadratic,temperature_minus_equivalent,K,ESTIMABLE,-0.3927949435080882,-0.48744374788889094,-0.321386404629267,0.04159931753814953,0.16605734325962396,1000.0,0.0
phoenix,28828,2023-08-06,near_+0.02,0.04850953862071038,0.14850953862071037,BLOCK_RANGE_ONLY,8.0,quadratic_minus_linear,temperature,K,ESTIMABLE,0.1592420186183059,0.03416654022058317,0.3072873251607911,0.06961937599695543,0.2731207849402079,1000.0,0.0
phoenix,28828,2023-08-06,near_+0.02,0.04850953862071038,0.14850953862071037,BLOCK_RANGE_ONLY,8.0,quadratic_minus_linear,emitted_flux,W/m2,ESTIMABLE,1.5392428806537009,0.5637006285824826,2.7578551886289824,0.5767496372059386,2.1941545600465,1000.0,0.0
phoenix,28828,2023-08-06,near_+0.02,0.04850953862071038,0.14850953862071037,BLOCK_RANGE_ONLY,8.0,quadratic_minus_linear,temperature_equivalent,K,ESTIMABLE,0.23382684075681937,0.08558480600279382,0.4192976429847135,0.08779313329587564,0.33371283698191967,1000.0,0.0
phoenix,28828,2023-08-06,near_+0.02,0.04850953862071038,0.14850953862071037,BLOCK_RANGE_ONLY,8.0,quadratic_minus_linear,temperature_minus_equivalent,K,ESTIMABLE,-0.07458482213851347,-0.12604265250524588,-0.034094104850570434,0.024420624298411322,0.09194854765467544,1000.0,0.0
phoenix,28828,2023-08-06,grid_00,0.0,0.1,BLOCK_RANGE_ONLY,1.0,linear,temperature,K,ESTIMABLE,1.4410557503682782,1.3829353543697855,1.5041283278084236,0.030406778711168262,0.12119297343863811,1000.0,0.0
phoenix,28828,2023-08-06,grid_00,0.0,0.1,BLOCK_RANGE_ONLY,1.0,linear,emitted_flux,W/m2,ESTIMABLE,11.692047495727621,11.265110272356331,12.15119087842367,0.22749966528058035,0.8860806060673383,1000.0,0.0
phoenix,28828,2023-08-06,grid_00,0.0,0.1,BLOCK_RANGE_ONLY,1.0,linear,temperature_equivalent,K,ESTIMABLE,1.7592658717378526,1.6945024512347047,1.8289596355041566,0.03452150787169334,0.13445718426945197,1000.0,0.0
phoenix,28828,2023-08-06,grid_00,0.0,0.1,BLOCK_RANGE_ONLY,1.0,linear,temperature_minus_equivalent,K,ESTIMABLE,-0.3182101213695745,-0.34573537167350243,-0.29274428384390994,0.013218015520204896,0.0529910878295925,1000.0,0.0
phoenix,28828,2023-08-06,grid_00,0.0,0.1,BLOCK_RANGE_ONLY,1.0,quadratic,temperature,K,ESTIMABLE,1.3886573181989503,1.3284758835797101,1.449089938625124,0.031010429107667985,0.12061405504541378,1000.0,0.0
phoenix,28828,2023-08-06,grid_00,0.0,0.1,BLOCK_RANGE_ONLY,1.0,quadratic,emitted_flux,W/m2,ESTIMABLE,11.185561114972954,10.740285435875169,11.666453127538661,0.2378538944391584,0.9261676916634922,1000.0,0.0
phoenix,28828,2023-08-06,grid_00,0.0,0.1,BLOCK_RANGE_ONLY,1.0,quadratic,temperature_equivalent,K,ESTIMABLE,1.6824398354714276,1.614945186246355,1.7553822505260286,0.03606624703882994,0.1404370642796735,1000.0,0.0
phoenix,28828,2023-08-06,grid_00,0.0,0.1,BLOCK_RANGE_ONLY,1.0,quadratic,temperature_minus_equivalent,K,ESTIMABLE,-0.2937825172724773,-0.3228143736337726,-0.26585710091397347,0.014346154992396295,0.05695727271979911,1000.0,0.0
phoenix,28828,2023-08-06,grid_00,0.0,0.1,BLOCK_RANGE_ONLY,1.0,quadratic_minus_linear,temperature,K,ESTIMABLE,-0.052398432169327824,-0.07168719187414004,-0.03184709703871818,0.01052915747535209,0.039840094835421856,1000.0,0.0
phoenix,28828,2023-08-06,grid_00,0.0,0.1,BLOCK_RANGE_ONLY,1.0,quadratic_minus_linear,emitted_flux,W/m2,ESTIMABLE,-0.5064863807546676,-0.6535241567797588,-0.3614338620521909,0.07824800576232209,0.2920902947275679,1000.0,0.0
phoenix,28828,2023-08-06,grid_00,0.0,0.1,BLOCK_RANGE_ONLY,1.0,quadratic_minus_linear,temperature_equivalent,K,ESTIMABLE,-0.07682603626642504,-0.09911053825698843,-0.054805863139930015,0.011866011489166455,0.04430467511705841,1000.0,0.0
phoenix,28828,2023-08-06,grid_00,0.0,0.1,BLOCK_RANGE_ONLY,1.0,quadratic_minus_linear,temperature_minus_equivalent,K,ESTIMABLE,0.02442760409709721,0.015385173601605313,0.03411108166857928,0.0047310402848844005,0.018725908066973964,1000.0,0.0
phoenix,28828,2023-08-06,grid_00,0.0,0.1,BLOCK_RANGE_ONLY,8.0,linear,temperature,K,ESTIMABLE,1.4410557503682782,1.334215593674379,1.5373359246958251,0.05163224376507922,0.20312033102144622,1000.0,0.0
phoenix,28828,2023-08-06,grid_00,0.0,0.1,BLOCK_RANGE_ONLY,8.0,linear,emitted_flux,W/m2,ESTIMABLE,11.692047495727621,10.79918702757556,12.538932598228755,0.4485547443004116,1.739745570653195,1000.0,0.0
phoenix,28828,2023-08-06,grid_00,0.0,0.1,BLOCK_RANGE_ONLY,8.0,linear,temperature_equivalent,K,ESTIMABLE,1.7592658717378526,1.6238709536136724,1.8878515704622614,0.06806434399188055,0.263980616848589,1000.0,0.0
phoenix,28828,2023-08-06,grid_00,0.0,0.1,BLOCK_RANGE_ONLY,8.0,linear,temperature_minus_equivalent,K,ESTIMABLE,-0.3182101213695745,-0.372784540894096,-0.26702770445745255,0.0281453585225941,0.10575683643664346,1000.0,0.0
phoenix,28828,2023-08-06,grid_00,0.0,0.1,BLOCK_RANGE_ONLY,8.0,quadratic,temperature,K,ESTIMABLE,1.3886573181989503,1.2869090869153348,1.4877540847462836,0.04998590935243105,0.20084499783094878,1000.0,0.0
phoenix,28828,2023-08-06,grid_00,0.0,0.1,BLOCK_RANGE_ONLY,8.0,quadratic,emitted_flux,W/m2,ESTIMABLE,11.185561114972954,10.342623786884124,12.055025264301,0.4293683082475987,1.7124014774168757,1000.0,0.0
phoenix,28828,2023-08-06,grid_00,0.0,0.1,BLOCK_RANGE_ONLY,8.0,quadratic,temperature_equivalent,K,ESTIMABLE,1.6824398354714276,1.5547047150021982,1.8143587203127325,0.06510569688044618,0.2596540053105343,1000.0,0.0
phoenix,28828,2023-08-06,grid_00,0.0,0.1,BLOCK_RANGE_ONLY,8.0,quadratic,temperature_minus_equivalent,K,ESTIMABLE,-0.2937825172724773,-0.3520751810780539,-0.2416590298674732,0.02845481981667549,0.11041615121058071,1000.0,0.0
phoenix,28828,2023-08-06,grid_00,0.0,0.1,BLOCK_RANGE_ONLY,8.0,quadratic_minus_linear,temperature,K,ESTIMABLE,-0.052398432169327824,-0.08897242016465855,-0.012096665331676103,0.01968272980436662,0.07687575483298245,1000.0,0.0
phoenix,28828,2023-08-06,grid_00,0.0,0.1,BLOCK_RANGE_ONLY,8.0,quadratic_minus_linear,emitted_flux,W/m2,ESTIMABLE,-0.5064863807546676,-0.7922350169542736,-0.19498380149852443,0.15522400387477747,0.5972512154557491,1000.0,0.0
phoenix,28828,2023-08-06,grid_00,0.0,0.1,BLOCK_RANGE_ONLY,8.0,quadratic_minus_linear,temperature_equivalent,K,ESTIMABLE,-0.07682603626642504,-0.12020469424303996,-0.029615532706981185,0.023551232728511486,0.09058916153605878,1000.0,0.0
phoenix,28828,2023-08-06,grid_00,0.0,0.1,BLOCK_RANGE_ONLY,8.0,quadratic_minus_linear,temperature_minus_equivalent,K,ESTIMABLE,0.02442760409709721,0.012211870222471461,0.036623600970967056,0.006240376181857998,0.024411730748495595,1000.0,0.0
phoenix,28828,2023-08-06,grid_01,0.1,0.2,BLOCK_RANGE_ONLY,1.0,linear,temperature,K,ESTIMABLE,1.4410557503682782,1.3829353543697855,1.5041283278084236,0.030406778711168262,0.12119297343863811,1000.0,0.0
phoenix,28828,2023-08-06,grid_01,0.1,0.2,BLOCK_RANGE_ONLY,1.0,linear,emitted_flux,W/m2,ESTIMABLE,11.692047495727621,11.265110272356331,12.15119087842367,0.22749966528058035,0.8860806060673383,1000.0,0.0
phoenix,28828,2023-08-06,grid_01,0.1,0.2,BLOCK_RANGE_ONLY,1.0,linear,temperature_equivalent,K,ESTIMABLE,1.7592658717378526,1.6945024512347047,1.8289596355041566,0.03452150787169334,0.13445718426945197,1000.0,0.0
phoenix,28828,2023-08-06,grid_01,0.1,0.2,BLOCK_RANGE_ONLY,1.0,linear,temperature_minus_equivalent,K,ESTIMABLE,-0.3182101213695745,-0.34573537167350243,-0.29274428384390994,0.013218015520204896,0.0529910878295925,1000.0,0.0
phoenix,28828,2023-08-06,grid_01,0.1,0.2,BLOCK_RANGE_ONLY,1.0,quadratic,temperature,K,ESTIMABLE,1.8249435761294208,1.64792750241829,2.007636024558124,0.08851398014939592,0.3597085221398342,1000.0,0.0
phoenix,28828,2023-08-06,grid_01,0.1,0.2,BLOCK_RANGE_ONLY,1.0,quadratic,emitted_flux,W/m2,ESTIMABLE,15.402730190530757,14.132389534111638,16.763212900536832,0.6614351443794839,2.6308233664251937,1000.0,0.0
phoenix,28828,2023-08-06,grid_01,0.1,0.2,BLOCK_RANGE_ONLY,1.0,quadratic,temperature_equivalent,K,ESTIMABLE,2.3238511412939715,2.1302226819521293,2.5316192636179706,0.10091809229078014,0.40139658166584136,1000.0,0.0
phoenix,28828,2023-08-06,grid_01,0.1,0.2,BLOCK_RANGE_ONLY,1.0,quadratic,temperature_minus_equivalent,K,ESTIMABLE,-0.4989075651645507,-0.5807551919759331,-0.43371407371531334,0.038779649018287524,0.14704111826061972,1000.0,0.0
phoenix,28828,2023-08-06,grid_01,0.1,0.2,BLOCK_RANGE_ONLY,1.0,quadratic_minus_linear,temperature,K,ESTIMABLE,0.38388782576114266,0.2277037000532657,0.5417126999529608,0.08013561001388231,0.3140089998996951,1000.0,0.0
phoenix,28828,2023-08-06,grid_01,0.1,0.2,BLOCK_RANGE_ONLY,1.0,quadratic_minus_linear,emitted_flux,W/m2,ESTIMABLE,3.710682694803136,2.571988355117576,4.914641064737594,0.6144241139521481,2.3426527096200185,1000.0,0.0
phoenix,28828,2023-08-06,grid_01,0.1,0.2,BLOCK_RANGE_ONLY,1.0,quadratic_minus_linear,temperature_equivalent,K,ESTIMABLE,0.5645852695561189,0.39100903650412705,0.7484756756979791,0.09375045321624072,0.3574666391938521,1000.0,0.0
phoenix,28828,2023-08-06,grid_01,0.1,0.2,BLOCK_RANGE_ONLY,1.0,quadratic_minus_linear,temperature_minus_equivalent,K,ESTIMABLE,-0.1806974437949762,-0.2616504728116446,-0.11316918166352888,0.03710499003037362,0.14848129114811573,1000.0,0.0
phoenix,28828,2023-08-06,grid_01,0.1,0.2,BLOCK_RANGE_ONLY,8.0,linear,temperature,K,ESTIMABLE,1.4410557503682782,1.334215593674379,1.5373359246958251,0.05163224376507922,0.20312033102144622,1000.0,0.0
phoenix,28828,2023-08-06,grid_01,0.1,0.2,BLOCK_RANGE_ONLY,8.0,linear,emitted_flux,W/m2,ESTIMABLE,11.692047495727621,10.79918702757556,12.538932598228755,0.4485547443004116,1.739745570653195,1000.0,0.0
phoenix,28828,2023-08-06,grid_01,0.1,0.2,BLOCK_RANGE_ONLY,8.0,linear,temperature_equivalent,K,ESTIMABLE,1.7592658717378526,1.6238709536136724,1.8878515704622614,0.06806434399188055,0.263980616848589,1000.0,0.0
phoenix,28828,2023-08-06,grid_01,0.1,0.2,BLOCK_RANGE_ONLY,8.0,linear,temperature_minus_equivalent,K,ESTIMABLE,-0.3182101213695745,-0.372784540894096,-0.26702770445745255,0.0281453585225941,0.10575683643664346,1000.0,0.0
phoenix,28828,2023-08-06,grid_01,0.1,0.2,BLOCK_RANGE_ONLY,8.0,quadratic,temperature,K,ESTIMABLE,1.8249435761294208,1.4813749269947722,2.2044793085301,0.18674991750451522,0.723104381535328,1000.0,0.0
phoenix,28828,2023-08-06,grid_01,0.1,0.2,BLOCK_RANGE_ONLY,8.0,quadratic,emitted_flux,W/m2,ESTIMABLE,15.402730190530757,12.66757483041234,18.685909521886558,1.5730925277775665,6.018334691474218,1000.0,0.0
phoenix,28828,2023-08-06,grid_01,0.1,0.2,BLOCK_RANGE_ONLY,8.0,quadratic,temperature_equivalent,K,ESTIMABLE,2.3238511412939715,1.9073976687460799,2.8259558375753855,0.24006717287472976,0.9185581688293056,1000.0,0.0
phoenix,28828,2023-08-06,grid_01,0.1,0.2,BLOCK_RANGE_ONLY,8.0,quadratic,temperature_minus_equivalent,K,ESTIMABLE,-0.4989075651645507,-0.6542770750734165,-0.3833583214756724,0.06925024485694975,0.2709187535977441,1000.0,0.0
phoenix,28828,2023-08-06,grid_01,0.1,0.2,BLOCK_RANGE_ONLY,8.0,quadratic_minus_linear,temperature,K,ESTIMABLE,0.38388782576114266,0.08276086065332151,0.7198774107162265,0.16360521360851327,0.6371165500629049,1000.0,0.0
phoenix,28828,2023-08-06,grid_01,0.1,0.2,BLOCK_RANGE_ONLY,8.0,quadratic_minus_linear,emitted_flux,W/m2,ESTIMABLE,3.710682694803136,1.3981738287780612,6.518528043939692,1.3455454687565933,5.120354215161631,1000.0,0.0
phoenix,28828,2023-08-06,grid_01,0.1,0.2,BLOCK_RANGE_ONLY,8.0,quadratic_minus_linear,temperature_equivalent,K,ESTIMABLE,0.5645852695561189,0.21241066440817918,0.9938584217245263,0.2054950606511472,0.7814477573163472,1000.0,0.0
phoenix,28828,2023-08-06,grid_01,0.1,0.2,BLOCK_RANGE_ONLY,8.0,quadratic_minus_linear,temperature_minus_equivalent,K,ESTIMABLE,-0.1806974437949762,-0.3006461302414173,-0.084137290472498,0.05713723050134283,0.21650883976891927,1000.0,0.0
phoenix,28828,2023-08-06,grid_02,0.2,0.3,BLOCK_RANGE_ONLY,1.0,linear,temperature,K,ESTIMABLE,1.441055750368278,1.382935354369785,1.5041283278084232,0.030406778711168262,0.12119297343863811,1000.0,0.0
phoenix,28828,2023-08-06,grid_02,0.2,0.3,BLOCK_RANGE_ONLY,1.0,linear,emitted_flux,W/m2,ESTIMABLE,11.69204749572762,11.265110272356328,12.151190878423666,0.22749966528058033,0.8860806060673383,1000.0,0.0
phoenix,28828,2023-08-06,grid_02,0.2,0.3,BLOCK_RANGE_ONLY,1.0,linear,temperature_equivalent,K,ESTIMABLE,1.7592658717378526,1.6945024512347047,1.8289596355041566,0.034521507871693426,0.13445718426945197,1000.0,0.0
phoenix,28828,2023-08-06,grid_02,0.2,0.3,BLOCK_RANGE_ONLY,1.0,linear,temperature_minus_equivalent,K,ESTIMABLE,-0.3182101213695747,-0.3457353716735029,-0.2927442838439104,0.013218015520205009,0.0529910878295925,1000.0,0.0
phoenix,28828,2023-08-06,grid_02,0.2,0.3,BLOCK_RANGE_ONLY,1.0,quadratic,temperature,K,ESTIMABLE,2.26122983405989,1.9081194177879888,2.607252222243104,0.17636390708980443,0.699132804455115,1000.0,0.0
phoenix,28828,2023-08-06,grid_02,0.2,0.3,BLOCK_RANGE_ONLY,1.0,quadratic,emitted_flux,W/m2,ESTIMABLE,19.619899266088556,17.17249177027904,22.27744927748776,1.3319728145535568,5.10495750720872,1000.0,0.0
phoenix,28828,2023-08-06,grid_02,0.2,0.3,BLOCK_RANGE_ONLY,1.0,quadratic,temperature_equivalent,K,ESTIMABLE,2.9692371046206745,2.5942041151307222,3.3780101236382167,0.204494032208543,0.7838060085074945,1000.0,0.0
phoenix,28828,2023-08-06,grid_02,0.2,0.3,BLOCK_RANGE_ONLY,1.0,quadratic,temperature_minus_equivalent,K,ESTIMABLE,-0.7080072705607843,-0.8790161599930149,-0.57087334927144,0.08001360581098804,0.3081428107215749,1000.0,0.0
phoenix,28828,2023-08-06,grid_02,0.2,0.3,BLOCK_RANGE_ONLY,1.0,quadratic_minus_linear,temperature,K,ESTIMABLE,0.8201740836916123,0.4874314036529551,1.153647155061916,0.17067218256382868,0.6662157514089609,1000.0,0.0
phoenix,28828,2023-08-06,grid_02,0.2,0.3,BLOCK_RANGE_ONLY,1.0,quadratic_minus_linear,emitted_flux,W/m2,ESTIMABLE,7.927851770360936,5.517500395513195,10.466216782721977,1.3056203072007437,4.9487163872087825,1000.0,0.0
phoenix,28828,2023-08-06,grid_02,0.2,0.3,BLOCK_RANGE_ONLY,1.0,quadratic_minus_linear,temperature_equivalent,K,ESTIMABLE,1.2099712328828218,0.8406486118985157,1.600478799774362,0.20045879163403438,0.7598301878758462,1000.0,0.0
phoenix,28828,2023-08-06,grid_02,0.2,0.3,BLOCK_RANGE_ONLY,1.0,quadratic_minus_linear,temperature_minus_equivalent,K,ESTIMABLE,-0.38979714919120956,-0.5640889552220406,-0.24515623507309217,0.0795847524041133,0.31893272014894847,1000.0,0.0
phoenix,28828,2023-08-06,grid_02,0.2,0.3,BLOCK_RANGE_ONLY,8.0,linear,temperature,K,ESTIMABLE,1.441055750368278,1.3342155936743785,1.5373359246958247,0.0516322437650792,0.20312033102144622,1000.0,0.0
phoenix,28828,2023-08-06,grid_02,0.2,0.3,BLOCK_RANGE_ONLY,8.0,linear,emitted_flux,W/m2,ESTIMABLE,11.69204749572762,10.799187027575556,12.538932598228751,0.4485547443004115,1.739745570653195,1000.0,0.0
phoenix,28828,2023-08-06,grid_02,0.2,0.3,BLOCK_RANGE_ONLY,8.0,linear,temperature_equivalent,K,ESTIMABLE,1.7592658717378526,1.6238709536136724,1.8878515704622614,0.06806434399188009,0.263980616848589,1000.0,0.0
phoenix,28828,2023-08-06,grid_02,0.2,0.3,BLOCK_RANGE_ONLY,8.0,linear,temperature_minus_equivalent,K,ESTIMABLE,-0.3182101213695747,-0.37278454089409646,-0.267027704457453,0.028145358522593873,0.10575683643664346,1000.0,0.0
phoenix,28828,2023-08-06,grid_02,0.2,0.3,BLOCK_RANGE_ONLY,8.0,quadratic,temperature,K,ESTIMABLE,2.26122983405989,1.6005494553914772,3.0098548907179863,0.36607082975037286,1.409305435326509,1000.0,0.0
phoenix,28828,2023-08-06,grid_02,0.2,0.3,BLOCK_RANGE_ONLY,8.0,quadratic,emitted_flux,W/m2,ESTIMABLE,19.619899266088556,14.341984412316792,25.92827445492443,3.0385977201446237,11.586290042607638,1000.0,0.0
phoenix,28828,2023-08-06,grid_02,0.2,0.3,BLOCK_RANGE_ONLY,8.0,quadratic,temperature_equivalent,K,ESTIMABLE,2.9692371046206745,2.162144875441851,3.9422026716024803,0.4667262456450843,1.7800577961606292,1000.0,0.0
phoenix,28828,2023-08-06,grid_02,0.2,0.3,BLOCK_RANGE_ONLY,8.0,quadratic,temperature_minus_equivalent,K,ESTIMABLE,-0.7080072705607843,-0.9966580959217005,-0.48969074517374295,0.13173305324593207,0.5069673507479575,1000.0,0.0
phoenix,28828,2023-08-06,grid_02,0.2,0.3,BLOCK_RANGE_ONLY,8.0,quadratic_minus_linear,temperature,K,ESTIMABLE,0.8201740836916123,0.17713624423122815,1.5233547756658272,0.3462676741182351,1.3462185314345991,1000.0,0.0
phoenix,28828,2023-08-06,grid_02,0.2,0.3,BLOCK_RANGE_ONLY,8.0,quadratic_minus_linear,emitted_flux,W/m2,ESTIMABLE,7.927851770360936,3.0192951318200825,13.812712187687932,2.839909113457712,10.793417055867849,1000.0,0.0
phoenix,28828,2023-08-06,grid_02,0.2,0.3,BLOCK_RANGE_ONLY,8.0,quadratic_minus_linear,temperature_equivalent,K,ESTIMABLE,1.2099712328828218,0.4591178809184328,2.117407249656054,0.4365284380545742,1.6582893687376212,1000.0,0.0
phoenix,28828,2023-08-06,grid_02,0.2,0.3,BLOCK_RANGE_ONLY,8.0,quadratic_minus_linear,temperature_minus_equivalent,K,ESTIMABLE,-0.38979714919120956,-0.6456231236721415,-0.18186148233475116,0.12255174952678871,0.4637616413373903,1000.0,0.0
phoenix,28828,2023-08-06,grid_03,0.3,0.4,NO_SPANNING_BLOCKS,,,,,NOT_ESTIMATED_NO_REFERENCE_BLOCKS,,,,,,,
phoenix,28828,2023-08-06,grid_04,0.4,0.5,NO_SPANNING_BLOCKS,,,,,NOT_ESTIMATED_NO_REFERENCE_BLOCKS,,,,,,,
phoenix,28828,2023-08-06,grid_05,0.5,0.6,NO_SPANNING_BLOCKS,,,,,NOT_ESTIMATED_NO_REFERENCE_BLOCKS,,,,,,,
phoenix,28828,2023-08-06,grid_06,0.6,0.7,NO_SPANNING_BLOCKS,,,,,NOT_ESTIMATED_NO_REFERENCE_BLOCKS,,,,,,,
phoenix,28828,2023-08-06,grid_07,0.7,0.8,NO_SPANNING_BLOCKS,,,,,NOT_ESTIMATED_NO_REFERENCE_BLOCKS,,,,,,,
phoenix,28828,2023-08-06,grid_08,0.8,0.9,NO_SPANNING_BLOCKS,,,,,NOT_ESTIMATED_NO_REFERENCE_BLOCKS,,,,,,,
phoenix,28828,2023-08-06,grid_09,0.9,1.0,NO_SPANNING_BLOCKS,,,,,NOT_ESTIMATED_NO_REFERENCE_BLOCKS,,,,,,,
phoenix,28909,2023-08-11,near_-0.02,0.008509538620710373,0.10850953862071037,BLOCK_RANGE_ONLY,1.0,linear,temperature,K,ESTIMABLE,0.927620271912852,0.8672189018192393,0.9942164418874151,0.031954072060062275,0.12699754006817576,1000.0,0.0
phoenix,28909,2023-08-11,near_-0.02,0.008509538620710373,0.10850953862071037,BLOCK_RANGE_ONLY,1.0,linear,emitted_flux,W/m2,ESTIMABLE,6.282655990100629,5.80090663546342,6.785528814976896,0.2552255841006887,0.984622179513476,1000.0,0.0
phoenix,28909,2023-08-11,near_-0.02,0.008509538620710373,0.10850953862071037,BLOCK_RANGE_ONLY,1.0,linear,temperature_equivalent,K,ESTIMABLE,0.9416529941087219,0.8691472507414459,1.0173915736910146,0.03842689860804684,0.14824432294956869,1000.0,0.0
phoenix,28909,2023-08-11,near_-0.02,0.008509538620710373,0.10850953862071037,BLOCK_RANGE_ONLY,1.0,linear,temperature_minus_equivalent,K,ESTIMABLE,-0.014032722195869929,-0.0392833812949059,0.011730326682665897,0.013035458360834643,0.05101370797757179,1000.0,0.0
phoenix,28909,2023-08-11,near_-0.02,0.008509538620710373,0.10850953862071037,BLOCK_RANGE_ONLY,1.0,quadratic,temperature,K,ESTIMABLE,0.9324799723083235,0.8719875949458792,0.9996462256198069,0.03273425119664156,0.1276586306739277,1000.0,0.0
phoenix,28909,2023-08-11,near_-0.02,0.008509538620710373,0.10850953862071037,BLOCK_RANGE_ONLY,1.0,quadratic,emitted_flux,W/m2,ESTIMABLE,6.2962464299539835,5.798112930845608,6.819753148252766,0.26257249067101374,1.0216402174071577,1000.0,0.0
phoenix,28909,2023-08-11,near_-0.02,0.008509538620710373,0.10850953862071037,BLOCK_RANGE_ONLY,1.0,quadratic,temperature_equivalent,K,ESTIMABLE,0.9436991538245252,0.8687269304546135,1.022548155840589,0.03953367401885321,0.15382122538597542,1000.0,0.0
phoenix,28909,2023-08-11,near_-0.02,0.008509538620710373,0.10850953862071037,BLOCK_RANGE_ONLY,1.0,quadratic,temperature_minus_equivalent,K,ESTIMABLE,-0.011219181516201715,-0.03693465173597616,0.014855440505901244,0.013380134532219019,0.0517900922418774,1000.0,0.0
phoenix,28909,2023-08-11,near_-0.02,0.008509538620710373,0.10850953862071037,BLOCK_RANGE_ONLY,1.0,quadratic_minus_linear,temperature,K,ESTIMABLE,0.004859700395471456,-0.0028312528242061233,0.012520705897827037,0.00392394693828827,0.01535195872203316,1000.0,0.0
phoenix,28909,2023-08-11,near_-0.02,0.008509538620710373,0.10850953862071037,BLOCK_RANGE_ONLY,1.0,quadratic_minus_linear,emitted_flux,W/m2,ESTIMABLE,0.013590439853354397,-0.04683633847953645,0.07588207109550912,0.030801467703372613,0.12271840957504557,1000.0,0.0
phoenix,28909,2023-08-11,near_-0.02,0.008509538620710373,0.10850953862071037,BLOCK_RANGE_ONLY,1.0,quadratic_minus_linear,temperature_equivalent,K,ESTIMABLE,0.002046159715803242,-0.007049834642410246,0.011423586744550105,0.00463759880887821,0.01847342138696035,1000.0,0.0
phoenix,28909,2023-08-11,near_-0.02,0.008509538620710373,0.10850953862071037,BLOCK_RANGE_ONLY,1.0,quadratic_minus_linear,temperature_minus_equivalent,K,ESTIMABLE,0.002813540679668214,-0.0001205275758116936,0.005729048416256549,0.00154812817420745,0.005849575992068243,1000.0,0.0
phoenix,28909,2023-08-11,near_-0.02,0.008509538620710373,0.10850953862071037,BLOCK_RANGE_ONLY,8.0,linear,temperature,K,ESTIMABLE,0.927620271912852,0.8301496630636106,1.0369714722135905,0.053183575321379684,0.20682180914997994,1000.0,0.0
phoenix,28909,2023-08-11,near_-0.02,0.008509538620710373,0.10850953862071037,BLOCK_RANGE_ONLY,8.0,linear,emitted_flux,W/m2,ESTIMABLE,6.282655990100629,5.479102284958488,7.17997498466665,0.43964516549312754,1.700872699708162,1000.0,0.0
phoenix,28909,2023-08-11,near_-0.02,0.008509538620710373,0.10850953862071037,BLOCK_RANGE_ONLY,8.0,linear,temperature_equivalent,K,ESTIMABLE,0.9416529941087219,0.8207420246635919,1.0768382270242824,0.06619586117529931,0.25609620236069053,1000.0,0.0
phoenix,28909,2023-08-11,near_-0.02,0.008509538620710373,0.10850953862071037,BLOCK_RANGE_ONLY,8.0,linear,temperature_minus_equivalent,K,ESTIMABLE,-0.014032722195869929,-0.06271018040999048,0.02588475044297931,0.023440369826531537,0.0885949308529698,1000.0,0.0
phoenix,28909,2023-08-11,near_-0.02,0.008509538620710373,0.10850953862071037,BLOCK_RANGE_ONLY,8.0,quadratic,temperature,K,ESTIMABLE,0.9324799723083235,0.8354194419209052,1.0439108609709995,0.05407570296353584,0.20849141905009427,1000.0,0.0
phoenix,28909,2023-08-11,near_-0.02,0.008509538620710373,0.10850953862071037,BLOCK_RANGE_ONLY,8.0,quadratic,emitted_flux,W/m2,ESTIMABLE,6.2962464299539835,5.490182810830185,7.193628006150734,0.4460869884412415,1.7034451953205485,1000.0,0.0
phoenix,28909,2023-08-11,near_-0.02,0.008509538620710373,0.10850953862071037,BLOCK_RANGE_ONLY,8.0,quadratic,temperature_equivalent,K,ESTIMABLE,0.9436991538245252,0.8224083652766879,1.0788964677699482,0.06716728560287842,0.25648810249326026,1000.0,0.0
phoenix,28909,2023-08-11,near_-0.02,0.008509538620710373,0.10850953862071037,BLOCK_RANGE_ONLY,8.0,quadratic,temperature_minus_equivalent,K,ESTIMABLE,-0.011219181516201715,-0.06023173901941965,0.029667929076204906,0.02391988504022515,0.08989966809562455,1000.0,0.0
phoenix,28909,2023-08-11,near_-0.02,0.008509538620710373,0.10850953862071037,BLOCK_RANGE_ONLY,8.0,quadratic_minus_linear,temperature,K,ESTIMABLE,0.004859700395471456,-0.004765008253428942,0.019473350652576427,0.006099165789759659,0.02423835890600537,1000.0,0.0
phoenix,28909,2023-08-11,near_-0.02,0.008509538620710373,0.10850953862071037,BLOCK_RANGE_ONLY,8.0,quadratic_minus_linear,emitted_flux,W/m2,ESTIMABLE,0.013590439853354397,-0.05646758179521789,0.11956574404947737,0.04447519247222223,0.17603332584469525,1000.0,0.0
phoenix,28909,2023-08-11,near_-0.02,0.008509538620710373,0.10850953862071037,BLOCK_RANGE_ONLY,8.0,quadratic_minus_linear,temperature_equivalent,K,ESTIMABLE,0.002046159715803242,-0.008499125279239194,0.018004091424272416,0.00669558279929207,0.02650321670351161,1000.0,0.0
phoenix,28909,2023-08-11,near_-0.02,0.008509538620710373,0.10850953862071037,BLOCK_RANGE_ONLY,8.0,quadratic_minus_linear,temperature_minus_equivalent,K,ESTIMABLE,0.002813540679668214,-0.0010300862327746936,0.006020875843477988,0.00173393630911468,0.007050962076252682,1000.0,0.0
phoenix,28909,2023-08-11,near_-0.01,0.01850953862071037,0.11850953862071037,BLOCK_RANGE_ONLY,1.0,linear,temperature,K,ESTIMABLE,0.927620271912852,0.8672189018192393,0.9942164418874151,0.031954072060062275,0.12699754006817576,1000.0,0.0
phoenix,28909,2023-08-11,near_-0.01,0.01850953862071037,0.11850953862071037,BLOCK_RANGE_ONLY,1.0,linear,emitted_flux,W/m2,ESTIMABLE,6.282655990100629,5.80090663546342,6.785528814976896,0.2552255841006887,0.984622179513476,1000.0,0.0
phoenix,28909,2023-08-11,near_-0.01,0.01850953862071037,0.11850953862071037,BLOCK_RANGE_ONLY,1.0,linear,temperature_equivalent,K,ESTIMABLE,0.9416529941087219,0.8691472507414459,1.0173915736910146,0.03842689860804684,0.14824432294956869,1000.0,0.0
phoenix,28909,2023-08-11,near_-0.01,0.01850953862071037,0.11850953862071037,BLOCK_RANGE_ONLY,1.0,linear,temperature_minus_equivalent,K,ESTIMABLE,-0.014032722195869929,-0.0392833812949059,0.011730326682665897,0.013035458360834643,0.05101370797757179,1000.0,0.0
phoenix,28909,2023-08-11,near_-0.01,0.01850953862071037,0.11850953862071037,BLOCK_RANGE_ONLY,1.0,quadratic,temperature,K,ESTIMABLE,0.9199615816105835,0.8592822101872926,0.9876585096647499,0.031644969287683074,0.12837629947745732,1000.0,0.0
phoenix,28909,2023-08-11,near_-0.01,0.01850953862071037,0.11850953862071037,BLOCK_RANGE_ONLY,1.0,quadratic,emitted_flux,W/m2,ESTIMABLE,6.261238009270894,5.787530588168945,6.77049276938059,0.2507962840415712,0.9829621812116454,1000.0,0.0
phoenix,28909,2023-08-11,near_-0.01,0.01850953862071037,0.11850953862071037,BLOCK_RANGE_ONLY,1.0,quadratic,temperature_equivalent,K,ESTIMABLE,0.9384284107973144,0.8671348039814575,1.0151261721960765,0.037759058970387574,0.147991368214619,1000.0,0.0
phoenix,28909,2023-08-11,near_-0.01,0.01850953862071037,0.11850953862071037,BLOCK_RANGE_ONLY,1.0,quadratic,temperature_minus_equivalent,K,ESTIMABLE,-0.018466829186730926,-0.04338237719460501,0.0070115979867873095,0.01286252282286309,0.050393975181392325,1000.0,0.0
phoenix,28909,2023-08-11,near_-0.01,0.01850953862071037,0.11850953862071037,BLOCK_RANGE_ONLY,1.0,quadratic_minus_linear,temperature,K,ESTIMABLE,-0.0076586903022685116,-0.01961094950488624,0.004996514292886767,0.006018339280198033,0.024607463797773007,1000.0,0.0
phoenix,28909,2023-08-11,near_-0.01,0.01850953862071037,0.11850953862071037,BLOCK_RANGE_ONLY,1.0,quadratic_minus_linear,emitted_flux,W/m2,ESTIMABLE,-0.021417980829735228,-0.11852236180059886,0.0721016396452742,0.047853733737227,0.19062400144587305,1000.0,0.0
phoenix,28909,2023-08-11,near_-0.01,0.01850953862071037,0.11850953862071037,BLOCK_RANGE_ONLY,1.0,quadratic_minus_linear,temperature_equivalent,K,ESTIMABLE,-0.003224583311407514,-0.017842787414539884,0.010858028379388426,0.007204652895929291,0.02870081579392831,1000.0,0.0
phoenix,28909,2023-08-11,near_-0.01,0.01850953862071037,0.11850953862071037,BLOCK_RANGE_ONLY,1.0,quadratic_minus_linear,temperature_minus_equivalent,K,ESTIMABLE,-0.004434106990860998,-0.009419364518677026,0.00018063827854845812,0.002495836478858784,0.009600002797225485,1000.0,0.0
phoenix,28909,2023-08-11,near_-0.01,0.01850953862071037,0.11850953862071037,BLOCK_RANGE_ONLY,8.0,linear,temperature,K,ESTIMABLE,0.927620271912852,0.8301496630636106,1.0369714722135905,0.053183575321379684,0.20682180914997994,1000.0,0.0
phoenix,28909,2023-08-11,near_-0.01,0.01850953862071037,0.11850953862071037,BLOCK_RANGE_ONLY,8.0,linear,emitted_flux,W/m2,ESTIMABLE,6.282655990100629,5.479102284958488,7.17997498466665,0.43964516549312754,1.700872699708162,1000.0,0.0
phoenix,28909,2023-08-11,near_-0.01,0.01850953862071037,0.11850953862071037,BLOCK_RANGE_ONLY,8.0,linear,temperature_equivalent,K,ESTIMABLE,0.9416529941087219,0.8207420246635919,1.0768382270242824,0.06619586117529931,0.25609620236069053,1000.0,0.0
phoenix,28909,2023-08-11,near_-0.01,0.01850953862071037,0.11850953862071037,BLOCK_RANGE_ONLY,8.0,linear,temperature_minus_equivalent,K,ESTIMABLE,-0.014032722195869929,-0.06271018040999048,0.02588475044297931,0.023440369826531537,0.0885949308529698,1000.0,0.0
phoenix,28909,2023-08-11,near_-0.01,0.01850953862071037,0.11850953862071037,BLOCK_RANGE_ONLY,8.0,quadratic,temperature,K,ESTIMABLE,0.9199615816105835,0.8263462325661648,1.0268307173621811,0.051455428193049046,0.20048448479601633,1000.0,0.0
phoenix,28909,2023-08-11,near_-0.01,0.01850953862071037,0.11850953862071037,BLOCK_RANGE_ONLY,8.0,quadratic,emitted_flux,W/m2,ESTIMABLE,6.261238009270894,5.462476676886461,7.149371634852305,0.43201557995822354,1.686894957965844,1000.0,0.0
phoenix,28909,2023-08-11,near_-0.01,0.01850953862071037,0.11850953862071037,BLOCK_RANGE_ONLY,8.0,quadratic,temperature_equivalent,K,ESTIMABLE,0.9384284107973144,0.8182418390689492,1.072224813567658,0.06504547810249389,0.25398297449870877,1000.0,0.0
phoenix,28909,2023-08-11,near_-0.01,0.01850953862071037,0.11850953862071037,BLOCK_RANGE_ONLY,8.0,quadratic,temperature_minus_equivalent,K,ESTIMABLE,-0.018466829186730926,-0.06743874020873654,0.022146999232793542,0.023611576024394156,0.08958573944153009,1000.0,0.0
phoenix,28909,2023-08-11,near_-0.01,0.01850953862071037,0.11850953862071037,BLOCK_RANGE_ONLY,8.0,quadratic_minus_linear,temperature,K,ESTIMABLE,-0.0076586903022685116,-0.021536475989529017,0.01122884037411527,0.008082033242349832,0.032765316363644284,1000.0,0.0
phoenix,28909,2023-08-11,near_-0.01,0.01850953862071037,0.11850953862071037,BLOCK_RANGE_ONLY,8.0,quadratic_minus_linear,emitted_flux,W/m2,ESTIMABLE,-0.021417980829735228,-0.12324601431799272,0.13507407804422303,0.06487362357090425,0.25832009236221576,1000.0,0.0
phoenix,28909,2023-08-11,near_-0.01,0.01850953862071037,0.11850953862071037,BLOCK_RANGE_ONLY,8.0,quadratic_minus_linear,temperature_equivalent,K,ESTIMABLE,-0.003224583311407514,-0.018547578985310054,0.020326702382197928,0.009767700019366799,0.03887428136750798,1000.0,0.0
phoenix,28909,2023-08-11,near_-0.01,0.01850953862071037,0.11850953862071037,BLOCK_RANGE_ONLY,8.0,quadratic_minus_linear,temperature_minus_equivalent,K,ESTIMABLE,-0.004434106990860998,-0.012346631866607494,0.0009822648563443555,0.0034175435400582445,0.01332889672295185,1000.0,0.0
phoenix,28909,2023-08-11,historical,0.028509538620710373,0.12850953862071038,BLOCK_RANGE_ONLY,1.0,linear,temperature,K,ESTIMABLE,0.927620271912852,0.8672189018192393,0.9942164418874151,0.031954072060062275,0.12699754006817576,1000.0,0.0
phoenix,28909,2023-08-11,historical,0.028509538620710373,0.12850953862071038,BLOCK_RANGE_ONLY,1.0,linear,emitted_flux,W/m2,ESTIMABLE,6.282655990100629,5.80090663546342,6.785528814976896,0.2552255841006887,0.984622179513476,1000.0,0.0
phoenix,28909,2023-08-11,historical,0.028509538620710373,0.12850953862071038,BLOCK_RANGE_ONLY,1.0,linear,temperature_equivalent,K,ESTIMABLE,0.9416529941087219,0.8691472507414459,1.0173915736910146,0.03842689860804684,0.14824432294956869,1000.0,0.0
phoenix,28909,2023-08-11,historical,0.028509538620710373,0.12850953862071038,BLOCK_RANGE_ONLY,1.0,linear,temperature_minus_equivalent,K,ESTIMABLE,-0.014032722195869929,-0.0392833812949059,0.011730326682665897,0.013035458360834643,0.05101370797757179,1000.0,0.0
phoenix,28909,2023-08-11,historical,0.028509538620710373,0.12850953862071038,BLOCK_RANGE_ONLY,1.0,quadratic,temperature,K,ESTIMABLE,0.9074431909128435,0.8420814914020753,0.9770289461988648,0.03355626507268925,0.1349474547967895,1000.0,0.0
phoenix,28909,2023-08-11,historical,0.028509538620710373,0.12850953862071038,BLOCK_RANGE_ONLY,1.0,quadratic,emitted_flux,W/m2,ESTIMABLE,6.226229588587804,5.718195214991955,6.757919994704173,0.2629477996705281,1.039724779712218,1000.0,0.0
phoenix,28909,2023-08-11,historical,0.028509538620710373,0.12850953862071038,BLOCK_RANGE_ONLY,1.0,quadratic,temperature_equivalent,K,ESTIMABLE,0.9331579333167497,0.8567038110953675,1.0132319364355964,0.03958662069314126,0.15652812534022886,1000.0,0.0
phoenix,28909,2023-08-11,historical,0.028509538620710373,0.12850953862071038,BLOCK_RANGE_ONLY,1.0,quadratic,temperature_minus_equivalent,K,ESTIMABLE,-0.025714742403906143,-0.05239335726050895,0.0008992381524768844,0.013556975063890243,0.05329259541298583,1000.0,0.0
phoenix,28909,2023-08-11,historical,0.028509538620710373,0.12850953862071038,BLOCK_RANGE_ONLY,1.0,quadratic_minus_linear,temperature,K,ESTIMABLE,-0.02017708100000848,-0.051563444876836804,0.012969304332951332,0.0158678738463996,0.06453274920978813,1000.0,0.0
phoenix,28909,2023-08-11,historical,0.028509538620710373,0.12850953862071038,BLOCK_RANGE_ONLY,1.0,quadratic_minus_linear,emitted_flux,W/m2,ESTIMABLE,-0.05642640151282485,-0.30609902583759174,0.18581523009088952,0.12617264078688287,0.49191425592848126,1000.0,0.0
phoenix,28909,2023-08-11,historical,0.028509538620710373,0.12850953862071038,BLOCK_RANGE_ONLY,1.0,quadratic_minus_linear,temperature_equivalent,K,ESTIMABLE,-0.008495060791972264,-0.046072602538473006,0.028003970961827874,0.0189950799186941,0.07407657350030088,1000.0,0.0
phoenix,28909,2023-08-11,historical,0.028509538620710373,0.12850953862071038,BLOCK_RANGE_ONLY,1.0,quadratic_minus_linear,temperature_minus_equivalent,K,ESTIMABLE,-0.011682020208036215,-0.0242606229776557,0.00047145323506790464,0.006479821537400569,0.024732076212723605,1000.0,0.0
phoenix,28909,2023-08-11,historical,0.028509538620710373,0.12850953862071038,BLOCK_RANGE_ONLY,8.0,linear,temperature,K,ESTIMABLE,0.927620271912852,0.8301496630636106,1.0369714722135905,0.053183575321379684,0.20682180914997994,1000.0,0.0
phoenix,28909,2023-08-11,historical,0.028509538620710373,0.12850953862071038,BLOCK_RANGE_ONLY,8.0,linear,emitted_flux,W/m2,ESTIMABLE,6.282655990100629,5.479102284958488,7.17997498466665,0.43964516549312754,1.700872699708162,1000.0,0.0
phoenix,28909,2023-08-11,historical,0.028509538620710373,0.12850953862071038,BLOCK_RANGE_ONLY,8.0,linear,temperature_equivalent,K,ESTIMABLE,0.9416529941087219,0.8207420246635919,1.0768382270242824,0.06619586117529931,0.25609620236069053,1000.0,0.0
phoenix,28909,2023-08-11,historical,0.028509538620710373,0.12850953862071038,BLOCK_RANGE_ONLY,8.0,linear,temperature_minus_equivalent,K,ESTIMABLE,-0.014032722195869929,-0.06271018040999048,0.02588475044297931,0.023440369826531537,0.0885949308529698,1000.0,0.0
phoenix,28909,2023-08-11,historical,0.028509538620710373,0.12850953862071038,BLOCK_RANGE_ONLY,8.0,quadratic,temperature,K,ESTIMABLE,0.9074431909128435,0.8109402147570428,1.015381881456709,0.05223066997495693,0.20444166669966624,1000.0,0.0
phoenix,28909,2023-08-11,historical,0.028509538620710373,0.12850953862071038,BLOCK_RANGE_ONLY,8.0,quadratic,emitted_flux,W/m2,ESTIMABLE,6.226229588587804,5.409130558694209,7.148584928537141,0.4430167245642491,1.7394543698429317,1000.0,0.0
phoenix,28909,2023-08-11,historical,0.028509538620710373,0.12850953862071038,BLOCK_RANGE_ONLY,8.0,quadratic,temperature_equivalent,K,ESTIMABLE,0.9331579333167497,0.8102199674737222,1.072106219990296,0.06669806625725884,0.2618862525165738,1000.0,0.0
phoenix,28909,2023-08-11,historical,0.028509538620710373,0.12850953862071038,BLOCK_RANGE_ONLY,8.0,quadratic,temperature_minus_equivalent,K,ESTIMABLE,-0.025714742403906143,-0.07442376638122776,0.01808181551150477,0.02419860910197456,0.09250558189273253,1000.0,0.0
phoenix,28909,2023-08-11,historical,0.028509538620710373,0.12850953862071038,BLOCK_RANGE_ONLY,8.0,quadratic_minus_linear,temperature,K,ESTIMABLE,-0.02017708100000848,-0.05706078758193166,0.025095521992592226,0.02122124066362039,0.08215630957452388,1000.0,0.0
phoenix,28909,2023-08-11,historical,0.028509538620710373,0.12850953862071038,BLOCK_RANGE_ONLY,8.0,quadratic_minus_linear,emitted_flux,W/m2,ESTIMABLE,-0.05642640151282485,-0.3475908381704585,0.30982916195445964,0.1685871530453293,0.6574200001249182,1000.0,0.0
phoenix,28909,2023-08-11,historical,0.028509538620710373,0.12850953862071038,BLOCK_RANGE_ONLY,8.0,quadratic_minus_linear,temperature_equivalent,K,ESTIMABLE,-0.008495060791972264,-0.05233784165163513,0.046614497125005976,0.025381673650732052,0.09895233877664111,1000.0,0.0
phoenix,28909,2023-08-11,historical,0.028509538620710373,0.12850953862071038,BLOCK_RANGE_ONLY,8.0,quadratic_minus_linear,temperature_minus_equivalent,K,ESTIMABLE,-0.011682020208036215,-0.028645899599653586,0.0030090715404766997,0.007941843267066847,0.031654971140130286,1000.0,0.0
phoenix,28909,2023-08-11,near_+0.01,0.038509538620710375,0.1385095386207104,BLOCK_RANGE_ONLY,1.0,linear,temperature,K,ESTIMABLE,0.927620271912852,0.8672189018192393,0.9942164418874151,0.031954072060062275,0.12699754006817576,1000.0,0.0
phoenix,28909,2023-08-11,near_+0.01,0.038509538620710375,0.1385095386207104,BLOCK_RANGE_ONLY,1.0,linear,emitted_flux,W/m2,ESTIMABLE,6.282655990100629,5.80090663546342,6.785528814976896,0.2552255841006887,0.984622179513476,1000.0,0.0
phoenix,28909,2023-08-11,near_+0.01,0.038509538620710375,0.1385095386207104,BLOCK_RANGE_ONLY,1.0,linear,temperature_equivalent,K,ESTIMABLE,0.9416529941087219,0.8691472507414459,1.0173915736910146,0.03842689860804684,0.14824432294956869,1000.0,0.0
phoenix,28909,2023-08-11,near_+0.01,0.038509538620710375,0.1385095386207104,BLOCK_RANGE_ONLY,1.0,linear,temperature_minus_equivalent,K,ESTIMABLE,-0.014032722195869929,-0.0392833812949059,0.011730326682665897,0.013035458360834643,0.05101370797757179,1000.0,0.0
phoenix,28909,2023-08-11,near_+0.01,0.038509538620710375,0.1385095386207104,BLOCK_RANGE_ONLY,1.0,quadratic,temperature,K,ESTIMABLE,0.8949248002151036,0.820055442715679,0.9722303733231737,0.038018255281316755,0.15217493060749476,1000.0,0.0
phoenix,28909,2023-08-11,near_+0.01,0.038509538620710375,0.1385095386207104,BLOCK_RANGE_ONLY,1.0,quadratic,emitted_flux,W/m2,ESTIMABLE,6.191221167904715,5.5963158007490055,6.780789775144253,0.296095627533935,1.1844739743952477,1000.0,0.0
phoenix,28909,2023-08-11,near_+0.01,0.038509538620710375,0.1385095386207104,BLOCK_RANGE_ONLY,1.0,quadratic,temperature_equivalent,K,ESTIMABLE,0.9278877213516239,0.8383704764663336,1.0166775622683333,0.04457453221301176,0.17830708580199972,1000.0,0.0
phoenix,28909,2023-08-11,near_+0.01,0.038509538620710375,0.1385095386207104,BLOCK_RANGE_ONLY,1.0,quadratic,temperature_minus_equivalent,K,ESTIMABLE,-0.03296292113652033,-0.062318176791115475,-0.003099797374619592,0.015298714643807094,0.05921837941649588,1000.0,0.0
phoenix,28909,2023-08-11,near_+0.01,0.038509538620710375,0.1385095386207104,BLOCK_RANGE_ONLY,1.0,quadratic_minus_linear,temperature,K,ESTIMABLE,-0.032695471697748446,-0.08442704580913986,0.02083708337086543,0.025731389346779068,0.10526412918000529,1000.0,0.0
phoenix,28909,2023-08-11,near_+0.01,0.038509538620710375,0.1385095386207104,BLOCK_RANGE_ONLY,1.0,quadratic_minus_linear,emitted_flux,W/m2,ESTIMABLE,-0.09143482219591448,-0.4956352123218922,0.30298990928803127,0.20454191933271032,0.7986251216099235,1000.0,0.0
phoenix,28909,2023-08-11,near_+0.01,0.038509538620710375,0.1385095386207104,BLOCK_RANGE_ONLY,1.0,quadratic_minus_linear,temperature_equivalent,K,ESTIMABLE,-0.013765272757098046,-0.0745929443772141,0.04566707565649886,0.030791897954345147,0.12026002003371296,1000.0,0.0
phoenix,28909,2023-08-11,near_+0.01,0.038509538620710375,0.1385095386207104,BLOCK_RANGE_ONLY,1.0,quadratic_minus_linear,temperature_minus_equivalent,K,ESTIMABLE,-0.0189301989406504,-0.039136304007662805,0.0007592928312615882,0.010471618663757473,0.039895596838924394,1000.0,0.0
phoenix,28909,2023-08-11,near_+0.01,0.038509538620710375,0.1385095386207104,BLOCK_RANGE_ONLY,8.0,linear,temperature,K,ESTIMABLE,0.927620271912852,0.8301496630636106,1.0369714722135905,0.053183575321379684,0.20682180914997994,1000.0,0.0
phoenix,28909,2023-08-11,near_+0.01,0.038509538620710375,0.1385095386207104,BLOCK_RANGE_ONLY,8.0,linear,emitted_flux,W/m2,ESTIMABLE,6.282655990100629,5.479102284958488,7.17997498466665,0.43964516549312754,1.700872699708162,1000.0,0.0
phoenix,28909,2023-08-11,near_+0.01,0.038509538620710375,0.1385095386207104,BLOCK_RANGE_ONLY,8.0,linear,temperature_equivalent,K,ESTIMABLE,0.9416529941087219,0.8207420246635919,1.0768382270242824,0.06619586117529931,0.25609620236069053,1000.0,0.0
phoenix,28909,2023-08-11,near_+0.01,0.038509538620710375,0.1385095386207104,BLOCK_RANGE_ONLY,8.0,linear,temperature_minus_equivalent,K,ESTIMABLE,-0.014032722195869929,-0.06271018040999048,0.02588475044297931,0.023440369826531537,0.0885949308529698,1000.0,0.0
phoenix,28909,2023-08-11,near_+0.01,0.038509538620710375,0.1385095386207104,BLOCK_RANGE_ONLY,8.0,quadratic,temperature,K,ESTIMABLE,0.8949248002151036,0.7893319340132134,1.015542397239643,0.056261239210570926,0.22621046322642946,1000.0,0.0
phoenix,28909,2023-08-11,near_+0.01,0.038509538620710375,0.1385095386207104,BLOCK_RANGE_ONLY,8.0,quadratic,emitted_flux,W/m2,ESTIMABLE,6.191221167904715,5.31624592216891,7.189541520008195,0.47736010726448763,1.8732955978392853,1000.0,0.0
phoenix,28909,2023-08-11,near_+0.01,0.038509538620710375,0.1385095386207104,BLOCK_RANGE_ONLY,8.0,quadratic,temperature_equivalent,K,ESTIMABLE,0.9278877213516239,0.7962539964554395,1.0782804114683984,0.07186450214472906,0.2820264150129589,1000.0,0.0
phoenix,28909,2023-08-11,near_+0.01,0.038509538620710375,0.1385095386207104,BLOCK_RANGE_ONLY,8.0,quadratic,temperature_minus_equivalent,K,ESTIMABLE,-0.03296292113652033,-0.08542711949999941,0.015040758531879724,0.025619075753341627,0.10046787803187913,1000.0,0.0
phoenix,28909,2023-08-11,near_+0.01,0.038509538620710375,0.1385095386207104,BLOCK_RANGE_ONLY,8.0,quadratic_minus_linear,temperature,K,ESTIMABLE,-0.032695471697748446,-0.0945434260298467,0.04011866862592436,0.03452919352156255,0.13466209465577106,1000.0,0.0
phoenix,28909,2023-08-11,near_+0.01,0.038509538620710375,0.1385095386207104,BLOCK_RANGE_ONLY,8.0,quadratic_minus_linear,emitted_flux,W/m2,ESTIMABLE,-0.09143482219591448,-0.5733243643004385,0.4822041871049391,0.2731614287478576,1.0555285514053776,1000.0,0.0
phoenix,28909,2023-08-11,near_+0.01,0.038509538620710375,0.1385095386207104,BLOCK_RANGE_ONLY,8.0,quadratic_minus_linear,temperature_equivalent,K,ESTIMABLE,-0.013765272757098046,-0.08631420547044825,0.0725731458959231,0.04112425102132438,0.15888735136637136,1000.0,0.0
phoenix,28909,2023-08-11,near_+0.01,0.038509538620710375,0.1385095386207104,BLOCK_RANGE_ONLY,8.0,quadratic_minus_linear,temperature_minus_equivalent,K,ESTIMABLE,-0.0189301989406504,-0.0450716948191731,0.004918356747568654,0.01253650756137193,0.04999005156674175,1000.0,0.0
phoenix,28909,2023-08-11,near_+0.02,0.04850953862071038,0.14850953862071037,BLOCK_RANGE_ONLY,1.0,linear,temperature,K,ESTIMABLE,0.9276202719128519,0.8672189018192392,0.994216441887415,0.03195407206006227,0.12699754006817576,1000.0,0.0
phoenix,28909,2023-08-11,near_+0.02,0.04850953862071038,0.14850953862071037,BLOCK_RANGE_ONLY,1.0,linear,emitted_flux,W/m2,ESTIMABLE,6.282655990100628,5.800906635463419,6.785528814976895,0.2552255841006887,0.984622179513476,1000.0,0.0
phoenix,28909,2023-08-11,near_+0.02,0.04850953862071038,0.14850953862071037,BLOCK_RANGE_ONLY,1.0,linear,temperature_equivalent,K,ESTIMABLE,0.9416529941087219,0.8691472507414459,1.0173915736910146,0.03842689860804683,0.14824432294956869,1000.0,0.0
phoenix,28909,2023-08-11,near_+0.02,0.04850953862071038,0.14850953862071037,BLOCK_RANGE_ONLY,1.0,linear,temperature_minus_equivalent,K,ESTIMABLE,-0.01403272219587004,-0.03928338129490601,0.011730326682665786,0.013035458360834591,0.05101370797757179,1000.0,0.0
phoenix,28909,2023-08-11,near_+0.02,0.04850953862071038,0.14850953862071037,BLOCK_RANGE_ONLY,1.0,quadratic,temperature,K,ESTIMABLE,0.8824064095173635,0.7964936834430125,0.9705820382462692,0.04426622310790426,0.17408835480325668,1000.0,0.0
phoenix,28909,2023-08-11,near_+0.02,0.04850953862071038,0.14850953862071037,BLOCK_RANGE_ONLY,1.0,quadratic,emitted_flux,W/m2,ESTIMABLE,6.156212747221625,5.471586904263308,6.826079299872292,0.34422667236646265,1.3544923956089843,1000.0,0.0
phoenix,28909,2023-08-11,near_+0.02,0.04850953862071038,0.14850953862071037,BLOCK_RANGE_ONLY,1.0,quadratic,temperature_equivalent,K,ESTIMABLE,0.9226177748708437,0.8196118422372265,1.023501345226144,0.05181724966507124,0.20388950298891761,1000.0,0.0
phoenix,28909,2023-08-11,near_+0.02,0.04850953862071038,0.14850953862071037,BLOCK_RANGE_ONLY,1.0,quadratic,temperature_minus_equivalent,K,ESTIMABLE,-0.040211365353480244,-0.0748844532182241,-0.007866625208712412,0.017782105289331024,0.06701782800951168,1000.0,0.0
phoenix,28909,2023-08-11,near_+0.02,0.04850953862071038,0.14850953862071037,BLOCK_RANGE_ONLY,1.0,quadratic_minus_linear,temperature,K,ESTIMABLE,-0.04521386239548841,-0.11674458593946098,0.028704862408779532,0.03559726590094274,0.1454494483482405,1000.0,0.0
phoenix,28909,2023-08-11,near_+0.02,0.04850953862071038,0.14850953862071037,BLOCK_RANGE_ONLY,1.0,quadratic_minus_linear,emitted_flux,W/m2,ESTIMABLE,-0.12644324287900321,-0.688877833179311,0.420164588485173,0.282919713480897,1.1090424216644839,1000.0,0.0
phoenix,28909,2023-08-11,near_+0.02,0.04850953862071038,0.14850953862071037,BLOCK_RANGE_ONLY,1.0,quadratic_minus_linear,temperature_equivalent,K,ESTIMABLE,-0.01903521923787821,-0.10369675569758811,0.06333316471096699,0.04258880684929971,0.1670299204085551,1000.0,0.0
phoenix,28909,2023-08-11,near_+0.02,0.04850953862071038,0.14850953862071037,BLOCK_RANGE_ONLY,1.0,quadratic_minus_linear,temperature_minus_equivalent,K,ESTIMABLE,-0.026178643157610204,-0.05387565807989116,0.0010441582794732645,0.014464121761178356,0.05491981635936443,1000.0,0.0
phoenix,28909,2023-08-11,near_+0.02,0.04850953862071038,0.14850953862071037,BLOCK_RANGE_ONLY,8.0,linear,temperature,K,ESTIMABLE,0.9276202719128519,0.8301496630636105,1.0369714722135903,0.05318357532137967,0.20682180914997983,1000.0,0.0
phoenix,28909,2023-08-11,near_+0.02,0.04850953862071038,0.14850953862071037,BLOCK_RANGE_ONLY,8.0,linear,emitted_flux,W/m2,ESTIMABLE,6.282655990100628,5.479102284958487,7.179974984666649,0.43964516549312754,1.700872699708162,1000.0,0.0
phoenix,28909,2023-08-11,near_+0.02,0.04850953862071038,0.14850953862071037,BLOCK_RANGE_ONLY,8.0,linear,temperature_equivalent,K,ESTIMABLE,0.9416529941087219,0.8207420246635919,1.0768382270242824,0.06619586117529931,0.25609620236069053,1000.0,0.0
phoenix,28909,2023-08-11,near_+0.02,0.04850953862071038,0.14850953862071037,BLOCK_RANGE_ONLY,8.0,linear,temperature_minus_equivalent,K,ESTIMABLE,-0.01403272219587004,-0.0627101804099907,0.0258847504429792,0.023440369826531537,0.0885949308529699,1000.0,0.0
phoenix,28909,2023-08-11,near_+0.02,0.04850953862071038,0.14850953862071037,BLOCK_RANGE_ONLY,8.0,quadratic,temperature,K,ESTIMABLE,0.8824064095173635,0.7642399514172563,1.010239243806585,0.06292466563247412,0.24599929238932872,1000.0,0.0
phoenix,28909,2023-08-11,near_+0.02,0.04850953862071038,0.14850953862071037,BLOCK_RANGE_ONLY,8.0,quadratic,emitted_flux,W/m2,ESTIMABLE,6.156212747221625,5.142905313783984,7.236130208548003,0.530531829976696,2.0932248947640186,1000.0,0.0
phoenix,28909,2023-08-11,near_+0.02,0.04850953862071038,0.14850953862071037,BLOCK_RANGE_ONLY,8.0,quadratic,temperature_equivalent,K,ESTIMABLE,0.9226177748708437,0.7701957893728206,1.0853040827100329,0.07986518295647255,0.31510829333721224,1000.0,0.0
phoenix,28909,2023-08-11,near_+0.02,0.04850953862071038,0.14850953862071037,BLOCK_RANGE_ONLY,8.0,quadratic,temperature_minus_equivalent,K,ESTIMABLE,-0.040211365353480244,-0.09566671337163167,0.01130057872089097,0.02774486254589282,0.10696729209252265,1000.0,0.0
phoenix,28909,2023-08-11,near_+0.02,0.04850953862071038,0.14850953862071037,BLOCK_RANGE_ONLY,8.0,quadratic_minus_linear,temperature,K,ESTIMABLE,-0.04521386239548841,-0.13259294907371835,0.054478435660223035,0.047865349796790475,0.1870713847339414,1000.0,0.0
phoenix,28909,2023-08-11,near_+0.02,0.04850953862071038,0.14850953862071037,BLOCK_RANGE_ONLY,8.0,quadratic_minus_linear,emitted_flux,W/m2,ESTIMABLE,-0.12644324287900321,-0.8044823877165865,0.656700358957626,0.37788252273179285,1.4611827466742127,1000.0,0.0
phoenix,28909,2023-08-11,near_+0.02,0.04850953862071038,0.14850953862071037,BLOCK_RANGE_ONLY,8.0,quadratic_minus_linear,temperature_equivalent,K,ESTIMABLE,-0.01903521923787821,-0.1210941879387363,0.0988482197908837,0.05688797208863817,0.21994240772962,1000.0,0.0
phoenix,28909,2023-08-11,near_+0.02,0.04850953862071038,0.14850953862071037,BLOCK_RANGE_ONLY,8.0,quadratic_minus_linear,temperature_minus_equivalent,K,ESTIMABLE,-0.026178643157610204,-0.06181543795776256,0.006938064554473444,0.017144411752750745,0.068753502512236,1000.0,0.0
phoenix,28909,2023-08-11,grid_00,0.0,0.1,BLOCK_RANGE_ONLY,1.0,linear,temperature,K,ESTIMABLE,0.927620271912852,0.8672189018192393,0.9942164418874151,0.031954072060062275,0.12699754006817576,1000.0,0.0
phoenix,28909,2023-08-11,grid_00,0.0,0.1,BLOCK_RANGE_ONLY,1.0,linear,emitted_flux,W/m2,ESTIMABLE,6.282655990100629,5.80090663546342,6.785528814976896,0.2552255841006887,0.984622179513476,1000.0,0.0
phoenix,28909,2023-08-11,grid_00,0.0,0.1,BLOCK_RANGE_ONLY,1.0,linear,temperature_equivalent,K,ESTIMABLE,0.9416529941087219,0.8691472507414459,1.0173915736910146,0.03842689860804684,0.14824432294956869,1000.0,0.0
phoenix,28909,2023-08-11,grid_00,0.0,0.1,BLOCK_RANGE_ONLY,1.0,linear,temperature_minus_equivalent,K,ESTIMABLE,-0.014032722195869929,-0.0392833812949059,0.011730326682665897,0.013035458360834643,0.05101370797757179,1000.0,0.0
phoenix,28909,2023-08-11,grid_00,0.0,0.1,BLOCK_RANGE_ONLY,1.0,quadratic,temperature,K,ESTIMABLE,0.9431325452194794,0.8722186822709738,1.0146282214224187,0.035840982484969086,0.14240953915144494,1000.0,0.0
phoenix,28909,2023-08-11,grid_00,0.0,0.1,BLOCK_RANGE_ONLY,1.0,quadratic,emitted_flux,W/m2,ESTIMABLE,6.326036980739266,5.75061862488141,6.898868921837306,0.289424075961841,1.1482502969558963,1000.0,0.0
phoenix,28909,2023-08-11,grid_00,0.0,0.1,BLOCK_RANGE_ONLY,1.0,quadratic,temperature_equivalent,K,ESTIMABLE,0.9481845221110916,0.8615815433094326,1.0344695069882548,0.04357797479703818,0.1728879636788222,1000.0,0.0
phoenix,28909,2023-08-11,grid_00,0.0,0.1,BLOCK_RANGE_ONLY,1.0,quadratic,temperature_minus_equivalent,K,ESTIMABLE,-0.0050519768916121865,-0.0329267188242668,0.023668347996905977,0.014688343295247546,0.05659506682117278,1000.0,0.0
phoenix,28909,2023-08-11,grid_00,0.0,0.1,BLOCK_RANGE_ONLY,1.0,quadratic_minus_linear,temperature,K,ESTIMABLE,0.015512273306627411,-0.009466307079667613,0.039809906475194154,0.012290149986214997,0.04927621355486177,1000.0,0.0
phoenix,28909,2023-08-11,grid_00,0.0,0.1,BLOCK_RANGE_ONLY,1.0,quadratic_minus_linear,emitted_flux,W/m2,ESTIMABLE,0.043380990638636874,-0.14811330008788243,0.237982312902646,0.09739044648665576,0.3860956129905284,1000.0,0.0
phoenix,28909,2023-08-11,grid_00,0.0,0.1,BLOCK_RANGE_ONLY,1.0,quadratic_minus_linear,temperature_equivalent,K,ESTIMABLE,0.006531528002369669,-0.022305166012029077,0.03583085446072118,0.014664114854064417,0.05813602047275025,1000.0,0.0
phoenix,28909,2023-08-11,grid_00,0.0,0.1,BLOCK_RANGE_ONLY,1.0,quadratic_minus_linear,temperature_minus_equivalent,K,ESTIMABLE,0.008980745304257742,-0.00037788561100425826,0.018133765983395354,0.004928752784408543,0.018511651594399613,1000.0,0.0
phoenix,28909,2023-08-11,grid_00,0.0,0.1,BLOCK_RANGE_ONLY,8.0,linear,temperature,K,ESTIMABLE,0.927620271912852,0.8301496630636106,1.0369714722135905,0.053183575321379684,0.20682180914997994,1000.0,0.0
phoenix,28909,2023-08-11,grid_00,0.0,0.1,BLOCK_RANGE_ONLY,8.0,linear,emitted_flux,W/m2,ESTIMABLE,6.282655990100629,5.479102284958488,7.17997498466665,0.43964516549312754,1.700872699708162,1000.0,0.0
phoenix,28909,2023-08-11,grid_00,0.0,0.1,BLOCK_RANGE_ONLY,8.0,linear,temperature_equivalent,K,ESTIMABLE,0.9416529941087219,0.8207420246635919,1.0768382270242824,0.06619586117529931,0.25609620236069053,1000.0,0.0
phoenix,28909,2023-08-11,grid_00,0.0,0.1,BLOCK_RANGE_ONLY,8.0,linear,temperature_minus_equivalent,K,ESTIMABLE,-0.014032722195869929,-0.06271018040999048,0.02588475044297931,0.023440369826531537,0.0885949308529698,1000.0,0.0
phoenix,28909,2023-08-11,grid_00,0.0,0.1,BLOCK_RANGE_ONLY,8.0,quadratic,temperature,K,ESTIMABLE,0.9431325452194794,0.8349099162733095,1.0644136951242418,0.05865630501242778,0.22950377885093232,1000.0,0.0
phoenix,28909,2023-08-11,grid_00,0.0,0.1,BLOCK_RANGE_ONLY,8.0,quadratic,emitted_flux,W/m2,ESTIMABLE,6.326036980739266,5.409273690780195,7.271933536874639,0.47625640317062656,1.8626598460944441,1000.0,0.0
phoenix,28909,2023-08-11,grid_00,0.0,0.1,BLOCK_RANGE_ONLY,8.0,quadratic,temperature_equivalent,K,ESTIMABLE,0.9481845221110916,0.8102414906258872,1.090702083695163,0.07171206316461265,0.28046059306927584,1000.0,0.0
phoenix,28909,2023-08-11,grid_00,0.0,0.1,BLOCK_RANGE_ONLY,8.0,quadratic,temperature_minus_equivalent,K,ESTIMABLE,-0.0050519768916121865,-0.054116167682661684,0.038752268374576695,0.024865477448547335,0.09286843605723838,1000.0,0.0
phoenix,28909,2023-08-11,grid_00,0.0,0.1,BLOCK_RANGE_ONLY,8.0,quadratic_minus_linear,temperature,K,ESTIMABLE,0.015512273306627411,-0.017300044462723353,0.048420037056491456,0.01715650625278963,0.06572008151921481,1000.0,0.0
phoenix,28909,2023-08-11,grid_00,0.0,0.1,BLOCK_RANGE_ONLY,8.0,quadratic_minus_linear,emitted_flux,W/m2,ESTIMABLE,0.043380990638636874,-0.2069595695927793,0.3107215296674286,0.13187876166506424,0.5176810992602079,1000.0,0.0
phoenix,28909,2023-08-11,grid_00,0.0,0.1,BLOCK_RANGE_ONLY,8.0,quadratic_minus_linear,temperature_equivalent,K,ESTIMABLE,0.006531528002369669,-0.031135778692808456,0.04686972539712144,0.019855648460843537,0.0780055040899299,1000.0,0.0
phoenix,28909,2023-08-11,grid_00,0.0,0.1,BLOCK_RANGE_ONLY,8.0,quadratic_minus_linear,temperature_minus_equivalent,K,ESTIMABLE,0.008980745304257742,-0.0026863685817665158,0.018198863139503942,0.005411723213470688,0.020885231721270457,1000.0,0.0
phoenix,28909,2023-08-11,grid_01,0.1,0.2,BLOCK_RANGE_ONLY,1.0,linear,temperature,K,ESTIMABLE,0.927620271912852,0.8672189018192393,0.9942164418874151,0.031954072060062275,0.12699754006817576,1000.0,0.0
phoenix,28909,2023-08-11,grid_01,0.1,0.2,BLOCK_RANGE_ONLY,1.0,linear,emitted_flux,W/m2,ESTIMABLE,6.282655990100629,5.80090663546342,6.785528814976896,0.2552255841006887,0.984622179513476,1000.0,0.0
phoenix,28909,2023-08-11,grid_01,0.1,0.2,BLOCK_RANGE_ONLY,1.0,linear,temperature_equivalent,K,ESTIMABLE,0.9416529941087219,0.8691472507414459,1.0173915736910146,0.03842689860804684,0.14824432294956869,1000.0,0.0
phoenix,28909,2023-08-11,grid_01,0.1,0.2,BLOCK_RANGE_ONLY,1.0,linear,temperature_minus_equivalent,K,ESTIMABLE,-0.014032722195869929,-0.0392833812949059,0.011730326682665897,0.013035458360834643,0.05101370797757179,1000.0,0.0
phoenix,28909,2023-08-11,grid_01,0.1,0.2,BLOCK_RANGE_ONLY,1.0,quadratic,temperature,K,ESTIMABLE,0.8179486382420799,0.6440824578371684,0.9949190759250287,0.0876907915548065,0.35083661808786026,1000.0,0.0
phoenix,28909,2023-08-11,grid_01,0.1,0.2,BLOCK_RANGE_ONLY,1.0,quadratic,emitted_flux,W/m2,ESTIMABLE,5.975952773908372,4.630280388915799,7.3505584237669925,0.6868164854550306,2.7202780348511935,1000.0,0.0
phoenix,28909,2023-08-11,grid_01,0.1,0.2,BLOCK_RANGE_ONLY,1.0,quadratic,temperature_equivalent,K,ESTIMABLE,0.8954867789642549,0.6931710777275086,1.1025571866366575,0.1033592066335953,0.40938610890914884,1000.0,0.0
phoenix,28909,2023-08-11,grid_01,0.1,0.2,BLOCK_RANGE_ONLY,1.0,quadratic,temperature_minus_equivalent,K,ESTIMABLE,-0.07753814072217502,-0.145945721707119,-0.011516499310526144,0.03526213247565906,0.13442922239659286,1000.0,0.0
phoenix,28909,2023-08-11,grid_01,0.1,0.2,BLOCK_RANGE_ONLY,1.0,quadratic_minus_linear,temperature,K,ESTIMABLE,-0.10967163367077215,-0.28220468497916235,0.06921641967802981,0.08640398351777133,0.3514211046571922,1000.0,0.0
phoenix,28909,2023-08-11,grid_01,0.1,0.2,BLOCK_RANGE_ONLY,1.0,quadratic_minus_linear,emitted_flux,W/m2,ESTIMABLE,-0.3067032161922567,-1.6806860051086854,1.0235024178682834,0.6865153675582297,2.704188422976969,1000.0,0.0
phoenix,28909,2023-08-11,grid_01,0.1,0.2,BLOCK_RANGE_ONLY,1.0,quadratic_minus_linear,temperature_equivalent,K,ESTIMABLE,-0.04616621514446706,-0.25283707650583975,0.1543439617431671,0.1033165623552427,0.40718103824900687,1000.0,0.0
phoenix,28909,2023-08-11,grid_01,0.1,0.2,BLOCK_RANGE_ONLY,1.0,quadratic_minus_linear,temperature_minus_equivalent,K,ESTIMABLE,-0.06350541852630509,-0.13044845377740907,0.002463905964229759,0.03501385909566975,0.13291235974163884,1000.0,0.0
phoenix,28909,2023-08-11,grid_01,0.1,0.2,BLOCK_RANGE_ONLY,8.0,linear,temperature,K,ESTIMABLE,0.927620271912852,0.8301496630636106,1.0369714722135905,0.053183575321379684,0.20682180914997994,1000.0,0.0
phoenix,28909,2023-08-11,grid_01,0.1,0.2,BLOCK_RANGE_ONLY,8.0,linear,emitted_flux,W/m2,ESTIMABLE,6.282655990100629,5.479102284958488,7.17997498466665,0.43964516549312754,1.700872699708162,1000.0,0.0
phoenix,28909,2023-08-11,grid_01,0.1,0.2,BLOCK_RANGE_ONLY,8.0,linear,temperature_equivalent,K,ESTIMABLE,0.9416529941087219,0.8207420246635919,1.0768382270242824,0.06619586117529931,0.25609620236069053,1000.0,0.0
phoenix,28909,2023-08-11,grid_01,0.1,0.2,BLOCK_RANGE_ONLY,8.0,linear,temperature_minus_equivalent,K,ESTIMABLE,-0.014032722195869929,-0.06271018040999048,0.02588475044297931,0.023440369826531537,0.0885949308529698,1000.0,0.0
phoenix,28909,2023-08-11,grid_01,0.1,0.2,BLOCK_RANGE_ONLY,8.0,quadratic,temperature,K,ESTIMABLE,0.8179486382420799,0.6108767211963091,1.0639030158177734,0.11704224942228987,0.45302629462146426,1000.0,0.0
phoenix,28909,2023-08-11,grid_01,0.1,0.2,BLOCK_RANGE_ONLY,8.0,quadratic,emitted_flux,W/m2,ESTIMABLE,5.975952773908372,4.20490177479045,7.983015710289183,0.9515304590369024,3.778113935498733,1000.0,0.0
phoenix,28909,2023-08-11,grid_01,0.1,0.2,BLOCK_RANGE_ONLY,8.0,quadratic,temperature_equivalent,K,ESTIMABLE,0.8954867789642549,0.6292985984697239,1.1979683734225801,0.14321491337546183,0.5686697749528562,1000.0,0.0
phoenix,28909,2023-08-11,grid_01,0.1,0.2,BLOCK_RANGE_ONLY,8.0,quadratic,temperature_minus_equivalent,K,ESTIMABLE,-0.07753814072217502,-0.16594352431362516,0.010116587935108872,0.045040618948009266,0.17606011224873402,1000.0,0.0
phoenix,28909,2023-08-11,grid_01,0.1,0.2,BLOCK_RANGE_ONLY,8.0,quadratic_minus_linear,temperature,K,ESTIMABLE,-0.10967163367077215,-0.3226346356607083,0.1303188114941375,0.11661505787684806,0.4529534471548458,1000.0,0.0
phoenix,28909,2023-08-11,grid_01,0.1,0.2,BLOCK_RANGE_ONLY,8.0,quadratic_minus_linear,emitted_flux,W/m2,ESTIMABLE,-0.3067032161922567,-1.9746092608724273,1.5751239317447991,0.917523243786995,3.5497331926172264,1000.0,0.0
phoenix,28909,2023-08-11,grid_01,0.1,0.2,BLOCK_RANGE_ONLY,8.0,quadratic_minus_linear,temperature_equivalent,K,ESTIMABLE,-0.04616621514446706,-0.2970292174707822,0.23721496895731628,0.1381053372438913,0.5342441864280985,1000.0,0.0
phoenix,28909,2023-08-11,grid_01,0.1,0.2,BLOCK_RANGE_ONLY,8.0,quadratic_minus_linear,temperature_minus_equivalent,K,ESTIMABLE,-0.06350541852630509,-0.1466468525753543,0.01712391491569748,0.04090128974623317,0.16377076749105177,1000.0,0.0
phoenix,28909,2023-08-11,grid_02,0.2,0.3,BLOCK_RANGE_ONLY,1.0,linear,temperature,K,ESTIMABLE,0.9276202719128518,0.8672189018192391,0.9942164418874149,0.03195407206006227,0.12699754006817576,1000.0,0.0
phoenix,28909,2023-08-11,grid_02,0.2,0.3,BLOCK_RANGE_ONLY,1.0,linear,emitted_flux,W/m2,ESTIMABLE,6.282655990100627,5.800906635463418,6.785528814976894,0.25522558410068863,0.984622179513476,1000.0,0.0
phoenix,28909,2023-08-11,grid_02,0.2,0.3,BLOCK_RANGE_ONLY,1.0,linear,temperature_equivalent,K,ESTIMABLE,0.9416529941087219,0.8691472507414459,1.0173915736910146,0.038426898608046926,0.14824432294956869,1000.0,0.0
phoenix,28909,2023-08-11,grid_02,0.2,0.3,BLOCK_RANGE_ONLY,1.0,linear,temperature_minus_equivalent,K,ESTIMABLE,-0.014032722195870151,-0.03928338129490623,0.011730326682665675,0.01303545836083459,0.051013707977571904,1000.0,0.0
phoenix,28909,2023-08-11,grid_02,0.2,0.3,BLOCK_RANGE_ONLY,1.0,quadratic,temperature,K,ESTIMABLE,0.69276473126468,0.33160269931857894,1.0555423685526195,0.18321945934094888,0.7239396692340405,1000.0,0.0
phoenix,28909,2023-08-11,grid_02,0.2,0.3,BLOCK_RANGE_ONLY,1.0,quadratic,emitted_flux,W/m2,ESTIMABLE,5.625868567077477,2.7644205311633976,8.516826174796238,1.4451636850897946,5.752405643632841,1000.0,0.0
phoenix,28909,2023-08-11,grid_02,0.2,0.3,BLOCK_RANGE_ONLY,1.0,quadratic,temperature_equivalent,K,ESTIMABLE,0.8428155650709641,0.41329282184624105,1.27856573941186,0.2173725063475389,0.8652729175656189,1000.0,0.0
phoenix,28909,2023-08-11,grid_02,0.2,0.3,BLOCK_RANGE_ONLY,1.0,quadratic,temperature_minus_equivalent,K,ESTIMABLE,-0.15005083380628415,-0.2924624608645372,-0.006504845988736768,0.07381879261397548,0.2859576148758004,1000.0,0.0
phoenix,28909,2023-08-11,grid_02,0.2,0.3,BLOCK_RANGE_ONLY,1.0,quadratic_minus_linear,temperature,K,ESTIMABLE,-0.23485554064817182,-0.6039773015015497,0.14789421005717113,0.1850806456884549,0.7518715115587209,1000.0,0.0
phoenix,28909,2023-08-11,grid_02,0.2,0.3,BLOCK_RANGE_ONLY,1.0,quadratic_minus_linear,emitted_flux,W/m2,ESTIMABLE,-0.6567874230231503,-3.604842323823817,2.1952492098397025,1.4703579168975942,5.80009153366352,1000.0,0.0
phoenix,28909,2023-08-11,grid_02,0.2,0.3,BLOCK_RANGE_ONLY,1.0,quadratic_minus_linear,temperature_equivalent,K,ESTIMABLE,-0.09883742903775783,-0.5413285140183888,0.3313234384563624,0.22116948906158382,0.8726519524747511,1000.0,0.0
phoenix,28909,2023-08-11,grid_02,0.2,0.3,BLOCK_RANGE_ONLY,1.0,quadratic_minus_linear,temperature_minus_equivalent,K,ESTIMABLE,-0.136018111610414,-0.2788704924842447,0.00467655811003141,0.07486892870813787,0.28354705059427615,1000.0,0.0
phoenix,28909,2023-08-11,grid_02,0.2,0.3,BLOCK_RANGE_ONLY,8.0,linear,temperature,K,ESTIMABLE,0.9276202719128518,0.8301496630636104,1.0369714722135903,0.05318357532137967,0.20682180914997994,1000.0,0.0
phoenix,28909,2023-08-11,grid_02,0.2,0.3,BLOCK_RANGE_ONLY,8.0,linear,emitted_flux,W/m2,ESTIMABLE,6.282655990100627,5.479102284958486,7.179974984666648,0.43964516549312743,1.700872699708162,1000.0,0.0
phoenix,28909,2023-08-11,grid_02,0.2,0.3,BLOCK_RANGE_ONLY,8.0,linear,temperature_equivalent,K,ESTIMABLE,0.9416529941087219,0.8207420246635919,1.0768382270242824,0.0661958611752994,0.25609620236069053,1000.0,0.0
phoenix,28909,2023-08-11,grid_02,0.2,0.3,BLOCK_RANGE_ONLY,8.0,linear,temperature_minus_equivalent,K,ESTIMABLE,-0.014032722195870151,-0.0627101804099907,0.02588475044297909,0.023440369826531603,0.0885949308529698,1000.0,0.0
phoenix,28909,2023-08-11,grid_02,0.2,0.3,BLOCK_RANGE_ONLY,8.0,quadratic,temperature,K,ESTIMABLE,0.69276473126468,0.2512703462879446,1.2154726587502707,0.2442282739145601,0.964202312462326,1000.0,0.0
phoenix,28909,2023-08-11,grid_02,0.2,0.3,BLOCK_RANGE_ONLY,8.0,quadratic,emitted_flux,W/m2,ESTIMABLE,5.625868567077477,2.1024989701906924,9.653460907299896,1.9448007486840646,7.550961937109204,1000.0,0.0
phoenix,28909,2023-08-11,grid_02,0.2,0.3,BLOCK_RANGE_ONLY,8.0,quadratic,temperature_equivalent,K,ESTIMABLE,0.8428155650709641,0.3141842383147747,1.4503879090900482,0.2926268585374962,1.1362036707752736,1000.0,0.0
phoenix,28909,2023-08-11,grid_02,0.2,0.3,BLOCK_RANGE_ONLY,8.0,quadratic,temperature_minus_equivalent,K,ESTIMABLE,-0.15005083380628415,-0.3251739821410904,0.024119149262159276,0.08771186458136183,0.3492931314032497,1000.0,0.0
phoenix,28909,2023-08-11,grid_02,0.2,0.3,BLOCK_RANGE_ONLY,8.0,quadratic_minus_linear,temperature,K,ESTIMABLE,-0.23485554064817182,-0.687877514811978,0.27833681000341914,0.2501879959905682,0.9662143248153972,1000.0,0.0
phoenix,28909,2023-08-11,grid_02,0.2,0.3,BLOCK_RANGE_ONLY,8.0,quadratic_minus_linear,emitted_flux,W/m2,ESTIMABLE,-0.6567874230231503,-4.243255105695231,3.366784672709327,1.9658472684045605,7.610039778404557,1000.0,0.0
phoenix,28909,2023-08-11,grid_02,0.2,0.3,BLOCK_RANGE_ONLY,8.0,quadratic_minus_linear,temperature_equivalent,K,ESTIMABLE,-0.09883742903775783,-0.6372516483497932,0.5077154522904577,0.29581022241990323,1.1449671006402509,1000.0,0.0
phoenix,28909,2023-08-11,grid_02,0.2,0.3,BLOCK_RANGE_ONLY,8.0,quadratic_minus_linear,temperature_minus_equivalent,K,ESTIMABLE,-0.136018111610414,-0.31278134871833524,0.03643479146369482,0.08701074487571023,0.34921614018203007,1000.0,0.0
phoenix,28909,2023-08-11,grid_03,0.3,0.4,NO_SPANNING_BLOCKS,,,,,NOT_ESTIMATED_NO_REFERENCE_BLOCKS,,,,,,,
phoenix,28909,2023-08-11,grid_04,0.4,0.5,NO_SPANNING_BLOCKS,,,,,NOT_ESTIMATED_NO_REFERENCE_BLOCKS,,,,,,,
phoenix,28909,2023-08-11,grid_05,0.5,0.6,NO_SPANNING_BLOCKS,,,,,NOT_ESTIMATED_NO_REFERENCE_BLOCKS,,,,,,,
phoenix,28909,2023-08-11,grid_06,0.6,0.7,NO_SPANNING_BLOCKS,,,,,NOT_ESTIMATED_NO_REFERENCE_BLOCKS,,,,,,,
phoenix,28909,2023-08-11,grid_07,0.7,0.8,NO_SPANNING_BLOCKS,,,,,NOT_ESTIMATED_NO_REFERENCE_BLOCKS,,,,,,,
phoenix,28909,2023-08-11,grid_08,0.8,0.9,NO_SPANNING_BLOCKS,,,,,NOT_ESTIMATED_NO_REFERENCE_BLOCKS,,,,,,,
phoenix,28909,2023-08-11,grid_09,0.9,1.0,NO_SPANNING_BLOCKS,,,,,NOT_ESTIMATED_NO_REFERENCE_BLOCKS,,,,,,,
phoenix,28970,2023-08-15,near_-0.02,0.008509538620710373,0.10850953862071037,BLOCK_RANGE_ONLY,1.0,linear,temperature,K,ESTIMABLE,1.2563427376878094,1.1459744741546642,1.3617387920527864,0.05714140360280536,0.21576431789812212,1000.0,0.0
phoenix,28970,2023-08-15,near_-0.02,0.008509538620710373,0.10850953862071037,BLOCK_RANGE_ONLY,1.0,linear,emitted_flux,W/m2,ESTIMABLE,9.892232097665442,8.97782613869863,10.813872694398704,0.4742140336740976,1.836046555700074,1000.0,0.0
phoenix,28970,2023-08-15,near_-0.02,0.008509538620710373,0.10850953862071037,BLOCK_RANGE_ONLY,1.0,linear,temperature_equivalent,K,ESTIMABLE,1.4865182910207295,1.348219863303673,1.6260964935871698,0.07176827992519672,0.27787663028349674,1000.0,0.0
phoenix,28970,2023-08-15,near_-0.02,0.008509538620710373,0.10850953862071037,BLOCK_RANGE_ONLY,1.0,linear,temperature_minus_equivalent,K,ESTIMABLE,-0.23017555333292017,-0.27488944264947596,-0.18896955887254818,0.021864151159117478,0.08591988377692777,1000.0,0.0
phoenix,28970,2023-08-15,near_-0.02,0.008509538620710373,0.10850953862071037,BLOCK_RANGE_ONLY,1.0,quadratic,temperature,K,ESTIMABLE,1.2532966167090447,1.142464710357885,1.3578912204989553,0.057677195340948666,0.21542651014107017,1000.0,0.0
phoenix,28970,2023-08-15,near_-0.02,0.008509538620710373,0.10850953862071037,BLOCK_RANGE_ONLY,1.0,quadratic,emitted_flux,W/m2,ESTIMABLE,9.853725332182766,8.899924246493123,10.752570900990186,0.4791786043202875,1.8526466544970628,1000.0,0.0
phoenix,28970,2023-08-15,near_-0.02,0.008509538620710373,0.10850953862071037,BLOCK_RANGE_ONLY,1.0,quadratic,temperature_equivalent,K,ESTIMABLE,1.480690678321423,1.3364461278174218,1.616806825207054,0.0725156890641404,0.2803606973896322,1000.0,0.0
phoenix,28970,2023-08-15,near_-0.02,0.008509538620710373,0.10850953862071037,BLOCK_RANGE_ONLY,1.0,quadratic,temperature_minus_equivalent,K,ESTIMABLE,-0.2273940616123784,-0.27170352187444163,-0.18478452610057042,0.02199628891832728,0.08691899577387122,1000.0,0.0
phoenix,28970,2023-08-15,near_-0.02,0.008509538620710373,0.10850953862071037,BLOCK_RANGE_ONLY,1.0,quadratic_minus_linear,temperature,K,ESTIMABLE,-0.003046120978764666,-0.013878489198103422,0.007617110610744149,0.005396421335739816,0.02149559980884757,1000.0,0.0
phoenix,28970,2023-08-15,near_-0.02,0.008509538620710373,0.10850953862071037,BLOCK_RANGE_ONLY,1.0,quadratic_minus_linear,emitted_flux,W/m2,ESTIMABLE,-0.038506765482676286,-0.12611125575476864,0.04404295727351637,0.043241582108392664,0.170154213028285,1000.0,0.0
phoenix,28970,2023-08-15,near_-0.02,0.008509538620710373,0.10850953862071037,BLOCK_RANGE_ONLY,1.0,quadratic_minus_linear,temperature_equivalent,K,ESTIMABLE,-0.005827612699306428,-0.019074547519439024,0.006661316489491752,0.006543686472608681,0.025735864008930777,1000.0,0.0
phoenix,28970,2023-08-15,near_-0.02,0.008509538620710373,0.10850953862071037,BLOCK_RANGE_ONLY,1.0,quadratic_minus_linear,temperature_minus_equivalent,K,ESTIMABLE,0.002781491720541762,-0.0005102627579293528,0.00647725002398164,0.0018075115319166862,0.006987512781910993,1000.0,0.0
phoenix,28970,2023-08-15,near_-0.02,0.008509538620710373,0.10850953862071037,BLOCK_RANGE_ONLY,8.0,linear,temperature,K,ESTIMABLE,1.2563427376878094,1.1000695932336513,1.417140942694406,0.0806230837304435,0.31707134946075466,1000.0,0.0
phoenix,28970,2023-08-15,near_-0.02,0.008509538620710373,0.10850953862071037,BLOCK_RANGE_ONLY,8.0,linear,emitted_flux,W/m2,ESTIMABLE,9.892232097665442,8.349382877903613,11.577452587558058,0.8126031326229832,3.228069709654445,1000.0,0.0
phoenix,28970,2023-08-15,near_-0.02,0.008509538620710373,0.10850953862071037,BLOCK_RANGE_ONLY,8.0,linear,temperature_equivalent,K,ESTIMABLE,1.4865182910207295,1.2532776215855748,1.7418786707862695,0.12298938360684195,0.4886010492006947,1000.0,0.0
phoenix,28970,2023-08-15,near_-0.02,0.008509538620710373,0.10850953862071037,BLOCK_RANGE_ONLY,8.0,linear,temperature_minus_equivalent,K,ESTIMABLE,-0.23017555333292017,-0.3403684959439366,-0.12803673688388492,0.05429990011448883,0.21233175906005167,1000.0,0.0
phoenix,28970,2023-08-15,near_-0.02,0.008509538620710373,0.10850953862071037,BLOCK_RANGE_ONLY,8.0,quadratic,temperature,K,ESTIMABLE,1.2532966167090447,1.0930680003196238,1.4154843075308583,0.08138195841383372,0.3224163072112345,1000.0,0.0
phoenix,28970,2023-08-15,near_-0.02,0.008509538620710373,0.10850953862071037,BLOCK_RANGE_ONLY,8.0,quadratic,emitted_flux,W/m2,ESTIMABLE,9.853725332182766,8.306420758843196,11.515121295599599,0.8192344804316529,3.208700536756403,1000.0,0.0
phoenix,28970,2023-08-15,near_-0.02,0.008509538620710373,0.10850953862071037,BLOCK_RANGE_ONLY,8.0,quadratic,temperature_equivalent,K,ESTIMABLE,1.480690678321423,1.2467902564056517,1.7324225148596597,0.12398541414284626,0.48563225845400804,1000.0,0.0
phoenix,28970,2023-08-15,near_-0.02,0.008509538620710373,0.10850953862071037,BLOCK_RANGE_ONLY,8.0,quadratic,temperature_minus_equivalent,K,ESTIMABLE,-0.2273940616123784,-0.33794263894775267,-0.12573554227632258,0.05451834764991924,0.2122070966714301,1000.0,0.0
phoenix,28970,2023-08-15,near_-0.02,0.008509538620710373,0.10850953862071037,BLOCK_RANGE_ONLY,8.0,quadratic_minus_linear,temperature,K,ESTIMABLE,-0.003046120978764666,-0.017333515097902978,0.012496268662968768,0.007463835733551993,0.029829783760871746,1000.0,0.0
phoenix,28970,2023-08-15,near_-0.02,0.008509538620710373,0.10850953862071037,BLOCK_RANGE_ONLY,8.0,quadratic_minus_linear,emitted_flux,W/m2,ESTIMABLE,-0.038506765482676286,-0.1697357639511278,0.10185615510350793,0.06574571000444143,0.27159191905463576,1000.0,0.0
phoenix,28970,2023-08-15,near_-0.02,0.008509538620710373,0.10850953862071037,BLOCK_RANGE_ONLY,8.0,quadratic_minus_linear,temperature_equivalent,K,ESTIMABLE,-0.005827612699306428,-0.025724109997861434,0.015420337557391391,0.009946497053492983,0.041144447555252824,1000.0,0.0
phoenix,28970,2023-08-15,near_-0.02,0.008509538620710373,0.10850953862071037,BLOCK_RANGE_ONLY,8.0,quadratic_minus_linear,temperature_minus_equivalent,K,ESTIMABLE,0.002781491720541762,-0.003317685798040798,0.008852174475203213,0.0030063792624982553,0.01216986027324401,1000.0,0.0
phoenix,28970,2023-08-15,near_-0.01,0.01850953862071037,0.11850953862071037,BLOCK_RANGE_ONLY,1.0,linear,temperature,K,ESTIMABLE,1.2563427376878094,1.1459744741546642,1.3617387920527864,0.05714140360280536,0.21576431789812212,1000.0,0.0
phoenix,28970,2023-08-15,near_-0.01,0.01850953862071037,0.11850953862071037,BLOCK_RANGE_ONLY,1.0,linear,emitted_flux,W/m2,ESTIMABLE,9.892232097665442,8.97782613869863,10.813872694398704,0.4742140336740976,1.836046555700074,1000.0,0.0
phoenix,28970,2023-08-15,near_-0.01,0.01850953862071037,0.11850953862071037,BLOCK_RANGE_ONLY,1.0,linear,temperature_equivalent,K,ESTIMABLE,1.4865182910207295,1.348219863303673,1.6260964935871698,0.07176827992519672,0.27787663028349674,1000.0,0.0
phoenix,28970,2023-08-15,near_-0.01,0.01850953862071037,0.11850953862071037,BLOCK_RANGE_ONLY,1.0,linear,temperature_minus_equivalent,K,ESTIMABLE,-0.23017555333292017,-0.27488944264947596,-0.18896955887254818,0.021864151159117478,0.08591988377692777,1000.0,0.0
phoenix,28970,2023-08-15,near_-0.01,0.01850953862071037,0.11850953862071037,BLOCK_RANGE_ONLY,1.0,quadratic,temperature,K,ESTIMABLE,1.263370381493772,1.1482187001051074,1.3745478199064654,0.05779733630412531,0.22632911980135795,1000.0,0.0
phoenix,28970,2023-08-15,near_-0.01,0.01850953862071037,0.11850953862071037,BLOCK_RANGE_ONLY,1.0,quadratic,emitted_flux,W/m2,ESTIMABLE,9.981070273764976,9.071200746971375,10.894341076194873,0.47788987196241756,1.8231403292234987,1000.0,0.0
phoenix,28970,2023-08-15,near_-0.01,0.01850953862071037,0.11850953862071037,BLOCK_RANGE_ONLY,1.0,quadratic,temperature_equivalent,K,ESTIMABLE,1.4999642986028334,1.3623338228196815,1.638291920162385,0.07233423711987184,0.2759580973427034,1000.0,0.0
phoenix,28970,2023-08-15,near_-0.01,0.01850953862071037,0.11850953862071037,BLOCK_RANGE_ONLY,1.0,quadratic,temperature_minus_equivalent,K,ESTIMABLE,-0.2365939171090614,-0.2823913995251253,-0.19372214573112947,0.022226474219336732,0.08866925379399584,1000.0,0.0
phoenix,28970,2023-08-15,near_-0.01,0.01850953862071037,0.11850953862071037,BLOCK_RANGE_ONLY,1.0,quadratic_minus_linear,temperature,K,ESTIMABLE,0.007027643805962658,-0.016793174069645617,0.031073601746827915,0.012391712483978492,0.04786677581647353,1000.0,0.0
phoenix,28970,2023-08-15,near_-0.01,0.01850953862071037,0.11850953862071037,BLOCK_RANGE_ONLY,1.0,quadratic_minus_linear,emitted_flux,W/m2,ESTIMABLE,0.08883817609953404,-0.09979428872099687,0.29390825938275533,0.09986072356466182,0.3937025481037522,1000.0,0.0
phoenix,28970,2023-08-15,near_-0.01,0.01850953862071037,0.11850953862071037,BLOCK_RANGE_ONLY,1.0,quadratic_minus_linear,temperature_equivalent,K,ESTIMABLE,0.013446007582103903,-0.01507829975790571,0.04448971022256955,0.015114971454331255,0.05956800998047526,1000.0,0.0
phoenix,28970,2023-08-15,near_-0.01,0.01850953862071037,0.11850953862071037,BLOCK_RANGE_ONLY,1.0,quadratic_minus_linear,temperature_minus_equivalent,K,ESTIMABLE,-0.006418363776141245,-0.014990001392448105,0.001075305629774991,0.0043350825415290175,0.016065307022223096,1000.0,0.0
phoenix,28970,2023-08-15,near_-0.01,0.01850953862071037,0.11850953862071037,BLOCK_RANGE_ONLY,8.0,linear,temperature,K,ESTIMABLE,1.2563427376878094,1.1000695932336513,1.417140942694406,0.0806230837304435,0.31707134946075466,1000.0,0.0
phoenix,28970,2023-08-15,near_-0.01,0.01850953862071037,0.11850953862071037,BLOCK_RANGE_ONLY,8.0,linear,emitted_flux,W/m2,ESTIMABLE,9.892232097665442,8.349382877903613,11.577452587558058,0.8126031326229832,3.228069709654445,1000.0,0.0
phoenix,28970,2023-08-15,near_-0.01,0.01850953862071037,0.11850953862071037,BLOCK_RANGE_ONLY,8.0,linear,temperature_equivalent,K,ESTIMABLE,1.4865182910207295,1.2532776215855748,1.7418786707862695,0.12298938360684195,0.4886010492006947,1000.0,0.0
phoenix,28970,2023-08-15,near_-0.01,0.01850953862071037,0.11850953862071037,BLOCK_RANGE_ONLY,8.0,linear,temperature_minus_equivalent,K,ESTIMABLE,-0.23017555333292017,-0.3403684959439366,-0.12803673688388492,0.05429990011448883,0.21233175906005167,1000.0,0.0
phoenix,28970,2023-08-15,near_-0.01,0.01850953862071037,0.11850953862071037,BLOCK_RANGE_ONLY,8.0,quadratic,temperature,K,ESTIMABLE,1.263370381493772,1.1101846589829905,1.4403330245175758,0.08348196245573965,0.3301483655345854,1000.0,0.0
phoenix,28970,2023-08-15,near_-0.01,0.01850953862071037,0.11850953862071037,BLOCK_RANGE_ONLY,8.0,quadratic,emitted_flux,W/m2,ESTIMABLE,9.981070273764976,8.41568483672514,11.700987557936514,0.8441171395834798,3.285302721211375,1000.0,0.0
phoenix,28970,2023-08-15,near_-0.01,0.01850953862071037,0.11850953862071037,BLOCK_RANGE_ONLY,8.0,quadratic,temperature_equivalent,K,ESTIMABLE,1.4999642986028334,1.2632901411468993,1.7606224470387417,0.1277798874740817,0.4973323058918424,1000.0,0.0
phoenix,28970,2023-08-15,near_-0.01,0.01850953862071037,0.11850953862071037,BLOCK_RANGE_ONLY,8.0,quadratic,temperature_minus_equivalent,K,ESTIMABLE,-0.2365939171090614,-0.3514619357165637,-0.12734315821432604,0.056098319621708415,0.22411877750223766,1000.0,0.0
phoenix,28970,2023-08-15,near_-0.01,0.01850953862071037,0.11850953862071037,BLOCK_RANGE_ONLY,8.0,quadratic_minus_linear,temperature,K,ESTIMABLE,0.007027643805962658,-0.02509078526440564,0.044070499418005504,0.017565235195654793,0.06916128468241114,1000.0,0.0
phoenix,28970,2023-08-15,near_-0.01,0.01850953862071037,0.11850953862071037,BLOCK_RANGE_ONLY,8.0,quadratic_minus_linear,emitted_flux,W/m2,ESTIMABLE,0.08883817609953404,-0.1810144881608665,0.42877865726925185,0.15874656765292636,0.6097931454301183,1000.0,0.0
phoenix,28970,2023-08-15,near_-0.01,0.01850953862071037,0.11850953862071037,BLOCK_RANGE_ONLY,8.0,quadratic_minus_linear,temperature_equivalent,K,ESTIMABLE,0.013446007582103903,-0.027407321815425687,0.06483982666398731,0.024036394475725878,0.092247148479413,1000.0,0.0
phoenix,28970,2023-08-15,near_-0.01,0.01850953862071037,0.11850953862071037,BLOCK_RANGE_ONLY,8.0,quadratic_minus_linear,temperature_minus_equivalent,K,ESTIMABLE,-0.006418363776141245,-0.024197635577840333,0.005957315510417581,0.007824110435538241,0.030154951088257914,1000.0,0.0
phoenix,28970,2023-08-15,historical,0.028509538620710373,0.12850953862071038,BLOCK_RANGE_ONLY,1.0,linear,temperature,K,ESTIMABLE,1.2563427376878094,1.1459744741546642,1.3617387920527864,0.05714140360280536,0.21576431789812212,1000.0,0.0
phoenix,28970,2023-08-15,historical,0.028509538620710373,0.12850953862071038,BLOCK_RANGE_ONLY,1.0,linear,emitted_flux,W/m2,ESTIMABLE,9.892232097665442,8.97782613869863,10.813872694398704,0.4742140336740976,1.836046555700074,1000.0,0.0
phoenix,28970,2023-08-15,historical,0.028509538620710373,0.12850953862071038,BLOCK_RANGE_ONLY,1.0,linear,temperature_equivalent,K,ESTIMABLE,1.4865182910207295,1.348219863303673,1.6260964935871698,0.07176827992519672,0.27787663028349674,1000.0,0.0
phoenix,28970,2023-08-15,historical,0.028509538620710373,0.12850953862071038,BLOCK_RANGE_ONLY,1.0,linear,temperature_minus_equivalent,K,ESTIMABLE,-0.23017555333292017,-0.27488944264947596,-0.18896955887254818,0.021864151159117478,0.08591988377692777,1000.0,0.0
phoenix,28970,2023-08-15,historical,0.028509538620710373,0.12850953862071038,BLOCK_RANGE_ONLY,1.0,quadratic,temperature,K,ESTIMABLE,1.2734441462784991,1.151505081964264,1.3930549186966497,0.06310034645518325,0.24154983673238561,1000.0,0.0
phoenix,28970,2023-08-15,historical,0.028509538620710373,0.12850953862071038,BLOCK_RANGE_ONLY,1.0,quadratic,emitted_flux,W/m2,ESTIMABLE,10.108415215347186,9.120764498118787,11.1056157077714,0.5173093483812155,1.9848512096526143,1000.0,0.0
phoenix,28970,2023-08-15,historical,0.028509538620710373,0.12850953862071038,BLOCK_RANGE_ONLY,1.0,quadratic,temperature_equivalent,K,ESTIMABLE,1.5192414768652043,1.36982636503959,1.6703185385055548,0.07831616879167302,0.3004921734659647,1000.0,0.0
phoenix,28970,2023-08-15,historical,0.028509538620710373,0.12850953862071038,BLOCK_RANGE_ONLY,1.0,quadratic,temperature_minus_equivalent,K,ESTIMABLE,-0.24579733058670516,-0.2937832112624663,-0.19898647713841797,0.024043184162887875,0.09479673412404835,1000.0,0.0
phoenix,28970,2023-08-15,historical,0.028509538620710373,0.12850953862071038,BLOCK_RANGE_ONLY,1.0,quadratic_minus_linear,temperature,K,ESTIMABLE,0.01710140859068976,-0.040577647587634866,0.07464408643692161,0.030087142283642274,0.11522173402455647,1000.0,0.0
phoenix,28970,2023-08-15,historical,0.028509538620710373,0.12850953862071038,BLOCK_RANGE_ONLY,1.0,quadratic_minus_linear,emitted_flux,W/m2,ESTIMABLE,0.21618311768174436,-0.24305908293364945,0.7131776538956877,0.24194654597845291,0.9562367368293371,1000.0,0.0
phoenix,28970,2023-08-15,historical,0.028509538620710373,0.12850953862071038,BLOCK_RANGE_ONLY,1.0,quadratic_minus_linear,temperature_equivalent,K,ESTIMABLE,0.032723185844474756,-0.0368030878548609,0.10808573821322368,0.036628089574385875,0.14488882606808456,1000.0,0.0
phoenix,28970,2023-08-15,historical,0.028509538620710373,0.12850953862071038,BLOCK_RANGE_ONLY,1.0,quadratic_minus_linear,temperature_minus_equivalent,K,ESTIMABLE,-0.015621777253784996,-0.036326013065567486,0.002618814151800166,0.010402763000554564,0.03894482721736765,1000.0,0.0
phoenix,28970,2023-08-15,historical,0.028509538620710373,0.12850953862071038,BLOCK_RANGE_ONLY,8.0,linear,temperature,K,ESTIMABLE,1.2563427376878094,1.1000695932336513,1.417140942694406,0.0806230837304435,0.31707134946075466,1000.0,0.0
phoenix,28970,2023-08-15,historical,0.028509538620710373,0.12850953862071038,BLOCK_RANGE_ONLY,8.0,linear,emitted_flux,W/m2,ESTIMABLE,9.892232097665442,8.349382877903613,11.577452587558058,0.8126031326229832,3.228069709654445,1000.0,0.0
phoenix,28970,2023-08-15,historical,0.028509538620710373,0.12850953862071038,BLOCK_RANGE_ONLY,8.0,linear,temperature_equivalent,K,ESTIMABLE,1.4865182910207295,1.2532776215855748,1.7418786707862695,0.12298938360684195,0.4886010492006947,1000.0,0.0
phoenix,28970,2023-08-15,historical,0.028509538620710373,0.12850953862071038,BLOCK_RANGE_ONLY,8.0,linear,temperature_minus_equivalent,K,ESTIMABLE,-0.23017555333292017,-0.3403684959439366,-0.12803673688388492,0.05429990011448883,0.21233175906005167,1000.0,0.0
phoenix,28970,2023-08-15,historical,0.028509538620710373,0.12850953862071038,BLOCK_RANGE_ONLY,8.0,quadratic,temperature,K,ESTIMABLE,1.2734441462784991,1.1019272772218751,1.463336339140206,0.09220161778595934,0.361409061918331,1000.0,0.0
phoenix,28970,2023-08-15,historical,0.028509538620710373,0.12850953862071038,BLOCK_RANGE_ONLY,8.0,quadratic,emitted_flux,W/m2,ESTIMABLE,10.108415215347186,8.48498626905449,11.979470150879722,0.9211295723969898,3.494483881825232,1000.0,0.0
phoenix,28970,2023-08-15,historical,0.028509538620710373,0.12850953862071038,BLOCK_RANGE_ONLY,8.0,quadratic,temperature_equivalent,K,ESTIMABLE,1.5192414768652043,1.2737566449098439,1.8028885501270964,0.13946919316027373,0.5291319052172525,1000.0,0.0
phoenix,28970,2023-08-15,historical,0.028509538620710373,0.12850953862071038,BLOCK_RANGE_ONLY,8.0,quadratic,temperature_minus_equivalent,K,ESTIMABLE,-0.24579733058670516,-0.3675769341576404,-0.13253148114872046,0.05947270658699931,0.23504545300891996,1000.0,0.0
phoenix,28970,2023-08-15,historical,0.028509538620710373,0.12850953862071038,BLOCK_RANGE_ONLY,8.0,quadratic_minus_linear,temperature,K,ESTIMABLE,0.01710140859068976,-0.06312823137449915,0.10250235149070994,0.041797745128127894,0.1656305828652091,1000.0,0.0
phoenix,28970,2023-08-15,historical,0.028509538620710373,0.12850953862071038,BLOCK_RANGE_ONLY,8.0,quadratic_minus_linear,emitted_flux,W/m2,ESTIMABLE,0.21618311768174436,-0.4531523757392296,0.9848336651652317,0.3750143723837418,1.4379860409044614,1000.0,0.0
phoenix,28970,2023-08-15,historical,0.028509538620710373,0.12850953862071038,BLOCK_RANGE_ONLY,8.0,quadratic_minus_linear,temperature_equivalent,K,ESTIMABLE,0.032723185844474756,-0.06849629875376735,0.1491726327476556,0.05678850725675131,0.21766893150142297,1000.0,0.0
phoenix,28970,2023-08-15,historical,0.028509538620710373,0.12850953862071038,BLOCK_RANGE_ONLY,8.0,quadratic_minus_linear,temperature_minus_equivalent,K,ESTIMABLE,-0.015621777253784996,-0.05352910047939621,0.014781857207627598,0.018125975804216123,0.0683109576870238,1000.0,0.0
phoenix,28970,2023-08-15,near_+0.01,0.038509538620710375,0.1385095386207104,BLOCK_RANGE_ONLY,1.0,linear,temperature,K,ESTIMABLE,1.2563427376878094,1.1459744741546642,1.3617387920527864,0.05714140360280536,0.21576431789812212,1000.0,0.0
phoenix,28970,2023-08-15,near_+0.01,0.038509538620710375,0.1385095386207104,BLOCK_RANGE_ONLY,1.0,linear,emitted_flux,W/m2,ESTIMABLE,9.892232097665442,8.97782613869863,10.813872694398704,0.4742140336740976,1.836046555700074,1000.0,0.0
phoenix,28970,2023-08-15,near_+0.01,0.038509538620710375,0.1385095386207104,BLOCK_RANGE_ONLY,1.0,linear,temperature_equivalent,K,ESTIMABLE,1.4865182910207295,1.348219863303673,1.6260964935871698,0.07176827992519672,0.27787663028349674,1000.0,0.0
phoenix,28970,2023-08-15,near_+0.01,0.038509538620710375,0.1385095386207104,BLOCK_RANGE_ONLY,1.0,linear,temperature_minus_equivalent,K,ESTIMABLE,-0.23017555333292017,-0.27488944264947596,-0.18896955887254818,0.021864151159117478,0.08591988377692777,1000.0,0.0
phoenix,28970,2023-08-15,near_+0.01,0.038509538620710375,0.1385095386207104,BLOCK_RANGE_ONLY,1.0,quadratic,temperature,K,ESTIMABLE,1.2835179110632262,1.1445431080475932,1.421621807114728,0.07245704782237503,0.2770786990671348,1000.0,0.0
phoenix,28970,2023-08-15,near_+0.01,0.038509538620710375,0.1385095386207104,BLOCK_RANGE_ONLY,1.0,quadratic,emitted_flux,W/m2,ESTIMABLE,10.235760156929395,9.06283357905753,11.407345355449168,0.5893240462032451,2.344511776391638,1000.0,0.0
phoenix,28970,2023-08-15,near_+0.01,0.038509538620710375,0.1385095386207104,BLOCK_RANGE_ONLY,1.0,quadratic,temperature_equivalent,K,ESTIMABLE,1.5385222146413753,1.3610690128031222,1.7160740644418766,0.08923641948235893,0.3550050516387544,1000.0,0.0
phoenix,28970,2023-08-15,near_+0.01,0.038509538620710375,0.1385095386207104,BLOCK_RANGE_ONLY,1.0,quadratic,temperature_minus_equivalent,K,ESTIMABLE,-0.25500430357814907,-0.3094963166264661,-0.20015953977806625,0.027133563575623753,0.10933677684839985,1000.0,0.0
phoenix,28970,2023-08-15,near_+0.01,0.038509538620710375,0.1385095386207104,BLOCK_RANGE_ONLY,1.0,quadratic_minus_linear,temperature,K,ESTIMABLE,0.02717517337541686,-0.06447556391185898,0.1172942328642418,0.04779295074343565,0.18176979677610078,1000.0,0.0
phoenix,28970,2023-08-15,near_+0.01,0.038509538620710375,0.1385095386207104,BLOCK_RANGE_ONLY,1.0,quadratic_minus_linear,emitted_flux,W/m2,ESTIMABLE,0.3435280592639529,-0.3858757309393084,1.125529233762977,0.3841454612817576,1.5114049647022854,1000.0,0.0
phoenix,28970,2023-08-15,near_+0.01,0.038509538620710375,0.1385095386207104,BLOCK_RANGE_ONLY,1.0,quadratic_minus_linear,temperature_equivalent,K,ESTIMABLE,0.052003923620645764,-0.05842180232403109,0.17063084336681128,0.058166620703965354,0.22905264569084238,1000.0,0.0
phoenix,28970,2023-08-15,near_+0.01,0.038509538620710375,0.1385095386207104,BLOCK_RANGE_ONLY,1.0,quadratic_minus_linear,temperature_minus_equivalent,K,ESTIMABLE,-0.024828750245228903,-0.057681008639108786,0.004174270734145873,0.016485103424002313,0.06185527937325466,1000.0,0.0
phoenix,28970,2023-08-15,near_+0.01,0.038509538620710375,0.1385095386207104,BLOCK_RANGE_ONLY,8.0,linear,temperature,K,ESTIMABLE,1.2563427376878094,1.1000695932336513,1.417140942694406,0.0806230837304435,0.31707134946075466,1000.0,0.0
phoenix,28970,2023-08-15,near_+0.01,0.038509538620710375,0.1385095386207104,BLOCK_RANGE_ONLY,8.0,linear,emitted_flux,W/m2,ESTIMABLE,9.892232097665442,8.349382877903613,11.577452587558058,0.8126031326229832,3.228069709654445,1000.0,0.0
phoenix,28970,2023-08-15,near_+0.01,0.038509538620710375,0.1385095386207104,BLOCK_RANGE_ONLY,8.0,linear,temperature_equivalent,K,ESTIMABLE,1.4865182910207295,1.2532776215855748,1.7418786707862695,0.12298938360684195,0.4886010492006947,1000.0,0.0
phoenix,28970,2023-08-15,near_+0.01,0.038509538620710375,0.1385095386207104,BLOCK_RANGE_ONLY,8.0,linear,temperature_minus_equivalent,K,ESTIMABLE,-0.23017555333292017,-0.3403684959439366,-0.12803673688388492,0.05429990011448883,0.21233175906005167,1000.0,0.0
phoenix,28970,2023-08-15,near_+0.01,0.038509538620710375,0.1385095386207104,BLOCK_RANGE_ONLY,8.0,quadratic,temperature,K,ESTIMABLE,1.2835179110632262,1.0936214619484863,1.5017643838515573,0.10591847787770928,0.408142921903071,1000.0,0.0
phoenix,28970,2023-08-15,near_+0.01,0.038509538620710375,0.1385095386207104,BLOCK_RANGE_ONLY,8.0,quadratic,emitted_flux,W/m2,ESTIMABLE,10.235760156929395,8.333027448896607,12.299191788695392,1.0387410482623258,3.9661643397987856,1000.0,0.0
phoenix,28970,2023-08-15,near_+0.01,0.038509538620710375,0.1385095386207104,BLOCK_RANGE_ONLY,8.0,quadratic,temperature_equivalent,K,ESTIMABLE,1.5385222146413753,1.2508078732931907,1.8514347477812505,0.1573117698552132,0.6006268744880598,1000.0,0.0
phoenix,28970,2023-08-15,near_+0.01,0.038509538620710375,0.1385095386207104,BLOCK_RANGE_ONLY,8.0,quadratic,temperature_minus_equivalent,K,ESTIMABLE,-0.25500430357814907,-0.39063243565203576,-0.13499913842968267,0.06436587712595596,0.25563329722235306,1000.0,0.0
phoenix,28970,2023-08-15,near_+0.01,0.038509538620710375,0.1385095386207104,BLOCK_RANGE_ONLY,8.0,quadratic_minus_linear,temperature,K,ESTIMABLE,0.02717517337541686,-0.09975224430699786,0.15809261075677086,0.0661154359798773,0.25784485506376875,1000.0,0.0
phoenix,28970,2023-08-15,near_+0.01,0.038509538620710375,0.1385095386207104,BLOCK_RANGE_ONLY,8.0,quadratic_minus_linear,emitted_flux,W/m2,ESTIMABLE,0.3435280592639529,-0.7345300594000022,1.563434483133305,0.5921388508131753,2.297964542533307,1000.0,0.0
phoenix,28970,2023-08-15,near_+0.01,0.038509538620710375,0.1385095386207104,BLOCK_RANGE_ONLY,8.0,quadratic_minus_linear,temperature_equivalent,K,ESTIMABLE,0.052003923620645764,-0.11108242178372478,0.23680412988359903,0.08968406967149223,0.3478865516673238,1000.0,0.0
phoenix,28970,2023-08-15,near_+0.01,0.038509538620710375,0.1385095386207104,BLOCK_RANGE_ONLY,8.0,quadratic_minus_linear,temperature_minus_equivalent,K,ESTIMABLE,-0.024828750245228903,-0.08268824683420285,0.023848810397121587,0.02849232820554914,0.10653705723132444,1000.0,0.0
phoenix,28970,2023-08-15,near_+0.02,0.04850953862071038,0.14850953862071037,BLOCK_RANGE_ONLY,1.0,linear,temperature,K,ESTIMABLE,1.2563427376878091,1.1459744741546642,1.3617387920527861,0.05714140360280534,0.2157643178981219,1000.0,0.0
phoenix,28970,2023-08-15,near_+0.02,0.04850953862071038,0.14850953862071037,BLOCK_RANGE_ONLY,1.0,linear,emitted_flux,W/m2,ESTIMABLE,9.892232097665442,8.977826138698628,10.813872694398702,0.4742140336740975,1.836046555700074,1000.0,0.0
phoenix,28970,2023-08-15,near_+0.02,0.04850953862071038,0.14850953862071037,BLOCK_RANGE_ONLY,1.0,linear,temperature_equivalent,K,ESTIMABLE,1.4865182910207295,1.348219863303673,1.6260964935871698,0.0717682799251969,0.27787663028349674,1000.0,0.0
phoenix,28970,2023-08-15,near_+0.02,0.04850953862071038,0.14850953862071037,BLOCK_RANGE_ONLY,1.0,linear,temperature_minus_equivalent,K,ESTIMABLE,-0.2301755533329204,-0.2748894426494762,-0.18896955887254838,0.02186415115911759,0.0859198837769278,1000.0,0.0
phoenix,28970,2023-08-15,near_+0.02,0.04850953862071038,0.14850953862071037,BLOCK_RANGE_ONLY,1.0,quadratic,temperature,K,ESTIMABLE,1.2935916758479535,1.130244269336049,1.454757653031972,0.08453190080059422,0.32451338369592286,1000.0,0.0
phoenix,28970,2023-08-15,near_+0.02,0.04850953862071038,0.14850953862071037,BLOCK_RANGE_ONLY,1.0,quadratic,emitted_flux,W/m2,ESTIMABLE,10.363105098511605,9.06523609427621,11.764496323376898,0.6837107124044173,2.6992602291006875,1000.0,0.0
phoenix,28970,2023-08-15,near_+0.02,0.04850953862071038,0.14850953862071037,BLOCK_RANGE_ONLY,1.0,quadratic,temperature_equivalent,K,ESTIMABLE,1.5578065134654366,1.3614321854196318,1.7702598477213498,0.10354933839977824,0.40882766230171796,1000.0,0.0
phoenix,28970,2023-08-15,near_+0.02,0.04850953862071038,0.14850953862071037,BLOCK_RANGE_ONLY,1.0,quadratic,temperature_minus_equivalent,K,ESTIMABLE,-0.2642148376174831,-0.3252188440236634,-0.20275081733261696,0.031123975131512684,0.12246802669104645,1000.0,0.0
phoenix,28970,2023-08-15,near_+0.02,0.04850953862071038,0.14850953862071037,BLOCK_RANGE_ONLY,1.0,quadratic_minus_linear,temperature,K,ESTIMABLE,0.03724893816014441,-0.08887098903356386,0.1610081686809,0.0655007218906065,0.24987915771446387,1000.0,0.0
phoenix,28970,2023-08-15,near_+0.02,0.04850953862071038,0.14850953862071037,BLOCK_RANGE_ONLY,1.0,quadratic_minus_linear,emitted_flux,W/m2,ESTIMABLE,0.47087300084616324,-0.5286923789449656,1.5378808136302664,0.5263658205547445,2.066573192575232,1000.0,0.0
phoenix,28970,2023-08-15,near_+0.02,0.04850953862071038,0.14850953862071037,BLOCK_RANGE_ONLY,1.0,quadratic_minus_linear,temperature_equivalent,K,ESTIMABLE,0.07128822244470712,-0.08003604211553324,0.23321346215696648,0.07971670915716275,0.3132495042724997,1000.0,0.0
phoenix,28970,2023-08-15,near_+0.02,0.04850953862071038,0.14850953862071037,BLOCK_RANGE_ONLY,1.0,quadratic_minus_linear,temperature_minus_equivalent,K,ESTIMABLE,-0.03403928428456271,-0.07906087745723141,0.005726143069163711,0.022575105851194675,0.08478702052639511,1000.0,0.0
phoenix,28970,2023-08-15,near_+0.02,0.04850953862071038,0.14850953862071037,BLOCK_RANGE_ONLY,8.0,linear,temperature,K,ESTIMABLE,1.2563427376878091,1.100069593233651,1.4171409426944057,0.08062308373044347,0.31707134946075466,1000.0,0.0
phoenix,28970,2023-08-15,near_+0.02,0.04850953862071038,0.14850953862071037,BLOCK_RANGE_ONLY,8.0,linear,emitted_flux,W/m2,ESTIMABLE,9.892232097665442,8.349382877903613,11.577452587558057,0.812603132622983,3.2280697096544433,1000.0,0.0
phoenix,28970,2023-08-15,near_+0.02,0.04850953862071038,0.14850953862071037,BLOCK_RANGE_ONLY,8.0,linear,temperature_equivalent,K,ESTIMABLE,1.4865182910207295,1.2532776215855748,1.7418786707862695,0.12298938360684196,0.4886010492006947,1000.0,0.0
phoenix,28970,2023-08-15,near_+0.02,0.04850953862071038,0.14850953862071037,BLOCK_RANGE_ONLY,8.0,linear,temperature_minus_equivalent,K,ESTIMABLE,-0.2301755533329204,-0.3403684959439368,-0.12803673688388512,0.05429990011448887,0.2123317590600517,1000.0,0.0
phoenix,28970,2023-08-15,near_+0.02,0.04850953862071038,0.14850953862071037,BLOCK_RANGE_ONLY,8.0,quadratic,temperature,K,ESTIMABLE,1.2935916758479535,1.0737004933317744,1.550238922369813,0.12297152091524881,0.47653842903803856,1000.0,0.0
phoenix,28970,2023-08-15,near_+0.02,0.04850953862071038,0.14850953862071037,BLOCK_RANGE_ONLY,8.0,quadratic,emitted_flux,W/m2,ESTIMABLE,10.363105098511605,8.192246827596867,12.790008876296056,1.1849234464475582,4.59776204869919,1000.0,0.0
phoenix,28970,2023-08-15,near_+0.02,0.04850953862071038,0.14850953862071037,BLOCK_RANGE_ONLY,8.0,quadratic,temperature_equivalent,K,ESTIMABLE,1.5578065134654366,1.229551723024548,1.9260038900275005,0.1794894526801003,0.6964521670029524,1000.0,0.0
phoenix,28970,2023-08-15,near_+0.02,0.04850953862071038,0.14850953862071037,BLOCK_RANGE_ONLY,8.0,quadratic,temperature_minus_equivalent,K,ESTIMABLE,-0.2642148376174831,-0.4092829788191749,-0.1334399441702779,0.07046763877055963,0.27584303464889703,1000.0,0.0
phoenix,28970,2023-08-15,near_+0.02,0.04850953862071038,0.14850953862071037,BLOCK_RANGE_ONLY,8.0,quadratic_minus_linear,temperature,K,ESTIMABLE,0.03724893816014441,-0.1357812671617431,0.21612133564905278,0.0904496302840349,0.3519026028107959,1000.0,0.0
phoenix,28970,2023-08-15,near_+0.02,0.04850953862071038,0.14850953862071037,BLOCK_RANGE_ONLY,8.0,quadratic_minus_linear,emitted_flux,W/m2,ESTIMABLE,0.47087300084616324,-1.0139157552101064,2.13864266259573,0.8094309051336702,3.1525584178058366,1000.0,0.0
phoenix,28970,2023-08-15,near_+0.02,0.04850953862071038,0.14850953862071037,BLOCK_RANGE_ONLY,8.0,quadratic_minus_linear,temperature_equivalent,K,ESTIMABLE,0.07128822244470712,-0.15317050695819745,0.32414089233794385,0.12261889569257027,0.4773113992961413,1000.0,0.0
phoenix,28970,2023-08-15,near_+0.02,0.04850953862071038,0.14850953862071037,BLOCK_RANGE_ONLY,8.0,quadratic_minus_linear,temperature_minus_equivalent,K,ESTIMABLE,-0.03403928428456271,-0.11334144527752159,0.03313239066251024,0.03888159563797589,0.14647383594003183,1000.0,0.0
phoenix,28970,2023-08-15,grid_00,0.0,0.1,BLOCK_RANGE_ONLY,1.0,linear,temperature,K,ESTIMABLE,1.2563427376878094,1.1459744741546642,1.3617387920527864,0.05714140360280536,0.21576431789812212,1000.0,0.0
phoenix,28970,2023-08-15,grid_00,0.0,0.1,BLOCK_RANGE_ONLY,1.0,linear,emitted_flux,W/m2,ESTIMABLE,9.892232097665442,8.97782613869863,10.813872694398704,0.4742140336740976,1.836046555700074,1000.0,0.0
phoenix,28970,2023-08-15,grid_00,0.0,0.1,BLOCK_RANGE_ONLY,1.0,linear,temperature_equivalent,K,ESTIMABLE,1.4865182910207295,1.348219863303673,1.6260964935871698,0.07176827992519672,0.27787663028349674,1000.0,0.0
phoenix,28970,2023-08-15,grid_00,0.0,0.1,BLOCK_RANGE_ONLY,1.0,linear,temperature_minus_equivalent,K,ESTIMABLE,-0.23017555333292017,-0.27488944264947596,-0.18896955887254818,0.021864151159117478,0.08591988377692777,1000.0,0.0
phoenix,28970,2023-08-15,grid_00,0.0,0.1,BLOCK_RANGE_ONLY,1.0,quadratic,temperature,K,ESTIMABLE,1.244724307659886,1.1257782845374036,1.3578762362699657,0.061715763472882705,0.2320979517325621,1000.0,0.0
phoenix,28970,2023-08-15,grid_00,0.0,0.1,BLOCK_RANGE_ONLY,1.0,quadratic,emitted_flux,W/m2,ESTIMABLE,9.745360662328174,8.777514296546851,10.688180524218575,0.5123752184801068,1.9106662276717241,1000.0,0.0
phoenix,28970,2023-08-15,grid_00,0.0,0.1,BLOCK_RANGE_ONLY,1.0,quadratic,temperature_equivalent,K,ESTIMABLE,1.4642925176061112,1.3179483301843973,1.6070500032010742,0.07752743845082707,0.2891016730166769,1000.0,0.0
phoenix,28970,2023-08-15,grid_00,0.0,0.1,BLOCK_RANGE_ONLY,1.0,quadratic,temperature_minus_equivalent,K,ESTIMABLE,-0.21956820994622528,-0.2654896874476433,-0.17428438508667737,0.02309101153561965,0.09120530236096591,1000.0,0.0
phoenix,28970,2023-08-15,grid_00,0.0,0.1,BLOCK_RANGE_ONLY,1.0,quadratic_minus_linear,temperature,K,ESTIMABLE,-0.011618430027923399,-0.05003295132430418,0.0273140811619349,0.020425879231274223,0.07734703248623909,1000.0,0.0
phoenix,28970,2023-08-15,grid_00,0.0,0.1,BLOCK_RANGE_ONLY,1.0,quadratic_minus_linear,emitted_flux,W/m2,ESTIMABLE,-0.14687143533726754,-0.4741081663363622,0.16427710078659855,0.1638346254997836,0.6383852671229607,1000.0,0.0
phoenix,28970,2023-08-15,grid_00,0.0,0.1,BLOCK_RANGE_ONLY,1.0,quadratic_minus_linear,temperature_equivalent,K,ESTIMABLE,-0.02222577341461829,-0.07182645828221013,0.024881909687876194,0.024789055515456977,0.09670836797008632,1000.0,0.0
phoenix,28970,2023-08-15,grid_00,0.0,0.1,BLOCK_RANGE_ONLY,1.0,quadratic_minus_linear,temperature_minus_equivalent,K,ESTIMABLE,0.01060734338669489,-0.0018351452801952605,0.024453150333536205,0.0069347699409926244,0.026288295613731465,1000.0,0.0
phoenix,28970,2023-08-15,grid_00,0.0,0.1,BLOCK_RANGE_ONLY,8.0,linear,temperature,K,ESTIMABLE,1.2563427376878094,1.1000695932336513,1.417140942694406,0.0806230837304435,0.31707134946075466,1000.0,0.0
phoenix,28970,2023-08-15,grid_00,0.0,0.1,BLOCK_RANGE_ONLY,8.0,linear,emitted_flux,W/m2,ESTIMABLE,9.892232097665442,8.349382877903613,11.577452587558058,0.8126031326229832,3.228069709654445,1000.0,0.0
phoenix,28970,2023-08-15,grid_00,0.0,0.1,BLOCK_RANGE_ONLY,8.0,linear,temperature_equivalent,K,ESTIMABLE,1.4865182910207295,1.2532776215855748,1.7418786707862695,0.12298938360684195,0.4886010492006947,1000.0,0.0
phoenix,28970,2023-08-15,grid_00,0.0,0.1,BLOCK_RANGE_ONLY,8.0,linear,temperature_minus_equivalent,K,ESTIMABLE,-0.23017555333292017,-0.3403684959439366,-0.12803673688388492,0.05429990011448883,0.21233175906005167,1000.0,0.0
phoenix,28970,2023-08-15,grid_00,0.0,0.1,BLOCK_RANGE_ONLY,8.0,quadratic,temperature,K,ESTIMABLE,1.244724307659886,1.0780093892221685,1.4128176005373778,0.0852184412625338,0.3348082113152093,1000.0,0.0
phoenix,28970,2023-08-15,grid_00,0.0,0.1,BLOCK_RANGE_ONLY,8.0,quadratic,emitted_flux,W/m2,ESTIMABLE,9.745360662328174,8.131283732083178,11.388410439621357,0.8428480548689627,3.2571267075381787,1000.0,0.0
phoenix,28970,2023-08-15,grid_00,0.0,0.1,BLOCK_RANGE_ONLY,8.0,quadratic,temperature_equivalent,K,ESTIMABLE,1.4642925176061112,1.2203483838498883,1.7132021052490372,0.12753546647334169,0.49285372139914885,1000.0,0.0
phoenix,28970,2023-08-15,grid_00,0.0,0.1,BLOCK_RANGE_ONLY,8.0,quadratic,temperature_minus_equivalent,K,ESTIMABLE,-0.21956820994622528,-0.32770494887639745,-0.11494181376242482,0.054703199628545356,0.21276313511397263,1000.0,0.0
phoenix,28970,2023-08-15,grid_00,0.0,0.1,BLOCK_RANGE_ONLY,8.0,quadratic_minus_linear,temperature,K,ESTIMABLE,-0.011618430027923399,-0.06470481306852302,0.0430440337055714,0.027826890151334674,0.10774884677409442,1000.0,0.0
phoenix,28970,2023-08-15,grid_00,0.0,0.1,BLOCK_RANGE_ONLY,8.0,quadratic_minus_linear,emitted_flux,W/m2,ESTIMABLE,-0.14687143533726754,-0.6267363256416272,0.3311538009491036,0.24702998576275395,0.9578901265907308,1000.0,0.0
phoenix,28970,2023-08-15,grid_00,0.0,0.1,BLOCK_RANGE_ONLY,8.0,quadratic_minus_linear,temperature_equivalent,K,ESTIMABLE,-0.02222577341461829,-0.0946999243459004,0.050157999758580714,0.037377997476204926,0.14485792410448112,1000.0,0.0
phoenix,28970,2023-08-15,grid_00,0.0,0.1,BLOCK_RANGE_ONLY,8.0,quadratic_minus_linear,temperature_minus_equivalent,K,ESTIMABLE,0.01060734338669489,-0.010738713902184603,0.032457154419103004,0.01155450013924029,0.043195868321287606,1000.0,0.0
phoenix,28970,2023-08-15,grid_01,0.1,0.2,BLOCK_RANGE_ONLY,1.0,linear,temperature,K,ESTIMABLE,1.2563427376878094,1.1459744741546642,1.3617387920527864,0.05714140360280536,0.21576431789812212,1000.0,0.0
phoenix,28970,2023-08-15,grid_01,0.1,0.2,BLOCK_RANGE_ONLY,1.0,linear,emitted_flux,W/m2,ESTIMABLE,9.892232097665442,8.97782613869863,10.813872694398704,0.4742140336740976,1.836046555700074,1000.0,0.0
phoenix,28970,2023-08-15,grid_01,0.1,0.2,BLOCK_RANGE_ONLY,1.0,linear,temperature_equivalent,K,ESTIMABLE,1.4865182910207295,1.348219863303673,1.6260964935871698,0.07176827992519672,0.27787663028349674,1000.0,0.0
phoenix,28970,2023-08-15,grid_01,0.1,0.2,BLOCK_RANGE_ONLY,1.0,linear,temperature_minus_equivalent,K,ESTIMABLE,-0.23017555333292017,-0.27488944264947596,-0.18896955887254818,0.021864151159117478,0.08591988377692777,1000.0,0.0
phoenix,28970,2023-08-15,grid_01,0.1,0.2,BLOCK_RANGE_ONLY,1.0,quadratic,temperature,K,ESTIMABLE,1.3454619555071579,1.0320403686348218,1.6594274150638115,0.16381743444470964,0.6273870464289897,1000.0,0.0
phoenix,28970,2023-08-15,grid_01,0.1,0.2,BLOCK_RANGE_ONLY,1.0,quadratic,emitted_flux,W/m2,ESTIMABLE,11.018810078150272,8.48154267508645,13.600582731224526,1.3140514099480005,5.119040056138076,1000.0,0.0
phoenix,28970,2023-08-15,grid_01,0.1,0.2,BLOCK_RANGE_ONLY,1.0,quadratic,temperature_equivalent,K,ESTIMABLE,1.6571586902520608,1.2732365425469965,2.0492700952455265,0.1992176257917908,0.77603355269853,1000.0,0.0
phoenix,28970,2023-08-15,grid_01,0.1,0.2,BLOCK_RANGE_ONLY,1.0,quadratic,temperature_minus_equivalent,K,ESTIMABLE,-0.3116967347449029,-0.4301852687762196,-0.2051590177332554,0.05788383209278055,0.2250262510429642,1000.0,0.0
phoenix,28970,2023-08-15,grid_01,0.1,0.2,BLOCK_RANGE_ONLY,1.0,quadratic_minus_linear,temperature,K,ESTIMABLE,0.0891192178193485,-0.21299726761306575,0.38696590389680763,0.15668481880948784,0.5999631715098734,1000.0,0.0
phoenix,28970,2023-08-15,grid_01,0.1,0.2,BLOCK_RANGE_ONLY,1.0,quadratic_minus_linear,emitted_flux,W/m2,ESTIMABLE,1.1265779804848304,-1.2639514876982332,3.6666617055317814,1.2587302634017679,4.930613193230014,1000.0,0.0
phoenix,28970,2023-08-15,grid_01,0.1,0.2,BLOCK_RANGE_ONLY,1.0,quadratic_minus_linear,temperature_equivalent,K,ESTIMABLE,0.17064039923133123,-0.19121489407518483,0.5564220474972401,0.19082108073095194,0.7476369415724249,1000.0,0.0
phoenix,28970,2023-08-15,grid_01,0.1,0.2,BLOCK_RANGE_ONLY,1.0,quadratic_minus_linear,temperature_minus_equivalent,K,ESTIMABLE,-0.08152118141198272,-0.19006482094039484,0.013660122576720007,0.054033460682111324,0.20372494351711484,1000.0,0.0
phoenix,28970,2023-08-15,grid_01,0.1,0.2,BLOCK_RANGE_ONLY,8.0,linear,temperature,K,ESTIMABLE,1.2563427376878094,1.1000695932336513,1.417140942694406,0.0806230837304435,0.31707134946075466,1000.0,0.0
phoenix,28970,2023-08-15,grid_01,0.1,0.2,BLOCK_RANGE_ONLY,8.0,linear,emitted_flux,W/m2,ESTIMABLE,9.892232097665442,8.349382877903613,11.577452587558058,0.8126031326229832,3.228069709654445,1000.0,0.0
phoenix,28970,2023-08-15,grid_01,0.1,0.2,BLOCK_RANGE_ONLY,8.0,linear,temperature_equivalent,K,ESTIMABLE,1.4865182910207295,1.2532776215855748,1.7418786707862695,0.12298938360684195,0.4886010492006947,1000.0,0.0
phoenix,28970,2023-08-15,grid_01,0.1,0.2,BLOCK_RANGE_ONLY,8.0,linear,temperature_minus_equivalent,K,ESTIMABLE,-0.23017555333292017,-0.3403684959439366,-0.12803673688388492,0.05429990011448883,0.21233175906005167,1000.0,0.0
phoenix,28970,2023-08-15,grid_01,0.1,0.2,BLOCK_RANGE_ONLY,8.0,quadratic,temperature,K,ESTIMABLE,1.3454619555071579,0.8991595143003202,1.8171939340742143,0.23235864049897612,0.9180344197738941,1000.0,0.0
phoenix,28970,2023-08-15,grid_01,0.1,0.2,BLOCK_RANGE_ONLY,8.0,quadratic,emitted_flux,W/m2,ESTIMABLE,11.018810078150272,7.151544352402709,15.35228169630728,2.1388594258614715,8.20073734390457,1000.0,0.0
phoenix,28970,2023-08-15,grid_01,0.1,0.2,BLOCK_RANGE_ONLY,8.0,quadratic,temperature_equivalent,K,ESTIMABLE,1.6571586902520608,1.0725523814480695,2.3161547933605418,0.3243458631844104,1.2436024119124722,1000.0,0.0
phoenix,28970,2023-08-15,grid_01,0.1,0.2,BLOCK_RANGE_ONLY,8.0,quadratic,temperature_minus_equivalent,K,ESTIMABLE,-0.3116967347449029,-0.5428073890396622,-0.10549868994580333,0.1125303532166521,0.43730869909385883,1000.0,0.0
phoenix,28970,2023-08-15,grid_01,0.1,0.2,BLOCK_RANGE_ONLY,8.0,quadratic_minus_linear,temperature,K,ESTIMABLE,0.0891192178193485,-0.32763542372860344,0.5170316234672423,0.21579811939198532,0.8446670471958457,1000.0,0.0
phoenix,28970,2023-08-15,grid_01,0.1,0.2,BLOCK_RANGE_ONLY,8.0,quadratic_minus_linear,emitted_flux,W/m2,ESTIMABLE,1.1265779804848304,-2.4380694743333473,5.034437503109611,1.9287934682949412,7.472506977442959,1000.0,0.0
phoenix,28970,2023-08-15,grid_01,0.1,0.2,BLOCK_RANGE_ONLY,8.0,quadratic_minus_linear,temperature_equivalent,K,ESTIMABLE,0.17064039923133123,-0.36780253262912055,0.7665393408804191,0.2925015803469844,1.1343418735095396,1000.0,0.0
phoenix,28970,2023-08-15,grid_01,0.1,0.2,BLOCK_RANGE_ONLY,8.0,quadratic_minus_linear,temperature_minus_equivalent,K,ESTIMABLE,-0.08152118141198272,-0.27045010209817716,0.08029776516711176,0.09260786875682282,0.35074786726528895,1000.0,0.0
phoenix,28970,2023-08-15,grid_02,0.2,0.3,BLOCK_RANGE_ONLY,1.0,linear,temperature,K,ESTIMABLE,1.256342737687809,1.145974474154664,1.361738792052786,0.057141403602805334,0.2157643178981219,1000.0,0.0
phoenix,28970,2023-08-15,grid_02,0.2,0.3,BLOCK_RANGE_ONLY,1.0,linear,emitted_flux,W/m2,ESTIMABLE,9.89223209766544,8.977826138698626,10.813872694398702,0.4742140336740974,1.8360465557000758,1000.0,0.0
phoenix,28970,2023-08-15,grid_02,0.2,0.3,BLOCK_RANGE_ONLY,1.0,linear,temperature_equivalent,K,ESTIMABLE,1.4865182910207295,1.348219863303673,1.6260964935871698,0.07176827992519676,0.27787663028349674,1000.0,0.0
phoenix,28970,2023-08-15,grid_02,0.2,0.3,BLOCK_RANGE_ONLY,1.0,linear,temperature_minus_equivalent,K,ESTIMABLE,-0.2301755533329206,-0.2748894426494762,-0.1889695588725486,0.021864151159117398,0.08591988377692758,1000.0,0.0
phoenix,28970,2023-08-15,grid_02,0.2,0.3,BLOCK_RANGE_ONLY,1.0,quadratic,temperature,K,ESTIMABLE,1.4461996033544293,0.8142092688395017,2.078583164297033,0.3355418154877735,1.2643738954575312,1000.0,0.0
phoenix,28970,2023-08-15,grid_02,0.2,0.3,BLOCK_RANGE_ONLY,1.0,quadratic,emitted_flux,W/m2,ESTIMABLE,12.292259493972368,7.180222202062834,17.739714892190495,2.690222589806017,10.559492690127662,1000.0,0.0
phoenix,28970,2023-08-15,grid_02,0.2,0.3,BLOCK_RANGE_ONLY,1.0,quadratic,temperature_equivalent,K,ESTIMABLE,1.8503819140887572,1.0768755295150656,2.681003285995857,0.4086503735895831,1.6041277564807912,1000.0,0.0
phoenix,28970,2023-08-15,grid_02,0.2,0.3,BLOCK_RANGE_ONLY,1.0,quadratic,temperature_minus_equivalent,K,ESTIMABLE,-0.40418231073432787,-0.6486948827412434,-0.19582660902962132,0.11720667685138209,0.4528682737116221,1000.0,0.0
phoenix,28970,2023-08-15,grid_02,0.2,0.3,BLOCK_RANGE_ONLY,1.0,quadratic_minus_linear,temperature,K,ESTIMABLE,0.1898568656666204,-0.4540356312519133,0.8257927278847699,0.3337782049417425,1.2798283591366832,1000.0,0.0
phoenix,28970,2023-08-15,grid_02,0.2,0.3,BLOCK_RANGE_ONLY,1.0,quadratic_minus_linear,emitted_flux,W/m2,ESTIMABLE,2.4000273963069283,-2.692469574277095,7.81913529601119,2.681105312876909,10.511604870288284,1000.0,0.0
phoenix,28970,2023-08-15,grid_02,0.2,0.3,BLOCK_RANGE_ONLY,1.0,quadratic_minus_linear,temperature_equivalent,K,ESTIMABLE,0.36386362306802766,-0.40696721368457955,1.1901745604965015,0.4072420395201273,1.5971417741810812,1000.0,0.0
phoenix,28970,2023-08-15,grid_02,0.2,0.3,BLOCK_RANGE_ONLY,1.0,quadratic_minus_linear,temperature_minus_equivalent,K,ESTIMABLE,-0.17400675740140725,-0.4056194234506417,0.028798190037472467,0.1155968859992788,0.4344176134881142,1000.0,0.0
phoenix,28970,2023-08-15,grid_02,0.2,0.3,BLOCK_RANGE_ONLY,8.0,linear,temperature,K,ESTIMABLE,1.256342737687809,1.100069593233651,1.4171409426944055,0.08062308373044347,0.31707134946075444,1000.0,0.0
phoenix,28970,2023-08-15,grid_02,0.2,0.3,BLOCK_RANGE_ONLY,8.0,linear,emitted_flux,W/m2,ESTIMABLE,9.89223209766544,8.349382877903611,11.577452587558055,0.8126031326229829,3.2280697096544433,1000.0,0.0
phoenix,28970,2023-08-15,grid_02,0.2,0.3,BLOCK_RANGE_ONLY,8.0,linear,temperature_equivalent,K,ESTIMABLE,1.4865182910207295,1.2532776215855748,1.7418786707862695,0.12298938360684199,0.4886010492006947,1000.0,0.0
phoenix,28970,2023-08-15,grid_02,0.2,0.3,BLOCK_RANGE_ONLY,8.0,linear,temperature_minus_equivalent,K,ESTIMABLE,-0.2301755533329206,-0.34036849594393703,-0.12803673688388534,0.054299900114488896,0.2123317590600517,1000.0,0.0
phoenix,28970,2023-08-15,grid_02,0.2,0.3,BLOCK_RANGE_ONLY,8.0,quadratic,temperature,K,ESTIMABLE,1.4461996033544293,0.5351380836384704,2.388511092876072,0.4682813572708753,1.8533730092376017,1000.0,0.0
phoenix,28970,2023-08-15,grid_02,0.2,0.3,BLOCK_RANGE_ONLY,8.0,quadratic,emitted_flux,W/m2,ESTIMABLE,12.292259493972368,4.386947268943664,20.797799171294294,4.230222178930494,16.41085190235063,1000.0,0.0
phoenix,28970,2023-08-15,grid_02,0.2,0.3,BLOCK_RANGE_ONLY,8.0,quadratic,temperature_equivalent,K,ESTIMABLE,1.8503819140887572,0.6566287648828009,3.150218397574155,0.6428653237074708,2.4935896326913545,1000.0,0.0
phoenix,28970,2023-08-15,grid_02,0.2,0.3,BLOCK_RANGE_ONLY,8.0,quadratic,temperature_minus_equivalent,K,ESTIMABLE,-0.40418231073432787,-0.8628029203097921,-0.04137696665056426,0.2109557420697282,0.8214259536592279,1000.0,0.0
phoenix,28970,2023-08-15,grid_02,0.2,0.3,BLOCK_RANGE_ONLY,8.0,quadratic_minus_linear,temperature,K,ESTIMABLE,0.1898568656666204,-0.6972387260905761,1.0959860225706224,0.45927318397697126,1.7932247486611985,1000.0,0.0
phoenix,28970,2023-08-15,grid_02,0.2,0.3,BLOCK_RANGE_ONLY,8.0,quadratic_minus_linear,emitted_flux,W/m2,ESTIMABLE,2.4000273963069283,-5.1889973832254945,10.719910476109895,4.1030717654371385,15.90890785933539,1000.0,0.0
phoenix,28970,2023-08-15,grid_02,0.2,0.3,BLOCK_RANGE_ONLY,8.0,quadratic_minus_linear,temperature_equivalent,K,ESTIMABLE,0.36386362306802766,-0.781255442201747,1.6361626666869948,0.6235626522379039,2.417418108888742,1000.0,0.0
phoenix,28970,2023-08-15,grid_02,0.2,0.3,BLOCK_RANGE_ONLY,8.0,quadratic_minus_linear,temperature_minus_equivalent,K,ESTIMABLE,-0.17400675740140725,-0.583063699553289,0.17104316836593686,0.197944196505781,0.7541068679192258,1000.0,0.0
phoenix,28970,2023-08-15,grid_03,0.3,0.4,NO_SPANNING_BLOCKS,,,,,NOT_ESTIMATED_NO_REFERENCE_BLOCKS,,,,,,,
phoenix,28970,2023-08-15,grid_04,0.4,0.5,NO_SPANNING_BLOCKS,,,,,NOT_ESTIMATED_NO_REFERENCE_BLOCKS,,,,,,,
phoenix,28970,2023-08-15,grid_05,0.5,0.6,NO_SPANNING_BLOCKS,,,,,NOT_ESTIMATED_NO_REFERENCE_BLOCKS,,,,,,,
phoenix,28970,2023-08-15,grid_06,0.6,0.7,NO_SPANNING_BLOCKS,,,,,NOT_ESTIMATED_NO_REFERENCE_BLOCKS,,,,,,,
phoenix,28970,2023-08-15,grid_07,0.7,0.8,NO_SPANNING_BLOCKS,,,,,NOT_ESTIMATED_NO_REFERENCE_BLOCKS,,,,,,,
phoenix,28970,2023-08-15,grid_08,0.8,0.9,NO_SPANNING_BLOCKS,,,,,NOT_ESTIMATED_NO_REFERENCE_BLOCKS,,,,,,,
phoenix,28970,2023-08-15,grid_09,0.9,1.0,NO_SPANNING_BLOCKS,,,,,NOT_ESTIMATED_NO_REFERENCE_BLOCKS,,,,,,,
phoenix,29092,2023-08-23,near_-0.02,0.008509538620710373,0.10850953862071037,BLOCK_RANGE_ONLY,1.0,linear,temperature,K,ESTIMABLE,1.035992758182818,0.9829870109909367,1.0914299493830575,0.027270307079141035,0.10844293839212082,1000.0,0.0
phoenix,29092,2023-08-23,near_-0.02,0.008509538620710373,0.10850953862071037,BLOCK_RANGE_ONLY,1.0,linear,emitted_flux,W/m2,ESTIMABLE,8.088874155552844,7.699950102869215,8.520817624228128,0.20778524049902036,0.8208675213589132,1000.0,0.0
phoenix,29092,2023-08-23,near_-0.02,0.008509538620710373,0.10850953862071037,BLOCK_RANGE_ONLY,1.0,linear,temperature_equivalent,K,ESTIMABLE,1.213946468449592,1.1552549206055402,1.2791686185449536,0.03136522746080419,0.12391369793941331,1000.0,0.0
phoenix,29092,2023-08-23,near_-0.02,0.008509538620710373,0.10850953862071037,BLOCK_RANGE_ONLY,1.0,linear,temperature_minus_equivalent,K,ESTIMABLE,-0.17795371026677387,-0.20033049534616415,-0.15530241899224034,0.011644282365542031,0.04502807635392381,1000.0,0.0
phoenix,29092,2023-08-23,near_-0.02,0.008509538620710373,0.10850953862071037,BLOCK_RANGE_ONLY,1.0,quadratic,temperature,K,ESTIMABLE,1.023527480849752,0.9696096369238681,1.0799622822754855,0.027467681280729375,0.11035264535161737,1000.0,0.0
phoenix,29092,2023-08-23,near_-0.02,0.008509538620710373,0.10850953862071037,BLOCK_RANGE_ONLY,1.0,quadratic,emitted_flux,W/m2,ESTIMABLE,7.945271274050439,7.547585427269052,8.374156695027626,0.2099174844568774,0.8265712677585739,1000.0,0.0
phoenix,29092,2023-08-23,near_-0.02,0.008509538620710373,0.10850953862071037,BLOCK_RANGE_ONLY,1.0,quadratic,temperature_equivalent,K,ESTIMABLE,1.1922718820625846,1.1322709320820592,1.2570187001399602,0.03168056595168736,0.124747768057901,1000.0,0.0
phoenix,29092,2023-08-23,near_-0.02,0.008509538620710373,0.10850953862071037,BLOCK_RANGE_ONLY,1.0,quadratic,temperature_minus_equivalent,K,ESTIMABLE,-0.16874440121283252,-0.19134249879198503,-0.1454957287879677,0.011935450220824767,0.04584677000401732,1000.0,0.0
phoenix,29092,2023-08-23,near_-0.02,0.008509538620710373,0.10850953862071037,BLOCK_RANGE_ONLY,1.0,quadratic_minus_linear,temperature,K,ESTIMABLE,-0.012465277333066016,-0.017953445867253802,-0.006674049351802265,0.0028986617044873346,0.011279396515451536,1000.0,0.0
phoenix,29092,2023-08-23,near_-0.02,0.008509538620710373,0.10850953862071037,BLOCK_RANGE_ONLY,1.0,quadratic_minus_linear,emitted_flux,W/m2,ESTIMABLE,-0.14360288150240486,-0.18874281489616979,-0.09615998397050336,0.022882472777486836,0.09258283092566642,1000.0,0.0
phoenix,29092,2023-08-23,near_-0.02,0.008509538620710373,0.10850953862071037,BLOCK_RANGE_ONLY,1.0,quadratic_minus_linear,temperature_equivalent,K,ESTIMABLE,-0.021674586387007366,-0.02848497418213327,-0.014513858489434029,0.0034531280079463547,0.013971115692699241,1000.0,0.0
phoenix,29092,2023-08-23,near_-0.02,0.008509538620710373,0.10850953862071037,BLOCK_RANGE_ONLY,1.0,quadratic_minus_linear,temperature_minus_equivalent,K,ESTIMABLE,0.00920930905394135,0.006541273540606662,0.011660010795254422,0.0013597653092017237,0.005118737254647759,1000.0,0.0
phoenix,29092,2023-08-23,near_-0.02,0.008509538620710373,0.10850953862071037,BLOCK_RANGE_ONLY,8.0,linear,temperature,K,ESTIMABLE,1.035992758182818,0.9509872601555127,1.1202197826859548,0.0432794419231962,0.16923252253044208,1000.0,0.0
phoenix,29092,2023-08-23,near_-0.02,0.008509538620710373,0.10850953862071037,BLOCK_RANGE_ONLY,8.0,linear,emitted_flux,W/m2,ESTIMABLE,8.088874155552844,7.38008550970223,8.74111099962011,0.35070285254761757,1.3610254899178802,1000.0,0.0
phoenix,29092,2023-08-23,near_-0.02,0.008509538620710373,0.10850953862071037,BLOCK_RANGE_ONLY,8.0,linear,temperature_equivalent,K,ESTIMABLE,1.213946468449592,1.1070096438028174,1.3124479291745133,0.05293742337446064,0.20543828537169584,1000.0,0.0
phoenix,29092,2023-08-23,near_-0.02,0.008509538620710373,0.10850953862071037,BLOCK_RANGE_ONLY,8.0,linear,temperature_minus_equivalent,K,ESTIMABLE,-0.17795371026677387,-0.21257136117666342,-0.1391697247042121,0.018470254905221885,0.07340163647245132,1000.0,0.0
phoenix,29092,2023-08-23,near_-0.02,0.008509538620710373,0.10850953862071037,BLOCK_RANGE_ONLY,8.0,quadratic,temperature,K,ESTIMABLE,1.023527480849752,0.9372384776722901,1.1098421159449106,0.04395157071283764,0.17260363827262049,1000.0,0.0
phoenix,29092,2023-08-23,near_-0.02,0.008509538620710373,0.10850953862071037,BLOCK_RANGE_ONLY,8.0,quadratic,emitted_flux,W/m2,ESTIMABLE,7.945271274050439,7.220558121549491,8.638663857008904,0.3624296221308466,1.418105735459413,1000.0,0.0
phoenix,29092,2023-08-23,near_-0.02,0.008509538620710373,0.10850953862071037,BLOCK_RANGE_ONLY,8.0,quadratic,temperature_equivalent,K,ESTIMABLE,1.1922718820625846,1.082956395770276,1.2969701114278323,0.05469647043085287,0.21401371565755634,1000.0,0.0
phoenix,29092,2023-08-23,near_-0.02,0.008509538620710373,0.10850953862071037,BLOCK_RANGE_ONLY,8.0,quadratic,temperature_minus_equivalent,K,ESTIMABLE,-0.16874440121283252,-0.205897153080154,-0.12983929313407658,0.01951239238138005,0.07605785994607742,1000.0,0.0
phoenix,29092,2023-08-23,near_-0.02,0.008509538620710373,0.10850953862071037,BLOCK_RANGE_ONLY,8.0,quadratic_minus_linear,temperature,K,ESTIMABLE,-0.012465277333066016,-0.021137871534079162,-0.003254320586615762,0.0045217765282617416,0.0178835509474634,1000.0,0.0
phoenix,29092,2023-08-23,near_-0.02,0.008509538620710373,0.10850953862071037,BLOCK_RANGE_ONLY,8.0,quadratic_minus_linear,emitted_flux,W/m2,ESTIMABLE,-0.14360288150240486,-0.22063199044507936,-0.0626403774573695,0.04191367305612879,0.15799161298770986,1000.0,0.0
phoenix,29092,2023-08-23,near_-0.02,0.008509538620710373,0.10850953862071037,BLOCK_RANGE_ONLY,8.0,quadratic_minus_linear,temperature_equivalent,K,ESTIMABLE,-0.021674586387007366,-0.033289030972302666,-0.009450821581789627,0.006322777727274703,0.023838209390513038,1000.0,0.0
phoenix,29092,2023-08-23,near_-0.02,0.008509538620710373,0.10850953862071037,BLOCK_RANGE_ONLY,8.0,quadratic_minus_linear,temperature_minus_equivalent,K,ESTIMABLE,0.00920930905394135,0.004023434686033095,0.014777701147432752,0.0028179660503465996,0.010754266461399657,1000.0,0.0
phoenix,29092,2023-08-23,near_-0.01,0.01850953862071037,0.11850953862071037,BLOCK_RANGE_ONLY,1.0,linear,temperature,K,ESTIMABLE,1.035992758182818,0.9829870109909367,1.0914299493830575,0.027270307079141035,0.10844293839212082,1000.0,0.0
phoenix,29092,2023-08-23,near_-0.01,0.01850953862071037,0.11850953862071037,BLOCK_RANGE_ONLY,1.0,linear,emitted_flux,W/m2,ESTIMABLE,8.088874155552844,7.699950102869215,8.520817624228128,0.20778524049902036,0.8208675213589132,1000.0,0.0
phoenix,29092,2023-08-23,near_-0.01,0.01850953862071037,0.11850953862071037,BLOCK_RANGE_ONLY,1.0,linear,temperature_equivalent,K,ESTIMABLE,1.213946468449592,1.1552549206055402,1.2791686185449536,0.03136522746080419,0.12391369793941331,1000.0,0.0
phoenix,29092,2023-08-23,near_-0.01,0.01850953862071037,0.11850953862071037,BLOCK_RANGE_ONLY,1.0,linear,temperature_minus_equivalent,K,ESTIMABLE,-0.17795371026677387,-0.20033049534616415,-0.15530241899224034,0.011644282365542031,0.04502807635392381,1000.0,0.0
phoenix,29092,2023-08-23,near_-0.01,0.01850953862071037,0.11850953862071037,BLOCK_RANGE_ONLY,1.0,quadratic,temperature,K,ESTIMABLE,1.0590359772559497,1.006349788495383,1.1131995100503946,0.02739169630991645,0.10684972155501171,1000.0,0.0
phoenix,29092,2023-08-23,near_-0.01,0.01850953862071037,0.11850953862071037,BLOCK_RANGE_ONLY,1.0,quadratic,emitted_flux,W/m2,ESTIMABLE,8.354337375469754,7.9629943392584615,8.776976010267829,0.20698590808968034,0.8139816710093672,1000.0,0.0
phoenix,29092,2023-08-23,near_-0.01,0.01850953862071037,0.11850953862071037,BLOCK_RANGE_ONLY,1.0,quadratic,temperature_equivalent,K,ESTIMABLE,1.254025786230045,1.194946655777325,1.317866993064395,0.0312564437795408,0.12292033728706997,1000.0,0.0
phoenix,29092,2023-08-23,near_-0.01,0.01850953862071037,0.11850953862071037,BLOCK_RANGE_ONLY,1.0,quadratic,temperature_minus_equivalent,K,ESTIMABLE,-0.19498980897409535,-0.21607354783498492,-0.17306802722570233,0.011494102739411795,0.04300552060928259,1000.0,0.0
phoenix,29092,2023-08-23,near_-0.01,0.01850953862071037,0.11850953862071037,BLOCK_RANGE_ONLY,1.0,quadratic_minus_linear,temperature,K,ESTIMABLE,0.02304321907313156,0.012373469635325495,0.03439219004305411,0.00554820809175807,0.022018720407728617,1000.0,0.0
phoenix,29092,2023-08-23,near_-0.01,0.01850953862071037,0.11850953862071037,BLOCK_RANGE_ONLY,1.0,quadratic_minus_linear,emitted_flux,W/m2,ESTIMABLE,0.26546321991691,0.17871723756002217,0.3672367684163588,0.0464354654120409,0.18851953085633666,1000.0,0.0
phoenix,29092,2023-08-23,near_-0.01,0.01850953862071037,0.11850953862071037,BLOCK_RANGE_ONLY,1.0,quadratic_minus_linear,temperature_equivalent,K,ESTIMABLE,0.04007931778045304,0.026980195982709176,0.055455161263900266,0.007010462320275326,0.02847496528119109,1000.0,0.0
phoenix,29092,2023-08-23,near_-0.01,0.01850953862071037,0.11850953862071037,BLOCK_RANGE_ONLY,1.0,quadratic_minus_linear,temperature_minus_equivalent,K,ESTIMABLE,-0.01703609870732148,-0.022844321073735845,-0.011507646715860903,0.0028743515246650985,0.011336674357874941,1000.0,0.0
phoenix,29092,2023-08-23,near_-0.01,0.01850953862071037,0.11850953862071037,BLOCK_RANGE_ONLY,8.0,linear,temperature,K,ESTIMABLE,1.035992758182818,0.9509872601555127,1.1202197826859548,0.0432794419231962,0.16923252253044208,1000.0,0.0
phoenix,29092,2023-08-23,near_-0.01,0.01850953862071037,0.11850953862071037,BLOCK_RANGE_ONLY,8.0,linear,emitted_flux,W/m2,ESTIMABLE,8.088874155552844,7.38008550970223,8.74111099962011,0.35070285254761757,1.3610254899178802,1000.0,0.0
phoenix,29092,2023-08-23,near_-0.01,0.01850953862071037,0.11850953862071037,BLOCK_RANGE_ONLY,8.0,linear,temperature_equivalent,K,ESTIMABLE,1.213946468449592,1.1070096438028174,1.3124479291745133,0.05293742337446064,0.20543828537169584,1000.0,0.0
phoenix,29092,2023-08-23,near_-0.01,0.01850953862071037,0.11850953862071037,BLOCK_RANGE_ONLY,8.0,linear,temperature_minus_equivalent,K,ESTIMABLE,-0.17795371026677387,-0.21257136117666342,-0.1391697247042121,0.018470254905221885,0.07340163647245132,1000.0,0.0
phoenix,29092,2023-08-23,near_-0.01,0.01850953862071037,0.11850953862071037,BLOCK_RANGE_ONLY,8.0,quadratic,temperature,K,ESTIMABLE,1.0590359772559497,0.9660197998274404,1.1549008000895307,0.04766002823875745,0.18888100026209032,1000.0,0.0
phoenix,29092,2023-08-23,near_-0.01,0.01850953862071037,0.11850953862071037,BLOCK_RANGE_ONLY,8.0,quadratic,emitted_flux,W/m2,ESTIMABLE,8.354337375469754,7.58487222670785,9.122187106943588,0.38829822817967946,1.5373148802357388,1000.0,0.0
phoenix,29092,2023-08-23,near_-0.01,0.01850953862071037,0.11850953862071037,BLOCK_RANGE_ONLY,8.0,quadratic,temperature_equivalent,K,ESTIMABLE,1.254025786230045,1.137895124288653,1.3700414275249557,0.05863687499866438,0.2321463032363027,1000.0,0.0
phoenix,29092,2023-08-23,near_-0.01,0.01850953862071037,0.11850953862071037,BLOCK_RANGE_ONLY,8.0,quadratic,temperature_minus_equivalent,K,ESTIMABLE,-0.19498980897409535,-0.2317039706849457,-0.15735060500023149,0.01870945538127328,0.0743533656847142,1000.0,0.0
phoenix,29092,2023-08-23,near_-0.01,0.01850953862071037,0.11850953862071037,BLOCK_RANGE_ONLY,8.0,quadratic_minus_linear,temperature,K,ESTIMABLE,0.02304321907313156,0.005621140520838433,0.04984860058343226,0.01143666638540011,0.04422746006259383,1000.0,0.0
phoenix,29092,2023-08-23,near_-0.01,0.01850953862071037,0.11850953862071037,BLOCK_RANGE_ONLY,8.0,quadratic_minus_linear,emitted_flux,W/m2,ESTIMABLE,0.26546321991691,0.10015697202911666,0.5052073680371496,0.10346951835523126,0.40505039600803294,1000.0,0.0
phoenix,29092,2023-08-23,near_-0.01,0.01850953862071037,0.11850953862071037,BLOCK_RANGE_ONLY,8.0,quadratic_minus_linear,temperature_equivalent,K,ESTIMABLE,0.04007931778045304,0.015110951804605578,0.07630444113723911,0.015631027850762196,0.061193489332633536,1000.0,0.0
phoenix,29092,2023-08-23,near_-0.01,0.01850953862071037,0.11850953862071037,BLOCK_RANGE_ONLY,8.0,quadratic_minus_linear,temperature_minus_equivalent,K,ESTIMABLE,-0.01703609870732148,-0.02941541138648406,-0.008162918443559281,0.005535850435306527,0.021252492942924778,1000.0,0.0
phoenix,29092,2023-08-23,historical,0.028509538620710373,0.12850953862071038,BLOCK_RANGE_ONLY,1.0,linear,temperature,K,ESTIMABLE,1.035992758182818,0.9829870109909367,1.0914299493830575,0.027270307079141035,0.10844293839212082,1000.0,0.0
phoenix,29092,2023-08-23,historical,0.028509538620710373,0.12850953862071038,BLOCK_RANGE_ONLY,1.0,linear,emitted_flux,W/m2,ESTIMABLE,8.088874155552844,7.699950102869215,8.520817624228128,0.20778524049902036,0.8208675213589132,1000.0,0.0
phoenix,29092,2023-08-23,historical,0.028509538620710373,0.12850953862071038,BLOCK_RANGE_ONLY,1.0,linear,temperature_equivalent,K,ESTIMABLE,1.213946468449592,1.1552549206055402,1.2791686185449536,0.03136522746080419,0.12391369793941331,1000.0,0.0
phoenix,29092,2023-08-23,historical,0.028509538620710373,0.12850953862071038,BLOCK_RANGE_ONLY,1.0,linear,temperature_minus_equivalent,K,ESTIMABLE,-0.17795371026677387,-0.20033049534616415,-0.15530241899224034,0.011644282365542031,0.04502807635392381,1000.0,0.0
phoenix,29092,2023-08-23,historical,0.028509538620710373,0.12850953862071038,BLOCK_RANGE_ONLY,1.0,quadratic,temperature,K,ESTIMABLE,1.0945444736621472,1.0355223687232595,1.1541886936294763,0.029588799764767037,0.11866632490621676,1000.0,0.0
phoenix,29092,2023-08-23,historical,0.028509538620710373,0.12850953862071038,BLOCK_RANGE_ONLY,1.0,quadratic,emitted_flux,W/m2,ESTIMABLE,8.763403476889069,8.322500569005634,9.213460111566686,0.2225328554580725,0.8909595425610526,1000.0,0.0
phoenix,29092,2023-08-23,historical,0.028509538620710373,0.12850953862071038,BLOCK_RANGE_ONLY,1.0,quadratic,temperature_equivalent,K,ESTIMABLE,1.3158162029006917,1.2492182935550147,1.3838405822063335,0.03362378431680286,0.13462228865131887,1000.0,0.0
phoenix,29092,2023-08-23,historical,0.028509538620710373,0.12850953862071038,BLOCK_RANGE_ONLY,1.0,quadratic,temperature_minus_equivalent,K,ESTIMABLE,-0.22127172923854443,-0.24361297664419698,-0.19681851414974624,0.01227707079147156,0.04679446249445074,1000.0,0.0
phoenix,29092,2023-08-23,historical,0.028509538620710373,0.12850953862071038,BLOCK_RANGE_ONLY,1.0,quadratic_minus_linear,temperature,K,ESTIMABLE,0.058551715479329136,0.03159782353575006,0.08530539624744776,0.013510126549061858,0.0537075727116977,1000.0,0.0
phoenix,29092,2023-08-23,historical,0.028509538620710373,0.12850953862071038,BLOCK_RANGE_ONLY,1.0,quadratic_minus_linear,emitted_flux,W/m2,ESTIMABLE,0.6745293213362249,0.4607425789899467,0.8995440515439227,0.10811469409502501,0.438801472553976,1000.0,0.0
phoenix,29092,2023-08-23,historical,0.028509538620710373,0.12850953862071038,BLOCK_RANGE_ONLY,1.0,quadratic_minus_linear,temperature_equivalent,K,ESTIMABLE,0.1018697344510997,0.06956703113478539,0.13587293696145508,0.016331930066933346,0.06630590582666969,1000.0,0.0
phoenix,29092,2023-08-23,historical,0.028509538620710373,0.12850953862071038,BLOCK_RANGE_ONLY,1.0,quadratic_minus_linear,temperature_minus_equivalent,K,ESTIMABLE,-0.04331801897177057,-0.05639540967834898,-0.0302488176359551,0.006606187838020471,0.026146592042393883,1000.0,0.0
phoenix,29092,2023-08-23,historical,0.028509538620710373,0.12850953862071038,BLOCK_RANGE_ONLY,8.0,linear,temperature,K,ESTIMABLE,1.035992758182818,0.9509872601555127,1.1202197826859548,0.0432794419231962,0.16923252253044208,1000.0,0.0
phoenix,29092,2023-08-23,historical,0.028509538620710373,0.12850953862071038,BLOCK_RANGE_ONLY,8.0,linear,emitted_flux,W/m2,ESTIMABLE,8.088874155552844,7.38008550970223,8.74111099962011,0.35070285254761757,1.3610254899178802,1000.0,0.0
phoenix,29092,2023-08-23,historical,0.028509538620710373,0.12850953862071038,BLOCK_RANGE_ONLY,8.0,linear,temperature_equivalent,K,ESTIMABLE,1.213946468449592,1.1070096438028174,1.3124479291745133,0.05293742337446064,0.20543828537169584,1000.0,0.0
phoenix,29092,2023-08-23,historical,0.028509538620710373,0.12850953862071038,BLOCK_RANGE_ONLY,8.0,linear,temperature_minus_equivalent,K,ESTIMABLE,-0.17795371026677387,-0.21257136117666342,-0.1391697247042121,0.018470254905221885,0.07340163647245132,1000.0,0.0
phoenix,29092,2023-08-23,historical,0.028509538620710373,0.12850953862071038,BLOCK_RANGE_ONLY,8.0,quadratic,temperature,K,ESTIMABLE,1.0945444736621472,0.9919318863825967,1.2050432831518425,0.05463202942635813,0.21311139676924584,1000.0,0.0
phoenix,29092,2023-08-23,historical,0.028509538620710373,0.12850953862071038,BLOCK_RANGE_ONLY,8.0,quadratic,emitted_flux,W/m2,ESTIMABLE,8.763403476889069,7.886587512121472,9.661419414391432,0.4419009367346442,1.77483190226996,1000.0,0.0
phoenix,29092,2023-08-23,historical,0.028509538620710373,0.12850953862071038,BLOCK_RANGE_ONLY,8.0,quadratic,temperature_equivalent,K,ESTIMABLE,1.3158162029006917,1.183415788718135,1.4515919730065447,0.0667728610441852,0.26817618428840984,1000.0,0.0
phoenix,29092,2023-08-23,historical,0.028509538620710373,0.12850953862071038,BLOCK_RANGE_ONLY,8.0,quadratic,temperature_minus_equivalent,K,ESTIMABLE,-0.22127172923854443,-0.2601064257847091,-0.18339625880422628,0.019700109229002557,0.07671016698048283,1000.0,0.0
phoenix,29092,2023-08-23,historical,0.028509538620710373,0.12850953862071038,BLOCK_RANGE_ONLY,8.0,quadratic_minus_linear,temperature,K,ESTIMABLE,0.058551715479329136,0.016801365913931138,0.11121743877798135,0.024790942640005725,0.09441607286405021,1000.0,0.0
phoenix,29092,2023-08-23,historical,0.028509538620710373,0.12850953862071038,BLOCK_RANGE_ONLY,8.0,quadratic_minus_linear,emitted_flux,W/m2,ESTIMABLE,0.6745293213362249,0.30379224032525043,1.1385847962634166,0.21150831505682816,0.8347925559381661,1000.0,0.0
phoenix,29092,2023-08-23,historical,0.028509538620710373,0.12850953862071038,BLOCK_RANGE_ONLY,8.0,quadratic_minus_linear,temperature_equivalent,K,ESTIMABLE,0.1018697344510997,0.0458713983825632,0.17218586323450893,0.031970844193604166,0.12631446485194575,1000.0,0.0
phoenix,29092,2023-08-23,historical,0.028509538620710373,0.12850953862071038,BLOCK_RANGE_ONLY,8.0,quadratic_minus_linear,temperature_minus_equivalent,K,ESTIMABLE,-0.04331801897177057,-0.06627807618146955,-0.02395807777939266,0.01104790949449404,0.0423199984020769,1000.0,0.0
phoenix,29092,2023-08-23,near_+0.01,0.038509538620710375,0.1385095386207104,BLOCK_RANGE_ONLY,1.0,linear,temperature,K,ESTIMABLE,1.035992758182818,0.9829870109909367,1.0914299493830575,0.027270307079141035,0.10844293839212082,1000.0,0.0
phoenix,29092,2023-08-23,near_+0.01,0.038509538620710375,0.1385095386207104,BLOCK_RANGE_ONLY,1.0,linear,emitted_flux,W/m2,ESTIMABLE,8.088874155552844,7.699950102869215,8.520817624228128,0.20778524049902036,0.8208675213589132,1000.0,0.0
phoenix,29092,2023-08-23,near_+0.01,0.038509538620710375,0.1385095386207104,BLOCK_RANGE_ONLY,1.0,linear,temperature_equivalent,K,ESTIMABLE,1.213946468449592,1.1552549206055402,1.2791686185449536,0.03136522746080419,0.12391369793941331,1000.0,0.0
phoenix,29092,2023-08-23,near_+0.01,0.038509538620710375,0.1385095386207104,BLOCK_RANGE_ONLY,1.0,linear,temperature_minus_equivalent,K,ESTIMABLE,-0.17795371026677387,-0.20033049534616415,-0.15530241899224034,0.011644282365542031,0.04502807635392381,1000.0,0.0
phoenix,29092,2023-08-23,near_+0.01,0.038509538620710375,0.1385095386207104,BLOCK_RANGE_ONLY,1.0,quadratic,temperature,K,ESTIMABLE,1.1300529700683448,1.0629518454292464,1.200846480040261,0.03361621110854246,0.1378946346110146,1000.0,0.0
phoenix,29092,2023-08-23,near_+0.01,0.038509538620710375,0.1385095386207104,BLOCK_RANGE_ONLY,1.0,quadratic,emitted_flux,W/m2,ESTIMABLE,9.172469578308384,8.687898823053743,9.687570705087385,0.2531767507346296,0.9996718820336419,1000.0,0.0
phoenix,29092,2023-08-23,near_+0.01,0.038509538620710375,0.1385095386207104,BLOCK_RANGE_ONLY,1.0,quadratic,temperature_equivalent,K,ESTIMABLE,1.3776431824871338,1.304408294378939,1.455548570495496,0.03827631646127634,0.151140276116557,1000.0,0.0
phoenix,29092,2023-08-23,near_+0.01,0.038509538620710375,0.1385095386207104,BLOCK_RANGE_ONLY,1.0,quadratic,temperature_minus_equivalent,K,ESTIMABLE,-0.24759021241878898,-0.2728293279323537,-0.21917094296742237,0.014086602431429772,0.05365838496493133,1000.0,0.0
phoenix,29092,2023-08-23,near_+0.01,0.038509538620710375,0.1385095386207104,BLOCK_RANGE_ONLY,1.0,quadratic_minus_linear,temperature,K,ESTIMABLE,0.09406021188552671,0.050693379294327504,0.1366411162901329,0.021531952041180805,0.0859477369958054,1000.0,0.0
phoenix,29092,2023-08-23,near_+0.01,0.038509538620710375,0.1385095386207104,BLOCK_RANGE_ONLY,1.0,quadratic_minus_linear,emitted_flux,W/m2,ESTIMABLE,1.0835954227555398,0.743191938912654,1.4299377289466677,0.1706493816399473,0.6867457900340137,1000.0,0.0
phoenix,29092,2023-08-23,near_+0.01,0.038509538620710375,0.1385095386207104,BLOCK_RANGE_ONLY,1.0,quadratic_minus_linear,temperature_equivalent,K,ESTIMABLE,0.16369671403754182,0.11224763236869961,0.2160292654105774,0.025793752915958573,0.10378163304187779,1000.0,0.0
phoenix,29092,2023-08-23,near_+0.01,0.038509538620710375,0.1385095386207104,BLOCK_RANGE_ONLY,1.0,quadratic_minus_linear,temperature_minus_equivalent,K,ESTIMABLE,-0.06963650215201511,-0.0897013445939256,-0.04895601749512669,0.010398540375928945,0.04074532709879892,1000.0,0.0
phoenix,29092,2023-08-23,near_+0.01,0.038509538620710375,0.1385095386207104,BLOCK_RANGE_ONLY,8.0,linear,temperature,K,ESTIMABLE,1.035992758182818,0.9509872601555127,1.1202197826859548,0.0432794419231962,0.16923252253044208,1000.0,0.0
phoenix,29092,2023-08-23,near_+0.01,0.038509538620710375,0.1385095386207104,BLOCK_RANGE_ONLY,8.0,linear,emitted_flux,W/m2,ESTIMABLE,8.088874155552844,7.38008550970223,8.74111099962011,0.35070285254761757,1.3610254899178802,1000.0,0.0
phoenix,29092,2023-08-23,near_+0.01,0.038509538620710375,0.1385095386207104,BLOCK_RANGE_ONLY,8.0,linear,temperature_equivalent,K,ESTIMABLE,1.213946468449592,1.1070096438028174,1.3124479291745133,0.05293742337446064,0.20543828537169584,1000.0,0.0
phoenix,29092,2023-08-23,near_+0.01,0.038509538620710375,0.1385095386207104,BLOCK_RANGE_ONLY,8.0,linear,temperature_minus_equivalent,K,ESTIMABLE,-0.17795371026677387,-0.21257136117666342,-0.1391697247042121,0.018470254905221885,0.07340163647245132,1000.0,0.0
phoenix,29092,2023-08-23,near_+0.01,0.038509538620710375,0.1385095386207104,BLOCK_RANGE_ONLY,8.0,quadratic,temperature,K,ESTIMABLE,1.1300529700683448,1.0130276413481183,1.259014763816471,0.06380659535420671,0.24598712246835275,1000.0,0.0
phoenix,29092,2023-08-23,near_+0.01,0.038509538620710375,0.1385095386207104,BLOCK_RANGE_ONLY,8.0,quadratic,emitted_flux,W/m2,ESTIMABLE,9.172469578308384,8.189393512466392,10.257032848220422,0.5146435685368477,2.0676393357540306,1000.0,0.0
phoenix,29092,2023-08-23,near_+0.01,0.038509538620710375,0.1385095386207104,BLOCK_RANGE_ONLY,8.0,quadratic,temperature_equivalent,K,ESTIMABLE,1.3776431824871338,1.2291209521708055,1.5417433663881652,0.07781246994381234,0.3126224142173597,1000.0,0.0
phoenix,29092,2023-08-23,near_+0.01,0.038509538620710375,0.1385095386207104,BLOCK_RANGE_ONLY,8.0,quadratic,temperature_minus_equivalent,K,ESTIMABLE,-0.24759021241878898,-0.293085368475126,-0.20779978215546308,0.022256975503746824,0.08528558631966293,1000.0,0.0
phoenix,29092,2023-08-23,near_+0.01,0.038509538620710375,0.1385095386207104,BLOCK_RANGE_ONLY,8.0,quadratic_minus_linear,temperature,K,ESTIMABLE,0.09406021188552671,0.027269252903699037,0.17399476529980074,0.03836439703525754,0.1467255123961017,1000.0,0.0
phoenix,29092,2023-08-23,near_+0.01,0.038509538620710375,0.1385095386207104,BLOCK_RANGE_ONLY,8.0,quadratic_minus_linear,emitted_flux,W/m2,ESTIMABLE,1.0835954227555398,0.5073795490226648,1.7686959890072824,0.3222518181757875,1.2613164399846175,1000.0,0.0
phoenix,29092,2023-08-23,near_+0.01,0.038509538620710375,0.1385095386207104,BLOCK_RANGE_ONLY,8.0,quadratic_minus_linear,temperature_equivalent,K,ESTIMABLE,0.16369671403754182,0.07662611809943627,0.26722250299257694,0.04873884890902557,0.19059638489314068,1000.0,0.0
phoenix,29092,2023-08-23,near_+0.01,0.038509538620710375,0.1385095386207104,BLOCK_RANGE_ONLY,8.0,quadratic_minus_linear,temperature_minus_equivalent,K,ESTIMABLE,-0.06963650215201511,-0.10317235400611513,-0.03862688897302514,0.016812513425615877,0.06454546503309,1000.0,0.0
phoenix,29092,2023-08-23,near_+0.02,0.04850953862071038,0.14850953862071037,BLOCK_RANGE_ONLY,1.0,linear,temperature,K,ESTIMABLE,1.035992758182818,0.9829870109909365,1.0914299493830575,0.02727030707914103,0.10844293839212094,1000.0,0.0
phoenix,29092,2023-08-23,near_+0.02,0.04850953862071038,0.14850953862071037,BLOCK_RANGE_ONLY,1.0,linear,emitted_flux,W/m2,ESTIMABLE,8.088874155552844,7.699950102869214,8.520817624228128,0.20778524049902036,0.820867521358914,1000.0,0.0
phoenix,29092,2023-08-23,near_+0.02,0.04850953862071038,0.14850953862071037,BLOCK_RANGE_ONLY,1.0,linear,temperature_equivalent,K,ESTIMABLE,1.213946468449592,1.1552549206055402,1.2791686185449536,0.03136522746080414,0.12391369793941331,1000.0,0.0
phoenix,29092,2023-08-23,near_+0.02,0.04850953862071038,0.14850953862071037,BLOCK_RANGE_ONLY,1.0,linear,temperature_minus_equivalent,K,ESTIMABLE,-0.17795371026677387,-0.20033049534616437,-0.15530241899224037,0.01164428236554198,0.045028076353924,1000.0,0.0
phoenix,29092,2023-08-23,near_+0.02,0.04850953862071038,0.14850953862071037,BLOCK_RANGE_ONLY,1.0,quadratic,temperature,K,ESTIMABLE,1.165561466474542,1.0876378135551092,1.2429135121983832,0.038909674376156576,0.15527569864327395,1000.0,0.0
phoenix,29092,2023-08-23,near_+0.02,0.04850953862071038,0.14850953862071037,BLOCK_RANGE_ONLY,1.0,quadratic,emitted_flux,W/m2,ESTIMABLE,9.581535679727697,9.001718133517866,10.168660349503954,0.2942379176965022,1.1669422159860883,1000.0,0.0
phoenix,29092,2023-08-23,near_+0.02,0.04850953862071038,0.14850953862071037,BLOCK_RANGE_ONLY,1.0,quadratic,temperature_equivalent,K,ESTIMABLE,1.4395067755112336,1.351831056392919,1.5283624840587435,0.044510198699695844,0.17653142766582453,1000.0,0.0
phoenix,29092,2023-08-23,near_+0.02,0.04850953862071038,0.14850953862071037,BLOCK_RANGE_ONLY,1.0,quadratic,temperature_minus_equivalent,K,ESTIMABLE,-0.2739453090366917,-0.3041381549121673,-0.24042511052476706,0.0165944101269087,0.06371304438740022,1000.0,0.0
phoenix,29092,2023-08-23,near_+0.02,0.04850953862071038,0.14850953862071037,BLOCK_RANGE_ONLY,1.0,quadratic_minus_linear,temperature,K,ESTIMABLE,0.12956870829172384,0.06985347331817914,0.1874386594706577,0.02956496120453367,0.11758518615247855,1000.0,0.0
phoenix,29092,2023-08-23,near_+0.02,0.04850953862071038,0.14850953862071037,BLOCK_RANGE_ONLY,1.0,quadratic_minus_linear,emitted_flux,W/m2,ESTIMABLE,1.4926615241748529,1.0249946830663446,1.9599091831114228,0.23335279208215914,0.9349145000450783,1000.0,0.0
phoenix,29092,2023-08-23,near_+0.02,0.04850953862071038,0.14850953862071037,BLOCK_RANGE_ONLY,1.0,quadratic_minus_linear,temperature_equivalent,K,ESTIMABLE,0.22556030706164165,0.154780017933318,0.29620883127577713,0.035292264231304854,0.14142881334245913,1000.0,0.0
phoenix,29092,2023-08-23,near_+0.02,0.04850953862071038,0.14850953862071037,BLOCK_RANGE_ONLY,1.0,quadratic_minus_linear,temperature_minus_equivalent,K,ESTIMABLE,-0.09599159876991781,-0.12332512450340609,-0.06752825054433183,0.014208027512476228,0.05579687395907426,1000.0,0.0
phoenix,29092,2023-08-23,near_+0.02,0.04850953862071038,0.14850953862071037,BLOCK_RANGE_ONLY,8.0,linear,temperature,K,ESTIMABLE,1.035992758182818,0.9509872601555125,1.1202197826859548,0.0432794419231962,0.1692325225304423,1000.0,0.0
phoenix,29092,2023-08-23,near_+0.02,0.04850953862071038,0.14850953862071037,BLOCK_RANGE_ONLY,8.0,linear,emitted_flux,W/m2,ESTIMABLE,8.088874155552844,7.380085509702229,8.741110999620108,0.35070285254761757,1.3610254899178793,1000.0,0.0
phoenix,29092,2023-08-23,near_+0.02,0.04850953862071038,0.14850953862071037,BLOCK_RANGE_ONLY,8.0,linear,temperature_equivalent,K,ESTIMABLE,1.213946468449592,1.1070096438028174,1.3124479291745133,0.05293742337446062,0.20543828537169584,1000.0,0.0
phoenix,29092,2023-08-23,near_+0.02,0.04850953862071038,0.14850953862071037,BLOCK_RANGE_ONLY,8.0,linear,temperature_minus_equivalent,K,ESTIMABLE,-0.17795371026677387,-0.21257136117666364,-0.1391697247042121,0.018470254905221865,0.07340163647245154,1000.0,0.0
phoenix,29092,2023-08-23,near_+0.02,0.04850953862071038,0.14850953862071037,BLOCK_RANGE_ONLY,8.0,quadratic,temperature,K,ESTIMABLE,1.165561466474542,1.0297281837329921,1.3173932692044739,0.07437302740966104,0.28766508547148173,1000.0,0.0
phoenix,29092,2023-08-23,near_+0.02,0.04850953862071038,0.14850953862071037,BLOCK_RANGE_ONLY,8.0,quadratic,emitted_flux,W/m2,ESTIMABLE,9.581535679727697,8.458489910656185,10.836254240583845,0.5996000402398528,2.3777643299276594,1000.0,0.0
phoenix,29092,2023-08-23,near_+0.02,0.04850953862071038,0.14850953862071037,BLOCK_RANGE_ONLY,8.0,quadratic,temperature_equivalent,K,ESTIMABLE,1.4395067755112336,1.2697548100862677,1.6294883971646228,0.09071311665115644,0.3597335870783551,1000.0,0.0
phoenix,29092,2023-08-23,near_+0.02,0.04850953862071038,0.14850953862071037,BLOCK_RANGE_ONLY,8.0,quadratic,temperature_minus_equivalent,K,ESTIMABLE,-0.2739453090366917,-0.3263061567450294,-0.22750014890630327,0.025930127667202475,0.09880600783872612,1000.0,0.0
phoenix,29092,2023-08-23,near_+0.02,0.04850953862071038,0.14850953862071037,BLOCK_RANGE_ONLY,8.0,quadratic_minus_linear,temperature,K,ESTIMABLE,0.12956870829172384,0.038168697402552736,0.2364081864714815,0.05198562980966383,0.19823948906892877,1000.0,0.0
phoenix,29092,2023-08-23,near_+0.02,0.04850953862071038,0.14850953862071037,BLOCK_RANGE_ONLY,8.0,quadratic_minus_linear,emitted_flux,W/m2,ESTIMABLE,1.4926615241748529,0.7122308448526958,2.401269557804567,0.43363272727843133,1.6890387129518714,1000.0,0.0
phoenix,29092,2023-08-23,near_+0.02,0.04850953862071038,0.14850953862071037,BLOCK_RANGE_ONLY,8.0,quadratic_minus_linear,temperature_equivalent,K,ESTIMABLE,0.22556030706164165,0.10753125389374815,0.3631925589233077,0.06562346985857391,0.2556613050295595,1000.0,0.0
phoenix,29092,2023-08-23,near_+0.02,0.04850953862071038,0.14850953862071037,BLOCK_RANGE_ONLY,8.0,quadratic_minus_linear,temperature_minus_equivalent,K,ESTIMABLE,-0.09599159876991781,-0.14084847987103818,-0.05421431477524582,0.02264840645562748,0.08663416509579236,1000.0,0.0
phoenix,29092,2023-08-23,grid_00,0.0,0.1,BLOCK_RANGE_ONLY,1.0,linear,temperature,K,ESTIMABLE,1.035992758182818,0.9829870109909367,1.0914299493830575,0.027270307079141035,0.10844293839212082,1000.0,0.0
phoenix,29092,2023-08-23,grid_00,0.0,0.1,BLOCK_RANGE_ONLY,1.0,linear,emitted_flux,W/m2,ESTIMABLE,8.088874155552844,7.699950102869215,8.520817624228128,0.20778524049902036,0.8208675213589132,1000.0,0.0
phoenix,29092,2023-08-23,grid_00,0.0,0.1,BLOCK_RANGE_ONLY,1.0,linear,temperature_equivalent,K,ESTIMABLE,1.213946468449592,1.1552549206055402,1.2791686185449536,0.03136522746080419,0.12391369793941331,1000.0,0.0
phoenix,29092,2023-08-23,grid_00,0.0,0.1,BLOCK_RANGE_ONLY,1.0,linear,temperature_minus_equivalent,K,ESTIMABLE,-0.17795371026677387,-0.20033049534616415,-0.15530241899224034,0.011644282365542031,0.04502807635392381,1000.0,0.0
phoenix,29092,2023-08-23,grid_00,0.0,0.1,BLOCK_RANGE_ONLY,1.0,quadratic,temperature,K,ESTIMABLE,0.9933113886965629,0.9372368753474907,1.0533182961553544,0.029324001489096956,0.11608142080786377,1000.0,0.0
phoenix,29092,2023-08-23,grid_00,0.0,0.1,BLOCK_RANGE_ONLY,1.0,quadratic,emitted_flux,W/m2,ESTIMABLE,7.59717489520533,7.165109083920302,8.06192478051617,0.22655427007811024,0.8968156965958682,1000.0,0.0
phoenix,29092,2023-08-23,grid_00,0.0,0.1,BLOCK_RANGE_ONLY,1.0,quadratic,temperature_equivalent,K,ESTIMABLE,1.1397508761526183,1.074597186599655,1.209878543447536,0.034174261389035836,0.135281356847881,1000.0,0.0
phoenix,29092,2023-08-23,grid_00,0.0,0.1,BLOCK_RANGE_ONLY,1.0,quadratic,temperature_minus_equivalent,K,ESTIMABLE,-0.1464394874560554,-0.17156922741054675,-0.12099810290661923,0.013189040882421368,0.05057112450392752,1000.0,0.0
phoenix,29092,2023-08-23,grid_00,0.0,0.1,BLOCK_RANGE_ONLY,1.0,quadratic_minus_linear,temperature,K,ESTIMABLE,-0.04268136948625523,-0.06089060527561174,-0.023355386767466426,0.009551645501902153,0.03753521850814531,1000.0,0.0
phoenix,29092,2023-08-23,grid_00,0.0,0.1,BLOCK_RANGE_ONLY,1.0,quadratic_minus_linear,emitted_flux,W/m2,ESTIMABLE,-0.4916992603475139,-0.6284563291107734,-0.3387992303158185,0.0731831045371147,0.28965709879495494,1000.0,0.0
phoenix,29092,2023-08-23,grid_00,0.0,0.1,BLOCK_RANGE_ONLY,1.0,quadratic_minus_linear,temperature_equivalent,K,ESTIMABLE,-0.0741955922969737,-0.09485611238391271,-0.05110967233608221,0.011037065831544268,0.0437464400478305,1000.0,0.0
phoenix,29092,2023-08-23,grid_00,0.0,0.1,BLOCK_RANGE_ONLY,1.0,quadratic_minus_linear,temperature_minus_equivalent,K,ESTIMABLE,0.03151422281071847,0.022858733906649702,0.039458351159922245,0.004370299806618701,0.016599617253272542,1000.0,0.0
phoenix,29092,2023-08-23,grid_00,0.0,0.1,BLOCK_RANGE_ONLY,8.0,linear,temperature,K,ESTIMABLE,1.035992758182818,0.9509872601555127,1.1202197826859548,0.0432794419231962,0.16923252253044208,1000.0,0.0
phoenix,29092,2023-08-23,grid_00,0.0,0.1,BLOCK_RANGE_ONLY,8.0,linear,emitted_flux,W/m2,ESTIMABLE,8.088874155552844,7.38008550970223,8.74111099962011,0.35070285254761757,1.3610254899178802,1000.0,0.0
phoenix,29092,2023-08-23,grid_00,0.0,0.1,BLOCK_RANGE_ONLY,8.0,linear,temperature_equivalent,K,ESTIMABLE,1.213946468449592,1.1070096438028174,1.3124479291745133,0.05293742337446064,0.20543828537169584,1000.0,0.0
phoenix,29092,2023-08-23,grid_00,0.0,0.1,BLOCK_RANGE_ONLY,8.0,linear,temperature_minus_equivalent,K,ESTIMABLE,-0.17795371026677387,-0.21257136117666342,-0.1391697247042121,0.018470254905221885,0.07340163647245132,1000.0,0.0
phoenix,29092,2023-08-23,grid_00,0.0,0.1,BLOCK_RANGE_ONLY,8.0,quadratic,temperature,K,ESTIMABLE,0.9933113886965629,0.9048465482569126,1.0772590916308546,0.0440084055643333,0.17241254337394207,1000.0,0.0
phoenix,29092,2023-08-23,grid_00,0.0,0.1,BLOCK_RANGE_ONLY,8.0,quadratic,emitted_flux,W/m2,ESTIMABLE,7.59717489520533,6.872778364040189,8.270409952934072,0.36685341507129404,1.3976315888938826,1000.0,0.0
phoenix,29092,2023-08-23,grid_00,0.0,0.1,BLOCK_RANGE_ONLY,8.0,quadratic,temperature_equivalent,K,ESTIMABLE,1.1397508761526183,1.030537970078163,1.2413528633412256,0.05533521996406037,0.21081489326306269,1000.0,0.0
phoenix,29092,2023-08-23,grid_00,0.0,0.1,BLOCK_RANGE_ONLY,8.0,quadratic,temperature_minus_equivalent,K,ESTIMABLE,-0.1464394874560554,-0.18701415740952024,-0.1022707618029808,0.02146211809445759,0.08474339560653944,1000.0,0.0
phoenix,29092,2023-08-23,grid_00,0.0,0.1,BLOCK_RANGE_ONLY,8.0,quadratic_minus_linear,temperature,K,ESTIMABLE,-0.04268136948625523,-0.07023724088028159,-0.012575756646553582,0.014854066104818065,0.05766148423372801,1000.0,0.0
phoenix,29092,2023-08-23,grid_00,0.0,0.1,BLOCK_RANGE_ONLY,8.0,quadratic_minus_linear,emitted_flux,W/m2,ESTIMABLE,-0.4916992603475139,-0.7121482111559457,-0.267571618239439,0.11787015834422251,0.44457659291650675,1000.0,0.0
phoenix,29092,2023-08-23,grid_00,0.0,0.1,BLOCK_RANGE_ONLY,8.0,quadratic_minus_linear,temperature_equivalent,K,ESTIMABLE,-0.0741955922969737,-0.10743935446882773,-0.0403767495972673,0.017780618892250445,0.06706260487156043,1000.0,0.0
phoenix,29092,2023-08-23,grid_00,0.0,0.1,BLOCK_RANGE_ONLY,8.0,quadratic_minus_linear,temperature_minus_equivalent,K,ESTIMABLE,0.03151422281071847,0.018646546662317715,0.04405758638934815,0.006508976344394073,0.025411039727030432,1000.0,0.0
phoenix,29092,2023-08-23,grid_01,0.1,0.2,BLOCK_RANGE_ONLY,1.0,linear,temperature,K,ESTIMABLE,1.035992758182818,0.9829870109909367,1.0914299493830575,0.027270307079141035,0.10844293839212082,1000.0,0.0
phoenix,29092,2023-08-23,grid_01,0.1,0.2,BLOCK_RANGE_ONLY,1.0,linear,emitted_flux,W/m2,ESTIMABLE,8.088874155552844,7.699950102869215,8.520817624228128,0.20778524049902036,0.8208675213589132,1000.0,0.0
phoenix,29092,2023-08-23,grid_01,0.1,0.2,BLOCK_RANGE_ONLY,1.0,linear,temperature_equivalent,K,ESTIMABLE,1.213946468449592,1.1552549206055402,1.2791686185449536,0.03136522746080419,0.12391369793941331,1000.0,0.0
phoenix,29092,2023-08-23,grid_01,0.1,0.2,BLOCK_RANGE_ONLY,1.0,linear,temperature_minus_equivalent,K,ESTIMABLE,-0.17795371026677387,-0.20033049534616415,-0.15530241899224034,0.011644282365542031,0.04502807635392381,1000.0,0.0
phoenix,29092,2023-08-23,grid_01,0.1,0.2,BLOCK_RANGE_ONLY,1.0,quadratic,temperature,K,ESTIMABLE,1.3483963527585379,1.1994129989701225,1.4905672616196268,0.07442202439030927,0.2911542626495043,1000.0,0.0
phoenix,29092,2023-08-23,grid_01,0.1,0.2,BLOCK_RANGE_ONLY,1.0,quadratic,emitted_flux,W/m2,ESTIMABLE,11.68783590939848,10.538015006861055,12.745625274938131,0.5721674733418926,2.207610268077076,1000.0,0.0
phoenix,29092,2023-08-23,grid_01,0.1,0.2,BLOCK_RANGE_ONLY,1.0,quadratic,temperature_equivalent,K,ESTIMABLE,1.7586268069064772,1.5842995523729229,1.9192585593526756,0.08681668286805379,0.3349590069797528,1000.0,0.0
phoenix,29092,2023-08-23,grid_01,0.1,0.2,BLOCK_RANGE_ONLY,1.0,quadratic,temperature_minus_equivalent,K,ESTIMABLE,-0.41023045414793935,-0.4730494966326392,-0.3437251874284351,0.03376161733414333,0.12932430920420407,1000.0,0.0
phoenix,29092,2023-08-23,grid_01,0.1,0.2,BLOCK_RANGE_ONLY,1.0,quadratic_minus_linear,temperature,K,ESTIMABLE,0.31240359457571976,0.16830223858903004,0.44947249611960916,0.07096099772683248,0.2811702575305791,1000.0,0.0
phoenix,29092,2023-08-23,grid_01,0.1,0.2,BLOCK_RANGE_ONLY,1.0,quadratic_minus_linear,emitted_flux,W/m2,ESTIMABLE,3.5989617538456358,2.464636024108769,4.700987781436071,0.5567340812772756,2.236351757327302,1000.0,0.0
phoenix,29092,2023-08-23,grid_01,0.1,0.2,BLOCK_RANGE_ONLY,1.0,quadratic_minus_linear,temperature_equivalent,K,ESTIMABLE,0.5446803384568852,0.3727341995331571,0.7122621095215124,0.0844572460619873,0.33952790998835525,1000.0,0.0
phoenix,29092,2023-08-23,grid_01,0.1,0.2,BLOCK_RANGE_ONLY,1.0,quadratic_minus_linear,temperature_minus_equivalent,K,ESTIMABLE,-0.23227674388116548,-0.2972041284806551,-0.16402328411788764,0.0339566336041155,0.13318084436276745,1000.0,0.0
phoenix,29092,2023-08-23,grid_01,0.1,0.2,BLOCK_RANGE_ONLY,8.0,linear,temperature,K,ESTIMABLE,1.035992758182818,0.9509872601555127,1.1202197826859548,0.0432794419231962,0.16923252253044208,1000.0,0.0
phoenix,29092,2023-08-23,grid_01,0.1,0.2,BLOCK_RANGE_ONLY,8.0,linear,emitted_flux,W/m2,ESTIMABLE,8.088874155552844,7.38008550970223,8.74111099962011,0.35070285254761757,1.3610254899178802,1000.0,0.0
phoenix,29092,2023-08-23,grid_01,0.1,0.2,BLOCK_RANGE_ONLY,8.0,linear,temperature_equivalent,K,ESTIMABLE,1.213946468449592,1.1070096438028174,1.3124479291745133,0.05293742337446064,0.20543828537169584,1000.0,0.0
phoenix,29092,2023-08-23,grid_01,0.1,0.2,BLOCK_RANGE_ONLY,8.0,linear,temperature_minus_equivalent,K,ESTIMABLE,-0.17795371026677387,-0.21257136117666342,-0.1391697247042121,0.018470254905221885,0.07340163647245132,1000.0,0.0
phoenix,29092,2023-08-23,grid_01,0.1,0.2,BLOCK_RANGE_ONLY,8.0,quadratic,temperature,K,ESTIMABLE,1.3483963527585379,1.0874117363616234,1.6278354168325793,0.13769971184479085,0.5404236804709559,1000.0,0.0
phoenix,29092,2023-08-23,grid_01,0.1,0.2,BLOCK_RANGE_ONLY,8.0,quadratic,emitted_flux,W/m2,ESTIMABLE,11.68783590939848,9.63014772102605,14.037627691841104,1.1153422861509203,4.407479970815054,1000.0,0.0
phoenix,29092,2023-08-23,grid_01,0.1,0.2,BLOCK_RANGE_ONLY,8.0,quadratic,temperature_equivalent,K,ESTIMABLE,1.7586268069064772,1.4468608747462823,2.115793259884532,0.16926876115080589,0.6689323851382498,1000.0,0.0
phoenix,29092,2023-08-23,grid_01,0.1,0.2,BLOCK_RANGE_ONLY,8.0,quadratic,temperature_minus_equivalent,K,ESTIMABLE,-0.41023045414793935,-0.5173550821711407,-0.3159510061448672,0.05202252887565655,0.20140407602627347,1000.0,0.0
phoenix,29092,2023-08-23,grid_01,0.1,0.2,BLOCK_RANGE_ONLY,8.0,quadratic_minus_linear,temperature,K,ESTIMABLE,0.31240359457571976,0.09290421147499987,0.5612757261263838,0.12227528644876691,0.4683715146513839,1000.0,0.0
phoenix,29092,2023-08-23,grid_01,0.1,0.2,BLOCK_RANGE_ONLY,8.0,quadratic_minus_linear,emitted_flux,W/m2,ESTIMABLE,3.5989617538456358,1.7737039252553053,5.66108060094511,1.0092518930650345,3.8873766756898043,1000.0,0.0
phoenix,29092,2023-08-23,grid_01,0.1,0.2,BLOCK_RANGE_ONLY,8.0,quadratic_minus_linear,temperature_equivalent,K,ESTIMABLE,0.5446803384568852,0.2681222927286015,0.8579297548514702,0.15320853102684648,0.5898074621228686,1000.0,0.0
phoenix,29092,2023-08-23,grid_01,0.1,0.2,BLOCK_RANGE_ONLY,8.0,quadratic_minus_linear,temperature_minus_equivalent,K,ESTIMABLE,-0.23227674388116548,-0.3376387422162747,-0.1333261981874345,0.05311094009539024,0.20431254402884022,1000.0,0.0
phoenix,29092,2023-08-23,grid_02,0.2,0.3,BLOCK_RANGE_ONLY,1.0,linear,temperature,K,ESTIMABLE,1.0359927581828179,0.9829870109909364,1.0914299493830573,0.02727030707914103,0.10844293839212082,1000.0,0.0
phoenix,29092,2023-08-23,grid_02,0.2,0.3,BLOCK_RANGE_ONLY,1.0,linear,emitted_flux,W/m2,ESTIMABLE,8.088874155552842,7.699950102869213,8.520817624228126,0.20778524049902036,0.8208675213589132,1000.0,0.0
phoenix,29092,2023-08-23,grid_02,0.2,0.3,BLOCK_RANGE_ONLY,1.0,linear,temperature_equivalent,K,ESTIMABLE,1.213946468449592,1.1552549206055402,1.2791686185449536,0.03136522746080411,0.12391369793941331,1000.0,0.0
phoenix,29092,2023-08-23,grid_02,0.2,0.3,BLOCK_RANGE_ONLY,1.0,linear,temperature_minus_equivalent,K,ESTIMABLE,-0.1779537102667741,-0.20033049534616437,-0.1553024189922406,0.011644282365541998,0.04502807635392378,1000.0,0.0
phoenix,29092,2023-08-23,grid_02,0.2,0.3,BLOCK_RANGE_ONLY,1.0,quadratic,temperature,K,ESTIMABLE,1.7034813168205123,1.3971573068005279,2.0007458824136277,0.15216251727792154,0.6035885756130999,1000.0,0.0
phoenix,29092,2023-08-23,grid_02,0.2,0.3,BLOCK_RANGE_ONLY,1.0,quadratic,emitted_flux,W/m2,ESTIMABLE,15.778496923591623,13.413378667237804,18.091350101501234,1.180429316888995,4.67797143426343,1000.0,0.0
phoenix,29092,2023-08-23,grid_02,0.2,0.3,BLOCK_RANGE_ONLY,1.0,quadratic,temperature_equivalent,K,ESTIMABLE,2.3811954824025747,2.020788510478411,2.734848554248701,0.18017811611793147,0.71406004377029,1000.0,0.0
phoenix,29092,2023-08-23,grid_02,0.2,0.3,BLOCK_RANGE_ONLY,1.0,quadratic,temperature_minus_equivalent,K,ESTIMABLE,-0.6777141655820624,-0.8145016868867795,-0.5333960649225408,0.07155752259748363,0.2811056219642387,1000.0,0.0
phoenix,29092,2023-08-23,grid_02,0.2,0.3,BLOCK_RANGE_ONLY,1.0,quadratic_minus_linear,temperature,K,ESTIMABLE,0.6674885586376944,0.35950568033597535,0.9587751814028358,0.1513794760327958,0.5992695010668605,1000.0,0.0
phoenix,29092,2023-08-23,grid_02,0.2,0.3,BLOCK_RANGE_ONLY,1.0,quadratic_minus_linear,emitted_flux,W/m2,ESTIMABLE,7.689622768038781,5.26585618677418,10.036941390847542,1.1851324322970695,4.771085204073361,1000.0,0.0
phoenix,29092,2023-08-23,grid_02,0.2,0.3,BLOCK_RANGE_ONLY,1.0,quadratic_minus_linear,temperature_equivalent,K,ESTIMABLE,1.1672490139529828,0.7979021403963855,1.5262966810355678,0.1808583987858585,0.7283945406391823,1000.0,0.0
phoenix,29092,2023-08-23,grid_02,0.2,0.3,BLOCK_RANGE_ONLY,1.0,quadratic_minus_linear,temperature_minus_equivalent,K,ESTIMABLE,-0.49976045531528834,-0.6384166971338063,-0.3545119690231345,0.07282301191661868,0.28390472811067186,1000.0,0.0
phoenix,29092,2023-08-23,grid_02,0.2,0.3,BLOCK_RANGE_ONLY,8.0,linear,temperature,K,ESTIMABLE,1.0359927581828179,0.9509872601555124,1.1202197826859546,0.043279441923196195,0.1692325225304422,1000.0,0.0
phoenix,29092,2023-08-23,grid_02,0.2,0.3,BLOCK_RANGE_ONLY,8.0,linear,emitted_flux,W/m2,ESTIMABLE,8.088874155552842,7.380085509702227,8.741110999620108,0.35070285254761757,1.361025489917881,1000.0,0.0
phoenix,29092,2023-08-23,grid_02,0.2,0.3,BLOCK_RANGE_ONLY,8.0,linear,temperature_equivalent,K,ESTIMABLE,1.213946468449592,1.1070096438028174,1.3124479291745133,0.05293742337446062,0.20543828537169584,1000.0,0.0
phoenix,29092,2023-08-23,grid_02,0.2,0.3,BLOCK_RANGE_ONLY,8.0,linear,temperature_minus_equivalent,K,ESTIMABLE,-0.1779537102667741,-0.21257136117666386,-0.13916972470421232,0.018470254905221844,0.07340163647245154,1000.0,0.0
phoenix,29092,2023-08-23,grid_02,0.2,0.3,BLOCK_RANGE_ONLY,8.0,quadratic,temperature,K,ESTIMABLE,1.7034813168205123,1.191452768100355,2.233215506710878,0.27079502195744476,1.041762738610523,1000.0,0.0
phoenix,29092,2023-08-23,grid_02,0.2,0.3,BLOCK_RANGE_ONLY,8.0,quadratic,emitted_flux,W/m2,ESTIMABLE,15.778496923591623,11.721845735113622,20.290335325918065,2.2048717625735033,8.568489590804443,1000.0,0.0
phoenix,29092,2023-08-23,grid_02,0.2,0.3,BLOCK_RANGE_ONLY,8.0,quadratic,temperature_equivalent,K,ESTIMABLE,2.3811954824025747,1.7637875595635322,3.0722091084382397,0.3366700425356071,1.3084215488747075,1000.0,0.0
phoenix,29092,2023-08-23,grid_02,0.2,0.3,BLOCK_RANGE_ONLY,8.0,quadratic,temperature_minus_equivalent,K,ESTIMABLE,-0.6777141655820624,-0.9012596102738073,-0.4703159227430667,0.11063067685872917,0.4309436875307406,1000.0,0.0
phoenix,29092,2023-08-23,grid_02,0.2,0.3,BLOCK_RANGE_ONLY,8.0,quadratic_minus_linear,temperature,K,ESTIMABLE,0.6674885586376944,0.19838931719823877,1.187821625676493,0.25889401396204714,0.9894323084782544,1000.0,0.0
phoenix,29092,2023-08-23,grid_02,0.2,0.3,BLOCK_RANGE_ONLY,8.0,quadratic_minus_linear,emitted_flux,W/m2,ESTIMABLE,7.689622768038781,3.8328004213794755,11.987158388196189,2.128696662296757,8.154357966816713,1000.0,0.0
phoenix,29092,2023-08-23,grid_02,0.2,0.3,BLOCK_RANGE_ONLY,8.0,quadratic_minus_linear,temperature_equivalent,K,ESTIMABLE,1.1672490139529828,0.5802477762059667,1.8266158243316752,0.3251215813382031,1.2463680481257087,1000.0,0.0
phoenix,29092,2023-08-23,grid_02,0.2,0.3,BLOCK_RANGE_ONLY,8.0,quadratic_minus_linear,temperature_minus_equivalent,K,ESTIMABLE,-0.49976045531528834,-0.7275741685984172,-0.287743556090116,0.11350226730559579,0.4398306125083012,1000.0,0.0
phoenix,29092,2023-08-23,grid_03,0.3,0.4,NO_SPANNING_BLOCKS,,,,,NOT_ESTIMATED_NO_REFERENCE_BLOCKS,,,,,,,
phoenix,29092,2023-08-23,grid_04,0.4,0.5,NO_SPANNING_BLOCKS,,,,,NOT_ESTIMATED_NO_REFERENCE_BLOCKS,,,,,,,
phoenix,29092,2023-08-23,grid_05,0.5,0.6,NO_SPANNING_BLOCKS,,,,,NOT_ESTIMATED_NO_REFERENCE_BLOCKS,,,,,,,
phoenix,29092,2023-08-23,grid_06,0.6,0.7,NO_SPANNING_BLOCKS,,,,,NOT_ESTIMATED_NO_REFERENCE_BLOCKS,,,,,,,
phoenix,29092,2023-08-23,grid_07,0.7,0.8,NO_SPANNING_BLOCKS,,,,,NOT_ESTIMATED_NO_REFERENCE_BLOCKS,,,,,,,
phoenix,29092,2023-08-23,grid_08,0.8,0.9,NO_SPANNING_BLOCKS,,,,,NOT_ESTIMATED_NO_REFERENCE_BLOCKS,,,,,,,
phoenix,29092,2023-08-23,grid_09,0.9,1.0,NO_SPANNING_BLOCKS,,,,,NOT_ESTIMATED_NO_REFERENCE_BLOCKS,,,,,,,
phoenix,29545,2023-09-21,near_-0.02,0.008509538620710373,0.10850953862071037,BLOCK_RANGE_ONLY,1.0,linear,temperature,K,ESTIMABLE,0.9002491973186588,0.8564507032418461,0.9441332657368368,0.02336188059482867,0.08768256249499062,1000.0,0.0
phoenix,29545,2023-09-21,near_-0.02,0.008509538620710373,0.10850953862071037,BLOCK_RANGE_ONLY,1.0,linear,emitted_flux,W/m2,ESTIMABLE,6.011644642442747,5.711246558126461,6.317713375150211,0.1621234507775734,0.6064668170237502,1000.0,0.0
phoenix,29545,2023-09-21,near_-0.02,0.008509538620710373,0.10850953862071037,BLOCK_RANGE_ONLY,1.0,linear,temperature_equivalent,K,ESTIMABLE,0.9008582168330577,0.8556584943364243,0.9469312721959425,0.02439952413687261,0.09127277785951826,1000.0,0.0
phoenix,29545,2023-09-21,near_-0.02,0.008509538620710373,0.10850953862071037,BLOCK_RANGE_ONLY,1.0,linear,temperature_minus_equivalent,K,ESTIMABLE,-0.0006090195143988453,-0.019271999181085374,0.0176746631958575,0.0094746223379411,0.03694666237694287,1000.0,0.0
phoenix,29545,2023-09-21,near_-0.02,0.008509538620710373,0.10850953862071037,BLOCK_RANGE_ONLY,1.0,quadratic,temperature,K,ESTIMABLE,0.9016307163192386,0.8572514905736106,0.9449308785536558,0.023226381313558128,0.08767938798004515,1000.0,0.0
phoenix,29545,2023-09-21,near_-0.02,0.008509538620710373,0.10850953862071037,BLOCK_RANGE_ONLY,1.0,quadratic,emitted_flux,W/m2,ESTIMABLE,6.003121203415385,5.703564602943971,6.311244982938862,0.16141739101681526,0.6076803799948909,1000.0,0.0
phoenix,29545,2023-09-21,near_-0.02,0.008509538620710373,0.10850953862071037,BLOCK_RANGE_ONLY,1.0,quadratic,temperature_equivalent,K,ESTIMABLE,0.8995754591729792,0.8545028766527324,0.9459573638425226,0.024292973098077337,0.09145448718979021,1000.0,0.0
phoenix,29545,2023-09-21,near_-0.02,0.008509538620710373,0.10850953862071037,BLOCK_RANGE_ONLY,1.0,quadratic,temperature_minus_equivalent,K,ESTIMABLE,0.002055257146259426,-0.016988561037924142,0.020604036269928544,0.009576209429029398,0.037592597307852686,1000.0,0.0
phoenix,29545,2023-09-21,near_-0.02,0.008509538620710373,0.10850953862071037,BLOCK_RANGE_ONLY,1.0,quadratic_minus_linear,temperature,K,ESTIMABLE,0.0013815190005798117,-0.0015205427433343161,0.004383716152330474,0.0014798038858986995,0.00590425889566479,1000.0,0.0
phoenix,29545,2023-09-21,near_-0.02,0.008509538620710373,0.10850953862071037,BLOCK_RANGE_ONLY,1.0,quadratic_minus_linear,emitted_flux,W/m2,ESTIMABLE,-0.0085234390273623,-0.029120137031346506,0.011674622525085014,0.01032907182689626,0.04079475955643152,1000.0,0.0
phoenix,29545,2023-09-21,near_-0.02,0.008509538620710373,0.10850953862071037,BLOCK_RANGE_ONLY,1.0,quadratic_minus_linear,temperature_equivalent,K,ESTIMABLE,-0.0012827576600784596,-0.00438353266312248,0.0017568937476838177,0.0015545441061388544,0.006140426410806298,1000.0,0.0
phoenix,29545,2023-09-21,near_-0.02,0.008509538620710373,0.10850953862071037,BLOCK_RANGE_ONLY,1.0,quadratic_minus_linear,temperature_minus_equivalent,K,ESTIMABLE,0.0026642766606582713,0.0013222613559569218,0.004002319842629967,0.0006951626735935717,0.0026800584866730455,1000.0,0.0
phoenix,29545,2023-09-21,near_-0.02,0.008509538620710373,0.10850953862071037,BLOCK_RANGE_ONLY,8.0,linear,temperature,K,ESTIMABLE,0.9002491973186588,0.8186436344853681,0.9775786472611103,0.04100071074162723,0.15893501277574218,1000.0,0.0
phoenix,29545,2023-09-21,near_-0.02,0.008509538620710373,0.10850953862071037,BLOCK_RANGE_ONLY,8.0,linear,emitted_flux,W/m2,ESTIMABLE,6.011644642442747,5.361114884419993,6.621605504192147,0.31857387035113166,1.2604906197721544,1000.0,0.0
phoenix,29545,2023-09-21,near_-0.02,0.008509538620710373,0.10850953862071037,BLOCK_RANGE_ONLY,8.0,linear,temperature_equivalent,K,ESTIMABLE,0.9008582168330577,0.8030001821678369,0.9926967639632664,0.04794362220707373,0.1896965817954296,1000.0,0.0
phoenix,29545,2023-09-21,near_-0.02,0.008509538620710373,0.10850953862071037,BLOCK_RANGE_ONLY,8.0,linear,temperature_minus_equivalent,K,ESTIMABLE,-0.0006090195143988453,-0.04652168625464358,0.0451250742354807,0.023251612224208865,0.09164676049012427,1000.0,0.0
phoenix,29545,2023-09-21,near_-0.02,0.008509538620710373,0.10850953862071037,BLOCK_RANGE_ONLY,8.0,quadratic,temperature,K,ESTIMABLE,0.9016307163192386,0.8191733325516853,0.9813669185822846,0.04068556651247295,0.1621935860305993,1000.0,0.0
phoenix,29545,2023-09-21,near_-0.02,0.008509538620710373,0.10850953862071037,BLOCK_RANGE_ONLY,8.0,quadratic,emitted_flux,W/m2,ESTIMABLE,6.003121203415385,5.397015190337244,6.612769851399211,0.31633466136491123,1.2157546610619665,1000.0,0.0
phoenix,29545,2023-09-21,near_-0.02,0.008509538620710373,0.10850953862071037,BLOCK_RANGE_ONLY,8.0,quadratic,temperature_equivalent,K,ESTIMABLE,0.8995754591729792,0.8083982180684757,0.9913658513538024,0.04760652908675691,0.18296763328532673,1000.0,0.0
phoenix,29545,2023-09-21,near_-0.02,0.008509538620710373,0.10850953862071037,BLOCK_RANGE_ONLY,8.0,quadratic,temperature_minus_equivalent,K,ESTIMABLE,0.002055257146259426,-0.04429477992946548,0.04788905375548131,0.02354659039624737,0.09218383368494679,1000.0,0.0
phoenix,29545,2023-09-21,near_-0.02,0.008509538620710373,0.10850953862071037,BLOCK_RANGE_ONLY,8.0,quadratic_minus_linear,temperature,K,ESTIMABLE,0.0013815190005798117,-0.0023230890102606677,0.008628271144938693,0.0028495822973940523,0.01095136015519936,1000.0,0.0
phoenix,29545,2023-09-21,near_-0.02,0.008509538620710373,0.10850953862071037,BLOCK_RANGE_ONLY,8.0,quadratic_minus_linear,emitted_flux,W/m2,ESTIMABLE,-0.0085234390273623,-0.037161555761386,0.039662216424752914,0.018774911666437542,0.07682377218613892,1000.0,0.0
phoenix,29545,2023-09-21,near_-0.02,0.008509538620710373,0.10850953862071037,BLOCK_RANGE_ONLY,8.0,quadratic_minus_linear,temperature_equivalent,K,ESTIMABLE,-0.0012827576600784596,-0.005586780371166355,0.005967116554332102,0.002825245701206485,0.011553896925498457,1000.0,0.0
phoenix,29545,2023-09-21,near_-0.02,0.008509538620710373,0.10850953862071037,BLOCK_RANGE_ONLY,8.0,quadratic_minus_linear,temperature_minus_equivalent,K,ESTIMABLE,0.0026642766606582713,0.00037992111761222527,0.005254221723922289,0.0012363817201759928,0.004874300606310064,1000.0,0.0
phoenix,29545,2023-09-21,near_-0.01,0.01850953862071037,0.11850953862071037,BLOCK_RANGE_ONLY,1.0,linear,temperature,K,ESTIMABLE,0.9002491973186588,0.8564507032418461,0.9441332657368368,0.02336188059482867,0.08768256249499062,1000.0,0.0
phoenix,29545,2023-09-21,near_-0.01,0.01850953862071037,0.11850953862071037,BLOCK_RANGE_ONLY,1.0,linear,emitted_flux,W/m2,ESTIMABLE,6.011644642442747,5.711246558126461,6.317713375150211,0.1621234507775734,0.6064668170237502,1000.0,0.0
phoenix,29545,2023-09-21,near_-0.01,0.01850953862071037,0.11850953862071037,BLOCK_RANGE_ONLY,1.0,linear,temperature_equivalent,K,ESTIMABLE,0.9008582168330577,0.8556584943364243,0.9469312721959425,0.02439952413687261,0.09127277785951826,1000.0,0.0
phoenix,29545,2023-09-21,near_-0.01,0.01850953862071037,0.11850953862071037,BLOCK_RANGE_ONLY,1.0,linear,temperature_minus_equivalent,K,ESTIMABLE,-0.0006090195143988453,-0.019271999181085374,0.0176746631958575,0.0094746223379411,0.03694666237694287,1000.0,0.0
phoenix,29545,2023-09-21,near_-0.01,0.01850953862071037,0.11850953862071037,BLOCK_RANGE_ONLY,1.0,quadratic,temperature,K,ESTIMABLE,0.8955199189727118,0.8505012175124577,0.9429731090722143,0.024541491220475966,0.09247189155975666,1000.0,0.0
phoenix,29545,2023-09-21,near_-0.01,0.01850953862071037,0.11850953862071037,BLOCK_RANGE_ONLY,1.0,quadratic,emitted_flux,W/m2,ESTIMABLE,6.040822464541616,5.723102771195412,6.361464675603883,0.16803148275067306,0.6383619044084705,1000.0,0.0
phoenix,29545,2023-09-21,near_-0.01,0.01850953862071037,0.11850953862071037,BLOCK_RANGE_ONLY,1.0,quadratic,temperature_equivalent,K,ESTIMABLE,0.9052495299649763,0.857442082213764,0.9535188886673851,0.025289720204076285,0.09607680645362116,1000.0,0.0
phoenix,29545,2023-09-21,near_-0.01,0.01850953862071037,0.11850953862071037,BLOCK_RANGE_ONLY,1.0,quadratic,temperature_minus_equivalent,K,ESTIMABLE,-0.009729610992264548,-0.02861241953945885,0.009502628027587353,0.009670065709835467,0.0381150475670462,1000.0,0.0
phoenix,29545,2023-09-21,near_-0.01,0.01850953862071037,0.11850953862071037,BLOCK_RANGE_ONLY,1.0,quadratic_minus_linear,temperature,K,ESTIMABLE,-0.004729278345947052,-0.014472518423791969,0.005068001535286623,0.004990663227779272,0.019540519959078594,1000.0,0.0
phoenix,29545,2023-09-21,near_-0.01,0.01850953862071037,0.11850953862071037,BLOCK_RANGE_ONLY,1.0,quadratic_minus_linear,emitted_flux,W/m2,ESTIMABLE,0.029177822098868766,-0.03838380695912622,0.09705775982053548,0.0352900782910432,0.1354415667796617,1000.0,0.0
phoenix,29545,2023-09-21,near_-0.01,0.01850953862071037,0.11850953862071037,BLOCK_RANGE_ONLY,1.0,quadratic_minus_linear,temperature_equivalent,K,ESTIMABLE,0.0043913131319186505,-0.00577595609644419,0.014602816109598392,0.00531136489162817,0.020378772206042582,1000.0,0.0
phoenix,29545,2023-09-21,near_-0.01,0.01850953862071037,0.11850953862071037,BLOCK_RANGE_ONLY,1.0,quadratic_minus_linear,temperature_minus_equivalent,K,ESTIMABLE,-0.009120591477865703,-0.014038317731818678,-0.004362431287238472,0.0025227105353298105,0.009675886444580208,1000.0,0.0
phoenix,29545,2023-09-21,near_-0.01,0.01850953862071037,0.11850953862071037,BLOCK_RANGE_ONLY,8.0,linear,temperature,K,ESTIMABLE,0.9002491973186588,0.8186436344853681,0.9775786472611103,0.04100071074162723,0.15893501277574218,1000.0,0.0
phoenix,29545,2023-09-21,near_-0.01,0.01850953862071037,0.11850953862071037,BLOCK_RANGE_ONLY,8.0,linear,emitted_flux,W/m2,ESTIMABLE,6.011644642442747,5.361114884419993,6.621605504192147,0.31857387035113166,1.2604906197721544,1000.0,0.0
phoenix,29545,2023-09-21,near_-0.01,0.01850953862071037,0.11850953862071037,BLOCK_RANGE_ONLY,8.0,linear,temperature_equivalent,K,ESTIMABLE,0.9008582168330577,0.8030001821678369,0.9926967639632664,0.04794362220707373,0.1896965817954296,1000.0,0.0
phoenix,29545,2023-09-21,near_-0.01,0.01850953862071037,0.11850953862071037,BLOCK_RANGE_ONLY,8.0,linear,temperature_minus_equivalent,K,ESTIMABLE,-0.0006090195143988453,-0.04652168625464358,0.0451250742354807,0.023251612224208865,0.09164676049012427,1000.0,0.0
phoenix,29545,2023-09-21,near_-0.01,0.01850953862071037,0.11850953862071037,BLOCK_RANGE_ONLY,8.0,quadratic,temperature,K,ESTIMABLE,0.8955199189727118,0.8103979537608754,0.9777846453476402,0.0425910393396234,0.16738669158676478,1000.0,0.0
phoenix,29545,2023-09-21,near_-0.01,0.01850953862071037,0.11850953862071037,BLOCK_RANGE_ONLY,8.0,quadratic,emitted_flux,W/m2,ESTIMABLE,6.040822464541616,5.377754940104168,6.680845270145458,0.3373896490943844,1.3030903300412895,1000.0,0.0
phoenix,29545,2023-09-21,near_-0.01,0.01850953862071037,0.11850953862071037,BLOCK_RANGE_ONLY,8.0,quadratic,temperature_equivalent,K,ESTIMABLE,0.9052495299649763,0.8055021759588797,1.0016204762572882,0.05077737751746664,0.1961183002984085,1000.0,0.0
phoenix,29545,2023-09-21,near_-0.01,0.01850953862071037,0.11850953862071037,BLOCK_RANGE_ONLY,8.0,quadratic,temperature_minus_equivalent,K,ESTIMABLE,-0.009729610992264548,-0.058658197708678333,0.03874770939739456,0.024548408967917008,0.09740590710607289,1000.0,0.0
phoenix,29545,2023-09-21,near_-0.01,0.01850953862071037,0.11850953862071037,BLOCK_RANGE_ONLY,8.0,quadratic_minus_linear,temperature,K,ESTIMABLE,-0.004729278345947052,-0.018787611880141684,0.011750650315225935,0.007977862130035446,0.03053826219536762,1000.0,0.0
phoenix,29545,2023-09-21,near_-0.01,0.01850953862071037,0.11850953862071037,BLOCK_RANGE_ONLY,8.0,quadratic_minus_linear,emitted_flux,W/m2,ESTIMABLE,0.029177822098868766,-0.08101404020504625,0.16947716428408385,0.06714038059158497,0.2504912044891301,1000.0,0.0
phoenix,29545,2023-09-21,near_-0.01,0.01850953862071037,0.11850953862071037,BLOCK_RANGE_ONLY,8.0,quadratic_minus_linear,temperature_equivalent,K,ESTIMABLE,0.0043913131319186505,-0.012202424577112935,0.025501375651218433,0.01010584097197359,0.03770380022833137,1000.0,0.0
phoenix,29545,2023-09-21,near_-0.01,0.01850953862071037,0.11850953862071037,BLOCK_RANGE_ONLY,8.0,quadratic_minus_linear,temperature_minus_equivalent,K,ESTIMABLE,-0.009120591477865703,-0.018002554695639342,-0.0028831465576102558,0.003898066444875309,0.015119408138029086,1000.0,0.0
phoenix,29545,2023-09-21,historical,0.028509538620710373,0.12850953862071038,BLOCK_RANGE_ONLY,1.0,linear,temperature,K,ESTIMABLE,0.9002491973186588,0.8564507032418461,0.9441332657368368,0.02336188059482867,0.08768256249499062,1000.0,0.0
phoenix,29545,2023-09-21,historical,0.028509538620710373,0.12850953862071038,BLOCK_RANGE_ONLY,1.0,linear,emitted_flux,W/m2,ESTIMABLE,6.011644642442747,5.711246558126461,6.317713375150211,0.1621234507775734,0.6064668170237502,1000.0,0.0
phoenix,29545,2023-09-21,historical,0.028509538620710373,0.12850953862071038,BLOCK_RANGE_ONLY,1.0,linear,temperature_equivalent,K,ESTIMABLE,0.9008582168330577,0.8556584943364243,0.9469312721959425,0.02439952413687261,0.09127277785951826,1000.0,0.0
phoenix,29545,2023-09-21,historical,0.028509538620710373,0.12850953862071038,BLOCK_RANGE_ONLY,1.0,linear,temperature_minus_equivalent,K,ESTIMABLE,-0.0006090195143988453,-0.019271999181085374,0.0176746631958575,0.0094746223379411,0.03694666237694287,1000.0,0.0
phoenix,29545,2023-09-21,historical,0.028509538620710373,0.12850953862071038,BLOCK_RANGE_ONLY,1.0,quadratic,temperature,K,ESTIMABLE,0.8894091216261849,0.8380482932081947,0.9425118022148818,0.027334156742845964,0.1044635090066871,1000.0,0.0
phoenix,29545,2023-09-21,historical,0.028509538620710373,0.12850953862071038,BLOCK_RANGE_ONLY,1.0,quadratic,emitted_flux,W/m2,ESTIMABLE,6.078523725667848,5.728743532721623,6.43613499572096,0.18574260977065807,0.707391462999337,1000.0,0.0
phoenix,29545,2023-09-21,historical,0.028509538620710373,0.12850953862071038,BLOCK_RANGE_ONLY,1.0,quadratic,temperature_equivalent,K,ESTIMABLE,0.9109239084986029,0.8582906601680265,0.9647629288456585,0.027956823744115927,0.10647226867763204,1000.0,0.0
phoenix,29545,2023-09-21,historical,0.028509538620710373,0.12850953862071038,BLOCK_RANGE_ONLY,1.0,quadratic,temperature_minus_equivalent,K,ESTIMABLE,-0.021514786872418035,-0.04117852604695341,-0.0004289664109847583,0.010626336121140572,0.04074955963596866,1000.0,0.0
phoenix,29545,2023-09-21,historical,0.028509538620710373,0.12850953862071038,BLOCK_RANGE_ONLY,1.0,quadratic_minus_linear,temperature,K,ESTIMABLE,-0.010840075692473916,-0.03253244572158362,0.011453400908480162,0.011387490965149922,0.04398584663006378,1000.0,0.0
phoenix,29545,2023-09-21,historical,0.028509538620710373,0.12850953862071038,BLOCK_RANGE_ONLY,1.0,quadratic_minus_linear,emitted_flux,W/m2,ESTIMABLE,0.06687908322510072,-0.08910606655662891,0.22279669189714088,0.08044142181166142,0.3119027584537698,1000.0,0.0
phoenix,29545,2023-09-21,historical,0.028509538620710373,0.12850953862071038,BLOCK_RANGE_ONLY,1.0,quadratic_minus_linear,temperature_equivalent,K,ESTIMABLE,0.010065691665545273,-0.013411556092970045,0.03353614570741143,0.012107614904040291,0.04694770180038148,1000.0,0.0
phoenix,29545,2023-09-21,historical,0.028509538620710373,0.12850953862071038,BLOCK_RANGE_ONLY,1.0,quadratic_minus_linear,temperature_minus_equivalent,K,ESTIMABLE,-0.02090576735801919,-0.031445975702580106,-0.010382615333412126,0.005463338044149105,0.02106336036916798,1000.0,0.0
phoenix,29545,2023-09-21,historical,0.028509538620710373,0.12850953862071038,BLOCK_RANGE_ONLY,8.0,linear,temperature,K,ESTIMABLE,0.9002491973186588,0.8186436344853681,0.9775786472611103,0.04100071074162723,0.15893501277574218,1000.0,0.0
phoenix,29545,2023-09-21,historical,0.028509538620710373,0.12850953862071038,BLOCK_RANGE_ONLY,8.0,linear,emitted_flux,W/m2,ESTIMABLE,6.011644642442747,5.361114884419993,6.621605504192147,0.31857387035113166,1.2604906197721544,1000.0,0.0
phoenix,29545,2023-09-21,historical,0.028509538620710373,0.12850953862071038,BLOCK_RANGE_ONLY,8.0,linear,temperature_equivalent,K,ESTIMABLE,0.9008582168330577,0.8030001821678369,0.9926967639632664,0.04794362220707373,0.1896965817954296,1000.0,0.0
phoenix,29545,2023-09-21,historical,0.028509538620710373,0.12850953862071038,BLOCK_RANGE_ONLY,8.0,linear,temperature_minus_equivalent,K,ESTIMABLE,-0.0006090195143988453,-0.04652168625464358,0.0451250742354807,0.023251612224208865,0.09164676049012427,1000.0,0.0
phoenix,29545,2023-09-21,historical,0.028509538620710373,0.12850953862071038,BLOCK_RANGE_ONLY,8.0,quadratic,temperature,K,ESTIMABLE,0.8894091216261849,0.7938385748453617,0.9787210828042687,0.04681181718664958,0.18488250795890704,1000.0,0.0
phoenix,29545,2023-09-21,historical,0.028509538620710373,0.12850953862071038,BLOCK_RANGE_ONLY,8.0,quadratic,emitted_flux,W/m2,ESTIMABLE,6.078523725667848,5.30283455448134,6.789319133202424,0.37575093951262767,1.4864845787210843,1000.0,0.0
phoenix,29545,2023-09-21,historical,0.028509538620710373,0.12850953862071038,BLOCK_RANGE_ONLY,8.0,quadratic,temperature_equivalent,K,ESTIMABLE,0.9109239084986029,0.7942376405437728,1.0179626485559807,0.056553668424315764,0.22372500801220796,1000.0,0.0
phoenix,29545,2023-09-21,historical,0.028509538620710373,0.12850953862071038,BLOCK_RANGE_ONLY,8.0,quadratic,temperature_minus_equivalent,K,ESTIMABLE,-0.021514786872418035,-0.0760567008872898,0.02887840102752833,0.026158231628770845,0.10493510191481813,1000.0,0.0
phoenix,29545,2023-09-21,historical,0.028509538620710373,0.12850953862071038,BLOCK_RANGE_ONLY,8.0,quadratic_minus_linear,temperature,K,ESTIMABLE,-0.010840075692473916,-0.04585523521083584,0.026037252754113872,0.018380444384196767,0.07189248796494971,1000.0,0.0
phoenix,29545,2023-09-21,historical,0.028509538620710373,0.12850953862071038,BLOCK_RANGE_ONLY,8.0,quadratic_minus_linear,emitted_flux,W/m2,ESTIMABLE,0.06687908322510072,-0.207155621651899,0.36211940263457476,0.14918444958270624,0.5692750242864737,1000.0,0.0
phoenix,29545,2023-09-21,historical,0.028509538620710373,0.12850953862071038,BLOCK_RANGE_ONLY,8.0,quadratic_minus_linear,temperature_equivalent,K,ESTIMABLE,0.010065691665545273,-0.031182939079461392,0.05450400362254157,0.022455791810609357,0.08568694270200296,1000.0,0.0
phoenix,29545,2023-09-21,historical,0.028509538620710373,0.12850953862071038,BLOCK_RANGE_ONLY,8.0,quadratic_minus_linear,temperature_minus_equivalent,K,ESTIMABLE,-0.02090576735801919,-0.03771682218788737,-0.007262173017817126,0.00789288322928998,0.030454649170070243,1000.0,0.0
phoenix,29545,2023-09-21,near_+0.01,0.038509538620710375,0.1385095386207104,BLOCK_RANGE_ONLY,1.0,linear,temperature,K,ESTIMABLE,0.9002491973186588,0.8564507032418461,0.9441332657368368,0.02336188059482867,0.08768256249499062,1000.0,0.0
phoenix,29545,2023-09-21,near_+0.01,0.038509538620710375,0.1385095386207104,BLOCK_RANGE_ONLY,1.0,linear,emitted_flux,W/m2,ESTIMABLE,6.011644642442747,5.711246558126461,6.317713375150211,0.1621234507775734,0.6064668170237502,1000.0,0.0
phoenix,29545,2023-09-21,near_+0.01,0.038509538620710375,0.1385095386207104,BLOCK_RANGE_ONLY,1.0,linear,temperature_equivalent,K,ESTIMABLE,0.9008582168330577,0.8556584943364243,0.9469312721959425,0.02439952413687261,0.09127277785951826,1000.0,0.0
phoenix,29545,2023-09-21,near_+0.01,0.038509538620710375,0.1385095386207104,BLOCK_RANGE_ONLY,1.0,linear,temperature_minus_equivalent,K,ESTIMABLE,-0.0006090195143988453,-0.019271999181085374,0.0176746631958575,0.0094746223379411,0.03694666237694287,1000.0,0.0
phoenix,29545,2023-09-21,near_+0.01,0.038509538620710375,0.1385095386207104,BLOCK_RANGE_ONLY,1.0,quadratic,temperature,K,ESTIMABLE,0.883298324279658,0.8250637721548565,0.9444557277690033,0.03121023533195672,0.11939195561414684,1000.0,0.0
phoenix,29545,2023-09-21,near_+0.01,0.038509538620710375,0.1385095386207104,BLOCK_RANGE_ONLY,1.0,quadratic,emitted_flux,W/m2,ESTIMABLE,6.116224986794079,5.706999643270125,6.529388301667948,0.21178476760558362,0.8223886583978235,1000.0,0.0
phoenix,29545,2023-09-21,near_+0.01,0.038509538620710375,0.1385095386207104,BLOCK_RANGE_ONLY,1.0,quadratic,temperature_equivalent,K,ESTIMABLE,0.91659859481274,0.8550196176605397,0.9788069384679389,0.031878221937810126,0.12378732080739918,1000.0,0.0
phoenix,29545,2023-09-21,near_+0.01,0.038509538620710375,0.1385095386207104,BLOCK_RANGE_ONLY,1.0,quadratic,temperature_minus_equivalent,K,ESTIMABLE,-0.03330027053308193,-0.05710959882225205,-0.009025102252655534,0.01224479273737108,0.04808449656959651,1000.0,0.0
phoenix,29545,2023-09-21,near_+0.01,0.038509538620710375,0.1385095386207104,BLOCK_RANGE_ONLY,1.0,quadratic_minus_linear,temperature,K,ESTIMABLE,-0.01695087303900078,-0.050799613543547936,0.017827921986736717,0.017790292651485795,0.06862753553028465,1000.0,0.0
phoenix,29545,2023-09-21,near_+0.01,0.038509538620710375,0.1385095386207104,BLOCK_RANGE_ONLY,1.0,quadratic_minus_linear,emitted_flux,W/m2,ESTIMABLE,0.10458034435133179,-0.13889478475475298,0.3469656265719113,0.12563036208133052,0.4858604113266643,1000.0,0.0
phoenix,29545,2023-09-21,near_+0.01,0.038509538620710375,0.1385095386207104,BLOCK_RANGE_ONLY,1.0,quadratic_minus_linear,temperature_equivalent,K,ESTIMABLE,0.015740377979682307,-0.020900723697263857,0.05224693646939755,0.018910266662151308,0.07314766016666141,1000.0,0.0
phoenix,29545,2023-09-21,near_+0.01,0.038509538620710375,0.1385095386207104,BLOCK_RANGE_ONLY,1.0,quadratic_minus_linear,temperature_minus_equivalent,K,ESTIMABLE,-0.03269125101868309,-0.04894616128020925,-0.016318620542143277,0.008422579797823009,0.032627540738065966,1000.0,0.0
phoenix,29545,2023-09-21,near_+0.01,0.038509538620710375,0.1385095386207104,BLOCK_RANGE_ONLY,8.0,linear,temperature,K,ESTIMABLE,0.9002491973186588,0.8186436344853681,0.9775786472611103,0.04100071074162723,0.15893501277574218,1000.0,0.0
phoenix,29545,2023-09-21,near_+0.01,0.038509538620710375,0.1385095386207104,BLOCK_RANGE_ONLY,8.0,linear,emitted_flux,W/m2,ESTIMABLE,6.011644642442747,5.361114884419993,6.621605504192147,0.31857387035113166,1.2604906197721544,1000.0,0.0
phoenix,29545,2023-09-21,near_+0.01,0.038509538620710375,0.1385095386207104,BLOCK_RANGE_ONLY,8.0,linear,temperature_equivalent,K,ESTIMABLE,0.9008582168330577,0.8030001821678369,0.9926967639632664,0.04794362220707373,0.1896965817954296,1000.0,0.0
phoenix,29545,2023-09-21,near_+0.01,0.038509538620710375,0.1385095386207104,BLOCK_RANGE_ONLY,8.0,linear,temperature_minus_equivalent,K,ESTIMABLE,-0.0006090195143988453,-0.04652168625464358,0.0451250742354807,0.023251612224208865,0.09164676049012427,1000.0,0.0
phoenix,29545,2023-09-21,near_+0.01,0.038509538620710375,0.1385095386207104,BLOCK_RANGE_ONLY,8.0,quadratic,temperature,K,ESTIMABLE,0.883298324279658,0.7708585027847581,0.9830303767357644,0.052795493285901954,0.21217187395100634,1000.0,0.0
phoenix,29545,2023-09-21,near_+0.01,0.038509538620710375,0.1385095386207104,BLOCK_RANGE_ONLY,8.0,quadratic,emitted_flux,W/m2,ESTIMABLE,6.116224986794079,5.262494718959735,6.933871241651432,0.42677698821120236,1.6713765226916975,1000.0,0.0
phoenix,29545,2023-09-21,near_+0.01,0.038509538620710375,0.1385095386207104,BLOCK_RANGE_ONLY,8.0,quadratic,temperature_equivalent,K,ESTIMABLE,0.91659859481274,0.788172911348721,1.0397441726649148,0.064237164341887,0.2515712613161938,1000.0,0.0
phoenix,29545,2023-09-21,near_+0.01,0.038509538620710375,0.1385095386207104,BLOCK_RANGE_ONLY,8.0,quadratic,temperature_minus_equivalent,K,ESTIMABLE,-0.03330027053308193,-0.09410013056660302,0.020916934270672944,0.02827279049693714,0.11501706483727596,1000.0,0.0
phoenix,29545,2023-09-21,near_+0.01,0.038509538620710375,0.1385095386207104,BLOCK_RANGE_ONLY,8.0,quadratic_minus_linear,temperature,K,ESTIMABLE,-0.01695087303900078,-0.07269572958051544,0.0403349024476129,0.028821926966351708,0.11303063202812834,1000.0,0.0
phoenix,29545,2023-09-21,near_+0.01,0.038509538620710375,0.1385095386207104,BLOCK_RANGE_ONLY,8.0,quadratic_minus_linear,emitted_flux,W/m2,ESTIMABLE,0.10458034435133179,-0.3297009014804437,0.5518134613494161,0.23151027014372158,0.8815143628298598,1000.0,0.0
phoenix,29545,2023-09-21,near_+0.01,0.038509538620710375,0.1385095386207104,BLOCK_RANGE_ONLY,8.0,quadratic_minus_linear,temperature_equivalent,K,ESTIMABLE,0.015740377979682307,-0.049647219668311496,0.08306669438014325,0.03484955264330219,0.13271391404845473,1000.0,0.0
phoenix,29545,2023-09-21,near_+0.01,0.038509538620710375,0.1385095386207104,BLOCK_RANGE_ONLY,8.0,quadratic_minus_linear,temperature_minus_equivalent,K,ESTIMABLE,-0.03269125101868309,-0.057646599880277045,-0.011792624019502375,0.011952378294382997,0.04585397586077467,1000.0,0.0
phoenix,29545,2023-09-21,near_+0.02,0.04850953862071038,0.14850953862071037,BLOCK_RANGE_ONLY,1.0,linear,temperature,K,ESTIMABLE,0.9002491973186587,0.856450703241846,0.9441332657368366,0.02336188059482867,0.08768256249499062,1000.0,0.0
phoenix,29545,2023-09-21,near_+0.02,0.04850953862071038,0.14850953862071037,BLOCK_RANGE_ONLY,1.0,linear,emitted_flux,W/m2,ESTIMABLE,6.0116446424427465,5.71124655812646,6.31771337515021,0.1621234507775734,0.6064668170237502,1000.0,0.0
phoenix,29545,2023-09-21,near_+0.02,0.04850953862071038,0.14850953862071037,BLOCK_RANGE_ONLY,1.0,linear,temperature_equivalent,K,ESTIMABLE,0.9008582168330577,0.8556584943364243,0.9469312721959425,0.024399524136872568,0.09127277785951826,1000.0,0.0
phoenix,29545,2023-09-21,near_+0.02,0.04850953862071038,0.14850953862071037,BLOCK_RANGE_ONLY,1.0,linear,temperature_minus_equivalent,K,ESTIMABLE,-0.0006090195143989563,-0.019271999181085485,0.01767466319585739,0.009474622337940984,0.03694666237694287,1000.0,0.0
phoenix,29545,2023-09-21,near_+0.02,0.04850953862071038,0.14850953862071037,BLOCK_RANGE_ONLY,1.0,quadratic,temperature,K,ESTIMABLE,0.8771875269331311,0.8105676408832099,0.9464801791850369,0.03581972620254993,0.13591253830182703,1000.0,0.0
phoenix,29545,2023-09-21,near_+0.02,0.04850953862071038,0.14850953862071037,BLOCK_RANGE_ONLY,1.0,quadratic,emitted_flux,W/m2,ESTIMABLE,6.153926247920309,5.683882146661576,6.622435383150056,0.2434994688113262,0.9385532364884801,1000.0,0.0
phoenix,29545,2023-09-21,near_+0.02,0.04850953862071038,0.14850953862071037,BLOCK_RANGE_ONLY,1.0,quadratic,temperature_equivalent,K,ESTIMABLE,0.9222735889464388,0.8515420487805201,0.9928217693417949,0.03665394177474671,0.1412797205612748,1000.0,0.0
phoenix,29545,2023-09-21,near_+0.02,0.04850953862071038,0.14850953862071037,BLOCK_RANGE_ONLY,1.0,quadratic,temperature_minus_equivalent,K,ESTIMABLE,-0.04508606201330778,-0.0723253064749275,-0.017325733953112828,0.014302537736699079,0.05499957252181468,1000.0,0.0
phoenix,29545,2023-09-21,near_+0.02,0.04850953862071038,0.14850953862071037,BLOCK_RANGE_ONLY,1.0,quadratic_minus_linear,temperature,K,ESTIMABLE,-0.023061670385527644,-0.06894131004411083,0.02420244306499327,0.02419432590268889,0.0931437531091041,1000.0,0.0
phoenix,29545,2023-09-21,near_+0.02,0.04850953862071038,0.14850953862071037,BLOCK_RANGE_ONLY,1.0,quadratic_minus_linear,emitted_flux,W/m2,ESTIMABLE,0.14228160547756286,-0.18981167467432436,0.47456482765997465,0.17082706526368013,0.664376502334299,1000.0,0.0
phoenix,29545,2023-09-21,near_+0.02,0.04850953862071038,0.14850953862071037,BLOCK_RANGE_ONLY,1.0,quadratic_minus_linear,temperature_equivalent,K,ESTIMABLE,0.02141537211338118,-0.028557849396169385,0.07144656947124303,0.025714830636768687,0.10000441886741242,1000.0,0.0
phoenix,29545,2023-09-21,near_+0.02,0.04850953862071038,0.14850953862071037,BLOCK_RANGE_ONLY,1.0,quadratic_minus_linear,temperature_minus_equivalent,K,ESTIMABLE,-0.044477042498908825,-0.06628350545736945,-0.022257570703416177,0.011386134452618579,0.04402593475395328,1000.0,0.0
phoenix,29545,2023-09-21,near_+0.02,0.04850953862071038,0.14850953862071037,BLOCK_RANGE_ONLY,8.0,linear,temperature,K,ESTIMABLE,0.9002491973186587,0.818643634485368,0.9775786472611102,0.04100071074162723,0.15893501277574218,1000.0,0.0
phoenix,29545,2023-09-21,near_+0.02,0.04850953862071038,0.14850953862071037,BLOCK_RANGE_ONLY,8.0,linear,emitted_flux,W/m2,ESTIMABLE,6.0116446424427465,5.361114884419992,6.621605504192146,0.3185738703511316,1.2604906197721544,1000.0,0.0
phoenix,29545,2023-09-21,near_+0.02,0.04850953862071038,0.14850953862071037,BLOCK_RANGE_ONLY,8.0,linear,temperature_equivalent,K,ESTIMABLE,0.9008582168330577,0.8030001821678369,0.9926967639632664,0.04794362220707368,0.1896965817954296,1000.0,0.0
phoenix,29545,2023-09-21,near_+0.02,0.04850953862071038,0.14850953862071037,BLOCK_RANGE_ONLY,8.0,linear,temperature_minus_equivalent,K,ESTIMABLE,-0.0006090195143989563,-0.04652168625464369,0.04512507423548059,0.023251612224208785,0.09164676049012427,1000.0,0.0
phoenix,29545,2023-09-21,near_+0.02,0.04850953862071038,0.14850953862071037,BLOCK_RANGE_ONLY,8.0,quadratic,temperature,K,ESTIMABLE,0.8771875269331311,0.7529674669276725,0.9920733598277834,0.060017083242903405,0.23910589290011097,1000.0,0.0
phoenix,29545,2023-09-21,near_+0.02,0.04850953862071038,0.14850953862071037,BLOCK_RANGE_ONLY,8.0,quadratic,emitted_flux,W/m2,ESTIMABLE,6.153926247920309,5.183038755011128,7.057787625995232,0.4864989852836681,1.8747488709841038,1000.0,0.0
phoenix,29545,2023-09-21,near_+0.02,0.04850953862071038,0.14850953862071037,BLOCK_RANGE_ONLY,8.0,quadratic,temperature_equivalent,K,ESTIMABLE,0.9222735889464388,0.7762284521980305,1.0584198593102,0.07323070058784767,0.2821914071121696,1000.0,0.0
phoenix,29545,2023-09-21,near_+0.02,0.04850953862071038,0.14850953862071037,BLOCK_RANGE_ONLY,8.0,quadratic,temperature_minus_equivalent,K,ESTIMABLE,-0.04508606201330778,-0.11148765024085035,0.014070843357935466,0.0307886329818851,0.12555849359878582,1000.0,0.0
phoenix,29545,2023-09-21,near_+0.02,0.04850953862071038,0.14850953862071037,BLOCK_RANGE_ONLY,8.0,quadratic_minus_linear,temperature,K,ESTIMABLE,-0.023061670385527644,-0.09997843709518466,0.05461532558839699,0.039271293574891765,0.15459376268358166,1000.0,0.0
phoenix,29545,2023-09-21,near_+0.02,0.04850953862071038,0.14850953862071037,BLOCK_RANGE_ONLY,8.0,quadratic_minus_linear,emitted_flux,W/m2,ESTIMABLE,0.14228160547756286,-0.4516964899520636,0.742515207049934,0.3138962348613861,1.1942116970019976,1000.0,0.0
phoenix,29545,2023-09-21,near_+0.02,0.04850953862071038,0.14850953862071037,BLOCK_RANGE_ONLY,8.0,quadratic_minus_linear,temperature_equivalent,K,ESTIMABLE,0.02141537211338118,-0.06800645026451804,0.11184391421701746,0.04725378322653046,0.17985036448153552,1000.0,0.0
phoenix,29545,2023-09-21,near_+0.02,0.04850953862071038,0.14850953862071037,BLOCK_RANGE_ONLY,8.0,quadratic_minus_linear,temperature_minus_equivalent,K,ESTIMABLE,-0.044477042498908825,-0.07732223809764216,-0.016129947247927896,0.016028189925844264,0.06119229084971427,1000.0,0.0
phoenix,29545,2023-09-21,grid_00,0.0,0.1,BLOCK_RANGE_ONLY,1.0,linear,temperature,K,ESTIMABLE,0.9002491973186588,0.8564507032418461,0.9441332657368368,0.02336188059482867,0.08768256249499062,1000.0,0.0
phoenix,29545,2023-09-21,grid_00,0.0,0.1,BLOCK_RANGE_ONLY,1.0,linear,emitted_flux,W/m2,ESTIMABLE,6.011644642442747,5.711246558126461,6.317713375150211,0.1621234507775734,0.6064668170237502,1000.0,0.0
phoenix,29545,2023-09-21,grid_00,0.0,0.1,BLOCK_RANGE_ONLY,1.0,linear,temperature_equivalent,K,ESTIMABLE,0.9008582168330577,0.8556584943364243,0.9469312721959425,0.02439952413687261,0.09127277785951826,1000.0,0.0
phoenix,29545,2023-09-21,grid_00,0.0,0.1,BLOCK_RANGE_ONLY,1.0,linear,temperature_minus_equivalent,K,ESTIMABLE,-0.0006090195143988453,-0.019271999181085374,0.0176746631958575,0.0094746223379411,0.03694666237694287,1000.0,0.0
phoenix,29545,2023-09-21,grid_00,0.0,0.1,BLOCK_RANGE_ONLY,1.0,quadratic,temperature,K,ESTIMABLE,0.9068307229215992,0.8591130779967941,0.9506631669676768,0.023465430324454344,0.09155008897088268,1000.0,0.0
phoenix,29545,2023-09-21,grid_00,0.0,0.1,BLOCK_RANGE_ONLY,1.0,quadratic,emitted_flux,W/m2,ESTIMABLE,5.971039169655071,5.6553209963856315,6.289502243778918,0.16558924910389478,0.6341812473932862,1000.0,0.0
phoenix,29545,2023-09-21,grid_00,0.0,0.1,BLOCK_RANGE_ONLY,1.0,quadratic,temperature_equivalent,K,ESTIMABLE,0.8947473290480161,0.8472457497589929,0.942683752554548,0.02491968587354539,0.09543800279555503,1000.0,0.0
phoenix,29545,2023-09-21,grid_00,0.0,0.1,BLOCK_RANGE_ONLY,1.0,quadratic,temperature_minus_equivalent,K,ESTIMABLE,0.012083393873583037,-0.008373956707621756,0.030977054871599276,0.010199303988666917,0.03935101157922103,1000.0,0.0
phoenix,29545,2023-09-21,grid_00,0.0,0.1,BLOCK_RANGE_ONLY,1.0,quadratic_minus_linear,temperature,K,ESTIMABLE,0.006581525602940341,-0.006815455642934759,0.02006248442797826,0.006890380314193058,0.026877940070913018,1000.0,0.0
phoenix,29545,2023-09-21,grid_00,0.0,0.1,BLOCK_RANGE_ONLY,1.0,quadratic_minus_linear,emitted_flux,W/m2,ESTIMABLE,-0.04060547278767679,-0.13480561328086563,0.057131818890377564,0.048540361808899674,0.1919374321712432,1000.0,0.0
phoenix,29545,2023-09-21,grid_00,0.0,0.1,BLOCK_RANGE_ONLY,1.0,quadratic_minus_linear,temperature_equivalent,K,ESTIMABLE,-0.006110887785041541,-0.02028692905698648,0.008597325792061381,0.007304955688081685,0.02888425484904786,1000.0,0.0
phoenix,29545,2023-09-21,grid_00,0.0,0.1,BLOCK_RANGE_ONLY,1.0,quadratic_minus_linear,temperature_minus_equivalent,K,ESTIMABLE,0.012692413387981882,0.006527471475267596,0.01855311175128896,0.003055924021619716,0.012025640276021363,1000.0,0.0
phoenix,29545,2023-09-21,grid_00,0.0,0.1,BLOCK_RANGE_ONLY,8.0,linear,temperature,K,ESTIMABLE,0.9002491973186588,0.8186436344853681,0.9775786472611103,0.04100071074162723,0.15893501277574218,1000.0,0.0
phoenix,29545,2023-09-21,grid_00,0.0,0.1,BLOCK_RANGE_ONLY,8.0,linear,emitted_flux,W/m2,ESTIMABLE,6.011644642442747,5.361114884419993,6.621605504192147,0.31857387035113166,1.2604906197721544,1000.0,0.0
phoenix,29545,2023-09-21,grid_00,0.0,0.1,BLOCK_RANGE_ONLY,8.0,linear,temperature_equivalent,K,ESTIMABLE,0.9008582168330577,0.8030001821678369,0.9926967639632664,0.04794362220707373,0.1896965817954296,1000.0,0.0
phoenix,29545,2023-09-21,grid_00,0.0,0.1,BLOCK_RANGE_ONLY,8.0,linear,temperature_minus_equivalent,K,ESTIMABLE,-0.0006090195143988453,-0.04652168625464358,0.0451250742354807,0.023251612224208865,0.09164676049012427,1000.0,0.0
phoenix,29545,2023-09-21,grid_00,0.0,0.1,BLOCK_RANGE_ONLY,8.0,quadratic,temperature,K,ESTIMABLE,0.9068307229215992,0.8234769301967774,0.9892396417497006,0.04113993766733494,0.16576271155292321,1000.0,0.0
phoenix,29545,2023-09-21,grid_00,0.0,0.1,BLOCK_RANGE_ONLY,8.0,quadratic,emitted_flux,W/m2,ESTIMABLE,5.971039169655071,5.341506503124283,6.591667382177563,0.31473771973751397,1.2501608790532792,1000.0,0.0
phoenix,29545,2023-09-21,grid_00,0.0,0.1,BLOCK_RANGE_ONLY,8.0,quadratic,temperature_equivalent,K,ESTIMABLE,0.8947473290480161,0.8000519486797486,0.988187258797609,0.04736467267190184,0.18813531011786044,1000.0,0.0
phoenix,29545,2023-09-21,grid_00,0.0,0.1,BLOCK_RANGE_ONLY,8.0,quadratic,temperature_minus_equivalent,K,ESTIMABLE,0.012083393873583037,-0.03200372428260616,0.056759544324069724,0.023232824627419317,0.08876326860667588,1000.0,0.0
phoenix,29545,2023-09-21,grid_00,0.0,0.1,BLOCK_RANGE_ONLY,8.0,quadratic_minus_linear,temperature,K,ESTIMABLE,0.006581525602940341,-0.01372370706433157,0.0310676633116998,0.011536010439893692,0.04479137037603137,1000.0,0.0
phoenix,29545,2023-09-21,grid_00,0.0,0.1,BLOCK_RANGE_ONLY,8.0,quadratic_minus_linear,emitted_flux,W/m2,ESTIMABLE,-0.04060547278767679,-0.18901094566828425,0.14407480035432763,0.086725874986575,0.3330857460226119,1000.0,0.0
phoenix,29545,2023-09-21,grid_00,0.0,0.1,BLOCK_RANGE_ONLY,8.0,quadratic_minus_linear,temperature_equivalent,K,ESTIMABLE,-0.006110887785041541,-0.02845190338610024,0.021691011386717206,0.013051511135071445,0.050142914772817446,1000.0,0.0
phoenix,29545,2023-09-21,grid_00,0.0,0.1,BLOCK_RANGE_ONLY,8.0,quadratic_minus_linear,temperature_minus_equivalent,K,ESTIMABLE,0.012692413387981882,0.004760881586434057,0.020091314623798786,0.0040267606103890335,0.015330433037364729,1000.0,0.0
phoenix,29545,2023-09-21,grid_01,0.1,0.2,BLOCK_RANGE_ONLY,1.0,linear,temperature,K,ESTIMABLE,0.9002491973186588,0.8564507032418461,0.9441332657368368,0.02336188059482867,0.08768256249499062,1000.0,0.0
phoenix,29545,2023-09-21,grid_01,0.1,0.2,BLOCK_RANGE_ONLY,1.0,linear,emitted_flux,W/m2,ESTIMABLE,6.011644642442747,5.711246558126461,6.317713375150211,0.1621234507775734,0.6064668170237502,1000.0,0.0
phoenix,29545,2023-09-21,grid_01,0.1,0.2,BLOCK_RANGE_ONLY,1.0,linear,temperature_equivalent,K,ESTIMABLE,0.9008582168330577,0.8556584943364243,0.9469312721959425,0.02439952413687261,0.09127277785951826,1000.0,0.0
phoenix,29545,2023-09-21,grid_01,0.1,0.2,BLOCK_RANGE_ONLY,1.0,linear,temperature_minus_equivalent,K,ESTIMABLE,-0.0006090195143988453,-0.019271999181085374,0.0176746631958575,0.0094746223379411,0.03694666237694287,1000.0,0.0
phoenix,29545,2023-09-21,grid_01,0.1,0.2,BLOCK_RANGE_ONLY,1.0,quadratic,temperature,K,ESTIMABLE,0.8457227494563304,0.7218037321355892,0.9705244082119963,0.06459812205887991,0.24872067607640702,1000.0,0.0
phoenix,29545,2023-09-21,grid_01,0.1,0.2,BLOCK_RANGE_ONLY,1.0,quadratic,emitted_flux,W/m2,ESTIMABLE,6.348051780917382,5.4923411400887145,7.224262029192914,0.44534999286741095,1.7319208891041997,1000.0,0.0
phoenix,29545,2023-09-21,grid_01,0.1,0.2,BLOCK_RANGE_ONLY,1.0,quadratic,temperature_equivalent,K,ESTIMABLE,0.9514992700914604,0.8227329477238214,1.0835148012393006,0.06705725598531305,0.2607818535154791,1000.0,0.0
phoenix,29545,2023-09-21,grid_01,0.1,0.2,BLOCK_RANGE_ONLY,1.0,quadratic,temperature_minus_equivalent,K,ESTIMABLE,-0.10577652063512999,-0.15881057323543407,-0.05028735328245714,0.02765549611443228,0.10852321995297692,1000.0,0.0
phoenix,29545,2023-09-21,grid_01,0.1,0.2,BLOCK_RANGE_ONLY,1.0,quadratic_minus_linear,temperature,K,ESTIMABLE,-0.05452644786232841,-0.16351273077045061,0.05702514620413713,0.05717287179424564,0.22053787697458774,1000.0,0.0
phoenix,29545,2023-09-21,grid_01,0.1,0.2,BLOCK_RANGE_ONLY,1.0,quadratic_minus_linear,emitted_flux,W/m2,ESTIMABLE,0.33640713847463477,-0.45198509007004656,1.1227729710159173,0.4035714704181092,1.574758061085964,1000.0,0.0
phoenix,29545,2023-09-21,grid_01,0.1,0.2,BLOCK_RANGE_ONLY,1.0,quadratic_minus_linear,temperature_equivalent,K,ESTIMABLE,0.050641053258402735,-0.06798996969555304,0.1691148196895156,0.060767322952627906,0.23710478938506865,1000.0,0.0
phoenix,29545,2023-09-21,grid_01,0.1,0.2,BLOCK_RANGE_ONLY,1.0,quadratic_minus_linear,temperature_minus_equivalent,K,ESTIMABLE,-0.10516750112073114,-0.15622259209434505,-0.052839747520677015,0.026662889639940932,0.10338284457366803,1000.0,0.0
phoenix,29545,2023-09-21,grid_01,0.1,0.2,BLOCK_RANGE_ONLY,8.0,linear,temperature,K,ESTIMABLE,0.9002491973186588,0.8186436344853681,0.9775786472611103,0.04100071074162723,0.15893501277574218,1000.0,0.0
phoenix,29545,2023-09-21,grid_01,0.1,0.2,BLOCK_RANGE_ONLY,8.0,linear,emitted_flux,W/m2,ESTIMABLE,6.011644642442747,5.361114884419993,6.621605504192147,0.31857387035113166,1.2604906197721544,1000.0,0.0
phoenix,29545,2023-09-21,grid_01,0.1,0.2,BLOCK_RANGE_ONLY,8.0,linear,temperature_equivalent,K,ESTIMABLE,0.9008582168330577,0.8030001821678369,0.9926967639632664,0.04794362220707373,0.1896965817954296,1000.0,0.0
phoenix,29545,2023-09-21,grid_01,0.1,0.2,BLOCK_RANGE_ONLY,8.0,linear,temperature_minus_equivalent,K,ESTIMABLE,-0.0006090195143988453,-0.04652168625464358,0.0451250742354807,0.023251612224208865,0.09164676049012427,1000.0,0.0
phoenix,29545,2023-09-21,grid_01,0.1,0.2,BLOCK_RANGE_ONLY,8.0,quadratic,temperature,K,ESTIMABLE,0.8457227494563304,0.6212357091400242,1.053941766562974,0.10610661731392074,0.43270605742294976,1000.0,0.0
phoenix,29545,2023-09-21,grid_01,0.1,0.2,BLOCK_RANGE_ONLY,8.0,quadratic,emitted_flux,W/m2,ESTIMABLE,6.348051780917382,4.602643254450301,7.957180532574558,0.8559849641091375,3.3545372781242566,1000.0,0.0
phoenix,29545,2023-09-21,grid_01,0.1,0.2,BLOCK_RANGE_ONLY,8.0,quadratic,temperature_equivalent,K,ESTIMABLE,0.9514992700914604,0.6890200560493384,1.1940692259952712,0.1288879808937021,0.5050491699459329,1000.0,0.0
phoenix,29545,2023-09-21,grid_01,0.1,0.2,BLOCK_RANGE_ONLY,8.0,quadratic,temperature_minus_equivalent,K,ESTIMABLE,-0.10577652063512999,-0.20478852919788842,-0.019884320306507476,0.047371905202741205,0.18490420889138096,1000.0,0.0
phoenix,29545,2023-09-21,grid_01,0.1,0.2,BLOCK_RANGE_ONLY,8.0,quadratic_minus_linear,temperature,K,ESTIMABLE,-0.05452644786232841,-0.23985816368941365,0.12811595338404252,0.0931002033106126,0.3679741170734562,1000.0,0.0
phoenix,29545,2023-09-21,grid_01,0.1,0.2,BLOCK_RANGE_ONLY,8.0,quadratic_minus_linear,emitted_flux,W/m2,ESTIMABLE,0.33640713847463477,-1.0893936618149787,1.730764181500054,0.738297747913912,2.820157843315033,1000.0,0.0
phoenix,29545,2023-09-21,grid_01,0.1,0.2,BLOCK_RANGE_ONLY,8.0,quadratic_minus_linear,temperature_equivalent,K,ESTIMABLE,0.050641053258402735,-0.1638078903737849,0.26072323582255863,0.11117523957343209,0.42453112619634353,1000.0,0.0
phoenix,29545,2023-09-21,grid_01,0.1,0.2,BLOCK_RANGE_ONLY,8.0,quadratic_minus_linear,temperature_minus_equivalent,K,ESTIMABLE,-0.10516750112073114,-0.17858861861694716,-0.03828236775956647,0.0370813500497868,0.1403062508573807,1000.0,0.0
phoenix,29545,2023-09-21,grid_02,0.2,0.3,BLOCK_RANGE_ONLY,1.0,linear,temperature,K,ESTIMABLE,0.9002491973186586,0.8564507032418458,0.9441332657368365,0.02336188059482867,0.08768256249499073,1000.0,0.0
phoenix,29545,2023-09-21,grid_02,0.2,0.3,BLOCK_RANGE_ONLY,1.0,linear,emitted_flux,W/m2,ESTIMABLE,6.011644642442746,5.71124655812646,6.317713375150209,0.16212345077757334,0.6064668170237493,1000.0,0.0
phoenix,29545,2023-09-21,grid_02,0.2,0.3,BLOCK_RANGE_ONLY,1.0,linear,temperature_equivalent,K,ESTIMABLE,0.9008582168330577,0.8556584943364243,0.9469312721959425,0.024399524136872568,0.09127277785951826,1000.0,0.0
phoenix,29545,2023-09-21,grid_02,0.2,0.3,BLOCK_RANGE_ONLY,1.0,linear,temperature_minus_equivalent,K,ESTIMABLE,-0.0006090195143990673,-0.019271999181085703,0.01767466319585728,0.009474622337940984,0.03694666237694298,1000.0,0.0
phoenix,29545,2023-09-21,grid_02,0.2,0.3,BLOCK_RANGE_ONLY,1.0,quadratic,temperature,K,ESTIMABLE,0.7846147759910617,0.5443366327681382,1.0340559103961766,0.12649245605309273,0.48971927762803846,1000.0,0.0
phoenix,29545,2023-09-21,grid_02,0.2,0.3,BLOCK_RANGE_ONLY,1.0,quadratic,emitted_flux,W/m2,ESTIMABLE,6.725064392179692,5.031325934477596,8.426153326383476,0.88200153883443,3.3948273919058805,1000.0,0.0
phoenix,29545,2023-09-21,grid_02,0.2,0.3,BLOCK_RANGE_ONLY,1.0,quadratic,temperature_equivalent,K,ESTIMABLE,1.008282017064289,0.7534255481205833,1.2648711144904197,0.1328775913717612,0.5114455663698364,1000.0,0.0
phoenix,29545,2023-09-21,grid_02,0.2,0.3,BLOCK_RANGE_ONLY,1.0,quadratic,temperature_minus_equivalent,K,ESTIMABLE,-0.22366724107322733,-0.33724622371518037,-0.10805322858782042,0.05647715327970843,0.22919299512735997,1000.0,0.0
phoenix,29545,2023-09-21,grid_02,0.2,0.3,BLOCK_RANGE_ONLY,1.0,quadratic_minus_linear,temperature,K,ESTIMABLE,-0.11563442132759694,-0.3483146909226153,0.12077035698670299,0.12122347259964053,0.46908504790931826,1000.0,0.0
phoenix,29545,2023-09-21,grid_02,0.2,0.3,BLOCK_RANGE_ONLY,1.0,quadratic_minus_linear,emitted_flux,W/m2,ESTIMABLE,0.7134197497369463,-0.961153989265757,2.3818970443975642,0.8556032832904622,3.343051033663321,1000.0,0.0
phoenix,29545,2023-09-21,grid_02,0.2,0.3,BLOCK_RANGE_ONLY,1.0,quadratic_minus_linear,temperature_equivalent,K,ESTIMABLE,0.10742380023123133,-0.14452895677274,0.35909311284312645,0.1289021976944024,0.5036220696158664,1000.0,0.0
phoenix,29545,2023-09-21,grid_02,0.2,0.3,BLOCK_RANGE_ONLY,1.0,quadratic_minus_linear,temperature_minus_equivalent,K,ESTIMABLE,-0.22305822155882826,-0.33112883675674276,-0.11230363704373014,0.05636127998311593,0.21882519971301262,1000.0,0.0
phoenix,29545,2023-09-21,grid_02,0.2,0.3,BLOCK_RANGE_ONLY,8.0,linear,temperature,K,ESTIMABLE,0.9002491973186586,0.8186436344853679,0.9775786472611101,0.04100071074162722,0.15893501277574218,1000.0,0.0
phoenix,29545,2023-09-21,grid_02,0.2,0.3,BLOCK_RANGE_ONLY,8.0,linear,emitted_flux,W/m2,ESTIMABLE,6.011644642442746,5.361114884419991,6.6216055041921456,0.31857387035113155,1.2604906197721544,1000.0,0.0
phoenix,29545,2023-09-21,grid_02,0.2,0.3,BLOCK_RANGE_ONLY,8.0,linear,temperature_equivalent,K,ESTIMABLE,0.9008582168330577,0.8030001821678369,0.9926967639632664,0.04794362220707368,0.1896965817954296,1000.0,0.0
phoenix,29545,2023-09-21,grid_02,0.2,0.3,BLOCK_RANGE_ONLY,8.0,linear,temperature_minus_equivalent,K,ESTIMABLE,-0.0006090195143990673,-0.0465216862546438,0.045125074235480477,0.02325161222420879,0.09164676049012427,1000.0,0.0
phoenix,29545,2023-09-21,grid_02,0.2,0.3,BLOCK_RANGE_ONLY,8.0,quadratic,temperature,K,ESTIMABLE,0.7846147759910617,0.36501482433431337,1.1742676675031167,0.20661936664838515,0.8092528431688033,1000.0,0.0
phoenix,29545,2023-09-21,grid_02,0.2,0.3,BLOCK_RANGE_ONLY,8.0,quadratic,emitted_flux,W/m2,ESTIMABLE,6.725064392179692,3.5755907186178466,9.806008663798305,1.6509525355616517,6.230417945180459,1000.0,0.0
phoenix,29545,2023-09-21,grid_02,0.2,0.3,BLOCK_RANGE_ONLY,8.0,quadratic,temperature_equivalent,K,ESTIMABLE,1.008282017064289,0.5348761593767307,1.4734696905420732,0.24873501431998465,0.9385935311653425,1000.0,0.0
phoenix,29545,2023-09-21,grid_02,0.2,0.3,BLOCK_RANGE_ONLY,8.0,quadratic,temperature_minus_equivalent,K,ESTIMABLE,-0.22366724107322733,-0.4026346696376581,-0.06832533117714595,0.0855090032061417,0.33430933846051214,1000.0,0.0
phoenix,29545,2023-09-21,grid_02,0.2,0.3,BLOCK_RANGE_ONLY,8.0,quadratic_minus_linear,temperature,K,ESTIMABLE,-0.11563442132759694,-0.5128575800287118,0.2708620578600236,0.19765891036310973,0.7837196378887354,1000.0,0.0
phoenix,29545,2023-09-21,grid_02,0.2,0.3,BLOCK_RANGE_ONLY,8.0,quadratic_minus_linear,emitted_flux,W/m2,ESTIMABLE,0.7134197497369463,-2.320846947734665,3.647241226756621,1.562667380186358,5.968088174491286,1000.0,0.0
phoenix,29545,2023-09-21,grid_02,0.2,0.3,BLOCK_RANGE_ONLY,8.0,quadratic_minus_linear,temperature_equivalent,K,ESTIMABLE,0.10742380023123133,-0.3488953871071942,0.5504048916181671,0.23544674558829634,0.8993002787253612,1000.0,0.0
phoenix,29545,2023-09-21,grid_02,0.2,0.3,BLOCK_RANGE_ONLY,8.0,quadratic_minus_linear,temperature_minus_equivalent,K,ESTIMABLE,-0.22305822155882826,-0.379061798266019,-0.08132924333293404,0.0780782030585866,0.2977325549330849,1000.0,0.0
phoenix,29545,2023-09-21,grid_03,0.3,0.4,NO_SPANNING_BLOCKS,,,,,NOT_ESTIMATED_NO_REFERENCE_BLOCKS,,,,,,,
phoenix,29545,2023-09-21,grid_04,0.4,0.5,NO_SPANNING_BLOCKS,,,,,NOT_ESTIMATED_NO_REFERENCE_BLOCKS,,,,,,,
phoenix,29545,2023-09-21,grid_05,0.5,0.6,NO_SPANNING_BLOCKS,,,,,NOT_ESTIMATED_NO_REFERENCE_BLOCKS,,,,,,,
phoenix,29545,2023-09-21,grid_06,0.6,0.7,NO_SPANNING_BLOCKS,,,,,NOT_ESTIMATED_NO_REFERENCE_BLOCKS,,,,,,,
phoenix,29545,2023-09-21,grid_07,0.7,0.8,NO_SPANNING_BLOCKS,,,,,NOT_ESTIMATED_NO_REFERENCE_BLOCKS,,,,,,,
phoenix,29545,2023-09-21,grid_08,0.8,0.9,NO_SPANNING_BLOCKS,,,,,NOT_ESTIMATED_NO_REFERENCE_BLOCKS,,,,,,,
phoenix,29545,2023-09-21,grid_09,0.9,1.0,NO_SPANNING_BLOCKS,,,,,NOT_ESTIMATED_NO_REFERENCE_BLOCKS,,,,,,,
phoenix,29606,2023-09-25,near_-0.02,0.008509538620710373,0.10850953862071037,BLOCK_RANGE_ONLY,1.0,linear,temperature,K,ESTIMABLE,1.1291956960269176,1.081706876090277,1.1725724870356409,0.02276272215238345,0.09086561094536383,1000.0,0.0
phoenix,29606,2023-09-25,near_-0.02,0.008509538620710373,0.10850953862071037,BLOCK_RANGE_ONLY,1.0,linear,emitted_flux,W/m2,ESTIMABLE,8.0628075610212,7.720360560565577,8.385069196982032,0.17083533292428907,0.6647086364164547,1000.0,0.0
phoenix,29606,2023-09-25,near_-0.02,0.008509538620710373,0.10850953862071037,BLOCK_RANGE_ONLY,1.0,linear,temperature_equivalent,K,ESTIMABLE,1.2100117938991275,1.1583341921208983,1.2586666326103142,0.025786165287201405,0.10033244048941592,1000.0,0.0
phoenix,29606,2023-09-25,near_-0.02,0.008509538620710373,0.10850953862071037,BLOCK_RANGE_ONLY,1.0,linear,temperature_minus_equivalent,K,ESTIMABLE,-0.08081609787220989,-0.09548894421137441,-0.0665563547143063,0.0072399355644545945,0.028932589497068104,1000.0,0.0
phoenix,29606,2023-09-25,near_-0.02,0.008509538620710373,0.10850953862071037,BLOCK_RANGE_ONLY,1.0,quadratic,temperature,K,ESTIMABLE,1.1208454518248299,1.0720587464787747,1.1643672084890992,0.023085897483532705,0.0923084620103245,1000.0,0.0
phoenix,29606,2023-09-25,near_-0.02,0.008509538620710373,0.10850953862071037,BLOCK_RANGE_ONLY,1.0,quadratic,emitted_flux,W/m2,ESTIMABLE,7.968705705932562,7.623649652598127,8.296383226501048,0.173016300662148,0.6727335739029208,1000.0,0.0
phoenix,29606,2023-09-25,near_-0.02,0.008509538620710373,0.10850953862071037,BLOCK_RANGE_ONLY,1.0,quadratic,temperature_equivalent,K,ESTIMABLE,1.1958086324798387,1.1437444776279264,1.2452746269362662,0.02611192215917907,0.10153014930833981,1000.0,0.0
phoenix,29606,2023-09-25,near_-0.02,0.008509538620710373,0.10850953862071037,BLOCK_RANGE_ONLY,1.0,quadratic,temperature_minus_equivalent,K,ESTIMABLE,-0.07496318065500884,-0.08959496879363829,-0.060551709479814836,0.007317301908674912,0.029043259313823455,1000.0,0.0
phoenix,29606,2023-09-25,near_-0.02,0.008509538620710373,0.10850953862071037,BLOCK_RANGE_ONLY,1.0,quadratic_minus_linear,temperature,K,ESTIMABLE,-0.008350244202087742,-0.01340390310009193,-0.0035410821934626874,0.0026101364741901983,0.009862820906629242,1000.0,0.0
phoenix,29606,2023-09-25,near_-0.02,0.008509538620710373,0.10850953862071037,BLOCK_RANGE_ONLY,1.0,quadratic_minus_linear,emitted_flux,W/m2,ESTIMABLE,-0.09410185508863833,-0.13146427963056734,-0.05900034276360917,0.01925525593206502,0.07246393686695816,1000.0,0.0
phoenix,29606,2023-09-25,near_-0.02,0.008509538620710373,0.10850953862071037,BLOCK_RANGE_ONLY,1.0,quadratic_minus_linear,temperature_equivalent,K,ESTIMABLE,-0.01420316141928879,-0.019843423690603858,-0.00890279031996073,0.002905855337350408,0.010940633370643127,1000.0,0.0
phoenix,29606,2023-09-25,near_-0.02,0.008509538620710373,0.10850953862071037,BLOCK_RANGE_ONLY,1.0,quadratic_minus_linear,temperature_minus_equivalent,K,ESTIMABLE,0.005852917217201048,0.004213798628853937,0.00749616119832901,0.0008662741811556906,0.0032823625694750726,1000.0,0.0
phoenix,29606,2023-09-25,near_-0.02,0.008509538620710373,0.10850953862071037,BLOCK_RANGE_ONLY,8.0,linear,temperature,K,ESTIMABLE,1.1291956960269176,1.056095861712428,1.2068747125713764,0.038959211203846,0.15077885085894827,1000.0,0.0
phoenix,29606,2023-09-25,near_-0.02,0.008509538620710373,0.10850953862071037,BLOCK_RANGE_ONLY,8.0,linear,emitted_flux,W/m2,ESTIMABLE,8.0628075610212,7.521968833820626,8.714570335765064,0.30524799824107757,1.1926015019444378,1000.0,0.0
phoenix,29606,2023-09-25,near_-0.02,0.008509538620710373,0.10850953862071037,BLOCK_RANGE_ONLY,8.0,linear,temperature_equivalent,K,ESTIMABLE,1.2100117938991275,1.1284072037286819,1.3084379188664954,0.04607712399627012,0.18003071513781355,1000.0,0.0
phoenix,29606,2023-09-25,near_-0.02,0.008509538620710373,0.10850953862071037,BLOCK_RANGE_ONLY,8.0,linear,temperature_minus_equivalent,K,ESTIMABLE,-0.08081609787220989,-0.11559214614917242,-0.04931707556351211,0.016601040418973523,0.06627507058566032,1000.0,0.0
phoenix,29606,2023-09-25,near_-0.02,0.008509538620710373,0.10850953862071037,BLOCK_RANGE_ONLY,8.0,quadratic,temperature,K,ESTIMABLE,1.1208454518248299,1.0497569024124924,1.197858474060035,0.03831111234958517,0.14810157164754267,1000.0,0.0
phoenix,29606,2023-09-25,near_-0.02,0.008509538620710373,0.10850953862071037,BLOCK_RANGE_ONLY,8.0,quadratic,emitted_flux,W/m2,ESTIMABLE,7.968705705932562,7.4019982831611175,8.627905234649472,0.3079038239188162,1.225906951488354,1000.0,0.0
phoenix,29606,2023-09-25,near_-0.02,0.008509538620710373,0.10850953862071037,BLOCK_RANGE_ONLY,8.0,quadratic,temperature_equivalent,K,ESTIMABLE,1.1958086324798387,1.1103140440582577,1.2953448209858096,0.04647210375600334,0.18503077692755188,1000.0,0.0
phoenix,29606,2023-09-25,near_-0.02,0.008509538620710373,0.10850953862071037,BLOCK_RANGE_ONLY,8.0,quadratic,temperature_minus_equivalent,K,ESTIMABLE,-0.07496318065500884,-0.10982494574990469,-0.04223283144575232,0.01734570882262175,0.06759211430415236,1000.0,0.0
phoenix,29606,2023-09-25,near_-0.02,0.008509538620710373,0.10850953862071037,BLOCK_RANGE_ONLY,8.0,quadratic_minus_linear,temperature,K,ESTIMABLE,-0.008350244202087742,-0.01701311936171778,0.0015093561576692035,0.00463237650517369,0.018522475519386985,1000.0,0.0
phoenix,29606,2023-09-25,near_-0.02,0.008509538620710373,0.10850953862071037,BLOCK_RANGE_ONLY,8.0,quadratic_minus_linear,emitted_flux,W/m2,ESTIMABLE,-0.09410185508863833,-0.16345251769736494,-0.018127581275310202,0.03696640172755466,0.14532493642205474,1000.0,0.0
phoenix,29606,2023-09-25,near_-0.02,0.008509538620710373,0.10850953862071037,BLOCK_RANGE_ONLY,8.0,quadratic_minus_linear,temperature_equivalent,K,ESTIMABLE,-0.01420316141928879,-0.024664716641960637,-0.0027366625294831695,0.005578695987256659,0.021928054112477467,1000.0,0.0
phoenix,29606,2023-09-25,near_-0.02,0.008509538620710373,0.10850953862071037,BLOCK_RANGE_ONLY,8.0,quadratic_minus_linear,temperature_minus_equivalent,K,ESTIMABLE,0.005852917217201048,0.002650866905320992,0.008892082538713125,0.0016229727120283032,0.0062412156333921335,1000.0,0.0
phoenix,29606,2023-09-25,near_-0.01,0.01850953862071037,0.11850953862071037,BLOCK_RANGE_ONLY,1.0,linear,temperature,K,ESTIMABLE,1.1291956960269176,1.081706876090277,1.1725724870356409,0.02276272215238345,0.09086561094536383,1000.0,0.0
phoenix,29606,2023-09-25,near_-0.01,0.01850953862071037,0.11850953862071037,BLOCK_RANGE_ONLY,1.0,linear,emitted_flux,W/m2,ESTIMABLE,8.0628075610212,7.720360560565577,8.385069196982032,0.17083533292428907,0.6647086364164547,1000.0,0.0
phoenix,29606,2023-09-25,near_-0.01,0.01850953862071037,0.11850953862071037,BLOCK_RANGE_ONLY,1.0,linear,temperature_equivalent,K,ESTIMABLE,1.2100117938991275,1.1583341921208983,1.2586666326103142,0.025786165287201405,0.10033244048941592,1000.0,0.0
phoenix,29606,2023-09-25,near_-0.01,0.01850953862071037,0.11850953862071037,BLOCK_RANGE_ONLY,1.0,linear,temperature_minus_equivalent,K,ESTIMABLE,-0.08081609787220989,-0.09548894421137441,-0.0665563547143063,0.0072399355644545945,0.028932589497068104,1000.0,0.0
phoenix,29606,2023-09-25,near_-0.01,0.01850953862071037,0.11850953862071037,BLOCK_RANGE_ONLY,1.0,quadratic,temperature,K,ESTIMABLE,1.1446993463691868,1.0973646229857286,1.187365889671759,0.0228261886192701,0.09000126668603037,1000.0,0.0
phoenix,29606,2023-09-25,near_-0.01,0.01850953862071037,0.11850953862071037,BLOCK_RANGE_ONLY,1.0,quadratic,emitted_flux,W/m2,ESTIMABLE,8.237523679801091,7.904646509612575,8.551195062885922,0.17158381176962764,0.6465485532733473,1000.0,0.0
phoenix,29606,2023-09-25,near_-0.01,0.01850953862071037,0.11850953862071037,BLOCK_RANGE_ONLY,1.0,quadratic,temperature_equivalent,K,ESTIMABLE,1.2363875012708263,1.1861410312721872,1.2837570517734704,0.025905626058992114,0.09761602050128326,1000.0,0.0
phoenix,29606,2023-09-25,near_-0.01,0.01850953862071037,0.11850953862071037,BLOCK_RANGE_ONLY,1.0,quadratic,temperature_minus_equivalent,K,ESTIMABLE,-0.09168815490163951,-0.10646159772209861,-0.0775107967330206,0.007439389322407063,0.028950800989078013,1000.0,0.0
phoenix,29606,2023-09-25,near_-0.01,0.01850953862071037,0.11850953862071037,BLOCK_RANGE_ONLY,1.0,quadratic_minus_linear,temperature,K,ESTIMABLE,0.015503650342269193,0.006059824599827285,0.02584572317992011,0.0051641913074540954,0.019785898580092824,1000.0,0.0
phoenix,29606,2023-09-25,near_-0.01,0.01850953862071037,0.11850953862071037,BLOCK_RANGE_ONLY,1.0,quadratic_minus_linear,emitted_flux,W/m2,ESTIMABLE,0.1747161187798909,0.10232456245684689,0.2538949066506028,0.03984844210695796,0.15157034419375592,1000.0,0.0
phoenix,29606,2023-09-25,near_-0.01,0.01850953862071037,0.11850953862071037,BLOCK_RANGE_ONLY,1.0,quadratic_minus_linear,temperature_equivalent,K,ESTIMABLE,0.02637570737169881,0.01545028666657231,0.038346107931893414,0.006015818814959174,0.022895821265321102,1000.0,0.0
phoenix,29606,2023-09-25,near_-0.01,0.01850953862071037,0.11850953862071037,BLOCK_RANGE_ONLY,1.0,quadratic_minus_linear,temperature_minus_equivalent,K,ESTIMABLE,-0.010872057029429616,-0.014601751365725796,-0.007718266093196541,0.0018017895027176364,0.006883485272529255,1000.0,0.0
phoenix,29606,2023-09-25,near_-0.01,0.01850953862071037,0.11850953862071037,BLOCK_RANGE_ONLY,8.0,linear,temperature,K,ESTIMABLE,1.1291956960269176,1.056095861712428,1.2068747125713764,0.038959211203846,0.15077885085894827,1000.0,0.0
phoenix,29606,2023-09-25,near_-0.01,0.01850953862071037,0.11850953862071037,BLOCK_RANGE_ONLY,8.0,linear,emitted_flux,W/m2,ESTIMABLE,8.0628075610212,7.521968833820626,8.714570335765064,0.30524799824107757,1.1926015019444378,1000.0,0.0
phoenix,29606,2023-09-25,near_-0.01,0.01850953862071037,0.11850953862071037,BLOCK_RANGE_ONLY,8.0,linear,temperature_equivalent,K,ESTIMABLE,1.2100117938991275,1.1284072037286819,1.3084379188664954,0.04607712399627012,0.18003071513781355,1000.0,0.0
phoenix,29606,2023-09-25,near_-0.01,0.01850953862071037,0.11850953862071037,BLOCK_RANGE_ONLY,8.0,linear,temperature_minus_equivalent,K,ESTIMABLE,-0.08081609787220989,-0.11559214614917242,-0.04931707556351211,0.016601040418973523,0.06627507058566032,1000.0,0.0
phoenix,29606,2023-09-25,near_-0.01,0.01850953862071037,0.11850953862071037,BLOCK_RANGE_ONLY,8.0,quadratic,temperature,K,ESTIMABLE,1.1446993463691868,1.0644534687409974,1.2381846928845133,0.044051773536340134,0.17373122414351583,1000.0,0.0
phoenix,29606,2023-09-25,near_-0.01,0.01850953862071037,0.11850953862071037,BLOCK_RANGE_ONLY,8.0,quadratic,emitted_flux,W/m2,ESTIMABLE,8.237523679801091,7.620889222399219,8.99456997052581,0.35002911961680705,1.3736807481265902,1000.0,0.0
phoenix,29606,2023-09-25,near_-0.01,0.01850953862071037,0.11850953862071037,BLOCK_RANGE_ONLY,8.0,quadratic,temperature_equivalent,K,ESTIMABLE,1.2363875012708263,1.1433280716555714,1.3507506227373909,0.05285245911695131,0.2074225510818195,1000.0,0.0
phoenix,29606,2023-09-25,near_-0.01,0.01850953862071037,0.11850953862071037,BLOCK_RANGE_ONLY,8.0,quadratic,temperature_minus_equivalent,K,ESTIMABLE,-0.09168815490163951,-0.12967682085561297,-0.05779757623001624,0.01823420596610631,0.07187924462559672,1000.0,0.0
phoenix,29606,2023-09-25,near_-0.01,0.01850953862071037,0.11850953862071037,BLOCK_RANGE_ONLY,8.0,quadratic_minus_linear,temperature,K,ESTIMABLE,0.015503650342269193,-0.0019021703669092809,0.04316470516618426,0.01142269630869297,0.04506687553309354,1000.0,0.0
phoenix,29606,2023-09-25,near_-0.01,0.01850953862071037,0.11850953862071037,BLOCK_RANGE_ONLY,8.0,quadratic_minus_linear,emitted_flux,W/m2,ESTIMABLE,0.1747161187798909,0.029658734484723094,0.40917061049221026,0.09867793825907507,0.37951187600748715,1000.0,0.0
phoenix,29606,2023-09-25,near_-0.01,0.01850953862071037,0.11850953862071037,BLOCK_RANGE_ONLY,8.0,quadratic_minus_linear,temperature_equivalent,K,ESTIMABLE,0.02637570737169881,0.0044780540782355166,0.06177995765474689,0.014904768413480042,0.057301903576511375,1000.0,0.0
phoenix,29606,2023-09-25,near_-0.01,0.01850953862071037,0.11850953862071037,BLOCK_RANGE_ONLY,8.0,quadratic_minus_linear,temperature_minus_equivalent,K,ESTIMABLE,-0.010872057029429616,-0.02045878418146766,-0.004607974140909943,0.004183731530256334,0.015850810040557717,1000.0,0.0
phoenix,29606,2023-09-25,historical,0.028509538620710373,0.12850953862071038,BLOCK_RANGE_ONLY,1.0,linear,temperature,K,ESTIMABLE,1.1291956960269176,1.081706876090277,1.1725724870356409,0.02276272215238345,0.09086561094536383,1000.0,0.0
phoenix,29606,2023-09-25,historical,0.028509538620710373,0.12850953862071038,BLOCK_RANGE_ONLY,1.0,linear,emitted_flux,W/m2,ESTIMABLE,8.0628075610212,7.720360560565577,8.385069196982032,0.17083533292428907,0.6647086364164547,1000.0,0.0
phoenix,29606,2023-09-25,historical,0.028509538620710373,0.12850953862071038,BLOCK_RANGE_ONLY,1.0,linear,temperature_equivalent,K,ESTIMABLE,1.2100117938991275,1.1583341921208983,1.2586666326103142,0.025786165287201405,0.10033244048941592,1000.0,0.0
phoenix,29606,2023-09-25,historical,0.028509538620710373,0.12850953862071038,BLOCK_RANGE_ONLY,1.0,linear,temperature_minus_equivalent,K,ESTIMABLE,-0.08081609787220989,-0.09548894421137441,-0.0665563547143063,0.0072399355644545945,0.028932589497068104,1000.0,0.0
phoenix,29606,2023-09-25,historical,0.028509538620710373,0.12850953862071038,BLOCK_RANGE_ONLY,1.0,quadratic,temperature,K,ESTIMABLE,1.168553240913544,1.1167249796481418,1.2127946289488156,0.024971308020789833,0.09606964930067385,1000.0,0.0
phoenix,29606,2023-09-25,historical,0.028509538620710373,0.12850953862071038,BLOCK_RANGE_ONLY,1.0,quadratic,emitted_flux,W/m2,ESTIMABLE,8.506341653669619,8.139020474576482,8.857250347548584,0.18751840853848073,0.7182298729721026,1000.0,0.0
phoenix,29606,2023-09-25,historical,0.028509538620710373,0.12850953862071038,BLOCK_RANGE_ONLY,1.0,quadratic,temperature_equivalent,K,ESTIMABLE,1.2769821316560979,1.2215163220601197,1.3299971524657892,0.02832245390301433,0.10848083040566947,1000.0,0.0
phoenix,29606,2023-09-25,historical,0.028509538620710373,0.12850953862071038,BLOCK_RANGE_ONLY,1.0,quadratic,temperature_minus_equivalent,K,ESTIMABLE,-0.10842889074255391,-0.12455405074048248,-0.09295578646461691,0.008274398703105293,0.03159826427586557,1000.0,0.0
phoenix,29606,2023-09-25,historical,0.028509538620710373,0.12850953862071038,BLOCK_RANGE_ONLY,1.0,quadratic_minus_linear,temperature,K,ESTIMABLE,0.03935754488662635,0.015768802898588823,0.06412950633623221,0.01268779115647887,0.048360703437643385,1000.0,0.0
phoenix,29606,2023-09-25,historical,0.028509538620710373,0.12850953862071038,BLOCK_RANGE_ONLY,1.0,quadratic_minus_linear,emitted_flux,W/m2,ESTIMABLE,0.44353409264841837,0.266199450352581,0.6253124045823907,0.09497798012446446,0.35911295422980966,1000.0,0.0
phoenix,29606,2023-09-25,historical,0.028509538620710373,0.12850953862071038,BLOCK_RANGE_ONLY,1.0,quadratic_minus_linear,temperature_equivalent,K,ESTIMABLE,0.06697033775697037,0.040194769807381195,0.09444737749417553,0.014344159895194745,0.05425260768679434,1000.0,0.0
phoenix,29606,2023-09-25,historical,0.028509538620710373,0.12850953862071038,BLOCK_RANGE_ONLY,1.0,quadratic_minus_linear,temperature_minus_equivalent,K,ESTIMABLE,-0.027612792870344016,-0.03607744310237341,-0.01994205463783773,0.004131015523731552,0.016135388464535678,1000.0,0.0
phoenix,29606,2023-09-25,historical,0.028509538620710373,0.12850953862071038,BLOCK_RANGE_ONLY,8.0,linear,temperature,K,ESTIMABLE,1.1291956960269176,1.056095861712428,1.2068747125713764,0.038959211203846,0.15077885085894827,1000.0,0.0
phoenix,29606,2023-09-25,historical,0.028509538620710373,0.12850953862071038,BLOCK_RANGE_ONLY,8.0,linear,emitted_flux,W/m2,ESTIMABLE,8.0628075610212,7.521968833820626,8.714570335765064,0.30524799824107757,1.1926015019444378,1000.0,0.0
phoenix,29606,2023-09-25,historical,0.028509538620710373,0.12850953862071038,BLOCK_RANGE_ONLY,8.0,linear,temperature_equivalent,K,ESTIMABLE,1.2100117938991275,1.1284072037286819,1.3084379188664954,0.04607712399627012,0.18003071513781355,1000.0,0.0
phoenix,29606,2023-09-25,historical,0.028509538620710373,0.12850953862071038,BLOCK_RANGE_ONLY,8.0,linear,temperature_minus_equivalent,K,ESTIMABLE,-0.08081609787220989,-0.11559214614917242,-0.04931707556351211,0.016601040418973523,0.06627507058566032,1000.0,0.0
phoenix,29606,2023-09-25,historical,0.028509538620710373,0.12850953862071038,BLOCK_RANGE_ONLY,8.0,quadratic,temperature,K,ESTIMABLE,1.168553240913544,1.0726508333095126,1.2815161903815584,0.05337782500790616,0.2088653570720458,1000.0,0.0
phoenix,29606,2023-09-25,historical,0.028509538620710373,0.12850953862071038,BLOCK_RANGE_ONLY,8.0,quadratic,emitted_flux,W/m2,ESTIMABLE,8.506341653669619,7.770527361733903,9.414590306615782,0.42217789564972524,1.6440629448818793,1000.0,0.0
phoenix,29606,2023-09-25,historical,0.028509538620710373,0.12850953862071038,BLOCK_RANGE_ONLY,8.0,quadratic,temperature_equivalent,K,ESTIMABLE,1.2769821316560979,1.1659031095933983,1.4142549865527827,0.06377307815513228,0.24835187695938443,1000.0,0.0
phoenix,29606,2023-09-25,historical,0.028509538620710373,0.12850953862071038,BLOCK_RANGE_ONLY,8.0,quadratic,temperature_minus_equivalent,K,ESTIMABLE,-0.10842889074255391,-0.15066299038055017,-0.07279289027975527,0.019974654331920604,0.0778701001007949,1000.0,0.0
phoenix,29606,2023-09-25,historical,0.028509538620710373,0.12850953862071038,BLOCK_RANGE_ONLY,8.0,quadratic_minus_linear,temperature,K,ESTIMABLE,0.03935754488662635,-0.005607362252078787,0.09637275425883994,0.025986786997987347,0.10198011651091873,1000.0,0.0
phoenix,29606,2023-09-25,historical,0.028509538620710373,0.12850953862071038,BLOCK_RANGE_ONLY,8.0,quadratic_minus_linear,emitted_flux,W/m2,ESTIMABLE,0.44353409264841837,0.08644158068425836,0.923591691328542,0.2147238397129353,0.8371501106442837,1000.0,0.0
phoenix,29606,2023-09-25,historical,0.028509538620710373,0.12850953862071038,BLOCK_RANGE_ONLY,8.0,quadratic_minus_linear,temperature_equivalent,K,ESTIMABLE,0.06697033775697037,0.013045409544126585,0.13956465785502842,0.0324456470574814,0.12651924831090183,1000.0,0.0
phoenix,29606,2023-09-25,historical,0.028509538620710373,0.12850953862071038,BLOCK_RANGE_ONLY,8.0,quadratic_minus_linear,temperature_minus_equivalent,K,ESTIMABLE,-0.027612792870344016,-0.04559148447264926,-0.014651389605061897,0.008202778523535069,0.030940094867587364,1000.0,0.0
phoenix,29606,2023-09-25,near_+0.01,0.038509538620710375,0.1385095386207104,BLOCK_RANGE_ONLY,1.0,linear,temperature,K,ESTIMABLE,1.1291956960269176,1.081706876090277,1.1725724870356409,0.02276272215238345,0.09086561094536383,1000.0,0.0
phoenix,29606,2023-09-25,near_+0.01,0.038509538620710375,0.1385095386207104,BLOCK_RANGE_ONLY,1.0,linear,emitted_flux,W/m2,ESTIMABLE,8.0628075610212,7.720360560565577,8.385069196982032,0.17083533292428907,0.6647086364164547,1000.0,0.0
phoenix,29606,2023-09-25,near_+0.01,0.038509538620710375,0.1385095386207104,BLOCK_RANGE_ONLY,1.0,linear,temperature_equivalent,K,ESTIMABLE,1.2100117938991275,1.1583341921208983,1.2586666326103142,0.025786165287201405,0.10033244048941592,1000.0,0.0
phoenix,29606,2023-09-25,near_+0.01,0.038509538620710375,0.1385095386207104,BLOCK_RANGE_ONLY,1.0,linear,temperature_minus_equivalent,K,ESTIMABLE,-0.08081609787220989,-0.09548894421137441,-0.0665563547143063,0.0072399355644545945,0.028932589497068104,1000.0,0.0
phoenix,29606,2023-09-25,near_+0.01,0.038509538620710375,0.1385095386207104,BLOCK_RANGE_ONLY,1.0,quadratic,temperature,K,ESTIMABLE,1.192407135457901,1.132926752729325,1.2454902480328036,0.028992286470373146,0.11256349530347864,1000.0,0.0
phoenix,29606,2023-09-25,near_+0.01,0.038509538620710375,0.1385095386207104,BLOCK_RANGE_ONLY,1.0,quadratic,emitted_flux,W/m2,ESTIMABLE,8.775159627538148,8.35808868746482,9.189034571490103,0.21702784967151897,0.830945884025283,1000.0,0.0
phoenix,29606,2023-09-25,near_+0.01,0.038509538620710375,0.1385095386207104,BLOCK_RANGE_ONLY,1.0,quadratic,temperature_equivalent,K,ESTIMABLE,1.3175925379279079,1.2545922649548131,1.380147616082138,0.03279245322247145,0.12555535112732485,1000.0,0.0
phoenix,29606,2023-09-25,near_+0.01,0.038509538620710375,0.1385095386207104,BLOCK_RANGE_ONLY,1.0,quadratic,temperature_minus_equivalent,K,ESTIMABLE,-0.12518540247000698,-0.14443717841380993,-0.10692104052720725,0.00964113533480161,0.037516137886602685,1000.0,0.0
phoenix,29606,2023-09-25,near_+0.01,0.038509538620710375,0.1385095386207104,BLOCK_RANGE_ONLY,1.0,quadratic_minus_linear,temperature,K,ESTIMABLE,0.06321143943098328,0.02547778119735037,0.10241250951365855,0.020242191831054638,0.07693472831630818,1000.0,0.0
phoenix,29606,2023-09-25,near_+0.01,0.038509538620710375,0.1385095386207104,BLOCK_RANGE_ONLY,1.0,quadratic_minus_linear,emitted_flux,W/m2,ESTIMABLE,0.7123520665169476,0.42794521918837375,0.9928512741630819,0.15056400629474515,0.5649060549747082,1000.0,0.0
phoenix,29606,2023-09-25,near_+0.01,0.038509538620710375,0.1385095386207104,BLOCK_RANGE_ONLY,1.0,quadratic_minus_linear,temperature_equivalent,K,ESTIMABLE,0.10758074402878037,0.06462535528788038,0.14989775677698272,0.022747995123684788,0.08527240148910234,1000.0,0.0
phoenix,29606,2023-09-25,near_+0.01,0.038509538620710375,0.1385095386207104,BLOCK_RANGE_ONLY,1.0,quadratic_minus_linear,temperature_minus_equivalent,K,ESTIMABLE,-0.04436930459779709,-0.05747147473395866,-0.032169922598756354,0.006500159113571914,0.025301552135202306,1000.0,0.0
phoenix,29606,2023-09-25,near_+0.01,0.038509538620710375,0.1385095386207104,BLOCK_RANGE_ONLY,8.0,linear,temperature,K,ESTIMABLE,1.1291956960269176,1.056095861712428,1.2068747125713764,0.038959211203846,0.15077885085894827,1000.0,0.0
phoenix,29606,2023-09-25,near_+0.01,0.038509538620710375,0.1385095386207104,BLOCK_RANGE_ONLY,8.0,linear,emitted_flux,W/m2,ESTIMABLE,8.0628075610212,7.521968833820626,8.714570335765064,0.30524799824107757,1.1926015019444378,1000.0,0.0
phoenix,29606,2023-09-25,near_+0.01,0.038509538620710375,0.1385095386207104,BLOCK_RANGE_ONLY,8.0,linear,temperature_equivalent,K,ESTIMABLE,1.2100117938991275,1.1284072037286819,1.3084379188664954,0.04607712399627012,0.18003071513781355,1000.0,0.0
phoenix,29606,2023-09-25,near_+0.01,0.038509538620710375,0.1385095386207104,BLOCK_RANGE_ONLY,8.0,linear,temperature_minus_equivalent,K,ESTIMABLE,-0.08081609787220989,-0.11559214614917242,-0.04931707556351211,0.016601040418973523,0.06627507058566032,1000.0,0.0
phoenix,29606,2023-09-25,near_+0.01,0.038509538620710375,0.1385095386207104,BLOCK_RANGE_ONLY,8.0,quadratic,temperature,K,ESTIMABLE,1.192407135457901,1.0734374056272384,1.3249002908954777,0.06475833291627803,0.25146288526823923,1000.0,0.0
phoenix,29606,2023-09-25,near_+0.01,0.038509538620710375,0.1385095386207104,BLOCK_RANGE_ONLY,8.0,quadratic,emitted_flux,W/m2,ESTIMABLE,8.775159627538148,7.882698805219837,9.847120721251837,0.511806738691832,1.9644219160320002,1000.0,0.0
phoenix,29606,2023-09-25,near_+0.01,0.038509538620710375,0.1385095386207104,BLOCK_RANGE_ONLY,8.0,quadratic,temperature_equivalent,K,ESTIMABLE,1.3175925379279079,1.182828962068487,1.479691169653391,0.07734418392303491,0.2968622075849039,1000.0,0.0
phoenix,29606,2023-09-25,near_+0.01,0.038509538620710375,0.1385095386207104,BLOCK_RANGE_ONLY,8.0,quadratic,temperature_minus_equivalent,K,ESTIMABLE,-0.12518540247000698,-0.17174695720794703,-0.08598645085321582,0.022375711294101593,0.0857605063547312,1000.0,0.0
phoenix,29606,2023-09-25,near_+0.01,0.038509538620710375,0.1385095386207104,BLOCK_RANGE_ONLY,8.0,quadratic_minus_linear,temperature,K,ESTIMABLE,0.06321143943098328,-0.009164678918062424,0.1499191393859666,0.040693540453493264,0.159083818304029,1000.0,0.0
phoenix,29606,2023-09-25,near_+0.01,0.038509538620710375,0.1385095386207104,BLOCK_RANGE_ONLY,8.0,quadratic_minus_linear,emitted_flux,W/m2,ESTIMABLE,0.7123520665169476,0.14234103297265555,1.4369800593003488,0.33237552614880717,1.2946390263276932,1000.0,0.0
phoenix,29606,2023-09-25,near_+0.01,0.038509538620710375,0.1385095386207104,BLOCK_RANGE_ONLY,8.0,quadratic_minus_linear,temperature_equivalent,K,ESTIMABLE,0.10758074402878037,0.021489918480121162,0.21703068867153802,0.050243627502379165,0.19554077019141686,1000.0,0.0
phoenix,29606,2023-09-25,near_+0.01,0.038509538620710375,0.1385095386207104,BLOCK_RANGE_ONLY,8.0,quadratic_minus_linear,temperature_minus_equivalent,K,ESTIMABLE,-0.04436930459779709,-0.07051507956831453,-0.024385325366645595,0.012340064104176362,0.046129754201668934,1000.0,0.0
phoenix,29606,2023-09-25,near_+0.02,0.04850953862071038,0.14850953862071037,BLOCK_RANGE_ONLY,1.0,linear,temperature,K,ESTIMABLE,1.1291956960269174,1.0817068760902768,1.1725724870356409,0.022762722152383452,0.09086561094536405,1000.0,0.0
phoenix,29606,2023-09-25,near_+0.02,0.04850953862071038,0.14850953862071037,BLOCK_RANGE_ONLY,1.0,linear,emitted_flux,W/m2,ESTIMABLE,8.062807561021199,7.7203605605655765,8.385069196982032,0.17083533292428907,0.6647086364164556,1000.0,0.0
phoenix,29606,2023-09-25,near_+0.02,0.04850953862071038,0.14850953862071037,BLOCK_RANGE_ONLY,1.0,linear,temperature_equivalent,K,ESTIMABLE,1.2100117938991275,1.1583341921208983,1.2586666326103142,0.02578616528720149,0.10033244048941592,1000.0,0.0
phoenix,29606,2023-09-25,near_+0.02,0.04850953862071038,0.14850953862071037,BLOCK_RANGE_ONLY,1.0,linear,temperature_minus_equivalent,K,ESTIMABLE,-0.08081609787221011,-0.09548894421137463,-0.06655635471430653,0.007239935564454602,0.028932589497068104,1000.0,0.0
phoenix,29606,2023-09-25,near_+0.02,0.04850953862071038,0.14850953862071037,BLOCK_RANGE_ONLY,1.0,quadratic,temperature,K,ESTIMABLE,1.2162610300022578,1.147578546217414,1.2790174609539737,0.03423440138830461,0.13143891473655978,1000.0,0.0
phoenix,29606,2023-09-25,near_+0.02,0.04850953862071038,0.14850953862071037,BLOCK_RANGE_ONLY,1.0,quadratic,emitted_flux,W/m2,ESTIMABLE,9.043977601406676,8.549720561999655,9.544403534783687,0.25545020344112374,0.9946829727840321,1000.0,0.0
phoenix,29606,2023-09-25,near_+0.02,0.04850953862071038,0.14850953862071037,BLOCK_RANGE_ONLY,1.0,quadratic,temperature_equivalent,K,ESTIMABLE,1.3582187343990881,1.2835343276904623,1.4338897213256188,0.03861328588467135,0.1503553936351565,1000.0,0.0
phoenix,29606,2023-09-25,near_+0.02,0.04850953862071038,0.14850953862071037,BLOCK_RANGE_ONLY,1.0,quadratic,temperature_minus_equivalent,K,ESTIMABLE,-0.1419577043968303,-0.1650789773630955,-0.12019832148350378,0.011351097568706595,0.04488065587959174,1000.0,0.0
phoenix,29606,2023-09-25,near_+0.02,0.04850953862071038,0.14850953862071037,BLOCK_RANGE_ONLY,1.0,quadratic_minus_linear,temperature,K,ESTIMABLE,0.08706533397534044,0.0351867594961119,0.1407789641232592,0.027802297188260505,0.10559220462714729,1000.0,0.0
phoenix,29606,2023-09-25,near_+0.02,0.04850953862071038,0.14850953862071037,BLOCK_RANGE_ONLY,1.0,quadratic_minus_linear,emitted_flux,W/m2,ESTIMABLE,0.9811700403854768,0.5913308141358884,1.364691751258717,0.20623774675687812,0.7733609371228285,1000.0,0.0
phoenix,29606,2023-09-25,near_+0.02,0.04850953862071038,0.14850953862071037,BLOCK_RANGE_ONLY,1.0,quadratic_minus_linear,temperature_equivalent,K,ESTIMABLE,0.14820694049996064,0.0893334206791522,0.20609250768271462,0.03117166655227166,0.11675908700356241,1000.0,0.0
phoenix,29606,2023-09-25,near_+0.02,0.04850953862071038,0.14850953862071037,BLOCK_RANGE_ONLY,1.0,quadratic_minus_linear,temperature_minus_equivalent,K,ESTIMABLE,-0.061141606524620196,-0.07905958504410357,-0.04440279658273964,0.008879878357755453,0.03465678846136393,1000.0,0.0
phoenix,29606,2023-09-25,near_+0.02,0.04850953862071038,0.14850953862071037,BLOCK_RANGE_ONLY,8.0,linear,temperature,K,ESTIMABLE,1.1291956960269174,1.0560958617124279,1.2068747125713761,0.038959211203846,0.15077885085894827,1000.0,0.0
phoenix,29606,2023-09-25,near_+0.02,0.04850953862071038,0.14850953862071037,BLOCK_RANGE_ONLY,8.0,linear,emitted_flux,W/m2,ESTIMABLE,8.062807561021199,7.521968833820625,8.714570335765062,0.30524799824107757,1.192601501944437,1000.0,0.0
phoenix,29606,2023-09-25,near_+0.02,0.04850953862071038,0.14850953862071037,BLOCK_RANGE_ONLY,8.0,linear,temperature_equivalent,K,ESTIMABLE,1.2100117938991275,1.1284072037286819,1.3084379188664954,0.04607712399627012,0.18003071513781355,1000.0,0.0
phoenix,29606,2023-09-25,near_+0.02,0.04850953862071038,0.14850953862071037,BLOCK_RANGE_ONLY,8.0,linear,temperature_minus_equivalent,K,ESTIMABLE,-0.08081609787221011,-0.11559214614917264,-0.04931707556351233,0.01660104041897352,0.06627507058566032,1000.0,0.0
phoenix,29606,2023-09-25,near_+0.02,0.04850953862071038,0.14850953862071037,BLOCK_RANGE_ONLY,8.0,quadratic,temperature,K,ESTIMABLE,1.2162610300022578,1.0756315071989377,1.377200439725484,0.07729105504687803,0.30156893252654626,1000.0,0.0
phoenix,29606,2023-09-25,near_+0.02,0.04850953862071038,0.14850953862071037,BLOCK_RANGE_ONLY,8.0,quadratic,emitted_flux,W/m2,ESTIMABLE,9.043977601406676,7.971008653477565,10.332928124353996,0.6112743010835097,2.3619194708764315,1000.0,0.0
phoenix,29606,2023-09-25,near_+0.02,0.04850953862071038,0.14850953862071037,BLOCK_RANGE_ONLY,8.0,quadratic,temperature_equivalent,K,ESTIMABLE,1.3582187343990881,1.1961562024735712,1.553236385166768,0.09241394105387139,0.35708018269319686,1000.0,0.0
phoenix,29606,2023-09-25,near_+0.02,0.04850953862071038,0.14850953862071037,BLOCK_RANGE_ONLY,8.0,quadratic,temperature_minus_equivalent,K,ESTIMABLE,-0.1419577043968303,-0.19499676765722052,-0.09825177534018918,0.025255543589732324,0.09674499231703133,1000.0,0.0
phoenix,29606,2023-09-25,near_+0.02,0.04850953862071038,0.14850953862071037,BLOCK_RANGE_ONLY,8.0,quadratic_minus_linear,temperature,K,ESTIMABLE,0.08706533397534044,-0.012579166700453445,0.2037781836164307,0.05542951740223442,0.21635735031688416,1000.0,0.0
phoenix,29606,2023-09-25,near_+0.02,0.04850953862071038,0.14850953862071037,BLOCK_RANGE_ONLY,8.0,quadratic_minus_linear,emitted_flux,W/m2,ESTIMABLE,0.9811700403854768,0.19762134220487743,1.938194436067554,0.45037631445709003,1.7405730938626767,1000.0,0.0
phoenix,29606,2023-09-25,near_+0.02,0.04850953862071038,0.14850953862071037,BLOCK_RANGE_ONLY,8.0,quadratic_minus_linear,temperature_equivalent,K,ESTIMABLE,0.14820694049996064,0.029837048020621638,0.2929556471975502,0.06810917708452258,0.26311859917692854,1000.0,0.0
phoenix,29606,2023-09-25,near_+0.02,0.04850953862071038,0.14850953862071037,BLOCK_RANGE_ONLY,8.0,quadratic_minus_linear,temperature_minus_equivalent,K,ESTIMABLE,-0.061141606524620196,-0.09632353163722471,-0.03400401060743808,0.01651598532491783,0.06231952102978663,1000.0,0.0
phoenix,29606,2023-09-25,grid_00,0.0,0.1,BLOCK_RANGE_ONLY,1.0,linear,temperature,K,ESTIMABLE,1.1291956960269176,1.081706876090277,1.1725724870356409,0.02276272215238345,0.09086561094536383,1000.0,0.0
phoenix,29606,2023-09-25,grid_00,0.0,0.1,BLOCK_RANGE_ONLY,1.0,linear,emitted_flux,W/m2,ESTIMABLE,8.0628075610212,7.720360560565577,8.385069196982032,0.17083533292428907,0.6647086364164547,1000.0,0.0
phoenix,29606,2023-09-25,grid_00,0.0,0.1,BLOCK_RANGE_ONLY,1.0,linear,temperature_equivalent,K,ESTIMABLE,1.2100117938991275,1.1583341921208983,1.2586666326103142,0.025786165287201405,0.10033244048941592,1000.0,0.0
phoenix,29606,2023-09-25,grid_00,0.0,0.1,BLOCK_RANGE_ONLY,1.0,linear,temperature_minus_equivalent,K,ESTIMABLE,-0.08081609787220989,-0.09548894421137441,-0.0665563547143063,0.0072399355644545945,0.028932589497068104,1000.0,0.0
phoenix,29606,2023-09-25,grid_00,0.0,0.1,BLOCK_RANGE_ONLY,1.0,quadratic,temperature,K,ESTIMABLE,1.100546888136874,1.0495969453333718,1.1476210879753577,0.025164320293333844,0.09802414264198589,1000.0,0.0
phoenix,29606,2023-09-25,grid_00,0.0,0.1,BLOCK_RANGE_ONLY,1.0,quadratic,emitted_flux,W/m2,ESTIMABLE,7.739954012875026,7.365003848795307,8.099804776290659,0.18774948596771562,0.7348009274953524,1000.0,0.0
phoenix,29606,2023-09-25,grid_00,0.0,0.1,BLOCK_RANGE_ONLY,1.0,quadratic,temperature_equivalent,K,ESTIMABLE,1.1612902895389539,1.1047354217412733,1.2155964570921909,0.028326339444451346,0.11086103535091762,1000.0,0.0
phoenix,29606,2023-09-25,grid_00,0.0,0.1,BLOCK_RANGE_ONLY,1.0,quadratic,temperature_minus_equivalent,K,ESTIMABLE,-0.06074340140207979,-0.07635853593590894,-0.044979455166089415,0.0078032621962753415,0.031379080769819524,1000.0,0.0
phoenix,29606,2023-09-25,grid_00,0.0,0.1,BLOCK_RANGE_ONLY,1.0,quadratic_minus_linear,temperature,K,ESTIMABLE,-0.028648807890043537,-0.04612267384373449,-0.011823760231675879,0.008947289652939472,0.03429891361205861,1000.0,0.0
phoenix,29606,2023-09-25,grid_00,0.0,0.1,BLOCK_RANGE_ONLY,1.0,quadratic_minus_linear,emitted_flux,W/m2,ESTIMABLE,-0.32285354814617406,-0.44708294362611045,-0.20163970553729474,0.06504005175466504,0.2454432380888157,1000.0,0.0
phoenix,29606,2023-09-25,grid_00,0.0,0.1,BLOCK_RANGE_ONLY,1.0,quadratic_minus_linear,temperature_equivalent,K,ESTIMABLE,-0.04872150436017364,-0.06747869201376347,-0.030426042512868894,0.009811863513241391,0.037052649500894576,1000.0,0.0
phoenix,29606,2023-09-25,grid_00,0.0,0.1,BLOCK_RANGE_ONLY,1.0,quadratic_minus_linear,temperature_minus_equivalent,K,ESTIMABLE,0.020072696470130102,0.01476456359745254,0.025467209254028643,0.0027404546650714842,0.010702645656576103,1000.0,0.0
phoenix,29606,2023-09-25,grid_00,0.0,0.1,BLOCK_RANGE_ONLY,8.0,linear,temperature,K,ESTIMABLE,1.1291956960269176,1.056095861712428,1.2068747125713764,0.038959211203846,0.15077885085894827,1000.0,0.0
phoenix,29606,2023-09-25,grid_00,0.0,0.1,BLOCK_RANGE_ONLY,8.0,linear,emitted_flux,W/m2,ESTIMABLE,8.0628075610212,7.521968833820626,8.714570335765064,0.30524799824107757,1.1926015019444378,1000.0,0.0
phoenix,29606,2023-09-25,grid_00,0.0,0.1,BLOCK_RANGE_ONLY,8.0,linear,temperature_equivalent,K,ESTIMABLE,1.2100117938991275,1.1284072037286819,1.3084379188664954,0.04607712399627012,0.18003071513781355,1000.0,0.0
phoenix,29606,2023-09-25,grid_00,0.0,0.1,BLOCK_RANGE_ONLY,8.0,linear,temperature_minus_equivalent,K,ESTIMABLE,-0.08081609787220989,-0.11559214614917242,-0.04931707556351211,0.016601040418973523,0.06627507058566032,1000.0,0.0
phoenix,29606,2023-09-25,grid_00,0.0,0.1,BLOCK_RANGE_ONLY,8.0,quadratic,temperature,K,ESTIMABLE,1.100546888136874,1.0277665624962737,1.1724924190382622,0.037531550395036264,0.14472585654198844,1000.0,0.0
phoenix,29606,2023-09-25,grid_00,0.0,0.1,BLOCK_RANGE_ONLY,8.0,quadratic,emitted_flux,W/m2,ESTIMABLE,7.739954012875026,7.158201663317581,8.321437933345853,0.30540085060941385,1.1632362700282721,1000.0,0.0
phoenix,29606,2023-09-25,grid_00,0.0,0.1,BLOCK_RANGE_ONLY,8.0,quadratic,temperature_equivalent,K,ESTIMABLE,1.1612902895389539,1.0735559065552294,1.249057833616385,0.04607750488033145,0.17550192706115553,1000.0,0.0
phoenix,29606,2023-09-25,grid_00,0.0,0.1,BLOCK_RANGE_ONLY,8.0,quadratic,temperature_minus_equivalent,K,ESTIMABLE,-0.06074340140207979,-0.09464359021919513,-0.027542595708863516,0.017355902012587687,0.06710099451033162,1000.0,0.0
phoenix,29606,2023-09-25,grid_00,0.0,0.1,BLOCK_RANGE_ONLY,8.0,quadratic_minus_linear,temperature,K,ESTIMABLE,-0.028648807890043537,-0.061812956462735616,0.004440114915089947,0.01648970778925815,0.06625307137782556,1000.0,0.0
phoenix,29606,2023-09-25,grid_00,0.0,0.1,BLOCK_RANGE_ONLY,8.0,quadratic_minus_linear,emitted_flux,W/m2,ESTIMABLE,-0.32285354814617406,-0.5719208141607318,-0.06540772800806632,0.1276438842110107,0.5065130861526654,1000.0,0.0
phoenix,29606,2023-09-25,grid_00,0.0,0.1,BLOCK_RANGE_ONLY,8.0,quadratic_minus_linear,temperature_equivalent,K,ESTIMABLE,-0.04872150436017364,-0.08630859437623428,-0.00986903488268212,0.01926221412835634,0.07643955949355216,1000.0,0.0
phoenix,29606,2023-09-25,grid_00,0.0,0.1,BLOCK_RANGE_ONLY,8.0,quadratic_minus_linear,temperature_minus_equivalent,K,ESTIMABLE,0.020072696470130102,0.01197548033121255,0.0281000664338718,0.004153867121654807,0.01612458610265925,1000.0,0.0
phoenix,29606,2023-09-25,grid_01,0.1,0.2,BLOCK_RANGE_ONLY,1.0,linear,temperature,K,ESTIMABLE,1.1291956960269176,1.081706876090277,1.1725724870356409,0.02276272215238345,0.09086561094536383,1000.0,0.0
phoenix,29606,2023-09-25,grid_01,0.1,0.2,BLOCK_RANGE_ONLY,1.0,linear,emitted_flux,W/m2,ESTIMABLE,8.0628075610212,7.720360560565577,8.385069196982032,0.17083533292428907,0.6647086364164547,1000.0,0.0
phoenix,29606,2023-09-25,grid_01,0.1,0.2,BLOCK_RANGE_ONLY,1.0,linear,temperature_equivalent,K,ESTIMABLE,1.2100117938991275,1.1583341921208983,1.2586666326103142,0.025786165287201405,0.10033244048941592,1000.0,0.0
phoenix,29606,2023-09-25,grid_01,0.1,0.2,BLOCK_RANGE_ONLY,1.0,linear,temperature_minus_equivalent,K,ESTIMABLE,-0.08081609787220989,-0.09548894421137441,-0.0665563547143063,0.0072399355644545945,0.028932589497068104,1000.0,0.0
phoenix,29606,2023-09-25,grid_01,0.1,0.2,BLOCK_RANGE_ONLY,1.0,quadratic,temperature,K,ESTIMABLE,1.3390858335804443,1.2110983644792697,1.4697628628620687,0.06848740864987551,0.25866449838279904,1000.0,0.0
phoenix,29606,2023-09-25,grid_01,0.1,0.2,BLOCK_RANGE_ONLY,1.0,quadratic,emitted_flux,W/m2,ESTIMABLE,10.428133751560313,9.475033091664715,11.384597650206329,0.5070802406429508,1.9095645585416143,1000.0,0.0
phoenix,29606,2023-09-25,grid_01,0.1,0.2,BLOCK_RANGE_ONLY,1.0,quadratic,temperature_equivalent,K,ESTIMABLE,1.5676554084094505,1.4233967240620728,1.7126238108273197,0.07680504963128441,0.2892270867652469,1000.0,0.0
phoenix,29606,2023-09-25,grid_01,0.1,0.2,BLOCK_RANGE_ONLY,1.0,quadratic,temperature_minus_equivalent,K,ESTIMABLE,-0.2285695748290062,-0.2742765899596551,-0.18640064293922845,0.022272200086134068,0.08787594702042664,1000.0,0.0
phoenix,29606,2023-09-25,grid_01,0.1,0.2,BLOCK_RANGE_ONLY,1.0,quadratic_minus_linear,temperature,K,ESTIMABLE,0.2098901375535267,0.08506679283689134,0.33807925329641736,0.0667467937186564,0.253012460459526,1000.0,0.0
phoenix,29606,2023-09-25,grid_01,0.1,0.2,BLOCK_RANGE_ONLY,1.0,quadratic_minus_linear,emitted_flux,W/m2,ESTIMABLE,2.365326190539113,1.433638382552211,3.2717894111373163,0.4931717775879326,1.8381510285851053,1000.0,0.0
phoenix,29606,2023-09-25,grid_01,0.1,0.2,BLOCK_RANGE_ONLY,1.0,quadratic_minus_linear,temperature_equivalent,K,ESTIMABLE,0.357643614510323,0.21671440237643794,0.4951064512571065,0.07469066943262657,0.2783920488806686,1000.0,0.0
phoenix,29606,2023-09-25,grid_01,0.1,0.2,BLOCK_RANGE_ONLY,1.0,quadratic_minus_linear,temperature_minus_equivalent,K,ESTIMABLE,-0.1477534769567963,-0.19057096970588847,-0.10746977541894784,0.021206933677898332,0.08310119428694063,1000.0,0.0
phoenix,29606,2023-09-25,grid_01,0.1,0.2,BLOCK_RANGE_ONLY,8.0,linear,temperature,K,ESTIMABLE,1.1291956960269176,1.056095861712428,1.2068747125713764,0.038959211203846,0.15077885085894827,1000.0,0.0
phoenix,29606,2023-09-25,grid_01,0.1,0.2,BLOCK_RANGE_ONLY,8.0,linear,emitted_flux,W/m2,ESTIMABLE,8.0628075610212,7.521968833820626,8.714570335765064,0.30524799824107757,1.1926015019444378,1000.0,0.0
phoenix,29606,2023-09-25,grid_01,0.1,0.2,BLOCK_RANGE_ONLY,8.0,linear,temperature_equivalent,K,ESTIMABLE,1.2100117938991275,1.1284072037286819,1.3084379188664954,0.04607712399627012,0.18003071513781355,1000.0,0.0
phoenix,29606,2023-09-25,grid_01,0.1,0.2,BLOCK_RANGE_ONLY,8.0,linear,temperature_minus_equivalent,K,ESTIMABLE,-0.08081609787220989,-0.11559214614917242,-0.04931707556351211,0.016601040418973523,0.06627507058566032,1000.0,0.0
phoenix,29606,2023-09-25,grid_01,0.1,0.2,BLOCK_RANGE_ONLY,8.0,quadratic,temperature,K,ESTIMABLE,1.3390858335804443,1.0643098535449296,1.6500674088099,0.14845847722201497,0.5857575552649705,1000.0,0.0
phoenix,29606,2023-09-25,grid_01,0.1,0.2,BLOCK_RANGE_ONLY,8.0,quadratic,emitted_flux,W/m2,ESTIMABLE,10.428133751560313,8.277954439578611,12.920526180692702,1.1798695107351937,4.642571741114091,1000.0,0.0
phoenix,29606,2023-09-25,grid_01,0.1,0.2,BLOCK_RANGE_ONLY,8.0,quadratic,temperature_equivalent,K,ESTIMABLE,1.5676554084094505,1.2424920073663372,1.9458421801791912,0.17875765607890418,0.703350172812854,1000.0,0.0
phoenix,29606,2023-09-25,grid_01,0.1,0.2,BLOCK_RANGE_ONLY,8.0,quadratic,temperature_minus_equivalent,K,ESTIMABLE,-0.2285695748290062,-0.31835253068667546,-0.15066924477575855,0.04378743366018287,0.1676832859109169,1000.0,0.0
phoenix,29606,2023-09-25,grid_01,0.1,0.2,BLOCK_RANGE_ONLY,8.0,quadratic_minus_linear,temperature,K,ESTIMABLE,0.2098901375535267,-0.030160521829377562,0.48168568837786974,0.1313972191996632,0.5118462102072473,1000.0,0.0
phoenix,29606,2023-09-25,grid_01,0.1,0.2,BLOCK_RANGE_ONLY,8.0,quadratic_minus_linear,emitted_flux,W/m2,ESTIMABLE,2.365326190539113,0.4822622049605623,4.581971549008592,1.0590879814495764,4.099709344048029,1000.0,0.0
phoenix,29606,2023-09-25,grid_01,0.1,0.2,BLOCK_RANGE_ONLY,8.0,quadratic_minus_linear,temperature_equivalent,K,ESTIMABLE,0.357643614510323,0.07282736195242877,0.6942299405090394,0.16050566852960393,0.6214025785566106,1000.0,0.0
phoenix,29606,2023-09-25,grid_01,0.1,0.2,BLOCK_RANGE_ONLY,8.0,quadratic_minus_linear,temperature_minus_equivalent,K,ESTIMABLE,-0.1477534769567963,-0.2277006687428933,-0.08495409125283801,0.03829927075213086,0.1427465774900553,1000.0,0.0
phoenix,29606,2023-09-25,grid_02,0.2,0.3,BLOCK_RANGE_ONLY,1.0,linear,temperature,K,ESTIMABLE,1.1291956960269172,1.0817068760902768,1.1725724870356407,0.022762722152383445,0.09086561094536383,1000.0,0.0
phoenix,29606,2023-09-25,grid_02,0.2,0.3,BLOCK_RANGE_ONLY,1.0,linear,emitted_flux,W/m2,ESTIMABLE,8.062807561021197,7.720360560565576,8.38506919698203,0.1708353329242891,0.6647086364164547,1000.0,0.0
phoenix,29606,2023-09-25,grid_02,0.2,0.3,BLOCK_RANGE_ONLY,1.0,linear,temperature_equivalent,K,ESTIMABLE,1.2100117938991275,1.1583341921208983,1.2586666326102587,0.025786165287201287,0.10033244048936041,1000.0,0.0
phoenix,29606,2023-09-25,grid_02,0.2,0.3,BLOCK_RANGE_ONLY,1.0,linear,temperature_minus_equivalent,K,ESTIMABLE,-0.08081609787221034,-0.09548894421137485,-0.06655635471430653,0.0072399355644546,0.028932589497068326,1000.0,0.0
phoenix,29606,2023-09-25,grid_02,0.2,0.3,BLOCK_RANGE_ONLY,1.0,quadratic,temperature,K,ESTIMABLE,1.5776247790240139,1.3167488838190984,1.8447693505072913,0.1421031969512291,0.5280204666881929,1000.0,0.0
phoenix,29606,2023-09-25,grid_02,0.2,0.3,BLOCK_RANGE_ONLY,1.0,quadratic,emitted_flux,W/m2,ESTIMABLE,13.116313490245595,11.155551317068504,15.111346543326352,1.049089778190034,3.955795226257848,1000.0,0.0
phoenix,29606,2023-09-25,grid_02,0.2,0.3,BLOCK_RANGE_ONLY,1.0,quadratic,temperature_equivalent,K,ESTIMABLE,1.9756084102084515,1.6778895952342907,2.2794059153052046,0.1595282345742489,0.6015163200709139,1000.0,0.0
phoenix,29606,2023-09-25,grid_02,0.2,0.3,BLOCK_RANGE_ONLY,1.0,quadratic,temperature_minus_equivalent,K,ESTIMABLE,-0.3979836311844376,-0.49072641708045656,-0.312089224223437,0.04583937492657393,0.17863719285701957,1000.0,0.0
phoenix,29606,2023-09-25,grid_02,0.2,0.3,BLOCK_RANGE_ONLY,1.0,quadratic_minus_linear,temperature,K,ESTIMABLE,0.4484290829970967,0.182268519696201,0.7212575816469876,0.14239285889307568,0.5389890619507867,1000.0,0.0
phoenix,29606,2023-09-25,grid_02,0.2,0.3,BLOCK_RANGE_ONLY,1.0,quadratic_minus_linear,emitted_flux,W/m2,ESTIMABLE,5.053505929224398,3.069490044885754,6.980631057996056,1.050611768147094,3.911141013110302,1000.0,0.0
phoenix,29606,2023-09-25,grid_02,0.2,0.3,BLOCK_RANGE_ONLY,1.0,quadratic_minus_linear,temperature_equivalent,K,ESTIMABLE,0.765596616309324,0.46454675670521084,1.0591438249306293,0.15974210227903984,0.5945970682254185,1000.0,0.0
phoenix,29606,2023-09-25,grid_02,0.2,0.3,BLOCK_RANGE_ONLY,1.0,quadratic_minus_linear,temperature_minus_equivalent,K,ESTIMABLE,-0.31716753331222725,-0.40797404848244856,-0.2303333071145933,0.0454128408896376,0.17764074136785526,1000.0,0.0
phoenix,29606,2023-09-25,grid_02,0.2,0.3,BLOCK_RANGE_ONLY,8.0,linear,temperature,K,ESTIMABLE,1.1291956960269172,1.0560958617124276,1.206874712571376,0.03895921120384599,0.15077885085894827,1000.0,0.0
phoenix,29606,2023-09-25,grid_02,0.2,0.3,BLOCK_RANGE_ONLY,8.0,linear,emitted_flux,W/m2,ESTIMABLE,8.062807561021197,7.521968833820624,8.714570335765062,0.3052479982410775,1.1926015019444378,1000.0,0.0
phoenix,29606,2023-09-25,grid_02,0.2,0.3,BLOCK_RANGE_ONLY,8.0,linear,temperature_equivalent,K,ESTIMABLE,1.2100117938991275,1.1284072037286819,1.3084379188664954,0.04607712399627018,0.18003071513781355,1000.0,0.0
phoenix,29606,2023-09-25,grid_02,0.2,0.3,BLOCK_RANGE_ONLY,8.0,linear,temperature_minus_equivalent,K,ESTIMABLE,-0.08081609787221034,-0.11559214614917286,-0.04931707556351233,0.016601040418973558,0.06627507058566054,1000.0,0.0
phoenix,29606,2023-09-25,grid_02,0.2,0.3,BLOCK_RANGE_ONLY,8.0,quadratic,temperature,K,ESTIMABLE,1.5776247790240139,1.0255916357414976,2.1809370389105487,0.2936883118331798,1.155345403169051,1000.0,0.0
phoenix,29606,2023-09-25,grid_02,0.2,0.3,BLOCK_RANGE_ONLY,8.0,quadratic,emitted_flux,W/m2,ESTIMABLE,13.116313490245595,8.833608170844766,18.010741319233635,2.343231009767199,9.177133148388869,1000.0,0.0
phoenix,29606,2023-09-25,grid_02,0.2,0.3,BLOCK_RANGE_ONLY,8.0,quadratic,temperature_equivalent,K,ESTIMABLE,1.9756084102084515,1.3264244673497003,2.72250261432511,0.3565049015880738,1.3960781469754096,1000.0,0.0
phoenix,29606,2023-09-25,grid_02,0.2,0.3,BLOCK_RANGE_ONLY,8.0,quadratic,temperature_minus_equivalent,K,ESTIMABLE,-0.3979836311844376,-0.5736642462902987,-0.2535548226035938,0.08527835812366327,0.32010942368670486,1000.0,0.0
phoenix,29606,2023-09-25,grid_02,0.2,0.3,BLOCK_RANGE_ONLY,8.0,quadratic_minus_linear,temperature,K,ESTIMABLE,0.4484290829970967,-0.06430539965328448,1.0240012028235035,0.2789984781825031,1.088306602476788,1000.0,0.0
phoenix,29606,2023-09-25,grid_02,0.2,0.3,BLOCK_RANGE_ONLY,8.0,quadratic_minus_linear,emitted_flux,W/m2,ESTIMABLE,5.053505929224398,1.0350652972827723,9.732139907543937,2.242065758109684,8.697074610261165,1000.0,0.0
phoenix,29606,2023-09-25,grid_02,0.2,0.3,BLOCK_RANGE_ONLY,8.0,quadratic_minus_linear,temperature_equivalent,K,ESTIMABLE,0.765596616309324,0.15636973471945767,1.480155844648014,0.34121394801902033,1.3237861099285564,1000.0,0.0
phoenix,29606,2023-09-25,grid_02,0.2,0.3,BLOCK_RANGE_ONLY,8.0,quadratic_minus_linear,temperature_minus_equivalent,K,ESTIMABLE,-0.31716753331222725,-0.48740446628107664,-0.1825775807432807,0.08159565071676891,0.3048268855377959,1000.0,0.0
phoenix,29606,2023-09-25,grid_03,0.3,0.4,NO_SPANNING_BLOCKS,,,,,NOT_ESTIMATED_NO_REFERENCE_BLOCKS,,,,,,,
phoenix,29606,2023-09-25,grid_04,0.4,0.5,NO_SPANNING_BLOCKS,,,,,NOT_ESTIMATED_NO_REFERENCE_BLOCKS,,,,,,,
phoenix,29606,2023-09-25,grid_05,0.5,0.6,NO_SPANNING_BLOCKS,,,,,NOT_ESTIMATED_NO_REFERENCE_BLOCKS,,,,,,,
phoenix,29606,2023-09-25,grid_06,0.6,0.7,NO_SPANNING_BLOCKS,,,,,NOT_ESTIMATED_NO_REFERENCE_BLOCKS,,,,,,,
phoenix,29606,2023-09-25,grid_07,0.7,0.8,NO_SPANNING_BLOCKS,,,,,NOT_ESTIMATED_NO_REFERENCE_BLOCKS,,,,,,,
phoenix,29606,2023-09-25,grid_08,0.8,0.9,NO_SPANNING_BLOCKS,,,,,NOT_ESTIMATED_NO_REFERENCE_BLOCKS,,,,,,,
phoenix,29606,2023-09-25,grid_09,0.9,1.0,NO_SPANNING_BLOCKS,,,,,NOT_ESTIMATED_NO_REFERENCE_BLOCKS,,,,,,,
